season,week,team,player_id,qb_name,dropbacks,passing_epa
2003,1,Arizona Cardinals,00-0001335,Jeff Blake,48,-1.3031956991757
2003,1,Atlanta Falcons,00-0019087,Doug Johnson,29,10.018946078957
2003,1,Baltimore Ravens,00-0022164,Kyle Boller,45,-14.8090479527018
2003,1,Buffalo Bills,00-0001361,Drew Bledsoe,30,9.46014005001592
2003,1,Carolina Panthers,00-0004161,Jake Delhomme,21,4.62000550773209
2003,1,Carolina Panthers,00-0012732,Rodney Peete,13,-11.9382193851634
2003,1,Chicago Bears,00-0015700,Kordell Stewart,39,-30.9656834019697
2003,1,Cincinnati Bengals,00-0009311,Jon Kitna,41,-15.3190797831921
2003,1,Cleveland Browns,00-0007576,Kelly Holcomb,29,-0.0700480548451536
2003,1,Dallas Cowboys,00-0020404,Quincy Carter,35,0.47153806322074
2003,1,Denver Broncos,00-0001218,Steve Beuerlein,1,-0.337178763467819
2003,1,Denver Broncos,00-0013042,Jake Plummer,25,-13.6147197041532
2003,1,Detroit Lions,00-0021141,Joey Harrington,30,9.66873979580123
2003,1,Green Bay Packers,00-0005106,Brett Favre,42,1.34481404568143
2003,1,Houston Texans,00-0020608,David Carr,31,10.5649418480499
2003,1,Indianapolis Colts,00-0010346,Peyton Manning,44,-2.48038377441885
2003,1,Jacksonville Jaguars,00-0002110,Mark Brunell,31,12.4771073886518
2003,1,Kansas City Chiefs,00-0006355,Trent Green,35,4.61870459619168
2003,1,Las Vegas Raiders,00-0005741,Rich Gannon,42,7.92464444342853
2003,1,Las Vegas Raiders,00-0020405,Marques Tuiasosopo,1,-0.904933193931356
2003,1,Los Angeles Chargers,00-0020531,Drew Brees,36,-4.31980419292813
2003,1,Los Angeles Rams,00-0017200,Kurt Warner,60,-19.370914550626
2003,1,Miami Dolphins,00-0005180,Jay Fiedler,34,3.58280658257729
2003,1,Minnesota Vikings,00-0003739,Daunte Culpepper,32,14.5862631157
2003,1,New England Patriots,00-0019596,Tom Brady,31,-23.6521683389437
2003,1,New England Patriots,00-0021238,Rohan Davey,6,-0.545943465956952
2003,1,New Orleans Saints,00-0001823,Aaron Brooks,50,-3.51168628261075
2003,1,New York Giants,00-0003292,Kerry Collins,28,-2.84950132763122
2003,1,New York Jets,00-0016193,Vinny Testaverde,25,-5.1885988907015
2003,1,Philadelphia Eagles,00-0004229,Koy Detmer,1,-3.00561854767147
2003,1,Philadelphia Eagles,00-0011022,Donovan McNabb,39,-16.2073496105149
2003,1,Pittsburgh Steelers,00-0010261,Tommy Maddox,31,15.3099240854993
2003,1,San Francisco 49ers,00-0005755,Jeff Garcia,35,4.9650163466373
2003,1,Seattle Seahawks,00-0007091,Matt Hasselbeck,26,-2.43724938187803
2003,1,Tampa Bay Buccaneers,00-0008442,Brad Johnson,36,11.4261181234629
2003,1,Tennessee Titans,00-0011024,Steve McNair,39,8.16820634907672
2003,1,Washington Commanders,00-0021379,Patrick Ramsey,27,-4.60610119194944
2003,2,Arizona Cardinals,00-0001335,Jeff Blake,14,-2.18723911279812
2003,2,Arizona Cardinals,00-0021206,Josh McCown,34,-8.54425305124287
2003,2,Atlanta Falcons,00-0019087,Doug Johnson,38,-11.0821065161974
2003,2,Baltimore Ravens,00-0019709,Chris Redman,2,-6.71149082751711
2003,2,Baltimore Ravens,00-0022164,Kyle Boller,20,-11.8089067322454
2003,2,Buffalo Bills,00-0001361,Drew Bledsoe,25,29.3801187402569
2003,2,Buffalo Bills,00-0016838,Alex Van Pelt,2,0.609481463775731
2003,2,Carolina Panthers,00-0004161,Jake Delhomme,24,-10.6921693675246
2003,2,Chicago Bears,00-0002876,Chris Chandler,2,-3.10837184207048
2003,2,Chicago Bears,00-0015700,Kordell Stewart,24,-0.387927807651168
2003,2,Cincinnati Bengals,00-0009311,Jon Kitna,43,4.99032348978366
2003,2,Cleveland Browns,00-0007576,Kelly Holcomb,40,-15.4412375822154
2003,2,Dallas Cowboys,00-0020404,Quincy Carter,44,0.0804140609318549
2003,2,Denver Broncos,00-0001218,Steve Beuerlein,17,0.0545355762479483
2003,2,Denver Broncos,00-0013042,Jake Plummer,13,8.2527883159928
2003,2,Detroit Lions,00-0021141,Joey Harrington,56,-26.3383592419325
2003,2,Green Bay Packers,00-0005106,Brett Favre,28,0.166345285959707
2003,2,Houston Texans,00-0020608,David Carr,41,-17.7381249648752
2003,2,Indianapolis Colts,00-0010346,Peyton Manning,22,3.88657410185537
2003,2,Jacksonville Jaguars,00-0002110,Mark Brunell,35,-15.1343393163552
2003,2,Jacksonville Jaguars,00-0022177,Byron Leftwich,8,8.21999655256514
2003,2,Kansas City Chiefs,00-0006355,Trent Green,22,-3.60047939314973
2003,2,Las Vegas Raiders,00-0005741,Rich Gannon,28,-7.48203972607307
2003,2,Los Angeles Chargers,00-0020531,Drew Brees,41,-8.4681396533588
2003,2,Los Angeles Rams,00-0019599,Marc Bulger,41,-5.8344393441301
2003,2,Miami Dolphins,00-0005180,Jay Fiedler,20,8.68077742872993
2003,2,Minnesota Vikings,00-0003739,Daunte Culpepper,29,4.73858878788638
2003,2,New England Patriots,00-0019596,Tom Brady,46,6.63995916833638
2003,2,New Orleans Saints,00-0001823,Aaron Brooks,29,4.61725779382916
2003,2,New York Giants,00-0003292,Kerry Collins,53,-3.41529550292762
2003,2,New York Jets,00-0016193,Vinny Testaverde,46,6.25407430860557
2003,2,Philadelphia Eagles,00-0004229,Koy Detmer,2,-0.0245525378268212
2003,2,Philadelphia Eagles,00-0011022,Donovan McNabb,53,-33.4043380133459
2003,2,Pittsburgh Steelers,00-0010261,Tommy Maddox,51,-9.0012853293195
2003,2,San Francisco 49ers,00-0005755,Jeff Garcia,36,-2.01216467053201
2003,2,San Francisco 49ers,00-0019623,Tim Rattay,2,0.292547836201265
2003,2,Seattle Seahawks,00-0004293,Trent Dilfer,2,0.0069526666775345
2003,2,Seattle Seahawks,00-0007091,Matt Hasselbeck,20,11.0881552132917
2003,2,Tampa Bay Buccaneers,00-0008442,Brad Johnson,62,-2.31918804551955
2003,2,Tennessee Titans,00-0011024,Steve McNair,27,-8.19704715604894
2003,2,Tennessee Titans,00-0019041,Billy Volek,11,-9.42692228790838
2003,2,Washington Commanders,00-0021379,Patrick Ramsey,45,1.87347653851566
2003,3,Arizona Cardinals,00-0001335,Jeff Blake,31,9.47226687845996
2003,3,Atlanta Falcons,00-0019087,Doug Johnson,21,-13.0086955360491
2003,3,Atlanta Falcons,00-0021271,Kurt Kittner,12,-5.20131337887142
2003,3,Baltimore Ravens,00-0022164,Kyle Boller,22,0.649576920831763
2003,3,Buffalo Bills,00-0001361,Drew Bledsoe,29,-17.1800925565185
2003,3,Cincinnati Bengals,00-0009311,Jon Kitna,28,-6.32152318910485
2003,3,Cleveland Browns,00-0007576,Kelly Holcomb,41,7.11386783783668
2003,3,Denver Broncos,00-0013042,Jake Plummer,23,12.4825894219846
2003,3,Detroit Lions,00-0020308,Mike McMahon,1,-2.07199844921706
2003,3,Detroit Lions,00-0021141,Joey Harrington,43,-5.40975172323167
2003,3,Green Bay Packers,00-0005106,Brett Favre,33,7.39181338644271
2003,3,Houston Texans,00-0000722,Tony Banks,11,5.27804078938789
2003,3,Houston Texans,00-0020608,David Carr,28,-7.96214351593517
2003,3,Indianapolis Colts,00-0010346,Peyton Manning,33,4.76436127421065
2003,3,Jacksonville Jaguars,00-0002110,Mark Brunell,25,-4.74450161149823
2003,3,Jacksonville Jaguars,00-0022177,Byron Leftwich,5,4.01540069619659
2003,3,Kansas City Chiefs,00-0006355,Trent Green,29,7.31537373876199
2003,3,Las Vegas Raiders,00-0005741,Rich Gannon,34,-9.95913370081159
2003,3,Las Vegas Raiders,00-0020405,Marques Tuiasosopo,5,-1.0578814187902
2003,3,Los Angeles Chargers,00-0020531,Drew Brees,46,-7.01198382490873
2003,3,Los Angeles Rams,00-0019599,Marc Bulger,34,7.10168074570648
2003,3,Miami Dolphins,00-0005180,Jay Fiedler,29,-11.8503864756571
2003,3,Minnesota Vikings,00-0003739,Daunte Culpepper,14,2.44082216636722
2003,3,Minnesota Vikings,00-0005589,Gus Frerotte,20,8.02410309101871
2003,3,New England Patriots,00-0019596,Tom Brady,30,-8.17639614233353
2003,3,New Orleans Saints,00-0001823,Aaron Brooks,26,3.39847563574578
2003,3,New York Giants,00-0003292,Kerry Collins,40,10.9526800987788
2003,3,New York Jets,00-0016193,Vinny Testaverde,43,-8.431718595447
2003,3,Pittsburgh Steelers,00-0010261,Tommy Maddox,35,10.8041622342795
2003,3,San Francisco 49ers,00-0005755,Jeff Garcia,37,1.43063377741346
2003,3,Seattle Seahawks,00-0007091,Matt Hasselbeck,43,-1.9545040568078
2003,3,Tampa Bay Buccaneers,00-0008442,Brad Johnson,24,7.8056540522849
2003,3,Tampa Bay Buccaneers,00-0009266,Shaun King,1,-1.24380023428239
2003,3,Tennessee Titans,00-0011024,Steve McNair,35,9.24830584604032
2003,3,Washington Commanders,00-0021379,Patrick Ramsey,48,9.80415674406864
2003,4,Arizona Cardinals,00-0001335,Jeff Blake,18,-12.8282467595562
2003,4,Arizona Cardinals,00-0021206,Josh McCown,4,-0.901035977178253
2003,4,Atlanta Falcons,00-0019087,Doug Johnson,29,-11.419009296714
2003,4,Baltimore Ravens,00-0022164,Kyle Boller,29,-9.80938082056799
2003,4,Buffalo Bills,00-0001361,Drew Bledsoe,45,7.86462220131065
2003,4,Carolina Panthers,00-0004161,Jake Delhomme,27,6.80536514747655
2003,4,Chicago Bears,00-0015700,Kordell Stewart,49,-14.281525406212
2003,4,Cincinnati Bengals,00-0009311,Jon Kitna,31,15.297082404024
2003,4,Cleveland Browns,00-0003535,Tim Couch,38,6.03045394783417
2003,4,Dallas Cowboys,00-0020404,Quincy Carter,25,2.65675842989003
2003,4,Denver Broncos,00-0013042,Jake Plummer,37,8.63408625504975
2003,4,Detroit Lions,00-0021141,Joey Harrington,34,1.30756106565241
2003,4,Green Bay Packers,00-0005106,Brett Favre,30,9.26780892298931
2003,4,Green Bay Packers,00-0012726,Doug Pederson,1,-1.24043106893078
2003,4,Houston Texans,00-0020608,David Carr,37,5.72493951993504
2003,4,Indianapolis Colts,00-0007834,Brock Huard,2,0.571247132611461
2003,4,Indianapolis Colts,00-0010346,Peyton Manning,26,27.3732671760698
2003,4,Jacksonville Jaguars,00-0022177,Byron Leftwich,36,0.971835466296031
2003,4,Kansas City Chiefs,00-0006355,Trent Green,31,-2.01683172596367
2003,4,Las Vegas Raiders,00-0005741,Rich Gannon,46,8.26790689240554
2003,4,Los Angeles Chargers,00-0020531,Drew Brees,31,-0.313026615484651
2003,4,Los Angeles Rams,00-0019599,Marc Bulger,43,15.9725702064378
2003,4,Minnesota Vikings,00-0005589,Gus Frerotte,23,17.3194544701837
2003,4,New England Patriots,00-0019596,Tom Brady,39,8.56669271881655
2003,4,New Orleans Saints,00-0001545,Todd Bouman,8,5.54787256724387
2003,4,New Orleans Saints,00-0001823,Aaron Brooks,30,-22.5771303303601
2003,4,New York Jets,00-0016193,Vinny Testaverde,29,2.35530215785357
2003,4,Philadelphia Eagles,00-0011022,Donovan McNabb,31,5.06735665504914
2003,4,Pittsburgh Steelers,00-0010261,Tommy Maddox,50,-10.1204161496185
2003,4,San Francisco 49ers,00-0005755,Jeff Garcia,25,-12.863693160587
2003,4,San Francisco 49ers,00-0019623,Tim Rattay,20,5.94966828078032
2003,4,Tennessee Titans,00-0011024,Steve McNair,17,13.8250115792616
2003,4,Washington Commanders,00-0021379,Patrick Ramsey,24,-1.42735407161967
2003,5,Arizona Cardinals,00-0001335,Jeff Blake,31,-10.6813386737485
2003,5,Atlanta Falcons,00-0019087,Doug Johnson,42,-3.63872695609082
2003,5,Buffalo Bills,00-0001361,Drew Bledsoe,39,-0.201374426803385
2003,5,Carolina Panthers,00-0004161,Jake Delhomme,23,4.61618619884627
2003,5,Chicago Bears,00-0015700,Kordell Stewart,26,-10.7035335470364
2003,5,Cincinnati Bengals,00-0009311,Jon Kitna,45,-0.0619409150384125
2003,5,Cleveland Browns,00-0003535,Tim Couch,26,10.9874778385992
2003,5,Dallas Cowboys,00-0020404,Quincy Carter,32,4.78875056334845
2003,5,Denver Broncos,00-0013042,Jake Plummer,38,2.93422368570521
2003,5,Detroit Lions,00-0021141,Joey Harrington,35,-7.44363062701331
2003,5,Green Bay Packers,00-0005106,Brett Favre,26,11.2456183254835
2003,5,Indianapolis Colts,00-0010346,Peyton Manning,48,17.5646188245737
2003,5,Jacksonville Jaguars,00-0022177,Byron Leftwich,31,16.9625203437872
2003,5,Kansas City Chiefs,00-0006355,Trent Green,28,-2.9855049024336
2003,5,Las Vegas Raiders,00-0005741,Rich Gannon,35,-12.0490466616101
2003,5,Los Angeles Chargers,00-0020531,Drew Brees,45,12.438032645674
2003,5,Miami Dolphins,00-0005180,Jay Fiedler,28,-1.59892607900374
2003,5,Minnesota Vikings,00-0005589,Gus Frerotte,26,6.07005202647403
2003,5,New England Patriots,00-0019596,Tom Brady,34,6.39952046529037
2003,5,New Orleans Saints,00-0001823,Aaron Brooks,31,4.81028329295062
2003,5,New York Giants,00-0003292,Kerry Collins,44,-7.64699795685016
2003,5,Philadelphia Eagles,00-0011022,Donovan McNabb,33,-7.25594690996025
2003,5,Pittsburgh Steelers,00-0000865,Charlie Batch,6,-3.14513203280512
2003,5,Pittsburgh Steelers,00-0010261,Tommy Maddox,27,-17.9951361924388
2003,5,San Francisco 49ers,00-0005755,Jeff Garcia,29,4.75449334727845
2003,5,Seattle Seahawks,00-0007091,Matt Hasselbeck,41,-1.60192796189888
2003,5,Tampa Bay Buccaneers,00-0008442,Brad Johnson,39,20.3712942111874
2003,5,Tennessee Titans,00-0011024,Steve McNair,47,6.38896020938075
2003,5,Washington Commanders,00-0021379,Patrick Ramsey,52,-9.80032457733646
2003,6,Arizona Cardinals,00-0001335,Jeff Blake,38,-14.2883438727004
2003,6,Atlanta Falcons,00-0019087,Doug Johnson,25,-7.88898249911714
2003,6,Atlanta Falcons,00-0021271,Kurt Kittner,5,-8.73870587028796
2003,6,Baltimore Ravens,00-0022164,Kyle Boller,19,-0.170108963652085
2003,6,Buffalo Bills,00-0001361,Drew Bledsoe,47,-10.4031805450051
2003,6,Buffalo Bills,00-0016838,Alex Van Pelt,1,-3.25877617526567
2003,6,Carolina Panthers,00-0004161,Jake Delhomme,23,3.73458410528828
2003,6,Chicago Bears,00-0015700,Kordell Stewart,24,-1.08503733027033
2003,6,Cleveland Browns,00-0003535,Tim Couch,28,-4.69618934082515
2003,6,Dallas Cowboys,00-0020404,Quincy Carter,26,-3.61015424269607
2003,6,Denver Broncos,00-0001218,Steve Beuerlein,30,-6.97786378841968
2003,6,Green Bay Packers,00-0005106,Brett Favre,39,1.9080183914524
2003,6,Houston Texans,00-0020608,David Carr,43,-2.81551958337152
2003,6,Indianapolis Colts,00-0010346,Peyton Manning,34,8.0507912043908
2003,6,Jacksonville Jaguars,00-0022177,Byron Leftwich,46,-13.814759460045
2003,6,Kansas City Chiefs,00-0006355,Trent Green,45,20.1836436338298
2003,6,Las Vegas Raiders,00-0005741,Rich Gannon,34,-1.39381287025753
2003,6,Los Angeles Rams,00-0019599,Marc Bulger,34,19.9046176333302
2003,6,Miami Dolphins,00-0005180,Jay Fiedler,28,0.0188060328400979
2003,6,New England Patriots,00-0019596,Tom Brady,23,-3.92734184481791
2003,6,New Orleans Saints,00-0001823,Aaron Brooks,29,5.00211914140182
2003,6,New York Giants,00-0003292,Kerry Collins,61,-8.92522832224039
2003,6,New York Jets,00-0016193,Vinny Testaverde,19,2.84153419218686
2003,6,Philadelphia Eagles,00-0011022,Donovan McNabb,29,-6.77120001718868
2003,6,Pittsburgh Steelers,00-0010261,Tommy Maddox,37,-4.66332881574174
2003,6,San Francisco 49ers,00-0005755,Jeff Garcia,31,1.6481733150169
2003,6,Seattle Seahawks,00-0007091,Matt Hasselbeck,31,1.65660167348828
2003,6,Tampa Bay Buccaneers,00-0008442,Brad Johnson,30,22.1431089871912
2003,6,Tennessee Titans,00-0011024,Steve McNair,28,28.0041218856058
2003,6,Washington Commanders,00-0008612,Rob Johnson,6,-1.54016301978845
2003,6,Washington Commanders,00-0021379,Patrick Ramsey,36,-5.11502520483361
2003,7,Atlanta Falcons,00-0021271,Kurt Kittner,30,-8.69101633230546
2003,7,Baltimore Ravens,00-0022164,Kyle Boller,30,11.627886007902
2003,7,Buffalo Bills,00-0001361,Drew Bledsoe,27,8.81946498760954
2003,7,Carolina Panthers,00-0004161,Jake Delhomme,53,0.0686202279757708
2003,7,Chicago Bears,00-0002876,Chris Chandler,37,-7.26074662308401
2003,7,Cincinnati Bengals,00-0009311,Jon Kitna,31,10.8559610686448
2003,7,Cleveland Browns,00-0003535,Tim Couch,27,-26.630518344217
2003,7,Cleveland Browns,00-0007576,Kelly Holcomb,19,2.73352825042093
2003,7,Dallas Cowboys,00-0020404,Quincy Carter,26,12.5802655235166
2003,7,Dallas Cowboys,00-0020562,Chad Hutchinson,2,-1.51262829080224
2003,7,Denver Broncos,00-0001218,Steve Beuerlein,24,-15.6516157637499
2003,7,Denver Broncos,00-0009007,Danny Kanell,18,3.28997222028857
2003,7,Detroit Lions,00-0020308,Mike McMahon,20,-10.3425731440657
2003,7,Detroit Lions,00-0021141,Joey Harrington,14,-18.7039711967809
2003,7,Green Bay Packers,00-0005106,Brett Favre,33,3.52037543272072
2003,7,Houston Texans,00-0020608,David Carr,25,0.0205133717972785
2003,7,Kansas City Chiefs,00-0006355,Trent Green,24,-3.4022479362002
2003,7,Las Vegas Raiders,00-0005741,Rich Gannon,22,-10.9258106744965
2003,7,Las Vegas Raiders,00-0020405,Marques Tuiasosopo,29,0.195034512781789
2003,7,Los Angeles Chargers,00-0020531,Drew Brees,19,-11.402848058015
2003,7,Los Angeles Rams,00-0019599,Marc Bulger,36,1.84911574388389
2003,7,Miami Dolphins,00-0005180,Jay Fiedler,36,0.119734123179291
2003,7,Minnesota Vikings,00-0003739,Daunte Culpepper,28,7.47610981203616
2003,7,New England Patriots,00-0019596,Tom Brady,35,13.3408009236495
2003,7,New Orleans Saints,00-0001545,Todd Bouman,1,-0.575482174754143
2003,7,New Orleans Saints,00-0001823,Aaron Brooks,33,24.6619246588089
2003,7,New York Giants,00-0003292,Kerry Collins,39,-3.66499095945733
2003,7,New York Jets,00-0016193,Vinny Testaverde,31,-3.33724117558811
2003,7,Philadelphia Eagles,00-0011022,Donovan McNabb,26,-8.00063176505501
2003,7,San Francisco 49ers,00-0005755,Jeff Garcia,30,5.30117433700763
2003,7,Seattle Seahawks,00-0007091,Matt Hasselbeck,29,3.42508635696784
2003,7,Tampa Bay Buccaneers,00-0008442,Brad Johnson,36,-6.19822386559099
2003,7,Tampa Bay Buccaneers,00-0009266,Shaun King,7,-1.40909796691267
2003,7,Tennessee Titans,00-0011024,Steve McNair,25,4.1701954586032
2003,7,Tennessee Titans,00-0019041,Billy Volek,2,6.15140890982002
2003,7,Washington Commanders,00-0008612,Rob Johnson,4,-2.5220107245259
2003,7,Washington Commanders,00-0021379,Patrick Ramsey,27,0.120936304185307
2003,8,Arizona Cardinals,00-0001335,Jeff Blake,25,-4.73494651693734
2003,8,Baltimore Ravens,00-0022164,Kyle Boller,29,-3.955680307303
2003,8,Buffalo Bills,00-0001361,Drew Bledsoe,37,-15.096764826806
2003,8,Buffalo Bills,00-0016838,Alex Van Pelt,4,-5.13925806531915
2003,8,Carolina Panthers,00-0004161,Jake Delhomme,28,0.42681825758824
2003,8,Chicago Bears,00-0002876,Chris Chandler,33,5.8339421021252
2003,8,Cincinnati Bengals,00-0009311,Jon Kitna,33,8.0128860596137
2003,8,Cleveland Browns,00-0003535,Tim Couch,12,-6.26704162918031
2003,8,Cleveland Browns,00-0007576,Kelly Holcomb,28,-3.19360335522072
2003,8,Dallas Cowboys,00-0020404,Quincy Carter,29,-10.549310321454
2003,8,Denver Broncos,00-0009007,Danny Kanell,33,-20.4845193032771
2003,8,Detroit Lions,00-0021141,Joey Harrington,41,-8.02279825761775
2003,8,Houston Texans,00-0000722,Tony Banks,18,-1.21541285573039
2003,8,Houston Texans,00-0020608,David Carr,10,2.55182389105903
2003,8,Indianapolis Colts,00-0010346,Peyton Manning,30,14.1550834146961
2003,8,Jacksonville Jaguars,00-0021231,David Garrard,12,6.55294881481677
2003,8,Jacksonville Jaguars,00-0022177,Byron Leftwich,29,-15.7124520875514
2003,8,Kansas City Chiefs,00-0003315,Todd Collins,2,-1.1682472936227
2003,8,Kansas City Chiefs,00-0006355,Trent Green,35,8.93762328862795
2003,8,Los Angeles Chargers,00-0020531,Drew Brees,36,-15.9690219089389
2003,8,Los Angeles Rams,00-0019599,Marc Bulger,39,14.8767081477279
2003,8,Miami Dolphins,00-0006423,Brian Griese,30,7.46417214216838
2003,8,Minnesota Vikings,00-0003739,Daunte Culpepper,35,-3.53927191674409
2003,8,New England Patriots,00-0019596,Tom Brady,34,0.374396384779754
2003,8,New Orleans Saints,00-0001823,Aaron Brooks,36,-6.44926349286494
2003,8,New York Giants,00-0003292,Kerry Collins,40,15.0545718590941
2003,8,New York Jets,00-0016193,Vinny Testaverde,11,7.34407399114713
2003,8,New York Jets,00-0019559,Chad Pennington,26,-0.727493091820631
2003,8,Philadelphia Eagles,00-0011022,Donovan McNabb,28,-0.568222209937963
2003,8,Pittsburgh Steelers,00-0010261,Tommy Maddox,30,-13.9653363050311
2003,8,San Francisco 49ers,00-0005755,Jeff Garcia,26,4.40335478750891
2003,8,San Francisco 49ers,00-0019623,Tim Rattay,4,-3.52440584497526
2003,8,Seattle Seahawks,00-0007091,Matt Hasselbeck,45,11.901051543985
2003,8,Tampa Bay Buccaneers,00-0008442,Brad Johnson,28,-2.26816800921019
2003,8,Tennessee Titans,00-0011024,Steve McNair,27,8.81616578892028
2003,9,Arizona Cardinals,00-0001335,Jeff Blake,30,3.36887690283268
2003,9,Atlanta Falcons,00-0019087,Doug Johnson,11,-2.36611835845993
2003,9,Atlanta Falcons,00-0021271,Kurt Kittner,20,-9.39625828802449
2003,9,Baltimore Ravens,00-0022164,Kyle Boller,23,-0.273364968669883
2003,9,Carolina Panthers,00-0004161,Jake Delhomme,23,4.26304703058388
2003,9,Chicago Bears,00-0002876,Chris Chandler,32,-1.14053763620954
2003,9,Cincinnati Bengals,00-0009311,Jon Kitna,39,-2.03159359810525
2003,9,Dallas Cowboys,00-0020404,Quincy Carter,34,-0.605863710865378
2003,9,Denver Broncos,00-0009007,Danny Kanell,35,-3.09122719259528
2003,9,Detroit Lions,00-0021141,Joey Harrington,21,-4.27019331823225
2003,9,Green Bay Packers,00-0005106,Brett Favre,29,8.03264624604236
2003,9,Houston Texans,00-0000722,Tony Banks,21,8.59650823046104
2003,9,Indianapolis Colts,00-0010346,Peyton Manning,41,5.55921030929049
2003,9,Jacksonville Jaguars,00-0022177,Byron Leftwich,38,-2.60882105651715
2003,9,Las Vegas Raiders,00-0011378,Rick Mirer,30,-5.87294173997819
2003,9,Las Vegas Raiders,00-0020405,Marques Tuiasosopo,12,-1.26042089238763
2003,9,Los Angeles Chargers,00-0005363,Doug Flutie,11,1.48680916812737
2003,9,Los Angeles Chargers,00-0020531,Drew Brees,15,-4.55662974982988
2003,9,Los Angeles Rams,00-0019599,Marc Bulger,47,-2.30588295074363
2003,9,Miami Dolphins,00-0006423,Brian Griese,34,-11.03344484399
2003,9,Minnesota Vikings,00-0003739,Daunte Culpepper,36,4.07110764374001
2003,9,New England Patriots,00-0019596,Tom Brady,35,20.1775217319481
2003,9,New Orleans Saints,00-0001823,Aaron Brooks,30,-5.43904525291826
2003,9,New York Giants,00-0003292,Kerry Collins,41,13.4350174152821
2003,9,New York Jets,00-0019559,Chad Pennington,48,8.00663196015963
2003,9,Philadelphia Eagles,00-0011022,Donovan McNabb,35,11.1003384911544
2003,9,Pittsburgh Steelers,00-0010261,Tommy Maddox,37,5.36033579822132
2003,9,San Francisco 49ers,00-0019623,Tim Rattay,30,10.682462722834
2003,9,Seattle Seahawks,00-0007091,Matt Hasselbeck,36,3.97651647974941
2003,9,Tampa Bay Buccaneers,00-0008442,Brad Johnson,50,-7.49673997704097
2003,9,Washington Commanders,00-0019816,Tim Hasselbeck,3,0.632080355309881
2003,9,Washington Commanders,00-0021379,Patrick Ramsey,34,-7.92411731435265
2003,10,Arizona Cardinals,00-0001335,Jeff Blake,48,-2.26403255802581
2003,10,Atlanta Falcons,00-0021271,Kurt Kittner,24,-3.63097664399538
2003,10,Baltimore Ravens,00-0019709,Chris Redman,17,-13.1992839880404
2003,10,Baltimore Ravens,00-0022164,Kyle Boller,23,-11.9829434938887
2003,10,Buffalo Bills,00-0001361,Drew Bledsoe,37,-19.7184440220866
2003,10,Carolina Panthers,00-0004161,Jake Delhomme,34,1.25050204113411
2003,10,Chicago Bears,00-0002876,Chris Chandler,30,-0.0894183888053206
2003,10,Cincinnati Bengals,00-0009311,Jon Kitna,26,10.2712303054868
2003,10,Cleveland Browns,00-0007576,Kelly Holcomb,30,-5.21909449772306
2003,10,Dallas Cowboys,00-0020404,Quincy Carter,33,-8.46719485719223
2003,10,Detroit Lions,00-0021141,Joey Harrington,39,1.21045459729794
2003,10,Green Bay Packers,00-0005106,Brett Favre,26,-13.9660485906934
2003,10,Houston Texans,00-0020608,David Carr,27,-1.7476049006148
2003,10,Indianapolis Colts,00-0010346,Peyton Manning,45,18.4126196555961
2003,10,Jacksonville Jaguars,00-0022177,Byron Leftwich,22,7.853923195682
2003,10,Kansas City Chiefs,00-0006355,Trent Green,45,24.8611654207052
2003,10,Las Vegas Raiders,00-0011378,Rick Mirer,25,12.3826385935459
2003,10,Los Angeles Chargers,00-0005363,Doug Flutie,31,16.3114183997677
2003,10,Los Angeles Rams,00-0019599,Marc Bulger,30,-17.227766381589
2003,10,Miami Dolphins,00-0006423,Brian Griese,31,-27.2297010108596
2003,10,Miami Dolphins,00-0020480,Sage Rosenfels,6,3.8492743303068
2003,10,Minnesota Vikings,00-0003739,Daunte Culpepper,47,19.5199641925574
2003,10,New York Giants,00-0003292,Kerry Collins,42,-12.8947711533983
2003,10,New York Giants,00-0020483,Jesse Palmer,5,-1.76623903267318
2003,10,New York Jets,00-0019559,Chad Pennington,27,11.0367467542592
2003,10,Philadelphia Eagles,00-0011022,Donovan McNabb,32,-0.30300470259145
2003,10,Pittsburgh Steelers,00-0010261,Tommy Maddox,25,4.90564378119274
2003,10,Seattle Seahawks,00-0007091,Matt Hasselbeck,32,10.289264495774
2003,10,Tampa Bay Buccaneers,00-0008442,Brad Johnson,46,1.6174384656924
2003,10,Tennessee Titans,00-0011024,Steve McNair,23,13.3551416323171
2003,10,Tennessee Titans,00-0019041,Billy Volek,2,1.16523059445899
2003,10,Washington Commanders,00-0021379,Patrick Ramsey,32,3.30996647271072
2003,11,Arizona Cardinals,00-0001335,Jeff Blake,22,-3.99982166337574
2003,11,Arizona Cardinals,00-0021206,Josh McCown,11,-8.9141179570579
2003,11,Atlanta Falcons,00-0021271,Kurt Kittner,28,-19.2327423696165
2003,11,Baltimore Ravens,00-0018272,Anthony Wright,28,-8.40361931708148
2003,11,Buffalo Bills,00-0001361,Drew Bledsoe,30,-6.84773790071205
2003,11,Carolina Panthers,00-0004161,Jake Delhomme,30,0.490889105542986
2003,11,Chicago Bears,00-0002876,Chris Chandler,33,-7.42842726831624
2003,11,Cincinnati Bengals,00-0009311,Jon Kitna,34,6.87529619516047
2003,11,Cleveland Browns,00-0007576,Kelly Holcomb,35,26.6612220354342
2003,11,Dallas Cowboys,00-0020404,Quincy Carter,37,-8.55799831415061
2003,11,Denver Broncos,00-0009007,Danny Kanell,1,-2.43759430549108
2003,11,Denver Broncos,00-0013042,Jake Plummer,35,7.82258787774872
2003,11,Detroit Lions,00-0021141,Joey Harrington,49,-1.10365194192855
2003,11,Green Bay Packers,00-0005106,Brett Favre,28,-5.72769643912232
2003,11,Houston Texans,00-0000722,Tony Banks,19,7.16272822058729
2003,11,Houston Texans,00-0020608,David Carr,5,-3.3533462297637
2003,11,Indianapolis Colts,00-0010346,Peyton Manning,37,17.1980806673801
2003,11,Jacksonville Jaguars,00-0022177,Byron Leftwich,32,-13.5242171707675
2003,11,Kansas City Chiefs,00-0006355,Trent Green,43,6.4860055491982
2003,11,Las Vegas Raiders,00-0011378,Rick Mirer,16,4.36630449719412
2003,11,Los Angeles Chargers,00-0005363,Doug Flutie,27,-14.9041972549311
2003,11,Los Angeles Rams,00-0019599,Marc Bulger,50,-2.47524801534167
2003,11,Miami Dolphins,00-0006423,Brian Griese,32,-6.97190741131434
2003,11,Minnesota Vikings,00-0003739,Daunte Culpepper,52,-1.62241137492947
2003,11,New England Patriots,00-0019596,Tom Brady,36,-1.46491671055932
2003,11,New Orleans Saints,00-0001823,Aaron Brooks,44,-19.3637123898644
2003,11,New York Giants,00-0003292,Kerry Collins,47,1.74051475949457
2003,11,New York Jets,00-0019559,Chad Pennington,17,8.18824001098983
2003,11,Philadelphia Eagles,00-0011022,Donovan McNabb,30,18.9637793773436
2003,11,Pittsburgh Steelers,00-0010261,Tommy Maddox,46,4.36705029018914
2003,11,San Francisco 49ers,00-0019623,Tim Rattay,27,12.262444293484
2003,11,Seattle Seahawks,00-0004293,Trent Dilfer,1,-0.460817758925259
2003,11,Seattle Seahawks,00-0007091,Matt Hasselbeck,28,7.6012414090801
2003,11,Tampa Bay Buccaneers,00-0008442,Brad Johnson,31,-6.66465594016082
2003,11,Tennessee Titans,00-0011024,Steve McNair,27,-0.83649172666013
2003,11,Washington Commanders,00-0021379,Patrick Ramsey,38,-7.93085065337673
2003,12,Arizona Cardinals,00-0001335,Jeff Blake,28,-10.1090137822624
2003,12,Atlanta Falcons,00-0019087,Doug Johnson,34,-0.277692322968505
2003,12,Baltimore Ravens,00-0018272,Anthony Wright,43,9.73248656836813
2003,12,Buffalo Bills,00-0001361,Drew Bledsoe,30,-9.41589623163804
2003,12,Carolina Panthers,00-0004161,Jake Delhomme,25,-3.36164148851083
2003,12,Chicago Bears,00-0002876,Chris Chandler,19,-3.22563640813848
2003,12,Chicago Bears,00-0015700,Kordell Stewart,16,-3.98794617609137
2003,12,Cincinnati Bengals,00-0009311,Jon Kitna,40,16.7101947847158
2003,12,Cleveland Browns,00-0007576,Kelly Holcomb,47,-7.06251399686308
2003,12,Dallas Cowboys,00-0020404,Quincy Carter,45,2.02765953902811
2003,12,Denver Broncos,00-0013042,Jake Plummer,37,-7.94709019736506
2003,12,Detroit Lions,00-0021141,Joey Harrington,41,-19.0429585386883
2003,12,Green Bay Packers,00-0005106,Brett Favre,16,-3.49685358803353
2003,12,Houston Texans,00-0000722,Tony Banks,28,-10.5492980628712
2003,12,Indianapolis Colts,00-0010346,Peyton Manning,43,4.16664623509396
2003,12,Jacksonville Jaguars,00-0022177,Byron Leftwich,34,-5.28671396525311
2003,12,Kansas City Chiefs,00-0006355,Trent Green,34,1.85910952029787
2003,12,Las Vegas Raiders,00-0011378,Rick Mirer,34,8.76584124180122
2003,12,Los Angeles Chargers,00-0005363,Doug Flutie,35,0.370943927535356
2003,12,Los Angeles Rams,00-0019599,Marc Bulger,48,-10.6276152551613
2003,12,Miami Dolphins,00-0005180,Jay Fiedler,10,1.94913202608586
2003,12,Miami Dolphins,00-0006423,Brian Griese,15,-4.05353658222671
2003,12,Minnesota Vikings,00-0003739,Daunte Culpepper,33,0.589970493743303
2003,12,New England Patriots,00-0019596,Tom Brady,51,1.87144666824724
2003,12,New Orleans Saints,00-0001823,Aaron Brooks,41,1.74153156037373
2003,12,New York Giants,00-0003292,Kerry Collins,37,-9.41194125416783
2003,12,New York Jets,00-0019559,Chad Pennington,41,0.547047105559614
2003,12,Philadelphia Eagles,00-0011022,Donovan McNabb,28,7.89360717211187
2003,12,Pittsburgh Steelers,00-0010261,Tommy Maddox,26,-6.56439001466076
2003,12,San Francisco 49ers,00-0019623,Tim Rattay,34,-6.43917639577272
2003,12,Seattle Seahawks,00-0004293,Trent Dilfer,1,-0.481739943381399
2003,12,Seattle Seahawks,00-0007091,Matt Hasselbeck,47,12.3200696410583
2003,12,Tampa Bay Buccaneers,00-0008442,Brad Johnson,34,5.85844381210035
2003,12,Tennessee Titans,00-0011024,Steve McNair,12,5.65014649694786
2003,12,Tennessee Titans,00-0019041,Billy Volek,15,6.22862142297044
2003,12,Washington Commanders,00-0019816,Tim Hasselbeck,31,2.41159351668148
2003,12,Washington Commanders,00-0021379,Patrick Ramsey,5,-2.53335911173117
2003,13,Arizona Cardinals,00-0001335,Jeff Blake,33,-13.6815947377525
2003,13,Atlanta Falcons,00-0019087,Doug Johnson,27,-8.18307868880217
2003,13,Atlanta Falcons,00-0020245,Mike Vick,12,-0.230270107166434
2003,13,Baltimore Ravens,00-0018272,Anthony Wright,26,5.35765141673938
2003,13,Buffalo Bills,00-0001361,Drew Bledsoe,32,13.5025026222349
2003,13,Buffalo Bills,00-0016838,Alex Van Pelt,6,-3.88152728182565
2003,13,Carolina Panthers,00-0004161,Jake Delhomme,31,2.71415437366674
2003,13,Chicago Bears,00-0015700,Kordell Stewart,40,9.52873931662899
2003,13,Cincinnati Bengals,00-0009311,Jon Kitna,33,15.5801973634407
2003,13,Cleveland Browns,00-0003535,Tim Couch,3,-2.46778260054998
2003,13,Cleveland Browns,00-0007576,Kelly Holcomb,35,-10.7538988679298
2003,13,Dallas Cowboys,00-0020404,Quincy Carter,45,-13.6026061623998
2003,13,Denver Broncos,00-0013042,Jake Plummer,23,-5.60780371289002
2003,13,Detroit Lions,00-0021141,Joey Harrington,35,-6.79412102516491
2003,13,Green Bay Packers,00-0005106,Brett Favre,41,-6.07823010283755
2003,13,Houston Texans,00-0000722,Tony Banks,18,-5.73765893687017
2003,13,Houston Texans,00-0020608,David Carr,5,-1.47770095331362
2003,13,Indianapolis Colts,00-0010346,Peyton Manning,50,3.32921803069384
2003,13,Jacksonville Jaguars,00-0022177,Byron Leftwich,34,4.87732250457104
2003,13,Kansas City Chiefs,00-0006355,Trent Green,31,1.08741170266876
2003,13,Las Vegas Raiders,00-0011378,Rick Mirer,32,-7.69770716188103
2003,13,Los Angeles Chargers,00-0005363,Doug Flutie,35,2.84439581315529
2003,13,Los Angeles Rams,00-0019599,Marc Bulger,21,9.47316582750247
2003,13,Miami Dolphins,00-0005180,Jay Fiedler,21,19.0608821424539
2003,13,Minnesota Vikings,00-0003739,Daunte Culpepper,55,-9.13956743835326
2003,13,Minnesota Vikings,00-0005589,Gus Frerotte,1,-3.41261429083534
2003,13,New England Patriots,00-0019596,Tom Brady,37,4.98399244212901
2003,13,New Orleans Saints,00-0001823,Aaron Brooks,30,-0.660489721242698
2003,13,New York Giants,00-0003292,Kerry Collins,41,-9.11149088735692
2003,13,New York Jets,00-0019559,Chad Pennington,25,7.81826619085041
2003,13,Philadelphia Eagles,00-0011022,Donovan McNabb,29,4.6073476846438
2003,13,Pittsburgh Steelers,00-0000865,Charlie Batch,3,-1.41707845125347
2003,13,Pittsburgh Steelers,00-0010261,Tommy Maddox,47,9.03445443388055
2003,13,San Francisco 49ers,00-0005755,Jeff Garcia,29,-21.8808510859494
2003,13,San Francisco 49ers,00-0019623,Tim Rattay,7,-1.0909034544602
2003,13,Seattle Seahawks,00-0004293,Trent Dilfer,2,-2.83030844299356
2003,13,Seattle Seahawks,00-0007091,Matt Hasselbeck,37,22.0477301151434
2003,13,Tampa Bay Buccaneers,00-0008442,Brad Johnson,40,-9.55943422510463
2003,13,Tennessee Titans,00-0011024,Steve McNair,38,6.30258631077221
2003,13,Washington Commanders,00-0019816,Tim Hasselbeck,42,-6.26493983897883
2003,14,Arizona Cardinals,00-0001335,Jeff Blake,21,-12.6822993081296
2003,14,Arizona Cardinals,00-0021206,Josh McCown,22,6.40391326142708
2003,14,Atlanta Falcons,00-0020245,Mike Vick,36,-4.47297509286932
2003,14,Baltimore Ravens,00-0018272,Anthony Wright,21,-4.0629178279778
2003,14,Buffalo Bills,00-0001361,Drew Bledsoe,17,-6.20539588029843
2003,14,Carolina Panthers,00-0004161,Jake Delhomme,26,-4.11880055151414
2003,14,Chicago Bears,00-0015700,Kordell Stewart,43,-13.8607812026166
2003,14,Cincinnati Bengals,00-0009311,Jon Kitna,37,-15.992378237242
2003,14,Cleveland Browns,00-0003535,Tim Couch,12,-2.05676167023182
2003,14,Cleveland Browns,00-0007576,Kelly Holcomb,19,-16.7662042642478
2003,14,Dallas Cowboys,00-0020404,Quincy Carter,27,-14.603115273217
2003,14,Denver Broncos,00-0013042,Jake Plummer,29,14.7048895927555
2003,14,Detroit Lions,00-0021141,Joey Harrington,46,-6.8472477842588
2003,14,Green Bay Packers,00-0005106,Brett Favre,33,0.0511288967185704
2003,14,Houston Texans,00-0022091,Dave Ragone,26,-14.3151691384264
2003,14,Indianapolis Colts,00-0010346,Peyton Manning,37,2.45725336494619
2003,14,Jacksonville Jaguars,00-0022177,Byron Leftwich,30,-0.370971032554128
2003,14,Kansas City Chiefs,00-0006355,Trent Green,50,12.081550332383
2003,14,Las Vegas Raiders,00-0011378,Rick Mirer,29,-24.9040813064203
2003,14,Los Angeles Chargers,00-0005363,Doug Flutie,25,7.25363397540059
2003,14,Los Angeles Rams,00-0019599,Marc Bulger,39,1.29243765167261
2003,14,Miami Dolphins,00-0005180,Jay Fiedler,36,-24.3782161039999
2003,14,Minnesota Vikings,00-0003739,Daunte Culpepper,35,10.748896437314
2003,14,New England Patriots,00-0019596,Tom Brady,34,-5.89407708947432
2003,14,New Orleans Saints,00-0001823,Aaron Brooks,37,-7.2581204632593
2003,14,New York Giants,00-0003292,Kerry Collins,15,-5.7523714997034
2003,14,New York Giants,00-0020483,Jesse Palmer,16,-10.3253927975893
2003,14,New York Jets,00-0019559,Chad Pennington,34,-9.69477563393285
2003,14,Philadelphia Eagles,00-0011022,Donovan McNabb,37,1.9528605433327
2003,14,Pittsburgh Steelers,00-0010261,Tommy Maddox,28,8.56675315322548
2003,14,San Francisco 49ers,00-0005755,Jeff Garcia,29,14.6524230590439
2003,14,San Francisco 49ers,00-0019623,Tim Rattay,1,1.94167926511727
2003,14,Seattle Seahawks,00-0007091,Matt Hasselbeck,37,-11.2844366983305
2003,14,Tampa Bay Buccaneers,00-0008442,Brad Johnson,35,6.19182079475394
2003,14,Tennessee Titans,00-0011024,Steve McNair,39,13.0311866985977
2003,14,Washington Commanders,00-0019816,Tim Hasselbeck,21,8.8517928190831
2003,15,Arizona Cardinals,00-0021206,Josh McCown,29,-3.36207885430266
2003,15,Atlanta Falcons,00-0019087,Doug Johnson,6,-4.35980416310485
2003,15,Atlanta Falcons,00-0020245,Mike Vick,23,-24.1775553807383
2003,15,Baltimore Ravens,00-0018272,Anthony Wright,30,-5.61800854015459
2003,15,Buffalo Bills,00-0001361,Drew Bledsoe,33,-1.74294831315366
2003,15,Carolina Panthers,00-0004161,Jake Delhomme,33,2.05267550109811
2003,15,Chicago Bears,00-0022121,Rex Grossman,31,-3.90959238319485
2003,15,Cincinnati Bengals,00-0009311,Jon Kitna,27,10.9097564612484
2003,15,Cleveland Browns,00-0003535,Tim Couch,20,8.77571506403961
2003,15,Dallas Cowboys,00-0020404,Quincy Carter,27,-8.81553353119172
2003,15,Denver Broncos,00-0013042,Jake Plummer,39,1.70021665154856
2003,15,Detroit Lions,00-0021141,Joey Harrington,36,0.385789517877562
2003,15,Green Bay Packers,00-0005106,Brett Favre,33,15.8219208357623
2003,15,Houston Texans,00-0022091,Dave Ragone,22,-7.09203409818844
2003,15,Indianapolis Colts,00-0007834,Brock Huard,2,0.360817565815523
2003,15,Indianapolis Colts,00-0010346,Peyton Manning,31,21.0397342436607
2003,15,Jacksonville Jaguars,00-0022177,Byron Leftwich,41,-5.0992123851289
2003,15,Kansas City Chiefs,00-0003315,Todd Collins,7,-2.32672829902731
2003,15,Kansas City Chiefs,00-0006355,Trent Green,25,26.0662829379069
2003,15,Las Vegas Raiders,00-0011378,Rick Mirer,35,0.0187924594664999
2003,15,Los Angeles Chargers,00-0020531,Drew Brees,50,-1.91266137520744
2003,15,Los Angeles Rams,00-0019599,Marc Bulger,33,9.62030773475999
2003,15,Miami Dolphins,00-0005180,Jay Fiedler,42,-5.18764878895561
2003,15,Minnesota Vikings,00-0003739,Daunte Culpepper,36,0.78263323298568
2003,15,New England Patriots,00-0019596,Tom Brady,36,11.0823971387893
2003,15,New Orleans Saints,00-0001545,Todd Bouman,5,-1.06123546801973
2003,15,New Orleans Saints,00-0001823,Aaron Brooks,35,21.5128231668648
2003,15,New York Giants,00-0020483,Jesse Palmer,29,-3.71471258648158
2003,15,New York Jets,00-0019559,Chad Pennington,25,2.08097969538098
2003,15,Philadelphia Eagles,00-0011022,Donovan McNabb,28,7.77755693866253
2003,15,Pittsburgh Steelers,00-0010261,Tommy Maddox,38,-8.72832493774394
2003,15,San Francisco 49ers,00-0005755,Jeff Garcia,34,18.6174680641562
2003,15,Seattle Seahawks,00-0007091,Matt Hasselbeck,39,0.148178419846084
2003,15,Tampa Bay Buccaneers,00-0008442,Brad Johnson,28,7.71349935651266
2003,15,Tennessee Titans,00-0019041,Billy Volek,45,2.20566952321495
2003,15,Washington Commanders,00-0019816,Tim Hasselbeck,27,-27.9861696124426
2003,16,Arizona Cardinals,00-0021206,Josh McCown,48,1.55967202290173
2003,16,Atlanta Falcons,00-0020245,Mike Vick,15,7.4048429263773
2003,16,Baltimore Ravens,00-0018272,Anthony Wright,21,-3.69521931752781
2003,16,Baltimore Ravens,00-0022164,Kyle Boller,1,2.65254781657131
2003,16,Buffalo Bills,00-0001361,Drew Bledsoe,30,-23.9061228207589
2003,16,Buffalo Bills,00-0019192,Travis Brown,4,-0.388937577256002
2003,16,Carolina Panthers,00-0004161,Jake Delhomme,35,7.51685134739258
2003,16,Chicago Bears,00-0022121,Rex Grossman,34,4.16694292326329
2003,16,Cincinnati Bengals,00-0009311,Jon Kitna,32,-7.85914671368664
2003,16,Cleveland Browns,00-0003535,Tim Couch,38,-26.3327495377429
2003,16,Dallas Cowboys,00-0020404,Quincy Carter,28,4.00339419895573
2003,16,Denver Broncos,00-0013042,Jake Plummer,17,16.1413255914813
2003,16,Detroit Lions,00-0020308,Mike McMahon,12,-6.95024904620368
2003,16,Detroit Lions,00-0021141,Joey Harrington,8,-2.76808786764741
2003,16,Green Bay Packers,00-0005106,Brett Favre,31,32.7277490610115
2003,16,Houston Texans,00-0020608,David Carr,35,-1.31760472606927
2003,16,Indianapolis Colts,00-0010346,Peyton Manning,25,-7.0884765484129
2003,16,Jacksonville Jaguars,00-0022177,Byron Leftwich,18,-1.36370487508585
2003,16,Kansas City Chiefs,00-0006355,Trent Green,38,-4.58854850528576
2003,16,Las Vegas Raiders,00-0008612,Rob Johnson,14,-7.37223266949877
2003,16,Las Vegas Raiders,00-0011378,Rick Mirer,26,-11.9601758809877
2003,16,Las Vegas Raiders,00-0019633,Tee Martin,6,-1.3697874393547
2003,16,Los Angeles Chargers,00-0005363,Doug Flutie,11,-3.79158305481542
2003,16,Los Angeles Chargers,00-0020531,Drew Brees,27,-3.77003377126028
2003,16,Los Angeles Rams,00-0019599,Marc Bulger,39,6.35958412368885
2003,16,Miami Dolphins,00-0005180,Jay Fiedler,19,-11.6928167272283
2003,16,Minnesota Vikings,00-0003739,Daunte Culpepper,31,11.7410454506048
2003,16,New England Patriots,00-0019596,Tom Brady,25,-0.885860049922485
2003,16,New Orleans Saints,00-0001823,Aaron Brooks,39,14.1190050516509
2003,16,New York Giants,00-0020483,Jesse Palmer,37,-0.919228274756028
2003,16,New York Jets,00-0019559,Chad Pennington,47,-12.6692753579506
2003,16,Philadelphia Eagles,00-0011022,Donovan McNabb,32,-5.63918081191477
2003,16,Pittsburgh Steelers,00-0010261,Tommy Maddox,20,7.74280337376895
2003,16,San Francisco 49ers,00-0005755,Jeff Garcia,32,3.67674478352141
2003,16,Seattle Seahawks,00-0004293,Trent Dilfer,3,-0.351757737458684
2003,16,Seattle Seahawks,00-0007091,Matt Hasselbeck,26,2.0987616609782
2003,16,Tampa Bay Buccaneers,00-0008442,Brad Johnson,48,3.80383898576861
2003,16,Tennessee Titans,00-0011024,Steve McNair,36,-3.59404669454546
2003,16,Washington Commanders,00-0019816,Tim Hasselbeck,26,10.137070992514
2003,17,Arizona Cardinals,00-0021206,Josh McCown,41,-3.1983178677544
2003,17,Atlanta Falcons,00-0020245,Mike Vick,23,8.15465613541892
2003,17,Baltimore Ravens,00-0018272,Anthony Wright,28,-5.50198715940246
2003,17,Buffalo Bills,00-0001361,Drew Bledsoe,32,-24.2529998365966
2003,17,Buffalo Bills,00-0019192,Travis Brown,15,2.91138568008319
2003,17,Carolina Panthers,00-0004161,Jake Delhomme,36,-3.28895703289129
2003,17,Chicago Bears,00-0002876,Chris Chandler,20,-7.38319858419709
2003,17,Chicago Bears,00-0015700,Kordell Stewart,15,-7.78022208599398
2003,17,Chicago Bears,00-0022121,Rex Grossman,11,-5.82475991890498
2003,17,Cincinnati Bengals,00-0009311,Jon Kitna,38,-3.44430306868846
2003,17,Cleveland Browns,00-0003535,Tim Couch,18,-0.125079332542831
2003,17,Dallas Cowboys,00-0020404,Quincy Carter,50,-7.43227498384658
2003,17,Denver Broncos,00-0009007,Danny Kanell,18,-9.11858267360182
2003,17,Denver Broncos,00-0019682,Jarious Jackson,9,-5.10569058021065
2003,17,Detroit Lions,00-0021141,Joey Harrington,37,3.87227568577122
2003,17,Green Bay Packers,00-0005106,Brett Favre,23,-3.49074674109108
2003,17,Green Bay Packers,00-0012726,Doug Pederson,1,-0.861654486972839
2003,17,Houston Texans,00-0020608,David Carr,23,-9.35673986562465
2003,17,Indianapolis Colts,00-0010346,Peyton Manning,39,-1.06935461642815
2003,17,Jacksonville Jaguars,00-0022177,Byron Leftwich,33,-0.185745010676328
2003,17,Kansas City Chiefs,00-0003315,Todd Collins,3,3.69273467143648
2003,17,Kansas City Chiefs,00-0006355,Trent Green,28,0.212680000218388
2003,17,Las Vegas Raiders,00-0011378,Rick Mirer,16,-12.5314755791333
2003,17,Las Vegas Raiders,00-0019633,Tee Martin,11,-10.1939009376219
2003,17,Los Angeles Chargers,00-0020531,Drew Brees,31,-13.4470676829224
2003,17,Los Angeles Rams,00-0017200,Kurt Warner,11,-5.82590648991754
2003,17,Los Angeles Rams,00-0019599,Marc Bulger,35,-13.0418915616781
2003,17,Miami Dolphins,00-0005180,Jay Fiedler,31,9.55765089358035
2003,17,Minnesota Vikings,00-0003739,Daunte Culpepper,29,-0.657258075234148
2003,17,New England Patriots,00-0007835,Damon Huard,1,-1.39903314202093
2003,17,New England Patriots,00-0019596,Tom Brady,34,5.84812753388685
2003,17,New Orleans Saints,00-0001823,Aaron Brooks,34,3.43895554906207
2003,17,New York Giants,00-0020483,Jesse Palmer,45,-30.7992614865744
2003,17,New York Jets,00-0019559,Chad Pennington,32,6.20944220469165
2003,17,Philadelphia Eagles,00-0004229,Koy Detmer,2,-0.539031495055092
2003,17,Philadelphia Eagles,00-0011022,Donovan McNabb,32,20.8402523460682
2003,17,Pittsburgh Steelers,00-0010261,Tommy Maddox,32,-19.4321141039254
2003,17,San Francisco 49ers,00-0005755,Jeff Garcia,41,-2.132888750738
2003,17,Seattle Seahawks,00-0007091,Matt Hasselbeck,38,7.60366337130452
2003,17,Tampa Bay Buccaneers,00-0008442,Brad Johnson,23,-10.0217795963888
2003,17,Tampa Bay Buccaneers,00-0009266,Shaun King,17,-0.655145036061806
2003,17,Tennessee Titans,00-0012261,Neil O'Donnell,27,6.29342623766773
2003,17,Washington Commanders,00-0019816,Tim Hasselbeck,36,-13.0097546278984
2003,17,Washington Commanders,00-0022112,Gibran Hamdan,3,-0.179251214605756
2004,1,Arizona Cardinals,00-0021206,Josh McCown,31,-4.1820403902675
2004,1,Atlanta Falcons,00-0020245,Mike Vick,26,-6.10203645756701
2004,1,Baltimore Ravens,00-0022164,Kyle Boller,41,-9.34406784470775
2004,1,Buffalo Bills,00-0001361,Drew Bledsoe,27,4.83211729008955
2004,1,Carolina Panthers,00-0004161,Jake Delhomme,41,7.0116144210333
2004,1,Chicago Bears,00-0022121,Rex Grossman,38,-3.690073582693
2004,1,Cincinnati Bengals,00-0021429,Carson Palmer,28,14.6593036855956
2004,1,Cleveland Browns,00-0005755,Jeff Garcia,26,0.668266010604805
2004,1,Dallas Cowboys,00-0016193,Vinny Testaverde,51,14.5921875146644
2004,1,Denver Broncos,00-0013042,Jake Plummer,31,1.12272578915496
2004,1,Detroit Lions,00-0021141,Joey Harrington,27,0.881381978956692
2004,1,Green Bay Packers,00-0005106,Brett Favre,24,11.0946693875594
2004,1,Houston Texans,00-0020608,David Carr,27,7.08881909396525
2004,1,Indianapolis Colts,00-0010346,Peyton Manning,30,10.2034133145358
2004,1,Jacksonville Jaguars,00-0022177,Byron Leftwich,38,-8.33876647979955
2004,1,Kansas City Chiefs,00-0006355,Trent Green,33,-7.56640042781698
2004,1,Las Vegas Raiders,00-0005741,Rich Gannon,40,3.91511552140126
2004,1,Los Angeles Chargers,00-0020531,Drew Brees,25,10.8027719928185
2004,1,Los Angeles Rams,00-0019599,Marc Bulger,34,10.0944569217063
2004,1,Miami Dolphins,00-0005180,Jay Fiedler,14,-7.32394227996701
2004,1,Miami Dolphins,00-0020305,A.J. Feeley,33,-3.26243332854706
2004,1,Minnesota Vikings,00-0003739,Daunte Culpepper,25,17.6087606729707
2004,1,New England Patriots,00-0019596,Tom Brady,40,17.8565266297444
2004,1,New Orleans Saints,00-0001823,Aaron Brooks,39,-8.23332949687028
2004,1,New York Giants,00-0017200,Kurt Warner,32,2.12043739156074
2004,1,New York Giants,00-0022803,Eli Manning,10,0.330181810946669
2004,1,New York Jets,00-0019559,Chad Pennington,28,10.3358179994928
2004,1,Philadelphia Eagles,00-0011022,Donovan McNabb,38,21.1297700316926
2004,1,Pittsburgh Steelers,00-0010261,Tommy Maddox,24,-2.71022048755549
2004,1,San Francisco 49ers,00-0019623,Tim Rattay,33,-3.14687279991619
2004,1,San Francisco 49ers,00-0022039,Ken Dorsey,16,0.85875417662912
2004,1,Seattle Seahawks,00-0007091,Matt Hasselbeck,29,11.3255496841157
2004,1,Tampa Bay Buccaneers,00-0008442,Brad Johnson,41,-13.704255802582
2004,1,Tennessee Titans,00-0011024,Steve McNair,16,1.83526677012908
2004,1,Washington Commanders,00-0002110,Mark Brunell,24,-4.08091814663593
2004,2,Arizona Cardinals,00-0021206,Josh McCown,34,-14.5880173169441
2004,2,Atlanta Falcons,00-0020245,Mike Vick,20,1.99319252523128
2004,2,Baltimore Ravens,00-0022164,Kyle Boller,20,-3.68808807131813
2004,2,Buffalo Bills,00-0001361,Drew Bledsoe,31,-3.14635817876865
2004,2,Carolina Panthers,00-0004161,Jake Delhomme,30,5.24006005888805
2004,2,Chicago Bears,00-0022121,Rex Grossman,19,1.75013417075388
2004,2,Cincinnati Bengals,00-0021429,Carson Palmer,43,-17.2666839167519
2004,2,Cleveland Browns,00-0005755,Jeff Garcia,28,-19.0483505249511
2004,2,Cleveland Browns,00-0022864,Luke McCown,1,-0.117476335290121
2004,2,Dallas Cowboys,00-0016193,Vinny Testaverde,36,-0.296529199047752
2004,2,Denver Broncos,00-0013042,Jake Plummer,39,5.77690813484961
2004,2,Detroit Lions,00-0021141,Joey Harrington,27,5.6994526124258
2004,2,Green Bay Packers,00-0005106,Brett Favre,42,-6.04500015923729
2004,2,Houston Texans,00-0020608,David Carr,39,10.2325693970406
2004,2,Indianapolis Colts,00-0010346,Peyton Manning,34,11.0195914834637
2004,2,Jacksonville Jaguars,00-0022177,Byron Leftwich,17,-0.277583576506004
2004,2,Kansas City Chiefs,00-0006355,Trent Green,37,-10.3441701395397
2004,2,Las Vegas Raiders,00-0005741,Rich Gannon,29,6.86121270170465
2004,2,Los Angeles Chargers,00-0005363,Doug Flutie,16,4.58083627975429
2004,2,Los Angeles Chargers,00-0020531,Drew Brees,20,-3.30433396145236
2004,2,Los Angeles Rams,00-0019599,Marc Bulger,36,3.98111122119008
2004,2,Miami Dolphins,00-0020305,A.J. Feeley,41,-10.0138573032094
2004,2,Minnesota Vikings,00-0003739,Daunte Culpepper,51,20.1186988935809
2004,2,New England Patriots,00-0019596,Tom Brady,28,10.8630127929181
2004,2,New Orleans Saints,00-0001823,Aaron Brooks,37,13.3246673216566
2004,2,New York Giants,00-0017200,Kurt Warner,35,-0.818330978083157
2004,2,New York Jets,00-0019559,Chad Pennington,29,11.7904276066594
2004,2,Philadelphia Eagles,00-0011022,Donovan McNabb,30,12.1544440430589
2004,2,Pittsburgh Steelers,00-0010261,Tommy Maddox,15,-9.5459306012208
2004,2,Pittsburgh Steelers,00-0022924,Ben Roethlisberger,22,-1.21034531605244
2004,2,San Francisco 49ers,00-0022039,Ken Dorsey,34,3.76542534813421
2004,2,Seattle Seahawks,00-0007091,Matt Hasselbeck,30,-5.69201485801023
2004,2,Tampa Bay Buccaneers,00-0008442,Brad Johnson,8,-8.85589865536895
2004,2,Tampa Bay Buccaneers,00-0022005,Chris Simms,36,-9.18429917001535
2004,2,Tennessee Titans,00-0011024,Steve McNair,42,2.09533719337168
2004,2,Washington Commanders,00-0002110,Mark Brunell,19,-4.10027769563021
2004,2,Washington Commanders,00-0021379,Patrick Ramsey,21,-6.37375410165987
2004,3,Arizona Cardinals,00-0009266,Shaun King,7,-0.963425818365067
2004,3,Arizona Cardinals,00-0021206,Josh McCown,31,-4.78514598490438
2004,3,Atlanta Falcons,00-0020245,Mike Vick,25,-15.1662705917274
2004,3,Baltimore Ravens,00-0022164,Kyle Boller,20,-2.76074994468217
2004,3,Chicago Bears,00-0013338,Jonathan Quinn,4,-4.5601265571313
2004,3,Chicago Bears,00-0022121,Rex Grossman,32,4.91776952446447
2004,3,Cincinnati Bengals,00-0021429,Carson Palmer,56,-17.0376770529119
2004,3,Cleveland Browns,00-0005755,Jeff Garcia,35,2.64927350507876
2004,3,Dallas Cowboys,00-0016193,Vinny Testaverde,30,2.69491941563319
2004,3,Denver Broncos,00-0013042,Jake Plummer,37,13.5523724556951
2004,3,Detroit Lions,00-0021141,Joey Harrington,43,-10.4882808121764
2004,3,Green Bay Packers,00-0005106,Brett Favre,45,21.8291261482144
2004,3,Green Bay Packers,00-0012726,Doug Pederson,6,-1.18899817252532
2004,3,Houston Texans,00-0020608,David Carr,28,3.79582522169221
2004,3,Indianapolis Colts,00-0010346,Peyton Manning,40,23.8764494339452
2004,3,Jacksonville Jaguars,00-0022177,Byron Leftwich,22,4.23128228120925
2004,3,Kansas City Chiefs,00-0006355,Trent Green,33,2.65719058836112
2004,3,Las Vegas Raiders,00-0003292,Kerry Collins,28,5.16871723244043
2004,3,Las Vegas Raiders,00-0005741,Rich Gannon,4,-0.2924514740007
2004,3,Los Angeles Chargers,00-0020531,Drew Brees,32,0.854088622981956
2004,3,Los Angeles Rams,00-0019599,Marc Bulger,54,0.773738468992122
2004,3,Miami Dolphins,00-0020305,A.J. Feeley,30,-10.627986763893
2004,3,Minnesota Vikings,00-0003739,Daunte Culpepper,33,17.6968832640505
2004,3,Minnesota Vikings,00-0005589,Gus Frerotte,1,-2.74326041029417
2004,3,New Orleans Saints,00-0001823,Aaron Brooks,43,10.6661623761201
2004,3,New York Giants,00-0017200,Kurt Warner,29,11.3860711904988
2004,3,Philadelphia Eagles,00-0011022,Donovan McNabb,44,15.1887162057079
2004,3,Pittsburgh Steelers,00-0022924,Ben Roethlisberger,23,0.49699859892563
2004,3,San Francisco 49ers,00-0022039,Ken Dorsey,35,-15.2611130119063
2004,3,Seattle Seahawks,00-0004293,Trent Dilfer,2,-0.801044235471636
2004,3,Seattle Seahawks,00-0007091,Matt Hasselbeck,31,12.9478519447012
2004,3,Tampa Bay Buccaneers,00-0008442,Brad Johnson,38,5.27088496422197
2004,3,Tennessee Titans,00-0011024,Steve McNair,29,-7.13991331516968
2004,3,Tennessee Titans,00-0019041,Billy Volek,1,0.0053863585053477
2004,3,Washington Commanders,00-0002110,Mark Brunell,48,0.795474020725634
2004,4,Arizona Cardinals,00-0021206,Josh McCown,20,0.941463040886447
2004,4,Atlanta Falcons,00-0020245,Mike Vick,18,6.78360148575786
2004,4,Baltimore Ravens,00-0022164,Kyle Boller,21,-1.90407654211329
2004,4,Buffalo Bills,00-0001361,Drew Bledsoe,37,-11.6780412860085
2004,4,Carolina Panthers,00-0004161,Jake Delhomme,40,-6.60789929033485
2004,4,Chicago Bears,00-0013338,Jonathan Quinn,47,-7.32107242527847
2004,4,Cincinnati Bengals,00-0021429,Carson Palmer,38,-11.339091673224
2004,4,Cleveland Browns,00-0005755,Jeff Garcia,24,3.69233881128641
2004,4,Denver Broncos,00-0013042,Jake Plummer,31,-0.111800009870595
2004,4,Green Bay Packers,00-0005106,Brett Favre,18,4.29952411042177
2004,4,Green Bay Packers,00-0012726,Doug Pederson,17,-6.90924263064517
2004,4,Green Bay Packers,00-0021277,Craig Nall,1,-0.204956795903854
2004,4,Houston Texans,00-0020608,David Carr,24,9.16281523652516
2004,4,Indianapolis Colts,00-0010346,Peyton Manning,29,10.9573445058663
2004,4,Jacksonville Jaguars,00-0022177,Byron Leftwich,42,15.8708848993542
2004,4,Kansas City Chiefs,00-0006355,Trent Green,32,11.3178304270803
2004,4,Las Vegas Raiders,00-0003292,Kerry Collins,39,-14.1904390602522
2004,4,Los Angeles Chargers,00-0020531,Drew Brees,21,13.2455203754996
2004,4,Los Angeles Rams,00-0019599,Marc Bulger,25,9.96375561516317
2004,4,Miami Dolphins,00-0005180,Jay Fiedler,37,-24.3062151374619
2004,4,New England Patriots,00-0019596,Tom Brady,30,20.8060868746252
2004,4,New Orleans Saints,00-0001823,Aaron Brooks,41,0.0271552265421242
2004,4,New York Giants,00-0017200,Kurt Warner,30,2.28553256273153
2004,4,New York Jets,00-0019559,Chad Pennington,27,-15.1275236383265
2004,4,Philadelphia Eagles,00-0011022,Donovan McNabb,40,6.32903211682241
2004,4,Pittsburgh Steelers,00-0022924,Ben Roethlisberger,26,5.79692646773765
2004,4,San Francisco 49ers,00-0019623,Tim Rattay,50,4.15448305293126
2004,4,Tampa Bay Buccaneers,00-0008442,Brad Johnson,24,4.10573705628055
2004,4,Tampa Bay Buccaneers,00-0022005,Chris Simms,1,0.092465863621328
2004,4,Tennessee Titans,00-0019041,Billy Volek,61,0.586387779425599
2004,4,Washington Commanders,00-0002110,Mark Brunell,32,2.54630294298044
2004,5,Arizona Cardinals,00-0021206,Josh McCown,36,5.48026069524349
2004,5,Atlanta Falcons,00-0020245,Mike Vick,35,-16.4368266916015
2004,5,Baltimore Ravens,00-0022164,Kyle Boller,20,-15.4019488470221
2004,5,Buffalo Bills,00-0001361,Drew Bledsoe,33,4.21460593136726
2004,5,Carolina Panthers,00-0004161,Jake Delhomme,21,5.43186722858809
2004,5,Cleveland Browns,00-0005755,Jeff Garcia,37,-4.40936158779624
2004,5,Dallas Cowboys,00-0016193,Vinny Testaverde,26,-4.70478093617867
2004,5,Denver Broncos,00-0013042,Jake Plummer,30,-3.06501462604408
2004,5,Detroit Lions,00-0021141,Joey Harrington,27,0.968390332371418
2004,5,Green Bay Packers,00-0005106,Brett Favre,44,4.65512943071147
2004,5,Green Bay Packers,00-0021277,Craig Nall,8,5.49377087934408
2004,5,Houston Texans,00-0020608,David Carr,47,16.8755850765156
2004,5,Indianapolis Colts,00-0010346,Peyton Manning,27,6.81340641056195
2004,5,Jacksonville Jaguars,00-0022177,Byron Leftwich,57,2.59079726712662
2004,5,Las Vegas Raiders,00-0003292,Kerry Collins,48,-13.8989377141406
2004,5,Los Angeles Chargers,00-0020531,Drew Brees,26,15.428765466295
2004,5,Los Angeles Rams,00-0019599,Marc Bulger,44,12.3853638869674
2004,5,Miami Dolphins,00-0005180,Jay Fiedler,44,-0.977735427798552
2004,5,Miami Dolphins,00-0020305,A.J. Feeley,2,-3.01629462721758
2004,5,Minnesota Vikings,00-0003739,Daunte Culpepper,53,20.7958401521319
2004,5,New England Patriots,00-0019596,Tom Brady,20,-1.02252838277491
2004,5,New Orleans Saints,00-0001823,Aaron Brooks,23,-3.45062317822926
2004,5,New York Giants,00-0017200,Kurt Warner,36,8.80366187538547
2004,5,New York Jets,00-0019559,Chad Pennington,44,9.67284027747268
2004,5,Pittsburgh Steelers,00-0022924,Ben Roethlisberger,21,7.09365371741368
2004,5,San Francisco 49ers,00-0019623,Tim Rattay,62,12.6302617227161
2004,5,Seattle Seahawks,00-0007091,Matt Hasselbeck,36,6.07233314978351
2004,5,Tampa Bay Buccaneers,00-0006423,Brian Griese,22,6.89084755716316
2004,5,Tampa Bay Buccaneers,00-0022005,Chris Simms,9,-0.983461416470797
2004,5,Tennessee Titans,00-0011024,Steve McNair,26,16.6956211541626
2004,5,Washington Commanders,00-0002110,Mark Brunell,32,-15.3851772357593
2004,6,Atlanta Falcons,00-0020245,Mike Vick,24,3.50225494982442
2004,6,Buffalo Bills,00-0001361,Drew Bledsoe,29,10.4754187682773
2004,6,Carolina Panthers,00-0004161,Jake Delhomme,44,-10.0742553242161
2004,6,Chicago Bears,00-0013338,Jonathan Quinn,26,-19.2478938199968
2004,6,Cincinnati Bengals,00-0021429,Carson Palmer,39,-9.29614176865667
2004,6,Cleveland Browns,00-0005755,Jeff Garcia,24,15.6556324484242
2004,6,Dallas Cowboys,00-0016193,Vinny Testaverde,41,0.70885237534423
2004,6,Denver Broncos,00-0013042,Jake Plummer,20,11.6772960772505
2004,6,Detroit Lions,00-0021141,Joey Harrington,24,-14.5250575635582
2004,6,Green Bay Packers,00-0005106,Brett Favre,38,14.0457524568717
2004,6,Houston Texans,00-0020608,David Carr,28,2.89064809267273
2004,6,Jacksonville Jaguars,00-0022177,Byron Leftwich,40,9.29381871480799
2004,6,Kansas City Chiefs,00-0006355,Trent Green,39,12.0319946194802
2004,6,Las Vegas Raiders,00-0003292,Kerry Collins,35,-9.64672346621264
2004,6,Los Angeles Chargers,00-0020531,Drew Brees,32,3.7981890513926
2004,6,Los Angeles Rams,00-0019599,Marc Bulger,34,-0.631387093904357
2004,6,Miami Dolphins,00-0005180,Jay Fiedler,28,-7.45037693159713
2004,6,Minnesota Vikings,00-0003739,Daunte Culpepper,39,29.9031989171257
2004,6,New England Patriots,00-0019596,Tom Brady,31,6.18834181388953
2004,6,New Orleans Saints,00-0001823,Aaron Brooks,41,-2.93920899927616
2004,6,New York Jets,00-0019559,Chad Pennington,30,1.06979045446247
2004,6,Philadelphia Eagles,00-0011022,Donovan McNabb,27,1.05772955606242
2004,6,Pittsburgh Steelers,00-0022924,Ben Roethlisberger,28,10.2008794231556
2004,6,San Francisco 49ers,00-0019623,Tim Rattay,31,8.0872100807901
2004,6,Seattle Seahawks,00-0007091,Matt Hasselbeck,53,0.726974190261962
2004,6,Tampa Bay Buccaneers,00-0006423,Brian Griese,42,14.3231179262868
2004,6,Tennessee Titans,00-0011024,Steve McNair,42,-13.0922728632104
2004,6,Washington Commanders,00-0002110,Mark Brunell,23,-10.2467133967007
2004,7,Arizona Cardinals,00-0021206,Josh McCown,38,-11.9221376593828
2004,7,Atlanta Falcons,00-0020245,Mike Vick,25,-22.2324151879858
2004,7,Atlanta Falcons,00-0022787,Matt Schaub,4,-3.83726523607038
2004,7,Baltimore Ravens,00-0022164,Kyle Boller,23,-14.1527239187572
2004,7,Buffalo Bills,00-0001361,Drew Bledsoe,40,-26.4390210364402
2004,7,Carolina Panthers,00-0004161,Jake Delhomme,37,-10.3196805476055
2004,7,Chicago Bears,00-0013338,Jonathan Quinn,11,-2.57663869217504
2004,7,Chicago Bears,00-0022818,Craig Krenzel,21,-14.9109871760593
2004,7,Cincinnati Bengals,00-0021429,Carson Palmer,22,0.498258471178716
2004,7,Cleveland Browns,00-0005755,Jeff Garcia,35,8.23135600868045
2004,7,Dallas Cowboys,00-0016193,Vinny Testaverde,37,15.6390322739389
2004,7,Denver Broncos,00-0013042,Jake Plummer,43,-7.91063628420589
2004,7,Detroit Lions,00-0021141,Joey Harrington,25,17.9145970295067
2004,7,Green Bay Packers,00-0005106,Brett Favre,30,19.1750841229874
2004,7,Indianapolis Colts,00-0010346,Peyton Manning,40,17.805311064847
2004,7,Jacksonville Jaguars,00-0022177,Byron Leftwich,33,18.9562174113517
2004,7,Kansas City Chiefs,00-0003315,Todd Collins,1,-0.611565869301558
2004,7,Kansas City Chiefs,00-0006355,Trent Green,27,14.7492331175017
2004,7,Las Vegas Raiders,00-0003292,Kerry Collins,45,5.85107568189626
2004,7,Los Angeles Chargers,00-0020531,Drew Brees,33,4.05349736159131
2004,7,Los Angeles Rams,00-0019599,Marc Bulger,42,-0.870653513411526
2004,7,Miami Dolphins,00-0005180,Jay Fiedler,22,10.6169162107399
2004,7,Minnesota Vikings,00-0003739,Daunte Culpepper,33,0.129482215139421
2004,7,New England Patriots,00-0019596,Tom Brady,32,6.27247534331218
2004,7,New Orleans Saints,00-0001823,Aaron Brooks,40,11.2637950834247
2004,7,New York Giants,00-0017200,Kurt Warner,40,-1.31754800330668
2004,7,New York Jets,00-0019559,Chad Pennington,30,0.750952002883423
2004,7,Philadelphia Eagles,00-0011022,Donovan McNabb,45,11.7387992550266
2004,7,Seattle Seahawks,00-0007091,Matt Hasselbeck,42,-12.3735422450141
2004,7,Tampa Bay Buccaneers,00-0006423,Brian Griese,24,1.92759060964046
2004,7,Tennessee Titans,00-0011024,Steve McNair,5,-2.02688182027521
2004,7,Tennessee Titans,00-0019041,Billy Volek,38,-14.3357643498457
2004,8,Arizona Cardinals,00-0021206,Josh McCown,27,-2.79815870668972
2004,8,Atlanta Falcons,00-0020245,Mike Vick,25,17.4346783588843
2004,8,Baltimore Ravens,00-0022164,Kyle Boller,40,6.58753729262389
2004,8,Buffalo Bills,00-0001361,Drew Bledsoe,17,6.31680220282069
2004,8,Carolina Panthers,00-0004161,Jake Delhomme,36,5.37632965236151
2004,8,Chicago Bears,00-0022818,Craig Krenzel,30,-19.0476415589941
2004,8,Cincinnati Bengals,00-0021429,Carson Palmer,40,-2.97302228542323
2004,8,Dallas Cowboys,00-0016193,Vinny Testaverde,25,5.89372059913696
2004,8,Denver Broncos,00-0013042,Jake Plummer,55,5.02612048675655
2004,8,Detroit Lions,00-0021141,Joey Harrington,33,4.07736550387926
2004,8,Green Bay Packers,00-0005106,Brett Favre,34,5.82155292307633
2004,8,Houston Texans,00-0000722,Tony Banks,1,-1.06223816098645
2004,8,Houston Texans,00-0020608,David Carr,34,8.02441548258508
2004,8,Indianapolis Colts,00-0010346,Peyton Manning,44,24.9004473363501
2004,8,Jacksonville Jaguars,00-0021231,David Garrard,2,1.69934285071213
2004,8,Jacksonville Jaguars,00-0022177,Byron Leftwich,41,-8.29831944170141
2004,8,Kansas City Chiefs,00-0006355,Trent Green,35,28.6188161962516
2004,8,Las Vegas Raiders,00-0003292,Kerry Collins,40,4.85029887204291
2004,8,Los Angeles Chargers,00-0020531,Drew Brees,26,25.4652947461
2004,8,Miami Dolphins,00-0005180,Jay Fiedler,45,-9.42186869535362
2004,8,Minnesota Vikings,00-0003739,Daunte Culpepper,42,-7.13768360914065
2004,8,New England Patriots,00-0019596,Tom Brady,47,0.311482148221223
2004,8,New York Giants,00-0017200,Kurt Warner,26,2.58803313092414
2004,8,New York Jets,00-0019559,Chad Pennington,20,6.16785555855809
2004,8,New York Jets,00-0020404,Quincy Carter,1,1.08004008687567
2004,8,Philadelphia Eagles,00-0011022,Donovan McNabb,35,1.02035628583903
2004,8,Pittsburgh Steelers,00-0022924,Ben Roethlisberger,24,9.78634035181468
2004,8,San Francisco 49ers,00-0022039,Ken Dorsey,39,-26.1186184921498
2004,8,Seattle Seahawks,00-0007091,Matt Hasselbeck,31,2.64633660573566
2004,8,Tennessee Titans,00-0019041,Billy Volek,34,-0.472020584214985
2004,8,Washington Commanders,00-0002110,Mark Brunell,48,-11.4557419068404
2004,9,Arizona Cardinals,00-0021206,Josh McCown,32,-2.00987119571187
2004,9,Baltimore Ravens,00-0022164,Kyle Boller,31,-2.79653775851997
2004,9,Buffalo Bills,00-0001361,Drew Bledsoe,30,5.78964179350402
2004,9,Carolina Panthers,00-0004161,Jake Delhomme,47,14.5998037999487
2004,9,Chicago Bears,00-0022818,Craig Krenzel,26,-11.4658387805766
2004,9,Cincinnati Bengals,00-0021429,Carson Palmer,32,1.06946973443374
2004,9,Cleveland Browns,00-0005755,Jeff Garcia,29,-14.0838766431641
2004,9,Dallas Cowboys,00-0016193,Vinny Testaverde,31,-8.55516477424942
2004,9,Denver Broncos,00-0013042,Jake Plummer,25,13.6397156407947
2004,9,Detroit Lions,00-0021141,Joey Harrington,54,-4.83230419377977
2004,9,Houston Texans,00-0020608,David Carr,45,2.38809764639845
2004,9,Indianapolis Colts,00-0010346,Peyton Manning,30,20.4770324561978
2004,9,Kansas City Chiefs,00-0006355,Trent Green,44,19.5758445511584
2004,9,Las Vegas Raiders,00-0003292,Kerry Collins,34,8.74141911191389
2004,9,Los Angeles Chargers,00-0020531,Drew Brees,37,12.8283135427921
2004,9,Los Angeles Rams,00-0019599,Marc Bulger,38,0.243043096968904
2004,9,Miami Dolphins,00-0005180,Jay Fiedler,23,-2.26700797613887
2004,9,Miami Dolphins,00-0020305,A.J. Feeley,16,-4.24313107892543
2004,9,Minnesota Vikings,00-0003739,Daunte Culpepper,21,6.32712406248156
2004,9,New England Patriots,00-0019596,Tom Brady,33,6.53360261939545
2004,9,New Orleans Saints,00-0001823,Aaron Brooks,32,1.90847885364984
2004,9,New York Giants,00-0017200,Kurt Warner,43,-23.9073549736349
2004,9,New York Jets,00-0019559,Chad Pennington,16,1.0616102345829
2004,9,New York Jets,00-0020404,Quincy Carter,3,6.33370478963479
2004,9,Philadelphia Eagles,00-0011022,Donovan McNabb,28,-16.4581398675911
2004,9,Pittsburgh Steelers,00-0022924,Ben Roethlisberger,20,9.17138989915553
2004,9,San Francisco 49ers,00-0019623,Tim Rattay,38,-0.0083087870069786
2004,9,Seattle Seahawks,00-0007091,Matt Hasselbeck,31,14.4847472200927
2004,9,Tampa Bay Buccaneers,00-0006423,Brian Griese,35,8.46663652368473
2004,9,Washington Commanders,00-0002110,Mark Brunell,17,-3.89717326726496
2004,10,Arizona Cardinals,00-0021206,Josh McCown,26,-7.44830805426414
2004,10,Atlanta Falcons,00-0020245,Mike Vick,21,-4.38526653206621
2004,10,Baltimore Ravens,00-0022164,Kyle Boller,36,5.49251751397367
2004,10,Buffalo Bills,00-0001361,Drew Bledsoe,21,-17.43019832758
2004,10,Buffalo Bills,00-0022912,J.P. Losman,3,-4.23128650410217
2004,10,Carolina Panthers,00-0004161,Jake Delhomme,35,17.1089245802923
2004,10,Chicago Bears,00-0022818,Craig Krenzel,33,-21.5771875597579
2004,10,Cincinnati Bengals,00-0021429,Carson Palmer,39,2.26661454495184
2004,10,Cleveland Browns,00-0005755,Jeff Garcia,20,-13.8681189964991
2004,10,Cleveland Browns,00-0007576,Kelly Holcomb,9,2.11872899631271
2004,10,Dallas Cowboys,00-0016193,Vinny Testaverde,31,-1.17591533088125
2004,10,Detroit Lions,00-0021141,Joey Harrington,35,-19.9103844340473
2004,10,Green Bay Packers,00-0005106,Brett Favre,29,17.6308872313261
2004,10,Houston Texans,00-0020608,David Carr,46,-21.7486030682339
2004,10,Indianapolis Colts,00-0010346,Peyton Manning,28,13.2865758956426
2004,10,Jacksonville Jaguars,00-0021231,David Garrard,39,-0.361530952098182
2004,10,Kansas City Chiefs,00-0006355,Trent Green,35,7.20085550552685
2004,10,Los Angeles Rams,00-0019599,Marc Bulger,35,9.8095099670976
2004,10,Minnesota Vikings,00-0003739,Daunte Culpepper,48,23.219660678762
2004,10,New England Patriots,00-0019596,Tom Brady,37,1.87733811947987
2004,10,New Orleans Saints,00-0001823,Aaron Brooks,31,4.65283560047249
2004,10,New York Giants,00-0017200,Kurt Warner,36,-1.19416210449982
2004,10,New York Jets,00-0020404,Quincy Carter,27,-2.48575909864307
2004,10,Philadelphia Eagles,00-0011022,Donovan McNabb,29,23.4754212031257
2004,10,Pittsburgh Steelers,00-0022924,Ben Roethlisberger,18,0.615206887596287
2004,10,San Francisco 49ers,00-0019623,Tim Rattay,41,-8.75673256307671
2004,10,Seattle Seahawks,00-0007091,Matt Hasselbeck,37,-6.66074061981169
2004,10,Tampa Bay Buccaneers,00-0006423,Brian Griese,33,-1.43100646918174
2004,10,Tennessee Titans,00-0019041,Billy Volek,47,-3.77027594194854
2004,10,Washington Commanders,00-0002110,Mark Brunell,9,-12.7603669278324
2004,10,Washington Commanders,00-0021379,Patrick Ramsey,41,-5.53392585908635
2004,11,Arizona Cardinals,00-0009266,Shaun King,56,-11.5749785606679
2004,11,Atlanta Falcons,00-0020245,Mike Vick,22,3.97513657191303
2004,11,Baltimore Ravens,00-0022164,Kyle Boller,35,3.78105685650272
2004,11,Buffalo Bills,00-0001361,Drew Bledsoe,25,1.43958002224092
2004,11,Carolina Panthers,00-0004161,Jake Delhomme,25,6.45359753753291
2004,11,Carolina Panthers,00-0012732,Rodney Peete,1,-0.696847945568152
2004,11,Chicago Bears,00-0022818,Craig Krenzel,28,-9.39602160564391
2004,11,Cincinnati Bengals,00-0021429,Carson Palmer,28,-8.14627442776691
2004,11,Cleveland Browns,00-0005755,Jeff Garcia,17,-1.30760758511551
2004,11,Cleveland Browns,00-0007576,Kelly Holcomb,11,-3.6292732714271
2004,11,Dallas Cowboys,00-0016193,Vinny Testaverde,23,-15.5410672039344
2004,11,Dallas Cowboys,00-0022181,Drew Henson,7,-0.730648582306458
2004,11,Denver Broncos,00-0013042,Jake Plummer,29,10.3787153645927
2004,11,Detroit Lions,00-0021141,Joey Harrington,22,-5.73033422178843
2004,11,Green Bay Packers,00-0005106,Brett Favre,50,5.42329878340884
2004,11,Houston Texans,00-0020608,David Carr,28,-3.18210007583475
2004,11,Indianapolis Colts,00-0010346,Peyton Manning,28,6.46693947745092
2004,11,Jacksonville Jaguars,00-0021231,David Garrard,29,-4.65397759894713
2004,11,Kansas City Chiefs,00-0006355,Trent Green,46,10.8860235395142
2004,11,Las Vegas Raiders,00-0003292,Kerry Collins,31,7.88967146975703
2004,11,Los Angeles Chargers,00-0020531,Drew Brees,34,10.2727314753577
2004,11,Los Angeles Rams,00-0019599,Marc Bulger,51,-5.95484931152337
2004,11,Miami Dolphins,00-0005180,Jay Fiedler,2,-1.38013006886467
2004,11,Miami Dolphins,00-0020305,A.J. Feeley,48,-21.0692167821129
2004,11,Minnesota Vikings,00-0003739,Daunte Culpepper,35,7.56512266023504
2004,11,New England Patriots,00-0019596,Tom Brady,27,23.0674660441259
2004,11,New Orleans Saints,00-0001823,Aaron Brooks,62,-11.9938411229759
2004,11,New York Giants,00-0022803,Eli Manning,38,-5.81341842178527
2004,11,New York Jets,00-0020404,Quincy Carter,26,-8.51443266388479
2004,11,Philadelphia Eagles,00-0004229,Koy Detmer,1,-1.0531511164736
2004,11,Philadelphia Eagles,00-0011022,Donovan McNabb,29,11.9697549035191
2004,11,Pittsburgh Steelers,00-0022924,Ben Roethlisberger,28,-9.370650340694
2004,11,San Francisco 49ers,00-0019623,Tim Rattay,36,-19.0021591702343
2004,11,Seattle Seahawks,00-0004293,Trent Dilfer,31,-4.17055931600722
2004,11,Tampa Bay Buccaneers,00-0006423,Brian Griese,22,9.75532426167047
2004,11,Tampa Bay Buccaneers,00-0022005,Chris Simms,1,-2.04729688691441
2004,11,Tennessee Titans,00-0011024,Steve McNair,33,-0.61257438337356
2004,11,Washington Commanders,00-0021379,Patrick Ramsey,35,-4.54221037242355
2004,12,Arizona Cardinals,00-0009266,Shaun King,27,1.2913861873094
2004,12,Arizona Cardinals,00-0021206,Josh McCown,10,0.120265487988945
2004,12,Atlanta Falcons,00-0020245,Mike Vick,31,0.787904065974483
2004,12,Baltimore Ravens,00-0022164,Kyle Boller,39,-28.9134560857459
2004,12,Buffalo Bills,00-0001361,Drew Bledsoe,38,9.80482284147315
2004,12,Buffalo Bills,00-0022912,J.P. Losman,1,1.52972364460584
2004,12,Carolina Panthers,00-0004161,Jake Delhomme,25,4.6330997005429
2004,12,Chicago Bears,00-0013338,Jonathan Quinn,25,-10.7240499587497
2004,12,Chicago Bears,00-0022818,Craig Krenzel,12,-2.51641197386198
2004,12,Cincinnati Bengals,00-0021429,Carson Palmer,29,-1.79272710995382
2004,12,Cleveland Browns,00-0007576,Kelly Holcomb,42,12.2434322775136
2004,12,Dallas Cowboys,00-0016193,Vinny Testaverde,15,4.6090035380912
2004,12,Dallas Cowboys,00-0022181,Drew Henson,13,-15.4367126672296
2004,12,Denver Broncos,00-0013042,Jake Plummer,23,4.32764220256894
2004,12,Detroit Lions,00-0020308,Mike McMahon,16,-3.71122042398201
2004,12,Detroit Lions,00-0021141,Joey Harrington,25,-6.22170268757127
2004,12,Green Bay Packers,00-0005106,Brett Favre,27,14.583862718835
2004,12,Houston Texans,00-0020608,David Carr,33,1.49771693353056
2004,12,Indianapolis Colts,00-0010346,Peyton Manning,28,21.5780431274907
2004,12,Indianapolis Colts,00-0022744,Jim Sorgi,3,-2.28843086957932
2004,12,Jacksonville Jaguars,00-0022177,Byron Leftwich,36,-1.12536225724121
2004,12,Kansas City Chiefs,00-0006355,Trent Green,35,0.266518114556547
2004,12,Las Vegas Raiders,00-0003292,Kerry Collins,46,0.78237683458565
2004,12,Los Angeles Chargers,00-0020531,Drew Brees,38,23.9565907251137
2004,12,Los Angeles Rams,00-0019599,Marc Bulger,57,17.8886193743055
2004,12,Miami Dolphins,00-0020305,A.J. Feeley,34,-1.40988395495593
2004,12,Minnesota Vikings,00-0003739,Daunte Culpepper,31,2.61502174832825
2004,12,New England Patriots,00-0019596,Tom Brady,31,-2.42508216265112
2004,12,New Orleans Saints,00-0001823,Aaron Brooks,38,1.29187234389462
2004,12,New York Giants,00-0022803,Eli Manning,26,-18.7759506677001
2004,12,New York Jets,00-0020404,Quincy Carter,13,7.80091994482521
2004,12,New York Jets,00-0022026,Brooks Bollinger,10,-2.66983046894893
2004,12,Philadelphia Eagles,00-0011022,Donovan McNabb,29,6.64246448906737
2004,12,Pittsburgh Steelers,00-0022924,Ben Roethlisberger,24,-4.26475398006999
2004,12,San Francisco 49ers,00-0019623,Tim Rattay,46,-16.0766390432131
2004,12,Seattle Seahawks,00-0007091,Matt Hasselbeck,40,-6.81859937463002
2004,12,Tampa Bay Buccaneers,00-0006423,Brian Griese,41,15.4057904250774
2004,12,Tennessee Titans,00-0011024,Steve McNair,35,5.93811149557587
2004,12,Washington Commanders,00-0021379,Patrick Ramsey,38,-11.258913683705
2004,13,Arizona Cardinals,00-0022827,John Navarre,41,-20.0130024805653
2004,13,Atlanta Falcons,00-0020245,Mike Vick,32,-31.9239186400664
2004,13,Atlanta Falcons,00-0022787,Matt Schaub,2,-4.4368115569232
2004,13,Baltimore Ravens,00-0022164,Kyle Boller,34,-1.2795307971662
2004,13,Buffalo Bills,00-0001361,Drew Bledsoe,33,13.6507480776091
2004,13,Carolina Panthers,00-0004161,Jake Delhomme,33,11.7380461424786
2004,13,Chicago Bears,00-0020562,Chad Hutchinson,35,6.65024906987616
2004,13,Cincinnati Bengals,00-0021429,Carson Palmer,39,10.3885285754707
2004,13,Cleveland Browns,00-0022864,Luke McCown,37,-0.668375840425026
2004,13,Dallas Cowboys,00-0016193,Vinny Testaverde,37,3.24860694966307
2004,13,Denver Broncos,00-0013042,Jake Plummer,42,-12.5875422393416
2004,13,Detroit Lions,00-0021141,Joey Harrington,29,-5.66322271604232
2004,13,Green Bay Packers,00-0005106,Brett Favre,32,-11.9206945267609
2004,13,Green Bay Packers,00-0021277,Craig Nall,13,6.33984596421942
2004,13,Houston Texans,00-0020608,David Carr,27,-10.2856552927406
2004,13,Indianapolis Colts,00-0010346,Peyton Manning,34,19.7485359230645
2004,13,Indianapolis Colts,00-0022744,Jim Sorgi,1,-0.6740449812307
2004,13,Jacksonville Jaguars,00-0022177,Byron Leftwich,29,11.2297643894371
2004,13,Kansas City Chiefs,00-0006355,Trent Green,35,18.502876006411
2004,13,Las Vegas Raiders,00-0003292,Kerry Collins,43,12.3438719241204
2004,13,Los Angeles Chargers,00-0020531,Drew Brees,29,-14.3730333805773
2004,13,Los Angeles Rams,00-0002876,Chris Chandler,29,-1.06093158885987
2004,13,Los Angeles Rams,00-0019599,Marc Bulger,5,-1.36263482581126
2004,13,Miami Dolphins,00-0020305,A.J. Feeley,52,-12.72002623619
2004,13,Minnesota Vikings,00-0003739,Daunte Culpepper,38,-4.98547313023458
2004,13,New England Patriots,00-0019596,Tom Brady,22,8.91290621570079
2004,13,New England Patriots,00-0021238,Rohan Davey,6,4.5422366928542
2004,13,New Orleans Saints,00-0001823,Aaron Brooks,41,2.5320835057064
2004,13,New York Giants,00-0022803,Eli Manning,26,-8.14854847683455
2004,13,New York Jets,00-0019559,Chad Pennington,28,2.25307818588589
2004,13,Philadelphia Eagles,00-0004229,Koy Detmer,2,-0.985365812550299
2004,13,Philadelphia Eagles,00-0011022,Donovan McNabb,47,23.7435711233626
2004,13,Pittsburgh Steelers,00-0022924,Ben Roethlisberger,20,9.63350923079856
2004,13,San Francisco 49ers,00-0019623,Tim Rattay,25,-9.02953037167531
2004,13,Seattle Seahawks,00-0007091,Matt Hasselbeck,42,23.0528666364427
2004,13,Tampa Bay Buccaneers,00-0006423,Brian Griese,24,-5.8037200760871
2004,13,Tennessee Titans,00-0019041,Billy Volek,42,-5.25652994215592
2004,13,Washington Commanders,00-0021379,Patrick Ramsey,23,13.1672494392148
2004,14,Arizona Cardinals,00-0021206,Josh McCown,45,5.59305368097294
2004,14,Atlanta Falcons,00-0020245,Mike Vick,21,1.1131508401013
2004,14,Atlanta Falcons,00-0022787,Matt Schaub,1,-1.18675363226794
2004,14,Baltimore Ravens,00-0022164,Kyle Boller,38,-4.77319491423928
2004,14,Buffalo Bills,00-0001361,Drew Bledsoe,28,-8.90525684784883
2004,14,Buffalo Bills,00-0022912,J.P. Losman,2,0.504566792049445
2004,14,Carolina Panthers,00-0004161,Jake Delhomme,32,-1.18162920570458
2004,14,Chicago Bears,00-0020562,Chad Hutchinson,38,-12.8066721233957
2004,14,Cincinnati Bengals,00-0009311,Jon Kitna,13,6.28363180020824
2004,14,Cincinnati Bengals,00-0021429,Carson Palmer,24,9.10530120556359
2004,14,Cleveland Browns,00-0005755,Jeff Garcia,2,-4.26497015613131
2004,14,Cleveland Browns,00-0022864,Luke McCown,27,-18.3869761921881
2004,14,Dallas Cowboys,00-0016193,Vinny Testaverde,38,-12.4517357982627
2004,14,Denver Broncos,00-0013042,Jake Plummer,30,-4.52647918179208
2004,14,Detroit Lions,00-0021141,Joey Harrington,24,-11.3722206859319
2004,14,Green Bay Packers,00-0005106,Brett Favre,37,-2.33411934671034
2004,14,Houston Texans,00-0020608,David Carr,26,0.285711211967282
2004,14,Indianapolis Colts,00-0010346,Peyton Manning,35,16.4770850504553
2004,14,Jacksonville Jaguars,00-0022177,Byron Leftwich,45,-3.15746066657435
2004,14,Kansas City Chiefs,00-0006355,Trent Green,33,10.1258730810951
2004,14,Las Vegas Raiders,00-0003292,Kerry Collins,29,-8.83990374127091
2004,14,Los Angeles Chargers,00-0020531,Drew Brees,25,4.24490180503632
2004,14,Los Angeles Rams,00-0002876,Chris Chandler,32,-10.4926439750707
2004,14,Miami Dolphins,00-0020305,A.J. Feeley,39,-6.37032202597741
2004,14,Minnesota Vikings,00-0003739,Daunte Culpepper,34,3.21421119335224
2004,14,New England Patriots,00-0019596,Tom Brady,27,11.8468083918269
2004,14,New Orleans Saints,00-0001823,Aaron Brooks,33,-0.91983188064701
2004,14,New York Giants,00-0017200,Kurt Warner,9,6.56574407921289
2004,14,New York Giants,00-0022803,Eli Manning,20,-17.566782716178
2004,14,New York Jets,00-0019559,Chad Pennington,31,-5.64211921042401
2004,14,Philadelphia Eagles,00-0011022,Donovan McNabb,40,1.96709087829343
2004,14,Pittsburgh Steelers,00-0022924,Ben Roethlisberger,21,-5.15664530578972
2004,14,San Francisco 49ers,00-0022039,Ken Dorsey,35,3.18092539481586
2004,14,Seattle Seahawks,00-0007091,Matt Hasselbeck,37,13.4627043753374
2004,14,Tampa Bay Buccaneers,00-0006423,Brian Griese,53,3.00584221238701
2004,14,Tennessee Titans,00-0019041,Billy Volek,48,17.8082740441425
2004,14,Washington Commanders,00-0021379,Patrick Ramsey,48,-1.13639844496552
2004,15,Arizona Cardinals,00-0021206,Josh McCown,36,2.39984187298081
2004,15,Atlanta Falcons,00-0020245,Mike Vick,32,-10.2904836215312
2004,15,Baltimore Ravens,00-0022164,Kyle Boller,42,-6.31227445168469
2004,15,Buffalo Bills,00-0001361,Drew Bledsoe,32,1.37607762668456
2004,15,Carolina Panthers,00-0004161,Jake Delhomme,39,9.41104192227337
2004,15,Chicago Bears,00-0020562,Chad Hutchinson,36,-19.9721252581118
2004,15,Cincinnati Bengals,00-0009311,Jon Kitna,35,-11.5668718167581
2004,15,Cleveland Browns,00-0022864,Luke McCown,28,-21.6457389845065
2004,15,Dallas Cowboys,00-0016193,Vinny Testaverde,31,-3.72107510346728
2004,15,Denver Broncos,00-0013042,Jake Plummer,47,-0.212059501791373
2004,15,Detroit Lions,00-0021141,Joey Harrington,46,8.08919226863659
2004,15,Green Bay Packers,00-0005106,Brett Favre,46,7.91948575331402
2004,15,Houston Texans,00-0020608,David Carr,30,7.65455470680421
2004,15,Indianapolis Colts,00-0010346,Peyton Manning,33,6.11272091450587
2004,15,Jacksonville Jaguars,00-0022177,Byron Leftwich,21,-4.47989628696814
2004,15,Kansas City Chiefs,00-0003315,Todd Collins,4,-0.256283631540498
2004,15,Kansas City Chiefs,00-0006355,Trent Green,22,16.5670867958688
2004,15,Las Vegas Raiders,00-0003292,Kerry Collins,39,15.6107784691267
2004,15,Los Angeles Chargers,00-0020531,Drew Brees,7,3.99612572329352
2004,15,Los Angeles Rams,00-0002876,Chris Chandler,8,-9.87431603530422
2004,15,Los Angeles Rams,00-0010455,Jamie Martin,33,4.39478127949405
2004,15,Miami Dolphins,00-0020305,A.J. Feeley,39,1.7383910007395
2004,15,Minnesota Vikings,00-0003739,Daunte Culpepper,40,18.9195411491382
2004,15,New England Patriots,00-0019596,Tom Brady,31,-2.47950370109174
2004,15,New Orleans Saints,00-0001823,Aaron Brooks,28,5.16851380441558
2004,15,New York Giants,00-0022803,Eli Manning,23,9.29969234247995
2004,15,New York Jets,00-0019559,Chad Pennington,24,20.0996390102082
2004,15,Philadelphia Eagles,00-0011022,Donovan McNabb,37,-6.83359422352794
2004,15,Pittsburgh Steelers,00-0022924,Ben Roethlisberger,31,15.6318851011758
2004,15,San Francisco 49ers,00-0022039,Ken Dorsey,39,-16.9603939529625
2004,15,Seattle Seahawks,00-0004293,Trent Dilfer,2,-1.53994167363271
2004,15,Seattle Seahawks,00-0007091,Matt Hasselbeck,33,6.63121686695376
2004,15,Tampa Bay Buccaneers,00-0006423,Brian Griese,23,-1.31316433043685
2004,15,Tennessee Titans,00-0019041,Billy Volek,63,20.1006466383729
2004,15,Washington Commanders,00-0021379,Patrick Ramsey,28,10.3135283188822
2004,16,Arizona Cardinals,00-0021206,Josh McCown,37,-0.159077832288151
2004,16,Atlanta Falcons,00-0022787,Matt Schaub,44,-7.80911286610658
2004,16,Baltimore Ravens,00-0022164,Kyle Boller,32,-0.990865534062287
2004,16,Buffalo Bills,00-0001361,Drew Bledsoe,33,5.06184649594896
2004,16,Buffalo Bills,00-0010560,Shane Matthews,3,5.49485461809672
2004,16,Carolina Panthers,00-0004161,Jake Delhomme,25,19.9981950394003
2004,16,Chicago Bears,00-0020562,Chad Hutchinson,37,-7.51005841484573
2004,16,Cincinnati Bengals,00-0009311,Jon Kitna,35,6.46465220913268
2004,16,Cleveland Browns,00-0022864,Luke McCown,18,-1.11055360993487
2004,16,Dallas Cowboys,00-0016193,Vinny Testaverde,44,3.44390148826975
2004,16,Denver Broncos,00-0013042,Jake Plummer,26,18.8941146377966
2004,16,Detroit Lions,00-0021141,Joey Harrington,32,-15.1914654018521
2004,16,Green Bay Packers,00-0005106,Brett Favre,44,20.3294149642498
2004,16,Houston Texans,00-0020608,David Carr,24,1.98717723725713
2004,16,Indianapolis Colts,00-0010346,Peyton Manning,48,12.755644847626
2004,16,Jacksonville Jaguars,00-0021231,David Garrard,8,-2.94351308379555
2004,16,Jacksonville Jaguars,00-0022177,Byron Leftwich,16,-11.8342610553955
2004,16,Kansas City Chiefs,00-0006355,Trent Green,49,12.4743519647323
2004,16,Las Vegas Raiders,00-0003292,Kerry Collins,39,4.53122180128564
2004,16,Los Angeles Chargers,00-0020531,Drew Brees,32,19.4758921555918
2004,16,Los Angeles Rams,00-0019599,Marc Bulger,29,11.5109029291822
2004,16,Miami Dolphins,00-0020305,A.J. Feeley,45,-9.371660014548
2004,16,Miami Dolphins,00-0020480,Sage Rosenfels,1,-0.814652548870072
2004,16,Minnesota Vikings,00-0003739,Daunte Culpepper,23,15.4690593287652
2004,16,New England Patriots,00-0019596,Tom Brady,33,12.0104413239732
2004,16,New Orleans Saints,00-0001823,Aaron Brooks,28,-5.81127204489894
2004,16,New York Giants,00-0022803,Eli Manning,39,0.354623866446662
2004,16,New York Jets,00-0019559,Chad Pennington,39,-6.91614793322515
2004,16,Philadelphia Eagles,00-0001335,Jeff Blake,15,-8.56814207916614
2004,16,Philadelphia Eagles,00-0004229,Koy Detmer,6,-5.02921299822629
2004,16,Philadelphia Eagles,00-0011022,Donovan McNabb,3,6.67819710180629
2004,16,Pittsburgh Steelers,00-0010261,Tommy Maddox,1,-1.44391427502517
2004,16,Pittsburgh Steelers,00-0022924,Ben Roethlisberger,19,10.3085546264927
2004,16,San Francisco 49ers,00-0022039,Ken Dorsey,11,-7.40314047032734
2004,16,San Francisco 49ers,00-0022731,Cody Pickett,12,-7.47096232429612
2004,16,Seattle Seahawks,00-0004293,Trent Dilfer,27,-6.34319628267726
2004,16,Tampa Bay Buccaneers,00-0006423,Brian Griese,43,4.56779817606742
2004,16,Tennessee Titans,00-0019041,Billy Volek,25,-17.5155320149027
2004,16,Tennessee Titans,00-0019087,Doug Johnson,8,-5.12279929034412
2004,16,Washington Commanders,00-0021379,Patrick Ramsey,31,-3.41887905374945
2004,17,Arizona Cardinals,00-0021206,Josh McCown,36,-11.4513013556245
2004,17,Atlanta Falcons,00-0020245,Mike Vick,9,-0.0695946782741967
2004,17,Atlanta Falcons,00-0022787,Matt Schaub,23,3.69903043110606
2004,17,Baltimore Ravens,00-0022164,Kyle Boller,27,-1.12769563198447
2004,17,Buffalo Bills,00-0001361,Drew Bledsoe,33,-11.6514929760165
2004,17,Carolina Panthers,00-0004161,Jake Delhomme,56,-8.69328321668093
2004,17,Chicago Bears,00-0020562,Chad Hutchinson,38,-15.8242308338522
2004,17,Cincinnati Bengals,00-0009311,Jon Kitna,27,2.04499457432926
2004,17,Cleveland Browns,00-0007576,Kelly Holcomb,30,-1.89016191470225
2004,17,Dallas Cowboys,00-0016193,Vinny Testaverde,34,5.2751958614772
2004,17,Denver Broncos,00-0013042,Jake Plummer,31,9.47564688471602
2004,17,Detroit Lions,00-0021141,Joey Harrington,51,-2.82362927157096
2004,17,Green Bay Packers,00-0005106,Brett Favre,13,13.8104063321371
2004,17,Green Bay Packers,00-0021277,Craig Nall,13,8.4485981378244
2004,17,Houston Texans,00-0000722,Tony Banks,1,2.15374344860902
2004,17,Houston Texans,00-0020608,David Carr,31,-7.74182676488999
2004,17,Indianapolis Colts,00-0010346,Peyton Manning,2,-0.982088832650334
2004,17,Indianapolis Colts,00-0022744,Jim Sorgi,26,3.41424729500432
2004,17,Jacksonville Jaguars,00-0022177,Byron Leftwich,29,-0.653958580524326
2004,17,Kansas City Chiefs,00-0006355,Trent Green,53,2.88549176427986
2004,17,Las Vegas Raiders,00-0003292,Kerry Collins,41,-22.2086251540502
2004,17,Los Angeles Chargers,00-0005363,Doug Flutie,23,9.8549136086926
2004,17,Los Angeles Chargers,00-0022942,Philip Rivers,8,1.14483810873935
2004,17,Los Angeles Rams,00-0019599,Marc Bulger,42,9.55005831324347
2004,17,Miami Dolphins,00-0020480,Sage Rosenfels,41,-12.2258108083882
2004,17,Minnesota Vikings,00-0003739,Daunte Culpepper,48,9.43163298572521
2004,17,New England Patriots,00-0019596,Tom Brady,31,-0.154979932820424
2004,17,New England Patriots,00-0021238,Rohan Davey,4,-2.71726494980976
2004,17,New Orleans Saints,00-0001823,Aaron Brooks,27,2.47136769109736
2004,17,New York Giants,00-0022803,Eli Manning,28,5.41993256477872
2004,17,New York Jets,00-0019559,Chad Pennington,42,-8.93463370552775
2004,17,Philadelphia Eagles,00-0001335,Jeff Blake,24,-10.6277495527174
2004,17,Philadelphia Eagles,00-0004229,Koy Detmer,33,-11.7110549138743
2004,17,Pittsburgh Steelers,00-0010261,Tommy Maddox,26,-8.89926702123253
2004,17,Pittsburgh Steelers,00-0022101,Brian St. Pierre,1,-0.975340838549055
2004,17,San Francisco 49ers,00-0022039,Ken Dorsey,30,4.67899101780165
2004,17,Seattle Seahawks,00-0007091,Matt Hasselbeck,31,0.933373956853757
2004,17,Tampa Bay Buccaneers,00-0022005,Chris Simms,36,-9.74224297970068
2004,17,Tennessee Titans,00-0019041,Billy Volek,28,4.42148375051329
2004,17,Tennessee Titans,00-0019087,Doug Johnson,5,0.612487068903135
2004,17,Washington Commanders,00-0021379,Patrick Ramsey,29,3.44562771602068
2005,1,Arizona Cardinals,00-0017200,Kurt Warner,49,-1.49070213179841
2005,1,Arizona Cardinals,00-0021206,Josh McCown,10,-3.97210169548634
2005,1,Atlanta Falcons,00-0020245,Mike Vick,27,-14.0459442946012
2005,1,Baltimore Ravens,00-0018272,Anthony Wright,33,-5.13488941213725
2005,1,Baltimore Ravens,00-0022164,Kyle Boller,24,-5.87747381507281
2005,1,Buffalo Bills,00-0022912,J.P. Losman,29,0.162420313743505
2005,1,Carolina Panthers,00-0004161,Jake Delhomme,32,0.359754775944658
2005,1,Chicago Bears,00-0023541,Kyle Orton,31,-3.53556561848382
2005,1,Cincinnati Bengals,00-0021429,Carson Palmer,36,3.98515087837947
2005,1,Cleveland Browns,00-0004293,Trent Dilfer,43,-7.21723199838971
2005,1,Dallas Cowboys,00-0001361,Drew Bledsoe,28,20.9005974564934
2005,1,Denver Broncos,00-0013042,Jake Plummer,49,-9.82967947581678
2005,1,Detroit Lions,00-0021141,Joey Harrington,30,-0.262795232405506
2005,1,Green Bay Packers,00-0005106,Brett Favre,48,-11.2557885176041
2005,1,Houston Texans,00-0020608,David Carr,26,-19.3069566977792
2005,1,Indianapolis Colts,00-0010346,Peyton Manning,36,6.98061771938152
2005,1,Jacksonville Jaguars,00-0022177,Byron Leftwich,34,8.77607953319879
2005,1,Kansas City Chiefs,00-0006355,Trent Green,27,6.21054020426021
2005,1,Las Vegas Raiders,00-0003292,Kerry Collins,41,0.98621460952005
2005,1,Los Angeles Chargers,00-0020531,Drew Brees,37,1.15712297728398
2005,1,Los Angeles Rams,00-0019599,Marc Bulger,63,12.1461995244424
2005,1,Miami Dolphins,00-0005589,Gus Frerotte,36,12.6557556644785
2005,1,Minnesota Vikings,00-0003739,Daunte Culpepper,35,-8.08019871205326
2005,1,New England Patriots,00-0019596,Tom Brady,38,12.6284774768283
2005,1,New Orleans Saints,00-0001823,Aaron Brooks,25,8.5772224154498
2005,1,New York Giants,00-0022803,Eli Manning,26,-4.61827785061905
2005,1,New York Jets,00-0005180,Jay Fiedler,10,8.08638949855231
2005,1,New York Jets,00-0019559,Chad Pennington,37,-1.21312624409895
2005,1,Philadelphia Eagles,00-0011022,Donovan McNabb,47,-3.41307981041125
2005,1,Pittsburgh Steelers,00-0022924,Ben Roethlisberger,11,17.4640132601607
2005,1,San Francisco 49ers,00-0019623,Tim Rattay,18,5.1489663568791
2005,1,Seattle Seahawks,00-0007091,Matt Hasselbeck,39,-2.12248634546995
2005,1,Tampa Bay Buccaneers,00-0006423,Brian Griese,31,-2.36898998497054
2005,1,Tennessee Titans,00-0011024,Steve McNair,29,4.92628801349901
2005,1,Tennessee Titans,00-0019041,Billy Volek,1,-2.72494804894086
2005,1,Washington Commanders,00-0002110,Mark Brunell,15,-2.44782103405045
2005,1,Washington Commanders,00-0021379,Patrick Ramsey,13,2.11340087949066
2005,2,Arizona Cardinals,00-0017200,Kurt Warner,47,-5.31624545803305
2005,2,Atlanta Falcons,00-0020245,Mike Vick,22,1.84270069289103
2005,2,Atlanta Falcons,00-0022787,Matt Schaub,1,-1.89654458851134
2005,2,Baltimore Ravens,00-0018272,Anthony Wright,46,-5.57880273102628
2005,2,Buffalo Bills,00-0007576,Kelly Holcomb,3,-2.18794336915016
2005,2,Buffalo Bills,00-0022912,J.P. Losman,31,-8.167194649562
2005,2,Carolina Panthers,00-0004161,Jake Delhomme,27,-10.415637867068
2005,2,Chicago Bears,00-0001335,Jeff Blake,1,1.51409955648705
2005,2,Chicago Bears,00-0023541,Kyle Orton,23,-0.0568831608994325
2005,2,Cincinnati Bengals,00-0021429,Carson Palmer,40,18.8290629807935
2005,2,Cleveland Browns,00-0004293,Trent Dilfer,32,19.2264521925586
2005,2,Dallas Cowboys,00-0001361,Drew Bledsoe,36,2.83764440857794
2005,2,Denver Broncos,00-0013042,Jake Plummer,40,-1.66278762386419
2005,2,Detroit Lions,00-0021141,Joey Harrington,39,-20.5567917897133
2005,2,Detroit Lions,00-0023578,Dan Orlovsky,6,-2.34453306149226
2005,2,Green Bay Packers,00-0005106,Brett Favre,45,13.7563291341952
2005,2,Houston Texans,00-0020608,David Carr,34,-6.24539143807488
2005,2,Indianapolis Colts,00-0010346,Peyton Manning,28,-4.61113915394526
2005,2,Jacksonville Jaguars,00-0022177,Byron Leftwich,35,-6.19757424181777
2005,2,Kansas City Chiefs,00-0006355,Trent Green,29,9.48356113838438
2005,2,Las Vegas Raiders,00-0003292,Kerry Collins,36,0.984584465879184
2005,2,Los Angeles Chargers,00-0020531,Drew Brees,27,-6.53877679340028
2005,2,Los Angeles Rams,00-0019599,Marc Bulger,33,-0.621140535191212
2005,2,Miami Dolphins,00-0005589,Gus Frerotte,45,-4.57195127487081
2005,2,Minnesota Vikings,00-0003739,Daunte Culpepper,39,-12.1040666108746
2005,2,New England Patriots,00-0019596,Tom Brady,46,-1.32805112689553
2005,2,New Orleans Saints,00-0001823,Aaron Brooks,49,10.6343622478844
2005,2,New York Giants,00-0022803,Eli Manning,24,8.0510140442579
2005,2,New York Jets,00-0019559,Chad Pennington,32,5.76222199108022
2005,2,Philadelphia Eagles,00-0004229,Koy Detmer,9,8.29015982928104
2005,2,Philadelphia Eagles,00-0011022,Donovan McNabb,31,20.8328693144572
2005,2,Philadelphia Eagles,00-0020308,Mike McMahon,1,1.6800747102825
2005,2,Pittsburgh Steelers,00-0022924,Ben Roethlisberger,22,16.3960127986758
2005,2,San Francisco 49ers,00-0019623,Tim Rattay,29,-17.8904458364555
2005,2,San Francisco 49ers,00-0023436,Alex Smith,1,-0.405064933933318
2005,2,Seattle Seahawks,00-0007091,Matt Hasselbeck,33,8.71602657280164
2005,2,Tampa Bay Buccaneers,00-0006423,Brian Griese,23,1.68035672101541
2005,2,Tennessee Titans,00-0011024,Steve McNair,37,-0.365806453053032
2005,2,Washington Commanders,00-0002110,Mark Brunell,39,4.48378855799092
2005,3,Arizona Cardinals,00-0017200,Kurt Warner,14,1.34542448290772
2005,3,Arizona Cardinals,00-0021206,Josh McCown,25,-9.76849552628943
2005,3,Atlanta Falcons,00-0020245,Mike Vick,27,5.67659972549882
2005,3,Buffalo Bills,00-0022912,J.P. Losman,27,-14.8529124666268
2005,3,Carolina Panthers,00-0004161,Jake Delhomme,39,4.3192218721022
2005,3,Chicago Bears,00-0023541,Kyle Orton,39,-17.0731207525087
2005,3,Cincinnati Bengals,00-0021429,Carson Palmer,24,2.72847026892641
2005,3,Cleveland Browns,00-0004293,Trent Dilfer,33,-1.58669717485143
2005,3,Dallas Cowboys,00-0001361,Drew Bledsoe,40,10.7289703283461
2005,3,Denver Broncos,00-0013042,Jake Plummer,19,7.08277445079666
2005,3,Green Bay Packers,00-0005106,Brett Favre,26,2.90340780601938
2005,3,Indianapolis Colts,00-0010346,Peyton Manning,23,12.1401313115118
2005,3,Jacksonville Jaguars,00-0022177,Byron Leftwich,25,3.28883470062297
2005,3,Kansas City Chiefs,00-0006355,Trent Green,46,-0.681887240168762
2005,3,Las Vegas Raiders,00-0003292,Kerry Collins,43,17.4512155545798
2005,3,Los Angeles Chargers,00-0020531,Drew Brees,22,15.2555638012127
2005,3,Los Angeles Rams,00-0019599,Marc Bulger,32,-1.88316717246096
2005,3,Miami Dolphins,00-0005589,Gus Frerotte,33,-0.801387539637211
2005,3,Minnesota Vikings,00-0003739,Daunte Culpepper,36,6.74523990126007
2005,3,New England Patriots,00-0019596,Tom Brady,44,10.4401991105896
2005,3,New Orleans Saints,00-0001823,Aaron Brooks,35,-10.6518723157328
2005,3,New York Giants,00-0022803,Eli Manning,43,22.0834334692057
2005,3,New York Jets,00-0005180,Jay Fiedler,3,-0.948715829406865
2005,3,New York Jets,00-0019559,Chad Pennington,23,-12.599189104168
2005,3,Philadelphia Eagles,00-0011022,Donovan McNabb,53,6.73888858749905
2005,3,Pittsburgh Steelers,00-0022924,Ben Roethlisberger,32,2.91526897117776
2005,3,San Francisco 49ers,00-0019623,Tim Rattay,36,5.01593707987242
2005,3,Seattle Seahawks,00-0007091,Matt Hasselbeck,31,9.39852942131676
2005,3,Seattle Seahawks,00-0022055,Seneca Wallace,1,3.91228147468064
2005,3,Tampa Bay Buccaneers,00-0006423,Brian Griese,28,-1.78819291872152
2005,3,Tennessee Titans,00-0011024,Steve McNair,41,-8.70805393781632
2005,4,Arizona Cardinals,00-0021206,Josh McCown,49,13.6316736313299
2005,4,Atlanta Falcons,00-0020245,Mike Vick,9,3.42142653634073
2005,4,Atlanta Falcons,00-0022787,Matt Schaub,14,-4.33103970467064
2005,4,Baltimore Ravens,00-0018272,Anthony Wright,21,-1.44451761863813
2005,4,Buffalo Bills,00-0007576,Kelly Holcomb,7,-1.80563439289108
2005,4,Buffalo Bills,00-0022912,J.P. Losman,18,-6.23435127494157
2005,4,Carolina Panthers,00-0004161,Jake Delhomme,26,4.98501580598288
2005,4,Cincinnati Bengals,00-0021429,Carson Palmer,36,12.8384504194892
2005,4,Dallas Cowboys,00-0001361,Drew Bledsoe,30,4.03843349506496
2005,4,Denver Broncos,00-0013042,Jake Plummer,29,2.05019290881387
2005,4,Detroit Lions,00-0021141,Joey Harrington,29,-4.52793366106382
2005,4,Green Bay Packers,00-0005106,Brett Favre,48,8.6889701851618
2005,4,Houston Texans,00-0020608,David Carr,33,2.21214025549125
2005,4,Indianapolis Colts,00-0010346,Peyton Manning,27,28.291042914323
2005,4,Jacksonville Jaguars,00-0022177,Byron Leftwich,36,-4.61422721348936
2005,4,Kansas City Chiefs,00-0006355,Trent Green,33,-5.96396056766755
2005,4,Las Vegas Raiders,00-0003292,Kerry Collins,26,0.990077935090552
2005,4,Los Angeles Chargers,00-0020531,Drew Brees,24,23.2852070042864
2005,4,Los Angeles Rams,00-0019599,Marc Bulger,63,15.1946848472784
2005,4,Minnesota Vikings,00-0003739,Daunte Culpepper,43,-11.2170807203098
2005,4,New England Patriots,00-0019596,Tom Brady,33,1.94770810084348
2005,4,New England Patriots,00-0023662,Matt Cassel,4,-7.62486938526854
2005,4,New Orleans Saints,00-0001823,Aaron Brooks,27,0.480141656260268
2005,4,New York Giants,00-0022803,Eli Manning,36,16.0146432996818
2005,4,New York Jets,00-0022026,Brooks Bollinger,33,-12.5682481877157
2005,4,Philadelphia Eagles,00-0011022,Donovan McNabb,49,21.6662973835092
2005,4,San Francisco 49ers,00-0019623,Tim Rattay,24,-5.85890733043198
2005,4,San Francisco 49ers,00-0023436,Alex Smith,12,-3.80687163141556
2005,4,Seattle Seahawks,00-0007091,Matt Hasselbeck,39,9.49850976512744
2005,4,Tampa Bay Buccaneers,00-0006423,Brian Griese,42,-5.28675042108944
2005,4,Tennessee Titans,00-0011024,Steve McNair,39,5.08236890692781
2005,4,Washington Commanders,00-0002110,Mark Brunell,38,9.89226030662122
2005,5,Arizona Cardinals,00-0021206,Josh McCown,47,7.67710421947651
2005,5,Atlanta Falcons,00-0022787,Matt Schaub,37,4.69077860987733
2005,5,Baltimore Ravens,00-0018272,Anthony Wright,38,-4.55253119651529
2005,5,Buffalo Bills,00-0007576,Kelly Holcomb,29,-0.6417658761429
2005,5,Carolina Panthers,00-0004161,Jake Delhomme,29,8.08596782903869
2005,5,Chicago Bears,00-0023541,Kyle Orton,30,-7.48027957801085
2005,5,Cincinnati Bengals,00-0021429,Carson Palmer,35,2.97147013829151
2005,5,Cleveland Browns,00-0004293,Trent Dilfer,36,-6.16522848118108
2005,5,Dallas Cowboys,00-0001361,Drew Bledsoe,35,15.8061118483955
2005,5,Denver Broncos,00-0013042,Jake Plummer,25,-4.56864230165957
2005,5,Detroit Lions,00-0021141,Joey Harrington,24,-2.74852934887167
2005,5,Green Bay Packers,00-0005106,Brett Favre,27,14.5096778520054
2005,5,Green Bay Packers,00-0023459,Aaron Rodgers,1,-1.19436659943312
2005,5,Houston Texans,00-0020608,David Carr,34,-8.03395333420876
2005,5,Indianapolis Colts,00-0010346,Peyton Manning,32,13.8123779005255
2005,5,Jacksonville Jaguars,00-0022177,Byron Leftwich,24,0.755125342338303
2005,5,Los Angeles Chargers,00-0020531,Drew Brees,36,-1.43660006076953
2005,5,Los Angeles Rams,00-0019599,Marc Bulger,44,5.82511182814095
2005,5,Miami Dolphins,00-0005589,Gus Frerotte,35,1.46128350979416
2005,5,New England Patriots,00-0019596,Tom Brady,28,19.4244792277459
2005,5,New Orleans Saints,00-0001545,Todd Bouman,15,-17.5258235459914
2005,5,New Orleans Saints,00-0001823,Aaron Brooks,24,-7.17478809535377
2005,5,New York Jets,00-0016193,Vinny Testaverde,21,1.19304679213711
2005,5,Philadelphia Eagles,00-0004229,Koy Detmer,4,-2.03393947912264
2005,5,Philadelphia Eagles,00-0011022,Donovan McNabb,30,-7.66676392324946
2005,5,Pittsburgh Steelers,00-0022924,Ben Roethlisberger,29,3.42487206344958
2005,5,San Francisco 49ers,00-0023436,Alex Smith,28,-24.4004973295846
2005,5,Seattle Seahawks,00-0007091,Matt Hasselbeck,42,10.8952707975944
2005,5,Tampa Bay Buccaneers,00-0006423,Brian Griese,45,-8.09495676014266
2005,5,Tennessee Titans,00-0011024,Steve McNair,31,11.3711269670011
2005,5,Washington Commanders,00-0002110,Mark Brunell,53,6.65787801678106
2005,6,Atlanta Falcons,00-0020245,Mike Vick,24,-7.04372573297071
2005,6,Baltimore Ravens,00-0018272,Anthony Wright,32,1.24774729745978
2005,6,Buffalo Bills,00-0007576,Kelly Holcomb,27,-0.0967284536480517
2005,6,Carolina Panthers,00-0004161,Jake Delhomme,27,-6.67181015596725
2005,6,Carolina Panthers,00-0020434,Chris Weinke,7,6.67045622173464
2005,6,Chicago Bears,00-0023541,Kyle Orton,28,-2.82970229760394
2005,6,Cincinnati Bengals,00-0021429,Carson Palmer,34,14.6600572133032
2005,6,Cleveland Browns,00-0004293,Trent Dilfer,34,-11.1170867475626
2005,6,Dallas Cowboys,00-0001361,Drew Bledsoe,40,9.29835055839842
2005,6,Denver Broncos,00-0013042,Jake Plummer,25,11.9842325278441
2005,6,Detroit Lions,00-0021141,Joey Harrington,34,-14.2830508048291
2005,6,Houston Texans,00-0020608,David Carr,36,6.31791711241695
2005,6,Indianapolis Colts,00-0010346,Peyton Manning,34,7.16427946969771
2005,6,Jacksonville Jaguars,00-0022177,Byron Leftwich,38,2.77186072309269
2005,6,Kansas City Chiefs,00-0006355,Trent Green,26,5.95057482309588
2005,6,Las Vegas Raiders,00-0003292,Kerry Collins,52,-5.00293707248056
2005,6,Los Angeles Chargers,00-0020531,Drew Brees,22,4.59253336964169
2005,6,Los Angeles Rams,00-0010455,Jamie Martin,22,-4.38467612653353
2005,6,Los Angeles Rams,00-0019599,Marc Bulger,8,4.01171001722105
2005,6,Miami Dolphins,00-0005589,Gus Frerotte,47,-14.326333107494
2005,6,Minnesota Vikings,00-0003739,Daunte Culpepper,52,-17.3030067924754
2005,6,Minnesota Vikings,00-0008442,Brad Johnson,1,-3.69946641055867
2005,6,New England Patriots,00-0019596,Tom Brady,46,6.55998066117966
2005,6,New Orleans Saints,00-0001823,Aaron Brooks,35,5.98018858651631
2005,6,New York Giants,00-0022803,Eli Manning,34,-11.5606981583191
2005,6,New York Jets,00-0016193,Vinny Testaverde,31,-12.48063255538
2005,6,Pittsburgh Steelers,00-0010261,Tommy Maddox,30,-13.5815830438773
2005,6,Seattle Seahawks,00-0007091,Matt Hasselbeck,23,2.45584095959202
2005,6,Tampa Bay Buccaneers,00-0006423,Brian Griese,17,7.25172635810312
2005,6,Tampa Bay Buccaneers,00-0022005,Chris Simms,12,0.465238060507686
2005,6,Tennessee Titans,00-0011024,Steve McNair,41,-3.79805610776235
2005,6,Washington Commanders,00-0002110,Mark Brunell,45,13.4992048798595
2005,7,Arizona Cardinals,00-0021206,Josh McCown,32,-12.0702787821846
2005,7,Atlanta Falcons,00-0020245,Mike Vick,29,-14.5146533956029
2005,7,Baltimore Ravens,00-0018272,Anthony Wright,36,-4.87741522513972
2005,7,Buffalo Bills,00-0007576,Kelly Holcomb,30,3.66424700646044
2005,7,Chicago Bears,00-0023541,Kyle Orton,31,-5.79868366887277
2005,7,Cincinnati Bengals,00-0021429,Carson Palmer,38,-8.92274143679556
2005,7,Cleveland Browns,00-0004293,Trent Dilfer,23,-15.4696790210278
2005,7,Dallas Cowboys,00-0001361,Drew Bledsoe,28,-9.41879943309374
2005,7,Denver Broncos,00-0013042,Jake Plummer,29,2.91442010034283
2005,7,Detroit Lions,00-0005755,Jeff Garcia,34,6.20081279530881
2005,7,Green Bay Packers,00-0005106,Brett Favre,36,19.4485085092843
2005,7,Houston Texans,00-0020608,David Carr,14,-16.7440048755524
2005,7,Indianapolis Colts,00-0010346,Peyton Manning,29,11.530647380997
2005,7,Kansas City Chiefs,00-0006355,Trent Green,36,13.6480996442211
2005,7,Las Vegas Raiders,00-0003292,Kerry Collins,29,14.4542298147891
2005,7,Los Angeles Chargers,00-0020531,Drew Brees,43,2.01550333760679
2005,7,Los Angeles Rams,00-0010455,Jamie Martin,30,-1.46563842181197
2005,7,Miami Dolphins,00-0005589,Gus Frerotte,31,-11.217746966059
2005,7,Miami Dolphins,00-0020480,Sage Rosenfels,1,6.06481038115453
2005,7,Minnesota Vikings,00-0003739,Daunte Culpepper,36,12.2318713190192
2005,7,New Orleans Saints,00-0001823,Aaron Brooks,43,-2.63511017017299
2005,7,New York Giants,00-0022803,Eli Manning,42,5.7747020905944
2005,7,New York Jets,00-0016193,Vinny Testaverde,20,-13.7111848526693
2005,7,New York Jets,00-0022026,Brooks Bollinger,22,-0.618515633163042
2005,7,Philadelphia Eagles,00-0011022,Donovan McNabb,57,-15.5802327813839
2005,7,Pittsburgh Steelers,00-0022924,Ben Roethlisberger,15,0.510572184570974
2005,7,San Francisco 49ers,00-0023436,Alex Smith,21,-13.5538673646332
2005,7,Seattle Seahawks,00-0007091,Matt Hasselbeck,43,-11.2026630201831
2005,7,Tennessee Titans,00-0019041,Billy Volek,35,-16.8170739247991
2005,7,Tennessee Titans,00-0022768,Matt Mauck,13,-0.770221374114044
2005,7,Washington Commanders,00-0002110,Mark Brunell,21,17.4819997340741
2005,7,Washington Commanders,00-0021379,Patrick Ramsey,1,0.432101915939711
2005,8,Arizona Cardinals,00-0021206,Josh McCown,36,-10.9239158943387
2005,8,Baltimore Ravens,00-0018272,Anthony Wright,46,2.69538759740613
2005,8,Buffalo Bills,00-0007576,Kelly Holcomb,35,1.41354554069975
2005,8,Carolina Panthers,00-0004161,Jake Delhomme,30,25.5926869827712
2005,8,Carolina Panthers,00-0020434,Chris Weinke,1,-0.847665766486898
2005,8,Chicago Bears,00-0023541,Kyle Orton,33,5.63218997134713
2005,8,Cincinnati Bengals,00-0021429,Carson Palmer,36,2.42310652468586
2005,8,Cleveland Browns,00-0004293,Trent Dilfer,27,-4.50955455089803
2005,8,Dallas Cowboys,00-0001361,Drew Bledsoe,27,10.3310560946363
2005,8,Denver Broncos,00-0013042,Jake Plummer,36,13.2282643243379
2005,8,Detroit Lions,00-0005755,Jeff Garcia,37,-4.61807452951645
2005,8,Green Bay Packers,00-0005106,Brett Favre,41,-0.657261274114717
2005,8,Houston Texans,00-0020608,David Carr,22,0.241126141691969
2005,8,Jacksonville Jaguars,00-0022177,Byron Leftwich,33,-2.44204641043156
2005,8,Kansas City Chiefs,00-0006355,Trent Green,47,5.25622405901387
2005,8,Las Vegas Raiders,00-0003292,Kerry Collins,31,9.31568891412643
2005,8,Los Angeles Chargers,00-0020531,Drew Brees,43,7.86016553390073
2005,8,Los Angeles Rams,00-0010455,Jamie Martin,23,-1.70457519817865
2005,8,Miami Dolphins,00-0005589,Gus Frerotte,30,0.173907160974962
2005,8,Minnesota Vikings,00-0003739,Daunte Culpepper,6,0.174952852074057
2005,8,Minnesota Vikings,00-0008442,Brad Johnson,30,2.56750813581354
2005,8,New England Patriots,00-0019596,Tom Brady,24,0.597770008840598
2005,8,New Orleans Saints,00-0001823,Aaron Brooks,37,-16.7691519961843
2005,8,New York Giants,00-0022803,Eli Manning,33,-10.0382652636949
2005,8,Philadelphia Eagles,00-0011022,Donovan McNabb,36,-2.87422325793887
2005,8,Pittsburgh Steelers,00-0022924,Ben Roethlisberger,32,0.927104944950073
2005,8,San Francisco 49ers,00-0022039,Ken Dorsey,18,-11.752855789554
2005,8,San Francisco 49ers,00-0022731,Cody Pickett,1,1.60086528665852
2005,8,Tampa Bay Buccaneers,00-0022005,Chris Simms,39,-8.38160153280819
2005,8,Tennessee Titans,00-0011024,Steve McNair,46,-5.54220752162096
2005,8,Washington Commanders,00-0002110,Mark Brunell,31,-18.0084434884484
2005,8,Washington Commanders,00-0021379,Patrick Ramsey,8,-4.33754339750158
2005,9,Arizona Cardinals,00-0017200,Kurt Warner,52,-4.5827740747553
2005,9,Atlanta Falcons,00-0020245,Mike Vick,34,16.246652903577
2005,9,Baltimore Ravens,00-0015700,Kordell Stewart,1,-2.4684445162498
2005,9,Baltimore Ravens,00-0018272,Anthony Wright,33,-8.40037701459736
2005,9,Carolina Panthers,00-0004161,Jake Delhomme,19,16.1257691817591
2005,9,Chicago Bears,00-0023541,Kyle Orton,28,-10.9779692408118
2005,9,Cincinnati Bengals,00-0021429,Carson Palmer,29,17.8204052450248
2005,9,Cleveland Browns,00-0004293,Trent Dilfer,34,3.8045424253207
2005,9,Detroit Lions,00-0021141,Joey Harrington,52,-11.4162520470955
2005,9,Green Bay Packers,00-0005106,Brett Favre,36,-10.1516125782177
2005,9,Houston Texans,00-0020608,David Carr,36,3.5392366925953
2005,9,Indianapolis Colts,00-0010346,Peyton Manning,37,23.5440911242118
2005,9,Jacksonville Jaguars,00-0022177,Byron Leftwich,27,10.3550896340166
2005,9,Kansas City Chiefs,00-0006355,Trent Green,38,1.07165915903687
2005,9,Las Vegas Raiders,00-0003292,Kerry Collins,41,-2.02530930039177
2005,9,Los Angeles Chargers,00-0020531,Drew Brees,28,14.9866031446727
2005,9,Miami Dolphins,00-0005589,Gus Frerotte,22,-7.19804000190706
2005,9,Minnesota Vikings,00-0008442,Brad Johnson,25,0.123193393591074
2005,9,New England Patriots,00-0005363,Doug Flutie,8,-1.99568026140332
2005,9,New England Patriots,00-0019596,Tom Brady,34,11.8655026109773
2005,9,New Orleans Saints,00-0001823,Aaron Brooks,29,-1.63929654147021
2005,9,New York Giants,00-0022803,Eli Manning,33,14.1153940504083
2005,9,New York Jets,00-0016193,Vinny Testaverde,12,-1.840226105146
2005,9,New York Jets,00-0022026,Brooks Bollinger,22,2.05195733720041
2005,9,Philadelphia Eagles,00-0011022,Donovan McNabb,37,7.31688275362486
2005,9,Pittsburgh Steelers,00-0000865,Charlie Batch,17,-6.60978733164786
2005,9,San Francisco 49ers,00-0022731,Cody Pickett,24,-8.63064940442917
2005,9,Seattle Seahawks,00-0007091,Matt Hasselbeck,21,7.64367798536509
2005,9,Tampa Bay Buccaneers,00-0022005,Chris Simms,47,-13.079605726467
2005,9,Tennessee Titans,00-0011024,Steve McNair,42,-3.55259645200567
2005,9,Washington Commanders,00-0002110,Mark Brunell,31,2.5188840398712
2005,10,Arizona Cardinals,00-0017200,Kurt Warner,45,13.43957108077
2005,10,Atlanta Falcons,00-0020245,Mike Vick,33,3.66134082320798
2005,10,Baltimore Ravens,00-0022164,Kyle Boller,37,-23.6564895017926
2005,10,Buffalo Bills,00-0007576,Kelly Holcomb,7,-5.48476072115591
2005,10,Buffalo Bills,00-0022912,J.P. Losman,17,2.46883560573746
2005,10,Carolina Panthers,00-0004161,Jake Delhomme,20,-2.38040898780705
2005,10,Chicago Bears,00-0023541,Kyle Orton,13,-6.55215069621714
2005,10,Cleveland Browns,00-0004293,Trent Dilfer,36,6.28751889060368
2005,10,Dallas Cowboys,00-0001361,Drew Bledsoe,26,-1.39280121924821
2005,10,Denver Broncos,00-0013042,Jake Plummer,22,9.69005602131151
2005,10,Detroit Lions,00-0021141,Joey Harrington,33,7.26846860502752
2005,10,Green Bay Packers,00-0005106,Brett Favre,40,4.71830144263757
2005,10,Houston Texans,00-0020608,David Carr,28,-1.5887508068214
2005,10,Indianapolis Colts,00-0010346,Peyton Manning,36,16.5728138723538
2005,10,Jacksonville Jaguars,00-0022177,Byron Leftwich,31,2.37320090714632
2005,10,Kansas City Chiefs,00-0006355,Trent Green,46,-21.8034179467171
2005,10,Las Vegas Raiders,00-0003292,Kerry Collins,54,-13.4716172439973
2005,10,Los Angeles Rams,00-0019599,Marc Bulger,43,8.01099247200654
2005,10,Miami Dolphins,00-0005589,Gus Frerotte,47,5.90272894299098
2005,10,Minnesota Vikings,00-0008442,Brad Johnson,34,-3.6899323478123
2005,10,New England Patriots,00-0019596,Tom Brady,38,2.59644988632403
2005,10,New York Giants,00-0022803,Eli Manning,50,-19.2677691818184
2005,10,New York Jets,00-0022026,Brooks Bollinger,24,-20.8113339190022
2005,10,Philadelphia Eagles,00-0011022,Donovan McNabb,36,-10.3410814165169
2005,10,Philadelphia Eagles,00-0020308,Mike McMahon,5,0.166161398125807
2005,10,Pittsburgh Steelers,00-0000865,Charlie Batch,19,5.19322167481007
2005,10,Pittsburgh Steelers,00-0010261,Tommy Maddox,7,-1.43413783353734
2005,10,San Francisco 49ers,00-0022731,Cody Pickett,13,-10.6029319107568
2005,10,Seattle Seahawks,00-0007091,Matt Hasselbeck,29,6.40697406723727
2005,10,Tampa Bay Buccaneers,00-0022005,Chris Simms,29,15.3273162560072
2005,10,Washington Commanders,00-0002110,Mark Brunell,37,0.621968760051259
2005,11,Arizona Cardinals,00-0017200,Kurt Warner,40,12.5940819996605
2005,11,Atlanta Falcons,00-0020245,Mike Vick,40,10.6240337583185
2005,11,Atlanta Falcons,00-0022787,Matt Schaub,1,-4.52135158609599
2005,11,Baltimore Ravens,00-0022164,Kyle Boller,41,-5.95198435740259
2005,11,Buffalo Bills,00-0022912,J.P. Losman,42,-7.9609845018309
2005,11,Carolina Panthers,00-0004161,Jake Delhomme,46,-10.9510459711946
2005,11,Chicago Bears,00-0023541,Kyle Orton,26,-2.38757565094653
2005,11,Cincinnati Bengals,00-0021429,Carson Palmer,39,9.35470073618887
2005,11,Cleveland Browns,00-0004293,Trent Dilfer,18,4.17037569911488
2005,11,Cleveland Browns,00-0023502,Charlie Frye,11,-2.85391710959467
2005,11,Dallas Cowboys,00-0001361,Drew Bledsoe,24,1.28255636080998
2005,11,Denver Broncos,00-0013042,Jake Plummer,29,0.326098195547294
2005,11,Detroit Lions,00-0021141,Joey Harrington,26,1.14112254212412
2005,11,Green Bay Packers,00-0005106,Brett Favre,35,-7.66453135409887
2005,11,Houston Texans,00-0020608,David Carr,37,-13.9260048265946
2005,11,Indianapolis Colts,00-0010346,Peyton Manning,41,19.6921726559015
2005,11,Jacksonville Jaguars,00-0022177,Byron Leftwich,40,10.6498337162438
2005,11,Kansas City Chiefs,00-0006355,Trent Green,29,8.64336253728106
2005,11,Las Vegas Raiders,00-0003292,Kerry Collins,37,10.0974873481136
2005,11,Los Angeles Chargers,00-0020531,Drew Brees,34,26.5757319501419
2005,11,Los Angeles Rams,00-0010455,Jamie Martin,21,1.74468626814214
2005,11,Los Angeles Rams,00-0019599,Marc Bulger,27,8.87232142743999
2005,11,Miami Dolphins,00-0005589,Gus Frerotte,20,-10.574228466663
2005,11,Miami Dolphins,00-0020480,Sage Rosenfels,10,-13.7879003668204
2005,11,Minnesota Vikings,00-0008442,Brad Johnson,35,-6.74015588903327
2005,11,New England Patriots,00-0019596,Tom Brady,32,8.73025787121151
2005,11,New Orleans Saints,00-0001823,Aaron Brooks,51,12.3110875283912
2005,11,New York Giants,00-0022803,Eli Manning,31,8.04714554772573
2005,11,New York Jets,00-0016193,Vinny Testaverde,27,-5.10043703950942
2005,11,New York Jets,00-0022026,Brooks Bollinger,7,-3.87785420287401
2005,11,New York Jets,00-0022027,Kliff Kingsbury,2,-2.29526694945525
2005,11,Philadelphia Eagles,00-0020308,Mike McMahon,39,4.35304159333721
2005,11,Pittsburgh Steelers,00-0010261,Tommy Maddox,42,-8.80503715661254
2005,11,San Francisco 49ers,00-0022039,Ken Dorsey,33,5.07850423387262
2005,11,Seattle Seahawks,00-0007091,Matt Hasselbeck,32,7.45190273167414
2005,11,Tampa Bay Buccaneers,00-0022005,Chris Simms,19,0.768179542667823
2005,11,Tennessee Titans,00-0011024,Steve McNair,33,1.51352082705125
2005,11,Washington Commanders,00-0002110,Mark Brunell,34,-5.37238652245501
2005,12,Arizona Cardinals,00-0017200,Kurt Warner,49,-1.2417853541538
2005,12,Atlanta Falcons,00-0020245,Mike Vick,22,1.63529362726047
2005,12,Baltimore Ravens,00-0022164,Kyle Boller,35,5.15383010283449
2005,12,Buffalo Bills,00-0022912,J.P. Losman,33,3.76574521946473
2005,12,Carolina Panthers,00-0004161,Jake Delhomme,28,8.80068095807197
2005,12,Chicago Bears,00-0023541,Kyle Orton,30,-6.5949409975962
2005,12,Cincinnati Bengals,00-0021429,Carson Palmer,30,20.3128574024321
2005,12,Cleveland Browns,00-0004293,Trent Dilfer,40,-11.9543709580264
2005,12,Cleveland Browns,00-0023502,Charlie Frye,1,-4.45960444700904
2005,12,Dallas Cowboys,00-0001361,Drew Bledsoe,45,-3.97562566205438
2005,12,Denver Broncos,00-0013042,Jake Plummer,26,1.93688242009375
2005,12,Detroit Lions,00-0005755,Jeff Garcia,26,-5.61251996498322
2005,12,Detroit Lions,00-0021141,Joey Harrington,15,-8.77163406845648
2005,12,Detroit Lions,00-0023578,Dan Orlovsky,12,-1.80303784075659
2005,12,Green Bay Packers,00-0005106,Brett Favre,34,-0.560756489052437
2005,12,Houston Texans,00-0020608,David Carr,37,15.4106027977395
2005,12,Indianapolis Colts,00-0010346,Peyton Manning,27,4.03567377330399
2005,12,Jacksonville Jaguars,00-0021231,David Garrard,26,-3.39562336700212
2005,12,Jacksonville Jaguars,00-0022177,Byron Leftwich,2,2.53713127947412
2005,12,Kansas City Chiefs,00-0006355,Trent Green,28,13.5373734916918
2005,12,Las Vegas Raiders,00-0003292,Kerry Collins,44,-10.1726699713909
2005,12,Los Angeles Chargers,00-0020531,Drew Brees,47,-7.1116172219439
2005,12,Los Angeles Rams,00-0010455,Jamie Martin,5,-3.98686342639849
2005,12,Los Angeles Rams,00-0023682,Ryan Fitzpatrick,35,19.1975516535262
2005,12,Miami Dolphins,00-0005589,Gus Frerotte,34,9.47859807566119
2005,12,Minnesota Vikings,00-0008442,Brad Johnson,30,5.14697113609873
2005,12,New England Patriots,00-0019596,Tom Brady,43,-3.7395157634775
2005,12,New Orleans Saints,00-0001823,Aaron Brooks,24,12.0426839235006
2005,12,New York Giants,00-0022803,Eli Manning,55,5.78502731391343
2005,12,New York Jets,00-0022026,Brooks Bollinger,29,7.26524627394017
2005,12,Philadelphia Eagles,00-0020308,Mike McMahon,30,-13.2672284043189
2005,12,Pittsburgh Steelers,00-0022924,Ben Roethlisberger,29,-4.24290019281409
2005,12,San Francisco 49ers,00-0022039,Ken Dorsey,45,-6.67564216579254
2005,12,Seattle Seahawks,00-0007091,Matt Hasselbeck,40,1.15292967748246
2005,12,Tampa Bay Buccaneers,00-0022005,Chris Simms,34,-8.99437983092495
2005,12,Tennessee Titans,00-0011024,Steve McNair,41,-3.21075772857396
2005,12,Washington Commanders,00-0002110,Mark Brunell,29,2.86745761135194
2005,13,Arizona Cardinals,00-0017200,Kurt Warner,47,12.0230869667633
2005,13,Atlanta Falcons,00-0020245,Mike Vick,40,-12.377202110257
2005,13,Baltimore Ravens,00-0022164,Kyle Boller,37,-3.67755126515505
2005,13,Buffalo Bills,00-0022912,J.P. Losman,28,2.2718567122356
2005,13,Carolina Panthers,00-0004161,Jake Delhomme,27,1.02321148558985
2005,13,Chicago Bears,00-0023541,Kyle Orton,20,-16.2021958029534
2005,13,Cincinnati Bengals,00-0021429,Carson Palmer,39,7.30133455958547
2005,13,Cleveland Browns,00-0023502,Charlie Frye,25,10.6248067278975
2005,13,Dallas Cowboys,00-0001361,Drew Bledsoe,43,-14.3698311348634
2005,13,Denver Broncos,00-0013042,Jake Plummer,30,6.05541519391264
2005,13,Detroit Lions,00-0005755,Jeff Garcia,36,-10.1886700390437
2005,13,Green Bay Packers,00-0005106,Brett Favre,60,-21.6986404673757
2005,13,Houston Texans,00-0020608,David Carr,42,-12.5346781712124
2005,13,Indianapolis Colts,00-0010346,Peyton Manning,17,16.370455004042
2005,13,Jacksonville Jaguars,00-0021231,David Garrard,23,2.31233662153531
2005,13,Kansas City Chiefs,00-0006355,Trent Green,23,5.81672707776619
2005,13,Las Vegas Raiders,00-0003292,Kerry Collins,43,-5.6615193238234
2005,13,Los Angeles Chargers,00-0020531,Drew Brees,24,6.46832322819949
2005,13,Los Angeles Rams,00-0023682,Ryan Fitzpatrick,39,-8.41637851600535
2005,13,Miami Dolphins,00-0005589,Gus Frerotte,31,-9.62204203073842
2005,13,Miami Dolphins,00-0020480,Sage Rosenfels,37,13.7587982849218
2005,13,Minnesota Vikings,00-0008442,Brad Johnson,25,10.8677136371844
2005,13,New England Patriots,00-0019596,Tom Brady,39,11.3930046387272
2005,13,New Orleans Saints,00-0001823,Aaron Brooks,36,-6.69145032432212
2005,13,New York Giants,00-0022803,Eli Manning,32,-10.5347609935076
2005,13,New York Jets,00-0022026,Brooks Bollinger,39,-12.5172463010531
2005,13,Philadelphia Eagles,00-0004229,Koy Detmer,31,-24.3951032280747
2005,13,Philadelphia Eagles,00-0020308,Mike McMahon,12,-19.4951022046153
2005,13,Pittsburgh Steelers,00-0022924,Ben Roethlisberger,43,9.05133721159664
2005,13,San Francisco 49ers,00-0023436,Alex Smith,27,-9.24676712690509
2005,13,Seattle Seahawks,00-0007091,Matt Hasselbeck,15,3.76204983869684
2005,13,Seattle Seahawks,00-0022055,Seneca Wallace,2,-1.76301535509898
2005,13,Tampa Bay Buccaneers,00-0022005,Chris Simms,22,2.17358155686347
2005,13,Tennessee Titans,00-0011024,Steve McNair,35,-6.28245868658795
2005,13,Tennessee Titans,00-0019041,Billy Volek,8,-6.16956545272842
2005,13,Washington Commanders,00-0002110,Mark Brunell,22,5.39574801727156
2005,14,Arizona Cardinals,00-0017200,Kurt Warner,43,-1.89209696503789
2005,14,Atlanta Falcons,00-0020245,Mike Vick,23,4.32805589644704
2005,14,Atlanta Falcons,00-0022787,Matt Schaub,2,1.19181227738115
2005,14,Baltimore Ravens,00-0022164,Kyle Boller,41,-2.26002013054676
2005,14,Buffalo Bills,00-0022912,J.P. Losman,29,-18.3030693629015
2005,14,Carolina Panthers,00-0004161,Jake Delhomme,35,-2.55201887655444
2005,14,Chicago Bears,00-0023541,Kyle Orton,38,-4.18836650546407
2005,14,Cincinnati Bengals,00-0021429,Carson Palmer,27,-4.82409716747137
2005,14,Cleveland Browns,00-0023502,Charlie Frye,26,2.6488037990675
2005,14,Dallas Cowboys,00-0001361,Drew Bledsoe,38,20.9949205089998
2005,14,Denver Broncos,00-0013042,Jake Plummer,35,5.16559126570877
2005,14,Detroit Lions,00-0005755,Jeff Garcia,24,1.7361942253774
2005,14,Green Bay Packers,00-0005106,Brett Favre,34,-1.60815302704619
2005,14,Houston Texans,00-0020608,David Carr,32,-10.1102846534828
2005,14,Indianapolis Colts,00-0010346,Peyton Manning,39,16.9394608113147
2005,14,Jacksonville Jaguars,00-0021231,David Garrard,35,10.2550199894626
2005,14,Kansas City Chiefs,00-0006355,Trent Green,34,10.8300137301832
2005,14,Las Vegas Raiders,00-0020405,Marques Tuiasosopo,32,-13.4293592570177
2005,14,Los Angeles Chargers,00-0020531,Drew Brees,55,-0.35154355771374
2005,14,Los Angeles Rams,00-0023682,Ryan Fitzpatrick,46,-16.0367232645102
2005,14,Miami Dolphins,00-0005589,Gus Frerotte,22,12.1840835205188
2005,14,Minnesota Vikings,00-0008442,Brad Johnson,25,-4.3181614832809
2005,14,New England Patriots,00-0005363,Doug Flutie,2,0.115408666199073
2005,14,New England Patriots,00-0019596,Tom Brady,39,16.4034532243968
2005,14,New Orleans Saints,00-0001823,Aaron Brooks,49,-5.41634980980207
2005,14,New York Giants,00-0022803,Eli Manning,45,15.0776797170992
2005,14,New York Jets,00-0022026,Brooks Bollinger,28,-5.08362645307901
2005,14,Philadelphia Eagles,00-0020308,Mike McMahon,38,-3.78268613891422
2005,14,Pittsburgh Steelers,00-0022924,Ben Roethlisberger,20,11.437692506006
2005,14,San Francisco 49ers,00-0023436,Alex Smith,26,-11.9927759551645
2005,14,Seattle Seahawks,00-0007091,Matt Hasselbeck,26,13.82009774775
2005,14,Seattle Seahawks,00-0022055,Seneca Wallace,5,1.08013292744107
2005,14,Tampa Bay Buccaneers,00-0022005,Chris Simms,28,2.74640469026053
2005,14,Tennessee Titans,00-0011024,Steve McNair,30,-6.51771698527545
2005,14,Washington Commanders,00-0002110,Mark Brunell,28,-10.8399756739841
2005,15,Arizona Cardinals,00-0017200,Kurt Warner,12,6.04338998320864
2005,15,Arizona Cardinals,00-0021206,Josh McCown,4,-3.38227509171702
2005,15,Arizona Cardinals,00-0022827,John Navarre,28,-7.80006393652819
2005,15,Atlanta Falcons,00-0020245,Mike Vick,34,-12.5752148419851
2005,15,Baltimore Ravens,00-0022164,Kyle Boller,27,17.4839449771278
2005,15,Buffalo Bills,00-0007576,Kelly Holcomb,36,6.18033222203027
2005,15,Carolina Panthers,00-0004161,Jake Delhomme,22,2.27014509198489
2005,15,Chicago Bears,00-0022121,Rex Grossman,16,4.98427597214023
2005,15,Chicago Bears,00-0023541,Kyle Orton,11,-7.60071867950614
2005,15,Cincinnati Bengals,00-0009311,Jon Kitna,3,-0.451431532159403
2005,15,Cincinnati Bengals,00-0021429,Carson Palmer,41,18.3371443012613
2005,15,Cleveland Browns,00-0023502,Charlie Frye,35,1.1270027084103
2005,15,Dallas Cowboys,00-0001361,Drew Bledsoe,36,-14.9665210688854
2005,15,Denver Broncos,00-0013042,Jake Plummer,38,15.852243349771
2005,15,Detroit Lions,00-0005755,Jeff Garcia,22,-6.75331022382204
2005,15,Detroit Lions,00-0021141,Joey Harrington,7,6.26440207933774
2005,15,Green Bay Packers,00-0005106,Brett Favre,29,-8.59272763899715
2005,15,Green Bay Packers,00-0023459,Aaron Rodgers,18,-15.1235813326784
2005,15,Houston Texans,00-0020608,David Carr,36,-5.29413058482026
2005,15,Indianapolis Colts,00-0010346,Peyton Manning,49,2.19641309686183
2005,15,Jacksonville Jaguars,00-0021231,David Garrard,42,-4.03276362191497
2005,15,Kansas City Chiefs,00-0006355,Trent Green,29,1.90457437271834
2005,15,Las Vegas Raiders,00-0003292,Kerry Collins,33,-7.67850287168268
2005,15,Los Angeles Chargers,00-0020531,Drew Brees,34,-1.91788886426074
2005,15,Los Angeles Rams,00-0010455,Jamie Martin,11,0.0785060917260125
2005,15,Los Angeles Rams,00-0023682,Ryan Fitzpatrick,24,-10.3087628216599
2005,15,Miami Dolphins,00-0005589,Gus Frerotte,17,-2.7824926147651
2005,15,Miami Dolphins,00-0020480,Sage Rosenfels,13,0.570802927017212
2005,15,Minnesota Vikings,00-0008442,Brad Johnson,32,-11.4868114250712
2005,15,New England Patriots,00-0019596,Tom Brady,32,14.1246821368404
2005,15,New Orleans Saints,00-0001545,Todd Bouman,35,-15.0774798962037
2005,15,New York Giants,00-0022803,Eli Manning,33,4.04667726824301
2005,15,New York Jets,00-0022026,Brooks Bollinger,48,8.07184887555662
2005,15,Philadelphia Eagles,00-0020308,Mike McMahon,32,-9.75610838906141
2005,15,Pittsburgh Steelers,00-0022924,Ben Roethlisberger,19,3.04458518560374
2005,15,San Francisco 49ers,00-0023436,Alex Smith,26,-11.1670247020342
2005,15,Seattle Seahawks,00-0007091,Matt Hasselbeck,28,24.6304816105403
2005,15,Tampa Bay Buccaneers,00-0022005,Chris Simms,41,-18.5203140387894
2005,15,Tennessee Titans,00-0011024,Steve McNair,38,14.4878495385638
2005,15,Washington Commanders,00-0002110,Mark Brunell,20,11.9875023152563
2005,16,Arizona Cardinals,00-0021206,Josh McCown,40,8.49864627115982
2005,16,Atlanta Falcons,00-0020245,Mike Vick,30,2.31014574177052
2005,16,Baltimore Ravens,00-0022164,Kyle Boller,36,19.3710952633143
2005,16,Buffalo Bills,00-0007576,Kelly Holcomb,34,16.5226967157964
2005,16,Carolina Panthers,00-0004161,Jake Delhomme,34,-2.26902454196975
2005,16,Chicago Bears,00-0022121,Rex Grossman,24,3.66897148540622
2005,16,Cincinnati Bengals,00-0009311,Jon Kitna,3,-0.190167126129381
2005,16,Cincinnati Bengals,00-0021429,Carson Palmer,37,2.4421162704914
2005,16,Cleveland Browns,00-0023502,Charlie Frye,47,-24.5396741838194
2005,16,Dallas Cowboys,00-0001361,Drew Bledsoe,28,5.65144794024184
2005,16,Denver Broncos,00-0013042,Jake Plummer,31,9.79021538483743
2005,16,Detroit Lions,00-0021141,Joey Harrington,31,-2.49075713476694
2005,16,Green Bay Packers,00-0005106,Brett Favre,53,-8.64718040362332
2005,16,Houston Texans,00-0020608,David Carr,33,6.25400743573207
2005,16,Indianapolis Colts,00-0010346,Peyton Manning,12,6.95990199788078
2005,16,Indianapolis Colts,00-0022744,Jim Sorgi,33,5.46291369013797
2005,16,Jacksonville Jaguars,00-0021231,David Garrard,34,7.99049718923525
2005,16,Kansas City Chiefs,00-0006355,Trent Green,37,6.84473708837332
2005,16,Las Vegas Raiders,00-0003292,Kerry Collins,42,-7.85519833807743
2005,16,Los Angeles Chargers,00-0020531,Drew Brees,34,-8.56255539145786
2005,16,Los Angeles Rams,00-0010455,Jamie Martin,42,8.52403305627513
2005,16,Miami Dolphins,00-0005589,Gus Frerotte,33,-3.32054829720472
2005,16,Minnesota Vikings,00-0008442,Brad Johnson,39,6.31966249981568
2005,16,New England Patriots,00-0005363,Doug Flutie,1,-0.858426241553389
2005,16,New England Patriots,00-0019596,Tom Brady,32,1.30878554205941
2005,16,New Orleans Saints,00-0001545,Todd Bouman,39,0.0144070596767165
2005,16,New York Giants,00-0022803,Eli Manning,42,-4.14217544881756
2005,16,New York Jets,00-0016193,Vinny Testaverde,7,6.34151163633214
2005,16,New York Jets,00-0022026,Brooks Bollinger,23,-8.88499980245251
2005,16,Philadelphia Eagles,00-0004229,Koy Detmer,3,1.92966576479375
2005,16,Philadelphia Eagles,00-0020308,Mike McMahon,37,-15.5893204676977
2005,16,Pittsburgh Steelers,00-0000865,Charlie Batch,1,4.662243615021
2005,16,Pittsburgh Steelers,00-0022924,Ben Roethlisberger,22,13.484827672019
2005,16,San Francisco 49ers,00-0023436,Alex Smith,21,-3.51355709896556
2005,16,Seattle Seahawks,00-0007091,Matt Hasselbeck,23,4.85512610724688
2005,16,Tampa Bay Buccaneers,00-0022005,Chris Simms,44,-0.801994085829211
2005,16,Tennessee Titans,00-0011024,Steve McNair,13,-9.75029782439344
2005,16,Tennessee Titans,00-0019041,Billy Volek,28,-6.90414827791392
2005,16,Washington Commanders,00-0002110,Mark Brunell,12,0.349848757963628
2005,16,Washington Commanders,00-0021379,Patrick Ramsey,7,10.1374957419466
2005,17,Arizona Cardinals,00-0021206,Josh McCown,45,2.22161866531443
2005,17,Atlanta Falcons,00-0020245,Mike Vick,27,-3.31894736532529
2005,17,Atlanta Falcons,00-0022787,Matt Schaub,15,5.43787453397829
2005,17,Baltimore Ravens,00-0022164,Kyle Boller,38,-13.158616256224
2005,17,Buffalo Bills,00-0007576,Kelly Holcomb,39,-11.9389638732108
2005,17,Carolina Panthers,00-0004161,Jake Delhomme,21,13.3135887488024
2005,17,Carolina Panthers,00-0020434,Chris Weinke,5,-2.14176089998624
2005,17,Chicago Bears,00-0001335,Jeff Blake,8,5.93213064875454
2005,17,Chicago Bears,00-0023541,Kyle Orton,17,-7.44785626861267
2005,17,Cincinnati Bengals,00-0009311,Jon Kitna,25,-12.1562377526134
2005,17,Cincinnati Bengals,00-0021429,Carson Palmer,8,1.25053490896244
2005,17,Cleveland Browns,00-0023502,Charlie Frye,42,-18.2803616975733
2005,17,Dallas Cowboys,00-0001361,Drew Bledsoe,44,-8.00425544719685
2005,17,Denver Broncos,00-0013042,Jake Plummer,16,-0.434740707394667
2005,17,Denver Broncos,00-0022774,Bradlee Van Pelt,8,-6.11810791195603
2005,17,Detroit Lions,00-0021141,Joey Harrington,34,12.2265822221525
2005,17,Green Bay Packers,00-0005106,Brett Favre,40,7.38649078755397
2005,17,Houston Texans,00-0000722,Tony Banks,25,-3.69377878613836
2005,17,Houston Texans,00-0020608,David Carr,11,-7.99435418329771
2005,17,Indianapolis Colts,00-0010346,Peyton Manning,3,-2.12903488753364
2005,17,Indianapolis Colts,00-0022744,Jim Sorgi,32,-1.34288442194036
2005,17,Jacksonville Jaguars,00-0020613,Quinn Gray,15,7.22338880423922
2005,17,Jacksonville Jaguars,00-0021231,David Garrard,18,2.92237461246047
2005,17,Kansas City Chiefs,00-0006355,Trent Green,31,17.1771489407743
2005,17,Las Vegas Raiders,00-0003292,Kerry Collins,51,8.34292392674252
2005,17,Los Angeles Chargers,00-0020531,Drew Brees,17,-12.2660177870421
2005,17,Los Angeles Chargers,00-0022942,Philip Rivers,25,-8.73423772450769
2005,17,Los Angeles Rams,00-0010455,Jamie Martin,34,-1.35190763046885
2005,17,Miami Dolphins,00-0005589,Gus Frerotte,37,13.5323618853149
2005,17,Minnesota Vikings,00-0008442,Brad Johnson,40,6.88721056133743
2005,17,New England Patriots,00-0019596,Tom Brady,8,-1.8726140728686
2005,17,New England Patriots,00-0023662,Matt Cassel,21,6.42270805691138
2005,17,New Orleans Saints,00-0001545,Todd Bouman,41,-5.8601580574248
2005,17,New York Giants,00-0022803,Eli Manning,26,3.56577066351591
2005,17,New York Jets,00-0022026,Brooks Bollinger,24,-3.50397571236527
2005,17,Philadelphia Eagles,00-0004229,Koy Detmer,12,-11.5719674723805
2005,17,Philadelphia Eagles,00-0020308,Mike McMahon,34,0.171186599282363
2005,17,Pittsburgh Steelers,00-0022924,Ben Roethlisberger,17,-1.98042363254353
2005,17,San Francisco 49ers,00-0023436,Alex Smith,32,-7.41795121668014
2005,17,Seattle Seahawks,00-0007091,Matt Hasselbeck,9,2.14720634493278
2005,17,Seattle Seahawks,00-0022055,Seneca Wallace,20,-5.75545316779659
2005,17,Tampa Bay Buccaneers,00-0022005,Chris Simms,26,2.52589240238838
2005,17,Tennessee Titans,00-0019041,Billy Volek,25,2.08827708434546
2005,17,Tennessee Titans,00-0022768,Matt Mauck,15,-10.2793970908388
2005,17,Washington Commanders,00-0002110,Mark Brunell,26,-6.21064977386534
2006,1,Arizona Cardinals,00-0017200,Kurt Warner,40,9.04351045818131
2006,1,Atlanta Falcons,00-0020245,Mike Vick,23,4.21433829509542
2006,1,Baltimore Ravens,00-0011024,Steve McNair,28,6.94721365274634
2006,1,Buffalo Bills,00-0022912,J.P. Losman,26,0.724898876730822
2006,1,Carolina Panthers,00-0004161,Jake Delhomme,43,-16.5487545353137
2006,1,Chicago Bears,00-0022121,Rex Grossman,27,11.8441185787058
2006,1,Cincinnati Bengals,00-0021429,Carson Palmer,20,-1.52873211937466
2006,1,Cleveland Browns,00-0023502,Charlie Frye,32,-10.6510294054751
2006,1,Dallas Cowboys,00-0001361,Drew Bledsoe,35,-3.33467318678659
2006,1,Denver Broncos,00-0013042,Jake Plummer,30,-23.7615235785488
2006,1,Detroit Lions,00-0009311,Jon Kitna,40,-4.45805927436146
2006,1,Green Bay Packers,00-0005106,Brett Favre,32,-9.65200855795358
2006,1,Houston Texans,00-0020608,David Carr,32,-4.6917245397101
2006,1,Indianapolis Colts,00-0010346,Peyton Manning,42,14.0302242633785
2006,1,Jacksonville Jaguars,00-0022177,Byron Leftwich,35,5.35990967901936
2006,1,Kansas City Chiefs,00-0006355,Trent Green,18,-4.61907130875625
2006,1,Kansas City Chiefs,00-0007835,Damon Huard,24,-4.80000396457825
2006,1,Las Vegas Raiders,00-0001823,Aaron Brooks,21,-14.4236549112829
2006,1,Las Vegas Raiders,00-0023504,Andrew Walter,7,-4.29557488381397
2006,1,Los Angeles Chargers,00-0022942,Philip Rivers,11,8.14774989301805
2006,1,Los Angeles Rams,00-0019599,Marc Bulger,37,-9.7112964916051
2006,1,Miami Dolphins,00-0003739,Daunte Culpepper,40,-8.96080200735601
2006,1,Minnesota Vikings,00-0008442,Brad Johnson,31,12.3340450281575
2006,1,New England Patriots,00-0019596,Tom Brady,26,-4.26394382712665
2006,1,New Orleans Saints,00-0020531,Drew Brees,31,3.69774667799794
2006,1,New York Giants,00-0022803,Eli Manning,34,9.175850310695
2006,1,New York Jets,00-0019559,Chad Pennington,35,16.7765174992507
2006,1,Philadelphia Eagles,00-0011022,Donovan McNabb,36,15.9402105209632
2006,1,Pittsburgh Steelers,00-0000865,Charlie Batch,28,10.8504763985984
2006,1,San Francisco 49ers,00-0023436,Alex Smith,41,6.71066953360832
2006,1,Seattle Seahawks,00-0007091,Matt Hasselbeck,35,1.26528021326787
2006,1,Tampa Bay Buccaneers,00-0022005,Chris Simms,31,-27.8411187503371
2006,1,Tampa Bay Buccaneers,00-0024408,Bruce Gradkowski,6,-4.1000857190229
2006,1,Tennessee Titans,00-0003292,Kerry Collins,40,-11.7852119383896
2006,1,Tennessee Titans,00-0024218,Vince Young,4,-0.887578818015754
2006,1,Washington Commanders,00-0002110,Mark Brunell,28,0.303702643828117
2006,2,Arizona Cardinals,00-0017200,Kurt Warner,43,-0.278780711642747
2006,2,Atlanta Falcons,00-0020245,Mike Vick,18,-1.98371687479327
2006,2,Baltimore Ravens,00-0011024,Steve McNair,35,-14.3942173950265
2006,2,Buffalo Bills,00-0022912,J.P. Losman,20,-2.15145253792484
2006,2,Carolina Panthers,00-0004161,Jake Delhomme,35,-8.1855590618895
2006,2,Chicago Bears,00-0006423,Brian Griese,1,0.868851058185101
2006,2,Chicago Bears,00-0022121,Rex Grossman,27,23.5258120335718
2006,2,Cincinnati Bengals,00-0021429,Carson Palmer,44,5.09388001366882
2006,2,Cleveland Browns,00-0023502,Charlie Frye,33,-3.3257040700459
2006,2,Dallas Cowboys,00-0001361,Drew Bledsoe,39,5.8228237957016
2006,2,Denver Broncos,00-0013042,Jake Plummer,30,-2.97762927959875
2006,2,Detroit Lions,00-0009311,Jon Kitna,36,-0.136757109365754
2006,2,Green Bay Packers,00-0005106,Brett Favre,57,6.05346345718753
2006,2,Houston Texans,00-0020608,David Carr,30,11.2119249971583
2006,2,Indianapolis Colts,00-0010346,Peyton Manning,40,26.7195843766847
2006,2,Jacksonville Jaguars,00-0022177,Byron Leftwich,40,3.76384486538615
2006,2,Kansas City Chiefs,00-0007835,Damon Huard,24,-1.44871941440046
2006,2,Las Vegas Raiders,00-0023504,Andrew Walter,33,-24.1438770031779
2006,2,Los Angeles Chargers,00-0022942,Philip Rivers,35,10.0659882323375
2006,2,Los Angeles Rams,00-0019599,Marc Bulger,40,-3.07049675929281
2006,2,Miami Dolphins,00-0003739,Daunte Culpepper,39,-7.55654736869494
2006,2,Minnesota Vikings,00-0008442,Brad Johnson,36,-10.0237104455305
2006,2,New England Patriots,00-0019596,Tom Brady,30,8.60118861293596
2006,2,New Orleans Saints,00-0020531,Drew Brees,45,7.86877681343327
2006,2,New York Giants,00-0022803,Eli Manning,51,13.1293077656147
2006,2,New York Jets,00-0019559,Chad Pennington,41,12.7748351206014
2006,2,Philadelphia Eagles,00-0011022,Donovan McNabb,46,11.0584438122554
2006,2,Pittsburgh Steelers,00-0022924,Ben Roethlisberger,34,-19.166298004071
2006,2,San Francisco 49ers,00-0023436,Alex Smith,22,9.35447541745786
2006,2,Seattle Seahawks,00-0007091,Matt Hasselbeck,30,1.17400284778516
2006,2,Tampa Bay Buccaneers,00-0022005,Chris Simms,54,-12.151047905064
2006,2,Tennessee Titans,00-0003292,Kerry Collins,19,-12.569672322832
2006,2,Tennessee Titans,00-0024218,Vince Young,19,-0.830520579125732
2006,2,Washington Commanders,00-0002110,Mark Brunell,39,-11.1070064160753
2006,3,Arizona Cardinals,00-0017200,Kurt Warner,29,-0.429633562540403
2006,3,Atlanta Falcons,00-0020245,Mike Vick,36,-12.1522652351457
2006,3,Baltimore Ravens,00-0011024,Steve McNair,43,5.25447129641559
2006,3,Buffalo Bills,00-0022912,J.P. Losman,41,-9.51290517156795
2006,3,Carolina Panthers,00-0004161,Jake Delhomme,39,1.93318916625896
2006,3,Chicago Bears,00-0022121,Rex Grossman,42,-4.87573639398916
2006,3,Cincinnati Bengals,00-0021429,Carson Palmer,32,-1.80856354121352
2006,3,Cleveland Browns,00-0023502,Charlie Frye,40,-3.2268045108649
2006,3,Denver Broncos,00-0013042,Jake Plummer,30,10.7604364852587
2006,3,Detroit Lions,00-0009311,Jon Kitna,43,-1.67275045540614
2006,3,Green Bay Packers,00-0005106,Brett Favre,36,22.7455011600132
2006,3,Houston Texans,00-0020608,David Carr,30,1.56746865008608
2006,3,Indianapolis Colts,00-0010346,Peyton Manning,33,2.09702214959543
2006,3,Jacksonville Jaguars,00-0022177,Byron Leftwich,29,-6.52203591042602
2006,3,Los Angeles Rams,00-0019599,Marc Bulger,32,13.9831179479011
2006,3,Miami Dolphins,00-0003739,Daunte Culpepper,31,-2.06873183299652
2006,3,Minnesota Vikings,00-0008442,Brad Johnson,32,-4.2917701328405
2006,3,New England Patriots,00-0019596,Tom Brady,55,4.73562250158447
2006,3,New Orleans Saints,00-0020531,Drew Brees,29,4.04786608375799
2006,3,New York Giants,00-0022803,Eli Manning,37,-1.14344074680599
2006,3,New York Jets,00-0019559,Chad Pennington,30,3.09180281849694
2006,3,Philadelphia Eagles,00-0011022,Donovan McNabb,36,10.3504799242827
2006,3,Pittsburgh Steelers,00-0022924,Ben Roethlisberger,42,-8.10636736968279
2006,3,San Francisco 49ers,00-0023436,Alex Smith,49,0.562429792269623
2006,3,Seattle Seahawks,00-0007091,Matt Hasselbeck,33,8.05077148543205
2006,3,Tampa Bay Buccaneers,00-0022005,Chris Simms,25,-4.1564729049569
2006,3,Tampa Bay Buccaneers,00-0024408,Bruce Gradkowski,1,0.487585573224351
2006,3,Tennessee Titans,00-0003292,Kerry Collins,35,0.997898203385501
2006,3,Washington Commanders,00-0002110,Mark Brunell,27,17.3771151113735
2006,4,Arizona Cardinals,00-0017200,Kurt Warner,23,-11.423289746861
2006,4,Arizona Cardinals,00-0024225,Matt Leinart,9,-2.26330258208327
2006,4,Atlanta Falcons,00-0020245,Mike Vick,24,-15.3898822228017
2006,4,Baltimore Ravens,00-0011024,Steve McNair,32,-2.00938734121155
2006,4,Buffalo Bills,00-0022912,J.P. Losman,35,4.24098378511246
2006,4,Carolina Panthers,00-0004161,Jake Delhomme,30,4.69377038133098
2006,4,Chicago Bears,00-0022121,Rex Grossman,32,8.83202483862615
2006,4,Cincinnati Bengals,00-0021429,Carson Palmer,39,-10.1375922631921
2006,4,Cleveland Browns,00-0023502,Charlie Frye,34,4.77788727721481
2006,4,Dallas Cowboys,00-0001361,Drew Bledsoe,20,13.832946414954
2006,4,Detroit Lions,00-0009311,Jon Kitna,45,7.70200728511024
2006,4,Green Bay Packers,00-0005106,Brett Favre,44,-10.5286853366332
2006,4,Green Bay Packers,00-0023459,Aaron Rodgers,3,0.441644099890254
2006,4,Houston Texans,00-0020608,David Carr,34,2.46334866398438
2006,4,Indianapolis Colts,00-0010346,Peyton Manning,32,10.2469157270389
2006,4,Jacksonville Jaguars,00-0022177,Byron Leftwich,39,7.49287418424149
2006,4,Kansas City Chiefs,00-0007835,Damon Huard,23,19.2090848158129
2006,4,Las Vegas Raiders,00-0023504,Andrew Walter,27,-8.44918279250851
2006,4,Los Angeles Chargers,00-0022942,Philip Rivers,23,2.36600241939399
2006,4,Los Angeles Rams,00-0019599,Marc Bulger,43,12.3254408337357
2006,4,Miami Dolphins,00-0003739,Daunte Culpepper,44,-0.70429486531893
2006,4,Minnesota Vikings,00-0008442,Brad Johnson,44,-5.92417864099682
2006,4,New England Patriots,00-0019596,Tom Brady,26,5.19332025770872
2006,4,New Orleans Saints,00-0020531,Drew Brees,39,15.5670202576069
2006,4,New York Jets,00-0019559,Chad Pennington,26,0.474491050816141
2006,4,Philadelphia Eagles,00-0005755,Jeff Garcia,1,-0.78872558567673
2006,4,Philadelphia Eagles,00-0011022,Donovan McNabb,34,4.08027513863566
2006,4,San Francisco 49ers,00-0023436,Alex Smith,30,-17.2121403300921
2006,4,Seattle Seahawks,00-0007091,Matt Hasselbeck,40,-16.2639406266677
2006,4,Seattle Seahawks,00-0022055,Seneca Wallace,2,-0.758380676852539
2006,4,Tennessee Titans,00-0024218,Vince Young,31,-11.9767209278254
2006,4,Washington Commanders,00-0002110,Mark Brunell,30,9.4258454772459
2006,5,Arizona Cardinals,00-0024225,Matt Leinart,39,-0.591308510655372
2006,5,Baltimore Ravens,00-0011024,Steve McNair,36,-14.6934573547486
2006,5,Buffalo Bills,00-0022912,J.P. Losman,30,-18.5089578924817
2006,5,Carolina Panthers,00-0004161,Jake Delhomme,30,1.29670878990713
2006,5,Chicago Bears,00-0006423,Brian Griese,5,1.31415456147035
2006,5,Chicago Bears,00-0022121,Rex Grossman,28,4.32627916291909
2006,5,Cleveland Browns,00-0023502,Charlie Frye,45,-20.4238320270433
2006,5,Dallas Cowboys,00-0001361,Drew Bledsoe,45,-24.1905862928627
2006,5,Denver Broncos,00-0013042,Jake Plummer,25,-3.27346644583687
2006,5,Detroit Lions,00-0009311,Jon Kitna,47,-21.1409942743329
2006,5,Green Bay Packers,00-0005106,Brett Favre,41,3.52687256216877
2006,5,Indianapolis Colts,00-0010346,Peyton Manning,31,2.00722000183305
2006,5,Jacksonville Jaguars,00-0022177,Byron Leftwich,21,5.02013858307518
2006,5,Kansas City Chiefs,00-0007835,Damon Huard,41,8.07651296005294
2006,5,Las Vegas Raiders,00-0020405,Marques Tuiasosopo,9,-2.90593411462032
2006,5,Las Vegas Raiders,00-0023504,Andrew Walter,24,-2.08732008691198
2006,5,Los Angeles Chargers,00-0022942,Philip Rivers,41,6.3511931109936
2006,5,Los Angeles Rams,00-0019599,Marc Bulger,30,9.69664926618097
2006,5,Miami Dolphins,00-0021141,Joey Harrington,42,-1.27468055925948
2006,5,Minnesota Vikings,00-0008442,Brad Johnson,34,4.28848385124002
2006,5,New England Patriots,00-0019596,Tom Brady,30,4.6997109601549
2006,5,New Orleans Saints,00-0020531,Drew Brees,33,-0.0492583568893763
2006,5,New York Giants,00-0022803,Eli Manning,33,6.21977499129827
2006,5,New York Jets,00-0019559,Chad Pennington,21,-17.1790506468969
2006,5,New York Jets,00-0024264,Kellen Clemens,3,-2.63525234506233
2006,5,Philadelphia Eagles,00-0011022,Donovan McNabb,36,-0.465661428128538
2006,5,Pittsburgh Steelers,00-0022924,Ben Roethlisberger,36,-2.94729075138341
2006,5,San Francisco 49ers,00-0023436,Alex Smith,19,12.2401116799447
2006,5,Tampa Bay Buccaneers,00-0024408,Bruce Gradkowski,33,2.68398634364712
2006,5,Tennessee Titans,00-0024218,Vince Young,21,-3.69994309121751
2006,5,Washington Commanders,00-0002110,Mark Brunell,25,-4.91088517126723
2006,6,Arizona Cardinals,00-0024225,Matt Leinart,43,-3.90346134102875
2006,6,Atlanta Falcons,00-0020245,Mike Vick,34,-16.7031810486224
2006,6,Baltimore Ravens,00-0011024,Steve McNair,5,-7.38931545405649
2006,6,Baltimore Ravens,00-0022164,Kyle Boller,33,3.11047740990762
2006,6,Buffalo Bills,00-0022912,J.P. Losman,39,-7.50111736479324
2006,6,Carolina Panthers,00-0004161,Jake Delhomme,40,17.1887333439287
2006,6,Chicago Bears,00-0022121,Rex Grossman,39,-32.4525680783598
2006,6,Cincinnati Bengals,00-0021429,Carson Palmer,39,1.24022454153817
2006,6,Dallas Cowboys,00-0001361,Drew Bledsoe,30,3.25730634490163
2006,6,Dallas Cowboys,00-0021678,Tony Romo,2,5.26947997530806
2006,6,Denver Broncos,00-0013042,Jake Plummer,20,-2.86076359060911
2006,6,Detroit Lions,00-0009311,Jon Kitna,39,3.14399210116674
2006,6,Houston Texans,00-0020480,Sage Rosenfels,11,-0.942173537332565
2006,6,Houston Texans,00-0020608,David Carr,27,-7.61375561980783
2006,6,Kansas City Chiefs,00-0007835,Damon Huard,32,-9.78245682868874
2006,6,Kansas City Chiefs,00-0024300,Brodie Croyle,8,-11.0010635583894
2006,6,Las Vegas Raiders,00-0023504,Andrew Walter,30,0.583775029398998
2006,6,Los Angeles Chargers,00-0022942,Philip Rivers,39,27.0917394912704
2006,6,Los Angeles Rams,00-0019599,Marc Bulger,45,7.67332399752922
2006,6,Miami Dolphins,00-0021141,Joey Harrington,43,7.06708756723565
2006,6,New Orleans Saints,00-0020531,Drew Brees,37,6.23608104443164
2006,6,New York Giants,00-0022803,Eli Manning,32,-4.37874699389848
2006,6,New York Jets,00-0019559,Chad Pennington,31,-0.502533257150904
2006,6,Philadelphia Eagles,00-0011022,Donovan McNabb,35,4.02792729446082
2006,6,Pittsburgh Steelers,00-0000865,Charlie Batch,1,-0.219950194936246
2006,6,Pittsburgh Steelers,00-0022924,Ben Roethlisberger,20,16.2629764641611
2006,6,San Francisco 49ers,00-0023436,Alex Smith,36,-3.04730038167305
2006,6,Seattle Seahawks,00-0007091,Matt Hasselbeck,38,12.6057161340461
2006,6,Tampa Bay Buccaneers,00-0024408,Bruce Gradkowski,46,0.774468777599444
2006,6,Tennessee Titans,00-0024218,Vince Young,29,3.57451482690747
2006,6,Washington Commanders,00-0002110,Mark Brunell,30,-0.719996467188932
2006,7,Arizona Cardinals,00-0024225,Matt Leinart,35,-13.4761470336139
2006,7,Atlanta Falcons,00-0020245,Mike Vick,31,8.49112549269795
2006,7,Buffalo Bills,00-0022912,J.P. Losman,27,-5.91782999017545
2006,7,Carolina Panthers,00-0004161,Jake Delhomme,37,1.46874611903331
2006,7,Cincinnati Bengals,00-0021429,Carson Palmer,41,9.84545575390803
2006,7,Cleveland Browns,00-0023502,Charlie Frye,38,-14.9273588145734
2006,7,Dallas Cowboys,00-0001361,Drew Bledsoe,16,-4.4913326058886
2006,7,Dallas Cowboys,00-0021678,Tony Romo,27,-10.6488666022196
2006,7,Denver Broncos,00-0013042,Jake Plummer,43,-4.39222701806326
2006,7,Detroit Lions,00-0009311,Jon Kitna,37,11.5014805424854
2006,7,Green Bay Packers,00-0005106,Brett Favre,37,3.458860132528
2006,7,Houston Texans,00-0020608,David Carr,35,5.39933996966837
2006,7,Indianapolis Colts,00-0010346,Peyton Manning,35,20.4975231162128
2006,7,Jacksonville Jaguars,00-0022177,Byron Leftwich,29,-12.7247636729735
2006,7,Kansas City Chiefs,00-0007835,Damon Huard,29,0.575823752592792
2006,7,Las Vegas Raiders,00-0020405,Marques Tuiasosopo,4,-0.42861890536733
2006,7,Las Vegas Raiders,00-0023504,Andrew Walter,35,1.19243669739258
2006,7,Los Angeles Chargers,00-0022942,Philip Rivers,47,1.05464596195485
2006,7,Miami Dolphins,00-0021141,Joey Harrington,66,-10.1203782999165
2006,7,Minnesota Vikings,00-0008442,Brad Johnson,28,-0.271743822428925
2006,7,New England Patriots,00-0019596,Tom Brady,31,11.4860443962389
2006,7,New York Giants,00-0022803,Eli Manning,28,5.71394987286737
2006,7,New York Jets,00-0019559,Chad Pennington,24,2.94240144383206
2006,7,Philadelphia Eagles,00-0011022,Donovan McNabb,36,-5.81710757274414
2006,7,Pittsburgh Steelers,00-0000865,Charlie Batch,13,11.7053692805348
2006,7,Pittsburgh Steelers,00-0022924,Ben Roethlisberger,25,19.4529697379047
2006,7,Seattle Seahawks,00-0007091,Matt Hasselbeck,19,1.58132038077041
2006,7,Seattle Seahawks,00-0022055,Seneca Wallace,27,-10.8330269923717
2006,7,Tampa Bay Buccaneers,00-0024408,Bruce Gradkowski,28,-5.17800069479685
2006,7,Washington Commanders,00-0002110,Mark Brunell,39,6.24629868917002
2006,8,Arizona Cardinals,00-0024225,Matt Leinart,39,-8.17506101127947
2006,8,Atlanta Falcons,00-0020245,Mike Vick,30,22.7886793564012
2006,8,Baltimore Ravens,00-0011024,Steve McNair,24,10.3133051262703
2006,8,Carolina Panthers,00-0004161,Jake Delhomme,34,-12.7092877442088
2006,8,Chicago Bears,00-0006423,Brian Griese,4,-2.72921226616018
2006,8,Chicago Bears,00-0022121,Rex Grossman,29,17.2100779723841
2006,8,Cincinnati Bengals,00-0021429,Carson Palmer,38,9.95834925159288
2006,8,Cleveland Browns,00-0023502,Charlie Frye,25,-2.7795076797658
2006,8,Dallas Cowboys,00-0021678,Tony Romo,38,8.52464883155069
2006,8,Denver Broncos,00-0013042,Jake Plummer,22,5.81328978073298
2006,8,Green Bay Packers,00-0005106,Brett Favre,25,8.09527863970208
2006,8,Houston Texans,00-0020480,Sage Rosenfels,25,11.2498015333405
2006,8,Houston Texans,00-0020608,David Carr,25,-16.44880013937
2006,8,Indianapolis Colts,00-0010346,Peyton Manning,39,23.9886421894872
2006,8,Jacksonville Jaguars,00-0021231,David Garrard,18,-5.05531198556322
2006,8,Kansas City Chiefs,00-0007835,Damon Huard,26,20.1410275418156
2006,8,Las Vegas Raiders,00-0023504,Andrew Walter,20,-15.5626707181863
2006,8,Los Angeles Chargers,00-0022942,Philip Rivers,24,7.96731835861432
2006,8,Los Angeles Rams,00-0019599,Marc Bulger,43,14.5457748692732
2006,8,Minnesota Vikings,00-0008442,Brad Johnson,34,-12.77873675921
2006,8,Minnesota Vikings,00-0022026,Brooks Bollinger,12,-10.3561000348418
2006,8,New England Patriots,00-0019596,Tom Brady,46,12.4429330957712
2006,8,New Orleans Saints,00-0020531,Drew Brees,47,-3.53516624974133
2006,8,New York Giants,00-0022803,Eli Manning,33,-6.72259746340569
2006,8,New York Jets,00-0019559,Chad Pennington,29,-9.07842514436925
2006,8,Philadelphia Eagles,00-0011022,Donovan McNabb,38,-11.6338068437651
2006,8,Pittsburgh Steelers,00-0022924,Ben Roethlisberger,42,-16.338025379909
2006,8,San Francisco 49ers,00-0023436,Alex Smith,28,-5.10783765917559
2006,8,Seattle Seahawks,00-0022055,Seneca Wallace,31,4.43691409158055
2006,8,Tampa Bay Buccaneers,00-0024408,Bruce Gradkowski,50,-22.0818047972516
2006,8,Tennessee Titans,00-0024218,Vince Young,16,-2.9220488978317
2006,9,Atlanta Falcons,00-0020245,Mike Vick,34,-13.2686812125612
2006,9,Baltimore Ravens,00-0011024,Steve McNair,31,9.42701272043047
2006,9,Buffalo Bills,00-0022912,J.P. Losman,20,-6.13963990891352
2006,9,Chicago Bears,00-0022121,Rex Grossman,45,-24.2944644597384
2006,9,Cincinnati Bengals,00-0021429,Carson Palmer,28,-7.55476085887098
2006,9,Cleveland Browns,00-0023502,Charlie Frye,48,-8.379497131267
2006,9,Dallas Cowboys,00-0021678,Tony Romo,38,12.8328713825448
2006,9,Denver Broncos,00-0013042,Jake Plummer,28,9.66555941931438
2006,9,Detroit Lions,00-0009311,Jon Kitna,35,4.27168737805156
2006,9,Green Bay Packers,00-0005106,Brett Favre,49,-10.6099796140737
2006,9,Houston Texans,00-0020608,David Carr,31,7.94827300747414
2006,9,Indianapolis Colts,00-0010346,Peyton Manning,39,11.8907844197742
2006,9,Jacksonville Jaguars,00-0021231,David Garrard,24,6.30511724418516
2006,9,Kansas City Chiefs,00-0007835,Damon Huard,17,5.5709414712037
2006,9,Las Vegas Raiders,00-0023504,Andrew Walter,44,-17.3048758676741
2006,9,Los Angeles Chargers,00-0022942,Philip Rivers,31,2.35466076720496
2006,9,Los Angeles Rams,00-0019599,Marc Bulger,44,5.44541294625952
2006,9,Miami Dolphins,00-0021141,Joey Harrington,32,-8.79329723765841
2006,9,Minnesota Vikings,00-0008442,Brad Johnson,34,-17.1337674647116
2006,9,New England Patriots,00-0019596,Tom Brady,35,-8.24838150693295
2006,9,New Orleans Saints,00-0020531,Drew Brees,32,23.7025945074341
2006,9,New York Giants,00-0022803,Eli Manning,30,7.13528658662108
2006,9,Pittsburgh Steelers,00-0022924,Ben Roethlisberger,58,13.2119918901326
2006,9,San Francisco 49ers,00-0023436,Alex Smith,24,-10.3547196197784
2006,9,Seattle Seahawks,00-0022055,Seneca Wallace,33,-4.33564567560143
2006,9,Tampa Bay Buccaneers,00-0024408,Bruce Gradkowski,35,-9.07786233263323
2006,9,Tennessee Titans,00-0024218,Vince Young,37,-21.0133529276936
2006,9,Washington Commanders,00-0002110,Mark Brunell,24,6.89099042142224
2006,10,Arizona Cardinals,00-0024225,Matt Leinart,39,-4.86203423922417
2006,10,Atlanta Falcons,00-0020245,Mike Vick,41,-12.1620638447636
2006,10,Atlanta Falcons,00-0022787,Matt Schaub,1,-0.233476613939274
2006,10,Baltimore Ravens,00-0011024,Steve McNair,48,12.3179020539562
2006,10,Buffalo Bills,00-0022912,J.P. Losman,17,0.776576681892372
2006,10,Carolina Panthers,00-0004161,Jake Delhomme,34,11.1650686706753
2006,10,Chicago Bears,00-0022121,Rex Grossman,32,8.91301735241187
2006,10,Cincinnati Bengals,00-0021429,Carson Palmer,44,12.779084006457
2006,10,Cleveland Browns,00-0023502,Charlie Frye,27,-2.91483025350237
2006,10,Dallas Cowboys,00-0021678,Tony Romo,29,20.669047333792
2006,10,Denver Broncos,00-0013042,Jake Plummer,33,-2.56264209677465
2006,10,Detroit Lions,00-0009311,Jon Kitna,33,-4.40686750290084
2006,10,Green Bay Packers,00-0005106,Brett Favre,42,15.3801645653305
2006,10,Houston Texans,00-0020480,Sage Rosenfels,4,-2.72122772247531
2006,10,Houston Texans,00-0020608,David Carr,33,0.513235555754634
2006,10,Indianapolis Colts,00-0010346,Peyton Manning,39,4.66156889961232
2006,10,Jacksonville Jaguars,00-0021231,David Garrard,36,-18.7463526966675
2006,10,Kansas City Chiefs,00-0007835,Damon Huard,41,-6.670797521585
2006,10,Las Vegas Raiders,00-0023504,Andrew Walter,36,-10.0286663511786
2006,10,Los Angeles Chargers,00-0022942,Philip Rivers,39,21.9219542453648
2006,10,Los Angeles Rams,00-0019599,Marc Bulger,44,-2.54171007165624
2006,10,Miami Dolphins,00-0021141,Joey Harrington,36,1.78711590004105
2006,10,Minnesota Vikings,00-0008442,Brad Johnson,34,-6.70203565437284
2006,10,New England Patriots,00-0019596,Tom Brady,41,0.0759940046347372
2006,10,New Orleans Saints,00-0020531,Drew Brees,48,23.6790556123146
2006,10,New York Giants,00-0022803,Eli Manning,34,-20.873226665217
2006,10,New York Jets,00-0019559,Chad Pennington,34,-0.271728966787404
2006,10,Philadelphia Eagles,00-0011022,Donovan McNabb,27,14.6520615397603
2006,10,Pittsburgh Steelers,00-0022924,Ben Roethlisberger,30,10.7177739353104
2006,10,San Francisco 49ers,00-0023436,Alex Smith,23,3.79605664700974
2006,10,Seattle Seahawks,00-0022055,Seneca Wallace,28,-11.209835503716
2006,10,Tampa Bay Buccaneers,00-0024408,Bruce Gradkowski,35,-6.58776901979065
2006,10,Tennessee Titans,00-0024218,Vince Young,27,0.616923469149056
2006,10,Washington Commanders,00-0002110,Mark Brunell,31,-15.0827618202897
2006,11,Arizona Cardinals,00-0024225,Matt Leinart,29,8.8449152924004
2006,11,Atlanta Falcons,00-0020245,Mike Vick,26,-8.82947148082965
2006,11,Baltimore Ravens,00-0011024,Steve McNair,36,7.08890004675779
2006,11,Buffalo Bills,00-0022912,J.P. Losman,40,12.2649781696653
2006,11,Carolina Panthers,00-0004161,Jake Delhomme,28,-3.60591794869771
2006,11,Chicago Bears,00-0022121,Rex Grossman,23,-2.11433930485509
2006,11,Cincinnati Bengals,00-0021429,Carson Palmer,23,9.31426097988151
2006,11,Cleveland Browns,00-0023502,Charlie Frye,32,-2.65587855112437
2006,11,Dallas Cowboys,00-0021678,Tony Romo,24,4.60856218852211
2006,11,Denver Broncos,00-0013042,Jake Plummer,30,-4.81396688055247
2006,11,Detroit Lions,00-0009311,Jon Kitna,42,-1.02463571755486
2006,11,Green Bay Packers,00-0005106,Brett Favre,16,-6.99682720496063
2006,11,Green Bay Packers,00-0023459,Aaron Rodgers,15,-15.7264676484629
2006,11,Houston Texans,00-0020608,David Carr,32,2.6899251852592
2006,11,Indianapolis Colts,00-0010346,Peyton Manning,41,-6.49766776518663
2006,11,Jacksonville Jaguars,00-0021231,David Garrard,32,7.61514136839356
2006,11,Kansas City Chiefs,00-0006355,Trent Green,18,-0.702862847496586
2006,11,Las Vegas Raiders,00-0001823,Aaron Brooks,22,5.53549233960284
2006,11,Las Vegas Raiders,00-0023504,Andrew Walter,4,-0.310901333927177
2006,11,Los Angeles Chargers,00-0022942,Philip Rivers,27,5.83598946518032
2006,11,Los Angeles Rams,00-0019599,Marc Bulger,41,-17.3971100792987
2006,11,Miami Dolphins,00-0021141,Joey Harrington,42,-0.768696366227923
2006,11,Minnesota Vikings,00-0008442,Brad Johnson,47,-6.39525964711862
2006,11,New England Patriots,00-0019596,Tom Brady,32,18.5771357062622
2006,11,New England Patriots,00-0023662,Matt Cassel,1,-1.02558021922596
2006,11,New Orleans Saints,00-0020531,Drew Brees,54,-0.430641523271333
2006,11,New York Giants,00-0022803,Eli Manning,42,-3.88544659924206
2006,11,New York Jets,00-0019559,Chad Pennington,37,-7.65186219918542
2006,11,Philadelphia Eagles,00-0005755,Jeff Garcia,48,-4.86938494583303
2006,11,Philadelphia Eagles,00-0011022,Donovan McNabb,13,-5.48804464762391
2006,11,Pittsburgh Steelers,00-0022924,Ben Roethlisberger,46,1.53248715295922
2006,11,San Francisco 49ers,00-0023436,Alex Smith,26,-3.18084413133145
2006,11,Seattle Seahawks,00-0022055,Seneca Wallace,33,-1.19821233936818
2006,11,Tampa Bay Buccaneers,00-0024408,Bruce Gradkowski,21,5.4870083931879
2006,11,Tennessee Titans,00-0024218,Vince Young,25,-7.92939766223352
2006,11,Washington Commanders,00-0023460,Jason Campbell,36,5.31884357257603
2006,12,Arizona Cardinals,00-0024225,Matt Leinart,52,11.6319580423502
2006,12,Atlanta Falcons,00-0020245,Mike Vick,27,-17.2947759023719
2006,12,Baltimore Ravens,00-0011024,Steve McNair,24,3.00776857692979
2006,12,Baltimore Ravens,00-0022164,Kyle Boller,3,-0.0065647740848362
2006,12,Buffalo Bills,00-0022912,J.P. Losman,28,5.82212601881474
2006,12,Carolina Panthers,00-0004161,Jake Delhomme,39,-7.42453208008114
2006,12,Chicago Bears,00-0022121,Rex Grossman,35,-6.79846043984873
2006,12,Cincinnati Bengals,00-0018272,Anthony Wright,3,0.574011718737893
2006,12,Cincinnati Bengals,00-0021429,Carson Palmer,34,14.9326120946373
2006,12,Cleveland Browns,00-0023502,Charlie Frye,33,-14.4564936919334
2006,12,Dallas Cowboys,00-0021678,Tony Romo,30,27.9960471441154
2006,12,Denver Broncos,00-0013042,Jake Plummer,41,-1.54319580400662
2006,12,Detroit Lions,00-0009311,Jon Kitna,48,-17.7831811927154
2006,12,Green Bay Packers,00-0005106,Brett Favre,38,0.47802202464293
2006,12,Houston Texans,00-0020608,David Carr,58,0.723501854450265
2006,12,Indianapolis Colts,00-0010346,Peyton Manning,20,4.00581168098142
2006,12,Jacksonville Jaguars,00-0021231,David Garrard,25,2.25733705452001
2006,12,Kansas City Chiefs,00-0006355,Trent Green,23,-0.47099359088828
2006,12,Las Vegas Raiders,00-0001823,Aaron Brooks,35,-4.24044567979512
2006,12,Los Angeles Chargers,00-0022942,Philip Rivers,32,-9.21851937437896
2006,12,Los Angeles Rams,00-0005589,Gus Frerotte,3,1.5221012772345
2006,12,Los Angeles Rams,00-0019599,Marc Bulger,36,-4.28495415902562
2006,12,Miami Dolphins,00-0021141,Joey Harrington,30,11.5472291132901
2006,12,Minnesota Vikings,00-0008442,Brad Johnson,43,11.5326778937758
2006,12,New England Patriots,00-0019596,Tom Brady,33,9.93694432738902
2006,12,New Orleans Saints,00-0020531,Drew Brees,32,17.4074972179951
2006,12,New York Giants,00-0022803,Eli Manning,28,-3.32890675653471
2006,12,New York Jets,00-0019559,Chad Pennington,32,9.54357559204999
2006,12,New York Jets,00-0021379,Patrick Ramsey,1,-0.431990415556356
2006,12,Philadelphia Eagles,00-0005755,Jeff Garcia,24,-0.138313391886186
2006,12,Philadelphia Eagles,00-0020305,A.J. Feeley,6,-2.93498058634577
2006,12,Pittsburgh Steelers,00-0000865,Charlie Batch,1,0.0577688310295343
2006,12,Pittsburgh Steelers,00-0022924,Ben Roethlisberger,50,-26.3680910979747
2006,12,San Francisco 49ers,00-0023436,Alex Smith,25,4.25235798917129
2006,12,Seattle Seahawks,00-0007091,Matt Hasselbeck,37,-14.1537990467434
2006,12,Tampa Bay Buccaneers,00-0024408,Bruce Gradkowski,21,-9.45225856135002
2006,12,Tennessee Titans,00-0024218,Vince Young,37,9.12548358081011
2006,12,Washington Commanders,00-0023460,Jason Campbell,24,-5.60005950731849
2006,13,Arizona Cardinals,00-0024225,Matt Leinart,25,8.21352065572041
2006,13,Atlanta Falcons,00-0020245,Mike Vick,17,5.21563367590374
2006,13,Baltimore Ravens,00-0011024,Steve McNair,43,1.59123317035497
2006,13,Buffalo Bills,00-0022912,J.P. Losman,40,-5.59121986111859
2006,13,Carolina Panthers,00-0004161,Jake Delhomme,37,-2.572137145418
2006,13,Chicago Bears,00-0022121,Rex Grossman,20,-21.4412372431252
2006,13,Cincinnati Bengals,00-0021429,Carson Palmer,34,6.5604865157167
2006,13,Cleveland Browns,00-0023502,Charlie Frye,13,10.1779063142312
2006,13,Cleveland Browns,00-0023645,Derek Anderson,22,5.78227985458216
2006,13,Dallas Cowboys,00-0021678,Tony Romo,35,8.26177683769363
2006,13,Denver Broncos,00-0024226,Jay Cutler,24,-13.3001270488209
2006,13,Detroit Lions,00-0009311,Jon Kitna,43,-0.275039031161296
2006,13,Green Bay Packers,00-0005106,Brett Favre,49,-22.4657786876862
2006,13,Houston Texans,00-0020608,David Carr,19,-22.0523941172133
2006,13,Indianapolis Colts,00-0010346,Peyton Manning,28,16.9295523450715
2006,13,Jacksonville Jaguars,00-0021231,David Garrard,26,14.4996592142002
2006,13,Kansas City Chiefs,00-0006355,Trent Green,34,18.2886091052787
2006,13,Las Vegas Raiders,00-0001823,Aaron Brooks,47,-6.33810897016776
2006,13,Los Angeles Chargers,00-0022942,Philip Rivers,32,-3.211444869763
2006,13,Los Angeles Rams,00-0019599,Marc Bulger,49,-8.19183482283124
2006,13,Miami Dolphins,00-0021141,Joey Harrington,46,-7.30598814199841
2006,13,Minnesota Vikings,00-0008442,Brad Johnson,26,-26.5349069892345
2006,13,Minnesota Vikings,00-0022026,Brooks Bollinger,12,-0.149232747557107
2006,13,Minnesota Vikings,00-0024279,Tarvaris Jackson,4,1.67020434082951
2006,13,New England Patriots,00-0019596,Tom Brady,40,8.22804593761356
2006,13,New Orleans Saints,00-0020531,Drew Brees,29,2.53212033322779
2006,13,New York Giants,00-0022803,Eli Manning,36,12.0688927921647
2006,13,New York Jets,00-0019559,Chad Pennington,35,15.5230469464149
2006,13,Philadelphia Eagles,00-0005755,Jeff Garcia,40,10.6090192085517
2006,13,Pittsburgh Steelers,00-0022924,Ben Roethlisberger,26,1.62147239682963
2006,13,San Francisco 49ers,00-0023436,Alex Smith,32,-16.3088143260102
2006,13,Seattle Seahawks,00-0007091,Matt Hasselbeck,29,-5.98862680575195
2006,13,Tampa Bay Buccaneers,00-0024408,Bruce Gradkowski,39,-21.2121254650364
2006,13,Tennessee Titans,00-0024218,Vince Young,25,0.183204719372003
2006,13,Washington Commanders,00-0023460,Jason Campbell,39,-8.50528042298118
2006,14,Arizona Cardinals,00-0024225,Matt Leinart,34,6.35411446636908
2006,14,Atlanta Falcons,00-0020245,Mike Vick,25,-3.02900152845541
2006,14,Baltimore Ravens,00-0011024,Steve McNair,27,13.0897143655639
2006,14,Buffalo Bills,00-0022912,J.P. Losman,18,5.70000220189104
2006,14,Carolina Panthers,00-0020434,Chris Weinke,63,-8.20327993828314
2006,14,Chicago Bears,00-0022121,Rex Grossman,23,11.8974113571264
2006,14,Cincinnati Bengals,00-0018272,Anthony Wright,1,2.78911328632967
2006,14,Cincinnati Bengals,00-0021429,Carson Palmer,28,12.9590261106496
2006,14,Cleveland Browns,00-0023645,Derek Anderson,37,2.08496449424248
2006,14,Dallas Cowboys,00-0021678,Tony Romo,35,-2.38852055075947
2006,14,Denver Broncos,00-0024226,Jay Cutler,34,-6.34472739209793
2006,14,Detroit Lions,00-0009311,Jon Kitna,44,-7.1936958042165
2006,14,Green Bay Packers,00-0005106,Brett Favre,35,11.5494273100662
2006,14,Houston Texans,00-0020608,David Carr,25,-2.15777930608988
2006,14,Indianapolis Colts,00-0010346,Peyton Manning,51,0.1784440494223
2006,14,Jacksonville Jaguars,00-0021231,David Garrard,15,-7.68707444940091
2006,14,Kansas City Chiefs,00-0006355,Trent Green,32,-3.47843569397835
2006,14,Las Vegas Raiders,00-0001823,Aaron Brooks,43,0.168503929505685
2006,14,Los Angeles Chargers,00-0022942,Philip Rivers,25,15.0106941267787
2006,14,Los Angeles Rams,00-0019599,Marc Bulger,58,6.85975045664236
2006,14,Miami Dolphins,00-0021141,Joey Harrington,31,1.39220203351447
2006,14,Minnesota Vikings,00-0008442,Brad Johnson,23,-6.55604949442165
2006,14,New England Patriots,00-0019596,Tom Brady,29,-12.2162174381083
2006,14,New England Patriots,00-0023662,Matt Cassel,4,-3.30293449183228
2006,14,New Orleans Saints,00-0020531,Drew Brees,39,26.2837970584515
2006,14,New York Giants,00-0022803,Eli Manning,34,5.27187345073158
2006,14,New York Jets,00-0019559,Chad Pennington,37,-18.9198631060816
2006,14,New York Jets,00-0024264,Kellen Clemens,2,-4.16277631942648
2006,14,Philadelphia Eagles,00-0005755,Jeff Garcia,23,2.28274463376147
2006,14,Pittsburgh Steelers,00-0022924,Ben Roethlisberger,21,13.9753979821667
2006,14,San Francisco 49ers,00-0023436,Alex Smith,30,-7.10180313559676
2006,14,Seattle Seahawks,00-0007091,Matt Hasselbeck,31,3.73976454214426
2006,14,Tampa Bay Buccaneers,00-0019623,Tim Rattay,13,2.48892831374542
2006,14,Tampa Bay Buccaneers,00-0024408,Bruce Gradkowski,25,-9.93540417596129
2006,14,Tennessee Titans,00-0024218,Vince Young,31,-2.35511114896709
2006,14,Washington Commanders,00-0023460,Jason Campbell,29,-8.44386493672682
2006,15,Arizona Cardinals,00-0024225,Matt Leinart,38,-12.3746241886583
2006,15,Atlanta Falcons,00-0020245,Mike Vick,28,0.604050991503755
2006,15,Atlanta Falcons,00-0022787,Matt Schaub,5,0.37101312330924
2006,15,Baltimore Ravens,00-0011024,Steve McNair,4,-3.91153207374737
2006,15,Baltimore Ravens,00-0022164,Kyle Boller,22,10.7401803989778
2006,15,Buffalo Bills,00-0022912,J.P. Losman,22,8.94046340201749
2006,15,Carolina Panthers,00-0020434,Chris Weinke,33,-13.990649452129
2006,15,Carolina Panthers,00-0023859,Brett Basanez,11,-0.117463712929748
2006,15,Chicago Bears,00-0022121,Rex Grossman,48,5.84338243618577
2006,15,Cincinnati Bengals,00-0021429,Carson Palmer,32,-5.29922677667529
2006,15,Cleveland Browns,00-0023645,Derek Anderson,37,-11.5856853937632
2006,15,Dallas Cowboys,00-0021678,Tony Romo,32,13.6217687396664
2006,15,Denver Broncos,00-0024226,Jay Cutler,32,14.8533592308351
2006,15,Detroit Lions,00-0009311,Jon Kitna,32,-22.5920080967199
2006,15,Green Bay Packers,00-0005106,Brett Favre,38,-11.1684480047047
2006,15,Houston Texans,00-0020608,David Carr,32,-25.277804315323
2006,15,Indianapolis Colts,00-0010346,Peyton Manning,37,20.9587285682614
2006,15,Jacksonville Jaguars,00-0021231,David Garrard,41,-15.2485359262618
2006,15,Kansas City Chiefs,00-0006355,Trent Green,47,-14.6807853347647
2006,15,Las Vegas Raiders,00-0001823,Aaron Brooks,22,-10.2868318765541
2006,15,Las Vegas Raiders,00-0023504,Andrew Walter,21,-7.11597716505639
2006,15,Los Angeles Chargers,00-0022942,Philip Rivers,25,-18.9489296866814
2006,15,Los Angeles Rams,00-0019599,Marc Bulger,26,-2.95842287866591
2006,15,Miami Dolphins,00-0020565,Cleo Lemon,17,-4.64283026661724
2006,15,Miami Dolphins,00-0021141,Joey Harrington,18,-23.113282960956
2006,15,Minnesota Vikings,00-0008442,Brad Johnson,20,-7.47593364090954
2006,15,Minnesota Vikings,00-0024279,Tarvaris Jackson,23,-0.863082235169597
2006,15,New England Patriots,00-0019596,Tom Brady,24,-1.58375053539006
2006,15,New England Patriots,00-0023662,Matt Cassel,4,3.09268134896411
2006,15,New Orleans Saints,00-0020531,Drew Brees,40,0.0905371606444203
2006,15,New York Giants,00-0022803,Eli Manning,41,-6.09080323257854
2006,15,New York Jets,00-0019559,Chad Pennington,41,14.4713205020463
2006,15,Philadelphia Eagles,00-0005755,Jeff Garcia,30,1.75586295377403
2006,15,Pittsburgh Steelers,00-0000865,Charlie Batch,1,2.25532606133493
2006,15,Pittsburgh Steelers,00-0022924,Ben Roethlisberger,21,8.3300863549854
2006,15,San Francisco 49ers,00-0023436,Alex Smith,25,4.64483715872043
2006,15,Seattle Seahawks,00-0007091,Matt Hasselbeck,40,-1.09214781812625
2006,15,Tampa Bay Buccaneers,00-0019623,Tim Rattay,35,8.11394994234433
2006,15,Tampa Bay Buccaneers,00-0024408,Bruce Gradkowski,13,-6.31589750360958
2006,15,Tennessee Titans,00-0024218,Vince Young,18,-6.69142370780309
2006,15,Washington Commanders,00-0023460,Jason Campbell,29,2.07940841807696
2006,16,Arizona Cardinals,00-0017200,Kurt Warner,14,2.37167988787405
2006,16,Arizona Cardinals,00-0024225,Matt Leinart,14,13.3544637478614
2006,16,Atlanta Falcons,00-0020245,Mike Vick,23,-8.45344320662229
2006,16,Baltimore Ravens,00-0011024,Steve McNair,31,9.64602917968296
2006,16,Buffalo Bills,00-0022912,J.P. Losman,36,1.47515174822319
2006,16,Carolina Panthers,00-0020434,Chris Weinke,10,-5.60000775337778
2006,16,Chicago Bears,00-0006423,Brian Griese,9,3.04528650176249
2006,16,Chicago Bears,00-0022121,Rex Grossman,38,-1.38935582544513
2006,16,Cincinnati Bengals,00-0021429,Carson Palmer,42,-2.94522217969905
2006,16,Cleveland Browns,00-0022039,Ken Dorsey,2,-3.23537545104045
2006,16,Cleveland Browns,00-0023645,Derek Anderson,29,-20.2583577395687
2006,16,Dallas Cowboys,00-0021678,Tony Romo,32,-6.94389608092024
2006,16,Denver Broncos,00-0024226,Jay Cutler,26,-2.98636193617131
2006,16,Detroit Lions,00-0009311,Jon Kitna,48,0.260150596499443
2006,16,Green Bay Packers,00-0005106,Brett Favre,51,-7.77510821553033
2006,16,Houston Texans,00-0020608,David Carr,23,7.97908727987669
2006,16,Indianapolis Colts,00-0010346,Peyton Manning,27,16.4142507507237
2006,16,Jacksonville Jaguars,00-0021231,David Garrard,24,4.26354511320114
2006,16,Kansas City Chiefs,00-0006355,Trent Green,26,1.13834882824745
2006,16,Las Vegas Raiders,00-0023504,Andrew Walter,41,-14.5604847078997
2006,16,Los Angeles Chargers,00-0022942,Philip Rivers,31,0.507739010306353
2006,16,Los Angeles Rams,00-0019599,Marc Bulger,39,17.0564373345696
2006,16,Miami Dolphins,00-0020565,Cleo Lemon,18,-0.236125301063205
2006,16,Miami Dolphins,00-0021141,Joey Harrington,16,-11.661800227419
2006,16,Minnesota Vikings,00-0024279,Tarvaris Jackson,23,-15.493183354527
2006,16,New England Patriots,00-0019596,Tom Brady,40,6.16141435794483
2006,16,New Orleans Saints,00-0020531,Drew Brees,33,-3.04504059580939
2006,16,New York Giants,00-0022803,Eli Manning,27,-22.506075695972
2006,16,New York Jets,00-0019559,Chad Pennington,30,1.70207147440084
2006,16,Philadelphia Eagles,00-0005755,Jeff Garcia,25,7.79289979896396
2006,16,Pittsburgh Steelers,00-0000865,Charlie Batch,11,-0.847564452094957
2006,16,Pittsburgh Steelers,00-0022924,Ben Roethlisberger,36,-14.792622366338
2006,16,San Francisco 49ers,00-0023436,Alex Smith,33,-3.92827553862822
2006,16,Seattle Seahawks,00-0007091,Matt Hasselbeck,43,-12.7535870243785
2006,16,Tampa Bay Buccaneers,00-0019623,Tim Rattay,29,-4.43913124871004
2006,16,Tennessee Titans,00-0024218,Vince Young,21,11.053109081427
2006,16,Washington Commanders,00-0023460,Jason Campbell,26,3.5488813740667
2006,17,Arizona Cardinals,00-0017200,Kurt Warner,33,11.0894376653633
2006,17,Atlanta Falcons,00-0020245,Mike Vick,17,0.961341802571125
2006,17,Atlanta Falcons,00-0022787,Matt Schaub,23,-3.99188721596147
2006,17,Baltimore Ravens,00-0011024,Steve McNair,35,2.38620976125058
2006,17,Buffalo Bills,00-0022912,J.P. Losman,38,-9.84387336095097
2006,17,Carolina Panthers,00-0004161,Jake Delhomme,27,11.4399516528312
2006,17,Chicago Bears,00-0006423,Brian Griese,16,-4.79015619982965
2006,17,Chicago Bears,00-0022121,Rex Grossman,13,-26.0847047523712
2006,17,Cincinnati Bengals,00-0021429,Carson Palmer,38,8.78008078180253
2006,17,Cleveland Browns,00-0023502,Charlie Frye,35,-16.0250608872237
2006,17,Dallas Cowboys,00-0021678,Tony Romo,36,1.44289416237507
2006,17,Denver Broncos,00-0013042,Jake Plummer,3,-6.1789369629696
2006,17,Denver Broncos,00-0024226,Jay Cutler,34,0.718833717066262
2006,17,Detroit Lions,00-0009311,Jon Kitna,47,18.8661544625675
2006,17,Green Bay Packers,00-0005106,Brett Favre,44,5.32590266322576
2006,17,Houston Texans,00-0020608,David Carr,16,-7.23917931801407
2006,17,Indianapolis Colts,00-0010346,Peyton Manning,37,14.5300276316958
2006,17,Jacksonville Jaguars,00-0020613,Quinn Gray,23,5.35798379278276
2006,17,Jacksonville Jaguars,00-0021231,David Garrard,20,-6.34513923799291
2006,17,Kansas City Chiefs,00-0006355,Trent Green,24,-2.90631759079406
2006,17,Kansas City Chiefs,00-0007835,Damon Huard,3,2.66011955082649
2006,17,Las Vegas Raiders,00-0001823,Aaron Brooks,28,-10.1789971329968
2006,17,Los Angeles Chargers,00-0019041,Billy Volek,3,-4.31838305015117
2006,17,Los Angeles Chargers,00-0022942,Philip Rivers,26,9.30361835184418
2006,17,Los Angeles Rams,00-0019599,Marc Bulger,30,15.8568883612101
2006,17,Miami Dolphins,00-0020565,Cleo Lemon,38,2.44768585361142
2006,17,Minnesota Vikings,00-0008442,Brad Johnson,1,1.30069748638198
2006,17,Minnesota Vikings,00-0024279,Tarvaris Jackson,38,-14.0917780349555
2006,17,New England Patriots,00-0016193,Vinny Testaverde,3,6.22999053751119
2006,17,New England Patriots,00-0019596,Tom Brady,25,5.93494928448547
2006,17,New England Patriots,00-0023662,Matt Cassel,2,-1.57816153462045
2006,17,New Orleans Saints,00-0010455,Jamie Martin,29,-10.8243432647432
2006,17,New Orleans Saints,00-0020531,Drew Brees,5,2.29348262946587
2006,17,New York Giants,00-0022803,Eli Manning,27,2.66158837670366
2006,17,New York Jets,00-0019559,Chad Pennington,31,1.04819881827805
2006,17,Philadelphia Eagles,00-0005755,Jeff Garcia,3,0.0665507521815649
2006,17,Philadelphia Eagles,00-0020305,A.J. Feeley,33,18.531822090392
2006,17,Pittsburgh Steelers,00-0022924,Ben Roethlisberger,29,11.9550855304364
2006,17,San Francisco 49ers,00-0023436,Alex Smith,37,-8.95425616442852
2006,17,Seattle Seahawks,00-0007091,Matt Hasselbeck,30,13.2003676356639
2006,17,Tampa Bay Buccaneers,00-0019623,Tim Rattay,28,2.97050107112866
2006,17,Tennessee Titans,00-0024218,Vince Young,41,-13.3528448075926
2006,17,Washington Commanders,00-0023460,Jason Campbell,32,8.53367073944537
2007,1,Arizona Cardinals,00-0024225,Matt Leinart,29,-5.51144699692512
2007,1,Atlanta Falcons,00-0021141,Joey Harrington,38,-13.0877577653423
2007,1,Baltimore Ravens,00-0011024,Steve McNair,36,-17.205443177496
2007,1,Baltimore Ravens,00-0022164,Kyle Boller,6,-3.67749423079658
2007,1,Buffalo Bills,00-0022912,J.P. Losman,23,-7.69008018695519
2007,1,Carolina Panthers,00-0004161,Jake Delhomme,27,14.4092711578678
2007,1,Chicago Bears,00-0022121,Rex Grossman,26,-4.35780656673139
2007,1,Cincinnati Bengals,00-0021429,Carson Palmer,33,-1.87334041261405
2007,1,Cleveland Browns,00-0023502,Charlie Frye,15,-13.6309193723137
2007,1,Cleveland Browns,00-0023645,Derek Anderson,29,1.7231880047475
2007,1,Dallas Cowboys,00-0021678,Tony Romo,25,22.9159166175018
2007,1,Denver Broncos,00-0024226,Jay Cutler,40,8.3405115616122
2007,1,Detroit Lions,00-0009311,Jon Kitna,38,5.77055661674016
2007,1,Green Bay Packers,00-0005106,Brett Favre,46,-14.9221741676973
2007,1,Houston Texans,00-0022787,Matt Schaub,24,5.39689684713549
2007,1,Indianapolis Colts,00-0010346,Peyton Manning,30,11.0258906234135
2007,1,Jacksonville Jaguars,00-0021231,David Garrard,32,1.10182198981703
2007,1,Kansas City Chiefs,00-0007835,Damon Huard,36,-8.88384668439929
2007,1,Las Vegas Raiders,00-0021206,Josh McCown,43,1.53368553158581
2007,1,Los Angeles Chargers,00-0022942,Philip Rivers,34,-1.78749466867081
2007,1,Los Angeles Rams,00-0019599,Marc Bulger,43,-7.50207581842315
2007,1,Miami Dolphins,00-0006355,Trent Green,40,2.45989892064563
2007,1,Minnesota Vikings,00-0024279,Tarvaris Jackson,23,-1.08437556496859
2007,1,New England Patriots,00-0019596,Tom Brady,28,27.383777475925
2007,1,New Orleans Saints,00-0020531,Drew Brees,42,-18.9180409708029
2007,1,New York Giants,00-0022590,Jared Lorenzen,3,-1.47986924042925
2007,1,New York Giants,00-0022803,Eli Manning,42,14.9021240707288
2007,1,New York Jets,00-0019559,Chad Pennington,25,10.1970155427116
2007,1,New York Jets,00-0024264,Kellen Clemens,11,-5.08379143674392
2007,1,Philadelphia Eagles,00-0011022,Donovan McNabb,34,-3.00957138136535
2007,1,Pittsburgh Steelers,00-0022924,Ben Roethlisberger,24,6.19386874448926
2007,1,San Francisco 49ers,00-0023436,Alex Smith,34,-13.2604271606421
2007,1,Seattle Seahawks,00-0007091,Matt Hasselbeck,26,7.86230256108684
2007,1,Tampa Bay Buccaneers,00-0005755,Jeff Garcia,30,1.89656434845101
2007,1,Tampa Bay Buccaneers,00-0022864,Luke McCown,6,-2.03327653449378
2007,1,Tennessee Titans,00-0003292,Kerry Collins,1,-0.253353790962137
2007,1,Tennessee Titans,00-0024218,Vince Young,19,-7.57301975358594
2007,1,Washington Commanders,00-0023460,Jason Campbell,23,-4.1238791136239
2007,2,Arizona Cardinals,00-0024225,Matt Leinart,37,4.04674465063802
2007,2,Atlanta Falcons,00-0021141,Joey Harrington,27,3.88666227144181
2007,2,Baltimore Ravens,00-0022164,Kyle Boller,35,4.88303079578164
2007,2,Buffalo Bills,00-0022912,J.P. Losman,29,-11.4809067784986
2007,2,Carolina Panthers,00-0004161,Jake Delhomme,44,7.22872315940913
2007,2,Chicago Bears,00-0022121,Rex Grossman,37,-14.9357036685007
2007,2,Cincinnati Bengals,00-0021429,Carson Palmer,51,24.6271449928754
2007,2,Cleveland Browns,00-0023645,Derek Anderson,33,17.3392680443133
2007,2,Dallas Cowboys,00-0021678,Tony Romo,30,10.0306482925897
2007,2,Denver Broncos,00-0024226,Jay Cutler,35,-0.440743183495806
2007,2,Detroit Lions,00-0009311,Jon Kitna,34,5.89043840760132
2007,2,Detroit Lions,00-0021296,J.T. O'Sullivan,26,-1.24822699939541
2007,2,Green Bay Packers,00-0005106,Brett Favre,39,17.5370425108122
2007,2,Houston Texans,00-0022787,Matt Schaub,28,14.0637751223056
2007,2,Indianapolis Colts,00-0010346,Peyton Manning,44,10.3390808976487
2007,2,Jacksonville Jaguars,00-0021231,David Garrard,29,9.0173613083316
2007,2,Kansas City Chiefs,00-0007835,Damon Huard,32,-2.98315502412463
2007,2,Kansas City Chiefs,00-0024300,Brodie Croyle,4,3.61242733401014
2007,2,Las Vegas Raiders,00-0021206,Josh McCown,20,-8.39124078757595
2007,2,Los Angeles Chargers,00-0022942,Philip Rivers,33,-9.51058399619069
2007,2,Los Angeles Rams,00-0019599,Marc Bulger,47,2.27360736947858
2007,2,Miami Dolphins,00-0006355,Trent Green,42,-6.39321553915028
2007,2,Minnesota Vikings,00-0022026,Brooks Bollinger,5,0.795470463577658
2007,2,Minnesota Vikings,00-0024279,Tarvaris Jackson,34,-6.69385462747714
2007,2,New England Patriots,00-0019596,Tom Brady,33,13.1700607692272
2007,2,New Orleans Saints,00-0020531,Drew Brees,46,0.418751126802946
2007,2,New York Giants,00-0018272,Anthony Wright,6,-4.15780984214507
2007,2,New York Giants,00-0022590,Jared Lorenzen,6,2.34825749055017
2007,2,New York Giants,00-0022803,Eli Manning,30,-3.08439543421615
2007,2,New York Jets,00-0024264,Kellen Clemens,41,-0.312923678003769
2007,2,Philadelphia Eagles,00-0011022,Donovan McNabb,49,-5.97206811992016
2007,2,Pittsburgh Steelers,00-0022924,Ben Roethlisberger,35,6.54578305876596
2007,2,San Francisco 49ers,00-0023436,Alex Smith,21,-8.77757315058261
2007,2,Seattle Seahawks,00-0007091,Matt Hasselbeck,37,11.936661605036
2007,2,Tampa Bay Buccaneers,00-0005755,Jeff Garcia,16,12.7882409238373
2007,2,Tennessee Titans,00-0024218,Vince Young,30,3.05651828254705
2007,2,Washington Commanders,00-0023460,Jason Campbell,30,5.77263180409118
2007,3,Arizona Cardinals,00-0017200,Kurt Warner,20,17.4965822110406
2007,3,Arizona Cardinals,00-0024225,Matt Leinart,21,-6.63427211464027
2007,3,Atlanta Falcons,00-0021141,Joey Harrington,45,14.7750004647938
2007,3,Baltimore Ravens,00-0011024,Steve McNair,29,6.42236527113656
2007,3,Baltimore Ravens,00-0022164,Kyle Boller,12,1.35143716895254
2007,3,Buffalo Bills,00-0022912,J.P. Losman,2,-3.85978906857781
2007,3,Buffalo Bills,00-0025479,Trent Edwards,21,-8.66995239508105
2007,3,Carolina Panthers,00-0004161,Jake Delhomme,20,1.2006098694447
2007,3,Carolina Panthers,00-0020608,David Carr,5,3.67932535830328
2007,3,Chicago Bears,00-0022121,Rex Grossman,35,-13.2940708846607
2007,3,Cincinnati Bengals,00-0021429,Carson Palmer,45,14.6744195983319
2007,3,Cleveland Browns,00-0023645,Derek Anderson,38,-3.05625507962611
2007,3,Dallas Cowboys,00-0021678,Tony Romo,38,13.9536889775698
2007,3,Denver Broncos,00-0024226,Jay Cutler,24,8.51730441034306
2007,3,Detroit Lions,00-0009311,Jon Kitna,55,0.67978515845748
2007,3,Green Bay Packers,00-0005106,Brett Favre,47,11.9362270976442
2007,3,Houston Texans,00-0022787,Matt Schaub,36,-0.18800133146841
2007,3,Indianapolis Colts,00-0010346,Peyton Manning,30,14.9968899556032
2007,3,Jacksonville Jaguars,00-0021231,David Garrard,23,6.62491833889369
2007,3,Kansas City Chiefs,00-0007835,Damon Huard,30,7.80561276345281
2007,3,Las Vegas Raiders,00-0003739,Daunte Culpepper,15,6.00950622967348
2007,3,Las Vegas Raiders,00-0021206,Josh McCown,13,2.06736626698631
2007,3,Los Angeles Chargers,00-0022942,Philip Rivers,38,13.541340843635
2007,3,Los Angeles Rams,00-0019599,Marc Bulger,27,-8.57652438200256
2007,3,Miami Dolphins,00-0006355,Trent Green,37,12.5718250228356
2007,3,Minnesota Vikings,00-0007576,Kelly Holcomb,33,-4.77220232238316
2007,3,New England Patriots,00-0019596,Tom Brady,30,19.7019002050223
2007,3,New Orleans Saints,00-0020531,Drew Brees,46,-25.4479614869051
2007,3,New York Giants,00-0022803,Eli Manning,38,-1.00202736173586
2007,3,New York Jets,00-0019559,Chad Pennington,23,5.09177418528755
2007,3,Philadelphia Eagles,00-0011022,Donovan McNabb,27,22.8720162163372
2007,3,Philadelphia Eagles,00-0025423,Kevin Kolb,2,-5.05736778967548
2007,3,Pittsburgh Steelers,00-0022924,Ben Roethlisberger,22,0.181745718326232
2007,3,San Francisco 49ers,00-0023436,Alex Smith,37,-6.32185719898334
2007,3,Seattle Seahawks,00-0007091,Matt Hasselbeck,39,1.38869889235373
2007,3,Tampa Bay Buccaneers,00-0005755,Jeff Garcia,23,2.78319582328998
2007,3,Tennessee Titans,00-0003292,Kerry Collins,4,-0.355592383712064
2007,3,Tennessee Titans,00-0024218,Vince Young,22,6.22087288148362
2007,3,Washington Commanders,00-0023460,Jason Campbell,36,2.03959724139591
2007,4,Arizona Cardinals,00-0017200,Kurt Warner,22,4.41694227565221
2007,4,Arizona Cardinals,00-0024225,Matt Leinart,15,-1.61959144059801
2007,4,Atlanta Falcons,00-0021141,Joey Harrington,31,7.29068473645777
2007,4,Baltimore Ravens,00-0011024,Steve McNair,53,4.74762786581686
2007,4,Buffalo Bills,00-0025479,Trent Edwards,30,11.3682925866457
2007,4,Carolina Panthers,00-0020608,David Carr,44,-12.217840557103
2007,4,Chicago Bears,00-0006423,Brian Griese,58,-15.3715822547497
2007,4,Cincinnati Bengals,00-0021429,Carson Palmer,36,-2.10276311675772
2007,4,Cleveland Browns,00-0023645,Derek Anderson,18,4.86100181477279
2007,4,Dallas Cowboys,00-0021678,Tony Romo,34,14.7340411529294
2007,4,Denver Broncos,00-0024226,Jay Cutler,22,1.12277756916219
2007,4,Detroit Lions,00-0009311,Jon Kitna,30,1.55969053732538
2007,4,Green Bay Packers,00-0005106,Brett Favre,46,14.5755661446462
2007,4,Houston Texans,00-0022787,Matt Schaub,41,4.79093216988248
2007,4,Indianapolis Colts,00-0010346,Peyton Manning,27,11.0179347583908
2007,4,Kansas City Chiefs,00-0007835,Damon Huard,31,3.58527390926745
2007,4,Las Vegas Raiders,00-0003739,Daunte Culpepper,13,2.11746152199339
2007,4,Los Angeles Chargers,00-0022942,Philip Rivers,43,-20.024031905026
2007,4,Los Angeles Rams,00-0005589,Gus Frerotte,6,0.116805668687448
2007,4,Los Angeles Rams,00-0019599,Marc Bulger,27,-9.5042317404423
2007,4,Miami Dolphins,00-0006355,Trent Green,27,-10.7763684986562
2007,4,Minnesota Vikings,00-0007576,Kelly Holcomb,43,0.177750665059694
2007,4,New England Patriots,00-0019596,Tom Brady,32,16.4894851118756
2007,4,New York Giants,00-0022803,Eli Manning,27,-9.55167536302636
2007,4,New York Jets,00-0019559,Chad Pennington,40,7.79971782935606
2007,4,Philadelphia Eagles,00-0011022,Donovan McNabb,43,-17.9179147461775
2007,4,Pittsburgh Steelers,00-0022924,Ben Roethlisberger,36,-1.45594108090154
2007,4,San Francisco 49ers,00-0004293,Trent Dilfer,38,-27.4264630498465
2007,4,San Francisco 49ers,00-0023436,Alex Smith,2,-2.99559291452169
2007,4,Seattle Seahawks,00-0007091,Matt Hasselbeck,33,10.1123225071952
2007,4,Seattle Seahawks,00-0022055,Seneca Wallace,1,-0.552134581026621
2007,4,Tampa Bay Buccaneers,00-0005755,Jeff Garcia,25,5.06016804766716
2007,5,Arizona Cardinals,00-0017200,Kurt Warner,28,2.34954696605865
2007,5,Arizona Cardinals,00-0024225,Matt Leinart,14,-0.994883196053394
2007,5,Atlanta Falcons,00-0021141,Joey Harrington,32,-22.5153982348009
2007,5,Atlanta Falcons,00-0022177,Byron Leftwich,9,-7.89502593729412
2007,5,Baltimore Ravens,00-0011024,Steve McNair,43,-0.212472101562288
2007,5,Buffalo Bills,00-0025479,Trent Edwards,34,-9.30208297654479
2007,5,Carolina Panthers,00-0020608,David Carr,18,0.21737526752986
2007,5,Carolina Panthers,00-0025708,Matt Moore,2,1.87761087325784
2007,5,Chicago Bears,00-0006423,Brian Griese,27,3.3768924567587
2007,5,Cleveland Browns,00-0023645,Derek Anderson,46,-13.4235946113158
2007,5,Dallas Cowboys,00-0021678,Tony Romo,50,-7.00682918609263
2007,5,Denver Broncos,00-0024226,Jay Cutler,37,-0.263784226933713
2007,5,Detroit Lions,00-0009311,Jon Kitna,34,-20.2364012431171
2007,5,Green Bay Packers,00-0005106,Brett Favre,41,7.34101260543391
2007,5,Houston Texans,00-0022787,Matt Schaub,36,-0.870165451957547
2007,5,Indianapolis Colts,00-0010346,Peyton Manning,37,14.8357220366648
2007,5,Jacksonville Jaguars,00-0021231,David Garrard,31,10.4259513764053
2007,5,Kansas City Chiefs,00-0007835,Damon Huard,32,-1.59815546730162
2007,5,Kansas City Chiefs,00-0024300,Brodie Croyle,14,4.66963676002342
2007,5,Los Angeles Chargers,00-0022942,Philip Rivers,18,27.0396718884522
2007,5,Los Angeles Rams,00-0005589,Gus Frerotte,45,-11.0448590636834
2007,5,Miami Dolphins,00-0006355,Trent Green,2,-0.77694367710501
2007,5,Miami Dolphins,00-0020565,Cleo Lemon,28,-1.07746375068795
2007,5,New England Patriots,00-0019596,Tom Brady,38,5.50079521822134
2007,5,New Orleans Saints,00-0020531,Drew Brees,47,-7.17599616273145
2007,5,New York Giants,00-0022803,Eli Manning,25,0.643879950686824
2007,5,New York Jets,00-0019559,Chad Pennington,37,-7.79728400168531
2007,5,Pittsburgh Steelers,00-0022924,Ben Roethlisberger,25,10.620614520798
2007,5,San Francisco 49ers,00-0004293,Trent Dilfer,22,-4.84949452680303
2007,5,Seattle Seahawks,00-0007091,Matt Hasselbeck,29,-8.14468198362738
2007,5,Seattle Seahawks,00-0022055,Seneca Wallace,4,-3.0015161561314
2007,5,Tampa Bay Buccaneers,00-0005755,Jeff Garcia,24,6.02879824233241
2007,5,Tampa Bay Buccaneers,00-0024408,Bruce Gradkowski,4,-1.18436692026444
2007,5,Tennessee Titans,00-0024218,Vince Young,33,-10.8578708247131
2007,5,Washington Commanders,00-0023460,Jason Campbell,29,20.0888662725413
2007,6,Arizona Cardinals,00-0017200,Kurt Warner,4,-7.30366475507617
2007,6,Arizona Cardinals,00-0019623,Tim Rattay,24,-9.65312290259976
2007,6,Atlanta Falcons,00-0021141,Joey Harrington,43,-14.0683461055004
2007,6,Baltimore Ravens,00-0022164,Kyle Boller,32,-5.83962836824849
2007,6,Carolina Panthers,00-0016193,Vinny Testaverde,35,0.678657933612372
2007,6,Chicago Bears,00-0006423,Brian Griese,46,8.94144094616058
2007,6,Cincinnati Bengals,00-0021429,Carson Palmer,47,-1.36936475910237
2007,6,Cleveland Browns,00-0023645,Derek Anderson,26,19.4661644420606
2007,6,Dallas Cowboys,00-0021678,Tony Romo,31,-2.67918988916737
2007,6,Green Bay Packers,00-0005106,Brett Favre,39,-12.7509641068358
2007,6,Houston Texans,00-0020480,Sage Rosenfels,12,5.38773663865868
2007,6,Houston Texans,00-0022787,Matt Schaub,33,-2.83102319821331
2007,6,Jacksonville Jaguars,00-0021231,David Garrard,35,9.61549799240311
2007,6,Kansas City Chiefs,00-0007835,Damon Huard,40,11.3909828537002
2007,6,Las Vegas Raiders,00-0003739,Daunte Culpepper,43,-3.24771366073401
2007,6,Los Angeles Chargers,00-0022942,Philip Rivers,21,-5.2118644582288
2007,6,Los Angeles Rams,00-0005589,Gus Frerotte,40,-20.0912024744984
2007,6,Miami Dolphins,00-0020565,Cleo Lemon,45,-2.21191637120467
2007,6,Minnesota Vikings,00-0024279,Tarvaris Jackson,24,2.45350486971438
2007,6,New England Patriots,00-0019596,Tom Brady,49,18.7021197303286
2007,6,New Orleans Saints,00-0020531,Drew Brees,36,17.576121006161
2007,6,New York Giants,00-0022803,Eli Manning,40,5.16343477660895
2007,6,New York Jets,00-0019559,Chad Pennington,24,-13.2652660958836
2007,6,Philadelphia Eagles,00-0011022,Donovan McNabb,38,6.05948218452386
2007,6,Seattle Seahawks,00-0007091,Matt Hasselbeck,48,3.14411690996713
2007,6,Tampa Bay Buccaneers,00-0005755,Jeff Garcia,31,5.71667003112783
2007,6,Tennessee Titans,00-0003292,Kerry Collins,22,3.85889285738813
2007,6,Tennessee Titans,00-0024218,Vince Young,15,5.40181893575937
2007,6,Washington Commanders,00-0023460,Jason Campbell,40,-7.11890525947092
2007,7,Arizona Cardinals,00-0017200,Kurt Warner,42,-1.30443022874628
2007,7,Arizona Cardinals,00-0019623,Tim Rattay,1,1.88279418696766
2007,7,Atlanta Falcons,00-0021141,Joey Harrington,20,4.3314725919027
2007,7,Atlanta Falcons,00-0022177,Byron Leftwich,24,3.17690367383373
2007,7,Baltimore Ravens,00-0022164,Kyle Boller,37,-0.179951180878561
2007,7,Buffalo Bills,00-0025479,Trent Edwards,23,-5.60821581022225
2007,7,Chicago Bears,00-0006423,Brian Griese,42,17.1377785769502
2007,7,Cincinnati Bengals,00-0021429,Carson Palmer,22,6.82654204523191
2007,7,Dallas Cowboys,00-0021678,Tony Romo,42,6.51696299008665
2007,7,Denver Broncos,00-0024226,Jay Cutler,31,9.16412043516175
2007,7,Detroit Lions,00-0009311,Jon Kitna,23,0.320996159499389
2007,7,Houston Texans,00-0020480,Sage Rosenfels,35,6.63717518803617
2007,7,Houston Texans,00-0022787,Matt Schaub,11,-6.53044275625143
2007,7,Indianapolis Colts,00-0010346,Peyton Manning,39,10.9405757262292
2007,7,Jacksonville Jaguars,00-0020613,Quinn Gray,26,-13.0743097477825
2007,7,Jacksonville Jaguars,00-0021231,David Garrard,13,-2.04182706505526
2007,7,Kansas City Chiefs,00-0007835,Damon Huard,33,-5.11189283417176
2007,7,Las Vegas Raiders,00-0003739,Daunte Culpepper,31,-0.813978955728415
2007,7,Los Angeles Rams,00-0019599,Marc Bulger,47,-21.0367632114735
2007,7,Miami Dolphins,00-0020565,Cleo Lemon,40,0.009627541527152
2007,7,Minnesota Vikings,00-0024279,Tarvaris Jackson,22,-8.2381625301223
2007,7,New England Patriots,00-0019596,Tom Brady,26,31.1389695906546
2007,7,New England Patriots,00-0023662,Matt Cassel,2,-7.54330017324537
2007,7,New England Patriots,00-0024824,Matt Gutierrez,1,1.31804875528906
2007,7,New Orleans Saints,00-0020531,Drew Brees,34,2.86136730783619
2007,7,New York Giants,00-0018272,Anthony Wright,1,-0.891738187754527
2007,7,New York Giants,00-0022803,Eli Manning,32,-0.74786083214814
2007,7,New York Jets,00-0019559,Chad Pennington,33,10.0163870814718
2007,7,Philadelphia Eagles,00-0011022,Donovan McNabb,37,2.55270625874032
2007,7,Pittsburgh Steelers,00-0022924,Ben Roethlisberger,39,8.98864851159613
2007,7,San Francisco 49ers,00-0004293,Trent Dilfer,44,-18.8936666497756
2007,7,Seattle Seahawks,00-0007091,Matt Hasselbeck,36,-0.153283860311946
2007,7,Tampa Bay Buccaneers,00-0005755,Jeff Garcia,48,14.5617515927876
2007,7,Tennessee Titans,00-0003292,Kerry Collins,43,-5.19089769896853
2007,7,Washington Commanders,00-0023460,Jason Campbell,19,-6.65645954228183
2007,8,Buffalo Bills,00-0022912,J.P. Losman,5,6.99177896312904
2007,8,Buffalo Bills,00-0025479,Trent Edwards,22,-1.23979299564751
2007,8,Carolina Panthers,00-0016193,Vinny Testaverde,20,-2.7594140933943
2007,8,Carolina Panthers,00-0020608,David Carr,25,-0.45921843778342
2007,8,Chicago Bears,00-0006423,Brian Griese,42,-14.4098104308221
2007,8,Cincinnati Bengals,00-0021429,Carson Palmer,31,11.4057916426989
2007,8,Cleveland Browns,00-0023645,Derek Anderson,27,16.3629971634587
2007,8,Denver Broncos,00-0024226,Jay Cutler,36,11.1368935600912
2007,8,Detroit Lions,00-0009311,Jon Kitna,39,4.7609839904252
2007,8,Green Bay Packers,00-0005106,Brett Favre,28,19.2096663247023
2007,8,Houston Texans,00-0020480,Sage Rosenfels,28,0.738969089143211
2007,8,Houston Texans,00-0022787,Matt Schaub,18,-11.3832687886685
2007,8,Indianapolis Colts,00-0010346,Peyton Manning,30,11.1919840395289
2007,8,Indianapolis Colts,00-0022744,Jim Sorgi,2,-1.85390151129104
2007,8,Jacksonville Jaguars,00-0020613,Quinn Gray,18,1.60687385421975
2007,8,Las Vegas Raiders,00-0003739,Daunte Culpepper,37,-9.42647625904821
2007,8,Los Angeles Chargers,00-0022942,Philip Rivers,12,7.90103317948524
2007,8,Los Angeles Rams,00-0005589,Gus Frerotte,4,-1.46967415244071
2007,8,Los Angeles Rams,00-0019599,Marc Bulger,36,13.6182843394672
2007,8,Miami Dolphins,00-0020565,Cleo Lemon,31,4.39599840928426
2007,8,Minnesota Vikings,00-0007576,Kelly Holcomb,18,-1.27451522069938
2007,8,Minnesota Vikings,00-0022026,Brooks Bollinger,12,-0.600485647075547
2007,8,New England Patriots,00-0019596,Tom Brady,39,17.2451565191433
2007,8,New England Patriots,00-0023662,Matt Cassel,3,2.14519062521867
2007,8,New Orleans Saints,00-0020531,Drew Brees,39,22.2128400170656
2007,8,New York Giants,00-0022803,Eli Manning,23,-13.4573552846098
2007,8,New York Jets,00-0019559,Chad Pennington,23,-5.37776075609558
2007,8,New York Jets,00-0024264,Kellen Clemens,12,-2.2333297036821
2007,8,Philadelphia Eagles,00-0011022,Donovan McNabb,38,13.2568503868345
2007,8,Pittsburgh Steelers,00-0022924,Ben Roethlisberger,27,16.4558372418396
2007,8,San Francisco 49ers,00-0023436,Alex Smith,45,-3.22211993040685
2007,8,Tampa Bay Buccaneers,00-0005755,Jeff Garcia,43,-14.0823098342136
2007,8,Tennessee Titans,00-0024218,Vince Young,16,-7.60713388718921
2007,8,Washington Commanders,00-0023460,Jason Campbell,39,-15.9089665438514
2007,9,Arizona Cardinals,00-0017200,Kurt Warner,30,-7.1494023936961
2007,9,Atlanta Falcons,00-0021141,Joey Harrington,26,-4.29586405985016
2007,9,Baltimore Ravens,00-0011024,Steve McNair,27,-19.2325643853401
2007,9,Baltimore Ravens,00-0022164,Kyle Boller,10,-4.42742894717958
2007,9,Buffalo Bills,00-0022912,J.P. Losman,34,11.2482221916033
2007,9,Carolina Panthers,00-0020608,David Carr,34,-13.2380922849989
2007,9,Carolina Panthers,00-0025708,Matt Moore,5,-3.35700349509716
2007,9,Cincinnati Bengals,00-0021429,Carson Palmer,39,8.57293871155707
2007,9,Cleveland Browns,00-0023645,Derek Anderson,48,12.333369521161
2007,9,Dallas Cowboys,00-0021678,Tony Romo,25,22.1698654324864
2007,9,Denver Broncos,00-0021379,Patrick Ramsey,49,-10.7305754290428
2007,9,Denver Broncos,00-0024226,Jay Cutler,6,-3.84636438010543
2007,9,Detroit Lions,00-0009311,Jon Kitna,32,6.14247041352055
2007,9,Green Bay Packers,00-0005106,Brett Favre,35,17.4691731276932
2007,9,Houston Texans,00-0020480,Sage Rosenfels,19,8.35055160962777
2007,9,Indianapolis Colts,00-0010346,Peyton Manning,30,-0.123272125684929
2007,9,Jacksonville Jaguars,00-0020613,Quinn Gray,35,5.93261622822395
2007,9,Kansas City Chiefs,00-0007835,Damon Huard,37,-9.53647655213717
2007,9,Las Vegas Raiders,00-0021206,Josh McCown,29,-5.52356994012698
2007,9,Los Angeles Chargers,00-0022942,Philip Rivers,43,-12.3178418801847
2007,9,Minnesota Vikings,00-0022026,Brooks Bollinger,11,7.94072693978251
2007,9,Minnesota Vikings,00-0024279,Tarvaris Jackson,12,-1.86857030726969
2007,9,New England Patriots,00-0019596,Tom Brady,34,7.14488921698649
2007,9,New Orleans Saints,00-0020531,Drew Brees,50,16.7842194682338
2007,9,New York Jets,00-0024264,Kellen Clemens,45,4.01773313080618
2007,9,Philadelphia Eagles,00-0011022,Donovan McNabb,49,1.92447899346222
2007,9,Pittsburgh Steelers,00-0000865,Charlie Batch,5,-4.83824430989534
2007,9,Pittsburgh Steelers,00-0022924,Ben Roethlisberger,19,14.9817552583991
2007,9,San Francisco 49ers,00-0023436,Alex Smith,40,-15.3752667099372
2007,9,Seattle Seahawks,00-0007091,Matt Hasselbeck,47,13.8290458427698
2007,9,Tampa Bay Buccaneers,00-0005755,Jeff Garcia,31,8.22696234097936
2007,9,Tennessee Titans,00-0024218,Vince Young,26,-8.34871040889697
2007,9,Washington Commanders,00-0023460,Jason Campbell,24,2.21258369864165
2007,10,Arizona Cardinals,00-0017200,Kurt Warner,38,4.3464297999243
2007,10,Arizona Cardinals,00-0019623,Tim Rattay,1,1.41065115859965
2007,10,Atlanta Falcons,00-0019709,Chris Redman,1,1.79320554342121
2007,10,Atlanta Falcons,00-0021141,Joey Harrington,28,4.62551560084103
2007,10,Baltimore Ravens,00-0011024,Steve McNair,28,-10.7512362134294
2007,10,Baltimore Ravens,00-0022164,Kyle Boller,8,2.21161168580875
2007,10,Buffalo Bills,00-0022912,J.P. Losman,25,-3.81305822794093
2007,10,Carolina Panthers,00-0016193,Vinny Testaverde,30,-0.945787156285223
2007,10,Carolina Panthers,00-0025708,Matt Moore,1,-0.0683645422395784
2007,10,Chicago Bears,00-0006423,Brian Griese,15,0.177716726262588
2007,10,Chicago Bears,00-0022121,Rex Grossman,16,3.65743817384403
2007,10,Cincinnati Bengals,00-0021429,Carson Palmer,37,6.85449277482761
2007,10,Cleveland Browns,00-0023645,Derek Anderson,35,3.45398878901907
2007,10,Dallas Cowboys,00-0021678,Tony Romo,30,16.5987731868348
2007,10,Denver Broncos,00-0021379,Patrick Ramsey,2,-0.547052909561899
2007,10,Denver Broncos,00-0024226,Jay Cutler,30,-1.2240062092076
2007,10,Detroit Lions,00-0009311,Jon Kitna,49,1.1380147607415
2007,10,Green Bay Packers,00-0005106,Brett Favre,46,26.9229797162404
2007,10,Green Bay Packers,00-0023459,Aaron Rodgers,2,-0.0644808887736872
2007,10,Indianapolis Colts,00-0010346,Peyton Manning,58,-0.487820897746847
2007,10,Jacksonville Jaguars,00-0020613,Quinn Gray,24,2.60596766549861
2007,10,Kansas City Chiefs,00-0007835,Damon Huard,17,-13.8546453303331
2007,10,Kansas City Chiefs,00-0024300,Brodie Croyle,32,-4.96610938478916
2007,10,Las Vegas Raiders,00-0021206,Josh McCown,31,-16.874783116162
2007,10,Los Angeles Chargers,00-0022942,Philip Rivers,26,-14.525562470811
2007,10,Los Angeles Rams,00-0019599,Marc Bulger,37,18.2401266877844
2007,10,Miami Dolphins,00-0020565,Cleo Lemon,30,-2.44306279485225
2007,10,Minnesota Vikings,00-0022026,Brooks Bollinger,29,-12.7060920806252
2007,10,New Orleans Saints,00-0020531,Drew Brees,37,1.79824303575163
2007,10,New York Giants,00-0022803,Eli Manning,39,-2.55644046806877
2007,10,Philadelphia Eagles,00-0011022,Donovan McNabb,30,8.87329971431906
2007,10,Pittsburgh Steelers,00-0022924,Ben Roethlisberger,38,5.664684756839
2007,10,San Francisco 49ers,00-0023436,Alex Smith,31,-22.6921426374174
2007,10,Seattle Seahawks,00-0007091,Matt Hasselbeck,41,10.1981422325614
2007,10,Tennessee Titans,00-0024218,Vince Young,45,-7.24421644048128
2007,10,Washington Commanders,00-0023460,Jason Campbell,35,9.19740859138267
2007,11,Arizona Cardinals,00-0017200,Kurt Warner,31,6.02196991568952
2007,11,Atlanta Falcons,00-0021141,Joey Harrington,21,3.2604695445043
2007,11,Atlanta Falcons,00-0022177,Byron Leftwich,31,-28.1540845117997
2007,11,Baltimore Ravens,00-0022164,Kyle Boller,47,-12.3561939142631
2007,11,Buffalo Bills,00-0022912,J.P. Losman,30,-7.84848471744977
2007,11,Carolina Panthers,00-0016193,Vinny Testaverde,39,-5.57093671152509
2007,11,Chicago Bears,00-0022121,Rex Grossman,42,-3.5560463786833
2007,11,Cincinnati Bengals,00-0021429,Carson Palmer,53,-16.9515287267069
2007,11,Cleveland Browns,00-0023645,Derek Anderson,40,-3.47644847246519
2007,11,Dallas Cowboys,00-0021678,Tony Romo,33,19.7652945559239
2007,11,Denver Broncos,00-0024226,Jay Cutler,22,12.8611759162002
2007,11,Detroit Lions,00-0009311,Jon Kitna,46,-2.15825875589958
2007,11,Green Bay Packers,00-0005106,Brett Favre,31,6.43194668204027
2007,11,Houston Texans,00-0022787,Matt Schaub,34,10.2065818880869
2007,11,Indianapolis Colts,00-0010346,Peyton Manning,34,-10.426514651409
2007,11,Jacksonville Jaguars,00-0021231,David Garrard,24,8.14652431749622
2007,11,Kansas City Chiefs,00-0024300,Brodie Croyle,29,0.0241505031113798
2007,11,Las Vegas Raiders,00-0003739,Daunte Culpepper,43,6.55568989951374
2007,11,Los Angeles Chargers,00-0022942,Philip Rivers,40,8.53551782039424
2007,11,Los Angeles Rams,00-0019599,Marc Bulger,38,-5.33398095572027
2007,11,Miami Dolphins,00-0025427,John Beck,22,-1.747807304437
2007,11,Minnesota Vikings,00-0024279,Tarvaris Jackson,25,-4.79459540877724
2007,11,New England Patriots,00-0019596,Tom Brady,39,35.6345514269779
2007,11,New England Patriots,00-0023662,Matt Cassel,2,1.03988142416347
2007,11,New Orleans Saints,00-0020531,Drew Brees,50,-2.32572020321556
2007,11,New York Giants,00-0022803,Eli Manning,41,7.71781867126509
2007,11,New York Jets,00-0024264,Kellen Clemens,34,-14.2675688784083
2007,11,Philadelphia Eagles,00-0011022,Donovan McNabb,11,-9.34784064570556
2007,11,Philadelphia Eagles,00-0020305,A.J. Feeley,19,5.42790636024438
2007,11,Pittsburgh Steelers,00-0022924,Ben Roethlisberger,32,-2.18161884133628
2007,11,San Francisco 49ers,00-0004293,Trent Dilfer,45,-7.88988371110102
2007,11,Seattle Seahawks,00-0007091,Matt Hasselbeck,46,8.61622658907028
2007,11,Tampa Bay Buccaneers,00-0005755,Jeff Garcia,21,4.85863636376028
2007,11,Tampa Bay Buccaneers,00-0024408,Bruce Gradkowski,1,-3.1196094303159
2007,11,Tennessee Titans,00-0024218,Vince Young,42,8.02179275446722
2007,11,Washington Commanders,00-0023460,Jason Campbell,55,9.64144816421953
2007,12,Arizona Cardinals,00-0017200,Kurt Warner,52,3.26284744324817
2007,12,Arizona Cardinals,00-0019623,Tim Rattay,1,2.9806568181375
2007,12,Atlanta Falcons,00-0021141,Joey Harrington,32,-11.3970460153964
2007,12,Baltimore Ravens,00-0022164,Kyle Boller,37,-4.9002971163718
2007,12,Buffalo Bills,00-0022912,J.P. Losman,41,-8.88178712845547
2007,12,Carolina Panthers,00-0020608,David Carr,23,-8.15970941790165
2007,12,Carolina Panthers,00-0025708,Matt Moore,14,-4.07928409962915
2007,12,Chicago Bears,00-0022121,Rex Grossman,36,-7.7840374908664
2007,12,Cincinnati Bengals,00-0021429,Carson Palmer,39,18.232527111392
2007,12,Cleveland Browns,00-0023645,Derek Anderson,36,4.48560066000271
2007,12,Dallas Cowboys,00-0021678,Tony Romo,31,0.715151715811727
2007,12,Denver Broncos,00-0024226,Jay Cutler,33,9.61161157672641
2007,12,Detroit Lions,00-0009311,Jon Kitna,44,-6.190719122925
2007,12,Green Bay Packers,00-0005106,Brett Favre,41,18.593280492763
2007,12,Houston Texans,00-0022787,Matt Schaub,38,-3.48857104981932
2007,12,Indianapolis Colts,00-0010346,Peyton Manning,36,8.55797444269778
2007,12,Jacksonville Jaguars,00-0021231,David Garrard,38,12.941180754128
2007,12,Kansas City Chiefs,00-0024300,Brodie Croyle,26,-2.59635752951066
2007,12,Las Vegas Raiders,00-0003739,Daunte Culpepper,24,-0.754711597419368
2007,12,Los Angeles Chargers,00-0022942,Philip Rivers,35,16.0680115981367
2007,12,Los Angeles Rams,00-0005589,Gus Frerotte,35,-8.33869355948991
2007,12,Los Angeles Rams,00-0019599,Marc Bulger,6,-5.93343597021885
2007,12,Miami Dolphins,00-0025427,John Beck,27,-8.46405486835283
2007,12,Minnesota Vikings,00-0024279,Tarvaris Jackson,16,7.67090889683817
2007,12,New England Patriots,00-0019596,Tom Brady,57,13.3891359496351
2007,12,New Orleans Saints,00-0020531,Drew Brees,36,16.2062277564349
2007,12,New York Giants,00-0022803,Eli Manning,52,-29.768294480901
2007,12,New York Jets,00-0024264,Kellen Clemens,30,-16.8801098239406
2007,12,Philadelphia Eagles,00-0020305,A.J. Feeley,44,11.5937396150839
2007,12,Pittsburgh Steelers,00-0022924,Ben Roethlisberger,26,-3.19274933409368
2007,12,San Francisco 49ers,00-0004293,Trent Dilfer,42,0.471173254127209
2007,12,Seattle Seahawks,00-0007091,Matt Hasselbeck,43,-5.31661809385963
2007,12,Tampa Bay Buccaneers,00-0005755,Jeff Garcia,5,-3.72360293287784
2007,12,Tampa Bay Buccaneers,00-0024408,Bruce Gradkowski,21,-5.85970376246991
2007,12,Tennessee Titans,00-0024218,Vince Young,32,-6.73751939230326
2007,12,Washington Commanders,00-0023460,Jason Campbell,51,-0.727003226276491
2007,13,Arizona Cardinals,00-0017200,Kurt Warner,30,5.87214006746716
2007,13,Atlanta Falcons,00-0019709,Chris Redman,25,0.972578286295291
2007,13,Atlanta Falcons,00-0021141,Joey Harrington,37,-10.8380741026066
2007,13,Baltimore Ravens,00-0022164,Kyle Boller,23,2.34549171211598
2007,13,Buffalo Bills,00-0025479,Trent Edwards,36,4.04527097019417
2007,13,Carolina Panthers,00-0016193,Vinny Testaverde,28,-1.9573202852341
2007,13,Chicago Bears,00-0022121,Rex Grossman,52,-6.92023108827889
2007,13,Cincinnati Bengals,00-0021429,Carson Palmer,45,-9.61458182910859
2007,13,Cleveland Browns,00-0023645,Derek Anderson,42,-0.702750717967102
2007,13,Dallas Cowboys,00-0021678,Tony Romo,30,17.1071066387802
2007,13,Denver Broncos,00-0024226,Jay Cutler,33,-2.64834593982804
2007,13,Detroit Lions,00-0009311,Jon Kitna,39,-2.36975727956812
2007,13,Green Bay Packers,00-0005106,Brett Favre,14,-8.00838226271043
2007,13,Green Bay Packers,00-0023459,Aaron Rodgers,29,7.23072878015228
2007,13,Houston Texans,00-0020480,Sage Rosenfels,31,1.91519505994704
2007,13,Houston Texans,00-0022787,Matt Schaub,6,-0.700220325088594
2007,13,Indianapolis Colts,00-0010346,Peyton Manning,30,16.9367555337958
2007,13,Jacksonville Jaguars,00-0021231,David Garrard,32,6.03941067322544
2007,13,Kansas City Chiefs,00-0007835,Damon Huard,41,-15.9011971161901
2007,13,Kansas City Chiefs,00-0025604,Tyler Thigpen,7,-5.09859441895969
2007,13,Las Vegas Raiders,00-0021206,Josh McCown,21,7.15267180520842
2007,13,Las Vegas Raiders,00-0025388,JaMarcus Russell,7,3.07597119582351
2007,13,Los Angeles Chargers,00-0022942,Philip Rivers,24,-0.107373439677777
2007,13,Los Angeles Rams,00-0005589,Gus Frerotte,36,1.84063577908091
2007,13,Miami Dolphins,00-0025427,John Beck,42,-26.1463754127035
2007,13,Minnesota Vikings,00-0024279,Tarvaris Jackson,25,10.1782547764597
2007,13,New England Patriots,00-0019596,Tom Brady,41,3.92045803066615
2007,13,New Orleans Saints,00-0020531,Drew Brees,26,2.41940068360418
2007,13,New York Giants,00-0022803,Eli Manning,29,-5.12550545367412
2007,13,New York Jets,00-0024264,Kellen Clemens,30,1.76933405152982
2007,13,Philadelphia Eagles,00-0020305,A.J. Feeley,43,-24.3581395648483
2007,13,Pittsburgh Steelers,00-0022924,Ben Roethlisberger,32,6.4831939729047
2007,13,San Francisco 49ers,00-0004293,Trent Dilfer,35,-15.1880242301268
2007,13,Seattle Seahawks,00-0007091,Matt Hasselbeck,36,-3.84998083106159
2007,13,Tampa Bay Buccaneers,00-0022864,Luke McCown,40,7.61954423346195
2007,13,Tennessee Titans,00-0024218,Vince Young,34,6.97234817384742
2007,13,Washington Commanders,00-0023460,Jason Campbell,40,2.47269697110546
2007,14,Arizona Cardinals,00-0017200,Kurt Warner,51,-7.34293906233506
2007,14,Atlanta Falcons,00-0019709,Chris Redman,43,-11.2171879875241
2007,14,Baltimore Ravens,00-0022164,Kyle Boller,29,-16.599524285295
2007,14,Baltimore Ravens,00-0025561,Troy Smith,5,2.48318933989503
2007,14,Buffalo Bills,00-0025479,Trent Edwards,23,1.31413971403513
2007,14,Carolina Panthers,00-0016193,Vinny Testaverde,29,-18.1804143705972
2007,14,Carolina Panthers,00-0025708,Matt Moore,10,-5.12344828248024
2007,14,Chicago Bears,00-0006423,Brian Griese,47,0.444384972322994
2007,14,Chicago Bears,00-0022121,Rex Grossman,6,-3.10655435896479
2007,14,Cincinnati Bengals,00-0021429,Carson Palmer,30,-13.7135754020106
2007,14,Cleveland Browns,00-0023645,Derek Anderson,29,3.81390383067175
2007,14,Dallas Cowboys,00-0021678,Tony Romo,47,13.6615060124213
2007,14,Denver Broncos,00-0024226,Jay Cutler,27,14.5075548060366
2007,14,Detroit Lions,00-0009311,Jon Kitna,37,10.7147969547169
2007,14,Green Bay Packers,00-0005106,Brett Favre,23,10.820047638813
2007,14,Houston Texans,00-0020480,Sage Rosenfels,39,5.45285052078543
2007,14,Indianapolis Colts,00-0010346,Peyton Manning,17,27.0650442003389
2007,14,Indianapolis Colts,00-0022744,Jim Sorgi,5,0.0915230698883533
2007,14,Jacksonville Jaguars,00-0020613,Quinn Gray,1,2.52628786955029
2007,14,Jacksonville Jaguars,00-0021231,David Garrard,36,9.71636896718501
2007,14,Kansas City Chiefs,00-0024300,Brodie Croyle,34,-11.7989657148719
2007,14,Las Vegas Raiders,00-0021206,Josh McCown,15,-3.22602003857264
2007,14,Las Vegas Raiders,00-0023504,Andrew Walter,8,0.285509185749106
2007,14,Los Angeles Chargers,00-0019041,Billy Volek,3,-6.61817117437022
2007,14,Los Angeles Chargers,00-0022942,Philip Rivers,44,-1.76044029001611
2007,14,Los Angeles Rams,00-0023158,Brock Berlin,28,-0.527559571363489
2007,14,Miami Dolphins,00-0020565,Cleo Lemon,44,-9.64682691474445
2007,14,Miami Dolphins,00-0025427,John Beck,5,-10.8627456603572
2007,14,Minnesota Vikings,00-0024279,Tarvaris Jackson,25,8.32068394074303
2007,14,New England Patriots,00-0019596,Tom Brady,46,20.9832493438601
2007,14,New Orleans Saints,00-0020531,Drew Brees,41,18.6905622810031
2007,14,New York Giants,00-0022803,Eli Manning,33,2.86988339652615
2007,14,New York Jets,00-0024264,Kellen Clemens,45,-5.87540775884853
2007,14,Philadelphia Eagles,00-0011022,Donovan McNabb,33,-4.1884226260388
2007,14,Pittsburgh Steelers,00-0022924,Ben Roethlisberger,35,-0.140222627395785
2007,14,San Francisco 49ers,00-0004293,Trent Dilfer,20,-15.8441318494151
2007,14,San Francisco 49ers,00-0020679,Shaun Hill,29,4.44274605158716
2007,14,Seattle Seahawks,00-0007091,Matt Hasselbeck,34,16.9382218606768
2007,14,Tampa Bay Buccaneers,00-0022864,Luke McCown,42,-0.696815667615738
2007,14,Tennessee Titans,00-0003292,Kerry Collins,4,-2.73040762345772
2007,14,Tennessee Titans,00-0024218,Vince Young,22,-6.2318014248367
2007,14,Washington Commanders,00-0003315,Todd Collins,21,12.7838997410755
2007,14,Washington Commanders,00-0023460,Jason Campbell,16,1.289172785847
2007,15,Arizona Cardinals,00-0017200,Kurt Warner,32,1.41929359957524
2007,15,Atlanta Falcons,00-0019709,Chris Redman,16,-21.6650326310191
2007,15,Baltimore Ravens,00-0022164,Kyle Boller,23,4.10608063345382
2007,15,Baltimore Ravens,00-0025561,Troy Smith,11,-0.780752978147719
2007,15,Buffalo Bills,00-0025479,Trent Edwards,33,-10.9277735655196
2007,15,Carolina Panthers,00-0025708,Matt Moore,27,10.4153825161299
2007,15,Chicago Bears,00-0023541,Kyle Orton,39,-14.2279556181821
2007,15,Cincinnati Bengals,00-0021429,Carson Palmer,31,8.15695459971698
2007,15,Cleveland Browns,00-0023645,Derek Anderson,25,-5.07658266808399
2007,15,Dallas Cowboys,00-0021678,Tony Romo,40,-11.4786116536251
2007,15,Denver Broncos,00-0024226,Jay Cutler,44,-1.03920117875314
2007,15,Detroit Lions,00-0009311,Jon Kitna,45,-15.0321247709799
2007,15,Detroit Lions,00-0021296,J.T. O'Sullivan,2,-1.33481310424395
2007,15,Green Bay Packers,00-0005106,Brett Favre,30,6.28720057199773
2007,15,Houston Texans,00-0020480,Sage Rosenfels,27,2.14651522600298
2007,15,Indianapolis Colts,00-0010346,Peyton Manning,42,4.12448103859704
2007,15,Jacksonville Jaguars,00-0021231,David Garrard,33,2.44093629696777
2007,15,Kansas City Chiefs,00-0024300,Brodie Croyle,43,-1.18789848835487
2007,15,Las Vegas Raiders,00-0021206,Josh McCown,24,2.39014664618298
2007,15,Las Vegas Raiders,00-0025388,JaMarcus Russell,5,-3.54177542612888
2007,15,Los Angeles Chargers,00-0019041,Billy Volek,1,-1.34404871845618
2007,15,Los Angeles Chargers,00-0022942,Philip Rivers,21,11.4072345833935
2007,15,Los Angeles Rams,00-0019599,Marc Bulger,43,-15.4441830162659
2007,15,Miami Dolphins,00-0020565,Cleo Lemon,44,9.41622628412897
2007,15,Minnesota Vikings,00-0024279,Tarvaris Jackson,31,-9.576162122568
2007,15,New England Patriots,00-0019596,Tom Brady,28,-3.12465536673825
2007,15,New Orleans Saints,00-0020531,Drew Brees,31,18.1406985528772
2007,15,New York Giants,00-0022803,Eli Manning,54,-21.882721634174
2007,15,New York Jets,00-0019559,Chad Pennington,43,-2.39167113031461
2007,15,New York Jets,00-0024264,Kellen Clemens,1,-5.47216710727662
2007,15,New York Jets,00-0024318,Brad Smith,1,-3.36469409492565
2007,15,Philadelphia Eagles,00-0011022,Donovan McNabb,45,-5.53466641614032
2007,15,Pittsburgh Steelers,00-0022924,Ben Roethlisberger,38,-8.43278568662936
2007,15,San Francisco 49ers,00-0020679,Shaun Hill,30,3.52880103594561
2007,15,Seattle Seahawks,00-0007091,Matt Hasselbeck,44,1.46733007964212
2007,15,Tampa Bay Buccaneers,00-0005755,Jeff Garcia,27,-4.58355712674014
2007,15,Tennessee Titans,00-0024218,Vince Young,27,4.77358661227915
2007,15,Washington Commanders,00-0003315,Todd Collins,27,-7.08284701877299
2007,16,Arizona Cardinals,00-0017200,Kurt Warner,53,13.3069768406776
2007,16,Atlanta Falcons,00-0019709,Chris Redman,44,6.09976613514711
2007,16,Baltimore Ravens,00-0025561,Troy Smith,35,-4.60007611692697
2007,16,Buffalo Bills,00-0025479,Trent Edwards,29,-18.9367087669089
2007,16,Carolina Panthers,00-0025708,Matt Moore,33,-4.97624258121659
2007,16,Chicago Bears,00-0023541,Kyle Orton,14,6.44308714113747
2007,16,Cincinnati Bengals,00-0021429,Carson Palmer,21,-11.2540305975669
2007,16,Cleveland Browns,00-0023645,Derek Anderson,49,-11.650423097919
2007,16,Dallas Cowboys,00-0021678,Tony Romo,42,8.98508967624137
2007,16,Denver Broncos,00-0024226,Jay Cutler,36,-15.3496747150836
2007,16,Detroit Lions,00-0009311,Jon Kitna,18,-4.58331310274352
2007,16,Green Bay Packers,00-0005106,Brett Favre,33,-15.7174139854615
2007,16,Houston Texans,00-0020480,Sage Rosenfels,36,-5.05611783208039
2007,16,Indianapolis Colts,00-0010346,Peyton Manning,36,20.3280806505492
2007,16,Indianapolis Colts,00-0022744,Jim Sorgi,5,0.614242685958743
2007,16,Jacksonville Jaguars,00-0020613,Quinn Gray,9,5.4519150092965
2007,16,Jacksonville Jaguars,00-0021231,David Garrard,19,4.68218933156459
2007,16,Kansas City Chiefs,00-0007835,Damon Huard,40,6.88674219349935
2007,16,Kansas City Chiefs,00-0024300,Brodie Croyle,12,-10.1606804004405
2007,16,Las Vegas Raiders,00-0021206,Josh McCown,10,-2.94904756746837
2007,16,Las Vegas Raiders,00-0025388,JaMarcus Russell,25,-4.48899666550263
2007,16,Los Angeles Chargers,00-0019041,Billy Volek,4,-4.90787732054014
2007,16,Los Angeles Chargers,00-0022942,Philip Rivers,26,9.45158458347754
2007,16,Los Angeles Rams,00-0005589,Gus Frerotte,7,-0.919907270465046
2007,16,Los Angeles Rams,00-0019599,Marc Bulger,36,4.21759769798688
2007,16,Miami Dolphins,00-0020565,Cleo Lemon,48,-17.5430346415378
2007,16,Minnesota Vikings,00-0024279,Tarvaris Jackson,42,-7.48661879218135
2007,16,New England Patriots,00-0019596,Tom Brady,36,1.82348181045381
2007,16,New Orleans Saints,00-0020531,Drew Brees,46,1.1414763361225
2007,16,New York Giants,00-0022803,Eli Manning,17,-6.89623620369763
2007,16,New York Jets,00-0019559,Chad Pennington,38,-5.68935215647496
2007,16,Philadelphia Eagles,00-0011022,Donovan McNabb,38,15.3394150660183
2007,16,Pittsburgh Steelers,00-0022924,Ben Roethlisberger,24,17.5877034605946
2007,16,San Francisco 49ers,00-0020679,Shaun Hill,26,-2.29013126745122
2007,16,Seattle Seahawks,00-0007091,Matt Hasselbeck,29,-0.514158933627528
2007,16,Seattle Seahawks,00-0022055,Seneca Wallace,2,-2.24680341215571
2007,16,Tampa Bay Buccaneers,00-0005755,Jeff Garcia,22,8.94059486415326
2007,16,Tampa Bay Buccaneers,00-0022864,Luke McCown,34,-6.11758476019884
2007,16,Tennessee Titans,00-0024218,Vince Young,25,-2.79355850161883
2007,16,Washington Commanders,00-0003315,Todd Collins,30,14.5786446710555
2007,17,Arizona Cardinals,00-0017200,Kurt Warner,39,11.715853298906
2007,17,Atlanta Falcons,00-0019709,Chris Redman,29,11.6473412639534
2007,17,Baltimore Ravens,00-0025561,Troy Smith,29,8.04046760786354
2007,17,Buffalo Bills,00-0025479,Trent Edwards,30,-3.96649132628213
2007,17,Carolina Panthers,00-0025708,Matt Moore,25,5.48286849937795
2007,17,Chicago Bears,00-0023541,Kyle Orton,28,-2.86173167097697
2007,17,Cincinnati Bengals,00-0021429,Carson Palmer,32,16.8081870879506
2007,17,Cleveland Browns,00-0023645,Derek Anderson,21,-2.94411863002591
2007,17,Cleveland Browns,00-0025409,Brady Quinn,8,0.587793182240904
2007,17,Dallas Cowboys,00-0008442,Brad Johnson,12,-1.74302300456723
2007,17,Dallas Cowboys,00-0021678,Tony Romo,17,-6.94779188274121
2007,17,Denver Broncos,00-0024226,Jay Cutler,38,4.87558555528485
2007,17,Detroit Lions,00-0009311,Jon Kitna,48,-10.1100811472179
2007,17,Green Bay Packers,00-0005106,Brett Favre,11,9.36073698377004
2007,17,Green Bay Packers,00-0021277,Craig Nall,16,-0.215998473480772
2007,17,Houston Texans,00-0020480,Sage Rosenfels,19,6.50887553914799
2007,17,Indianapolis Colts,00-0010346,Peyton Manning,16,4.16466847508958
2007,17,Indianapolis Colts,00-0022744,Jim Sorgi,26,-10.0399473871221
2007,17,Jacksonville Jaguars,00-0020613,Quinn Gray,41,19.1450085530523
2007,17,Kansas City Chiefs,00-0024300,Brodie Croyle,46,-10.8419375411853
2007,17,Las Vegas Raiders,00-0025388,JaMarcus Russell,35,-13.3527626186952
2007,17,Los Angeles Chargers,00-0019041,Billy Volek,4,-2.6470006594318
2007,17,Los Angeles Chargers,00-0022942,Philip Rivers,24,1.94142624875091
2007,17,Los Angeles Rams,00-0005589,Gus Frerotte,5,-7.87980173865799
2007,17,Los Angeles Rams,00-0019599,Marc Bulger,28,-13.9043757463158
2007,17,Miami Dolphins,00-0020565,Cleo Lemon,22,2.36890777516121
2007,17,Miami Dolphins,00-0025427,John Beck,21,6.74686704062345
2007,17,Minnesota Vikings,00-0024279,Tarvaris Jackson,34,3.73887668570984
2007,17,New England Patriots,00-0019596,Tom Brady,43,20.9247829354704
2007,17,New Orleans Saints,00-0020531,Drew Brees,63,-12.2984253652478
2007,17,New York Giants,00-0022803,Eli Manning,33,11.7366824301425
2007,17,New York Jets,00-0024264,Kellen Clemens,28,-6.95016954148178
2007,17,Philadelphia Eagles,00-0011022,Donovan McNabb,45,8.78845604342806
2007,17,Pittsburgh Steelers,00-0000865,Charlie Batch,31,0.260049507487565
2007,17,San Francisco 49ers,00-0020434,Chris Weinke,27,-9.96423631889047
2007,17,Seattle Seahawks,00-0007091,Matt Hasselbeck,27,-1.68006937671453
2007,17,Seattle Seahawks,00-0022055,Seneca Wallace,24,1.39547767461328
2007,17,Tampa Bay Buccaneers,00-0022864,Luke McCown,32,-1.72704822047804
2007,17,Tennessee Titans,00-0003292,Kerry Collins,13,8.3764139843129
2007,17,Tennessee Titans,00-0024218,Vince Young,19,9.73199451167602
2007,17,Washington Commanders,00-0003315,Todd Collins,34,4.56830931538528
2008,1,Arizona Cardinals,00-0017200,Kurt Warner,33,4.76500183595407
2008,1,Atlanta Falcons,00-0026143,Matt Ryan,14,5.70666226584258
2008,1,Baltimore Ravens,00-0026158,Joe Flacco,29,-2.35766418868153
2008,1,Buffalo Bills,00-0025479,Trent Edwards,31,-0.835246937940206
2008,1,Carolina Panthers,00-0004161,Jake Delhomme,42,2.73817542286439
2008,1,Chicago Bears,00-0023541,Kyle Orton,23,4.07558441292655
2008,1,Cincinnati Bengals,00-0021429,Carson Palmer,27,-14.3879602776823
2008,1,Cleveland Browns,00-0023645,Derek Anderson,25,1.51296514268786
2008,1,Dallas Cowboys,00-0021678,Tony Romo,32,20.3274877373187
2008,1,Denver Broncos,00-0024226,Jay Cutler,24,23.791573080226
2008,1,Detroit Lions,00-0009311,Jon Kitna,36,5.18564750044607
2008,1,Green Bay Packers,00-0023459,Aaron Rodgers,22,2.68039282936698
2008,1,Houston Texans,00-0022787,Matt Schaub,38,-9.88660404643981
2008,1,Indianapolis Colts,00-0010346,Peyton Manning,51,-0.551638048338266
2008,1,Jacksonville Jaguars,00-0021231,David Garrard,42,-9.8136554513565
2008,1,Kansas City Chiefs,00-0007835,Damon Huard,15,-0.151343467470724
2008,1,Kansas City Chiefs,00-0024300,Brodie Croyle,20,-2.25900807013279
2008,1,Las Vegas Raiders,00-0025388,JaMarcus Russell,28,8.38650522584794
2008,1,Los Angeles Chargers,00-0022942,Philip Rivers,28,10.0177300242815
2008,1,Los Angeles Rams,00-0019599,Marc Bulger,30,-7.11642487348422
2008,1,Miami Dolphins,00-0019559,Chad Pennington,47,-1.40090289519867
2008,1,Minnesota Vikings,00-0024279,Tarvaris Jackson,36,-1.78479090023668
2008,1,New England Patriots,00-0019596,Tom Brady,11,0.037038876209408
2008,1,New England Patriots,00-0023662,Matt Cassel,20,6.17607564562328
2008,1,New Orleans Saints,00-0020531,Drew Brees,33,8.73560858999338
2008,1,New York Giants,00-0022803,Eli Manning,37,1.42831832700176
2008,1,New York Jets,00-0005106,Brett Favre,25,5.61337734229178
2008,1,Philadelphia Eagles,00-0011022,Donovan McNabb,33,18.1016115302021
2008,1,Philadelphia Eagles,00-0025423,Kevin Kolb,6,4.11451825752738
2008,1,Pittsburgh Steelers,00-0022177,Byron Leftwich,4,-4.12385353554708
2008,1,Pittsburgh Steelers,00-0022924,Ben Roethlisberger,16,2.64598137297435
2008,1,San Francisco 49ers,00-0021296,J.T. O'Sullivan,24,-10.215496587173
2008,1,Seattle Seahawks,00-0007091,Matt Hasselbeck,46,-13.0090207681045
2008,1,Tampa Bay Buccaneers,00-0005755,Jeff Garcia,43,-3.54545894247174
2008,1,Tennessee Titans,00-0003292,Kerry Collins,2,7.62952983012656
2008,1,Tennessee Titans,00-0024218,Vince Young,23,-10.7786466954286
2008,1,Washington Commanders,00-0023460,Jason Campbell,28,-4.76905670535052
2008,2,Arizona Cardinals,00-0017200,Kurt Warner,26,24.5241534529778
2008,2,Arizona Cardinals,00-0024225,Matt Leinart,2,1.51079864840722
2008,2,Atlanta Falcons,00-0026143,Matt Ryan,37,-9.81745062200607
2008,2,Buffalo Bills,00-0025479,Trent Edwards,28,6.41894151762439
2008,2,Carolina Panthers,00-0004161,Jake Delhomme,24,-10.5317580713599
2008,2,Chicago Bears,00-0023541,Kyle Orton,33,-0.419816884249871
2008,2,Cincinnati Bengals,00-0021429,Carson Palmer,28,-11.6499438850588
2008,2,Cleveland Browns,00-0023645,Derek Anderson,34,-3.22269608688723
2008,2,Dallas Cowboys,00-0021678,Tony Romo,30,14.2820238380275
2008,2,Denver Broncos,00-0024226,Jay Cutler,51,18.9577131260107
2008,2,Detroit Lions,00-0009311,Jon Kitna,46,-23.8856649222273
2008,2,Detroit Lions,00-0023578,Dan Orlovsky,4,-4.32813612115569
2008,2,Green Bay Packers,00-0023459,Aaron Rodgers,39,13.4350539563006
2008,2,Indianapolis Colts,00-0010346,Peyton Manning,44,0.477011588061342
2008,2,Jacksonville Jaguars,00-0021231,David Garrard,30,-5.8935312601779
2008,2,Kansas City Chiefs,00-0007835,Damon Huard,5,-7.62019304191927
2008,2,Kansas City Chiefs,00-0025604,Tyler Thigpen,36,-6.68847555616219
2008,2,Las Vegas Raiders,00-0025388,JaMarcus Russell,17,-4.50995738750561
2008,2,Los Angeles Chargers,00-0022942,Philip Rivers,34,22.3141033095982
2008,2,Los Angeles Rams,00-0019599,Marc Bulger,38,-14.2196157081453
2008,2,Miami Dolphins,00-0019559,Chad Pennington,22,-2.47904769935733
2008,2,Miami Dolphins,00-0026197,Chad Henne,12,3.13058320106939
2008,2,Minnesota Vikings,00-0024279,Tarvaris Jackson,27,-14.2464573910407
2008,2,New England Patriots,00-0023662,Matt Cassel,26,8.99060200724401
2008,2,New Orleans Saints,00-0020531,Drew Brees,35,2.84061161447758
2008,2,New York Giants,00-0022803,Eli Manning,31,15.9456203965038
2008,2,New York Jets,00-0005106,Brett Favre,28,3.99522317171795
2008,2,Philadelphia Eagles,00-0011022,Donovan McNabb,41,9.14210671964186
2008,2,Pittsburgh Steelers,00-0022924,Ben Roethlisberger,22,3.49923483380771
2008,2,San Francisco 49ers,00-0021296,J.T. O'Sullivan,40,6.41436765803691
2008,2,Seattle Seahawks,00-0007091,Matt Hasselbeck,37,-10.5318830799952
2008,2,Tampa Bay Buccaneers,00-0006423,Brian Griese,33,-1.0562963321732
2008,2,Tennessee Titans,00-0003292,Kerry Collins,22,2.75017926294822
2008,2,Washington Commanders,00-0023460,Jason Campbell,38,11.8907637409015
2008,3,Arizona Cardinals,00-0017200,Kurt Warner,32,2.64962651725011
2008,3,Atlanta Falcons,00-0026143,Matt Ryan,18,6.5793773834958
2008,3,Baltimore Ravens,00-0026158,Joe Flacco,20,-5.67023408442037
2008,3,Buffalo Bills,00-0025479,Trent Edwards,42,0.910610355378594
2008,3,Carolina Panthers,00-0004161,Jake Delhomme,34,-8.80569128104954
2008,3,Chicago Bears,00-0023541,Kyle Orton,37,-6.2912531607236
2008,3,Cincinnati Bengals,00-0021429,Carson Palmer,45,6.94149558527118
2008,3,Cleveland Browns,00-0023645,Derek Anderson,42,-21.7669602294448
2008,3,Dallas Cowboys,00-0021678,Tony Romo,33,0.0362335290767977
2008,3,Denver Broncos,00-0024226,Jay Cutler,34,9.81180283616924
2008,3,Detroit Lions,00-0009311,Jon Kitna,34,-8.65808784588937
2008,3,Detroit Lions,00-0023578,Dan Orlovsky,1,-1.0511332359165
2008,3,Green Bay Packers,00-0023459,Aaron Rodgers,44,1.93973079242124
2008,3,Houston Texans,00-0022787,Matt Schaub,40,-23.4307475722291
2008,3,Indianapolis Colts,00-0010346,Peyton Manning,30,-8.06142025478766
2008,3,Jacksonville Jaguars,00-0021231,David Garrard,22,5.22011010525019
2008,3,Kansas City Chiefs,00-0025604,Tyler Thigpen,38,-19.7427369587281
2008,3,Las Vegas Raiders,00-0025388,JaMarcus Russell,20,-2.06332012220834
2008,3,Los Angeles Chargers,00-0022942,Philip Rivers,25,16.2872845808404
2008,3,Los Angeles Rams,00-0019599,Marc Bulger,32,-2.82017821012947
2008,3,Miami Dolphins,00-0019559,Chad Pennington,20,15.495626913209
2008,3,Minnesota Vikings,00-0005589,Gus Frerotte,31,-2.0186631589542
2008,3,New England Patriots,00-0023662,Matt Cassel,34,-7.10355555884241
2008,3,New England Patriots,00-0026234,Kevin O'Connell,5,-2.495215315721
2008,3,New Orleans Saints,00-0020531,Drew Brees,49,22.6268754824998
2008,3,New York Giants,00-0022803,Eli Manning,43,9.53511629835055
2008,3,New York Jets,00-0005106,Brett Favre,45,-5.55975482693128
2008,3,New York Jets,00-0024264,Kellen Clemens,5,-2.03401133615989
2008,3,Philadelphia Eagles,00-0011022,Donovan McNabb,38,-1.81365554841119
2008,3,Philadelphia Eagles,00-0025423,Kevin Kolb,3,-3.06939064222388
2008,3,Pittsburgh Steelers,00-0022177,Byron Leftwich,8,-0.810583075741306
2008,3,Pittsburgh Steelers,00-0022924,Ben Roethlisberger,33,-9.63562289972331
2008,3,San Francisco 49ers,00-0021296,J.T. O'Sullivan,24,8.86641795444302
2008,3,Seattle Seahawks,00-0007091,Matt Hasselbeck,21,6.06415401630042
2008,3,Tampa Bay Buccaneers,00-0006423,Brian Griese,67,8.41309612931851
2008,3,Tennessee Titans,00-0003292,Kerry Collins,26,0.0633549991060451
2008,3,Washington Commanders,00-0023460,Jason Campbell,32,6.24251975209117
2008,4,Arizona Cardinals,00-0017200,Kurt Warner,62,2.21629721701084
2008,4,Atlanta Falcons,00-0026143,Matt Ryan,43,-14.2389651811351
2008,4,Baltimore Ravens,00-0026158,Joe Flacco,36,-5.95407608370373
2008,4,Buffalo Bills,00-0025479,Trent Edwards,29,-3.48739644673966
2008,4,Carolina Panthers,00-0004161,Jake Delhomme,29,19.8390555763617
2008,4,Chicago Bears,00-0023541,Kyle Orton,38,-12.9053817445235
2008,4,Cincinnati Bengals,00-0023682,Ryan Fitzpatrick,38,-7.32873659612749
2008,4,Cleveland Browns,00-0023645,Derek Anderson,25,-0.134476694685873
2008,4,Dallas Cowboys,00-0021678,Tony Romo,47,4.83763405601901
2008,4,Denver Broncos,00-0024226,Jay Cutler,50,5.11717935151264
2008,4,Green Bay Packers,00-0023459,Aaron Rodgers,30,-5.20592424331699
2008,4,Green Bay Packers,00-0026349,Matt Flynn,5,-4.12159173499094
2008,4,Houston Texans,00-0022787,Matt Schaub,40,24.8066388027861
2008,4,Jacksonville Jaguars,00-0021231,David Garrard,33,8.44770188007919
2008,4,Kansas City Chiefs,00-0007835,Damon Huard,29,3.04435576769344
2008,4,Las Vegas Raiders,00-0025388,JaMarcus Russell,43,-15.4318187738977
2008,4,Los Angeles Chargers,00-0022942,Philip Rivers,29,-5.83185047299213
2008,4,Los Angeles Rams,00-0006355,Trent Green,34,-13.0493806058657
2008,4,Minnesota Vikings,00-0005589,Gus Frerotte,45,4.58197711475631
2008,4,Minnesota Vikings,00-0024279,Tarvaris Jackson,3,-1.29831659211777
2008,4,New Orleans Saints,00-0020531,Drew Brees,35,12.0784557770821
2008,4,New York Jets,00-0005106,Brett Favre,36,16.3109565900761
2008,4,Philadelphia Eagles,00-0011022,Donovan McNabb,44,-2.67829954124294
2008,4,Pittsburgh Steelers,00-0022924,Ben Roethlisberger,27,-2.52878797654216
2008,4,San Francisco 49ers,00-0021296,J.T. O'Sullivan,42,-8.70284537764289
2008,4,Tampa Bay Buccaneers,00-0006423,Brian Griese,30,-21.8616088104503
2008,4,Tennessee Titans,00-0003292,Kerry Collins,35,-0.387143817852732
2008,4,Washington Commanders,00-0023460,Jason Campbell,33,9.80051190819948
2008,5,Arizona Cardinals,00-0017200,Kurt Warner,42,14.2835717916367
2008,5,Atlanta Falcons,00-0026143,Matt Ryan,26,6.82214849611175
2008,5,Baltimore Ravens,00-0026158,Joe Flacco,27,-2.06486993707863
2008,5,Buffalo Bills,00-0022912,J.P. Losman,26,-1.50730559468502
2008,5,Buffalo Bills,00-0025479,Trent Edwards,3,1.16478952486068
2008,5,Carolina Panthers,00-0004161,Jake Delhomme,22,13.4311390800867
2008,5,Chicago Bears,00-0023541,Kyle Orton,35,17.6246209395595
2008,5,Cincinnati Bengals,00-0021429,Carson Palmer,41,1.06274426817519
2008,5,Dallas Cowboys,00-0021678,Tony Romo,24,5.02016300578643
2008,5,Denver Broncos,00-0024226,Jay Cutler,34,4.44539481036119
2008,5,Detroit Lions,00-0009311,Jon Kitna,19,-15.5750016670208
2008,5,Detroit Lions,00-0023578,Dan Orlovsky,24,-14.3619813275291
2008,5,Green Bay Packers,00-0023459,Aaron Rodgers,39,10.6625206847101
2008,5,Houston Texans,00-0020480,Sage Rosenfels,35,2.07276981128246
2008,5,Indianapolis Colts,00-0010346,Peyton Manning,36,8.65018483286332
2008,5,Jacksonville Jaguars,00-0021231,David Garrard,35,6.94141170184594
2008,5,Kansas City Chiefs,00-0007835,Damon Huard,23,-19.5486180307344
2008,5,Kansas City Chiefs,00-0025604,Tyler Thigpen,11,-6.41213595191948
2008,5,Los Angeles Chargers,00-0022942,Philip Rivers,30,0.522034707025716
2008,5,Miami Dolphins,00-0019559,Chad Pennington,30,6.81854436349106
2008,5,Minnesota Vikings,00-0005589,Gus Frerotte,37,2.39086374699841
2008,5,New England Patriots,00-0023662,Matt Cassel,37,5.0798570286133
2008,5,New Orleans Saints,00-0020531,Drew Brees,47,3.61112133374006
2008,5,New York Giants,00-0020608,David Carr,1,1.80700661533047
2008,5,New York Giants,00-0022803,Eli Manning,26,13.9532090094086
2008,5,Philadelphia Eagles,00-0011022,Donovan McNabb,29,2.90076512490309
2008,5,Pittsburgh Steelers,00-0022924,Ben Roethlisberger,44,10.6143572442159
2008,5,San Francisco 49ers,00-0021296,J.T. O'Sullivan,30,-10.4512221562909
2008,5,Seattle Seahawks,00-0007091,Matt Hasselbeck,22,-7.14326267145318
2008,5,Seattle Seahawks,00-0022055,Seneca Wallace,7,-2.73457549873274
2008,5,Tampa Bay Buccaneers,00-0005755,Jeff Garcia,17,4.70333752135048
2008,5,Tampa Bay Buccaneers,00-0006423,Brian Griese,22,-3.65567823789111
2008,5,Tennessee Titans,00-0003292,Kerry Collins,32,0.950876709940892
2008,5,Washington Commanders,00-0023460,Jason Campbell,30,5.04997435469458
2008,6,Arizona Cardinals,00-0017200,Kurt Warner,31,6.56184509450391
2008,6,Atlanta Falcons,00-0026143,Matt Ryan,30,19.1284791924466
2008,6,Baltimore Ravens,00-0026158,Joe Flacco,42,-12.3480040874006
2008,6,Carolina Panthers,00-0004161,Jake Delhomme,39,-11.4468976190159
2008,6,Chicago Bears,00-0023541,Kyle Orton,44,11.3025851082187
2008,6,Cincinnati Bengals,00-0023682,Ryan Fitzpatrick,38,-6.38534087393782
2008,6,Cleveland Browns,00-0023645,Derek Anderson,29,21.5873635551992
2008,6,Dallas Cowboys,00-0021678,Tony Romo,42,6.7236357231007
2008,6,Denver Broncos,00-0024226,Jay Cutler,37,3.54582075295547
2008,6,Detroit Lions,00-0023578,Dan Orlovsky,27,-3.27347881748574
2008,6,Green Bay Packers,00-0023459,Aaron Rodgers,32,11.5970154937291
2008,6,Houston Texans,00-0022787,Matt Schaub,43,2.09840376737096
2008,6,Indianapolis Colts,00-0010346,Peyton Manning,30,16.4391709531112
2008,6,Jacksonville Jaguars,00-0021231,David Garrard,36,9.07992518394527
2008,6,Las Vegas Raiders,00-0025388,JaMarcus Russell,37,-16.0275065366078
2008,6,Los Angeles Chargers,00-0022942,Philip Rivers,27,15.4663033580657
2008,6,Los Angeles Rams,00-0019599,Marc Bulger,28,-2.54146150783386
2008,6,Miami Dolphins,00-0019559,Chad Pennington,27,9.66098192002391
2008,6,Minnesota Vikings,00-0005589,Gus Frerotte,38,-3.61519799258496
2008,6,New England Patriots,00-0023662,Matt Cassel,42,-13.4174932040796
2008,6,New Orleans Saints,00-0020531,Drew Brees,31,15.8375496811177
2008,6,New York Giants,00-0022803,Eli Manning,29,-10.9488484009635
2008,6,New York Jets,00-0005106,Brett Favre,35,-5.63398456321415
2008,6,Philadelphia Eagles,00-0011022,Donovan McNabb,36,10.5246279013551
2008,6,San Francisco 49ers,00-0021296,J.T. O'Sullivan,33,-15.9162884799348
2008,6,Seattle Seahawks,00-0023502,Charlie Frye,26,-12.2717531480098
2008,6,Tampa Bay Buccaneers,00-0005755,Jeff Garcia,20,10.617124336375
2008,6,Washington Commanders,00-0023460,Jason Campbell,30,-2.0163785801223
2008,7,Baltimore Ravens,00-0026158,Joe Flacco,26,14.7163095299102
2008,7,Buffalo Bills,00-0025479,Trent Edwards,30,13.3000279299982
2008,7,Carolina Panthers,00-0004161,Jake Delhomme,23,9.22864013919672
2008,7,Chicago Bears,00-0023541,Kyle Orton,34,5.13686445622673
2008,7,Cincinnati Bengals,00-0023682,Ryan Fitzpatrick,42,-14.2572960065377
2008,7,Cincinnati Bengals,00-0025592,Jordan Palmer,4,-0.699992981652031
2008,7,Cleveland Browns,00-0023645,Derek Anderson,38,-7.70348107651216
2008,7,Dallas Cowboys,00-0008442,Brad Johnson,37,-7.24621942033991
2008,7,Denver Broncos,00-0021379,Patrick Ramsey,4,-1.41889632795937
2008,7,Denver Broncos,00-0024226,Jay Cutler,28,2.66188220458571
2008,7,Detroit Lions,00-0023578,Dan Orlovsky,27,5.17874231428281
2008,7,Green Bay Packers,00-0023459,Aaron Rodgers,28,7.42365964466348
2008,7,Houston Texans,00-0022787,Matt Schaub,34,6.58429311049986
2008,7,Indianapolis Colts,00-0010346,Peyton Manning,42,-12.0148441062619
2008,7,Kansas City Chiefs,00-0007835,Damon Huard,18,-2.22436569918185
2008,7,Kansas City Chiefs,00-0024300,Brodie Croyle,10,-0.281420325812568
2008,7,Kansas City Chiefs,00-0025604,Tyler Thigpen,12,0.778477103117703
2008,7,Las Vegas Raiders,00-0025388,JaMarcus Russell,32,2.39225795068387
2008,7,Los Angeles Chargers,00-0022942,Philip Rivers,31,0.242335591115989
2008,7,Los Angeles Rams,00-0019599,Marc Bulger,24,0.927963960030125
2008,7,Miami Dolphins,00-0019559,Chad Pennington,36,-1.15903060684719
2008,7,Minnesota Vikings,00-0005589,Gus Frerotte,42,3.98313772812253
2008,7,New England Patriots,00-0023662,Matt Cassel,30,1.42894186728829
2008,7,New Orleans Saints,00-0020531,Drew Brees,40,-7.21801461384166
2008,7,New York Giants,00-0022803,Eli Manning,31,-0.54262039556489
2008,7,New York Jets,00-0005106,Brett Favre,41,-11.001932578596
2008,7,Pittsburgh Steelers,00-0022177,Byron Leftwich,3,5.27851483062841
2008,7,Pittsburgh Steelers,00-0022924,Ben Roethlisberger,28,10.9528196734882
2008,7,San Francisco 49ers,00-0021296,J.T. O'Sullivan,34,-4.39354677148856
2008,7,Seattle Seahawks,00-0022055,Seneca Wallace,23,-8.70834405529323
2008,7,Tampa Bay Buccaneers,00-0005755,Jeff Garcia,37,16.8186269819704
2008,7,Tennessee Titans,00-0003292,Kerry Collins,18,-0.0083049618111643
2008,7,Washington Commanders,00-0023460,Jason Campbell,24,5.25561300402698
2008,8,Arizona Cardinals,00-0017200,Kurt Warner,51,17.5583148667938
2008,8,Atlanta Falcons,00-0026143,Matt Ryan,46,0.865648443170358
2008,8,Baltimore Ravens,00-0025561,Troy Smith,1,3.29195723484736
2008,8,Baltimore Ravens,00-0026158,Joe Flacco,24,-0.574235572044867
2008,8,Buffalo Bills,00-0025479,Trent Edwards,37,2.10892334933701
2008,8,Carolina Panthers,00-0004161,Jake Delhomme,29,3.25328028736073
2008,8,Cincinnati Bengals,00-0023682,Ryan Fitzpatrick,34,-7.71527157213484
2008,8,Cleveland Browns,00-0023645,Derek Anderson,28,10.1898240871037
2008,8,Dallas Cowboys,00-0008442,Brad Johnson,36,-5.22856869168283
2008,8,Detroit Lions,00-0023578,Dan Orlovsky,36,0.523184092545401
2008,8,Houston Texans,00-0022787,Matt Schaub,29,21.9708453803032
2008,8,Indianapolis Colts,00-0010346,Peyton Manning,41,-1.38052902914933
2008,8,Jacksonville Jaguars,00-0021231,David Garrard,45,8.05773364281066
2008,8,Kansas City Chiefs,00-0025604,Tyler Thigpen,40,7.08676384718365
2008,8,Las Vegas Raiders,00-0025388,JaMarcus Russell,37,-5.92140285039656
2008,8,Los Angeles Chargers,00-0022942,Philip Rivers,40,21.8684456361848
2008,8,Los Angeles Rams,00-0019599,Marc Bulger,38,3.12684134302529
2008,8,Miami Dolphins,00-0019559,Chad Pennington,31,12.164786855424
2008,8,New England Patriots,00-0023662,Matt Cassel,36,2.42463238677269
2008,8,New Orleans Saints,00-0020531,Drew Brees,41,23.8498373815961
2008,8,New York Giants,00-0022803,Eli Manning,32,6.69155385625435
2008,8,New York Jets,00-0005106,Brett Favre,41,0.317184094970572
2008,8,New York Jets,00-0024318,Brad Smith,1,-0.794643520377576
2008,8,Philadelphia Eagles,00-0011022,Donovan McNabb,36,1.91169976724852
2008,8,Pittsburgh Steelers,00-0022924,Ben Roethlisberger,34,-13.2901208541589
2008,8,San Francisco 49ers,00-0020679,Shaun Hill,25,0.491322491143379
2008,8,San Francisco 49ers,00-0021296,J.T. O'Sullivan,24,-19.2754996674238
2008,8,Seattle Seahawks,00-0022055,Seneca Wallace,26,16.4728926359198
2008,8,Tampa Bay Buccaneers,00-0005755,Jeff Garcia,45,-2.50348252304788
2008,8,Tennessee Titans,00-0003292,Kerry Collins,37,7.05963442598767
2008,8,Washington Commanders,00-0023460,Jason Campbell,31,13.7118688429421
2008,9,Arizona Cardinals,00-0017200,Kurt Warner,35,13.3450194820661
2008,9,Atlanta Falcons,00-0026143,Matt Ryan,25,9.21975676223905
2008,9,Baltimore Ravens,00-0026158,Joe Flacco,31,14.1031295509622
2008,9,Buffalo Bills,00-0025479,Trent Edwards,40,-6.76158521893109
2008,9,Chicago Bears,00-0022121,Rex Grossman,19,-6.46348168211989
2008,9,Chicago Bears,00-0023541,Kyle Orton,15,2.5652737129097
2008,9,Cincinnati Bengals,00-0023682,Ryan Fitzpatrick,33,-2.02365755365463
2008,9,Cleveland Browns,00-0023645,Derek Anderson,34,-7.95986503271312
2008,9,Dallas Cowboys,00-0008442,Brad Johnson,13,-9.7026283555897
2008,9,Dallas Cowboys,00-0022026,Brooks Bollinger,18,-5.43705691711512
2008,9,Denver Broncos,00-0024226,Jay Cutler,47,-7.02911550540685
2008,9,Detroit Lions,00-0023578,Dan Orlovsky,49,0.100325802511881
2008,9,Green Bay Packers,00-0023459,Aaron Rodgers,45,-5.23364502708018
2008,9,Houston Texans,00-0020480,Sage Rosenfels,31,7.14622246217914
2008,9,Houston Texans,00-0022787,Matt Schaub,19,-6.87989912970807
2008,9,Indianapolis Colts,00-0010346,Peyton Manning,29,17.4727563072608
2008,9,Jacksonville Jaguars,00-0021231,David Garrard,41,-6.06943717348811
2008,9,Kansas City Chiefs,00-0025604,Tyler Thigpen,26,3.27433594239918
2008,9,Las Vegas Raiders,00-0025388,JaMarcus Russell,23,-23.0043363331934
2008,9,Los Angeles Rams,00-0019599,Marc Bulger,35,-14.9632878268166
2008,9,Miami Dolphins,00-0019559,Chad Pennington,42,5.82009142771117
2008,9,Minnesota Vikings,00-0005589,Gus Frerotte,21,-2.45419239223702
2008,9,New England Patriots,00-0023662,Matt Cassel,34,8.636588557913
2008,9,New York Giants,00-0022803,Eli Manning,31,-9.40942416267353
2008,9,New York Jets,00-0005106,Brett Favre,28,1.59564333932273
2008,9,Philadelphia Eagles,00-0011022,Donovan McNabb,44,9.70815198476489
2008,9,Pittsburgh Steelers,00-0022177,Byron Leftwich,12,11.8716804759461
2008,9,Pittsburgh Steelers,00-0022924,Ben Roethlisberger,20,-11.7396597470132
2008,9,Seattle Seahawks,00-0022055,Seneca Wallace,33,-12.3195218400797
2008,9,Tampa Bay Buccaneers,00-0005755,Jeff Garcia,43,14.999054079131
2008,9,Tennessee Titans,00-0003292,Kerry Collins,39,-4.07597355096663
2008,9,Washington Commanders,00-0023460,Jason Campbell,50,-24.6388765522474
2008,10,Arizona Cardinals,00-0017200,Kurt Warner,42,15.4727077060597
2008,10,Atlanta Falcons,00-0026143,Matt Ryan,23,11.4992741002052
2008,10,Baltimore Ravens,00-0025561,Troy Smith,1,3.02804340259172
2008,10,Baltimore Ravens,00-0026158,Joe Flacco,26,3.0456974375434
2008,10,Buffalo Bills,00-0025479,Trent Edwards,25,-6.19254499918316
2008,10,Carolina Panthers,00-0004161,Jake Delhomme,29,-22.3290807918302
2008,10,Chicago Bears,00-0022121,Rex Grossman,39,-8.68045660068642
2008,10,Cleveland Browns,00-0025409,Brady Quinn,35,9.62260613114854
2008,10,Denver Broncos,00-0024226,Jay Cutler,43,23.6062892378869
2008,10,Detroit Lions,00-0003739,Daunte Culpepper,12,-3.95414494348128
2008,10,Detroit Lions,00-0025430,Drew Stanton,13,-1.44294737844029
2008,10,Green Bay Packers,00-0023459,Aaron Rodgers,30,-8.45695992433451
2008,10,Houston Texans,00-0020480,Sage Rosenfels,40,-17.1527550158165
2008,10,Indianapolis Colts,00-0010346,Peyton Manning,42,8.46794128591714
2008,10,Jacksonville Jaguars,00-0020565,Cleo Lemon,2,-2.73469828208908
2008,10,Jacksonville Jaguars,00-0021231,David Garrard,26,20.4574846360489
2008,10,Kansas City Chiefs,00-0025604,Tyler Thigpen,42,9.76658875129954
2008,10,Las Vegas Raiders,00-0020405,Marques Tuiasosopo,4,-4.14140692120418
2008,10,Las Vegas Raiders,00-0023504,Andrew Walter,35,-12.7504135667352
2008,10,Los Angeles Chargers,00-0022942,Philip Rivers,38,11.0372907138237
2008,10,Los Angeles Rams,00-0006355,Trent Green,10,-4.75826453424323
2008,10,Los Angeles Rams,00-0019599,Marc Bulger,15,-15.8598619994009
2008,10,Miami Dolphins,00-0019559,Chad Pennington,38,-1.22596320422599
2008,10,Minnesota Vikings,00-0005589,Gus Frerotte,30,-16.133202277474
2008,10,New England Patriots,00-0023662,Matt Cassel,35,6.79403818603734
2008,10,New Orleans Saints,00-0020531,Drew Brees,59,-4.726250327835
2008,10,New York Giants,00-0022803,Eli Manning,32,2.90700406144952
2008,10,New York Jets,00-0005106,Brett Favre,19,9.80917971956864
2008,10,Philadelphia Eagles,00-0011022,Donovan McNabb,36,0.959894204545899
2008,10,Pittsburgh Steelers,00-0022924,Ben Roethlisberger,44,1.14634571792326
2008,10,San Francisco 49ers,00-0020679,Shaun Hill,40,-0.395903440046823
2008,10,Seattle Seahawks,00-0022055,Seneca Wallace,41,-0.990002327993948
2008,10,Tennessee Titans,00-0003292,Kerry Collins,42,13.5417339904976
2008,11,Arizona Cardinals,00-0017200,Kurt Warner,46,10.492295033012
2008,11,Atlanta Falcons,00-0026143,Matt Ryan,33,9.16034001636366
2008,11,Baltimore Ravens,00-0026158,Joe Flacco,34,-11.5629439719271
2008,11,Buffalo Bills,00-0025479,Trent Edwards,26,-6.86329491154632
2008,11,Carolina Panthers,00-0004161,Jake Delhomme,19,-0.122062430309597
2008,11,Chicago Bears,00-0022121,Rex Grossman,7,-5.39611846423941
2008,11,Chicago Bears,00-0023541,Kyle Orton,27,-0.609001017880205
2008,11,Cincinnati Bengals,00-0023682,Ryan Fitzpatrick,52,-5.07912044400596
2008,11,Cleveland Browns,00-0025409,Brady Quinn,37,-3.08637520257191
2008,11,Dallas Cowboys,00-0021678,Tony Romo,27,2.71481779479655
2008,11,Denver Broncos,00-0024226,Jay Cutler,28,15.983232766199
2008,11,Detroit Lions,00-0003739,Daunte Culpepper,38,-9.70510749708391
2008,11,Green Bay Packers,00-0023459,Aaron Rodgers,30,10.539765037619
2008,11,Houston Texans,00-0020480,Sage Rosenfels,20,6.53833602989434
2008,11,Indianapolis Colts,00-0010346,Peyton Manning,46,19.767974683454
2008,11,Jacksonville Jaguars,00-0021231,David Garrard,34,-14.8181504780368
2008,11,Kansas City Chiefs,00-0025604,Tyler Thigpen,42,-1.29578651127985
2008,11,Las Vegas Raiders,00-0020405,Marques Tuiasosopo,1,-1.62171899015084
2008,11,Las Vegas Raiders,00-0025388,JaMarcus Russell,26,-2.0866528829146
2008,11,Los Angeles Chargers,00-0022942,Philip Rivers,28,-3.27745260569685
2008,11,Los Angeles Rams,00-0019599,Marc Bulger,56,-8.62332913004566
2008,11,Miami Dolphins,00-0019559,Chad Pennington,25,3.46085251506884
2008,11,Minnesota Vikings,00-0005589,Gus Frerotte,25,-0.140986955831997
2008,11,New England Patriots,00-0023662,Matt Cassel,54,19.2290691401804
2008,11,New Orleans Saints,00-0020531,Drew Brees,36,10.6043044683531
2008,11,New York Giants,00-0022803,Eli Manning,24,4.86747704987647
2008,11,New York Jets,00-0005106,Brett Favre,36,18.2827862658473
2008,11,Philadelphia Eagles,00-0011022,Donovan McNabb,60,-15.1304307772649
2008,11,Pittsburgh Steelers,00-0022924,Ben Roethlisberger,45,5.38715623412533
2008,11,San Francisco 49ers,00-0020679,Shaun Hill,22,11.6087250638229
2008,11,San Francisco 49ers,00-0021296,J.T. O'Sullivan,1,-0.814964655321091
2008,11,Seattle Seahawks,00-0007091,Matt Hasselbeck,31,-2.62321108656749
2008,11,Tampa Bay Buccaneers,00-0005755,Jeff Garcia,31,10.6860805792234
2008,11,Tennessee Titans,00-0003292,Kerry Collins,24,8.04569430579465
2008,11,Washington Commanders,00-0023460,Jason Campbell,37,-8.45879672091598
2008,12,Arizona Cardinals,00-0017200,Kurt Warner,53,7.31550199390096
2008,12,Atlanta Falcons,00-0026143,Matt Ryan,28,12.5337377357899
2008,12,Baltimore Ravens,00-0026158,Joe Flacco,29,-1.0421820199065
2008,12,Buffalo Bills,00-0025479,Trent Edwards,32,9.39385902656146
2008,12,Carolina Panthers,00-0004161,Jake Delhomme,38,8.89845154689097
2008,12,Chicago Bears,00-0023541,Kyle Orton,30,0.162206800921543
2008,12,Cincinnati Bengals,00-0023682,Ryan Fitzpatrick,38,-4.37727447776864
2008,12,Cleveland Browns,00-0023645,Derek Anderson,14,-6.09107561510713
2008,12,Cleveland Browns,00-0025409,Brady Quinn,18,-9.31024649675722
2008,12,Dallas Cowboys,00-0021678,Tony Romo,40,15.8693136045283
2008,12,Denver Broncos,00-0024226,Jay Cutler,37,4.98437200266214
2008,12,Detroit Lions,00-0003739,Daunte Culpepper,24,-17.521301112279
2008,12,Detroit Lions,00-0025430,Drew Stanton,6,-2.5142335417496
2008,12,Green Bay Packers,00-0023459,Aaron Rodgers,43,-5.7543862635647
2008,12,Houston Texans,00-0020480,Sage Rosenfels,33,6.90325318809241
2008,12,Indianapolis Colts,00-0010346,Peyton Manning,45,11.7046331725366
2008,12,Jacksonville Jaguars,00-0021231,David Garrard,49,4.95824215885667
2008,12,Kansas City Chiefs,00-0020613,Quinn Gray,8,6.09138984250603
2008,12,Kansas City Chiefs,00-0025604,Tyler Thigpen,34,-8.08022175254475
2008,12,Las Vegas Raiders,00-0025388,JaMarcus Russell,11,11.9498839461594
2008,12,Los Angeles Chargers,00-0022942,Philip Rivers,33,9.11067002917419
2008,12,Los Angeles Rams,00-0006355,Trent Green,34,-14.7413151782977
2008,12,Los Angeles Rams,00-0019599,Marc Bulger,3,-0.951407408807427
2008,12,Los Angeles Rams,00-0023158,Brock Berlin,3,-1.52293261932209
2008,12,Miami Dolphins,00-0019559,Chad Pennington,43,10.5584652324033
2008,12,Minnesota Vikings,00-0005589,Gus Frerotte,23,-5.88556595587229
2008,12,New England Patriots,00-0023662,Matt Cassel,45,23.3561949135606
2008,12,New Orleans Saints,00-0020531,Drew Brees,27,20.2223276060236
2008,12,New York Giants,00-0022803,Eli Manning,34,13.6377929232357
2008,12,New York Jets,00-0005106,Brett Favre,34,11.119628141658
2008,12,Philadelphia Eagles,00-0011022,Donovan McNabb,20,-19.3755276345764
2008,12,Philadelphia Eagles,00-0025423,Kevin Kolb,23,-22.559900605469
2008,12,Pittsburgh Steelers,00-0022924,Ben Roethlisberger,30,7.89450229259923
2008,12,San Francisco 49ers,00-0020679,Shaun Hill,37,5.55455868747328
2008,12,Seattle Seahawks,00-0007091,Matt Hasselbeck,26,-8.799153338831
2008,12,Tampa Bay Buccaneers,00-0005755,Jeff Garcia,24,-8.42806313251839
2008,12,Tennessee Titans,00-0003292,Kerry Collins,40,1.18522748327346
2008,12,Washington Commanders,00-0023460,Jason Campbell,35,5.59528803694783
2008,13,Arizona Cardinals,00-0017200,Kurt Warner,39,-5.94458751640911
2008,13,Atlanta Falcons,00-0026143,Matt Ryan,23,15.6456750500345
2008,13,Baltimore Ravens,00-0026158,Joe Flacco,31,14.3621641394478
2008,13,Buffalo Bills,00-0022912,J.P. Losman,20,-6.21622166817787
2008,13,Buffalo Bills,00-0025479,Trent Edwards,21,0.346901358177095
2008,13,Carolina Panthers,00-0004161,Jake Delhomme,19,5.36330548161641
2008,13,Chicago Bears,00-0023541,Kyle Orton,32,-21.6449548907694
2008,13,Cincinnati Bengals,00-0023682,Ryan Fitzpatrick,34,-14.1315450678909
2008,13,Cincinnati Bengals,00-0025592,Jordan Palmer,3,-12.2287223631865
2008,13,Cleveland Browns,00-0022039,Ken Dorsey,3,-0.389596779015847
2008,13,Cleveland Browns,00-0023645,Derek Anderson,29,-9.32179717787371
2008,13,Dallas Cowboys,00-0021678,Tony Romo,34,13.8829535286957
2008,13,Denver Broncos,00-0024226,Jay Cutler,43,12.2796010292484
2008,13,Detroit Lions,00-0003739,Daunte Culpepper,28,-12.9421738819139
2008,13,Detroit Lions,00-0022181,Drew Henson,4,-1.28415311849676
2008,13,Green Bay Packers,00-0023459,Aaron Rodgers,47,15.5479165203242
2008,13,Houston Texans,00-0020480,Sage Rosenfels,24,0.75706183029512
2008,13,Indianapolis Colts,00-0010346,Peyton Manning,21,2.81252464721363
2008,13,Jacksonville Jaguars,00-0021231,David Garrard,38,-1.7962400443719
2008,13,Kansas City Chiefs,00-0025604,Tyler Thigpen,23,-1.33466468263391
2008,13,Las Vegas Raiders,00-0025388,JaMarcus Russell,28,-6.78744148491194
2008,13,Los Angeles Chargers,00-0022942,Philip Rivers,33,-5.60022463484556
2008,13,Los Angeles Rams,00-0019599,Marc Bulger,35,-11.9433121765444
2008,13,Miami Dolphins,00-0019559,Chad Pennington,23,4.58023264089683
2008,13,Minnesota Vikings,00-0005589,Gus Frerotte,27,-5.29851439463394
2008,13,New England Patriots,00-0023662,Matt Cassel,44,-31.1686019990313
2008,13,New Orleans Saints,00-0020531,Drew Brees,48,-0.315480781282474
2008,13,New York Giants,00-0022803,Eli Manning,36,10.3030804420993
2008,13,New York Jets,00-0005106,Brett Favre,45,-6.44971464999579
2008,13,Philadelphia Eagles,00-0011022,Donovan McNabb,40,14.259024592756
2008,13,Pittsburgh Steelers,00-0022924,Ben Roethlisberger,34,0.960775254636066
2008,13,San Francisco 49ers,00-0020679,Shaun Hill,26,6.73320686025545
2008,13,Seattle Seahawks,00-0007091,Matt Hasselbeck,45,-0.796710866638767
2008,13,Tampa Bay Buccaneers,00-0005755,Jeff Garcia,27,-11.0842825641408
2008,13,Tennessee Titans,00-0003292,Kerry Collins,19,0.163830346236089
2008,13,Tennessee Titans,00-0024218,Vince Young,1,3.73544883704744
2008,13,Washington Commanders,00-0023460,Jason Campbell,42,-8.52311176253617
2008,14,Arizona Cardinals,00-0017200,Kurt Warner,34,6.03093854449492
2008,14,Atlanta Falcons,00-0026143,Matt Ryan,33,14.721984556796
2008,14,Baltimore Ravens,00-0026158,Joe Flacco,21,-0.637594302092337
2008,14,Buffalo Bills,00-0022912,J.P. Losman,31,-15.6583739713255
2008,14,Carolina Panthers,00-0004161,Jake Delhomme,21,3.34939245077771
2008,14,Chicago Bears,00-0023541,Kyle Orton,35,-3.72153328354259
2008,14,Cincinnati Bengals,00-0023682,Ryan Fitzpatrick,30,-17.6001414440957
2008,14,Cincinnati Bengals,00-0025592,Jordan Palmer,7,-0.209116669779178
2008,14,Cleveland Browns,00-0022039,Ken Dorsey,44,-15.7843934244239
2008,14,Dallas Cowboys,00-0021678,Tony Romo,39,-17.3011543914521
2008,14,Denver Broncos,00-0024226,Jay Cutler,40,8.44244735391195
2008,14,Detroit Lions,00-0003739,Daunte Culpepper,27,1.42471854655766
2008,14,Detroit Lions,00-0022181,Drew Henson,1,-0.0111395488784183
2008,14,Green Bay Packers,00-0023459,Aaron Rodgers,32,3.28850365371909
2008,14,Houston Texans,00-0022787,Matt Schaub,43,20.5027969817913
2008,14,Indianapolis Colts,00-0010346,Peyton Manning,32,20.6709877459507
2008,14,Jacksonville Jaguars,00-0021231,David Garrard,41,-12.1135661063399
2008,14,Kansas City Chiefs,00-0025604,Tyler Thigpen,33,1.44541432799715
2008,14,Las Vegas Raiders,00-0023504,Andrew Walter,19,-13.1061408861424
2008,14,Las Vegas Raiders,00-0025388,JaMarcus Russell,14,-8.89539032569155
2008,14,Los Angeles Chargers,00-0022942,Philip Rivers,22,14.9575086652004
2008,14,Los Angeles Rams,00-0019599,Marc Bulger,38,-6.09065951874856
2008,14,Miami Dolphins,00-0019559,Chad Pennington,30,7.1881184279764
2008,14,Minnesota Vikings,00-0005589,Gus Frerotte,11,-7.14762570405214
2008,14,Minnesota Vikings,00-0024279,Tarvaris Jackson,11,9.7560805020621
2008,14,New England Patriots,00-0023662,Matt Cassel,47,9.02538894001011
2008,14,New Orleans Saints,00-0020531,Drew Brees,32,8.55586976661768
2008,14,New York Giants,00-0022803,Eli Manning,27,-5.45930842943955
2008,14,New York Jets,00-0005106,Brett Favre,34,-2.87467544444371
2008,14,Philadelphia Eagles,00-0011022,Donovan McNabb,31,11.3488123228584
2008,14,Pittsburgh Steelers,00-0022924,Ben Roethlisberger,38,-8.06162432079002
2008,14,San Francisco 49ers,00-0020679,Shaun Hill,41,9.20918403996511
2008,14,Seattle Seahawks,00-0022055,Seneca Wallace,29,9.22231003810884
2008,14,Tampa Bay Buccaneers,00-0005755,Jeff Garcia,43,9.86526197494896
2008,14,Tennessee Titans,00-0003292,Kerry Collins,23,-1.65627352078445
2008,14,Washington Commanders,00-0023460,Jason Campbell,39,-6.94427947786993
2008,15,Arizona Cardinals,00-0017200,Kurt Warner,49,-6.86937345511979
2008,15,Arizona Cardinals,00-0024225,Matt Leinart,5,-2.51550439069979
2008,15,Atlanta Falcons,00-0026143,Matt Ryan,24,1.79221216525184
2008,15,Baltimore Ravens,00-0026158,Joe Flacco,30,-12.9185321542976
2008,15,Buffalo Bills,00-0022912,J.P. Losman,42,-17.5180234999588
2008,15,Carolina Panthers,00-0004161,Jake Delhomme,26,4.44765759641115
2008,15,Chicago Bears,00-0023541,Kyle Orton,41,-13.23950250321
2008,15,Cincinnati Bengals,00-0023682,Ryan Fitzpatrick,31,2.31250831337524
2008,15,Cleveland Browns,00-0022039,Ken Dorsey,30,-15.0307821720764
2008,15,Dallas Cowboys,00-0021678,Tony Romo,34,4.01546276728925
2008,15,Denver Broncos,00-0024226,Jay Cutler,36,-4.39466690200888
2008,15,Detroit Lions,00-0023578,Dan Orlovsky,34,5.58343548305176
2008,15,Green Bay Packers,00-0023459,Aaron Rodgers,35,10.5243010672153
2008,15,Houston Texans,00-0022787,Matt Schaub,42,-6.94451826441572
2008,15,Indianapolis Colts,00-0010346,Peyton Manning,38,21.952053181245
2008,15,Jacksonville Jaguars,00-0021231,David Garrard,35,4.65876518089097
2008,15,Kansas City Chiefs,00-0025604,Tyler Thigpen,28,1.6006430821115
2008,15,Las Vegas Raiders,00-0025388,JaMarcus Russell,33,0.340194150907453
2008,15,Los Angeles Chargers,00-0022942,Philip Rivers,51,-4.85487609019454
2008,15,Los Angeles Rams,00-0019599,Marc Bulger,33,9.08041321665182
2008,15,Miami Dolphins,00-0019559,Chad Pennington,20,6.21511741098948
2008,15,Minnesota Vikings,00-0024279,Tarvaris Jackson,20,14.9114984409534
2008,15,New England Patriots,00-0023662,Matt Cassel,32,14.6964041282772
2008,15,New Orleans Saints,00-0020531,Drew Brees,44,1.36856988345803
2008,15,New York Giants,00-0022803,Eli Manning,43,-12.9866055365578
2008,15,New York Jets,00-0005106,Brett Favre,30,-1.24457524377579
2008,15,Philadelphia Eagles,00-0011022,Donovan McNabb,37,15.342655696256
2008,15,Philadelphia Eagles,00-0025423,Kevin Kolb,2,-9.22912802174687
2008,15,Pittsburgh Steelers,00-0022924,Ben Roethlisberger,43,0.318183158680057
2008,15,San Francisco 49ers,00-0020679,Shaun Hill,51,-1.51475775767134
2008,15,Seattle Seahawks,00-0022055,Seneca Wallace,28,2.11493160147537
2008,15,Tampa Bay Buccaneers,00-0006423,Brian Griese,41,-4.92539996379011
2008,15,Tennessee Titans,00-0003292,Kerry Collins,33,-8.32158258213468
2008,15,Washington Commanders,00-0023460,Jason Campbell,28,1.7790810022138
2008,16,Arizona Cardinals,00-0017200,Kurt Warner,19,-11.4543301201193
2008,16,Arizona Cardinals,00-0024225,Matt Leinart,16,-2.9819288799772
2008,16,Atlanta Falcons,00-0026143,Matt Ryan,26,0.339579388615675
2008,16,Baltimore Ravens,00-0026158,Joe Flacco,30,-5.47015566005068
2008,16,Buffalo Bills,00-0025479,Trent Edwards,26,9.46045889620137
2008,16,Carolina Panthers,00-0004161,Jake Delhomme,19,9.76714866427938
2008,16,Chicago Bears,00-0023541,Kyle Orton,30,-7.95328041398911
2008,16,Cincinnati Bengals,00-0023682,Ryan Fitzpatrick,9,3.50757372130947
2008,16,Cleveland Browns,00-0022039,Ken Dorsey,19,-18.1501290102024
2008,16,Cleveland Browns,00-0024408,Bruce Gradkowski,6,-7.90840910229599
2008,16,Dallas Cowboys,00-0021678,Tony Romo,47,1.6189485588111
2008,16,Denver Broncos,00-0024226,Jay Cutler,46,9.79488728883349
2008,16,Detroit Lions,00-0023578,Dan Orlovsky,24,-2.43163038493367
2008,16,Detroit Lions,00-0025430,Drew Stanton,4,-3.448843320366
2008,16,Green Bay Packers,00-0023459,Aaron Rodgers,39,8.81394097968951
2008,16,Houston Texans,00-0022787,Matt Schaub,39,-8.20070090789206
2008,16,Indianapolis Colts,00-0010346,Peyton Manning,34,31.6774349366897
2008,16,Jacksonville Jaguars,00-0021231,David Garrard,44,4.74132193114811
2008,16,Kansas City Chiefs,00-0025604,Tyler Thigpen,44,-1.36143936260487
2008,16,Las Vegas Raiders,00-0025388,JaMarcus Russell,26,5.88414356633289
2008,16,Los Angeles Chargers,00-0022942,Philip Rivers,32,17.7696567535047
2008,16,Los Angeles Rams,00-0019599,Marc Bulger,39,-6.35985118250306
2008,16,Miami Dolphins,00-0019559,Chad Pennington,34,13.6120677160634
2008,16,Minnesota Vikings,00-0024279,Tarvaris Jackson,39,-6.01609868094963
2008,16,New England Patriots,00-0023662,Matt Cassel,37,17.4736864907829
2008,16,New England Patriots,00-0026234,Kevin O'Connell,2,-1.9877675732132
2008,16,New Orleans Saints,00-0020531,Drew Brees,40,29.9129634504207
2008,16,New York Giants,00-0022803,Eli Manning,30,6.12104453172686
2008,16,New York Jets,00-0005106,Brett Favre,35,-9.6209578256499
2008,16,Philadelphia Eagles,00-0011022,Donovan McNabb,48,-9.61219273140736
2008,16,Pittsburgh Steelers,00-0022924,Ben Roethlisberger,45,-4.91729336007061
2008,16,San Francisco 49ers,00-0020679,Shaun Hill,38,-9.06774096170155
2008,16,Seattle Seahawks,00-0022055,Seneca Wallace,25,5.79352019767975
2008,16,Tampa Bay Buccaneers,00-0005755,Jeff Garcia,37,-6.28063936142249
2008,16,Tennessee Titans,00-0003292,Kerry Collins,30,4.96637438838991
2008,16,Washington Commanders,00-0023460,Jason Campbell,36,-7.068086249081
2008,17,Arizona Cardinals,00-0017200,Kurt Warner,31,10.5437884424464
2008,17,Arizona Cardinals,00-0024225,Matt Leinart,8,0.018069467765149
2008,17,Atlanta Falcons,00-0026143,Matt Ryan,22,-7.93668050782328
2008,17,Baltimore Ravens,00-0025561,Troy Smith,3,-1.4284319797589
2008,17,Baltimore Ravens,00-0026158,Joe Flacco,25,9.09914950567734
2008,17,Buffalo Bills,00-0025479,Trent Edwards,27,-8.74400585325202
2008,17,Carolina Panthers,00-0004161,Jake Delhomme,21,11.537619489899
2008,17,Chicago Bears,00-0023541,Kyle Orton,39,4.96249596690491
2008,17,Cincinnati Bengals,00-0023682,Ryan Fitzpatrick,31,-4.79261959969342
2008,17,Cleveland Browns,00-0024408,Bruce Gradkowski,19,-23.1928773085964
2008,17,Dallas Cowboys,00-0021678,Tony Romo,42,-24.7714280055777
2008,17,Dallas Cowboys,00-0022026,Brooks Bollinger,2,-1.71733104041778
2008,17,Denver Broncos,00-0024226,Jay Cutler,49,-3.31728942471091
2008,17,Detroit Lions,00-0023578,Dan Orlovsky,43,-1.2136884558131
2008,17,Green Bay Packers,00-0023459,Aaron Rodgers,35,8.23877447621946
2008,17,Houston Texans,00-0022787,Matt Schaub,36,15.7880291446652
2008,17,Indianapolis Colts,00-0010346,Peyton Manning,8,7.50312936655246
2008,17,Indianapolis Colts,00-0022744,Jim Sorgi,30,2.21508269209526
2008,17,Jacksonville Jaguars,00-0021231,David Garrard,26,-7.46314599143807
2008,17,Kansas City Chiefs,00-0025604,Tyler Thigpen,37,2.75690274410602
2008,17,Las Vegas Raiders,00-0025388,JaMarcus Russell,22,-3.45372197544202
2008,17,Los Angeles Chargers,00-0022942,Philip Rivers,22,13.6437533731573
2008,17,Los Angeles Rams,00-0019599,Marc Bulger,35,-2.72225748439383
2008,17,Miami Dolphins,00-0019559,Chad Pennington,31,0.709500713176708
2008,17,Minnesota Vikings,00-0024279,Tarvaris Jackson,28,0.0063695133203862
2008,17,New England Patriots,00-0023662,Matt Cassel,9,6.78149926533707
2008,17,New Orleans Saints,00-0020531,Drew Brees,51,14.1289785322034
2008,17,New York Giants,00-0020608,David Carr,12,6.82580016608658
2008,17,New York Giants,00-0022803,Eli Manning,20,0.307922162762523
2008,17,New York Jets,00-0005106,Brett Favre,40,-6.85092195709215
2008,17,New York Jets,00-0024318,Brad Smith,1,0.0915043913119007
2008,17,Philadelphia Eagles,00-0011022,Donovan McNabb,22,14.318294172117
2008,17,Pittsburgh Steelers,00-0022177,Byron Leftwich,12,4.11004435164017
2008,17,Pittsburgh Steelers,00-0022924,Ben Roethlisberger,14,-0.533697098551784
2008,17,Pittsburgh Steelers,00-0026296,Dennis Dixon,1,-0.40896247047931
2008,17,San Francisco 49ers,00-0020679,Shaun Hill,31,3.43758482845197
2008,17,Seattle Seahawks,00-0022055,Seneca Wallace,44,5.80344787595095
2008,17,Tampa Bay Buccaneers,00-0005755,Jeff Garcia,34,5.56291575324466
2008,17,Tennessee Titans,00-0003292,Kerry Collins,2,-2.52347743860446
2008,17,Tennessee Titans,00-0022005,Chris Simms,3,-2.29745652235579
2008,17,Tennessee Titans,00-0024218,Vince Young,15,-3.15837102809836
2008,17,Washington Commanders,00-0023460,Jason Campbell,31,1.79907207597638
2009,1,Arizona Cardinals,00-0017200,Kurt Warner,47,-9.46425449091635
2009,1,Atlanta Falcons,00-0026143,Matt Ryan,38,2.17589053470655
2009,1,Baltimore Ravens,00-0026158,Joe Flacco,44,11.4044775766401
2009,1,Buffalo Bills,00-0025479,Trent Edwards,29,7.12952107046331
2009,1,Carolina Panthers,00-0004161,Jake Delhomme,20,-25.9976088032915
2009,1,Carolina Panthers,00-0021206,Josh McCown,7,-7.00953750882763
2009,1,Carolina Panthers,00-0025708,Matt Moore,12,-0.921491663291818
2009,1,Chicago Bears,00-0024226,Jay Cutler,38,-13.4568390490347
2009,1,Cincinnati Bengals,00-0021429,Carson Palmer,36,-0.204578426433727
2009,1,Cleveland Browns,00-0025409,Brady Quinn,40,-10.1665889704317
2009,1,Dallas Cowboys,00-0021678,Tony Romo,28,19.5732820587263
2009,1,Denver Broncos,00-0023541,Kyle Orton,31,-1.03156983646258
2009,1,Detroit Lions,00-0026498,Matthew Stafford,38,-13.190932251729
2009,1,Green Bay Packers,00-0023459,Aaron Rodgers,32,-1.01554876060056
2009,1,Houston Texans,00-0022787,Matt Schaub,35,-10.7947116440046
2009,1,Indianapolis Colts,00-0010346,Peyton Manning,39,11.2428556145319
2009,1,Jacksonville Jaguars,00-0021231,David Garrard,29,-10.4150845708129
2009,1,Kansas City Chiefs,00-0024300,Brodie Croyle,27,-0.984241643371523
2009,1,Las Vegas Raiders,00-0024408,Bruce Gradkowski,2,0.34462202899158
2009,1,Las Vegas Raiders,00-0025388,JaMarcus Russell,31,-0.164175479438009
2009,1,Los Angeles Chargers,00-0022942,Philip Rivers,39,7.24725212786834
2009,1,Los Angeles Rams,00-0019599,Marc Bulger,39,-11.4235241762434
2009,1,Miami Dolphins,00-0019559,Chad Pennington,33,-6.16071803873638
2009,1,Miami Dolphins,00-0027020,Pat White,1,-0.611068058060482
2009,1,Minnesota Vikings,00-0005106,Brett Favre,25,-0.993783820546983
2009,1,Minnesota Vikings,00-0024279,Tarvaris Jackson,1,-1.18696098163491
2009,1,New England Patriots,00-0019596,Tom Brady,54,10.3190165494455
2009,1,New Orleans Saints,00-0020531,Drew Brees,34,24.3338109275254
2009,1,New York Giants,00-0022803,Eli Manning,30,8.70471471237331
2009,1,New York Jets,00-0026898,Mark Sanchez,31,6.29892852669866
2009,1,Philadelphia Eagles,00-0011022,Donovan McNabb,18,-2.35223430205936
2009,1,Philadelphia Eagles,00-0025423,Kevin Kolb,13,-10.4915398313315
2009,1,Pittsburgh Steelers,00-0022924,Ben Roethlisberger,47,8.65383841115378
2009,1,San Francisco 49ers,00-0020679,Shaun Hill,35,2.12121528747439
2009,1,Seattle Seahawks,00-0007091,Matt Hasselbeck,36,13.0786099286634
2009,1,Tampa Bay Buccaneers,00-0022177,Byron Leftwich,41,6.65295980000362
2009,1,Tennessee Titans,00-0003292,Kerry Collins,36,7.51404183953284
2009,1,Washington Commanders,00-0023460,Jason Campbell,28,-3.34091260018646
2009,2,Arizona Cardinals,00-0017200,Kurt Warner,26,19.6381848909354
2009,2,Arizona Cardinals,00-0024225,Matt Leinart,6,-1.46783145563677
2009,2,Atlanta Falcons,00-0026143,Matt Ryan,27,13.0783914847416
2009,2,Baltimore Ravens,00-0026158,Joe Flacco,27,2.28873968689004
2009,2,Buffalo Bills,00-0025479,Trent Edwards,33,0.190433125976736
2009,2,Carolina Panthers,00-0004161,Jake Delhomme,42,10.5064963205459
2009,2,Chicago Bears,00-0024226,Jay Cutler,39,9.59991998923942
2009,2,Cincinnati Bengals,00-0021429,Carson Palmer,25,3.65207652261597
2009,2,Cleveland Browns,00-0025409,Brady Quinn,35,-8.44748903438259
2009,2,Dallas Cowboys,00-0021678,Tony Romo,29,-14.0774958411278
2009,2,Denver Broncos,00-0023541,Kyle Orton,37,8.22951042882612
2009,2,Detroit Lions,00-0026498,Matthew Stafford,32,-10.6417999689327
2009,2,Green Bay Packers,00-0023459,Aaron Rodgers,45,0.535420936239938
2009,2,Houston Texans,00-0022787,Matt Schaub,39,25.9338250628134
2009,2,Indianapolis Colts,00-0010346,Peyton Manning,24,16.3056211190506
2009,2,Jacksonville Jaguars,00-0021231,David Garrard,47,-1.73615628225004
2009,2,Kansas City Chiefs,00-0023662,Matt Cassel,41,-5.77369975479466
2009,2,Las Vegas Raiders,00-0025388,JaMarcus Russell,26,-4.7788666195685
2009,2,Los Angeles Chargers,00-0022942,Philip Rivers,47,10.2785719456046
2009,2,Los Angeles Rams,00-0019599,Marc Bulger,29,0.546611184370704
2009,2,Miami Dolphins,00-0019559,Chad Pennington,35,5.98378915125939
2009,2,Minnesota Vikings,00-0005106,Brett Favre,30,4.20659742005134
2009,2,Minnesota Vikings,00-0024279,Tarvaris Jackson,1,2.5354368960252
2009,2,New England Patriots,00-0019596,Tom Brady,47,-4.4303453639234
2009,2,New Orleans Saints,00-0020531,Drew Brees,36,14.9349252641738
2009,2,New York Giants,00-0022803,Eli Manning,38,13.3472876241084
2009,2,New York Jets,00-0026898,Mark Sanchez,24,2.27198718747931
2009,2,Philadelphia Eagles,00-0025423,Kevin Kolb,53,-6.97985758351696
2009,2,Pittsburgh Steelers,00-0022924,Ben Roethlisberger,37,7.60001272838621
2009,2,San Francisco 49ers,00-0020679,Shaun Hill,30,0.229728634704334
2009,2,Seattle Seahawks,00-0007091,Matt Hasselbeck,19,-1.75990313587704
2009,2,Seattle Seahawks,00-0022055,Seneca Wallace,23,-0.450416872423375
2009,2,Tampa Bay Buccaneers,00-0022177,Byron Leftwich,52,-4.97225774604874
2009,2,Tennessee Titans,00-0003292,Kerry Collins,34,-0.912891342445258
2009,2,Washington Commanders,00-0023460,Jason Campbell,36,9.77594488390021
2009,3,Arizona Cardinals,00-0017200,Kurt Warner,56,-5.87518126595189
2009,3,Arizona Cardinals,00-0024225,Matt Leinart,2,-0.233652481925674
2009,3,Atlanta Falcons,00-0026143,Matt Ryan,28,4.41272411347893
2009,3,Baltimore Ravens,00-0025561,Troy Smith,2,-1.40759811911266
2009,3,Baltimore Ravens,00-0026158,Joe Flacco,36,17.0848830640331
2009,3,Buffalo Bills,00-0025479,Trent Edwards,39,-12.6647184701869
2009,3,Carolina Panthers,00-0004161,Jake Delhomme,36,-10.988525243476
2009,3,Chicago Bears,00-0024226,Jay Cutler,29,11.5714117083885
2009,3,Cincinnati Bengals,00-0021429,Carson Palmer,39,-0.532682736367326
2009,3,Cleveland Browns,00-0023645,Derek Anderson,20,-7.00152789362154
2009,3,Cleveland Browns,00-0025409,Brady Quinn,9,-8.30509736109525
2009,3,Dallas Cowboys,00-0021678,Tony Romo,35,5.24819075605981
2009,3,Denver Broncos,00-0023541,Kyle Orton,23,10.4777166154191
2009,3,Detroit Lions,00-0026498,Matthew Stafford,38,3.92668680838868
2009,3,Green Bay Packers,00-0023459,Aaron Rodgers,25,8.91174070874013
2009,3,Houston Texans,00-0022787,Matt Schaub,37,14.0636974873487
2009,3,Indianapolis Colts,00-0010346,Peyton Manning,35,18.991513576033
2009,3,Jacksonville Jaguars,00-0021231,David Garrard,30,11.1195202410174
2009,3,Kansas City Chiefs,00-0023662,Matt Cassel,21,0.915881174034439
2009,3,Las Vegas Raiders,00-0025388,JaMarcus Russell,24,-17.1315645687871
2009,3,Los Angeles Chargers,00-0022942,Philip Rivers,35,4.83577756153187
2009,3,Los Angeles Rams,00-0019599,Marc Bulger,5,-3.96401402619766
2009,3,Los Angeles Rams,00-0022164,Kyle Boller,31,-3.48335643430784
2009,3,Miami Dolphins,00-0019559,Chad Pennington,12,-0.289932557439897
2009,3,Miami Dolphins,00-0026197,Chad Henne,20,-7.58822544210953
2009,3,Minnesota Vikings,00-0005106,Brett Favre,48,1.77151517748073
2009,3,New England Patriots,00-0019596,Tom Brady,42,9.82814704566101
2009,3,New Orleans Saints,00-0020531,Drew Brees,31,-5.78335260973181
2009,3,New York Giants,00-0020608,David Carr,3,-0.349662196706049
2009,3,New York Giants,00-0022803,Eli Manning,24,12.0204669995583
2009,3,New York Jets,00-0026898,Mark Sanchez,33,-10.3076475148095
2009,3,Philadelphia Eagles,00-0020245,Mike Vick,2,-1.09266879316419
2009,3,Philadelphia Eagles,00-0025423,Kevin Kolb,34,14.6777808971063
2009,3,Pittsburgh Steelers,00-0022924,Ben Roethlisberger,32,8.52840456102959
2009,3,San Francisco 49ers,00-0020679,Shaun Hill,26,2.20017640860771
2009,3,Seattle Seahawks,00-0022055,Seneca Wallace,47,4.59114988870665
2009,3,Tampa Bay Buccaneers,00-0022177,Byron Leftwich,16,-13.7979253232479
2009,3,Tampa Bay Buccaneers,00-0026300,Josh Johnson,10,-2.72058060148265
2009,3,Tennessee Titans,00-0003292,Kerry Collins,39,-11.2004531509558
2009,3,Washington Commanders,00-0023460,Jason Campbell,43,6.08250617427984
2009,4,Baltimore Ravens,00-0026158,Joe Flacco,49,4.54616375494516
2009,4,Buffalo Bills,00-0025479,Trent Edwards,32,-14.3799239059408
2009,4,Chicago Bears,00-0024226,Jay Cutler,30,-2.62950177711526
2009,4,Cincinnati Bengals,00-0021429,Carson Palmer,46,-0.544524411612656
2009,4,Cleveland Browns,00-0023645,Derek Anderson,50,-7.10430845094379
2009,4,Dallas Cowboys,00-0021678,Tony Romo,47,-9.36120869446313
2009,4,Denver Broncos,00-0023541,Kyle Orton,32,4.05886594308199
2009,4,Detroit Lions,00-0003739,Daunte Culpepper,11,-3.96427227987442
2009,4,Detroit Lions,00-0026498,Matthew Stafford,41,2.76286632641722
2009,4,Green Bay Packers,00-0023459,Aaron Rodgers,45,6.7072640059309
2009,4,Houston Texans,00-0022787,Matt Schaub,26,-0.542313118790266
2009,4,Indianapolis Colts,00-0010346,Peyton Manning,41,16.4145962182672
2009,4,Jacksonville Jaguars,00-0021231,David Garrard,39,14.2394063145318
2009,4,Kansas City Chiefs,00-0023662,Matt Cassel,37,-7.63922842123997
2009,4,Las Vegas Raiders,00-0025388,JaMarcus Russell,35,-13.8977122423191
2009,4,Los Angeles Chargers,00-0022942,Philip Rivers,39,7.48712787480326
2009,4,Los Angeles Rams,00-0022164,Kyle Boller,29,-12.5387871241546
2009,4,Miami Dolphins,00-0026197,Chad Henne,28,-2.6859008310923
2009,4,Minnesota Vikings,00-0005106,Brett Favre,31,16.5934300712543
2009,4,New England Patriots,00-0019596,Tom Brady,35,2.62952857922695
2009,4,New Orleans Saints,00-0020531,Drew Brees,32,-1.2542997874503
2009,4,New York Giants,00-0020608,David Carr,3,-3.72594385035336
2009,4,New York Giants,00-0022803,Eli Manning,35,7.06927961311514
2009,4,New York Jets,00-0026898,Mark Sanchez,31,-31.9713849390443
2009,4,Pittsburgh Steelers,00-0022924,Ben Roethlisberger,36,20.5583085876789
2009,4,San Francisco 49ers,00-0020679,Shaun Hill,28,-3.18690768781875
2009,4,Seattle Seahawks,00-0022055,Seneca Wallace,50,-2.22717003456446
2009,4,Tampa Bay Buccaneers,00-0026300,Josh Johnson,25,-5.47024472021981
2009,4,Tennessee Titans,00-0003292,Kerry Collins,48,0.19421705029306
2009,4,Washington Commanders,00-0023460,Jason Campbell,25,-10.59270085184
2009,5,Arizona Cardinals,00-0017200,Kurt Warner,39,9.45289913192391
2009,5,Atlanta Falcons,00-0026143,Matt Ryan,32,21.6104722620698
2009,5,Baltimore Ravens,00-0026158,Joe Flacco,33,-0.571338548033964
2009,5,Buffalo Bills,00-0025479,Trent Edwards,33,-10.3498889525654
2009,5,Carolina Panthers,00-0004161,Jake Delhomme,28,-1.89425121542992
2009,5,Cincinnati Bengals,00-0021429,Carson Palmer,32,6.94311362326125
2009,5,Cleveland Browns,00-0023645,Derek Anderson,18,-17.1746452836267
2009,5,Dallas Cowboys,00-0021678,Tony Romo,35,19.796307230734
2009,5,Denver Broncos,00-0023541,Kyle Orton,50,16.6005371372413
2009,5,Detroit Lions,00-0003739,Daunte Culpepper,44,-1.84997837125085
2009,5,Houston Texans,00-0022787,Matt Schaub,50,7.4068232555161
2009,5,Indianapolis Colts,00-0010346,Peyton Manning,44,19.7629466845824
2009,5,Jacksonville Jaguars,00-0021231,David Garrard,35,-21.6750913088908
2009,5,Jacksonville Jaguars,00-0022864,Luke McCown,2,-1.8791367362719
2009,5,Kansas City Chiefs,00-0023662,Matt Cassel,45,0.295911873623215
2009,5,Las Vegas Raiders,00-0025388,JaMarcus Russell,19,-17.4793240619474
2009,5,Los Angeles Rams,00-0019599,Marc Bulger,7,4.74973783554742
2009,5,Los Angeles Rams,00-0022164,Kyle Boller,33,-6.21932094942863
2009,5,Miami Dolphins,00-0026197,Chad Henne,26,13.4001712474809
2009,5,Minnesota Vikings,00-0005106,Brett Favre,26,8.56001114994438
2009,5,Minnesota Vikings,00-0024279,Tarvaris Jackson,3,5.9555206123332
2009,5,New England Patriots,00-0019596,Tom Brady,34,4.38841262010939
2009,5,New York Giants,00-0020608,David Carr,14,0.623475928423065
2009,5,New York Giants,00-0022803,Eli Manning,10,16.0616860108566
2009,5,New York Jets,00-0026898,Mark Sanchez,25,3.91803195888281
2009,5,Philadelphia Eagles,00-0011022,Donovan McNabb,24,13.0574480216601
2009,5,Philadelphia Eagles,00-0020245,Mike Vick,3,-2.28972727042856
2009,5,Pittsburgh Steelers,00-0022924,Ben Roethlisberger,33,7.25236468407093
2009,5,San Francisco 49ers,00-0020679,Shaun Hill,41,-11.9441467500416
2009,5,Seattle Seahawks,00-0007091,Matt Hasselbeck,31,12.277866546758
2009,5,Tampa Bay Buccaneers,00-0026300,Josh Johnson,53,-6.82401840994135
2009,5,Tennessee Titans,00-0003292,Kerry Collins,33,-6.43060225186661
2009,5,Tennessee Titans,00-0024218,Vince Young,3,-2.68102583405562
2009,5,Washington Commanders,00-0023460,Jason Campbell,28,-4.42225395792754
2009,6,Arizona Cardinals,00-0017200,Kurt Warner,43,9.32240501629037
2009,6,Arizona Cardinals,00-0024225,Matt Leinart,2,1.59010752016911
2009,6,Atlanta Falcons,00-0026143,Matt Ryan,33,0.132895727350842
2009,6,Baltimore Ravens,00-0026158,Joe Flacco,46,15.2097870303482
2009,6,Buffalo Bills,00-0023682,Ryan Fitzpatrick,25,-5.27571948926197
2009,6,Buffalo Bills,00-0025479,Trent Edwards,6,0.3927235645148
2009,6,Carolina Panthers,00-0004161,Jake Delhomme,18,-9.69427367010011
2009,6,Chicago Bears,00-0024226,Jay Cutler,45,1.77684589120327
2009,6,Cincinnati Bengals,00-0021429,Carson Palmer,36,2.29384183806237
2009,6,Cleveland Browns,00-0023645,Derek Anderson,26,-12.7391196498065
2009,6,Denver Broncos,00-0023541,Kyle Orton,30,13.8021003645357
2009,6,Detroit Lions,00-0003739,Daunte Culpepper,16,-9.54922175651882
2009,6,Detroit Lions,00-0025430,Drew Stanton,14,-9.02669068513205
2009,6,Green Bay Packers,00-0023459,Aaron Rodgers,42,6.52908747249955
2009,6,Houston Texans,00-0022787,Matt Schaub,42,23.5846391823022
2009,6,Jacksonville Jaguars,00-0021231,David Garrard,46,-4.3443879210329
2009,6,Kansas City Chiefs,00-0023662,Matt Cassel,37,-4.83234293106703
2009,6,Las Vegas Raiders,00-0025388,JaMarcus Russell,30,-9.76356510868179
2009,6,Los Angeles Chargers,00-0022942,Philip Rivers,38,-3.81520560941618
2009,6,Los Angeles Rams,00-0019599,Marc Bulger,35,2.37145996363821
2009,6,Minnesota Vikings,00-0005106,Brett Favre,32,8.59335474903073
2009,6,New England Patriots,00-0019596,Tom Brady,36,31.124705884655
2009,6,New England Patriots,00-0026625,Brian Hoyer,11,-1.59480932867154
2009,6,New Orleans Saints,00-0002110,Mark Brunell,1,-0.917611812765244
2009,6,New Orleans Saints,00-0020531,Drew Brees,30,27.5158787411056
2009,6,New York Giants,00-0020608,David Carr,6,4.58493392029777
2009,6,New York Giants,00-0022803,Eli Manning,32,-7.71161195435772
2009,6,New York Jets,00-0026898,Mark Sanchez,31,-20.2386073515078
2009,6,Philadelphia Eagles,00-0011022,Donovan McNabb,52,-14.3128521338542
2009,6,Pittsburgh Steelers,00-0022924,Ben Roethlisberger,38,21.0995801987127
2009,6,Seattle Seahawks,00-0007091,Matt Hasselbeck,34,-23.9081438217073
2009,6,Tampa Bay Buccaneers,00-0026300,Josh Johnson,21,-4.13886355839935
2009,6,Tennessee Titans,00-0003292,Kerry Collins,12,-15.4437035227893
2009,6,Tennessee Titans,00-0024218,Vince Young,2,-4.6803405478131
2009,6,Washington Commanders,00-0003315,Todd Collins,16,-6.26008422950332
2009,6,Washington Commanders,00-0023460,Jason Campbell,17,-2.7914943418582
2009,7,Arizona Cardinals,00-0017200,Kurt Warner,38,-2.62758025577925
2009,7,Atlanta Falcons,00-0026143,Matt Ryan,39,-3.78236557403579
2009,7,Buffalo Bills,00-0023682,Ryan Fitzpatrick,24,-1.94988065494914
2009,7,Carolina Panthers,00-0004161,Jake Delhomme,46,-6.59171391933972
2009,7,Chicago Bears,00-0024226,Jay Cutler,38,-4.5480275700878
2009,7,Chicago Bears,00-0025970,Caleb Hanie,2,-1.17015891079791
2009,7,Cincinnati Bengals,00-0021429,Carson Palmer,24,29.0814965007594
2009,7,Cleveland Browns,00-0023645,Derek Anderson,31,-14.6030735113425
2009,7,Dallas Cowboys,00-0021678,Tony Romo,31,17.7413357572701
2009,7,Green Bay Packers,00-0023459,Aaron Rodgers,20,18.9092849957879
2009,7,Green Bay Packers,00-0026349,Matt Flynn,2,-0.20706754818093
2009,7,Houston Texans,00-0022787,Matt Schaub,32,10.201936728583
2009,7,Indianapolis Colts,00-0010346,Peyton Manning,34,14.1489461504389
2009,7,Kansas City Chiefs,00-0023662,Matt Cassel,29,-20.2209362926092
2009,7,Kansas City Chiefs,00-0024824,Matt Gutierrez,1,-0.911058197030798
2009,7,Las Vegas Raiders,00-0024408,Bruce Gradkowski,21,-8.97858987661311
2009,7,Las Vegas Raiders,00-0025388,JaMarcus Russell,12,-16.3162084648502
2009,7,Los Angeles Chargers,00-0022942,Philip Rivers,30,14.5219209107289
2009,7,Los Angeles Rams,00-0019599,Marc Bulger,29,-19.063130214348
2009,7,Miami Dolphins,00-0026197,Chad Henne,38,-15.674014366307
2009,7,Minnesota Vikings,00-0005106,Brett Favre,55,-14.3568882707294
2009,7,New England Patriots,00-0019596,Tom Brady,33,14.4210586170084
2009,7,New Orleans Saints,00-0020531,Drew Brees,43,-8.28798614018658
2009,7,New York Giants,00-0022803,Eli Manning,40,-8.39249636424938
2009,7,New York Jets,00-0026898,Mark Sanchez,16,6.09766223175434
2009,7,Philadelphia Eagles,00-0011022,Donovan McNabb,28,-1.12835829196657
2009,7,Philadelphia Eagles,00-0020245,Mike Vick,1,0.0768012513872236
2009,7,Pittsburgh Steelers,00-0022924,Ben Roethlisberger,29,-3.05660321977999
2009,7,San Francisco 49ers,00-0020679,Shaun Hill,13,-8.0516675124527
2009,7,San Francisco 49ers,00-0023436,Alex Smith,22,16.2121885745437
2009,7,Tampa Bay Buccaneers,00-0026300,Josh Johnson,27,-11.0377227127319
2009,7,Tampa Bay Buccaneers,00-0026993,Josh Freeman,6,-6.19770194089506
2009,7,Washington Commanders,00-0023460,Jason Campbell,49,-9.86491073152443
2009,8,Arizona Cardinals,00-0017200,Kurt Warner,48,-21.6596539204184
2009,8,Atlanta Falcons,00-0026143,Matt Ryan,45,-7.83357181991693
2009,8,Baltimore Ravens,00-0026158,Joe Flacco,27,2.07770793575391
2009,8,Buffalo Bills,00-0023682,Ryan Fitzpatrick,25,-11.8467158574206
2009,8,Carolina Panthers,00-0004161,Jake Delhomme,15,1.30512631678721
2009,8,Carolina Panthers,00-0025708,Matt Moore,1,-1.71118859713897
2009,8,Chicago Bears,00-0024226,Jay Cutler,34,-6.69215617058591
2009,8,Cleveland Browns,00-0023645,Derek Anderson,18,-15.2628198697348
2009,8,Cleveland Browns,00-0025409,Brady Quinn,3,-1.08252153848298
2009,8,Dallas Cowboys,00-0021678,Tony Romo,38,5.69810008096314
2009,8,Denver Broncos,00-0023541,Kyle Orton,39,-11.6769370933762
2009,8,Detroit Lions,00-0026498,Matthew Stafford,35,-6.60237117124768
2009,8,Green Bay Packers,00-0023459,Aaron Rodgers,47,4.43042887480462
2009,8,Green Bay Packers,00-0026349,Matt Flynn,1,-0.0638690456398763
2009,8,Houston Texans,00-0022787,Matt Schaub,36,5.05352593251008
2009,8,Indianapolis Colts,00-0010346,Peyton Manning,51,1.9107049462072
2009,8,Jacksonville Jaguars,00-0021231,David Garrard,30,-15.2539188069059
2009,8,Jacksonville Jaguars,00-0022864,Luke McCown,3,-1.32192947668955
2009,8,Las Vegas Raiders,00-0025388,JaMarcus Russell,27,-8.94137120242428
2009,8,Los Angeles Chargers,00-0022942,Philip Rivers,26,6.41296031715141
2009,8,Los Angeles Rams,00-0019599,Marc Bulger,35,-6.10856411847889
2009,8,Miami Dolphins,00-0026197,Chad Henne,26,-6.08036885083339
2009,8,Minnesota Vikings,00-0005106,Brett Favre,28,21.1567727093853
2009,8,New Orleans Saints,00-0020531,Drew Brees,35,7.66499413106423
2009,8,New York Giants,00-0022803,Eli Manning,41,-9.01276573492776
2009,8,New York Jets,00-0026898,Mark Sanchez,37,2.26236833408532
2009,8,Philadelphia Eagles,00-0011022,Donovan McNabb,25,10.751233787186
2009,8,San Francisco 49ers,00-0023436,Alex Smith,36,-5.37638443894684
2009,8,Seattle Seahawks,00-0007091,Matt Hasselbeck,42,4.25757226532333
2009,8,Tennessee Titans,00-0024218,Vince Young,18,6.88182058223068
2009,9,Arizona Cardinals,00-0017200,Kurt Warner,33,22.3220027949494
2009,9,Arizona Cardinals,00-0024225,Matt Leinart,1,-4.95085115393158
2009,9,Atlanta Falcons,00-0026143,Matt Ryan,27,-6.30720868044705
2009,9,Baltimore Ravens,00-0026158,Joe Flacco,36,-10.2688349075817
2009,9,Carolina Panthers,00-0004161,Jake Delhomme,32,1.04932964223142
2009,9,Chicago Bears,00-0024226,Jay Cutler,51,0.661519862796636
2009,9,Cincinnati Bengals,00-0021429,Carson Palmer,34,7.75988859878192
2009,9,Dallas Cowboys,00-0021678,Tony Romo,38,8.06118076498357
2009,9,Denver Broncos,00-0023541,Kyle Orton,40,-13.6987699454905
2009,9,Detroit Lions,00-0026498,Matthew Stafford,44,-12.2822693158122
2009,9,Green Bay Packers,00-0023459,Aaron Rodgers,41,-10.2599291274091
2009,9,Houston Texans,00-0022787,Matt Schaub,45,9.40982108085221
2009,9,Indianapolis Colts,00-0010346,Peyton Manning,52,1.18840358048166
2009,9,Jacksonville Jaguars,00-0021231,David Garrard,28,10.8746090967939
2009,9,Kansas City Chiefs,00-0023662,Matt Cassel,42,4.9705793060302
2009,9,Los Angeles Chargers,00-0022942,Philip Rivers,38,1.32518940549926
2009,9,Miami Dolphins,00-0026197,Chad Henne,36,0.0406437427290751
2009,9,Miami Dolphins,00-0027020,Pat White,1,-0.401713974308223
2009,9,New England Patriots,00-0019596,Tom Brady,39,10.940276158732
2009,9,New Orleans Saints,00-0020531,Drew Brees,36,1.96768823706474
2009,9,New York Giants,00-0022803,Eli Manning,38,9.86627604248927
2009,9,Philadelphia Eagles,00-0011022,Donovan McNabb,34,-1.72508291743558
2009,9,Pittsburgh Steelers,00-0022924,Ben Roethlisberger,32,-0.889356787083671
2009,9,San Francisco 49ers,00-0023436,Alex Smith,49,-13.0003720859571
2009,9,Seattle Seahawks,00-0007091,Matt Hasselbeck,52,0.684246045400098
2009,9,Seattle Seahawks,00-0022055,Seneca Wallace,1,0.925080165616237
2009,9,Tampa Bay Buccaneers,00-0026993,Josh Freeman,32,3.85491721367986
2009,9,Tennessee Titans,00-0024218,Vince Young,20,5.87322485941695
2009,9,Washington Commanders,00-0003315,Todd Collins,5,-1.65139548340812
2009,9,Washington Commanders,00-0023460,Jason Campbell,27,-5.75008503254017
2009,10,Arizona Cardinals,00-0017200,Kurt Warner,38,13.7125547553142
2009,10,Atlanta Falcons,00-0026143,Matt Ryan,41,1.79536049848693
2009,10,Baltimore Ravens,00-0026158,Joe Flacco,21,1.2706662446574
2009,10,Buffalo Bills,00-0023682,Ryan Fitzpatrick,7,-11.3945667248918
2009,10,Buffalo Bills,00-0025479,Trent Edwards,30,1.080886615091
2009,10,Carolina Panthers,00-0004161,Jake Delhomme,24,13.9178667091672
2009,10,Chicago Bears,00-0024226,Jay Cutler,52,-18.5801477302931
2009,10,Cincinnati Bengals,00-0021429,Carson Palmer,32,1.49233893057431
2009,10,Cleveland Browns,00-0025409,Brady Quinn,35,-28.1634224216396
2009,10,Dallas Cowboys,00-0021678,Tony Romo,44,-7.50873984172141
2009,10,Denver Broncos,00-0022005,Chris Simms,16,-14.132743107446
2009,10,Denver Broncos,00-0023541,Kyle Orton,18,15.3697572238743
2009,10,Detroit Lions,00-0026498,Matthew Stafford,54,-9.45707676297394
2009,10,Green Bay Packers,00-0023459,Aaron Rodgers,40,0.69795078196632
2009,10,Indianapolis Colts,00-0010346,Peyton Manning,45,8.14399423269788
2009,10,Jacksonville Jaguars,00-0021231,David Garrard,28,12.115434677174
2009,10,Kansas City Chiefs,00-0023662,Matt Cassel,36,-3.71732104211013
2009,10,Las Vegas Raiders,00-0024408,Bruce Gradkowski,9,-8.38373131363187
2009,10,Las Vegas Raiders,00-0025388,JaMarcus Russell,25,-14.6243448203185
2009,10,Los Angeles Chargers,00-0022942,Philip Rivers,27,11.4624998211511
2009,10,Los Angeles Rams,00-0019599,Marc Bulger,42,1.50546723759351
2009,10,Miami Dolphins,00-0026197,Chad Henne,31,2.92959587550365
2009,10,Miami Dolphins,00-0027020,Pat White,1,-0.450808866182342
2009,10,Minnesota Vikings,00-0005106,Brett Favre,30,15.060035861676
2009,10,Minnesota Vikings,00-0024279,Tarvaris Jackson,2,-1.94655355793657
2009,10,New England Patriots,00-0019596,Tom Brady,44,13.7667071521914
2009,10,New Orleans Saints,00-0020531,Drew Brees,27,7.49996785493568
2009,10,New York Jets,00-0026898,Mark Sanchez,30,-1.46980483105055
2009,10,Philadelphia Eagles,00-0011022,Donovan McNabb,57,18.8295490049175
2009,10,Philadelphia Eagles,00-0020245,Mike Vick,1,-0.731932635884732
2009,10,Pittsburgh Steelers,00-0022924,Ben Roethlisberger,44,-19.204156853045
2009,10,San Francisco 49ers,00-0023436,Alex Smith,25,-4.55502477672929
2009,10,Seattle Seahawks,00-0007091,Matt Hasselbeck,56,-3.01095430671145
2009,10,Seattle Seahawks,00-0022055,Seneca Wallace,1,1.59808643336874
2009,10,Tampa Bay Buccaneers,00-0026993,Josh Freeman,31,0.836189386868928
2009,10,Tennessee Titans,00-0024218,Vince Young,25,8.20980767878431
2009,10,Washington Commanders,00-0023460,Jason Campbell,29,4.72157839729873
2009,11,Arizona Cardinals,00-0017200,Kurt Warner,20,14.7231536403997
2009,11,Arizona Cardinals,00-0024225,Matt Leinart,15,-1.5044759689481
2009,11,Atlanta Falcons,00-0026143,Matt Ryan,48,10.3615189476393
2009,11,Baltimore Ravens,00-0026158,Joe Flacco,35,7.46106886594802
2009,11,Buffalo Bills,00-0023682,Ryan Fitzpatrick,33,7.36606548414125
2009,11,Carolina Panthers,00-0004161,Jake Delhomme,46,-6.93894047042007
2009,11,Chicago Bears,00-0024226,Jay Cutler,44,-11.4226274175426
2009,11,Cincinnati Bengals,00-0021429,Carson Palmer,25,5.66582219789425
2009,11,Cleveland Browns,00-0025409,Brady Quinn,34,19.4596524041604
2009,11,Dallas Cowboys,00-0021678,Tony Romo,28,-0.315583609848269
2009,11,Denver Broncos,00-0022005,Chris Simms,6,-8.48584016680252
2009,11,Denver Broncos,00-0023541,Kyle Orton,30,-8.45824893760763
2009,11,Detroit Lions,00-0026498,Matthew Stafford,44,12.4574233722932
2009,11,Green Bay Packers,00-0023459,Aaron Rodgers,47,9.53515067043378
2009,11,Houston Texans,00-0022787,Matt Schaub,43,5.24895694652836
2009,11,Indianapolis Colts,00-0010346,Peyton Manning,31,10.8869471712405
2009,11,Jacksonville Jaguars,00-0021231,David Garrard,32,-0.62991196347472
2009,11,Kansas City Chiefs,00-0023662,Matt Cassel,35,-3.47344051235868
2009,11,Las Vegas Raiders,00-0024408,Bruce Gradkowski,34,4.14897145209281
2009,11,Los Angeles Chargers,00-0022942,Philip Rivers,22,9.62250198739655
2009,11,Los Angeles Rams,00-0019599,Marc Bulger,40,-8.05809590839969
2009,11,Miami Dolphins,00-0026197,Chad Henne,29,5.19979620460072
2009,11,Minnesota Vikings,00-0005106,Brett Favre,27,17.0346343997517
2009,11,Minnesota Vikings,00-0024279,Tarvaris Jackson,8,6.90039226296358
2009,11,New England Patriots,00-0019596,Tom Brady,43,11.4318996664723
2009,11,New Orleans Saints,00-0020531,Drew Brees,29,11.3971618772173
2009,11,New York Giants,00-0022803,Eli Manning,40,21.9068104586018
2009,11,New York Jets,00-0026898,Mark Sanchez,23,-20.7461052698491
2009,11,Philadelphia Eagles,00-0011022,Donovan McNabb,35,2.37416779398266
2009,11,Philadelphia Eagles,00-0020245,Mike Vick,1,-0.668142539449036
2009,11,Pittsburgh Steelers,00-0000865,Charlie Batch,2,1.44984865514562
2009,11,Pittsburgh Steelers,00-0022924,Ben Roethlisberger,45,10.679272446287
2009,11,San Francisco 49ers,00-0023436,Alex Smith,36,1.82684309821343
2009,11,Seattle Seahawks,00-0007091,Matt Hasselbeck,27,2.10908044611824
2009,11,Seattle Seahawks,00-0022055,Seneca Wallace,4,-3.26064813858829
2009,11,Tampa Bay Buccaneers,00-0026993,Josh Freeman,36,-21.1153411354171
2009,11,Tennessee Titans,00-0024218,Vince Young,22,1.29181111970277
2009,11,Washington Commanders,00-0023460,Jason Campbell,38,2.66232846957267
2009,12,Arizona Cardinals,00-0024225,Matt Leinart,32,5.21887052766844
2009,12,Atlanta Falcons,00-0019709,Chris Redman,46,4.79767842551561
2009,12,Atlanta Falcons,00-0026143,Matt Ryan,4,-0.899847717257217
2009,12,Baltimore Ravens,00-0026158,Joe Flacco,40,0.464159986599826
2009,12,Buffalo Bills,00-0023682,Ryan Fitzpatrick,32,2.50634816570139
2009,12,Carolina Panthers,00-0004161,Jake Delhomme,37,-21.869211648714
2009,12,Chicago Bears,00-0024226,Jay Cutler,27,-6.73835379004022
2009,12,Cincinnati Bengals,00-0021429,Carson Palmer,27,0.127276340352548
2009,12,Cleveland Browns,00-0025409,Brady Quinn,35,-13.4746891008108
2009,12,Dallas Cowboys,00-0021678,Tony Romo,31,8.17070039171069
2009,12,Denver Broncos,00-0023541,Kyle Orton,29,8.50350930498036
2009,12,Detroit Lions,00-0026498,Matthew Stafford,45,-22.5809415922059
2009,12,Green Bay Packers,00-0023459,Aaron Rodgers,40,20.9187999418786
2009,12,Houston Texans,00-0022787,Matt Schaub,44,0.196989135484417
2009,12,Indianapolis Colts,00-0010346,Peyton Manning,37,5.09744207533041
2009,12,Jacksonville Jaguars,00-0021231,David Garrard,42,-5.32366048326025
2009,12,Kansas City Chiefs,00-0023662,Matt Cassel,32,-5.72380004823208
2009,12,Kansas City Chiefs,00-0024300,Brodie Croyle,2,-1.27271699020639
2009,12,Las Vegas Raiders,00-0024408,Bruce Gradkowski,38,-8.99073167116148
2009,12,Los Angeles Chargers,00-0019041,Billy Volek,1,1.30711045401404
2009,12,Los Angeles Chargers,00-0022942,Philip Rivers,28,19.3842623752035
2009,12,Los Angeles Rams,00-0022164,Kyle Boller,50,-14.627005279221
2009,12,Miami Dolphins,00-0026197,Chad Henne,32,2.08269577971078
2009,12,Minnesota Vikings,00-0005106,Brett Favre,49,22.1730964382549
2009,12,New England Patriots,00-0019596,Tom Brady,37,-5.52454563658801
2009,12,New England Patriots,00-0026625,Brian Hoyer,5,-2.2684721731348
2009,12,New Orleans Saints,00-0020531,Drew Brees,24,23.5486885360173
2009,12,New York Giants,00-0022803,Eli Manning,43,-12.1720773478254
2009,12,New York Jets,00-0024264,Kellen Clemens,1,-0.933158885221928
2009,12,New York Jets,00-0026898,Mark Sanchez,20,2.67742161051764
2009,12,Philadelphia Eagles,00-0011022,Donovan McNabb,37,2.98867588877791
2009,12,Philadelphia Eagles,00-0020245,Mike Vick,1,-0.335324554354884
2009,12,Pittsburgh Steelers,00-0026296,Dennis Dixon,26,-6.49554102218345
2009,12,San Francisco 49ers,00-0023436,Alex Smith,41,6.34214574188484
2009,12,Seattle Seahawks,00-0007091,Matt Hasselbeck,26,-3.22307452602017
2009,12,Tampa Bay Buccaneers,00-0026993,Josh Freeman,30,7.54427277384093
2009,12,Tennessee Titans,00-0024218,Vince Young,47,13.2957058238552
2009,12,Washington Commanders,00-0023460,Jason Campbell,38,2.75202854160872
2009,13,Arizona Cardinals,00-0017200,Kurt Warner,32,14.0984849795666
2009,13,Atlanta Falcons,00-0019709,Chris Redman,46,-13.0666030766442
2009,13,Baltimore Ravens,00-0026158,Joe Flacco,39,-14.2921994980425
2009,13,Buffalo Bills,00-0023682,Ryan Fitzpatrick,26,-15.2039257606977
2009,13,Carolina Panthers,00-0025708,Matt Moore,21,-0.456315383619251
2009,13,Chicago Bears,00-0024226,Jay Cutler,19,-0.572446564713184
2009,13,Cincinnati Bengals,00-0021429,Carson Palmer,31,-5.10222009037034
2009,13,Cleveland Browns,00-0025409,Brady Quinn,47,11.237017190803
2009,13,Dallas Cowboys,00-0021678,Tony Romo,57,15.9414282680032
2009,13,Denver Broncos,00-0023541,Kyle Orton,28,-6.19731632952801
2009,13,Detroit Lions,00-0003739,Daunte Culpepper,3,3.10134099422442
2009,13,Detroit Lions,00-0026498,Matthew Stafford,29,-17.7034801410223
2009,13,Green Bay Packers,00-0023459,Aaron Rodgers,41,9.45245269781447
2009,13,Houston Texans,00-0022121,Rex Grossman,9,-6.43965773528907
2009,13,Houston Texans,00-0022787,Matt Schaub,29,6.48733651037049
2009,13,Indianapolis Colts,00-0010346,Peyton Manning,37,14.9304706495183
2009,13,Jacksonville Jaguars,00-0021231,David Garrard,32,8.24842557267174
2009,13,Kansas City Chiefs,00-0023662,Matt Cassel,31,-20.0448013113989
2009,13,Kansas City Chiefs,00-0024300,Brodie Croyle,14,-7.11404942983063
2009,13,Las Vegas Raiders,00-0024408,Bruce Gradkowski,36,14.8968342927983
2009,13,Los Angeles Chargers,00-0022942,Philip Rivers,26,29.622841734869
2009,13,Los Angeles Rams,00-0022164,Kyle Boller,35,-19.2442432022485
2009,13,Miami Dolphins,00-0026197,Chad Henne,53,8.21198707491004
2009,13,Minnesota Vikings,00-0005106,Brett Favre,48,1.65883987311015
2009,13,New England Patriots,00-0019596,Tom Brady,29,11.5517335968907
2009,13,New Orleans Saints,00-0020531,Drew Brees,50,30.6497991561372
2009,13,New York Giants,00-0022803,Eli Manning,26,4.85466065217872
2009,13,New York Jets,00-0024264,Kellen Clemens,5,-3.82158982718829
2009,13,New York Jets,00-0026898,Mark Sanchez,17,-1.40815993000716
2009,13,Philadelphia Eagles,00-0011022,Donovan McNabb,27,7.6571451640496
2009,13,Philadelphia Eagles,00-0020245,Mike Vick,2,6.78783936123364
2009,13,Pittsburgh Steelers,00-0022924,Ben Roethlisberger,25,8.01311441481604
2009,13,San Francisco 49ers,00-0023436,Alex Smith,46,5.44902723103123
2009,13,Seattle Seahawks,00-0007091,Matt Hasselbeck,39,-7.83277674942103
2009,13,Seattle Seahawks,00-0022055,Seneca Wallace,1,0.179571537300944
2009,13,Tampa Bay Buccaneers,00-0026993,Josh Freeman,46,-14.2910252932407
2009,13,Tennessee Titans,00-0024218,Vince Young,44,-0.90304372409546
2009,13,Washington Commanders,00-0023460,Jason Campbell,42,22.5063444117312
2009,14,Arizona Cardinals,00-0017200,Kurt Warner,33,-6.44559871590653
2009,14,Atlanta Falcons,00-0019709,Chris Redman,35,8.98543493422909
2009,14,Baltimore Ravens,00-0025561,Troy Smith,3,-0.560587152489461
2009,14,Baltimore Ravens,00-0026158,Joe Flacco,20,10.7727276818511
2009,14,Buffalo Bills,00-0023682,Ryan Fitzpatrick,22,-11.2260615233857
2009,14,Carolina Panthers,00-0025708,Matt Moore,32,-7.17205198437043
2009,14,Chicago Bears,00-0024226,Jay Cutler,39,-5.33997878746595
2009,14,Cincinnati Bengals,00-0021296,J.T. O'Sullivan,3,-1.19047668809071
2009,14,Cincinnati Bengals,00-0021429,Carson Palmer,26,-1.21336794054773
2009,14,Cleveland Browns,00-0025409,Brady Quinn,20,-7.76684714570623
2009,14,Dallas Cowboys,00-0021678,Tony Romo,31,9.74500501109089
2009,14,Denver Broncos,00-0023541,Kyle Orton,44,3.37487833370923
2009,14,Detroit Lions,00-0003739,Daunte Culpepper,35,-11.4223967179423
2009,14,Green Bay Packers,00-0023459,Aaron Rodgers,26,3.56093913173343
2009,14,Houston Texans,00-0022787,Matt Schaub,39,13.2438125748588
2009,14,Indianapolis Colts,00-0010346,Peyton Manning,42,0.0936654320976231
2009,14,Jacksonville Jaguars,00-0021231,David Garrard,29,-11.4075417771326
2009,14,Kansas City Chiefs,00-0023662,Matt Cassel,47,-18.2885487853052
2009,14,Las Vegas Raiders,00-0024408,Bruce Gradkowski,20,1.87884703228296
2009,14,Las Vegas Raiders,00-0025388,JaMarcus Russell,22,-14.4190373353679
2009,14,Los Angeles Chargers,00-0022942,Philip Rivers,33,12.8974061218799
2009,14,Los Angeles Rams,00-0027131,Keith Null,44,-24.5819037160254
2009,14,Miami Dolphins,00-0026197,Chad Henne,31,5.83516524196602
2009,14,Minnesota Vikings,00-0005106,Brett Favre,32,2.96736768293784
2009,14,New England Patriots,00-0019596,Tom Brady,32,1.32497547957906
2009,14,New Orleans Saints,00-0002110,Mark Brunell,1,-3.1220389228547
2009,14,New Orleans Saints,00-0020531,Drew Brees,40,18.5058641728177
2009,14,New York Giants,00-0022803,Eli Manning,41,19.1807434495881
2009,14,New York Jets,00-0024264,Kellen Clemens,24,-2.69639309235837
2009,14,New York Jets,00-0024318,Brad Smith,1,4.44438008591533
2009,14,Philadelphia Eagles,00-0011022,Donovan McNabb,27,12.037287628349
2009,14,Philadelphia Eagles,00-0020245,Mike Vick,2,1.52408927626675
2009,14,Pittsburgh Steelers,00-0022924,Ben Roethlisberger,40,-11.3569764000853
2009,14,San Francisco 49ers,00-0023436,Alex Smith,36,-11.8579747891295
2009,14,Seattle Seahawks,00-0007091,Matt Hasselbeck,38,-15.157531883975
2009,14,Seattle Seahawks,00-0022055,Seneca Wallace,1,-2.17927583027631
2009,14,Tampa Bay Buccaneers,00-0026993,Josh Freeman,36,-28.3749760217427
2009,14,Tennessee Titans,00-0003292,Kerry Collins,19,8.4168315194493
2009,14,Tennessee Titans,00-0024218,Vince Young,8,5.74715564516373
2009,14,Washington Commanders,00-0023460,Jason Campbell,31,4.17635727007465
2009,15,Arizona Cardinals,00-0017200,Kurt Warner,39,-5.71317083616474
2009,15,Atlanta Falcons,00-0026143,Matt Ryan,34,3.22509858211777
2009,15,Baltimore Ravens,00-0025561,Troy Smith,4,-4.46437476930441
2009,15,Baltimore Ravens,00-0026158,Joe Flacco,31,9.25454803855456
2009,15,Buffalo Bills,00-0023682,Ryan Fitzpatrick,30,-3.34580285240284
2009,15,Buffalo Bills,00-0025479,Trent Edwards,3,-3.06499932031147
2009,15,Carolina Panthers,00-0025708,Matt Moore,35,13.0759826490395
2009,15,Chicago Bears,00-0024226,Jay Cutler,29,-20.6870343522751
2009,15,Chicago Bears,00-0025970,Caleb Hanie,5,-5.2488781947759
2009,15,Cincinnati Bengals,00-0021429,Carson Palmer,42,8.65199689454835
2009,15,Cleveland Browns,00-0025409,Brady Quinn,17,-4.12491447154307
2009,15,Dallas Cowboys,00-0021678,Tony Romo,37,13.5212969531422
2009,15,Denver Broncos,00-0023541,Kyle Orton,37,5.31728748388163
2009,15,Detroit Lions,00-0003739,Daunte Culpepper,14,-4.045705546916
2009,15,Detroit Lions,00-0025430,Drew Stanton,19,-8.63957447817624
2009,15,Green Bay Packers,00-0023459,Aaron Rodgers,49,18.2382217394626
2009,15,Houston Texans,00-0022787,Matt Schaub,40,16.1616936809428
2009,15,Indianapolis Colts,00-0010346,Peyton Manning,30,23.8317893668427
2009,15,Jacksonville Jaguars,00-0021231,David Garrard,42,9.18249330464507
2009,15,Kansas City Chiefs,00-0023662,Matt Cassel,41,5.51091123834962
2009,15,Las Vegas Raiders,00-0022912,J.P. Losman,1,-1.01079522201326
2009,15,Las Vegas Raiders,00-0023502,Charlie Frye,17,-4.45299678198888
2009,15,Las Vegas Raiders,00-0025388,JaMarcus Russell,12,2.00336780550424
2009,15,Los Angeles Chargers,00-0022942,Philip Rivers,40,9.39402626283377
2009,15,Los Angeles Rams,00-0027131,Keith Null,30,0.026295836814118
2009,15,Miami Dolphins,00-0026197,Chad Henne,47,3.95929393924692
2009,15,Minnesota Vikings,00-0005106,Brett Favre,31,-5.97546948155787
2009,15,New England Patriots,00-0019596,Tom Brady,23,-4.71975604737258
2009,15,New Orleans Saints,00-0020531,Drew Brees,49,-2.50499103118994
2009,15,New York Giants,00-0020608,David Carr,4,0.854149061895441
2009,15,New York Giants,00-0022803,Eli Manning,28,24.7135744752178
2009,15,New York Jets,00-0026898,Mark Sanchez,34,-5.75692800732418
2009,15,Philadelphia Eagles,00-0011022,Donovan McNabb,36,0.54671815763787
2009,15,Pittsburgh Steelers,00-0022924,Ben Roethlisberger,51,25.6150223875796
2009,15,San Francisco 49ers,00-0023436,Alex Smith,40,-15.0507519884597
2009,15,Seattle Seahawks,00-0007091,Matt Hasselbeck,47,-9.52779131010175
2009,15,Tampa Bay Buccaneers,00-0026993,Josh Freeman,26,12.2430171861701
2009,15,Tennessee Titans,00-0024218,Vince Young,29,5.09434211018925
2009,15,Washington Commanders,00-0003315,Todd Collins,4,2.56316404478275
2009,15,Washington Commanders,00-0023460,Jason Campbell,33,-13.478934732324
2009,16,Arizona Cardinals,00-0017200,Kurt Warner,40,3.15486447705092
2009,16,Atlanta Falcons,00-0026143,Matt Ryan,38,5.34692732369352
2009,16,Baltimore Ravens,00-0026158,Joe Flacco,29,-1.11426810171274
2009,16,Buffalo Bills,00-0026196,Brian Brohm,31,-9.78889915863112
2009,16,Carolina Panthers,00-0025708,Matt Moore,21,15.2247663406343
2009,16,Chicago Bears,00-0024226,Jay Cutler,37,6.8253869956877
2009,16,Cincinnati Bengals,00-0021429,Carson Palmer,26,1.88658613770841
2009,16,Cleveland Browns,00-0023645,Derek Anderson,19,3.25113599278647
2009,16,Dallas Cowboys,00-0021678,Tony Romo,39,11.1272837513243
2009,16,Denver Broncos,00-0023541,Kyle Orton,44,-3.82539015769873
2009,16,Detroit Lions,00-0003739,Daunte Culpepper,12,1.4444549422587
2009,16,Detroit Lions,00-0025430,Drew Stanton,23,-17.6814497861659
2009,16,Green Bay Packers,00-0023459,Aaron Rodgers,24,10.3300782649312
2009,16,Green Bay Packers,00-0026349,Matt Flynn,6,0.0055474721247512
2009,16,Houston Texans,00-0022787,Matt Schaub,32,9.30449154815125
2009,16,Indianapolis Colts,00-0010346,Peyton Manning,21,8.89353951175346
2009,16,Indianapolis Colts,00-0027134,Curtis Painter,13,-15.280826105969
2009,16,Jacksonville Jaguars,00-0021231,David Garrard,27,-4.03852276911493
2009,16,Kansas City Chiefs,00-0023662,Matt Cassel,38,-4.47760463614958
2009,16,Las Vegas Raiders,00-0023502,Charlie Frye,49,-16.6542698134829
2009,16,Los Angeles Chargers,00-0022942,Philip Rivers,28,22.3719481448061
2009,16,Los Angeles Rams,00-0022164,Kyle Boller,1,-0.449863412883133
2009,16,Los Angeles Rams,00-0027131,Keith Null,35,-12.6090786395292
2009,16,Miami Dolphins,00-0026197,Chad Henne,58,-2.91781603139672
2009,16,Minnesota Vikings,00-0005106,Brett Favre,43,14.0469443096954
2009,16,New England Patriots,00-0019596,Tom Brady,26,24.2267711901513
2009,16,New Orleans Saints,00-0020531,Drew Brees,38,6.67883274729896
2009,16,New York Giants,00-0022803,Eli Manning,47,-1.65521077749797
2009,16,New York Jets,00-0026898,Mark Sanchez,21,-2.22188466764614
2009,16,Philadelphia Eagles,00-0011022,Donovan McNabb,39,2.90908425371163
2009,16,Pittsburgh Steelers,00-0022924,Ben Roethlisberger,37,-3.06050879662527
2009,16,San Francisco 49ers,00-0023436,Alex Smith,32,5.79642064731383
2009,16,Seattle Seahawks,00-0007091,Matt Hasselbeck,40,-15.6790295079118
2009,16,Tampa Bay Buccaneers,00-0026993,Josh Freeman,34,-2.44096989817191
2009,16,Tennessee Titans,00-0024218,Vince Young,22,-11.0369786072785
2009,16,Washington Commanders,00-0023460,Jason Campbell,42,-11.2734093828476
2009,17,Arizona Cardinals,00-0017200,Kurt Warner,6,-1.67181860539131
2009,17,Arizona Cardinals,00-0022101,Brian St. Pierre,4,-3.31894100274076
2009,17,Arizona Cardinals,00-0024225,Matt Leinart,21,-9.9472233899869
2009,17,Atlanta Falcons,00-0026143,Matt Ryan,36,3.44681969741977
2009,17,Baltimore Ravens,00-0026158,Joe Flacco,23,-3.73939753135606
2009,17,Buffalo Bills,00-0023682,Ryan Fitzpatrick,25,5.81408803467615
2009,17,Carolina Panthers,00-0025708,Matt Moore,25,-0.740311703179032
2009,17,Chicago Bears,00-0024226,Jay Cutler,38,13.527982049739
2009,17,Cincinnati Bengals,00-0021296,J.T. O'Sullivan,11,-18.237184922793
2009,17,Cincinnati Bengals,00-0021429,Carson Palmer,11,-12.1716009753291
2009,17,Cleveland Browns,00-0023645,Derek Anderson,11,0.589661971374881
2009,17,Dallas Cowboys,00-0021678,Tony Romo,36,9.66682296146028
2009,17,Denver Broncos,00-0023541,Kyle Orton,58,-11.5335605809582
2009,17,Detroit Lions,00-0003739,Daunte Culpepper,36,1.96593496774136
2009,17,Green Bay Packers,00-0023459,Aaron Rodgers,26,16.0078730287297
2009,17,Green Bay Packers,00-0026349,Matt Flynn,4,-7.67202275889576
2009,17,Houston Texans,00-0022787,Matt Schaub,40,0.726686702430944
2009,17,Indianapolis Colts,00-0010346,Peyton Manning,18,1.35312686994439
2009,17,Indianapolis Colts,00-0027134,Curtis Painter,18,-12.6085547844996
2009,17,Jacksonville Jaguars,00-0021231,David Garrard,42,0.582551568003884
2009,17,Kansas City Chiefs,00-0023662,Matt Cassel,24,0.994162217752478
2009,17,Las Vegas Raiders,00-0023502,Charlie Frye,26,5.70903926222719
2009,17,Las Vegas Raiders,00-0025388,JaMarcus Russell,16,-5.169755006231
2009,17,Los Angeles Chargers,00-0019041,Billy Volek,31,3.88485465576958
2009,17,Los Angeles Chargers,00-0022942,Philip Rivers,15,5.62017545225793
2009,17,Los Angeles Rams,00-0022164,Kyle Boller,14,-12.019953214156
2009,17,Los Angeles Rams,00-0027131,Keith Null,22,-12.6357918758304
2009,17,Miami Dolphins,00-0025604,Tyler Thigpen,8,0.0082805441925302
2009,17,Miami Dolphins,00-0026197,Chad Henne,22,5.03505449025128
2009,17,Miami Dolphins,00-0027020,Pat White,3,-4.56922457413748
2009,17,Minnesota Vikings,00-0005106,Brett Favre,31,22.1275927852786
2009,17,Minnesota Vikings,00-0024279,Tarvaris Jackson,6,2.307183512257
2009,17,New England Patriots,00-0019596,Tom Brady,27,4.46025218201073
2009,17,New England Patriots,00-0026625,Brian Hoyer,13,-0.803010044099605
2009,17,New Orleans Saints,00-0002110,Mark Brunell,29,-9.64554539720056
2009,17,New York Giants,00-0020608,David Carr,5,-0.253275934141129
2009,17,New York Giants,00-0022803,Eli Manning,26,-10.5539702724782
2009,17,New York Jets,00-0026898,Mark Sanchez,16,-0.806610682177718
2009,17,Philadelphia Eagles,00-0011022,Donovan McNabb,40,-10.9024599518203
2009,17,Pittsburgh Steelers,00-0022924,Ben Roethlisberger,30,7.35609181532047
2009,17,San Francisco 49ers,00-0023436,Alex Smith,31,-2.80646208155667
2009,17,Seattle Seahawks,00-0007091,Matt Hasselbeck,33,-7.45400074181331
2009,17,Seattle Seahawks,00-0022055,Seneca Wallace,1,0.973869163659401
2009,17,Tampa Bay Buccaneers,00-0026993,Josh Freeman,33,-10.3129173182877
2009,17,Tennessee Titans,00-0024218,Vince Young,28,5.74741049012321
2009,17,Washington Commanders,00-0023460,Jason Campbell,43,10.0964000007917
2010,1,Arizona Cardinals,00-0023645,Derek Anderson,43,5.93600737068135
2010,1,Atlanta Falcons,00-0026143,Matt Ryan,46,-2.24907076901992
2010,1,Baltimore Ravens,00-0026158,Joe Flacco,40,-4.80387244425906
2010,1,Buffalo Bills,00-0025479,Trent Edwards,37,-7.51468973800205
2010,1,Carolina Panthers,00-0025708,Matt Moore,37,-15.0274583530768
2010,1,Carolina Panthers,00-0027659,Jimmy Clausen,2,-0.805101096746512
2010,1,Chicago Bears,00-0024226,Jay Cutler,39,4.15170859505759
2010,1,Cincinnati Bengals,00-0021429,Carson Palmer,51,5.21215335245074
2010,1,Cleveland Browns,00-0004161,Jake Delhomme,37,-8.72900865306651
2010,1,Dallas Cowboys,00-0021678,Tony Romo,48,4.50029942113396
2010,1,Denver Broncos,00-0023541,Kyle Orton,36,7.72351732659312
2010,1,Detroit Lions,00-0020679,Shaun Hill,20,-7.80968566110823
2010,1,Detroit Lions,00-0026498,Matthew Stafford,16,2.01269228907768
2010,1,Green Bay Packers,00-0023459,Aaron Rodgers,34,0.938667040408145
2010,1,Houston Texans,00-0022787,Matt Schaub,19,-3.91185788808134
2010,1,Indianapolis Colts,00-0010346,Peyton Manning,59,18.7965290802349
2010,1,Jacksonville Jaguars,00-0021231,David Garrard,22,8.20667100129611
2010,1,Kansas City Chiefs,00-0023662,Matt Cassel,23,-8.58010931522586
2010,1,Las Vegas Raiders,00-0023460,Jason Campbell,41,-9.38677306072083
2010,1,Los Angeles Chargers,00-0022942,Philip Rivers,41,7.31320014939411
2010,1,Los Angeles Rams,00-0027854,Sam Bradford,57,-13.7971458433306
2010,1,Miami Dolphins,00-0026197,Chad Henne,37,-0.546046963042606
2010,1,Minnesota Vikings,00-0005106,Brett Favre,28,-4.6807123516379
2010,1,New England Patriots,00-0019596,Tom Brady,35,14.1952254343514
2010,1,New Orleans Saints,00-0020531,Drew Brees,37,1.13393880544592
2010,1,New York Giants,00-0022803,Eli Manning,31,4.48091860034413
2010,1,New York Jets,00-0026898,Mark Sanchez,23,-12.6808470597829
2010,1,Philadelphia Eagles,00-0020245,Mike Vick,27,6.20692483487637
2010,1,Philadelphia Eagles,00-0025423,Kevin Kolb,12,-7.52843778196257
2010,1,Pittsburgh Steelers,00-0026296,Dennis Dixon,29,0.292077060690553
2010,1,San Francisco 49ers,00-0023436,Alex Smith,47,-13.7409149908466
2010,1,Seattle Seahawks,00-0007091,Matt Hasselbeck,24,6.02741801526281
2010,1,Tampa Bay Buccaneers,00-0026993,Josh Freeman,31,-5.0354854592288
2010,1,Tennessee Titans,00-0024218,Vince Young,19,2.46690910493554
2010,1,Washington Commanders,00-0011022,Donovan McNabb,33,-5.02225772034929
2010,2,Arizona Cardinals,00-0023645,Derek Anderson,33,-11.8058884068556
2010,2,Arizona Cardinals,00-0027347,Max Hall,2,-6.29804934526328
2010,2,Atlanta Falcons,00-0026143,Matt Ryan,33,13.1203912856978
2010,2,Baltimore Ravens,00-0026158,Joe Flacco,40,-20.4993543990401
2010,2,Buffalo Bills,00-0025479,Trent Edwards,22,-16.4463270026026
2010,2,Carolina Panthers,00-0025708,Matt Moore,20,-6.4243222772493
2010,2,Carolina Panthers,00-0027659,Jimmy Clausen,13,0.531323415460065
2010,2,Chicago Bears,00-0024226,Jay Cutler,30,11.2251654797355
2010,2,Cincinnati Bengals,00-0021429,Carson Palmer,36,-2.56466724114402
2010,2,Cleveland Browns,00-0022055,Seneca Wallace,32,-4.27053330110473
2010,2,Dallas Cowboys,00-0021678,Tony Romo,51,4.12648988071686
2010,2,Denver Broncos,00-0023541,Kyle Orton,36,23.2049303671406
2010,2,Detroit Lions,00-0020679,Shaun Hill,47,5.31637928208695
2010,2,Green Bay Packers,00-0023459,Aaron Rodgers,29,12.2237560408079
2010,2,Houston Texans,00-0022787,Matt Schaub,57,19.7053575211879
2010,2,Indianapolis Colts,00-0010346,Peyton Manning,27,16.582215484581
2010,2,Jacksonville Jaguars,00-0021231,David Garrard,25,-0.0033661308391117
2010,2,Jacksonville Jaguars,00-0022864,Luke McCown,19,-2.69336949195713
2010,2,Kansas City Chiefs,00-0023662,Matt Cassel,29,1.83747544171213
2010,2,Las Vegas Raiders,00-0023460,Jason Campbell,17,-0.446818118720095
2010,2,Las Vegas Raiders,00-0024408,Bruce Gradkowski,22,3.98025297942778
2010,2,Los Angeles Chargers,00-0022942,Philip Rivers,30,17.3562023306279
2010,2,Los Angeles Rams,00-0027854,Sam Bradford,28,0.0075926119142302
2010,2,Miami Dolphins,00-0026197,Chad Henne,17,0.13715220335871
2010,2,Minnesota Vikings,00-0005106,Brett Favre,39,-14.4547096498481
2010,2,New England Patriots,00-0019596,Tom Brady,37,2.10715874412563
2010,2,New Orleans Saints,00-0020531,Drew Brees,40,9.64691228641298
2010,2,New York Giants,00-0022803,Eli Manning,28,-11.468239465903
2010,2,New York Jets,00-0026898,Mark Sanchez,33,10.2321285749438
2010,2,Philadelphia Eagles,00-0020245,Mike Vick,40,5.68931510858238
2010,2,Pittsburgh Steelers,00-0000865,Charlie Batch,13,-10.0051622954365
2010,2,Pittsburgh Steelers,00-0026296,Dennis Dixon,8,-7.60401677072514
2010,2,San Francisco 49ers,00-0023436,Alex Smith,32,4.19153952425416
2010,2,Seattle Seahawks,00-0007091,Matt Hasselbeck,36,1.4751776875346
2010,2,Tampa Bay Buccaneers,00-0026993,Josh Freeman,24,6.92965650221467
2010,2,Tennessee Titans,00-0003292,Kerry Collins,27,1.59626957243029
2010,2,Tennessee Titans,00-0024218,Vince Young,12,-15.7306074813353
2010,2,Washington Commanders,00-0011022,Donovan McNabb,41,17.7038452758381
2010,3,Arizona Cardinals,00-0023645,Derek Anderson,28,-6.22040122663691
2010,3,Atlanta Falcons,00-0026143,Matt Ryan,32,13.0362588847638
2010,3,Baltimore Ravens,00-0026158,Joe Flacco,31,15.3697422197014
2010,3,Buffalo Bills,00-0023682,Ryan Fitzpatrick,29,7.90146131406429
2010,3,Carolina Panthers,00-0027659,Jimmy Clausen,34,-3.73103834944777
2010,3,Chicago Bears,00-0024226,Jay Cutler,30,0.890466922437307
2010,3,Cincinnati Bengals,00-0021429,Carson Palmer,38,-10.6948027411931
2010,3,Cleveland Browns,00-0022055,Seneca Wallace,26,3.07375793713703
2010,3,Dallas Cowboys,00-0021678,Tony Romo,30,16.0872820737526
2010,3,Denver Broncos,00-0023541,Kyle Orton,58,6.11142564099366
2010,3,Detroit Lions,00-0020679,Shaun Hill,44,-7.31644501612991
2010,3,Green Bay Packers,00-0023459,Aaron Rodgers,45,16.4855230029984
2010,3,Houston Texans,00-0022787,Matt Schaub,36,2.1441189429617
2010,3,Indianapolis Colts,00-0010346,Peyton Manning,43,18.555707565451
2010,3,Jacksonville Jaguars,00-0021231,David Garrard,36,-22.7152125559911
2010,3,Kansas City Chiefs,00-0023662,Matt Cassel,27,8.00088096049963
2010,3,Las Vegas Raiders,00-0024408,Bruce Gradkowski,37,0.353926436934934
2010,3,Los Angeles Chargers,00-0022942,Philip Rivers,57,15.6578533623562
2010,3,Los Angeles Rams,00-0027854,Sam Bradford,38,5.30583467476089
2010,3,Miami Dolphins,00-0026197,Chad Henne,46,9.21067541847845
2010,3,Minnesota Vikings,00-0005106,Brett Favre,36,-9.5617450826097
2010,3,New England Patriots,00-0019596,Tom Brady,28,13.1468804619446
2010,3,New Orleans Saints,00-0020531,Drew Brees,40,8.61249515413575
2010,3,New York Giants,00-0022803,Eli Manning,50,-5.54707898242125
2010,3,New York Jets,00-0026898,Mark Sanchez,28,14.1932010666351
2010,3,Philadelphia Eagles,00-0020245,Mike Vick,34,10.3000875448924
2010,3,Pittsburgh Steelers,00-0000865,Charlie Batch,17,7.61450637952875
2010,3,San Francisco 49ers,00-0023436,Alex Smith,47,-6.76015242140563
2010,3,Seattle Seahawks,00-0007091,Matt Hasselbeck,35,2.06407707397377
2010,3,Tampa Bay Buccaneers,00-0026300,Josh Johnson,7,2.94555162620964
2010,3,Tampa Bay Buccaneers,00-0026993,Josh Freeman,34,-13.0121755727479
2010,3,Tennessee Titans,00-0024218,Vince Young,17,6.61938083650827
2010,3,Washington Commanders,00-0011022,Donovan McNabb,33,-4.50279426535645
2010,4,Arizona Cardinals,00-0023645,Derek Anderson,17,-11.2187420696719
2010,4,Arizona Cardinals,00-0027347,Max Hall,20,-13.1352021215244
2010,4,Atlanta Falcons,00-0026143,Matt Ryan,46,-1.009374181106
2010,4,Baltimore Ravens,00-0026158,Joe Flacco,38,5.98094816226288
2010,4,Buffalo Bills,00-0023682,Ryan Fitzpatrick,30,-9.49478922045091
2010,4,Carolina Panthers,00-0027659,Jimmy Clausen,24,0.751900557661429
2010,4,Chicago Bears,00-0003315,Todd Collins,11,-5.35924824374834
2010,4,Chicago Bears,00-0024226,Jay Cutler,20,-19.054885485908
2010,4,Chicago Bears,00-0025970,Caleb Hanie,5,-2.22919002658455
2010,4,Cincinnati Bengals,00-0021429,Carson Palmer,40,12.7953435151097
2010,4,Cleveland Browns,00-0022055,Seneca Wallace,31,1.3417484657923
2010,4,Denver Broncos,00-0023541,Kyle Orton,56,-0.741421813164841
2010,4,Detroit Lions,00-0020679,Shaun Hill,57,3.54993614274062
2010,4,Green Bay Packers,00-0023459,Aaron Rodgers,19,5.89536064455751
2010,4,Houston Texans,00-0022787,Matt Schaub,29,8.7608936146645
2010,4,Indianapolis Colts,00-0010346,Peyton Manning,47,17.0228684395552
2010,4,Jacksonville Jaguars,00-0021231,David Garrard,22,9.90493379322255
2010,4,Las Vegas Raiders,00-0024408,Bruce Gradkowski,43,-3.38860419662963
2010,4,Los Angeles Chargers,00-0019041,Billy Volek,1,1.01380697730929
2010,4,Los Angeles Chargers,00-0022942,Philip Rivers,21,15.1970343636736
2010,4,Los Angeles Rams,00-0027854,Sam Bradford,45,-5.09089322348345
2010,4,Miami Dolphins,00-0025604,Tyler Thigpen,6,-3.7417815271765
2010,4,Miami Dolphins,00-0026197,Chad Henne,41,-2.56600617077276
2010,4,New England Patriots,00-0019596,Tom Brady,27,2.7142994310567
2010,4,New Orleans Saints,00-0020531,Drew Brees,50,7.20153336220062
2010,4,New York Giants,00-0022803,Eli Manning,32,-5.91539567410044
2010,4,New York Jets,00-0002110,Mark Brunell,1,1.09138469025493
2010,4,New York Jets,00-0024318,Brad Smith,1,2.52361532719806
2010,4,New York Jets,00-0026898,Mark Sanchez,24,6.4401028806059
2010,4,Philadelphia Eagles,00-0020245,Mike Vick,7,0.253140444867313
2010,4,Philadelphia Eagles,00-0025423,Kevin Kolb,36,3.45574880233633
2010,4,Pittsburgh Steelers,00-0000865,Charlie Batch,23,-0.15269554398759
2010,4,San Francisco 49ers,00-0023436,Alex Smith,33,-7.66138783434872
2010,4,Seattle Seahawks,00-0007091,Matt Hasselbeck,40,-18.0757580534555
2010,4,Tennessee Titans,00-0024218,Vince Young,30,2.30282811947265
2010,4,Washington Commanders,00-0011022,Donovan McNabb,20,-0.541452728328295
2010,5,Arizona Cardinals,00-0023645,Derek Anderson,2,-0.391256903181784
2010,5,Arizona Cardinals,00-0027347,Max Hall,31,-0.532811302386687
2010,5,Atlanta Falcons,00-0026143,Matt Ryan,30,1.19877637541524
2010,5,Baltimore Ravens,00-0026158,Joe Flacco,26,3.60771328689345
2010,5,Buffalo Bills,00-0023682,Ryan Fitzpatrick,33,0.448966130846189
2010,5,Carolina Panthers,00-0025708,Matt Moore,10,-4.83879264013376
2010,5,Carolina Panthers,00-0027659,Jimmy Clausen,27,-20.8083113297422
2010,5,Chicago Bears,00-0003315,Todd Collins,18,-20.0884962109771
2010,5,Chicago Bears,00-0025970,Caleb Hanie,4,-0.989118090074044
2010,5,Cincinnati Bengals,00-0021429,Carson Palmer,36,-8.92292200160797
2010,5,Cleveland Browns,00-0004161,Jake Delhomme,24,-12.6080261648167
2010,5,Cleveland Browns,00-0022055,Seneca Wallace,17,5.4226257809205
2010,5,Dallas Cowboys,00-0021678,Tony Romo,52,1.28548811963076
2010,5,Denver Broncos,00-0023541,Kyle Orton,39,13.014960473951
2010,5,Detroit Lions,00-0020679,Shaun Hill,33,9.75548789957437
2010,5,Detroit Lions,00-0025430,Drew Stanton,1,-0.761266115820035
2010,5,Green Bay Packers,00-0023459,Aaron Rodgers,50,-2.50824094695482
2010,5,Houston Texans,00-0022787,Matt Schaub,37,-16.1187590642229
2010,5,Indianapolis Colts,00-0010346,Peyton Manning,45,0.452653618269582
2010,5,Jacksonville Jaguars,00-0021231,David Garrard,22,10.1317807213799
2010,5,Kansas City Chiefs,00-0023662,Matt Cassel,30,-1.89865696549723
2010,5,Las Vegas Raiders,00-0023460,Jason Campbell,21,7.84722281774542
2010,5,Las Vegas Raiders,00-0024408,Bruce Gradkowski,7,-6.7940274385885
2010,5,Los Angeles Chargers,00-0022942,Philip Rivers,45,9.04082756840431
2010,5,Los Angeles Rams,00-0027854,Sam Bradford,46,-19.5610355094389
2010,5,Minnesota Vikings,00-0005106,Brett Favre,38,5.77222296169214
2010,5,New Orleans Saints,00-0020531,Drew Brees,40,-3.8810770887751
2010,5,New York Giants,00-0022803,Eli Manning,42,9.24262214317832
2010,5,New York Jets,00-0026898,Mark Sanchez,46,-11.1846121851004
2010,5,Philadelphia Eagles,00-0025423,Kevin Kolb,35,1.10523566509321
2010,5,San Francisco 49ers,00-0023436,Alex Smith,41,7.71007908984313
2010,5,Tampa Bay Buccaneers,00-0026300,Josh Johnson,2,-2.1651768439915
2010,5,Tampa Bay Buccaneers,00-0026993,Josh Freeman,36,7.36428502451895
2010,5,Tennessee Titans,00-0024218,Vince Young,28,2.67737226193385
2010,5,Washington Commanders,00-0011022,Donovan McNabb,54,-3.03198689187742
2010,6,Atlanta Falcons,00-0026143,Matt Ryan,45,-1.00072989061598
2010,6,Baltimore Ravens,00-0026158,Joe Flacco,38,10.9788510860879
2010,6,Chicago Bears,00-0024226,Jay Cutler,45,-9.32298512826626
2010,6,Cleveland Browns,00-0027688,Colt McCoy,38,-2.12348867143737
2010,6,Dallas Cowboys,00-0021678,Tony Romo,32,-0.724957152939169
2010,6,Denver Broncos,00-0023541,Kyle Orton,35,0.88412744656536
2010,6,Detroit Lions,00-0020679,Shaun Hill,15,3.48417459410848
2010,6,Detroit Lions,00-0025430,Drew Stanton,36,0.123651333865688
2010,6,Green Bay Packers,00-0023459,Aaron Rodgers,38,3.2352445816968
2010,6,Houston Texans,00-0022787,Matt Schaub,35,15.1633882429451
2010,6,Indianapolis Colts,00-0010346,Peyton Manning,39,11.9303472737396
2010,6,Jacksonville Jaguars,00-0021231,David Garrard,12,-5.45258694910444
2010,6,Jacksonville Jaguars,00-0025479,Trent Edwards,26,-6.97788921876746
2010,6,Kansas City Chiefs,00-0023662,Matt Cassel,30,16.6272690628356
2010,6,Las Vegas Raiders,00-0023460,Jason Campbell,23,-11.4006083124671
2010,6,Los Angeles Chargers,00-0022942,Philip Rivers,44,-4.97120006001196
2010,6,Los Angeles Rams,00-0027854,Sam Bradford,34,1.63899379783571
2010,6,Miami Dolphins,00-0026197,Chad Henne,39,6.38626222580206
2010,6,Minnesota Vikings,00-0005106,Brett Favre,22,-2.33673797753474
2010,6,New England Patriots,00-0019596,Tom Brady,47,-1.38681820930919
2010,6,New Orleans Saints,00-0020531,Drew Brees,32,16.7806406373987
2010,6,New York Giants,00-0022803,Eli Manning,32,1.8539220825769
2010,6,New York Jets,00-0026898,Mark Sanchez,32,-1.9162363029427
2010,6,Philadelphia Eagles,00-0025423,Kevin Kolb,30,14.1032017242494
2010,6,Pittsburgh Steelers,00-0022924,Ben Roethlisberger,27,10.8581542958855
2010,6,San Francisco 49ers,00-0023436,Alex Smith,35,-0.502985144907802
2010,6,Seattle Seahawks,00-0007091,Matt Hasselbeck,40,2.94701779342722
2010,6,Tampa Bay Buccaneers,00-0026300,Josh Johnson,5,-2.0049478354631
2010,6,Tampa Bay Buccaneers,00-0026993,Josh Freeman,43,5.74302981487151
2010,6,Tennessee Titans,00-0003292,Kerry Collins,16,9.27027941057478
2010,6,Tennessee Titans,00-0024218,Vince Young,5,5.90836389863398
2010,6,Washington Commanders,00-0011022,Donovan McNabb,48,-1.59727640633865
2010,7,Arizona Cardinals,00-0023645,Derek Anderson,17,-0.34904138006742
2010,7,Arizona Cardinals,00-0027347,Max Hall,18,-15.2174633759423
2010,7,Atlanta Falcons,00-0026143,Matt Ryan,33,14.6738860927634
2010,7,Baltimore Ravens,00-0026158,Joe Flacco,33,8.19519644621789
2010,7,Buffalo Bills,00-0023682,Ryan Fitzpatrick,44,15.6607017808823
2010,7,Carolina Panthers,00-0025708,Matt Moore,42,4.24460133086154
2010,7,Chicago Bears,00-0024226,Jay Cutler,44,-15.8590908978658
2010,7,Cincinnati Bengals,00-0021429,Carson Palmer,53,20.4163797024408
2010,7,Cleveland Browns,00-0027688,Colt McCoy,17,-7.70792436058982
2010,7,Dallas Cowboys,00-0009311,Jon Kitna,36,-6.77992246027877
2010,7,Dallas Cowboys,00-0021678,Tony Romo,7,0.164117900042497
2010,7,Denver Broncos,00-0023541,Kyle Orton,33,-17.3571760084014
2010,7,Green Bay Packers,00-0023459,Aaron Rodgers,34,7.53085349418689
2010,7,Green Bay Packers,00-0026349,Matt Flynn,1,-2.16575244278647
2010,7,Jacksonville Jaguars,00-0001545,Todd Bouman,35,-5.14503642856975
2010,7,Kansas City Chiefs,00-0023662,Matt Cassel,19,13.8109812717885
2010,7,Las Vegas Raiders,00-0023460,Jason Campbell,22,12.9820909038218
2010,7,Los Angeles Chargers,00-0022942,Philip Rivers,52,12.4719698786285
2010,7,Los Angeles Rams,00-0027854,Sam Bradford,27,-0.354901113324895
2010,7,Miami Dolphins,00-0026197,Chad Henne,37,3.7861446054541
2010,7,Minnesota Vikings,00-0005106,Brett Favre,30,-7.62227604573583
2010,7,New England Patriots,00-0019596,Tom Brady,36,-4.01814259049741
2010,7,New Orleans Saints,00-0020531,Drew Brees,59,-9.0995076053636
2010,7,New York Giants,00-0022803,Eli Manning,36,8.30271321564214
2010,7,Philadelphia Eagles,00-0025423,Kevin Kolb,49,-8.63519091989045
2010,7,Pittsburgh Steelers,00-0022924,Ben Roethlisberger,30,14.1681289565462
2010,7,San Francisco 49ers,00-0020608,David Carr,14,-5.57672358198224
2010,7,San Francisco 49ers,00-0023436,Alex Smith,20,1.2638374840757
2010,7,Seattle Seahawks,00-0007091,Matt Hasselbeck,43,-4.35717211032651
2010,7,Tampa Bay Buccaneers,00-0026993,Josh Freeman,43,2.11728217018743
2010,7,Tennessee Titans,00-0003292,Kerry Collins,34,2.15633875161683
2010,7,Washington Commanders,00-0011022,Donovan McNabb,34,-11.9197498852765
2010,8,Arizona Cardinals,00-0023645,Derek Anderson,25,-2.57077421541908
2010,8,Arizona Cardinals,00-0027347,Max Hall,16,-14.5931760952226
2010,8,Buffalo Bills,00-0023682,Ryan Fitzpatrick,51,-0.974783265021146
2010,8,Carolina Panthers,00-0025708,Matt Moore,40,-9.25693170766894
2010,8,Cincinnati Bengals,00-0021429,Carson Palmer,38,-4.83217171381693
2010,8,Dallas Cowboys,00-0009311,Jon Kitna,51,1.88199923666547
2010,8,Denver Broncos,00-0023541,Kyle Orton,44,13.4037007948343
2010,8,Detroit Lions,00-0026498,Matthew Stafford,46,-5.54735456684977
2010,8,Green Bay Packers,00-0023459,Aaron Rodgers,36,-4.49873275103246
2010,8,Houston Texans,00-0022787,Matt Schaub,41,-16.0922128577176
2010,8,Indianapolis Colts,00-0010346,Peyton Manning,46,9.60307883637336
2010,8,Jacksonville Jaguars,00-0021231,David Garrard,24,18.88803434273
2010,8,Kansas City Chiefs,00-0023662,Matt Cassel,29,-2.46255876812261
2010,8,Las Vegas Raiders,00-0023460,Jason Campbell,29,15.8204728418971
2010,8,Los Angeles Chargers,00-0022942,Philip Rivers,37,18.5351037450588
2010,8,Los Angeles Rams,00-0027854,Sam Bradford,34,6.41574143834395
2010,8,Miami Dolphins,00-0026197,Chad Henne,37,1.82157364711009
2010,8,Minnesota Vikings,00-0005106,Brett Favre,32,2.81421064027969
2010,8,Minnesota Vikings,00-0024279,Tarvaris Jackson,7,1.10881720499322
2010,8,New England Patriots,00-0019596,Tom Brady,27,10.5059553157189
2010,8,New Orleans Saints,00-0020531,Drew Brees,46,6.64753813290736
2010,8,New York Jets,00-0026898,Mark Sanchez,40,-7.56276758931451
2010,8,Pittsburgh Steelers,00-0022924,Ben Roethlisberger,31,-3.8367133521171
2010,8,San Francisco 49ers,00-0025561,Troy Smith,19,12.981797333607
2010,8,Seattle Seahawks,00-0007091,Matt Hasselbeck,40,-11.5480776520776
2010,8,Tampa Bay Buccaneers,00-0026993,Josh Freeman,27,6.37712909415501
2010,8,Tennessee Titans,00-0003292,Kerry Collins,15,-3.72486349008977
2010,8,Tennessee Titans,00-0024218,Vince Young,21,12.1124925571955
2010,8,Washington Commanders,00-0011022,Donovan McNabb,36,-13.6906017041808
2010,8,Washington Commanders,00-0022121,Rex Grossman,8,-8.84589929087088
2010,9,Arizona Cardinals,00-0023645,Derek Anderson,32,-1.5231194109704
2010,9,Atlanta Falcons,00-0026143,Matt Ryan,36,12.0797655565203
2010,9,Baltimore Ravens,00-0026158,Joe Flacco,31,14.3857080988925
2010,9,Buffalo Bills,00-0023682,Ryan Fitzpatrick,52,2.60188758169534
2010,9,Carolina Panthers,00-0025708,Matt Moore,7,-5.74680245184778
2010,9,Carolina Panthers,00-0027659,Jimmy Clausen,20,-17.7887676837272
2010,9,Carolina Panthers,00-0027801,Tony Pike,13,-5.86418259434868
2010,9,Chicago Bears,00-0024226,Jay Cutler,31,8.48798084300534
2010,9,Cincinnati Bengals,00-0021429,Carson Palmer,40,-1.76314820883516
2010,9,Cleveland Browns,00-0027688,Colt McCoy,19,7.80198849537645
2010,9,Dallas Cowboys,00-0009311,Jon Kitna,34,-10.1307061892585
2010,9,Detroit Lions,00-0025430,Drew Stanton,1,-0.792900139931589
2010,9,Detroit Lions,00-0026498,Matthew Stafford,38,2.63741403230233
2010,9,Green Bay Packers,00-0023459,Aaron Rodgers,35,17.8970841665939
2010,9,Green Bay Packers,00-0026349,Matt Flynn,1,-1.2622808017768
2010,9,Houston Texans,00-0022787,Matt Schaub,34,2.70919668158544
2010,9,Indianapolis Colts,00-0010346,Peyton Manning,54,4.64958130873909
2010,9,Kansas City Chiefs,00-0023662,Matt Cassel,38,2.77153481183439
2010,9,Las Vegas Raiders,00-0023460,Jason Campbell,37,-4.67505803643473
2010,9,Los Angeles Chargers,00-0022942,Philip Rivers,24,20.017637368408
2010,9,Miami Dolphins,00-0026197,Chad Henne,36,-8.31300187628986
2010,9,Minnesota Vikings,00-0005106,Brett Favre,50,12.7469375723158
2010,9,New England Patriots,00-0019596,Tom Brady,37,7.89515960396966
2010,9,New England Patriots,00-0026625,Brian Hoyer,2,-2.94069044338539
2010,9,New Orleans Saints,00-0020531,Drew Brees,44,-0.916028246092652
2010,9,New York Giants,00-0022803,Eli Manning,32,23.4815316856492
2010,9,New York Jets,00-0026898,Mark Sanchez,40,7.07742299014333
2010,9,Philadelphia Eagles,00-0020245,Mike Vick,32,6.12125315534511
2010,9,Pittsburgh Steelers,00-0022924,Ben Roethlisberger,28,-0.091349883071252
2010,9,Seattle Seahawks,00-0024296,Charlie Whitehurst,23,-10.8020496315439
2010,9,Tampa Bay Buccaneers,00-0026993,Josh Freeman,23,3.74861405417323
2010,10,Arizona Cardinals,00-0023645,Derek Anderson,50,-11.8049955536406
2010,10,Atlanta Falcons,00-0026143,Matt Ryan,52,10.0962547164531
2010,10,Baltimore Ravens,00-0026158,Joe Flacco,36,7.0368761329446
2010,10,Buffalo Bills,00-0023682,Ryan Fitzpatrick,25,1.89783630106831
2010,10,Carolina Panthers,00-0027659,Jimmy Clausen,31,3.15000850697288
2010,10,Chicago Bears,00-0024226,Jay Cutler,37,5.28731601830754
2010,10,Cincinnati Bengals,00-0021429,Carson Palmer,45,-3.05021646318698
2010,10,Cleveland Browns,00-0027688,Colt McCoy,34,6.55600028196485
2010,10,Dallas Cowboys,00-0009311,Jon Kitna,22,18.9282200276532
2010,10,Denver Broncos,00-0023541,Kyle Orton,34,19.974607955041
2010,10,Detroit Lions,00-0020679,Shaun Hill,51,3.32793486422039
2010,10,Houston Texans,00-0022787,Matt Schaub,32,17.3443748671868
2010,10,Indianapolis Colts,00-0010346,Peyton Manning,38,-1.24582709861558
2010,10,Jacksonville Jaguars,00-0021231,David Garrard,33,18.7441011968515
2010,10,Kansas City Chiefs,00-0023662,Matt Cassel,57,11.0132516064357
2010,10,Los Angeles Rams,00-0027854,Sam Bradford,45,2.48956111298801
2010,10,Miami Dolphins,00-0019559,Chad Pennington,2,0.921495056245476
2010,10,Miami Dolphins,00-0025604,Tyler Thigpen,6,6.32305729656865
2010,10,Miami Dolphins,00-0026197,Chad Henne,29,4.56992278131406
2010,10,Minnesota Vikings,00-0005106,Brett Favre,32,-11.2871662160014
2010,10,New England Patriots,00-0019596,Tom Brady,43,19.9417246763866
2010,10,New York Giants,00-0022803,Eli Manning,48,-2.07315263862193
2010,10,New York Jets,00-0026898,Mark Sanchez,46,8.69756833280808
2010,10,Philadelphia Eagles,00-0020245,Mike Vick,29,24.6359220718237
2010,10,Pittsburgh Steelers,00-0022924,Ben Roethlisberger,54,-3.32294973425112
2010,10,San Francisco 49ers,00-0025561,Troy Smith,33,6.65653438772825
2010,10,Seattle Seahawks,00-0007091,Matt Hasselbeck,35,19.1456931624412
2010,10,Seattle Seahawks,00-0024296,Charlie Whitehurst,7,-3.84870486392174
2010,10,Tampa Bay Buccaneers,00-0026993,Josh Freeman,25,13.7940996459914
2010,10,Tennessee Titans,00-0003292,Kerry Collins,20,-6.40338473056052
2010,10,Tennessee Titans,00-0024218,Vince Young,20,-0.961550329229794
2010,10,Washington Commanders,00-0011022,Donovan McNabb,33,-4.18525073319324
2010,11,Arizona Cardinals,00-0023645,Derek Anderson,48,4.316104159415
2010,11,Atlanta Falcons,00-0026143,Matt Ryan,39,10.6167269970697
2010,11,Baltimore Ravens,00-0026158,Joe Flacco,36,9.02293106445231
2010,11,Buffalo Bills,00-0023682,Ryan Fitzpatrick,35,13.4043820267541
2010,11,Carolina Panthers,00-0022101,Brian St. Pierre,31,-18.5524118649328
2010,11,Chicago Bears,00-0024226,Jay Cutler,28,4.57669618952579
2010,11,Cincinnati Bengals,00-0021429,Carson Palmer,34,7.41063178040007
2010,11,Cincinnati Bengals,00-0025592,Jordan Palmer,5,-0.812060851603746
2010,11,Cleveland Browns,00-0027688,Colt McCoy,34,0.834498164474123
2010,11,Dallas Cowboys,00-0009311,Jon Kitna,26,7.0925603605283
2010,11,Denver Broncos,00-0023541,Kyle Orton,43,-6.89123966684565
2010,11,Detroit Lions,00-0020679,Shaun Hill,50,5.97377792485365
2010,11,Green Bay Packers,00-0023459,Aaron Rodgers,34,15.2847975229841
2010,11,Green Bay Packers,00-0026349,Matt Flynn,1,1.15071231639013
2010,11,Houston Texans,00-0022787,Matt Schaub,34,6.70634516762747
2010,11,Indianapolis Colts,00-0010346,Peyton Manning,52,18.4612336218706
2010,11,Jacksonville Jaguars,00-0021231,David Garrard,38,-7.27792702339234
2010,11,Kansas City Chiefs,00-0023662,Matt Cassel,24,9.58010635174971
2010,11,Las Vegas Raiders,00-0023460,Jason Campbell,23,-10.7844907750113
2010,11,Las Vegas Raiders,00-0024408,Bruce Gradkowski,26,-10.1537307930412
2010,11,Los Angeles Chargers,00-0022942,Philip Rivers,25,13.9563075936203
2010,11,Los Angeles Rams,00-0027854,Sam Bradford,42,-5.04107790617373
2010,11,Miami Dolphins,00-0025604,Tyler Thigpen,35,-14.7435665663797
2010,11,Minnesota Vikings,00-0005106,Brett Favre,39,-12.8031140787637
2010,11,New England Patriots,00-0019596,Tom Brady,26,11.5514151587384
2010,11,New Orleans Saints,00-0020531,Drew Brees,43,21.8554705584742
2010,11,New York Giants,00-0022803,Eli Manning,33,-1.40799214734899
2010,11,New York Jets,00-0026898,Mark Sanchez,41,5.10140190744664
2010,11,Philadelphia Eagles,00-0020245,Mike Vick,41,-0.870736161304036
2010,11,Pittsburgh Steelers,00-0022924,Ben Roethlisberger,31,13.346261043509
2010,11,San Francisco 49ers,00-0025561,Troy Smith,37,-20.0493470631191
2010,11,Seattle Seahawks,00-0007091,Matt Hasselbeck,44,19.211222162495
2010,11,Tampa Bay Buccaneers,00-0026300,Josh Johnson,1,0.514961000531912
2010,11,Tampa Bay Buccaneers,00-0026993,Josh Freeman,22,5.04425822331796
2010,11,Tennessee Titans,00-0024218,Vince Young,17,6.56817429669303
2010,11,Tennessee Titans,00-0027775,Rusty Smith,9,-6.44497630735467
2010,11,Washington Commanders,00-0011022,Donovan McNabb,53,16.4527141529709
2010,12,Arizona Cardinals,00-0023645,Derek Anderson,36,-10.8540410954145
2010,12,Atlanta Falcons,00-0026143,Matt Ryan,30,7.40547455106849
2010,12,Baltimore Ravens,00-0026158,Joe Flacco,39,0.570223900240583
2010,12,Buffalo Bills,00-0023682,Ryan Fitzpatrick,47,0.126172332116027
2010,12,Carolina Panthers,00-0027659,Jimmy Clausen,31,-2.38344473390873
2010,12,Chicago Bears,00-0024226,Jay Cutler,25,16.9041749377815
2010,12,Cincinnati Bengals,00-0021429,Carson Palmer,41,-8.79768589872372
2010,12,Cleveland Browns,00-0004161,Jake Delhomme,37,-7.7198423644877
2010,12,Dallas Cowboys,00-0009311,Jon Kitna,43,9.5746316632679
2010,12,Denver Broncos,00-0023541,Kyle Orton,44,12.3800058610866
2010,12,Detroit Lions,00-0020679,Shaun Hill,48,-8.12160698869182
2010,12,Green Bay Packers,00-0023459,Aaron Rodgers,36,18.3432402630569
2010,12,Houston Texans,00-0022787,Matt Schaub,37,-0.548121691466564
2010,12,Indianapolis Colts,00-0010346,Peyton Manning,49,-15.1761548635841
2010,12,Jacksonville Jaguars,00-0021231,David Garrard,39,-8.42617025434994
2010,12,Kansas City Chiefs,00-0023662,Matt Cassel,32,18.0823756451344
2010,12,Las Vegas Raiders,00-0024408,Bruce Gradkowski,33,-4.4317615856229
2010,12,Los Angeles Chargers,00-0022942,Philip Rivers,25,5.44095190790425
2010,12,Los Angeles Rams,00-0027854,Sam Bradford,39,21.4495447940158
2010,12,Miami Dolphins,00-0026197,Chad Henne,33,11.4652748915075
2010,12,Minnesota Vikings,00-0005106,Brett Favre,25,2.58650939591823
2010,12,New England Patriots,00-0019596,Tom Brady,28,20.9707083682474
2010,12,New Orleans Saints,00-0020531,Drew Brees,41,7.8418765371918
2010,12,New York Giants,00-0022803,Eli Manning,24,10.5984425940313
2010,12,New York Jets,00-0026898,Mark Sanchez,30,-6.61312820405858
2010,12,Philadelphia Eagles,00-0020245,Mike Vick,48,4.2437748206793
2010,12,Pittsburgh Steelers,00-0022924,Ben Roethlisberger,38,5.84346846775742
2010,12,San Francisco 49ers,00-0025561,Troy Smith,24,-1.49432500251554
2010,12,Seattle Seahawks,00-0007091,Matt Hasselbeck,39,-7.57559927370207
2010,12,Tampa Bay Buccaneers,00-0026993,Josh Freeman,37,-6.11609314459505
2010,12,Tennessee Titans,00-0027775,Rusty Smith,32,-13.4766763350344
2010,12,Washington Commanders,00-0011022,Donovan McNabb,39,-6.74194549478003
2010,13,Arizona Cardinals,00-0023645,Derek Anderson,21,-10.1302437631901
2010,13,Arizona Cardinals,00-0027347,Max Hall,5,-4.99422705452889
2010,13,Arizona Cardinals,00-0027754,John Skelton,7,-1.8903705556877
2010,13,Atlanta Falcons,00-0026143,Matt Ryan,36,2.62774392322172
2010,13,Baltimore Ravens,00-0026158,Joe Flacco,37,-3.31674275918345
2010,13,Buffalo Bills,00-0023682,Ryan Fitzpatrick,26,-4.30952267139219
2010,13,Carolina Panthers,00-0027659,Jimmy Clausen,37,-11.8254143329978
2010,13,Chicago Bears,00-0024226,Jay Cutler,30,2.93127241648276
2010,13,Cincinnati Bengals,00-0021429,Carson Palmer,36,8.29356936337921
2010,13,Cleveland Browns,00-0004161,Jake Delhomme,36,-1.72041155832742
2010,13,Dallas Cowboys,00-0009311,Jon Kitna,28,7.45019363391182
2010,13,Denver Broncos,00-0023541,Kyle Orton,32,-15.2813811963568
2010,13,Detroit Lions,00-0025430,Drew Stanton,26,0.474554269045997
2010,13,Green Bay Packers,00-0023459,Aaron Rodgers,34,10.3222975961703
2010,13,Houston Texans,00-0022787,Matt Schaub,38,7.99132083945044
2010,13,Indianapolis Colts,00-0010346,Peyton Manning,48,0.746267051668838
2010,13,Jacksonville Jaguars,00-0021231,David Garrard,20,2.10861096567453
2010,13,Kansas City Chiefs,00-0023662,Matt Cassel,33,0.809069085997202
2010,13,Las Vegas Raiders,00-0023460,Jason Campbell,17,1.25138392992085
2010,13,Los Angeles Chargers,00-0022942,Philip Rivers,43,-1.25378922843146
2010,13,Los Angeles Rams,00-0027854,Sam Bradford,31,-0.692524648019866
2010,13,Miami Dolphins,00-0026197,Chad Henne,33,-10.6391043862852
2010,13,Minnesota Vikings,00-0005106,Brett Favre,1,-4.02424646774307
2010,13,Minnesota Vikings,00-0024279,Tarvaris Jackson,23,-5.13830579335466
2010,13,New England Patriots,00-0019596,Tom Brady,32,20.7663930639055
2010,13,New Orleans Saints,00-0020531,Drew Brees,31,12.5263268098995
2010,13,New York Giants,00-0022803,Eli Manning,25,-4.89732540308234
2010,13,New York Jets,00-0026898,Mark Sanchez,34,-13.7198395174483
2010,13,Philadelphia Eagles,00-0020245,Mike Vick,34,19.0430490581177
2010,13,Pittsburgh Steelers,00-0022924,Ben Roethlisberger,41,7.83009081060597
2010,13,San Francisco 49ers,00-0025561,Troy Smith,29,-0.270434015510475
2010,13,Seattle Seahawks,00-0007091,Matt Hasselbeck,32,-0.193645296772658
2010,13,Tampa Bay Buccaneers,00-0026993,Josh Freeman,39,-3.51885500389682
2010,13,Tennessee Titans,00-0003292,Kerry Collins,33,-7.75703297848784
2010,13,Washington Commanders,00-0011022,Donovan McNabb,48,-0.322049341247224
2010,14,Arizona Cardinals,00-0027754,John Skelton,37,-12.5714306226857
2010,14,Atlanta Falcons,00-0026143,Matt Ryan,37,3.30273008647347
2010,14,Baltimore Ravens,00-0026158,Joe Flacco,38,4.13997303659562
2010,14,Buffalo Bills,00-0023682,Ryan Fitzpatrick,25,-5.05064350854748
2010,14,Carolina Panthers,00-0027659,Jimmy Clausen,29,-16.2733785008119
2010,14,Chicago Bears,00-0024226,Jay Cutler,28,-11.8633676266763
2010,14,Cincinnati Bengals,00-0021429,Carson Palmer,35,-15.7880452614045
2010,14,Cleveland Browns,00-0004161,Jake Delhomme,21,-11.9962249988217
2010,14,Dallas Cowboys,00-0009311,Jon Kitna,36,-2.32713780945256
2010,14,Denver Broncos,00-0023541,Kyle Orton,42,-25.5626270760498
2010,14,Detroit Lions,00-0025430,Drew Stanton,24,-10.3399810487146
2010,14,Green Bay Packers,00-0023459,Aaron Rodgers,13,-8.93128656200133
2010,14,Green Bay Packers,00-0026349,Matt Flynn,28,-3.93388564990935
2010,14,Houston Texans,00-0022787,Matt Schaub,64,3.79615516436231
2010,14,Indianapolis Colts,00-0010346,Peyton Manning,36,17.4282534275342
2010,14,Jacksonville Jaguars,00-0021231,David Garrard,24,1.69174883275991
2010,14,Kansas City Chiefs,00-0024300,Brodie Croyle,21,-14.3192908557248
2010,14,Kansas City Chiefs,00-0024812,Tyler Palko,3,0.984822373080533
2010,14,Las Vegas Raiders,00-0022164,Kyle Boller,3,-3.12758616462816
2010,14,Las Vegas Raiders,00-0023460,Jason Campbell,33,12.6431503100903
2010,14,Los Angeles Chargers,00-0022942,Philip Rivers,26,11.878063493604
2010,14,Los Angeles Rams,00-0027854,Sam Bradford,35,-15.1234671480656
2010,14,Miami Dolphins,00-0026197,Chad Henne,23,-15.1034189240891
2010,14,Minnesota Vikings,00-0024279,Tarvaris Jackson,34,-10.5399105918249
2010,14,Minnesota Vikings,00-0027796,Joe Webb,5,-4.68902213720139
2010,14,New England Patriots,00-0019596,Tom Brady,43,17.0117550645745
2010,14,New Orleans Saints,00-0020531,Drew Brees,41,5.49799938474111
2010,14,New York Giants,00-0022803,Eli Manning,38,-4.49338064511539
2010,14,New York Jets,00-0026898,Mark Sanchez,50,-19.7623993348795
2010,14,Philadelphia Eagles,00-0020245,Mike Vick,28,3.88428474264701
2010,14,Pittsburgh Steelers,00-0022924,Ben Roethlisberger,37,3.00592190752566
2010,14,San Francisco 49ers,00-0023436,Alex Smith,29,8.95168484436883
2010,14,Seattle Seahawks,00-0007091,Matt Hasselbeck,43,-14.2700679926768
2010,14,Tampa Bay Buccaneers,00-0026993,Josh Freeman,26,12.551753775045
2010,14,Tennessee Titans,00-0003292,Kerry Collins,39,14.5531114813057
2010,14,Washington Commanders,00-0011022,Donovan McNabb,37,8.02876636555211
2010,15,Arizona Cardinals,00-0027754,John Skelton,36,-10.3868293699844
2010,15,Atlanta Falcons,00-0026143,Matt Ryan,36,10.3930162422999
2010,15,Baltimore Ravens,00-0026158,Joe Flacco,23,4.38253184748804
2010,15,Buffalo Bills,00-0023682,Ryan Fitzpatrick,28,9.01654517090979
2010,15,Carolina Panthers,00-0027659,Jimmy Clausen,21,-0.362079494264866
2010,15,Chicago Bears,00-0024226,Jay Cutler,25,6.20052357184876
2010,15,Cincinnati Bengals,00-0021429,Carson Palmer,23,4.91008348254228
2010,15,Cleveland Browns,00-0027688,Colt McCoy,29,9.05038220842835
2010,15,Dallas Cowboys,00-0009311,Jon Kitna,39,12.1661360267156
2010,15,Detroit Lions,00-0025430,Drew Stanton,37,13.0361540031959
2010,15,Green Bay Packers,00-0026349,Matt Flynn,42,0.950468989312665
2010,15,Houston Texans,00-0022787,Matt Schaub,58,4.29550712978061
2010,15,Indianapolis Colts,00-0010346,Peyton Manning,40,5.96522653623918
2010,15,Jacksonville Jaguars,00-0021231,David Garrard,39,3.4309680209459
2010,15,Kansas City Chiefs,00-0023662,Matt Cassel,32,-2.0354296831783
2010,15,Las Vegas Raiders,00-0023460,Jason Campbell,26,1.87922162033888
2010,15,Los Angeles Chargers,00-0022942,Philip Rivers,26,20.2941358130113
2010,15,Los Angeles Rams,00-0027854,Sam Bradford,46,-11.319210914236
2010,15,Miami Dolphins,00-0026197,Chad Henne,48,3.5284111076583
2010,15,Minnesota Vikings,00-0005106,Brett Favre,8,-2.45985637861304
2010,15,Minnesota Vikings,00-0027796,Joe Webb,29,-15.0376780610532
2010,15,New England Patriots,00-0019596,Tom Brady,27,1.41646944950728
2010,15,New Orleans Saints,00-0020531,Drew Brees,49,1.32243169313312
2010,15,New York Giants,00-0022803,Eli Manning,41,14.4830099004338
2010,15,New York Jets,00-0026898,Mark Sanchez,30,3.56480082603989
2010,15,Philadelphia Eagles,00-0020245,Mike Vick,38,-1.94108910754691
2010,15,Pittsburgh Steelers,00-0022924,Ben Roethlisberger,47,1.46633330406914
2010,15,San Francisco 49ers,00-0023436,Alex Smith,35,-12.2555652026786
2010,15,Seattle Seahawks,00-0007091,Matt Hasselbeck,18,-15.0898266150697
2010,15,Seattle Seahawks,00-0024296,Charlie Whitehurst,17,-4.19637314615818
2010,15,Tampa Bay Buccaneers,00-0026300,Josh Johnson,1,-0.734159427229315
2010,15,Tampa Bay Buccaneers,00-0026993,Josh Freeman,35,10.477828213217
2010,15,Tennessee Titans,00-0003292,Kerry Collins,27,11.256248534487
2010,15,Washington Commanders,00-0022121,Rex Grossman,48,6.62962469412037
2010,16,Arizona Cardinals,00-0027754,John Skelton,26,-2.04493850535472
2010,16,Atlanta Falcons,00-0026143,Matt Ryan,30,-3.5999310282059
2010,16,Baltimore Ravens,00-0026158,Joe Flacco,20,2.13571422450109
2010,16,Buffalo Bills,00-0023682,Ryan Fitzpatrick,40,-21.0165512693643
2010,16,Carolina Panthers,00-0027659,Jimmy Clausen,27,-14.4842118374072
2010,16,Chicago Bears,00-0024226,Jay Cutler,27,2.55513392848899
2010,16,Cincinnati Bengals,00-0021429,Carson Palmer,21,24.7083912699018
2010,16,Cleveland Browns,00-0027688,Colt McCoy,29,-6.79629637073956
2010,16,Dallas Cowboys,00-0009311,Jon Kitna,24,-11.6827740152256
2010,16,Dallas Cowboys,00-0027071,Stephen McGee,18,0.862351112547913
2010,16,Detroit Lions,00-0020679,Shaun Hill,28,7.87374710871043
2010,16,Green Bay Packers,00-0023459,Aaron Rodgers,39,25.3675274272921
2010,16,Houston Texans,00-0022787,Matt Schaub,33,10.4685248204257
2010,16,Indianapolis Colts,00-0010346,Peyton Manning,30,1.78596600171303
2010,16,Jacksonville Jaguars,00-0021231,David Garrard,42,-5.40785432380447
2010,16,Kansas City Chiefs,00-0023662,Matt Cassel,35,17.8707196138888
2010,16,Kansas City Chiefs,00-0024300,Brodie Croyle,2,-4.6064911945723
2010,16,Las Vegas Raiders,00-0023460,Jason Campbell,45,-7.88991988769865
2010,16,Los Angeles Chargers,00-0022942,Philip Rivers,41,1.20205239873744
2010,16,Los Angeles Rams,00-0027854,Sam Bradford,38,0.958554564714724
2010,16,Miami Dolphins,00-0026197,Chad Henne,46,-0.671427166314984
2010,16,Minnesota Vikings,00-0027796,Joe Webb,28,3.42174274272723
2010,16,New England Patriots,00-0019596,Tom Brady,28,-1.36363710387589
2010,16,New Orleans Saints,00-0020531,Drew Brees,50,-3.42450750744948
2010,16,New York Giants,00-0022803,Eli Manning,34,0.808666235037892
2010,16,New York Jets,00-0024318,Brad Smith,1,-0.470621003303677
2010,16,New York Jets,00-0026898,Mark Sanchez,37,9.65021687384918
2010,16,Philadelphia Eagles,00-0020245,Mike Vick,49,-10.2727938454837
2010,16,Pittsburgh Steelers,00-0022924,Ben Roethlisberger,35,8.1119751399661
2010,16,San Francisco 49ers,00-0023436,Alex Smith,17,-1.72763273864341
2010,16,San Francisco 49ers,00-0025561,Troy Smith,21,-3.97291821615777
2010,16,Seattle Seahawks,00-0007091,Matt Hasselbeck,4,1.42946959065739
2010,16,Seattle Seahawks,00-0024296,Charlie Whitehurst,21,-2.49972627418162
2010,16,Tampa Bay Buccaneers,00-0026300,Josh Johnson,2,0.28189758292865
2010,16,Tampa Bay Buccaneers,00-0026993,Josh Freeman,28,15.6466685743357
2010,16,Tennessee Titans,00-0003292,Kerry Collins,40,-10.9340719346656
2010,16,Washington Commanders,00-0022121,Rex Grossman,40,-8.86201822860027
2010,17,Arizona Cardinals,00-0025749,Richard Bartel,30,-15.7717588974338
2010,17,Arizona Cardinals,00-0027754,John Skelton,29,-13.204638032068
2010,17,Atlanta Falcons,00-0019709,Chris Redman,6,-3.05480880697724
2010,17,Atlanta Falcons,00-0026143,Matt Ryan,33,9.96175360629737
2010,17,Baltimore Ravens,00-0026158,Joe Flacco,23,-12.1626960313119
2010,17,Buffalo Bills,00-0026196,Brian Brohm,26,-21.0193127377424
2010,17,Buffalo Bills,00-0027804,Levi Brown,3,-1.98706303711515
2010,17,Carolina Panthers,00-0027659,Jimmy Clausen,36,-8.96424372978101
2010,17,Chicago Bears,00-0024226,Jay Cutler,45,-20.7148174598237
2010,17,Cincinnati Bengals,00-0021429,Carson Palmer,45,7.5139236934537
2010,17,Cleveland Browns,00-0022055,Seneca Wallace,1,-1.33936186607741
2010,17,Cleveland Browns,00-0027688,Colt McCoy,45,-7.26321491093774
2010,17,Dallas Cowboys,00-0027071,Stephen McGee,29,-9.12011021997119
2010,17,Detroit Lions,00-0020679,Shaun Hill,40,2.06493904959597
2010,17,Green Bay Packers,00-0023459,Aaron Rodgers,30,-0.718806212552271
2010,17,Houston Texans,00-0022787,Matt Schaub,22,15.5547944199088
2010,17,Indianapolis Colts,00-0010346,Peyton Manning,42,4.9843896929846
2010,17,Jacksonville Jaguars,00-0025479,Trent Edwards,27,-8.88231206028645
2010,17,Kansas City Chiefs,00-0023662,Matt Cassel,38,-22.8214770330778
2010,17,Kansas City Chiefs,00-0024812,Tyler Palko,5,-0.0884204749600031
2010,17,Las Vegas Raiders,00-0022164,Kyle Boller,2,-1.43819244205952
2010,17,Las Vegas Raiders,00-0023460,Jason Campbell,28,5.28801782703814
2010,17,Los Angeles Chargers,00-0022942,Philip Rivers,42,3.83749567828313
2010,17,Los Angeles Rams,00-0027854,Sam Bradford,39,-11.7096468905087
2010,17,Miami Dolphins,00-0025604,Tyler Thigpen,23,1.23134084738558
2010,17,Miami Dolphins,00-0026197,Chad Henne,19,-6.17197262084885
2010,17,Minnesota Vikings,00-0027796,Joe Webb,35,-4.68384977112828
2010,17,New England Patriots,00-0019596,Tom Brady,16,13.6467493394329
2010,17,New England Patriots,00-0026625,Brian Hoyer,13,7.99892849184107
2010,17,New Orleans Saints,00-0020531,Drew Brees,41,2.30082589404909
2010,17,New Orleans Saints,00-0026544,Chase Daniel,3,-0.462095965398476
2010,17,New York Giants,00-0022803,Eli Manning,29,5.7682414433252
2010,17,New York Jets,00-0002110,Mark Brunell,13,-1.85021208709804
2010,17,New York Jets,00-0024264,Kellen Clemens,2,0.370808946609031
2010,17,New York Jets,00-0024318,Brad Smith,1,-0.274198544735555
2010,17,Philadelphia Eagles,00-0025423,Kevin Kolb,41,-16.8909047048073
2010,17,Pittsburgh Steelers,00-0022177,Byron Leftwich,9,1.37498212364962
2010,17,Pittsburgh Steelers,00-0022924,Ben Roethlisberger,22,21.2464006469699
2010,17,San Francisco 49ers,00-0023436,Alex Smith,31,6.39902482714005
2010,17,Seattle Seahawks,00-0024296,Charlie Whitehurst,36,-0.518380713998278
2010,17,Tampa Bay Buccaneers,00-0026993,Josh Freeman,29,12.2251113625432
2010,17,Tennessee Titans,00-0003292,Kerry Collins,40,15.5602780867825
2010,17,Washington Commanders,00-0022121,Rex Grossman,46,-1.95599942351691
2011,1,Arizona Cardinals,00-0025423,Kevin Kolb,29,11.4675384133339
2011,1,Atlanta Falcons,00-0026143,Matt Ryan,52,-14.8445840408645
2011,1,Baltimore Ravens,00-0026158,Joe Flacco,30,10.3757529311303
2011,1,Buffalo Bills,00-0023682,Ryan Fitzpatrick,26,13.1523647793097
2011,1,Buffalo Bills,00-0024318,Brad Smith,1,-1.1680183284916
2011,1,Carolina Panthers,00-0027939,Cam Newton,41,14.2906613725936
2011,1,Chicago Bears,00-0024226,Jay Cutler,37,0.53816377235476
2011,1,Cincinnati Bengals,00-0024408,Bruce Gradkowski,13,0.182439925614744
2011,1,Cincinnati Bengals,00-0027973,Andy Dalton,18,-0.75006789467021
2011,1,Cleveland Browns,00-0027688,Colt McCoy,42,-9.01554945140758
2011,1,Dallas Cowboys,00-0021678,Tony Romo,40,8.01423533054792
2011,1,Denver Broncos,00-0023541,Kyle Orton,51,-2.35206903743103
2011,1,Detroit Lions,00-0026498,Matthew Stafford,33,13.7189995102578
2011,1,Green Bay Packers,00-0023459,Aaron Rodgers,37,20.5048753916635
2011,1,Houston Texans,00-0022787,Matt Schaub,25,3.5702984512556
2011,1,Indianapolis Colts,00-0003292,Kerry Collins,34,-11.0878862886597
2011,1,Jacksonville Jaguars,00-0022864,Luke McCown,26,3.63991347605736
2011,1,Kansas City Chiefs,00-0023662,Matt Cassel,38,-16.8992629103678
2011,1,Las Vegas Raiders,00-0023460,Jason Campbell,23,-2.75087775434942
2011,1,Los Angeles Chargers,00-0022942,Philip Rivers,50,6.35330331698279
2011,1,Los Angeles Rams,00-0020305,A.J. Feeley,6,-5.43221109971637
2011,1,Los Angeles Rams,00-0027854,Sam Bradford,34,-4.32660392007887
2011,1,Miami Dolphins,00-0026197,Chad Henne,53,7.54747327005548
2011,1,Minnesota Vikings,00-0011022,Donovan McNabb,17,-11.8282991565193
2011,1,New England Patriots,00-0019596,Tom Brady,49,24.3107077902371
2011,1,New Orleans Saints,00-0020531,Drew Brees,52,18.9131811447912
2011,1,New York Giants,00-0022803,Eli Manning,36,-3.05855036573485
2011,1,New York Jets,00-0026898,Mark Sanchez,48,-1.32115777864952
2011,1,Philadelphia Eagles,00-0020245,Mike Vick,35,-0.600079655326494
2011,1,Pittsburgh Steelers,00-0022924,Ben Roethlisberger,45,-12.3050665138871
2011,1,San Francisco 49ers,00-0023436,Alex Smith,20,-0.328628249473597
2011,1,Seattle Seahawks,00-0024279,Tarvaris Jackson,42,-6.63265070243506
2011,1,Tampa Bay Buccaneers,00-0026300,Josh Johnson,3,-1.8386430228129
2011,1,Tampa Bay Buccaneers,00-0026993,Josh Freeman,45,4.62690676241026
2011,1,Tennessee Titans,00-0007091,Matt Hasselbeck,36,4.57954010068745
2011,1,Washington Commanders,00-0022121,Rex Grossman,38,11.0063441072295
2011,2,Arizona Cardinals,00-0025423,Kevin Kolb,33,3.27525952301221
2011,2,Atlanta Falcons,00-0026143,Matt Ryan,32,4.12949813134037
2011,2,Baltimore Ravens,00-0026158,Joe Flacco,35,-4.0912503226019
2011,2,Buffalo Bills,00-0023682,Ryan Fitzpatrick,46,11.364995944937
2011,2,Buffalo Bills,00-0024318,Brad Smith,1,-1.1291710305959
2011,2,Carolina Panthers,00-0027939,Cam Newton,50,5.62734035615802
2011,2,Chicago Bears,00-0024226,Jay Cutler,51,-14.5629212274139
2011,2,Cincinnati Bengals,00-0027973,Andy Dalton,43,5.17574772945667
2011,2,Cleveland Browns,00-0027688,Colt McCoy,33,5.84308964310316
2011,2,Dallas Cowboys,00-0009311,Jon Kitna,10,-0.0806328957551159
2011,2,Dallas Cowboys,00-0021678,Tony Romo,34,16.8485702000129
2011,2,Denver Broncos,00-0023541,Kyle Orton,27,5.16535469588538
2011,2,Detroit Lions,00-0020679,Shaun Hill,1,2.99754135857802
2011,2,Detroit Lions,00-0026498,Matthew Stafford,39,14.9106293910206
2011,2,Green Bay Packers,00-0023459,Aaron Rodgers,31,13.4625360228772
2011,2,Houston Texans,00-0022787,Matt Schaub,32,5.46198080725569
2011,2,Indianapolis Colts,00-0003292,Kerry Collins,40,-7.98114806198387
2011,2,Jacksonville Jaguars,00-0022864,Luke McCown,20,-26.9911838168646
2011,2,Jacksonville Jaguars,00-0027948,Blaine Gabbert,7,2.36164415907115
2011,2,Kansas City Chiefs,00-0023662,Matt Cassel,24,-15.7246459316174
2011,2,Kansas City Chiefs,00-0024812,Tyler Palko,1,-0.591286729555577
2011,2,Las Vegas Raiders,00-0023460,Jason Campbell,33,21.0010393528792
2011,2,Los Angeles Chargers,00-0022942,Philip Rivers,42,15.8952113235137
2011,2,Los Angeles Rams,00-0027854,Sam Bradford,48,8.4394101544492
2011,2,Miami Dolphins,00-0026197,Chad Henne,32,-5.33382348157742
2011,2,Minnesota Vikings,00-0011022,Donovan McNabb,32,1.86098531665737
2011,2,New England Patriots,00-0019596,Tom Brady,42,23.8371950317847
2011,2,New Orleans Saints,00-0020531,Drew Brees,38,9.32047987985722
2011,2,New York Giants,00-0022803,Eli Manning,33,2.85543552204035
2011,2,New York Jets,00-0026898,Mark Sanchez,25,4.00707008577237
2011,2,Philadelphia Eagles,00-0020245,Mike Vick,28,7.33164397329672
2011,2,Philadelphia Eagles,00-0027722,Mike Kafka,9,-0.737639800761826
2011,2,Pittsburgh Steelers,00-0022924,Ben Roethlisberger,32,13.2778824529247
2011,2,San Francisco 49ers,00-0023436,Alex Smith,30,-2.49118048348464
2011,2,Seattle Seahawks,00-0024279,Tarvaris Jackson,34,-8.0104550975957
2011,2,Tampa Bay Buccaneers,00-0026993,Josh Freeman,33,2.41726278375461
2011,2,Tennessee Titans,00-0007091,Matt Hasselbeck,42,13.6189231093481
2011,2,Washington Commanders,00-0022121,Rex Grossman,44,0.302874918957814
2011,3,Arizona Cardinals,00-0025423,Kevin Kolb,42,-2.04549638355576
2011,3,Atlanta Falcons,00-0026143,Matt Ryan,51,-5.20602849950717
2011,3,Baltimore Ravens,00-0026158,Joe Flacco,50,10.6713023478629
2011,3,Buffalo Bills,00-0023682,Ryan Fitzpatrick,40,9.36638996310747
2011,3,Carolina Panthers,00-0027939,Cam Newton,34,1.18981569491746
2011,3,Chicago Bears,00-0024226,Jay Cutler,40,-2.03632718770284
2011,3,Cincinnati Bengals,00-0027973,Andy Dalton,33,-14.6430710795818
2011,3,Cleveland Browns,00-0027688,Colt McCoy,39,1.33076504354251
2011,3,Dallas Cowboys,00-0021678,Tony Romo,37,1.37157964450454
2011,3,Denver Broncos,00-0023541,Kyle Orton,40,2.37834373977967
2011,3,Detroit Lions,00-0026498,Matthew Stafford,51,10.9368002337566
2011,3,Green Bay Packers,00-0023459,Aaron Rodgers,40,12.0470383950713
2011,3,Houston Texans,00-0022787,Matt Schaub,41,13.3185789993197
2011,3,Indianapolis Colts,00-0003292,Kerry Collins,29,-6.02839538766719
2011,3,Indianapolis Colts,00-0027134,Curtis Painter,12,-7.85356761180447
2011,3,Jacksonville Jaguars,00-0027948,Blaine Gabbert,23,0.484595400485302
2011,3,Kansas City Chiefs,00-0023662,Matt Cassel,25,10.0290501235286
2011,3,Las Vegas Raiders,00-0023460,Jason Campbell,28,-1.19382961469228
2011,3,Los Angeles Chargers,00-0022942,Philip Rivers,40,-0.0252757167265756
2011,3,Los Angeles Rams,00-0027854,Sam Bradford,37,-18.8964463200537
2011,3,Miami Dolphins,00-0026197,Chad Henne,34,5.15432982401466
2011,3,Minnesota Vikings,00-0011022,Donovan McNabb,40,-5.90615987195701
2011,3,New England Patriots,00-0019596,Tom Brady,45,11.5898812759964
2011,3,New Orleans Saints,00-0020531,Drew Brees,46,12.1135974839895
2011,3,New York Giants,00-0022803,Eli Manning,26,10.4040378568461
2011,3,New York Jets,00-0026898,Mark Sanchez,48,4.98647325732031
2011,3,Philadelphia Eagles,00-0020245,Mike Vick,24,0.312291816534207
2011,3,Philadelphia Eagles,00-0027722,Mike Kafka,8,-3.50221522618085
2011,3,Pittsburgh Steelers,00-0022924,Ben Roethlisberger,40,0.0107389259305573
2011,3,San Francisco 49ers,00-0023436,Alex Smith,35,0.675480168894719
2011,3,Seattle Seahawks,00-0024279,Tarvaris Jackson,35,-1.99874625741101
2011,3,Tampa Bay Buccaneers,00-0026993,Josh Freeman,32,-5.94214822424793
2011,3,Tennessee Titans,00-0007091,Matt Hasselbeck,38,14.7988770526717
2011,3,Washington Commanders,00-0022121,Rex Grossman,40,-3.36169469494669
2011,4,Arizona Cardinals,00-0025423,Kevin Kolb,38,-1.99300298240528
2011,4,Atlanta Falcons,00-0026143,Matt Ryan,42,14.7597916057675
2011,4,Baltimore Ravens,00-0026158,Joe Flacco,33,-11.5484676505972
2011,4,Buffalo Bills,00-0023682,Ryan Fitzpatrick,35,-0.791299286290614
2011,4,Carolina Panthers,00-0027939,Cam Newton,46,7.80680848363467
2011,4,Chicago Bears,00-0024226,Jay Cutler,18,-7.18910351984995
2011,4,Cincinnati Bengals,00-0027973,Andy Dalton,38,-6.96926941651494
2011,4,Cleveland Browns,00-0027688,Colt McCoy,64,-10.658397968398
2011,4,Dallas Cowboys,00-0021678,Tony Romo,48,-9.55427862784617
2011,4,Denver Broncos,00-0023541,Kyle Orton,33,4.966575720384
2011,4,Detroit Lions,00-0026498,Matthew Stafford,43,-1.51765928088497
2011,4,Green Bay Packers,00-0023459,Aaron Rodgers,40,25.4120086772018
2011,4,Green Bay Packers,00-0026349,Matt Flynn,1,-3.23490175348707
2011,4,Houston Texans,00-0022787,Matt Schaub,21,4.9874422196796
2011,4,Indianapolis Colts,00-0027134,Curtis Painter,34,2.65630526508545
2011,4,Jacksonville Jaguars,00-0027948,Blaine Gabbert,45,-15.6939767327553
2011,4,Kansas City Chiefs,00-0023662,Matt Cassel,32,8.88529820992971
2011,4,Las Vegas Raiders,00-0023460,Jason Campbell,39,3.54653295021302
2011,4,Los Angeles Chargers,00-0022942,Philip Rivers,33,11.7141633608187
2011,4,Los Angeles Rams,00-0027854,Sam Bradford,50,-14.4365136517533
2011,4,Miami Dolphins,00-0025708,Matt Moore,29,-3.46729267574256
2011,4,Miami Dolphins,00-0026197,Chad Henne,4,-1.7051151257474
2011,4,Minnesota Vikings,00-0011022,Donovan McNabb,32,2.39023496483376
2011,4,New England Patriots,00-0019596,Tom Brady,31,12.4828144191363
2011,4,New Orleans Saints,00-0020531,Drew Brees,47,1.89482118352718
2011,4,New York Giants,00-0022803,Eli Manning,41,10.5555846318707
2011,4,New York Jets,00-0026898,Mark Sanchez,37,-37.1371575783775
2011,4,Philadelphia Eagles,00-0020245,Mike Vick,48,14.8308005080117
2011,4,Pittsburgh Steelers,00-0022924,Ben Roethlisberger,35,-5.0051225611809
2011,4,San Francisco 49ers,00-0023436,Alex Smith,36,8.90930637804411
2011,4,Seattle Seahawks,00-0024279,Tarvaris Jackson,38,10.7767706233145
2011,4,Tampa Bay Buccaneers,00-0026993,Josh Freeman,41,9.94495880892539
2011,4,Tennessee Titans,00-0007091,Matt Hasselbeck,20,9.44441561799781
2011,4,Tennessee Titans,00-0027946,Jake Locker,1,-0.631276428350247
2011,4,Washington Commanders,00-0022121,Rex Grossman,29,-8.36858418418625
2011,5,Arizona Cardinals,00-0025423,Kevin Kolb,46,-14.7925977278826
2011,5,Arizona Cardinals,00-0025749,Richard Bartel,6,-4.94012406014372
2011,5,Atlanta Falcons,00-0026143,Matt Ryan,33,-2.08325674181106
2011,5,Buffalo Bills,00-0023682,Ryan Fitzpatrick,28,5.09256988001289
2011,5,Carolina Panthers,00-0027939,Cam Newton,32,1.71161969477544
2011,5,Chicago Bears,00-0024226,Jay Cutler,41,3.58838805982056
2011,5,Cincinnati Bengals,00-0027973,Andy Dalton,35,2.32854512229683
2011,5,Denver Broncos,00-0023541,Kyle Orton,13,-8.0202393180069
2011,5,Detroit Lions,00-0026498,Matthew Stafford,27,4.85239689040463
2011,5,Green Bay Packers,00-0023459,Aaron Rodgers,43,19.2685080276161
2011,5,Houston Texans,00-0022787,Matt Schaub,54,1.21812363936657
2011,5,Indianapolis Colts,00-0027134,Curtis Painter,27,11.3740418377309
2011,5,Jacksonville Jaguars,00-0027948,Blaine Gabbert,31,0.291527525154923
2011,5,Kansas City Chiefs,00-0023662,Matt Cassel,31,12.7780394734582
2011,5,Las Vegas Raiders,00-0023460,Jason Campbell,38,-5.38622641550698
2011,5,Los Angeles Chargers,00-0022942,Philip Rivers,34,-4.63689056905651
2011,5,Minnesota Vikings,00-0011022,Donovan McNabb,22,-1.05287244686571
2011,5,New England Patriots,00-0019596,Tom Brady,37,6.15339605560105
2011,5,New Orleans Saints,00-0020531,Drew Brees,47,19.6803027543773
2011,5,New York Giants,00-0022803,Eli Manning,42,-2.81120701540413
2011,5,New York Jets,00-0026898,Mark Sanchez,28,2.82411828369368
2011,5,Philadelphia Eagles,00-0020245,Mike Vick,40,-1.24386570134536
2011,5,Pittsburgh Steelers,00-0022924,Ben Roethlisberger,35,12.330556382196
2011,5,San Francisco 49ers,00-0023436,Alex Smith,19,11.7178951231577
2011,5,San Francisco 49ers,00-0027974,Colin Kaepernick,3,4.20837479186594
2011,5,Seattle Seahawks,00-0024279,Tarvaris Jackson,26,-0.246787092415616
2011,5,Seattle Seahawks,00-0024296,Charlie Whitehurst,21,2.04208122582997
2011,5,Tampa Bay Buccaneers,00-0026300,Josh Johnson,3,-0.503540781326592
2011,5,Tampa Bay Buccaneers,00-0026993,Josh Freeman,35,-9.9746796257133
2011,5,Tennessee Titans,00-0007091,Matt Hasselbeck,52,-5.47092139264222
2011,6,Atlanta Falcons,00-0026143,Matt Ryan,23,9.07187333262012
2011,6,Baltimore Ravens,00-0026158,Joe Flacco,35,6.14821383121373
2011,6,Buffalo Bills,00-0023682,Ryan Fitzpatrick,33,2.05383630283177
2011,6,Carolina Panthers,00-0027939,Cam Newton,36,-1.96446958079468
2011,6,Chicago Bears,00-0024226,Jay Cutler,32,8.03252670136266
2011,6,Cincinnati Bengals,00-0027973,Andy Dalton,32,11.1294452888338
2011,6,Cleveland Browns,00-0027688,Colt McCoy,47,3.31579785085003
2011,6,Dallas Cowboys,00-0021678,Tony Romo,43,5.45174347721686
2011,6,Detroit Lions,00-0026498,Matthew Stafford,55,-14.02552221306
2011,6,Green Bay Packers,00-0023459,Aaron Rodgers,30,13.6598374630478
2011,6,Houston Texans,00-0022787,Matt Schaub,41,-1.51901329040993
2011,6,Indianapolis Colts,00-0027134,Curtis Painter,35,-0.550655254147269
2011,6,Jacksonville Jaguars,00-0027948,Blaine Gabbert,31,-9.08135156778265
2011,6,Las Vegas Raiders,00-0022164,Kyle Boller,16,0.473852880531922
2011,6,Las Vegas Raiders,00-0023460,Jason Campbell,9,3.20611734280828
2011,6,Los Angeles Rams,00-0027854,Sam Bradford,48,-9.64799404455473
2011,6,Miami Dolphins,00-0025708,Matt Moore,38,-15.3685986973046
2011,6,Minnesota Vikings,00-0011022,Donovan McNabb,29,-2.91906028764074
2011,6,Minnesota Vikings,00-0027796,Joe Webb,1,-0.790484545286745
2011,6,Minnesota Vikings,00-0027950,Christian Ponder,17,-2.26161802373827
2011,6,New England Patriots,00-0019596,Tom Brady,44,3.44544957155421
2011,6,New Orleans Saints,00-0020531,Drew Brees,45,4.31152562797571
2011,6,New York Giants,00-0022803,Eli Manning,32,13.9888756881364
2011,6,New York Jets,00-0026898,Mark Sanchez,26,2.21278027010564
2011,6,Philadelphia Eagles,00-0020245,Mike Vick,33,4.37829845022552
2011,6,Philadelphia Eagles,00-0024218,Vince Young,1,-2.70793026313186
2011,6,Pittsburgh Steelers,00-0022924,Ben Roethlisberger,26,4.03223802857707
2011,6,San Francisco 49ers,00-0023436,Alex Smith,34,-16.7091413029862
2011,6,Tampa Bay Buccaneers,00-0026993,Josh Freeman,41,7.90098837825105
2011,6,Washington Commanders,00-0022121,Rex Grossman,23,-12.2433261778534
2011,6,Washington Commanders,00-0025427,John Beck,16,5.43969173153164
2011,7,Arizona Cardinals,00-0025423,Kevin Kolb,36,1.89413219377468
2011,7,Atlanta Falcons,00-0019709,Chris Redman,1,-0.688009064644575
2011,7,Atlanta Falcons,00-0026143,Matt Ryan,37,-3.04592699945818
2011,7,Baltimore Ravens,00-0026158,Joe Flacco,41,-11.4931341625437
2011,7,Carolina Panthers,00-0027939,Cam Newton,27,13.3280316490364
2011,7,Chicago Bears,00-0024226,Jay Cutler,34,-2.93782471788918
2011,7,Cleveland Browns,00-0027688,Colt McCoy,39,-2.92115393104799
2011,7,Dallas Cowboys,00-0021678,Tony Romo,26,5.18752137613176
2011,7,Detroit Lions,00-0026498,Matthew Stafford,35,-7.30365427315783
2011,7,Green Bay Packers,00-0023459,Aaron Rodgers,34,15.8189525406791
2011,7,Houston Texans,00-0022787,Matt Schaub,23,23.9959712558239
2011,7,Indianapolis Colts,00-0023578,Dan Orlovsky,5,2.54297536471859
2011,7,Indianapolis Colts,00-0027134,Curtis Painter,18,-13.4767908572103
2011,7,Jacksonville Jaguars,00-0027948,Blaine Gabbert,24,-12.8195359070575
2011,7,Kansas City Chiefs,00-0023662,Matt Cassel,30,0.415941467945231
2011,7,Las Vegas Raiders,00-0021429,Carson Palmer,21,-15.2532482723473
2011,7,Las Vegas Raiders,00-0022164,Kyle Boller,15,-14.1769899039937
2011,7,Los Angeles Chargers,00-0022942,Philip Rivers,33,-6.48292039742228
2011,7,Los Angeles Rams,00-0020305,A.J. Feeley,34,-6.60645196895348
2011,7,Miami Dolphins,00-0025708,Matt Moore,37,-7.8154199158138
2011,7,Minnesota Vikings,00-0027950,Christian Ponder,34,-1.40826878754262
2011,7,New Orleans Saints,00-0020531,Drew Brees,37,21.1072766595753
2011,7,New York Jets,00-0026898,Mark Sanchez,35,2.16199619928186
2011,7,Pittsburgh Steelers,00-0022924,Ben Roethlisberger,41,20.1101295725575
2011,7,Seattle Seahawks,00-0024296,Charlie Whitehurst,34,-20.7474552340377
2011,7,Tampa Bay Buccaneers,00-0026993,Josh Freeman,52,-10.8977395318629
2011,7,Tennessee Titans,00-0007091,Matt Hasselbeck,31,-15.1190213697264
2011,7,Tennessee Titans,00-0027946,Jake Locker,2,-1.35036751138978
2011,7,Washington Commanders,00-0025427,John Beck,40,-2.76569707531998
2011,8,Arizona Cardinals,00-0025423,Kevin Kolb,27,-7.81700485101841
2011,8,Baltimore Ravens,00-0026158,Joe Flacco,54,-5.71883919039188
2011,8,Buffalo Bills,00-0023682,Ryan Fitzpatrick,29,7.26604961665562
2011,8,Carolina Panthers,00-0027939,Cam Newton,38,4.66197527178941
2011,8,Cincinnati Bengals,00-0027973,Andy Dalton,30,3.00790218963008
2011,8,Cleveland Browns,00-0027688,Colt McCoy,38,-5.84535793783335
2011,8,Dallas Cowboys,00-0021678,Tony Romo,39,-6.96279707644135
2011,8,Detroit Lions,00-0020679,Shaun Hill,2,-1.51709277927876
2011,8,Detroit Lions,00-0026498,Matthew Stafford,32,11.0379990209746
2011,8,Houston Texans,00-0022787,Matt Schaub,32,2.32514628745416
2011,8,Indianapolis Colts,00-0027134,Curtis Painter,51,-14.3213805838353
2011,8,Jacksonville Jaguars,00-0022864,Luke McCown,2,-2.0214624539949
2011,8,Jacksonville Jaguars,00-0027948,Blaine Gabbert,31,-14.2486893755849
2011,8,Kansas City Chiefs,00-0023662,Matt Cassel,35,2.5989193112849
2011,8,Los Angeles Chargers,00-0022942,Philip Rivers,44,7.83888818471566
2011,8,Los Angeles Rams,00-0020305,A.J. Feeley,41,-6.69212923670426
2011,8,Miami Dolphins,00-0025708,Matt Moore,27,-5.06370234988434
2011,8,Minnesota Vikings,00-0027950,Christian Ponder,32,12.581385804614
2011,8,New England Patriots,00-0019596,Tom Brady,38,1.10063153054015
2011,8,New Orleans Saints,00-0020531,Drew Brees,50,-4.37974584655631
2011,8,New York Giants,00-0022803,Eli Manning,46,15.0200416925805
2011,8,Philadelphia Eagles,00-0020245,Mike Vick,32,15.7924943993541
2011,8,Pittsburgh Steelers,00-0022924,Ben Roethlisberger,55,13.1032367314023
2011,8,San Francisco 49ers,00-0023436,Alex Smith,25,5.08549383332138
2011,8,Seattle Seahawks,00-0024279,Tarvaris Jackson,42,-0.585201010670672
2011,8,Seattle Seahawks,00-0024296,Charlie Whitehurst,9,-3.68467392001608
2011,8,Tennessee Titans,00-0007091,Matt Hasselbeck,34,7.07816418439504
2011,8,Washington Commanders,00-0025427,John Beck,43,-21.1765507880131
2011,9,Arizona Cardinals,00-0027754,John Skelton,38,-2.73031881220014
2011,9,Atlanta Falcons,00-0026143,Matt Ryan,25,9.68972135546341
2011,9,Baltimore Ravens,00-0026158,Joe Flacco,50,17.2852666370858
2011,9,Buffalo Bills,00-0023682,Ryan Fitzpatrick,31,-1.63500214905508
2011,9,Chicago Bears,00-0024226,Jay Cutler,32,12.6946227653452
2011,9,Cincinnati Bengals,00-0027973,Andy Dalton,40,8.30356369464425
2011,9,Cleveland Browns,00-0027688,Colt McCoy,26,-3.41795743619642
2011,9,Dallas Cowboys,00-0021678,Tony Romo,31,12.5705168088587
2011,9,Green Bay Packers,00-0023459,Aaron Rodgers,30,13.7884845102871
2011,9,Houston Texans,00-0022787,Matt Schaub,23,-5.37146438727813
2011,9,Indianapolis Colts,00-0023578,Dan Orlovsky,6,-2.91486685315613
2011,9,Indianapolis Colts,00-0027134,Curtis Painter,29,-9.57856427470688
2011,9,Kansas City Chiefs,00-0023662,Matt Cassel,44,-7.93105401165883
2011,9,Las Vegas Raiders,00-0021429,Carson Palmer,37,9.85315954565473
2011,9,Los Angeles Chargers,00-0022942,Philip Rivers,48,-2.12649227915505
2011,9,Los Angeles Rams,00-0027854,Sam Bradford,40,-3.28240733581499
2011,9,Miami Dolphins,00-0025708,Matt Moore,23,16.0287193432969
2011,9,New England Patriots,00-0019596,Tom Brady,51,-0.377127619860871
2011,9,New Orleans Saints,00-0020531,Drew Brees,36,8.57289768429178
2011,9,New York Giants,00-0022803,Eli Manning,39,-0.0086890596862843
2011,9,New York Jets,00-0026898,Mark Sanchez,29,9.56542352916568
2011,9,Philadelphia Eagles,00-0020245,Mike Vick,39,-3.96683064631451
2011,9,Pittsburgh Steelers,00-0022924,Ben Roethlisberger,38,8.12550892106152
2011,9,San Francisco 49ers,00-0023436,Alex Smith,26,5.92362713658148
2011,9,Seattle Seahawks,00-0024279,Tarvaris Jackson,31,-4.11711625742396
2011,9,Tampa Bay Buccaneers,00-0026993,Josh Freeman,38,6.4733192329301
2011,9,Tennessee Titans,00-0007091,Matt Hasselbeck,43,5.06929910575065
2011,9,Washington Commanders,00-0025427,John Beck,49,-3.05231683483019
2011,10,Arizona Cardinals,00-0027754,John Skelton,44,2.64190434443181
2011,10,Atlanta Falcons,00-0026143,Matt Ryan,53,1.46023216382783
2011,10,Baltimore Ravens,00-0026158,Joe Flacco,53,-4.87044579495838
2011,10,Buffalo Bills,00-0023682,Ryan Fitzpatrick,32,-20.3739706734592
2011,10,Carolina Panthers,00-0027939,Cam Newton,45,-10.6270674052242
2011,10,Chicago Bears,00-0024226,Jay Cutler,21,-3.05227704595642
2011,10,Cincinnati Bengals,00-0027973,Andy Dalton,30,-4.31773175908912
2011,10,Cleveland Browns,00-0027688,Colt McCoy,29,3.85846624644349
2011,10,Dallas Cowboys,00-0021678,Tony Romo,26,19.3865039967043
2011,10,Detroit Lions,00-0026498,Matthew Stafford,69,-18.6305629571213
2011,10,Green Bay Packers,00-0023459,Aaron Rodgers,33,18.0418845816423
2011,10,Green Bay Packers,00-0026349,Matt Flynn,2,3.14030632702634
2011,10,Houston Texans,00-0022787,Matt Schaub,16,15.5578910441449
2011,10,Indianapolis Colts,00-0023578,Dan Orlovsky,12,-5.22751865221653
2011,10,Indianapolis Colts,00-0027134,Curtis Painter,22,-9.53273371812043
2011,10,Jacksonville Jaguars,00-0027948,Blaine Gabbert,23,-1.17268271111267
2011,10,Kansas City Chiefs,00-0023662,Matt Cassel,32,-14.977294308017
2011,10,Kansas City Chiefs,00-0024812,Tyler Palko,6,1.38867667742373
2011,10,Las Vegas Raiders,00-0021429,Carson Palmer,21,14.0830459614517
2011,10,Los Angeles Chargers,00-0022942,Philip Rivers,53,-4.8663951146969
2011,10,Los Angeles Rams,00-0027854,Sam Bradford,26,-1.59366135245024
2011,10,Miami Dolphins,00-0025708,Matt Moore,31,0.0773871487796742
2011,10,Minnesota Vikings,00-0027950,Christian Ponder,37,-8.6699511197512
2011,10,New England Patriots,00-0019596,Tom Brady,39,19.3698547093309
2011,10,New Orleans Saints,00-0020531,Drew Brees,43,12.0726142626565
2011,10,New York Giants,00-0022803,Eli Manning,41,13.5515171083276
2011,10,New York Jets,00-0026898,Mark Sanchez,44,-15.3714416801246
2011,10,Philadelphia Eagles,00-0020245,Mike Vick,36,-17.784063645784
2011,10,Pittsburgh Steelers,00-0022924,Ben Roethlisberger,38,7.74278856199089
2011,10,San Francisco 49ers,00-0023436,Alex Smith,32,3.35897592887025
2011,10,Seattle Seahawks,00-0024279,Tarvaris Jackson,28,5.35750880088494
2011,10,Tampa Bay Buccaneers,00-0026300,Josh Johnson,2,-1.2560012023896
2011,10,Tampa Bay Buccaneers,00-0026993,Josh Freeman,37,-21.1383578911109
2011,10,Tennessee Titans,00-0007091,Matt Hasselbeck,28,3.43368506645917
2011,10,Washington Commanders,00-0022121,Rex Grossman,35,-7.10387718568024
2011,11,Arizona Cardinals,00-0025749,Richard Bartel,17,-4.35988190915668
2011,11,Arizona Cardinals,00-0027754,John Skelton,20,-18.0703432432492
2011,11,Atlanta Falcons,00-0026143,Matt Ryan,32,18.3780306080914
2011,11,Baltimore Ravens,00-0026158,Joe Flacco,28,6.48446209022304
2011,11,Buffalo Bills,00-0023682,Ryan Fitzpatrick,41,-14.0929048210446
2011,11,Buffalo Bills,00-0025604,Tyler Thigpen,5,-2.98574249469675
2011,11,Carolina Panthers,00-0027939,Cam Newton,39,-4.9378656678903
2011,11,Chicago Bears,00-0024226,Jay Cutler,31,9.46863371956858
2011,11,Cincinnati Bengals,00-0027973,Andy Dalton,47,-2.50947785201943
2011,11,Cleveland Browns,00-0027688,Colt McCoy,26,1.92046103253961
2011,11,Dallas Cowboys,00-0021678,Tony Romo,41,12.4411319173289
2011,11,Detroit Lions,00-0026498,Matthew Stafford,38,17.5561096432502
2011,11,Green Bay Packers,00-0023459,Aaron Rodgers,36,9.80293156414185
2011,11,Jacksonville Jaguars,00-0027948,Blaine Gabbert,42,-1.00726764206938
2011,11,Kansas City Chiefs,00-0024812,Tyler Palko,40,-12.1481464437311
2011,11,Las Vegas Raiders,00-0021429,Carson Palmer,27,5.17525937213674
2011,11,Los Angeles Chargers,00-0022942,Philip Rivers,31,12.8312840290496
2011,11,Los Angeles Rams,00-0027854,Sam Bradford,45,-21.4403621301753
2011,11,Miami Dolphins,00-0025708,Matt Moore,21,6.70318263655645
2011,11,Minnesota Vikings,00-0027950,Christian Ponder,38,-14.5864206613333
2011,11,New England Patriots,00-0019596,Tom Brady,30,3.87132059803539
2011,11,New York Giants,00-0022803,Eli Manning,38,-7.16919918696773
2011,11,New York Jets,00-0026898,Mark Sanchez,43,-4.72230075407099
2011,11,Philadelphia Eagles,00-0024218,Vince Young,37,6.18088125062576
2011,11,San Francisco 49ers,00-0023436,Alex Smith,38,5.00237321753314
2011,11,Seattle Seahawks,00-0024279,Tarvaris Jackson,28,-9.02721566939726
2011,11,Tampa Bay Buccaneers,00-0026993,Josh Freeman,40,9.04440392002137
2011,11,Tennessee Titans,00-0007091,Matt Hasselbeck,25,-4.66484541748426
2011,11,Tennessee Titans,00-0027946,Jake Locker,20,9.03102001175284
2011,11,Washington Commanders,00-0022121,Rex Grossman,41,8.32754702366359
2011,12,Arizona Cardinals,00-0027754,John Skelton,26,-16.1911019338291
2011,12,Atlanta Falcons,00-0026143,Matt Ryan,36,13.2710043829265
2011,12,Baltimore Ravens,00-0026158,Joe Flacco,23,10.0241558781548
2011,12,Buffalo Bills,00-0023682,Ryan Fitzpatrick,42,10.782260145418
2011,12,Carolina Panthers,00-0027939,Cam Newton,30,4.7166922166118
2011,12,Chicago Bears,00-0025970,Caleb Hanie,40,-13.2821561416899
2011,12,Cincinnati Bengals,00-0027973,Andy Dalton,33,9.30757588523371
2011,12,Cleveland Browns,00-0027688,Colt McCoy,36,-3.93245461160344
2011,12,Dallas Cowboys,00-0021678,Tony Romo,35,-2.28078633740246
2011,12,Detroit Lions,00-0026498,Matthew Stafford,46,-6.43808119016449
2011,12,Green Bay Packers,00-0023459,Aaron Rodgers,35,14.9589601918818
2011,12,Houston Texans,00-0024225,Matt Leinart,13,-2.61074360943369
2011,12,Houston Texans,00-0028090,T.J. Yates,15,-3.64949971405832
2011,12,Indianapolis Colts,00-0027134,Curtis Painter,31,-5.00002537494572
2011,12,Jacksonville Jaguars,00-0022864,Luke McCown,12,-2.71120136622849
2011,12,Jacksonville Jaguars,00-0027948,Blaine Gabbert,35,-15.0802224226682
2011,12,Kansas City Chiefs,00-0024812,Tyler Palko,29,-5.40706180605617
2011,12,Las Vegas Raiders,00-0021429,Carson Palmer,41,-2.3416550623085
2011,12,Los Angeles Chargers,00-0022942,Philip Rivers,39,-5.51006734755457
2011,12,Los Angeles Rams,00-0027854,Sam Bradford,33,-7.54747702792779
2011,12,Miami Dolphins,00-0025708,Matt Moore,36,7.65826063258554
2011,12,Minnesota Vikings,00-0027950,Christian Ponder,29,1.60168158495799
2011,12,New England Patriots,00-0019596,Tom Brady,35,28.5764503450939
2011,12,New Orleans Saints,00-0020531,Drew Brees,38,21.9397584041581
2011,12,New Orleans Saints,00-0026544,Chase Daniel,1,-2.31484652415384
2011,12,New York Giants,00-0022803,Eli Manning,48,12.5272555096968
2011,12,New York Jets,00-0026898,Mark Sanchez,35,4.11010691552656
2011,12,Philadelphia Eagles,00-0024218,Vince Young,50,9.13178637650829
2011,12,Pittsburgh Steelers,00-0022924,Ben Roethlisberger,32,3.16684336503589
2011,12,San Francisco 49ers,00-0023436,Alex Smith,33,-8.75854052904124
2011,12,Seattle Seahawks,00-0024279,Tarvaris Jackson,32,-6.87408514791658
2011,12,Tampa Bay Buccaneers,00-0026993,Josh Freeman,35,-0.811582598131424
2011,12,Tennessee Titans,00-0007091,Matt Hasselbeck,36,-11.6669615956947
2011,12,Washington Commanders,00-0022121,Rex Grossman,36,9.24621580822215
2011,13,Arizona Cardinals,00-0025423,Kevin Kolb,30,3.59720067431105
2011,13,Atlanta Falcons,00-0026143,Matt Ryan,47,-9.08387439556776
2011,13,Baltimore Ravens,00-0026158,Joe Flacco,24,-1.84431791789129
2011,13,Buffalo Bills,00-0023682,Ryan Fitzpatrick,47,5.99702107396586
2011,13,Carolina Panthers,00-0027939,Cam Newton,23,10.8196745561956
2011,13,Chicago Bears,00-0025970,Caleb Hanie,31,-21.5056864374006
2011,13,Cincinnati Bengals,00-0024408,Bruce Gradkowski,6,-4.85262811183929
2011,13,Cincinnati Bengals,00-0027973,Andy Dalton,27,-0.881267648888752
2011,13,Cleveland Browns,00-0022055,Seneca Wallace,1,-0.801974216010422
2011,13,Cleveland Browns,00-0027688,Colt McCoy,38,-9.79612460242824
2011,13,Dallas Cowboys,00-0021678,Tony Romo,47,2.43763368070711
2011,13,Detroit Lions,00-0026498,Matthew Stafford,60,6.25288228510481
2011,13,Green Bay Packers,00-0023459,Aaron Rodgers,48,18.2653058044272
2011,13,Houston Texans,00-0028090,T.J. Yates,28,1.01448175809613
2011,13,Indianapolis Colts,00-0023578,Dan Orlovsky,39,20.3643980161511
2011,13,Jacksonville Jaguars,00-0027948,Blaine Gabbert,35,0.855978485167725
2011,13,Kansas City Chiefs,00-0023541,Kyle Orton,1,-0.944739946397021
2011,13,Kansas City Chiefs,00-0024812,Tyler Palko,32,-0.289474350691307
2011,13,Las Vegas Raiders,00-0021429,Carson Palmer,43,-1.22683427872835
2011,13,Los Angeles Chargers,00-0022942,Philip Rivers,28,21.2214856807983
2011,13,Los Angeles Rams,00-0020305,A.J. Feeley,26,-6.22838415374281
2011,13,Miami Dolphins,00-0025708,Matt Moore,26,2.18310184321922
2011,13,Minnesota Vikings,00-0027796,Joe Webb,1,2.10839926730841
2011,13,Minnesota Vikings,00-0027950,Christian Ponder,50,-6.51713257657931
2011,13,New England Patriots,00-0019596,Tom Brady,39,15.5372206641512
2011,13,New Orleans Saints,00-0020531,Drew Brees,44,16.0128838794968
2011,13,New York Giants,00-0022803,Eli Manning,41,5.24818747981256
2011,13,New York Jets,00-0026898,Mark Sanchez,32,2.20338302701174
2011,13,Philadelphia Eagles,00-0024218,Vince Young,31,-14.8963196854456
2011,13,Pittsburgh Steelers,00-0000865,Charlie Batch,1,-1.71605573850684
2011,13,Pittsburgh Steelers,00-0022924,Ben Roethlisberger,25,7.41510350162121
2011,13,San Francisco 49ers,00-0023436,Alex Smith,27,11.3473038149468
2011,13,San Francisco 49ers,00-0027974,Colin Kaepernick,2,-2.0994892087765
2011,13,Seattle Seahawks,00-0024279,Tarvaris Jackson,19,9.10258564999827
2011,13,Tampa Bay Buccaneers,00-0026300,Josh Johnson,29,2.03170485557816
2011,13,Tennessee Titans,00-0007091,Matt Hasselbeck,26,-2.14774760701151
2011,13,Washington Commanders,00-0022121,Rex Grossman,48,-13.6602584193002
2011,14,Arizona Cardinals,00-0025423,Kevin Kolb,2,-2.5622510202229
2011,14,Arizona Cardinals,00-0027754,John Skelton,29,4.0811249584076
2011,14,Atlanta Falcons,00-0026143,Matt Ryan,41,17.6714901637071
2011,14,Baltimore Ravens,00-0026158,Joe Flacco,33,9.06025546232494
2011,14,Buffalo Bills,00-0023682,Ryan Fitzpatrick,35,-12.7011129794949
2011,14,Buffalo Bills,00-0025604,Tyler Thigpen,3,-2.55915335891768
2011,14,Carolina Panthers,00-0027939,Cam Newton,41,-6.04237130164047
2011,14,Chicago Bears,00-0025970,Caleb Hanie,23,-7.17916733281879
2011,14,Cincinnati Bengals,00-0027973,Andy Dalton,29,-4.05416440518211
2011,14,Cleveland Browns,00-0022055,Seneca Wallace,1,1.55322547603282
2011,14,Cleveland Browns,00-0027688,Colt McCoy,38,-6.51345746577135
2011,14,Dallas Cowboys,00-0021678,Tony Romo,34,13.6739474906034
2011,14,Detroit Lions,00-0026498,Matthew Stafford,34,5.85198079111969
2011,14,Green Bay Packers,00-0023459,Aaron Rodgers,33,6.71223404456988
2011,14,Green Bay Packers,00-0026349,Matt Flynn,3,-1.92976720677689
2011,14,Houston Texans,00-0028090,T.J. Yates,49,7.71087331849568
2011,14,Indianapolis Colts,00-0023578,Dan Orlovsky,41,-8.82214633654169
2011,14,Jacksonville Jaguars,00-0027948,Blaine Gabbert,34,-3.23732638583169
2011,14,Kansas City Chiefs,00-0024812,Tyler Palko,37,-9.36136116141637
2011,14,Las Vegas Raiders,00-0021429,Carson Palmer,43,-7.02002783276839
2011,14,Los Angeles Chargers,00-0022942,Philip Rivers,35,8.61661466371469
2011,14,Los Angeles Rams,00-0027854,Sam Bradford,32,-6.82135549689347
2011,14,Miami Dolphins,00-0022912,J.P. Losman,15,-4.51448617098504
2011,14,Miami Dolphins,00-0025708,Matt Moore,23,-12.7415421640606
2011,14,Minnesota Vikings,00-0027796,Joe Webb,24,-5.85056093463209
2011,14,Minnesota Vikings,00-0027950,Christian Ponder,24,-20.0331457715365
2011,14,New England Patriots,00-0019596,Tom Brady,38,14.742932623136
2011,14,New Orleans Saints,00-0020531,Drew Brees,49,15.6411847982179
2011,14,New York Giants,00-0022803,Eli Manning,47,15.7618239571881
2011,14,New York Jets,00-0026898,Mark Sanchez,24,4.21375095067197
2011,14,Philadelphia Eagles,00-0020245,Mike Vick,34,-2.1836948705786
2011,14,Pittsburgh Steelers,00-0000865,Charlie Batch,3,-2.18936015898362
2011,14,Pittsburgh Steelers,00-0022924,Ben Roethlisberger,22,17.0083449485828
2011,14,San Francisco 49ers,00-0023436,Alex Smith,42,-9.25007240149754
2011,14,Seattle Seahawks,00-0024279,Tarvaris Jackson,34,8.22764109101844
2011,14,Tampa Bay Buccaneers,00-0026300,Josh Johnson,2,-4.06451204087352
2011,14,Tampa Bay Buccaneers,00-0026993,Josh Freeman,33,-17.2402393600205
2011,14,Tennessee Titans,00-0007091,Matt Hasselbeck,7,0.454013363167178
2011,14,Tennessee Titans,00-0027946,Jake Locker,31,1.42168968227208
2011,14,Washington Commanders,00-0022121,Rex Grossman,34,5.68447804452042
2011,15,Arizona Cardinals,00-0027754,John Skelton,50,-0.63911117018759
2011,15,Atlanta Falcons,00-0019709,Chris Redman,6,3.16629216104047
2011,15,Atlanta Falcons,00-0026143,Matt Ryan,27,14.6514959995601
2011,15,Baltimore Ravens,00-0026158,Joe Flacco,39,-0.89638748553283
2011,15,Baltimore Ravens,00-0028118,Tyrod Taylor,3,-0.401248222158756
2011,15,Buffalo Bills,00-0023682,Ryan Fitzpatrick,50,-8.9245712674539
2011,15,Carolina Panthers,00-0027939,Cam Newton,25,2.85800290311454
2011,15,Chicago Bears,00-0021206,Josh McCown,2,-3.00097781099612
2011,15,Chicago Bears,00-0025970,Caleb Hanie,27,-19.2964791302511
2011,15,Cincinnati Bengals,00-0027973,Andy Dalton,27,0.0551101964002854
2011,15,Cleveland Browns,00-0022055,Seneca Wallace,33,-0.486236556718724
2011,15,Dallas Cowboys,00-0021678,Tony Romo,32,16.8420463608471
2011,15,Detroit Lions,00-0026498,Matthew Stafford,54,10.8032972128131
2011,15,Green Bay Packers,00-0023459,Aaron Rodgers,39,0.0917785714264028
2011,15,Houston Texans,00-0028090,T.J. Yates,32,-6.37468107483568
2011,15,Indianapolis Colts,00-0023578,Dan Orlovsky,17,-2.02360717102174
2011,15,Jacksonville Jaguars,00-0027948,Blaine Gabbert,27,-21.4444783489453
2011,15,Kansas City Chiefs,00-0023541,Kyle Orton,31,14.3992147160414
2011,15,Las Vegas Raiders,00-0021429,Carson Palmer,43,10.3338965739032
2011,15,Los Angeles Chargers,00-0022942,Philip Rivers,23,22.5150615376877
2011,15,Los Angeles Rams,00-0024264,Kellen Clemens,39,-2.36720239589798
2011,15,Miami Dolphins,00-0025708,Matt Moore,22,5.6849859846409
2011,15,Minnesota Vikings,00-0027796,Joe Webb,1,-0.417216854635626
2011,15,Minnesota Vikings,00-0027950,Christian Ponder,35,-7.15355739068491
2011,15,New England Patriots,00-0019596,Tom Brady,36,17.7671461307379
2011,15,New Orleans Saints,00-0020531,Drew Brees,40,34.4844491032127
2011,15,New Orleans Saints,00-0026544,Chase Daniel,1,-1.17007747199381
2011,15,New York Giants,00-0022803,Eli Manning,43,-17.0810426507014
2011,15,New York Jets,00-0002110,Mark Brunell,3,-0.356037270394154
2011,15,New York Jets,00-0026898,Mark Sanchez,30,-11.7693827401343
2011,15,Philadelphia Eagles,00-0020245,Mike Vick,22,11.3880921090519
2011,15,Philadelphia Eagles,00-0024218,Vince Young,3,-3.45903834654018
2011,15,Pittsburgh Steelers,00-0022924,Ben Roethlisberger,47,-8.43967759035728
2011,15,San Francisco 49ers,00-0023436,Alex Smith,31,4.60455976924964
2011,15,Seattle Seahawks,00-0024279,Tarvaris Jackson,32,3.98822115508353
2011,15,Tampa Bay Buccaneers,00-0026993,Josh Freeman,30,-3.97132198869064
2011,15,Tennessee Titans,00-0007091,Matt Hasselbeck,40,-11.9982534656714
2011,15,Tennessee Titans,00-0027946,Jake Locker,17,0.707873376552016
2011,15,Washington Commanders,00-0022121,Rex Grossman,25,8.45476238675863
2011,16,Arizona Cardinals,00-0027754,John Skelton,49,-12.7499144600045
2011,16,Atlanta Falcons,00-0019709,Chris Redman,9,-0.70819799345918
2011,16,Atlanta Falcons,00-0026143,Matt Ryan,52,7.7362069085923
2011,16,Baltimore Ravens,00-0026158,Joe Flacco,25,-2.67039959264414
2011,16,Buffalo Bills,00-0023682,Ryan Fitzpatrick,28,-3.49145947740649
2011,16,Carolina Panthers,00-0027939,Cam Newton,18,10.8309890290651
2011,16,Chicago Bears,00-0021206,Josh McCown,28,9.17886767199641
2011,16,Cincinnati Bengals,00-0027973,Andy Dalton,33,-2.44837924118898
2011,16,Cleveland Browns,00-0022055,Seneca Wallace,35,-7.20526059452095
2011,16,Dallas Cowboys,00-0021678,Tony Romo,2,-2.14429654343985
2011,16,Dallas Cowboys,00-0027071,Stephen McGee,41,-4.94097135111224
2011,16,Detroit Lions,00-0026498,Matthew Stafford,39,24.1307643982181
2011,16,Green Bay Packers,00-0023459,Aaron Rodgers,29,21.5325912015396
2011,16,Green Bay Packers,00-0026349,Matt Flynn,1,-1.77754756098147
2011,16,Houston Texans,00-0028090,T.J. Yates,20,-6.88620359791137
2011,16,Indianapolis Colts,00-0023578,Dan Orlovsky,44,-1.24425303028253
2011,16,Jacksonville Jaguars,00-0027948,Blaine Gabbert,43,-4.32869980745695
2011,16,Kansas City Chiefs,00-0023541,Kyle Orton,36,0.315146552260916
2011,16,Las Vegas Raiders,00-0021429,Carson Palmer,26,5.46020433622291
2011,16,Los Angeles Chargers,00-0022942,Philip Rivers,53,-6.50747742310915
2011,16,Los Angeles Rams,00-0024264,Kellen Clemens,27,-11.3197783910437
2011,16,Miami Dolphins,00-0025708,Matt Moore,37,9.70534107190002
2011,16,Minnesota Vikings,00-0027796,Joe Webb,6,9.06490500050131
2011,16,Minnesota Vikings,00-0027950,Christian Ponder,14,0.988664596796082
2011,16,New England Patriots,00-0019596,Tom Brady,50,1.99453298358463
2011,16,New Orleans Saints,00-0020531,Drew Brees,40,14.0625054443771
2011,16,New York Giants,00-0022803,Eli Manning,29,-2.47582657790739
2011,16,New York Jets,00-0026898,Mark Sanchez,64,-16.1445111888104
2011,16,Philadelphia Eagles,00-0020245,Mike Vick,34,13.6331164308489
2011,16,Pittsburgh Steelers,00-0000865,Charlie Batch,22,3.80854928352523
2011,16,San Francisco 49ers,00-0023436,Alex Smith,28,0.557633302881432
2011,16,Seattle Seahawks,00-0024279,Tarvaris Jackson,32,-4.88075802818639
2011,16,Tampa Bay Buccaneers,00-0026993,Josh Freeman,41,-0.893294513159497
2011,16,Tennessee Titans,00-0007091,Matt Hasselbeck,41,-4.24860350997749
2011,16,Washington Commanders,00-0022121,Rex Grossman,44,-2.45003235430234
2011,17,Arizona Cardinals,00-0027754,John Skelton,42,-6.0471956551293
2011,17,Atlanta Falcons,00-0019709,Chris Redman,12,-10.3422668844578
2011,17,Atlanta Falcons,00-0026143,Matt Ryan,9,11.2254221207695
2011,17,Baltimore Ravens,00-0026158,Joe Flacco,20,3.62511656547253
2011,17,Buffalo Bills,00-0023682,Ryan Fitzpatrick,48,-10.1970126094983
2011,17,Carolina Panthers,00-0027939,Cam Newton,27,-4.81461978393817
2011,17,Chicago Bears,00-0021206,Josh McCown,32,-8.2674191043115
2011,17,Cincinnati Bengals,00-0027973,Andy Dalton,45,-1.02683712897579
2011,17,Cleveland Browns,00-0022055,Seneca Wallace,43,-13.6334607559044
2011,17,Dallas Cowboys,00-0021678,Tony Romo,43,0.671146506432207
2011,17,Detroit Lions,00-0026498,Matthew Stafford,61,21.2291773865131
2011,17,Green Bay Packers,00-0026349,Matt Flynn,47,18.7608632034007
2011,17,Houston Texans,00-0004161,Jake Delhomme,30,-1.41043508292922
2011,17,Houston Texans,00-0028090,T.J. Yates,5,3.67965378472582
2011,17,Indianapolis Colts,00-0023578,Dan Orlovsky,43,2.21748333180775
2011,17,Jacksonville Jaguars,00-0027948,Blaine Gabbert,22,-7.64375663539694
2011,17,Kansas City Chiefs,00-0023541,Kyle Orton,30,1.56729806313306
2011,17,Las Vegas Raiders,00-0021429,Carson Palmer,43,15.3002492362251
2011,17,Los Angeles Chargers,00-0022942,Philip Rivers,26,25.9117200254864
2011,17,Los Angeles Rams,00-0024264,Kellen Clemens,34,-1.64244188998776
2011,17,Los Angeles Rams,00-0027121,Tom Brandstater,2,-2.76555877685314
2011,17,Miami Dolphins,00-0025708,Matt Moore,33,-0.780194561359539
2011,17,Minnesota Vikings,00-0027796,Joe Webb,33,-3.28568301373161
2011,17,Minnesota Vikings,00-0027950,Christian Ponder,11,-10.9885633649777
2011,17,New England Patriots,00-0019596,Tom Brady,39,13.63107943699
2011,17,New England Patriots,00-0026625,Brian Hoyer,1,-0.577757010003552
2011,17,New Orleans Saints,00-0020531,Drew Brees,35,21.879270517512
2011,17,New Orleans Saints,00-0026544,Chase Daniel,3,0.482824943610467
2011,17,New York Giants,00-0022803,Eli Manning,35,22.1269994582981
2011,17,New York Jets,00-0026898,Mark Sanchez,34,-8.41661228999965
2011,17,Philadelphia Eagles,00-0020245,Mike Vick,41,7.88854061987254
2011,17,Pittsburgh Steelers,00-0022924,Ben Roethlisberger,42,1.10636606522849
2011,17,San Francisco 49ers,00-0023436,Alex Smith,33,2.73909793542958
2011,17,Seattle Seahawks,00-0024279,Tarvaris Jackson,39,-9.83496968636018
2011,17,Tampa Bay Buccaneers,00-0026993,Josh Freeman,47,-9.15069426099933
2011,17,Tennessee Titans,00-0007091,Matt Hasselbeck,38,4.73841658604347
2011,17,Washington Commanders,00-0022121,Rex Grossman,46,-10.7537226505281
2012,1,Arizona Cardinals,00-0025423,Kevin Kolb,8,5.46987107465975
2012,1,Arizona Cardinals,00-0027754,John Skelton,29,-7.04231242655185
2012,1,Atlanta Falcons,00-0026143,Matt Ryan,32,21.9960492307297
2012,1,Baltimore Ravens,00-0026158,Joe Flacco,32,12.2516154560459
2012,1,Baltimore Ravens,00-0028118,Tyrod Taylor,3,1.1051893744166
2012,1,Buffalo Bills,00-0023682,Ryan Fitzpatrick,32,1.88058966468088
2012,1,Carolina Panthers,00-0027939,Cam Newton,36,3.50501227713539
2012,1,Chicago Bears,00-0024226,Jay Cutler,37,8.43360290115947
2012,1,Cincinnati Bengals,00-0027973,Andy Dalton,41,-16.8417876791917
2012,1,Cleveland Browns,00-0029677,Brandon Weeden,37,-18.7567152880682
2012,1,Dallas Cowboys,00-0021678,Tony Romo,31,12.9133956927721
2012,1,Denver Broncos,00-0010346,Peyton Manning,28,14.1514886804851
2012,1,Detroit Lions,00-0026498,Matthew Stafford,49,-7.71250432524286
2012,1,Green Bay Packers,00-0023459,Aaron Rodgers,47,7.47034220754006
2012,1,Houston Texans,00-0022787,Matt Schaub,33,11.7669936750822
2012,1,Indianapolis Colts,00-0029668,Andrew Luck,48,-7.39333793999711
2012,1,Jacksonville Jaguars,00-0027948,Blaine Gabbert,41,14.6320940198104
2012,1,Kansas City Chiefs,00-0023662,Matt Cassel,36,1.66325146929218
2012,1,Las Vegas Raiders,00-0021429,Carson Palmer,49,5.72096292285151
2012,1,Los Angeles Chargers,00-0022942,Philip Rivers,34,8.24754021902168
2012,1,Los Angeles Rams,00-0027854,Sam Bradford,29,3.39573313023125
2012,1,Miami Dolphins,00-0029701,Ryan Tannehill,38,-17.4821300437907
2012,1,Minnesota Vikings,00-0027950,Christian Ponder,29,3.34207733149413
2012,1,New England Patriots,00-0019596,Tom Brady,32,9.76861945143534
2012,1,New Orleans Saints,00-0020531,Drew Brees,54,1.92758839773441
2012,1,New York Giants,00-0022803,Eli Manning,35,3.12282358272996
2012,1,New York Jets,00-0026898,Mark Sanchez,27,19.6412140762254
2012,1,Philadelphia Eagles,00-0020245,Mike Vick,58,-12.8607415777579
2012,1,Pittsburgh Steelers,00-0022924,Ben Roethlisberger,45,2.01683851608608
2012,1,San Francisco 49ers,00-0023436,Alex Smith,30,8.25052520952949
2012,1,Seattle Seahawks,00-0029263,Russell Wilson,37,-5.39308051742406
2012,1,Tampa Bay Buccaneers,00-0026993,Josh Freeman,26,-3.54322301381751
2012,1,Tennessee Titans,00-0007091,Matt Hasselbeck,11,-2.80369425843019
2012,1,Tennessee Titans,00-0027946,Jake Locker,34,0.110841733911799
2012,1,Washington Commanders,00-0029665,Robert Griffin,28,17.1788261927837
2012,2,Arizona Cardinals,00-0025423,Kevin Kolb,29,-1.66865930245719
2012,2,Atlanta Falcons,00-0026143,Matt Ryan,37,7.17609726488679
2012,2,Baltimore Ravens,00-0026158,Joe Flacco,44,-10.8549363217397
2012,2,Buffalo Bills,00-0023682,Ryan Fitzpatrick,19,7.41996070416644
2012,2,Carolina Panthers,00-0027939,Cam Newton,21,13.9824695288844
2012,2,Chicago Bears,00-0024226,Jay Cutler,34,-15.1921772576209
2012,2,Cincinnati Bengals,00-0027973,Andy Dalton,37,17.3654361573406
2012,2,Cleveland Browns,00-0029677,Brandon Weeden,39,16.3923351980582
2012,2,Dallas Cowboys,00-0021678,Tony Romo,41,-1.72864144359482
2012,2,Denver Broncos,00-0010346,Peyton Manning,40,-8.76414440915687
2012,2,Detroit Lions,00-0026498,Matthew Stafford,34,5.39413057197003
2012,2,Green Bay Packers,00-0023459,Aaron Rodgers,37,-6.90371474195674
2012,2,Houston Texans,00-0022787,Matt Schaub,35,5.39268316487576
2012,2,Indianapolis Colts,00-0029668,Andrew Luck,33,6.01843146888647
2012,2,Jacksonville Jaguars,00-0026197,Chad Henne,2,1.26378262508661
2012,2,Jacksonville Jaguars,00-0027948,Blaine Gabbert,22,-12.8582753180526
2012,2,Kansas City Chiefs,00-0023662,Matt Cassel,47,-2.28643060830397
2012,2,Las Vegas Raiders,00-0021429,Carson Palmer,48,4.73953257116709
2012,2,Los Angeles Chargers,00-0022942,Philip Rivers,36,16.0898152366895
2012,2,Los Angeles Rams,00-0027854,Sam Bradford,37,12.7806840793055
2012,2,Miami Dolphins,00-0029701,Ryan Tannehill,31,3.55913666461129
2012,2,Minnesota Vikings,00-0027950,Christian Ponder,39,8.43190985418685
2012,2,New England Patriots,00-0019596,Tom Brady,50,0.242019101494884
2012,2,New Orleans Saints,00-0020531,Drew Brees,50,1.9897381137529
2012,2,New York Giants,00-0022803,Eli Manning,51,7.18153957816835
2012,2,New York Jets,00-0026898,Mark Sanchez,29,-4.97081609141217
2012,2,Philadelphia Eagles,00-0020245,Mike Vick,34,11.4404766831431
2012,2,Pittsburgh Steelers,00-0022924,Ben Roethlisberger,34,14.8678434518832
2012,2,San Francisco 49ers,00-0023436,Alex Smith,34,8.33566778989359
2012,2,Seattle Seahawks,00-0029263,Russell Wilson,22,5.79834628304467
2012,2,Tampa Bay Buccaneers,00-0026993,Josh Freeman,30,5.6502619351002
2012,2,Tennessee Titans,00-0027946,Jake Locker,30,-9.38309730426369
2012,2,Washington Commanders,00-0029665,Robert Griffin,30,0.835798576795985
2012,3,Arizona Cardinals,00-0025423,Kevin Kolb,27,7.55135325402186
2012,3,Atlanta Falcons,00-0026143,Matt Ryan,42,15.9971165641327
2012,3,Baltimore Ravens,00-0026158,Joe Flacco,39,15.2503777136153
2012,3,Buffalo Bills,00-0023682,Ryan Fitzpatrick,36,8.06346082916068
2012,3,Carolina Panthers,00-0023645,Derek Anderson,3,-0.431453214492649
2012,3,Carolina Panthers,00-0027939,Cam Newton,32,-6.04998333269032
2012,3,Chicago Bears,00-0024226,Jay Cutler,33,-6.16347878037876
2012,3,Cincinnati Bengals,00-0027973,Andy Dalton,29,14.3896435211508
2012,3,Cleveland Browns,00-0029677,Brandon Weeden,47,-10.3867785949842
2012,3,Dallas Cowboys,00-0021678,Tony Romo,43,-7.03180103158317
2012,3,Denver Broncos,00-0010346,Peyton Manning,55,-1.10925396725123
2012,3,Detroit Lions,00-0020679,Shaun Hill,13,13.7429767113063
2012,3,Detroit Lions,00-0026498,Matthew Stafford,43,12.4770818857814
2012,3,Green Bay Packers,00-0023459,Aaron Rodgers,47,-1.10362297723007
2012,3,Houston Texans,00-0022787,Matt Schaub,31,17.5956035328199
2012,3,Indianapolis Colts,00-0029668,Andrew Luck,46,1.33434413687792
2012,3,Jacksonville Jaguars,00-0027948,Blaine Gabbert,22,-1.6299527313664
2012,3,Kansas City Chiefs,00-0023662,Matt Cassel,47,-4.45857442083878
2012,3,Las Vegas Raiders,00-0021429,Carson Palmer,35,6.72928028189128
2012,3,Los Angeles Chargers,00-0022942,Philip Rivers,39,-8.33739551741694
2012,3,Los Angeles Rams,00-0027854,Sam Bradford,41,-20.7096296700698
2012,3,Miami Dolphins,00-0029701,Ryan Tannehill,36,-1.90066822625254
2012,3,Minnesota Vikings,00-0027950,Christian Ponder,35,12.4783960716422
2012,3,New England Patriots,00-0019596,Tom Brady,43,18.5479513439269
2012,3,New Orleans Saints,00-0020531,Drew Brees,40,-3.46832730928441
2012,3,New York Giants,00-0020608,David Carr,3,-2.53952680528164
2012,3,New York Giants,00-0022803,Eli Manning,36,16.3607824683173
2012,3,New York Jets,00-0026898,Mark Sanchez,46,-1.30480332679883
2012,3,Philadelphia Eagles,00-0020245,Mike Vick,42,-18.6534957007347
2012,3,Pittsburgh Steelers,00-0022924,Ben Roethlisberger,50,27.104238846487
2012,3,San Francisco 49ers,00-0023436,Alex Smith,38,0.0031131152937593
2012,3,Seattle Seahawks,00-0029263,Russell Wilson,22,-1.9202942820848
2012,3,Tampa Bay Buccaneers,00-0026993,Josh Freeman,30,-14.8038762680545
2012,3,Tennessee Titans,00-0027946,Jake Locker,42,19.0235730854926
2012,3,Washington Commanders,00-0029665,Robert Griffin,39,-2.06898980625556
2012,4,Arizona Cardinals,00-0025423,Kevin Kolb,56,-8.3698618208291
2012,4,Atlanta Falcons,00-0026143,Matt Ryan,47,1.77915783413486
2012,4,Baltimore Ravens,00-0026158,Joe Flacco,50,5.31344153605964
2012,4,Buffalo Bills,00-0023682,Ryan Fitzpatrick,42,7.09487089869799
2012,4,Carolina Panthers,00-0027939,Cam Newton,27,10.0955922240391
2012,4,Chicago Bears,00-0024226,Jay Cutler,26,15.758585253818
2012,4,Cincinnati Bengals,00-0027973,Andy Dalton,31,14.9338458944134
2012,4,Cleveland Browns,00-0029677,Brandon Weeden,53,-6.63189406741806
2012,4,Dallas Cowboys,00-0021678,Tony Romo,44,-15.221427542012
2012,4,Dallas Cowboys,00-0023541,Kyle Orton,10,7.45140768277645
2012,4,Denver Broncos,00-0010346,Peyton Manning,38,24.2473231084279
2012,4,Detroit Lions,00-0026498,Matthew Stafford,56,2.71387610455661
2012,4,Green Bay Packers,00-0023459,Aaron Rodgers,41,17.9379660919658
2012,4,Houston Texans,00-0022787,Matt Schaub,28,9.99962455645436
2012,4,Jacksonville Jaguars,00-0027948,Blaine Gabbert,40,-11.0700263762381
2012,4,Kansas City Chiefs,00-0023662,Matt Cassel,44,-12.9426208330551
2012,4,Las Vegas Raiders,00-0021429,Carson Palmer,37,-3.06721148415353
2012,4,Los Angeles Chargers,00-0022942,Philip Rivers,26,3.77794213710137
2012,4,Los Angeles Rams,00-0027854,Sam Bradford,32,-0.476831496773363
2012,4,Miami Dolphins,00-0029701,Ryan Tannehill,45,9.56360525731985
2012,4,Minnesota Vikings,00-0027950,Christian Ponder,28,-8.62547158541637
2012,4,New England Patriots,00-0019596,Tom Brady,37,21.0234555256861
2012,4,New Orleans Saints,00-0020531,Drew Brees,56,24.1246190150312
2012,4,New York Giants,00-0022803,Eli Manning,42,7.7534981304574
2012,4,New York Jets,00-0026898,Mark Sanchez,32,-16.8816966402228
2012,4,Philadelphia Eagles,00-0020245,Mike Vick,32,7.7780656201194
2012,4,San Francisco 49ers,00-0023436,Alex Smith,23,-4.83429427489948
2012,4,San Francisco 49ers,00-0027974,Colin Kaepernick,1,-0.473745653638616
2012,4,Seattle Seahawks,00-0029263,Russell Wilson,27,-9.68977951649812
2012,4,Tampa Bay Buccaneers,00-0026993,Josh Freeman,40,0.518287315623677
2012,4,Tennessee Titans,00-0007091,Matt Hasselbeck,28,-14.8999933974701
2012,4,Tennessee Titans,00-0027946,Jake Locker,3,-3.83396993367933
2012,4,Washington Commanders,00-0029665,Robert Griffin,36,10.7295789892726
2012,5,Arizona Cardinals,00-0025423,Kevin Kolb,59,-12.4092569033644
2012,5,Atlanta Falcons,00-0026143,Matt Ryan,53,9.60367821977584
2012,5,Baltimore Ravens,00-0026158,Joe Flacco,31,-7.80408251893026
2012,5,Buffalo Bills,00-0023682,Ryan Fitzpatrick,27,-8.11192423320608
2012,5,Carolina Panthers,00-0027939,Cam Newton,33,-14.0309935579926
2012,5,Chicago Bears,00-0024226,Jay Cutler,40,13.6857613706203
2012,5,Cincinnati Bengals,00-0027973,Andy Dalton,46,-9.531048784515
2012,5,Cleveland Browns,00-0029677,Brandon Weeden,35,5.95297414835864
2012,5,Denver Broncos,00-0010346,Peyton Manning,46,13.2851580618881
2012,5,Green Bay Packers,00-0023459,Aaron Rodgers,37,1.52620754860774
2012,5,Houston Texans,00-0022787,Matt Schaub,28,7.44068969806866
2012,5,Indianapolis Colts,00-0029668,Andrew Luck,59,3.54819717284286
2012,5,Jacksonville Jaguars,00-0027948,Blaine Gabbert,36,-23.0369919310741
2012,5,Kansas City Chiefs,00-0023662,Matt Cassel,15,-1.88369928393513
2012,5,Kansas City Chiefs,00-0025409,Brady Quinn,2,2.54560159478527
2012,5,Los Angeles Chargers,00-0022942,Philip Rivers,47,3.35082043164172
2012,5,Los Angeles Rams,00-0027854,Sam Bradford,22,-3.58993747925437
2012,5,Miami Dolphins,00-0029701,Ryan Tannehill,28,7.30565278874566
2012,5,Minnesota Vikings,00-0027950,Christian Ponder,36,6.3950982703539
2012,5,New England Patriots,00-0019596,Tom Brady,35,7.32003523845924
2012,5,New Orleans Saints,00-0020531,Drew Brees,48,14.2866483887968
2012,5,New York Giants,00-0022803,Eli Manning,37,9.3812876761803
2012,5,New York Jets,00-0026898,Mark Sanchez,34,-9.01326570620066
2012,5,Philadelphia Eagles,00-0020245,Mike Vick,33,8.37175920896698
2012,5,Pittsburgh Steelers,00-0022924,Ben Roethlisberger,38,2.94139373916098
2012,5,San Francisco 49ers,00-0023436,Alex Smith,24,18.6243172911345
2012,5,San Francisco 49ers,00-0027974,Colin Kaepernick,1,1.02428926504217
2012,5,Seattle Seahawks,00-0029263,Russell Wilson,27,1.82652626947776
2012,5,Tennessee Titans,00-0007091,Matt Hasselbeck,45,0.342584482976235
2012,5,Tennessee Titans,00-0027775,Rusty Smith,5,-0.411579600011464
2012,5,Washington Commanders,00-0029604,Kirk Cousins,10,-2.4617799333646
2012,5,Washington Commanders,00-0029665,Robert Griffin,17,-3.53410016311454
2012,6,Arizona Cardinals,00-0025423,Kevin Kolb,31,-11.6390292205259
2012,6,Arizona Cardinals,00-0027754,John Skelton,10,-5.94885810047003
2012,6,Atlanta Falcons,00-0026143,Matt Ryan,38,-7.05056044938323
2012,6,Baltimore Ravens,00-0026158,Joe Flacco,27,12.1805910166004
2012,6,Buffalo Bills,00-0023682,Ryan Fitzpatrick,34,-5.12244444503449
2012,6,Buffalo Bills,00-0024318,Brad Smith,1,-3.24871730495943
2012,6,Cincinnati Bengals,00-0027973,Andy Dalton,48,-7.95931499207763
2012,6,Cleveland Browns,00-0029677,Brandon Weeden,31,2.0170514259137
2012,6,Dallas Cowboys,00-0021678,Tony Romo,37,14.6967640991224
2012,6,Denver Broncos,00-0010346,Peyton Manning,30,12.3373759004753
2012,6,Detroit Lions,00-0026498,Matthew Stafford,45,5.14821665284729
2012,6,Green Bay Packers,00-0023459,Aaron Rodgers,39,24.1480729980394
2012,6,Houston Texans,00-0022787,Matt Schaub,36,-1.18183740744379
2012,6,Houston Texans,00-0028090,T.J. Yates,5,-1.85361073538661
2012,6,Indianapolis Colts,00-0029668,Andrew Luck,48,-9.15518766012643
2012,6,Kansas City Chiefs,00-0025409,Brady Quinn,38,-16.5510683976921
2012,6,Las Vegas Raiders,00-0021429,Carson Palmer,36,0.518632405137887
2012,6,Los Angeles Chargers,00-0022942,Philip Rivers,45,-18.4165983902362
2012,6,Los Angeles Rams,00-0027854,Sam Bradford,42,9.22943616901068
2012,6,Miami Dolphins,00-0029701,Ryan Tannehill,32,0.952318724671761
2012,6,Minnesota Vikings,00-0027950,Christian Ponder,56,3.11891020643203
2012,6,New England Patriots,00-0019596,Tom Brady,59,6.57672835461505
2012,6,New York Giants,00-0022803,Eli Manning,28,4.35758188001158
2012,6,New York Jets,00-0026898,Mark Sanchez,19,2.55374742095592
2012,6,Philadelphia Eagles,00-0020245,Mike Vick,49,6.6012102962416
2012,6,Pittsburgh Steelers,00-0022924,Ben Roethlisberger,41,12.4267039852099
2012,6,San Francisco 49ers,00-0023436,Alex Smith,34,-14.5002516618273
2012,6,San Francisco 49ers,00-0027974,Colin Kaepernick,9,-0.628322574437833
2012,6,Seattle Seahawks,00-0029263,Russell Wilson,29,13.2474792989669
2012,6,Tampa Bay Buccaneers,00-0026993,Josh Freeman,27,9.75756851400684
2012,6,Tennessee Titans,00-0007091,Matt Hasselbeck,47,-1.12182953111763
2012,6,Washington Commanders,00-0029665,Robert Griffin,23,5.34601646146189
2012,7,Arizona Cardinals,00-0027754,John Skelton,43,-14.1608055902179
2012,7,Baltimore Ravens,00-0026158,Joe Flacco,47,-26.7059779513887
2012,7,Buffalo Bills,00-0023682,Ryan Fitzpatrick,36,6.03629222990803
2012,7,Carolina Panthers,00-0027939,Cam Newton,39,-5.04742912182701
2012,7,Chicago Bears,00-0023460,Jason Campbell,1,-0.190432357252575
2012,7,Chicago Bears,00-0024226,Jay Cutler,36,-6.93360121320613
2012,7,Cincinnati Bengals,00-0027973,Andy Dalton,28,-11.0059398023102
2012,7,Cleveland Browns,00-0029677,Brandon Weeden,41,9.83574064212735
2012,7,Dallas Cowboys,00-0021678,Tony Romo,34,10.4303650992039
2012,7,Detroit Lions,00-0026498,Matthew Stafford,49,-2.63024727307493
2012,7,Green Bay Packers,00-0023459,Aaron Rodgers,40,23.1264005921434
2012,7,Houston Texans,00-0022787,Matt Schaub,39,8.60578863887622
2012,7,Indianapolis Colts,00-0029668,Andrew Luck,32,-2.32533270792576
2012,7,Jacksonville Jaguars,00-0026197,Chad Henne,23,-15.9045941339671
2012,7,Jacksonville Jaguars,00-0027948,Blaine Gabbert,12,5.74980495090131
2012,7,Las Vegas Raiders,00-0021429,Carson Palmer,48,-4.40506277243149
2012,7,Los Angeles Rams,00-0027854,Sam Bradford,37,-2.86333822040506
2012,7,Minnesota Vikings,00-0027950,Christian Ponder,20,-14.0613412362701
2012,7,New England Patriots,00-0019596,Tom Brady,43,7.53494406274915
2012,7,New Orleans Saints,00-0020531,Drew Brees,37,22.9446287429309
2012,7,New York Giants,00-0022803,Eli Manning,41,7.43876565936959
2012,7,New York Jets,00-0026898,Mark Sanchez,45,11.27693798914
2012,7,Pittsburgh Steelers,00-0022924,Ben Roethlisberger,40,3.3175982211585
2012,7,San Francisco 49ers,00-0023436,Alex Smith,25,1.22917305259361
2012,7,Seattle Seahawks,00-0029263,Russell Wilson,25,-7.11378566946208
2012,7,Tampa Bay Buccaneers,00-0026993,Josh Freeman,44,21.8585234380346
2012,7,Tennessee Titans,00-0007091,Matt Hasselbeck,35,8.80339856311912
2012,7,Washington Commanders,00-0029665,Robert Griffin,31,8.18825519138587
2012,8,Arizona Cardinals,00-0027754,John Skelton,56,-5.56490592770603
2012,8,Atlanta Falcons,00-0026143,Matt Ryan,31,18.7480076821353
2012,8,Carolina Panthers,00-0027939,Cam Newton,41,1.83597067892823
2012,8,Chicago Bears,00-0024226,Jay Cutler,34,-8.11475082442825
2012,8,Cleveland Browns,00-0029677,Brandon Weeden,29,-5.9858163104509
2012,8,Dallas Cowboys,00-0021678,Tony Romo,66,-11.3109888507702
2012,8,Denver Broncos,00-0010346,Peyton Manning,30,18.1096601371974
2012,8,Detroit Lions,00-0026498,Matthew Stafford,51,17.6539051803411
2012,8,Green Bay Packers,00-0023459,Aaron Rodgers,37,-3.26711320581558
2012,8,Indianapolis Colts,00-0029668,Andrew Luck,40,11.6224931816732
2012,8,Jacksonville Jaguars,00-0027948,Blaine Gabbert,51,0.399002066455413
2012,8,Kansas City Chiefs,00-0023662,Matt Cassel,32,-0.629369811150975
2012,8,Kansas City Chiefs,00-0025409,Brady Quinn,5,-8.90582982171327
2012,8,Las Vegas Raiders,00-0021429,Carson Palmer,28,4.22568940862919
2012,8,Los Angeles Chargers,00-0022942,Philip Rivers,35,-5.16942932314489
2012,8,Los Angeles Rams,00-0024264,Kellen Clemens,2,-3.46141951624304
2012,8,Los Angeles Rams,00-0027854,Sam Bradford,32,-3.73531955509679
2012,8,Miami Dolphins,00-0025708,Matt Moore,20,3.45774197097374
2012,8,Miami Dolphins,00-0029701,Ryan Tannehill,6,-3.75845451767201
2012,8,Minnesota Vikings,00-0027950,Christian Ponder,38,-4.52270916277201
2012,8,New England Patriots,00-0019596,Tom Brady,35,23.3504313135
2012,8,New England Patriots,00-0028012,Ryan Mallett,3,0.666820094222203
2012,8,New Orleans Saints,00-0020531,Drew Brees,43,-1.4462127716979
2012,8,New York Giants,00-0022803,Eli Manning,30,-2.83798996428338
2012,8,New York Jets,00-0026898,Mark Sanchez,58,-16.2497196786928
2012,8,Philadelphia Eagles,00-0020245,Mike Vick,38,-0.222123791240926
2012,8,Pittsburgh Steelers,00-0022924,Ben Roethlisberger,33,10.6286302435312
2012,8,San Francisco 49ers,00-0023436,Alex Smith,23,13.4635883161008
2012,8,Seattle Seahawks,00-0029263,Russell Wilson,35,5.27449931666254
2012,8,Tampa Bay Buccaneers,00-0026993,Josh Freeman,37,14.01922043718
2012,8,Tennessee Titans,00-0007091,Matt Hasselbeck,31,9.72543873507772
2012,8,Washington Commanders,00-0029665,Robert Griffin,35,3.92266739132554
2012,9,Arizona Cardinals,00-0027754,John Skelton,48,-1.16704262926942
2012,9,Atlanta Falcons,00-0026143,Matt Ryan,37,12.2065617878686
2012,9,Baltimore Ravens,00-0026158,Joe Flacco,25,3.56874113889365
2012,9,Buffalo Bills,00-0023682,Ryan Fitzpatrick,42,-4.00674633667604
2012,9,Carolina Panthers,00-0027939,Cam Newton,23,7.3366013107346
2012,9,Chicago Bears,00-0024226,Jay Cutler,29,2.13510160135709
2012,9,Cincinnati Bengals,00-0027973,Andy Dalton,47,2.78162116785689
2012,9,Cleveland Browns,00-0029677,Brandon Weeden,38,-13.4559252353162
2012,9,Dallas Cowboys,00-0021678,Tony Romo,36,8.98037794127748
2012,9,Denver Broncos,00-0010346,Peyton Manning,35,14.7201466449187
2012,9,Detroit Lions,00-0026498,Matthew Stafford,34,17.5731961545627
2012,9,Green Bay Packers,00-0023459,Aaron Rodgers,31,5.6529920079549
2012,9,Houston Texans,00-0022787,Matt Schaub,29,12.286794021614
2012,9,Indianapolis Colts,00-0029668,Andrew Luck,49,24.4008111817585
2012,9,Jacksonville Jaguars,00-0027948,Blaine Gabbert,39,0.633220774732996
2012,9,Kansas City Chiefs,00-0023662,Matt Cassel,30,-3.88677607802885
2012,9,Las Vegas Raiders,00-0021429,Carson Palmer,63,1.72613547011178
2012,9,Los Angeles Chargers,00-0022942,Philip Rivers,21,9.14496463421975
2012,9,Miami Dolphins,00-0029701,Ryan Tannehill,40,7.1961438522569
2012,9,Minnesota Vikings,00-0027950,Christian Ponder,26,-10.3461121694869
2012,9,New Orleans Saints,00-0020531,Drew Brees,29,9.33440532178576
2012,9,New York Giants,00-0022803,Eli Manning,26,-7.11445117801468
2012,9,Philadelphia Eagles,00-0020245,Mike Vick,48,-10.6994591725906
2012,9,Pittsburgh Steelers,00-0022924,Ben Roethlisberger,34,-9.07194606904979
2012,9,Seattle Seahawks,00-0029263,Russell Wilson,25,9.83311725844396
2012,9,Tampa Bay Buccaneers,00-0026993,Josh Freeman,31,12.8245953768136
2012,9,Tennessee Titans,00-0007091,Matt Hasselbeck,37,-12.6461215985099
2012,9,Washington Commanders,00-0029665,Robert Griffin,43,-0.767969619883446
2012,10,Atlanta Falcons,00-0026143,Matt Ryan,53,20.4574527681613
2012,10,Baltimore Ravens,00-0026158,Joe Flacco,33,17.1819052957767
2012,10,Baltimore Ravens,00-0028118,Tyrod Taylor,1,-0.641763836145401
2012,10,Buffalo Bills,00-0023682,Ryan Fitzpatrick,43,14.5387894058273
2012,10,Carolina Panthers,00-0027939,Cam Newton,43,-13.7793096249225
2012,10,Chicago Bears,00-0023460,Jason Campbell,19,-6.49791729843328
2012,10,Chicago Bears,00-0024226,Jay Cutler,14,-9.90096692821271
2012,10,Cincinnati Bengals,00-0027973,Andy Dalton,30,10.5375756676146
2012,10,Dallas Cowboys,00-0021678,Tony Romo,29,7.47643425413819
2012,10,Denver Broncos,00-0010346,Peyton Manning,39,5.72164736225027
2012,10,Detroit Lions,00-0026498,Matthew Stafford,44,12.6354049927562
2012,10,Houston Texans,00-0022787,Matt Schaub,27,-10.0709194897757
2012,10,Indianapolis Colts,00-0029668,Andrew Luck,28,-1.9178198778951
2012,10,Jacksonville Jaguars,00-0026197,Chad Henne,17,-0.971848776505794
2012,10,Jacksonville Jaguars,00-0027948,Blaine Gabbert,34,-7.71011946565332
2012,10,Kansas City Chiefs,00-0023662,Matt Cassel,28,-8.05125802198723
2012,10,Las Vegas Raiders,00-0021429,Carson Palmer,48,6.6318419211187
2012,10,Las Vegas Raiders,00-0024225,Matt Leinart,1,-0.80284332181327
2012,10,Los Angeles Chargers,00-0022942,Philip Rivers,39,9.47092351233005
2012,10,Los Angeles Rams,00-0027854,Sam Bradford,41,16.3462549415233
2012,10,Miami Dolphins,00-0025708,Matt Moore,1,-1.12032774207182
2012,10,Miami Dolphins,00-0029701,Ryan Tannehill,40,-16.6194914166816
2012,10,Minnesota Vikings,00-0027950,Christian Ponder,34,4.46610510759177
2012,10,New England Patriots,00-0019596,Tom Brady,39,8.7821091807983
2012,10,New Orleans Saints,00-0020531,Drew Brees,33,11.9049787519975
2012,10,New York Giants,00-0022803,Eli Manning,50,-17.1180614193813
2012,10,New York Jets,00-0026898,Mark Sanchez,25,-14.7564942734898
2012,10,Philadelphia Eagles,00-0020245,Mike Vick,9,4.23338463011896
2012,10,Philadelphia Eagles,00-0029567,Nick Foles,34,-11.645201331994
2012,10,Pittsburgh Steelers,00-0022177,Byron Leftwich,14,2.02305825620958
2012,10,Pittsburgh Steelers,00-0022924,Ben Roethlisberger,19,-0.896935339822308
2012,10,San Francisco 49ers,00-0023436,Alex Smith,10,3.55579232418677
2012,10,San Francisco 49ers,00-0027974,Colin Kaepernick,20,-2.41002143391903
2012,10,Seattle Seahawks,00-0029263,Russell Wilson,23,4.52239715523319
2012,10,Tampa Bay Buccaneers,00-0026993,Josh Freeman,21,11.6505351277883
2012,10,Tennessee Titans,00-0007091,Matt Hasselbeck,1,-1.20309286864304
2012,10,Tennessee Titans,00-0027946,Jake Locker,22,6.04286803222675
2012,11,Arizona Cardinals,00-0027754,John Skelton,7,-5.90816192885522
2012,11,Arizona Cardinals,00-0029531,Ryan Lindley,23,-19.0609862406058
2012,11,Atlanta Falcons,00-0026143,Matt Ryan,47,-17.3632372474454
2012,11,Baltimore Ravens,00-0026158,Joe Flacco,34,-3.38743236874903
2012,11,Buffalo Bills,00-0023682,Ryan Fitzpatrick,30,-5.543656335572
2012,11,Carolina Panthers,00-0027939,Cam Newton,31,6.54570854369528
2012,11,Chicago Bears,00-0023460,Jason Campbell,28,-11.7030573009979
2012,11,Cincinnati Bengals,00-0027973,Andy Dalton,31,10.3787693159782
2012,11,Cleveland Browns,00-0029677,Brandon Weeden,37,2.46336455756881
2012,11,Dallas Cowboys,00-0021678,Tony Romo,57,-0.346434024203974
2012,11,Denver Broncos,00-0010346,Peyton Manning,45,-5.75781190443314
2012,11,Detroit Lions,00-0026498,Matthew Stafford,44,-16.6101030967587
2012,11,Green Bay Packers,00-0023459,Aaron Rodgers,30,2.19506893860689
2012,11,Houston Texans,00-0022787,Matt Schaub,57,19.020992154815
2012,11,Indianapolis Colts,00-0029668,Andrew Luck,51,-8.87633535242711
2012,11,Jacksonville Jaguars,00-0026197,Chad Henne,34,22.7591261064986
2012,11,Jacksonville Jaguars,00-0027948,Blaine Gabbert,3,-2.56350425607525
2012,11,Kansas City Chiefs,00-0023662,Matt Cassel,17,-6.44558550378613
2012,11,Kansas City Chiefs,00-0025409,Brady Quinn,17,-3.1574659163598
2012,11,Las Vegas Raiders,00-0021429,Carson Palmer,43,-5.2254232541156
2012,11,Los Angeles Chargers,00-0022942,Philip Rivers,44,-7.85763269959716
2012,11,Los Angeles Rams,00-0027854,Sam Bradford,45,-14.2360960008372
2012,11,Miami Dolphins,00-0029701,Ryan Tannehill,31,-4.04906540247151
2012,11,New England Patriots,00-0019596,Tom Brady,35,25.4148907170854
2012,11,New Orleans Saints,00-0020531,Drew Brees,27,14.8345757116647
2012,11,New Orleans Saints,00-0026544,Chase Daniel,1,1.46743227157276
2012,11,New York Jets,00-0026898,Mark Sanchez,23,7.14905020607348
2012,11,Philadelphia Eagles,00-0029567,Nick Foles,50,-8.16639079611055
2012,11,Pittsburgh Steelers,00-0022177,Byron Leftwich,42,-6.43320073064549
2012,11,San Francisco 49ers,00-0027974,Colin Kaepernick,24,13.043713765969
2012,11,Tampa Bay Buccaneers,00-0026993,Josh Freeman,47,-4.93520294130265
2012,11,Washington Commanders,00-0029665,Robert Griffin,17,15.9744394469308
2012,12,Arizona Cardinals,00-0029531,Ryan Lindley,54,-19.2517333908924
2012,12,Atlanta Falcons,00-0026143,Matt Ryan,33,12.9985888987432
2012,12,Baltimore Ravens,00-0026158,Joe Flacco,56,10.4367698285736
2012,12,Buffalo Bills,00-0023682,Ryan Fitzpatrick,35,-2.44173686604957
2012,12,Carolina Panthers,00-0027939,Cam Newton,30,15.0628208858895
2012,12,Chicago Bears,00-0024226,Jay Cutler,32,-0.15466800517955
2012,12,Cincinnati Bengals,00-0027973,Andy Dalton,32,4.82326869521096
2012,12,Cleveland Browns,00-0029677,Brandon Weeden,30,-12.5801131465166
2012,12,Dallas Cowboys,00-0021678,Tony Romo,64,10.6743244375959
2012,12,Denver Broncos,00-0010346,Peyton Manning,39,12.4586376991543
2012,12,Detroit Lions,00-0026498,Matthew Stafford,64,9.47085311339844
2012,12,Green Bay Packers,00-0023459,Aaron Rodgers,30,-6.80497957365321
2012,12,Green Bay Packers,00-0027602,Graham Harrell,2,-0.287830290792044
2012,12,Houston Texans,00-0022787,Matt Schaub,50,3.04933232583719
2012,12,Indianapolis Colts,00-0029668,Andrew Luck,41,-0.967316185560446
2012,12,Jacksonville Jaguars,00-0026197,Chad Henne,33,-1.35958219872555
2012,12,Kansas City Chiefs,00-0025409,Brady Quinn,27,-8.33539111674545
2012,12,Las Vegas Raiders,00-0021429,Carson Palmer,38,-16.6683420299784
2012,12,Los Angeles Chargers,00-0022942,Philip Rivers,42,-5.82422596359744
2012,12,Los Angeles Rams,00-0024264,Kellen Clemens,1,-0.562122302129865
2012,12,Los Angeles Rams,00-0027854,Sam Bradford,19,2.88945797184715
2012,12,Miami Dolphins,00-0029701,Ryan Tannehill,27,4.74848164239666
2012,12,Minnesota Vikings,00-0027950,Christian Ponder,45,-10.0920676440904
2012,12,New England Patriots,00-0019596,Tom Brady,27,24.0849527977586
2012,12,New Orleans Saints,00-0020531,Drew Brees,46,-21.7580949139083
2012,12,New York Giants,00-0022803,Eli Manning,31,14.7700259703561
2012,12,New York Jets,00-0026898,Mark Sanchez,38,7.76574525716127
2012,12,Philadelphia Eagles,00-0029567,Nick Foles,22,-2.12495610594956
2012,12,Pittsburgh Steelers,00-0000865,Charlie Batch,35,-8.3557533287094
2012,12,San Francisco 49ers,00-0027974,Colin Kaepernick,25,10.723162692045
2012,12,Seattle Seahawks,00-0029263,Russell Wilson,29,13.8670037328266
2012,12,Tampa Bay Buccaneers,00-0026993,Josh Freeman,32,9.80579030753362
2012,12,Tennessee Titans,00-0027946,Jake Locker,41,4.93660320114544
2012,12,Washington Commanders,00-0029665,Robert Griffin,30,12.9206319268634
2012,13,Arizona Cardinals,00-0029531,Ryan Lindley,33,-21.7699199923254
2012,13,Atlanta Falcons,00-0026143,Matt Ryan,34,-5.16015258218025
2012,13,Baltimore Ravens,00-0026158,Joe Flacco,37,-9.998811515523
2012,13,Buffalo Bills,00-0023682,Ryan Fitzpatrick,17,-0.500491649436805
2012,13,Carolina Panthers,00-0027939,Cam Newton,29,6.923099043197
2012,13,Chicago Bears,00-0024226,Jay Cutler,26,10.7765024118125
2012,13,Cincinnati Bengals,00-0027973,Andy Dalton,39,-5.84986586918935
2012,13,Cleveland Browns,00-0029677,Brandon Weeden,37,10.8305658293403
2012,13,Dallas Cowboys,00-0021678,Tony Romo,29,21.909975986208
2012,13,Denver Broncos,00-0010346,Peyton Manning,38,4.58738940656892
2012,13,Detroit Lions,00-0026498,Matthew Stafford,46,-0.471790289763301
2012,13,Green Bay Packers,00-0023459,Aaron Rodgers,37,11.7491567884933
2012,13,Houston Texans,00-0022787,Matt Schaub,35,0.934643580206718
2012,13,Indianapolis Colts,00-0029668,Andrew Luck,56,-1.49420590512455
2012,13,Jacksonville Jaguars,00-0026197,Chad Henne,45,-16.7579237504407
2012,13,Kansas City Chiefs,00-0025409,Brady Quinn,24,11.2827359584904
2012,13,Las Vegas Raiders,00-0021429,Carson Palmer,55,9.75668157709782
2012,13,Los Angeles Chargers,00-0022942,Philip Rivers,52,-10.7297810779428
2012,13,Los Angeles Rams,00-0027854,Sam Bradford,41,-3.85210803863713
2012,13,Miami Dolphins,00-0029701,Ryan Tannehill,32,-4.68983478760329
2012,13,Minnesota Vikings,00-0027950,Christian Ponder,25,-8.93190912325977
2012,13,New England Patriots,00-0019596,Tom Brady,44,4.13410133991077
2012,13,New Orleans Saints,00-0020531,Drew Brees,51,-15.998395725327
2012,13,New York Giants,00-0022803,Eli Manning,34,12.5038653350327
2012,13,New York Jets,00-0026898,Mark Sanchez,24,-18.2740943329962
2012,13,New York Jets,00-0028146,Greg McElroy,7,2.07914155028993
2012,13,Philadelphia Eagles,00-0029567,Nick Foles,35,8.05156156064721
2012,13,Pittsburgh Steelers,00-0000865,Charlie Batch,38,6.70972162817384
2012,13,San Francisco 49ers,00-0027974,Colin Kaepernick,35,5.0443187479294
2012,13,Seattle Seahawks,00-0029263,Russell Wilson,39,13.4998392921767
2012,13,Tampa Bay Buccaneers,00-0026993,Josh Freeman,40,-4.43559191585263
2012,13,Tennessee Titans,00-0027946,Jake Locker,51,-13.3724327075521
2012,13,Washington Commanders,00-0029665,Robert Griffin,21,5.08295398077007
2012,14,Arizona Cardinals,00-0027754,John Skelton,23,-27.5397252436378
2012,14,Arizona Cardinals,00-0029531,Ryan Lindley,19,-6.64262727822643
2012,14,Atlanta Falcons,00-0026143,Matt Ryan,51,12.7366008637329
2012,14,Baltimore Ravens,00-0026158,Joe Flacco,23,1.68175823087222
2012,14,Buffalo Bills,00-0023682,Ryan Fitzpatrick,38,0.297696609771996
2012,14,Carolina Panthers,00-0027939,Cam Newton,36,11.8948350864869
2012,14,Chicago Bears,00-0023460,Jason Campbell,9,5.43931110674748
2012,14,Chicago Bears,00-0024226,Jay Cutler,46,-16.4472801836091
2012,14,Cincinnati Bengals,00-0027973,Andy Dalton,38,-4.1455353920272
2012,14,Cleveland Browns,00-0029677,Brandon Weeden,33,3.98305201232448
2012,14,Dallas Cowboys,00-0021678,Tony Romo,46,6.93872844550247
2012,14,Denver Broncos,00-0010346,Peyton Manning,39,8.99151418340791
2012,14,Detroit Lions,00-0026498,Matthew Stafford,46,-4.21099752802063
2012,14,Green Bay Packers,00-0023459,Aaron Rodgers,27,-6.30021841512271
2012,14,Houston Texans,00-0022787,Matt Schaub,34,-5.57062806436443
2012,14,Houston Texans,00-0028090,T.J. Yates,4,0.947794580890331
2012,14,Indianapolis Colts,00-0029668,Andrew Luck,38,-6.34949819544399
2012,14,Jacksonville Jaguars,00-0026197,Chad Henne,46,-12.5037109098113
2012,14,Kansas City Chiefs,00-0025409,Brady Quinn,26,-11.4363971271086
2012,14,Las Vegas Raiders,00-0021429,Carson Palmer,31,1.99487870708993
2012,14,Los Angeles Chargers,00-0022942,Philip Rivers,42,7.72766645423541
2012,14,Los Angeles Rams,00-0027854,Sam Bradford,40,0.918037776646204
2012,14,Miami Dolphins,00-0029701,Ryan Tannehill,35,-2.64537195968127
2012,14,Minnesota Vikings,00-0027950,Christian Ponder,18,-1.42680678959005
2012,14,New England Patriots,00-0019596,Tom Brady,36,17.4119720943854
2012,14,New England Patriots,00-0028012,Ryan Mallett,1,-3.28064194030594
2012,14,New Orleans Saints,00-0020531,Drew Brees,44,0.560054325196602
2012,14,New York Giants,00-0022803,Eli Manning,35,-0.552372014449084
2012,14,New York Jets,00-0026898,Mark Sanchez,20,-5.7650123135623
2012,14,Philadelphia Eagles,00-0029567,Nick Foles,57,7.08821449499347
2012,14,Pittsburgh Steelers,00-0022924,Ben Roethlisberger,44,4.93964988541998
2012,14,San Francisco 49ers,00-0027974,Colin Kaepernick,27,0.248750546420315
2012,14,Seattle Seahawks,00-0026349,Matt Flynn,9,3.65400547611226
2012,14,Seattle Seahawks,00-0029263,Russell Wilson,14,6.20718715106595
2012,14,Tampa Bay Buccaneers,00-0026993,Josh Freeman,36,-0.311302494315896
2012,14,Tennessee Titans,00-0027946,Jake Locker,36,-1.91288022290143
2012,14,Washington Commanders,00-0029604,Kirk Cousins,2,4.27333254221594
2012,14,Washington Commanders,00-0029665,Robert Griffin,29,8.28941227642856
2012,15,Arizona Cardinals,00-0029531,Ryan Lindley,22,-9.57263614933345
2012,15,Atlanta Falcons,00-0026143,Matt Ryan,29,21.7191405624617
2012,15,Baltimore Ravens,00-0026158,Joe Flacco,43,-18.0806878263678
2012,15,Buffalo Bills,00-0023682,Ryan Fitzpatrick,41,-20.9510833768233
2012,15,Buffalo Bills,00-0025604,Tyler Thigpen,5,-0.125295211561024
2012,15,Carolina Panthers,00-0027939,Cam Newton,35,10.4676544035912
2012,15,Chicago Bears,00-0024226,Jay Cutler,25,-10.2388200358298
2012,15,Cincinnati Bengals,00-0027973,Andy Dalton,33,-15.9637277342115
2012,15,Cleveland Browns,00-0029677,Brandon Weeden,37,-12.5614164107828
2012,15,Dallas Cowboys,00-0021678,Tony Romo,43,13.1249598935355
2012,15,Denver Broncos,00-0010346,Peyton Manning,30,4.57895045745588
2012,15,Detroit Lions,00-0026498,Matthew Stafford,52,-26.6575878465658
2012,15,Green Bay Packers,00-0023459,Aaron Rodgers,39,17.5598917638748
2012,15,Houston Texans,00-0022787,Matt Schaub,34,8.88229380165853
2012,15,Indianapolis Colts,00-0029668,Andrew Luck,32,-5.36097260778825
2012,15,Jacksonville Jaguars,00-0026197,Chad Henne,36,-0.509614009952256
2012,15,Kansas City Chiefs,00-0025409,Brady Quinn,36,-20.7399317875388
2012,15,Las Vegas Raiders,00-0021429,Carson Palmer,29,2.88237608819276
2012,15,Los Angeles Chargers,00-0022942,Philip Rivers,29,-14.5262999184779
2012,15,Los Angeles Rams,00-0027854,Sam Bradford,59,-2.36558069355749
2012,15,Miami Dolphins,00-0029701,Ryan Tannehill,29,6.74925666546394
2012,15,Minnesota Vikings,00-0027950,Christian Ponder,26,-3.43930490803706
2012,15,New England Patriots,00-0019596,Tom Brady,68,-2.11691940752135
2012,15,New Orleans Saints,00-0020531,Drew Brees,40,12.5166113090309
2012,15,New York Giants,00-0022803,Eli Manning,26,-13.4368046696135
2012,15,New York Jets,00-0026898,Mark Sanchez,31,-14.0872914758089
2012,15,Philadelphia Eagles,00-0029567,Nick Foles,34,-8.26628947860544
2012,15,Pittsburgh Steelers,00-0022924,Ben Roethlisberger,44,6.86405640936997
2012,15,San Francisco 49ers,00-0027974,Colin Kaepernick,26,8.25921873562038
2012,15,Seattle Seahawks,00-0029263,Russell Wilson,25,9.06449948477959
2012,15,Tampa Bay Buccaneers,00-0023578,Dan Orlovsky,7,-0.78796887997305
2012,15,Tampa Bay Buccaneers,00-0026993,Josh Freeman,49,-19.9826887474628
2012,15,Tennessee Titans,00-0027946,Jake Locker,26,-3.36609460419277
2012,15,Washington Commanders,00-0029604,Kirk Cousins,39,10.2450420846036
2012,16,Arizona Cardinals,00-0026625,Brian Hoyer,21,-9.84107780712657
2012,16,Arizona Cardinals,00-0029531,Ryan Lindley,32,-11.6440803389712
2012,16,Atlanta Falcons,00-0026143,Matt Ryan,33,17.7650336468462
2012,16,Baltimore Ravens,00-0026158,Joe Flacco,36,21.4089233992494
2012,16,Buffalo Bills,00-0023682,Ryan Fitzpatrick,37,1.45413515003747
2012,16,Carolina Panthers,00-0027939,Cam Newton,31,3.28498100804889
2012,16,Chicago Bears,00-0024226,Jay Cutler,27,-3.33544283767696
2012,16,Cincinnati Bengals,00-0027973,Andy Dalton,47,-3.70257927982526
2012,16,Cleveland Browns,00-0027688,Colt McCoy,21,-6.62859962839866
2012,16,Cleveland Browns,00-0029677,Brandon Weeden,21,-1.50947878991502
2012,16,Dallas Cowboys,00-0021678,Tony Romo,45,17.3392526503128
2012,16,Denver Broncos,00-0010346,Peyton Manning,43,18.2181512342325
2012,16,Detroit Lions,00-0026498,Matthew Stafford,56,9.32195642118055
2012,16,Green Bay Packers,00-0023459,Aaron Rodgers,39,14.6304450428526
2012,16,Green Bay Packers,00-0027602,Graham Harrell,2,-0.367818536120467
2012,16,Houston Texans,00-0022787,Matt Schaub,35,-5.44364645661065
2012,16,Houston Texans,00-0028090,T.J. Yates,2,-4.29259689175524
2012,16,Indianapolis Colts,00-0029668,Andrew Luck,38,1.09953747625185
2012,16,Jacksonville Jaguars,00-0026197,Chad Henne,52,-3.1129896123242
2012,16,Kansas City Chiefs,00-0025409,Brady Quinn,23,-8.77180864397344
2012,16,Las Vegas Raiders,00-0021429,Carson Palmer,3,2.51020465884358
2012,16,Las Vegas Raiders,00-0024225,Matt Leinart,33,-10.0219703737807
2012,16,Los Angeles Chargers,00-0022942,Philip Rivers,26,1.62481195025612
2012,16,Los Angeles Rams,00-0027854,Sam Bradford,27,6.91258304892108
2012,16,Miami Dolphins,00-0029701,Ryan Tannehill,27,-0.58215213764553
2012,16,Minnesota Vikings,00-0027950,Christian Ponder,31,1.97709582658586
2012,16,New England Patriots,00-0019596,Tom Brady,44,5.8732440729838
2012,16,New Orleans Saints,00-0020531,Drew Brees,53,30.4090802468487
2012,16,New York Giants,00-0022803,Eli Manning,31,-0.395854819566011
2012,16,New York Jets,00-0028146,Greg McElroy,35,-17.9286423046575
2012,16,Philadelphia Eagles,00-0029567,Nick Foles,53,-3.60005116456202
2012,16,Pittsburgh Steelers,00-0022924,Ben Roethlisberger,32,-11.5388402932862
2012,16,San Francisco 49ers,00-0027974,Colin Kaepernick,37,1.19287151535388
2012,16,Seattle Seahawks,00-0029263,Russell Wilson,22,16.5453095038538
2012,16,Tampa Bay Buccaneers,00-0026993,Josh Freeman,59,-17.9757725364677
2012,16,Tennessee Titans,00-0027946,Jake Locker,37,-20.5971549405949
2012,16,Washington Commanders,00-0029665,Robert Griffin,25,4.03529251904674
2012,17,Arizona Cardinals,00-0026625,Brian Hoyer,36,-1.24792185691241
2012,17,Atlanta Falcons,00-0026143,Matt Ryan,46,-2.80152787669795
2012,17,Baltimore Ravens,00-0026158,Joe Flacco,9,-5.56857722951099
2012,17,Baltimore Ravens,00-0028118,Tyrod Taylor,28,-7.09330672068285
2012,17,Buffalo Bills,00-0023682,Ryan Fitzpatrick,26,8.58722087238913
2012,17,Carolina Panthers,00-0023645,Derek Anderson,1,1.32467486977112
2012,17,Carolina Panthers,00-0027939,Cam Newton,34,2.93102614544077
2012,17,Chicago Bears,00-0024226,Jay Cutler,33,2.98451664862317
2012,17,Cincinnati Bengals,00-0024408,Bruce Gradkowski,11,-3.0611009185792
2012,17,Cincinnati Bengals,00-0027973,Andy Dalton,17,-1.11221124470467
2012,17,Cleveland Browns,00-0026300,Josh Johnson,1,-2.27315173501847
2012,17,Cleveland Browns,00-0027253,Thad Lewis,35,-0.278732113530318
2012,17,Dallas Cowboys,00-0021678,Tony Romo,39,-5.02750754631037
2012,17,Denver Broncos,00-0010346,Peyton Manning,29,27.2402513138368
2012,17,Denver Broncos,00-0029682,Brock Osweiler,4,-0.2667718182003
2012,17,Detroit Lions,00-0026498,Matthew Stafford,43,-0.600668137126792
2012,17,Green Bay Packers,00-0023459,Aaron Rodgers,45,12.6019599281028
2012,17,Houston Texans,00-0022787,Matt Schaub,40,2.09567873416597
2012,17,Indianapolis Colts,00-0029668,Andrew Luck,29,8.9752037684666
2012,17,Jacksonville Jaguars,00-0026197,Chad Henne,48,-18.7652091022318
2012,17,Kansas City Chiefs,00-0025409,Brady Quinn,20,-12.5539931944777
2012,17,Los Angeles Chargers,00-0022942,Philip Rivers,19,9.27056067242732
2012,17,Los Angeles Rams,00-0027854,Sam Bradford,42,2.90328902272918
2012,17,Miami Dolphins,00-0029701,Ryan Tannehill,42,-7.96741092876955
2012,17,Minnesota Vikings,00-0027950,Christian Ponder,29,12.3746219624889
2012,17,New England Patriots,00-0019596,Tom Brady,37,11.2931045835721
2012,17,New Orleans Saints,00-0020531,Drew Brees,45,12.5231995020161
2012,17,New York Giants,00-0020608,David Carr,1,1.66078869119519
2012,17,New York Giants,00-0022803,Eli Manning,22,16.066536151513
2012,17,New York Jets,00-0026898,Mark Sanchez,36,-11.8987898838755
2012,17,Philadelphia Eagles,00-0020245,Mike Vick,36,1.76031187613413
2012,17,Philadelphia Eagles,00-0025479,Trent Edwards,2,0.014045633841306
2012,17,Pittsburgh Steelers,00-0022924,Ben Roethlisberger,25,4.46060576586751
2012,17,San Francisco 49ers,00-0023436,Alex Smith,1,-0.565966024412774
2012,17,San Francisco 49ers,00-0027974,Colin Kaepernick,29,16.8420751042164
2012,17,Seattle Seahawks,00-0029263,Russell Wilson,25,6.8764880541291
2012,17,Tampa Bay Buccaneers,00-0026993,Josh Freeman,35,3.59990699666264
2012,17,Tennessee Titans,00-0027946,Jake Locker,17,-1.54249212751165
2012,17,Washington Commanders,00-0029665,Robert Griffin,19,-1.0857170491945
2013,1,Arizona Cardinals,00-0021429,Carson Palmer,44,7.27274181715234
2013,1,Atlanta Falcons,00-0026143,Matt Ryan,41,1.47808844958854
2013,1,Baltimore Ravens,00-0026158,Joe Flacco,66,3.39578247770812
2013,1,Buffalo Bills,00-0030526,EJ Manuel,27,2.79993448505411
2013,1,Carolina Panthers,00-0027939,Cam Newton,24,3.85356841201428
2013,1,Chicago Bears,00-0024226,Jay Cutler,33,7.87534762655567
2013,1,Cincinnati Bengals,00-0027973,Andy Dalton,34,7.21999161643907
2013,1,Cleveland Browns,00-0029677,Brandon Weeden,59,-11.0277227912859
2013,1,Dallas Cowboys,00-0021678,Tony Romo,51,-7.10308551474294
2013,1,Denver Broncos,00-0010346,Peyton Manning,45,24.740109924518
2013,1,Detroit Lions,00-0026498,Matthew Stafford,43,6.87237124520561
2013,1,Green Bay Packers,00-0023459,Aaron Rodgers,39,12.8032899396494
2013,1,Houston Texans,00-0022787,Matt Schaub,47,10.3470591900053
2013,1,Indianapolis Colts,00-0029668,Andrew Luck,27,6.63616679812549
2013,1,Jacksonville Jaguars,00-0026197,Chad Henne,6,-1.80199383592117
2013,1,Jacksonville Jaguars,00-0027948,Blaine Gabbert,41,-26.9387562093325
2013,1,Kansas City Chiefs,00-0023436,Alex Smith,35,-0.802846434991807
2013,1,Los Angeles Chargers,00-0022942,Philip Rivers,31,2.15790497284615
2013,1,Los Angeles Rams,00-0027854,Sam Bradford,38,8.9992598599549
2013,1,Miami Dolphins,00-0029701,Ryan Tannehill,42,7.67302988444019
2013,1,Minnesota Vikings,00-0027950,Christian Ponder,31,-0.339816854660551
2013,1,New England Patriots,00-0019596,Tom Brady,55,5.79249153231227
2013,1,New Orleans Saints,00-0020531,Drew Brees,37,12.5033130450568
2013,1,New York Giants,00-0022803,Eli Manning,45,7.95990905596766
2013,1,New York Jets,00-0030565,Geno Smith,43,-5.54345943954271
2013,1,Philadelphia Eagles,00-0020245,Mike Vick,28,5.64016862968669
2013,1,Pittsburgh Steelers,00-0022924,Ben Roethlisberger,38,-1.17712097719777
2013,1,San Francisco 49ers,00-0027974,Colin Kaepernick,41,25.4419834289574
2013,1,Seattle Seahawks,00-0029263,Russell Wilson,35,11.6888996342739
2013,1,Tampa Bay Buccaneers,00-0026993,Josh Freeman,34,0.413930667156819
2013,1,Tennessee Titans,00-0027946,Jake Locker,21,2.18971493934418
2013,1,Washington Commanders,00-0029665,Robert Griffin,52,3.30833661181427
2013,2,Arizona Cardinals,00-0021429,Carson Palmer,40,-11.4455925326093
2013,2,Atlanta Falcons,00-0026143,Matt Ryan,45,13.3530085330131
2013,2,Baltimore Ravens,00-0026158,Joe Flacco,35,4.9047118122048
2013,2,Buffalo Bills,00-0030526,EJ Manuel,40,0.909802268363585
2013,2,Carolina Panthers,00-0027939,Cam Newton,44,-3.32395819032628
2013,2,Chicago Bears,00-0024226,Jay Cutler,39,-2.62753167516916
2013,2,Cincinnati Bengals,00-0027973,Andy Dalton,45,3.92787538549505
2013,2,Cleveland Browns,00-0023460,Jason Campbell,4,-3.14936202793615
2013,2,Cleveland Browns,00-0029677,Brandon Weeden,38,-5.2348013391784
2013,2,Dallas Cowboys,00-0021678,Tony Romo,45,5.96329988043656
2013,2,Denver Broncos,00-0010346,Peyton Manning,43,21.4333505376169
2013,2,Detroit Lions,00-0026498,Matthew Stafford,37,7.21439686886403
2013,2,Green Bay Packers,00-0023459,Aaron Rodgers,46,24.8461275304238
2013,2,Houston Texans,00-0022787,Matt Schaub,50,-6.64121950503727
2013,2,Indianapolis Colts,00-0029668,Andrew Luck,46,-1.84342932184552
2013,2,Jacksonville Jaguars,00-0026197,Chad Henne,43,-1.82589184778361
2013,2,Kansas City Chiefs,00-0023436,Alex Smith,40,0.109033533406011
2013,2,Los Angeles Chargers,00-0022942,Philip Rivers,48,29.6973194431738
2013,2,Los Angeles Rams,00-0027854,Sam Bradford,55,3.89598086249237
2013,2,Miami Dolphins,00-0029701,Ryan Tannehill,39,5.28783626325061
2013,2,Minnesota Vikings,00-0027950,Christian Ponder,31,0.292809836797958
2013,2,New England Patriots,00-0019596,Tom Brady,40,-7.26286315490039
2013,2,New Orleans Saints,00-0020531,Drew Brees,50,-0.871235440173644
2013,2,New York Giants,00-0022803,Eli Manning,50,-5.76698419624948
2013,2,New York Jets,00-0030565,Geno Smith,39,-9.22968602803303
2013,2,Philadelphia Eagles,00-0020245,Mike Vick,38,16.2226501567467
2013,2,Philadelphia Eagles,00-0029567,Nick Foles,1,-0.692874174332246
2013,2,Pittsburgh Steelers,00-0022924,Ben Roethlisberger,39,-2.02457510924432
2013,2,San Francisco 49ers,00-0027974,Colin Kaepernick,31,-24.898302966269
2013,2,Seattle Seahawks,00-0029263,Russell Wilson,23,1.04461177099448
2013,2,Tampa Bay Buccaneers,00-0026993,Josh Freeman,23,-10.0311308587552
2013,2,Tennessee Titans,00-0027946,Jake Locker,34,0.912069147914387
2013,2,Washington Commanders,00-0029665,Robert Griffin,41,10.7568445215089
2013,3,Arizona Cardinals,00-0021429,Carson Palmer,39,-16.9564006046858
2013,3,Atlanta Falcons,00-0026143,Matt Ryan,38,10.4021401035022
2013,3,Baltimore Ravens,00-0026158,Joe Flacco,26,7.53841141471571
2013,3,Buffalo Bills,00-0030526,EJ Manuel,50,-11.1305542836544
2013,3,Carolina Panthers,00-0027939,Cam Newton,28,7.43652252823423
2013,3,Chicago Bears,00-0024226,Jay Cutler,32,3.69037676938408
2013,3,Cincinnati Bengals,00-0027973,Andy Dalton,32,2.4545907183549
2013,3,Cleveland Browns,00-0026625,Brian Hoyer,57,-9.81467106990695
2013,3,Dallas Cowboys,00-0021678,Tony Romo,25,10.9951329262371
2013,3,Denver Broncos,00-0010346,Peyton Manning,38,18.2549205887128
2013,3,Detroit Lions,00-0026498,Matthew Stafford,43,12.533895794904
2013,3,Green Bay Packers,00-0023459,Aaron Rodgers,47,-6.92229926615167
2013,3,Houston Texans,00-0022787,Matt Schaub,38,-11.82171841349
2013,3,Indianapolis Colts,00-0029668,Andrew Luck,27,4.80227470830937
2013,3,Jacksonville Jaguars,00-0026197,Chad Henne,41,-8.5998796356726
2013,3,Kansas City Chiefs,00-0023436,Alex Smith,40,8.78531223927408
2013,3,Las Vegas Raiders,00-0026349,Matt Flynn,2,2.851763659477
2013,3,Los Angeles Chargers,00-0022942,Philip Rivers,26,7.52077798251165
2013,3,Los Angeles Rams,00-0027854,Sam Bradford,54,-16.4939887721557
2013,3,Miami Dolphins,00-0029701,Ryan Tannehill,40,-1.87611826371532
2013,3,Minnesota Vikings,00-0027950,Christian Ponder,48,-14.7578324624499
2013,3,New England Patriots,00-0019596,Tom Brady,39,3.13116456041326
2013,3,New Orleans Saints,00-0020531,Drew Brees,50,10.9770075053359
2013,3,New York Giants,00-0022803,Eli Manning,30,-13.8346202616661
2013,3,New York Giants,00-0027134,Curtis Painter,4,-2.2051834523445
2013,3,New York Jets,00-0030565,Geno Smith,29,9.40448522306596
2013,3,Philadelphia Eagles,00-0020245,Mike Vick,36,-18.2876261729074
2013,3,Pittsburgh Steelers,00-0022924,Ben Roethlisberger,44,-12.2312497643885
2013,3,San Francisco 49ers,00-0027974,Colin Kaepernick,30,-9.60256646567723
2013,3,Seattle Seahawks,00-0024279,Tarvaris Jackson,8,9.1852669348591
2013,3,Seattle Seahawks,00-0029263,Russell Wilson,23,3.30904426105553
2013,3,Tampa Bay Buccaneers,00-0026993,Josh Freeman,44,-7.71635254415234
2013,3,Tennessee Titans,00-0027946,Jake Locker,39,6.37992253858817
2013,3,Washington Commanders,00-0029665,Robert Griffin,52,3.86207581051836
2013,4,Arizona Cardinals,00-0021429,Carson Palmer,39,-4.73826136262578
2013,4,Atlanta Falcons,00-0026143,Matt Ryan,56,4.44039828555446
2013,4,Baltimore Ravens,00-0026158,Joe Flacco,54,-14.0813397000763
2013,4,Buffalo Bills,00-0030526,EJ Manuel,24,-7.63705570135531
2013,4,Chicago Bears,00-0024226,Jay Cutler,50,-7.93887722724256
2013,4,Cincinnati Bengals,00-0027973,Andy Dalton,44,-10.3217883618214
2013,4,Cleveland Browns,00-0026625,Brian Hoyer,41,8.65471001848317
2013,4,Dallas Cowboys,00-0021678,Tony Romo,40,1.5745950517738
2013,4,Denver Broncos,00-0010346,Peyton Manning,35,20.6535962262424
2013,4,Denver Broncos,00-0029682,Brock Osweiler,3,-0.916286035361569
2013,4,Detroit Lions,00-0026498,Matthew Stafford,36,-4.00289149580542
2013,4,Houston Texans,00-0022787,Matt Schaub,53,-5.529384801579
2013,4,Indianapolis Colts,00-0007091,Matt Hasselbeck,3,2.45177395607031
2013,4,Indianapolis Colts,00-0029668,Andrew Luck,37,8.46467457360491
2013,4,Jacksonville Jaguars,00-0027948,Blaine Gabbert,36,-23.1282492442249
2013,4,Kansas City Chiefs,00-0023436,Alex Smith,42,6.17015089012678
2013,4,Las Vegas Raiders,00-0026349,Matt Flynn,39,-15.358043362794
2013,4,Los Angeles Chargers,00-0022942,Philip Rivers,43,10.1282880699778
2013,4,Los Angeles Rams,00-0027854,Sam Bradford,46,-17.7811986737535
2013,4,Miami Dolphins,00-0029701,Ryan Tannehill,39,-6.24721459986176
2013,4,Minnesota Vikings,00-0023662,Matt Cassel,26,14.8862256283851
2013,4,New England Patriots,00-0019596,Tom Brady,31,19.3919685218367
2013,4,New Orleans Saints,00-0020531,Drew Brees,41,24.6566583284582
2013,4,New York Giants,00-0022803,Eli Manning,40,-6.89919578529996
2013,4,New York Jets,00-0030565,Geno Smith,39,-8.08756733017518
2013,4,Philadelphia Eagles,00-0020245,Mike Vick,30,5.68354364063396
2013,4,Philadelphia Eagles,00-0029567,Nick Foles,4,5.06398630910553
2013,4,Pittsburgh Steelers,00-0022924,Ben Roethlisberger,56,9.45565094127732
2013,4,San Francisco 49ers,00-0027974,Colin Kaepernick,25,4.30635046877433
2013,4,Seattle Seahawks,00-0029263,Russell Wilson,28,-7.36176423822979
2013,4,Tampa Bay Buccaneers,00-0030520,Mike Glennon,45,-10.194055424208
2013,4,Tennessee Titans,00-0023682,Ryan Fitzpatrick,8,5.70277643506415
2013,4,Tennessee Titans,00-0027946,Jake Locker,26,7.45401650457567
2013,4,Washington Commanders,00-0029665,Robert Griffin,32,2.80193705420243
2013,5,Arizona Cardinals,00-0021429,Carson Palmer,30,-2.70110358494526
2013,5,Atlanta Falcons,00-0026143,Matt Ryan,47,13.2472570178215
2013,5,Baltimore Ravens,00-0026158,Joe Flacco,34,4.22708805364333
2013,5,Buffalo Bills,00-0030024,Jeff Tuel,22,-13.8833791518118
2013,5,Buffalo Bills,00-0030526,EJ Manuel,22,1.56117651570235
2013,5,Carolina Panthers,00-0027939,Cam Newton,46,-19.9691451266795
2013,5,Chicago Bears,00-0024226,Jay Cutler,36,0.898487561852918
2013,5,Cincinnati Bengals,00-0027973,Andy Dalton,31,-1.43601553268848
2013,5,Cleveland Browns,00-0026625,Brian Hoyer,4,-0.181804016698152
2013,5,Cleveland Browns,00-0029677,Brandon Weeden,29,0.981298134020724
2013,5,Dallas Cowboys,00-0021678,Tony Romo,40,31.1011662074301
2013,5,Denver Broncos,00-0010346,Peyton Manning,42,32.7852275289398
2013,5,Detroit Lions,00-0026498,Matthew Stafford,45,-1.084913158582
2013,5,Green Bay Packers,00-0023459,Aaron Rodgers,31,6.39853044431541
2013,5,Houston Texans,00-0022787,Matt Schaub,36,-14.1095576144154
2013,5,Houston Texans,00-0028090,T.J. Yates,5,-0.317074703751132
2013,5,Indianapolis Colts,00-0029668,Andrew Luck,31,2.78998850728507
2013,5,Jacksonville Jaguars,00-0026197,Chad Henne,13,1.9173568932456
2013,5,Jacksonville Jaguars,00-0027948,Blaine Gabbert,21,-10.3083145191194
2013,5,Kansas City Chiefs,00-0023436,Alex Smith,41,-6.14448298928348
2013,5,Los Angeles Chargers,00-0022942,Philip Rivers,50,13.5763990048254
2013,5,Los Angeles Rams,00-0027854,Sam Bradford,36,4.60375753354969
2013,5,Miami Dolphins,00-0029701,Ryan Tannehill,46,-0.728316821850611
2013,5,New England Patriots,00-0019596,Tom Brady,42,-8.36676717354781
2013,5,New Orleans Saints,00-0020531,Drew Brees,36,16.2964524930135
2013,5,New York Giants,00-0022803,Eli Manning,53,-2.55957317200955
2013,5,New York Jets,00-0030565,Geno Smith,24,9.60973489768062
2013,5,Philadelphia Eagles,00-0020245,Mike Vick,14,-0.13757246564005
2013,5,Philadelphia Eagles,00-0029567,Nick Foles,26,9.63856893023353
2013,5,San Francisco 49ers,00-0027974,Colin Kaepernick,16,3.40713560480597
2013,5,Seattle Seahawks,00-0029263,Russell Wilson,33,6.67659023570922
2013,5,Tennessee Titans,00-0023682,Ryan Fitzpatrick,44,-8.46446863127408
2013,6,Arizona Cardinals,00-0021429,Carson Palmer,42,-3.42363101482624
2013,6,Baltimore Ravens,00-0026158,Joe Flacco,39,3.1935519405742
2013,6,Buffalo Bills,00-0027253,Thad Lewis,37,2.95509800344959
2013,6,Carolina Panthers,00-0027939,Cam Newton,27,20.9249456735561
2013,6,Chicago Bears,00-0024226,Jay Cutler,36,8.51127049401801
2013,6,Cincinnati Bengals,00-0027973,Andy Dalton,43,15.807847537819
2013,6,Cleveland Browns,00-0029677,Brandon Weeden,45,-4.86421974852611
2013,6,Dallas Cowboys,00-0021678,Tony Romo,31,-1.67440276102152
2013,6,Denver Broncos,00-0010346,Peyton Manning,42,10.8049989339779
2013,6,Detroit Lions,00-0026498,Matthew Stafford,44,10.1945809471537
2013,6,Green Bay Packers,00-0023459,Aaron Rodgers,35,3.84581014108529
2013,6,Houston Texans,00-0022787,Matt Schaub,24,4.84788503874659
2013,6,Houston Texans,00-0028090,T.J. Yates,19,-11.1836643714341
2013,6,Indianapolis Colts,00-0029668,Andrew Luck,31,-3.51282913044159
2013,6,Jacksonville Jaguars,00-0026197,Chad Henne,44,1.14349320285333
2013,6,Kansas City Chiefs,00-0023436,Alex Smith,34,-10.0099105480969
2013,6,Los Angeles Chargers,00-0022942,Philip Rivers,35,6.77835505160431
2013,6,Los Angeles Rams,00-0027854,Sam Bradford,16,11.572457704771
2013,6,Minnesota Vikings,00-0023662,Matt Cassel,47,-10.5455051297691
2013,6,New England Patriots,00-0019596,Tom Brady,48,4.23231451099355
2013,6,New Orleans Saints,00-0020531,Drew Brees,37,6.58673200664484
2013,6,New York Giants,00-0022803,Eli Manning,27,-0.863189385214355
2013,6,New York Jets,00-0030565,Geno Smith,37,-12.5649011916311
2013,6,Philadelphia Eagles,00-0029567,Nick Foles,32,19.0604300681152
2013,6,Pittsburgh Steelers,00-0022924,Ben Roethlisberger,33,8.88877654114744
2013,6,San Francisco 49ers,00-0027974,Colin Kaepernick,31,-1.16588913731039
2013,6,Seattle Seahawks,00-0029263,Russell Wilson,33,5.57553048834136
2013,6,Tampa Bay Buccaneers,00-0030520,Mike Glennon,45,1.99336966169502
2013,6,Tennessee Titans,00-0023682,Ryan Fitzpatrick,32,-4.19694480085434
2013,6,Washington Commanders,00-0029665,Robert Griffin,42,-6.68406772741551
2013,7,Arizona Cardinals,00-0021429,Carson Palmer,52,-16.0623157222991
2013,7,Atlanta Falcons,00-0026143,Matt Ryan,26,13.9557270200822
2013,7,Baltimore Ravens,00-0026158,Joe Flacco,35,10.3488252553792
2013,7,Buffalo Bills,00-0027253,Thad Lewis,36,-1.03826751313055
2013,7,Carolina Panthers,00-0027939,Cam Newton,19,12.0780973075089
2013,7,Chicago Bears,00-0021206,Josh McCown,21,11.1755985883993
2013,7,Chicago Bears,00-0024226,Jay Cutler,9,-11.0075818769137
2013,7,Cincinnati Bengals,00-0027973,Andy Dalton,35,24.9091699379536
2013,7,Cleveland Browns,00-0029677,Brandon Weeden,45,-12.505785172338
2013,7,Dallas Cowboys,00-0021678,Tony Romo,49,2.91975633786061
2013,7,Denver Broncos,00-0010346,Peyton Manning,53,12.7043655221209
2013,7,Detroit Lions,00-0026498,Matthew Stafford,51,20.873587161176
2013,7,Green Bay Packers,00-0023459,Aaron Rodgers,37,14.2539825311676
2013,7,Houston Texans,00-0028986,Case Keenum,30,0.52083444474405
2013,7,Indianapolis Colts,00-0029668,Andrew Luck,40,-1.63026850215474
2013,7,Jacksonville Jaguars,00-0026197,Chad Henne,42,-7.89086005327793
2013,7,Kansas City Chiefs,00-0023436,Alex Smith,36,4.81803231607773
2013,7,Los Angeles Chargers,00-0022942,Philip Rivers,27,18.8795667724975
2013,7,Los Angeles Rams,00-0024264,Kellen Clemens,6,-4.29782720748335
2013,7,Los Angeles Rams,00-0027854,Sam Bradford,32,3.15514301343349
2013,7,Miami Dolphins,00-0029701,Ryan Tannehill,39,-9.1598609099373
2013,7,Minnesota Vikings,00-0026993,Josh Freeman,54,-19.8713434751176
2013,7,New England Patriots,00-0019596,Tom Brady,50,-9.80980545243649
2013,7,New York Giants,00-0022803,Eli Manning,41,0.421737367597671
2013,7,New York Jets,00-0030565,Geno Smith,37,-4.01599110247565
2013,7,Philadelphia Eagles,00-0029567,Nick Foles,32,-16.43715550328
2013,7,Philadelphia Eagles,00-0030533,Matt Barkley,20,-5.56788969261106
2013,7,Pittsburgh Steelers,00-0022924,Ben Roethlisberger,26,5.68841543099
2013,7,San Francisco 49ers,00-0027974,Colin Kaepernick,23,8.95851019513793
2013,7,Seattle Seahawks,00-0029263,Russell Wilson,32,3.36369686611692
2013,7,Tampa Bay Buccaneers,00-0030520,Mike Glennon,47,-2.75659441616291
2013,7,Tennessee Titans,00-0027946,Jake Locker,44,0.929229733051915
2013,7,Washington Commanders,00-0029665,Robert Griffin,30,12.4328233531842
2013,8,Arizona Cardinals,00-0021429,Carson Palmer,21,1.63239037107001
2013,8,Atlanta Falcons,00-0026143,Matt Ryan,65,-10.0906208168951
2013,8,Buffalo Bills,00-0027253,Thad Lewis,43,-5.67440462013123
2013,8,Carolina Panthers,00-0027939,Cam Newton,35,3.19574057913262
2013,8,Cincinnati Bengals,00-0027973,Andy Dalton,31,22.0150916172424
2013,8,Cleveland Browns,00-0023460,Jason Campbell,37,6.91926763216988
2013,8,Dallas Cowboys,00-0021678,Tony Romo,30,-0.0989752940924582
2013,8,Denver Broncos,00-0010346,Peyton Manning,46,0.938221582065311
2013,8,Detroit Lions,00-0026498,Matthew Stafford,49,6.56765986398824
2013,8,Green Bay Packers,00-0023459,Aaron Rodgers,31,22.4890633498962
2013,8,Jacksonville Jaguars,00-0026197,Chad Henne,45,4.89807971115289
2013,8,Kansas City Chiefs,00-0023436,Alex Smith,42,2.19181767597878
2013,8,Los Angeles Rams,00-0024264,Kellen Clemens,34,-18.6904618217026
2013,8,Miami Dolphins,00-0029701,Ryan Tannehill,48,-4.78220162965706
2013,8,Minnesota Vikings,00-0027950,Christian Ponder,24,-0.965756891263544
2013,8,New England Patriots,00-0019596,Tom Brady,25,-8.55659515332135
2013,8,New Orleans Saints,00-0020531,Drew Brees,38,12.4481058294395
2013,8,New York Giants,00-0022803,Eli Manning,40,1.21451303768632
2013,8,New York Jets,00-0029151,Matt Simms,8,-2.30054749740521
2013,8,New York Jets,00-0030565,Geno Smith,33,-15.2988859671725
2013,8,Philadelphia Eagles,00-0020245,Mike Vick,10,-7.28293249942362
2013,8,Philadelphia Eagles,00-0030533,Matt Barkley,29,-9.10258604009869
2013,8,Pittsburgh Steelers,00-0022924,Ben Roethlisberger,50,-3.72063903535157
2013,8,San Francisco 49ers,00-0027688,Colt McCoy,1,1.66243796539493
2013,8,San Francisco 49ers,00-0027974,Colin Kaepernick,16,10.5329473801539
2013,8,Seattle Seahawks,00-0029263,Russell Wilson,25,-6.11891000735341
2013,8,Tampa Bay Buccaneers,00-0030520,Mike Glennon,54,-5.84962179335138
2013,8,Washington Commanders,00-0029604,Kirk Cousins,9,-12.405955548049
2013,8,Washington Commanders,00-0029665,Robert Griffin,33,-13.393758283928
2013,9,Atlanta Falcons,00-0026143,Matt Ryan,28,-5.68493399824951
2013,9,Baltimore Ravens,00-0026158,Joe Flacco,46,-0.465980407775061
2013,9,Buffalo Bills,00-0030024,Jeff Tuel,39,-15.4936477607535
2013,9,Carolina Panthers,00-0027939,Cam Newton,38,5.19103345367114
2013,9,Chicago Bears,00-0021206,Josh McCown,42,10.4153230203112
2013,9,Cincinnati Bengals,00-0027973,Andy Dalton,58,-10.388391970605
2013,9,Cleveland Browns,00-0023460,Jason Campbell,37,13.6359126919706
2013,9,Cleveland Browns,00-0029677,Brandon Weeden,2,-1.88190719438717
2013,9,Dallas Cowboys,00-0021678,Tony Romo,54,6.30371902650361
2013,9,Green Bay Packers,00-0022055,Seneca Wallace,23,-12.5528585193509
2013,9,Green Bay Packers,00-0023459,Aaron Rodgers,3,0.178391630263062
2013,9,Houston Texans,00-0028986,Case Keenum,35,15.2245211695882
2013,9,Indianapolis Colts,00-0029668,Andrew Luck,44,6.86764119873705
2013,9,Kansas City Chiefs,00-0023436,Alex Smith,31,-5.77779233488169
2013,9,Las Vegas Raiders,00-0030419,Matt McGloin,15,0.111290985892992
2013,9,Los Angeles Chargers,00-0022942,Philip Rivers,47,9.18200751595018
2013,9,Los Angeles Rams,00-0024264,Kellen Clemens,37,1.75420720936032
2013,9,Miami Dolphins,00-0029701,Ryan Tannehill,31,0.604614057318771
2013,9,Minnesota Vikings,00-0027950,Christian Ponder,39,-0.498126996564679
2013,9,New England Patriots,00-0019596,Tom Brady,36,25.7423580253382
2013,9,New Orleans Saints,00-0020531,Drew Brees,53,5.32404023521956
2013,9,New York Jets,00-0030565,Geno Smith,21,-3.33909940926156
2013,9,Philadelphia Eagles,00-0029567,Nick Foles,29,34.9525034966064
2013,9,Philadelphia Eagles,00-0030533,Matt Barkley,3,-0.99538514087908
2013,9,Pittsburgh Steelers,00-0022924,Ben Roethlisberger,53,7.68040237590654
2013,9,Seattle Seahawks,00-0029263,Russell Wilson,26,5.6445528902452
2013,9,Tampa Bay Buccaneers,00-0030520,Mike Glennon,26,6.5548567255828
2013,9,Tennessee Titans,00-0027946,Jake Locker,26,-3.0241715151642
2013,9,Washington Commanders,00-0029665,Robert Griffin,32,11.940358231369
2013,10,Arizona Cardinals,00-0021429,Carson Palmer,33,2.23830018860502
2013,10,Atlanta Falcons,00-0026143,Matt Ryan,38,-1.06374244252581
2013,10,Baltimore Ravens,00-0026158,Joe Flacco,41,-16.0329082385752
2013,10,Buffalo Bills,00-0030526,EJ Manuel,42,-14.9923435276827
2013,10,Carolina Panthers,00-0027939,Cam Newton,35,-6.23784930285792
2013,10,Chicago Bears,00-0021206,Josh McCown,10,5.94653243222274
2013,10,Chicago Bears,00-0024226,Jay Cutler,41,2.1120238080566
2013,10,Cincinnati Bengals,00-0027973,Andy Dalton,56,-16.2389652113574
2013,10,Dallas Cowboys,00-0021678,Tony Romo,27,-7.76241994528901
2013,10,Denver Broncos,00-0010346,Peyton Manning,38,14.6374284173362
2013,10,Detroit Lions,00-0026498,Matthew Stafford,35,5.17808163572353
2013,10,Green Bay Packers,00-0022055,Seneca Wallace,5,0.461608568592033
2013,10,Green Bay Packers,00-0028595,Scott Tolzien,40,-6.6023476478165
2013,10,Houston Texans,00-0028986,Case Keenum,46,-7.96507807472019
2013,10,Indianapolis Colts,00-0007091,Matt Hasselbeck,5,-0.736752162367338
2013,10,Indianapolis Colts,00-0029668,Andrew Luck,50,-13.882624709382
2013,10,Jacksonville Jaguars,00-0026197,Chad Henne,26,-4.41033193614567
2013,10,Los Angeles Chargers,00-0022942,Philip Rivers,33,5.03283437875501
2013,10,Los Angeles Rams,00-0024264,Kellen Clemens,18,16.4208526255388
2013,10,Miami Dolphins,00-0029701,Ryan Tannehill,44,3.33023279623088
2013,10,Minnesota Vikings,00-0023662,Matt Cassel,6,1.22261324487941
2013,10,Minnesota Vikings,00-0027950,Christian Ponder,22,8.06297142780386
2013,10,New Orleans Saints,00-0020531,Drew Brees,42,24.2547574498195
2013,10,New York Giants,00-0022803,Eli Manning,25,-8.14560593980821
2013,10,Philadelphia Eagles,00-0029567,Nick Foles,21,8.06311007152518
2013,10,Pittsburgh Steelers,00-0022924,Ben Roethlisberger,34,-9.18777186091281
2013,10,San Francisco 49ers,00-0027974,Colin Kaepernick,28,-9.77067556096675
2013,10,Seattle Seahawks,00-0029263,Russell Wilson,27,20.3011289231167
2013,10,Tampa Bay Buccaneers,00-0030520,Mike Glennon,23,-4.20952896711797
2013,10,Tennessee Titans,00-0023682,Ryan Fitzpatrick,34,8.97034355237876
2013,10,Tennessee Titans,00-0027946,Jake Locker,9,-7.45871192892082
2013,10,Washington Commanders,00-0029665,Robert Griffin,41,10.1762479644956
2013,11,Arizona Cardinals,00-0021429,Carson Palmer,45,16.8904633185931
2013,11,Atlanta Falcons,00-0026143,Matt Ryan,39,-6.88699431232786
2013,11,Atlanta Falcons,00-0028863,Dominique Davis,7,1.21829693850316
2013,11,Baltimore Ravens,00-0026158,Joe Flacco,34,-6.34845794935863
2013,11,Buffalo Bills,00-0030526,EJ Manuel,29,9.09484779825383
2013,11,Carolina Panthers,00-0027939,Cam Newton,31,11.4247682754675
2013,11,Chicago Bears,00-0021206,Josh McCown,33,6.01900021764306
2013,11,Cincinnati Bengals,00-0027973,Andy Dalton,27,-17.2393627984915
2013,11,Cleveland Browns,00-0023460,Jason Campbell,60,-22.8292289761442
2013,11,Denver Broncos,00-0010346,Peyton Manning,40,13.1486629015118
2013,11,Detroit Lions,00-0026498,Matthew Stafford,48,4.44696868547332
2013,11,Green Bay Packers,00-0028595,Scott Tolzien,34,-1.69846866737976
2013,11,Houston Texans,00-0022787,Matt Schaub,25,-1.5896311351625
2013,11,Houston Texans,00-0028986,Case Keenum,26,-6.58423908756516
2013,11,Indianapolis Colts,00-0029668,Andrew Luck,37,4.85422772946212
2013,11,Jacksonville Jaguars,00-0026197,Chad Henne,44,-8.10274945502169
2013,11,Kansas City Chiefs,00-0023436,Alex Smith,48,-0.253130939468974
2013,11,Las Vegas Raiders,00-0030419,Matt McGloin,34,-1.20150479961807
2013,11,Los Angeles Chargers,00-0022942,Philip Rivers,37,0.624702806301721
2013,11,Miami Dolphins,00-0029701,Ryan Tannehill,39,1.45428409097439
2013,11,Minnesota Vikings,00-0023662,Matt Cassel,13,-2.29913904919522
2013,11,Minnesota Vikings,00-0027950,Christian Ponder,24,-12.2137710369982
2013,11,New England Patriots,00-0019596,Tom Brady,42,10.3601872233319
2013,11,New Orleans Saints,00-0020531,Drew Brees,44,0.0382172823500695
2013,11,New York Giants,00-0022803,Eli Manning,39,-0.331541855145483
2013,11,New York Jets,00-0029151,Matt Simms,6,2.3185796753387
2013,11,New York Jets,00-0030565,Geno Smith,27,-24.9042490860759
2013,11,Philadelphia Eagles,00-0029567,Nick Foles,29,13.711211844522
2013,11,Pittsburgh Steelers,00-0022924,Ben Roethlisberger,46,22.1084843940913
2013,11,San Francisco 49ers,00-0027974,Colin Kaepernick,34,-0.854729426308971
2013,11,Seattle Seahawks,00-0024279,Tarvaris Jackson,3,-2.23454516826884
2013,11,Seattle Seahawks,00-0029263,Russell Wilson,19,13.1946879110765
2013,11,Tampa Bay Buccaneers,00-0030520,Mike Glennon,25,9.22988376771952
2013,11,Tennessee Titans,00-0023682,Ryan Fitzpatrick,30,10.2077557047879
2013,11,Washington Commanders,00-0029665,Robert Griffin,39,-3.75430748316273
2013,12,Arizona Cardinals,00-0021429,Carson Palmer,40,19.1459733341498
2013,12,Atlanta Falcons,00-0026143,Matt Ryan,44,6.16816201327352
2013,12,Baltimore Ravens,00-0026158,Joe Flacco,30,0.531574180628487
2013,12,Baltimore Ravens,00-0028118,Tyrod Taylor,1,-0.431562789482996
2013,12,Carolina Panthers,00-0027939,Cam Newton,41,-6.03092050405167
2013,12,Chicago Bears,00-0021206,Josh McCown,48,7.56234674557345
2013,12,Cleveland Browns,00-0023460,Jason Campbell,24,-10.502789457521
2013,12,Cleveland Browns,00-0029677,Brandon Weeden,33,-9.22076275830007
2013,12,Dallas Cowboys,00-0021678,Tony Romo,42,-0.616113456198946
2013,12,Denver Broncos,00-0010346,Peyton Manning,38,-6.39972109434893
2013,12,Detroit Lions,00-0026498,Matthew Stafford,48,-5.51465105486568
2013,12,Green Bay Packers,00-0026349,Matt Flynn,36,3.04306847988998
2013,12,Green Bay Packers,00-0028595,Scott Tolzien,19,-4.10930648536305
2013,12,Houston Texans,00-0028986,Case Keenum,36,-11.1739626969955
2013,12,Indianapolis Colts,00-0029668,Andrew Luck,40,-12.8085990321573
2013,12,Jacksonville Jaguars,00-0026197,Chad Henne,36,1.66964548323125
2013,12,Kansas City Chiefs,00-0023436,Alex Smith,41,8.7809959404995
2013,12,Las Vegas Raiders,00-0030419,Matt McGloin,32,2.07911535913939
2013,12,Los Angeles Chargers,00-0022942,Philip Rivers,40,25.5121280762044
2013,12,Los Angeles Rams,00-0024264,Kellen Clemens,24,5.19381960436892
2013,12,Miami Dolphins,00-0029701,Ryan Tannehill,45,-1.68823219929423
2013,12,Minnesota Vikings,00-0027950,Christian Ponder,36,5.52411975543437
2013,12,New England Patriots,00-0019596,Tom Brady,53,6.51486017853416
2013,12,New Orleans Saints,00-0020531,Drew Brees,34,12.6403937197792
2013,12,New York Giants,00-0022803,Eli Manning,32,-3.81364006726588
2013,12,New York Jets,00-0030565,Geno Smith,25,-10.1512128329702
2013,12,Pittsburgh Steelers,00-0022924,Ben Roethlisberger,34,9.21683091018395
2013,12,San Francisco 49ers,00-0027974,Colin Kaepernick,26,14.2753035837668
2013,12,Tampa Bay Buccaneers,00-0030520,Mike Glennon,25,9.6205097901628
2013,12,Tennessee Titans,00-0023682,Ryan Fitzpatrick,44,18.0608611185078
2013,12,Washington Commanders,00-0029665,Robert Griffin,32,-16.5859493669755
2013,13,Arizona Cardinals,00-0021429,Carson Palmer,46,-5.30039999907604
2013,13,Atlanta Falcons,00-0026143,Matt Ryan,53,3.95348137661961
2013,13,Baltimore Ravens,00-0026158,Joe Flacco,37,7.33223438245727
2013,13,Buffalo Bills,00-0030526,EJ Manuel,32,4.5517989968651
2013,13,Carolina Panthers,00-0027939,Cam Newton,29,7.05761820065186
2013,13,Chicago Bears,00-0021206,Josh McCown,40,10.2733061499426
2013,13,Cincinnati Bengals,00-0027973,Andy Dalton,23,3.80243522688864
2013,13,Cleveland Browns,00-0029677,Brandon Weeden,43,2.38340876664403
2013,13,Dallas Cowboys,00-0021678,Tony Romo,34,5.21192692787736
2013,13,Denver Broncos,00-0010346,Peyton Manning,35,28.2379484226694
2013,13,Detroit Lions,00-0026498,Matthew Stafford,36,4.01740010892837
2013,13,Green Bay Packers,00-0026349,Matt Flynn,27,-10.3376970362151
2013,13,Houston Texans,00-0028986,Case Keenum,31,3.73100567567809
2013,13,Indianapolis Colts,00-0029668,Andrew Luck,37,-9.44404310617084
2013,13,Jacksonville Jaguars,00-0026197,Chad Henne,42,-1.46672531739717
2013,13,Kansas City Chiefs,00-0023436,Alex Smith,42,4.92176574136829
2013,13,Las Vegas Raiders,00-0030419,Matt McGloin,30,7.17367777451177
2013,13,Los Angeles Chargers,00-0022942,Philip Rivers,39,6.37676954454097
2013,13,Los Angeles Rams,00-0024264,Kellen Clemens,40,-4.41249950818676
2013,13,Miami Dolphins,00-0029701,Ryan Tannehill,44,12.7900946151373
2013,13,Minnesota Vikings,00-0023662,Matt Cassel,35,1.80937469952938
2013,13,Minnesota Vikings,00-0027950,Christian Ponder,11,-8.14206839527469
2013,13,New England Patriots,00-0019596,Tom Brady,42,15.7340224000269
2013,13,New Orleans Saints,00-0020531,Drew Brees,39,-15.4456713304389
2013,13,New York Giants,00-0022803,Eli Manning,31,3.82773943277263
2013,13,New York Jets,00-0029151,Matt Simms,21,-10.9170073544374
2013,13,New York Jets,00-0030565,Geno Smith,11,-6.21651064988691
2013,13,Philadelphia Eagles,00-0029567,Nick Foles,39,3.2494738304355
2013,13,Pittsburgh Steelers,00-0022924,Ben Roethlisberger,44,13.7063024627133
2013,13,San Francisco 49ers,00-0027974,Colin Kaepernick,32,13.070264431298
2013,13,Seattle Seahawks,00-0029263,Russell Wilson,31,19.4756477302885
2013,13,Tampa Bay Buccaneers,00-0030520,Mike Glennon,26,-9.21376187689436
2013,13,Tennessee Titans,00-0023682,Ryan Fitzpatrick,38,-12.0900837140216
2013,13,Washington Commanders,00-0029665,Robert Griffin,37,-1.60355854686862
2013,14,Arizona Cardinals,00-0021429,Carson Palmer,33,14.4010686058757
2013,14,Atlanta Falcons,00-0026143,Matt Ryan,36,0.673530574338767
2013,14,Baltimore Ravens,00-0026158,Joe Flacco,52,-6.76035667529493
2013,14,Buffalo Bills,00-0030526,EJ Manuel,40,-23.4266894444525
2013,14,Carolina Panthers,00-0027939,Cam Newton,39,-7.06051187443162
2013,14,Chicago Bears,00-0021206,Josh McCown,37,32.023368893512
2013,14,Cincinnati Bengals,00-0027973,Andy Dalton,35,16.4111900060962
2013,14,Cleveland Browns,00-0023460,Jason Campbell,45,20.6178218810255
2013,14,Dallas Cowboys,00-0021678,Tony Romo,22,0.966007992334198
2013,14,Dallas Cowboys,00-0023541,Kyle Orton,5,1.6087283999077
2013,14,Denver Broncos,00-0010346,Peyton Manning,59,21.9059515545625
2013,14,Detroit Lions,00-0026498,Matthew Stafford,25,3.2984268451985
2013,14,Green Bay Packers,00-0026349,Matt Flynn,37,-7.35489301325482
2013,14,Houston Texans,00-0022787,Matt Schaub,31,4.69235952549265
2013,14,Houston Texans,00-0028986,Case Keenum,30,-1.29099608132687
2013,14,Indianapolis Colts,00-0029668,Andrew Luck,46,13.6094499310079
2013,14,Jacksonville Jaguars,00-0026197,Chad Henne,28,0.361530083609978
2013,14,Kansas City Chiefs,00-0023436,Alex Smith,20,7.39607771650011
2013,14,Kansas City Chiefs,00-0026544,Chase Daniel,3,-2.5036586499773
2013,14,Las Vegas Raiders,00-0030419,Matt McGloin,34,6.47125402005093
2013,14,Los Angeles Chargers,00-0022942,Philip Rivers,30,14.8701635859325
2013,14,Los Angeles Rams,00-0024264,Kellen Clemens,31,-14.8157441947293
2013,14,Miami Dolphins,00-0029701,Ryan Tannehill,35,3.81038760025519
2013,14,Minnesota Vikings,00-0023662,Matt Cassel,38,8.06119207651791
2013,14,New England Patriots,00-0019596,Tom Brady,56,4.45912540293849
2013,14,New Orleans Saints,00-0020531,Drew Brees,44,13.4550415492513
2013,14,New York Giants,00-0022803,Eli Manning,34,-6.77537161344662
2013,14,New York Jets,00-0030565,Geno Smith,26,4.91525432479211
2013,14,Philadelphia Eagles,00-0029567,Nick Foles,22,-1.51050703336624
2013,14,Pittsburgh Steelers,00-0022924,Ben Roethlisberger,42,4.48270376655273
2013,14,San Francisco 49ers,00-0027974,Colin Kaepernick,31,-1.13041296914792
2013,14,Seattle Seahawks,00-0029263,Russell Wilson,27,5.60796933828662
2013,14,Tampa Bay Buccaneers,00-0030520,Mike Glennon,26,-11.7109518232258
2013,14,Tennessee Titans,00-0023682,Ryan Fitzpatrick,26,0.615793328965083
2013,14,Washington Commanders,00-0029604,Kirk Cousins,17,-7.61320732155582
2013,14,Washington Commanders,00-0029665,Robert Griffin,31,-6.50761393660228
2013,15,Arizona Cardinals,00-0021429,Carson Palmer,32,12.5889359983602
2013,15,Atlanta Falcons,00-0026143,Matt Ryan,41,-8.4495794057062
2013,15,Baltimore Ravens,00-0026158,Joe Flacco,39,-1.98813838484018
2013,15,Buffalo Bills,00-0030526,EJ Manuel,28,-2.05110635666724
2013,15,Carolina Panthers,00-0027939,Cam Newton,26,10.7007002223163
2013,15,Chicago Bears,00-0024226,Jay Cutler,33,6.94449069064762
2013,15,Cincinnati Bengals,00-0027973,Andy Dalton,45,4.58976620824263
2013,15,Cleveland Browns,00-0023460,Jason Campbell,39,-5.04460226858037
2013,15,Dallas Cowboys,00-0021678,Tony Romo,51,1.0745662795863
2013,15,Denver Broncos,00-0010346,Peyton Manning,42,8.79860450615026
2013,15,Detroit Lions,00-0026498,Matthew Stafford,35,-4.31525371254527
2013,15,Green Bay Packers,00-0026349,Matt Flynn,41,7.40598320848165
2013,15,Houston Texans,00-0028986,Case Keenum,38,-23.7764583648075
2013,15,Indianapolis Colts,00-0029668,Andrew Luck,33,-4.30141355560984
2013,15,Jacksonville Jaguars,00-0026197,Chad Henne,41,-8.40270645599837
2013,15,Kansas City Chiefs,00-0023436,Alex Smith,22,19.507502156368
2013,15,Kansas City Chiefs,00-0026544,Chase Daniel,5,1.30797686346341
2013,15,Las Vegas Raiders,00-0030419,Matt McGloin,35,-5.4456753772684
2013,15,Los Angeles Chargers,00-0022942,Philip Rivers,22,13.9731001717206
2013,15,Los Angeles Rams,00-0024264,Kellen Clemens,20,8.35517543817744
2013,15,Miami Dolphins,00-0029701,Ryan Tannehill,41,13.8989737804531
2013,15,Minnesota Vikings,00-0023662,Matt Cassel,38,13.121799872831
2013,15,New England Patriots,00-0019596,Tom Brady,56,12.0865910342215
2013,15,New Orleans Saints,00-0020531,Drew Brees,60,5.28161444366768
2013,15,New York Giants,00-0022803,Eli Manning,34,-19.5896107386798
2013,15,New York Giants,00-0027134,Curtis Painter,5,-0.5402718083933
2013,15,New York Jets,00-0030565,Geno Smith,32,-3.1449930160544
2013,15,Philadelphia Eagles,00-0029567,Nick Foles,52,9.47764987299493
2013,15,Pittsburgh Steelers,00-0022924,Ben Roethlisberger,26,11.1265595572019
2013,15,San Francisco 49ers,00-0027974,Colin Kaepernick,31,7.06384672997655
2013,15,Seattle Seahawks,00-0024279,Tarvaris Jackson,2,0.362233478575945
2013,15,Seattle Seahawks,00-0029263,Russell Wilson,31,1.3750356652242
2013,15,Tampa Bay Buccaneers,00-0030520,Mike Glennon,38,-8.1389608544996
2013,15,Tennessee Titans,00-0023682,Ryan Fitzpatrick,61,8.32421851855125
2013,15,Washington Commanders,00-0029604,Kirk Cousins,46,8.47330940555329
2013,16,Arizona Cardinals,00-0021429,Carson Palmer,27,-9.74654754553319
2013,16,Atlanta Falcons,00-0026143,Matt Ryan,49,5.37270660110154
2013,16,Baltimore Ravens,00-0026158,Joe Flacco,42,-9.55824034934222
2013,16,Baltimore Ravens,00-0028118,Tyrod Taylor,4,-9.81021463405341
2013,16,Buffalo Bills,00-0027253,Thad Lewis,26,0.110590817052613
2013,16,Carolina Panthers,00-0027939,Cam Newton,26,-6.05893132784132
2013,16,Chicago Bears,00-0021206,Josh McCown,4,-0.348559291334823
2013,16,Chicago Bears,00-0024226,Jay Cutler,40,-4.67153212116975
2013,16,Cincinnati Bengals,00-0027973,Andy Dalton,40,23.1763948611333
2013,16,Cleveland Browns,00-0023460,Jason Campbell,43,-14.4121434707603
2013,16,Dallas Cowboys,00-0021678,Tony Romo,29,12.4943019351847
2013,16,Denver Broncos,00-0010346,Peyton Manning,52,15.0205332426623
2013,16,Detroit Lions,00-0026498,Matthew Stafford,44,-5.46231088889721
2013,16,Green Bay Packers,00-0026349,Matt Flynn,42,-8.74614855544287
2013,16,Houston Texans,00-0022787,Matt Schaub,40,-13.4534973414357
2013,16,Indianapolis Colts,00-0029668,Andrew Luck,38,11.1901516358259
2013,16,Jacksonville Jaguars,00-0026197,Chad Henne,36,2.11874460163064
2013,16,Kansas City Chiefs,00-0023436,Alex Smith,33,-15.2979990762039
2013,16,Las Vegas Raiders,00-0030419,Matt McGloin,37,-4.93761007172312
2013,16,Los Angeles Chargers,00-0022942,Philip Rivers,30,4.2252229962003
2013,16,Los Angeles Rams,00-0024264,Kellen Clemens,21,4.42353262512136
2013,16,Miami Dolphins,00-0025708,Matt Moore,6,-2.10769753379282
2013,16,Miami Dolphins,00-0029701,Ryan Tannehill,34,-19.7937668460654
2013,16,Minnesota Vikings,00-0023662,Matt Cassel,31,-30.605656894506
2013,16,New England Patriots,00-0019596,Tom Brady,28,1.67029485224974
2013,16,New Orleans Saints,00-0020531,Drew Brees,50,-5.38289740955133
2013,16,New Orleans Saints,00-0022864,Luke McCown,1,-2.33884951029904
2013,16,New York Giants,00-0022803,Eli Manning,44,7.71852049446231
2013,16,New York Jets,00-0030565,Geno Smith,36,13.0715209647488
2013,16,Philadelphia Eagles,00-0029567,Nick Foles,27,14.782167372119
2013,16,Pittsburgh Steelers,00-0022924,Ben Roethlisberger,29,-2.8652387712203
2013,16,San Francisco 49ers,00-0027974,Colin Kaepernick,24,5.72449982470549
2013,16,Seattle Seahawks,00-0029263,Russell Wilson,31,-12.9876102278804
2013,16,Tampa Bay Buccaneers,00-0030520,Mike Glennon,33,-8.01945026367683
2013,16,Tennessee Titans,00-0023682,Ryan Fitzpatrick,29,-0.498667095987335
2013,16,Washington Commanders,00-0029604,Kirk Cousins,36,1.44021091117172
2013,17,Arizona Cardinals,00-0021429,Carson Palmer,50,7.13610621088733
2013,17,Atlanta Falcons,00-0026143,Matt Ryan,49,-3.80277479865527
2013,17,Baltimore Ravens,00-0026158,Joe Flacco,52,-19.7753037082194
2013,17,Buffalo Bills,00-0027253,Thad Lewis,33,4.03009149550712
2013,17,Carolina Panthers,00-0027939,Cam Newton,28,-0.0562978763482533
2013,17,Chicago Bears,00-0024226,Jay Cutler,25,11.1438894270395
2013,17,Cincinnati Bengals,00-0027973,Andy Dalton,36,-1.77674450343975
2013,17,Cleveland Browns,00-0023460,Jason Campbell,44,-9.58354344620602
2013,17,Dallas Cowboys,00-0023541,Kyle Orton,46,-0.0993425067493691
2013,17,Denver Broncos,00-0010346,Peyton Manning,29,24.5748987757455
2013,17,Denver Broncos,00-0029682,Brock Osweiler,15,-3.8188463488964
2013,17,Detroit Lions,00-0026498,Matthew Stafford,38,-4.92927508532426
2013,17,Green Bay Packers,00-0023459,Aaron Rodgers,42,15.3616034182234
2013,17,Houston Texans,00-0022787,Matt Schaub,35,0.928808954851574
2013,17,Indianapolis Colts,00-0007091,Matt Hasselbeck,4,2.09495020366739
2013,17,Indianapolis Colts,00-0029668,Andrew Luck,38,8.41601938347638
2013,17,Jacksonville Jaguars,00-0026197,Chad Henne,54,-5.11045755868352
2013,17,Kansas City Chiefs,00-0026544,Chase Daniel,32,3.74339001044092
2013,17,Los Angeles Chargers,00-0022942,Philip Rivers,36,4.90780949525214
2013,17,Los Angeles Rams,00-0024264,Kellen Clemens,32,-10.7541009275204
2013,17,Miami Dolphins,00-0029701,Ryan Tannehill,40,-5.39350738556823
2013,17,Minnesota Vikings,00-0023662,Matt Cassel,36,-8.47448595328024
2013,17,New England Patriots,00-0019596,Tom Brady,25,-3.62096461767358
2013,17,New Orleans Saints,00-0020531,Drew Brees,32,25.1713147588307
2013,17,New York Giants,00-0022803,Eli Manning,25,1.15914086467573
2013,17,New York Giants,00-0027134,Curtis Painter,8,-10.5110986351501
2013,17,New York Jets,00-0030565,Geno Smith,27,5.71975102220856
2013,17,Philadelphia Eagles,00-0024318,Brad Smith,1,-0.504471427702811
2013,17,Philadelphia Eagles,00-0029567,Nick Foles,31,4.83728019442143
2013,17,Pittsburgh Steelers,00-0022924,Ben Roethlisberger,32,-1.42258400255394
2013,17,San Francisco 49ers,00-0027974,Colin Kaepernick,36,11.419886951082
2013,17,Seattle Seahawks,00-0029263,Russell Wilson,27,1.56490930068798
2013,17,Tampa Bay Buccaneers,00-0030520,Mike Glennon,43,-1.24190186849806
2013,17,Tennessee Titans,00-0023682,Ryan Fitzpatrick,25,0.684344287176966
2013,17,Washington Commanders,00-0029604,Kirk Cousins,52,-22.4876519599412
2014,1,Arizona Cardinals,00-0021429,Carson Palmer,39,6.09842510843576
2014,1,Atlanta Falcons,00-0026143,Matt Ryan,44,23.7794556436267
2014,1,Baltimore Ravens,00-0026158,Joe Flacco,65,-4.8713867523526
2014,1,Buffalo Bills,00-0030526,EJ Manuel,23,0.368606349022199
2014,1,Carolina Panthers,00-0023645,Derek Anderson,35,8.39419419949705
2014,1,Chicago Bears,00-0024226,Jay Cutler,51,0.0583859644663725
2014,1,Cincinnati Bengals,00-0027973,Andy Dalton,38,11.2524182324896
2014,1,Cleveland Browns,00-0026625,Brian Hoyer,33,4.28777868052888
2014,1,Dallas Cowboys,00-0021678,Tony Romo,40,-5.70323038064447
2014,1,Denver Broncos,00-0010346,Peyton Manning,37,13.1392148591535
2014,1,Detroit Lions,00-0026498,Matthew Stafford,33,20.9162191900685
2014,1,Green Bay Packers,00-0023459,Aaron Rodgers,36,-5.04309989412582
2014,1,Houston Texans,00-0023682,Ryan Fitzpatrick,22,9.61259083930054
2014,1,Indianapolis Colts,00-0029668,Andrew Luck,56,6.43093950818124
2014,1,Jacksonville Jaguars,00-0026197,Chad Henne,46,-11.9516705621618
2014,1,Kansas City Chiefs,00-0023436,Alex Smith,39,-7.97873201181922
2014,1,Las Vegas Raiders,00-0031280,Derek Carr,34,-6.05413524981123
2014,1,Los Angeles Chargers,00-0022942,Philip Rivers,36,0.799434929795098
2014,1,Los Angeles Rams,00-0020679,Shaun Hill,14,-7.64599171505812
2014,1,Los Angeles Rams,00-0028957,Austin Davis,27,-10.448323409485
2014,1,Miami Dolphins,00-0029701,Ryan Tannehill,33,-0.689819435673974
2014,1,Minnesota Vikings,00-0023662,Matt Cassel,25,7.53078435131113
2014,1,New England Patriots,00-0019596,Tom Brady,60,-12.6573283037476
2014,1,New Orleans Saints,00-0020531,Drew Brees,42,14.2933548713233
2014,1,New York Giants,00-0022803,Eli Manning,35,-11.247468486079
2014,1,New York Jets,00-0020245,Mike Vick,1,-0.889296475681476
2014,1,New York Jets,00-0030565,Geno Smith,30,-1.40763050828779
2014,1,Philadelphia Eagles,00-0029567,Nick Foles,50,-10.9803180570016
2014,1,Pittsburgh Steelers,00-0022924,Ben Roethlisberger,37,9.12305417733476
2014,1,San Francisco 49ers,00-0027974,Colin Kaepernick,24,12.313987731759
2014,1,Seattle Seahawks,00-0029263,Russell Wilson,29,5.60573452199602
2014,1,Tampa Bay Buccaneers,00-0021206,Josh McCown,38,-5.92318686438375
2014,1,Tennessee Titans,00-0027946,Jake Locker,37,13.6191288516034
2014,1,Washington Commanders,00-0029665,Robert Griffin,40,0.364544239535462
2014,2,Arizona Cardinals,00-0025430,Drew Stanton,33,-3.91198684307243
2014,2,Atlanta Falcons,00-0026143,Matt Ryan,46,-15.4581358727055
2014,2,Baltimore Ravens,00-0026158,Joe Flacco,29,8.0923233055937
2014,2,Buffalo Bills,00-0030526,EJ Manuel,26,7.42298211771998
2014,2,Carolina Panthers,00-0027939,Cam Newton,38,5.80786965657656
2014,2,Chicago Bears,00-0024226,Jay Cutler,35,4.47509796044324
2014,2,Cincinnati Bengals,00-0027973,Andy Dalton,23,9.89285325968422
2014,2,Cleveland Browns,00-0026625,Brian Hoyer,41,1.38188026164405
2014,2,Cleveland Browns,00-0031409,Johnny Manziel,1,-0.789204191416502
2014,2,Dallas Cowboys,00-0021678,Tony Romo,33,6.4791839595826
2014,2,Denver Broncos,00-0010346,Peyton Manning,27,11.9486334191358
2014,2,Detroit Lions,00-0026498,Matthew Stafford,52,-1.14489577555541
2014,2,Green Bay Packers,00-0023459,Aaron Rodgers,46,9.62011611491551
2014,2,Houston Texans,00-0023682,Ryan Fitzpatrick,19,12.2409000819896
2014,2,Indianapolis Colts,00-0029668,Andrew Luck,34,4.73076873299223
2014,2,Jacksonville Jaguars,00-0026197,Chad Henne,38,-18.3587605459973
2014,2,Kansas City Chiefs,00-0023436,Alex Smith,44,11.2184289666209
2014,2,Las Vegas Raiders,00-0031280,Derek Carr,42,-6.05722729387344
2014,2,Los Angeles Chargers,00-0022942,Philip Rivers,38,16.9039128518287
2014,2,Los Angeles Rams,00-0028957,Austin Davis,31,12.5998470508759
2014,2,Miami Dolphins,00-0029701,Ryan Tannehill,53,-7.48491587089016
2014,2,Minnesota Vikings,00-0023662,Matt Cassel,42,-20.7061635827458
2014,2,New England Patriots,00-0019596,Tom Brady,22,3.0877643481111
2014,2,New Orleans Saints,00-0020531,Drew Brees,42,-1.61949530469338
2014,2,New York Giants,00-0022803,Eli Manning,41,5.66790831729304
2014,2,New York Jets,00-0020245,Mike Vick,1,-0.788177427370101
2014,2,New York Jets,00-0030565,Geno Smith,33,0.99519151161427
2014,2,Philadelphia Eagles,00-0029567,Nick Foles,37,12.0969321638538
2014,2,Pittsburgh Steelers,00-0022924,Ben Roethlisberger,39,-3.55523046388647
2014,2,San Francisco 49ers,00-0027974,Colin Kaepernick,38,-4.45050807998558
2014,2,Seattle Seahawks,00-0029263,Russell Wilson,27,3.00397503506974
2014,2,Tampa Bay Buccaneers,00-0021206,Josh McCown,22,2.52230249723652
2014,2,Tennessee Titans,00-0027946,Jake Locker,36,-9.97919333846652
2014,2,Washington Commanders,00-0029604,Kirk Cousins,35,14.203370014413
2014,2,Washington Commanders,00-0029665,Robert Griffin,4,-0.0070019781123846
2014,3,Arizona Cardinals,00-0025430,Drew Stanton,33,13.7743586657431
2014,3,Atlanta Falcons,00-0026143,Matt Ryan,25,21.012486101494
2014,3,Atlanta Falcons,00-0028090,T.J. Yates,4,0.215272133995313
2014,3,Baltimore Ravens,00-0026158,Joe Flacco,31,2.96348250590946
2014,3,Buffalo Bills,00-0030526,EJ Manuel,42,-5.55067067717022
2014,3,Carolina Panthers,00-0023645,Derek Anderson,6,5.31538712575287
2014,3,Carolina Panthers,00-0027939,Cam Newton,38,-0.345957675793524
2014,3,Chicago Bears,00-0024226,Jay Cutler,42,-1.08110488803949
2014,3,Cincinnati Bengals,00-0023460,Jason Campbell,2,-4.43616522895172
2014,3,Cincinnati Bengals,00-0027973,Andy Dalton,23,-1.0023022585587
2014,3,Cleveland Browns,00-0026625,Brian Hoyer,25,18.9571605491724
2014,3,Dallas Cowboys,00-0021678,Tony Romo,23,10.2769474230635
2014,3,Denver Broncos,00-0010346,Peyton Manning,50,4.60706879204429
2014,3,Detroit Lions,00-0026498,Matthew Stafford,36,-0.270838010140212
2014,3,Green Bay Packers,00-0023459,Aaron Rodgers,29,-3.21918835520046
2014,3,Houston Texans,00-0023682,Ryan Fitzpatrick,36,-7.44820113731377
2014,3,Indianapolis Colts,00-0007091,Matt Hasselbeck,4,-0.47465438162908
2014,3,Indianapolis Colts,00-0029668,Andrew Luck,41,29.1072335909331
2014,3,Jacksonville Jaguars,00-0026197,Chad Henne,10,-6.57206178701017
2014,3,Jacksonville Jaguars,00-0031407,Blake Bortles,25,3.47530345155938
2014,3,Kansas City Chiefs,00-0023436,Alex Smith,30,6.10040390618099
2014,3,Las Vegas Raiders,00-0031280,Derek Carr,34,-0.354674493995161
2014,3,Los Angeles Chargers,00-0022942,Philip Rivers,27,11.0663562162768
2014,3,Los Angeles Rams,00-0028957,Austin Davis,42,10.0136449205858
2014,3,Miami Dolphins,00-0029701,Ryan Tannehill,47,-13.6892833648297
2014,3,Minnesota Vikings,00-0023662,Matt Cassel,10,0.622571104788221
2014,3,Minnesota Vikings,00-0031237,Teddy Bridgewater,22,1.28594472433172
2014,3,New England Patriots,00-0019596,Tom Brady,39,6.40935012838267
2014,3,New Orleans Saints,00-0020531,Drew Brees,36,20.0993205384002
2014,3,New York Giants,00-0022803,Eli Manning,29,7.14894616089899
2014,3,New York Jets,00-0030565,Geno Smith,46,-7.32174441076537
2014,3,Philadelphia Eagles,00-0029567,Nick Foles,41,13.5957212702796
2014,3,Pittsburgh Steelers,00-0022924,Ben Roethlisberger,31,4.67875972188333
2014,3,San Francisco 49ers,00-0027974,Colin Kaepernick,38,10.0515487142202
2014,3,Seattle Seahawks,00-0029263,Russell Wilson,37,-1.13905643351585
2014,3,Tampa Bay Buccaneers,00-0021206,Josh McCown,13,-11.046642742469
2014,3,Tampa Bay Buccaneers,00-0030520,Mike Glennon,26,-0.435537678597029
2014,3,Tennessee Titans,00-0027946,Jake Locker,36,-13.5331590728832
2014,3,Washington Commanders,00-0029604,Kirk Cousins,48,17.0882273170535
2014,4,Atlanta Falcons,00-0026143,Matt Ryan,42,7.70260490349028
2014,4,Baltimore Ravens,00-0026158,Joe Flacco,31,26.3001860333876
2014,4,Buffalo Bills,00-0030526,EJ Manuel,46,-16.9335187368187
2014,4,Carolina Panthers,00-0023645,Derek Anderson,9,0.0881183031015098
2014,4,Carolina Panthers,00-0027939,Cam Newton,27,14.8204096963163
2014,4,Chicago Bears,00-0024226,Jay Cutler,35,-7.06573674651459
2014,4,Chicago Bears,00-0027659,Jimmy Clausen,1,0.483239594846964
2014,4,Dallas Cowboys,00-0021678,Tony Romo,30,14.362895613039
2014,4,Detroit Lions,00-0026498,Matthew Stafford,38,9.47067590107402
2014,4,Green Bay Packers,00-0023459,Aaron Rodgers,29,24.7157513670519
2014,4,Houston Texans,00-0023682,Ryan Fitzpatrick,40,-4.91839350904061
2014,4,Indianapolis Colts,00-0029668,Andrew Luck,41,24.6079334546317
2014,4,Jacksonville Jaguars,00-0031407,Blake Bortles,40,-2.92273518728325
2014,4,Kansas City Chiefs,00-0023436,Alex Smith,28,13.8125661415751
2014,4,Las Vegas Raiders,00-0030419,Matt McGloin,20,-11.4962645955384
2014,4,Las Vegas Raiders,00-0031280,Derek Carr,26,-0.305184175551403
2014,4,Los Angeles Chargers,00-0022942,Philip Rivers,41,20.9729605666565
2014,4,Miami Dolphins,00-0029701,Ryan Tannehill,31,12.8203466108905
2014,4,Minnesota Vikings,00-0031237,Teddy Bridgewater,30,14.2371636612711
2014,4,New England Patriots,00-0019596,Tom Brady,25,-14.1159441447235
2014,4,New England Patriots,00-0031345,Jimmy Garoppolo,8,4.13489013188519
2014,4,New Orleans Saints,00-0020531,Drew Brees,45,10.9161596413683
2014,4,New York Giants,00-0022803,Eli Manning,40,15.4908081437812
2014,4,New York Jets,00-0030565,Geno Smith,35,-4.60366770339004
2014,4,Philadelphia Eagles,00-0029567,Nick Foles,44,-9.40089301631087
2014,4,Pittsburgh Steelers,00-0022924,Ben Roethlisberger,45,11.5437250297311
2014,4,San Francisco 49ers,00-0027974,Colin Kaepernick,34,-6.227315141703
2014,4,Tampa Bay Buccaneers,00-0030520,Mike Glennon,43,5.08991324505178
2014,4,Tennessee Titans,00-0024296,Charlie Whitehurst,26,-0.19253540192241
2014,4,Tennessee Titans,00-0031266,Zach Mettenberger,5,-4.38963407208212
2014,4,Washington Commanders,00-0029604,Kirk Cousins,35,-14.4289721611422
2014,5,Arizona Cardinals,00-0025430,Drew Stanton,27,-2.42342417784362
2014,5,Atlanta Falcons,00-0026143,Matt Ryan,46,1.97081100988579
2014,5,Baltimore Ravens,00-0026158,Joe Flacco,42,-14.7755340148229
2014,5,Buffalo Bills,00-0023541,Kyle Orton,45,0.233263568355063
2014,5,Carolina Panthers,00-0027939,Cam Newton,37,-1.5705187959074
2014,5,Chicago Bears,00-0024226,Jay Cutler,40,1.69423251460982
2014,5,Cincinnati Bengals,00-0023460,Jason Campbell,5,-0.669145299820229
2014,5,Cincinnati Bengals,00-0027973,Andy Dalton,25,5.74528212089982
2014,5,Cleveland Browns,00-0026625,Brian Hoyer,38,6.27055431987252
2014,5,Dallas Cowboys,00-0021678,Tony Romo,42,10.808658258705
2014,5,Denver Broncos,00-0010346,Peyton Manning,48,14.9795018593576
2014,5,Detroit Lions,00-0026498,Matthew Stafford,37,-10.7245139146865
2014,5,Green Bay Packers,00-0023459,Aaron Rodgers,19,6.13111610407941
2014,5,Green Bay Packers,00-0026349,Matt Flynn,5,-2.67562406300567
2014,5,Houston Texans,00-0023682,Ryan Fitzpatrick,25,-4.70708195764655
2014,5,Indianapolis Colts,00-0029668,Andrew Luck,50,1.99387396149263
2014,5,Jacksonville Jaguars,00-0031407,Blake Bortles,37,-11.0319372099088
2014,5,Kansas City Chiefs,00-0023436,Alex Smith,30,4.58118881661382
2014,5,Los Angeles Chargers,00-0022942,Philip Rivers,31,13.6803970608046
2014,5,Los Angeles Rams,00-0028957,Austin Davis,53,2.56322747620288
2014,5,Minnesota Vikings,00-0027950,Christian Ponder,50,-19.1141313704208
2014,5,New England Patriots,00-0019596,Tom Brady,36,7.82027452083086
2014,5,New Orleans Saints,00-0020531,Drew Brees,57,-1.75819290952638
2014,5,New York Giants,00-0022803,Eli Manning,31,7.4061486750463
2014,5,New York Jets,00-0020245,Mike Vick,21,-16.5826109948102
2014,5,New York Jets,00-0030565,Geno Smith,12,-5.00847642158624
2014,5,Philadelphia Eagles,00-0029567,Nick Foles,37,4.81629806468932
2014,5,Pittsburgh Steelers,00-0022924,Ben Roethlisberger,40,4.39978127512679
2014,5,San Francisco 49ers,00-0027974,Colin Kaepernick,29,2.72967865348351
2014,5,Seattle Seahawks,00-0029263,Russell Wilson,27,1.19369607910859
2014,5,Tampa Bay Buccaneers,00-0030520,Mike Glennon,33,11.0919833968934
2014,5,Tennessee Titans,00-0024296,Charlie Whitehurst,23,5.11019935616059
2014,5,Tennessee Titans,00-0027946,Jake Locker,12,3.52139673574129
2014,5,Washington Commanders,00-0029604,Kirk Cousins,37,6.20699781403528
2014,6,Arizona Cardinals,00-0021429,Carson Palmer,45,6.00482990212453
2014,6,Atlanta Falcons,00-0026143,Matt Ryan,41,-7.10950954574697
2014,6,Baltimore Ravens,00-0026158,Joe Flacco,28,27.4723394632357
2014,6,Buffalo Bills,00-0023541,Kyle Orton,43,6.05017876705108
2014,6,Carolina Panthers,00-0027939,Cam Newton,46,12.4456708114417
2014,6,Chicago Bears,00-0024226,Jay Cutler,40,19.3373247205876
2014,6,Cincinnati Bengals,00-0027973,Andy Dalton,44,10.3571634077853
2014,6,Cleveland Browns,00-0026625,Brian Hoyer,18,7.86350951870222
2014,6,Dallas Cowboys,00-0021678,Tony Romo,33,12.9889029136224
2014,6,Denver Broncos,00-0010346,Peyton Manning,35,9.49021437769476
2014,6,Detroit Lions,00-0026498,Matthew Stafford,37,-3.35049347509389
2014,6,Green Bay Packers,00-0023459,Aaron Rodgers,45,10.2190179310211
2014,6,Houston Texans,00-0023682,Ryan Fitzpatrick,28,-0.9488778328232
2014,6,Indianapolis Colts,00-0029668,Andrew Luck,47,14.7968016904587
2014,6,Jacksonville Jaguars,00-0031407,Blake Bortles,52,3.2000013252088
2014,6,Las Vegas Raiders,00-0031280,Derek Carr,34,11.3515633183281
2014,6,Los Angeles Chargers,00-0022942,Philip Rivers,35,17.6773168003111
2014,6,Los Angeles Rams,00-0028957,Austin Davis,47,-11.9564286703222
2014,6,Miami Dolphins,00-0029701,Ryan Tannehill,32,6.51010367335402
2014,6,Minnesota Vikings,00-0031237,Teddy Bridgewater,45,-25.7719456192667
2014,6,New England Patriots,00-0019596,Tom Brady,39,27.9509136289712
2014,6,New York Giants,00-0022803,Eli Manning,29,-9.46823228959693
2014,6,New York Giants,00-0030586,Ryan Nassib,7,-1.28099066950381
2014,6,New York Jets,00-0030565,Geno Smith,47,-9.20793968583052
2014,6,Philadelphia Eagles,00-0029567,Nick Foles,35,-0.165082186124252
2014,6,Pittsburgh Steelers,00-0022924,Ben Roethlisberger,44,-11.3435432809929
2014,6,San Francisco 49ers,00-0027974,Colin Kaepernick,35,17.7737356552653
2014,6,Seattle Seahawks,00-0029263,Russell Wilson,30,-7.10248073291089
2014,6,Tampa Bay Buccaneers,00-0030520,Mike Glennon,49,-7.99718761927944
2014,6,Tennessee Titans,00-0024296,Charlie Whitehurst,31,1.79558308713605
2014,6,Washington Commanders,00-0029604,Kirk Cousins,40,-4.46403245999018
2014,7,Arizona Cardinals,00-0021429,Carson Palmer,32,8.86094258097
2014,7,Atlanta Falcons,00-0026143,Matt Ryan,49,-12.5486382955003
2014,7,Baltimore Ravens,00-0026158,Joe Flacco,26,10.2087586413012
2014,7,Buffalo Bills,00-0023541,Kyle Orton,49,0.706470955403607
2014,7,Carolina Panthers,00-0023645,Derek Anderson,8,2.76677111495519
2014,7,Carolina Panthers,00-0027939,Cam Newton,34,-2.96060034196125
2014,7,Chicago Bears,00-0024226,Jay Cutler,37,-9.59912868664833
2014,7,Cincinnati Bengals,00-0027973,Andy Dalton,41,-23.2325011219655
2014,7,Cleveland Browns,00-0026625,Brian Hoyer,44,-22.3689015693145
2014,7,Dallas Cowboys,00-0021678,Tony Romo,25,18.3994208355725
2014,7,Denver Broncos,00-0010346,Peyton Manning,28,20.5682622778113
2014,7,Denver Broncos,00-0029682,Brock Osweiler,1,-0.888791702920571
2014,7,Detroit Lions,00-0026498,Matthew Stafford,43,-4.09403391829942
2014,7,Green Bay Packers,00-0023459,Aaron Rodgers,24,10.2961512234642
2014,7,Green Bay Packers,00-0026349,Matt Flynn,2,-1.1541886087507
2014,7,Houston Texans,00-0023682,Ryan Fitzpatrick,33,8.54266146384629
2014,7,Indianapolis Colts,00-0029668,Andrew Luck,44,9.50670136782006
2014,7,Jacksonville Jaguars,00-0031407,Blake Bortles,33,-19.9701680806227
2014,7,Kansas City Chiefs,00-0023436,Alex Smith,31,8.47405436866186
2014,7,Las Vegas Raiders,00-0031280,Derek Carr,29,-3.08227236365142
2014,7,Los Angeles Chargers,00-0022942,Philip Rivers,33,1.35648926543741
2014,7,Los Angeles Rams,00-0028957,Austin Davis,20,6.82235935871722
2014,7,Miami Dolphins,00-0029701,Ryan Tannehill,36,13.7778422075073
2014,7,Minnesota Vikings,00-0031237,Teddy Bridgewater,31,-7.61264996484439
2014,7,New England Patriots,00-0019596,Tom Brady,38,8.01917907795978
2014,7,New Orleans Saints,00-0020531,Drew Brees,46,3.91729816001891
2014,7,New York Giants,00-0022803,Eli Manning,33,14.1479221372865
2014,7,New York Jets,00-0030565,Geno Smith,37,2.73340764616282
2014,7,Pittsburgh Steelers,00-0022924,Ben Roethlisberger,36,5.83920465491556
2014,7,San Francisco 49ers,00-0027948,Blaine Gabbert,7,3.99110510078026
2014,7,San Francisco 49ers,00-0027974,Colin Kaepernick,45,-5.40440761879873
2014,7,Seattle Seahawks,00-0029263,Russell Wilson,39,15.2729574909691
2014,7,Tennessee Titans,00-0024296,Charlie Whitehurst,27,3.1909886496845
2014,7,Washington Commanders,00-0027688,Colt McCoy,14,2.90352354621415
2014,7,Washington Commanders,00-0029604,Kirk Cousins,17,-4.35010110699102
2014,8,Arizona Cardinals,00-0021429,Carson Palmer,42,7.56526752037493
2014,8,Atlanta Falcons,00-0026143,Matt Ryan,29,7.80202242362429
2014,8,Baltimore Ravens,00-0026158,Joe Flacco,35,-9.82817703217103
2014,8,Buffalo Bills,00-0023541,Kyle Orton,21,8.07523739069479
2014,8,Carolina Panthers,00-0027939,Cam Newton,25,-8.09704173749354
2014,8,Chicago Bears,00-0024226,Jay Cutler,33,-0.0622007693452762
2014,8,Chicago Bears,00-0027659,Jimmy Clausen,5,-2.26095365721267
2014,8,Cincinnati Bengals,00-0027973,Andy Dalton,30,-1.74305466572081
2014,8,Cleveland Browns,00-0026625,Brian Hoyer,29,4.66217153777019
2014,8,Dallas Cowboys,00-0021678,Tony Romo,33,-0.715252006833907
2014,8,Dallas Cowboys,00-0029677,Brandon Weeden,6,3.87732402550706
2014,8,Denver Broncos,00-0010346,Peyton Manning,35,18.4584760321529
2014,8,Detroit Lions,00-0026498,Matthew Stafford,47,10.6483706393408
2014,8,Green Bay Packers,00-0023459,Aaron Rodgers,42,12.1147389362023
2014,8,Green Bay Packers,00-0026349,Matt Flynn,2,-4.95420105959056
2014,8,Houston Texans,00-0023682,Ryan Fitzpatrick,40,4.19165559594809
2014,8,Indianapolis Colts,00-0029668,Andrew Luck,47,6.24187255067838
2014,8,Jacksonville Jaguars,00-0031407,Blake Bortles,38,-17.6323859985113
2014,8,Kansas City Chiefs,00-0023436,Alex Smith,31,9.93471060903255
2014,8,Las Vegas Raiders,00-0022787,Matt Schaub,1,-2.92976703750901
2014,8,Las Vegas Raiders,00-0031280,Derek Carr,58,3.9182528719944
2014,8,Los Angeles Chargers,00-0022942,Philip Rivers,43,8.04708697996102
2014,8,Los Angeles Rams,00-0028957,Austin Davis,32,-9.31837208197075
2014,8,Miami Dolphins,00-0029701,Ryan Tannehill,32,-7.3430089593781
2014,8,Minnesota Vikings,00-0031237,Teddy Bridgewater,43,-2.04558192536386
2014,8,New England Patriots,00-0019596,Tom Brady,35,33.5127792115561
2014,8,New England Patriots,00-0031345,Jimmy Garoppolo,4,-1.00020259877242
2014,8,New Orleans Saints,00-0020531,Drew Brees,34,15.1034018541865
2014,8,New York Jets,00-0020245,Mike Vick,40,-12.0141097627986
2014,8,New York Jets,00-0030565,Geno Smith,8,-13.1143426814233
2014,8,Philadelphia Eagles,00-0029567,Nick Foles,62,3.43811002709656
2014,8,Pittsburgh Steelers,00-0022924,Ben Roethlisberger,49,41.5827835911769
2014,8,Seattle Seahawks,00-0029263,Russell Wilson,33,0.143663901648672
2014,8,Tampa Bay Buccaneers,00-0030520,Mike Glennon,33,-5.13194226867056
2014,8,Tennessee Titans,00-0031266,Zach Mettenberger,43,-4.55623825834266
2014,8,Washington Commanders,00-0027688,Colt McCoy,33,6.92016220604228
2014,9,Arizona Cardinals,00-0021429,Carson Palmer,36,6.19545926860883
2014,9,Baltimore Ravens,00-0026158,Joe Flacco,49,-5.47364043615077
2014,9,Carolina Panthers,00-0027939,Cam Newton,32,-17.6075014045686
2014,9,Cincinnati Bengals,00-0027973,Andy Dalton,33,3.35993219010641
2014,9,Cleveland Browns,00-0026625,Brian Hoyer,38,-5.65484121837325
2014,9,Dallas Cowboys,00-0029677,Brandon Weeden,34,-7.55962293291329
2014,9,Denver Broncos,00-0010346,Peyton Manning,58,-3.11801459280279
2014,9,Houston Texans,00-0023682,Ryan Fitzpatrick,31,-0.0421429302832332
2014,9,Indianapolis Colts,00-0029668,Andrew Luck,47,12.823246343137
2014,9,Jacksonville Jaguars,00-0031407,Blake Bortles,35,-1.62462788030258
2014,9,Kansas City Chiefs,00-0023436,Alex Smith,32,9.20220776650454
2014,9,Las Vegas Raiders,00-0031280,Derek Carr,42,-6.67843588565098
2014,9,Los Angeles Chargers,00-0022942,Philip Rivers,26,-11.2024312777212
2014,9,Los Angeles Chargers,00-0024264,Kellen Clemens,4,-3.40449273912236
2014,9,Los Angeles Rams,00-0028957,Austin Davis,25,-8.00985786822667
2014,9,Miami Dolphins,00-0025708,Matt Moore,4,1.32159040262923
2014,9,Miami Dolphins,00-0029701,Ryan Tannehill,34,18.1028369464908
2014,9,Minnesota Vikings,00-0031237,Teddy Bridgewater,44,8.99842661534785
2014,9,New England Patriots,00-0019596,Tom Brady,54,10.0104387378043
2014,9,New Orleans Saints,00-0020531,Drew Brees,38,3.73705001041526
2014,9,New York Giants,00-0022803,Eli Manning,55,-0.826970426816155
2014,9,New York Jets,00-0020245,Mike Vick,31,-3.02828944689827
2014,9,New York Jets,00-0029151,Matt Simms,8,-2.79204016202129
2014,9,Philadelphia Eagles,00-0026898,Mark Sanchez,24,1.79632201860587
2014,9,Philadelphia Eagles,00-0029567,Nick Foles,14,-2.5901871251408
2014,9,Pittsburgh Steelers,00-0022924,Ben Roethlisberger,40,23.534165153862
2014,9,San Francisco 49ers,00-0027974,Colin Kaepernick,41,-6.27561672269651
2014,9,Seattle Seahawks,00-0029263,Russell Wilson,36,-3.87451507554198
2014,9,Tampa Bay Buccaneers,00-0030520,Mike Glennon,35,-3.15460473780883
2014,9,Washington Commanders,00-0029665,Robert Griffin,33,5.8427399889309
2014,10,Arizona Cardinals,00-0021429,Carson Palmer,39,-2.85258122548216
2014,10,Arizona Cardinals,00-0025430,Drew Stanton,5,4.38375530974008
2014,10,Atlanta Falcons,00-0026143,Matt Ryan,32,10.160637560878
2014,10,Baltimore Ravens,00-0026158,Joe Flacco,28,4.39476613356965
2014,10,Buffalo Bills,00-0023541,Kyle Orton,49,-0.0044464520315625
2014,10,Carolina Panthers,00-0027939,Cam Newton,49,-13.2472509163199
2014,10,Chicago Bears,00-0024226,Jay Cutler,40,-16.9104391440633
2014,10,Chicago Bears,00-0027659,Jimmy Clausen,4,-4.29946831590496
2014,10,Cincinnati Bengals,00-0023460,Jason Campbell,6,-1.63323137990665
2014,10,Cincinnati Bengals,00-0027973,Andy Dalton,35,-24.763589621929
2014,10,Cleveland Browns,00-0026625,Brian Hoyer,23,10.0635588232061
2014,10,Dallas Cowboys,00-0021678,Tony Romo,28,10.9317949759613
2014,10,Dallas Cowboys,00-0029677,Brandon Weeden,1,1.54839394218288
2014,10,Denver Broncos,00-0010346,Peyton Manning,44,14.1990794776819
2014,10,Denver Broncos,00-0029682,Brock Osweiler,5,-2.52768119901884
2014,10,Detroit Lions,00-0026498,Matthew Stafford,43,4.06648816681014
2014,10,Green Bay Packers,00-0023459,Aaron Rodgers,27,27.0052316901537
2014,10,Green Bay Packers,00-0026349,Matt Flynn,5,-4.25751947406842
2014,10,Jacksonville Jaguars,00-0031407,Blake Bortles,41,0.527027177668177
2014,10,Kansas City Chiefs,00-0023436,Alex Smith,35,-6.57613782715482
2014,10,Las Vegas Raiders,00-0031280,Derek Carr,47,-13.7283180492586
2014,10,Los Angeles Rams,00-0028957,Austin Davis,36,-25.4829610031447
2014,10,Miami Dolphins,00-0029701,Ryan Tannehill,41,-4.97475502357029
2014,10,New Orleans Saints,00-0020531,Drew Brees,49,-2.42699133799543
2014,10,New York Giants,00-0022803,Eli Manning,46,-3.7117063672049
2014,10,New York Jets,00-0020245,Mike Vick,22,0.875571963501505
2014,10,Philadelphia Eagles,00-0026898,Mark Sanchez,38,7.3706532182922
2014,10,Philadelphia Eagles,00-0030533,Matt Barkley,1,-1.17992095369846
2014,10,Pittsburgh Steelers,00-0022924,Ben Roethlisberger,45,3.6049637017806
2014,10,San Francisco 49ers,00-0027974,Colin Kaepernick,36,-5.21740740637148
2014,10,Seattle Seahawks,00-0029263,Russell Wilson,19,3.24575099535286
2014,10,Tampa Bay Buccaneers,00-0021206,Josh McCown,47,5.75231694319518
2014,10,Tennessee Titans,00-0031266,Zach Mettenberger,32,-5.00342143210582
2014,11,Arizona Cardinals,00-0025430,Drew Stanton,32,5.73982492060168
2014,11,Atlanta Falcons,00-0026143,Matt Ryan,47,7.01467228297362
2014,11,Buffalo Bills,00-0023541,Kyle Orton,41,-4.75516255166362
2014,11,Carolina Panthers,00-0027939,Cam Newton,39,-5.14378395424593
2014,11,Chicago Bears,00-0024226,Jay Cutler,43,11.5302499352726
2014,11,Cincinnati Bengals,00-0027973,Andy Dalton,23,21.6324702638085
2014,11,Cleveland Browns,00-0026625,Brian Hoyer,53,-11.2441168146191
2014,11,Denver Broncos,00-0010346,Peyton Manning,56,-8.73218765520142
2014,11,Detroit Lions,00-0026498,Matthew Stafford,34,-5.80101614208093
2014,11,Green Bay Packers,00-0023459,Aaron Rodgers,37,18.5464228297347
2014,11,Green Bay Packers,00-0026349,Matt Flynn,2,1.66448046616279
2014,11,Houston Texans,00-0028012,Ryan Mallett,30,8.51723117782497
2014,11,Indianapolis Colts,00-0029668,Andrew Luck,40,0.962622764050442
2014,11,Kansas City Chiefs,00-0023436,Alex Smith,16,5.24490377464099
2014,11,Las Vegas Raiders,00-0031280,Derek Carr,36,-8.04222473484081
2014,11,Los Angeles Chargers,00-0022942,Philip Rivers,36,-6.19557335222271
2014,11,Los Angeles Rams,00-0020679,Shaun Hill,32,-0.417951985428423
2014,11,Miami Dolphins,00-0029701,Ryan Tannehill,39,8.19532106722526
2014,11,Minnesota Vikings,00-0031237,Teddy Bridgewater,30,-4.2603432046217
2014,11,New England Patriots,00-0019596,Tom Brady,30,12.4268594760797
2014,11,New Orleans Saints,00-0020531,Drew Brees,41,8.68050150517748
2014,11,New York Giants,00-0022803,Eli Manning,47,-14.7960800804397
2014,11,Philadelphia Eagles,00-0026898,Mark Sanchez,47,-0.3252632250829
2014,11,Pittsburgh Steelers,00-0022924,Ben Roethlisberger,37,4.62826240698903
2014,11,San Francisco 49ers,00-0027974,Colin Kaepernick,30,4.20252452017568
2014,11,Seattle Seahawks,00-0029263,Russell Wilson,34,0.357706704038849
2014,11,Tampa Bay Buccaneers,00-0021206,Josh McCown,25,18.3057322796768
2014,11,Tennessee Titans,00-0031266,Zach Mettenberger,24,4.62903348100372
2014,11,Washington Commanders,00-0029665,Robert Griffin,38,-15.0622022018916
2014,12,Arizona Cardinals,00-0025430,Drew Stanton,29,-10.157849488632
2014,12,Atlanta Falcons,00-0026143,Matt Ryan,46,0.4113564491743
2014,12,Baltimore Ravens,00-0026158,Joe Flacco,25,17.3011474623809
2014,12,Buffalo Bills,00-0023541,Kyle Orton,33,10.2873184693333
2014,12,Chicago Bears,00-0024226,Jay Cutler,30,-13.3842705391792
2014,12,Cincinnati Bengals,00-0027973,Andy Dalton,35,3.00644407607951
2014,12,Cleveland Browns,00-0026625,Brian Hoyer,41,0.639642523002438
2014,12,Dallas Cowboys,00-0021678,Tony Romo,28,14.3036468994759
2014,12,Denver Broncos,00-0010346,Peyton Manning,36,18.868761795205
2014,12,Detroit Lions,00-0026498,Matthew Stafford,48,-6.80303566879063
2014,12,Green Bay Packers,00-0023459,Aaron Rodgers,30,9.46894207565984
2014,12,Houston Texans,00-0028012,Ryan Mallett,46,-13.2101032002644
2014,12,Indianapolis Colts,00-0029668,Andrew Luck,37,-8.85068547947327
2014,12,Jacksonville Jaguars,00-0031407,Blake Bortles,31,-19.8703027664153
2014,12,Kansas City Chiefs,00-0023436,Alex Smith,38,-0.369378873243535
2014,12,Las Vegas Raiders,00-0031280,Derek Carr,36,0.617195805394954
2014,12,Los Angeles Chargers,00-0022942,Philip Rivers,38,-0.0979205147504647
2014,12,Los Angeles Rams,00-0020679,Shaun Hill,36,-9.65877849782632
2014,12,Miami Dolphins,00-0029701,Ryan Tannehill,37,7.04299963900121
2014,12,Minnesota Vikings,00-0031237,Teddy Bridgewater,39,-3.16463770221521
2014,12,New England Patriots,00-0019596,Tom Brady,53,8.89923661461634
2014,12,New Orleans Saints,00-0020531,Drew Brees,49,8.535965663088
2014,12,New York Giants,00-0022803,Eli Manning,42,14.6048431490781
2014,12,New York Jets,00-0020245,Mike Vick,24,-16.9393947885986
2014,12,New York Jets,00-0030565,Geno Smith,14,-4.2018832891481
2014,12,Philadelphia Eagles,00-0026898,Mark Sanchez,45,6.4206972712198
2014,12,San Francisco 49ers,00-0027974,Colin Kaepernick,31,10.7167456153458
2014,12,Seattle Seahawks,00-0029263,Russell Wilson,29,-1.10839490273162
2014,12,Tampa Bay Buccaneers,00-0021206,Josh McCown,53,-6.32892982322263
2014,12,Tennessee Titans,00-0031266,Zach Mettenberger,44,-1.34799871442741
2014,12,Washington Commanders,00-0029665,Robert Griffin,24,-14.0761011909455
2014,13,Arizona Cardinals,00-0025430,Drew Stanton,39,-2.31734056423181
2014,13,Atlanta Falcons,00-0026143,Matt Ryan,42,5.82992831247237
2014,13,Baltimore Ravens,00-0026158,Joe Flacco,31,9.80117964460566
2014,13,Buffalo Bills,00-0023541,Kyle Orton,32,-10.1813738352675
2014,13,Carolina Panthers,00-0027939,Cam Newton,39,-9.54913257080481
2014,13,Chicago Bears,00-0024226,Jay Cutler,51,-2.80693265172511
2014,13,Cincinnati Bengals,00-0027973,Andy Dalton,29,-9.5494041898055
2014,13,Cleveland Browns,00-0026625,Brian Hoyer,32,-7.31692897056005
2014,13,Cleveland Browns,00-0031409,Johnny Manziel,8,0.256569284421857
2014,13,Dallas Cowboys,00-0021678,Tony Romo,33,-8.4208662570372
2014,13,Denver Broncos,00-0010346,Peyton Manning,35,1.13672648141645
2014,13,Detroit Lions,00-0026498,Matthew Stafford,47,7.96561929504685
2014,13,Green Bay Packers,00-0023459,Aaron Rodgers,41,16.693156614305
2014,13,Houston Texans,00-0023682,Ryan Fitzpatrick,33,31.1428646905115
2014,13,Indianapolis Colts,00-0029668,Andrew Luck,28,15.4041045870399
2014,13,Jacksonville Jaguars,00-0031407,Blake Bortles,42,-6.75666431424883
2014,13,Kansas City Chiefs,00-0023436,Alex Smith,29,-10.0107803562806
2014,13,Las Vegas Raiders,00-0022787,Matt Schaub,12,-13.4297276283614
2014,13,Las Vegas Raiders,00-0031280,Derek Carr,42,-18.7897447186988
2014,13,Los Angeles Chargers,00-0022942,Philip Rivers,47,19.679128397416
2014,13,Los Angeles Rams,00-0020679,Shaun Hill,23,3.05556423774175
2014,13,Miami Dolphins,00-0029701,Ryan Tannehill,37,-6.08411262355151
2014,13,Minnesota Vikings,00-0031237,Teddy Bridgewater,24,1.71996983367717
2014,13,New England Patriots,00-0019596,Tom Brady,36,12.3990875018553
2014,13,New Orleans Saints,00-0020531,Drew Brees,28,16.9380496586673
2014,13,New York Giants,00-0022803,Eli Manning,38,-1.55206569924213
2014,13,New York Jets,00-0030565,Geno Smith,15,-4.86847456458895
2014,13,Philadelphia Eagles,00-0026898,Mark Sanchez,30,9.06498993403195
2014,13,Pittsburgh Steelers,00-0022924,Ben Roethlisberger,59,9.88543772070733
2014,13,San Francisco 49ers,00-0027974,Colin Kaepernick,33,-15.9588858524502
2014,13,Seattle Seahawks,00-0029263,Russell Wilson,26,7.61723617212994
2014,13,Tampa Bay Buccaneers,00-0021206,Josh McCown,30,-3.93825277697739
2014,13,Tennessee Titans,00-0027946,Jake Locker,14,-17.3946645128308
2014,13,Tennessee Titans,00-0031266,Zach Mettenberger,20,1.7562942369841
2014,13,Washington Commanders,00-0027688,Colt McCoy,53,-0.204272626253884
2014,14,Arizona Cardinals,00-0025430,Drew Stanton,32,5.90109813144488
2014,14,Atlanta Falcons,00-0026143,Matt Ryan,40,22.7106495901368
2014,14,Baltimore Ravens,00-0026158,Joe Flacco,34,10.5635624345741
2014,14,Buffalo Bills,00-0023541,Kyle Orton,61,2.85141472396465
2014,14,Carolina Panthers,00-0027939,Cam Newton,33,10.4400230794274
2014,14,Chicago Bears,00-0024226,Jay Cutler,46,12.4567269506806
2014,14,Cincinnati Bengals,00-0023460,Jason Campbell,7,-3.04661444277735
2014,14,Cincinnati Bengals,00-0027973,Andy Dalton,31,11.6428621098166
2014,14,Cleveland Browns,00-0026625,Brian Hoyer,31,-11.6219578134334
2014,14,Dallas Cowboys,00-0021678,Tony Romo,27,16.1324569825665
2014,14,Denver Broncos,00-0010346,Peyton Manning,20,-1.78825385316092
2014,14,Detroit Lions,00-0026498,Matthew Stafford,38,15.4600750783029
2014,14,Green Bay Packers,00-0023459,Aaron Rodgers,37,18.1926620066509
2014,14,Houston Texans,00-0023682,Ryan Fitzpatrick,20,1.60017897527858
2014,14,Indianapolis Colts,00-0029668,Andrew Luck,56,-21.471482560323
2014,14,Jacksonville Jaguars,00-0031407,Blake Bortles,43,-9.05554504285746
2014,14,Kansas City Chiefs,00-0023436,Alex Smith,44,-3.22237648087321
2014,14,Las Vegas Raiders,00-0031280,Derek Carr,29,13.3643802556944
2014,14,Los Angeles Chargers,00-0022942,Philip Rivers,37,-7.12373348325491
2014,14,Los Angeles Rams,00-0020679,Shaun Hill,26,9.97124750493129
2014,14,Miami Dolphins,00-0029701,Ryan Tannehill,39,-2.67978538728718
2014,14,Minnesota Vikings,00-0031237,Teddy Bridgewater,30,12.4164258119
2014,14,New England Patriots,00-0019596,Tom Brady,45,4.59068368133372
2014,14,New Orleans Saints,00-0020531,Drew Brees,51,-14.7008403813589
2014,14,New York Giants,00-0022803,Eli Manning,42,1.06995753579914
2014,14,New York Jets,00-0030565,Geno Smith,32,3.15577717653764
2014,14,Philadelphia Eagles,00-0026898,Mark Sanchez,23,-11.0443535944214
2014,14,Pittsburgh Steelers,00-0022924,Ben Roethlisberger,39,18.4270677462333
2014,14,San Francisco 49ers,00-0027974,Colin Kaepernick,38,-5.9629523419938
2014,14,Seattle Seahawks,00-0029263,Russell Wilson,39,7.18283446421429
2014,14,Tampa Bay Buccaneers,00-0021206,Josh McCown,45,-5.39584188082299
2014,14,Tennessee Titans,00-0027946,Jake Locker,14,-6.60657161066774
2014,14,Tennessee Titans,00-0031266,Zach Mettenberger,29,-20.2668794913736
2014,14,Washington Commanders,00-0027688,Colt McCoy,38,-10.7723128506914
2014,14,Washington Commanders,00-0029665,Robert Griffin,5,-1.71457775606541
2014,15,Arizona Cardinals,00-0025430,Drew Stanton,21,-5.4289745583558
2014,15,Arizona Cardinals,00-0029531,Ryan Lindley,10,-5.3617130743996
2014,15,Atlanta Falcons,00-0026143,Matt Ryan,37,3.35072440117725
2014,15,Baltimore Ravens,00-0026158,Joe Flacco,30,6.78099698399595
2014,15,Buffalo Bills,00-0023541,Kyle Orton,30,-9.84471452279342
2014,15,Carolina Panthers,00-0023645,Derek Anderson,43,7.21131410738037
2014,15,Chicago Bears,00-0024226,Jay Cutler,38,-15.8865451830933
2014,15,Cincinnati Bengals,00-0027973,Andy Dalton,26,-4.7142714419061
2014,15,Cleveland Browns,00-0031409,Johnny Manziel,21,-16.336127668561
2014,15,Dallas Cowboys,00-0021678,Tony Romo,34,15.9281241094935
2014,15,Denver Broncos,00-0010346,Peyton Manning,21,13.4379469338579
2014,15,Denver Broncos,00-0029682,Brock Osweiler,2,-1.23911118670367
2014,15,Detroit Lions,00-0026498,Matthew Stafford,28,-2.06304247428523
2014,15,Green Bay Packers,00-0023459,Aaron Rodgers,43,-13.97799274803
2014,15,Houston Texans,00-0023682,Ryan Fitzpatrick,6,-1.41168131050654
2014,15,Houston Texans,00-0031064,Tom Savage,20,-2.21830215863884
2014,15,Indianapolis Colts,00-0029668,Andrew Luck,36,-10.2969317366951
2014,15,Jacksonville Jaguars,00-0031407,Blake Bortles,45,-11.6368009760475
2014,15,Kansas City Chiefs,00-0023436,Alex Smith,31,13.1559854089841
2014,15,Kansas City Chiefs,00-0026544,Chase Daniel,1,-1.12437653613159
2014,15,Las Vegas Raiders,00-0031280,Derek Carr,60,-16.691399421519
2014,15,Los Angeles Chargers,00-0022942,Philip Rivers,41,-3.50216989246273
2014,15,Los Angeles Rams,00-0020679,Shaun Hill,41,-8.69589733946114
2014,15,Miami Dolphins,00-0029701,Ryan Tannehill,51,-4.12360511649779
2014,15,Minnesota Vikings,00-0031237,Teddy Bridgewater,45,-5.4934103575888
2014,15,New England Patriots,00-0019596,Tom Brady,35,7.74412781924337
2014,15,New Orleans Saints,00-0020531,Drew Brees,38,24.127712302783
2014,15,New York Giants,00-0022803,Eli Manning,35,10.2411412098554
2014,15,New York Jets,00-0030565,Geno Smith,31,1.10472435104302
2014,15,Philadelphia Eagles,00-0026898,Mark Sanchez,32,3.57679134305002
2014,15,Pittsburgh Steelers,00-0022924,Ben Roethlisberger,36,17.330650193198
2014,15,San Francisco 49ers,00-0027974,Colin Kaepernick,25,-3.1571687242249
2014,15,Seattle Seahawks,00-0029263,Russell Wilson,29,1.6599356527953
2014,15,Tampa Bay Buccaneers,00-0021206,Josh McCown,31,-8.04533816088174
2014,15,Tennessee Titans,00-0024296,Charlie Whitehurst,25,-3.75514482567041
2014,15,Tennessee Titans,00-0027946,Jake Locker,11,-2.07977712036147
2014,15,Washington Commanders,00-0027688,Colt McCoy,7,0.854126971177842
2014,15,Washington Commanders,00-0029665,Robert Griffin,34,-3.96950094070024
2014,16,Arizona Cardinals,00-0029531,Ryan Lindley,48,-18.2692769683949
2014,16,Atlanta Falcons,00-0026143,Matt Ryan,40,17.6116795164184
2014,16,Baltimore Ravens,00-0026158,Joe Flacco,52,-22.9697219135559
2014,16,Buffalo Bills,00-0023541,Kyle Orton,51,2.55412469145326
2014,16,Carolina Panthers,00-0027939,Cam Newton,32,3.58973037235206
2014,16,Chicago Bears,00-0027659,Jimmy Clausen,41,-4.3959135969053
2014,16,Cincinnati Bengals,00-0027973,Andy Dalton,25,-7.58892721237391
2014,16,Cleveland Browns,00-0026625,Brian Hoyer,16,1.12554744037334
2014,16,Cleveland Browns,00-0031409,Johnny Manziel,8,1.05600435753574
2014,16,Dallas Cowboys,00-0021678,Tony Romo,21,21.8297611553168
2014,16,Dallas Cowboys,00-0029677,Brandon Weeden,1,4.87275014701299
2014,16,Denver Broncos,00-0010346,Peyton Manning,46,-9.24621683085897
2014,16,Detroit Lions,00-0026498,Matthew Stafford,43,-0.252140890146178
2014,16,Green Bay Packers,00-0023459,Aaron Rodgers,41,11.7754435348003
2014,16,Houston Texans,00-0028986,Case Keenum,42,-10.8646605910671
2014,16,Indianapolis Colts,00-0007091,Matt Hasselbeck,23,-7.47747665224597
2014,16,Indianapolis Colts,00-0029668,Andrew Luck,22,-10.4777863646159
2014,16,Jacksonville Jaguars,00-0031407,Blake Bortles,30,-5.74059398361715
2014,16,Kansas City Chiefs,00-0023436,Alex Smith,51,8.00202173532482
2014,16,Las Vegas Raiders,00-0031280,Derek Carr,35,1.53095067410098
2014,16,Los Angeles Chargers,00-0022942,Philip Rivers,56,2.4418137317989
2014,16,Los Angeles Rams,00-0020679,Shaun Hill,34,2.39334957154675
2014,16,Miami Dolphins,00-0029701,Ryan Tannehill,48,19.2631491359789
2014,16,Minnesota Vikings,00-0031237,Teddy Bridgewater,30,9.71716320404035
2014,16,New England Patriots,00-0019596,Tom Brady,39,-4.43325851770249
2014,16,New Orleans Saints,00-0020531,Drew Brees,52,-9.15860569523647
2014,16,New York Giants,00-0022803,Eli Manning,33,27.0356278600978
2014,16,New York Jets,00-0030565,Geno Smith,29,2.16766270155323
2014,16,Philadelphia Eagles,00-0026898,Mark Sanchez,53,16.9668837238627
2014,16,Pittsburgh Steelers,00-0022924,Ben Roethlisberger,26,8.56947909057446
2014,16,San Francisco 49ers,00-0027974,Colin Kaepernick,26,-8.64065739721766
2014,16,Seattle Seahawks,00-0024279,Tarvaris Jackson,1,-0.541864283848554
2014,16,Seattle Seahawks,00-0029263,Russell Wilson,32,12.5502720327226
2014,16,Tampa Bay Buccaneers,00-0021206,Josh McCown,33,-15.7580309385376
2014,16,Tennessee Titans,00-0024296,Charlie Whitehurst,39,4.18969338971781
2014,16,Washington Commanders,00-0029665,Robert Griffin,25,7.5026672092157
2014,17,Arizona Cardinals,00-0029531,Ryan Lindley,41,7.23752195541617
2014,17,Atlanta Falcons,00-0026143,Matt Ryan,53,-21.3402658280512
2014,17,Baltimore Ravens,00-0026158,Joe Flacco,37,6.38727044850197
2014,17,Buffalo Bills,00-0023541,Kyle Orton,25,2.40183059372969
2014,17,Carolina Panthers,00-0027939,Cam Newton,17,1.9137812105419
2014,17,Chicago Bears,00-0024226,Jay Cutler,38,-7.1745260261984
2014,17,Cincinnati Bengals,00-0027973,Andy Dalton,41,0.0209743684988235
2014,17,Cleveland Browns,00-0030661,Connor Shaw,32,-1.81277436999723
2014,17,Dallas Cowboys,00-0021678,Tony Romo,34,8.08808264891697
2014,17,Denver Broncos,00-0010346,Peyton Manning,38,3.86767770508419
2014,17,Denver Broncos,00-0029682,Brock Osweiler,2,5.42986121607828
2014,17,Detroit Lions,00-0026498,Matthew Stafford,43,-3.41751721559558
2014,17,Green Bay Packers,00-0023459,Aaron Rodgers,22,17.4620248308148
2014,17,Green Bay Packers,00-0026349,Matt Flynn,2,-2.27782091265544
2014,17,Houston Texans,00-0028986,Case Keenum,38,-6.83046630042372
2014,17,Indianapolis Colts,00-0007091,Matt Hasselbeck,19,7.32408039894684
2014,17,Indianapolis Colts,00-0029668,Andrew Luck,17,9.05552674146458
2014,17,Jacksonville Jaguars,00-0031407,Blake Bortles,38,-14.6641556745215
2014,17,Kansas City Chiefs,00-0026544,Chase Daniel,31,-7.48662703308623
2014,17,Las Vegas Raiders,00-0031280,Derek Carr,39,-12.5080367967021
2014,17,Los Angeles Chargers,00-0022942,Philip Rivers,41,-6.72647049683362
2014,17,Los Angeles Rams,00-0020679,Shaun Hill,41,-12.9003554763624
2014,17,Miami Dolphins,00-0029701,Ryan Tannehill,46,-10.2222696223259
2014,17,Minnesota Vikings,00-0031237,Teddy Bridgewater,28,-0.972617163464479
2014,17,New England Patriots,00-0019596,Tom Brady,17,-1.88034874560961
2014,17,New England Patriots,00-0031345,Jimmy Garoppolo,20,-9.96181258203412
2014,17,New Orleans Saints,00-0020531,Drew Brees,40,5.39809956747922
2014,17,New York Giants,00-0022803,Eli Manning,53,5.19789844905265
2014,17,New York Jets,00-0030565,Geno Smith,26,25.2729837284714
2014,17,Philadelphia Eagles,00-0026898,Mark Sanchez,40,4.97332380353051
2014,17,Pittsburgh Steelers,00-0022924,Ben Roethlisberger,38,9.32434559833306
2014,17,San Francisco 49ers,00-0027974,Colin Kaepernick,27,6.7741543033682
2014,17,Seattle Seahawks,00-0029263,Russell Wilson,28,-3.39110933456985
2014,17,Tampa Bay Buccaneers,00-0021206,Josh McCown,26,0.409856622759632
2014,17,Tennessee Titans,00-0024296,Charlie Whitehurst,32,-14.1564225440403
2014,17,Tennessee Titans,00-0025592,Jordan Palmer,3,-4.00420621800004
2014,17,Washington Commanders,00-0029665,Robert Griffin,44,-9.72713770579901
2015,1,Arizona Cardinals,00-0021429,Carson Palmer,32,16.2506380005682
2015,1,Atlanta Falcons,00-0026143,Matt Ryan,35,1.31433544289497
2015,1,Baltimore Ravens,00-0026158,Joe Flacco,34,-17.5780552389168
2015,1,Buffalo Bills,00-0028118,Tyrod Taylor,19,9.97263757537475
2015,1,Carolina Panthers,00-0027939,Cam Newton,33,-0.279408196602506
2015,1,Chicago Bears,00-0024226,Jay Cutler,38,0.229273152718985
2015,1,Cincinnati Bengals,00-0027973,Andy Dalton,34,13.9053901807135
2015,1,Cleveland Browns,00-0021206,Josh McCown,8,2.09244405513164
2015,1,Cleveland Browns,00-0031409,Johnny Manziel,27,-6.13367954723071
2015,1,Dallas Cowboys,00-0021678,Tony Romo,45,9.17503307961302
2015,1,Denver Broncos,00-0010346,Peyton Manning,44,-12.0476240715165
2015,1,Detroit Lions,00-0026498,Matthew Stafford,31,-1.25578678783495
2015,1,Green Bay Packers,00-0023459,Aaron Rodgers,23,13.3896735745191
2015,1,Houston Texans,00-0026625,Brian Hoyer,38,-12.2316749732324
2015,1,Houston Texans,00-0028012,Ryan Mallett,14,5.7620637033456
2015,1,Indianapolis Colts,00-0029668,Andrew Luck,51,2.27766389291067
2015,1,Jacksonville Jaguars,00-0031407,Blake Bortles,45,-15.522407353395
2015,1,Kansas City Chiefs,00-0023436,Alex Smith,35,5.9532061904133
2015,1,Las Vegas Raiders,00-0030419,Matt McGloin,33,-4.33034585749544
2015,1,Las Vegas Raiders,00-0031280,Derek Carr,12,0.630386288976297
2015,1,Los Angeles Chargers,00-0022942,Philip Rivers,43,12.4089356631098
2015,1,Los Angeles Rams,00-0029567,Nick Foles,29,6.43403027557816
2015,1,Miami Dolphins,00-0029701,Ryan Tannehill,37,0.145434945875656
2015,1,Minnesota Vikings,00-0031237,Teddy Bridgewater,37,-18.1450002969236
2015,1,New England Patriots,00-0019596,Tom Brady,34,15.9613508607436
2015,1,New Orleans Saints,00-0020531,Drew Brees,50,1.8298234829922
2015,1,New York Giants,00-0022803,Eli Manning,37,-0.025332878785274
2015,1,New York Jets,00-0023682,Ryan Fitzpatrick,24,10.3260208238147
2015,1,Philadelphia Eagles,00-0027854,Sam Bradford,52,4.61401340391157
2015,1,Pittsburgh Steelers,00-0022924,Ben Roethlisberger,40,17.6669418764185
2015,1,San Francisco 49ers,00-0027974,Colin Kaepernick,27,1.05288968271499
2015,1,Seattle Seahawks,00-0029263,Russell Wilson,47,-7.47573042710369
2015,1,Tampa Bay Buccaneers,00-0031503,Jameis Winston,37,-10.1809144356812
2015,1,Tennessee Titans,00-0032268,Marcus Mariota,17,19.1465771911317
2015,1,Washington Commanders,00-0029604,Kirk Cousins,32,0.719114025094314
2015,2,Arizona Cardinals,00-0021429,Carson Palmer,24,11.2732827445725
2015,2,Atlanta Falcons,00-0026143,Matt Ryan,48,17.2217924976327
2015,2,Baltimore Ravens,00-0026158,Joe Flacco,45,16.8523721917199
2015,2,Buffalo Bills,00-0028118,Tyrod Taylor,38,-7.10747900079866
2015,2,Carolina Panthers,00-0027939,Cam Newton,39,-7.35369155168095
2015,2,Chicago Bears,00-0024226,Jay Cutler,9,1.96803094565985
2015,2,Chicago Bears,00-0027659,Jimmy Clausen,25,-11.046777845074
2015,2,Cincinnati Bengals,00-0027973,Andy Dalton,26,10.0062864363779
2015,2,Cleveland Browns,00-0031409,Johnny Manziel,17,3.78635357500752
2015,2,Dallas Cowboys,00-0021678,Tony Romo,30,-1.5420915086808
2015,2,Dallas Cowboys,00-0029677,Brandon Weeden,7,4.55597738584038
2015,2,Denver Broncos,00-0010346,Peyton Manning,48,-2.29492816278208
2015,2,Detroit Lions,00-0026498,Matthew Stafford,54,4.40772907534383
2015,2,Green Bay Packers,00-0023459,Aaron Rodgers,35,10.5308632716375
2015,2,Houston Texans,00-0028012,Ryan Mallett,59,-12.3935485094886
2015,2,Indianapolis Colts,00-0029668,Andrew Luck,37,-4.26618515695686
2015,2,Jacksonville Jaguars,00-0031407,Blake Bortles,33,7.36777422890642
2015,2,Kansas City Chiefs,00-0023436,Alex Smith,29,-8.26751378584465
2015,2,Las Vegas Raiders,00-0031280,Derek Carr,47,13.3155233187503
2015,2,Los Angeles Chargers,00-0022942,Philip Rivers,31,2.29855951122758
2015,2,Los Angeles Rams,00-0029567,Nick Foles,33,-10.9753206558999
2015,2,Miami Dolphins,00-0029701,Ryan Tannehill,46,13.1956433019634
2015,2,Minnesota Vikings,00-0031237,Teddy Bridgewater,19,6.54532095869135
2015,2,New England Patriots,00-0019596,Tom Brady,61,10.4452876234876
2015,2,New Orleans Saints,00-0020531,Drew Brees,42,-2.07852828549448
2015,2,New York Giants,00-0022803,Eli Manning,42,9.78011124272598
2015,2,New York Jets,00-0023682,Ryan Fitzpatrick,35,5.46905631922421
2015,2,Philadelphia Eagles,00-0027854,Sam Bradford,38,-8.03764403259426
2015,2,Pittsburgh Steelers,00-0022924,Ben Roethlisberger,27,25.5728483155838
2015,2,San Francisco 49ers,00-0027974,Colin Kaepernick,51,12.1361920704387
2015,2,Seattle Seahawks,00-0029263,Russell Wilson,32,0.7142070150172
2015,2,Tampa Bay Buccaneers,00-0031503,Jameis Winston,24,-0.061825401025206
2015,2,Tennessee Titans,00-0032268,Marcus Mariota,44,-2.37149620181299
2015,2,Washington Commanders,00-0029604,Kirk Cousins,29,4.84419723165554
2015,3,Arizona Cardinals,00-0021429,Carson Palmer,33,11.2831548507302
2015,3,Atlanta Falcons,00-0026143,Matt Ryan,37,13.9260176929698
2015,3,Baltimore Ravens,00-0026158,Joe Flacco,49,6.43605414381779
2015,3,Buffalo Bills,00-0028118,Tyrod Taylor,29,22.7791782353326
2015,3,Carolina Panthers,00-0027939,Cam Newton,32,13.6495200887279
2015,3,Chicago Bears,00-0027659,Jimmy Clausen,19,-8.96522977889981
2015,3,Cincinnati Bengals,00-0027973,Andy Dalton,34,8.90209192543989
2015,3,Cleveland Browns,00-0021206,Josh McCown,54,9.33179691784351
2015,3,Dallas Cowboys,00-0029677,Brandon Weeden,28,1.59616809160798
2015,3,Denver Broncos,00-0010346,Peyton Manning,43,8.19698841637
2015,3,Detroit Lions,00-0026498,Matthew Stafford,49,-8.9686561615963
2015,3,Green Bay Packers,00-0023459,Aaron Rodgers,36,15.959324082184
2015,3,Houston Texans,00-0028012,Ryan Mallett,40,1.45221835579145
2015,3,Indianapolis Colts,00-0029668,Andrew Luck,33,-3.42657695151866
2015,3,Jacksonville Jaguars,00-0031407,Blake Bortles,35,7.5054420353992
2015,3,Kansas City Chiefs,00-0023436,Alex Smith,47,-0.0336289750700817
2015,3,Las Vegas Raiders,00-0031280,Derek Carr,32,15.8923775954034
2015,3,Los Angeles Chargers,00-0022942,Philip Rivers,38,-12.1131012790138
2015,3,Los Angeles Chargers,00-0024264,Kellen Clemens,6,7.16460839501815
2015,3,Los Angeles Rams,00-0029567,Nick Foles,30,-6.81996518376217
2015,3,Miami Dolphins,00-0029701,Ryan Tannehill,51,-14.8237563708534
2015,3,Minnesota Vikings,00-0031237,Teddy Bridgewater,24,-4.47025258219107
2015,3,New England Patriots,00-0019596,Tom Brady,44,22.5693214871342
2015,3,New Orleans Saints,00-0022864,Luke McCown,39,11.7270257597998
2015,3,New York Giants,00-0022803,Eli Manning,32,16.9437847794157
2015,3,New York Jets,00-0023682,Ryan Fitzpatrick,59,-13.0685479898933
2015,3,Philadelphia Eagles,00-0027854,Sam Bradford,29,-3.60089336447032
2015,3,Pittsburgh Steelers,00-0020245,Mike Vick,8,-4.59048622752734
2015,3,Pittsburgh Steelers,00-0022924,Ben Roethlisberger,27,6.91759190340247
2015,3,San Francisco 49ers,00-0027974,Colin Kaepernick,21,-23.9202492967015
2015,3,Seattle Seahawks,00-0029263,Russell Wilson,34,5.61890855492181
2015,3,Tampa Bay Buccaneers,00-0031503,Jameis Winston,36,-2.16704166395086
2015,3,Tennessee Titans,00-0032268,Marcus Mariota,47,0.329351131221045
2015,3,Washington Commanders,00-0029604,Kirk Cousins,50,4.17025496096477
2015,4,Arizona Cardinals,00-0021429,Carson Palmer,50,4.63236620270327
2015,4,Atlanta Falcons,00-0026143,Matt Ryan,29,9.6473968407372
2015,4,Baltimore Ravens,00-0026158,Joe Flacco,38,-9.59339946075746
2015,4,Buffalo Bills,00-0028118,Tyrod Taylor,44,-3.40292873800771
2015,4,Carolina Panthers,00-0027939,Cam Newton,24,-0.922326326046192
2015,4,Chicago Bears,00-0024226,Jay Cutler,46,12.3326264925709
2015,4,Cincinnati Bengals,00-0027973,Andy Dalton,24,19.2883223134002
2015,4,Cleveland Browns,00-0021206,Josh McCown,45,9.6807553220194
2015,4,Dallas Cowboys,00-0029677,Brandon Weeden,29,10.8321919677898
2015,4,Denver Broncos,00-0010346,Peyton Manning,29,-1.96924767119968
2015,4,Detroit Lions,00-0026498,Matthew Stafford,35,1.16130888421314
2015,4,Green Bay Packers,00-0023459,Aaron Rodgers,35,4.87331884461098
2015,4,Houston Texans,00-0026625,Brian Hoyer,31,13.3868317920133
2015,4,Houston Texans,00-0028012,Ryan Mallett,27,-8.71559994768025
2015,4,Indianapolis Colts,00-0007091,Matt Hasselbeck,50,3.41963919475313
2015,4,Jacksonville Jaguars,00-0031407,Blake Bortles,51,0.954997520389626
2015,4,Kansas City Chiefs,00-0023436,Alex Smith,50,8.23946066303306
2015,4,Las Vegas Raiders,00-0031280,Derek Carr,35,-0.771419065464234
2015,4,Los Angeles Chargers,00-0022942,Philip Rivers,40,13.0240196696222
2015,4,Los Angeles Rams,00-0029567,Nick Foles,25,4.31360785346586
2015,4,Miami Dolphins,00-0029701,Ryan Tannehill,47,-20.5678418450989
2015,4,Minnesota Vikings,00-0031237,Teddy Bridgewater,48,-1.0808265789661
2015,4,New Orleans Saints,00-0020531,Drew Brees,44,8.83407713519274
2015,4,New York Giants,00-0022803,Eli Manning,36,-1.88753530940822
2015,4,New York Jets,00-0023682,Ryan Fitzpatrick,29,7.08709959620996
2015,4,Philadelphia Eagles,00-0027854,Sam Bradford,33,8.92953717471231
2015,4,Pittsburgh Steelers,00-0020245,Mike Vick,30,-15.8462855339287
2015,4,San Francisco 49ers,00-0027974,Colin Kaepernick,31,-8.09207373065023
2015,4,Seattle Seahawks,00-0029263,Russell Wilson,32,-2.58451556236489
2015,4,Tampa Bay Buccaneers,00-0031503,Jameis Winston,45,-14.9844965945057
2015,4,Washington Commanders,00-0029604,Kirk Cousins,47,11.4633920884347
2015,5,Arizona Cardinals,00-0021429,Carson Palmer,16,9.0635107755661
2015,5,Arizona Cardinals,00-0025430,Drew Stanton,4,-2.43527261936106
2015,5,Atlanta Falcons,00-0026143,Matt Ryan,45,-8.85490739734663
2015,5,Baltimore Ravens,00-0026158,Joe Flacco,36,1.6191420984042
2015,5,Buffalo Bills,00-0028118,Tyrod Taylor,21,-2.9825422357535
2015,5,Chicago Bears,00-0024226,Jay Cutler,47,-1.94853926980146
2015,5,Cincinnati Bengals,00-0027973,Andy Dalton,48,7.21045928579406
2015,5,Cleveland Browns,00-0021206,Josh McCown,55,15.8328118111581
2015,5,Dallas Cowboys,00-0029677,Brandon Weeden,42,-15.5454103342764
2015,5,Denver Broncos,00-0010346,Peyton Manning,37,-6.63255495489126
2015,5,Detroit Lions,00-0023578,Dan Orlovsky,38,-0.199706768974083
2015,5,Detroit Lions,00-0026498,Matthew Stafford,33,-10.6080109570175
2015,5,Green Bay Packers,00-0023459,Aaron Rodgers,32,-5.97664479118517
2015,5,Houston Texans,00-0026625,Brian Hoyer,31,17.1012608437039
2015,5,Houston Texans,00-0028012,Ryan Mallett,11,-2.50671523372876
2015,5,Indianapolis Colts,00-0007091,Matt Hasselbeck,29,10.8490357954949
2015,5,Jacksonville Jaguars,00-0031407,Blake Bortles,39,8.82595242541746
2015,5,Kansas City Chiefs,00-0023436,Alex Smith,33,-4.09980053714402
2015,5,Las Vegas Raiders,00-0031280,Derek Carr,43,-13.7040027931813
2015,5,Los Angeles Chargers,00-0022942,Philip Rivers,50,3.45738899537312
2015,5,Los Angeles Rams,00-0029567,Nick Foles,33,-25.9629859991959
2015,5,New England Patriots,00-0019596,Tom Brady,32,10.9045625174226
2015,5,New Orleans Saints,00-0020531,Drew Brees,48,-7.37119676716084
2015,5,New York Giants,00-0022803,Eli Manning,54,21.8544802602373
2015,5,Philadelphia Eagles,00-0027854,Sam Bradford,45,2.15565957325534
2015,5,Pittsburgh Steelers,00-0020245,Mike Vick,29,-2.38465728463143
2015,5,San Francisco 49ers,00-0027974,Colin Kaepernick,37,9.98279613067582
2015,5,Seattle Seahawks,00-0029263,Russell Wilson,27,-2.17549338824988
2015,5,Tampa Bay Buccaneers,00-0031503,Jameis Winston,21,13.913666073797
2015,5,Tennessee Titans,00-0032268,Marcus Mariota,34,-1.91215478993719
2015,5,Washington Commanders,00-0029604,Kirk Cousins,33,-8.04828742149046
2015,6,Arizona Cardinals,00-0021429,Carson Palmer,46,7.04975780787807
2015,6,Atlanta Falcons,00-0026143,Matt Ryan,49,5.92647598771146
2015,6,Baltimore Ravens,00-0026158,Joe Flacco,53,4.47542660547251
2015,6,Buffalo Bills,00-0030526,EJ Manuel,44,-0.287210216396488
2015,6,Carolina Panthers,00-0027939,Cam Newton,39,1.70211937345448
2015,6,Chicago Bears,00-0024226,Jay Cutler,42,8.28474030188889
2015,6,Cincinnati Bengals,00-0027973,Andy Dalton,33,15.8219263016649
2015,6,Cleveland Browns,00-0021206,Josh McCown,43,-23.2269620462803
2015,6,Denver Broncos,00-0010346,Peyton Manning,48,-11.2485872015346
2015,6,Detroit Lions,00-0026498,Matthew Stafford,44,10.7460924559728
2015,6,Green Bay Packers,00-0023459,Aaron Rodgers,32,4.66583178723415
2015,6,Houston Texans,00-0026625,Brian Hoyer,37,17.3830184115098
2015,6,Indianapolis Colts,00-0029668,Andrew Luck,53,2.22970431781141
2015,6,Jacksonville Jaguars,00-0031407,Blake Bortles,56,-3.52878899217467
2015,6,Kansas City Chiefs,00-0023436,Alex Smith,39,6.05226837578358
2015,6,Los Angeles Chargers,00-0022942,Philip Rivers,68,19.9096262642922
2015,6,Miami Dolphins,00-0029701,Ryan Tannehill,31,6.95032977935625
2015,6,Minnesota Vikings,00-0031237,Teddy Bridgewater,33,0.381931298228562
2015,6,New England Patriots,00-0019596,Tom Brady,39,7.56552106454449
2015,6,New Orleans Saints,00-0020531,Drew Brees,40,17.1016296676393
2015,6,New York Giants,00-0022803,Eli Manning,41,-14.3663551000063
2015,6,New York Jets,00-0023682,Ryan Fitzpatrick,26,12.4218104520003
2015,6,Philadelphia Eagles,00-0027854,Sam Bradford,39,-3.79348595890118
2015,6,Pittsburgh Steelers,00-0020245,Mike Vick,9,-7.82327793472287
2015,6,Pittsburgh Steelers,00-0030524,Landry Jones,12,12.0514819876468
2015,6,San Francisco 49ers,00-0027974,Colin Kaepernick,30,10.7198443420517
2015,6,Seattle Seahawks,00-0029263,Russell Wilson,34,1.37856916304779
2015,6,Tennessee Titans,00-0031266,Zach Mettenberger,9,-2.14211138419341
2015,6,Tennessee Titans,00-0032268,Marcus Mariota,38,-20.4215857808507
2015,6,Washington Commanders,00-0029604,Kirk Cousins,44,-8.01905273192126
2015,7,Arizona Cardinals,00-0021429,Carson Palmer,31,9.7163814582322
2015,7,Atlanta Falcons,00-0026143,Matt Ryan,38,-5.00222192862642
2015,7,Baltimore Ravens,00-0026158,Joe Flacco,43,5.84486756617374
2015,7,Buffalo Bills,00-0030526,EJ Manuel,46,-10.8217526092915
2015,7,Carolina Panthers,00-0027939,Cam Newton,25,-4.58656027185348
2015,7,Cleveland Browns,00-0021206,Josh McCown,36,-2.96183914517034
2015,7,Cleveland Browns,00-0031409,Johnny Manziel,5,-0.36519872257486
2015,7,Dallas Cowboys,00-0023662,Matt Cassel,28,-8.12715771535187
2015,7,Detroit Lions,00-0026498,Matthew Stafford,33,-5.60909647223129
2015,7,Houston Texans,00-0026625,Brian Hoyer,53,-3.40192211583769
2015,7,Indianapolis Colts,00-0029668,Andrew Luck,48,-9.03560370404739
2015,7,Jacksonville Jaguars,00-0031407,Blake Bortles,31,-0.685091824620031
2015,7,Kansas City Chiefs,00-0023436,Alex Smith,34,6.7846211591151
2015,7,Las Vegas Raiders,00-0031280,Derek Carr,32,12.5599889950106
2015,7,Los Angeles Chargers,00-0022942,Philip Rivers,59,-0.247742609885763
2015,7,Los Angeles Rams,00-0029567,Nick Foles,25,-4.96075253185107
2015,7,Miami Dolphins,00-0025708,Matt Moore,1,1.98970692406874
2015,7,Miami Dolphins,00-0029701,Ryan Tannehill,23,11.5697081619439
2015,7,Minnesota Vikings,00-0031237,Teddy Bridgewater,39,15.6178315467838
2015,7,New England Patriots,00-0019596,Tom Brady,57,7.73136512643283
2015,7,New Orleans Saints,00-0020531,Drew Brees,46,-4.7011658634292
2015,7,New Orleans Saints,00-0022864,Luke McCown,1,4.26640907290857
2015,7,New York Giants,00-0022803,Eli Manning,26,-0.330764354036387
2015,7,New York Jets,00-0023682,Ryan Fitzpatrick,41,11.0297523426799
2015,7,Philadelphia Eagles,00-0027854,Sam Bradford,51,-14.5303095888391
2015,7,Pittsburgh Steelers,00-0030524,Landry Jones,31,-8.04063389987137
2015,7,San Francisco 49ers,00-0027974,Colin Kaepernick,30,-11.3140955095338
2015,7,Seattle Seahawks,00-0029263,Russell Wilson,29,4.10399200738127
2015,7,Tampa Bay Buccaneers,00-0031503,Jameis Winston,30,17.5399744835761
2015,7,Tennessee Titans,00-0031266,Zach Mettenberger,36,-13.6831891556503
2015,7,Washington Commanders,00-0029604,Kirk Cousins,41,5.77556730588057
2015,8,Arizona Cardinals,00-0021429,Carson Palmer,39,25.4575451563305
2015,8,Atlanta Falcons,00-0026143,Matt Ryan,46,20.9110718318687
2015,8,Baltimore Ravens,00-0026158,Joe Flacco,40,10.8332878741435
2015,8,Carolina Panthers,00-0027939,Cam Newton,37,-0.583720300359341
2015,8,Chicago Bears,00-0024226,Jay Cutler,34,4.56992855485329
2015,8,Cincinnati Bengals,00-0027973,Andy Dalton,41,0.830275795473471
2015,8,Cleveland Browns,00-0021206,Josh McCown,35,3.66789863214945
2015,8,Cleveland Browns,00-0031409,Johnny Manziel,6,-2.54338167142123
2015,8,Dallas Cowboys,00-0023662,Matt Cassel,26,-7.78822838324021
2015,8,Denver Broncos,00-0010346,Peyton Manning,29,15.9861454364837
2015,8,Detroit Lions,00-0023578,Dan Orlovsky,2,0.303095959126949
2015,8,Detroit Lions,00-0026498,Matthew Stafford,42,-12.3575777936992
2015,8,Green Bay Packers,00-0023459,Aaron Rodgers,25,-11.7051175549627
2015,8,Houston Texans,00-0026625,Brian Hoyer,38,-3.66667801881064
2015,8,Indianapolis Colts,00-0029668,Andrew Luck,49,-7.38001565004883
2015,8,Kansas City Chiefs,00-0023436,Alex Smith,29,3.42965009415092
2015,8,Kansas City Chiefs,00-0026544,Chase Daniel,2,0.638592039118521
2015,8,Las Vegas Raiders,00-0031280,Derek Carr,36,16.6942151074336
2015,8,Los Angeles Chargers,00-0022942,Philip Rivers,38,16.8132339223773
2015,8,Los Angeles Rams,00-0029567,Nick Foles,23,2.56678621770541
2015,8,Miami Dolphins,00-0029701,Ryan Tannehill,49,-9.71495667394319
2015,8,Minnesota Vikings,00-0031237,Teddy Bridgewater,31,0.356969258386913
2015,8,New England Patriots,00-0019596,Tom Brady,40,15.967562040324
2015,8,New Orleans Saints,00-0020531,Drew Brees,50,23.2640361138037
2015,8,New York Giants,00-0022803,Eli Manning,44,24.5458088082378
2015,8,New York Jets,00-0023682,Ryan Fitzpatrick,5,3.42359987186501
2015,8,New York Jets,00-0030565,Geno Smith,45,1.32179962419674
2015,8,Pittsburgh Steelers,00-0022924,Ben Roethlisberger,48,-12.7304561467427
2015,8,San Francisco 49ers,00-0027974,Colin Kaepernick,44,-16.9064484636561
2015,8,Seattle Seahawks,00-0029263,Russell Wilson,30,1.40530749600338
2015,8,Tampa Bay Buccaneers,00-0031503,Jameis Winston,31,2.35798087294378
2015,8,Tennessee Titans,00-0031266,Zach Mettenberger,38,-22.6171878210249
2015,9,Atlanta Falcons,00-0026143,Matt Ryan,47,-0.340297488074171
2015,9,Buffalo Bills,00-0028118,Tyrod Taylor,15,8.88484569799039
2015,9,Carolina Panthers,00-0027939,Cam Newton,30,6.13346535454006
2015,9,Chicago Bears,00-0024226,Jay Cutler,41,7.59504166599615
2015,9,Cincinnati Bengals,00-0027973,Andy Dalton,29,15.787544658524
2015,9,Cleveland Browns,00-0031409,Johnny Manziel,36,-4.80060215959601
2015,9,Dallas Cowboys,00-0023662,Matt Cassel,42,1.1253012771381
2015,9,Denver Broncos,00-0010346,Peyton Manning,37,3.68817807965409
2015,9,Green Bay Packers,00-0023459,Aaron Rodgers,53,4.23108932975447
2015,9,Indianapolis Colts,00-0029668,Andrew Luck,37,11.3609464092636
2015,9,Jacksonville Jaguars,00-0031407,Blake Bortles,46,0.15859793846515
2015,9,Las Vegas Raiders,00-0031280,Derek Carr,44,7.46190327632939
2015,9,Los Angeles Chargers,00-0022942,Philip Rivers,44,3.86752747957646
2015,9,Los Angeles Rams,00-0029567,Nick Foles,34,-8.31843316888989
2015,9,Miami Dolphins,00-0029701,Ryan Tannehill,37,1.74061604198877
2015,9,Minnesota Vikings,00-0020679,Shaun Hill,7,-5.54572837485466
2015,9,Minnesota Vikings,00-0031237,Teddy Bridgewater,21,-3.08254864501459
2015,9,New England Patriots,00-0019596,Tom Brady,39,13.6348296849127
2015,9,New Orleans Saints,00-0020531,Drew Brees,43,16.2008239264416
2015,9,New York Giants,00-0022803,Eli Manning,40,0.864529197758082
2015,9,New York Jets,00-0023682,Ryan Fitzpatrick,36,8.3786877063103
2015,9,Philadelphia Eagles,00-0027854,Sam Bradford,37,1.56553294777555
2015,9,Pittsburgh Steelers,00-0022924,Ben Roethlisberger,45,3.66531732690692
2015,9,Pittsburgh Steelers,00-0030524,Landry Jones,6,3.16415473440429
2015,9,San Francisco 49ers,00-0027948,Blaine Gabbert,25,4.41756132909944
2015,9,San Francisco 49ers,00-0027974,Colin Kaepernick,1,-0.933144500711933
2015,9,Tampa Bay Buccaneers,00-0031503,Jameis Winston,36,1.76527358786932
2015,9,Tennessee Titans,00-0032268,Marcus Mariota,39,22.983783796406
2015,9,Washington Commanders,00-0029604,Kirk Cousins,41,-2.34858103295068
2015,10,Arizona Cardinals,00-0021429,Carson Palmer,50,0.325943177948557
2015,10,Baltimore Ravens,00-0026158,Joe Flacco,46,-4.81073322779343
2015,10,Buffalo Bills,00-0028118,Tyrod Taylor,31,-4.06687500074055
2015,10,Carolina Panthers,00-0027939,Cam Newton,30,7.43019834271187
2015,10,Chicago Bears,00-0024226,Jay Cutler,26,11.1127930108385
2015,10,Cincinnati Bengals,00-0027973,Andy Dalton,42,-6.03232067671608
2015,10,Cleveland Browns,00-0031409,Johnny Manziel,51,2.27209962362358
2015,10,Dallas Cowboys,00-0023662,Matt Cassel,32,-1.14571659769369
2015,10,Denver Broncos,00-0010346,Peyton Manning,22,-25.7327542409184
2015,10,Denver Broncos,00-0029682,Brock Osweiler,27,3.72611434027203
2015,10,Detroit Lions,00-0026498,Matthew Stafford,38,3.53707804760291
2015,10,Green Bay Packers,00-0023459,Aaron Rodgers,64,1.55914457973476
2015,10,Houston Texans,00-0026625,Brian Hoyer,24,-1.92162529978247
2015,10,Houston Texans,00-0028090,T.J. Yates,12,2.90699252579361
2015,10,Jacksonville Jaguars,00-0031407,Blake Bortles,48,-5.95833641752052
2015,10,Kansas City Chiefs,00-0023436,Alex Smith,33,-3.43090668420267
2015,10,Las Vegas Raiders,00-0031280,Derek Carr,45,-3.96197181302705
2015,10,Los Angeles Rams,00-0029567,Nick Foles,37,-16.1297540560755
2015,10,Miami Dolphins,00-0029701,Ryan Tannehill,40,1.86241751588519
2015,10,Minnesota Vikings,00-0031237,Teddy Bridgewater,26,-2.4278094211422
2015,10,New England Patriots,00-0019596,Tom Brady,45,5.3574664613232
2015,10,New Orleans Saints,00-0020531,Drew Brees,30,-4.09593525220407
2015,10,New York Giants,00-0022803,Eli Manning,47,5.85765813716653
2015,10,New York Jets,00-0023682,Ryan Fitzpatrick,35,-7.66979570116602
2015,10,Philadelphia Eagles,00-0026898,Mark Sanchez,23,-1.21781784813632
2015,10,Philadelphia Eagles,00-0027854,Sam Bradford,29,1.81578490855703
2015,10,Pittsburgh Steelers,00-0022924,Ben Roethlisberger,34,13.5965312700872
2015,10,Pittsburgh Steelers,00-0030524,Landry Jones,4,-0.931855556760661
2015,10,Seattle Seahawks,00-0029263,Russell Wilson,34,-7.50764976996259
2015,10,Tampa Bay Buccaneers,00-0031503,Jameis Winston,41,-4.54248349938097
2015,10,Tennessee Titans,00-0032268,Marcus Mariota,25,2.15621375463716
2015,10,Washington Commanders,00-0029604,Kirk Cousins,28,17.2828454628003
2015,11,Arizona Cardinals,00-0021429,Carson Palmer,33,11.9216368663427
2015,11,Atlanta Falcons,00-0026143,Matt Ryan,47,-3.71468320156939
2015,11,Baltimore Ravens,00-0026158,Joe Flacco,45,-8.83260223768212
2015,11,Buffalo Bills,00-0028118,Tyrod Taylor,38,1.34675274608137
2015,11,Carolina Panthers,00-0027939,Cam Newton,36,10.4644069029213
2015,11,Chicago Bears,00-0024226,Jay Cutler,34,-7.32215780964028
2015,11,Cincinnati Bengals,00-0027973,Andy Dalton,43,9.71631176408723
2015,11,Dallas Cowboys,00-0021678,Tony Romo,30,3.91144463449971
2015,11,Denver Broncos,00-0029682,Brock Osweiler,32,7.29986551678798
2015,11,Detroit Lions,00-0026498,Matthew Stafford,39,5.98057307305337
2015,11,Green Bay Packers,00-0023459,Aaron Rodgers,36,8.58168773416471
2015,11,Houston Texans,00-0028090,T.J. Yates,35,0.474100150818869
2015,11,Indianapolis Colts,00-0007091,Matt Hasselbeck,34,-0.586954089812934
2015,11,Jacksonville Jaguars,00-0031407,Blake Bortles,34,1.92360725973515
2015,11,Kansas City Chiefs,00-0023436,Alex Smith,28,4.19131122173088
2015,11,Las Vegas Raiders,00-0031280,Derek Carr,26,-0.565686945242623
2015,11,Los Angeles Chargers,00-0022942,Philip Rivers,33,-9.84102279273793
2015,11,Los Angeles Rams,00-0028986,Case Keenum,27,-5.02693428738942
2015,11,Miami Dolphins,00-0029701,Ryan Tannehill,27,-5.7090649366146
2015,11,Minnesota Vikings,00-0020679,Shaun Hill,1,-1.08362274465617
2015,11,Minnesota Vikings,00-0031237,Teddy Bridgewater,43,-3.19416450324934
2015,11,New England Patriots,00-0019596,Tom Brady,40,2.92768956861721
2015,11,New York Jets,00-0023682,Ryan Fitzpatrick,42,-10.2488762725261
2015,11,Philadelphia Eagles,00-0026898,Mark Sanchez,44,-9.23945073471557
2015,11,San Francisco 49ers,00-0027948,Blaine Gabbert,36,2.6742117238946
2015,11,Seattle Seahawks,00-0029263,Russell Wilson,31,18.0741167566531
2015,11,Tampa Bay Buccaneers,00-0031503,Jameis Winston,30,20.8883067780032
2015,11,Tennessee Titans,00-0032268,Marcus Mariota,39,-0.884791223215831
2015,11,Washington Commanders,00-0029604,Kirk Cousins,35,-9.78048710885923
2015,12,Arizona Cardinals,00-0021429,Carson Palmer,41,4.90972213118389
2015,12,Atlanta Falcons,00-0026143,Matt Ryan,33,-0.87529075783871
2015,12,Baltimore Ravens,00-0022787,Matt Schaub,34,2.37615370057504
2015,12,Buffalo Bills,00-0028118,Tyrod Taylor,39,10.4312742636158
2015,12,Carolina Panthers,00-0027939,Cam Newton,28,6.43456902917483
2015,12,Chicago Bears,00-0024226,Jay Cutler,32,3.8166935209761
2015,12,Cincinnati Bengals,00-0027973,Andy Dalton,27,5.15369554368667
2015,12,Cincinnati Bengals,00-0031288,AJ McCarron,1,-0.894539227243513
2015,12,Cleveland Browns,00-0021206,Josh McCown,39,1.45785739052053
2015,12,Cleveland Browns,00-0028957,Austin Davis,11,2.19572988082655
2015,12,Dallas Cowboys,00-0021678,Tony Romo,22,-21.5948222807008
2015,12,Dallas Cowboys,00-0023662,Matt Cassel,20,4.96925668530469
2015,12,Denver Broncos,00-0029682,Brock Osweiler,45,-5.22915163610735
2015,12,Detroit Lions,00-0026498,Matthew Stafford,40,22.6246074577198
2015,12,Green Bay Packers,00-0023459,Aaron Rodgers,45,-14.3747084276713
2015,12,Houston Texans,00-0026625,Brian Hoyer,28,3.98682502398063
2015,12,Indianapolis Colts,00-0007091,Matt Hasselbeck,45,10.0527990140824
2015,12,Jacksonville Jaguars,00-0031407,Blake Bortles,51,0.983454578279557
2015,12,Kansas City Chiefs,00-0023436,Alex Smith,31,7.71139723512434
2015,12,Las Vegas Raiders,00-0030419,Matt McGloin,1,-1.96486025955528
2015,12,Las Vegas Raiders,00-0031280,Derek Carr,38,15.6382287883898
2015,12,Los Angeles Chargers,00-0022942,Philip Rivers,45,11.9145351266693
2015,12,Los Angeles Rams,00-0029567,Nick Foles,47,-13.5737917625229
2015,12,Los Angeles Rams,00-0032245,Sean Mannion,7,-1.28662044450175
2015,12,Miami Dolphins,00-0029701,Ryan Tannehill,61,-0.545475433580577
2015,12,Minnesota Vikings,00-0031237,Teddy Bridgewater,28,0.902852775464038
2015,12,New England Patriots,00-0019596,Tom Brady,45,3.66878360462834
2015,12,New Orleans Saints,00-0020531,Drew Brees,46,-16.2614241012044
2015,12,New York Giants,00-0022803,Eli Manning,54,-4.80563727024128
2015,12,New York Jets,00-0023682,Ryan Fitzpatrick,38,14.527886373311
2015,12,Philadelphia Eagles,00-0026898,Mark Sanchez,33,-2.25696501948431
2015,12,Pittsburgh Steelers,00-0022924,Ben Roethlisberger,57,9.85108013093907
2015,12,Pittsburgh Steelers,00-0030524,Landry Jones,4,-7.28566289227456
2015,12,San Francisco 49ers,00-0027948,Blaine Gabbert,38,1.42658141556357
2015,12,Seattle Seahawks,00-0029263,Russell Wilson,32,20.3358561990755
2015,12,Tampa Bay Buccaneers,00-0031503,Jameis Winston,41,1.15834261681465
2015,12,Tennessee Titans,00-0032268,Marcus Mariota,39,-7.40209913814021
2015,12,Washington Commanders,00-0029604,Kirk Cousins,29,10.6387741549431
2015,13,Arizona Cardinals,00-0021429,Carson Palmer,42,15.2666788658797
2015,13,Arizona Cardinals,00-0025430,Drew Stanton,1,0.0328700067475438
2015,13,Atlanta Falcons,00-0026143,Matt Ryan,48,-1.48275197096273
2015,13,Baltimore Ravens,00-0022787,Matt Schaub,49,-7.06204630598797
2015,13,Buffalo Bills,00-0028118,Tyrod Taylor,22,6.47387191568483
2015,13,Carolina Panthers,00-0027939,Cam Newton,42,20.073671716149
2015,13,Chicago Bears,00-0024226,Jay Cutler,32,-8.84644913107713
2015,13,Cincinnati Bengals,00-0027973,Andy Dalton,20,14.3136105729758
2015,13,Cincinnati Bengals,00-0031288,AJ McCarron,3,-2.13397244701628
2015,13,Cleveland Browns,00-0028957,Austin Davis,41,-12.4115989697704
2015,13,Dallas Cowboys,00-0023662,Matt Cassel,30,4.10676759063401
2015,13,Denver Broncos,00-0029682,Brock Osweiler,27,-1.63181191702833
2015,13,Detroit Lions,00-0026498,Matthew Stafford,38,-4.13847740081584
2015,13,Green Bay Packers,00-0023459,Aaron Rodgers,39,1.61032808426466
2015,13,Houston Texans,00-0026625,Brian Hoyer,45,2.70642896756181
2015,13,Indianapolis Colts,00-0007091,Matt Hasselbeck,28,-10.8108709962689
2015,13,Indianapolis Colts,00-0024296,Charlie Whitehurst,11,-1.83925149682909
2015,13,Jacksonville Jaguars,00-0031407,Blake Bortles,38,17.6322957334779
2015,13,Kansas City Chiefs,00-0023436,Alex Smith,26,5.18132499737851
2015,13,Las Vegas Raiders,00-0031280,Derek Carr,52,-24.4901926658402
2015,13,Los Angeles Chargers,00-0022942,Philip Rivers,39,-11.9372208583291
2015,13,Los Angeles Rams,00-0029567,Nick Foles,35,-14.6879106444262
2015,13,Miami Dolphins,00-0029701,Ryan Tannehill,20,-5.70864752627676
2015,13,Minnesota Vikings,00-0031237,Teddy Bridgewater,32,-15.7669149349676
2015,13,New England Patriots,00-0019596,Tom Brady,60,-7.69643335312139
2015,13,New Orleans Saints,00-0020531,Drew Brees,44,-0.118832080075457
2015,13,New York Giants,00-0022803,Eli Manning,37,3.12107213293039
2015,13,New York Jets,00-0023682,Ryan Fitzpatrick,53,14.0457072274016
2015,13,Philadelphia Eagles,00-0027854,Sam Bradford,25,2.08487677871017
2015,13,Pittsburgh Steelers,00-0022924,Ben Roethlisberger,39,19.2761545332769
2015,13,San Francisco 49ers,00-0027948,Blaine Gabbert,36,-4.5186216205766
2015,13,Seattle Seahawks,00-0024279,Tarvaris Jackson,2,-2.59245624265168
2015,13,Seattle Seahawks,00-0029263,Russell Wilson,28,23.5169828906943
2015,13,Tampa Bay Buccaneers,00-0031503,Jameis Winston,28,5.5846540429057
2015,13,Tennessee Titans,00-0032268,Marcus Mariota,33,7.54110700159799
2015,13,Washington Commanders,00-0029604,Kirk Cousins,34,3.3166139021345
2015,14,Arizona Cardinals,00-0021429,Carson Palmer,37,13.2793306898164
2015,14,Atlanta Falcons,00-0026143,Matt Ryan,37,-7.71672410116298
2015,14,Atlanta Falcons,00-0030569,Sean Renfree,9,-7.41889991168864
2015,14,Baltimore Ravens,00-0027659,Jimmy Clausen,41,-7.24937191215577
2015,14,Buffalo Bills,00-0028118,Tyrod Taylor,37,7.77919173022374
2015,14,Carolina Panthers,00-0023645,Derek Anderson,6,-0.0039785685657989
2015,14,Carolina Panthers,00-0027939,Cam Newton,23,17.1035275827793
2015,14,Chicago Bears,00-0024226,Jay Cutler,34,5.27626560841948
2015,14,Cincinnati Bengals,00-0027973,Andy Dalton,5,1.30154519050848
2015,14,Cincinnati Bengals,00-0031288,AJ McCarron,35,-3.16462096230614
2015,14,Cleveland Browns,00-0031409,Johnny Manziel,33,6.57214751889472
2015,14,Dallas Cowboys,00-0023662,Matt Cassel,31,-18.2491576811881
2015,14,Denver Broncos,00-0029682,Brock Osweiler,56,-4.92734579485837
2015,14,Detroit Lions,00-0026498,Matthew Stafford,50,-12.6579705436598
2015,14,Green Bay Packers,00-0023459,Aaron Rodgers,37,4.51798641117057
2015,14,Houston Texans,00-0026625,Brian Hoyer,27,-17.704632090891
2015,14,Houston Texans,00-0028090,T.J. Yates,3,-1.51866477634758
2015,14,Indianapolis Colts,00-0007091,Matt Hasselbeck,38,-11.7108333389422
2015,14,Indianapolis Colts,00-0024296,Charlie Whitehurst,8,-13.6114385630935
2015,14,Jacksonville Jaguars,00-0031407,Blake Bortles,33,1.48269665093146
2015,14,Kansas City Chiefs,00-0023436,Alex Smith,25,3.78616019192249
2015,14,Las Vegas Raiders,00-0031280,Derek Carr,32,-10.1514622161322
2015,14,Los Angeles Chargers,00-0022942,Philip Rivers,48,0.326315591156797
2015,14,Los Angeles Rams,00-0028986,Case Keenum,23,-3.41317188512767
2015,14,Miami Dolphins,00-0029701,Ryan Tannehill,42,0.480423632172205
2015,14,Minnesota Vikings,00-0031237,Teddy Bridgewater,39,16.903511648978
2015,14,New England Patriots,00-0019596,Tom Brady,33,4.84186556695824
2015,14,New Orleans Saints,00-0020531,Drew Brees,43,19.5660234424328
2015,14,New York Giants,00-0022803,Eli Manning,31,23.3446527239682
2015,14,New York Jets,00-0023682,Ryan Fitzpatrick,37,10.9127188810958
2015,14,Philadelphia Eagles,00-0027854,Sam Bradford,39,-4.94691540868273
2015,14,Pittsburgh Steelers,00-0022924,Ben Roethlisberger,41,9.68982399196766
2015,14,San Francisco 49ers,00-0027948,Blaine Gabbert,37,-14.4111498796787
2015,14,Seattle Seahawks,00-0024279,Tarvaris Jackson,1,1.21712631103583
2015,14,Seattle Seahawks,00-0029263,Russell Wilson,32,28.4938559711445
2015,14,Tampa Bay Buccaneers,00-0031503,Jameis Winston,33,4.46799732184205
2015,14,Tennessee Titans,00-0032268,Marcus Mariota,44,-9.22710957878735
2015,14,Washington Commanders,00-0029604,Kirk Cousins,34,13.7871451066141
2015,15,Arizona Cardinals,00-0021429,Carson Palmer,34,12.6814130788802
2015,15,Arizona Cardinals,00-0025430,Drew Stanton,1,-1.55578471068293
2015,15,Atlanta Falcons,00-0026143,Matt Ryan,36,6.12212382165482
2015,15,Baltimore Ravens,00-0027659,Jimmy Clausen,47,-8.46136788889999
2015,15,Buffalo Bills,00-0028118,Tyrod Taylor,32,0.54022685799282
2015,15,Carolina Panthers,00-0027939,Cam Newton,48,14.5307600954155
2015,15,Chicago Bears,00-0024226,Jay Cutler,42,-12.0801122388202
2015,15,Cincinnati Bengals,00-0031288,AJ McCarron,25,6.32523757584448
2015,15,Cleveland Browns,00-0031409,Johnny Manziel,35,-0.514893106529419
2015,15,Dallas Cowboys,00-0023662,Matt Cassel,9,-11.5648477355898
2015,15,Dallas Cowboys,00-0029234,Kellen Moore,26,-4.81298804678952
2015,15,Denver Broncos,00-0029682,Brock Osweiler,46,1.99350959272124
2015,15,Detroit Lions,00-0026498,Matthew Stafford,28,16.1310924065474
2015,15,Green Bay Packers,00-0023459,Aaron Rodgers,41,-4.24181174835474
2015,15,Houston Texans,00-0028090,T.J. Yates,12,-6.67501467092333
2015,15,Houston Texans,00-0029677,Brandon Weeden,19,0.937973177245091
2015,15,Indianapolis Colts,00-0007091,Matt Hasselbeck,32,-3.75826154519063
2015,15,Indianapolis Colts,00-0024296,Charlie Whitehurst,3,-1.38422171073034
2015,15,Jacksonville Jaguars,00-0031407,Blake Bortles,40,-5.81889477044041
2015,15,Kansas City Chiefs,00-0023436,Alex Smith,28,4.56292158243014
2015,15,Las Vegas Raiders,00-0031280,Derek Carr,50,-20.5168075728503
2015,15,Los Angeles Chargers,00-0022942,Philip Rivers,37,17.056509272421
2015,15,Los Angeles Rams,00-0028986,Case Keenum,19,12.1340052045998
2015,15,Miami Dolphins,00-0029701,Ryan Tannehill,37,1.12152557412628
2015,15,Minnesota Vikings,00-0031237,Teddy Bridgewater,21,19.1226759907483
2015,15,New England Patriots,00-0019596,Tom Brady,37,12.5286602101696
2015,15,New Orleans Saints,00-0020531,Drew Brees,53,12.3600499831596
2015,15,New York Giants,00-0022803,Eli Manning,46,0.382039143180009
2015,15,New York Jets,00-0023682,Ryan Fitzpatrick,41,7.44683648579404
2015,15,Philadelphia Eagles,00-0027854,Sam Bradford,43,-2.66654456637768
2015,15,Pittsburgh Steelers,00-0022924,Ben Roethlisberger,58,1.7325362987493
2015,15,San Francisco 49ers,00-0027948,Blaine Gabbert,54,-12.6077386118372
2015,15,Seattle Seahawks,00-0029263,Russell Wilson,32,18.1703772687941
2015,15,Tampa Bay Buccaneers,00-0031503,Jameis Winston,50,7.72592258830346
2015,15,Tennessee Titans,00-0031266,Zach Mettenberger,30,1.41190012349398
2015,15,Tennessee Titans,00-0032268,Marcus Mariota,9,-11.0176226211486
2015,15,Washington Commanders,00-0029604,Kirk Cousins,29,20.9993518517586
2015,16,Arizona Cardinals,00-0021429,Carson Palmer,29,4.24901958266652
2015,16,Arizona Cardinals,00-0025430,Drew Stanton,1,-0.402890949859284
2015,16,Atlanta Falcons,00-0026143,Matt Ryan,32,18.9407088164194
2015,16,Baltimore Ravens,00-0028012,Ryan Mallett,42,8.55064919728665
2015,16,Buffalo Bills,00-0028118,Tyrod Taylor,21,0.0328206384570282
2015,16,Carolina Panthers,00-0027939,Cam Newton,32,-13.9102947124699
2015,16,Chicago Bears,00-0024226,Jay Cutler,28,1.16105351024875
2015,16,Cincinnati Bengals,00-0031288,AJ McCarron,37,8.3183981791065
2015,16,Cleveland Browns,00-0031409,Johnny Manziel,32,-14.5336683167078
2015,16,Dallas Cowboys,00-0029234,Kellen Moore,31,-3.99812389555764
2015,16,Denver Broncos,00-0029682,Brock Osweiler,42,6.83821064821593
2015,16,Detroit Lions,00-0026498,Matthew Stafford,39,5.28276246393437
2015,16,Green Bay Packers,00-0023459,Aaron Rodgers,36,-26.4786637271899
2015,16,Green Bay Packers,00-0028595,Scott Tolzien,2,-1.92990322993137
2015,16,Houston Texans,00-0029677,Brandon Weeden,25,9.78629064800248
2015,16,Indianapolis Colts,00-0007091,Matt Hasselbeck,16,2.43238471576478
2015,16,Indianapolis Colts,00-0024296,Charlie Whitehurst,15,2.39111201505875
2015,16,Jacksonville Jaguars,00-0031407,Blake Bortles,37,14.0418862331284
2015,16,Kansas City Chiefs,00-0023436,Alex Smith,23,-1.7735894845066
2015,16,Las Vegas Raiders,00-0031280,Derek Carr,41,-4.03151498099265
2015,16,Los Angeles Chargers,00-0022942,Philip Rivers,50,6.56434101089257
2015,16,Los Angeles Rams,00-0028986,Case Keenum,23,0.615663802076597
2015,16,Miami Dolphins,00-0029701,Ryan Tannehill,44,1.4807581846851
2015,16,Minnesota Vikings,00-0031237,Teddy Bridgewater,28,-2.10545239307487
2015,16,New England Patriots,00-0019596,Tom Brady,33,4.91270704553289
2015,16,New Orleans Saints,00-0020531,Drew Brees,37,27.7190904665085
2015,16,New York Giants,00-0022803,Eli Manning,33,-23.4888417579968
2015,16,New York Giants,00-0030586,Ryan Nassib,5,5.54729830543511
2015,16,New York Jets,00-0023682,Ryan Fitzpatrick,42,4.20326044611496
2015,16,Philadelphia Eagles,00-0027854,Sam Bradford,61,3.44223818989307
2015,16,Pittsburgh Steelers,00-0022924,Ben Roethlisberger,37,-6.08989786516451
2015,16,San Francisco 49ers,00-0027948,Blaine Gabbert,36,-6.73105759644835
2015,16,Seattle Seahawks,00-0029263,Russell Wilson,45,10.831748225637
2015,16,Tampa Bay Buccaneers,00-0031503,Jameis Winston,30,11.7318129782216
2015,16,Tennessee Titans,00-0031266,Zach Mettenberger,52,-12.6736779252677
2015,16,Washington Commanders,00-0029604,Kirk Cousins,48,20.7266682725832
2015,17,Arizona Cardinals,00-0021429,Carson Palmer,25,0.257164740136566
2015,17,Arizona Cardinals,00-0025430,Drew Stanton,20,-10.7912082152907
2015,17,Atlanta Falcons,00-0026143,Matt Ryan,37,13.7442963455995
2015,17,Baltimore Ravens,00-0028012,Ryan Mallett,57,-8.43479314927404
2015,17,Buffalo Bills,00-0028118,Tyrod Taylor,30,4.02014383473192
2015,17,Carolina Panthers,00-0027939,Cam Newton,30,15.9838413469027
2015,17,Chicago Bears,00-0024226,Jay Cutler,27,0.584356134685655
2015,17,Cincinnati Bengals,00-0031288,AJ McCarron,30,1.02890611956022
2015,17,Cleveland Browns,00-0028957,Austin Davis,53,-26.6211037224145
2015,17,Dallas Cowboys,00-0029234,Kellen Moore,52,8.32252977622557
2015,17,Denver Broncos,00-0010346,Peyton Manning,10,0.0977398355043544
2015,17,Denver Broncos,00-0029682,Brock Osweiler,23,-2.96131661150139
2015,17,Detroit Lions,00-0026498,Matthew Stafford,43,10.3442709329619
2015,17,Green Bay Packers,00-0023459,Aaron Rodgers,49,-12.6230065881593
2015,17,Houston Texans,00-0026625,Brian Hoyer,42,-1.10605751848016
2015,17,Indianapolis Colts,00-0026993,Josh Freeman,29,-5.43483854935449
2015,17,Indianapolis Colts,00-0029531,Ryan Lindley,10,3.3890308131231
2015,17,Jacksonville Jaguars,00-0031407,Blake Bortles,40,-26.735740121655
2015,17,Kansas City Chiefs,00-0023436,Alex Smith,25,-6.79897672683001
2015,17,Las Vegas Raiders,00-0031280,Derek Carr,39,-7.48564962978708
2015,17,Los Angeles Chargers,00-0022942,Philip Rivers,38,-6.42034185060256
2015,17,Los Angeles Rams,00-0028986,Case Keenum,37,6.07986203823555
2015,17,Miami Dolphins,00-0029701,Ryan Tannehill,39,15.802534921229
2015,17,Minnesota Vikings,00-0031237,Teddy Bridgewater,22,-8.91655048685601
2015,17,New England Patriots,00-0019596,Tom Brady,23,-3.78436011601312
2015,17,New England Patriots,00-0031345,Jimmy Garoppolo,4,-3.11313412562595
2015,17,New Orleans Saints,00-0020531,Drew Brees,42,12.3481324059831
2015,17,New York Giants,00-0022803,Eli Manning,45,-4.91710689134638
2015,17,New York Jets,00-0023682,Ryan Fitzpatrick,38,-5.77691916632186
2015,17,Philadelphia Eagles,00-0027854,Sam Bradford,39,17.0775051235396
2015,17,Pittsburgh Steelers,00-0022924,Ben Roethlisberger,36,11.5990348885918
2015,17,San Francisco 49ers,00-0027948,Blaine Gabbert,45,-1.12239334640192
2015,17,Seattle Seahawks,00-0024279,Tarvaris Jackson,4,2.73486368363956
2015,17,Seattle Seahawks,00-0029263,Russell Wilson,29,14.7488132482989
2015,17,Tampa Bay Buccaneers,00-0031503,Jameis Winston,49,-6.80135594854145
2015,17,Tennessee Titans,00-0029623,Alex Tanney,17,-0.563154807892338
2015,17,Tennessee Titans,00-0031266,Zach Mettenberger,14,-13.6167103035841
2015,17,Washington Commanders,00-0027688,Colt McCoy,12,6.69045098271983
2015,17,Washington Commanders,00-0029604,Kirk Cousins,15,12.7263442488253
2016,1,Arizona Cardinals,00-0021429,Carson Palmer,40,8.29864847011708
2016,1,Atlanta Falcons,00-0026143,Matt Ryan,42,8.98994066269867
2016,1,Baltimore Ravens,00-0026158,Joe Flacco,37,3.0352024855234
2016,1,Buffalo Bills,00-0028118,Tyrod Taylor,24,-1.96081285323001
2016,1,Carolina Panthers,00-0027939,Cam Newton,36,1.19292434536522
2016,1,Chicago Bears,00-0024226,Jay Cutler,34,-5.53800257379771
2016,1,Cincinnati Bengals,00-0027973,Andy Dalton,37,7.58059166941295
2016,1,Cleveland Browns,00-0029665,Robert Griffin,29,-10.9872172303949
2016,1,Dallas Cowboys,00-0033077,Dak Prescott,45,1.51319954098911
2016,1,Denver Broncos,00-0032156,Trevor Siemian,28,-2.84724066432682
2016,1,Detroit Lions,00-0026498,Matthew Stafford,40,21.6093608843241
2016,1,Green Bay Packers,00-0023459,Aaron Rodgers,35,7.07230370092725
2016,1,Houston Texans,00-0029682,Brock Osweiler,37,4.64380283614962
2016,1,Indianapolis Colts,00-0029668,Andrew Luck,49,17.3502700387422
2016,1,Jacksonville Jaguars,00-0031407,Blake Bortles,42,4.33543254877947
2016,1,Kansas City Chiefs,00-0023436,Alex Smith,51,6.229739468571
2016,1,Las Vegas Raiders,00-0031280,Derek Carr,38,11.6556735841168
2016,1,Los Angeles Chargers,00-0022942,Philip Rivers,37,9.1480719042592
2016,1,Los Angeles Rams,00-0028986,Case Keenum,37,-20.5922664070386
2016,1,Miami Dolphins,00-0029701,Ryan Tannehill,34,-5.47322815933115
2016,1,Minnesota Vikings,00-0020679,Shaun Hill,33,9.69939428734385
2016,1,New England Patriots,00-0031345,Jimmy Garoppolo,35,13.317494498026
2016,1,New Orleans Saints,00-0020531,Drew Brees,43,15.3726706936498
2016,1,New York Giants,00-0022803,Eli Manning,30,6.47316593554569
2016,1,New York Jets,00-0023682,Ryan Fitzpatrick,36,-1.68775845037418
2016,1,Philadelphia Eagles,00-0032950,Carson Wentz,39,5.13171533638223
2016,1,Pittsburgh Steelers,00-0022924,Ben Roethlisberger,38,14.9465129121978
2016,1,San Francisco 49ers,00-0027948,Blaine Gabbert,35,-1.63043188711163
2016,1,Seattle Seahawks,00-0029263,Russell Wilson,46,-1.71838869621297
2016,1,Tampa Bay Buccaneers,00-0031503,Jameis Winston,32,13.0835687009846
2016,1,Tennessee Titans,00-0032268,Marcus Mariota,43,0.759261155988063
2016,1,Washington Commanders,00-0029604,Kirk Cousins,43,1.34447030225596
2016,2,Arizona Cardinals,00-0021429,Carson Palmer,31,15.5687318723744
2016,2,Arizona Cardinals,00-0025430,Drew Stanton,4,-2.04971199168358
2016,2,Atlanta Falcons,00-0026143,Matt Ryan,35,19.6876687493136
2016,2,Baltimore Ravens,00-0026158,Joe Flacco,45,7.83133316185181
2016,2,Buffalo Bills,00-0028118,Tyrod Taylor,30,11.0761284819983
2016,2,Buffalo Bills,00-0030526,EJ Manuel,1,0.76669739256613
2016,2,Carolina Panthers,00-0027939,Cam Newton,41,10.7766972227034
2016,2,Chicago Bears,00-0024226,Jay Cutler,20,-12.6742379756727
2016,2,Chicago Bears,00-0026625,Brian Hoyer,12,0.0440717109013349
2016,2,Cincinnati Bengals,00-0027973,Andy Dalton,55,5.60598482255813
2016,2,Cleveland Browns,00-0021206,Josh McCown,36,8.87062498652579
2016,2,Dallas Cowboys,00-0033077,Dak Prescott,34,15.9420537394531
2016,2,Denver Broncos,00-0032156,Trevor Siemian,34,2.14842192448007
2016,2,Detroit Lions,00-0026498,Matthew Stafford,44,-2.95830858490026
2016,2,Green Bay Packers,00-0023459,Aaron Rodgers,41,-10.2905461383343
2016,2,Houston Texans,00-0029682,Brock Osweiler,35,1.38533810270294
2016,2,Indianapolis Colts,00-0029668,Andrew Luck,45,-15.7368663695046
2016,2,Jacksonville Jaguars,00-0031407,Blake Bortles,52,-8.79272900198264
2016,2,Kansas City Chiefs,00-0023436,Alex Smith,41,-9.03753118483994
2016,2,Las Vegas Raiders,00-0031280,Derek Carr,46,8.81415860524487
2016,2,Los Angeles Chargers,00-0022942,Philip Rivers,27,6.49061091404075
2016,2,Los Angeles Chargers,00-0024264,Kellen Clemens,1,-0.959970277734101
2016,2,Los Angeles Rams,00-0028986,Case Keenum,33,-1.44721451527368
2016,2,Miami Dolphins,00-0029701,Ryan Tannehill,45,14.3265147590933
2016,2,Minnesota Vikings,00-0027854,Sam Bradford,35,5.80903035629308
2016,2,New England Patriots,00-0031345,Jimmy Garoppolo,26,17.9416071068845
2016,2,New England Patriots,00-0033119,Jacoby Brissett,11,0.13514634072578
2016,2,New Orleans Saints,00-0020531,Drew Brees,46,-1.00852468395663
2016,2,New York Giants,00-0022803,Eli Manning,43,6.00611025723804
2016,2,New York Jets,00-0023682,Ryan Fitzpatrick,35,22.7308798285382
2016,2,Philadelphia Eagles,00-0032950,Carson Wentz,36,5.88629247133756
2016,2,Pittsburgh Steelers,00-0022924,Ben Roethlisberger,38,5.72645640601382
2016,2,San Francisco 49ers,00-0027948,Blaine Gabbert,38,-3.27578335367545
2016,2,Seattle Seahawks,00-0029263,Russell Wilson,37,2.66185058047632
2016,2,Tampa Bay Buccaneers,00-0031503,Jameis Winston,55,-20.2337110020601
2016,2,Tennessee Titans,00-0032268,Marcus Mariota,36,4.59815294657834
2016,2,Washington Commanders,00-0029604,Kirk Cousins,48,3.91967436782247
2016,3,Arizona Cardinals,00-0021429,Carson Palmer,55,-12.0429411856948
2016,3,Atlanta Falcons,00-0026143,Matt Ryan,32,10.7659461881811
2016,3,Baltimore Ravens,00-0026158,Joe Flacco,42,-12.3688460974017
2016,3,Buffalo Bills,00-0028118,Tyrod Taylor,29,-7.0373133851985
2016,3,Carolina Panthers,00-0023645,Derek Anderson,1,-0.578437691554427
2016,3,Carolina Panthers,00-0027939,Cam Newton,43,-15.1324430837272
2016,3,Chicago Bears,00-0026625,Brian Hoyer,50,3.39091931807343
2016,3,Cincinnati Bengals,00-0027973,Andy Dalton,35,-5.76854618706388
2016,3,Cleveland Browns,00-0033104,Cody Kessler,36,0.773175274787454
2016,3,Dallas Cowboys,00-0033077,Dak Prescott,24,14.9777978255249
2016,3,Denver Broncos,00-0032156,Trevor Siemian,37,18.9187846366001
2016,3,Detroit Lions,00-0026498,Matthew Stafford,44,20.1602711985501
2016,3,Green Bay Packers,00-0023459,Aaron Rodgers,26,11.130980441137
2016,3,Houston Texans,00-0029682,Brock Osweiler,43,-14.0621145632467
2016,3,Indianapolis Colts,00-0029668,Andrew Luck,39,-5.52643532338183
2016,3,Jacksonville Jaguars,00-0031407,Blake Bortles,42,-10.6685431406286
2016,3,Kansas City Chiefs,00-0023436,Alex Smith,35,8.8410097610848
2016,3,Las Vegas Raiders,00-0031280,Derek Carr,36,6.14173105662624
2016,3,Los Angeles Chargers,00-0022942,Philip Rivers,41,7.32797921338934
2016,3,Los Angeles Rams,00-0028986,Case Keenum,27,-1.88488982151035
2016,3,Miami Dolphins,00-0029701,Ryan Tannehill,40,-6.14135382378191
2016,3,Minnesota Vikings,00-0027854,Sam Bradford,30,-0.707766291754304
2016,3,New England Patriots,00-0033119,Jacoby Brissett,20,-7.26466984438917
2016,3,New Orleans Saints,00-0020531,Drew Brees,56,0.800846868822392
2016,3,New York Giants,00-0022803,Eli Manning,40,6.70553886883829
2016,3,New York Jets,00-0023682,Ryan Fitzpatrick,44,-27.8278577616641
2016,3,Philadelphia Eagles,00-0032950,Carson Wentz,31,17.1650344101892
2016,3,Pittsburgh Steelers,00-0022924,Ben Roethlisberger,48,-15.0378793928627
2016,3,San Francisco 49ers,00-0027948,Blaine Gabbert,25,-10.5209307719281
2016,3,Seattle Seahawks,00-0029263,Russell Wilson,25,14.2950508067152
2016,3,Seattle Seahawks,00-0032462,Trevone Boykin,9,1.6121210866749
2016,3,Tampa Bay Buccaneers,00-0031503,Jameis Winston,60,0.582279190655155
2016,3,Tennessee Titans,00-0032268,Marcus Mariota,34,-9.63228784160518
2016,3,Washington Commanders,00-0029604,Kirk Cousins,37,8.54148003546263
2016,4,Arizona Cardinals,00-0021429,Carson Palmer,39,-0.796833539852338
2016,4,Arizona Cardinals,00-0025430,Drew Stanton,11,-3.87435281049693
2016,4,Atlanta Falcons,00-0026143,Matt Ryan,40,24.6540201935433
2016,4,Baltimore Ravens,00-0026158,Joe Flacco,54,-6.17117928271765
2016,4,Buffalo Bills,00-0028118,Tyrod Taylor,41,12.1779317169214
2016,4,Carolina Panthers,00-0023645,Derek Anderson,23,4.84033265516348
2016,4,Carolina Panthers,00-0027939,Cam Newton,26,0.944639247200773
2016,4,Chicago Bears,00-0026625,Brian Hoyer,38,13.4975787495635
2016,4,Cincinnati Bengals,00-0027973,Andy Dalton,32,9.13496790355764
2016,4,Cleveland Browns,00-0033104,Cody Kessler,41,5.69257838943946
2016,4,Dallas Cowboys,00-0033077,Dak Prescott,34,11.0663214786284
2016,4,Denver Broncos,00-0032156,Trevor Siemian,10,1.76363824238069
2016,4,Denver Broncos,00-0033108,Paxton Lynch,25,8.35236816763404
2016,4,Detroit Lions,00-0026498,Matthew Stafford,38,-4.70884264346181
2016,4,Houston Texans,00-0029682,Brock Osweiler,38,-0.286311505254295
2016,4,Indianapolis Colts,00-0029668,Andrew Luck,48,-6.81181645665522
2016,4,Jacksonville Jaguars,00-0031407,Blake Bortles,36,6.02911196705747
2016,4,Kansas City Chiefs,00-0023436,Alex Smith,54,-2.73343649983566
2016,4,Las Vegas Raiders,00-0031280,Derek Carr,35,8.25035632448271
2016,4,Los Angeles Chargers,00-0022942,Philip Rivers,46,8.20749278675535
2016,4,Los Angeles Rams,00-0028986,Case Keenum,32,3.20039145902905
2016,4,Miami Dolphins,00-0029701,Ryan Tannehill,30,-11.8403922235593
2016,4,Minnesota Vikings,00-0027854,Sam Bradford,36,7.38734400328438
2016,4,New England Patriots,00-0033119,Jacoby Brissett,30,-1.77228747046154
2016,4,New Orleans Saints,00-0020531,Drew Brees,38,8.44075128567056
2016,4,New York Giants,00-0022803,Eli Manning,45,-12.6962559875683
2016,4,New York Jets,00-0023682,Ryan Fitzpatrick,45,4.91192816433933
2016,4,Pittsburgh Steelers,00-0022924,Ben Roethlisberger,29,20.7654560810043
2016,4,San Francisco 49ers,00-0027948,Blaine Gabbert,24,-0.329343132802272
2016,4,Seattle Seahawks,00-0029263,Russell Wilson,34,15.6781621467853
2016,4,Tampa Bay Buccaneers,00-0031503,Jameis Winston,40,-16.2441827923758
2016,4,Tennessee Titans,00-0032268,Marcus Mariota,30,-2.7033950203391
2016,4,Washington Commanders,00-0029604,Kirk Cousins,30,2.25774171719492
2016,5,Arizona Cardinals,00-0025430,Drew Stanton,29,-5.99253071006783
2016,5,Atlanta Falcons,00-0026143,Matt Ryan,30,6.32702461512182
2016,5,Baltimore Ravens,00-0026158,Joe Flacco,49,-11.4045469408738
2016,5,Buffalo Bills,00-0028118,Tyrod Taylor,25,-2.21490763570333
2016,5,Carolina Panthers,00-0023645,Derek Anderson,28,-0.516207308229153
2016,5,Chicago Bears,00-0026625,Brian Hoyer,43,17.6236412570695
2016,5,Cincinnati Bengals,00-0027973,Andy Dalton,45,5.86066943630171
2016,5,Cleveland Browns,00-0024296,Charlie Whitehurst,26,1.545261401203
2016,5,Cleveland Browns,00-0033104,Cody Kessler,8,4.17359226511326
2016,5,Dallas Cowboys,00-0033077,Dak Prescott,25,9.88483242099755
2016,5,Denver Broncos,00-0033108,Paxton Lynch,41,-2.67490644223778
2016,5,Detroit Lions,00-0026498,Matthew Stafford,29,-0.396833510098146
2016,5,Green Bay Packers,00-0023459,Aaron Rodgers,45,-1.46223930370637
2016,5,Houston Texans,00-0029682,Brock Osweiler,46,-18.0319267217778
2016,5,Indianapolis Colts,00-0029668,Andrew Luck,44,6.48395550761511
2016,5,Las Vegas Raiders,00-0031280,Derek Carr,43,6.19844487980651
2016,5,Los Angeles Chargers,00-0022942,Philip Rivers,32,17.5277638843864
2016,5,Los Angeles Rams,00-0028986,Case Keenum,35,-9.73713243472799
2016,5,Miami Dolphins,00-0029701,Ryan Tannehill,24,-10.223195197445
2016,5,Minnesota Vikings,00-0027854,Sam Bradford,32,13.4222332575223
2016,5,New England Patriots,00-0019596,Tom Brady,41,24.3061635069144
2016,5,New England Patriots,00-0031345,Jimmy Garoppolo,1,-1.38368286564946
2016,5,New York Giants,00-0022803,Eli Manning,38,-6.36193350414722
2016,5,New York Jets,00-0023682,Ryan Fitzpatrick,41,-0.007343836375572
2016,5,Philadelphia Eagles,00-0032950,Carson Wentz,36,7.98576181954057
2016,5,Pittsburgh Steelers,00-0022924,Ben Roethlisberger,48,17.2367391787659
2016,5,San Francisco 49ers,00-0027948,Blaine Gabbert,38,-13.6940310458012
2016,5,Tampa Bay Buccaneers,00-0031503,Jameis Winston,32,4.92113715451905
2016,5,Tennessee Titans,00-0032268,Marcus Mariota,29,3.53422787577489
2016,5,Washington Commanders,00-0029604,Kirk Cousins,42,2.35747656422543
2016,6,Arizona Cardinals,00-0021429,Carson Palmer,34,7.58280179908616
2016,6,Arizona Cardinals,00-0025430,Drew Stanton,1,1.06214424286736
2016,6,Atlanta Falcons,00-0026143,Matt Ryan,46,4.47652370392018
2016,6,Baltimore Ravens,00-0026158,Joe Flacco,50,-1.10315245099771
2016,6,Buffalo Bills,00-0028118,Tyrod Taylor,28,7.09286341414263
2016,6,Buffalo Bills,00-0030526,EJ Manuel,2,-2.01626714179292
2016,6,Carolina Panthers,00-0027939,Cam Newton,49,5.10792853975981
2016,6,Chicago Bears,00-0026625,Brian Hoyer,50,2.42442812899243
2016,6,Cincinnati Bengals,00-0027973,Andy Dalton,33,11.3975641235538
2016,6,Cleveland Browns,00-0033104,Cody Kessler,47,9.36217137688632
2016,6,Dallas Cowboys,00-0033077,Dak Prescott,29,6.87788777659736
2016,6,Denver Broncos,00-0032156,Trevor Siemian,52,-1.79956211234382
2016,6,Detroit Lions,00-0026498,Matthew Stafford,32,19.0478580675556
2016,6,Green Bay Packers,00-0023459,Aaron Rodgers,43,3.475554414399
2016,6,Houston Texans,00-0029682,Brock Osweiler,40,4.24172919019496
2016,6,Indianapolis Colts,00-0029668,Andrew Luck,35,0.432172098473824
2016,6,Jacksonville Jaguars,00-0031407,Blake Bortles,35,-0.305913233831792
2016,6,Kansas City Chiefs,00-0023436,Alex Smith,23,11.4667538900225
2016,6,Las Vegas Raiders,00-0031280,Derek Carr,36,-8.15507476383652
2016,6,Los Angeles Chargers,00-0022942,Philip Rivers,31,2.6458586333355
2016,6,Los Angeles Rams,00-0028986,Case Keenum,33,21.0852870381204
2016,6,Miami Dolphins,00-0029701,Ryan Tannehill,32,8.91732514420369
2016,6,New England Patriots,00-0019596,Tom Brady,38,18.648239883809
2016,6,New Orleans Saints,00-0020531,Drew Brees,50,19.3862397408286
2016,6,New York Giants,00-0022803,Eli Manning,47,15.5457950029782
2016,6,New York Jets,00-0023682,Ryan Fitzpatrick,31,-6.67999206658181
2016,6,New York Jets,00-0030565,Geno Smith,7,-4.55823088734178
2016,6,Philadelphia Eagles,00-0032950,Carson Wentz,27,-4.33907937898919
2016,6,Pittsburgh Steelers,00-0022924,Ben Roethlisberger,36,-5.46482960601849
2016,6,Pittsburgh Steelers,00-0030524,Landry Jones,1,-1.37209019483998
2016,6,San Francisco 49ers,00-0027974,Colin Kaepernick,32,-3.76996387619465
2016,6,Seattle Seahawks,00-0029263,Russell Wilson,38,7.942359345412
2016,6,Tennessee Titans,00-0032268,Marcus Mariota,26,12.7363954388208
2016,6,Washington Commanders,00-0029604,Kirk Cousins,34,1.13294629101668
2016,7,Arizona Cardinals,00-0021429,Carson Palmer,53,-0.643645875060043
2016,7,Atlanta Falcons,00-0026143,Matt Ryan,37,3.31231982579774
2016,7,Baltimore Ravens,00-0026158,Joe Flacco,46,-15.9743037731157
2016,7,Buffalo Bills,00-0028118,Tyrod Taylor,32,2.33840193870347
2016,7,Chicago Bears,00-0026625,Brian Hoyer,11,-2.17271015094593
2016,7,Chicago Bears,00-0030533,Matt Barkley,16,-6.76330879807249
2016,7,Cincinnati Bengals,00-0027973,Andy Dalton,31,12.4293582380484
2016,7,Cleveland Browns,00-0032784,Kevin Hogan,26,-6.76759538956685
2016,7,Cleveland Browns,00-0033104,Cody Kessler,11,5.36075112648541
2016,7,Denver Broncos,00-0032156,Trevor Siemian,25,1.97595412397429
2016,7,Detroit Lions,00-0026498,Matthew Stafford,32,8.52561813136167
2016,7,Green Bay Packers,00-0023459,Aaron Rodgers,58,8.48440811153356
2016,7,Houston Texans,00-0029682,Brock Osweiler,42,-17.4379606707426
2016,7,Indianapolis Colts,00-0029668,Andrew Luck,41,16.1675118700674
2016,7,Jacksonville Jaguars,00-0031407,Blake Bortles,44,-8.2939738070019
2016,7,Kansas City Chiefs,00-0023436,Alex Smith,24,10.7923476849683
2016,7,Las Vegas Raiders,00-0031280,Derek Carr,37,1.93784902064767
2016,7,Los Angeles Chargers,00-0022942,Philip Rivers,48,7.58281031161934
2016,7,Los Angeles Rams,00-0028986,Case Keenum,56,-15.8317310411184
2016,7,Miami Dolphins,00-0029701,Ryan Tannehill,26,6.33235176613815
2016,7,Minnesota Vikings,00-0027854,Sam Bradford,47,-19.2882334404312
2016,7,New England Patriots,00-0019596,Tom Brady,26,13.9405377078801
2016,7,New Orleans Saints,00-0020531,Drew Brees,49,12.637701674772
2016,7,New York Giants,00-0022803,Eli Manning,37,-2.2305229301704
2016,7,New York Jets,00-0023682,Ryan Fitzpatrick,17,-2.03794308415993
2016,7,New York Jets,00-0030565,Geno Smith,10,2.07122173951939
2016,7,Philadelphia Eagles,00-0032950,Carson Wentz,28,-6.55215391209105
2016,7,Pittsburgh Steelers,00-0030524,Landry Jones,47,-0.0190709240204034
2016,7,San Francisco 49ers,00-0027974,Colin Kaepernick,38,-14.2578553644225
2016,7,Seattle Seahawks,00-0029263,Russell Wilson,38,-5.84564813671672
2016,7,Tampa Bay Buccaneers,00-0031503,Jameis Winston,32,15.2836600018314
2016,7,Tennessee Titans,00-0032268,Marcus Mariota,40,-0.630616059385452
2016,7,Washington Commanders,00-0029604,Kirk Cousins,41,12.0036123804621
2016,8,Arizona Cardinals,00-0021429,Carson Palmer,54,-3.63090485446434
2016,8,Atlanta Falcons,00-0026143,Matt Ryan,37,11.8777283343541
2016,8,Buffalo Bills,00-0028118,Tyrod Taylor,39,-12.3139196490562
2016,8,Buffalo Bills,00-0030526,EJ Manuel,3,2.57722939357348
2016,8,Carolina Panthers,00-0027939,Cam Newton,28,2.52953165688351
2016,8,Chicago Bears,00-0024226,Jay Cutler,32,8.46176655573663
2016,8,Cincinnati Bengals,00-0027973,Andy Dalton,45,4.38745878570082
2016,8,Cleveland Browns,00-0021206,Josh McCown,50,5.74703088689771
2016,8,Cleveland Browns,00-0032784,Kevin Hogan,2,-0.678264045738615
2016,8,Dallas Cowboys,00-0033077,Dak Prescott,41,1.62893648048401
2016,8,Denver Broncos,00-0032156,Trevor Siemian,39,-8.25308242747791
2016,8,Detroit Lions,00-0026498,Matthew Stafford,42,-1.17673891560247
2016,8,Green Bay Packers,00-0023459,Aaron Rodgers,41,9.89081160718342
2016,8,Houston Texans,00-0029682,Brock Osweiler,32,-0.680826978464121
2016,8,Indianapolis Colts,00-0029668,Andrew Luck,41,-9.16495421598665
2016,8,Jacksonville Jaguars,00-0031407,Blake Bortles,56,6.65666784450878
2016,8,Kansas City Chiefs,00-0023436,Alex Smith,20,7.61507004767191
2016,8,Kansas City Chiefs,00-0029567,Nick Foles,24,5.96011362888517
2016,8,Las Vegas Raiders,00-0031280,Derek Carr,61,15.0333017977737
2016,8,Los Angeles Chargers,00-0022942,Philip Rivers,51,-22.3141094963046
2016,8,Minnesota Vikings,00-0027854,Sam Bradford,42,0.770067454446887
2016,8,New England Patriots,00-0019596,Tom Brady,37,21.2922700671287
2016,8,New England Patriots,00-0031345,Jimmy Garoppolo,1,-1.29556366614997
2016,8,New Orleans Saints,00-0020531,Drew Brees,37,8.99435362188626
2016,8,New York Jets,00-0023682,Ryan Fitzpatrick,36,6.42196619793424
2016,8,Philadelphia Eagles,00-0032950,Carson Wentz,46,3.46869429940655
2016,8,Seattle Seahawks,00-0029263,Russell Wilson,35,-3.55289450291686
2016,8,Tampa Bay Buccaneers,00-0031503,Jameis Winston,34,0.827466723542332
2016,8,Tennessee Titans,00-0023662,Matt Cassel,1,-0.987263141374569
2016,8,Tennessee Titans,00-0032268,Marcus Mariota,22,16.4764744267742
2016,8,Washington Commanders,00-0029604,Kirk Cousins,57,23.6465178052956
2016,9,Atlanta Falcons,00-0026143,Matt Ryan,36,18.9701852783549
2016,9,Baltimore Ravens,00-0026158,Joe Flacco,33,-5.57279532915812
2016,9,Baltimore Ravens,00-0028012,Ryan Mallett,1,-0.258981649763882
2016,9,Buffalo Bills,00-0028118,Tyrod Taylor,43,7.13658318888197
2016,9,Carolina Panthers,00-0027939,Cam Newton,37,-1.05328942158985
2016,9,Cleveland Browns,00-0033104,Cody Kessler,31,-0.954915113563737
2016,9,Dallas Cowboys,00-0026898,Mark Sanchez,1,1.79798589885468
2016,9,Dallas Cowboys,00-0033077,Dak Prescott,27,21.8269027025672
2016,9,Denver Broncos,00-0032156,Trevor Siemian,39,-2.22371788674265
2016,9,Detroit Lions,00-0026498,Matthew Stafford,37,-2.24965993389388
2016,9,Green Bay Packers,00-0023459,Aaron Rodgers,46,5.89939948312484
2016,9,Indianapolis Colts,00-0029668,Andrew Luck,38,4.5776007870445
2016,9,Jacksonville Jaguars,00-0031407,Blake Bortles,43,-0.464416021337804
2016,9,Kansas City Chiefs,00-0029567,Nick Foles,35,-12.3902395371696
2016,9,Las Vegas Raiders,00-0031280,Derek Carr,33,-1.37460878733626
2016,9,Los Angeles Chargers,00-0022942,Philip Rivers,34,12.9476107144088
2016,9,Los Angeles Rams,00-0028986,Case Keenum,50,-3.01956134642593
2016,9,Miami Dolphins,00-0029701,Ryan Tannehill,29,1.22481531383937
2016,9,Minnesota Vikings,00-0027854,Sam Bradford,42,5.37277903033061
2016,9,New Orleans Saints,00-0020531,Drew Brees,40,17.9045361645493
2016,9,New York Giants,00-0022803,Eli Manning,37,-0.343670122965705
2016,9,New York Jets,00-0023682,Ryan Fitzpatrick,30,-7.42162266630865
2016,9,New York Jets,00-0031568,Bryce Petty,2,0.102889876760663
2016,9,Philadelphia Eagles,00-0032950,Carson Wentz,49,-0.999798487481748
2016,9,Pittsburgh Steelers,00-0022924,Ben Roethlisberger,47,-7.40390889014816
2016,9,San Francisco 49ers,00-0027974,Colin Kaepernick,40,6.75712255996047
2016,9,Seattle Seahawks,00-0029263,Russell Wilson,30,7.83201919611773
2016,9,Tampa Bay Buccaneers,00-0030520,Mike Glennon,11,7.12921601794381
2016,9,Tampa Bay Buccaneers,00-0031503,Jameis Winston,39,13.6721316070179
2016,9,Tennessee Titans,00-0032268,Marcus Mariota,43,4.4296747726039
2016,10,Arizona Cardinals,00-0021429,Carson Palmer,51,-1.59462830708919
2016,10,Atlanta Falcons,00-0026143,Matt Ryan,35,-1.40824532976395
2016,10,Baltimore Ravens,00-0026158,Joe Flacco,43,7.54506893094772
2016,10,Carolina Panthers,00-0027939,Cam Newton,40,0.0186545371316811
2016,10,Chicago Bears,00-0024226,Jay Cutler,34,-19.9223171736492
2016,10,Cincinnati Bengals,00-0027973,Andy Dalton,32,-4.52907009057202
2016,10,Cleveland Browns,00-0021206,Josh McCown,16,-13.8985478454269
2016,10,Cleveland Browns,00-0033104,Cody Kessler,19,-2.53723616682692
2016,10,Dallas Cowboys,00-0033077,Dak Prescott,34,12.8357384934438
2016,10,Denver Broncos,00-0032156,Trevor Siemian,46,4.70119498391083
2016,10,Green Bay Packers,00-0023459,Aaron Rodgers,56,5.5117059372517
2016,10,Green Bay Packers,00-0031589,Brett Hundley,4,-2.33091860270361
2016,10,Houston Texans,00-0029682,Brock Osweiler,28,-2.25845453107473
2016,10,Jacksonville Jaguars,00-0031407,Blake Bortles,51,0.0507705556059737
2016,10,Kansas City Chiefs,00-0023436,Alex Smith,41,-5.66634778901466
2016,10,Los Angeles Chargers,00-0022942,Philip Rivers,47,-9.12026773301294
2016,10,Los Angeles Rams,00-0028986,Case Keenum,33,-0.696091486101653
2016,10,Miami Dolphins,00-0029701,Ryan Tannehill,25,12.3364784076777
2016,10,Minnesota Vikings,00-0027854,Sam Bradford,43,8.51086454180768
2016,10,New England Patriots,00-0019596,Tom Brady,34,12.7698018730032
2016,10,New Orleans Saints,00-0020531,Drew Brees,30,5.65345131664071
2016,10,New York Giants,00-0022803,Eli Manning,45,-6.02334731520386
2016,10,New York Jets,00-0031568,Bryce Petty,33,-4.66139964241302
2016,10,Philadelphia Eagles,00-0032950,Carson Wentz,38,1.4407189129923
2016,10,Pittsburgh Steelers,00-0022924,Ben Roethlisberger,47,12.0394882542799
2016,10,San Francisco 49ers,00-0027974,Colin Kaepernick,33,4.76648349235181
2016,10,Seattle Seahawks,00-0029263,Russell Wilson,40,16.7142017639099
2016,10,Tampa Bay Buccaneers,00-0031503,Jameis Winston,37,11.2251675827439
2016,10,Tennessee Titans,00-0032268,Marcus Mariota,27,20.2614515885697
2016,10,Washington Commanders,00-0029604,Kirk Cousins,34,11.3975696885342
2016,11,Arizona Cardinals,00-0021429,Carson Palmer,42,-18.1956255929194
2016,11,Baltimore Ravens,00-0026158,Joe Flacco,36,4.51495328791094
2016,11,Buffalo Bills,00-0028118,Tyrod Taylor,29,-5.17192293529328
2016,11,Carolina Panthers,00-0027939,Cam Newton,35,-2.02054129564604
2016,11,Chicago Bears,00-0024226,Jay Cutler,34,3.62507620896055
2016,11,Cincinnati Bengals,00-0027973,Andy Dalton,44,-9.76981865556445
2016,11,Cleveland Browns,00-0021206,Josh McCown,31,-9.92904754332267
2016,11,Cleveland Browns,00-0033104,Cody Kessler,18,2.14386762102367
2016,11,Dallas Cowboys,00-0033077,Dak Prescott,37,17.6838333507285
2016,11,Detroit Lions,00-0026498,Matthew Stafford,36,4.38378954434302
2016,11,Green Bay Packers,00-0023459,Aaron Rodgers,43,18.0791743750172
2016,11,Green Bay Packers,00-0031589,Brett Hundley,3,-3.77373270166572
2016,11,Houston Texans,00-0029682,Brock Osweiler,41,10.4116475745739
2016,11,Indianapolis Colts,00-0029668,Andrew Luck,30,6.39042925166622
2016,11,Jacksonville Jaguars,00-0031407,Blake Bortles,35,-1.53988823639954
2016,11,Kansas City Chiefs,00-0023436,Alex Smith,31,6.15612903607679
2016,11,Las Vegas Raiders,00-0031280,Derek Carr,31,11.8978713009589
2016,11,Los Angeles Rams,00-0033106,Jared Goff,32,-7.09956620931989
2016,11,Miami Dolphins,00-0029701,Ryan Tannehill,38,-6.53917512507178
2016,11,Minnesota Vikings,00-0027854,Sam Bradford,30,-1.99630631625483
2016,11,New England Patriots,00-0019596,Tom Brady,41,8.6278074106513
2016,11,New Orleans Saints,00-0020531,Drew Brees,47,-0.116290932235173
2016,11,New York Giants,00-0022803,Eli Manning,36,7.58823481858756
2016,11,Philadelphia Eagles,00-0032950,Carson Wentz,47,-7.13696450561099
2016,11,Pittsburgh Steelers,00-0022924,Ben Roethlisberger,36,3.67614800110926
2016,11,San Francisco 49ers,00-0027974,Colin Kaepernick,35,-0.541427269124828
2016,11,Seattle Seahawks,00-0029263,Russell Wilson,32,7.84734927443055
2016,11,Tampa Bay Buccaneers,00-0031503,Jameis Winston,40,16.6061335294668
2016,11,Tennessee Titans,00-0032268,Marcus Mariota,43,4.29558582118065
2016,11,Washington Commanders,00-0029604,Kirk Cousins,32,22.8102431902404
2016,12,Arizona Cardinals,00-0021429,Carson Palmer,47,1.28051440023764
2016,12,Atlanta Falcons,00-0026143,Matt Ryan,37,5.75873813958606
2016,12,Baltimore Ravens,00-0026158,Joe Flacco,38,-3.62761854821499
2016,12,Buffalo Bills,00-0028118,Tyrod Taylor,23,1.06628713902319
2016,12,Carolina Panthers,00-0027939,Cam Newton,31,-3.7064078871333
2016,12,Chicago Bears,00-0030533,Matt Barkley,54,2.78218044748064
2016,12,Cincinnati Bengals,00-0027973,Andy Dalton,51,2.91020549788532
2016,12,Cleveland Browns,00-0021206,Josh McCown,50,-16.1076569695104
2016,12,Dallas Cowboys,00-0033077,Dak Prescott,25,10.3202441424171
2016,12,Denver Broncos,00-0032156,Trevor Siemian,39,17.7475720501613
2016,12,Detroit Lions,00-0026498,Matthew Stafford,42,-4.16539899812418
2016,12,Green Bay Packers,00-0023459,Aaron Rodgers,39,23.0395057932033
2016,12,Houston Texans,00-0029682,Brock Osweiler,38,-2.1626852307078
2016,12,Indianapolis Colts,00-0028595,Scott Tolzien,39,-9.48719690783638
2016,12,Jacksonville Jaguars,00-0031407,Blake Bortles,28,-1.6556919166469
2016,12,Kansas City Chiefs,00-0023436,Alex Smith,50,-5.53137257050202
2016,12,Las Vegas Raiders,00-0030419,Matt McGloin,1,-1.46287727728486
2016,12,Las Vegas Raiders,00-0031280,Derek Carr,39,11.6826917509747
2016,12,Los Angeles Chargers,00-0022942,Philip Rivers,31,7.28874810612315
2016,12,Los Angeles Rams,00-0033106,Jared Goff,35,-9.32396617729682
2016,12,Miami Dolphins,00-0029701,Ryan Tannehill,32,13.4540894779539
2016,12,Minnesota Vikings,00-0027854,Sam Bradford,37,-5.46033297970674
2016,12,New England Patriots,00-0019596,Tom Brady,50,5.40454019463008
2016,12,New Orleans Saints,00-0020531,Drew Brees,38,8.83719077630667
2016,12,New York Giants,00-0022803,Eli Manning,28,7.53977770864731
2016,12,New York Jets,00-0023682,Ryan Fitzpatrick,33,4.71503298061284
2016,12,Philadelphia Eagles,00-0032950,Carson Wentz,40,-3.55449058596879
2016,12,Pittsburgh Steelers,00-0022924,Ben Roethlisberger,20,14.7398232484702
2016,12,Pittsburgh Steelers,00-0030524,Landry Jones,1,-1.48070163640659
2016,12,San Francisco 49ers,00-0027974,Colin Kaepernick,48,9.84456200780321
2016,12,Seattle Seahawks,00-0029263,Russell Wilson,39,-17.4212941811897
2016,12,Tampa Bay Buccaneers,00-0031503,Jameis Winston,28,6.96297294912857
2016,12,Tennessee Titans,00-0032268,Marcus Mariota,23,13.4835844690285
2016,12,Washington Commanders,00-0029604,Kirk Cousins,53,25.2078615746955
2016,13,Arizona Cardinals,00-0021429,Carson Palmer,48,13.839071542942
2016,13,Atlanta Falcons,00-0026143,Matt Ryan,36,-5.29199245806771
2016,13,Baltimore Ravens,00-0026158,Joe Flacco,47,17.9747607726692
2016,13,Baltimore Ravens,00-0028012,Ryan Mallett,3,-1.97515272413148
2016,13,Buffalo Bills,00-0028118,Tyrod Taylor,39,-9.06261436022674
2016,13,Carolina Panthers,00-0023645,Derek Anderson,1,-5.25226934859529
2016,13,Carolina Panthers,00-0027939,Cam Newton,32,-1.74153605103493
2016,13,Chicago Bears,00-0030533,Matt Barkley,19,8.43968597320517
2016,13,Cincinnati Bengals,00-0027973,Andy Dalton,31,26.683325949778
2016,13,Dallas Cowboys,00-0033077,Dak Prescott,21,-6.29970554030678
2016,13,Denver Broncos,00-0033108,Paxton Lynch,26,-10.6308249976114
2016,13,Detroit Lions,00-0026498,Matthew Stafford,44,14.685366216082
2016,13,Green Bay Packers,00-0023459,Aaron Rodgers,31,6.57948997011408
2016,13,Houston Texans,00-0029682,Brock Osweiler,37,0.859973701735726
2016,13,Indianapolis Colts,00-0028595,Scott Tolzien,1,1.15249825606588
2016,13,Indianapolis Colts,00-0029668,Andrew Luck,29,25.4564406926453
2016,13,Jacksonville Jaguars,00-0031407,Blake Bortles,43,-30.7874728432118
2016,13,Kansas City Chiefs,00-0023436,Alex Smith,26,10.4878861666657
2016,13,Las Vegas Raiders,00-0031280,Derek Carr,35,8.88181066018661
2016,13,Los Angeles Chargers,00-0022942,Philip Rivers,28,-3.5920588636476
2016,13,Los Angeles Rams,00-0033106,Jared Goff,36,-15.7982752837765
2016,13,Miami Dolphins,00-0029701,Ryan Tannehill,42,-11.6800961557646
2016,13,Minnesota Vikings,00-0020679,Shaun Hill,2,-0.636522234650329
2016,13,Minnesota Vikings,00-0027854,Sam Bradford,47,-2.91853774505115
2016,13,New England Patriots,00-0019596,Tom Brady,46,0.90250885886487
2016,13,New Orleans Saints,00-0020531,Drew Brees,45,-7.58057520695179
2016,13,New York Giants,00-0022803,Eli Manning,41,-16.9832898908353
2016,13,New York Jets,00-0023682,Ryan Fitzpatrick,12,-1.7309354263125
2016,13,New York Jets,00-0031568,Bryce Petty,26,-9.88684936054051
2016,13,Philadelphia Eagles,00-0032950,Carson Wentz,61,-4.11180441535544
2016,13,Pittsburgh Steelers,00-0022924,Ben Roethlisberger,38,11.585713606956
2016,13,San Francisco 49ers,00-0027948,Blaine Gabbert,11,-3.73167068348266
2016,13,San Francisco 49ers,00-0027974,Colin Kaepernick,10,-12.1336748077903
2016,13,Seattle Seahawks,00-0029263,Russell Wilson,39,4.7860036584356
2016,13,Seattle Seahawks,00-0032462,Trevone Boykin,3,3.08088221539675
2016,13,Tampa Bay Buccaneers,00-0031503,Jameis Winston,31,10.5514912863412
2016,13,Washington Commanders,00-0029604,Kirk Cousins,39,0.290198328399327
2016,14,Arizona Cardinals,00-0021429,Carson Palmer,36,-7.75383253517952
2016,14,Atlanta Falcons,00-0022787,Matt Schaub,2,-2.18008093652315
2016,14,Atlanta Falcons,00-0026143,Matt Ryan,30,15.7771713240072
2016,14,Baltimore Ravens,00-0026158,Joe Flacco,54,4.78110973604261
2016,14,Buffalo Bills,00-0028118,Tyrod Taylor,30,3.15179179699044
2016,14,Carolina Panthers,00-0027939,Cam Newton,29,-7.94943411078726
2016,14,Chicago Bears,00-0030533,Matt Barkley,33,3.82697681117141
2016,14,Cincinnati Bengals,00-0027973,Andy Dalton,32,3.87587340573782
2016,14,Cleveland Browns,00-0029665,Robert Griffin,31,-11.9894757922963
2016,14,Dallas Cowboys,00-0033077,Dak Prescott,40,-21.2140264775283
2016,14,Denver Broncos,00-0032156,Trevor Siemian,54,2.53037295480244
2016,14,Detroit Lions,00-0026498,Matthew Stafford,38,-4.70274134877691
2016,14,Green Bay Packers,00-0023459,Aaron Rodgers,24,13.6945058367564
2016,14,Green Bay Packers,00-0031589,Brett Hundley,2,-1.55807710638423
2016,14,Houston Texans,00-0029682,Brock Osweiler,26,-5.6236334345742
2016,14,Indianapolis Colts,00-0029668,Andrew Luck,46,-9.3501596186455
2016,14,Jacksonville Jaguars,00-0031407,Blake Bortles,41,-0.606599146965888
2016,14,Kansas City Chiefs,00-0023436,Alex Smith,27,-1.83072321198415
2016,14,Las Vegas Raiders,00-0031280,Derek Carr,42,-17.5771011297751
2016,14,Los Angeles Chargers,00-0022942,Philip Rivers,44,-8.97870523413591
2016,14,Los Angeles Rams,00-0033106,Jared Goff,44,-17.8253020359552
2016,14,Miami Dolphins,00-0025708,Matt Moore,5,1.83988660297473
2016,14,Miami Dolphins,00-0029701,Ryan Tannehill,21,6.36870812572306
2016,14,Minnesota Vikings,00-0027854,Sam Bradford,34,15.1064276406048
2016,14,New England Patriots,00-0019596,Tom Brady,39,13.0451216777437
2016,14,New Orleans Saints,00-0020531,Drew Brees,42,-4.81594294315948
2016,14,New York Giants,00-0022803,Eli Manning,31,-11.911230934993
2016,14,New York Jets,00-0031568,Bryce Petty,41,-2.80549657122567
2016,14,Philadelphia Eagles,00-0032950,Carson Wentz,50,3.57199262652769
2016,14,Pittsburgh Steelers,00-0022924,Ben Roethlisberger,31,-6.06173473160015
2016,14,San Francisco 49ers,00-0027974,Colin Kaepernick,28,-9.85721072720415
2016,14,Seattle Seahawks,00-0029263,Russell Wilson,42,-21.7698364641983
2016,14,Tampa Bay Buccaneers,00-0031503,Jameis Winston,28,2.86044828861971
2016,14,Tennessee Titans,00-0032268,Marcus Mariota,22,-11.0406393700646
2016,14,Washington Commanders,00-0029604,Kirk Cousins,23,3.91930424682121
2016,15,Arizona Cardinals,00-0021429,Carson Palmer,41,13.6547442905213
2016,15,Atlanta Falcons,00-0022787,Matt Schaub,1,2.03549046639819
2016,15,Atlanta Falcons,00-0026143,Matt Ryan,24,20.5147610857567
2016,15,Baltimore Ravens,00-0026158,Joe Flacco,33,-6.72468118430918
2016,15,Buffalo Bills,00-0028118,Tyrod Taylor,25,9.29369735036744
2016,15,Buffalo Bills,00-0030526,EJ Manuel,1,-0.929833595699165
2016,15,Carolina Panthers,00-0027939,Cam Newton,39,7.45856654126775
2016,15,Chicago Bears,00-0030533,Matt Barkley,44,4.8197856620163
2016,15,Cincinnati Bengals,00-0027973,Andy Dalton,28,-4.76698015251369
2016,15,Cleveland Browns,00-0029665,Robert Griffin,33,0.047412818833104
2016,15,Dallas Cowboys,00-0033077,Dak Prescott,39,7.78054539388043
2016,15,Denver Broncos,00-0032156,Trevor Siemian,44,-14.163965235433
2016,15,Detroit Lions,00-0026498,Matthew Stafford,40,-0.866365138317675
2016,15,Green Bay Packers,00-0023459,Aaron Rodgers,35,3.2049862383372
2016,15,Houston Texans,00-0029682,Brock Osweiler,11,-12.2601285735145
2016,15,Houston Texans,00-0031064,Tom Savage,36,4.85016974748132
2016,15,Indianapolis Colts,00-0029668,Andrew Luck,28,15.6482698904583
2016,15,Jacksonville Jaguars,00-0031407,Blake Bortles,30,-15.9273310344212
2016,15,Kansas City Chiefs,00-0023436,Alex Smith,29,-3.83441451011541
2016,15,Las Vegas Raiders,00-0031280,Derek Carr,32,4.12854749839572
2016,15,Los Angeles Chargers,00-0022942,Philip Rivers,33,2.42530172847388
2016,15,Los Angeles Rams,00-0028986,Case Keenum,9,-7.02882883191342
2016,15,Los Angeles Rams,00-0033106,Jared Goff,29,-6.60425408529491
2016,15,Miami Dolphins,00-0025708,Matt Moore,19,14.9820731937361
2016,15,Minnesota Vikings,00-0027854,Sam Bradford,47,-12.1342487424421
2016,15,New England Patriots,00-0019596,Tom Brady,34,-0.343280419439372
2016,15,New Orleans Saints,00-0020531,Drew Brees,51,13.1051965472575
2016,15,New York Giants,00-0022803,Eli Manning,30,5.09175456992251
2016,15,New York Jets,00-0023682,Ryan Fitzpatrick,10,-6.66856379777134
2016,15,New York Jets,00-0031568,Bryce Petty,39,-11.3436200777768
2016,15,Philadelphia Eagles,00-0032950,Carson Wentz,43,-9.8005286327831
2016,15,Pittsburgh Steelers,00-0022924,Ben Roethlisberger,37,13.7012125909623
2016,15,San Francisco 49ers,00-0027974,Colin Kaepernick,35,0.802677871834021
2016,15,Seattle Seahawks,00-0029263,Russell Wilson,28,9.34035005538196
2016,15,Tampa Bay Buccaneers,00-0031503,Jameis Winston,39,-3.07289153900178
2016,15,Tennessee Titans,00-0032268,Marcus Mariota,34,0.0982281828165257
2016,15,Washington Commanders,00-0029604,Kirk Cousins,48,-7.15135241137338
2016,16,Arizona Cardinals,00-0021429,Carson Palmer,27,9.77669806171946
2016,16,Atlanta Falcons,00-0026143,Matt Ryan,37,10.2475404574137
2016,16,Baltimore Ravens,00-0026158,Joe Flacco,46,5.21941943402869
2016,16,Buffalo Bills,00-0028118,Tyrod Taylor,41,18.5237100209115
2016,16,Carolina Panthers,00-0027939,Cam Newton,45,-15.2981710025236
2016,16,Chicago Bears,00-0030533,Matt Barkley,41,-5.51709449001561
2016,16,Cincinnati Bengals,00-0027973,Andy Dalton,44,-5.68033383394111
2016,16,Cleveland Browns,00-0029665,Robert Griffin,32,-1.76377777931779
2016,16,Cleveland Browns,00-0033104,Cody Kessler,5,-2.76532682438847
2016,16,Dallas Cowboys,00-0033077,Dak Prescott,21,16.5922238625935
2016,16,Denver Broncos,00-0032156,Trevor Siemian,43,-10.4140038219908
2016,16,Detroit Lions,00-0026498,Matthew Stafford,50,-2.98187056380409
2016,16,Green Bay Packers,00-0023459,Aaron Rodgers,42,11.5751751188578
2016,16,Green Bay Packers,00-0031589,Brett Hundley,1,-0.53352114954032
2016,16,Houston Texans,00-0031064,Tom Savage,33,-8.79266239402763
2016,16,Indianapolis Colts,00-0029668,Andrew Luck,29,10.2571642174375
2016,16,Jacksonville Jaguars,00-0031407,Blake Bortles,40,13.0538272345373
2016,16,Kansas City Chiefs,00-0023436,Alex Smith,36,1.05540407673
2016,16,Las Vegas Raiders,00-0030419,Matt McGloin,3,-0.101827124715783
2016,16,Las Vegas Raiders,00-0031280,Derek Carr,32,11.1259940676973
2016,16,Los Angeles Chargers,00-0022942,Philip Rivers,46,9.72248721686871
2016,16,Los Angeles Rams,00-0033106,Jared Goff,28,-13.1116859883186
2016,16,Miami Dolphins,00-0025708,Matt Moore,30,7.04057235494191
2016,16,Minnesota Vikings,00-0027854,Sam Bradford,54,8.73363196112782
2016,16,New England Patriots,00-0019596,Tom Brady,28,12.4299320661128
2016,16,New England Patriots,00-0031345,Jimmy Garoppolo,2,-0.201980409678072
2016,16,New Orleans Saints,00-0020531,Drew Brees,36,8.00920268327919
2016,16,New York Giants,00-0022803,Eli Manning,63,-3.31148825674457
2016,16,New York Jets,00-0023682,Ryan Fitzpatrick,21,-8.1923333401274
2016,16,New York Jets,00-0031568,Bryce Petty,5,-7.07227396615781
2016,16,Philadelphia Eagles,00-0026544,Chase Daniel,1,1.59690578101436
2016,16,Philadelphia Eagles,00-0032950,Carson Wentz,24,-1.01712572064491
2016,16,Pittsburgh Steelers,00-0022924,Ben Roethlisberger,33,3.4489382691457
2016,16,San Francisco 49ers,00-0027974,Colin Kaepernick,41,5.25514646770898
2016,16,Seattle Seahawks,00-0029263,Russell Wilson,51,6.99733561483182
2016,16,Tampa Bay Buccaneers,00-0031503,Jameis Winston,37,7.01740314499062
2016,16,Tennessee Titans,00-0023662,Matt Cassel,25,-7.45918043627171
2016,16,Tennessee Titans,00-0032268,Marcus Mariota,22,0.475479814726898
2016,16,Washington Commanders,00-0029604,Kirk Cousins,29,5.93320082758937
2016,17,Arizona Cardinals,00-0021429,Carson Palmer,39,7.72099122516199
2016,17,Arizona Cardinals,00-0025430,Drew Stanton,4,-2.31986953149317
2016,17,Atlanta Falcons,00-0026143,Matt Ryan,37,17.979193255507
2016,17,Baltimore Ravens,00-0026158,Joe Flacco,52,-12.1185230993724
2016,17,Baltimore Ravens,00-0028012,Ryan Mallett,2,-1.98117231624201
2016,17,Buffalo Bills,00-0030526,EJ Manuel,22,-6.13382458276877
2016,17,Buffalo Bills,00-0033098,Cardale Jones,12,-8.04058968659956
2016,17,Carolina Panthers,00-0027939,Cam Newton,35,-6.40593843177687
2016,17,Chicago Bears,00-0030533,Matt Barkley,15,-8.7830077053178
2016,17,Chicago Bears,00-0031076,David Fales,6,-2.25861815735698
2016,17,Cincinnati Bengals,00-0027973,Andy Dalton,29,4.33705987786807
2016,17,Cleveland Browns,00-0029665,Robert Griffin,44,1.91986333361957
2016,17,Dallas Cowboys,00-0021678,Tony Romo,4,3.70600413612556
2016,17,Dallas Cowboys,00-0026898,Mark Sanchez,20,-13.6602929575812
2016,17,Dallas Cowboys,00-0033077,Dak Prescott,8,-0.533489401587735
2016,17,Denver Broncos,00-0032156,Trevor Siemian,27,6.86522950363173
2016,17,Detroit Lions,00-0026498,Matthew Stafford,43,9.79106687447411
2016,17,Green Bay Packers,00-0023459,Aaron Rodgers,40,16.6403505679886
2016,17,Houston Texans,00-0029682,Brock Osweiler,43,4.8379243141759
2016,17,Houston Texans,00-0031064,Tom Savage,9,-7.17071321234107
2016,17,Indianapolis Colts,00-0029668,Andrew Luck,44,4.80811085716014
2016,17,Jacksonville Jaguars,00-0031407,Blake Bortles,41,0.255025174686108
2016,17,Kansas City Chiefs,00-0023436,Alex Smith,29,10.2353324705111
2016,17,Las Vegas Raiders,00-0030419,Matt McGloin,11,-4.60456935921684
2016,17,Las Vegas Raiders,00-0032893,Connor Cook,23,-13.1150683414452
2016,17,Los Angeles Chargers,00-0022942,Philip Rivers,38,2.74178438145893
2016,17,Los Angeles Rams,00-0032245,Sean Mannion,6,-12.6102968383348
2016,17,Los Angeles Rams,00-0033106,Jared Goff,27,-16.9464332033767
2016,17,Miami Dolphins,00-0025708,Matt Moore,34,5.51520913024433
2016,17,Minnesota Vikings,00-0020679,Shaun Hill,1,-3.01699171011569
2016,17,Minnesota Vikings,00-0027854,Sam Bradford,33,12.7327926919578
2016,17,New England Patriots,00-0019596,Tom Brady,33,15.325837229804
2016,17,New England Patriots,00-0031345,Jimmy Garoppolo,1,-0.755544833024032
2016,17,New Orleans Saints,00-0020531,Drew Brees,52,5.77626595317868
2016,17,New York Giants,00-0022803,Eli Manning,28,-0.686371595984368
2016,17,New York Jets,00-0023682,Ryan Fitzpatrick,31,5.34876326673526
2016,17,Philadelphia Eagles,00-0032950,Carson Wentz,45,1.67645240589104
2016,17,Pittsburgh Steelers,00-0030524,Landry Jones,41,8.32299057749333
2016,17,San Francisco 49ers,00-0027974,Colin Kaepernick,27,4.29893945675576
2016,17,Seattle Seahawks,00-0029263,Russell Wilson,33,6.24718831252564
2016,17,Seattle Seahawks,00-0032462,Trevone Boykin,7,0.882716915628407
2016,17,Tampa Bay Buccaneers,00-0031503,Jameis Winston,38,-10.7887426430909
2016,17,Tennessee Titans,00-0023662,Matt Cassel,30,-2.3769493941569
2016,17,Washington Commanders,00-0029604,Kirk Cousins,39,-4.36209555070601
2017,1,Arizona Cardinals,00-0021429,Carson Palmer,49,-10.9967784725128
2017,1,Atlanta Falcons,00-0026143,Matt Ryan,32,13.5157245434347
2017,1,Baltimore Ravens,00-0026158,Joe Flacco,18,-0.336168905821062
2017,1,Buffalo Bills,00-0028118,Tyrod Taylor,30,4.10571728280047
2017,1,Carolina Panthers,00-0027939,Cam Newton,25,3.07375707023495
2017,1,Chicago Bears,00-0030520,Mike Glennon,44,-6.95935636130345
2017,1,Cincinnati Bengals,00-0027973,Andy Dalton,36,-29.3641997606901
2017,1,Cleveland Browns,00-0033899,DeShone Kizer,37,-2.49219939025352
2017,1,Dallas Cowboys,00-0033077,Dak Prescott,40,6.06987413954772
2017,1,Denver Broncos,00-0032156,Trevor Siemian,32,5.64891007791466
2017,1,Detroit Lions,00-0026498,Matthew Stafford,42,-2.88440828051916
2017,1,Green Bay Packers,00-0023459,Aaron Rodgers,46,2.1717179210377
2017,1,Houston Texans,00-0031064,Tom Savage,19,-21.2643427170115
2017,1,Houston Texans,00-0033537,Deshaun Watson,27,-17.2810688087193
2017,1,Indianapolis Colts,00-0028595,Scott Tolzien,22,-22.6156100803805
2017,1,Indianapolis Colts,00-0033119,Jacoby Brissett,3,2.13680865964852
2017,1,Jacksonville Jaguars,00-0031407,Blake Bortles,21,1.9233279938493
2017,1,Kansas City Chiefs,00-0023436,Alex Smith,38,17.5607251510373
2017,1,Las Vegas Raiders,00-0031280,Derek Carr,34,9.3180150276907
2017,1,Los Angeles Chargers,00-0022942,Philip Rivers,34,2.61878241105674
2017,1,Los Angeles Rams,00-0032245,Sean Mannion,1,-0.164812524337322
2017,1,Los Angeles Rams,00-0033106,Jared Goff,30,10.6939137103321
2017,1,Minnesota Vikings,00-0027854,Sam Bradford,33,21.0961044685012
2017,1,New England Patriots,00-0019596,Tom Brady,39,1.75390155712375
2017,1,New Orleans Saints,00-0020531,Drew Brees,38,9.74175846369394
2017,1,New York Giants,00-0022803,Eli Manning,41,-6.14403732968291
2017,1,New York Jets,00-0021206,Josh McCown,40,-12.8478890923068
2017,1,Philadelphia Eagles,00-0032950,Carson Wentz,41,9.53234661281095
2017,1,Pittsburgh Steelers,00-0022924,Ben Roethlisberger,37,4.36629921465647
2017,1,San Francisco 49ers,00-0026625,Brian Hoyer,39,-15.5657046365086
2017,1,Seattle Seahawks,00-0029263,Russell Wilson,30,-10.3280354975705
2017,1,Tennessee Titans,00-0032268,Marcus Mariota,42,4.67399288357085
2017,1,Washington Commanders,00-0029604,Kirk Cousins,44,-14.475259981566
2017,2,Arizona Cardinals,00-0021429,Carson Palmer,40,1.33638211629929
2017,2,Atlanta Falcons,00-0026143,Matt Ryan,31,8.63122822632123
2017,2,Baltimore Ravens,00-0026158,Joe Flacco,36,6.66894637506171
2017,2,Buffalo Bills,00-0028118,Tyrod Taylor,28,-5.86438365366929
2017,2,Carolina Panthers,00-0027939,Cam Newton,38,-0.960147457375571
2017,2,Chicago Bears,00-0030520,Mike Glennon,46,-6.68908150936477
2017,2,Cincinnati Bengals,00-0027973,Andy Dalton,38,-9.40579393292207
2017,2,Cleveland Browns,00-0032784,Kevin Hogan,12,2.12907809976594
2017,2,Cleveland Browns,00-0033899,DeShone Kizer,33,-15.6247882712632
2017,2,Dallas Cowboys,00-0033077,Dak Prescott,52,-18.6546683903986
2017,2,Denver Broncos,00-0032156,Trevor Siemian,34,5.70620965911217
2017,2,Detroit Lions,00-0026498,Matthew Stafford,24,-0.913572475484698
2017,2,Green Bay Packers,00-0023459,Aaron Rodgers,53,4.3985510109178
2017,2,Houston Texans,00-0033537,Deshaun Watson,27,-4.78939935836062
2017,2,Indianapolis Colts,00-0033119,Jacoby Brissett,41,-6.00817643299746
2017,2,Jacksonville Jaguars,00-0031407,Blake Bortles,36,-10.5732548976696
2017,2,Kansas City Chiefs,00-0023436,Alex Smith,32,4.08327349975916
2017,2,Las Vegas Raiders,00-0031280,Derek Carr,28,16.9185627178813
2017,2,Los Angeles Chargers,00-0022942,Philip Rivers,40,11.5091826553568
2017,2,Los Angeles Rams,00-0033106,Jared Goff,26,0.483202718896176
2017,2,Miami Dolphins,00-0024226,Jay Cutler,35,8.72021447772899
2017,2,Minnesota Vikings,00-0028986,Case Keenum,39,-9.5020377675293
2017,2,New England Patriots,00-0019596,Tom Brady,41,25.0896825526234
2017,2,New Orleans Saints,00-0020531,Drew Brees,46,2.61334793455366
2017,2,New York Giants,00-0022803,Eli Manning,37,-8.44907601873274
2017,2,New York Jets,00-0021206,Josh McCown,28,-1.0678137317203
2017,2,Philadelphia Eagles,00-0032950,Carson Wentz,52,3.66579055905399
2017,2,Pittsburgh Steelers,00-0022924,Ben Roethlisberger,37,4.23641573187578
2017,2,San Francisco 49ers,00-0026625,Brian Hoyer,29,-15.9088357527927
2017,2,Seattle Seahawks,00-0029263,Russell Wilson,42,-1.99084892638459
2017,2,Tampa Bay Buccaneers,00-0023682,Ryan Fitzpatrick,1,-0.905382807832211
2017,2,Tampa Bay Buccaneers,00-0031503,Jameis Winston,32,7.86023426806385
2017,2,Tennessee Titans,00-0032268,Marcus Mariota,28,3.52273676190944
2017,2,Washington Commanders,00-0029604,Kirk Cousins,29,5.36236290790358
2017,3,Arizona Cardinals,00-0021429,Carson Palmer,54,1.2117906181686
2017,3,Atlanta Falcons,00-0026143,Matt Ryan,37,-5.59844574907872
2017,3,Baltimore Ravens,00-0026158,Joe Flacco,20,-19.0408368937788
2017,3,Baltimore Ravens,00-0028012,Ryan Mallett,9,0.925165156484582
2017,3,Buffalo Bills,00-0028118,Tyrod Taylor,30,5.60568149435262
2017,3,Carolina Panthers,00-0023645,Derek Anderson,7,-2.82823344029021
2017,3,Carolina Panthers,00-0027939,Cam Newton,30,-15.5553451503316
2017,3,Chicago Bears,00-0030520,Mike Glennon,24,-7.34886434921646
2017,3,Cincinnati Bengals,00-0027973,Andy Dalton,30,6.12032995616489
2017,3,Cleveland Browns,00-0033899,DeShone Kizer,48,-6.51696447239374
2017,3,Dallas Cowboys,00-0033077,Dak Prescott,19,3.70085935812676
2017,3,Denver Broncos,00-0032156,Trevor Siemian,43,-6.81134360178421
2017,3,Detroit Lions,00-0026498,Matthew Stafford,47,-4.98343012068051
2017,3,Green Bay Packers,00-0023459,Aaron Rodgers,48,-4.84842635865907
2017,3,Houston Texans,00-0033537,Deshaun Watson,35,6.69511087271882
2017,3,Indianapolis Colts,00-0033119,Jacoby Brissett,27,6.6739060407186
2017,3,Jacksonville Jaguars,00-0026197,Chad Henne,2,-2.14174759108573
2017,3,Jacksonville Jaguars,00-0031407,Blake Bortles,31,16.0439630977068
2017,3,Kansas City Chiefs,00-0023436,Alex Smith,26,-2.97746107581558
2017,3,Las Vegas Raiders,00-0031280,Derek Carr,35,-22.9593515452028
2017,3,Los Angeles Chargers,00-0022942,Philip Rivers,42,-10.3035608732607
2017,3,Los Angeles Rams,00-0033106,Jared Goff,28,22.5018897306722
2017,3,Miami Dolphins,00-0024226,Jay Cutler,47,-11.2619732912281
2017,3,Minnesota Vikings,00-0028986,Case Keenum,33,20.775587012735
2017,3,New England Patriots,00-0019596,Tom Brady,40,11.5748613190809
2017,3,New Orleans Saints,00-0020531,Drew Brees,30,12.8568309318158
2017,3,New York Giants,00-0022803,Eli Manning,47,8.63001382072226
2017,3,New York Jets,00-0021206,Josh McCown,25,10.5864974761111
2017,3,Philadelphia Eagles,00-0032950,Carson Wentz,34,-3.76479716919101
2017,3,Pittsburgh Steelers,00-0022924,Ben Roethlisberger,42,-3.83252494209971
2017,3,San Francisco 49ers,00-0026625,Brian Hoyer,41,1.71336554364905
2017,3,Seattle Seahawks,00-0029263,Russell Wilson,50,10.3155127970823
2017,3,Tampa Bay Buccaneers,00-0031503,Jameis Winston,42,-0.37017725137436
2017,3,Tennessee Titans,00-0032268,Marcus Mariota,32,2.22730002691246
2017,3,Washington Commanders,00-0029604,Kirk Cousins,31,20.0177167760707
2017,4,Arizona Cardinals,00-0021429,Carson Palmer,57,-2.37846114928107
2017,4,Atlanta Falcons,00-0026143,Matt Ryan,43,-11.0181398228016
2017,4,Baltimore Ravens,00-0026158,Joe Flacco,53,-12.1737365964206
2017,4,Buffalo Bills,00-0028118,Tyrod Taylor,23,4.28752995551124
2017,4,Carolina Panthers,00-0027939,Cam Newton,31,20.4449484426877
2017,4,Chicago Bears,00-0030520,Mike Glennon,34,-5.4504564413935
2017,4,Cincinnati Bengals,00-0027973,Andy Dalton,33,12.6694129983261
2017,4,Cleveland Browns,00-0032784,Kevin Hogan,9,1.29249553297996
2017,4,Cleveland Browns,00-0033899,DeShone Kizer,35,-14.9377456331217
2017,4,Dallas Cowboys,00-0033077,Dak Prescott,38,3.64320872493135
2017,4,Denver Broncos,00-0032156,Trevor Siemian,30,0.918527377471913
2017,4,Detroit Lions,00-0026498,Matthew Stafford,37,-2.32031849391571
2017,4,Green Bay Packers,00-0023459,Aaron Rodgers,28,10.8121804289403
2017,4,Green Bay Packers,00-0031589,Brett Hundley,1,-0.55458229733631
2017,4,Houston Texans,00-0031064,Tom Savage,1,-1.52760605083313
2017,4,Houston Texans,00-0033537,Deshaun Watson,35,19.5130965908279
2017,4,Indianapolis Colts,00-0033119,Jacoby Brissett,32,-15.7668881694091
2017,4,Jacksonville Jaguars,00-0031407,Blake Bortles,36,-11.9459694309025
2017,4,Kansas City Chiefs,00-0023436,Alex Smith,41,7.82863032500581
2017,4,Las Vegas Raiders,00-0030526,EJ Manuel,18,-1.73834393402955
2017,4,Las Vegas Raiders,00-0031280,Derek Carr,20,-0.188833865278866
2017,4,Los Angeles Chargers,00-0022942,Philip Rivers,40,11.0794475385026
2017,4,Los Angeles Rams,00-0033106,Jared Goff,37,6.87674684989027
2017,4,Miami Dolphins,00-0024226,Jay Cutler,32,-9.65067853854271
2017,4,Minnesota Vikings,00-0028986,Case Keenum,32,-4.75923206053838
2017,4,New England Patriots,00-0019596,Tom Brady,48,9.75852805372757
2017,4,New Orleans Saints,00-0020531,Drew Brees,42,15.2064443720647
2017,4,New York Giants,00-0022803,Eli Manning,49,8.17897566177999
2017,4,New York Jets,00-0021206,Josh McCown,36,-3.50568540140451
2017,4,Philadelphia Eagles,00-0032950,Carson Wentz,32,11.815898320978
2017,4,Pittsburgh Steelers,00-0022924,Ben Roethlisberger,31,3.86486004882602
2017,4,San Francisco 49ers,00-0026625,Brian Hoyer,52,-7.18528742319712
2017,4,Seattle Seahawks,00-0029263,Russell Wilson,29,11.4395530076499
2017,4,Tampa Bay Buccaneers,00-0031503,Jameis Winston,39,5.92955766659654
2017,4,Tennessee Titans,00-0023662,Matt Cassel,12,-22.4040213266271
2017,4,Tennessee Titans,00-0032268,Marcus Mariota,10,-1.11562467738986
2017,4,Washington Commanders,00-0029604,Kirk Cousins,24,9.60963023577979
2017,5,Arizona Cardinals,00-0021429,Carson Palmer,46,2.05629035293447
2017,5,Baltimore Ravens,00-0026158,Joe Flacco,26,8.87837648556132
2017,5,Buffalo Bills,00-0028118,Tyrod Taylor,43,-6.24133468228465
2017,5,Carolina Panthers,00-0027939,Cam Newton,36,17.2863967530566
2017,5,Chicago Bears,00-0033869,Mitchell Trubisky,26,-13.9843683642102
2017,5,Cincinnati Bengals,00-0027973,Andy Dalton,37,6.44085385196329
2017,5,Cleveland Browns,00-0032784,Kevin Hogan,19,6.89791899383999
2017,5,Cleveland Browns,00-0033899,DeShone Kizer,18,-6.25342906779961
2017,5,Dallas Cowboys,00-0033077,Dak Prescott,37,5.50940556817686
2017,5,Detroit Lions,00-0026498,Matthew Stafford,41,-6.22252624599499
2017,5,Green Bay Packers,00-0023459,Aaron Rodgers,33,10.4726496556373
2017,5,Houston Texans,00-0033537,Deshaun Watson,34,11.474733072246
2017,5,Indianapolis Colts,00-0033119,Jacoby Brissett,38,0.670922296820197
2017,5,Jacksonville Jaguars,00-0031407,Blake Bortles,16,-2.12159636203432
2017,5,Kansas City Chiefs,00-0023436,Alex Smith,38,26.8623111647883
2017,5,Las Vegas Raiders,00-0030526,EJ Manuel,29,-1.40669215796644
2017,5,Los Angeles Chargers,00-0022942,Philip Rivers,44,4.3506769665762
2017,5,Los Angeles Rams,00-0033106,Jared Goff,49,-10.0427017150062
2017,5,Miami Dolphins,00-0024226,Jay Cutler,27,-12.487029255919
2017,5,Minnesota Vikings,00-0027854,Sam Bradford,15,-8.0811989609477
2017,5,Minnesota Vikings,00-0028986,Case Keenum,21,4.59036863473011
2017,5,New England Patriots,00-0019596,Tom Brady,43,2.65319036883815
2017,5,New York Giants,00-0022803,Eli Manning,41,-9.53628542945068
2017,5,New York Jets,00-0021206,Josh McCown,33,-0.495648696700611
2017,5,Philadelphia Eagles,00-0032950,Carson Wentz,31,17.5909192038358
2017,5,Pittsburgh Steelers,00-0022924,Ben Roethlisberger,57,-19.7803650050541
2017,5,San Francisco 49ers,00-0026625,Brian Hoyer,48,14.966218616768
2017,5,Seattle Seahawks,00-0029263,Russell Wilson,40,-7.11111339426881
2017,5,Tampa Bay Buccaneers,00-0031503,Jameis Winston,48,0.248255182566878
2017,5,Tennessee Titans,00-0023662,Matt Cassel,38,-15.8025687671995
2017,6,Arizona Cardinals,00-0021429,Carson Palmer,24,9.12084734262218
2017,6,Atlanta Falcons,00-0026143,Matt Ryan,37,3.85130438111903
2017,6,Baltimore Ravens,00-0026158,Joe Flacco,44,-23.7937029903203
2017,6,Carolina Panthers,00-0027939,Cam Newton,54,-13.5354829400099
2017,6,Chicago Bears,00-0033869,Mitchell Trubisky,20,-4.86059134724028
2017,6,Cleveland Browns,00-0032784,Kevin Hogan,41,-25.0375147788033
2017,6,Denver Broncos,00-0029682,Brock Osweiler,4,0.0101092707482167
2017,6,Denver Broncos,00-0032156,Trevor Siemian,54,-9.24816258164625
2017,6,Detroit Lions,00-0026498,Matthew Stafford,57,-25.05149921098
2017,6,Green Bay Packers,00-0023459,Aaron Rodgers,4,-1.65213852841407
2017,6,Green Bay Packers,00-0031589,Brett Hundley,37,-13.4476690036051
2017,6,Houston Texans,00-0033537,Deshaun Watson,30,-1.09172334806473
2017,6,Indianapolis Colts,00-0033119,Jacoby Brissett,38,0.339378755929069
2017,6,Jacksonville Jaguars,00-0031407,Blake Bortles,40,-7.51500066423365
2017,6,Kansas City Chiefs,00-0023436,Alex Smith,37,0.745300623783124
2017,6,Las Vegas Raiders,00-0031280,Derek Carr,31,-7.78786460849719
2017,6,Los Angeles Chargers,00-0022942,Philip Rivers,37,7.91404945593511
2017,6,Los Angeles Rams,00-0033106,Jared Goff,24,-3.49888890734858
2017,6,Miami Dolphins,00-0024226,Jay Cutler,33,1.4348430730944
2017,6,Minnesota Vikings,00-0028986,Case Keenum,38,-1.39662348723757
2017,6,New England Patriots,00-0019596,Tom Brady,38,12.7707836857927
2017,6,New Orleans Saints,00-0020531,Drew Brees,30,-10.2677450435217
2017,6,New York Giants,00-0022803,Eli Manning,22,0.848180848257907
2017,6,New York Jets,00-0021206,Josh McCown,51,9.11749709126848
2017,6,Philadelphia Eagles,00-0032950,Carson Wentz,33,0.553440149519022
2017,6,Pittsburgh Steelers,00-0022924,Ben Roethlisberger,26,3.52262054611635
2017,6,San Francisco 49ers,00-0026625,Brian Hoyer,12,-7.17407257389277
2017,6,San Francisco 49ers,00-0033936,C.J. Beathard,38,6.37853100198926
2017,6,Tampa Bay Buccaneers,00-0023682,Ryan Fitzpatrick,34,8.02321495290403
2017,6,Tampa Bay Buccaneers,00-0031503,Jameis Winston,10,-0.726559330476448
2017,6,Tennessee Titans,00-0032268,Marcus Mariota,33,3.95855911142742
2017,6,Washington Commanders,00-0029604,Kirk Cousins,38,18.3018311849772
2017,7,Arizona Cardinals,00-0021429,Carson Palmer,19,-4.54833871358981
2017,7,Arizona Cardinals,00-0025430,Drew Stanton,16,-10.6008177589392
2017,7,Atlanta Falcons,00-0026143,Matt Ryan,34,0.272090016203274
2017,7,Baltimore Ravens,00-0026158,Joe Flacco,44,-5.74724496166004
2017,7,Buffalo Bills,00-0028118,Tyrod Taylor,34,11.2818654563904
2017,7,Carolina Panthers,00-0027939,Cam Newton,39,-12.7505853419535
2017,7,Chicago Bears,00-0033869,Mitchell Trubisky,11,-2.97600348762649
2017,7,Cincinnati Bengals,00-0027973,Andy Dalton,34,-9.25832948437892
2017,7,Cleveland Browns,00-0033104,Cody Kessler,21,-5.76582094123977
2017,7,Cleveland Browns,00-0033899,DeShone Kizer,20,-4.61922264222133
2017,7,Dallas Cowboys,00-0033077,Dak Prescott,25,14.014642783659
2017,7,Dallas Cowboys,00-0033662,Cooper Rush,2,-3.47149880317738
2017,7,Denver Broncos,00-0032156,Trevor Siemian,40,-15.0806946279481
2017,7,Green Bay Packers,00-0031589,Brett Hundley,26,-6.13909724784697
2017,7,Indianapolis Colts,00-0033119,Jacoby Brissett,47,-14.9324459966738
2017,7,Jacksonville Jaguars,00-0031407,Blake Bortles,27,18.1017322352343
2017,7,Kansas City Chiefs,00-0023436,Alex Smith,37,22.0021759566773
2017,7,Las Vegas Raiders,00-0031280,Derek Carr,52,20.4282312303357
2017,7,Los Angeles Chargers,00-0022942,Philip Rivers,29,0.868207031220663
2017,7,Los Angeles Rams,00-0033106,Jared Goff,38,3.63641958478269
2017,7,Miami Dolphins,00-0024226,Jay Cutler,18,-0.650738528667716
2017,7,Miami Dolphins,00-0025708,Matt Moore,22,4.10388650780078
2017,7,Minnesota Vikings,00-0028986,Case Keenum,31,-0.0425200033834239
2017,7,New England Patriots,00-0019596,Tom Brady,31,14.0469528716116
2017,7,New Orleans Saints,00-0020531,Drew Brees,39,14.260343742037
2017,7,New York Giants,00-0022803,Eli Manning,40,-17.5741615594878
2017,7,New York Jets,00-0021206,Josh McCown,30,4.47805036822683
2017,7,Philadelphia Eagles,00-0032950,Carson Wentz,28,12.5103312582649
2017,7,Pittsburgh Steelers,00-0022924,Ben Roethlisberger,24,5.66155444015426
2017,7,San Francisco 49ers,00-0033936,C.J. Beathard,43,-17.9608011066812
2017,7,Seattle Seahawks,00-0029263,Russell Wilson,40,12.2700514334352
2017,7,Tampa Bay Buccaneers,00-0031503,Jameis Winston,45,20.8894132432059
2017,7,Tennessee Titans,00-0032268,Marcus Mariota,36,2.14556289933957
2017,7,Washington Commanders,00-0029604,Kirk Cousins,44,1.87722481955963
2017,8,Atlanta Falcons,00-0026143,Matt Ryan,30,9.79023257134303
2017,8,Baltimore Ravens,00-0026158,Joe Flacco,15,1.24945620592148
2017,8,Baltimore Ravens,00-0028012,Ryan Mallett,7,-2.55591309054568
2017,8,Buffalo Bills,00-0028118,Tyrod Taylor,27,7.34447316401997
2017,8,Carolina Panthers,00-0027939,Cam Newton,32,-2.21193835905941
2017,8,Chicago Bears,00-0033869,Mitchell Trubisky,34,-9.91465280362078
2017,8,Cincinnati Bengals,00-0027973,Andy Dalton,32,8.48769044017309
2017,8,Cleveland Browns,00-0033899,DeShone Kizer,37,-11.8304314179462
2017,8,Dallas Cowboys,00-0033077,Dak Prescott,24,0.449494414999423
2017,8,Denver Broncos,00-0032156,Trevor Siemian,39,-13.248558874205
2017,8,Detroit Lions,00-0026498,Matthew Stafford,47,6.77976009243082
2017,8,Houston Texans,00-0033537,Deshaun Watson,35,9.23113309784482
2017,8,Indianapolis Colts,00-0033119,Jacoby Brissett,43,-4.31264906240689
2017,8,Kansas City Chiefs,00-0023436,Alex Smith,32,-6.54413834536272
2017,8,Las Vegas Raiders,00-0031280,Derek Carr,49,-0.388954521680716
2017,8,Los Angeles Chargers,00-0022942,Philip Rivers,31,1.83854728290426
2017,8,Miami Dolphins,00-0025708,Matt Moore,47,-31.4650701324227
2017,8,Minnesota Vikings,00-0028986,Case Keenum,44,6.24469090898879
2017,8,New England Patriots,00-0019596,Tom Brady,50,9.12134471137032
2017,8,New Orleans Saints,00-0020531,Drew Brees,30,6.12145060606237
2017,8,New York Jets,00-0021206,Josh McCown,36,6.2094375711344
2017,8,Philadelphia Eagles,00-0032950,Carson Wentz,35,-3.24161648155844
2017,8,Pittsburgh Steelers,00-0022924,Ben Roethlisberger,31,10.8939960795927
2017,8,San Francisco 49ers,00-0033936,C.J. Beathard,40,-17.462149984943
2017,8,Seattle Seahawks,00-0029263,Russell Wilson,43,14.5361052328541
2017,8,Tampa Bay Buccaneers,00-0031503,Jameis Winston,41,-16.6526820800889
2017,8,Washington Commanders,00-0029604,Kirk Cousins,43,-6.48936323491087
2017,9,Arizona Cardinals,00-0025430,Drew Stanton,30,1.89334071683592
2017,9,Atlanta Falcons,00-0026143,Matt Ryan,40,-1.48476401237856
2017,9,Baltimore Ravens,00-0026158,Joe Flacco,54,-0.783656104022949
2017,9,Buffalo Bills,00-0028118,Tyrod Taylor,47,-0.258767453982728
2017,9,Carolina Panthers,00-0027939,Cam Newton,25,-2.58114361075637
2017,9,Cincinnati Bengals,00-0027973,Andy Dalton,20,-2.32736328017199
2017,9,Dallas Cowboys,00-0033077,Dak Prescott,34,8.589835785795
2017,9,Denver Broncos,00-0029682,Brock Osweiler,41,-7.65483686644218
2017,9,Detroit Lions,00-0026498,Matthew Stafford,34,33.5484898133449
2017,9,Green Bay Packers,00-0031589,Brett Hundley,41,-8.85512193338685
2017,9,Houston Texans,00-0031064,Tom Savage,46,-9.43233871214174
2017,9,Indianapolis Colts,00-0033119,Jacoby Brissett,33,0.936403207379383
2017,9,Jacksonville Jaguars,00-0031407,Blake Bortles,38,14.7502786056729
2017,9,Kansas City Chiefs,00-0023436,Alex Smith,36,2.65057283680065
2017,9,Las Vegas Raiders,00-0031280,Derek Carr,31,11.993590778661
2017,9,Los Angeles Rams,00-0033106,Jared Goff,22,25.0263232128624
2017,9,Miami Dolphins,00-0024226,Jay Cutler,43,12.0431647244394
2017,9,New Orleans Saints,00-0020531,Drew Brees,28,12.1897418319825
2017,9,New York Giants,00-0022803,Eli Manning,38,1.47466109392752
2017,9,New York Giants,00-0030565,Geno Smith,2,-1.55871051608119
2017,9,New York Jets,00-0021206,Josh McCown,21,5.50720542619496
2017,9,Philadelphia Eagles,00-0029567,Nick Foles,2,-3.16717977830558
2017,9,Philadelphia Eagles,00-0032950,Carson Wentz,28,15.3006650976983
2017,9,San Francisco 49ers,00-0033936,C.J. Beathard,56,-16.2421650380662
2017,9,Seattle Seahawks,00-0029263,Russell Wilson,47,-2.3301540903488
2017,9,Tampa Bay Buccaneers,00-0023682,Ryan Fitzpatrick,17,-7.6028333443377
2017,9,Tampa Bay Buccaneers,00-0031503,Jameis Winston,15,-3.82049849551513
2017,9,Tennessee Titans,00-0032268,Marcus Mariota,31,0.34774430590033
2017,9,Washington Commanders,00-0029604,Kirk Cousins,37,0.444582691398739
2017,10,Arizona Cardinals,00-0025430,Drew Stanton,49,-1.63948108817147
2017,10,Atlanta Falcons,00-0026143,Matt Ryan,30,10.3871117297006
2017,10,Buffalo Bills,00-0028118,Tyrod Taylor,20,-13.9762624620831
2017,10,Buffalo Bills,00-0033958,Nathan Peterman,10,5.08432303019799
2017,10,Carolina Panthers,00-0027939,Cam Newton,35,19.6270768389099
2017,10,Chicago Bears,00-0033869,Mitchell Trubisky,40,4.42029623150975
2017,10,Cincinnati Bengals,00-0027973,Andy Dalton,36,-3.35427902953234
2017,10,Cleveland Browns,00-0033104,Cody Kessler,6,-7.12736870558001
2017,10,Cleveland Browns,00-0033899,DeShone Kizer,38,-0.710326881198016
2017,10,Dallas Cowboys,00-0033077,Dak Prescott,38,-11.7630518172642
2017,10,Denver Broncos,00-0029682,Brock Osweiler,33,-0.681233342444458
2017,10,Detroit Lions,00-0026498,Matthew Stafford,30,2.30689618934746
2017,10,Green Bay Packers,00-0031589,Brett Hundley,28,6.65082843441638
2017,10,Houston Texans,00-0031064,Tom Savage,39,-17.1479657377105
2017,10,Indianapolis Colts,00-0033119,Jacoby Brissett,27,0.896351661884656
2017,10,Jacksonville Jaguars,00-0031407,Blake Bortles,54,-8.57617873232504
2017,10,Los Angeles Chargers,00-0022942,Philip Rivers,37,-0.294481609532957
2017,10,Los Angeles Rams,00-0033106,Jared Goff,40,9.20317821158666
2017,10,Miami Dolphins,00-0024226,Jay Cutler,37,5.46656423306558
2017,10,Minnesota Vikings,00-0028986,Case Keenum,29,16.2670900085292
2017,10,New England Patriots,00-0019596,Tom Brady,35,11.8742992234896
2017,10,New England Patriots,00-0026625,Brian Hoyer,3,0.909071450179908
2017,10,New Orleans Saints,00-0020531,Drew Brees,25,13.7610726517474
2017,10,New York Giants,00-0022803,Eli Manning,40,8.57922659755587
2017,10,New York Jets,00-0021206,Josh McCown,45,-3.18204775598133
2017,10,Pittsburgh Steelers,00-0022924,Ben Roethlisberger,32,7.73462391168547
2017,10,San Francisco 49ers,00-0033936,C.J. Beathard,25,19.1274967318898
2017,10,Seattle Seahawks,00-0029263,Russell Wilson,37,5.26305168784128
2017,10,Tampa Bay Buccaneers,00-0023682,Ryan Fitzpatrick,35,-0.905419362093476
2017,10,Tennessee Titans,00-0032268,Marcus Mariota,48,-3.94184488709501
2017,10,Washington Commanders,00-0029604,Kirk Cousins,46,3.08494111843703
2017,11,Arizona Cardinals,00-0027948,Blaine Gabbert,36,0.239079030725407
2017,11,Atlanta Falcons,00-0026143,Matt Ryan,28,12.4982492388495
2017,11,Baltimore Ravens,00-0026158,Joe Flacco,31,-6.20058680251138
2017,11,Buffalo Bills,00-0028118,Tyrod Taylor,26,3.28060568443645
2017,11,Buffalo Bills,00-0033958,Nathan Peterman,14,-21.5713903565193
2017,11,Chicago Bears,00-0033869,Mitchell Trubisky,31,3.87605364278164
2017,11,Cincinnati Bengals,00-0027973,Andy Dalton,27,4.95133127184818
2017,11,Cleveland Browns,00-0033899,DeShone Kizer,37,-31.4204276202945
2017,11,Dallas Cowboys,00-0033077,Dak Prescott,35,-28.4269366487001
2017,11,Dallas Cowboys,00-0033662,Cooper Rush,1,-0.863272520480678
2017,11,Denver Broncos,00-0029682,Brock Osweiler,45,-7.52183060696018
2017,11,Detroit Lions,00-0026498,Matthew Stafford,34,11.3369511116354
2017,11,Green Bay Packers,00-0031589,Brett Hundley,42,-29.2962054240343
2017,11,Houston Texans,00-0031064,Tom Savage,33,0.788445551301033
2017,11,Jacksonville Jaguars,00-0031407,Blake Bortles,32,-6.40815702120403
2017,11,Kansas City Chiefs,00-0023436,Alex Smith,41,-10.3016894807625
2017,11,Las Vegas Raiders,00-0031280,Derek Carr,50,1.28703478626278
2017,11,Los Angeles Chargers,00-0022942,Philip Rivers,33,9.96709035472937
2017,11,Los Angeles Chargers,00-0024264,Kellen Clemens,5,2.82224289776059
2017,11,Los Angeles Rams,00-0033106,Jared Goff,39,0.413507397985086
2017,11,Miami Dolphins,00-0024226,Jay Cutler,12,-7.98597587778932
2017,11,Miami Dolphins,00-0025708,Matt Moore,29,15.2682132228741
2017,11,Minnesota Vikings,00-0028986,Case Keenum,38,12.213733120607
2017,11,New England Patriots,00-0019596,Tom Brady,38,19.6038183143535
2017,11,New Orleans Saints,00-0020531,Drew Brees,43,10.1307432447973
2017,11,New York Giants,00-0022803,Eli Manning,35,0.0549239218607878
2017,11,Philadelphia Eagles,00-0032950,Carson Wentz,27,9.49237180460252
2017,11,Pittsburgh Steelers,00-0022924,Ben Roethlisberger,49,11.6857533739596
2017,11,Seattle Seahawks,00-0029263,Russell Wilson,45,-1.0139225819581
2017,11,Tampa Bay Buccaneers,00-0023682,Ryan Fitzpatrick,38,6.33931985134498
2017,11,Tennessee Titans,00-0032268,Marcus Mariota,38,-10.3085047229554
2017,11,Washington Commanders,00-0029604,Kirk Cousins,34,13.9454407842103
2017,12,Arizona Cardinals,00-0027948,Blaine Gabbert,39,-5.27276559134957
2017,12,Atlanta Falcons,00-0026143,Matt Ryan,35,16.3779195949324
2017,12,Baltimore Ravens,00-0026158,Joe Flacco,33,-9.94104216368714
2017,12,Buffalo Bills,00-0028118,Tyrod Taylor,31,3.49113830822057
2017,12,Carolina Panthers,00-0027939,Cam Newton,31,-1.13290698679211
2017,12,Chicago Bears,00-0033869,Mitchell Trubisky,35,-12.2591389560775
2017,12,Cincinnati Bengals,00-0027973,Andy Dalton,29,5.98989535782766
2017,12,Cleveland Browns,00-0033104,Cody Kessler,2,-2.39577671675943
2017,12,Cleveland Browns,00-0033899,DeShone Kizer,34,1.63265154099754
2017,12,Dallas Cowboys,00-0033077,Dak Prescott,29,-15.7134609035128
2017,12,Denver Broncos,00-0032156,Trevor Siemian,22,10.0670580882579
2017,12,Denver Broncos,00-0033108,Paxton Lynch,18,-14.8377913361182
2017,12,Detroit Lions,00-0026498,Matthew Stafford,38,-1.31141703728907
2017,12,Green Bay Packers,00-0031589,Brett Hundley,30,10.078437181383
2017,12,Houston Texans,00-0031064,Tom Savage,39,-3.97483240627725
2017,12,Indianapolis Colts,00-0033119,Jacoby Brissett,37,-5.11978989779757
2017,12,Jacksonville Jaguars,00-0031407,Blake Bortles,36,-9.4814287301308
2017,12,Kansas City Chiefs,00-0023436,Alex Smith,38,-10.3376111932372
2017,12,Las Vegas Raiders,00-0031280,Derek Carr,26,5.92251244745441
2017,12,Los Angeles Chargers,00-0022942,Philip Rivers,33,31.3269838229849
2017,12,Los Angeles Rams,00-0033106,Jared Goff,47,8.36847132294226
2017,12,Miami Dolphins,00-0025708,Matt Moore,41,-9.35529346594556
2017,12,Minnesota Vikings,00-0028986,Case Keenum,32,15.5888230044712
2017,12,New England Patriots,00-0019596,Tom Brady,29,8.55589052045252
2017,12,New Orleans Saints,00-0020531,Drew Brees,35,-1.27507655940467
2017,12,New York Giants,00-0022803,Eli Manning,32,-17.5915164385337
2017,12,New York Jets,00-0021206,Josh McCown,39,-5.18566799557306
2017,12,Philadelphia Eagles,00-0029567,Nick Foles,3,1.8610090581351
2017,12,Philadelphia Eagles,00-0032950,Carson Wentz,37,5.14099104751361
2017,12,Pittsburgh Steelers,00-0022924,Ben Roethlisberger,46,15.0748789504591
2017,12,San Francisco 49ers,00-0031345,Jimmy Garoppolo,2,4.61702209187206
2017,12,San Francisco 49ers,00-0033936,C.J. Beathard,41,-14.9507696030778
2017,12,Seattle Seahawks,00-0029263,Russell Wilson,34,7.19254963676699
2017,12,Tampa Bay Buccaneers,00-0023682,Ryan Fitzpatrick,45,2.12339669754063
2017,12,Tennessee Titans,00-0032268,Marcus Mariota,25,-2.32674058132379
2017,12,Washington Commanders,00-0029604,Kirk Cousins,37,-10.0421964042185
2017,13,Arizona Cardinals,00-0027948,Blaine Gabbert,39,-15.7773382286297
2017,13,Atlanta Falcons,00-0026143,Matt Ryan,29,-0.175340685877446
2017,13,Baltimore Ravens,00-0026158,Joe Flacco,36,5.92144111105212
2017,13,Buffalo Bills,00-0027796,Joe Webb,1,-0.601157981902361
2017,13,Buffalo Bills,00-0028118,Tyrod Taylor,21,-13.986077553328
2017,13,Buffalo Bills,00-0033958,Nathan Peterman,16,-12.0806388681522
2017,13,Carolina Panthers,00-0027939,Cam Newton,29,-1.35020602634177
2017,13,Chicago Bears,00-0033869,Mitchell Trubisky,17,0.377671737631317
2017,13,Cincinnati Bengals,00-0027973,Andy Dalton,38,6.77531938856332
2017,13,Cleveland Browns,00-0033899,DeShone Kizer,35,-3.64662520394087
2017,13,Dallas Cowboys,00-0033077,Dak Prescott,23,-2.1832186913354
2017,13,Denver Broncos,00-0032156,Trevor Siemian,44,-27.3244140163328
2017,13,Detroit Lions,00-0026498,Matthew Stafford,32,7.93316646854211
2017,13,Detroit Lions,00-0032431,Jake Rudock,5,-6.67054759594612
2017,13,Green Bay Packers,00-0031589,Brett Hundley,24,-9.38956665349902
2017,13,Houston Texans,00-0031064,Tom Savage,53,10.4939705288831
2017,13,Indianapolis Colts,00-0033119,Jacoby Brissett,40,-6.05026705167256
2017,13,Jacksonville Jaguars,00-0031407,Blake Bortles,36,18.1954896866606
2017,13,Kansas City Chiefs,00-0023436,Alex Smith,35,17.0342764626478
2017,13,Las Vegas Raiders,00-0031280,Derek Carr,37,11.9036672294487
2017,13,Los Angeles Chargers,00-0022942,Philip Rivers,44,15.2373013958901
2017,13,Los Angeles Rams,00-0033106,Jared Goff,32,3.68034738315089
2017,13,Miami Dolphins,00-0024226,Jay Cutler,33,-7.75069314644341
2017,13,Miami Dolphins,00-0031076,David Fales,1,-1.25068533257581
2017,13,Minnesota Vikings,00-0028986,Case Keenum,32,5.86226982774679
2017,13,New England Patriots,00-0019596,Tom Brady,33,12.5009923705927
2017,13,New Orleans Saints,00-0020531,Drew Brees,36,6.52225828438704
2017,13,New York Giants,00-0030565,Geno Smith,37,-8.72006166420318
2017,13,New York Jets,00-0021206,Josh McCown,36,18.7423151256436
2017,13,Philadelphia Eagles,00-0032950,Carson Wentz,48,1.29086053814732
2017,13,Pittsburgh Steelers,00-0022924,Ben Roethlisberger,41,2.231175000043
2017,13,San Francisco 49ers,00-0031345,Jimmy Garoppolo,39,9.64026706745693
2017,13,Seattle Seahawks,00-0029263,Russell Wilson,33,10.2371087870852
2017,13,Tampa Bay Buccaneers,00-0031503,Jameis Winston,39,0.558706045592002
2017,13,Tennessee Titans,00-0032268,Marcus Mariota,25,1.32743908916593
2017,13,Washington Commanders,00-0029604,Kirk Cousins,41,-5.98030384385493
2017,14,Arizona Cardinals,00-0027948,Blaine Gabbert,34,-7.88403162794727
2017,14,Atlanta Falcons,00-0026143,Matt Ryan,28,-3.67941645089593
2017,14,Baltimore Ravens,00-0026158,Joe Flacco,36,7.79606179994156
2017,14,Buffalo Bills,00-0027796,Joe Webb,6,-4.63432329066563
2017,14,Buffalo Bills,00-0033958,Nathan Peterman,10,1.49981653265422
2017,14,Carolina Panthers,00-0027939,Cam Newton,27,-2.4591487874859
2017,14,Chicago Bears,00-0033869,Mitchell Trubisky,34,13.5371246953434
2017,14,Cincinnati Bengals,00-0027973,Andy Dalton,31,-8.73703612072859
2017,14,Cincinnati Bengals,00-0031288,AJ McCarron,9,-3.58868819382042
2017,14,Cleveland Browns,00-0033899,DeShone Kizer,30,6.34795128146652
2017,14,Dallas Cowboys,00-0033077,Dak Prescott,30,16.8809343158792
2017,14,Denver Broncos,00-0032156,Trevor Siemian,33,2.14824017709386
2017,14,Detroit Lions,00-0026498,Matthew Stafford,44,15.3845677106874
2017,14,Green Bay Packers,00-0031589,Brett Hundley,47,12.5969227877504
2017,14,Houston Texans,00-0028090,T.J. Yates,27,4.56641124514863
2017,14,Houston Texans,00-0031064,Tom Savage,14,-6.31045882925088
2017,14,Indianapolis Colts,00-0033119,Jacoby Brissett,23,-5.19818022550715
2017,14,Jacksonville Jaguars,00-0031407,Blake Bortles,27,10.9475658279511
2017,14,Kansas City Chiefs,00-0023436,Alex Smith,38,1.65263276095409
2017,14,Las Vegas Raiders,00-0031280,Derek Carr,44,-6.77378486895748
2017,14,Los Angeles Chargers,00-0022942,Philip Rivers,33,11.4578911125281
2017,14,Los Angeles Chargers,00-0024264,Kellen Clemens,3,-12.5630381758674
2017,14,Los Angeles Rams,00-0033106,Jared Goff,28,0.46750798044377
2017,14,Miami Dolphins,00-0024226,Jay Cutler,40,2.9388395943866
2017,14,Minnesota Vikings,00-0028986,Case Keenum,50,-9.48021403680966
2017,14,New England Patriots,00-0019596,Tom Brady,45,-6.70766758171923
2017,14,New Orleans Saints,00-0020531,Drew Brees,37,1.38071291474031
2017,14,New York Giants,00-0022803,Eli Manning,46,-8.96089992224006
2017,14,New York Jets,00-0021206,Josh McCown,16,-14.9830551592167
2017,14,New York Jets,00-0031568,Bryce Petty,9,-8.11935074068606
2017,14,Philadelphia Eagles,00-0029567,Nick Foles,11,-1.75652694137358
2017,14,Philadelphia Eagles,00-0032950,Carson Wentz,42,18.0711901936235
2017,14,Pittsburgh Steelers,00-0022924,Ben Roethlisberger,69,16.2478514903151
2017,14,San Francisco 49ers,00-0031345,Jimmy Garoppolo,35,8.16878719809312
2017,14,Seattle Seahawks,00-0029263,Russell Wilson,33,-0.831907316063222
2017,14,Tampa Bay Buccaneers,00-0031503,Jameis Winston,41,1.36137599495123
2017,14,Tennessee Titans,00-0032268,Marcus Mariota,34,-15.5858226678414
2017,14,Washington Commanders,00-0029604,Kirk Cousins,29,-9.8729938690085
2017,15,Arizona Cardinals,00-0027948,Blaine Gabbert,46,-25.1926217306412
2017,15,Atlanta Falcons,00-0026143,Matt Ryan,32,7.02915910505746
2017,15,Baltimore Ravens,00-0026158,Joe Flacco,43,5.5927444408601
2017,15,Buffalo Bills,00-0028118,Tyrod Taylor,31,2.0016968632408
2017,15,Carolina Panthers,00-0027939,Cam Newton,32,12.2928626348571
2017,15,Chicago Bears,00-0033869,Mitchell Trubisky,48,-2.66288180948133
2017,15,Cincinnati Bengals,00-0027973,Andy Dalton,25,-21.2739373005461
2017,15,Cincinnati Bengals,00-0031288,AJ McCarron,6,0.999658098735381
2017,15,Cleveland Browns,00-0033899,DeShone Kizer,39,-18.8235655653574
2017,15,Dallas Cowboys,00-0033077,Dak Prescott,29,-1.15167555748823
2017,15,Denver Broncos,00-0029682,Brock Osweiler,17,16.1887378994492
2017,15,Denver Broncos,00-0032156,Trevor Siemian,11,-2.44986278301803
2017,15,Detroit Lions,00-0026498,Matthew Stafford,37,1.0709030662152
2017,15,Green Bay Packers,00-0023459,Aaron Rodgers,48,0.250972015781637
2017,15,Houston Texans,00-0028090,T.J. Yates,35,-14.0108387814835
2017,15,Indianapolis Colts,00-0033119,Jacoby Brissett,31,-2.42901424650346
2017,15,Jacksonville Jaguars,00-0031407,Blake Bortles,30,18.6768633573744
2017,15,Kansas City Chiefs,00-0023436,Alex Smith,31,6.17348965815453
2017,15,Las Vegas Raiders,00-0031280,Derek Carr,38,2.14834501757977
2017,15,Los Angeles Chargers,00-0022942,Philip Rivers,38,-6.73517925717169
2017,15,Los Angeles Rams,00-0032245,Sean Mannion,2,-3.44996690761764
2017,15,Los Angeles Rams,00-0033106,Jared Goff,23,2.07179049860926
2017,15,Miami Dolphins,00-0024226,Jay Cutler,52,-9.60056734994943
2017,15,Minnesota Vikings,00-0028986,Case Keenum,25,6.00358737295306
2017,15,Minnesota Vikings,00-0031237,Teddy Bridgewater,2,-7.34884924441576
2017,15,New England Patriots,00-0019596,Tom Brady,37,7.43092020876137
2017,15,New Orleans Saints,00-0020531,Drew Brees,36,7.44406682499393
2017,15,New York Giants,00-0022803,Eli Manning,58,10.0265048600712
2017,15,New York Jets,00-0031568,Bryce Petty,40,-11.2147849044093
2017,15,Philadelphia Eagles,00-0029567,Nick Foles,39,10.5072383723069
2017,15,Pittsburgh Steelers,00-0022924,Ben Roethlisberger,32,11.7486055759885
2017,15,San Francisco 49ers,00-0031345,Jimmy Garoppolo,46,15.0918616115537
2017,15,Seattle Seahawks,00-0029263,Russell Wilson,37,-20.0657077521901
2017,15,Tampa Bay Buccaneers,00-0031503,Jameis Winston,37,16.1782136568678
2017,15,Tennessee Titans,00-0032268,Marcus Mariota,34,13.1789999957681
2017,15,Washington Commanders,00-0029604,Kirk Cousins,27,4.51800887923397
2017,16,Arizona Cardinals,00-0025430,Drew Stanton,36,-6.93921771162462
2017,16,Atlanta Falcons,00-0026143,Matt Ryan,41,4.57603135794864
2017,16,Baltimore Ravens,00-0026158,Joe Flacco,39,8.47306278256214
2017,16,Buffalo Bills,00-0028118,Tyrod Taylor,44,-5.2537940074319
2017,16,Carolina Panthers,00-0023645,Derek Anderson,1,-1.3662371939914
2017,16,Carolina Panthers,00-0027939,Cam Newton,27,-8.99328809838559
2017,16,Chicago Bears,00-0033869,Mitchell Trubisky,28,-2.55751735792728
2017,16,Cincinnati Bengals,00-0027973,Andy Dalton,44,-1.08878440296396
2017,16,Cleveland Browns,00-0033899,DeShone Kizer,37,-10.7164605878463
2017,16,Dallas Cowboys,00-0033077,Dak Prescott,38,-13.9836484709019
2017,16,Denver Broncos,00-0029682,Brock Osweiler,42,-20.8838903125006
2017,16,Detroit Lions,00-0026498,Matthew Stafford,37,-7.39136772034832
2017,16,Green Bay Packers,00-0031589,Brett Hundley,41,-25.163801804476
2017,16,Houston Texans,00-0028090,T.J. Yates,22,-17.2370549846673
2017,16,Houston Texans,00-0031800,Taylor Heinicke,2,-1.04181647161022
2017,16,Indianapolis Colts,00-0033119,Jacoby Brissett,35,4.3360304211464
2017,16,Jacksonville Jaguars,00-0031407,Blake Bortles,51,0.700322987964121
2017,16,Kansas City Chiefs,00-0023436,Alex Smith,40,14.6634453804462
2017,16,Las Vegas Raiders,00-0031280,Derek Carr,30,-15.1556089433365
2017,16,Los Angeles Chargers,00-0022942,Philip Rivers,40,6.85306638521867
2017,16,Los Angeles Rams,00-0033106,Jared Goff,39,15.8606589258015
2017,16,Miami Dolphins,00-0024226,Jay Cutler,38,5.97121262282058
2017,16,Minnesota Vikings,00-0028986,Case Keenum,28,-3.11432152957189
2017,16,New England Patriots,00-0019596,Tom Brady,30,2.78524678916712
2017,16,New Orleans Saints,00-0020531,Drew Brees,29,-3.00428197579458
2017,16,New York Giants,00-0022803,Eli Manning,47,-18.064388918865
2017,16,New York Jets,00-0031568,Bryce Petty,31,-14.5989392272895
2017,16,Philadelphia Eagles,00-0029567,Nick Foles,40,-16.2820539646586
2017,16,Pittsburgh Steelers,00-0022924,Ben Roethlisberger,29,13.0488865144333
2017,16,Pittsburgh Steelers,00-0030524,Landry Jones,1,-1.06395540479571
2017,16,San Francisco 49ers,00-0031345,Jimmy Garoppolo,31,11.4005883127317
2017,16,Seattle Seahawks,00-0029263,Russell Wilson,24,-1.92942859357572
2017,16,Tampa Bay Buccaneers,00-0031503,Jameis Winston,33,9.01716647758046
2017,16,Tennessee Titans,00-0032268,Marcus Mariota,40,-2.60395657348731
2017,16,Washington Commanders,00-0029604,Kirk Cousins,37,8.63168180840381
2017,17,Arizona Cardinals,00-0025430,Drew Stanton,35,-4.95078201174689
2017,17,Atlanta Falcons,00-0026143,Matt Ryan,46,5.40632458916143
2017,17,Baltimore Ravens,00-0026158,Joe Flacco,48,-18.0828964149383
2017,17,Buffalo Bills,00-0028118,Tyrod Taylor,31,8.21212125071933
2017,17,Carolina Panthers,00-0027939,Cam Newton,36,-15.258458682706
2017,17,Chicago Bears,00-0033869,Mitchell Trubisky,37,-17.5180888707518
2017,17,Cincinnati Bengals,00-0027973,Andy Dalton,45,2.37614638024158
2017,17,Cleveland Browns,00-0033899,DeShone Kizer,36,6.74273147375444
2017,17,Dallas Cowboys,00-0033077,Dak Prescott,31,0.905103822879028
2017,17,Denver Broncos,00-0033108,Paxton Lynch,36,-4.84595227849242
2017,17,Detroit Lions,00-0026498,Matthew Stafford,31,10.1900394195862
2017,17,Green Bay Packers,00-0031589,Brett Hundley,28,-11.7054951005619
2017,17,Green Bay Packers,00-0032630,Joe Callahan,7,-3.55425386974821
2017,17,Houston Texans,00-0028090,T.J. Yates,26,-1.27347629736105
2017,17,Indianapolis Colts,00-0033119,Jacoby Brissett,26,-1.14458535817985
2017,17,Jacksonville Jaguars,00-0031407,Blake Bortles,36,-10.8498737333208
2017,17,Kansas City Chiefs,00-0030151,Tyler Bray,1,-1.15612140484154
2017,17,Kansas City Chiefs,00-0033873,Patrick Mahomes,37,7.88887747811473
2017,17,Las Vegas Raiders,00-0031280,Derek Carr,30,-0.48912951649372
2017,17,Los Angeles Chargers,00-0022942,Philip Rivers,38,18.9134777432521
2017,17,Los Angeles Rams,00-0032245,Sean Mannion,37,-12.4256929808356
2017,17,Miami Dolphins,00-0024226,Jay Cutler,2,-1.1445422610268
2017,17,Miami Dolphins,00-0031076,David Fales,43,-1.10052043472704
2017,17,Minnesota Vikings,00-0028986,Case Keenum,31,-0.968573927572509
2017,17,New England Patriots,00-0019596,Tom Brady,39,-2.19856053077144
2017,17,New England Patriots,00-0026625,Brian Hoyer,3,-2.65439526131377
2017,17,New Orleans Saints,00-0020531,Drew Brees,32,8.96478119631236
2017,17,New York Giants,00-0022803,Eli Manning,30,-13.6486756349705
2017,17,New York Jets,00-0031568,Bryce Petty,40,-1.90554638610232
2017,17,Philadelphia Eagles,00-0029567,Nick Foles,11,-7.92766695376486
2017,17,Philadelphia Eagles,00-0032792,Nate Sudfeld,26,-11.1902408239548
2017,17,Pittsburgh Steelers,00-0030524,Landry Jones,30,-2.76891645247815
2017,17,San Francisco 49ers,00-0031345,Jimmy Garoppolo,33,8.71840167860993
2017,17,Seattle Seahawks,00-0029263,Russell Wilson,32,1.45330845814929
2017,17,Tampa Bay Buccaneers,00-0031503,Jameis Winston,53,9.29059413111317
2017,17,Tennessee Titans,00-0032268,Marcus Mariota,24,-3.12608342001233
2017,17,Washington Commanders,00-0029604,Kirk Cousins,40,-22.4840042350451
2018,1,Arizona Cardinals,00-0027854,Sam Bradford,36,-14.8326601289299
2018,1,Atlanta Falcons,00-0026143,Matt Ryan,47,-11.7154339844115
2018,1,Baltimore Ravens,00-0026158,Joe Flacco,35,8.98433004649043
2018,1,Baltimore Ravens,00-0034796,Lamar Jackson,5,-1.84551387326792
2018,1,Buffalo Bills,00-0033958,Nathan Peterman,21,-23.9508642030813
2018,1,Buffalo Bills,00-0034857,Josh Allen,18,-3.913304820695
2018,1,Carolina Panthers,00-0027939,Cam Newton,29,-0.67096566957177
2018,1,Chicago Bears,00-0033869,Mitchell Trubisky,39,-5.01043308635835
2018,1,Cincinnati Bengals,00-0027973,Andy Dalton,30,2.67749685903965
2018,1,Cleveland Browns,00-0028118,Tyrod Taylor,47,-18.477764750294
2018,1,Dallas Cowboys,00-0033077,Dak Prescott,35,-8.96002020559809
2018,1,Denver Broncos,00-0028986,Case Keenum,40,-3.83724161005354
2018,1,Detroit Lions,00-0023662,Matt Cassel,6,-8.03438127611298
2018,1,Detroit Lions,00-0026498,Matthew Stafford,46,-15.7354978261097
2018,1,Green Bay Packers,00-0023459,Aaron Rodgers,32,9.92750622042523
2018,1,Green Bay Packers,00-0033899,DeShone Kizer,9,-7.9043707427918
2018,1,Houston Texans,00-0033537,Deshaun Watson,37,-9.50982835035968
2018,1,Indianapolis Colts,00-0029668,Andrew Luck,55,7.07857284720999
2018,1,Jacksonville Jaguars,00-0031407,Blake Bortles,34,-4.27515842777446
2018,1,Kansas City Chiefs,00-0033873,Patrick Mahomes,28,12.7521107319869
2018,1,Las Vegas Raiders,00-0031280,Derek Carr,41,-12.6492196291968
2018,1,Los Angeles Chargers,00-0022942,Philip Rivers,52,16.1179563724141
2018,1,Los Angeles Rams,00-0033106,Jared Goff,34,5.47692201494733
2018,1,Miami Dolphins,00-0029701,Ryan Tannehill,29,2.21008478973522
2018,1,Minnesota Vikings,00-0029604,Kirk Cousins,39,0.201150235447204
2018,1,New England Patriots,00-0019596,Tom Brady,41,8.18289392430801
2018,1,New Orleans Saints,00-0020531,Drew Brees,46,23.3265557510277
2018,1,New York Giants,00-0022803,Eli Manning,39,-11.798195660156
2018,1,New York Jets,00-0034869,Sam Darnold,23,7.28389977611369
2018,1,Philadelphia Eagles,00-0029567,Nick Foles,36,-11.1642894639537
2018,1,Pittsburgh Steelers,00-0022924,Ben Roethlisberger,45,-6.68747122403644
2018,1,San Francisco 49ers,00-0031345,Jimmy Garoppolo,36,-13.5485797237251
2018,1,Seattle Seahawks,00-0029263,Russell Wilson,39,4.09639121480549
2018,1,Tampa Bay Buccaneers,00-0023682,Ryan Fitzpatrick,28,29.1704367453393
2018,1,Tennessee Titans,00-0027948,Blaine Gabbert,22,-6.9512736464967
2018,1,Tennessee Titans,00-0032268,Marcus Mariota,16,-12.3630026136155
2018,1,Washington Commanders,00-0023436,Alex Smith,33,13.3317668273881
2018,2,Arizona Cardinals,00-0027854,Sam Bradford,28,-13.068715461879
2018,2,Atlanta Falcons,00-0026143,Matt Ryan,28,13.1881892022793
2018,2,Baltimore Ravens,00-0026158,Joe Flacco,59,-9.01840712509237
2018,2,Buffalo Bills,00-0034857,Josh Allen,38,-2.32443562689946
2018,2,Carolina Panthers,00-0027939,Cam Newton,47,2.6363372343447
2018,2,Chicago Bears,00-0033869,Mitchell Trubisky,36,-2.05394097063606
2018,2,Cincinnati Bengals,00-0027973,Andy Dalton,42,9.40459133377096
2018,2,Cleveland Browns,00-0028118,Tyrod Taylor,33,-0.637516800836791
2018,2,Dallas Cowboys,00-0033077,Dak Prescott,25,-2.13612780853228
2018,2,Denver Broncos,00-0028986,Case Keenum,36,-0.774171831391437
2018,2,Detroit Lions,00-0026498,Matthew Stafford,55,7.73828401115077
2018,2,Green Bay Packers,00-0023459,Aaron Rodgers,46,1.57081812918158
2018,2,Houston Texans,00-0033537,Deshaun Watson,36,6.37541689355743
2018,2,Indianapolis Colts,00-0029668,Andrew Luck,32,0.738654694461729
2018,2,Jacksonville Jaguars,00-0031407,Blake Bortles,45,19.4703762434784
2018,2,Kansas City Chiefs,00-0033873,Patrick Mahomes,29,28.5966408366221
2018,2,Las Vegas Raiders,00-0031280,Derek Carr,33,10.0273649475894
2018,2,Los Angeles Chargers,00-0022942,Philip Rivers,29,17.6297791877863
2018,2,Los Angeles Rams,00-0033106,Jared Goff,34,16.0013108512829
2018,2,Miami Dolphins,00-0029701,Ryan Tannehill,27,-5.63741271122126
2018,2,Minnesota Vikings,00-0029604,Kirk Cousins,50,16.015536448579
2018,2,New England Patriots,00-0019596,Tom Brady,37,4.94560692266001
2018,2,New Orleans Saints,00-0020531,Drew Brees,38,3.46932378352292
2018,2,New York Giants,00-0022803,Eli Manning,50,-6.93039220563906
2018,2,New York Jets,00-0034869,Sam Darnold,44,-5.93691564244151
2018,2,Philadelphia Eagles,00-0029567,Nick Foles,51,-4.89085645320136
2018,2,Pittsburgh Steelers,00-0022924,Ben Roethlisberger,61,15.1356064452938
2018,2,San Francisco 49ers,00-0031345,Jimmy Garoppolo,32,4.38848106084834
2018,2,Seattle Seahawks,00-0029263,Russell Wilson,42,-11.3237414574383
2018,2,Tampa Bay Buccaneers,00-0023682,Ryan Fitzpatrick,35,19.2706990143051
2018,2,Tennessee Titans,00-0027948,Blaine Gabbert,21,-0.522528086995773
2018,2,Washington Commanders,00-0023436,Alex Smith,49,-0.408671370745021
2018,3,Arizona Cardinals,00-0027854,Sam Bradford,22,-4.12201589415781
2018,3,Arizona Cardinals,00-0034343,Josh Rosen,8,-0.664529283938464
2018,3,Atlanta Falcons,00-0026143,Matt Ryan,38,21.8910236928789
2018,3,Baltimore Ravens,00-0026158,Joe Flacco,42,6.87518020609202
2018,3,Buffalo Bills,00-0034857,Josh Allen,25,3.07013521515967
2018,3,Carolina Panthers,00-0027939,Cam Newton,25,4.083777677326
2018,3,Chicago Bears,00-0033869,Mitchell Trubisky,38,-3.24813419662291
2018,3,Cincinnati Bengals,00-0027973,Andy Dalton,48,3.40222529924678
2018,3,Cleveland Browns,00-0028118,Tyrod Taylor,17,-11.8972189477645
2018,3,Cleveland Browns,00-0034855,Baker Mayfield,24,9.26685693898731
2018,3,Dallas Cowboys,00-0033077,Dak Prescott,39,-13.2094636499922
2018,3,Denver Broncos,00-0028986,Case Keenum,37,-7.07734198088292
2018,3,Detroit Lions,00-0026498,Matthew Stafford,37,5.8946118503801
2018,3,Green Bay Packers,00-0023459,Aaron Rodgers,48,-5.25121347710867
2018,3,Houston Texans,00-0033537,Deshaun Watson,43,13.1937492506266
2018,3,Indianapolis Colts,00-0029668,Andrew Luck,42,-12.4270611496261
2018,3,Indianapolis Colts,00-0033119,Jacoby Brissett,1,-0.15777127147885
2018,3,Jacksonville Jaguars,00-0031407,Blake Bortles,37,-6.00181749720326
2018,3,Kansas City Chiefs,00-0033873,Patrick Mahomes,40,18.6127294347281
2018,3,Las Vegas Raiders,00-0031280,Derek Carr,42,9.37602756570033
2018,3,Los Angeles Chargers,00-0022942,Philip Rivers,31,9.17517190068802
2018,3,Los Angeles Rams,00-0033106,Jared Goff,37,21.0771140093705
2018,3,Miami Dolphins,00-0029701,Ryan Tannehill,24,11.6936937684659
2018,3,Minnesota Vikings,00-0029604,Kirk Cousins,59,-21.4132819237565
2018,3,New England Patriots,00-0019596,Tom Brady,28,-10.869922926242
2018,3,New Orleans Saints,00-0020531,Drew Brees,50,19.1665125146443
2018,3,New York Giants,00-0022803,Eli Manning,33,15.5347424014861
2018,3,New York Jets,00-0034869,Sam Darnold,33,-2.01850712212489
2018,3,Philadelphia Eagles,00-0032950,Carson Wentz,42,-6.57257731592939
2018,3,Pittsburgh Steelers,00-0022924,Ben Roethlisberger,41,12.5206674708515
2018,3,San Francisco 49ers,00-0031345,Jimmy Garoppolo,34,8.67598473188497
2018,3,Seattle Seahawks,00-0029263,Russell Wilson,28,8.01291141850634
2018,3,Tampa Bay Buccaneers,00-0023682,Ryan Fitzpatrick,53,5.48520084380352
2018,3,Tennessee Titans,00-0027948,Blaine Gabbert,5,-3.64401145465672
2018,3,Tennessee Titans,00-0032268,Marcus Mariota,19,0.615202867737386
2018,3,Washington Commanders,00-0023436,Alex Smith,20,6.01085813328973
2018,4,Arizona Cardinals,00-0034343,Josh Rosen,28,4.46451933535895
2018,4,Atlanta Falcons,00-0026143,Matt Ryan,42,16.958076102898
2018,4,Baltimore Ravens,00-0026158,Joe Flacco,44,11.5361738115146
2018,4,Buffalo Bills,00-0034857,Josh Allen,40,-17.6638126088656
2018,4,Chicago Bears,00-0033869,Mitchell Trubisky,27,23.2820189098494
2018,4,Cincinnati Bengals,00-0027973,Andy Dalton,44,15.2552781493275
2018,4,Cleveland Browns,00-0034855,Baker Mayfield,43,-6.80708913171728
2018,4,Dallas Cowboys,00-0033077,Dak Prescott,30,8.5396125936438
2018,4,Denver Broncos,00-0028986,Case Keenum,37,-5.36858995661162
2018,4,Detroit Lions,00-0026498,Matthew Stafford,33,16.5626452519667
2018,4,Green Bay Packers,00-0023459,Aaron Rodgers,42,-1.59806101727913
2018,4,Houston Texans,00-0033537,Deshaun Watson,49,10.7907221436186
2018,4,Indianapolis Colts,00-0029668,Andrew Luck,66,11.5911277397498
2018,4,Jacksonville Jaguars,00-0031407,Blake Bortles,40,15.9784957526725
2018,4,Kansas City Chiefs,00-0033873,Patrick Mahomes,46,8.39388411117006
2018,4,Las Vegas Raiders,00-0031280,Derek Carr,61,3.7307711121443
2018,4,Los Angeles Chargers,00-0022942,Philip Rivers,40,-1.05004021060819
2018,4,Los Angeles Rams,00-0033106,Jared Goff,34,27.6410331715984
2018,4,Miami Dolphins,00-0029682,Brock Osweiler,5,6.82041712047067
2018,4,Miami Dolphins,00-0029701,Ryan Tannehill,22,-12.3721611848159
2018,4,Minnesota Vikings,00-0029604,Kirk Cousins,54,15.3942685186173
2018,4,New England Patriots,00-0019596,Tom Brady,35,11.9147124834201
2018,4,New Orleans Saints,00-0020531,Drew Brees,33,5.21230404383628
2018,4,New York Giants,00-0022803,Eli Manning,44,5.64724956004637
2018,4,New York Jets,00-0034869,Sam Darnold,37,-8.45159271094084
2018,4,Philadelphia Eagles,00-0032950,Carson Wentz,54,3.81176986715749
2018,4,Pittsburgh Steelers,00-0022924,Ben Roethlisberger,48,-5.85133764951166
2018,4,San Francisco 49ers,00-0033936,C.J. Beathard,38,-1.83453443119599
2018,4,Seattle Seahawks,00-0029263,Russell Wilson,28,-1.256715740567
2018,4,Tampa Bay Buccaneers,00-0023682,Ryan Fitzpatrick,20,-6.2309114948784
2018,4,Tampa Bay Buccaneers,00-0031503,Jameis Winston,22,1.90853330062237
2018,4,Tennessee Titans,00-0032268,Marcus Mariota,46,10.1184098573085
2018,5,Arizona Cardinals,00-0034343,Josh Rosen,26,-4.46132124774158
2018,5,Atlanta Falcons,00-0022787,Matt Schaub,7,-2.43650824035285
2018,5,Atlanta Falcons,00-0026143,Matt Ryan,44,-1.76511618984845
2018,5,Baltimore Ravens,00-0026158,Joe Flacco,58,-10.2377175977847
2018,5,Baltimore Ravens,00-0034796,Lamar Jackson,1,-0.490828903857619
2018,5,Buffalo Bills,00-0034857,Josh Allen,20,-8.20953881990662
2018,5,Carolina Panthers,00-0027939,Cam Newton,36,-2.11755622929736
2018,5,Cincinnati Bengals,00-0027973,Andy Dalton,32,1.49945221784067
2018,5,Cleveland Browns,00-0034855,Baker Mayfield,48,-3.53915740857315
2018,5,Dallas Cowboys,00-0033077,Dak Prescott,31,-4.35614000572874
2018,5,Denver Broncos,00-0028986,Case Keenum,55,-1.50078691230368
2018,5,Detroit Lions,00-0026498,Matthew Stafford,29,7.11042119292936
2018,5,Green Bay Packers,00-0023459,Aaron Rodgers,56,10.1812709686581
2018,5,Houston Texans,00-0033537,Deshaun Watson,45,4.11751380485039
2018,5,Indianapolis Colts,00-0029668,Andrew Luck,60,5.48926495076795
2018,5,Jacksonville Jaguars,00-0031407,Blake Bortles,66,-21.0136849913106
2018,5,Kansas City Chiefs,00-0033873,Patrick Mahomes,39,10.143255564895
2018,5,Las Vegas Raiders,00-0031280,Derek Carr,36,0.212129600553296
2018,5,Los Angeles Chargers,00-0022942,Philip Rivers,28,19.1448427965183
2018,5,Los Angeles Rams,00-0033106,Jared Goff,33,10.2236134506529
2018,5,Miami Dolphins,00-0029701,Ryan Tannehill,38,-14.6960411040345
2018,5,Minnesota Vikings,00-0029604,Kirk Cousins,38,10.419472418086
2018,5,New England Patriots,00-0019596,Tom Brady,44,9.87980447309031
2018,5,New Orleans Saints,00-0020531,Drew Brees,31,24.5407401855919
2018,5,New York Giants,00-0022803,Eli Manning,37,3.30958422990782
2018,5,New York Jets,00-0034869,Sam Darnold,23,3.92091197133757
2018,5,Philadelphia Eagles,00-0032950,Carson Wentz,38,-0.801729555369823
2018,5,Pittsburgh Steelers,00-0022924,Ben Roethlisberger,29,10.3974460554309
2018,5,San Francisco 49ers,00-0033936,C.J. Beathard,58,-6.1503138349895
2018,5,Seattle Seahawks,00-0029263,Russell Wilson,23,8.24157143991287
2018,5,Tennessee Titans,00-0032268,Marcus Mariota,28,-3.61984209589805
2018,5,Washington Commanders,00-0023436,Alex Smith,42,-10.3057901731371
2018,6,Arizona Cardinals,00-0034343,Josh Rosen,35,-11.8584324768119
2018,6,Atlanta Falcons,00-0026143,Matt Ryan,42,16.4509026355684
2018,6,Baltimore Ravens,00-0026158,Joe Flacco,37,10.2158306974452
2018,6,Buffalo Bills,00-0033958,Nathan Peterman,12,-5.32726936866395
2018,6,Buffalo Bills,00-0034857,Josh Allen,19,-5.84876493863866
2018,6,Carolina Panthers,00-0027939,Cam Newton,41,8.50154836934461
2018,6,Chicago Bears,00-0033869,Mitchell Trubisky,33,12.9642659195233
2018,6,Cincinnati Bengals,00-0027973,Andy Dalton,45,4.6255075444351
2018,6,Cleveland Browns,00-0034855,Baker Mayfield,51,-22.1865287132579
2018,6,Dallas Cowboys,00-0033077,Dak Prescott,30,1.95053580369282
2018,6,Denver Broncos,00-0028986,Case Keenum,43,-0.179427008410357
2018,6,Green Bay Packers,00-0023459,Aaron Rodgers,49,5.71288595159775
2018,6,Houston Texans,00-0033537,Deshaun Watson,32,-17.7253813331606
2018,6,Indianapolis Colts,00-0029668,Andrew Luck,43,-4.46794789958987
2018,6,Jacksonville Jaguars,00-0031407,Blake Bortles,29,-13.9326042096945
2018,6,Kansas City Chiefs,00-0033873,Patrick Mahomes,36,8.29605230111093
2018,6,Las Vegas Raiders,00-0031280,Derek Carr,37,-13.9368367337193
2018,6,Los Angeles Chargers,00-0022942,Philip Rivers,21,4.57688391621923
2018,6,Los Angeles Chargers,00-0030565,Geno Smith,1,0.249449379980609
2018,6,Los Angeles Rams,00-0033106,Jared Goff,33,-4.83755303113403
2018,6,Miami Dolphins,00-0029682,Brock Osweiler,44,9.70435291984375
2018,6,Minnesota Vikings,00-0029604,Kirk Cousins,38,-11.9322021741857
2018,6,New England Patriots,00-0019596,Tom Brady,37,2.10719225552548
2018,6,New York Giants,00-0022803,Eli Manning,47,-15.4494233643833
2018,6,New York Jets,00-0034869,Sam Darnold,32,13.5089383047512
2018,6,Philadelphia Eagles,00-0032950,Carson Wentz,37,18.9812466907041
2018,6,Pittsburgh Steelers,00-0022924,Ben Roethlisberger,46,20.1017714402941
2018,6,San Francisco 49ers,00-0033936,C.J. Beathard,25,9.62356291638508
2018,6,Seattle Seahawks,00-0029263,Russell Wilson,24,12.019701860231
2018,6,Tampa Bay Buccaneers,00-0031503,Jameis Winston,43,13.3734314170957
2018,6,Tennessee Titans,00-0032268,Marcus Mariota,26,-11.731629646034
2018,6,Washington Commanders,00-0023436,Alex Smith,39,-7.92580911701301
2018,7,Arizona Cardinals,00-0034343,Josh Rosen,45,-38.8966096475055
2018,7,Atlanta Falcons,00-0026143,Matt Ryan,42,17.4368649671975
2018,7,Baltimore Ravens,00-0026158,Joe Flacco,40,7.7720409349422
2018,7,Baltimore Ravens,00-0034796,Lamar Jackson,1,-0.413358017915043
2018,7,Buffalo Bills,00-0023645,Derek Anderson,33,-22.7800970736652
2018,7,Carolina Panthers,00-0027939,Cam Newton,41,7.65942832040321
2018,7,Chicago Bears,00-0033869,Mitchell Trubisky,52,-5.78016731175776
2018,7,Cincinnati Bengals,00-0027973,Andy Dalton,31,-11.2096225732729
2018,7,Cincinnati Bengals,00-0032436,Jeff Driskel,4,2.55540493765147
2018,7,Cleveland Browns,00-0034855,Baker Mayfield,39,-2.21805524535012
2018,7,Dallas Cowboys,00-0033077,Dak Prescott,39,-0.478044306514953
2018,7,Denver Broncos,00-0028986,Case Keenum,23,-0.76033122223459
2018,7,Detroit Lions,00-0026498,Matthew Stafford,23,14.1119097074949
2018,7,Houston Texans,00-0033537,Deshaun Watson,25,2.68232812069918
2018,7,Indianapolis Colts,00-0029668,Andrew Luck,23,9.28695192013402
2018,7,Jacksonville Jaguars,00-0031407,Blake Bortles,12,-1.96633148379624
2018,7,Jacksonville Jaguars,00-0033104,Cody Kessler,34,-4.68701003282331
2018,7,Kansas City Chiefs,00-0033873,Patrick Mahomes,41,20.7934326301225
2018,7,Los Angeles Chargers,00-0022942,Philip Rivers,28,15.8446712251816
2018,7,Los Angeles Rams,00-0033106,Jared Goff,25,8.89401486780938
2018,7,Miami Dolphins,00-0029682,Brock Osweiler,35,6.26221029716879
2018,7,Minnesota Vikings,00-0029604,Kirk Cousins,41,2.22755220556124
2018,7,New England Patriots,00-0019596,Tom Brady,37,14.7056057758368
2018,7,New Orleans Saints,00-0020531,Drew Brees,31,7.13500542355339
2018,7,New York Giants,00-0022803,Eli Manning,42,10.9161060928378
2018,7,New York Jets,00-0034869,Sam Darnold,45,-27.9813998372214
2018,7,Philadelphia Eagles,00-0032950,Carson Wentz,41,6.50029270937753
2018,7,San Francisco 49ers,00-0033936,C.J. Beathard,34,-23.4025939929715
2018,7,Tampa Bay Buccaneers,00-0031503,Jameis Winston,56,-5.72563353194803
2018,7,Tennessee Titans,00-0032268,Marcus Mariota,34,9.41834472438035
2018,7,Washington Commanders,00-0023436,Alex Smith,26,6.7342578853765
2018,8,Arizona Cardinals,00-0034343,Josh Rosen,43,0.0305453161564655
2018,8,Baltimore Ravens,00-0026158,Joe Flacco,41,-6.47936977964127
2018,8,Baltimore Ravens,00-0034796,Lamar Jackson,5,2.80647674162174
2018,8,Buffalo Bills,00-0023645,Derek Anderson,42,-15.8176889845261
2018,8,Buffalo Bills,00-0033958,Nathan Peterman,2,-0.569081120775081
2018,8,Carolina Panthers,00-0027939,Cam Newton,29,9.91352899589413
2018,8,Carolina Panthers,00-0031800,Taylor Heinicke,1,1.44849384790236
2018,8,Chicago Bears,00-0033869,Mitchell Trubisky,31,7.46207558073563
2018,8,Cincinnati Bengals,00-0027973,Andy Dalton,36,9.8215586192382
2018,8,Cleveland Browns,00-0034855,Baker Mayfield,38,-5.77472665259694
2018,8,Denver Broncos,00-0028986,Case Keenum,39,0.584033028111316
2018,8,Detroit Lions,00-0026498,Matthew Stafford,43,1.87039761539199
2018,8,Green Bay Packers,00-0023459,Aaron Rodgers,33,6.35248997876832
2018,8,Houston Texans,00-0033537,Deshaun Watson,20,15.4930735859089
2018,8,Indianapolis Colts,00-0029668,Andrew Luck,31,17.6708377917537
2018,8,Jacksonville Jaguars,00-0031407,Blake Bortles,45,-1.76796079542124
2018,8,Kansas City Chiefs,00-0033873,Patrick Mahomes,36,12.3126245512976
2018,8,Las Vegas Raiders,00-0031280,Derek Carr,28,12.6514353971579
2018,8,Los Angeles Rams,00-0033106,Jared Goff,40,8.19035616299938
2018,8,Miami Dolphins,00-0029682,Brock Osweiler,39,-8.61492519332922
2018,8,Minnesota Vikings,00-0029604,Kirk Cousins,45,2.90841937303776
2018,8,New England Patriots,00-0019596,Tom Brady,47,7.55998591916499
2018,8,New Orleans Saints,00-0020531,Drew Brees,23,1.0721144459177
2018,8,New York Giants,00-0022803,Eli Manning,54,-8.63563467293432
2018,8,New York Jets,00-0034869,Sam Darnold,30,1.32578233655659
2018,8,Philadelphia Eagles,00-0032950,Carson Wentz,34,7.73837544688566
2018,8,Pittsburgh Steelers,00-0022924,Ben Roethlisberger,37,7.95169715620481
2018,8,San Francisco 49ers,00-0033936,C.J. Beathard,32,-4.41158733228624
2018,8,Seattle Seahawks,00-0029263,Russell Wilson,19,15.8240884846309
2018,8,Tampa Bay Buccaneers,00-0023682,Ryan Fitzpatrick,16,13.9639901912743
2018,8,Tampa Bay Buccaneers,00-0031503,Jameis Winston,40,-11.9002533844749
2018,8,Washington Commanders,00-0023436,Alex Smith,32,4.69212539519487
2018,9,Atlanta Falcons,00-0026143,Matt Ryan,40,18.9237705697054
2018,9,Baltimore Ravens,00-0026158,Joe Flacco,39,-2.36227783867636
2018,9,Baltimore Ravens,00-0034796,Lamar Jackson,1,1.22363308432978
2018,9,Buffalo Bills,00-0033958,Nathan Peterman,53,-16.1852675376741
2018,9,Carolina Panthers,00-0027939,Cam Newton,27,8.59756965687848
2018,9,Chicago Bears,00-0033869,Mitchell Trubisky,21,-2.31238300352869
2018,9,Cleveland Browns,00-0028118,Tyrod Taylor,1,2.68652338680113
2018,9,Cleveland Browns,00-0034855,Baker Mayfield,44,-0.368931013249442
2018,9,Dallas Cowboys,00-0033077,Dak Prescott,36,-5.45882651456877
2018,9,Denver Broncos,00-0028986,Case Keenum,44,6.57698734996063
2018,9,Detroit Lions,00-0026498,Matthew Stafford,46,-8.94734336718552
2018,9,Green Bay Packers,00-0023459,Aaron Rodgers,44,5.33962299103443
2018,9,Houston Texans,00-0033537,Deshaun Watson,28,7.23097731362269
2018,9,Kansas City Chiefs,00-0033873,Patrick Mahomes,34,23.5875228663215
2018,9,Las Vegas Raiders,00-0031280,Derek Carr,28,-2.81844223340215
2018,9,Las Vegas Raiders,00-0031288,AJ McCarron,4,-2.60523065755842
2018,9,Los Angeles Chargers,00-0022942,Philip Rivers,28,6.55409171221343
2018,9,Los Angeles Rams,00-0033106,Jared Goff,40,15.8221498779969
2018,9,Miami Dolphins,00-0029682,Brock Osweiler,28,-7.6639862295565
2018,9,Minnesota Vikings,00-0029604,Kirk Cousins,23,1.92685586722064
2018,9,New England Patriots,00-0019596,Tom Brady,37,0.211649528703485
2018,9,New Orleans Saints,00-0020531,Drew Brees,36,22.8027513727602
2018,9,New York Jets,00-0034869,Sam Darnold,43,-17.5048371711579
2018,9,Pittsburgh Steelers,00-0022924,Ben Roethlisberger,48,16.7185409672223
2018,9,Pittsburgh Steelers,00-0033949,Joshua Dobbs,1,2.42865384044126
2018,9,San Francisco 49ers,00-0033319,Nick Mullens,22,18.613880079084
2018,9,Seattle Seahawks,00-0029263,Russell Wilson,43,-10.6404868500794
2018,9,Tampa Bay Buccaneers,00-0023682,Ryan Fitzpatrick,43,6.55159819801338
2018,9,Tennessee Titans,00-0032268,Marcus Mariota,33,8.76520185411633
2018,9,Washington Commanders,00-0023436,Alex Smith,49,-1.88250181509648
2018,10,Arizona Cardinals,00-0034343,Josh Rosen,44,-10.9791752505407
2018,10,Atlanta Falcons,00-0026143,Matt Ryan,54,8.46303627173084
2018,10,Buffalo Bills,00-0030533,Matt Barkley,26,14.3523848957248
2018,10,Carolina Panthers,00-0027939,Cam Newton,34,-4.63986150204437
2018,10,Chicago Bears,00-0033869,Mitchell Trubisky,31,16.8905882526678
2018,10,Cincinnati Bengals,00-0027973,Andy Dalton,24,-14.5920728369965
2018,10,Cincinnati Bengals,00-0032436,Jeff Driskel,3,2.62868611462181
2018,10,Cleveland Browns,00-0034855,Baker Mayfield,20,18.983994503913
2018,10,Dallas Cowboys,00-0033077,Dak Prescott,40,7.20508739737469
2018,10,Detroit Lions,00-0026498,Matthew Stafford,48,-4.83160248040739
2018,10,Green Bay Packers,00-0023459,Aaron Rodgers,30,1.43390974523156
2018,10,Indianapolis Colts,00-0029668,Andrew Luck,29,13.6045821067006
2018,10,Jacksonville Jaguars,00-0031407,Blake Bortles,38,18.2716023444334
2018,10,Kansas City Chiefs,00-0033873,Patrick Mahomes,33,5.84377746861123
2018,10,Las Vegas Raiders,00-0031280,Derek Carr,41,-11.654176644347
2018,10,Los Angeles Chargers,00-0022942,Philip Rivers,27,7.13102448740874
2018,10,Los Angeles Rams,00-0033106,Jared Goff,41,12.2231972224934
2018,10,Miami Dolphins,00-0029682,Brock Osweiler,43,-14.7236440098174
2018,10,New England Patriots,00-0019596,Tom Brady,44,-3.91694645846512
2018,10,New England Patriots,00-0026625,Brian Hoyer,1,-0.166541394311935
2018,10,New Orleans Saints,00-0020531,Drew Brees,25,23.4972150553994
2018,10,New Orleans Saints,00-0031237,Teddy Bridgewater,1,-1.16672917542792
2018,10,New York Giants,00-0022803,Eli Manning,32,5.5227620644986
2018,10,New York Jets,00-0021206,Josh McCown,37,-21.1787391196616
2018,10,Philadelphia Eagles,00-0032950,Carson Wentz,46,-0.395187472377279
2018,10,Pittsburgh Steelers,00-0022924,Ben Roethlisberger,26,27.6585613758691
2018,10,Pittsburgh Steelers,00-0033949,Joshua Dobbs,2,-2.20842366432771
2018,10,San Francisco 49ers,00-0033319,Nick Mullens,39,-0.263623360456103
2018,10,Seattle Seahawks,00-0029263,Russell Wilson,30,3.83333312480867
2018,10,Tampa Bay Buccaneers,00-0023682,Ryan Fitzpatrick,43,0.585267879867341
2018,10,Tennessee Titans,00-0032268,Marcus Mariota,26,9.32479896480255
2018,10,Washington Commanders,00-0023436,Alex Smith,30,2.28544525480139
2018,11,Arizona Cardinals,00-0034343,Josh Rosen,21,-7.7150394510245
2018,11,Atlanta Falcons,00-0026143,Matt Ryan,37,0.626415006456151
2018,11,Baltimore Ravens,00-0034796,Lamar Jackson,22,-4.56168414540773
2018,11,Carolina Panthers,00-0027939,Cam Newton,40,13.0302964242398
2018,11,Carolina Panthers,00-0031800,Taylor Heinicke,1,-1.41147703118622
2018,11,Chicago Bears,00-0033869,Mitchell Trubisky,32,1.04048173002969
2018,11,Cincinnati Bengals,00-0027973,Andy Dalton,37,3.6911543061734
2018,11,Dallas Cowboys,00-0033077,Dak Prescott,34,2.96384862502507
2018,11,Denver Broncos,00-0028986,Case Keenum,32,-0.464720348059861
2018,11,Detroit Lions,00-0026498,Matthew Stafford,38,3.00893394238561
2018,11,Green Bay Packers,00-0023459,Aaron Rodgers,35,9.01290835886361
2018,11,Houston Texans,00-0033537,Deshaun Watson,27,-1.8562891333911
2018,11,Indianapolis Colts,00-0029668,Andrew Luck,29,21.505083721946
2018,11,Indianapolis Colts,00-0033119,Jacoby Brissett,2,-2.61339947907254
2018,11,Jacksonville Jaguars,00-0031407,Blake Bortles,24,-6.90105593137769
2018,11,Kansas City Chiefs,00-0033873,Patrick Mahomes,49,9.35210398340132
2018,11,Las Vegas Raiders,00-0031280,Derek Carr,35,0.255804394982535
2018,11,Los Angeles Chargers,00-0022942,Philip Rivers,46,14.0378944012952
2018,11,Los Angeles Rams,00-0033106,Jared Goff,54,9.30210726110576
2018,11,Minnesota Vikings,00-0029604,Kirk Cousins,48,-0.606667713514562
2018,11,New Orleans Saints,00-0020531,Drew Brees,30,28.4637937453532
2018,11,New York Giants,00-0022803,Eli Manning,22,9.77198546224612
2018,11,Philadelphia Eagles,00-0032950,Carson Wentz,36,-19.6309453913127
2018,11,Pittsburgh Steelers,00-0022924,Ben Roethlisberger,49,-8.51233575520734
2018,11,Seattle Seahawks,00-0029263,Russell Wilson,34,4.95210705921644
2018,11,Tampa Bay Buccaneers,00-0023682,Ryan Fitzpatrick,22,-8.17505974834785
2018,11,Tampa Bay Buccaneers,00-0031503,Jameis Winston,16,16.4405310460716
2018,11,Tennessee Titans,00-0027948,Blaine Gabbert,17,0.417843557398719
2018,11,Tennessee Titans,00-0032268,Marcus Mariota,17,-4.42576766997809
2018,11,Washington Commanders,00-0023436,Alex Smith,30,-20.0956934247806
2018,11,Washington Commanders,00-0027688,Colt McCoy,14,-0.973129699395497
2018,12,Arizona Cardinals,00-0034343,Josh Rosen,21,-9.88850987167939
2018,12,Atlanta Falcons,00-0026143,Matt Ryan,53,4.57364722538597
2018,12,Baltimore Ravens,00-0034796,Lamar Jackson,26,-0.263886732167167
2018,12,Buffalo Bills,00-0034857,Josh Allen,19,4.56481174082728
2018,12,Carolina Panthers,00-0027939,Cam Newton,30,8.47551739112955
2018,12,Chicago Bears,00-0026544,Chase Daniel,41,1.29259586654779
2018,12,Cincinnati Bengals,00-0027973,Andy Dalton,17,1.85445494116489
2018,12,Cincinnati Bengals,00-0032436,Jeff Driskel,30,1.13305986922933
2018,12,Cleveland Browns,00-0034855,Baker Mayfield,26,22.3920373590081
2018,12,Dallas Cowboys,00-0033077,Dak Prescott,35,7.8641438918723
2018,12,Denver Broncos,00-0028986,Case Keenum,30,2.93981882435037
2018,12,Detroit Lions,00-0026498,Matthew Stafford,40,-12.1997812288773
2018,12,Green Bay Packers,00-0023459,Aaron Rodgers,32,-4.14451807138907
2018,12,Houston Texans,00-0033537,Deshaun Watson,28,8.11459425263122
2018,12,Indianapolis Colts,00-0029668,Andrew Luck,38,11.6431141360504
2018,12,Indianapolis Colts,00-0033119,Jacoby Brissett,1,2.09313285927055
2018,12,Jacksonville Jaguars,00-0031407,Blake Bortles,26,-8.64921213361474
2018,12,Las Vegas Raiders,00-0031280,Derek Carr,37,-3.90714448242602
2018,12,Los Angeles Chargers,00-0022942,Philip Rivers,33,13.5090123492118
2018,12,Los Angeles Chargers,00-0030565,Geno Smith,3,-2.69053395967517
2018,12,Miami Dolphins,00-0029701,Ryan Tannehill,26,5.83238485044324
2018,12,Minnesota Vikings,00-0029604,Kirk Cousins,40,12.2528632469038
2018,12,New England Patriots,00-0019596,Tom Brady,31,15.2407876635039
2018,12,New Orleans Saints,00-0020531,Drew Brees,23,4.90563360671214
2018,12,New York Giants,00-0022803,Eli Manning,39,8.17802180981563
2018,12,New York Jets,00-0021206,Josh McCown,47,-3.52856471408247
2018,12,Philadelphia Eagles,00-0032950,Carson Wentz,31,8.93741887006829
2018,12,Pittsburgh Steelers,00-0022924,Ben Roethlisberger,58,11.2869529571398
2018,12,San Francisco 49ers,00-0033319,Nick Mullens,36,-8.33738507173257
2018,12,Seattle Seahawks,00-0029263,Russell Wilson,33,21.5056405771783
2018,12,Tampa Bay Buccaneers,00-0031503,Jameis Winston,39,16.3414678405676
2018,12,Tennessee Titans,00-0032268,Marcus Mariota,29,8.55661821443411
2018,12,Washington Commanders,00-0027688,Colt McCoy,41,-5.2889878033632
2018,13,Arizona Cardinals,00-0034343,Josh Rosen,28,-2.06605818492404
2018,13,Atlanta Falcons,00-0026143,Matt Ryan,29,-13.7836999400283
2018,13,Baltimore Ravens,00-0029665,Robert Griffin,4,0.550882304621871
2018,13,Baltimore Ravens,00-0034796,Lamar Jackson,23,-13.1052162886178
2018,13,Buffalo Bills,00-0034857,Josh Allen,35,-1.81752044366293
2018,13,Carolina Panthers,00-0027939,Cam Newton,45,-9.98323990340906
2018,13,Carolina Panthers,00-0031800,Taylor Heinicke,1,-0.252535094012274
2018,13,Chicago Bears,00-0026544,Chase Daniel,44,-7.06662783853369
2018,13,Cincinnati Bengals,00-0032436,Jeff Driskel,41,-8.82155668935217
2018,13,Cleveland Browns,00-0034855,Baker Mayfield,43,-4.31181405433733
2018,13,Dallas Cowboys,00-0033077,Dak Prescott,35,2.72859586257873
2018,13,Denver Broncos,00-0028986,Case Keenum,23,2.76951644625418
2018,13,Detroit Lions,00-0026498,Matthew Stafford,37,-8.85425433612158
2018,13,Green Bay Packers,00-0023459,Aaron Rodgers,51,2.5203272694327
2018,13,Houston Texans,00-0033537,Deshaun Watson,35,5.39221787243029
2018,13,Indianapolis Colts,00-0029668,Andrew Luck,55,-11.0006523288903
2018,13,Jacksonville Jaguars,00-0033104,Cody Kessler,27,-1.32639624350381
2018,13,Kansas City Chiefs,00-0033873,Patrick Mahomes,38,17.3645093992351
2018,13,Las Vegas Raiders,00-0031280,Derek Carr,41,12.4763739764318
2018,13,Los Angeles Chargers,00-0022942,Philip Rivers,38,18.2820476534709
2018,13,Los Angeles Rams,00-0033106,Jared Goff,35,-5.03163228577781
2018,13,Miami Dolphins,00-0029701,Ryan Tannehill,27,-0.657610896509141
2018,13,Minnesota Vikings,00-0029604,Kirk Cousins,46,-11.6060628707868
2018,13,New England Patriots,00-0019596,Tom Brady,32,9.38792564845611
2018,13,New Orleans Saints,00-0020531,Drew Brees,30,-9.37603598473292
2018,13,New York Giants,00-0022803,Eli Manning,38,-5.92472311865275
2018,13,New York Jets,00-0021206,Josh McCown,32,-6.87784755792529
2018,13,Philadelphia Eagles,00-0032950,Carson Wentz,39,13.5596614237054
2018,13,Pittsburgh Steelers,00-0022924,Ben Roethlisberger,46,5.87617932447903
2018,13,San Francisco 49ers,00-0033319,Nick Mullens,51,5.72887913441598
2018,13,Seattle Seahawks,00-0029263,Russell Wilson,20,10.7467205887596
2018,13,Tampa Bay Buccaneers,00-0031503,Jameis Winston,34,9.27688844004297
2018,13,Tennessee Titans,00-0032268,Marcus Mariota,38,-8.27238945509022
2018,13,Washington Commanders,00-0026898,Mark Sanchez,23,-8.60116828757888
2018,13,Washington Commanders,00-0027688,Colt McCoy,5,0.300391236302898
2018,14,Arizona Cardinals,00-0034343,Josh Rosen,44,-12.9900564334002
2018,14,Atlanta Falcons,00-0026143,Matt Ryan,44,6.57710778697295
2018,14,Baltimore Ravens,00-0029665,Robert Griffin,2,-0.490914184018038
2018,14,Baltimore Ravens,00-0034796,Lamar Jackson,26,6.65853302094315
2018,14,Buffalo Bills,00-0034857,Josh Allen,39,-5.30152131233953
2018,14,Carolina Panthers,00-0027939,Cam Newton,43,-1.62081822384298
2018,14,Carolina Panthers,00-0031800,Taylor Heinicke,1,-0.315662994515151
2018,14,Chicago Bears,00-0033869,Mitchell Trubisky,31,-14.5116091457107
2018,14,Cincinnati Bengals,00-0032436,Jeff Driskel,30,3.32667257393235
2018,14,Cleveland Browns,00-0034855,Baker Mayfield,23,7.79539153436573
2018,14,Dallas Cowboys,00-0033077,Dak Prescott,57,12.3479311810899
2018,14,Denver Broncos,00-0028986,Case Keenum,44,-6.69117012119386
2018,14,Detroit Lions,00-0026498,Matthew Stafford,24,-5.58661037823185
2018,14,Green Bay Packers,00-0023459,Aaron Rodgers,36,2.79314867533866
2018,14,Houston Texans,00-0033537,Deshaun Watson,43,3.61744987143902
2018,14,Indianapolis Colts,00-0029668,Andrew Luck,43,11.0740700790963
2018,14,Jacksonville Jaguars,00-0033104,Cody Kessler,47,-9.66163935448276
2018,14,Kansas City Chiefs,00-0033873,Patrick Mahomes,56,11.8431100615869
2018,14,Las Vegas Raiders,00-0031280,Derek Carr,38,12.6816081081921
2018,14,Los Angeles Chargers,00-0022942,Philip Rivers,31,3.60711290161133
2018,14,Los Angeles Rams,00-0033106,Jared Goff,47,-22.3309666112097
2018,14,Miami Dolphins,00-0029682,Brock Osweiler,1,-0.266309486469254
2018,14,Miami Dolphins,00-0029701,Ryan Tannehill,23,9.06508200604003
2018,14,Minnesota Vikings,00-0029604,Kirk Cousins,35,-11.9274949410383
2018,14,New England Patriots,00-0019596,Tom Brady,45,19.8459127862653
2018,14,New Orleans Saints,00-0020531,Drew Brees,32,1.30471208876281
2018,14,New York Giants,00-0022803,Eli Manning,24,7.93480002662981
2018,14,New York Giants,00-0034369,Kyle Lauletta,5,-6.70542445906904
2018,14,New York Jets,00-0021206,Josh McCown,1,-0.80173186887987
2018,14,New York Jets,00-0034869,Sam Darnold,24,6.13816303826934
2018,14,Philadelphia Eagles,00-0032950,Carson Wentz,34,5.1367695961474
2018,14,Pittsburgh Steelers,00-0022924,Ben Roethlisberger,30,21.6278444616309
2018,14,Pittsburgh Steelers,00-0033949,Joshua Dobbs,9,-10.8743591990788
2018,14,San Francisco 49ers,00-0033319,Nick Mullens,36,7.46069634057212
2018,14,Seattle Seahawks,00-0029263,Russell Wilson,22,-13.040801968404
2018,14,Tampa Bay Buccaneers,00-0031503,Jameis Winston,42,-3.58976727094394
2018,14,Tennessee Titans,00-0032268,Marcus Mariota,25,2.1726481741009
2018,14,Washington Commanders,00-0026300,Josh Johnson,16,8.59825775402738
2018,14,Washington Commanders,00-0026898,Mark Sanchez,19,-23.0864110937109
2018,15,Arizona Cardinals,00-0030520,Mike Glennon,15,5.01137786993058
2018,15,Arizona Cardinals,00-0034343,Josh Rosen,28,-22.3831964814453
2018,15,Atlanta Falcons,00-0026143,Matt Ryan,38,2.60963459372782
2018,15,Baltimore Ravens,00-0034796,Lamar Jackson,25,-0.0164170377855224
2018,15,Buffalo Bills,00-0034857,Josh Allen,27,2.64418024121551
2018,15,Carolina Panthers,00-0027939,Cam Newton,33,-11.5202036245028
2018,15,Chicago Bears,00-0033869,Mitchell Trubisky,29,12.7228235763097
2018,15,Cincinnati Bengals,00-0032436,Jeff Driskel,34,-5.71937902914535
2018,15,Cleveland Browns,00-0034855,Baker Mayfield,33,-2.2820318743716
2018,15,Dallas Cowboys,00-0033077,Dak Prescott,42,-11.7486346724113
2018,15,Denver Broncos,00-0028986,Case Keenum,50,-0.0515567805671153
2018,15,Detroit Lions,00-0026498,Matthew Stafford,29,3.14436079561034
2018,15,Green Bay Packers,00-0023459,Aaron Rodgers,47,-1.22482625872795
2018,15,Houston Texans,00-0033537,Deshaun Watson,34,6.71497240228048
2018,15,Indianapolis Colts,00-0029668,Andrew Luck,27,6.6502630113233
2018,15,Jacksonville Jaguars,00-0033104,Cody Kessler,23,-21.3172978457196
2018,15,Kansas City Chiefs,00-0033873,Patrick Mahomes,36,10.1821053338936
2018,15,Las Vegas Raiders,00-0031280,Derek Carr,43,-4.49533297949033
2018,15,Los Angeles Chargers,00-0022942,Philip Rivers,43,6.6275281536947
2018,15,Los Angeles Rams,00-0033106,Jared Goff,55,-2.21567738032513
2018,15,Miami Dolphins,00-0029701,Ryan Tannehill,33,-24.138565772233
2018,15,Minnesota Vikings,00-0029604,Kirk Cousins,23,-1.61943543068183
2018,15,New England Patriots,00-0019596,Tom Brady,37,1.67081692256033
2018,15,New Orleans Saints,00-0020531,Drew Brees,37,-7.62730528500234
2018,15,New York Giants,00-0022803,Eli Manning,47,-11.6550179483893
2018,15,New York Jets,00-0034869,Sam Darnold,41,5.57386388787436
2018,15,Philadelphia Eagles,00-0029567,Nick Foles,31,7.74963316003368
2018,15,Pittsburgh Steelers,00-0022924,Ben Roethlisberger,36,3.95385654727111
2018,15,San Francisco 49ers,00-0033319,Nick Mullens,32,9.21976152825544
2018,15,Seattle Seahawks,00-0029263,Russell Wilson,34,8.62818528585588
2018,15,Tampa Bay Buccaneers,00-0031503,Jameis Winston,26,-9.09464636947605
2018,15,Tennessee Titans,00-0032268,Marcus Mariota,21,-3.67652250041212
2018,15,Washington Commanders,00-0026300,Josh Johnson,28,2.66245752992843
2018,16,Arizona Cardinals,00-0030520,Mike Glennon,7,3.7301398012205
2018,16,Arizona Cardinals,00-0034343,Josh Rosen,27,-12.0047411824637
2018,16,Atlanta Falcons,00-0026143,Matt Ryan,27,6.08174461035241
2018,16,Baltimore Ravens,00-0034796,Lamar Jackson,25,2.73598597692133
2018,16,Buffalo Bills,00-0034857,Josh Allen,41,-10.9570915836718
2018,16,Carolina Panthers,00-0031800,Taylor Heinicke,55,-16.6599689123686
2018,16,Carolina Panthers,00-0034577,Kyle Allen,4,2.1719288326567
2018,16,Chicago Bears,00-0033869,Mitchell Trubisky,32,10.043304651181
2018,16,Cincinnati Bengals,00-0032436,Jeff Driskel,22,2.07680283541591
2018,16,Cleveland Browns,00-0034855,Baker Mayfield,37,14.6853883593433
2018,16,Dallas Cowboys,00-0033077,Dak Prescott,26,2.48655264652472
2018,16,Denver Broncos,00-0028986,Case Keenum,38,-2.7436899838716
2018,16,Detroit Lions,00-0023662,Matt Cassel,12,-7.93259880482219
2018,16,Detroit Lions,00-0026498,Matthew Stafford,34,-13.3898780074663
2018,16,Green Bay Packers,00-0023459,Aaron Rodgers,59,15.9120085836236
2018,16,Houston Texans,00-0033537,Deshaun Watson,44,7.92098576299714
2018,16,Indianapolis Colts,00-0029668,Andrew Luck,48,12.9767983719648
2018,16,Jacksonville Jaguars,00-0031407,Blake Bortles,7,0.734668301081665
2018,16,Jacksonville Jaguars,00-0033104,Cody Kessler,22,-2.82009639387252
2018,16,Kansas City Chiefs,00-0033873,Patrick Mahomes,41,7.72463901842846
2018,16,Las Vegas Raiders,00-0031280,Derek Carr,27,4.14407780887119
2018,16,Los Angeles Chargers,00-0022942,Philip Rivers,41,-10.2938225537516
2018,16,Los Angeles Rams,00-0033106,Jared Goff,26,4.29071519800244
2018,16,Miami Dolphins,00-0029701,Ryan Tannehill,25,-8.27849884300981
2018,16,Minnesota Vikings,00-0029604,Kirk Cousins,30,9.85474049366801
2018,16,New England Patriots,00-0019596,Tom Brady,25,-12.2419746624073
2018,16,New England Patriots,00-0026625,Brian Hoyer,1,-2.83539661415853
2018,16,New Orleans Saints,00-0020531,Drew Brees,41,9.41163430387462
2018,16,New York Giants,00-0022803,Eli Manning,33,18.5036473170288
2018,16,New York Jets,00-0034869,Sam Darnold,37,20.1122976470995
2018,16,Philadelphia Eagles,00-0029567,Nick Foles,50,18.5149324192463
2018,16,Philadelphia Eagles,00-0032792,Nate Sudfeld,1,-0.278750793659128
2018,16,Pittsburgh Steelers,00-0022924,Ben Roethlisberger,53,17.1540861485533
2018,16,San Francisco 49ers,00-0033319,Nick Mullens,39,-2.13975348742374
2018,16,Seattle Seahawks,00-0029263,Russell Wilson,32,13.018152937504
2018,16,Tampa Bay Buccaneers,00-0031503,Jameis Winston,51,8.10842495322378
2018,16,Tennessee Titans,00-0027948,Blaine Gabbert,12,2.76666451740654
2018,16,Tennessee Titans,00-0032268,Marcus Mariota,15,3.33275826528552
2018,16,Washington Commanders,00-0026300,Josh Johnson,25,-2.78436316996905
2018,17,Arizona Cardinals,00-0034343,Josh Rosen,40,-21.2201068035453
2018,17,Atlanta Falcons,00-0026143,Matt Ryan,45,14.2624702544052
2018,17,Baltimore Ravens,00-0034796,Lamar Jackson,26,0.118784948446996
2018,17,Buffalo Bills,00-0034857,Josh Allen,27,6.244505532115
2018,17,Carolina Panthers,00-0031395,Garrett Gilbert,4,-0.356549131684005
2018,17,Carolina Panthers,00-0034577,Kyle Allen,27,10.9216903905152
2018,17,Chicago Bears,00-0033869,Mitchell Trubisky,26,2.56091768461932
2018,17,Cincinnati Bengals,00-0032436,Jeff Driskel,28,-12.2809037261002
2018,17,Cleveland Browns,00-0034855,Baker Mayfield,42,7.67270696963234
2018,17,Dallas Cowboys,00-0033077,Dak Prescott,48,24.6927833000064
2018,17,Denver Broncos,00-0028986,Case Keenum,49,-4.06608625829397
2018,17,Detroit Lions,00-0026498,Matthew Stafford,33,17.518835642949
2018,17,Green Bay Packers,00-0023459,Aaron Rodgers,6,-4.56117960973643
2018,17,Green Bay Packers,00-0033899,DeShone Kizer,37,-19.0091978626442
2018,17,Houston Texans,00-0033537,Deshaun Watson,41,-2.39685702405434
2018,17,Indianapolis Colts,00-0029668,Andrew Luck,36,10.9252100482158
2018,17,Jacksonville Jaguars,00-0031407,Blake Bortles,31,-14.2538381008725
2018,17,Kansas City Chiefs,00-0026197,Chad Henne,3,0.37695603776956
2018,17,Kansas City Chiefs,00-0033873,Patrick Mahomes,24,15.9629055660917
2018,17,Las Vegas Raiders,00-0031280,Derek Carr,36,-16.2472871675543
2018,17,Los Angeles Chargers,00-0022942,Philip Rivers,24,0.203498509014025
2018,17,Los Angeles Chargers,00-0030565,Geno Smith,1,-4.42421649419703
2018,17,Los Angeles Rams,00-0032245,Sean Mannion,3,1.25644253120733
2018,17,Los Angeles Rams,00-0033106,Jared Goff,26,14.1825266715876
2018,17,Miami Dolphins,00-0029701,Ryan Tannehill,35,-16.8447694417481
2018,17,Minnesota Vikings,00-0029604,Kirk Cousins,37,-22.8923929944396
2018,17,New England Patriots,00-0019596,Tom Brady,34,12.9808939607513
2018,17,New Orleans Saints,00-0031237,Teddy Bridgewater,24,-7.11450008297106
2018,17,New York Giants,00-0022803,Eli Manning,42,4.1728322159083
2018,17,New York Jets,00-0034869,Sam Darnold,32,-10.0882142103693
2018,17,Philadelphia Eagles,00-0029567,Nick Foles,36,6.01413318821754
2018,17,Philadelphia Eagles,00-0032792,Nate Sudfeld,1,3.0400245526107
2018,17,Pittsburgh Steelers,00-0022924,Ben Roethlisberger,46,-3.22087670508992
2018,17,San Francisco 49ers,00-0033319,Nick Mullens,36,1.88796605133405
2018,17,Seattle Seahawks,00-0029263,Russell Wilson,27,-10.0880283350989
2018,17,Tampa Bay Buccaneers,00-0031503,Jameis Winston,36,8.55641377624268
2018,17,Tennessee Titans,00-0027948,Blaine Gabbert,29,-15.3420602735665
2018,17,Washington Commanders,00-0026300,Josh Johnson,31,-18.6045519735781
2020,1,Arizona Cardinals,00-0035228,Kyler Murray,42,-3.16413580955531
2020,1,Atlanta Falcons,00-0026143,Matt Ryan,56,6.09383628144966
2020,1,Baltimore Ravens,00-0029665,Robert Griffin,1,-0.906517566880211
2020,1,Baltimore Ravens,00-0034796,Lamar Jackson,27,14.6671419891242
2020,1,Buffalo Bills,00-0034857,Josh Allen,49,13.8010085099114
2020,1,Carolina Panthers,00-0031237,Teddy Bridgewater,35,6.3769420746635
2020,1,Chicago Bears,00-0033869,Mitchell Trubisky,37,2.50965593693485
2020,1,Cincinnati Bengals,00-0036442,Joe Burrow,39,-6.34561266132098
2020,1,Cleveland Browns,00-0034855,Baker Mayfield,41,-10.6468428068027
2020,1,Dallas Cowboys,00-0033077,Dak Prescott,42,-5.03047575262098
2020,1,Denver Broncos,00-0035704,Drew Lock,33,-2.1552592641965
2020,1,Detroit Lions,00-0026498,Matthew Stafford,43,2.01769837285982
2020,1,Green Bay Packers,00-0023459,Aaron Rodgers,44,17.9679529487717
2020,1,Houston Texans,00-0033537,Deshaun Watson,36,3.51792298920527
2020,1,Indianapolis Colts,00-0022942,Philip Rivers,46,9.91244937595375
2020,1,Indianapolis Colts,00-0033119,Jacoby Brissett,1,-1.98417688993504
2020,1,Jacksonville Jaguars,00-0035289,Gardner Minshew,24,8.49217614020079
2020,1,Kansas City Chiefs,00-0033873,Patrick Mahomes,33,13.9878293396905
2020,1,Las Vegas Raiders,00-0031280,Derek Carr,30,10.7774738357215
2020,1,Los Angeles Chargers,00-0028118,Tyrod Taylor,32,-0.191233058797651
2020,1,Los Angeles Rams,00-0033106,Jared Goff,32,4.94299644290471
2020,1,Miami Dolphins,00-0023682,Ryan Fitzpatrick,31,-8.42761107431751
2020,1,Minnesota Vikings,00-0029604,Kirk Cousins,27,6.66373644135302
2020,1,New England Patriots,00-0027939,Cam Newton,21,3.38485614332603
2020,1,New Orleans Saints,00-0020531,Drew Brees,31,-2.92364137077075
2020,1,New York Giants,00-0035710,Daniel Jones,44,-1.28484616039119
2020,1,New York Jets,00-0034869,Sam Darnold,38,-4.33029994290594
2020,1,Philadelphia Eagles,00-0032950,Carson Wentz,50,-19.5759557022901
2020,1,Pittsburgh Steelers,00-0022924,Ben Roethlisberger,34,15.1010357121752
2020,1,San Francisco 49ers,00-0031345,Jimmy Garoppolo,36,0.376995504162
2020,1,Seattle Seahawks,00-0029263,Russell Wilson,38,19.5701759178288
2020,1,Tampa Bay Buccaneers,00-0019596,Tom Brady,39,-10.4438573051715
2020,1,Tennessee Titans,00-0029701,Ryan Tannehill,44,9.90078118979178
2020,1,Washington Commanders,00-0035232,Dwayne Haskins,34,-3.45859741743001
2020,2,Arizona Cardinals,00-0035228,Kyler Murray,41,3.76193167068986
2020,2,Atlanta Falcons,00-0026143,Matt Ryan,37,14.1801943489111
2020,2,Baltimore Ravens,00-0034796,Lamar Jackson,28,5.57358110060217
2020,2,Buffalo Bills,00-0034857,Josh Allen,36,28.7114746519106
2020,2,Carolina Panthers,00-0031237,Teddy Bridgewater,47,-4.21084832379888
2020,2,Chicago Bears,00-0033869,Mitchell Trubisky,32,1.77399898515732
2020,2,Cincinnati Bengals,00-0036442,Joe Burrow,64,11.0614366307438
2020,2,Cleveland Browns,00-0034855,Baker Mayfield,23,10.991588511999
2020,2,Dallas Cowboys,00-0027973,Andy Dalton,1,-0.214774893713184
2020,2,Dallas Cowboys,00-0033077,Dak Prescott,48,18.2986852135384
2020,2,Denver Broncos,00-0032436,Jeff Driskel,40,-2.8989386947133
2020,2,Denver Broncos,00-0035704,Drew Lock,6,-8.16126264131162
2020,2,Detroit Lions,00-0026498,Matthew Stafford,37,-6.02483762419433
2020,2,Green Bay Packers,00-0023459,Aaron Rodgers,31,14.7731866854657
2020,2,Houston Texans,00-0033537,Deshaun Watson,40,0.722655888581606
2020,2,Indianapolis Colts,00-0022942,Philip Rivers,27,2.8611422983273
2020,2,Jacksonville Jaguars,00-0035289,Gardner Minshew,47,11.379201843454
2020,2,Kansas City Chiefs,00-0033873,Patrick Mahomes,48,3.69933166917799
2020,2,Las Vegas Raiders,00-0031280,Derek Carr,41,14.4086466194506
2020,2,Los Angeles Chargers,00-0036355,Justin Herbert,35,2.67121684563892
2020,2,Los Angeles Rams,00-0033106,Jared Goff,28,21.1968137222927
2020,2,Miami Dolphins,00-0023682,Ryan Fitzpatrick,50,7.35697128698526
2020,2,Minnesota Vikings,00-0029604,Kirk Cousins,29,-13.0388942377744
2020,2,New England Patriots,00-0027939,Cam Newton,45,20.7895460689417
2020,2,New Orleans Saints,00-0020531,Drew Brees,38,3.84633764173113
2020,2,New York Giants,00-0035710,Daniel Jones,44,-8.89800441158056
2020,2,New York Jets,00-0034869,Sam Darnold,33,-2.74836200250207
2020,2,Philadelphia Eagles,00-0032950,Carson Wentz,43,-9.30583465937803
2020,2,Pittsburgh Steelers,00-0022924,Ben Roethlisberger,42,1.10792730300454
2020,2,San Francisco 49ers,00-0031345,Jimmy Garoppolo,17,14.4056966485805
2020,2,San Francisco 49ers,00-0033319,Nick Mullens,13,-6.85405564139296
2020,2,Seattle Seahawks,00-0029263,Russell Wilson,30,10.4620237796917
2020,2,Tampa Bay Buccaneers,00-0019596,Tom Brady,35,0.52437946677875
2020,2,Tennessee Titans,00-0029701,Ryan Tannehill,25,18.0335431041051
2020,2,Washington Commanders,00-0035232,Dwayne Haskins,37,-8.52634859171378
2020,3,Arizona Cardinals,00-0035228,Kyler Murray,36,-4.14960277022328
2020,3,Atlanta Falcons,00-0026143,Matt Ryan,40,-7.07552664339047
2020,3,Baltimore Ravens,00-0034796,Lamar Jackson,32,-14.9260278994132
2020,3,Buffalo Bills,00-0034857,Josh Allen,37,8.45506453601411
2020,3,Carolina Panthers,00-0031237,Teddy Bridgewater,30,2.72457790192507
2020,3,Chicago Bears,00-0029567,Nick Foles,29,4.18304204520257
2020,3,Chicago Bears,00-0033869,Mitchell Trubisky,24,-4.93474775817217
2020,3,Cincinnati Bengals,00-0036442,Joe Burrow,52,3.75848607527357
2020,3,Cleveland Browns,00-0034855,Baker Mayfield,25,8.54908263424207
2020,3,Dallas Cowboys,00-0033077,Dak Prescott,59,7.75229741373248
2020,3,Denver Broncos,00-0032436,Jeff Driskel,35,-10.6408468908283
2020,3,Denver Broncos,00-0034955,Brett Rypien,10,-2.88966157723917
2020,3,Detroit Lions,00-0026498,Matthew Stafford,35,6.25321579899879
2020,3,Green Bay Packers,00-0023459,Aaron Rodgers,33,10.8884561869836
2020,3,Houston Texans,00-0033537,Deshaun Watson,32,7.01369306384004
2020,3,Indianapolis Colts,00-0022942,Philip Rivers,21,9.94697958603519
2020,3,Indianapolis Colts,00-0033119,Jacoby Brissett,4,-0.416206694208086
2020,3,Jacksonville Jaguars,00-0035289,Gardner Minshew,46,-9.56994947633939
2020,3,Kansas City Chiefs,00-0033873,Patrick Mahomes,42,31.3778491390219
2020,3,Las Vegas Raiders,00-0031280,Derek Carr,34,-2.25354757726972
2020,3,Los Angeles Chargers,00-0036355,Justin Herbert,51,0.315184559262719
2020,3,Los Angeles Rams,00-0033106,Jared Goff,34,12.7301219780268
2020,3,Miami Dolphins,00-0023682,Ryan Fitzpatrick,21,8.72453725570813
2020,3,Minnesota Vikings,00-0029604,Kirk Cousins,29,3.18086823403973
2020,3,New England Patriots,00-0027939,Cam Newton,30,-4.46183265645947
2020,3,New Orleans Saints,00-0020531,Drew Brees,38,10.7231018215207
2020,3,New York Giants,00-0035710,Daniel Jones,34,-2.46670079313443
2020,3,New York Jets,00-0034869,Sam Darnold,31,-22.8810117928078
2020,3,Philadelphia Eagles,00-0032950,Carson Wentz,50,-8.40164039582826
2020,3,Pittsburgh Steelers,00-0022924,Ben Roethlisberger,38,9.64403795879361
2020,3,San Francisco 49ers,00-0033319,Nick Mullens,38,24.9493032499566
2020,3,Seattle Seahawks,00-0029263,Russell Wilson,44,13.8089498753981
2020,3,Tampa Bay Buccaneers,00-0019596,Tom Brady,40,11.5597024151657
2020,3,Tennessee Titans,00-0029701,Ryan Tannehill,38,-1.53819656834227
2020,3,Washington Commanders,00-0035232,Dwayne Haskins,40,-6.34806583350292
2020,4,Arizona Cardinals,00-0035228,Kyler Murray,32,1.21522023290163
2020,4,Atlanta Falcons,00-0026143,Matt Ryan,43,1.50159285189057
2020,4,Baltimore Ravens,00-0029665,Robert Griffin,1,-1.79563865502132
2020,4,Baltimore Ravens,00-0034796,Lamar Jackson,22,10.3583641306814
2020,4,Buffalo Bills,00-0034857,Josh Allen,35,18.573673158527
2020,4,Carolina Panthers,00-0031237,Teddy Bridgewater,37,12.5812968791307
2020,4,Chicago Bears,00-0029567,Nick Foles,43,-4.56331862084466
2020,4,Cincinnati Bengals,00-0036442,Joe Burrow,37,8.89080131871013
2020,4,Cleveland Browns,00-0034855,Baker Mayfield,32,6.76906562259008
2020,4,Dallas Cowboys,00-0033077,Dak Prescott,61,11.340811648217
2020,4,Denver Broncos,00-0034955,Brett Rypien,31,1.20406871601874
2020,4,Detroit Lions,00-0026498,Matthew Stafford,34,2.18370404401515
2020,4,Green Bay Packers,00-0023459,Aaron Rodgers,34,25.9075972899264
2020,4,Houston Texans,00-0033537,Deshaun Watson,36,7.38793969620649
2020,4,Indianapolis Colts,00-0022942,Philip Rivers,30,6.71901326028135
2020,4,Jacksonville Jaguars,00-0035289,Gardner Minshew,43,10.2872058283297
2020,4,Kansas City Chiefs,00-0033873,Patrick Mahomes,30,6.61569467390597
2020,4,Las Vegas Raiders,00-0031280,Derek Carr,46,10.0919964320914
2020,4,Los Angeles Chargers,00-0036355,Justin Herbert,27,13.6531923915883
2020,4,Los Angeles Rams,00-0033106,Jared Goff,34,0.0341090982805761
2020,4,Miami Dolphins,00-0023682,Ryan Fitzpatrick,46,3.64033356057816
2020,4,Minnesota Vikings,00-0029604,Kirk Cousins,25,9.87161744914872
2020,4,New England Patriots,00-0026625,Brian Hoyer,26,-9.24764575094061
2020,4,New England Patriots,00-0035264,Jarrett Stidham,13,-9.68836469767848
2020,4,New Orleans Saints,00-0020531,Drew Brees,27,10.5548065638286
2020,4,New York Giants,00-0035710,Daniel Jones,41,-12.5092983746175
2020,4,New York Jets,00-0026158,Joe Flacco,2,-0.947412116453052
2020,4,New York Jets,00-0034869,Sam Darnold,48,-13.7885014308599
2020,4,Philadelphia Eagles,00-0032950,Carson Wentz,31,-2.14947501552993
2020,4,San Francisco 49ers,00-0033319,Nick Mullens,30,-12.486713434686
2020,4,San Francisco 49ers,00-0033936,C.J. Beathard,20,2.96545843426441
2020,4,Seattle Seahawks,00-0029263,Russell Wilson,36,10.8542368029443
2020,4,Tampa Bay Buccaneers,00-0019596,Tom Brady,46,12.6856359624498
2020,4,Washington Commanders,00-0035232,Dwayne Haskins,48,-0.981670398930266
2020,5,Arizona Cardinals,00-0035228,Kyler Murray,38,12.5518817845866
2020,5,Atlanta Falcons,00-0026143,Matt Ryan,39,-3.74347959904388
2020,5,Baltimore Ravens,00-0034796,Lamar Jackson,38,-5.0721920593184
2020,5,Buffalo Bills,00-0030533,Matt Barkley,5,-3.523927112401
2020,5,Buffalo Bills,00-0034857,Josh Allen,42,2.40602110845103
2020,5,Carolina Panthers,00-0031237,Teddy Bridgewater,36,16.7852266763135
2020,5,Chicago Bears,00-0029567,Nick Foles,45,-4.62680138078154
2020,5,Cincinnati Bengals,00-0036442,Joe Burrow,37,-14.0210181449074
2020,5,Cleveland Browns,00-0034855,Baker Mayfield,38,3.43320820898735
2020,5,Dallas Cowboys,00-0027973,Andy Dalton,12,1.35865050943871
2020,5,Dallas Cowboys,00-0033077,Dak Prescott,22,-0.237522913256942
2020,5,Houston Texans,00-0033537,Deshaun Watson,36,11.2487093084009
2020,5,Indianapolis Colts,00-0022942,Philip Rivers,34,-6.8628172511798
2020,5,Jacksonville Jaguars,00-0035289,Gardner Minshew,52,0.526510652039965
2020,5,Kansas City Chiefs,00-0033873,Patrick Mahomes,46,11.4973684591379
2020,5,Las Vegas Raiders,00-0031280,Derek Carr,32,16.9309298596321
2020,5,Los Angeles Chargers,00-0036355,Justin Herbert,37,6.51310349710653
2020,5,Los Angeles Rams,00-0033106,Jared Goff,31,12.4816052360281
2020,5,Miami Dolphins,00-0023682,Ryan Fitzpatrick,30,23.5285588375976
2020,5,Minnesota Vikings,00-0029604,Kirk Cousins,42,11.7041221857063
2020,5,New Orleans Saints,00-0020531,Drew Brees,49,-0.211628846643122
2020,5,New York Giants,00-0035710,Daniel Jones,35,-0.928188853482235
2020,5,New York Jets,00-0026158,Joe Flacco,35,-2.6866600353494
2020,5,Philadelphia Eagles,00-0032950,Carson Wentz,40,5.26308158811573
2020,5,Philadelphia Eagles,00-0036389,Jalen Hurts,1,1.16605014842935
2020,5,Pittsburgh Steelers,00-0022924,Ben Roethlisberger,35,15.8451004655462
2020,5,San Francisco 49ers,00-0031345,Jimmy Garoppolo,20,-12.6541654631728
2020,5,San Francisco 49ers,00-0033936,C.J. Beathard,20,-7.880294772884
2020,5,Seattle Seahawks,00-0029263,Russell Wilson,36,0.851049173201434
2020,5,Tampa Bay Buccaneers,00-0019596,Tom Brady,44,0.327567778687101
2020,5,Tennessee Titans,00-0029701,Ryan Tannehill,28,13.8888183408999
2020,5,Washington Commanders,00-0023436,Alex Smith,23,-20.4201698561025
2020,5,Washington Commanders,00-0034577,Kyle Allen,15,-2.87404881324619
2020,6,Arizona Cardinals,00-0035228,Kyler Murray,25,1.42700720844505
2020,6,Atlanta Falcons,00-0026143,Matt Ryan,42,30.4415847863688
2020,6,Baltimore Ravens,00-0034796,Lamar Jackson,30,1.91893977164554
2020,6,Buffalo Bills,00-0034857,Josh Allen,27,-3.11077203841677
2020,6,Carolina Panthers,00-0031237,Teddy Bridgewater,33,-9.11354608115451
2020,6,Chicago Bears,00-0029567,Nick Foles,39,0.819565342401645
2020,6,Cincinnati Bengals,00-0036442,Joe Burrow,41,14.3935065553622
2020,6,Cleveland Browns,00-0028986,Case Keenum,10,-4.15652082965244
2020,6,Cleveland Browns,00-0034855,Baker Mayfield,22,-13.4813869007048
2020,6,Dallas Cowboys,00-0027973,Andy Dalton,57,-4.74103565701929
2020,6,Denver Broncos,00-0035704,Drew Lock,26,-4.98868046296204
2020,6,Detroit Lions,00-0026498,Matthew Stafford,31,4.14887502144545
2020,6,Green Bay Packers,00-0023459,Aaron Rodgers,39,-15.2897437895528
2020,6,Green Bay Packers,00-0034177,Tim Boyle,1,-2.06141593540087
2020,6,Houston Texans,00-0033537,Deshaun Watson,39,20.8801099458556
2020,6,Indianapolis Colts,00-0022942,Philip Rivers,45,18.3861791193289
2020,6,Jacksonville Jaguars,00-0035289,Gardner Minshew,45,-6.63632537994157
2020,6,Kansas City Chiefs,00-0033873,Patrick Mahomes,27,16.1477185580297
2020,6,Los Angeles Rams,00-0033106,Jared Goff,38,-3.34685115866463
2020,6,Miami Dolphins,00-0023682,Ryan Fitzpatrick,29,-5.22999103458408
2020,6,Miami Dolphins,00-0036212,Tua Tagovailoa,2,0.748500450863503
2020,6,Minnesota Vikings,00-0029604,Kirk Cousins,37,1.3308751235602
2020,6,New England Patriots,00-0027939,Cam Newton,29,-12.7561628244208
2020,6,New York Giants,00-0035710,Daniel Jones,20,-0.307515469176001
2020,6,New York Jets,00-0026158,Joe Flacco,47,-18.1574911561336
2020,6,Philadelphia Eagles,00-0032950,Carson Wentz,46,-5.37427797939722
2020,6,Pittsburgh Steelers,00-0022924,Ben Roethlisberger,24,1.12679261220357
2020,6,Pittsburgh Steelers,00-0034771,Mason Rudolph,1,-0.633109946735203
2020,6,San Francisco 49ers,00-0031345,Jimmy Garoppolo,33,12.8065794444119
2020,6,Tampa Bay Buccaneers,00-0019596,Tom Brady,27,6.48244898921559
2020,6,Tampa Bay Buccaneers,00-0027948,Blaine Gabbert,1,-0.478314927779138
2020,6,Tennessee Titans,00-0029701,Ryan Tannehill,43,17.3985027100021
2020,6,Washington Commanders,00-0034577,Kyle Allen,45,-0.779244626692297
2020,7,Arizona Cardinals,00-0035228,Kyler Murray,48,12.2580239258836
2020,7,Atlanta Falcons,00-0026143,Matt Ryan,44,10.7349208240486
2020,7,Buffalo Bills,00-0034857,Josh Allen,45,6.26283800773662
2020,7,Carolina Panthers,00-0031237,Teddy Bridgewater,29,14.0691932358605
2020,7,Chicago Bears,00-0029567,Nick Foles,44,-17.9263268025271
2020,7,Cincinnati Bengals,00-0036442,Joe Burrow,51,17.1553522023353
2020,7,Cleveland Browns,00-0034855,Baker Mayfield,28,21.5127148441839
2020,7,Dallas Cowboys,00-0027973,Andy Dalton,22,-9.70511064573657
2020,7,Dallas Cowboys,00-0036384,Ben DiNucci,6,-2.50424821651541
2020,7,Denver Broncos,00-0035704,Drew Lock,43,-16.4446098371054
2020,7,Detroit Lions,00-0026498,Matthew Stafford,38,12.4110256173053
2020,7,Green Bay Packers,00-0023459,Aaron Rodgers,34,17.9923554424022
2020,7,Houston Texans,00-0033537,Deshaun Watson,42,7.80131827442371
2020,7,Jacksonville Jaguars,00-0035289,Gardner Minshew,32,-0.442789535765536
2020,7,Kansas City Chiefs,00-0026197,Chad Henne,3,2.15308771052514
2020,7,Kansas City Chiefs,00-0033873,Patrick Mahomes,26,2.78684867807634
2020,7,Las Vegas Raiders,00-0031280,Derek Carr,39,-6.10617798786243
2020,7,Los Angeles Chargers,00-0035282,Easton Stick,1,-0.238974097417668
2020,7,Los Angeles Chargers,00-0036355,Justin Herbert,44,14.643816439191
2020,7,Los Angeles Rams,00-0033106,Jared Goff,34,3.50323732013351
2020,7,New England Patriots,00-0027939,Cam Newton,16,-11.4779488209819
2020,7,New England Patriots,00-0035264,Jarrett Stidham,11,-3.81385024939664
2020,7,New Orleans Saints,00-0020531,Drew Brees,37,14.9982072011992
2020,7,New York Giants,00-0035710,Daniel Jones,33,-3.4907604616601
2020,7,New York Jets,00-0034869,Sam Darnold,29,-12.3616853625545
2020,7,Philadelphia Eagles,00-0032950,Carson Wentz,46,6.35045730863609
2020,7,Pittsburgh Steelers,00-0022924,Ben Roethlisberger,49,6.07013584656559
2020,7,San Francisco 49ers,00-0031345,Jimmy Garoppolo,26,15.6796545100658
2020,7,Seattle Seahawks,00-0029263,Russell Wilson,52,0.158355956588436
2020,7,Tampa Bay Buccaneers,00-0019596,Tom Brady,45,26.70009982405
2020,7,Tennessee Titans,00-0029701,Ryan Tannehill,32,6.78903731637268
2020,7,Washington Commanders,00-0034577,Kyle Allen,27,7.37166089528149
2020,8,Atlanta Falcons,00-0026143,Matt Ryan,32,9.87413127062056
2020,8,Baltimore Ravens,00-0034796,Lamar Jackson,32,-9.20806107319453
2020,8,Buffalo Bills,00-0034857,Josh Allen,19,-1.13088133876461
2020,8,Carolina Panthers,00-0031237,Teddy Bridgewater,26,-1.14047845971072
2020,8,Carolina Panthers,00-0033275,P.J. Walker,4,-2.82685098587061
2020,8,Chicago Bears,00-0029567,Nick Foles,46,-1.91718700127567
2020,8,Cincinnati Bengals,00-0036442,Joe Burrow,37,18.2253549392105
2020,8,Cleveland Browns,00-0034855,Baker Mayfield,25,-1.66637776675805
2020,8,Dallas Cowboys,00-0036384,Ben DiNucci,44,-25.073359329695
2020,8,Denver Broncos,00-0035704,Drew Lock,43,3.18281201951483
2020,8,Detroit Lions,00-0026498,Matthew Stafford,47,-6.96545636816531
2020,8,Green Bay Packers,00-0023459,Aaron Rodgers,42,10.2455545709236
2020,8,Indianapolis Colts,00-0022942,Philip Rivers,35,17.6782549509662
2020,8,Kansas City Chiefs,00-0026197,Chad Henne,4,-1.12928924214793
2020,8,Kansas City Chiefs,00-0033873,Patrick Mahomes,42,27.6903733618092
2020,8,Las Vegas Raiders,00-0031280,Derek Carr,26,1.14817918594654
2020,8,Los Angeles Chargers,00-0036355,Justin Herbert,45,5.03150116280322
2020,8,Los Angeles Rams,00-0033106,Jared Goff,63,-25.5332031754669
2020,8,Miami Dolphins,00-0036212,Tua Tagovailoa,23,-10.161339998187
2020,8,Minnesota Vikings,00-0029604,Kirk Cousins,15,12.0135419062572
2020,8,New England Patriots,00-0027939,Cam Newton,27,3.29138322633777
2020,8,New Orleans Saints,00-0020531,Drew Brees,42,8.23890317352956
2020,8,New York Giants,00-0035710,Daniel Jones,44,-0.524956719369609
2020,8,New York Jets,00-0034869,Sam Darnold,31,-4.52543939134761
2020,8,Philadelphia Eagles,00-0032950,Carson Wentz,31,-15.5151414465653
2020,8,Philadelphia Eagles,00-0036389,Jalen Hurts,1,0.68572845950257
2020,8,Pittsburgh Steelers,00-0022924,Ben Roethlisberger,34,5.37806054862449
2020,8,San Francisco 49ers,00-0031345,Jimmy Garoppolo,19,-5.73918664344819
2020,8,San Francisco 49ers,00-0033319,Nick Mullens,25,17.3578707770067
2020,8,Seattle Seahawks,00-0029263,Russell Wilson,39,16.4509963374234
2020,8,Tampa Bay Buccaneers,00-0019596,Tom Brady,42,9.73383208984434
2020,8,Tennessee Titans,00-0029701,Ryan Tannehill,31,0.213672639391725
2020,9,Arizona Cardinals,00-0035228,Kyler Murray,27,9.64766878241058
2020,9,Atlanta Falcons,00-0026143,Matt Ryan,37,10.9758252016046
2020,9,Baltimore Ravens,00-0034796,Lamar Jackson,25,7.42934009910096
2020,9,Buffalo Bills,00-0034857,Josh Allen,45,16.4707288941216
2020,9,Carolina Panthers,00-0031237,Teddy Bridgewater,51,13.578166027565
2020,9,Chicago Bears,00-0029567,Nick Foles,55,4.87829115175862
2020,9,Dallas Cowboys,00-0031395,Garrett Gilbert,40,-5.15978855543367
2020,9,Denver Broncos,00-0035704,Drew Lock,49,1.35419577666525
2020,9,Detroit Lions,00-0026498,Matthew Stafford,34,-1.44142029296303
2020,9,Detroit Lions,00-0026544,Chase Daniel,13,-4.64188937670745
2020,9,Green Bay Packers,00-0023459,Aaron Rodgers,32,19.7490295432687
2020,9,Houston Texans,00-0033537,Deshaun Watson,34,7.1223168258283
2020,9,Indianapolis Colts,00-0022942,Philip Rivers,43,-13.7521433342602
2020,9,Indianapolis Colts,00-0033119,Jacoby Brissett,1,-0.315875830478035
2020,9,Jacksonville Jaguars,00-0036312,Jake Luton,40,2.2781540084826
2020,9,Kansas City Chiefs,00-0033873,Patrick Mahomes,47,15.3649805347875
2020,9,Las Vegas Raiders,00-0031280,Derek Carr,24,1.26964619752765
2020,9,Los Angeles Chargers,00-0036355,Justin Herbert,44,10.1492692251855
2020,9,Miami Dolphins,00-0036212,Tua Tagovailoa,31,10.7597100773766
2020,9,Minnesota Vikings,00-0029604,Kirk Cousins,21,6.33550947572803
2020,9,New England Patriots,00-0027939,Cam Newton,35,13.972489409448
2020,9,New Orleans Saints,00-0020531,Drew Brees,33,11.7522350901155
2020,9,New Orleans Saints,00-0031503,Jameis Winston,1,1.88549254526151
2020,9,New York Giants,00-0035710,Daniel Jones,39,2.60409668056898
2020,9,New York Jets,00-0026158,Joe Flacco,26,14.2374132506675
2020,9,Pittsburgh Steelers,00-0022924,Ben Roethlisberger,42,10.9342682904282
2020,9,Pittsburgh Steelers,00-0034771,Mason Rudolph,3,-1.2069862431963
2020,9,San Francisco 49ers,00-0033319,Nick Mullens,36,-2.95358031679048
2020,9,Seattle Seahawks,00-0029263,Russell Wilson,46,2.27587592441689
2020,9,Tampa Bay Buccaneers,00-0019596,Tom Brady,41,-23.3233477394796
2020,9,Tennessee Titans,00-0029701,Ryan Tannehill,24,-1.04808722187528
2020,9,Washington Commanders,00-0023436,Alex Smith,34,2.11664025835005
2020,9,Washington Commanders,00-0034577,Kyle Allen,7,2.07523175736424
2020,10,Arizona Cardinals,00-0035228,Kyler Murray,35,2.92880195513333
2020,10,Baltimore Ravens,00-0034796,Lamar Jackson,36,4.27485947808654
2020,10,Buffalo Bills,00-0034857,Josh Allen,49,-0.55425973197574
2020,10,Carolina Panthers,00-0031237,Teddy Bridgewater,25,-3.92512480309131
2020,10,Carolina Panthers,00-0033275,P.J. Walker,5,-4.29563285346376
2020,10,Chicago Bears,00-0029567,Nick Foles,28,-14.6639369553871
2020,10,Chicago Bears,00-0030151,Tyler Bray,5,-1.12561105343048
2020,10,Cincinnati Bengals,00-0036442,Joe Burrow,44,-10.9336322678947
2020,10,Cleveland Browns,00-0034855,Baker Mayfield,21,-3.26906378867671
2020,10,Denver Broncos,00-0035704,Drew Lock,49,-12.9515134331993
2020,10,Detroit Lions,00-0026498,Matthew Stafford,34,11.1711799096945
2020,10,Green Bay Packers,00-0023459,Aaron Rodgers,35,6.35833626674945
2020,10,Houston Texans,00-0033537,Deshaun Watson,32,0.679283570142376
2020,10,Indianapolis Colts,00-0022942,Philip Rivers,40,14.9832968813476
2020,10,Jacksonville Jaguars,00-0036312,Jake Luton,38,-12.1481082648439
2020,10,Las Vegas Raiders,00-0031280,Derek Carr,25,3.01907188579796
2020,10,Los Angeles Chargers,00-0036355,Justin Herbert,34,-5.4132301498903
2020,10,Los Angeles Rams,00-0033106,Jared Goff,40,5.25751366691888
2020,10,Miami Dolphins,00-0036212,Tua Tagovailoa,25,7.96146751605027
2020,10,Minnesota Vikings,00-0029604,Kirk Cousins,37,11.4212387286718
2020,10,New England Patriots,00-0027939,Cam Newton,18,3.25960885569433
2020,10,New Orleans Saints,00-0020531,Drew Brees,13,0.0396045361689878
2020,10,New Orleans Saints,00-0031503,Jameis Winston,12,-1.08543143119765
2020,10,New York Giants,00-0035710,Daniel Jones,31,7.1992682722754
2020,10,Philadelphia Eagles,00-0032950,Carson Wentz,40,-5.01848446632501
2020,10,Pittsburgh Steelers,00-0022924,Ben Roethlisberger,46,10.6106935067
2020,10,San Francisco 49ers,00-0033319,Nick Mullens,40,0.209933826307625
2020,10,San Francisco 49ers,00-0033936,C.J. Beathard,1,-1.043005395215
2020,10,Seattle Seahawks,00-0029263,Russell Wilson,43,-7.27513914057234
2020,10,Tampa Bay Buccaneers,00-0019596,Tom Brady,40,28.041578160864
2020,10,Tennessee Titans,00-0029701,Ryan Tannehill,28,-4.44284485318523
2020,10,Washington Commanders,00-0023436,Alex Smith,57,16.1341733001568
2020,11,Arizona Cardinals,00-0035228,Kyler Murray,45,10.6401481594949
2020,11,Atlanta Falcons,00-0026143,Matt Ryan,45,-15.5922768397945
2020,11,Baltimore Ravens,00-0034796,Lamar Jackson,30,6.58062073019687
2020,11,Carolina Panthers,00-0033275,P.J. Walker,35,-0.54502073094489
2020,11,Cincinnati Bengals,00-0035652,Ryan Finley,14,-14.8160993645433
2020,11,Cincinnati Bengals,00-0036442,Joe Burrow,34,6.78205003720284
2020,11,Cleveland Browns,00-0034855,Baker Mayfield,25,0.101051020742692
2020,11,Dallas Cowboys,00-0027973,Andy Dalton,33,-0.16417545540759
2020,11,Denver Broncos,00-0035704,Drew Lock,30,1.51329410392676
2020,11,Detroit Lions,00-0026498,Matthew Stafford,38,-11.0728669542076
2020,11,Green Bay Packers,00-0023459,Aaron Rodgers,39,5.67847312770422
2020,11,Houston Texans,00-0033537,Deshaun Watson,37,20.124489289022
2020,11,Indianapolis Colts,00-0022942,Philip Rivers,37,9.02496611574965
2020,11,Jacksonville Jaguars,00-0036312,Jake Luton,39,-26.2581314893101
2020,11,Kansas City Chiefs,00-0033873,Patrick Mahomes,45,20.9498768997728
2020,11,Las Vegas Raiders,00-0031280,Derek Carr,31,16.2514597234121
2020,11,Los Angeles Chargers,00-0036355,Justin Herbert,52,17.6939300019243
2020,11,Los Angeles Rams,00-0033106,Jared Goff,51,10.4678138095527
2020,11,Miami Dolphins,00-0023682,Ryan Fitzpatrick,18,1.40172046469525
2020,11,Miami Dolphins,00-0036212,Tua Tagovailoa,26,-9.75089063324073
2020,11,Minnesota Vikings,00-0029604,Kirk Cousins,32,7.68087952351198
2020,11,New England Patriots,00-0027939,Cam Newton,42,11.0213420389205
2020,11,New York Jets,00-0026158,Joe Flacco,31,-1.61094213702017
2020,11,Philadelphia Eagles,00-0032950,Carson Wentz,40,-9.59229892804091
2020,11,Pittsburgh Steelers,00-0022924,Ben Roethlisberger,46,6.68169051002856
2020,11,Seattle Seahawks,00-0029263,Russell Wilson,31,10.0199400257015
2020,11,Tampa Bay Buccaneers,00-0019596,Tom Brady,49,-9.62815064393999
2020,11,Tennessee Titans,00-0029701,Ryan Tannehill,33,8.4648196705364
2020,11,Tennessee Titans,00-0034438,Logan Woodside,1,3.01928251155186
2020,11,Washington Commanders,00-0023436,Alex Smith,27,-3.53453726314799
2020,12,Arizona Cardinals,00-0035228,Kyler Murray,36,-1.98035682513873
2020,12,Atlanta Falcons,00-0026143,Matt Ryan,40,-3.42531827072405
2020,12,Baltimore Ravens,00-0029665,Robert Griffin,15,-17.6274575715652
2020,12,Baltimore Ravens,00-0035146,Trace McSorley,6,2.72470661706757
2020,12,Buffalo Bills,00-0030533,Matt Barkley,1,-1.61598528426839
2020,12,Buffalo Bills,00-0034857,Josh Allen,26,1.06149065491492
2020,12,Carolina Panthers,00-0031237,Teddy Bridgewater,36,3.68947460219179
2020,12,Chicago Bears,00-0033869,Mitchell Trubisky,49,-2.33766231107117
2020,12,Cincinnati Bengals,00-0032434,Brandon Allen,31,-12.4576351778658
2020,12,Cleveland Browns,00-0034855,Baker Mayfield,31,13.2885083240389
2020,12,Dallas Cowboys,00-0027973,Andy Dalton,38,-21.6981164144031
2020,12,Detroit Lions,00-0026498,Matthew Stafford,46,-0.5135514110405
2020,12,Green Bay Packers,00-0023459,Aaron Rodgers,29,15.3471271800227
2020,12,Houston Texans,00-0033537,Deshaun Watson,27,18.9096948232182
2020,12,Indianapolis Colts,00-0022942,Philip Rivers,43,4.94766863288544
2020,12,Indianapolis Colts,00-0033119,Jacoby Brissett,3,-5.22485687740846
2020,12,Jacksonville Jaguars,00-0030520,Mike Glennon,35,3.56737271556762
2020,12,Kansas City Chiefs,00-0033873,Patrick Mahomes,51,21.338562140116
2020,12,Las Vegas Raiders,00-0031280,Derek Carr,37,-26.2747227162449
2020,12,Las Vegas Raiders,00-0033958,Nathan Peterman,7,-3.52555091207614
2020,12,Los Angeles Chargers,00-0036355,Justin Herbert,55,6.18207609660761
2020,12,Los Angeles Rams,00-0033106,Jared Goff,33,-16.005298628923
2020,12,Miami Dolphins,00-0023682,Ryan Fitzpatrick,43,6.07691216873626
2020,12,Minnesota Vikings,00-0029604,Kirk Cousins,47,6.51537228209489
2020,12,New England Patriots,00-0027939,Cam Newton,21,-11.4852030862846
2020,12,New York Giants,00-0027688,Colt McCoy,10,-2.9613031805518
2020,12,New York Giants,00-0035710,Daniel Jones,27,12.4286646653625
2020,12,New York Jets,00-0034869,Sam Darnold,30,-11.9076784575782
2020,12,Philadelphia Eagles,00-0032950,Carson Wentz,51,-13.2082510461763
2020,12,Philadelphia Eagles,00-0036389,Jalen Hurts,1,0.0493230470456183
2020,12,Pittsburgh Steelers,00-0022924,Ben Roethlisberger,51,-4.71956412569005
2020,12,San Francisco 49ers,00-0033319,Nick Mullens,37,-4.87818426937665
2020,12,Seattle Seahawks,00-0029263,Russell Wilson,33,-1.12470427875064
2020,12,Tampa Bay Buccaneers,00-0019596,Tom Brady,42,7.2311040387873
2020,12,Tennessee Titans,00-0029701,Ryan Tannehill,23,10.5591706815758
2020,12,Washington Commanders,00-0023436,Alex Smith,29,-7.06542492224143
2020,13,Arizona Cardinals,00-0035228,Kyler Murray,41,-11.5112130583532
2020,13,Atlanta Falcons,00-0026143,Matt Ryan,42,-10.7394828962456
2020,13,Baltimore Ravens,00-0034796,Lamar Jackson,17,-4.60968196999684
2020,13,Buffalo Bills,00-0034857,Josh Allen,41,22.4967225093474
2020,13,Chicago Bears,00-0033869,Mitchell Trubisky,36,6.4835730556224
2020,13,Cincinnati Bengals,00-0032434,Brandon Allen,24,-7.00987712749522
2020,13,Cincinnati Bengals,00-0035652,Ryan Finley,8,-3.6990019090008
2020,13,Cleveland Browns,00-0034855,Baker Mayfield,33,24.8635159133916
2020,13,Dallas Cowboys,00-0027973,Andy Dalton,49,8.06519911407337
2020,13,Denver Broncos,00-0035704,Drew Lock,28,3.13342764621744
2020,13,Detroit Lions,00-0026498,Matthew Stafford,44,17.3618220716889
2020,13,Green Bay Packers,00-0023459,Aaron Rodgers,36,15.4437866594576
2020,13,Houston Texans,00-0033537,Deshaun Watson,43,1.13884863422046
2020,13,Indianapolis Colts,00-0022942,Philip Rivers,38,9.99690123373636
2020,13,Jacksonville Jaguars,00-0030520,Mike Glennon,44,2.64474961159158
2020,13,Kansas City Chiefs,00-0033873,Patrick Mahomes,41,6.05981860933891
2020,13,Las Vegas Raiders,00-0031280,Derek Carr,49,10.7124163083123
2020,13,Los Angeles Chargers,00-0036355,Justin Herbert,56,-27.435010944858
2020,13,Los Angeles Rams,00-0033106,Jared Goff,48,18.200210214761
2020,13,Miami Dolphins,00-0036212,Tua Tagovailoa,39,7.12892119252653
2020,13,Minnesota Vikings,00-0029604,Kirk Cousins,47,-1.72740923863893
2020,13,New England Patriots,00-0027939,Cam Newton,20,-5.15349573583808
2020,13,New England Patriots,00-0035264,Jarrett Stidham,3,5.60778866603505
2020,13,New York Giants,00-0027688,Colt McCoy,24,-6.59913937732957
2020,13,New York Jets,00-0034869,Sam Darnold,26,-1.90601983781368
2020,13,Philadelphia Eagles,00-0032950,Carson Wentz,19,-6.15251312356256
2020,13,Philadelphia Eagles,00-0036389,Jalen Hurts,15,2.23983718577074
2020,13,Pittsburgh Steelers,00-0022924,Ben Roethlisberger,53,-2.34915004144761
2020,13,San Francisco 49ers,00-0033319,Nick Mullens,39,11.0843568521026
2020,13,Seattle Seahawks,00-0029263,Russell Wilson,48,-10.7337682290801
2020,13,Tennessee Titans,00-0029701,Ryan Tannehill,48,14.0522906665283
2020,13,Washington Commanders,00-0023436,Alex Smith,49,0.347741866668791
2020,14,Arizona Cardinals,00-0035228,Kyler Murray,36,4.7989305275225
2020,14,Atlanta Falcons,00-0026143,Matt Ryan,34,-3.43295505775446
2020,14,Baltimore Ravens,00-0034796,Lamar Jackson,21,6.83494050918199
2020,14,Baltimore Ravens,00-0035146,Trace McSorley,4,-0.540154299233109
2020,14,Buffalo Bills,00-0034857,Josh Allen,44,0.0534103699704467
2020,14,Carolina Panthers,00-0031237,Teddy Bridgewater,44,-1.91589393844915
2020,14,Chicago Bears,00-0033869,Mitchell Trubisky,36,9.86100169710158
2020,14,Cincinnati Bengals,00-0032434,Brandon Allen,36,11.521520023467
2020,14,Cincinnati Bengals,00-0035652,Ryan Finley,4,-5.00506110378774
2020,14,Cleveland Browns,00-0034855,Baker Mayfield,47,11.7196757461207
2020,14,Dallas Cowboys,00-0027973,Andy Dalton,25,12.6310386962038
2020,14,Denver Broncos,00-0035704,Drew Lock,28,9.04304686134867
2020,14,Detroit Lions,00-0026498,Matthew Stafford,38,5.3202782276785
2020,14,Detroit Lions,00-0026544,Chase Daniel,6,0.632610132717593
2020,14,Green Bay Packers,00-0023459,Aaron Rodgers,33,17.8611662689946
2020,14,Houston Texans,00-0031288,AJ McCarron,1,-4.92601130728144
2020,14,Houston Texans,00-0033537,Deshaun Watson,36,-0.600695951550733
2020,14,Indianapolis Colts,00-0022942,Philip Rivers,28,16.3096037587044
2020,14,Jacksonville Jaguars,00-0030520,Mike Glennon,23,-7.22677297871852
2020,14,Jacksonville Jaguars,00-0035289,Gardner Minshew,31,-1.81389329273952
2020,14,Kansas City Chiefs,00-0033873,Patrick Mahomes,37,7.42347883171169
2020,14,Las Vegas Raiders,00-0031280,Derek Carr,45,3.64767366552525
2020,14,Los Angeles Chargers,00-0036355,Justin Herbert,45,5.20893111119133
2020,14,Los Angeles Rams,00-0033106,Jared Goff,26,-4.51449169793735
2020,14,Miami Dolphins,00-0036212,Tua Tagovailoa,52,2.55176007321705
2020,14,Minnesota Vikings,00-0029604,Kirk Cousins,43,4.22532290681641
2020,14,New England Patriots,00-0027939,Cam Newton,20,-17.4136635921815
2020,14,New England Patriots,00-0035264,Jarrett Stidham,9,-7.37837436189875
2020,14,New York Giants,00-0027688,Colt McCoy,5,-3.2574185107369
2020,14,New York Giants,00-0035710,Daniel Jones,27,-14.1062770168064
2020,14,New York Jets,00-0034869,Sam Darnold,29,-5.66940259720615
2020,14,Philadelphia Eagles,00-0036389,Jalen Hurts,30,0.569867193214906
2020,14,Pittsburgh Steelers,00-0022924,Ben Roethlisberger,38,-12.8317946031019
2020,14,San Francisco 49ers,00-0033319,Nick Mullens,49,-23.3472697404358
2020,14,Seattle Seahawks,00-0029263,Russell Wilson,27,14.1568454715598
2020,14,Seattle Seahawks,00-0030565,Geno Smith,6,0.638793860969599
2020,14,Tampa Bay Buccaneers,00-0019596,Tom Brady,23,8.70968550312825
2020,14,Tennessee Titans,00-0029701,Ryan Tannehill,25,9.56726584911055
2020,14,Washington Commanders,00-0023436,Alex Smith,20,-12.0185664826931
2020,14,Washington Commanders,00-0035232,Dwayne Haskins,13,-4.68082654740734
2020,15,Arizona Cardinals,00-0035228,Kyler Murray,37,7.28308830419386
2020,15,Atlanta Falcons,00-0026143,Matt Ryan,52,4.46719979625703
2020,15,Baltimore Ravens,00-0034796,Lamar Jackson,23,15.3868917852617
2020,15,Baltimore Ravens,00-0035993,Tyler Huntley,4,-4.10804292256944
2020,15,Buffalo Bills,00-0034857,Josh Allen,41,25.6637711374497
2020,15,Carolina Panthers,00-0031237,Teddy Bridgewater,38,1.34680025896629
2020,15,Chicago Bears,00-0033869,Mitchell Trubisky,22,4.90205728319152
2020,15,Cincinnati Bengals,00-0035652,Ryan Finley,15,-0.616461792702962
2020,15,Cleveland Browns,00-0034855,Baker Mayfield,33,20.4387248326966
2020,15,Dallas Cowboys,00-0027973,Andy Dalton,35,1.07424294954659
2020,15,Denver Broncos,00-0035704,Drew Lock,35,-13.4990551560287
2020,15,Detroit Lions,00-0026498,Matthew Stafford,32,14.2869867687366
2020,15,Detroit Lions,00-0026544,Chase Daniel,6,1.56896868353942
2020,15,Green Bay Packers,00-0023459,Aaron Rodgers,34,-7.0556402650296
2020,15,Houston Texans,00-0033537,Deshaun Watson,46,13.3421100724007
2020,15,Indianapolis Colts,00-0022942,Philip Rivers,29,9.71885961196031
2020,15,Indianapolis Colts,00-0033119,Jacoby Brissett,1,-0.497544689686038
2020,15,Jacksonville Jaguars,00-0035289,Gardner Minshew,34,4.5590452584438
2020,15,Kansas City Chiefs,00-0033873,Patrick Mahomes,51,0.941066460346699
2020,15,Las Vegas Raiders,00-0031280,Derek Carr,6,-0.325883406746548
2020,15,Las Vegas Raiders,00-0032268,Marcus Mariota,28,8.42639411066545
2020,15,Los Angeles Chargers,00-0036355,Justin Herbert,33,22.0692794111055
2020,15,Los Angeles Rams,00-0033106,Jared Goff,37,-11.1401375421908
2020,15,Miami Dolphins,00-0036212,Tua Tagovailoa,28,-1.9203169410518
2020,15,Minnesota Vikings,00-0029604,Kirk Cousins,38,3.17868933719423
2020,15,New England Patriots,00-0027939,Cam Newton,30,-0.517920076945432
2020,15,New Orleans Saints,00-0020531,Drew Brees,35,-4.01695805463521
2020,15,New York Giants,00-0027688,Colt McCoy,32,4.20680832729042
2020,15,New York Jets,00-0034869,Sam Darnold,33,3.64884057931404
2020,15,Philadelphia Eagles,00-0036389,Jalen Hurts,50,5.58686252869666
2020,15,Pittsburgh Steelers,00-0022924,Ben Roethlisberger,39,-10.2424137263333
2020,15,San Francisco 49ers,00-0033319,Nick Mullens,38,0.0427077102067415
2020,15,San Francisco 49ers,00-0033936,C.J. Beathard,7,6.2362157194665
2020,15,Seattle Seahawks,00-0029263,Russell Wilson,27,-5.74667960048638
2020,15,Tampa Bay Buccaneers,00-0019596,Tom Brady,48,14.3202133206032
2020,15,Tennessee Titans,00-0029701,Ryan Tannehill,28,23.8076809542885
2020,15,Washington Commanders,00-0035232,Dwayne Haskins,59,-0.19756187555376
2020,16,Arizona Cardinals,00-0035228,Kyler Murray,53,-16.6067162151203
2020,16,Atlanta Falcons,00-0026143,Matt Ryan,39,10.798836544075
2020,16,Baltimore Ravens,00-0034796,Lamar Jackson,26,11.2111789635053
2020,16,Buffalo Bills,00-0030533,Matt Barkley,3,0.0730653356295079
2020,16,Buffalo Bills,00-0034857,Josh Allen,36,18.3745256112888
2020,16,Carolina Panthers,00-0031237,Teddy Bridgewater,32,-7.65156709571602
2020,16,Chicago Bears,00-0029567,Nick Foles,1,-0.785490780835971
2020,16,Chicago Bears,00-0033869,Mitchell Trubisky,36,13.8837463414681
2020,16,Cincinnati Bengals,00-0032434,Brandon Allen,37,22.7453817297154
2020,16,Cleveland Browns,00-0034855,Baker Mayfield,57,-9.17136906801282
2020,16,Dallas Cowboys,00-0027973,Andy Dalton,32,11.9019434684492
2020,16,Denver Broncos,00-0035704,Drew Lock,49,-0.46436980010654
2020,16,Detroit Lions,00-0026498,Matthew Stafford,3,-1.20918416255154
2020,16,Detroit Lions,00-0026544,Chase Daniel,21,-12.5166509511182
2020,16,Detroit Lions,00-0035040,David Blough,11,-9.72741835156921
2020,16,Green Bay Packers,00-0023459,Aaron Rodgers,26,9.61166935678921
2020,16,Houston Texans,00-0033537,Deshaun Watson,34,3.47110596336447
2020,16,Indianapolis Colts,00-0022942,Philip Rivers,39,-6.40298673172947
2020,16,Jacksonville Jaguars,00-0030520,Mike Glennon,38,-5.0252187781873
2020,16,Kansas City Chiefs,00-0033873,Patrick Mahomes,44,0.14860664412695
2020,16,Las Vegas Raiders,00-0031280,Derek Carr,37,-0.11941144759315
2020,16,Los Angeles Chargers,00-0036355,Justin Herbert,35,-1.42540464679184
2020,16,Los Angeles Rams,00-0033106,Jared Goff,46,-2.38631053980439
2020,16,Miami Dolphins,00-0023682,Ryan Fitzpatrick,13,11.621786750466
2020,16,Miami Dolphins,00-0036212,Tua Tagovailoa,25,-7.9241195442155
2020,16,Minnesota Vikings,00-0029604,Kirk Cousins,43,5.97685419027414
2020,16,New England Patriots,00-0027939,Cam Newton,12,-6.50437554535072
2020,16,New England Patriots,00-0035264,Jarrett Stidham,12,-3.79672821634449
2020,16,New Orleans Saints,00-0020531,Drew Brees,26,10.5794996589377
2020,16,New York Giants,00-0035710,Daniel Jones,47,-5.04092795419788
2020,16,New York Jets,00-0034869,Sam Darnold,34,0.0102324585610201
2020,16,Philadelphia Eagles,00-0036389,Jalen Hurts,42,-2.34571369339834
2020,16,Pittsburgh Steelers,00-0022924,Ben Roethlisberger,50,2.96604115562513
2020,16,San Francisco 49ers,00-0033936,C.J. Beathard,25,2.28207536806892
2020,16,Seattle Seahawks,00-0029263,Russell Wilson,37,3.30269963263897
2020,16,Tampa Bay Buccaneers,00-0019596,Tom Brady,28,26.576751350367
2020,16,Tampa Bay Buccaneers,00-0027948,Blaine Gabbert,16,-0.112210644742411
2020,16,Tennessee Titans,00-0029701,Ryan Tannehill,26,-8.30037394323153
2020,16,Tennessee Titans,00-0034438,Logan Woodside,2,-1.48447796003893
2020,16,Washington Commanders,00-0031800,Taylor Heinicke,20,2.37478059725254
2020,16,Washington Commanders,00-0035232,Dwayne Haskins,30,-16.326079528668
2020,17,Arizona Cardinals,00-0035228,Kyler Murray,13,2.8091156581619
2020,17,Arizona Cardinals,00-0035752,Chris Streveler,18,-13.4181053760403
2020,17,Atlanta Falcons,00-0026143,Matt Ryan,45,12.510810213981
2020,17,Baltimore Ravens,00-0034796,Lamar Jackson,18,6.92855948174838
2020,17,Baltimore Ravens,00-0035993,Tyler Huntley,1,0.574866310460493
2020,17,Buffalo Bills,00-0030533,Matt Barkley,13,5.20974747830769
2020,17,Buffalo Bills,00-0034857,Josh Allen,26,11.3726672090706
2020,17,Carolina Panthers,00-0031237,Teddy Bridgewater,24,-9.57629150425782
2020,17,Carolina Panthers,00-0033275,P.J. Walker,16,-14.7789942523232
2020,17,Chicago Bears,00-0033869,Mitchell Trubisky,43,-3.47584574330575
2020,17,Cincinnati Bengals,00-0032434,Brandon Allen,21,-24.3060597108863
2020,17,Cleveland Browns,00-0034855,Baker Mayfield,31,5.3690460793033
2020,17,Dallas Cowboys,00-0027973,Andy Dalton,53,-9.70873153427093
2020,17,Denver Broncos,00-0035704,Drew Lock,43,4.93109953759932
2020,17,Detroit Lions,00-0026498,Matthew Stafford,32,8.13142927452396
2020,17,Green Bay Packers,00-0023459,Aaron Rodgers,25,20.7725405803067
2020,17,Houston Texans,00-0031288,AJ McCarron,1,3.67697035113815
2020,17,Houston Texans,00-0033537,Deshaun Watson,43,8.89645325155225
2020,17,Indianapolis Colts,00-0022942,Philip Rivers,27,0.976689681765886
2020,17,Jacksonville Jaguars,00-0030520,Mike Glennon,48,-12.600023785606
2020,17,Kansas City Chiefs,00-0026197,Chad Henne,33,12.9324856291641
2020,17,Las Vegas Raiders,00-0031280,Derek Carr,41,8.04644346270664
2020,17,Los Angeles Chargers,00-0036355,Justin Herbert,34,20.8163818800969
2020,17,Los Angeles Rams,00-0034899,John Wolford,40,-3.34627331362243
2020,17,Miami Dolphins,00-0036212,Tua Tagovailoa,59,-13.744881676314
2020,17,Minnesota Vikings,00-0029604,Kirk Cousins,43,18.675098584591
2020,17,New England Patriots,00-0027939,Cam Newton,33,10.5643373816856
2020,17,New Orleans Saints,00-0020531,Drew Brees,34,5.19297954009056
2020,17,New York Giants,00-0035710,Daniel Jones,27,3.00375824096528
2020,17,New York Jets,00-0034869,Sam Darnold,37,-0.397826298547443
2020,17,Philadelphia Eagles,00-0032792,Nate Sudfeld,14,-4.72489049087744
2020,17,Philadelphia Eagles,00-0036389,Jalen Hurts,21,-12.5731290754047
2020,17,Pittsburgh Steelers,00-0033949,Joshua Dobbs,5,-2.62308801856125
2020,17,Pittsburgh Steelers,00-0034771,Mason Rudolph,40,11.085271071212
2020,17,San Francisco 49ers,00-0033936,C.J. Beathard,40,6.65774908057654
2020,17,Seattle Seahawks,00-0029263,Russell Wilson,38,1.3466946043245
2020,17,Tampa Bay Buccaneers,00-0019596,Tom Brady,42,21.9145303616181
2020,17,Tennessee Titans,00-0029701,Ryan Tannehill,29,8.89034521751006
2020,17,Washington Commanders,00-0023436,Alex Smith,35,-8.24772590351376
2021,1,Arizona Cardinals,00-0035228,Kyler Murray,34,11.8119781082262
2021,1,Atlanta Falcons,00-0026143,Matt Ryan,38,-15.9752894049871
2021,1,Baltimore Ravens,00-0034796,Lamar Jackson,33,2.35460099199175
2021,1,Buffalo Bills,00-0034857,Josh Allen,54,-6.09179619972993
2021,1,Carolina Panthers,00-0034869,Sam Darnold,36,2.87227824314331
2021,1,Chicago Bears,00-0027973,Andy Dalton,41,-10.9190185806365
2021,1,Chicago Bears,00-0036945,Justin Fields,2,0.397351293242537
2021,1,Cincinnati Bengals,00-0036442,Joe Burrow,32,4.16537903429838
2021,1,Cleveland Browns,00-0034855,Baker Mayfield,30,10.7700124611147
2021,1,Dallas Cowboys,00-0033077,Dak Prescott,59,14.2061789182112
2021,1,Denver Broncos,00-0031237,Teddy Bridgewater,38,23.3478269309885
2021,1,Detroit Lions,00-0033106,Jared Goff,60,-6.84885737383163
2021,1,Green Bay Packers,00-0023459,Aaron Rodgers,29,-15.9497147354173
2021,1,Green Bay Packers,00-0036264,Jordan Love,8,-1.90978798718425
2021,1,Houston Texans,00-0028118,Tyrod Taylor,34,14.0536021642352
2021,1,Indianapolis Colts,00-0032950,Carson Wentz,41,0.303342056980862
2021,1,Jacksonville Jaguars,00-0036971,Trevor Lawrence,52,-3.83803975225095
2021,1,Kansas City Chiefs,00-0033873,Patrick Mahomes,38,19.399531156391
2021,1,Las Vegas Raiders,00-0031280,Derek Carr,59,9.61616741518598
2021,1,Los Angeles Chargers,00-0036355,Justin Herbert,49,10.384261467304
2021,1,Los Angeles Rams,00-0026498,Matthew Stafford,27,18.848576589254
2021,1,Miami Dolphins,00-0036212,Tua Tagovailoa,29,1.34209378384394
2021,1,Minnesota Vikings,00-0029604,Kirk Cousins,52,10.8727660855668
2021,1,New England Patriots,00-0036972,Mac Jones,40,12.5329518289229
2021,1,New Orleans Saints,00-0031503,Jameis Winston,20,16.4968064078954
2021,1,New York Giants,00-0035710,Daniel Jones,39,-1.68287354329368
2021,1,New York Jets,00-0037013,Zach Wilson,43,-7.69828075631801
2021,1,Philadelphia Eagles,00-0036389,Jalen Hurts,36,11.9753075749322
2021,1,Pittsburgh Steelers,00-0022924,Ben Roethlisberger,34,-0.827915468918885
2021,1,San Francisco 49ers,00-0031345,Jimmy Garoppolo,26,20.3235492048919
2021,1,San Francisco 49ers,00-0037012,Trey Lance,1,1.15287364396499
2021,1,Seattle Seahawks,00-0029263,Russell Wilson,26,12.1148894235957
2021,1,Tampa Bay Buccaneers,00-0019596,Tom Brady,50,14.0069873312641
2021,1,Tennessee Titans,00-0029701,Ryan Tannehill,41,-19.6957880162295
2021,1,Washington Commanders,00-0023682,Ryan Fitzpatrick,7,-4.27462314258315
2021,1,Washington Commanders,00-0031800,Taylor Heinicke,15,4.82712970927138
2021,2,Arizona Cardinals,00-0035228,Kyler Murray,39,4.57782032558542
2021,2,Atlanta Falcons,00-0026143,Matt Ryan,47,-6.28941862009697
2021,2,Atlanta Falcons,00-0034343,Josh Rosen,2,-2.84071568399668
2021,2,Baltimore Ravens,00-0034796,Lamar Jackson,27,-1.21871304792288
2021,2,Buffalo Bills,00-0034857,Josh Allen,34,3.83031531857575
2021,2,Carolina Panthers,00-0034869,Sam Darnold,40,10.9161186157448
2021,2,Chicago Bears,00-0027973,Andy Dalton,12,2.59512479603291
2021,2,Chicago Bears,00-0036945,Justin Fields,15,-9.65263358136033
2021,2,Cincinnati Bengals,00-0036442,Joe Burrow,35,-8.9715131203571
2021,2,Cleveland Browns,00-0034855,Baker Mayfield,23,7.97521218651673
2021,2,Dallas Cowboys,00-0033077,Dak Prescott,29,-1.66755558250169
2021,2,Denver Broncos,00-0031237,Teddy Bridgewater,37,8.95223595686141
2021,2,Detroit Lions,00-0033106,Jared Goff,37,-0.568189690765079
2021,2,Green Bay Packers,00-0023459,Aaron Rodgers,30,17.5704846290173
2021,2,Houston Texans,00-0028118,Tyrod Taylor,11,8.90334564523073
2021,2,Houston Texans,00-0036898,Davis Mills,19,0.449235846899406
2021,2,Indianapolis Colts,00-0032950,Carson Wentz,34,-1.27188380662411
2021,2,Indianapolis Colts,00-0036226,Jacob Eason,5,-3.10254307748983
2021,2,Jacksonville Jaguars,00-0036971,Trevor Lawrence,34,-14.1787285523524
2021,2,Kansas City Chiefs,00-0033873,Patrick Mahomes,31,17.1981651786482
2021,2,Las Vegas Raiders,00-0031280,Derek Carr,39,20.6227164871108
2021,2,Los Angeles Chargers,00-0036355,Justin Herbert,43,3.62223725814811
2021,2,Los Angeles Rams,00-0026498,Matthew Stafford,31,11.9335958804892
2021,2,Miami Dolphins,00-0033119,Jacoby Brissett,44,-14.2000135271228
2021,2,Miami Dolphins,00-0036212,Tua Tagovailoa,6,-7.60339035256766
2021,2,Minnesota Vikings,00-0029604,Kirk Cousins,33,6.97981910077739
2021,2,New England Patriots,00-0036972,Mac Jones,33,-4.37839805584725
2021,2,New Orleans Saints,00-0031503,Jameis Winston,26,-18.6449439654825
2021,2,New York Giants,00-0035710,Daniel Jones,36,2.82056595818654
2021,2,New York Jets,00-0037013,Zach Wilson,37,-23.7022445028128
2021,2,Philadelphia Eagles,00-0036389,Jalen Hurts,25,0.681810371586888
2021,2,Pittsburgh Steelers,00-0022924,Ben Roethlisberger,42,2.70703791455795
2021,2,San Francisco 49ers,00-0031345,Jimmy Garoppolo,30,6.49326184391975
2021,2,Seattle Seahawks,00-0029263,Russell Wilson,34,8.27997956088304
2021,2,Tampa Bay Buccaneers,00-0019596,Tom Brady,39,1.85436420803308
2021,2,Tennessee Titans,00-0029701,Ryan Tannehill,43,7.43618509246218
2021,2,Washington Commanders,00-0031800,Taylor Heinicke,47,0.899818809141134
2021,3,Arizona Cardinals,00-0035228,Kyler Murray,34,11.8648591390014
2021,3,Atlanta Falcons,00-0026143,Matt Ryan,39,5.15240226651076
2021,3,Baltimore Ravens,00-0034796,Lamar Jackson,35,7.33658893418241
2021,3,Buffalo Bills,00-0033869,Mitchell Trubisky,1,-0.25613128033001
2021,3,Buffalo Bills,00-0034857,Josh Allen,43,17.3320785032876
2021,3,Carolina Panthers,00-0034869,Sam Darnold,37,11.9962569229775
2021,3,Chicago Bears,00-0036945,Justin Fields,29,-21.8392725481957
2021,3,Cincinnati Bengals,00-0036442,Joe Burrow,18,8.30352812291027
2021,3,Cleveland Browns,00-0034855,Baker Mayfield,36,-2.28728711403779
2021,3,Dallas Cowboys,00-0033077,Dak Prescott,30,11.5716197764559
2021,3,Denver Broncos,00-0031237,Teddy Bridgewater,27,11.9340199344212
2021,3,Detroit Lions,00-0033106,Jared Goff,32,3.13943226769334
2021,3,Green Bay Packers,00-0023459,Aaron Rodgers,34,7.61154945940443
2021,3,Houston Texans,00-0036898,Davis Mills,32,-7.62622177107705
2021,3,Indianapolis Colts,00-0032950,Carson Wentz,39,-8.55954581692776
2021,3,Jacksonville Jaguars,00-0036971,Trevor Lawrence,37,-13.0665951080155
2021,3,Kansas City Chiefs,00-0033873,Patrick Mahomes,46,11.1020045995683
2021,3,Las Vegas Raiders,00-0031280,Derek Carr,46,6.62503951373205
2021,3,Los Angeles Chargers,00-0036355,Justin Herbert,39,16.2201953023075
2021,3,Los Angeles Rams,00-0026498,Matthew Stafford,39,17.6687621465502
2021,3,Miami Dolphins,00-0033119,Jacoby Brissett,51,-2.29661788361824
2021,3,Minnesota Vikings,00-0029604,Kirk Cousins,39,19.2168811904389
2021,3,New England Patriots,00-0036972,Mac Jones,53,-16.8823644099865
2021,3,New Orleans Saints,00-0031503,Jameis Winston,24,5.26691913718241
2021,3,New York Giants,00-0035710,Daniel Jones,37,7.62434537132642
2021,3,New York Jets,00-0037013,Zach Wilson,40,-24.1053914517979
2021,3,Philadelphia Eagles,00-0036389,Jalen Hurts,41,-6.22837376862299
2021,3,Pittsburgh Steelers,00-0022924,Ben Roethlisberger,62,-8.94338575678751
2021,3,San Francisco 49ers,00-0031345,Jimmy Garoppolo,44,0.668321106757503
2021,3,Seattle Seahawks,00-0029263,Russell Wilson,34,0.710958257028024
2021,3,Tampa Bay Buccaneers,00-0019596,Tom Brady,58,13.1633025399157
2021,3,Tennessee Titans,00-0029701,Ryan Tannehill,28,3.29504272228224
2021,3,Washington Commanders,00-0031800,Taylor Heinicke,25,4.85007966635749
2021,4,Arizona Cardinals,00-0035228,Kyler Murray,35,13.925697000787
2021,4,Atlanta Falcons,00-0026143,Matt Ryan,43,12.273730615281
2021,4,Baltimore Ravens,00-0034796,Lamar Jackson,40,10.4185084136214
2021,4,Buffalo Bills,00-0033869,Mitchell Trubisky,1,0.511022580380086
2021,4,Buffalo Bills,00-0034857,Josh Allen,31,1.95567435668369
2021,4,Carolina Panthers,00-0034869,Sam Darnold,44,-1.57713899173723
2021,4,Chicago Bears,00-0036945,Justin Fields,18,3.21526141976769
2021,4,Cincinnati Bengals,00-0036442,Joe Burrow,33,17.5895027971284
2021,4,Cleveland Browns,00-0034855,Baker Mayfield,36,-6.06294079357355
2021,4,Dallas Cowboys,00-0033077,Dak Prescott,22,6.62106138290279
2021,4,Denver Broncos,00-0031237,Teddy Bridgewater,18,-6.99416662758449
2021,4,Denver Broncos,00-0035704,Drew Lock,24,-9.43301898604841
2021,4,Detroit Lions,00-0033106,Jared Goff,42,4.7839747601538
2021,4,Green Bay Packers,00-0023459,Aaron Rodgers,39,3.57870521048646
2021,4,Houston Texans,00-0036898,Davis Mills,24,-22.9291349888081
2021,4,Indianapolis Colts,00-0032950,Carson Wentz,34,9.9146299332733
2021,4,Jacksonville Jaguars,00-0036971,Trevor Lawrence,25,6.40644838399021
2021,4,Kansas City Chiefs,00-0033873,Patrick Mahomes,31,22.7328956731071
2021,4,Las Vegas Raiders,00-0031280,Derek Carr,38,-7.57501021282397
2021,4,Los Angeles Chargers,00-0036355,Justin Herbert,40,5.05537531309528
2021,4,Los Angeles Rams,00-0026498,Matthew Stafford,41,2.38524509993661
2021,4,Miami Dolphins,00-0033119,Jacoby Brissett,33,-0.559280705336826
2021,4,Minnesota Vikings,00-0029604,Kirk Cousins,40,-9.81937026721425
2021,4,New England Patriots,00-0036972,Mac Jones,44,2.51835743564885
2021,4,New Orleans Saints,00-0031503,Jameis Winston,23,10.9458073736955
2021,4,New York Giants,00-0035710,Daniel Jones,40,16.3786663862818
2021,4,New York Jets,00-0037013,Zach Wilson,35,9.09125620253352
2021,4,Philadelphia Eagles,00-0036389,Jalen Hurts,51,13.8204854052135
2021,4,Pittsburgh Steelers,00-0022924,Ben Roethlisberger,42,-10.5165201362321
2021,4,San Francisco 49ers,00-0031345,Jimmy Garoppolo,24,-1.23543305464059
2021,4,San Francisco 49ers,00-0037012,Trey Lance,19,7.87609646195779
2021,4,Seattle Seahawks,00-0029263,Russell Wilson,26,-4.56667301687412
2021,4,Tampa Bay Buccaneers,00-0019596,Tom Brady,44,2.24520764535712
2021,4,Tennessee Titans,00-0029701,Ryan Tannehill,56,0.258104796622657
2021,4,Washington Commanders,00-0031800,Taylor Heinicke,34,18.0780056390452
2021,5,Arizona Cardinals,00-0035228,Kyler Murray,33,4.36363601132804
2021,5,Atlanta Falcons,00-0026143,Matt Ryan,45,21.3079790429247
2021,5,Baltimore Ravens,00-0034796,Lamar Jackson,45,32.4742880337377
2021,5,Buffalo Bills,00-0034857,Josh Allen,26,14.4347115164841
2021,5,Carolina Panthers,00-0034869,Sam Darnold,40,-17.9498326622408
2021,5,Chicago Bears,00-0027973,Andy Dalton,1,1.592280117271
2021,5,Chicago Bears,00-0036945,Justin Fields,22,4.6118113513221
2021,5,Cincinnati Bengals,00-0036442,Joe Burrow,41,2.40017600466684
2021,5,Cleveland Browns,00-0034855,Baker Mayfield,33,10.9152491618121
2021,5,Dallas Cowboys,00-0033077,Dak Prescott,34,10.3440273951581
2021,5,Denver Broncos,00-0031237,Teddy Bridgewater,40,7.27228222403219
2021,5,Detroit Lions,00-0033106,Jared Goff,39,-14.0820278384665
2021,5,Green Bay Packers,00-0023459,Aaron Rodgers,41,9.05295175071285
2021,5,Houston Texans,00-0036898,Davis Mills,32,17.9120463355816
2021,5,Indianapolis Colts,00-0032950,Carson Wentz,37,16.5192767125506
2021,5,Jacksonville Jaguars,00-0036971,Trevor Lawrence,35,-1.56729367356562
2021,5,Kansas City Chiefs,00-0033873,Patrick Mahomes,56,-9.87495678226908
2021,5,Las Vegas Raiders,00-0031280,Derek Carr,38,-9.29569615281544
2021,5,Los Angeles Chargers,00-0036355,Justin Herbert,45,17.2579520867877
2021,5,Los Angeles Rams,00-0026498,Matthew Stafford,38,14.0556287351938
2021,5,Miami Dolphins,00-0033119,Jacoby Brissett,42,-1.07115089981325
2021,5,Minnesota Vikings,00-0029604,Kirk Cousins,36,5.68429544679692
2021,5,New England Patriots,00-0036972,Mac Jones,31,8.8406267174182
2021,5,New Orleans Saints,00-0031503,Jameis Winston,32,7.17835358635057
2021,5,New York Giants,00-0030520,Mike Glennon,25,-2.85832725494402
2021,5,New York Giants,00-0035710,Daniel Jones,13,0.887441332539286
2021,5,New York Jets,00-0037013,Zach Wilson,34,-4.80241121921221
2021,5,Philadelphia Eagles,00-0036389,Jalen Hurts,39,-9.48057452808211
2021,5,Pittsburgh Steelers,00-0022924,Ben Roethlisberger,26,9.34852731680036
2021,5,San Francisco 49ers,00-0037012,Trey Lance,31,-6.80204299445463
2021,5,Seattle Seahawks,00-0029263,Russell Wilson,18,-2.17388629810687
2021,5,Seattle Seahawks,00-0030565,Geno Smith,17,4.38040679527902
2021,5,Tampa Bay Buccaneers,00-0019596,Tom Brady,43,28.323593633513
2021,5,Tampa Bay Buccaneers,00-0027948,Blaine Gabbert,3,3.94753904436948
2021,5,Tennessee Titans,00-0029701,Ryan Tannehill,25,6.57895508635825
2021,5,Washington Commanders,00-0031800,Taylor Heinicke,43,-13.3092672032282
2021,6,Arizona Cardinals,00-0035228,Kyler Murray,32,14.5769068184882
2021,6,Baltimore Ravens,00-0034796,Lamar Jackson,30,-3.38580295303533
2021,6,Buffalo Bills,00-0034857,Josh Allen,50,13.9570064993723
2021,6,Carolina Panthers,00-0034869,Sam Darnold,45,-16.0641826740881
2021,6,Chicago Bears,00-0036945,Justin Fields,31,-4.22477095102659
2021,6,Cincinnati Bengals,00-0032434,Brandon Allen,1,1.67702805943554
2021,6,Cincinnati Bengals,00-0036442,Joe Burrow,31,10.4798506684656
2021,6,Cleveland Browns,00-0028986,Case Keenum,3,-3.92578826966928
2021,6,Cleveland Browns,00-0034855,Baker Mayfield,33,-6.05378773494158
2021,6,Dallas Cowboys,00-0033077,Dak Prescott,51,22.4956236124463
2021,6,Denver Broncos,00-0031237,Teddy Bridgewater,54,3.86105538536107
2021,6,Detroit Lions,00-0033106,Jared Goff,43,-7.01182377754796
2021,6,Green Bay Packers,00-0023459,Aaron Rodgers,26,6.79242569528043
2021,6,Houston Texans,00-0036898,Davis Mills,45,-8.99938089727458
2021,6,Indianapolis Colts,00-0032950,Carson Wentz,22,6.66180201485218
2021,6,Jacksonville Jaguars,00-0036971,Trevor Lawrence,43,9.38640698358796
2021,6,Kansas City Chiefs,00-0033873,Patrick Mahomes,50,12.3344061978046
2021,6,Las Vegas Raiders,00-0031280,Derek Carr,29,16.4943204225382
2021,6,Los Angeles Chargers,00-0036355,Justin Herbert,41,-14.143002570665
2021,6,Los Angeles Rams,00-0026498,Matthew Stafford,30,18.572176583315
2021,6,Los Angeles Rams,00-0034899,John Wolford,2,-3.58801715192385
2021,6,Miami Dolphins,00-0033119,Jacoby Brissett,1,2.22779868473299
2021,6,Miami Dolphins,00-0036212,Tua Tagovailoa,47,8.57509771557541
2021,6,Minnesota Vikings,00-0029604,Kirk Cousins,48,13.8840284124306
2021,6,New England Patriots,00-0036972,Mac Jones,23,-3.2449553656769
2021,6,New York Giants,00-0035710,Daniel Jones,55,-14.7016864457634
2021,6,Philadelphia Eagles,00-0036389,Jalen Hurts,28,-6.57584939142753
2021,6,Pittsburgh Steelers,00-0022924,Ben Roethlisberger,41,-1.09611506370636
2021,6,Seattle Seahawks,00-0030565,Geno Smith,37,-7.98443692598247
2021,6,Tampa Bay Buccaneers,00-0019596,Tom Brady,42,13.4957704347034
2021,6,Tennessee Titans,00-0029701,Ryan Tannehill,29,7.00812211127863
2021,6,Washington Commanders,00-0031800,Taylor Heinicke,39,-5.71605498739008
2021,7,Arizona Cardinals,00-0035228,Kyler Murray,32,8.62684972672655
2021,7,Atlanta Falcons,00-0026143,Matt Ryan,41,11.1771759741548
2021,7,Baltimore Ravens,00-0034796,Lamar Jackson,36,-9.33194478667158
2021,7,Baltimore Ravens,00-0035993,Tyler Huntley,11,-4.21886646840721
2021,7,Carolina Panthers,00-0033275,P.J. Walker,17,-13.2901939317817
2021,7,Carolina Panthers,00-0034869,Sam Darnold,28,-10.5410761854843
2021,7,Chicago Bears,00-0036945,Justin Fields,36,-25.489263035419
2021,7,Cincinnati Bengals,00-0036442,Joe Burrow,39,19.7626911955402
2021,7,Cleveland Browns,00-0028986,Case Keenum,34,4.76444103246185
2021,7,Denver Broncos,00-0031237,Teddy Bridgewater,35,6.32655460393289
2021,7,Detroit Lions,00-0033106,Jared Goff,38,-1.5572640241672
2021,7,Green Bay Packers,00-0023459,Aaron Rodgers,38,10.8926334195669
2021,7,Houston Texans,00-0036898,Davis Mills,34,-16.3959691968067
2021,7,Indianapolis Colts,00-0032950,Carson Wentz,27,-4.17399012948283
2021,7,Kansas City Chiefs,00-0026197,Chad Henne,16,4.04798453045078
2021,7,Kansas City Chiefs,00-0033873,Patrick Mahomes,39,-6.78465075536365
2021,7,Las Vegas Raiders,00-0031280,Derek Carr,34,18.3427785741785
2021,7,Los Angeles Rams,00-0026498,Matthew Stafford,42,15.0915982267202
2021,7,Miami Dolphins,00-0036212,Tua Tagovailoa,41,5.60238027852262
2021,7,New England Patriots,00-0026625,Brian Hoyer,4,8.09603849423002
2021,7,New England Patriots,00-0036972,Mac Jones,37,15.4427206155931
2021,7,New Orleans Saints,00-0031503,Jameis Winston,37,-0.305842273826506
2021,7,New York Giants,00-0035710,Daniel Jones,35,-2.00063994322715
2021,7,New York Jets,00-0034401,Mike White,33,-0.189723073563073
2021,7,New York Jets,00-0037013,Zach Wilson,11,0.291944825137592
2021,7,Philadelphia Eagles,00-0036389,Jalen Hurts,36,4.16096662443317
2021,7,San Francisco 49ers,00-0031345,Jimmy Garoppolo,29,-10.6739779144691
2021,7,Seattle Seahawks,00-0030565,Geno Smith,27,-3.94107901156347
2021,7,Tampa Bay Buccaneers,00-0019596,Tom Brady,36,9.26258947539734
2021,7,Tampa Bay Buccaneers,00-0027948,Blaine Gabbert,3,-0.652674773882609
2021,7,Tennessee Titans,00-0029701,Ryan Tannehill,28,14.0390828028402
2021,7,Washington Commanders,00-0031800,Taylor Heinicke,41,-10.5450939137917
2021,8,Arizona Cardinals,00-0035228,Kyler Murray,35,0.638011351751629
2021,8,Atlanta Falcons,00-0026143,Matt Ryan,30,-8.30121701825104
2021,8,Buffalo Bills,00-0034857,Josh Allen,42,5.60495962735669
2021,8,Carolina Panthers,00-0033275,P.J. Walker,1,-0.257557006028947
2021,8,Carolina Panthers,00-0034869,Sam Darnold,24,1.32276496501871
2021,8,Chicago Bears,00-0036945,Justin Fields,31,2.71543544509077
2021,8,Cincinnati Bengals,00-0036442,Joe Burrow,37,-0.316749293946451
2021,8,Cleveland Browns,00-0034855,Baker Mayfield,35,2.91561370406989
2021,8,Dallas Cowboys,00-0033662,Cooper Rush,43,2.22198597732917
2021,8,Denver Broncos,00-0031237,Teddy Bridgewater,30,3.60679265169616
2021,8,Detroit Lions,00-0033106,Jared Goff,39,-11.5282573484618
2021,8,Detroit Lions,00-0035040,David Blough,1,-0.930512365535833
2021,8,Green Bay Packers,00-0023459,Aaron Rodgers,38,1.42966461106148
2021,8,Houston Texans,00-0036898,Davis Mills,43,-6.86876270891006
2021,8,Indianapolis Colts,00-0032950,Carson Wentz,52,-13.0084496254698
2021,8,Jacksonville Jaguars,00-0036971,Trevor Lawrence,55,-7.69988174049649
2021,8,Kansas City Chiefs,00-0033873,Patrick Mahomes,50,2.69456821955103
2021,8,Los Angeles Chargers,00-0036355,Justin Herbert,38,-7.73470094291162
2021,8,Los Angeles Rams,00-0026498,Matthew Stafford,32,16.1891979378424
2021,8,Los Angeles Rams,00-0034899,John Wolford,3,-2.77246184134856
2021,8,Miami Dolphins,00-0036212,Tua Tagovailoa,41,-1.5882956049523
2021,8,Minnesota Vikings,00-0029604,Kirk Cousins,36,-9.92563795066726
2021,8,New England Patriots,00-0036972,Mac Jones,36,-1.0934484738752
2021,8,New Orleans Saints,00-0031503,Jameis Winston,10,0.873286773101427
2021,8,New Orleans Saints,00-0032156,Trevor Siemian,30,-0.750722539174346
2021,8,New York Giants,00-0035710,Daniel Jones,35,-1.74362106634356
2021,8,New York Jets,00-0026300,Josh Johnson,4,-1.34343809790559
2021,8,New York Jets,00-0034401,Mike White,47,8.04435671034293
2021,8,Philadelphia Eagles,00-0035289,Gardner Minshew,2,-0.673088038464397
2021,8,Philadelphia Eagles,00-0036389,Jalen Hurts,14,2.14450922935687
2021,8,Pittsburgh Steelers,00-0022924,Ben Roethlisberger,36,5.65536761224241
2021,8,San Francisco 49ers,00-0031345,Jimmy Garoppolo,28,15.7081042447116
2021,8,Seattle Seahawks,00-0030565,Geno Smith,27,6.30836886070046
2021,8,Tampa Bay Buccaneers,00-0019596,Tom Brady,43,0.962689947977196
2021,8,Tennessee Titans,00-0029701,Ryan Tannehill,36,7.83414426122423
2021,8,Washington Commanders,00-0031800,Taylor Heinicke,44,-2.63409600966062
2021,9,Arizona Cardinals,00-0027688,Colt McCoy,28,13.3217526513618
2021,9,Atlanta Falcons,00-0026143,Matt Ryan,32,17.3262318662714
2021,9,Baltimore Ravens,00-0034796,Lamar Jackson,44,-1.76898937384899
2021,9,Buffalo Bills,00-0034857,Josh Allen,51,-8.6971176939242
2021,9,Carolina Panthers,00-0034869,Sam Darnold,34,-24.5028259655438
2021,9,Chicago Bears,00-0036945,Justin Fields,32,4.49082300955695
2021,9,Cincinnati Bengals,00-0032434,Brandon Allen,2,-0.482784754189197
2021,9,Cincinnati Bengals,00-0036442,Joe Burrow,45,-14.3414170520922
2021,9,Cleveland Browns,00-0034855,Baker Mayfield,23,10.4407816134842
2021,9,Dallas Cowboys,00-0033077,Dak Prescott,41,-8.32238528737798
2021,9,Denver Broncos,00-0031237,Teddy Bridgewater,32,9.05598281416089
2021,9,Green Bay Packers,00-0036264,Jordan Love,35,-0.797023703760691
2021,9,Houston Texans,00-0028118,Tyrod Taylor,48,-14.5474393459325
2021,9,Indianapolis Colts,00-0032950,Carson Wentz,31,15.9122454966896
2021,9,Jacksonville Jaguars,00-0033936,C.J. Beathard,2,1.82905436865985
2021,9,Jacksonville Jaguars,00-0036971,Trevor Lawrence,28,-3.91341368695821
2021,9,Kansas City Chiefs,00-0033873,Patrick Mahomes,38,-8.95169535114276
2021,9,Las Vegas Raiders,00-0031280,Derek Carr,47,-7.34011041881061
2021,9,Los Angeles Chargers,00-0036355,Justin Herbert,38,22.8634806841935
2021,9,Los Angeles Rams,00-0026498,Matthew Stafford,53,-20.0036711066801
2021,9,Miami Dolphins,00-0033119,Jacoby Brissett,47,-3.20861917693608
2021,9,Minnesota Vikings,00-0029604,Kirk Cousins,28,7.66657485417651
2021,9,New England Patriots,00-0036972,Mac Jones,20,-3.61083623975659
2021,9,New Orleans Saints,00-0032156,Trevor Siemian,42,-5.93113235130099
2021,9,New York Giants,00-0035710,Daniel Jones,22,-1.19487781993653
2021,9,New York Jets,00-0026300,Josh Johnson,43,14.4296922125802
2021,9,New York Jets,00-0034401,Mike White,11,6.34135879855603
2021,9,Philadelphia Eagles,00-0036389,Jalen Hurts,18,5.61331862531583
2021,9,Pittsburgh Steelers,00-0022924,Ben Roethlisberger,34,3.9003666440292
2021,9,San Francisco 49ers,00-0031345,Jimmy Garoppolo,45,5.56575038779816
2021,9,Tennessee Titans,00-0029701,Ryan Tannehill,30,-4.23888744437136
2021,10,Arizona Cardinals,00-0027688,Colt McCoy,22,-15.43985680463
2021,10,Arizona Cardinals,00-0035752,Chris Streveler,11,-4.25655591860414
2021,10,Atlanta Falcons,00-0026143,Matt Ryan,23,-14.9103058741447
2021,10,Atlanta Falcons,00-0034343,Josh Rosen,6,-7.6580346096307
2021,10,Baltimore Ravens,00-0034796,Lamar Jackson,47,-8.5898251319742
2021,10,Buffalo Bills,00-0034857,Josh Allen,30,18.9563366528606
2021,10,Carolina Panthers,00-0027939,Cam Newton,4,-0.902652925365523
2021,10,Carolina Panthers,00-0033275,P.J. Walker,29,5.42834726885294
2021,10,Cleveland Browns,00-0028986,Case Keenum,15,-4.33374818658922
2021,10,Cleveland Browns,00-0034855,Baker Mayfield,23,-5.17847343022004
2021,10,Dallas Cowboys,00-0033077,Dak Prescott,31,22.6594354887202
2021,10,Dallas Cowboys,00-0033662,Cooper Rush,3,-1.07049122313038
2021,10,Denver Broncos,00-0031237,Teddy Bridgewater,37,-5.26481622310387
2021,10,Detroit Lions,00-0033106,Jared Goff,29,-12.1567970734178
2021,10,Green Bay Packers,00-0023459,Aaron Rodgers,38,1.70573700931192
2021,10,Indianapolis Colts,00-0032950,Carson Wentz,35,-3.16656168687468
2021,10,Jacksonville Jaguars,00-0036971,Trevor Lawrence,38,-6.55529376650153
2021,10,Kansas City Chiefs,00-0033873,Patrick Mahomes,50,24.8928795881558
2021,10,Las Vegas Raiders,00-0031280,Derek Carr,37,-0.0189851420000196
2021,10,Los Angeles Chargers,00-0036355,Justin Herbert,36,-6.6984534909015
2021,10,Los Angeles Rams,00-0026498,Matthew Stafford,43,-8.78972561308335
2021,10,Miami Dolphins,00-0033119,Jacoby Brissett,25,-1.99514310029346
2021,10,Miami Dolphins,00-0036212,Tua Tagovailoa,14,2.26135067058849
2021,10,Minnesota Vikings,00-0029604,Kirk Cousins,39,6.64150451722741
2021,10,New England Patriots,00-0026625,Brian Hoyer,3,7.70560754189501
2021,10,New England Patriots,00-0036972,Mac Jones,25,16.1847508037965
2021,10,New Orleans Saints,00-0032156,Trevor Siemian,38,5.74647385276014
2021,10,New York Jets,00-0026158,Joe Flacco,3,5.35892899619648
2021,10,New York Jets,00-0034401,Mike White,45,-12.2028139135055
2021,10,Philadelphia Eagles,00-0036389,Jalen Hurts,25,5.07154279133677
2021,10,Pittsburgh Steelers,00-0034771,Mason Rudolph,50,-6.43933284858106
2021,10,San Francisco 49ers,00-0031345,Jimmy Garoppolo,20,15.4101271899949
2021,10,Seattle Seahawks,00-0029263,Russell Wilson,43,-20.4669787529274
2021,10,Tampa Bay Buccaneers,00-0019596,Tom Brady,34,-2.89373656674842
2021,10,Tennessee Titans,00-0029701,Ryan Tannehill,29,2.43841718658783
2021,10,Washington Commanders,00-0031800,Taylor Heinicke,37,8.6596101570802
2021,11,Arizona Cardinals,00-0027688,Colt McCoy,46,15.7743340513204
2021,11,Atlanta Falcons,00-0026143,Matt Ryan,32,-12.2330018300563
2021,11,Atlanta Falcons,00-0034343,Josh Rosen,3,-8.20612666662782
2021,11,Baltimore Ravens,00-0035993,Tyler Huntley,42,-6.94021424430721
2021,11,Buffalo Bills,00-0033869,Mitchell Trubisky,5,-3.28508038574364
2021,11,Buffalo Bills,00-0034857,Josh Allen,36,-1.27348952612736
2021,11,Carolina Panthers,00-0027939,Cam Newton,28,2.64378958585439
2021,11,Chicago Bears,00-0027973,Andy Dalton,24,5.97370194054395
2021,11,Chicago Bears,00-0036945,Justin Fields,13,-4.91360354004428
2021,11,Cincinnati Bengals,00-0036442,Joe Burrow,32,2.78729200099494
2021,11,Cleveland Browns,00-0034855,Baker Mayfield,30,-7.14228326512708
2021,11,Dallas Cowboys,00-0033077,Dak Prescott,48,-15.437383575127
2021,11,Detroit Lions,00-0034177,Tim Boyle,23,-12.2189570540213
2021,11,Green Bay Packers,00-0023459,Aaron Rodgers,35,23.2603672632763
2021,11,Houston Texans,00-0028118,Tyrod Taylor,24,-0.296639012255767
2021,11,Indianapolis Colts,00-0032950,Carson Wentz,20,5.54510735561654
2021,11,Jacksonville Jaguars,00-0036971,Trevor Lawrence,28,1.82808119972469
2021,11,Kansas City Chiefs,00-0033873,Patrick Mahomes,40,-7.57090541447771
2021,11,Las Vegas Raiders,00-0031280,Derek Carr,29,-8.89541858572062
2021,11,Los Angeles Chargers,00-0036355,Justin Herbert,43,15.1150768745283
2021,11,Miami Dolphins,00-0036212,Tua Tagovailoa,33,16.5195287186093
2021,11,Minnesota Vikings,00-0029604,Kirk Cousins,37,20.6933892008092
2021,11,New England Patriots,00-0036972,Mac Jones,29,-2.64828379013049
2021,11,New Orleans Saints,00-0032156,Trevor Siemian,40,-8.25510370815888
2021,11,New York Giants,00-0035710,Daniel Jones,40,-21.3618301506053
2021,11,New York Jets,00-0026158,Joe Flacco,41,0.935190080258345
2021,11,Philadelphia Eagles,00-0036389,Jalen Hurts,27,0.528666269685391
2021,11,Pittsburgh Steelers,00-0022924,Ben Roethlisberger,47,0.524236235591232
2021,11,San Francisco 49ers,00-0031345,Jimmy Garoppolo,24,10.0378062284492
2021,11,Seattle Seahawks,00-0029263,Russell Wilson,30,-4.86776156006498
2021,11,Tampa Bay Buccaneers,00-0019596,Tom Brady,46,6.53957730788639
2021,11,Tampa Bay Buccaneers,00-0027948,Blaine Gabbert,3,0.146873331221286
2021,11,Tennessee Titans,00-0029701,Ryan Tannehill,54,-9.98898210685002
2021,11,Washington Commanders,00-0031800,Taylor Heinicke,25,13.5353127932758
2021,12,Atlanta Falcons,00-0026143,Matt Ryan,30,4.87377263087547
2021,12,Baltimore Ravens,00-0034796,Lamar Jackson,34,-10.9553273579111
2021,12,Buffalo Bills,00-0034857,Josh Allen,30,11.4161082019113
2021,12,Carolina Panthers,00-0027939,Cam Newton,22,-13.0593581322464
2021,12,Carolina Panthers,00-0033275,P.J. Walker,14,-5.33240070787724
2021,12,Chicago Bears,00-0027973,Andy Dalton,40,11.9544473738244
2021,12,Cincinnati Bengals,00-0032434,Brandon Allen,1,-1.08877994422801
2021,12,Cincinnati Bengals,00-0036442,Joe Burrow,26,2.28441901010941
2021,12,Cleveland Browns,00-0034855,Baker Mayfield,39,-2.22353113456531
2021,12,Dallas Cowboys,00-0033077,Dak Prescott,48,8.09633385624746
2021,12,Denver Broncos,00-0031237,Teddy Bridgewater,18,7.75381461897632
2021,12,Denver Broncos,00-0035704,Drew Lock,8,-5.19554433313897
2021,12,Detroit Lions,00-0033106,Jared Goff,26,0.961732861353084
2021,12,Green Bay Packers,00-0023459,Aaron Rodgers,46,8.40270875322988
2021,12,Houston Texans,00-0028118,Tyrod Taylor,31,-12.8804433420385
2021,12,Indianapolis Colts,00-0032950,Carson Wentz,47,0.987939820762293
2021,12,Jacksonville Jaguars,00-0036971,Trevor Lawrence,43,-2.0398806442376
2021,12,Las Vegas Raiders,00-0031280,Derek Carr,42,7.77053394097753
2021,12,Los Angeles Chargers,00-0036355,Justin Herbert,47,-1.95974819207189
2021,12,Los Angeles Rams,00-0026498,Matthew Stafford,40,-2.3253344067459
2021,12,Miami Dolphins,00-0036212,Tua Tagovailoa,33,6.3996356813902
2021,12,Minnesota Vikings,00-0029604,Kirk Cousins,33,-1.37386801819946
2021,12,New England Patriots,00-0036972,Mac Jones,34,14.3415847262862
2021,12,New Orleans Saints,00-0032156,Trevor Siemian,31,-5.10524453457026
2021,12,New York Giants,00-0035710,Daniel Jones,31,3.57562866945811
2021,12,New York Jets,00-0037013,Zach Wilson,28,-9.3778421946409
2021,12,Philadelphia Eagles,00-0036389,Jalen Hurts,32,-17.6316076189978
2021,12,Pittsburgh Steelers,00-0022924,Ben Roethlisberger,44,-14.6178716585383
2021,12,San Francisco 49ers,00-0031345,Jimmy Garoppolo,28,3.25681961438196
2021,12,Seattle Seahawks,00-0029263,Russell Wilson,33,3.76792010576185
2021,12,Tampa Bay Buccaneers,00-0019596,Tom Brady,36,-1.31553955245938
2021,12,Tennessee Titans,00-0029701,Ryan Tannehill,23,-9.41110761428304
2021,12,Washington Commanders,00-0031800,Taylor Heinicke,36,6.28883771711392
2021,13,Arizona Cardinals,00-0035228,Kyler Murray,16,7.6540761415381
2021,13,Atlanta Falcons,00-0026143,Matt Ryan,46,-0.683403808553808
2021,13,Baltimore Ravens,00-0034796,Lamar Jackson,44,2.60453451411752
2021,13,Buffalo Bills,00-0034857,Josh Allen,32,-7.05690019994707
2021,13,Chicago Bears,00-0027973,Andy Dalton,44,-15.3016128485177
2021,13,Cincinnati Bengals,00-0036442,Joe Burrow,46,-5.99165189625098
2021,13,Dallas Cowboys,00-0033077,Dak Prescott,41,-8.3563032825659
2021,13,Denver Broncos,00-0031237,Teddy Bridgewater,41,-10.9302981662179
2021,13,Detroit Lions,00-0033106,Jared Goff,44,3.67849511776861
2021,13,Houston Texans,00-0028118,Tyrod Taylor,15,-10.1080409884453
2021,13,Houston Texans,00-0036898,Davis Mills,16,-12.274470801116
2021,13,Indianapolis Colts,00-0032950,Carson Wentz,23,2.6086473582139
2021,13,Jacksonville Jaguars,00-0036971,Trevor Lawrence,30,-2.92069991255994
2021,13,Kansas City Chiefs,00-0033873,Patrick Mahomes,30,-2.58519198932255
2021,13,Las Vegas Raiders,00-0031280,Derek Carr,40,-0.604735909519699
2021,13,Los Angeles Chargers,00-0036355,Justin Herbert,39,11.112074567285
2021,13,Los Angeles Rams,00-0026498,Matthew Stafford,39,13.0360002303527
2021,13,Miami Dolphins,00-0036212,Tua Tagovailoa,43,4.14596946546996
2021,13,Minnesota Vikings,00-0029604,Kirk Cousins,43,4.43950869871224
2021,13,New England Patriots,00-0036972,Mac Jones,3,0.035594736225903
2021,13,New York Giants,00-0030520,Mike Glennon,47,-12.7058075370861
2021,13,New York Jets,00-0037013,Zach Wilson,40,1.00646085069468
2021,13,Philadelphia Eagles,00-0035289,Gardner Minshew,27,14.201063515841
2021,13,Pittsburgh Steelers,00-0022924,Ben Roethlisberger,32,9.2838456172404
2021,13,San Francisco 49ers,00-0031345,Jimmy Garoppolo,31,1.74571358248332
2021,13,Seattle Seahawks,00-0029263,Russell Wilson,41,-0.126783485407941
2021,13,Tampa Bay Buccaneers,00-0019596,Tom Brady,51,15.6789096077555
2021,13,Washington Commanders,00-0031800,Taylor Heinicke,31,5.5296828688588
2021,14,Arizona Cardinals,00-0035228,Kyler Murray,53,-1.30223230158568
2021,14,Atlanta Falcons,00-0026143,Matt Ryan,28,5.20124481907902
2021,14,Baltimore Ravens,00-0034796,Lamar Jackson,5,-1.50121736223809
2021,14,Baltimore Ravens,00-0035993,Tyler Huntley,41,-4.75459669493554
2021,14,Buffalo Bills,00-0034857,Josh Allen,57,-3.40172793461745
2021,14,Carolina Panthers,00-0027939,Cam Newton,24,-3.53357099049026
2021,14,Carolina Panthers,00-0033275,P.J. Walker,12,-0.99732152724755
2021,14,Chicago Bears,00-0036945,Justin Fields,35,-11.2882005590025
2021,14,Cincinnati Bengals,00-0036442,Joe Burrow,39,10.8519416105952
2021,14,Cleveland Browns,00-0034855,Baker Mayfield,32,-1.86941237018431
2021,14,Dallas Cowboys,00-0033077,Dak Prescott,43,-11.266134685934
2021,14,Denver Broncos,00-0031237,Teddy Bridgewater,26,8.90160440956242
2021,14,Detroit Lions,00-0033106,Jared Goff,41,-8.54875752251574
2021,14,Green Bay Packers,00-0023459,Aaron Rodgers,40,15.8452371180607
2021,14,Houston Texans,00-0036898,Davis Mills,51,-2.10996094650551
2021,14,Jacksonville Jaguars,00-0036971,Trevor Lawrence,43,-16.2657862550695
2021,14,Kansas City Chiefs,00-0033873,Patrick Mahomes,27,15.498911833148
2021,14,Las Vegas Raiders,00-0031280,Derek Carr,49,-3.00442757098056
2021,14,Los Angeles Chargers,00-0036355,Justin Herbert,33,14.3394308887421
2021,14,Los Angeles Rams,00-0026498,Matthew Stafford,33,14.5400512623494
2021,14,Minnesota Vikings,00-0029604,Kirk Cousins,31,-9.67746231577433
2021,14,New York Giants,00-0030520,Mike Glennon,38,-11.3903641479991
2021,14,New York Jets,00-0037013,Zach Wilson,45,-15.4053882983286
2021,14,Pittsburgh Steelers,00-0022924,Ben Roethlisberger,45,-7.87734490805995
2021,14,San Francisco 49ers,00-0031345,Jimmy Garoppolo,46,6.74263096596872
2021,14,Seattle Seahawks,00-0029263,Russell Wilson,28,15.8563235311741
2021,14,Tampa Bay Buccaneers,00-0019596,Tom Brady,48,10.0039418227632
2021,14,Tennessee Titans,00-0029701,Ryan Tannehill,35,0.756533372517054
2021,14,Washington Commanders,00-0031800,Taylor Heinicke,29,-23.9423253689893
2021,14,Washington Commanders,00-0034577,Kyle Allen,10,-4.53064967931993
2021,15,Arizona Cardinals,00-0027688,Colt McCoy,9,0.65726186230313
2021,15,Arizona Cardinals,00-0035228,Kyler Murray,43,-14.3950826546812
2021,15,Atlanta Falcons,00-0026143,Matt Ryan,35,-6.92069236607898
2021,15,Baltimore Ravens,00-0035993,Tyler Huntley,41,3.84808738618461
2021,15,Buffalo Bills,00-0034857,Josh Allen,38,6.89075548997843
2021,15,Carolina Panthers,00-0027939,Cam Newton,42,-15.1644140615971
2021,15,Chicago Bears,00-0036945,Justin Fields,42,-2.95171041877706
2021,15,Cincinnati Bengals,00-0036442,Joe Burrow,25,-5.72400637405195
2021,15,Cleveland Browns,00-0033319,Nick Mullens,30,2.16466211134212
2021,15,Dallas Cowboys,00-0033077,Dak Prescott,40,0.354408726965444
2021,15,Denver Broncos,00-0031237,Teddy Bridgewater,24,-10.708316959867
2021,15,Denver Broncos,00-0035704,Drew Lock,13,2.61164073861437
2021,15,Detroit Lions,00-0033106,Jared Goff,28,13.5375934125946
2021,15,Green Bay Packers,00-0023459,Aaron Rodgers,34,19.1741821983368
2021,15,Houston Texans,00-0036898,Davis Mills,31,3.50347043329633
2021,15,Indianapolis Colts,00-0032950,Carson Wentz,13,-7.86901886592668
2021,15,Jacksonville Jaguars,00-0036971,Trevor Lawrence,41,-5.29926230789237
2021,15,Kansas City Chiefs,00-0033873,Patrick Mahomes,48,9.33286004699541
2021,15,Las Vegas Raiders,00-0031280,Derek Carr,40,-0.517452450541721
2021,15,Los Angeles Chargers,00-0036355,Justin Herbert,38,-3.72060342205805
2021,15,Los Angeles Rams,00-0026498,Matthew Stafford,33,-2.4432692991104
2021,15,Miami Dolphins,00-0036212,Tua Tagovailoa,28,-1.75913179711495
2021,15,Minnesota Vikings,00-0029604,Kirk Cousins,28,-6.69568009781698
2021,15,New England Patriots,00-0036972,Mac Jones,46,-0.756921927380932
2021,15,New York Giants,00-0030520,Mike Glennon,24,-14.4146394751361
2021,15,New York Giants,00-0036197,Jake Fromm,13,-0.624603086151183
2021,15,New York Jets,00-0037013,Zach Wilson,29,-11.6399881924006
2021,15,Philadelphia Eagles,00-0036389,Jalen Hurts,29,6.01286763270819
2021,15,Pittsburgh Steelers,00-0022924,Ben Roethlisberger,28,-7.64989353421361
2021,15,San Francisco 49ers,00-0031345,Jimmy Garoppolo,23,12.0713589144106
2021,15,Seattle Seahawks,00-0029263,Russell Wilson,34,-11.6127420187194
2021,15,Tampa Bay Buccaneers,00-0019596,Tom Brady,52,-16.3912195366754
2021,15,Tennessee Titans,00-0029701,Ryan Tannehill,36,-8.64682836364738
2021,15,Washington Commanders,00-0031395,Garrett Gilbert,33,-2.75039310650145
2021,16,Arizona Cardinals,00-0035228,Kyler Murray,43,-3.76740435857742
2021,16,Atlanta Falcons,00-0026143,Matt Ryan,27,8.47338603625627
2021,16,Baltimore Ravens,00-0026300,Josh Johnson,41,14.301222818729
2021,16,Buffalo Bills,00-0034857,Josh Allen,47,20.626031538519
2021,16,Carolina Panthers,00-0027939,Cam Newton,16,-9.7122140708694
2021,16,Carolina Panthers,00-0034869,Sam Darnold,36,-11.5070346458053
2021,16,Chicago Bears,00-0029567,Nick Foles,39,5.53918238218337
2021,16,Cincinnati Bengals,00-0036442,Joe Burrow,49,32.4623390028818
2021,16,Cleveland Browns,00-0034855,Baker Mayfield,41,-1.85079689903759
2021,16,Dallas Cowboys,00-0033077,Dak Prescott,42,18.8031014518056
2021,16,Dallas Cowboys,00-0033662,Cooper Rush,3,6.13948032568442
2021,16,Denver Broncos,00-0035704,Drew Lock,24,-2.26685080668469
2021,16,Detroit Lions,00-0034177,Tim Boyle,34,0.976294802611232
2021,16,Green Bay Packers,00-0023459,Aaron Rodgers,34,5.71987514583647
2021,16,Houston Texans,00-0036898,Davis Mills,28,16.0254224275234
2021,16,Indianapolis Colts,00-0032950,Carson Wentz,30,8.96076779006133
2021,16,Jacksonville Jaguars,00-0036971,Trevor Lawrence,40,2.93878369567825
2021,16,Kansas City Chiefs,00-0033873,Patrick Mahomes,32,15.8929874900443
2021,16,Las Vegas Raiders,00-0031280,Derek Carr,27,-5.20797342075339
2021,16,Los Angeles Chargers,00-0036355,Justin Herbert,36,9.06947749939478
2021,16,Los Angeles Rams,00-0026498,Matthew Stafford,37,-9.77174131527101
2021,16,Miami Dolphins,00-0033119,Jacoby Brissett,1,-1.75499470322393
2021,16,Miami Dolphins,00-0036212,Tua Tagovailoa,28,4.91348008585647
2021,16,Minnesota Vikings,00-0029604,Kirk Cousins,41,2.08424379168728
2021,16,New England Patriots,00-0036972,Mac Jones,33,-3.09696323302342
2021,16,New Orleans Saints,00-0036929,Ian Book,28,-29.7298099388718
2021,16,New York Giants,00-0030520,Mike Glennon,27,-4.85400537046371
2021,16,New York Giants,00-0036197,Jake Fromm,19,-15.2502327957191
2021,16,New York Jets,00-0037013,Zach Wilson,23,-0.760911312914051
2021,16,Philadelphia Eagles,00-0036389,Jalen Hurts,30,1.30484907870275
2021,16,Pittsburgh Steelers,00-0022924,Ben Roethlisberger,37,-10.6300258190716
2021,16,Pittsburgh Steelers,00-0034771,Mason Rudolph,8,-2.31404732016381
2021,16,San Francisco 49ers,00-0031345,Jimmy Garoppolo,37,3.37379844254843
2021,16,Seattle Seahawks,00-0029263,Russell Wilson,29,1.83510385982631
2021,16,Tampa Bay Buccaneers,00-0019596,Tom Brady,30,10.0221916273664
2021,16,Tampa Bay Buccaneers,00-0027948,Blaine Gabbert,1,-1.08044291147962
2021,16,Tennessee Titans,00-0029701,Ryan Tannehill,33,7.75670957041626
2021,16,Washington Commanders,00-0031800,Taylor Heinicke,26,-22.9307595379651
2021,16,Washington Commanders,00-0034577,Kyle Allen,11,4.92325186886592
2021,17,Arizona Cardinals,00-0035228,Kyler Murray,39,9.42146456691135
2021,17,Atlanta Falcons,00-0026143,Matt Ryan,28,-9.71194875654934
2021,17,Baltimore Ravens,00-0035993,Tyler Huntley,37,-3.93689491873757
2021,17,Buffalo Bills,00-0034857,Josh Allen,26,-6.79658867478417
2021,17,Carolina Panthers,00-0034869,Sam Darnold,33,-16.2196666765835
2021,17,Chicago Bears,00-0027973,Andy Dalton,37,-4.84885122541089
2021,17,Cincinnati Bengals,00-0032434,Brandon Allen,1,-0.436659254380283
2021,17,Cincinnati Bengals,00-0036442,Joe Burrow,43,23.9092319114441
2021,17,Cleveland Browns,00-0034855,Baker Mayfield,47,-15.7457694315817
2021,17,Dallas Cowboys,00-0033077,Dak Prescott,39,12.9872818109588
2021,17,Denver Broncos,00-0034955,Brett Rypien,2,-2.05911778751761
2021,17,Denver Broncos,00-0035704,Drew Lock,26,2.24418322665931
2021,17,Detroit Lions,00-0034177,Tim Boyle,37,7.39715158205381
2021,17,Green Bay Packers,00-0023459,Aaron Rodgers,38,10.0086604829734
2021,17,Green Bay Packers,00-0036264,Jordan Love,4,-0.146896402584389
2021,17,Houston Texans,00-0036898,Davis Mills,35,-16.036678147289
2021,17,Indianapolis Colts,00-0032950,Carson Wentz,28,-5.4027400110912
2021,17,Jacksonville Jaguars,00-0036971,Trevor Lawrence,29,-12.0751565732302
2021,17,Kansas City Chiefs,00-0033873,Patrick Mahomes,35,11.3427849569106
2021,17,Las Vegas Raiders,00-0031280,Derek Carr,33,5.65745003250307
2021,17,Las Vegas Raiders,00-0032268,Marcus Mariota,1,-0.561261951457709
2021,17,Los Angeles Chargers,00-0036355,Justin Herbert,31,14.8815508975109
2021,17,Los Angeles Rams,00-0026498,Matthew Stafford,36,6.03499570429116
2021,17,Miami Dolphins,00-0036212,Tua Tagovailoa,42,-15.0934010456744
2021,17,Minnesota Vikings,00-0032245,Sean Mannion,38,-10.9115954580929
2021,17,Minnesota Vikings,00-0036946,Kellen Mond,3,-1.75755254249088
2021,17,New England Patriots,00-0026625,Brian Hoyer,4,5.07548840472009
2021,17,New England Patriots,00-0036972,Mac Jones,30,17.211687444689
2021,17,New York Giants,00-0030520,Mike Glennon,15,-35.564819643565
2021,17,New York Jets,00-0037013,Zach Wilson,34,8.40235671483933
2021,17,Philadelphia Eagles,00-0036389,Jalen Hurts,27,7.54944143700964
2021,17,Pittsburgh Steelers,00-0022924,Ben Roethlisberger,48,-17.4631398533764
2021,17,San Francisco 49ers,00-0037012,Trey Lance,24,8.45800033403297
2021,17,Seattle Seahawks,00-0029263,Russell Wilson,30,15.2365462013883
2021,17,Tampa Bay Buccaneers,00-0019596,Tom Brady,51,21.9675264403921
2021,17,Tennessee Titans,00-0029701,Ryan Tannehill,19,1.50836457417044
2021,17,Washington Commanders,00-0031800,Taylor Heinicke,39,-4.6507878437438
2021,18,Arizona Cardinals,00-0035228,Kyler Murray,44,-3.55602682614215
2021,18,Atlanta Falcons,00-0026143,Matt Ryan,36,-4.42985377343472
2021,18,Baltimore Ravens,00-0035993,Tyler Huntley,34,-14.6947271006401
2021,18,Buffalo Bills,00-0033869,Mitchell Trubisky,1,1.36905521451263
2021,18,Buffalo Bills,00-0034857,Josh Allen,45,-1.69349968231723
2021,18,Carolina Panthers,00-0034869,Sam Darnold,44,-5.45924066437874
2021,18,Chicago Bears,00-0027973,Andy Dalton,55,-21.1001253476273
2021,18,Cincinnati Bengals,00-0032434,Brandon Allen,33,-11.2608895762426
2021,18,Cleveland Browns,00-0028986,Case Keenum,25,-4.78115775017068
2021,18,Dallas Cowboys,00-0033077,Dak Prescott,28,25.2441501684014
2021,18,Dallas Cowboys,00-0033662,Cooper Rush,1,0.734719399246387
2021,18,Denver Broncos,00-0035704,Drew Lock,25,2.82074663806989
2021,18,Detroit Lions,00-0033106,Jared Goff,31,10.669662685257
2021,18,Green Bay Packers,00-0023459,Aaron Rodgers,21,3.72359394666273
2021,18,Green Bay Packers,00-0036264,Jordan Love,18,-4.21621162449749
2021,18,Houston Texans,00-0036898,Davis Mills,35,10.6690943562281
2021,18,Indianapolis Colts,00-0032950,Carson Wentz,35,-10.9028385965562
2021,18,Jacksonville Jaguars,00-0036971,Trevor Lawrence,33,8.11245211215373
2021,18,Kansas City Chiefs,00-0033873,Patrick Mahomes,45,12.1328544784633
2021,18,Las Vegas Raiders,00-0031280,Derek Carr,39,-5.20867770146934
2021,18,Las Vegas Raiders,00-0032268,Marcus Mariota,1,-0.159166474011727
2021,18,Los Angeles Chargers,00-0036355,Justin Herbert,67,15.8910995430178
2021,18,Los Angeles Rams,00-0026498,Matthew Stafford,37,12.5733364455496
2021,18,Miami Dolphins,00-0036212,Tua Tagovailoa,23,-2.75334947262046
2021,18,Minnesota Vikings,00-0029604,Kirk Cousins,25,8.12157512586438
2021,18,New England Patriots,00-0036972,Mac Jones,32,1.48003376190648
2021,18,New Orleans Saints,00-0032156,Trevor Siemian,16,3.80342359220983
2021,18,New York Giants,00-0036197,Jake Fromm,34,-19.2817448700662
2021,18,New York Jets,00-0037013,Zach Wilson,28,-16.872747021846
2021,18,Philadelphia Eagles,00-0035289,Gardner Minshew,36,2.35362203502065
2021,18,Pittsburgh Steelers,00-0022924,Ben Roethlisberger,45,2.88527784889448
2021,18,San Francisco 49ers,00-0031345,Jimmy Garoppolo,35,3.69302978550519
2021,18,Seattle Seahawks,00-0029263,Russell Wilson,27,2.62513556571225
2021,18,Tampa Bay Buccaneers,00-0019596,Tom Brady,38,17.8417273449511
2021,18,Tampa Bay Buccaneers,00-0027948,Blaine Gabbert,2,-2.16945956704868
2021,18,Tennessee Titans,00-0029701,Ryan Tannehill,33,18.7355454153157
2021,18,Washington Commanders,00-0031800,Taylor Heinicke,21,-8.29740807454261
2022,1,Arizona Cardinals,00-0035146,Trace McSorley,5,-1.50987532211002
2022,1,Arizona Cardinals,00-0035228,Kyler Murray,36,0.351660818647593
2022,1,Atlanta Falcons,00-0032268,Marcus Mariota,33,5.02130332992631
2022,1,Baltimore Ravens,00-0034796,Lamar Jackson,32,4.23965240362563
2022,1,Buffalo Bills,00-0034857,Josh Allen,33,13.6464576065825
2022,1,Carolina Panthers,00-0034855,Baker Mayfield,31,-1.61862191019463
2022,1,Chicago Bears,00-0036945,Justin Fields,19,-1.69568545930088
2022,1,Cincinnati Bengals,00-0036442,Joe Burrow,60,-16.1256924505328
2022,1,Cleveland Browns,00-0033119,Jacoby Brissett,35,-7.34691728876465
2022,1,Dallas Cowboys,00-0033077,Dak Prescott,31,-12.4829248921897
2022,1,Dallas Cowboys,00-0033662,Cooper Rush,15,-7.56040465075057
2022,1,Denver Broncos,00-0029263,Russell Wilson,44,15.1618857017008
2022,1,Detroit Lions,00-0033106,Jared Goff,38,-2.11207604219089
2022,1,Green Bay Packers,00-0023459,Aaron Rodgers,38,-11.6275446414365
2022,1,Green Bay Packers,00-0036264,Jordan Love,5,-0.309602131543215
2022,1,Houston Texans,00-0036898,Davis Mills,40,-6.4648378970884
2022,1,Indianapolis Colts,00-0026143,Matt Ryan,52,3.00478438085117
2022,1,Jacksonville Jaguars,00-0036971,Trevor Lawrence,44,-0.824654295707759
2022,1,Kansas City Chiefs,00-0033873,Patrick Mahomes,39,33.1885251447301
2022,1,Las Vegas Raiders,00-0031280,Derek Carr,42,-5.49295887027065
2022,1,Los Angeles Chargers,00-0036355,Justin Herbert,34,14.9435669187183
2022,1,Los Angeles Rams,00-0026498,Matthew Stafford,48,-16.7454528275537
2022,1,Miami Dolphins,00-0036212,Tua Tagovailoa,36,5.85633122842824
2022,1,Minnesota Vikings,00-0029604,Kirk Cousins,33,9.27219855675757
2022,1,New England Patriots,00-0036972,Mac Jones,32,-4.49352061748505
2022,1,New Orleans Saints,00-0031503,Jameis Winston,38,2.28877283550773
2022,1,New York Giants,00-0035710,Daniel Jones,26,-6.83176793223526
2022,1,New York Jets,00-0026158,Joe Flacco,62,-7.11291638909344
2022,1,Philadelphia Eagles,00-0036389,Jalen Hurts,33,3.58032452941257
2022,1,Pittsburgh Steelers,00-0033869,Mitchell Trubisky,39,-5.62461297670722
2022,1,San Francisco 49ers,00-0037012,Trey Lance,30,-9.12234195836053
2022,1,Seattle Seahawks,00-0030565,Geno Smith,30,8.27417397450381
2022,1,Tampa Bay Buccaneers,00-0019596,Tom Brady,29,1.05085355477425
2022,1,Tennessee Titans,00-0029701,Ryan Tannehill,34,7.81907604918783
2022,1,Washington Commanders,00-0032950,Carson Wentz,42,8.64984822159773
2022,2,Arizona Cardinals,00-0035228,Kyler Murray,50,-7.86471992025315
2022,2,Atlanta Falcons,00-0032268,Marcus Mariota,29,-1.66718944890499
2022,2,Baltimore Ravens,00-0034796,Lamar Jackson,29,17.8305290629468
2022,2,Buffalo Bills,00-0028986,Case Keenum,2,-1.89314063894562
2022,2,Buffalo Bills,00-0034857,Josh Allen,39,16.2233542116049
2022,2,Carolina Panthers,00-0034855,Baker Mayfield,31,-7.69874524957678
2022,2,Chicago Bears,00-0036945,Justin Fields,14,-6.42409041483188
2022,2,Cincinnati Bengals,00-0036442,Joe Burrow,42,0.929897701747896
2022,2,Cleveland Browns,00-0033119,Jacoby Brissett,28,13.8518396482469
2022,2,Dallas Cowboys,00-0033662,Cooper Rush,32,8.25257628483929
2022,2,Denver Broncos,00-0029263,Russell Wilson,34,0.309899358241127
2022,2,Detroit Lions,00-0033106,Jared Goff,37,1.2205331221677
2022,2,Green Bay Packers,00-0023459,Aaron Rodgers,28,11.5320709512689
2022,2,Houston Texans,00-0036898,Davis Mills,41,-11.4549289648527
2022,2,Indianapolis Colts,00-0026143,Matt Ryan,35,-20.3491935723578
2022,2,Jacksonville Jaguars,00-0036971,Trevor Lawrence,30,17.5570981444611
2022,2,Kansas City Chiefs,00-0033873,Patrick Mahomes,36,4.84298325652269
2022,2,Las Vegas Raiders,00-0031280,Derek Carr,40,4.55940554295098
2022,2,Los Angeles Chargers,00-0036355,Justin Herbert,50,-0.921898392779856
2022,2,Los Angeles Rams,00-0026498,Matthew Stafford,37,6.4902074296029
2022,2,Miami Dolphins,00-0036212,Tua Tagovailoa,51,26.8934679994418
2022,2,Minnesota Vikings,00-0029604,Kirk Cousins,48,-14.0121421736549
2022,2,New England Patriots,00-0036972,Mac Jones,35,5.17392921902286
2022,2,New Orleans Saints,00-0031503,Jameis Winston,46,-16.1738350563062
2022,2,New York Giants,00-0035710,Daniel Jones,37,-2.66261676865589
2022,2,New York Jets,00-0026158,Joe Flacco,46,12.3441809580427
2022,2,Philadelphia Eagles,00-0036389,Jalen Hurts,34,11.850195301556
2022,2,Pittsburgh Steelers,00-0033869,Mitchell Trubisky,36,-4.77456092595561
2022,2,San Francisco 49ers,00-0031345,Jimmy Garoppolo,22,2.21442435476983
2022,2,San Francisco 49ers,00-0037012,Trey Lance,3,-0.603370332305196
2022,2,Seattle Seahawks,00-0030565,Geno Smith,32,-7.91788777624606
2022,2,Tampa Bay Buccaneers,00-0019596,Tom Brady,35,2.42870697546058
2022,2,Tennessee Titans,00-0029701,Ryan Tannehill,22,-11.5360945233842
2022,2,Tennessee Titans,00-0038128,Malik Willis,4,-1.93819506117143
2022,2,Washington Commanders,00-0032950,Carson Wentz,51,2.44707580292039
2022,3,Arizona Cardinals,00-0035228,Kyler Murray,60,-4.84738846167053
2022,3,Atlanta Falcons,00-0032268,Marcus Mariota,23,14.9316507317323
2022,3,Baltimore Ravens,00-0034796,Lamar Jackson,33,7.16528468627904
2022,3,Buffalo Bills,00-0034857,Josh Allen,67,6.24445754512108
2022,3,Carolina Panthers,00-0034855,Baker Mayfield,28,-4.78453873979183
2022,3,Chicago Bears,00-0036945,Justin Fields,22,-7.7250996771344
2022,3,Cincinnati Bengals,00-0036442,Joe Burrow,38,16.3913205673529
2022,3,Cleveland Browns,00-0033119,Jacoby Brissett,33,1.45533192805823
2022,3,Dallas Cowboys,00-0033662,Cooper Rush,31,3.38709457786398
2022,3,Denver Broncos,00-0029263,Russell Wilson,37,-11.7698699060981
2022,3,Detroit Lions,00-0033106,Jared Goff,41,7.5733823388638
2022,3,Green Bay Packers,00-0023459,Aaron Rodgers,36,4.50794799812138
2022,3,Houston Texans,00-0036898,Davis Mills,33,-5.73888186628041
2022,3,Indianapolis Colts,00-0026143,Matt Ryan,42,-4.03599119116919
2022,3,Jacksonville Jaguars,00-0036971,Trevor Lawrence,39,14.7265997131949
2022,3,Kansas City Chiefs,00-0033873,Patrick Mahomes,36,7.72039969356781
2022,3,Las Vegas Raiders,00-0031280,Derek Carr,45,5.37609628482573
2022,3,Los Angeles Chargers,00-0036355,Justin Herbert,46,-9.05781716723507
2022,3,Los Angeles Rams,00-0026498,Matthew Stafford,26,10.1046705947674
2022,3,Miami Dolphins,00-0031237,Teddy Bridgewater,3,-1.85615800926462
2022,3,Miami Dolphins,00-0036212,Tua Tagovailoa,19,8.66038145171478
2022,3,Minnesota Vikings,00-0029604,Kirk Cousins,42,-1.38924862486804
2022,3,New England Patriots,00-0036972,Mac Jones,35,-0.0665207015789911
2022,3,New Orleans Saints,00-0031503,Jameis Winston,42,7.9251392434441
2022,3,New York Giants,00-0035710,Daniel Jones,42,-11.6883260530018
2022,3,New York Jets,00-0026158,Joe Flacco,56,-23.4387059226355
2022,3,Philadelphia Eagles,00-0036389,Jalen Hurts,38,15.4060678228823
2022,3,Pittsburgh Steelers,00-0033869,Mitchell Trubisky,33,-1.41433359380875
2022,3,San Francisco 49ers,00-0031345,Jimmy Garoppolo,33,-5.71836522564771
2022,3,Seattle Seahawks,00-0030565,Geno Smith,46,11.882529247148
2022,3,Tampa Bay Buccaneers,00-0019596,Tom Brady,45,0.129749300433646
2022,3,Tennessee Titans,00-0029701,Ryan Tannehill,28,12.1997811812907
2022,3,Washington Commanders,00-0032950,Carson Wentz,52,-21.6391630969155
2022,4,Arizona Cardinals,00-0035228,Kyler Murray,33,-1.52538381522323
2022,4,Atlanta Falcons,00-0032268,Marcus Mariota,20,-5.13430580927494
2022,4,Baltimore Ravens,00-0034796,Lamar Jackson,31,-9.21559666147684
2022,4,Buffalo Bills,00-0034857,Josh Allen,37,2.05722214386967
2022,4,Carolina Panthers,00-0034855,Baker Mayfield,38,-13.3129669763996
2022,4,Chicago Bears,00-0036945,Justin Fields,28,-5.6926188641952
2022,4,Cincinnati Bengals,00-0036442,Joe Burrow,32,13.1561883199152
2022,4,Cleveland Browns,00-0033119,Jacoby Brissett,36,-1.00421620315504
2022,4,Dallas Cowboys,00-0033662,Cooper Rush,28,1.64572770571119
2022,4,Denver Broncos,00-0029263,Russell Wilson,28,-1.02582997563875
2022,4,Detroit Lions,00-0033106,Jared Goff,40,14.758166696319
2022,4,Green Bay Packers,00-0023459,Aaron Rodgers,36,0.425756175806467
2022,4,Houston Texans,00-0036898,Davis Mills,39,-8.71395695899508
2022,4,Indianapolis Colts,00-0026143,Matt Ryan,40,8.75144994537595
2022,4,Jacksonville Jaguars,00-0036971,Trevor Lawrence,27,-8.89225993206492
2022,4,Kansas City Chiefs,00-0033873,Patrick Mahomes,40,8.59586897013395
2022,4,Las Vegas Raiders,00-0031280,Derek Carr,36,-3.31265864728135
2022,4,Los Angeles Chargers,00-0036355,Justin Herbert,40,16.7201948180194
2022,4,Los Angeles Rams,00-0026498,Matthew Stafford,55,-12.8355585926484
2022,4,Miami Dolphins,00-0031237,Teddy Bridgewater,23,-0.652881183552306
2022,4,Miami Dolphins,00-0036212,Tua Tagovailoa,15,-0.618187038206824
2022,4,Minnesota Vikings,00-0029604,Kirk Cousins,41,-1.45476180382462
2022,4,New England Patriots,00-0026625,Brian Hoyer,7,-2.12652387350423
2022,4,New England Patriots,00-0038108,Bailey Zappe,18,-4.75901299662655
2022,4,New Orleans Saints,00-0027973,Andy Dalton,30,7.58701798987608
2022,4,New York Giants,00-0028118,Tyrod Taylor,3,-0.725450992584229
2022,4,New York Giants,00-0035710,Daniel Jones,14,-1.95446685777279
2022,4,New York Jets,00-0037013,Zach Wilson,37,1.16286886723699
2022,4,Philadelphia Eagles,00-0036389,Jalen Hurts,27,-12.0902943871071
2022,4,Pittsburgh Steelers,00-0033869,Mitchell Trubisky,16,-6.6328503306847
2022,4,Pittsburgh Steelers,00-0038102,Kenny Pickett,13,1.42546470835805
2022,4,San Francisco 49ers,00-0031345,Jimmy Garoppolo,27,10.7097151621522
2022,4,Seattle Seahawks,00-0030565,Geno Smith,30,21.0179635334944
2022,4,Tampa Bay Buccaneers,00-0019596,Tom Brady,53,9.51133412883449
2022,4,Tennessee Titans,00-0029701,Ryan Tannehill,24,-0.255131689098555
2022,4,Washington Commanders,00-0032950,Carson Wentz,44,-17.3981257470483
2022,5,Arizona Cardinals,00-0035228,Kyler Murray,43,6.10966779535179
2022,5,Atlanta Falcons,00-0032268,Marcus Mariota,30,-1.42704994278333
2022,5,Baltimore Ravens,00-0034796,Lamar Jackson,33,-5.67332983434447
2022,5,Buffalo Bills,00-0028986,Case Keenum,5,-3.89313327847049
2022,5,Buffalo Bills,00-0034857,Josh Allen,31,24.8546404996321
2022,5,Carolina Panthers,00-0033275,P.J. Walker,8,-1.04479777964298
2022,5,Carolina Panthers,00-0034855,Baker Mayfield,40,-10.8274405586438
2022,5,Chicago Bears,00-0036945,Justin Fields,23,7.49708183631057
2022,5,Cincinnati Bengals,00-0036442,Joe Burrow,37,-4.3481293960736
2022,5,Cleveland Browns,00-0033119,Jacoby Brissett,34,6.98748358368003
2022,5,Dallas Cowboys,00-0033662,Cooper Rush,19,-6.66760451432478
2022,5,Denver Broncos,00-0029263,Russell Wilson,43,-13.0049335423076
2022,5,Detroit Lions,00-0033106,Jared Goff,37,-20.695974567323
2022,5,Green Bay Packers,00-0023459,Aaron Rodgers,41,2.82049052249049
2022,5,Houston Texans,00-0036898,Davis Mills,25,-2.51898730727353
2022,5,Indianapolis Colts,00-0026143,Matt Ryan,47,-11.3214420147269
2022,5,Jacksonville Jaguars,00-0036971,Trevor Lawrence,47,-7.78248484504141
2022,5,Kansas City Chiefs,00-0033873,Patrick Mahomes,46,13.8777258434478
2022,5,Las Vegas Raiders,00-0031280,Derek Carr,32,6.78373362653244
2022,5,Los Angeles Chargers,00-0036355,Justin Herbert,35,4.4251610874236
2022,5,Los Angeles Rams,00-0026498,Matthew Stafford,47,-14.3831664734794
2022,5,Miami Dolphins,00-0031237,Teddy Bridgewater,1,-1.6111235676799
2022,5,Miami Dolphins,00-0037327,Skylar Thompson,35,-16.2902228108271
2022,5,Minnesota Vikings,00-0029604,Kirk Cousins,42,11.9743295019471
2022,5,New England Patriots,00-0038108,Bailey Zappe,21,6.55634071463232
2022,5,New Orleans Saints,00-0027973,Andy Dalton,25,0.0144955668131523
2022,5,New York Giants,00-0035710,Daniel Jones,28,13.3870083781908
2022,5,New York Jets,00-0037013,Zach Wilson,23,0.878221490450804
2022,5,Philadelphia Eagles,00-0036389,Jalen Hurts,38,3.75434205938649
2022,5,Pittsburgh Steelers,00-0038102,Kenny Pickett,55,-2.23764641957979
2022,5,San Francisco 49ers,00-0031345,Jimmy Garoppolo,32,18.3380882223258
2022,5,Seattle Seahawks,00-0030565,Geno Smith,28,7.8794683245692
2022,5,Tampa Bay Buccaneers,00-0019596,Tom Brady,52,14.0425898019221
2022,5,Tennessee Titans,00-0029701,Ryan Tannehill,30,-0.583513832447352
2022,5,Washington Commanders,00-0032950,Carson Wentz,41,0.65367567181238
2022,6,Arizona Cardinals,00-0035228,Kyler Murray,43,-11.6727762439842
2022,6,Atlanta Falcons,00-0032268,Marcus Mariota,16,5.20914246269967
2022,6,Baltimore Ravens,00-0034796,Lamar Jackson,34,-1.5918914329522
2022,6,Buffalo Bills,00-0034857,Josh Allen,41,11.1602065792287
2022,6,Carolina Panthers,00-0033275,P.J. Walker,18,-10.6862513638475
2022,6,Carolina Panthers,00-0036226,Jacob Eason,5,-2.26128179964144
2022,6,Chicago Bears,00-0036945,Justin Fields,32,-14.3789798874932
2022,6,Cincinnati Bengals,00-0036442,Joe Burrow,40,9.79153575758135
2022,6,Cleveland Browns,00-0033119,Jacoby Brissett,49,-11.6116089065502
2022,6,Dallas Cowboys,00-0033662,Cooper Rush,38,-8.38204789838014
2022,6,Denver Broncos,00-0029263,Russell Wilson,32,-6.82664254382424
2022,6,Green Bay Packers,00-0023459,Aaron Rodgers,45,-13.2932494412757
2022,6,Green Bay Packers,00-0036264,Jordan Love,4,-3.06638958578696
2022,6,Indianapolis Colts,00-0026143,Matt Ryan,58,16.7103750111603
2022,6,Jacksonville Jaguars,00-0036971,Trevor Lawrence,26,0.626011390806642
2022,6,Kansas City Chiefs,00-0033873,Patrick Mahomes,43,4.38072526515257
2022,6,Los Angeles Chargers,00-0036355,Justin Herbert,59,-15.7271871315765
2022,6,Los Angeles Rams,00-0026498,Matthew Stafford,34,3.05017495113115
2022,6,Miami Dolphins,00-0031237,Teddy Bridgewater,39,2.87471097532668
2022,6,Miami Dolphins,00-0037327,Skylar Thompson,14,-2.39965360949282
2022,6,Minnesota Vikings,00-0029604,Kirk Cousins,33,-4.47448618992497
2022,6,New England Patriots,00-0038108,Bailey Zappe,36,8.40883939124592
2022,6,New Orleans Saints,00-0027973,Andy Dalton,33,3.34224870504448
2022,6,New York Giants,00-0035710,Daniel Jones,31,10.1902851235589
2022,6,New York Jets,00-0037013,Zach Wilson,20,-3.81834974092583
2022,6,Philadelphia Eagles,00-0036389,Jalen Hurts,29,3.23787808418274
2022,6,Pittsburgh Steelers,00-0033869,Mitchell Trubisky,13,10.2848179983557
2022,6,Pittsburgh Steelers,00-0038102,Kenny Pickett,19,-2.7079403958856
2022,6,San Francisco 49ers,00-0031345,Jimmy Garoppolo,41,3.56417408282869
2022,6,Seattle Seahawks,00-0030565,Geno Smith,36,-6.3047140378113
2022,6,Tampa Bay Buccaneers,00-0019596,Tom Brady,42,7.77279103205027
2022,6,Washington Commanders,00-0032950,Carson Wentz,25,-8.91880235781233
2022,7,Arizona Cardinals,00-0035228,Kyler Murray,31,2.85247337723551
2022,7,Atlanta Falcons,00-0032268,Marcus Mariota,16,1.10483158018906
2022,7,Baltimore Ravens,00-0034796,Lamar Jackson,19,-4.27126269155263
2022,7,Carolina Panthers,00-0033275,P.J. Walker,23,5.26887450006325
2022,7,Chicago Bears,00-0036945,Justin Fields,25,2.39129167753781
2022,7,Cincinnati Bengals,00-0036442,Joe Burrow,45,27.0256399463106
2022,7,Cleveland Browns,00-0033119,Jacoby Brissett,32,0.483282628742705
2022,7,Dallas Cowboys,00-0033077,Dak Prescott,27,9.68336562562035
2022,7,Denver Broncos,00-0034955,Brett Rypien,47,-12.7806819074413
2022,7,Detroit Lions,00-0033106,Jared Goff,31,-6.63723236623911
2022,7,Green Bay Packers,00-0023459,Aaron Rodgers,35,-2.83983380623977
2022,7,Houston Texans,00-0036898,Davis Mills,42,3.07251017894477
2022,7,Indianapolis Colts,00-0026143,Matt Ryan,47,-9.11060296162032
2022,7,Jacksonville Jaguars,00-0036971,Trevor Lawrence,43,11.3443767710268
2022,7,Kansas City Chiefs,00-0026197,Chad Henne,2,-1.89151386736194
2022,7,Kansas City Chiefs,00-0033873,Patrick Mahomes,35,29.8275432582013
2022,7,Las Vegas Raiders,00-0031280,Derek Carr,28,12.1900144375727
2022,7,Los Angeles Chargers,00-0036355,Justin Herbert,54,-10.3893512284849
2022,7,Miami Dolphins,00-0036212,Tua Tagovailoa,35,5.57193164363464
2022,7,New England Patriots,00-0036972,Mac Jones,6,-5.62255706777796
2022,7,New England Patriots,00-0038108,Bailey Zappe,23,-2.52114920062013
2022,7,New Orleans Saints,00-0027973,Andy Dalton,47,-1.34563724060838
2022,7,New York Giants,00-0035710,Daniel Jones,31,1.84632920736918
2022,7,New York Jets,00-0037013,Zach Wilson,29,-10.7122100802371
2022,7,Pittsburgh Steelers,00-0038102,Kenny Pickett,46,-5.8204554105631
2022,7,San Francisco 49ers,00-0031345,Jimmy Garoppolo,42,2.41191119464979
2022,7,San Francisco 49ers,00-0037834,Brock Purdy,9,0.111950825783424
2022,7,Seattle Seahawks,00-0030565,Geno Smith,29,4.5663705906682
2022,7,Tampa Bay Buccaneers,00-0019596,Tom Brady,50,-2.37553232737824
2022,7,Tennessee Titans,00-0029701,Ryan Tannehill,22,3.5131787377356
2022,7,Washington Commanders,00-0031800,Taylor Heinicke,34,-1.0927044397095
2022,8,Arizona Cardinals,00-0035228,Kyler Murray,48,-2.15921178990464
2022,8,Atlanta Falcons,00-0032268,Marcus Mariota,30,6.23405898248328
2022,8,Baltimore Ravens,00-0034796,Lamar Jackson,41,0.894350411842121
2022,8,Buffalo Bills,00-0034857,Josh Allen,27,0.610617639176715
2022,8,Carolina Panthers,00-0033275,P.J. Walker,37,1.35389393614868
2022,8,Chicago Bears,00-0032156,Trevor Siemian,1,-0.105541437165812
2022,8,Chicago Bears,00-0036945,Justin Fields,27,-4.8695736596867
2022,8,Cincinnati Bengals,00-0036442,Joe Burrow,40,-9.24788561568966
2022,8,Cleveland Browns,00-0033119,Jacoby Brissett,24,13.8725242686168
2022,8,Dallas Cowboys,00-0033077,Dak Prescott,28,14.7256872906582
2022,8,Denver Broncos,00-0029263,Russell Wilson,33,2.68317555761314
2022,8,Detroit Lions,00-0033106,Jared Goff,38,8.69099907269348
2022,8,Green Bay Packers,00-0023459,Aaron Rodgers,32,-1.40002751047884
2022,8,Houston Texans,00-0036898,Davis Mills,32,-12.087617666003
2022,8,Indianapolis Colts,00-0036879,Sam Ehlinger,25,1.20210740191396
2022,8,Jacksonville Jaguars,00-0036971,Trevor Lawrence,33,-13.9485182241562
2022,8,Las Vegas Raiders,00-0031280,Derek Carr,29,-11.8703145877225
2022,8,Las Vegas Raiders,00-0035264,Jarrett Stidham,14,-1.89162439026404
2022,8,Los Angeles Rams,00-0026498,Matthew Stafford,35,0.432983140402939
2022,8,Miami Dolphins,00-0036212,Tua Tagovailoa,38,25.0733428842647
2022,8,Minnesota Vikings,00-0029604,Kirk Cousins,39,-3.1910115404883
2022,8,New England Patriots,00-0036972,Mac Jones,41,-7.04423768704108
2022,8,New Orleans Saints,00-0027973,Andy Dalton,30,9.8615155893039
2022,8,New York Giants,00-0035710,Daniel Jones,36,0.101386240110428
2022,8,New York Jets,00-0037013,Zach Wilson,43,-2.31006737174705
2022,8,Philadelphia Eagles,00-0035289,Gardner Minshew,2,1.23396882566158
2022,8,Philadelphia Eagles,00-0036389,Jalen Hurts,31,15.6225749587757
2022,8,Pittsburgh Steelers,00-0038102,Kenny Pickett,44,-15.6974593535895
2022,8,San Francisco 49ers,00-0031345,Jimmy Garoppolo,28,14.5498127166136
2022,8,Seattle Seahawks,00-0030565,Geno Smith,37,2.98014313408526
2022,8,Tampa Bay Buccaneers,00-0019596,Tom Brady,47,4.88281207040607
2022,8,Tennessee Titans,00-0038128,Malik Willis,13,-10.618273179386
2022,8,Washington Commanders,00-0031800,Taylor Heinicke,33,1.68142080442519
2022,9,Arizona Cardinals,00-0035228,Kyler Murray,40,-7.64520307074417
2022,9,Atlanta Falcons,00-0032268,Marcus Mariota,25,-0.442209061134143
2022,9,Baltimore Ravens,00-0034796,Lamar Jackson,25,4.45918378037477
2022,9,Buffalo Bills,00-0034857,Josh Allen,39,-12.6992187660668
2022,9,Carolina Panthers,00-0033275,P.J. Walker,10,-13.3868117278907
2022,9,Carolina Panthers,00-0034855,Baker Mayfield,20,11.8318940408935
2022,9,Chicago Bears,00-0036945,Justin Fields,30,0.423441976585425
2022,9,Cincinnati Bengals,00-0032434,Brandon Allen,4,-0.688253925150088
2022,9,Cincinnati Bengals,00-0036442,Joe Burrow,29,10.7376914100896
2022,9,Detroit Lions,00-0033106,Jared Goff,26,-1.46377221535658
2022,9,Green Bay Packers,00-0023459,Aaron Rodgers,44,-13.5426403928846
2022,9,Houston Texans,00-0036898,Davis Mills,25,-7.146010215591
2022,9,Indianapolis Colts,00-0036879,Sam Ehlinger,38,-29.4291518116247
2022,9,Jacksonville Jaguars,00-0036971,Trevor Lawrence,31,13.6999093777451
2022,9,Kansas City Chiefs,00-0033873,Patrick Mahomes,72,1.6704268365384
2022,9,Las Vegas Raiders,00-0031280,Derek Carr,38,7.9400716618097
2022,9,Los Angeles Chargers,00-0036355,Justin Herbert,43,4.97871571450149
2022,9,Los Angeles Rams,00-0026498,Matthew Stafford,31,-4.68223865554734
2022,9,Miami Dolphins,00-0036212,Tua Tagovailoa,30,18.9764367189918
2022,9,Minnesota Vikings,00-0029604,Kirk Cousins,42,0.885890100123387
2022,9,Minnesota Vikings,00-0033319,Nick Mullens,1,-1.01253695221385
2022,9,New England Patriots,00-0036972,Mac Jones,34,-8.34834138827324
2022,9,New Orleans Saints,00-0027973,Andy Dalton,33,-4.5561973412308
2022,9,New York Jets,00-0037013,Zach Wilson,27,-1.78402634152785
2022,9,Philadelphia Eagles,00-0036389,Jalen Hurts,31,7.07121247350005
2022,9,Seattle Seahawks,00-0030565,Geno Smith,36,-1.26040898545465
2022,9,Tampa Bay Buccaneers,00-0019596,Tom Brady,59,-4.88304228540223
2022,9,Tennessee Titans,00-0038128,Malik Willis,19,-5.56105180020677
2022,9,Washington Commanders,00-0031800,Taylor Heinicke,31,-11.0058416924391
2022,10,Arizona Cardinals,00-0027688,Colt McCoy,39,2.80184721230762
2022,10,Atlanta Falcons,00-0032268,Marcus Mariota,35,-7.50526937628616
2022,10,Buffalo Bills,00-0034857,Josh Allen,45,2.76202608725219
2022,10,Carolina Panthers,00-0033275,P.J. Walker,17,-1.43681960078721
2022,10,Chicago Bears,00-0036945,Justin Fields,23,-3.74856203788659
2022,10,Cleveland Browns,00-0033119,Jacoby Brissett,38,-5.99962724310974
2022,10,Dallas Cowboys,00-0033077,Dak Prescott,48,-6.69728639940149
2022,10,Denver Broncos,00-0029263,Russell Wilson,48,-6.27189320151196
2022,10,Detroit Lions,00-0033106,Jared Goff,28,17.6367028652515
2022,10,Green Bay Packers,00-0023459,Aaron Rodgers,22,6.8773235777079
2022,10,Houston Texans,00-0036898,Davis Mills,41,5.21063842893483
2022,10,Indianapolis Colts,00-0026143,Matt Ryan,29,7.44653399638326
2022,10,Jacksonville Jaguars,00-0036971,Trevor Lawrence,45,7.03349981300843
2022,10,Kansas City Chiefs,00-0033873,Patrick Mahomes,35,20.0448913467699
2022,10,Las Vegas Raiders,00-0031280,Derek Carr,40,1.98616406541271
2022,10,Los Angeles Chargers,00-0026544,Chase Daniel,3,-1.29777160581358
2022,10,Los Angeles Chargers,00-0036355,Justin Herbert,37,-6.6805312090691
2022,10,Los Angeles Rams,00-0034899,John Wolford,39,-11.7778851613984
2022,10,Los Angeles Rams,00-0035939,Bryce Perkins,1,-1.11988419946283
2022,10,Miami Dolphins,00-0036212,Tua Tagovailoa,32,17.9521274133493
2022,10,Miami Dolphins,00-0037327,Skylar Thompson,1,0.916236138145905
2022,10,Minnesota Vikings,00-0029604,Kirk Cousins,54,4.85680225429326
2022,10,New Orleans Saints,00-0027973,Andy Dalton,29,-1.41140235465718
2022,10,New York Giants,00-0035710,Daniel Jones,20,11.8775556903565
2022,10,Philadelphia Eagles,00-0036389,Jalen Hurts,27,6.53700288139225
2022,10,Pittsburgh Steelers,00-0038102,Kenny Pickett,36,-2.62797336663591
2022,10,San Francisco 49ers,00-0031345,Jimmy Garoppolo,29,10.0999753784658
2022,10,Seattle Seahawks,00-0030565,Geno Smith,36,3.93414917997528
2022,10,Tampa Bay Buccaneers,00-0019596,Tom Brady,29,15.3084523226176
2022,10,Tennessee Titans,00-0029701,Ryan Tannehill,37,4.79247970960882
2022,10,Washington Commanders,00-0031800,Taylor Heinicke,32,2.61369977878546
2022,11,Arizona Cardinals,00-0027688,Colt McCoy,37,-4.42068531613688
2022,11,Arizona Cardinals,00-0035146,Trace McSorley,10,-2.31948876089882
2022,11,Atlanta Falcons,00-0032268,Marcus Mariota,20,1.54531688130361
2022,11,Baltimore Ravens,00-0034796,Lamar Jackson,36,-5.45715547907784
2022,11,Buffalo Bills,00-0034857,Josh Allen,29,6.95573124562229
2022,11,Carolina Panthers,00-0034855,Baker Mayfield,37,-14.2677750539151
2022,11,Chicago Bears,00-0036945,Justin Fields,25,1.47231945164784
2022,11,Cincinnati Bengals,00-0036442,Joe Burrow,41,12.7162626769264
2022,11,Cleveland Browns,00-0033119,Jacoby Brissett,42,17.7662239158856
2022,11,Dallas Cowboys,00-0033077,Dak Prescott,25,18.3991620871866
2022,11,Dallas Cowboys,00-0033662,Cooper Rush,5,1.25835127662867
2022,11,Denver Broncos,00-0029263,Russell Wilson,34,1.46256006218508
2022,11,Detroit Lions,00-0033106,Jared Goff,26,2.79655322995128
2022,11,Green Bay Packers,00-0023459,Aaron Rodgers,40,2.71008366885972
2022,11,Houston Texans,00-0036898,Davis Mills,38,-18.6372826332131
2022,11,Indianapolis Colts,00-0026143,Matt Ryan,36,-3.33715235261908
2022,11,Kansas City Chiefs,00-0033873,Patrick Mahomes,35,17.9852926082478
2022,11,Las Vegas Raiders,00-0031280,Derek Carr,38,7.10710813980897
2022,11,Los Angeles Chargers,00-0036355,Justin Herbert,35,6.73790742044757
2022,11,Los Angeles Rams,00-0026498,Matthew Stafford,19,4.53103361782269
2022,11,Los Angeles Rams,00-0035939,Bryce Perkins,13,-4.43100966439267
2022,11,Minnesota Vikings,00-0029604,Kirk Cousins,30,-18.2541792601574
2022,11,Minnesota Vikings,00-0033319,Nick Mullens,7,2.15433672384825
2022,11,New England Patriots,00-0036972,Mac Jones,33,-1.28733945032726
2022,11,New Orleans Saints,00-0027973,Andy Dalton,28,10.6767135025414
2022,11,New York Giants,00-0035710,Daniel Jones,46,2.52414683242398
2022,11,New York Jets,00-0037013,Zach Wilson,26,-12.3969018838834
2022,11,Philadelphia Eagles,00-0036389,Jalen Hurts,28,-5.43837238420383
2022,11,Pittsburgh Steelers,00-0038102,Kenny Pickett,44,-2.2171212978395
2022,11,San Francisco 49ers,00-0031345,Jimmy Garoppolo,29,16.2385745954449
2022,11,Tennessee Titans,00-0029701,Ryan Tannehill,30,16.8661697829957
2022,11,Washington Commanders,00-0031800,Taylor Heinicke,27,1.14299169254753
2022,12,Arizona Cardinals,00-0035228,Kyler Murray,30,7.67626855922199
2022,12,Atlanta Falcons,00-0032268,Marcus Mariota,26,-4.72027476126423
2022,12,Baltimore Ravens,00-0034796,Lamar Jackson,33,8.04996209931658
2022,12,Buffalo Bills,00-0034857,Josh Allen,45,-0.738398257691062
2022,12,Carolina Panthers,00-0034869,Sam Darnold,19,5.22265046794595
2022,12,Chicago Bears,00-0032156,Trevor Siemian,27,-7.04884989531763
2022,12,Cincinnati Bengals,00-0036442,Joe Burrow,38,5.71989410237175
2022,12,Cleveland Browns,00-0033119,Jacoby Brissett,41,-5.77900336850282
2022,12,Dallas Cowboys,00-0033077,Dak Prescott,30,11.6516034714296
2022,12,Denver Broncos,00-0029263,Russell Wilson,38,-14.1913991368625
2022,12,Detroit Lions,00-0033106,Jared Goff,39,5.66123008783742
2022,12,Green Bay Packers,00-0023459,Aaron Rodgers,19,0.247549987863749
2022,12,Green Bay Packers,00-0036264,Jordan Love,9,7.29547354708377
2022,12,Houston Texans,00-0034577,Kyle Allen,44,-16.719812435891
2022,12,Indianapolis Colts,00-0026143,Matt Ryan,37,-5.06927882052943
2022,12,Jacksonville Jaguars,00-0036971,Trevor Lawrence,41,14.8545372962274
2022,12,Kansas City Chiefs,00-0033873,Patrick Mahomes,42,7.43544787267173
2022,12,Las Vegas Raiders,00-0031280,Derek Carr,37,13.6287190664443
2022,12,Los Angeles Chargers,00-0036355,Justin Herbert,51,3.16204972745721
2022,12,Los Angeles Rams,00-0035939,Bryce Perkins,26,-13.1000374571886
2022,12,Miami Dolphins,00-0036212,Tua Tagovailoa,40,8.28872592391073
2022,12,Miami Dolphins,00-0037327,Skylar Thompson,6,-3.24835484009236
2022,12,Minnesota Vikings,00-0029604,Kirk Cousins,38,11.6297316314959
2022,12,New England Patriots,00-0036972,Mac Jones,42,5.79995362778943
2022,12,New Orleans Saints,00-0027973,Andy Dalton,30,0.330720268713776
2022,12,New York Giants,00-0035710,Daniel Jones,38,-4.72033451494861
2022,12,New York Jets,00-0034401,Mike White,29,17.4722473477816
2022,12,Philadelphia Eagles,00-0036389,Jalen Hurts,30,1.65857592761671
2022,12,Pittsburgh Steelers,00-0038102,Kenny Pickett,31,-0.005764271993043
2022,12,San Francisco 49ers,00-0031345,Jimmy Garoppolo,38,1.29837118016019
2022,12,Seattle Seahawks,00-0030565,Geno Smith,40,8.04267646347083
2022,12,Tampa Bay Buccaneers,00-0019596,Tom Brady,46,-1.70760845429577
2022,12,Tennessee Titans,00-0029701,Ryan Tannehill,35,6.65835986807795
2022,12,Washington Commanders,00-0031800,Taylor Heinicke,23,2.36639113866519
2022,13,Atlanta Falcons,00-0032268,Marcus Mariota,25,-4.99037006144782
2022,13,Baltimore Ravens,00-0034796,Lamar Jackson,6,-5.94939081929624
2022,13,Baltimore Ravens,00-0035993,Tyler Huntley,34,-1.14024293393595
2022,13,Buffalo Bills,00-0034857,Josh Allen,35,11.7515938038155
2022,13,Chicago Bears,00-0036945,Justin Fields,25,4.41604439776219
2022,13,Cincinnati Bengals,00-0036442,Joe Burrow,32,19.7534148769015
2022,13,Cleveland Browns,00-0033537,Deshaun Watson,23,-4.55952467692901
2022,13,Dallas Cowboys,00-0033077,Dak Prescott,31,3.40314791351557
2022,13,Denver Broncos,00-0029263,Russell Wilson,24,0.797654076095027
2022,13,Detroit Lions,00-0033106,Jared Goff,43,21.616481448158
2022,13,Green Bay Packers,00-0023459,Aaron Rodgers,31,4.58596480651653
2022,13,Houston Texans,00-0034577,Kyle Allen,39,-19.1787532677631
2022,13,Indianapolis Colts,00-0026143,Matt Ryan,40,-9.06559780317521
2022,13,Jacksonville Jaguars,00-0033936,C.J. Beathard,3,-4.18464638688602
2022,13,Jacksonville Jaguars,00-0036971,Trevor Lawrence,33,-1.24050124523377
2022,13,Kansas City Chiefs,00-0033873,Patrick Mahomes,29,7.47184196880893
2022,13,Las Vegas Raiders,00-0031280,Derek Carr,30,-2.44148147657216
2022,13,Los Angeles Chargers,00-0036355,Justin Herbert,52,-0.53630828622411
2022,13,Los Angeles Rams,00-0034899,John Wolford,30,-7.97085390349619
2022,13,Miami Dolphins,00-0036212,Tua Tagovailoa,36,-11.2880425675376
2022,13,Miami Dolphins,00-0037327,Skylar Thompson,1,-3.02408297767397
2022,13,Minnesota Vikings,00-0029604,Kirk Cousins,37,-1.88730072007866
2022,13,New England Patriots,00-0036972,Mac Jones,37,0.769353313026409
2022,13,New Orleans Saints,00-0027973,Andy Dalton,30,3.65522359367566
2022,13,New York Giants,00-0035710,Daniel Jones,35,-2.26391170613868
2022,13,New York Jets,00-0034401,Mike White,58,-8.05599870182512
2022,13,Philadelphia Eagles,00-0035289,Gardner Minshew,2,0.741340867476538
2022,13,Philadelphia Eagles,00-0036389,Jalen Hurts,41,18.3543936741771
2022,13,Pittsburgh Steelers,00-0038102,Kenny Pickett,28,9.12690551939304
2022,13,San Francisco 49ers,00-0031345,Jimmy Garoppolo,5,1.79973886012801
2022,13,San Francisco 49ers,00-0037834,Brock Purdy,40,0.63621475017866
2022,13,Seattle Seahawks,00-0030565,Geno Smith,43,10.5614777715485
2022,13,Tampa Bay Buccaneers,00-0019596,Tom Brady,55,0.434906853867137
2022,13,Tennessee Titans,00-0029701,Ryan Tannehill,28,-8.7219253120168
2022,13,Tennessee Titans,00-0038128,Malik Willis,4,-3.09277524106437
2022,13,Washington Commanders,00-0031800,Taylor Heinicke,46,-0.306659382340238
2022,14,Arizona Cardinals,00-0027688,Colt McCoy,46,-20.4190243922107
2022,14,Arizona Cardinals,00-0035228,Kyler Murray,1,0.795769465621561
2022,14,Baltimore Ravens,00-0035993,Tyler Huntley,13,1.74832994734312
2022,14,Baltimore Ravens,00-0037175,Anthony Brown,6,-1.50736962701194
2022,14,Buffalo Bills,00-0034857,Josh Allen,30,-4.78335844338881
2022,14,Carolina Panthers,00-0034869,Sam Darnold,26,-2.67631274988129
2022,14,Cincinnati Bengals,00-0036442,Joe Burrow,34,-1.49036806271368
2022,14,Cleveland Browns,00-0033119,Jacoby Brissett,1,-3.92968063964508
2022,14,Cleveland Browns,00-0033537,Deshaun Watson,44,-5.08314618502025
2022,14,Dallas Cowboys,00-0033077,Dak Prescott,40,-3.66382200462434
2022,14,Denver Broncos,00-0029263,Russell Wilson,42,-6.95625528492383
2022,14,Denver Broncos,00-0034955,Brett Rypien,8,-1.82878575869836
2022,14,Detroit Lions,00-0033106,Jared Goff,39,14.28934119943
2022,14,Houston Texans,00-0032436,Jeff Driskel,6,0.999813550035469
2022,14,Houston Texans,00-0036898,Davis Mills,21,6.28543923593418
2022,14,Jacksonville Jaguars,00-0036971,Trevor Lawrence,42,18.1616779462889
2022,14,Kansas City Chiefs,00-0033873,Patrick Mahomes,44,5.76684766136743
2022,14,Las Vegas Raiders,00-0031280,Derek Carr,20,-0.832448141211749
2022,14,Los Angeles Chargers,00-0036355,Justin Herbert,55,1.68813287903555
2022,14,Los Angeles Rams,00-0034855,Baker Mayfield,39,1.93089443447951
2022,14,Miami Dolphins,00-0036212,Tua Tagovailoa,30,-7.93217287653048
2022,14,Minnesota Vikings,00-0029604,Kirk Cousins,44,21.6265240249302
2022,14,New England Patriots,00-0036972,Mac Jones,36,-2.23505029963228
2022,14,New York Giants,00-0028118,Tyrod Taylor,8,-2.60688591790665
2022,14,New York Giants,00-0035710,Daniel Jones,31,-5.07268318437855
2022,14,New York Jets,00-0026158,Joe Flacco,4,-7.21795375808142
2022,14,New York Jets,00-0034401,Mike White,47,1.85891507961799
2022,14,Philadelphia Eagles,00-0036389,Jalen Hurts,35,5.48652124786182
2022,14,Pittsburgh Steelers,00-0033869,Mitchell Trubisky,31,6.5812416133189
2022,14,Pittsburgh Steelers,00-0038102,Kenny Pickett,2,-3.89189103245735
2022,14,San Francisco 49ers,00-0026300,Josh Johnson,2,-0.835849118593615
2022,14,San Francisco 49ers,00-0037834,Brock Purdy,21,8.55514570011292
2022,14,Seattle Seahawks,00-0030565,Geno Smith,39,-0.460020104053585
2022,14,Tampa Bay Buccaneers,00-0019596,Tom Brady,55,-9.46674129713582
2022,14,Tennessee Titans,00-0029701,Ryan Tannehill,42,-3.60797354667727
2022,15,Arizona Cardinals,00-0027688,Colt McCoy,23,-8.04611840756835
2022,15,Arizona Cardinals,00-0035146,Trace McSorley,16,-9.45550041944068
2022,15,Atlanta Falcons,00-0038122,Desmond Ridder,30,-5.82105707274337
2022,15,Baltimore Ravens,00-0035993,Tyler Huntley,33,-11.69402517738
2022,15,Buffalo Bills,00-0034857,Josh Allen,42,12.6178510313912
2022,15,Carolina Panthers,00-0034869,Sam Darnold,27,9.66421988916115
2022,15,Chicago Bears,00-0033958,Nathan Peterman,1,-0.886665027588606
2022,15,Chicago Bears,00-0036945,Justin Fields,27,-3.74878178426297
2022,15,Cincinnati Bengals,00-0036442,Joe Burrow,41,2.88620378202279
2022,15,Cleveland Browns,00-0033537,Deshaun Watson,31,-2.84372194511723
2022,15,Dallas Cowboys,00-0033077,Dak Prescott,33,4.02340439709946
2022,15,Denver Broncos,00-0034955,Brett Rypien,33,-6.00404641512984
2022,15,Detroit Lions,00-0033106,Jared Goff,38,11.718987848478
2022,15,Green Bay Packers,00-0023459,Aaron Rodgers,33,1.02409860591502
2022,15,Houston Texans,00-0032436,Jeff Driskel,5,-2.56181654072134
2022,15,Houston Texans,00-0036898,Davis Mills,24,2.4853179406553
2022,15,Indianapolis Colts,00-0026143,Matt Ryan,36,-2.17189039733489
2022,15,Jacksonville Jaguars,00-0036971,Trevor Lawrence,43,10.667931526215
2022,15,Kansas City Chiefs,00-0033873,Patrick Mahomes,43,16.4821293915176
2022,15,Las Vegas Raiders,00-0031280,Derek Carr,41,-3.9131523310789
2022,15,Los Angeles Chargers,00-0036355,Justin Herbert,45,-7.53170570769115
2022,15,Los Angeles Rams,00-0034855,Baker Mayfield,26,-3.44118293405122
2022,15,Miami Dolphins,00-0036212,Tua Tagovailoa,32,-1.96551414816944
2022,15,Minnesota Vikings,00-0029604,Kirk Cousins,61,6.15009246585281
2022,15,New England Patriots,00-0036972,Mac Jones,31,-9.40950326665231
2022,15,New Orleans Saints,00-0027973,Andy Dalton,19,5.61978321359493
2022,15,New York Giants,00-0035710,Daniel Jones,32,1.14763357603788
2022,15,New York Jets,00-0037013,Zach Wilson,39,0.724619818520932
2022,15,Philadelphia Eagles,00-0036389,Jalen Hurts,38,0.812210416899587
2022,15,Pittsburgh Steelers,00-0033869,Mitchell Trubisky,23,10.3635665923939
2022,15,San Francisco 49ers,00-0037834,Brock Purdy,27,6.70355041249397
2022,15,Seattle Seahawks,00-0030565,Geno Smith,47,-8.17253676257656
2022,15,Tampa Bay Buccaneers,00-0019596,Tom Brady,45,4.52105775330464
2022,15,Tennessee Titans,00-0029701,Ryan Tannehill,26,-6.37425201190786
2022,15,Tennessee Titans,00-0038128,Malik Willis,4,-0.402894595405087
2022,15,Washington Commanders,00-0031800,Taylor Heinicke,32,-10.5217336096373
2022,16,Arizona Cardinals,00-0035146,Trace McSorley,46,-14.9919446073867
2022,16,Atlanta Falcons,00-0038122,Desmond Ridder,35,3.93662481081363
2022,16,Baltimore Ravens,00-0035993,Tyler Huntley,17,-0.689606424922826
2022,16,Buffalo Bills,00-0034857,Josh Allen,27,2.61066832320648
2022,16,Carolina Panthers,00-0034869,Sam Darnold,22,14.305658381893
2022,16,Chicago Bears,00-0033958,Nathan Peterman,5,-0.518279541400261
2022,16,Chicago Bears,00-0036945,Justin Fields,25,-8.48086952753705
2022,16,Cincinnati Bengals,00-0036442,Joe Burrow,54,9.30412299073591
2022,16,Cleveland Browns,00-0033537,Deshaun Watson,33,-15.4725280582483
2022,16,Dallas Cowboys,00-0033077,Dak Prescott,41,5.71144118614925
2022,16,Denver Broncos,00-0029263,Russell Wilson,33,-8.86458942617937
2022,16,Denver Broncos,00-0034955,Brett Rypien,8,-8.61533398251049
2022,16,Detroit Lions,00-0033106,Jared Goff,44,13.7228860592035
2022,16,Green Bay Packers,00-0023459,Aaron Rodgers,40,2.11559657183953
2022,16,Houston Texans,00-0032436,Jeff Driskel,4,2.99267583724577
2022,16,Houston Texans,00-0036898,Davis Mills,29,-3.33167485350327
2022,16,Indianapolis Colts,00-0029567,Nick Foles,36,-24.7110325299174
2022,16,Jacksonville Jaguars,00-0036971,Trevor Lawrence,32,1.98538120131009
2022,16,Kansas City Chiefs,00-0033873,Patrick Mahomes,29,2.18579497622656
2022,16,Las Vegas Raiders,00-0031280,Derek Carr,33,-5.25371492457641
2022,16,Los Angeles Chargers,00-0036355,Justin Herbert,35,-2.95428074330141
2022,16,Los Angeles Rams,00-0034855,Baker Mayfield,28,13.9381925169026
2022,16,Miami Dolphins,00-0036212,Tua Tagovailoa,27,0.952404796682888
2022,16,Minnesota Vikings,00-0029604,Kirk Cousins,52,-0.455848835940897
2022,16,New England Patriots,00-0036972,Mac Jones,37,1.47636974942009
2022,16,New Orleans Saints,00-0027973,Andy Dalton,15,-5.01254336244892
2022,16,New York Giants,00-0035710,Daniel Jones,45,3.4195562993279
2022,16,New York Jets,00-0035752,Chris Streveler,15,1.72026074829046
2022,16,New York Jets,00-0037013,Zach Wilson,21,-7.95520970974761
2022,16,Philadelphia Eagles,00-0035289,Gardner Minshew,40,16.7977133475231
2022,16,Pittsburgh Steelers,00-0038102,Kenny Pickett,39,1.37148220496483
2022,16,San Francisco 49ers,00-0037834,Brock Purdy,25,6.72654998399916
2022,16,Seattle Seahawks,00-0030565,Geno Smith,42,-18.1711654837959
2022,16,Tampa Bay Buccaneers,00-0019596,Tom Brady,48,-1.85597578163181
2022,16,Tennessee Titans,00-0038128,Malik Willis,27,-17.2244991739863
2022,16,Washington Commanders,00-0031800,Taylor Heinicke,20,2.41144195798552
2022,16,Washington Commanders,00-0032950,Carson Wentz,16,4.37710959119443
2022,17,Arizona Cardinals,00-0035040,David Blough,42,1.75158520536216
2022,17,Atlanta Falcons,00-0038122,Desmond Ridder,27,-0.18216361285717
2022,17,Baltimore Ravens,00-0035993,Tyler Huntley,22,4.60521349177547
2022,17,Carolina Panthers,00-0034869,Sam Darnold,39,7.45213908291771
2022,17,Chicago Bears,00-0036945,Justin Fields,28,-26.9951671477838
2022,17,Cleveland Browns,00-0033537,Deshaun Watson,23,7.9150327226745
2022,17,Dallas Cowboys,00-0033077,Dak Prescott,42,10.499198308709
2022,17,Denver Broncos,00-0029263,Russell Wilson,42,-12.5004703987941
2022,17,Detroit Lions,00-0032792,Nate Sudfeld,1,-0.898727806800917
2022,17,Detroit Lions,00-0033106,Jared Goff,30,5.75041224214988
2022,17,Green Bay Packers,00-0023459,Aaron Rodgers,25,1.9633451833012
2022,17,Green Bay Packers,00-0036264,Jordan Love,3,-0.388621832826175
2022,17,Houston Texans,00-0032436,Jeff Driskel,5,-3.81182676437311
2022,17,Houston Texans,00-0036898,Davis Mills,41,-22.4721538797021
2022,17,Indianapolis Colts,00-0029567,Nick Foles,14,-9.46019440509565
2022,17,Indianapolis Colts,00-0036879,Sam Ehlinger,15,0.651408104740727
2022,17,Jacksonville Jaguars,00-0033936,C.J. Beathard,9,-7.41649433855479
2022,17,Jacksonville Jaguars,00-0036971,Trevor Lawrence,22,1.52746318449499
2022,17,Kansas City Chiefs,00-0033873,Patrick Mahomes,42,10.6441720687281
2022,17,Las Vegas Raiders,00-0035264,Jarrett Stidham,34,6.23259186112227
2022,17,Los Angeles Chargers,00-0026544,Chase Daniel,3,1.36822701379424
2022,17,Los Angeles Chargers,00-0036355,Justin Herbert,28,10.2230215605779
2022,17,Los Angeles Rams,00-0034855,Baker Mayfield,22,-11.5626105898612
2022,17,Miami Dolphins,00-0031237,Teddy Bridgewater,20,0.681634225147898
2022,17,Miami Dolphins,00-0037327,Skylar Thompson,22,-1.60107047876227
2022,17,Minnesota Vikings,00-0029604,Kirk Cousins,33,-17.2110352193433
2022,17,Minnesota Vikings,00-0033319,Nick Mullens,4,5.71323433681391
2022,17,New England Patriots,00-0036972,Mac Jones,36,-3.19160102480898
2022,17,New Orleans Saints,00-0027973,Andy Dalton,28,-4.76665326014915
2022,17,New York Giants,00-0035710,Daniel Jones,24,11.8084534405684
2022,17,New York Jets,00-0034401,Mike White,50,-18.903030699438
2022,17,Philadelphia Eagles,00-0035289,Gardner Minshew,38,-11.3474914996728
2022,17,Pittsburgh Steelers,00-0038102,Kenny Pickett,29,4.15913173422597
2022,17,San Francisco 49ers,00-0037834,Brock Purdy,35,7.84575659032899
2022,17,Seattle Seahawks,00-0030565,Geno Smith,33,-2.46024095819002
2022,17,Tampa Bay Buccaneers,00-0019596,Tom Brady,48,17.4307825206482
2022,17,Tennessee Titans,00-0033949,Joshua Dobbs,41,-8.40968523331048
2022,17,Washington Commanders,00-0032950,Carson Wentz,31,-8.09327022549675
2022,18,Arizona Cardinals,00-0035040,David Blough,21,-6.57861437083921
2022,18,Arizona Cardinals,00-0035146,Trace McSorley,9,-9.05837039795006
2022,18,Atlanta Falcons,00-0038122,Desmond Ridder,32,6.60379353495377
2022,18,Baltimore Ravens,00-0037175,Anthony Brown,48,-14.9578502150401
2022,18,Buffalo Bills,00-0034857,Josh Allen,33,8.44857460050844
2022,18,Carolina Panthers,00-0034869,Sam Darnold,17,-12.8956696721725
2022,18,Chicago Bears,00-0033958,Nathan Peterman,20,-3.68852597702062
2022,18,Chicago Bears,00-0034177,Tim Boyle,8,-5.45647897683363
2022,18,Cincinnati Bengals,00-0036442,Joe Burrow,44,-7.98905929103368
2022,18,Cleveland Browns,00-0033537,Deshaun Watson,36,-3.84676390164532
2022,18,Dallas Cowboys,00-0033077,Dak Prescott,38,-13.1682908608345
2022,18,Dallas Cowboys,00-0033662,Cooper Rush,1,-1.33511042268947
2022,18,Denver Broncos,00-0029263,Russell Wilson,26,4.05269893240484
2022,18,Detroit Lions,00-0033106,Jared Goff,35,7.49105469805531
2022,18,Green Bay Packers,00-0023459,Aaron Rodgers,29,-1.25787779335872
2022,18,Houston Texans,00-0032436,Jeff Driskel,2,0.369812887802254
2022,18,Houston Texans,00-0036898,Davis Mills,39,7.28304451958695
2022,18,Indianapolis Colts,00-0036879,Sam Ehlinger,37,-13.0080962630454
2022,18,Jacksonville Jaguars,00-0036971,Trevor Lawrence,33,4.34759008772609
2022,18,Kansas City Chiefs,00-0033873,Patrick Mahomes,28,1.01058861416647
2022,18,Las Vegas Raiders,00-0035264,Jarrett Stidham,42,-9.47109156276678
2022,18,Los Angeles Chargers,00-0026544,Chase Daniel,7,2.3585854915292
2022,18,Los Angeles Chargers,00-0036355,Justin Herbert,38,15.4318323939875
2022,18,Los Angeles Rams,00-0034855,Baker Mayfield,31,-11.475796162949
2022,18,Miami Dolphins,00-0037327,Skylar Thompson,32,-7.08515511480438
2022,18,Minnesota Vikings,00-0029604,Kirk Cousins,20,16.6108523845966
2022,18,Minnesota Vikings,00-0033319,Nick Mullens,13,5.58246103236415
2022,18,New England Patriots,00-0036972,Mac Jones,41,-1.7151246191496
2022,18,New Orleans Saints,00-0027973,Andy Dalton,26,-4.95168783039898
2022,18,New York Giants,00-0033550,Davis Webb,40,-2.46332553584138
2022,18,New York Jets,00-0026158,Joe Flacco,33,0.0636899587172821
2022,18,Philadelphia Eagles,00-0036389,Jalen Hurts,38,-4.57254555807484
2022,18,Pittsburgh Steelers,00-0038102,Kenny Pickett,30,10.1635606148104
2022,18,San Francisco 49ers,00-0037834,Brock Purdy,24,5.97394372269278
2022,18,Seattle Seahawks,00-0030565,Geno Smith,34,-7.51284273730606
2022,18,Tampa Bay Buccaneers,00-0019596,Tom Brady,17,2.99913360318169
2022,18,Tampa Bay Buccaneers,00-0027948,Blaine Gabbert,8,0.21524419792695
2022,18,Tampa Bay Buccaneers,00-0036928,Kyle Trask,9,-5.33255963632837
2022,18,Tennessee Titans,00-0033949,Joshua Dobbs,33,-0.564951305522629
2022,18,Washington Commanders,00-0037077,Sam Howell,22,-7.46178453790207
2023,1,Arizona Cardinals,00-0033949,Joshua Dobbs,33,-9.23966756627607
2023,1,Atlanta Falcons,00-0038122,Desmond Ridder,22,-4.4504497514863
2023,1,Baltimore Ravens,00-0034796,Lamar Jackson,26,-4.41566256571476
2023,1,Buffalo Bills,00-0034857,Josh Allen,46,-1.40939702553517
2023,1,Carolina Panthers,00-0039150,Bryce Young,40,-10.5285634178183
2023,1,Chicago Bears,00-0036945,Justin Fields,41,-11.9457320792442
2023,1,Cincinnati Bengals,00-0035100,Jake Browning,1,-1.24702901893761
2023,1,Cincinnati Bengals,00-0036442,Joe Burrow,33,-18.6356268896578
2023,1,Cleveland Browns,00-0033537,Deshaun Watson,32,-10.8713058960141
2023,1,Dallas Cowboys,00-0033077,Dak Prescott,24,4.17848433913809
2023,1,Dallas Cowboys,00-0033662,Cooper Rush,1,-2.6016539724078
2023,1,Denver Broncos,00-0029263,Russell Wilson,36,2.35553834357005
2023,1,Detroit Lions,00-0033106,Jared Goff,36,6.5437568036723
2023,1,Green Bay Packers,00-0036264,Jordan Love,28,17.7956535101786
2023,1,Houston Texans,00-0039163,C.J. Stroud,49,-11.1561922051518
2023,1,Indianapolis Colts,00-0035289,Gardner Minshew,2,-4.75461643308518
2023,1,Indianapolis Colts,00-0039164,Anthony Richardson,41,-4.38714141061064
2023,1,Jacksonville Jaguars,00-0036971,Trevor Lawrence,34,-9.00186682812637
2023,1,Kansas City Chiefs,00-0033873,Patrick Mahomes,39,-6.45361296238237
2023,1,Las Vegas Raiders,00-0031345,Jimmy Garoppolo,26,13.0860849817855
2023,1,Los Angeles Chargers,00-0036355,Justin Herbert,36,-1.2410654513043
2023,1,Los Angeles Rams,00-0026498,Matthew Stafford,38,20.6799815327286
2023,1,Miami Dolphins,00-0036212,Tua Tagovailoa,45,27.0783306966464
2023,1,Minnesota Vikings,00-0029604,Kirk Cousins,46,0.323689776278277
2023,1,New England Patriots,00-0036972,Mac Jones,56,-7.60789366131928
2023,1,New Orleans Saints,00-0031280,Derek Carr,37,3.67048463133719
2023,1,New York Giants,00-0028118,Tyrod Taylor,2,-0.544656885205768
2023,1,New York Giants,00-0035710,Daniel Jones,35,-22.6979703424731
2023,1,New York Jets,00-0023459,Aaron Rodgers,2,-2.03195988433436
2023,1,New York Jets,00-0037013,Zach Wilson,23,-3.18953264256647
2023,1,Philadelphia Eagles,00-0036389,Jalen Hurts,36,-4.85952255143671
2023,1,Pittsburgh Steelers,00-0038102,Kenny Pickett,51,-20.1209265693906
2023,1,San Francisco 49ers,00-0037834,Brock Purdy,32,6.5278640272774
2023,1,Seattle Seahawks,00-0030565,Geno Smith,28,-4.38909073800449
2023,1,Tampa Bay Buccaneers,00-0034855,Baker Mayfield,35,0.910971302536415
2023,1,Tennessee Titans,00-0029701,Ryan Tannehill,37,-12.0429618927599
2023,1,Washington Commanders,00-0037077,Sam Howell,37,-13.4130627308768
2023,2,Arizona Cardinals,00-0033949,Joshua Dobbs,31,7.43088518434927
2023,2,Atlanta Falcons,00-0038122,Desmond Ridder,33,3.11944444140078
2023,2,Baltimore Ravens,00-0034796,Lamar Jackson,33,12.3928533655321
2023,2,Buffalo Bills,00-0034857,Josh Allen,39,13.2176073983719
2023,2,Carolina Panthers,00-0039150,Bryce Young,37,-11.2743777824034
2023,2,Chicago Bears,00-0036945,Justin Fields,35,-8.62032806433281
2023,2,Cincinnati Bengals,00-0036442,Joe Burrow,42,1.57230832084499
2023,2,Cleveland Browns,00-0033537,Deshaun Watson,46,-15.9531774031448
2023,2,Dallas Cowboys,00-0033077,Dak Prescott,39,10.0778720561864
2023,2,Denver Broncos,00-0029263,Russell Wilson,39,2.39950511039278
2023,2,Detroit Lions,00-0033106,Jared Goff,37,8.1522013525087
2023,2,Green Bay Packers,00-0036264,Jordan Love,26,2.63113881294496
2023,2,Houston Texans,00-0039163,C.J. Stroud,53,7.30306555590338
2023,2,Indianapolis Colts,00-0035289,Gardner Minshew,23,8.90714535311949
2023,2,Indianapolis Colts,00-0039164,Anthony Richardson,10,1.73292005236726
2023,2,Jacksonville Jaguars,00-0036971,Trevor Lawrence,45,-12.6259112460763
2023,2,Kansas City Chiefs,00-0033873,Patrick Mahomes,42,10.5587760848713
2023,2,Las Vegas Raiders,00-0031345,Jimmy Garoppolo,24,-2.00709856545105
2023,2,Los Angeles Chargers,00-0036355,Justin Herbert,44,10.3179421058947
2023,2,Los Angeles Rams,00-0026498,Matthew Stafford,56,-5.0891927004777
2023,2,Miami Dolphins,00-0036212,Tua Tagovailoa,31,11.2665630815146
2023,2,Minnesota Vikings,00-0029604,Kirk Cousins,46,17.4813372101635
2023,2,New England Patriots,00-0036972,Mac Jones,46,-2.37662300290778
2023,2,New Orleans Saints,00-0031280,Derek Carr,40,-2.18910752825382
2023,2,New York Giants,00-0035710,Daniel Jones,40,8.18034805922071
2023,2,New York Jets,00-0037013,Zach Wilson,30,-18.4851975454338
2023,2,Philadelphia Eagles,00-0036389,Jalen Hurts,27,1.11317070550285
2023,2,Pittsburgh Steelers,00-0038102,Kenny Pickett,32,-7.77211277777491
2023,2,San Francisco 49ers,00-0037834,Brock Purdy,26,3.25991356504647
2023,2,Seattle Seahawks,00-0030565,Geno Smith,42,14.8692705307485
2023,2,Tampa Bay Buccaneers,00-0034855,Baker Mayfield,34,13.2584852964343
2023,2,Tennessee Titans,00-0029701,Ryan Tannehill,29,1.45676405938706
2023,2,Washington Commanders,00-0037077,Sam Howell,43,7.24940067242045
2023,3,Arizona Cardinals,00-0033949,Joshua Dobbs,23,3.61363140622018
2023,3,Atlanta Falcons,00-0038122,Desmond Ridder,45,-14.6909504082728
2023,3,Baltimore Ravens,00-0034796,Lamar Jackson,35,-7.2513471138071
2023,3,Buffalo Bills,00-0034857,Josh Allen,32,5.21104045218617
2023,3,Carolina Panthers,00-0027973,Andy Dalton,61,4.54832959122722
2023,3,Chicago Bears,00-0036945,Justin Fields,25,-13.2478328064317
2023,3,Cincinnati Bengals,00-0036442,Joe Burrow,51,-6.38702416149407
2023,3,Cleveland Browns,00-0033537,Deshaun Watson,36,12.5081165184527
2023,3,Dallas Cowboys,00-0033077,Dak Prescott,42,-3.65961485404733
2023,3,Denver Broncos,00-0029263,Russell Wilson,39,2.20871873500088
2023,3,Detroit Lions,00-0033106,Jared Goff,33,2.72068990895486
2023,3,Green Bay Packers,00-0036264,Jordan Love,45,-1.911408782899
2023,3,Houston Texans,00-0039163,C.J. Stroud,30,14.3483502094582
2023,3,Indianapolis Colts,00-0035289,Gardner Minshew,49,-8.4183452291898
2023,3,Jacksonville Jaguars,00-0033936,C.J. Beathard,2,0.426873260177672
2023,3,Jacksonville Jaguars,00-0036971,Trevor Lawrence,40,2.20513603005961
2023,3,Kansas City Chiefs,00-0027948,Blaine Gabbert,5,-6.70604539720807
2023,3,Kansas City Chiefs,00-0033873,Patrick Mahomes,33,20.9173305936076
2023,3,Las Vegas Raiders,00-0031345,Jimmy Garoppolo,48,-7.29947378059254
2023,3,Los Angeles Chargers,00-0036355,Justin Herbert,48,21.5016157307561
2023,3,Los Angeles Rams,00-0026498,Matthew Stafford,39,-8.40479001133295
2023,3,Miami Dolphins,00-0034401,Mike White,2,4.69023411488161
2023,3,Miami Dolphins,00-0036212,Tua Tagovailoa,26,26.372212297807
2023,3,Minnesota Vikings,00-0029604,Kirk Cousins,54,1.42024028697074
2023,3,New England Patriots,00-0036972,Mac Jones,29,5.43764721413664
2023,3,New Orleans Saints,00-0031280,Derek Carr,21,0.07446693118936
2023,3,New Orleans Saints,00-0031503,Jameis Winston,17,-2.51949022833814
2023,3,New York Giants,00-0028118,Tyrod Taylor,1,-0.651543016196229
2023,3,New York Giants,00-0035710,Daniel Jones,34,-9.13083260950047
2023,3,New York Jets,00-0037013,Zach Wilson,39,-15.2487824868062
2023,3,Philadelphia Eagles,00-0036389,Jalen Hurts,38,1.75536145525877
2023,3,Pittsburgh Steelers,00-0038102,Kenny Pickett,29,5.92159545804558
2023,3,San Francisco 49ers,00-0037834,Brock Purdy,39,16.4624954381268
2023,3,Seattle Seahawks,00-0030565,Geno Smith,38,6.32651524842763
2023,3,Tampa Bay Buccaneers,00-0034855,Baker Mayfield,27,1.61408224581604
2023,3,Tennessee Titans,00-0029701,Ryan Tannehill,30,-14.0256117568424
2023,3,Washington Commanders,00-0037077,Sam Howell,38,-26.4506671705609
2023,4,Arizona Cardinals,00-0033949,Joshua Dobbs,42,3.89831100318069
2023,4,Atlanta Falcons,00-0038122,Desmond Ridder,35,-19.319308636419
2023,4,Baltimore Ravens,00-0034796,Lamar Jackson,22,6.87249262246769
2023,4,Buffalo Bills,00-0034857,Josh Allen,27,22.1973142621397
2023,4,Carolina Panthers,00-0039150,Bryce Young,37,-13.0208238380539
2023,4,Chicago Bears,00-0036945,Justin Fields,39,7.14228509872919
2023,4,Cincinnati Bengals,00-0036442,Joe Burrow,33,-8.80566073430236
2023,4,Cleveland Browns,00-0038583,Dorian Thompson-Robinson,40,-27.3617185035375
2023,4,Dallas Cowboys,00-0033077,Dak Prescott,37,3.93324089489711
2023,4,Dallas Cowboys,00-0033662,Cooper Rush,2,1.57698793610325
2023,4,Denver Broncos,00-0029263,Russell Wilson,29,14.2180628651633
2023,4,Detroit Lions,00-0033106,Jared Goff,30,2.45912331497229
2023,4,Green Bay Packers,00-0036264,Jordan Love,41,-11.6401798463507
2023,4,Houston Texans,00-0039163,C.J. Stroud,30,9.84038493133598
2023,4,Indianapolis Colts,00-0039164,Anthony Richardson,27,7.21191614627629
2023,4,Jacksonville Jaguars,00-0036971,Trevor Lawrence,32,4.40451619203848
2023,4,Kansas City Chiefs,00-0033873,Patrick Mahomes,31,0.632650833796102
2023,4,Las Vegas Raiders,00-0038579,Aidan O'Connell,46,-11.7656044414425
2023,4,Los Angeles Chargers,00-0036355,Justin Herbert,26,-3.67667730838419
2023,4,Los Angeles Rams,00-0026498,Matthew Stafford,42,11.3743510766937
2023,4,Miami Dolphins,00-0036212,Tua Tagovailoa,39,-4.43110618014168
2023,4,Minnesota Vikings,00-0029604,Kirk Cousins,21,-10.8780629536486
2023,4,New England Patriots,00-0036972,Mac Jones,22,-12.8416448108037
2023,4,New England Patriots,00-0038108,Bailey Zappe,10,-2.99536461722211
2023,4,New Orleans Saints,00-0031280,Derek Carr,39,-12.7519112810748
2023,4,New Orleans Saints,00-0031503,Jameis Winston,1,-2.82205399236409
2023,4,New York Giants,00-0035710,Daniel Jones,44,-29.013690211029
2023,4,New York Jets,00-0037013,Zach Wilson,41,3.60891825268342
2023,4,Philadelphia Eagles,00-0036389,Jalen Hurts,40,10.5668992143911
2023,4,Pittsburgh Steelers,00-0033869,Mitchell Trubisky,5,-1.12555752834305
2023,4,Pittsburgh Steelers,00-0038102,Kenny Pickett,26,-13.6307091895996
2023,4,San Francisco 49ers,00-0037834,Brock Purdy,22,22.8440908437769
2023,4,Seattle Seahawks,00-0030565,Geno Smith,22,-9.1272393327264
2023,4,Seattle Seahawks,00-0035704,Drew Lock,6,1.79942942646449
2023,4,Tampa Bay Buccaneers,00-0034855,Baker Mayfield,33,7.90139650185313
2023,4,Tennessee Titans,00-0029701,Ryan Tannehill,28,7.16572804170508
2023,4,Washington Commanders,00-0037077,Sam Howell,46,7.72441257168845
2023,5,Arizona Cardinals,00-0033949,Joshua Dobbs,35,-15.6515337565215
2023,5,Atlanta Falcons,00-0038122,Desmond Ridder,37,15.1746469882073
2023,5,Baltimore Ravens,00-0034796,Lamar Jackson,42,-13.2252365945146
2023,5,Buffalo Bills,00-0034857,Josh Allen,40,13.9983127423767
2023,5,Carolina Panthers,00-0039150,Bryce Young,42,-0.0112821313009044
2023,5,Chicago Bears,00-0036945,Justin Fields,32,11.5088239949803
2023,5,Cincinnati Bengals,00-0036442,Joe Burrow,49,9.49844703053068
2023,5,Dallas Cowboys,00-0033077,Dak Prescott,27,-12.1887859831331
2023,5,Dallas Cowboys,00-0033662,Cooper Rush,3,-1.42170726181939
2023,5,Denver Broncos,00-0029263,Russell Wilson,35,-10.4122760055152
2023,5,Detroit Lions,00-0033106,Jared Goff,30,5.77169809327461
2023,5,Green Bay Packers,00-0036264,Jordan Love,32,-14.7671127677021
2023,5,Houston Texans,00-0039163,C.J. Stroud,35,3.29335695299676
2023,5,Indianapolis Colts,00-0035289,Gardner Minshew,14,7.40780136547983
2023,5,Indianapolis Colts,00-0039164,Anthony Richardson,13,2.1360964990392
2023,5,Jacksonville Jaguars,00-0036971,Trevor Lawrence,42,8.35737227689242
2023,5,Kansas City Chiefs,00-0033873,Patrick Mahomes,43,14.7602431606705
2023,5,Las Vegas Raiders,00-0031345,Jimmy Garoppolo,34,-0.726843475093159
2023,5,Los Angeles Rams,00-0026498,Matthew Stafford,41,-2.53626100951806
2023,5,Miami Dolphins,00-0036212,Tua Tagovailoa,31,-1.84419785539104
2023,5,Minnesota Vikings,00-0029604,Kirk Cousins,50,2.56814595107582
2023,5,New England Patriots,00-0036972,Mac Jones,24,-18.676953684316
2023,5,New England Patriots,00-0038108,Bailey Zappe,9,-7.56777605344541
2023,5,New Orleans Saints,00-0031280,Derek Carr,28,3.4477739772611
2023,5,New York Giants,00-0028118,Tyrod Taylor,13,2.44099393760138
2023,5,New York Giants,00-0035710,Daniel Jones,26,-4.59570464432678
2023,5,New York Jets,00-0037013,Zach Wilson,30,-7.16892950914319
2023,5,Philadelphia Eagles,00-0036389,Jalen Hurts,39,7.7844270224464
2023,5,Pittsburgh Steelers,00-0038102,Kenny Pickett,35,3.10152553858467
2023,5,San Francisco 49ers,00-0034869,Sam Darnold,1,-1.05556926201098
2023,5,San Francisco 49ers,00-0037834,Brock Purdy,25,18.5420011016249
2023,5,Tennessee Titans,00-0029701,Ryan Tannehill,35,9.32952741446933
2023,5,Washington Commanders,00-0037077,Sam Howell,56,2.72832293590806
2023,6,Arizona Cardinals,00-0033949,Joshua Dobbs,43,-17.4621661188474
2023,6,Atlanta Falcons,00-0038122,Desmond Ridder,50,-8.26649881131321
2023,6,Baltimore Ravens,00-0034796,Lamar Jackson,31,5.84663806123096
2023,6,Buffalo Bills,00-0034857,Josh Allen,30,1.20139923203897
2023,6,Carolina Panthers,00-0039150,Bryce Young,42,-10.9660938079586
2023,6,Chicago Bears,00-0036945,Justin Fields,14,-8.60774218969313
2023,6,Chicago Bears,00-0038416,Tyson Bagent,15,-16.5894814371131
2023,6,Cincinnati Bengals,00-0036442,Joe Burrow,38,-3.31243266045908
2023,6,Cleveland Browns,00-0033275,P.J. Walker,36,-14.2644030226901
2023,6,Dallas Cowboys,00-0033077,Dak Prescott,35,6.77818270022088
2023,6,Denver Broncos,00-0029263,Russell Wilson,26,-18.2985924329259
2023,6,Detroit Lions,00-0033106,Jared Goff,47,17.925803287663
2023,6,Houston Texans,00-0039163,C.J. Stroud,29,-0.315728024306809
2023,6,Indianapolis Colts,00-0035289,Gardner Minshew,58,-11.5614529292624
2023,6,Jacksonville Jaguars,00-0036971,Trevor Lawrence,33,-3.67093885802549
2023,6,Kansas City Chiefs,00-0033873,Patrick Mahomes,42,4.57116227631282
2023,6,Las Vegas Raiders,00-0026625,Brian Hoyer,10,4.75225916503873
2023,6,Las Vegas Raiders,00-0031345,Jimmy Garoppolo,22,5.13030609169061
2023,6,Los Angeles Chargers,00-0036355,Justin Herbert,38,-0.205924307547435
2023,6,Los Angeles Rams,00-0026498,Matthew Stafford,27,3.27105027212551
2023,6,Miami Dolphins,00-0034401,Mike White,1,-8.97694791085087
2023,6,Miami Dolphins,00-0036212,Tua Tagovailoa,31,16.1247910760576
2023,6,Minnesota Vikings,00-0029604,Kirk Cousins,33,-6.1696562576938
2023,6,New England Patriots,00-0036972,Mac Jones,36,-3.18644649570319
2023,6,New Orleans Saints,00-0031280,Derek Carr,52,5.21385527445147
2023,6,New York Giants,00-0028118,Tyrod Taylor,39,-2.1304791267132
2023,6,New York Jets,00-0037013,Zach Wilson,38,-8.8321834682439
2023,6,Philadelphia Eagles,00-0036389,Jalen Hurts,47,-6.50595655164027
2023,6,San Francisco 49ers,00-0037834,Brock Purdy,30,-10.5623384881827
2023,6,Seattle Seahawks,00-0030565,Geno Smith,45,-3.61604940964847
2023,6,Tampa Bay Buccaneers,00-0034855,Baker Mayfield,38,-8.3001118324078
2023,6,Tennessee Titans,00-0029701,Ryan Tannehill,18,-10.5080534888569
2023,6,Tennessee Titans,00-0038128,Malik Willis,9,-0.068276936013552
2023,6,Washington Commanders,00-0037077,Sam Howell,28,-0.199738601211782
2023,7,Arizona Cardinals,00-0033949,Joshua Dobbs,37,-12.3581479688257
2023,7,Arizona Cardinals,00-0038582,Clayton Tune,1,-1.98046028614044
2023,7,Atlanta Falcons,00-0038122,Desmond Ridder,26,7.05915386592294
2023,7,Baltimore Ravens,00-0034796,Lamar Jackson,27,25.2628356745117
2023,7,Baltimore Ravens,00-0035993,Tyler Huntley,1,-0.928054337506182
2023,7,Buffalo Bills,00-0034857,Josh Allen,42,8.5794653286598
2023,7,Chicago Bears,00-0033958,Nathan Peterman,1,-0.094426492229104
2023,7,Chicago Bears,00-0038416,Tyson Bagent,30,5.50885506634927
2023,7,Cleveland Browns,00-0033275,P.J. Walker,34,-3.33007691463767
2023,7,Cleveland Browns,00-0033537,Deshaun Watson,5,-5.87572387396358
2023,7,Denver Broncos,00-0029263,Russell Wilson,30,4.09571349963049
2023,7,Detroit Lions,00-0033106,Jared Goff,58,-13.3263572036666
2023,7,Green Bay Packers,00-0036264,Jordan Love,31,7.56648054640037
2023,7,Indianapolis Colts,00-0035289,Gardner Minshew,27,0.734246238658291
2023,7,Jacksonville Jaguars,00-0036971,Trevor Lawrence,29,4.59506664624279
2023,7,Kansas City Chiefs,00-0033873,Patrick Mahomes,43,22.3199540417389
2023,7,Las Vegas Raiders,00-0026625,Brian Hoyer,33,-13.5330319184031
2023,7,Las Vegas Raiders,00-0038579,Aidan O'Connell,13,3.04533524024021
2023,7,Los Angeles Chargers,00-0036355,Justin Herbert,35,0.540228863662013
2023,7,Los Angeles Rams,00-0026498,Matthew Stafford,31,-2.53784050401609
2023,7,Miami Dolphins,00-0036212,Tua Tagovailoa,35,-3.84025991840642
2023,7,Minnesota Vikings,00-0029604,Kirk Cousins,45,12.8574186584751
2023,7,New England Patriots,00-0036972,Mac Jones,31,13.2394839820029
2023,7,New Orleans Saints,00-0031280,Derek Carr,56,-15.7977114196479
2023,7,New York Giants,00-0028118,Tyrod Taylor,33,4.93073461419958
2023,7,Philadelphia Eagles,00-0036389,Jalen Hurts,34,2.17257453605998
2023,7,Pittsburgh Steelers,00-0038102,Kenny Pickett,27,0.638551004525429
2023,7,San Francisco 49ers,00-0037834,Brock Purdy,31,8.15835035201306
2023,7,Seattle Seahawks,00-0030565,Geno Smith,26,7.28166357059996
2023,7,Tampa Bay Buccaneers,00-0034855,Baker Mayfield,45,0.575185827411769
2023,7,Washington Commanders,00-0037077,Sam Howell,48,-14.6972462012672
2023,8,Arizona Cardinals,00-0033949,Joshua Dobbs,39,-9.69171945225377
2023,8,Atlanta Falcons,00-0031800,Taylor Heinicke,22,6.0482432121972
2023,8,Atlanta Falcons,00-0038122,Desmond Ridder,17,-10.7392597898153
2023,8,Baltimore Ravens,00-0034796,Lamar Jackson,31,-4.98437022745088
2023,8,Buffalo Bills,00-0034857,Josh Allen,42,1.82021156085508
2023,8,Carolina Panthers,00-0039150,Bryce Young,37,-0.334069236373681
2023,8,Chicago Bears,00-0038416,Tyson Bagent,38,-9.57190470393095
2023,8,Cincinnati Bengals,00-0036442,Joe Burrow,35,13.3926014612276
2023,8,Cleveland Browns,00-0033275,P.J. Walker,34,-5.68834073785757
2023,8,Cleveland Browns,00-0038583,Dorian Thompson-Robinson,1,0.694567046244629
2023,8,Dallas Cowboys,00-0033077,Dak Prescott,34,11.5935561295906
2023,8,Dallas Cowboys,00-0033662,Cooper Rush,3,-2.3172528342111
2023,8,Denver Broncos,00-0029263,Russell Wilson,25,-4.84478758704126
2023,8,Detroit Lions,00-0033106,Jared Goff,37,2.3991140622339
2023,8,Green Bay Packers,00-0036264,Jordan Love,45,-7.90598273708019
2023,8,Houston Texans,00-0039163,C.J. Stroud,26,1.48998642676463
2023,8,Indianapolis Colts,00-0035289,Gardner Minshew,43,-2.03797205884971
2023,8,Jacksonville Jaguars,00-0036971,Trevor Lawrence,35,7.1396348876431
2023,8,Kansas City Chiefs,00-0033873,Patrick Mahomes,41,-10.9663188375838
2023,8,Las Vegas Raiders,00-0031345,Jimmy Garoppolo,27,-24.1565076379338
2023,8,Los Angeles Chargers,00-0036355,Justin Herbert,40,17.087563478393
2023,8,Los Angeles Rams,00-0026498,Matthew Stafford,23,-5.92571398466822
2023,8,Los Angeles Rams,00-0034955,Brett Rypien,11,-5.12944142468041
2023,8,Miami Dolphins,00-0036212,Tua Tagovailoa,47,12.5818852340218
2023,8,Minnesota Vikings,00-0029604,Kirk Cousins,33,19.499932799483
2023,8,Minnesota Vikings,00-0038598,Jaren Hall,5,-2.58085484587355
2023,8,New England Patriots,00-0036972,Mac Jones,32,-9.12733173041946
2023,8,New Orleans Saints,00-0031280,Derek Carr,28,13.5251347894082
2023,8,New York Giants,00-0028118,Tyrod Taylor,9,-10.3495005793291
2023,8,New York Giants,00-0038476,Tommy DeVito,9,-6.94700016127899
2023,8,New York Jets,00-0037013,Zach Wilson,40,-14.0349941836571
2023,8,Philadelphia Eagles,00-0036389,Jalen Hurts,40,23.6113185185109
2023,8,Pittsburgh Steelers,00-0033869,Mitchell Trubisky,29,-7.6417143510771
2023,8,Pittsburgh Steelers,00-0038102,Kenny Pickett,17,-6.39817764807784
2023,8,San Francisco 49ers,00-0037834,Brock Purdy,33,-2.85193437966518
2023,8,Seattle Seahawks,00-0030565,Geno Smith,38,2.62455674475698
2023,8,Tampa Bay Buccaneers,00-0034855,Baker Mayfield,45,-1.08015378337801
2023,8,Tennessee Titans,00-0039152,Will Levis,31,5.93669582210714
2023,8,Washington Commanders,00-0037077,Sam Howell,53,3.58262364665279
2023,9,Arizona Cardinals,00-0038582,Clayton Tune,27,-32.7690828865161
2023,9,Atlanta Falcons,00-0031800,Taylor Heinicke,39,-1.48874488443133
2023,9,Baltimore Ravens,00-0034796,Lamar Jackson,27,-3.18191753048617
2023,9,Baltimore Ravens,00-0035993,Tyler Huntley,7,5.17684129512054
2023,9,Buffalo Bills,00-0034857,Josh Allen,39,4.64965203105186
2023,9,Carolina Panthers,00-0039150,Bryce Young,43,-24.6528276409453
2023,9,Chicago Bears,00-0038416,Tyson Bagent,32,-3.69260803707949
2023,9,Cincinnati Bengals,00-0036442,Joe Burrow,45,12.6586534684056
2023,9,Cleveland Browns,00-0033537,Deshaun Watson,31,1.4342772680909
2023,9,Dallas Cowboys,00-0033077,Dak Prescott,49,12.9184362414452
2023,9,Green Bay Packers,00-0036264,Jordan Love,30,8.07889333306558
2023,9,Houston Texans,00-0039163,C.J. Stroud,45,27.4719645938212
2023,9,Indianapolis Colts,00-0035289,Gardner Minshew,27,-1.04971758777875
2023,9,Kansas City Chiefs,00-0033873,Patrick Mahomes,32,1.3612226745463
2023,9,Las Vegas Raiders,00-0038579,Aidan O'Connell,25,7.60304863966811
2023,9,Los Angeles Chargers,00-0036355,Justin Herbert,35,-6.61158454219397
2023,9,Los Angeles Rams,00-0034955,Brett Rypien,29,-14.595850082733
2023,9,Miami Dolphins,00-0036212,Tua Tagovailoa,37,0.523687144799624
2023,9,Minnesota Vikings,00-0033949,Joshua Dobbs,33,-3.91657532827697
2023,9,Minnesota Vikings,00-0038598,Jaren Hall,6,4.89650290561258
2023,9,New England Patriots,00-0036972,Mac Jones,44,-6.03016312138309
2023,9,New Orleans Saints,00-0031280,Derek Carr,34,2.71300629423816
2023,9,New York Giants,00-0035710,Daniel Jones,11,-4.14415445760824
2023,9,New York Giants,00-0038476,Tommy DeVito,26,-14.8829681983916
2023,9,New York Jets,00-0037013,Zach Wilson,57,-19.1327081264546
2023,9,Philadelphia Eagles,00-0036389,Jalen Hurts,26,8.43501408171142
2023,9,Pittsburgh Steelers,00-0038102,Kenny Pickett,30,3.35395453708087
2023,9,Seattle Seahawks,00-0030565,Geno Smith,32,-14.6619816391713
2023,9,Tampa Bay Buccaneers,00-0034855,Baker Mayfield,32,10.5792151478701
2023,9,Tennessee Titans,00-0039152,Will Levis,43,-3.65238891997926
2023,9,Washington Commanders,00-0037077,Sam Howell,48,5.03972946211996
2023,10,Arizona Cardinals,00-0035228,Kyler Murray,34,-6.4573037143362
2023,10,Atlanta Falcons,00-0031800,Taylor Heinicke,18,-7.53044775253255
2023,10,Atlanta Falcons,00-0038122,Desmond Ridder,6,1.53876140904333
2023,10,Baltimore Ravens,00-0034796,Lamar Jackson,26,-5.89344405921565
2023,10,Buffalo Bills,00-0034857,Josh Allen,26,-3.98838804855756
2023,10,Carolina Panthers,00-0039150,Bryce Young,41,-8.25040832635967
2023,10,Chicago Bears,00-0038416,Tyson Bagent,33,-2.0196081803036
2023,10,Cincinnati Bengals,00-0036442,Joe Burrow,44,3.19825712501124
2023,10,Cleveland Browns,00-0033275,P.J. Walker,1,-0.279425570799504
2023,10,Cleveland Browns,00-0033537,Deshaun Watson,38,-0.192348414119131
2023,10,Dallas Cowboys,00-0033077,Dak Prescott,35,16.1283271416323
2023,10,Dallas Cowboys,00-0033662,Cooper Rush,9,-0.290451161097735
2023,10,Denver Broncos,00-0029263,Russell Wilson,33,5.75806317262867
2023,10,Detroit Lions,00-0033106,Jared Goff,33,14.8267298594583
2023,10,Green Bay Packers,00-0036264,Jordan Love,41,5.1953488508016
2023,10,Houston Texans,00-0039163,C.J. Stroud,40,5.13788371378064
2023,10,Indianapolis Colts,00-0035289,Gardner Minshew,28,2.41754816185811
2023,10,Jacksonville Jaguars,00-0033936,C.J. Beathard,2,-1.09789689281024
2023,10,Jacksonville Jaguars,00-0036971,Trevor Lawrence,34,-17.3440534641647
2023,10,Las Vegas Raiders,00-0038579,Aidan O'Connell,30,-9.80739498275403
2023,10,Los Angeles Chargers,00-0036355,Justin Herbert,40,14.5879807062539
2023,10,Minnesota Vikings,00-0033949,Joshua Dobbs,35,8.31462603116892
2023,10,New England Patriots,00-0036972,Mac Jones,25,-3.6199021462213
2023,10,New England Patriots,00-0038108,Bailey Zappe,7,-0.828583912400063
2023,10,New Orleans Saints,00-0031280,Derek Carr,20,-2.31302624963719
2023,10,New Orleans Saints,00-0031503,Jameis Winston,26,-4.56071291689295
2023,10,New York Giants,00-0038476,Tommy DeVito,32,-11.9078958655445
2023,10,New York Jets,00-0037013,Zach Wilson,41,-4.12317607040828
2023,10,Pittsburgh Steelers,00-0038102,Kenny Pickett,24,-5.68762869361322
2023,10,San Francisco 49ers,00-0034869,Sam Darnold,2,-2.4168919341173
2023,10,San Francisco 49ers,00-0037834,Brock Purdy,28,17.1172511131779
2023,10,Seattle Seahawks,00-0030565,Geno Smith,48,5.20571137713946
2023,10,Tampa Bay Buccaneers,00-0034855,Baker Mayfield,32,7.86543776798312
2023,10,Tennessee Titans,00-0039152,Will Levis,43,-11.5633219116847
2023,10,Washington Commanders,00-0037077,Sam Howell,47,11.6584174081754
2023,11,Arizona Cardinals,00-0035228,Kyler Murray,33,-6.82670936193181
2023,11,Baltimore Ravens,00-0034796,Lamar Jackson,29,8.24313116749325
2023,11,Buffalo Bills,00-0034857,Josh Allen,33,12.00087954149
2023,11,Carolina Panthers,00-0039150,Bryce Young,36,-18.7324309044831
2023,11,Chicago Bears,00-0036945,Justin Fields,25,4.1947690591403
2023,11,Cincinnati Bengals,00-0035100,Jake Browning,17,-5.37497819521659
2023,11,Cincinnati Bengals,00-0036442,Joe Burrow,19,2.91551409894007
2023,11,Cleveland Browns,00-0038583,Dorian Thompson-Robinson,44,-9.68177426826691
2023,11,Dallas Cowboys,00-0033077,Dak Prescott,38,7.6395618677019
2023,11,Dallas Cowboys,00-0033662,Cooper Rush,3,-1.09209291171283
2023,11,Denver Broncos,00-0029263,Russell Wilson,37,1.48609829101683
2023,11,Detroit Lions,00-0033106,Jared Goff,37,-1.09205455939798
2023,11,Green Bay Packers,00-0036264,Jordan Love,43,10.7509502825126
2023,11,Houston Texans,00-0036898,Davis Mills,1,-0.95239889761433
2023,11,Houston Texans,00-0039163,C.J. Stroud,40,3.79573473564957
2023,11,Jacksonville Jaguars,00-0036971,Trevor Lawrence,33,16.5105605642988
2023,11,Kansas City Chiefs,00-0033873,Patrick Mahomes,44,-8.02547696947013
2023,11,Las Vegas Raiders,00-0038579,Aidan O'Connell,43,-9.57663344397134
2023,11,Los Angeles Chargers,00-0036355,Justin Herbert,38,5.06011285491455
2023,11,Los Angeles Rams,00-0026498,Matthew Stafford,32,-4.57481494195787
2023,11,Miami Dolphins,00-0036212,Tua Tagovailoa,40,4.76922901980138
2023,11,Minnesota Vikings,00-0033949,Joshua Dobbs,34,1.06147775553291
2023,11,New York Giants,00-0038476,Tommy DeVito,35,3.80821977730375
2023,11,New York Jets,00-0034177,Tim Boyle,15,-7.64358571538469
2023,11,New York Jets,00-0037013,Zach Wilson,20,-8.55798455218598
2023,11,Philadelphia Eagles,00-0036389,Jalen Hurts,27,-3.41494174511172
2023,11,Pittsburgh Steelers,00-0038102,Kenny Pickett,31,-11.8915491836669
2023,11,San Francisco 49ers,00-0037834,Brock Purdy,29,15.8703897035846
2023,11,Seattle Seahawks,00-0030565,Geno Smith,36,5.41679652932265
2023,11,Seattle Seahawks,00-0035704,Drew Lock,6,-5.48228724184446
2023,11,Tampa Bay Buccaneers,00-0034855,Baker Mayfield,49,-9.18873202762916
2023,11,Tennessee Titans,00-0039152,Will Levis,19,2.96295854996424
2023,11,Washington Commanders,00-0037077,Sam Howell,49,-8.88358981184046
2023,12,Arizona Cardinals,00-0035228,Kyler Murray,49,-14.2640408733528
2023,12,Atlanta Falcons,00-0038122,Desmond Ridder,21,-2.74631574115483
2023,12,Baltimore Ravens,00-0034796,Lamar Jackson,34,-3.55844320573382
2023,12,Buffalo Bills,00-0034857,Josh Allen,52,7.66053472048123
2023,12,Carolina Panthers,00-0039150,Bryce Young,35,-4.86725882371906
2023,12,Chicago Bears,00-0036945,Justin Fields,40,-5.58729195784216
2023,12,Cincinnati Bengals,00-0035100,Jake Browning,30,-2.74791009347419
2023,12,Cleveland Browns,00-0033275,P.J. Walker,17,-11.4024871189031
2023,12,Cleveland Browns,00-0038583,Dorian Thompson-Robinson,29,-0.948835940189986
2023,12,Dallas Cowboys,00-0033077,Dak Prescott,32,19.2452396263756
2023,12,Denver Broncos,00-0029263,Russell Wilson,23,4.45424141373951
2023,12,Detroit Lions,00-0033106,Jared Goff,47,-4.38749322535284
2023,12,Green Bay Packers,00-0036264,Jordan Love,32,12.7593786050061
2023,12,Houston Texans,00-0039163,C.J. Stroud,40,0.759140955423353
2023,12,Indianapolis Colts,00-0035289,Gardner Minshew,43,-0.0971001128042523
2023,12,Jacksonville Jaguars,00-0036971,Trevor Lawrence,38,12.4902319140857
2023,12,Kansas City Chiefs,00-0033873,Patrick Mahomes,35,12.5873958622618
2023,12,Las Vegas Raiders,00-0038579,Aidan O'Connell,34,4.32524874817909
2023,12,Los Angeles Chargers,00-0036355,Justin Herbert,47,-11.9076267756507
2023,12,Los Angeles Rams,00-0026498,Matthew Stafford,33,13.2042315574744
2023,12,Miami Dolphins,00-0036212,Tua Tagovailoa,32,4.45056448865949
2023,12,Minnesota Vikings,00-0033949,Joshua Dobbs,34,-23.7905391622163
2023,12,New England Patriots,00-0036972,Mac Jones,22,-9.91177382465685
2023,12,New England Patriots,00-0038108,Bailey Zappe,15,-6.41329497267725
2023,12,New Orleans Saints,00-0031280,Derek Carr,39,-1.26851883262174
2023,12,New York Giants,00-0038476,Tommy DeVito,31,-1.82402116644888
2023,12,New York Jets,00-0034177,Tim Boyle,45,-18.6675849181484
2023,12,Philadelphia Eagles,00-0036389,Jalen Hurts,33,0.0871955418921177
2023,12,Pittsburgh Steelers,00-0038102,Kenny Pickett,35,11.7770326373983
2023,12,San Francisco 49ers,00-0037834,Brock Purdy,31,0.748228715436575
2023,12,Seattle Seahawks,00-0030565,Geno Smith,33,-11.9407279550947
2023,12,Tampa Bay Buccaneers,00-0034855,Baker Mayfield,36,-7.50987211245665
2023,12,Tampa Bay Buccaneers,00-0036928,Kyle Trask,1,-1.88030287302347
2023,12,Tennessee Titans,00-0039152,Will Levis,29,-0.0504094708437379
2023,12,Washington Commanders,00-0037077,Sam Howell,48,-12.3488479368255
2023,13,Arizona Cardinals,00-0035228,Kyler Murray,25,1.14469066253454
2023,13,Atlanta Falcons,00-0038122,Desmond Ridder,30,-3.77880196209053
2023,13,Carolina Panthers,00-0039150,Bryce Young,35,-5.07096791506046
2023,13,Cincinnati Bengals,00-0035100,Jake Browning,39,19.5050668883106
2023,13,Cleveland Browns,00-0026158,Joe Flacco,46,-7.79156393041087
2023,13,Dallas Cowboys,00-0033077,Dak Prescott,45,14.823497584658
2023,13,Denver Broncos,00-0029263,Russell Wilson,29,-14.9681189856114
2023,13,Detroit Lions,00-0033106,Jared Goff,26,7.49243804437331
2023,13,Green Bay Packers,00-0036264,Jordan Love,38,15.3921436039348
2023,13,Houston Texans,00-0036898,Davis Mills,1,1.54284708155319
2023,13,Houston Texans,00-0039163,C.J. Stroud,32,0.301777172428555
2023,13,Indianapolis Colts,00-0035289,Gardner Minshew,45,2.04376186999422
2023,13,Jacksonville Jaguars,00-0033936,C.J. Beathard,12,0.910036942166487
2023,13,Jacksonville Jaguars,00-0036971,Trevor Lawrence,31,10.4673208918819
2023,13,Kansas City Chiefs,00-0033873,Patrick Mahomes,36,3.94773471297233
2023,13,Los Angeles Chargers,00-0036355,Justin Herbert,37,2.00786265502317
2023,13,Los Angeles Rams,00-0026498,Matthew Stafford,37,5.31912374249532
2023,13,Miami Dolphins,00-0034401,Mike White,1,-1.06408733793069
2023,13,Miami Dolphins,00-0036212,Tua Tagovailoa,24,19.6779980617617
2023,13,New England Patriots,00-0038108,Bailey Zappe,30,-15.7198058179929
2023,13,New Orleans Saints,00-0031280,Derek Carr,24,7.33137932204409
2023,13,New Orleans Saints,00-0031503,Jameis Winston,5,0.11323756276397
2023,13,New York Jets,00-0032156,Trevor Siemian,16,-7.56494334313902
2023,13,New York Jets,00-0034177,Tim Boyle,26,-4.67640747348535
2023,13,Philadelphia Eagles,00-0032268,Marcus Mariota,3,-0.347643480403349
2023,13,Philadelphia Eagles,00-0036389,Jalen Hurts,48,9.31357722323575
2023,13,Pittsburgh Steelers,00-0033869,Mitchell Trubisky,17,8.0286029262411
2023,13,Pittsburgh Steelers,00-0038102,Kenny Pickett,10,-0.480047060117834
2023,13,San Francisco 49ers,00-0037834,Brock Purdy,29,22.3297114013112
2023,13,Seattle Seahawks,00-0030565,Geno Smith,41,11.5731843226822
2023,13,Tampa Bay Buccaneers,00-0034855,Baker Mayfield,30,-3.70113430049969
2023,13,Tennessee Titans,00-0039152,Will Levis,39,0.144949584655521
2023,13,Washington Commanders,00-0037077,Sam Howell,26,-13.0212734572337
2023,14,Atlanta Falcons,00-0038122,Desmond Ridder,43,-2.37031852478053
2023,14,Baltimore Ravens,00-0034796,Lamar Jackson,45,12.6128259024493
2023,14,Buffalo Bills,00-0034857,Josh Allen,45,-2.00885879998315
2023,14,Carolina Panthers,00-0039150,Bryce Young,40,-31.2916972211081
2023,14,Chicago Bears,00-0036945,Justin Fields,36,1.99885081680476
2023,14,Cincinnati Bengals,00-0031288,AJ McCarron,1,-1.69313193671405
2023,14,Cincinnati Bengals,00-0035100,Jake Browning,24,7.9796057768981
2023,14,Cleveland Browns,00-0026158,Joe Flacco,46,-1.65442174810423
2023,14,Dallas Cowboys,00-0033077,Dak Prescott,42,-0.0549843039693869
2023,14,Denver Broncos,00-0029263,Russell Wilson,35,-2.21562039923466
2023,14,Detroit Lions,00-0033106,Jared Goff,39,-6.33556499809492
2023,14,Green Bay Packers,00-0036264,Jordan Love,41,-0.21791342134479
2023,14,Houston Texans,00-0036898,Davis Mills,6,-9.06920826766873
2023,14,Houston Texans,00-0039163,C.J. Stroud,27,-16.4334629993537
2023,14,Indianapolis Colts,00-0035289,Gardner Minshew,42,0.618534326091975
2023,14,Jacksonville Jaguars,00-0036971,Trevor Lawrence,54,-7.25917320726137
2023,14,Kansas City Chiefs,00-0033873,Patrick Mahomes,44,-2.99694923633165
2023,14,Las Vegas Raiders,00-0038579,Aidan O'Connell,36,-19.2035511929425
2023,14,Los Angeles Chargers,00-0035282,Easton Stick,26,-6.72116865072167
2023,14,Los Angeles Chargers,00-0036355,Justin Herbert,21,-19.5435724869603
2023,14,Los Angeles Rams,00-0026498,Matthew Stafford,43,5.60173018331353
2023,14,Miami Dolphins,00-0036212,Tua Tagovailoa,38,-7.43804320939679
2023,14,Minnesota Vikings,00-0033319,Nick Mullens,13,1.67784854857018
2023,14,Minnesota Vikings,00-0033949,Joshua Dobbs,28,-13.7992391979822
2023,14,New England Patriots,00-0038108,Bailey Zappe,30,1.29888146900339
2023,14,New Orleans Saints,00-0031280,Derek Carr,27,-9.56363584682834
2023,14,New York Giants,00-0038476,Tommy DeVito,21,5.18118542651036
2023,14,New York Jets,00-0037013,Zach Wilson,40,7.82982394228443
2023,14,Philadelphia Eagles,00-0036389,Jalen Hurts,28,2.54870396268687
2023,14,Pittsburgh Steelers,00-0033869,Mitchell Trubisky,37,-15.4547441017158
2023,14,San Francisco 49ers,00-0037834,Brock Purdy,30,12.7581384863006
2023,14,Seattle Seahawks,00-0035704,Drew Lock,35,-1.18331250893232
2023,14,Tampa Bay Buccaneers,00-0034855,Baker Mayfield,30,2.44924075229376
2023,14,Tennessee Titans,00-0039152,Will Levis,39,8.76507234698824
2023,15,Arizona Cardinals,00-0035228,Kyler Murray,42,-7.35516506221315
2023,15,Atlanta Falcons,00-0038122,Desmond Ridder,20,3.12055700991186
2023,15,Baltimore Ravens,00-0034796,Lamar Jackson,27,-3.56504459673632
2023,15,Buffalo Bills,00-0034857,Josh Allen,16,-0.460995698213786
2023,15,Carolina Panthers,00-0039150,Bryce Young,27,-3.88388326859889
2023,15,Chicago Bears,00-0036945,Justin Fields,43,-15.480020451795
2023,15,Cincinnati Bengals,00-0035100,Jake Browning,46,10.2530939979188
2023,15,Cleveland Browns,00-0026158,Joe Flacco,48,-17.3921634560019
2023,15,Cleveland Browns,00-0038583,Dorian Thompson-Robinson,1,2.06422429555096
2023,15,Dallas Cowboys,00-0033077,Dak Prescott,37,-12.4490031552465
2023,15,Denver Broncos,00-0029263,Russell Wilson,34,-2.39298142626649
2023,15,Detroit Lions,00-0033106,Jared Goff,36,15.2317276002141
2023,15,Green Bay Packers,00-0036264,Jordan Love,41,3.92612054655982
2023,15,Houston Texans,00-0028986,Case Keenum,39,-2.53405440375288
2023,15,Houston Texans,00-0036898,Davis Mills,1,-0.182974533556262
2023,15,Indianapolis Colts,00-0035289,Gardner Minshew,31,-0.696599801965495
2023,15,Jacksonville Jaguars,00-0036971,Trevor Lawrence,44,-12.1362605741162
2023,15,Kansas City Chiefs,00-0033873,Patrick Mahomes,40,2.10937851810888
2023,15,Las Vegas Raiders,00-0038579,Aidan O'Connell,35,10.6300833126297
2023,15,Los Angeles Chargers,00-0035282,Easton Stick,35,-10.3205023335759
2023,15,Los Angeles Rams,00-0026498,Matthew Stafford,36,7.87473645207768
2023,15,Miami Dolphins,00-0034401,Mike White,2,-1.89010058366694
2023,15,Miami Dolphins,00-0036212,Tua Tagovailoa,27,9.22342932183144
2023,15,Minnesota Vikings,00-0033319,Nick Mullens,36,11.7401586625261
2023,15,New England Patriots,00-0038108,Bailey Zappe,35,-12.9182958383327
2023,15,New Orleans Saints,00-0031280,Derek Carr,29,9.94775139906002
2023,15,New York Giants,00-0028118,Tyrod Taylor,4,0.400011945945347
2023,15,New York Giants,00-0038476,Tommy DeVito,41,-14.6367299366393
2023,15,New York Jets,00-0032156,Trevor Siemian,28,-9.41122270363849
2023,15,New York Jets,00-0037013,Zach Wilson,15,-13.859405201656
2023,15,Philadelphia Eagles,00-0036389,Jalen Hurts,31,1.71635226032231
2023,15,Pittsburgh Steelers,00-0033869,Mitchell Trubisky,26,-2.40311888494762
2023,15,Pittsburgh Steelers,00-0034771,Mason Rudolph,4,-5.68050592561485
2023,15,San Francisco 49ers,00-0034869,Sam Darnold,3,0.0426069239148967
2023,15,San Francisco 49ers,00-0037834,Brock Purdy,25,18.1681928660837
2023,15,Seattle Seahawks,00-0035704,Drew Lock,35,3.26544753321444
2023,15,Tampa Bay Buccaneers,00-0034855,Baker Mayfield,33,23.4666004672683
2023,15,Tennessee Titans,00-0039152,Will Levis,33,-5.7305025657115
2023,15,Washington Commanders,00-0033119,Jacoby Brissett,10,9.42799024627311
2023,15,Washington Commanders,00-0037077,Sam Howell,27,-12.5782374594128
2023,16,Arizona Cardinals,00-0035228,Kyler Murray,40,-6.72186754563986
2023,16,Atlanta Falcons,00-0031800,Taylor Heinicke,34,7.64219899981456
2023,16,Baltimore Ravens,00-0034796,Lamar Jackson,37,4.92034920129897
2023,16,Buffalo Bills,00-0034857,Josh Allen,22,10.0333009076421
2023,16,Carolina Panthers,00-0039150,Bryce Young,38,10.8785749134171
2023,16,Chicago Bears,00-0036945,Justin Fields,28,-3.62100508427045
2023,16,Cincinnati Bengals,00-0035100,Jake Browning,45,-7.58624956109687
2023,16,Cleveland Browns,00-0026158,Joe Flacco,42,20.0859880646605
2023,16,Cleveland Browns,00-0038583,Dorian Thompson-Robinson,3,-4.29359272657894
2023,16,Dallas Cowboys,00-0033077,Dak Prescott,36,8.43247862456676
2023,16,Denver Broncos,00-0029263,Russell Wilson,42,0.979237881283474
2023,16,Detroit Lions,00-0033106,Jared Goff,41,14.274304325257
2023,16,Green Bay Packers,00-0036264,Jordan Love,29,11.2829029409335
2023,16,Houston Texans,00-0028986,Case Keenum,20,-18.1172749778489
2023,16,Houston Texans,00-0036898,Davis Mills,32,3.63215711893281
2023,16,Indianapolis Colts,00-0035289,Gardner Minshew,43,-8.08540238782693
2023,16,Jacksonville Jaguars,00-0033936,C.J. Beathard,16,-0.796375224730466
2023,16,Jacksonville Jaguars,00-0036971,Trevor Lawrence,32,-5.84518234391338
2023,16,Kansas City Chiefs,00-0033873,Patrick Mahomes,48,-14.3317346617595
2023,16,Las Vegas Raiders,00-0038579,Aidan O'Connell,23,-12.9689369276868
2023,16,Los Angeles Chargers,00-0035282,Easton Stick,38,-1.08491611997791
2023,16,Los Angeles Rams,00-0026498,Matthew Stafford,35,15.0345195952558
2023,16,Miami Dolphins,00-0036212,Tua Tagovailoa,38,7.29436154779632
2023,16,Minnesota Vikings,00-0033319,Nick Mullens,40,5.69132135930704
2023,16,New England Patriots,00-0038108,Bailey Zappe,35,3.18022553944052
2023,16,New Orleans Saints,00-0031280,Derek Carr,42,1.7586747059687
2023,16,New York Giants,00-0028118,Tyrod Taylor,16,0.531635513645597
2023,16,New York Giants,00-0038476,Tommy DeVito,17,-6.6646924380415
2023,16,New York Jets,00-0032156,Trevor Siemian,49,-15.9729398057263
2023,16,Philadelphia Eagles,00-0036389,Jalen Hurts,39,7.38380597245314
2023,16,Pittsburgh Steelers,00-0034771,Mason Rudolph,28,8.33515995472411
2023,16,San Francisco 49ers,00-0034869,Sam Darnold,16,-0.647761256550439
2023,16,San Francisco 49ers,00-0037834,Brock Purdy,34,-18.0695146736837
2023,16,Seattle Seahawks,00-0030565,Geno Smith,39,11.0521649966371
2023,16,Tampa Bay Buccaneers,00-0034855,Baker Mayfield,37,12.9430902090038
2023,16,Tennessee Titans,00-0029701,Ryan Tannehill,32,-2.68741572764702
2023,16,Washington Commanders,00-0033119,Jacoby Brissett,13,6.94774454986327
2023,16,Washington Commanders,00-0037077,Sam Howell,23,-23.4902211871231
2023,17,Arizona Cardinals,00-0035228,Kyler Murray,32,9.11639606526641
2023,17,Atlanta Falcons,00-0031800,Taylor Heinicke,31,-6.31452868345777
2023,17,Atlanta Falcons,00-0038122,Desmond Ridder,4,-2.75917106482666
2023,17,Baltimore Ravens,00-0034796,Lamar Jackson,22,28.9959282486816
2023,17,Baltimore Ravens,00-0035993,Tyler Huntley,1,4.22594323719386
2023,17,Buffalo Bills,00-0034857,Josh Allen,31,-4.94509824478125
2023,17,Carolina Panthers,00-0039150,Bryce Young,38,-21.4651440716116
2023,17,Chicago Bears,00-0036945,Justin Fields,35,5.36798563941229
2023,17,Cincinnati Bengals,00-0035100,Jake Browning,39,0.0672544692590038
2023,17,Cleveland Browns,00-0026158,Joe Flacco,30,6.19757390895393
2023,17,Dallas Cowboys,00-0033077,Dak Prescott,41,11.2991528963135
2023,17,Denver Broncos,00-0035264,Jarrett Stidham,34,4.70023241208576
2023,17,Detroit Lions,00-0033106,Jared Goff,35,-2.58796419299073
2023,17,Green Bay Packers,00-0036264,Jordan Love,33,14.0133658206996
2023,17,Green Bay Packers,00-0038391,Sean Clifford,1,2.14362682815408
2023,17,Houston Texans,00-0039163,C.J. Stroud,33,4.08605323452846
2023,17,Indianapolis Colts,00-0035289,Gardner Minshew,24,11.4922197964042
2023,17,Jacksonville Jaguars,00-0033936,C.J. Beathard,27,5.19107690722102
2023,17,Kansas City Chiefs,00-0033873,Patrick Mahomes,31,-0.0302404010209615
2023,17,Las Vegas Raiders,00-0038579,Aidan O'Connell,49,8.47691133137679
2023,17,Los Angeles Chargers,00-0035282,Easton Stick,39,-0.699048765936512
2023,17,Los Angeles Rams,00-0026498,Matthew Stafford,38,0.899996616935823
2023,17,Miami Dolphins,00-0036212,Tua Tagovailoa,41,-1.38893966789634
2023,17,Minnesota Vikings,00-0033319,Nick Mullens,23,-4.19670744106406
2023,17,Minnesota Vikings,00-0038598,Jaren Hall,13,-14.9916908571764
2023,17,New England Patriots,00-0038108,Bailey Zappe,29,-12.0824195501105
2023,17,New Orleans Saints,00-0031280,Derek Carr,33,9.24769499474273
2023,17,New York Giants,00-0028118,Tyrod Taylor,47,-3.00872927996879
2023,17,New York Jets,00-0032156,Trevor Siemian,47,-10.6379667918078
2023,17,Philadelphia Eagles,00-0036389,Jalen Hurts,23,11.5499558385305
2023,17,Pittsburgh Steelers,00-0034771,Mason Rudolph,25,11.0975804174713
2023,17,San Francisco 49ers,00-0034869,Sam Darnold,1,-1.70853710209485
2023,17,San Francisco 49ers,00-0037834,Brock Purdy,28,12.4507184973067
2023,17,Seattle Seahawks,00-0030565,Geno Smith,34,7.22391538214695
2023,17,Tampa Bay Buccaneers,00-0034855,Baker Mayfield,35,6.03273730269587
2023,17,Tennessee Titans,00-0029701,Ryan Tannehill,25,-2.4355689408453
2023,17,Tennessee Titans,00-0039152,Will Levis,7,-9.64654427510686
2023,17,Washington Commanders,00-0037077,Sam Howell,29,-9.63256584049157
2023,18,Arizona Cardinals,00-0035228,Kyler Murray,31,14.6975307541967
2023,18,Atlanta Falcons,00-0034438,Logan Woodside,5,-10.0795751017577
2023,18,Atlanta Falcons,00-0038122,Desmond Ridder,30,6.86776979982869
2023,18,Baltimore Ravens,00-0035993,Tyler Huntley,32,-4.67427543968757
2023,18,Buffalo Bills,00-0034857,Josh Allen,41,3.93581785948481
2023,18,Carolina Panthers,00-0039150,Bryce Young,21,-5.80218840235935
2023,18,Chicago Bears,00-0036945,Justin Fields,21,-1.29323868930335
2023,18,Cincinnati Bengals,00-0031288,AJ McCarron,5,-3.55794010788668
2023,18,Cincinnati Bengals,00-0035100,Jake Browning,26,2.50322287282973
2023,18,Cleveland Browns,00-0032436,Jeff Driskel,29,-10.9572080454091
2023,18,Dallas Cowboys,00-0033077,Dak Prescott,36,22.0994229817826
2023,18,Dallas Cowboys,00-0033662,Cooper Rush,4,0.906222457576387
2023,18,Denver Broncos,00-0035264,Jarrett Stidham,39,0.353188783919904
2023,18,Detroit Lions,00-0033106,Jared Goff,33,10.8740984460011
2023,18,Green Bay Packers,00-0036264,Jordan Love,33,15.0738051856032
2023,18,Houston Texans,00-0039163,C.J. Stroud,28,12.0628573574301
2023,18,Indianapolis Colts,00-0035289,Gardner Minshew,25,-3.512757124497
2023,18,Jacksonville Jaguars,00-0036971,Trevor Lawrence,43,1.64986097480869
2023,18,Kansas City Chiefs,00-0027948,Blaine Gabbert,31,-9.4372417079557
2023,18,Las Vegas Raiders,00-0031345,Jimmy Garoppolo,2,-2.13510302826762
2023,18,Las Vegas Raiders,00-0038579,Aidan O'Connell,33,11.4418859272549
2023,18,Los Angeles Chargers,00-0035282,Easton Stick,50,-15.1863502455804
2023,18,Los Angeles Rams,00-0032950,Carson Wentz,26,8.11785306221293
2023,18,Miami Dolphins,00-0036212,Tua Tagovailoa,27,1.25384114834014
2023,18,Minnesota Vikings,00-0033319,Nick Mullens,48,-2.61575236041543
2023,18,New England Patriots,00-0038108,Bailey Zappe,37,-27.749018961737
2023,18,New Orleans Saints,00-0031280,Derek Carr,30,14.9787461519844
2023,18,New York Giants,00-0028118,Tyrod Taylor,33,9.55054857267519
2023,18,New York Giants,00-0038476,Tommy DeVito,3,-1.44832964241505
2023,18,New York Jets,00-0032156,Trevor Siemian,21,-11.0076325924121
2023,18,Philadelphia Eagles,00-0032268,Marcus Mariota,23,-4.76245238396096
2023,18,Philadelphia Eagles,00-0036389,Jalen Hurts,18,-10.8732134888414
2023,18,Pittsburgh Steelers,00-0034771,Mason Rudolph,23,0.573040845541982
2023,18,San Francisco 49ers,00-0034869,Sam Darnold,29,5.52399590939505
2023,18,Seattle Seahawks,00-0030565,Geno Smith,28,6.7078468863581
2023,18,Tampa Bay Buccaneers,00-0034855,Baker Mayfield,35,-7.99126026388549
2023,18,Tennessee Titans,00-0029701,Ryan Tannehill,28,0.881224628596101
2023,18,Washington Commanders,00-0037077,Sam Howell,31,-6.82263392763982
2024,1,Arizona Cardinals,00-0035228,Kyler Murray,35,-1.18484973521212
2024,1,Atlanta Falcons,00-0029604,Kirk Cousins,28,-11.084852608804
2024,1,Baltimore Ravens,00-0034796,Lamar Jackson,42,-2.49115960456703
2024,1,Buffalo Bills,00-0034857,Josh Allen,25,9.16109809110099
2024,1,Carolina Panthers,00-0027973,Andy Dalton,1,-0.621023823157884
2024,1,Carolina Panthers,00-0039150,Bryce Young,34,-17.8462707026555
2024,1,Chicago Bears,00-0039918,Caleb Williams,31,-12.146704188691
2024,1,Cincinnati Bengals,00-0036442,Joe Burrow,32,-4.17061477770086
2024,1,Cleveland Browns,00-0033537,Deshaun Watson,51,-23.1156564790872
2024,1,Dallas Cowboys,00-0033077,Dak Prescott,35,-6.66733779556219
2024,1,Denver Broncos,00-0039732,Bo Nix,44,-18.2777050810312
2024,1,Detroit Lions,00-0033106,Jared Goff,30,-4.80845640836505
2024,1,Green Bay Packers,00-0036264,Jordan Love,35,2.81122476769827
2024,1,Green Bay Packers,00-0038128,Malik Willis,2,-0.437543490610551
2024,1,Houston Texans,00-0039163,C.J. Stroud,36,7.50769699631289
2024,1,Indianapolis Colts,00-0039164,Anthony Richardson,21,-3.03312579565682
2024,1,Jacksonville Jaguars,00-0036971,Trevor Lawrence,24,1.7065504872973
2024,1,Kansas City Chiefs,00-0033873,Patrick Mahomes,30,11.084406207205
2024,1,Las Vegas Raiders,00-0035289,Gardner Minshew,37,-1.24270464111188
2024,1,Los Angeles Chargers,00-0036355,Justin Herbert,27,-4.8758797533951
2024,1,Los Angeles Rams,00-0026498,Matthew Stafford,51,4.53642090752381
2024,1,Miami Dolphins,00-0036212,Tua Tagovailoa,40,4.32355223867689
2024,1,Minnesota Vikings,00-0034869,Sam Darnold,25,9.55471640836913
2024,1,New England Patriots,00-0033119,Jacoby Brissett,25,-1.96937973459018
2024,1,New Orleans Saints,00-0031280,Derek Carr,24,8.54713064250724
2024,1,New Orleans Saints,00-0038998,Jake Haener,1,-0.553639880556148
2024,1,New York Giants,00-0035710,Daniel Jones,47,-22.5938377229591
2024,1,New York Jets,00-0023459,Aaron Rodgers,22,3.25828279805137
2024,1,New York Jets,00-0028118,Tyrod Taylor,8,2.26353655256401
2024,1,Philadelphia Eagles,00-0036389,Jalen Hurts,36,11.1771720949667
2024,1,Pittsburgh Steelers,00-0036945,Justin Fields,25,-1.35227671348093
2024,1,San Francisco 49ers,00-0037834,Brock Purdy,31,6.50139941697931
2024,1,Seattle Seahawks,00-0030565,Geno Smith,27,-5.73969622205013
2024,1,Tampa Bay Buccaneers,00-0034855,Baker Mayfield,31,20.5917650508429
2024,1,Tennessee Titans,00-0039152,Will Levis,35,-18.1711794079763
2024,1,Washington Commanders,00-0039910,Jayden Daniels,26,-1.73887948181627
2024,2,Arizona Cardinals,00-0035228,Kyler Murray,22,18.1010885911674
2024,2,Atlanta Falcons,00-0029604,Kirk Cousins,30,9.08310133978105
2024,2,Baltimore Ravens,00-0034796,Lamar Jackson,36,0.953601602469705
2024,2,Buffalo Bills,00-0034857,Josh Allen,19,11.1514128833047
2024,2,Carolina Panthers,00-0039150,Bryce Young,28,-22.0533718011594
2024,2,Chicago Bears,00-0039918,Caleb Williams,44,-21.5613644758641
2024,2,Cincinnati Bengals,00-0036442,Joe Burrow,39,3.9209349206325
2024,2,Cleveland Browns,00-0033537,Deshaun Watson,36,1.24595411384575
2024,2,Dallas Cowboys,00-0033077,Dak Prescott,42,-8.37560999311421
2024,2,Dallas Cowboys,00-0033662,Cooper Rush,3,-1.98565843654796
2024,2,Denver Broncos,00-0039732,Bo Nix,37,-8.62482516732967
2024,2,Detroit Lions,00-0033106,Jared Goff,55,-13.6682743768642
2024,2,Green Bay Packers,00-0038128,Malik Willis,14,8.98679386245334
2024,2,Houston Texans,00-0039163,C.J. Stroud,39,1.60885612006667
2024,2,Indianapolis Colts,00-0039164,Anthony Richardson,35,-8.04049354773438
2024,2,Jacksonville Jaguars,00-0036971,Trevor Lawrence,34,-6.10134373311974
2024,2,Kansas City Chiefs,00-0033873,Patrick Mahomes,27,-9.66845725371365
2024,2,Las Vegas Raiders,00-0035289,Gardner Minshew,43,-2.41613252670879
2024,2,Los Angeles Chargers,00-0036355,Justin Herbert,21,1.43365128247796
2024,2,Los Angeles Rams,00-0026498,Matthew Stafford,32,-11.1595926315826
2024,2,Miami Dolphins,00-0036212,Tua Tagovailoa,26,-10.6672314542831
2024,2,Miami Dolphins,00-0037327,Skylar Thompson,15,-5.73660835105693
2024,2,Minnesota Vikings,00-0034869,Sam Darnold,29,-1.3144269203881
2024,2,New England Patriots,00-0033119,Jacoby Brissett,30,-0.17010632950141
2024,2,New Orleans Saints,00-0031280,Derek Carr,17,14.0258297359687
2024,2,New York Giants,00-0035710,Daniel Jones,29,6.82496415564697
2024,2,New York Jets,00-0023459,Aaron Rodgers,32,1.65376894697476
2024,2,Philadelphia Eagles,00-0036389,Jalen Hurts,31,1.80382428408812
2024,2,Pittsburgh Steelers,00-0036945,Justin Fields,22,2.2096759651995
2024,2,San Francisco 49ers,00-0037834,Brock Purdy,42,0.564605895226123
2024,2,Seattle Seahawks,00-0030565,Geno Smith,47,9.29315744260666
2024,2,Tampa Bay Buccaneers,00-0034855,Baker Mayfield,24,-3.43617994026799
2024,2,Tennessee Titans,00-0039152,Will Levis,32,-6.44535794708645
2024,2,Washington Commanders,00-0039910,Jayden Daniels,34,4.70781597597894
2024,3,Arizona Cardinals,00-0035228,Kyler Murray,35,-5.63190472375212
2024,3,Atlanta Falcons,00-0029604,Kirk Cousins,31,2.79672936877744
2024,3,Baltimore Ravens,00-0034796,Lamar Jackson,15,10.6708586547757
2024,3,Buffalo Bills,00-0033869,Mitchell Trubisky,1,-1.0343312335142
2024,3,Buffalo Bills,00-0034857,Josh Allen,30,22.4155352291973
2024,3,Carolina Panthers,00-0027973,Andy Dalton,39,12.3547788165059
2024,3,Chicago Bears,00-0039918,Caleb Williams,56,-7.58454726484688
2024,3,Cincinnati Bengals,00-0036442,Joe Burrow,40,16.0279629730154
2024,3,Cleveland Browns,00-0033537,Deshaun Watson,45,-19.5190296937471
2024,3,Dallas Cowboys,00-0033077,Dak Prescott,54,6.1971607953826
2024,3,Denver Broncos,00-0039732,Bo Nix,36,2.11585522394434
2024,3,Detroit Lions,00-0033106,Jared Goff,25,5.86915229744045
2024,3,Green Bay Packers,00-0038128,Malik Willis,22,3.52078201780931
2024,3,Houston Texans,00-0036898,Davis Mills,13,-1.26065409998409
2024,3,Houston Texans,00-0039163,C.J. Stroud,35,-8.83702184690944
2024,3,Indianapolis Colts,00-0039164,Anthony Richardson,21,-10.2930244162562
2024,3,Jacksonville Jaguars,00-0036971,Trevor Lawrence,42,-16.0831056007335
2024,3,Jacksonville Jaguars,00-0036972,Mac Jones,9,-10.0527353156358
2024,3,Kansas City Chiefs,00-0033873,Patrick Mahomes,39,2.41287785930045
2024,3,Las Vegas Raiders,00-0035289,Gardner Minshew,30,-4.29636285468373
2024,3,Las Vegas Raiders,00-0038579,Aidan O'Connell,13,5.55514222802594
2024,3,Los Angeles Chargers,00-0031800,Taylor Heinicke,5,-3.60795848350972
2024,3,Los Angeles Chargers,00-0036355,Justin Herbert,20,1.56036040572698
2024,3,Los Angeles Rams,00-0026498,Matthew Stafford,28,3.40812083655558
2024,3,Miami Dolphins,00-0034177,Tim Boyle,14,-7.54800815210911
2024,3,Miami Dolphins,00-0037327,Skylar Thompson,24,-9.77441679095619
2024,3,Minnesota Vikings,00-0034869,Sam Darnold,32,5.25261193368137
2024,3,New England Patriots,00-0033119,Jacoby Brissett,23,-10.965362024573
2024,3,New England Patriots,00-0039851,Drake Maye,10,-5.41098861844512
2024,3,New Orleans Saints,00-0031280,Derek Carr,26,0.584549674351478
2024,3,New York Giants,00-0035710,Daniel Jones,36,9.84773778566159
2024,3,New York Jets,00-0023459,Aaron Rodgers,37,18.2047846058054
2024,3,Philadelphia Eagles,00-0036389,Jalen Hurts,42,-5.04856884478722
2024,3,Pittsburgh Steelers,00-0036945,Justin Fields,34,8.20547506799027
2024,3,San Francisco 49ers,00-0037834,Brock Purdy,31,14.3220984572254
2024,3,Seattle Seahawks,00-0030565,Geno Smith,37,-0.812698218889637
2024,3,Tampa Bay Buccaneers,00-0034855,Baker Mayfield,40,-18.2820711965614
2024,3,Tennessee Titans,00-0039152,Will Levis,42,-16.9798583539086
2024,3,Washington Commanders,00-0039910,Jayden Daniels,25,21.6119452933805
2024,4,Arizona Cardinals,00-0035228,Kyler Murray,26,-0.433252623362932
2024,4,Atlanta Falcons,00-0029604,Kirk Cousins,36,-1.06919665939202
2024,4,Baltimore Ravens,00-0026300,Josh Johnson,1,-1.40565618581604
2024,4,Baltimore Ravens,00-0034796,Lamar Jackson,19,9.18240897619398
2024,4,Buffalo Bills,00-0033869,Mitchell Trubisky,2,-0.743146159220487
2024,4,Buffalo Bills,00-0034857,Josh Allen,32,-7.57548468329067
2024,4,Carolina Panthers,00-0027973,Andy Dalton,40,3.09906837376671
2024,4,Chicago Bears,00-0039918,Caleb Williams,26,2.08351519029567
2024,4,Cincinnati Bengals,00-0036442,Joe Burrow,31,8.98819512981572
2024,4,Cleveland Browns,00-0033537,Deshaun Watson,35,-6.92235081968829
2024,4,Dallas Cowboys,00-0033077,Dak Prescott,28,10.9522814873646
2024,4,Denver Broncos,00-0039732,Bo Nix,25,-12.9650779010844
2024,4,Detroit Lions,00-0033106,Jared Goff,21,17.8984075183398
2024,4,Green Bay Packers,00-0036264,Jordan Love,55,-5.01713239945528
2024,4,Houston Texans,00-0039163,C.J. Stroud,42,14.3055879348552
2024,4,Indianapolis Colts,00-0026158,Joe Flacco,28,7.75792678805173
2024,4,Indianapolis Colts,00-0039164,Anthony Richardson,4,4.27792864560615
2024,4,Jacksonville Jaguars,00-0036971,Trevor Lawrence,34,-1.38053591885384
2024,4,Kansas City Chiefs,00-0033873,Patrick Mahomes,32,-1.60649225534573
2024,4,Las Vegas Raiders,00-0035289,Gardner Minshew,26,-3.77517822363706
2024,4,Los Angeles Chargers,00-0036355,Justin Herbert,29,-2.04998479037849
2024,4,Los Angeles Rams,00-0026498,Matthew Stafford,32,-2.28762569654155
2024,4,Miami Dolphins,00-0035993,Tyler Huntley,24,-11.762692842773
2024,4,Minnesota Vikings,00-0034869,Sam Darnold,30,8.12683829251762
2024,4,New England Patriots,00-0033119,Jacoby Brissett,38,-15.7683607364561
2024,4,New Orleans Saints,00-0031280,Derek Carr,37,-0.108686274679994
2024,4,New York Giants,00-0035710,Daniel Jones,41,4.43963195608732
2024,4,New York Jets,00-0023459,Aaron Rodgers,47,-12.0875420637184
2024,4,Philadelphia Eagles,00-0036389,Jalen Hurts,36,-10.5923639612738
2024,4,Pittsburgh Steelers,00-0036945,Justin Fields,38,3.55402587446486
2024,4,San Francisco 49ers,00-0037834,Brock Purdy,28,6.95503554671041
2024,4,Seattle Seahawks,00-0030565,Geno Smith,59,8.86720234840517
2024,4,Tampa Bay Buccaneers,00-0034855,Baker Mayfield,49,9.35312564888418
2024,4,Tennessee Titans,00-0034771,Mason Rudolph,18,-3.86734557874288
2024,4,Tennessee Titans,00-0039152,Will Levis,4,-3.08477671723813
2024,4,Washington Commanders,00-0039910,Jayden Daniels,30,14.1612582802296
2024,5,Arizona Cardinals,00-0035228,Kyler Murray,31,-1.82734852218998
2024,5,Atlanta Falcons,00-0029604,Kirk Cousins,62,21.9140508916
2024,5,Baltimore Ravens,00-0034796,Lamar Jackson,43,21.248209867206
2024,5,Buffalo Bills,00-0034857,Josh Allen,31,-5.13194619688034
2024,5,Carolina Panthers,00-0027973,Andy Dalton,31,-12.5028707781958
2024,5,Carolina Panthers,00-0039150,Bryce Young,8,-0.356128446175717
2024,5,Chicago Bears,00-0039918,Caleb Williams,30,14.1429141845853
2024,5,Cincinnati Bengals,00-0036442,Joe Burrow,42,23.6110695962561
2024,5,Cleveland Browns,00-0031503,Jameis Winston,1,0.807456493610516
2024,5,Cleveland Browns,00-0033537,Deshaun Watson,35,-15.0721900767189
2024,5,Dallas Cowboys,00-0033077,Dak Prescott,44,10.6773030286268
2024,5,Denver Broncos,00-0039732,Bo Nix,30,2.48556130982099
2024,5,Green Bay Packers,00-0036264,Jordan Love,28,-0.749097651035173
2024,5,Houston Texans,00-0039163,C.J. Stroud,39,6.22630780538768
2024,5,Indianapolis Colts,00-0026158,Joe Flacco,48,10.4048808673696
2024,5,Jacksonville Jaguars,00-0036971,Trevor Lawrence,34,16.7566847457783
2024,5,Kansas City Chiefs,00-0033873,Patrick Mahomes,41,2.95011154963049
2024,5,Las Vegas Raiders,00-0035289,Gardner Minshew,19,-10.3565563621426
2024,5,Las Vegas Raiders,00-0038579,Aidan O'Connell,21,-5.34393967577489
2024,5,Los Angeles Rams,00-0026498,Matthew Stafford,48,-8.96731592144352
2024,5,Miami Dolphins,00-0035993,Tyler Huntley,34,-3.49542940458307
2024,5,Minnesota Vikings,00-0033319,Nick Mullens,1,2.59322250972036
2024,5,Minnesota Vikings,00-0034869,Sam Darnold,35,-12.017415677671
2024,5,New England Patriots,00-0033119,Jacoby Brissett,36,-8.80810501502878
2024,5,New Orleans Saints,00-0031280,Derek Carr,29,-0.0354039146914147
2024,5,New Orleans Saints,00-0038998,Jake Haener,7,-2.62091365212109
2024,5,New York Giants,00-0035710,Daniel Jones,37,7.5902143119057
2024,5,New York Jets,00-0023459,Aaron Rodgers,57,-16.1563287392884
2024,5,Pittsburgh Steelers,00-0034577,Kyle Allen,1,1.43255293625407
2024,5,Pittsburgh Steelers,00-0036945,Justin Fields,30,-3.47151121470961
2024,5,San Francisco 49ers,00-0037834,Brock Purdy,37,-0.896839114267483
2024,5,Seattle Seahawks,00-0030565,Geno Smith,47,-4.12015832349143
2024,5,Tampa Bay Buccaneers,00-0034855,Baker Mayfield,25,9.38763799016181
2024,5,Washington Commanders,00-0032268,Marcus Mariota,3,-3.30109408253338
2024,5,Washington Commanders,00-0039910,Jayden Daniels,28,2.37871155972952
2024,6,Arizona Cardinals,00-0035228,Kyler Murray,32,7.70892988773719
2024,6,Atlanta Falcons,00-0029604,Kirk Cousins,30,12.3116146629755
2024,6,Baltimore Ravens,00-0034796,Lamar Jackson,28,11.0016313774846
2024,6,Buffalo Bills,00-0034857,Josh Allen,27,10.847876160386
2024,6,Carolina Panthers,00-0027973,Andy Dalton,38,-4.90679464920747
2024,6,Chicago Bears,00-0039918,Caleb Williams,32,14.2730440163869
2024,6,Cincinnati Bengals,00-0036442,Joe Burrow,32,-0.512692440062944
2024,6,Cleveland Browns,00-0033537,Deshaun Watson,28,1.51598507240689
2024,6,Dallas Cowboys,00-0033077,Dak Prescott,37,-19.5179266415295
2024,6,Dallas Cowboys,00-0033662,Cooper Rush,11,-3.49634121556301
2024,6,Denver Broncos,00-0039732,Bo Nix,35,-3.46127698583575
2024,6,Detroit Lions,00-0033106,Jared Goff,27,19.5589477648676
2024,6,Detroit Lions,00-0038550,Hendon Hooker,3,-3.35311812889995
2024,6,Green Bay Packers,00-0036264,Jordan Love,32,14.8546571109413
2024,6,Houston Texans,00-0036898,Davis Mills,1,-0.768178034573793
2024,6,Houston Texans,00-0039163,C.J. Stroud,33,2.62392375450648
2024,6,Indianapolis Colts,00-0026158,Joe Flacco,38,1.57339303954433
2024,6,Jacksonville Jaguars,00-0036971,Trevor Lawrence,38,8.48462731704374
2024,6,Jacksonville Jaguars,00-0036972,Mac Jones,2,-1.50774074264336
2024,6,Las Vegas Raiders,00-0038579,Aidan O'Connell,41,-3.81664116088348
2024,6,Los Angeles Chargers,00-0036355,Justin Herbert,37,8.11574630013623
2024,6,New England Patriots,00-0039851,Drake Maye,37,-9.78136672236724
2024,6,New Orleans Saints,00-0039376,Spencer Rattler,45,-13.8463931326512
2024,6,New York Giants,00-0035710,Daniel Jones,43,-15.2649513917411
2024,6,New York Jets,00-0023459,Aaron Rodgers,38,11.1570515999605
2024,6,Philadelphia Eagles,00-0036389,Jalen Hurts,26,7.14371745643391
2024,6,Pittsburgh Steelers,00-0036945,Justin Fields,27,-0.43266823753362
2024,6,San Francisco 49ers,00-0037834,Brock Purdy,28,11.726026032879
2024,6,Seattle Seahawks,00-0030565,Geno Smith,53,3.71631644625354
2024,6,Tampa Bay Buccaneers,00-0034855,Baker Mayfield,37,3.20928482891661
2024,6,Tennessee Titans,00-0039152,Will Levis,27,-5.68486237574935
2024,6,Washington Commanders,00-0039910,Jayden Daniels,38,9.49313516664466
2024,7,Arizona Cardinals,00-0035228,Kyler Murray,26,-0.342084506643005
2024,7,Atlanta Falcons,00-0029604,Kirk Cousins,38,-9.43023947800744
2024,7,Atlanta Falcons,00-0039917,Michael Penix,1,1.37681665818673
2024,7,Baltimore Ravens,00-0034796,Lamar Jackson,24,25.1170437784055
2024,7,Buffalo Bills,00-0034857,Josh Allen,34,12.8519465642133
2024,7,Carolina Panthers,00-0027973,Andy Dalton,18,-16.4660492659896
2024,7,Carolina Panthers,00-0039150,Bryce Young,2,-1.86007950594649
2024,7,Cincinnati Bengals,00-0036442,Joe Burrow,28,-1.77186365809757
2024,7,Cleveland Browns,00-0031503,Jameis Winston,12,7.03115019037807
2024,7,Cleveland Browns,00-0033537,Deshaun Watson,19,0.326011875877157
2024,7,Cleveland Browns,00-0038583,Dorian Thompson-Robinson,25,-19.3183974666172
2024,7,Denver Broncos,00-0039732,Bo Nix,26,1.16374429588911
2024,7,Detroit Lions,00-0033106,Jared Goff,29,14.9178967400803
2024,7,Green Bay Packers,00-0036264,Jordan Love,36,-0.621617916138208
2024,7,Houston Texans,00-0039163,C.J. Stroud,25,-11.3635155555556
2024,7,Indianapolis Colts,00-0039164,Anthony Richardson,24,-5.32929617855242
2024,7,Jacksonville Jaguars,00-0036971,Trevor Lawrence,20,11.1889446730762
2024,7,Kansas City Chiefs,00-0033873,Patrick Mahomes,29,-5.72324236755958
2024,7,Las Vegas Raiders,00-0035289,Gardner Minshew,36,-23.1651244709085
2024,7,Las Vegas Raiders,00-0038579,Aidan O'Connell,10,-1.13138372031972
2024,7,Los Angeles Chargers,00-0036355,Justin Herbert,42,13.25013419341
2024,7,Los Angeles Rams,00-0026498,Matthew Stafford,24,-7.25289068279484
2024,7,Miami Dolphins,00-0034177,Tim Boyle,13,0.449801347742323
2024,7,Miami Dolphins,00-0035993,Tyler Huntley,15,-2.91016859096341
2024,7,Minnesota Vikings,00-0034869,Sam Darnold,31,-0.766999171930866
2024,7,New England Patriots,00-0039851,Drake Maye,39,6.86378566139179
2024,7,New Orleans Saints,00-0038998,Jake Haener,4,3.72810382669559
2024,7,New Orleans Saints,00-0039376,Spencer Rattler,41,-28.0943614834752
2024,7,New York Giants,00-0035704,Drew Lock,9,-7.03727359883487
2024,7,New York Giants,00-0035710,Daniel Jones,28,-15.5088582844473
2024,7,New York Jets,00-0023459,Aaron Rodgers,40,0.0847212394392392
2024,7,Philadelphia Eagles,00-0036389,Jalen Hurts,18,-2.07272099459078
2024,7,Philadelphia Eagles,00-0038102,Kenny Pickett,2,-1.67581973120105
2024,7,Pittsburgh Steelers,00-0029263,Russell Wilson,30,8.76133866860301
2024,7,San Francisco 49ers,00-0037834,Brock Purdy,32,-10.6954166349416
2024,7,Seattle Seahawks,00-0030565,Geno Smith,29,7.13020794788529
2024,7,Tampa Bay Buccaneers,00-0034855,Baker Mayfield,48,12.2460479272049
2024,7,Tennessee Titans,00-0034771,Mason Rudolph,43,-3.63625608987428
2024,7,Washington Commanders,00-0032268,Marcus Mariota,24,11.832089762105
2024,7,Washington Commanders,00-0039910,Jayden Daniels,2,-1.23999594649457
2024,8,Arizona Cardinals,00-0035228,Kyler Murray,36,18.3335397060535
2024,8,Atlanta Falcons,00-0029604,Kirk Cousins,31,15.1420789656695
2024,8,Baltimore Ravens,00-0034796,Lamar Jackson,41,7.56571184854228
2024,8,Buffalo Bills,00-0034857,Josh Allen,35,12.495397780473
2024,8,Carolina Panthers,00-0039150,Bryce Young,39,-2.80137031321647
2024,8,Chicago Bears,00-0039918,Caleb Williams,27,-8.28472126381518
2024,8,Cincinnati Bengals,00-0036442,Joe Burrow,38,6.64494653954205
2024,8,Cleveland Browns,00-0031503,Jameis Winston,43,11.8995604208648
2024,8,Dallas Cowboys,00-0033077,Dak Prescott,40,0.926180576583125
2024,8,Denver Broncos,00-0039732,Bo Nix,39,13.6372620635375
2024,8,Detroit Lions,00-0033106,Jared Goff,19,-3.54987913798902
2024,8,Detroit Lions,00-0038550,Hendon Hooker,3,-2.3470915579237
2024,8,Green Bay Packers,00-0036264,Jordan Love,22,2.87248520736805
2024,8,Green Bay Packers,00-0038128,Malik Willis,6,3.1558722864138
2024,8,Houston Texans,00-0039163,C.J. Stroud,39,5.50370747311115
2024,8,Indianapolis Colts,00-0039164,Anthony Richardson,37,-8.09227265038685
2024,8,Jacksonville Jaguars,00-0036971,Trevor Lawrence,33,5.36896218381285
2024,8,Kansas City Chiefs,00-0033873,Patrick Mahomes,39,10.5764199860139
2024,8,Las Vegas Raiders,00-0035289,Gardner Minshew,35,6.04688261405246
2024,8,Los Angeles Chargers,00-0036355,Justin Herbert,35,2.14943295525582
2024,8,Los Angeles Rams,00-0026498,Matthew Stafford,34,15.8902777265175
2024,8,Miami Dolphins,00-0036212,Tua Tagovailoa,39,8.73197642838011
2024,8,Minnesota Vikings,00-0034869,Sam Darnold,28,8.46824148462099
2024,8,New England Patriots,00-0033119,Jacoby Brissett,25,2.74770635251047
2024,8,New England Patriots,00-0039851,Drake Maye,7,-2.8058212546166
2024,8,New Orleans Saints,00-0038998,Jake Haener,19,-4.72029578489993
2024,8,New Orleans Saints,00-0039376,Spencer Rattler,27,-5.94772837891521
2024,8,New York Giants,00-0035710,Daniel Jones,42,-1.20344384804661
2024,8,New York Jets,00-0023459,Aaron Rodgers,29,4.21573919234711
2024,8,Philadelphia Eagles,00-0036389,Jalen Hurts,20,14.4045603687321
2024,8,Pittsburgh Steelers,00-0029263,Russell Wilson,32,3.76213792070396
2024,8,San Francisco 49ers,00-0037834,Brock Purdy,28,7.32197710715984
2024,8,Seattle Seahawks,00-0030565,Geno Smith,30,1.15311450505527
2024,8,Tampa Bay Buccaneers,00-0034855,Baker Mayfield,50,8.49093466914015
2024,8,Tennessee Titans,00-0034771,Mason Rudolph,39,-12.4751850617758
2024,8,Washington Commanders,00-0039910,Jayden Daniels,40,6.43808670290933
2024,9,Arizona Cardinals,00-0035228,Kyler Murray,23,-1.32383254964935
2024,9,Atlanta Falcons,00-0029604,Kirk Cousins,26,8.40133202972356
2024,9,Baltimore Ravens,00-0034796,Lamar Jackson,20,19.339015614314
2024,9,Buffalo Bills,00-0034857,Josh Allen,40,8.92641708365423
2024,9,Carolina Panthers,00-0039150,Bryce Young,27,-0.559003095669398
2024,9,Chicago Bears,00-0039918,Caleb Williams,47,-10.9119495510745
2024,9,Cincinnati Bengals,00-0036442,Joe Burrow,40,7.01667318537007
2024,9,Cleveland Browns,00-0031503,Jameis Winston,52,-20.9643222895208
2024,9,Dallas Cowboys,00-0033077,Dak Prescott,27,-3.45343743066989
2024,9,Dallas Cowboys,00-0033662,Cooper Rush,25,1.42938477014843
2024,9,Denver Broncos,00-0039732,Bo Nix,37,-11.4422278663702
2024,9,Detroit Lions,00-0033106,Jared Goff,23,5.94298053842137
2024,9,Green Bay Packers,00-0036264,Jordan Love,39,-3.08127624372688
2024,9,Houston Texans,00-0039163,C.J. Stroud,38,-13.4376472278345
2024,9,Indianapolis Colts,00-0026158,Joe Flacco,30,-8.77537292842407
2024,9,Jacksonville Jaguars,00-0036971,Trevor Lawrence,33,-8.78526806831337
2024,9,Kansas City Chiefs,00-0033873,Patrick Mahomes,48,16.1055098749386
2024,9,Las Vegas Raiders,00-0035289,Gardner Minshew,18,0.950495285156649
2024,9,Las Vegas Raiders,00-0038122,Desmond Ridder,20,-10.5382040388649
2024,9,Los Angeles Chargers,00-0036355,Justin Herbert,33,1.32420072042493
2024,9,Los Angeles Rams,00-0026498,Matthew Stafford,44,3.87341850752017
2024,9,Miami Dolphins,00-0036212,Tua Tagovailoa,29,17.5443281268941
2024,9,Minnesota Vikings,00-0034869,Sam Darnold,38,-6.18527817591738
2024,9,New England Patriots,00-0039851,Drake Maye,45,-11.3906480868478
2024,9,New Orleans Saints,00-0031280,Derek Carr,32,3.40296013116693
2024,9,New York Giants,00-0035710,Daniel Jones,28,-1.96801251920965
2024,9,New York Jets,00-0023459,Aaron Rodgers,34,8.60553915501805
2024,9,Philadelphia Eagles,00-0036389,Jalen Hurts,27,4.18369190142321
2024,9,Seattle Seahawks,00-0030565,Geno Smith,41,-5.46529631217709
2024,9,Tampa Bay Buccaneers,00-0034855,Baker Mayfield,33,7.63886383807598
2024,9,Tennessee Titans,00-0034771,Mason Rudolph,34,5.17484951857477
2024,9,Washington Commanders,00-0039910,Jayden Daniels,22,9.80972033237716
2024,10,Arizona Cardinals,00-0035228,Kyler Murray,25,17.9805560815926
2024,10,Atlanta Falcons,00-0029604,Kirk Cousins,41,-1.24544648906194
2024,10,Baltimore Ravens,00-0034796,Lamar Jackson,33,19.6599023154995
2024,10,Buffalo Bills,00-0034857,Josh Allen,39,-6.46351329248964
2024,10,Carolina Panthers,00-0039150,Bryce Young,26,-2.38272735218328
2024,10,Chicago Bears,00-0039918,Caleb Williams,39,-22.3574609561343
2024,10,Cincinnati Bengals,00-0036442,Joe Burrow,59,12.2341983179941
2024,10,Dallas Cowboys,00-0033662,Cooper Rush,24,-16.9547136454729
2024,10,Dallas Cowboys,00-0037012,Trey Lance,8,-5.3423777257558
2024,10,Denver Broncos,00-0039732,Bo Nix,32,7.6963486662157
2024,10,Detroit Lions,00-0033106,Jared Goff,30,-1.86882130776793
2024,10,Houston Texans,00-0039163,C.J. Stroud,37,-5.87445884275167
2024,10,Indianapolis Colts,00-0026158,Joe Flacco,39,-12.4511613073038
2024,10,Jacksonville Jaguars,00-0036972,Mac Jones,25,-8.99773466133047
2024,10,Kansas City Chiefs,00-0033873,Patrick Mahomes,46,3.8779830225843
2024,10,Los Angeles Chargers,00-0036355,Justin Herbert,18,9.66890458690021
2024,10,Los Angeles Rams,00-0026498,Matthew Stafford,50,-7.01956508629825
2024,10,Miami Dolphins,00-0036212,Tua Tagovailoa,31,-1.53125145915167
2024,10,Minnesota Vikings,00-0034869,Sam Darnold,39,-2.42235770028868
2024,10,New England Patriots,00-0039851,Drake Maye,26,-1.33424407009612
2024,10,New Orleans Saints,00-0031280,Derek Carr,25,6.2228570164317
2024,10,New York Giants,00-0035710,Daniel Jones,39,-10.2802567867097
2024,10,New York Jets,00-0023459,Aaron Rodgers,38,-10.8933480572468
2024,10,Philadelphia Eagles,00-0036389,Jalen Hurts,25,-4.80001130066086
2024,10,Philadelphia Eagles,00-0038102,Kenny Pickett,2,-1.31991370703327
2024,10,Pittsburgh Steelers,00-0029263,Russell Wilson,31,7.32939567882568
2024,10,San Francisco 49ers,00-0037834,Brock Purdy,39,17.4203885839368
2024,10,Tampa Bay Buccaneers,00-0034855,Baker Mayfield,31,-1.52073396574179
2024,10,Tennessee Titans,00-0039152,Will Levis,30,1.36351780530621
2024,10,Washington Commanders,00-0039910,Jayden Daniels,37,-9.26198055471391
2024,11,Atlanta Falcons,00-0029604,Kirk Cousins,30,-7.25500904515447
2024,11,Atlanta Falcons,00-0039917,Michael Penix,5,1.80463381484151
2024,11,Baltimore Ravens,00-0034796,Lamar Jackson,35,-2.4386209839499
2024,11,Buffalo Bills,00-0034857,Josh Allen,40,5.96175868702834
2024,11,Chicago Bears,00-0039918,Caleb Williams,34,3.19334448202754
2024,11,Cincinnati Bengals,00-0036442,Joe Burrow,53,6.4361531409213
2024,11,Cleveland Browns,00-0031503,Jameis Winston,49,9.08358893541539
2024,11,Cleveland Browns,00-0038583,Dorian Thompson-Robinson,1,-0.476439242600463
2024,11,Dallas Cowboys,00-0033662,Cooper Rush,60,-13.6795662365272
2024,11,Denver Broncos,00-0039732,Bo Nix,34,22.7214082656772
2024,11,Detroit Lions,00-0033106,Jared Goff,29,32.9764359105029
2024,11,Detroit Lions,00-0038550,Hendon Hooker,4,3.62332212142916
2024,11,Green Bay Packers,00-0036264,Jordan Love,18,13.0757455275743
2024,11,Houston Texans,00-0039163,C.J. Stroud,35,6.41801194752379
2024,11,Indianapolis Colts,00-0039164,Anthony Richardson,32,8.69070818089531
2024,11,Jacksonville Jaguars,00-0036972,Mac Jones,30,-11.8684791115754
2024,11,Kansas City Chiefs,00-0033873,Patrick Mahomes,35,5.59977835550671
2024,11,Las Vegas Raiders,00-0035289,Gardner Minshew,46,4.92272396759833
2024,11,Los Angeles Chargers,00-0036355,Justin Herbert,38,1.99909936431424
2024,11,Los Angeles Rams,00-0026498,Matthew Stafford,27,16.001792662763
2024,11,Miami Dolphins,00-0036212,Tua Tagovailoa,38,24.5414470207597
2024,11,Minnesota Vikings,00-0034869,Sam Darnold,34,7.44695669365934
2024,11,New England Patriots,00-0039851,Drake Maye,42,11.0939822428241
2024,11,New Orleans Saints,00-0031280,Derek Carr,28,12.2701673479751
2024,11,New York Jets,00-0023459,Aaron Rodgers,32,-0.448178460415825
2024,11,Philadelphia Eagles,00-0036389,Jalen Hurts,30,0.873731272860386
2024,11,Pittsburgh Steelers,00-0029263,Russell Wilson,40,-11.5912123409854
2024,11,San Francisco 49ers,00-0037834,Brock Purdy,30,0.767017843984415
2024,11,Seattle Seahawks,00-0030565,Geno Smith,36,-0.754931041054485
2024,11,Tennessee Titans,00-0039152,Will Levis,36,1.86654006509965
2024,11,Washington Commanders,00-0039910,Jayden Daniels,35,1.39634559226409
2024,12,Arizona Cardinals,00-0035228,Kyler Murray,42,-5.31243996547814
2024,12,Baltimore Ravens,00-0034796,Lamar Jackson,23,8.12339573477641
2024,12,Carolina Panthers,00-0039150,Bryce Young,37,6.34897130073751
2024,12,Chicago Bears,00-0039918,Caleb Williams,50,4.46716838487772
2024,12,Cleveland Browns,00-0031503,Jameis Winston,28,-0.757085612218129
2024,12,Dallas Cowboys,00-0033662,Cooper Rush,33,8.53961232800434
2024,12,Denver Broncos,00-0039732,Bo Nix,43,8.3375293244868
2024,12,Detroit Lions,00-0033106,Jared Goff,39,9.31117049170435
2024,12,Green Bay Packers,00-0036264,Jordan Love,25,6.63126453928035
2024,12,Houston Texans,00-0039163,C.J. Stroud,37,-6.36541790369975
2024,12,Indianapolis Colts,00-0039164,Anthony Richardson,28,-2.59162710982039
2024,12,Kansas City Chiefs,00-0033873,Patrick Mahomes,42,9.16923968229273
2024,12,Las Vegas Raiders,00-0035289,Gardner Minshew,45,-12.6788155704494
2024,12,Las Vegas Raiders,00-0038122,Desmond Ridder,12,-5.31582181586418
2024,12,Los Angeles Chargers,00-0036355,Justin Herbert,40,-1.83924856758538
2024,12,Los Angeles Rams,00-0026498,Matthew Stafford,41,4.14663812232602
2024,12,Miami Dolphins,00-0036212,Tua Tagovailoa,42,13.0618155745656
2024,12,Minnesota Vikings,00-0033319,Nick Mullens,1,2.27550311293453
2024,12,Minnesota Vikings,00-0034869,Sam Darnold,37,10.175371037454
2024,12,New England Patriots,00-0039851,Drake Maye,41,-11.3491722463658
2024,12,New York Giants,00-0035704,Drew Lock,1,-0.270511479815468
2024,12,New York Giants,00-0038476,Tommy DeVito,35,-6.28094351070467
2024,12,Philadelphia Eagles,00-0036389,Jalen Hurts,23,7.47146181065463
2024,12,Pittsburgh Steelers,00-0029263,Russell Wilson,32,7.8112863110067
2024,12,Pittsburgh Steelers,00-0036945,Justin Fields,1,-1.11985026800539
2024,12,San Francisco 49ers,00-0032434,Brandon Allen,31,-10.6675650451557
2024,12,Seattle Seahawks,00-0030565,Geno Smith,36,2.13066064426675
2024,12,Tampa Bay Buccaneers,00-0034855,Baker Mayfield,30,16.7158563345147
2024,12,Tennessee Titans,00-0039152,Will Levis,32,-1.97456991293512
2024,12,Washington Commanders,00-0039910,Jayden Daniels,42,-6.0825926684275
2024,13,Arizona Cardinals,00-0035228,Kyler Murray,46,0.912289395613792
2024,13,Atlanta Falcons,00-0029604,Kirk Cousins,40,-11.633553486629
2024,13,Baltimore Ravens,00-0034796,Lamar Jackson,39,-0.972688626964985
2024,13,Buffalo Bills,00-0033869,Mitchell Trubisky,1,-0.140397597686388
2024,13,Buffalo Bills,00-0034857,Josh Allen,17,7.45933076986694
2024,13,Carolina Panthers,00-0039150,Bryce Young,47,4.51833309496504
2024,13,Chicago Bears,00-0039918,Caleb Williams,44,-1.30950372731593
2024,13,Cincinnati Bengals,00-0036442,Joe Burrow,42,-1.19445014153278
2024,13,Cleveland Browns,00-0031503,Jameis Winston,61,-2.33928085355948
2024,13,Dallas Cowboys,00-0033662,Cooper Rush,36,-2.71940301306588
2024,13,Denver Broncos,00-0039732,Bo Nix,35,3.29786935802821
2024,13,Detroit Lions,00-0033106,Jared Goff,35,7.12816989561716
2024,13,Green Bay Packers,00-0036264,Jordan Love,28,12.6673592382684
2024,13,Houston Texans,00-0039163,C.J. Stroud,36,2.83019420703489
2024,13,Indianapolis Colts,00-0039164,Anthony Richardson,24,-1.42261526125397
2024,13,Jacksonville Jaguars,00-0036971,Trevor Lawrence,10,-5.04194346535951
2024,13,Jacksonville Jaguars,00-0036972,Mac Jones,32,14.2648484421833
2024,13,Kansas City Chiefs,00-0033873,Patrick Mahomes,51,1.57444237607628
2024,13,Las Vegas Raiders,00-0038579,Aidan O'Connell,38,9.18315133818956
2024,13,Los Angeles Chargers,00-0036355,Justin Herbert,28,-5.19822468294575
2024,13,Los Angeles Rams,00-0026498,Matthew Stafford,26,0.298989115399309
2024,13,Miami Dolphins,00-0036212,Tua Tagovailoa,51,11.9431164705119
2024,13,Minnesota Vikings,00-0034869,Sam Darnold,36,1.0837076229307
2024,13,New England Patriots,00-0039851,Drake Maye,34,7.79395302547934
2024,13,New Orleans Saints,00-0031280,Derek Carr,37,-1.60412874152437
2024,13,New York Giants,00-0035704,Drew Lock,38,-20.7709195239316
2024,13,New York Jets,00-0023459,Aaron Rodgers,41,-14.0390306825284
2024,13,Philadelphia Eagles,00-0036389,Jalen Hurts,21,-1.56735605193535
2024,13,Pittsburgh Steelers,00-0029263,Russell Wilson,40,15.5156647713456
2024,13,San Francisco 49ers,00-0037834,Brock Purdy,20,-6.68632350639641
2024,13,Seattle Seahawks,00-0030565,Geno Smith,34,-1.55871533647877
2024,13,Tampa Bay Buccaneers,00-0034855,Baker Mayfield,37,-8.41891952320968
2024,13,Tampa Bay Buccaneers,00-0036928,Kyle Trask,1,0.297810939140618
2024,13,Tennessee Titans,00-0039152,Will Levis,39,1.92321707107125
2024,13,Washington Commanders,00-0039910,Jayden Daniels,32,10.1279051565457
2024,14,Arizona Cardinals,00-0035228,Kyler Murray,40,-4.43118470647484
2024,14,Atlanta Falcons,00-0029604,Kirk Cousins,38,0.715776417262446
2024,14,Buffalo Bills,00-0034857,Josh Allen,37,16.8236449401593
2024,14,Carolina Panthers,00-0039150,Bryce Young,35,2.78333638899494
2024,14,Chicago Bears,00-0038416,Tyson Bagent,1,0.39104867563583
2024,14,Chicago Bears,00-0039918,Caleb Williams,30,-7.52240022983449
2024,14,Cincinnati Bengals,00-0036442,Joe Burrow,46,10.5752874541005
2024,14,Cleveland Browns,00-0031503,Jameis Winston,44,-10.0373931418802
2024,14,Dallas Cowboys,00-0033662,Cooper Rush,34,-5.96356597625955
2024,14,Detroit Lions,00-0033106,Jared Goff,42,11.8485977010889
2024,14,Green Bay Packers,00-0036264,Jordan Love,21,6.70113650761778
2024,14,Jacksonville Jaguars,00-0036972,Mac Jones,32,5.34427675662568
2024,14,Kansas City Chiefs,00-0033873,Patrick Mahomes,40,0.63031113786961
2024,14,Las Vegas Raiders,00-0038122,Desmond Ridder,19,0.99123402768066
2024,14,Las Vegas Raiders,00-0038579,Aidan O'Connell,20,-7.58080540231743
2024,14,Los Angeles Chargers,00-0036355,Justin Herbert,33,8.15570704702986
2024,14,Los Angeles Rams,00-0026498,Matthew Stafford,30,24.5640909238329
2024,14,Miami Dolphins,00-0036212,Tua Tagovailoa,47,21.0877302103943
2024,14,Minnesota Vikings,00-0034869,Sam Darnold,32,23.604845772603
2024,14,New Orleans Saints,00-0031280,Derek Carr,32,4.26409949565365
2024,14,New Orleans Saints,00-0038998,Jake Haener,1,-1.33921841409756
2024,14,New York Giants,00-0035704,Drew Lock,51,-11.091491396981
2024,14,New York Jets,00-0023459,Aaron Rodgers,42,14.7996972821329
2024,14,Philadelphia Eagles,00-0036389,Jalen Hurts,25,-1.79476411405997
2024,14,Pittsburgh Steelers,00-0029263,Russell Wilson,27,-0.560810978784168
2024,14,San Francisco 49ers,00-0032434,Brandon Allen,1,-1.68661250220612
2024,14,San Francisco 49ers,00-0037834,Brock Purdy,26,22.7808066368743
2024,14,Seattle Seahawks,00-0030565,Geno Smith,30,7.16109256346049
2024,14,Tampa Bay Buccaneers,00-0034855,Baker Mayfield,33,4.73274773161393
2024,14,Tennessee Titans,00-0039152,Will Levis,34,-10.7577261675762
2024,15,Arizona Cardinals,00-0035228,Kyler Murray,30,11.5306865423233
2024,15,Arizona Cardinals,00-0038582,Clayton Tune,2,-1.12801867816597
2024,15,Atlanta Falcons,00-0029604,Kirk Cousins,20,-7.51199788655021
2024,15,Baltimore Ravens,00-0026300,Josh Johnson,1,-1.17933198949322
2024,15,Baltimore Ravens,00-0034796,Lamar Jackson,27,24.6260458354955
2024,15,Buffalo Bills,00-0034857,Josh Allen,34,19.8858444674905
2024,15,Carolina Panthers,00-0039150,Bryce Young,34,-10.2851111220662
2024,15,Chicago Bears,00-0038416,Tyson Bagent,1,-0.072181174706202
2024,15,Chicago Bears,00-0039918,Caleb Williams,33,-4.3481737302995
2024,15,Cincinnati Bengals,00-0036442,Joe Burrow,38,7.05975479294267
2024,15,Cleveland Browns,00-0031503,Jameis Winston,30,-20.1976310822647
2024,15,Cleveland Browns,00-0038583,Dorian Thompson-Robinson,9,-7.47104183508782
2024,15,Dallas Cowboys,00-0033662,Cooper Rush,30,11.5341049367188
2024,15,Denver Broncos,00-0039732,Bo Nix,34,-14.8256102027832
2024,15,Detroit Lions,00-0033106,Jared Goff,62,27.9984133310724
2024,15,Green Bay Packers,00-0036264,Jordan Love,27,10.7823066722223
2024,15,Houston Texans,00-0039163,C.J. Stroud,30,-6.68822988020708
2024,15,Indianapolis Colts,00-0039164,Anthony Richardson,40,-15.755782451023
2024,15,Jacksonville Jaguars,00-0036972,Mac Jones,48,4.56038844722156
2024,15,Kansas City Chiefs,00-0032950,Carson Wentz,2,2.02910937392153
2024,15,Kansas City Chiefs,00-0033873,Patrick Mahomes,38,-4.49124024325283
2024,15,Las Vegas Raiders,00-0038122,Desmond Ridder,42,-7.51598011996712
2024,15,Los Angeles Chargers,00-0031800,Taylor Heinicke,1,-0.289283246384002
2024,15,Los Angeles Chargers,00-0036355,Justin Herbert,36,-11.259282484476
2024,15,Los Angeles Rams,00-0026498,Matthew Stafford,27,-5.89653119931826
2024,15,Miami Dolphins,00-0036212,Tua Tagovailoa,43,-8.85468627409876
2024,15,Minnesota Vikings,00-0034869,Sam Darnold,42,2.88645001306424
2024,15,New England Patriots,00-0039851,Drake Maye,25,3.4368945037442
2024,15,New Orleans Saints,00-0038998,Jake Haener,13,-9.442515248782
2024,15,New Orleans Saints,00-0039376,Spencer Rattler,21,6.28820632431501
2024,15,New York Giants,00-0034177,Tim Boyle,25,-7.38970461615827
2024,15,New York Giants,00-0038476,Tommy DeVito,15,-1.72798897960456
2024,15,New York Jets,00-0023459,Aaron Rodgers,31,13.7743218980206
2024,15,Philadelphia Eagles,00-0036389,Jalen Hurts,35,21.311538478605
2024,15,Pittsburgh Steelers,00-0029263,Russell Wilson,24,-5.86317926853425
2024,15,San Francisco 49ers,00-0037834,Brock Purdy,34,-10.566544854501
2024,15,Seattle Seahawks,00-0030565,Geno Smith,22,-5.205535544278
2024,15,Seattle Seahawks,00-0037077,Sam Howell,18,-15.5729183114717
2024,15,Tampa Bay Buccaneers,00-0034855,Baker Mayfield,28,17.8619365221527
2024,15,Tennessee Titans,00-0034771,Mason Rudolph,26,9.5395835575182
2024,15,Tennessee Titans,00-0039152,Will Levis,13,-12.299817095045
2024,15,Washington Commanders,00-0039910,Jayden Daniels,39,1.10654859333357
2024,16,Arizona Cardinals,00-0035228,Kyler Murray,35,1.33983278679981
2024,16,Atlanta Falcons,00-0039917,Michael Penix,27,6.54773979367073
2024,16,Baltimore Ravens,00-0034796,Lamar Jackson,24,7.08226947181337
2024,16,Buffalo Bills,00-0034857,Josh Allen,30,1.52876198425159
2024,16,Carolina Panthers,00-0039150,Bryce Young,29,1.0898572438313
2024,16,Chicago Bears,00-0039918,Caleb Williams,42,16.4645189119619
2024,16,Cincinnati Bengals,00-0036442,Joe Burrow,34,3.0536766554126
2024,16,Cleveland Browns,00-0038583,Dorian Thompson-Robinson,39,-17.8460305198678
2024,16,Dallas Cowboys,00-0033662,Cooper Rush,36,9.25454558860563
2024,16,Denver Broncos,00-0039732,Bo Nix,42,7.12793666506848
2024,16,Detroit Lions,00-0033106,Jared Goff,33,15.4906833103861
2024,16,Green Bay Packers,00-0036264,Jordan Love,28,3.25558901059945
2024,16,Green Bay Packers,00-0038128,Malik Willis,2,2.83547127697966
2024,16,Houston Texans,00-0039163,C.J. Stroud,41,6.03594641685077
2024,16,Indianapolis Colts,00-0039164,Anthony Richardson,12,2.42438439727994
2024,16,Jacksonville Jaguars,00-0036972,Mac Jones,40,-5.37773847713834
2024,16,Kansas City Chiefs,00-0033873,Patrick Mahomes,42,9.49025184452964
2024,16,Las Vegas Raiders,00-0038579,Aidan O'Connell,40,-0.241094664736039
2024,16,Los Angeles Chargers,00-0036355,Justin Herbert,33,12.3183116628062
2024,16,Los Angeles Rams,00-0026498,Matthew Stafford,19,3.18677963054714
2024,16,Miami Dolphins,00-0036212,Tua Tagovailoa,34,5.65235801065388
2024,16,Minnesota Vikings,00-0034869,Sam Darnold,38,8.35543621351457
2024,16,New England Patriots,00-0039851,Drake Maye,38,4.18428439006675
2024,16,New Orleans Saints,00-0039376,Spencer Rattler,33,-17.4232405050425
2024,16,New York Giants,00-0035704,Drew Lock,42,-21.4549536892446
2024,16,New York Jets,00-0023459,Aaron Rodgers,43,2.75804333968381
2024,16,Philadelphia Eagles,00-0036389,Jalen Hurts,4,-2.07824543118477
2024,16,Philadelphia Eagles,00-0038102,Kenny Pickett,27,-0.607674210742841
2024,16,Pittsburgh Steelers,00-0029263,Russell Wilson,36,-6.2962491948137
2024,16,San Francisco 49ers,00-0037834,Brock Purdy,43,4.94343283510293
2024,16,Seattle Seahawks,00-0030565,Geno Smith,45,0.30338776740659
2024,16,Tampa Bay Buccaneers,00-0034855,Baker Mayfield,47,2.20109843950843
2024,16,Tennessee Titans,00-0034771,Mason Rudolph,35,3.61877758114689
2024,16,Washington Commanders,00-0039910,Jayden Daniels,40,4.3885254591587
2024,17,Arizona Cardinals,00-0035228,Kyler Murray,52,2.22349452111974
2024,17,Atlanta Falcons,00-0039917,Michael Penix,37,-0.642952397821997
2024,17,Baltimore Ravens,00-0026300,Josh Johnson,2,0.775252664345317
2024,17,Baltimore Ravens,00-0034796,Lamar Jackson,16,8.4326372798062
2024,17,Buffalo Bills,00-0033869,Mitchell Trubisky,1,7.09404285252094
2024,17,Buffalo Bills,00-0034857,Josh Allen,27,9.76999232739984
2024,17,Carolina Panthers,00-0039150,Bryce Young,33,-2.50213310548745
2024,17,Chicago Bears,00-0039918,Caleb Williams,35,-10.2257466203719
2024,17,Cincinnati Bengals,00-0036442,Joe Burrow,56,18.6339687332093
2024,17,Cleveland Browns,00-0038583,Dorian Thompson-Robinson,48,-25.1616384616937
2024,17,Dallas Cowboys,00-0033662,Cooper Rush,29,-8.82291461349399
2024,17,Dallas Cowboys,00-0037012,Trey Lance,1,-0.463306168792769
2024,17,Denver Broncos,00-0039732,Bo Nix,33,9.49648549665374
2024,17,Detroit Lions,00-0033106,Jared Goff,36,21.9211083552495
2024,17,Green Bay Packers,00-0036264,Jordan Love,33,0.754474683218614
2024,17,Houston Texans,00-0036898,Davis Mills,1,0.579170580022037
2024,17,Houston Texans,00-0039163,C.J. Stroud,36,-18.8799732613261
2024,17,Indianapolis Colts,00-0026158,Joe Flacco,40,7.23771944459296
2024,17,Jacksonville Jaguars,00-0036972,Mac Jones,24,7.6080728735271
2024,17,Kansas City Chiefs,00-0033873,Patrick Mahomes,38,19.1514594842721
2024,17,Las Vegas Raiders,00-0038579,Aidan O'Connell,36,9.65595756046888
2024,17,Los Angeles Chargers,00-0031800,Taylor Heinicke,2,-2.05835785722593
2024,17,Los Angeles Chargers,00-0036355,Justin Herbert,38,19.6270071663562
2024,17,Los Angeles Rams,00-0026498,Matthew Stafford,32,-0.482257115412407
2024,17,Miami Dolphins,00-0035993,Tyler Huntley,30,5.34788349954354
2024,17,Minnesota Vikings,00-0034869,Sam Darnold,44,12.191306583659
2024,17,New England Patriots,00-0033119,Jacoby Brissett,2,-2.18107086780947
2024,17,New England Patriots,00-0039851,Drake Maye,26,-15.0404316680506
2024,17,New Orleans Saints,00-0039376,Spencer Rattler,39,-15.6433204841861
2024,17,New York Giants,00-0035704,Drew Lock,23,27.6310319799522
2024,17,New York Jets,00-0023459,Aaron Rodgers,22,-15.6255479856627
2024,17,New York Jets,00-0028118,Tyrod Taylor,14,8.79954957499309
2024,17,Philadelphia Eagles,00-0038102,Kenny Pickett,15,7.04061878152759
2024,17,Philadelphia Eagles,00-0038400,Tanner McKee,4,7.1609868145315
2024,17,Pittsburgh Steelers,00-0029263,Russell Wilson,42,-15.3752287947282
2024,17,San Francisco 49ers,00-0033949,Joshua Dobbs,4,2.77557036589133
2024,17,San Francisco 49ers,00-0037834,Brock Purdy,37,13.3250094620136
2024,17,Seattle Seahawks,00-0030565,Geno Smith,26,-4.18387351824247
2024,17,Tampa Bay Buccaneers,00-0034855,Baker Mayfield,34,25.2052533712823
2024,17,Tennessee Titans,00-0034771,Mason Rudolph,34,0.234170336009297
2024,17,Washington Commanders,00-0039910,Jayden Daniels,41,4.97185351792284
2024,18,Arizona Cardinals,00-0035228,Kyler Murray,35,8.01084770124861
2024,18,Atlanta Falcons,00-0039917,Michael Penix,39,5.46687908328048
2024,18,Baltimore Ravens,00-0034796,Lamar Jackson,32,5.17834851471707
2024,18,Buffalo Bills,00-0033869,Mitchell Trubisky,21,4.54034238021427
2024,18,Buffalo Bills,00-0034401,Mike White,11,-7.15286629885668
2024,18,Carolina Panthers,00-0039150,Bryce Young,34,20.0390987112513
2024,18,Chicago Bears,00-0039918,Caleb Williams,30,4.35322358268519
2024,18,Cincinnati Bengals,00-0036442,Joe Burrow,50,-1.42624499736261
2024,18,Cleveland Browns,00-0038108,Bailey Zappe,32,-16.8488054084006
2024,18,Cleveland Browns,00-0038583,Dorian Thompson-Robinson,4,-0.867599447490647
2024,18,Dallas Cowboys,00-0037012,Trey Lance,36,-2.55865246665366
2024,18,Denver Broncos,00-0039732,Bo Nix,29,25.9577298340081
2024,18,Detroit Lions,00-0033106,Jared Goff,35,1.5881570649834
2024,18,Green Bay Packers,00-0036264,Jordan Love,12,-2.79859956932347
2024,18,Green Bay Packers,00-0038128,Malik Willis,16,-2.76173670766819
2024,18,Houston Texans,00-0036898,Davis Mills,23,-3.76297797175357
2024,18,Houston Texans,00-0039163,C.J. Stroud,6,5.27787963952869
2024,18,Indianapolis Colts,00-0026158,Joe Flacco,43,-3.69500003166391
2024,18,Jacksonville Jaguars,00-0036972,Mac Jones,34,2.72837212431415
2024,18,Kansas City Chiefs,00-0032950,Carson Wentz,21,-8.78485758761084
2024,18,Kansas City Chiefs,00-0037324,Chris Oladokun,1,-1.38983265939169
2024,18,Las Vegas Raiders,00-0038122,Desmond Ridder,2,0.29725855961442
2024,18,Las Vegas Raiders,00-0038579,Aidan O'Connell,34,-3.87172282067206
2024,18,Los Angeles Chargers,00-0036355,Justin Herbert,37,17.7409034601736
2024,18,Los Angeles Rams,00-0031345,Jimmy Garoppolo,44,2.07763218411804
2024,18,Miami Dolphins,00-0035993,Tyler Huntley,45,-6.92162917628416
2024,18,Minnesota Vikings,00-0034869,Sam Darnold,43,-24.8122537385049
2024,18,New England Patriots,00-0039398,Joe Milton,29,11.7907161317601
2024,18,New England Patriots,00-0039851,Drake Maye,2,-2.7135364850983
2024,18,New Orleans Saints,00-0039376,Spencer Rattler,44,-1.07248933376996
2024,18,New York Giants,00-0035704,Drew Lock,29,-8.67532910224537
2024,18,New York Jets,00-0023459,Aaron Rodgers,39,2.02801938482129
2024,18,Philadelphia Eagles,00-0038400,Tanner McKee,43,7.51672646176823
2024,18,Pittsburgh Steelers,00-0029263,Russell Wilson,35,-5.40465577176085
2024,18,San Francisco 49ers,00-0033949,Joshua Dobbs,45,2.78190946953052
2024,18,Seattle Seahawks,00-0030565,Geno Smith,29,9.83886123911834
2024,18,Tampa Bay Buccaneers,00-0034855,Baker Mayfield,33,9.41198055566472
2024,18,Tennessee Titans,00-0034771,Mason Rudolph,10,0.528264590653614
2024,18,Tennessee Titans,00-0039152,Will Levis,18,4.72594089577626
2024,18,Washington Commanders,00-0032268,Marcus Mariota,20,10.3353559467215
2024,18,Washington Commanders,00-0039910,Jayden Daniels,16,-11.4137518452619
