fixture_id,signature,status,kickoff_utc,local_date,venue_tz,home_team,away_team,competition,category,city,country,neutral,home_score,away_score,provider,provider_event_id,observed_at,raw_ref,conflict
e989c5e36bd90584,russia|mali|friendly,scheduled,2026-03-31T16:00:00+00:00,2026-03-31,Europe/Moscow,Russia,Mali,Friendly,friendly,Moscow,Russia,False,,,bsd,9074,2026-08-08T19:03:53+00:00,,"local_date derived from MODAL home venue Moscow, only 40% of home matches — low confidence, not a named venue"
765157dc8341c43d,thailand|turkmenistan|friendly,scheduled,2026-03-31T11:30:00+00:00,2026-03-31,Asia/Bangkok,Thailand,Turkmenistan,Friendly,friendly,Bangkok,Thailand,False,,,bsd,9069,2026-08-08T19:03:53+00:00,,"local_date derived from MODAL home venue Bangkok, only 49% of home matches — low confidence, not a named venue"
0ccc1a62ef1b5d31,pakistan|bangladesh|friendly,scheduled,2026-06-01T11:00:00+00:00,2026-06-01,Asia/Karachi,Pakistan,Bangladesh,Friendly,friendly,,,False,,,bsd,207949,2026-08-08T19:03:53+00:00,,"local_date derived from home venue Islamabad (100% of home matches), not a named venue"
ac12bd0ceb455a15,afghanistan|bangladesh|friendly,scheduled,2026-06-04T16:00:00+00:00,2026-06-04,,Afghanistan,Bangladesh,Friendly,friendly,,,False,,,bsd,209429,2026-08-08T19:03:53+00:00,,venue timezone unresolved; local_date is the UTC date (no venue)
f4f6be591d17375f,burundi|equatorial guinea|friendly,scheduled,2026-06-04T16:00:00+00:00,2026-06-04,Africa/Bujumbura,Burundi,Equatorial Guinea,Friendly,friendly,,,False,,,bsd,209436,2026-08-08T19:03:53+00:00,,"local_date derived from home venue Bujumbura (100% of home matches), not a named venue"
cdb839f6b2b13337,iran|mali|friendly,scheduled,2026-06-04T15:30:00+00:00,2026-06-04,Asia/Tehran,Iran,Mali,Friendly,friendly,Tehran,Iran,False,,,bsd,209435,2026-08-08T19:03:53+00:00,,"local_date derived from home venue Tehran (85% of home matches), not a named venue"
b852335f2a0e9794,estonia|faroe islands|friendly,scheduled,2026-06-06T15:00:00+00:00,2026-06-06,Europe/Tallinn,Estonia,Faroe Islands,Friendly,friendly,,,False,,,bsd,207430,2026-08-08T19:03:53+00:00,,"local_date derived from home venue Tallinn (93% of home matches), not a named venue"
4954b5b0454acda6,india|palestine|friendly,scheduled,2026-06-06T13:00:00+00:00,2026-06-06,Asia/Kolkata,India,Palestine,Friendly,friendly,,,False,,,bsd,207435,2026-08-08T19:03:53+00:00,,"local_date derived from MODAL home venue Bengaluru, only 20% of home matches — low confidence, not a named venue"
5644569b496bfca2,vanuatu|fiji|friendly,scheduled,2026-06-06T10:00:00+00:00,2026-06-06,Pacific/Efate,Vanuatu,Fiji,Friendly,friendly,,,False,,,bsd,209444,2026-08-08T19:03:53+00:00,,"local_date derived from home venue Port Vila (100% of home matches), not a named venue"
ef16bc48c4f7c076,maldives|bangladesh|friendly,scheduled,2026-06-07T16:00:00+00:00,2026-06-07,Indian/Maldives,Maldives,Bangladesh,Friendly,friendly,,,False,,,bsd,207954,2026-08-08T19:03:53+00:00,,"local_date derived from home venue Malé (95% of home matches), not a named venue"
a7b6d491ce6e86c0,kyrgyzstan|palestine|friendly,scheduled,2026-06-09T12:30:00+00:00,2026-06-09,Asia/Bishkek,Kyrgyzstan,Palestine,Friendly,friendly,Bishkek,Kyrgyzstan,False,,,bsd,209433,2026-08-08T19:03:53+00:00,,"local_date derived from home venue Bishkek (100% of home matches), not a named venue"
0054d3c864c07a07,algeria|zambia|african cup of nations qualification,scheduled,,2026-09-21,,Algeria,Zambia,African Cup of Nations qualification,continental_qualifying,,,False,,,caf_derived,caf2027-I-md1-Algeria-Zambia,2026-08-08T19:03:53+00:00,,"date is the MATCHDAY WINDOW START (2026-09-21 to 2026-10-06), not a published kick-off. Group I, matchday 1. Derived from the draw, not observed."
9a7d7492e13e2561,angola|malawi|african cup of nations qualification,scheduled,,2026-09-21,,Angola,Malawi,African Cup of Nations qualification,continental_qualifying,,,False,,,caf_derived,caf2027-B-md2-Angola-Malawi,2026-08-08T19:03:53+00:00,,"date is the MATCHDAY WINDOW START (2026-09-21 to 2026-10-06), not a published kick-off. Group B, matchday 2. Derived from the draw, not observed."
f396c71c293323f9,benin|mauritania|african cup of nations qualification,scheduled,,2026-09-21,,Benin,Mauritania,African Cup of Nations qualification,continental_qualifying,,,False,,,caf_derived,caf2027-F-md2-Benin-Mauritania,2026-08-08T19:03:53+00:00,,"date is the MATCHDAY WINDOW START (2026-09-21 to 2026-10-06), not a published kick-off. Group F, matchday 2. Derived from the draw, not observed."
67b48e6b7223e771,botswana|tunisia|african cup of nations qualification,scheduled,,2026-09-21,,Botswana,Tunisia,African Cup of Nations qualification,continental_qualifying,,,False,,,caf_derived,caf2027-H-md2-Botswana-Tunisia,2026-08-08T19:03:53+00:00,,"date is the MATCHDAY WINDOW START (2026-09-21 to 2026-10-06), not a published kick-off. Group H, matchday 2. Derived from the draw, not observed."
8feab1c42feb6b7f,burkina faso|benin|african cup of nations qualification,scheduled,,2026-09-21,,Burkina Faso,Benin,African Cup of Nations qualification,continental_qualifying,,,False,,,caf_derived,caf2027-F-md1-Burkina_Faso-Benin,2026-08-08T19:03:53+00:00,,"date is the MATCHDAY WINDOW START (2026-09-21 to 2026-10-06), not a published kick-off. Group F, matchday 1. Derived from the draw, not observed."
ec098833be83ac32,burundi|algeria|african cup of nations qualification,scheduled,,2026-09-21,,Burundi,Algeria,African Cup of Nations qualification,continental_qualifying,,,False,,,caf_derived,caf2027-I-md2-Burundi-Algeria,2026-08-08T19:03:53+00:00,,"date is the MATCHDAY WINDOW START (2026-09-21 to 2026-10-06), not a published kick-off. Group I, matchday 2. Derived from the draw, not observed."
b3710a26792b250d,cameroon|comoros|african cup of nations qualification,scheduled,,2026-09-21,,Cameroon,Comoros,African Cup of Nations qualification,continental_qualifying,,,False,,,caf_derived,caf2027-G-md1-Cameroon-Comoros,2026-08-08T19:03:53+00:00,,"date is the MATCHDAY WINDOW START (2026-09-21 to 2026-10-06), not a published kick-off. Group G, matchday 1. Derived from the draw, not observed."
1281d3e7e79f7d98,cape verde|rwanda|african cup of nations qualification,scheduled,,2026-09-21,,Cape Verde,Rwanda,African Cup of Nations qualification,continental_qualifying,,,False,,,caf_derived,caf2027-K-md2-Cape_Verde-Rwanda,2026-08-08T19:03:53+00:00,,"date is the MATCHDAY WINDOW START (2026-09-21 to 2026-10-06), not a published kick-off. Group K, matchday 2. Derived from the draw, not observed."
b46e2ce4a499026d,central african republic|burkina faso|african cup of nations qualification,scheduled,,2026-09-21,,Central African Republic,Burkina Faso,African Cup of Nations qualification,continental_qualifying,,,False,,,caf_derived,caf2027-F-md2-Central_African_Republic-Burkina_Faso,2026-08-08T19:03:53+00:00,,"date is the MATCHDAY WINDOW START (2026-09-21 to 2026-10-06), not a published kick-off. Group F, matchday 2. Derived from the draw, not observed."
6cc41e123ab66af2,comoros|namibia|african cup of nations qualification,scheduled,,2026-09-21,,Comoros,Namibia,African Cup of Nations qualification,continental_qualifying,,,False,,,caf_derived,caf2027-G-md2-Comoros-Namibia,2026-08-08T19:03:53+00:00,,"date is the MATCHDAY WINDOW START (2026-09-21 to 2026-10-06), not a published kick-off. Group G, matchday 2. Derived from the draw, not observed."
f4bbb2cdb369344b,congo|cameroon|african cup of nations qualification,scheduled,,2026-09-21,,Congo,Cameroon,African Cup of Nations qualification,continental_qualifying,,,False,,,caf_derived,caf2027-G-md2-Congo-Cameroon,2026-08-08T19:03:53+00:00,,"date is the MATCHDAY WINDOW START (2026-09-21 to 2026-10-06), not a published kick-off. Group G, matchday 2. Derived from the draw, not observed."
aa14b056560baeb0,dr congo|equatorial guinea|african cup of nations qualification,scheduled,,2026-09-21,,DR Congo,Equatorial Guinea,African Cup of Nations qualification,continental_qualifying,,,False,,,caf_derived,caf2027-E-md1-DR_Congo-Equatorial_Guinea,2026-08-08T19:03:53+00:00,,"date is the MATCHDAY WINDOW START (2026-09-21 to 2026-10-06), not a published kick-off. Group E, matchday 1. Derived from the draw, not observed."
2511e72178ff1315,egypt|angola|african cup of nations qualification,scheduled,,2026-09-21,,Egypt,Angola,African Cup of Nations qualification,continental_qualifying,,,False,,,caf_derived,caf2027-B-md1-Egypt-Angola,2026-08-08T19:03:53+00:00,,"date is the MATCHDAY WINDOW START (2026-09-21 to 2026-10-06), not a published kick-off. Group B, matchday 1. Derived from the draw, not observed."
14153d13b930c07f,equatorial guinea|sierra leone|african cup of nations qualification,scheduled,,2026-09-21,,Equatorial Guinea,Sierra Leone,African Cup of Nations qualification,continental_qualifying,,,False,,,caf_derived,caf2027-E-md2-Equatorial_Guinea-Sierra_Leone,2026-08-08T19:03:53+00:00,,"date is the MATCHDAY WINDOW START (2026-09-21 to 2026-10-06), not a published kick-off. Group E, matchday 2. Derived from the draw, not observed."
8c436732b80b6c3e,eritrea|south africa|african cup of nations qualification,scheduled,,2026-09-21,,Eritrea,South Africa,African Cup of Nations qualification,continental_qualifying,,,False,,,caf_derived,caf2027-D-md2-Eritrea-South_Africa,2026-08-08T19:03:53+00:00,,"date is the MATCHDAY WINDOW START (2026-09-21 to 2026-10-06), not a published kick-off. Group D, matchday 2. Derived from the draw, not observed."
c65370320f0ea2ed,ethiopia|senegal|african cup of nations qualification,scheduled,,2026-09-21,,Ethiopia,Senegal,African Cup of Nations qualification,continental_qualifying,,,False,,,caf_derived,caf2027-J-md2-Ethiopia-Senegal,2026-08-08T19:03:53+00:00,,"date is the MATCHDAY WINDOW START (2026-09-21 to 2026-10-06), not a published kick-off. Group J, matchday 2. Derived from the draw, not observed."
bbd973deac64e6fe,gabon|niger|african cup of nations qualification,scheduled,,2026-09-21,,Gabon,Niger,African Cup of Nations qualification,continental_qualifying,,,False,,,caf_derived,caf2027-A-md2-Gabon-Niger,2026-08-08T19:03:53+00:00,,"date is the MATCHDAY WINDOW START (2026-09-21 to 2026-10-06), not a published kick-off. Group A, matchday 2. Derived from the draw, not observed."
eb8a3cc2a9f924ea,gambia|somalia|african cup of nations qualification,scheduled,,2026-09-21,,Gambia,Somalia,African Cup of Nations qualification,continental_qualifying,,,False,,,caf_derived,caf2027-C-md1-Gambia-Somalia,2026-08-08T19:03:53+00:00,,"date is the MATCHDAY WINDOW START (2026-09-21 to 2026-10-06), not a published kick-off. Group C, matchday 1. Derived from the draw, not observed."
584309c43fdb21dc,ghana|gambia|african cup of nations qualification,scheduled,,2026-09-21,,Ghana,Gambia,African Cup of Nations qualification,continental_qualifying,,,False,,,caf_derived,caf2027-C-md2-Ghana-Gambia,2026-08-08T19:03:53+00:00,,"date is the MATCHDAY WINDOW START (2026-09-21 to 2026-10-06), not a published kick-off. Group C, matchday 2. Derived from the draw, not observed."
ca58827af673580e,guinea|kenya|african cup of nations qualification,scheduled,,2026-09-21,,Guinea,Kenya,African Cup of Nations qualification,continental_qualifying,,,False,,,caf_derived,caf2027-D-md2-Guinea-Kenya,2026-08-08T19:03:53+00:00,,"date is the MATCHDAY WINDOW START (2026-09-21 to 2026-10-06), not a published kick-off. Group D, matchday 2. Derived from the draw, not observed."
78cdde4e46b7b03d,guinea-bissau|nigeria|african cup of nations qualification,scheduled,,2026-09-21,,Guinea-Bissau,Nigeria,African Cup of Nations qualification,continental_qualifying,,,False,,,caf_derived,caf2027-L-md2-Guinea-Bissau-Nigeria,2026-08-08T19:03:53+00:00,,"date is the MATCHDAY WINDOW START (2026-09-21 to 2026-10-06), not a published kick-off. Group L, matchday 2. Derived from the draw, not observed."
802b2b9a81a060be,ivory coast|ghana|african cup of nations qualification,scheduled,,2026-09-21,,Ivory Coast,Ghana,African Cup of Nations qualification,continental_qualifying,,,False,,,caf_derived,caf2027-C-md1-Ivory_Coast-Ghana,2026-08-08T19:03:53+00:00,,"date is the MATCHDAY WINDOW START (2026-09-21 to 2026-10-06), not a published kick-off. Group C, matchday 1. Derived from the draw, not observed."
3236678988d14d0c,kenya|eritrea|african cup of nations qualification,scheduled,,2026-09-21,,Kenya,Eritrea,African Cup of Nations qualification,continental_qualifying,,,False,,,caf_derived,caf2027-D-md1-Kenya-Eritrea,2026-08-08T19:03:53+00:00,,"date is the MATCHDAY WINDOW START (2026-09-21 to 2026-10-06), not a published kick-off. Group D, matchday 1. Derived from the draw, not observed."
f531e7e0894672c6,lesotho|morocco|african cup of nations qualification,scheduled,,2026-09-21,,Lesotho,Morocco,African Cup of Nations qualification,continental_qualifying,,,False,,,caf_derived,caf2027-A-md2-Lesotho-Morocco,2026-08-08T19:03:53+00:00,,"date is the MATCHDAY WINDOW START (2026-09-21 to 2026-10-06), not a published kick-off. Group A, matchday 2. Derived from the draw, not observed."
3bb45442e1492bdc,liberia|mali|african cup of nations qualification,scheduled,,2026-09-21,,Liberia,Mali,African Cup of Nations qualification,continental_qualifying,,,False,,,caf_derived,caf2027-K-md2-Liberia-Mali,2026-08-08T19:03:53+00:00,,"date is the MATCHDAY WINDOW START (2026-09-21 to 2026-10-06), not a published kick-off. Group K, matchday 2. Derived from the draw, not observed."
cf46ab1f4abefa1a,libya|botswana|african cup of nations qualification,scheduled,,2026-09-21,,Libya,Botswana,African Cup of Nations qualification,continental_qualifying,,,False,,,caf_derived,caf2027-H-md1-Libya-Botswana,2026-08-08T19:03:53+00:00,,"date is the MATCHDAY WINDOW START (2026-09-21 to 2026-10-06), not a published kick-off. Group H, matchday 1. Derived from the draw, not observed."
561702502ffe454f,madagascar|tanzania|african cup of nations qualification,scheduled,,2026-09-21,,Madagascar,Tanzania,African Cup of Nations qualification,continental_qualifying,,,False,,,caf_derived,caf2027-L-md2-Madagascar-Tanzania,2026-08-08T19:03:53+00:00,,"date is the MATCHDAY WINDOW START (2026-09-21 to 2026-10-06), not a published kick-off. Group L, matchday 2. Derived from the draw, not observed."
3381d05e1cdcbd98,malawi|south sudan|african cup of nations qualification,scheduled,,2026-09-21,,Malawi,South Sudan,African Cup of Nations qualification,continental_qualifying,,,False,,,caf_derived,caf2027-B-md1-Malawi-South_Sudan,2026-08-08T19:03:53+00:00,,"date is the MATCHDAY WINDOW START (2026-09-21 to 2026-10-06), not a published kick-off. Group B, matchday 1. Derived from the draw, not observed."
fc2fb6a3b98049a5,mali|cape verde|african cup of nations qualification,scheduled,,2026-09-21,,Mali,Cape Verde,African Cup of Nations qualification,continental_qualifying,,,False,,,caf_derived,caf2027-K-md1-Mali-Cape_Verde,2026-08-08T19:03:53+00:00,,"date is the MATCHDAY WINDOW START (2026-09-21 to 2026-10-06), not a published kick-off. Group K, matchday 1. Derived from the draw, not observed."
35744b27d2469e94,mauritania|central african republic|african cup of nations qualification,scheduled,,2026-09-21,,Mauritania,Central African Republic,African Cup of Nations qualification,continental_qualifying,,,False,,,caf_derived,caf2027-F-md1-Mauritania-Central_African_Republic,2026-08-08T19:03:53+00:00,,"date is the MATCHDAY WINDOW START (2026-09-21 to 2026-10-06), not a published kick-off. Group F, matchday 1. Derived from the draw, not observed."
42e9ab742234b1cf,morocco|gabon|african cup of nations qualification,scheduled,,2026-09-21,,Morocco,Gabon,African Cup of Nations qualification,continental_qualifying,,,False,,,caf_derived,caf2027-A-md1-Morocco-Gabon,2026-08-08T19:03:53+00:00,,"date is the MATCHDAY WINDOW START (2026-09-21 to 2026-10-06), not a published kick-off. Group A, matchday 1. Derived from the draw, not observed."
22753e4830e18b4a,mozambique|sudan|african cup of nations qualification,scheduled,,2026-09-21,,Mozambique,Sudan,African Cup of Nations qualification,continental_qualifying,,,False,,,caf_derived,caf2027-J-md2-Mozambique-Sudan,2026-08-08T19:03:53+00:00,,"date is the MATCHDAY WINDOW START (2026-09-21 to 2026-10-06), not a published kick-off. Group J, matchday 2. Derived from the draw, not observed."
9df5a8a9a4e9934e,namibia|congo|african cup of nations qualification,scheduled,,2026-09-21,,Namibia,Congo,African Cup of Nations qualification,continental_qualifying,,,False,,,caf_derived,caf2027-G-md1-Namibia-Congo,2026-08-08T19:03:53+00:00,,"date is the MATCHDAY WINDOW START (2026-09-21 to 2026-10-06), not a published kick-off. Group G, matchday 1. Derived from the draw, not observed."
3d15a3fbf461a2f3,niger|lesotho|african cup of nations qualification,scheduled,,2026-09-21,,Niger,Lesotho,African Cup of Nations qualification,continental_qualifying,,,False,,,caf_derived,caf2027-A-md1-Niger-Lesotho,2026-08-08T19:03:53+00:00,,"date is the MATCHDAY WINDOW START (2026-09-21 to 2026-10-06), not a published kick-off. Group A, matchday 1. Derived from the draw, not observed."
a819af24cfa9ffe9,nigeria|madagascar|african cup of nations qualification,scheduled,,2026-09-21,,Nigeria,Madagascar,African Cup of Nations qualification,continental_qualifying,,,False,,,caf_derived,caf2027-L-md1-Nigeria-Madagascar,2026-08-08T19:03:53+00:00,,"date is the MATCHDAY WINDOW START (2026-09-21 to 2026-10-06), not a published kick-off. Group L, matchday 1. Derived from the draw, not observed."
9fe7c3644d324ea7,rwanda|liberia|african cup of nations qualification,scheduled,,2026-09-21,,Rwanda,Liberia,African Cup of Nations qualification,continental_qualifying,,,False,,,caf_derived,caf2027-K-md1-Rwanda-Liberia,2026-08-08T19:03:53+00:00,,"date is the MATCHDAY WINDOW START (2026-09-21 to 2026-10-06), not a published kick-off. Group K, matchday 1. Derived from the draw, not observed."
411d41fab1f05674,senegal|mozambique|african cup of nations qualification,scheduled,,2026-09-21,,Senegal,Mozambique,African Cup of Nations qualification,continental_qualifying,,,False,,,caf_derived,caf2027-J-md1-Senegal-Mozambique,2026-08-08T19:03:53+00:00,,"date is the MATCHDAY WINDOW START (2026-09-21 to 2026-10-06), not a published kick-off. Group J, matchday 1. Derived from the draw, not observed."
b6f56ae80db9fb58,sierra leone|zimbabwe|african cup of nations qualification,scheduled,,2026-09-21,,Sierra Leone,Zimbabwe,African Cup of Nations qualification,continental_qualifying,,,False,,,caf_derived,caf2027-E-md1-Sierra_Leone-Zimbabwe,2026-08-08T19:03:53+00:00,,"date is the MATCHDAY WINDOW START (2026-09-21 to 2026-10-06), not a published kick-off. Group E, matchday 1. Derived from the draw, not observed."
02be076621c5405e,somalia|ivory coast|african cup of nations qualification,scheduled,,2026-09-21,,Somalia,Ivory Coast,African Cup of Nations qualification,continental_qualifying,,,False,,,caf_derived,caf2027-C-md2-Somalia-Ivory_Coast,2026-08-08T19:03:53+00:00,,"date is the MATCHDAY WINDOW START (2026-09-21 to 2026-10-06), not a published kick-off. Group C, matchday 2. Derived from the draw, not observed."
c5120d4a45dd655a,south africa|guinea|african cup of nations qualification,scheduled,,2026-09-21,,South Africa,Guinea,African Cup of Nations qualification,continental_qualifying,,,False,,,caf_derived,caf2027-D-md1-South_Africa-Guinea,2026-08-08T19:03:53+00:00,,"date is the MATCHDAY WINDOW START (2026-09-21 to 2026-10-06), not a published kick-off. Group D, matchday 1. Derived from the draw, not observed."
f952d1a5fee1b4ea,south sudan|egypt|african cup of nations qualification,scheduled,,2026-09-21,,South Sudan,Egypt,African Cup of Nations qualification,continental_qualifying,,,False,,,caf_derived,caf2027-B-md2-South_Sudan-Egypt,2026-08-08T19:03:53+00:00,,"date is the MATCHDAY WINDOW START (2026-09-21 to 2026-10-06), not a published kick-off. Group B, matchday 2. Derived from the draw, not observed."
b0a4de5c03ea6d18,sudan|ethiopia|african cup of nations qualification,scheduled,,2026-09-21,,Sudan,Ethiopia,African Cup of Nations qualification,continental_qualifying,,,False,,,caf_derived,caf2027-J-md1-Sudan-Ethiopia,2026-08-08T19:03:53+00:00,,"date is the MATCHDAY WINDOW START (2026-09-21 to 2026-10-06), not a published kick-off. Group J, matchday 1. Derived from the draw, not observed."
71921b99591d57fc,tanzania|guinea-bissau|african cup of nations qualification,scheduled,,2026-09-21,,Tanzania,Guinea-Bissau,African Cup of Nations qualification,continental_qualifying,,,False,,,caf_derived,caf2027-L-md1-Tanzania-Guinea-Bissau,2026-08-08T19:03:53+00:00,,"date is the MATCHDAY WINDOW START (2026-09-21 to 2026-10-06), not a published kick-off. Group L, matchday 1. Derived from the draw, not observed."
d4e3c2ac470be3bf,togo|burundi|african cup of nations qualification,scheduled,,2026-09-21,,Togo,Burundi,African Cup of Nations qualification,continental_qualifying,,,False,,,caf_derived,caf2027-I-md1-Togo-Burundi,2026-08-08T19:03:53+00:00,,"date is the MATCHDAY WINDOW START (2026-09-21 to 2026-10-06), not a published kick-off. Group I, matchday 1. Derived from the draw, not observed."
7050c9ba51b2d920,tunisia|uganda|african cup of nations qualification,scheduled,,2026-09-21,,Tunisia,Uganda,African Cup of Nations qualification,continental_qualifying,,,False,,,caf_derived,caf2027-H-md1-Tunisia-Uganda,2026-08-08T19:03:53+00:00,,"date is the MATCHDAY WINDOW START (2026-09-21 to 2026-10-06), not a published kick-off. Group H, matchday 1. Derived from the draw, not observed."
abe375cd9458586d,uganda|libya|african cup of nations qualification,scheduled,,2026-09-21,,Uganda,Libya,African Cup of Nations qualification,continental_qualifying,,,False,,,caf_derived,caf2027-H-md2-Uganda-Libya,2026-08-08T19:03:53+00:00,,"date is the MATCHDAY WINDOW START (2026-09-21 to 2026-10-06), not a published kick-off. Group H, matchday 2. Derived from the draw, not observed."
81a3c7350f199bde,zambia|togo|african cup of nations qualification,scheduled,,2026-09-21,,Zambia,Togo,African Cup of Nations qualification,continental_qualifying,,,False,,,caf_derived,caf2027-I-md2-Zambia-Togo,2026-08-08T19:03:53+00:00,,"date is the MATCHDAY WINDOW START (2026-09-21 to 2026-10-06), not a published kick-off. Group I, matchday 2. Derived from the draw, not observed."
ef891592056f4190,zimbabwe|dr congo|african cup of nations qualification,scheduled,,2026-09-21,,Zimbabwe,DR Congo,African Cup of Nations qualification,continental_qualifying,,,False,,,caf_derived,caf2027-E-md2-Zimbabwe-DR_Congo,2026-08-08T19:03:53+00:00,,"date is the MATCHDAY WINDOW START (2026-09-21 to 2026-10-06), not a published kick-off. Group E, matchday 2. Derived from the draw, not observed."
1b99d7217ee50a12,aruba|antigua and barbuda|concacaf nations league,scheduled,2026-09-23T18:00:00+00:00,2026-09-23,,Aruba,Antigua and Barbuda,CONCACAF Nations League,nations_league,,,False,,,bsd,223069,2026-08-08T19:03:53+00:00,,venue timezone unresolved; local_date is the UTC date (no venue)
d010fdc23c31e58e,turks and caicos islands|montserrat|concacaf nations league,scheduled,2026-09-23T18:00:00+00:00,2026-09-23,,Turks and Caicos Islands,Montserrat,CONCACAF Nations League,nations_league,,,False,,,bsd,223068,2026-08-08T19:03:53+00:00,,venue timezone unresolved; local_date is the UTC date (no venue)
dc6319db5dc846f2,andorra|malta|uefa nations league,scheduled,2026-09-24T16:00:00+00:00,2026-09-24,Europe/Andorra,Andorra,Malta,UEFA Nations League,nations_league,Andorra la Vella,Andorra,False,,,bsd,212589,2026-08-08T19:03:53+00:00,,
8d9ba154bdace5da,austria|israel|uefa nations league,scheduled,2026-09-24T18:45:00+00:00,2026-09-24,Europe/Vienna,Austria,Israel,UEFA Nations League,nations_league,Vienna,Austria,False,,,bsd,212587,2026-08-08T19:03:53+00:00,,"local_date derived from home venue Vienna (70% of home matches), not a named venue"
8fe8f48381de7448,cayman islands|dominica|concacaf nations league,scheduled,2026-09-24T18:00:00+00:00,2026-09-24,,Cayman Islands,Dominica,CONCACAF Nations League,nations_league,,,False,,,bsd,223074,2026-08-08T19:03:53+00:00,,venue timezone unresolved; local_date is the UTC date (no venue)
fa5a15d873233845,costa rica|curaçao|concacaf nations league,scheduled,2026-09-24T18:00:00+00:00,2026-09-24,America/Costa_Rica,Costa Rica,Curaçao,CONCACAF Nations League,nations_league,San José,Costa Rica,False,,,bsd,223071,2026-08-08T19:03:53+00:00,,"local_date derived from home venue San José (100% of home matches), not a named venue"
9500c064d19a89d1,dominican republic|nicaragua|concacaf nations league,scheduled,2026-09-24T18:00:00+00:00,2026-09-24,America/Santo_Domingo,Dominican Republic,Nicaragua,CONCACAF Nations League,nations_league,,,False,,,bsd,223072,2026-08-08T19:03:53+00:00,,"local_date derived from MODAL home venue Santiago de los Caballeros, only 45% of home matches — low confidence, not a named venue"
7b2d904d0388ae7c,haiti|trinidad and tobago|concacaf nations league,scheduled,2026-09-24T18:00:00+00:00,2026-09-24,America/Port-au-Prince,Haiti,Trinidad and Tobago,CONCACAF Nations League,nations_league,,,False,,,bsd,223073,2026-08-08T19:03:53+00:00,,"local_date derived from home venue Port-au-Prince (100% of home matches), not a named venue"
e401151d271a93c5,kosovo|republic of ireland|uefa nations league,scheduled,2026-09-24T18:45:00+00:00,2026-09-24,Europe/Belgrade,Kosovo,Republic of Ireland,UEFA Nations League,nations_league,,,False,,,bsd,212588,2026-08-08T19:03:53+00:00,,"local_date derived from home venue Pristina (98% of home matches), not a named venue"
a66b62b406c5f5f3,liechtenstein|lithuania|uefa nations league,scheduled,2026-09-24T18:45:00+00:00,2026-09-24,Europe/Vaduz,Liechtenstein,Lithuania,UEFA Nations League,nations_league,,,False,,,bsd,212590,2026-08-08T19:03:53+00:00,,"local_date derived from home venue Vaduz (100% of home matches), not a named venue"
314525e08f1ccecb,netherlands|germany|uefa nations league,scheduled,2026-09-24T18:45:00+00:00,2026-09-24,Europe/Amsterdam,Netherlands,Germany,UEFA Nations League,nations_league,,,False,,,bsd,212581,2026-08-08T19:03:53+00:00,,"local_date derived from home venue Amsterdam (55% of home matches), not a named venue"
aec46b97c06c21f2,north macedonia|slovenia|uefa nations league,scheduled,2026-09-24T18:45:00+00:00,2026-09-24,Europe/Skopje,North Macedonia,Slovenia,UEFA Nations League,nations_league,,,False,,,bsd,212711,2026-08-08T19:03:53+00:00,,"local_date derived from home venue Skopje (93% of home matches), not a named venue"
79e96e3f8837d24e,norway|denmark|uefa nations league,scheduled,2026-09-24T18:45:00+00:00,2026-09-24,Europe/Oslo,Norway,Denmark,UEFA Nations League,nations_league,Oslo,Norway,False,,,bsd,212583,2026-08-08T19:03:53+00:00,,
56d3ef566df1fd65,portugal|wales|uefa nations league,scheduled,2026-09-24T18:45:00+00:00,2026-09-24,Europe/Lisbon,Portugal,Wales,UEFA Nations League,nations_league,,,False,,,bsd,212584,2026-08-08T19:03:53+00:00,,"local_date derived from MODAL home venue Lisbon, only 45% of home matches — low confidence, not a named venue"
be47ae26a5034b4b,puerto rico|guyana|concacaf nations league,scheduled,2026-09-24T18:00:00+00:00,2026-09-24,,Puerto Rico,Guyana,CONCACAF Nations League,nations_league,,,False,,,bsd,223075,2026-08-08T19:03:53+00:00,,venue timezone unresolved; local_date is the UTC date (no venue)
d44ee730922ca916,serbia|greece|uefa nations league,scheduled,2026-09-24T18:45:00+00:00,2026-09-24,Europe/Belgrade,Serbia,Greece,UEFA Nations League,nations_league,,,False,,,bsd,212582,2026-08-08T19:03:53+00:00,,"local_date derived from home venue Belgrade (82% of home matches), not a named venue"
e62e280859134fee,slovenia|north macedonia|uefa nations league,scheduled,2026-09-24T18:45:00+00:00,2026-09-24,Europe/Ljubljana,Slovenia,North Macedonia,UEFA Nations League,nations_league,,,False,,,bsd,212608,2026-08-08T19:03:53+00:00,,"local_date derived from home venue Ljubljana (93% of home matches), not a named venue"
d2c1fdf27215cc34,armenia|latvia|uefa nations league,scheduled,2026-09-25T16:00:00+00:00,2026-09-25,Asia/Yerevan,Armenia,Latvia,UEFA Nations League,nations_league,,,False,,,bsd,212592,2026-08-08T19:03:53+00:00,,"local_date derived from home venue Yerevan (100% of home matches), not a named venue"
76cbadcba1e0f4ed,barbados|saint lucia|concacaf nations league,scheduled,2026-09-25T18:00:00+00:00,2026-09-25,America/Barbados,Barbados,Saint Lucia,CONCACAF Nations League,nations_league,Waterford,Barbados,False,,,bsd,223079,2026-08-08T19:03:53+00:00,,"local_date derived from home venue Bridgetown (95% of home matches), not a named venue"
eb525295a46cf2bb,georgia|northern ireland|uefa nations league,scheduled,2026-09-25T16:00:00+00:00,2026-09-25,Asia/Tbilisi,Georgia,Northern Ireland,UEFA Nations League,nations_league,Tbilisi,Georgia,False,,,bsd,212591,2026-08-08T19:03:53+00:00,,"local_date derived from home venue Tbilisi (80% of home matches), not a named venue"
cefa36d92fe102a6,grenada|cuba|concacaf nations league,scheduled,2026-09-25T18:00:00+00:00,2026-09-25,America/Grenada,Grenada,Cuba,CONCACAF Nations League,nations_league,,,False,,,bsd,223082,2026-08-08T19:03:53+00:00,,"local_date derived from home venue St. George's (84% of home matches), not a named venue"
0bb4653065a3f7ab,honduras|suriname|concacaf nations league,scheduled,2026-09-25T18:00:00+00:00,2026-09-25,America/Tegucigalpa,Honduras,Suriname,CONCACAF Nations League,nations_league,San Pedro Sula,Honduras,False,,,bsd,223077,2026-08-08T19:03:53+00:00,,"local_date derived from home venue San Pedro Sula (64% of home matches), not a named venue"
c853ee3ba615d32f,hungary|ukraine|uefa nations league,scheduled,2026-09-25T18:45:00+00:00,2026-09-25,Europe/Budapest,Hungary,Ukraine,UEFA Nations League,nations_league,Budapest,Hungary,False,,,bsd,212595,2026-08-08T19:03:53+00:00,,
7666d25e0f1ef890,italy|belgium|uefa nations league,scheduled,2026-09-25T18:45:00+00:00,2026-09-25,Europe/Rome,Italy,Belgium,UEFA Nations League,nations_league,,,False,,,bsd,212593,2026-08-08T19:03:53+00:00,,"local_date derived from MODAL home venue Milan, only 17% of home matches — low confidence, not a named venue"
5f65b63abcce6686,jamaica|guatemala|concacaf nations league,scheduled,2026-09-25T18:00:00+00:00,2026-09-25,America/Jamaica,Jamaica,Guatemala,CONCACAF Nations League,nations_league,Kingston,Jamaica,False,,,bsd,223078,2026-08-08T19:03:53+00:00,,"local_date derived from home venue Kingston (88% of home matches), not a named venue"
4f75d9424c1d5c5a,montenegro|cyprus|uefa nations league,scheduled,2026-09-25T18:45:00+00:00,2026-09-25,Europe/Podgorica,Montenegro,Cyprus,UEFA Nations League,nations_league,,,False,,,bsd,212598,2026-08-08T19:03:53+00:00,,"local_date derived from home venue Podgorica (90% of home matches), not a named venue"
864d585ffcda81b9,poland|bosnia and herzegovina|uefa nations league,scheduled,2026-09-25T18:45:00+00:00,2026-09-25,Europe/Warsaw,Poland,Bosnia and Herzegovina,UEFA Nations League,nations_league,,,False,,,bsd,212596,2026-08-08T19:03:53+00:00,,"local_date derived from home venue Warsaw (63% of home matches), not a named venue"
d83f4b45fc119b5c,sweden|romania|uefa nations league,scheduled,2026-09-25T18:45:00+00:00,2026-09-25,Europe/Stockholm,Sweden,Romania,UEFA Nations League,nations_league,,,False,,,bsd,212597,2026-08-08T19:03:53+00:00,,"local_date derived from home venue Stockholm (63% of home matches), not a named venue"
9dc3efb62a4abe83,turkey|france|uefa nations league,scheduled,2026-09-25T18:45:00+00:00,2026-09-25,,Turkey,France,UEFA Nations League,nations_league,,,False,,,bsd,212594,2026-08-08T19:03:53+00:00,,venue timezone unresolved; local_date is the UTC date (no venue)
9eb5668d44297a70,albania|belarus|uefa nations league,scheduled,2026-09-26T18:45:00+00:00,2026-09-26,Europe/Tirane,Albania,Belarus,UEFA Nations League,nations_league,Tirana,Albania,False,,,bsd,212605,2026-08-08T19:03:53+00:00,,
38bbff4317b6caa4,antigua and barbuda|anguilla|concacaf nations league,scheduled,2026-09-26T18:00:00+00:00,2026-09-26,America/Antigua,Antigua and Barbuda,Anguilla,CONCACAF Nations League,nations_league,,,False,,,bsd,223086,2026-08-08T19:03:53+00:00,,"local_date derived from home venue North Sound (53% of home matches), not a named venue"
b3418dffcdebfffb,bulgaria|luxembourg|uefa nations league,scheduled,2026-09-26T16:00:00+00:00,2026-09-26,Europe/Sofia,Bulgaria,Luxembourg,UEFA Nations League,nations_league,,,False,,,bsd,212601,2026-08-08T19:03:53+00:00,,"local_date derived from home venue Sofia (71% of home matches), not a named venue"
34b9d76018b92a6f,canada|chile|friendly,scheduled,2026-09-26T23:00:00+00:00,2026-09-26,America/Toronto,Canada,Chile,Friendly,friendly,,,False,,,bsd,224837,2026-08-08T19:03:53+00:00,,"local_date derived from home venue Toronto (59% of home matches), not a named venue"
ca22460f82809fd4,czech republic|croatia|uefa nations league,scheduled,2026-09-26T18:45:00+00:00,2026-09-26,Europe/Prague,Czech Republic,Croatia,UEFA Nations League,nations_league,,,False,,,bsd,212603,2026-08-08T19:03:53+00:00,,"local_date derived from home venue Prague (50% of home matches), not a named venue"
7e96457dd32a965a,england|spain|uefa nations league,scheduled,2026-09-26T18:45:00+00:00,2026-09-26,Europe/London,England,Spain,UEFA Nations League,nations_league,London,England,False,,,bsd,212604,2026-08-08T19:03:53+00:00,,
e55916a97e9f5ad5,faroe islands|kazakhstan|uefa nations league,scheduled,2026-09-26T16:00:00+00:00,2026-09-26,Atlantic/Faroe,Faroe Islands,Kazakhstan,UEFA Nations League,nations_league,Torshavn,Faroe Islands,False,,,bsd,212600,2026-08-08T19:03:53+00:00,,
28bc669519a415a8,iceland|estonia|uefa nations league,scheduled,2026-09-26T16:00:00+00:00,2026-09-26,Atlantic/Reykjavik,Iceland,Estonia,UEFA Nations League,nations_league,Reykjavik,Iceland,False,,,bsd,212602,2026-08-08T19:03:53+00:00,,
279948d09bf923c8,montserrat|british virgin islands|concacaf nations league,scheduled,2026-09-26T18:00:00+00:00,2026-09-26,,Montserrat,British Virgin Islands,CONCACAF Nations League,nations_league,,,False,,,bsd,223085,2026-08-08T19:03:53+00:00,,venue timezone unresolved; local_date is the UTC date (no venue)
5021a409422df806,north macedonia|switzerland|uefa nations league,scheduled,2026-09-26T18:45:00+00:00,2026-09-26,Europe/Skopje,North Macedonia,Switzerland,UEFA Nations League,nations_league,,,False,,,bsd,212585,2026-08-08T19:03:53+00:00,,"local_date derived from home venue Skopje (93% of home matches), not a named venue"
c28f95d3b3730abe,san marino|finland|uefa nations league,scheduled,2026-09-26T16:00:00+00:00,2026-09-26,Europe/San_Marino,San Marino,Finland,UEFA Nations League,nations_league,Serravalle,San Marino,False,,,bsd,212599,2026-08-08T19:03:53+00:00,,
cce3660f55e2a507,slovakia|moldova|uefa nations league,scheduled,2026-09-26T18:45:00+00:00,2026-09-26,Europe/Bratislava,Slovakia,Moldova,UEFA Nations League,nations_league,,,False,,,bsd,212606,2026-08-08T19:03:53+00:00,,"local_date derived from home venue Trnava (57% of home matches), not a named venue"
b906aa55d16e67b3,slovenia|scotland|uefa nations league,scheduled,2026-09-26T13:00:00+00:00,2026-09-26,Europe/Ljubljana,Slovenia,Scotland,UEFA Nations League,nations_league,,,False,,,bsd,212586,2026-08-08T19:03:53+00:00,,"local_date derived from home venue Ljubljana (93% of home matches), not a named venue"
8779338a60657222,austria|kosovo|uefa nations league,scheduled,2026-09-27T16:00:00+00:00,2026-09-27,Europe/Vienna,Austria,Kosovo,UEFA Nations League,nations_league,Vienna,Austria,False,,,bsd,212612,2026-08-08T19:03:53+00:00,,"local_date derived from home venue Vienna (70% of home matches), not a named venue"
fd0ab4d9a9f23566,curaçao|nicaragua|concacaf nations league,scheduled,2026-09-27T18:00:00+00:00,2026-09-27,,Curaçao,Nicaragua,CONCACAF Nations League,nations_league,Willemstad,Curacao,False,,,bsd,223088,2026-08-08T19:03:53+00:00,,venue timezone unresolved; local_date is the UTC date (venue_id=431)
69d814b018ecffb4,denmark|wales|uefa nations league,scheduled,2026-09-27T16:00:00+00:00,2026-09-27,Europe/Copenhagen,Denmark,Wales,UEFA Nations League,nations_league,,,False,,,bsd,212611,2026-08-08T19:03:53+00:00,,"local_date derived from home venue Copenhagen (70% of home matches), not a named venue"
77609833a2e60e47,dominica|puerto rico|concacaf nations league,scheduled,2026-09-27T18:00:00+00:00,2026-09-27,America/Dominica,Dominica,Puerto Rico,CONCACAF Nations League,nations_league,,,False,,,bsd,223091,2026-08-08T19:03:53+00:00,,"local_date derived from home venue Roseau (100% of home matches), not a named venue"
9a42f823e50d89b4,germany|greece|uefa nations league,scheduled,2026-09-27T18:45:00+00:00,2026-09-27,Europe/Berlin,Germany,Greece,UEFA Nations League,nations_league,,,False,,,bsd,212614,2026-08-08T19:03:53+00:00,,"local_date derived from MODAL home venue Munich, only 12% of home matches — low confidence, not a named venue"
818f05e02360b7cf,gibraltar|andorra|uefa nations league,scheduled,2026-09-27T16:00:00+00:00,2026-09-27,,Gibraltar,Andorra,UEFA Nations League,nations_league,,,False,,,bsd,212613,2026-08-08T19:03:53+00:00,,venue timezone unresolved; local_date is the UTC date (no venue)
776947df75f32fa9,guyana|cayman islands|concacaf nations league,scheduled,2026-09-27T18:00:00+00:00,2026-09-27,America/Guyana,Guyana,Cayman Islands,CONCACAF Nations League,nations_league,Georgetown,Guyana,False,,,bsd,223092,2026-08-08T19:03:53+00:00,,"local_date derived from home venue Leonora (77% of home matches), not a named venue"
124d79f30d67ec6e,haiti|costa rica|concacaf nations league,scheduled,2026-09-27T18:00:00+00:00,2026-09-27,America/Port-au-Prince,Haiti,Costa Rica,CONCACAF Nations League,nations_league,,,False,,,bsd,223089,2026-08-08T19:03:53+00:00,,"local_date derived from home venue Port-au-Prince (100% of home matches), not a named venue"
45479e74e935b342,israel|republic of ireland|uefa nations league,scheduled,2026-09-27T18:45:00+00:00,2026-09-27,Asia/Jerusalem,Israel,Republic of Ireland,UEFA Nations League,nations_league,,,False,,,bsd,212616,2026-08-08T19:03:53+00:00,,"local_date derived from MODAL home venue Haifa, only 29% of home matches — low confidence, not a named venue"
14ea2b92b80c34f1,lithuania|azerbaijan|uefa nations league,scheduled,2026-09-27T13:00:00+00:00,2026-09-27,Europe/Vilnius,Lithuania,Azerbaijan,UEFA Nations League,nations_league,Kaunas,Lithuania,False,,,bsd,212609,2026-08-08T19:03:53+00:00,,
b95597f7a2a85c62,norway|portugal|uefa nations league,scheduled,2026-09-27T18:45:00+00:00,2026-09-27,Europe/Oslo,Norway,Portugal,UEFA Nations League,nations_league,Oslo,Norway,False,,,bsd,212615,2026-08-08T19:03:53+00:00,,
74c035275ce8ff82,serbia|netherlands|uefa nations league,scheduled,2026-09-27T16:00:00+00:00,2026-09-27,Europe/Belgrade,Serbia,Netherlands,UEFA Nations League,nations_league,,,False,,,bsd,212610,2026-08-08T19:03:53+00:00,,"local_date derived from home venue Belgrade (82% of home matches), not a named venue"
6fb185a97c390aa5,trinidad and tobago|dominican republic|concacaf nations league,scheduled,2026-09-27T18:00:00+00:00,2026-09-27,America/Port_of_Spain,Trinidad and Tobago,Dominican Republic,CONCACAF Nations League,nations_league,,,False,,,bsd,223090,2026-08-08T19:03:53+00:00,,"local_date derived from home venue Port of Spain (55% of home matches), not a named venue"
c9b61eaef7f25810,armenia|montenegro|uefa nations league,scheduled,2026-09-28T16:00:00+00:00,2026-09-28,Asia/Yerevan,Armenia,Montenegro,UEFA Nations League,nations_league,,,False,,,bsd,212618,2026-08-08T19:03:53+00:00,,"local_date derived from home venue Yerevan (100% of home matches), not a named venue"
d14597db7e1a84e1,belgium|france|uefa nations league,scheduled,2026-09-28T18:45:00+00:00,2026-09-28,Europe/Brussels,Belgium,France,UEFA Nations League,nations_league,Brussels,Belgium,False,,,bsd,212619,2026-08-08T19:03:53+00:00,,
83f3581a0f1b6abd,belize|saint vincent and the grenadines|concacaf nations league,scheduled,2026-09-28T18:00:00+00:00,2026-09-28,America/Belize,Belize,Saint Vincent and the Grenadines,CONCACAF Nations League,nations_league,Belmopan,Belize,False,,,bsd,223100,2026-08-08T19:03:53+00:00,,"local_date derived from home venue Belmopan (96% of home matches), not a named venue"
3421ff0d47754e9b,georgia|ukraine|uefa nations league,scheduled,2026-09-28T16:00:00+00:00,2026-09-28,Asia/Tbilisi,Georgia,Ukraine,UEFA Nations League,nations_league,Tbilisi,Georgia,False,,,bsd,212617,2026-08-08T19:03:53+00:00,,"local_date derived from home venue Tbilisi (80% of home matches), not a named venue"
86414f95d77171fc,guatemala|el salvador|concacaf nations league,scheduled,2026-09-28T18:00:00+00:00,2026-09-28,America/Guatemala,Guatemala,El Salvador,CONCACAF Nations League,nations_league,,,False,,,bsd,223093,2026-08-08T19:03:53+00:00,,"local_date derived from home venue Guatemala City (89% of home matches), not a named venue"
41fe15c2e3d23e60,jamaica|honduras|concacaf nations league,scheduled,2026-09-28T18:00:00+00:00,2026-09-28,America/Jamaica,Jamaica,Honduras,CONCACAF Nations League,nations_league,Kingston,Jamaica,False,,,bsd,223094,2026-08-08T19:03:53+00:00,,"local_date derived from home venue Kingston (88% of home matches), not a named venue"
d2df695d96566e2a,latvia|cyprus|uefa nations league,scheduled,2026-09-28T16:00:00+00:00,2026-09-28,Europe/Riga,Latvia,Cyprus,UEFA Nations League,nations_league,,,False,,,bsd,212624,2026-08-08T19:03:53+00:00,,"local_date derived from home venue Riga (96% of home matches), not a named venue"
d13d5fdd4d1e3086,northern ireland|hungary|uefa nations league,scheduled,2026-09-28T18:45:00+00:00,2026-09-28,Europe/London,Northern Ireland,Hungary,UEFA Nations League,nations_league,,,False,,,bsd,212621,2026-08-08T19:03:53+00:00,,"local_date derived from home venue Belfast (100% of home matches), not a named venue"
37e41ccda4a05aa6,romania|bosnia and herzegovina|uefa nations league,scheduled,2026-09-28T18:45:00+00:00,2026-09-28,Europe/Bucharest,Romania,Bosnia and Herzegovina,UEFA Nations League,nations_league,,,False,,,bsd,212622,2026-08-08T19:03:53+00:00,,"local_date derived from home venue Bucharest (69% of home matches), not a named venue"
9c347c0b33aa3b2f,saint kitts and nevis|grenada|concacaf nations league,scheduled,2026-09-28T18:00:00+00:00,2026-09-28,America/St_Kitts,Saint Kitts and Nevis,Grenada,CONCACAF Nations League,nations_league,,,False,,,bsd,223099,2026-08-08T19:03:53+00:00,,"local_date derived from home venue Basseterre (96% of home matches), not a named venue"
064599c6e9468d91,saint lucia|bermuda|concacaf nations league,scheduled,2026-09-28T18:00:00+00:00,2026-09-28,America/St_Lucia,Saint Lucia,Bermuda,CONCACAF Nations League,nations_league,,,False,,,bsd,223097,2026-08-08T19:03:53+00:00,,"local_date derived from home venue Gros Islet (100% of home matches), not a named venue"
571d86a1dfa47ab8,sweden|poland|uefa nations league,scheduled,2026-09-28T18:45:00+00:00,2026-09-28,Europe/Stockholm,Sweden,Poland,UEFA Nations League,nations_league,,,False,,,bsd,212623,2026-08-08T19:03:53+00:00,,"local_date derived from home venue Stockholm (63% of home matches), not a named venue"
e4189a009bae5cf9,turkey|italy|uefa nations league,scheduled,2026-09-28T18:45:00+00:00,2026-09-28,,Turkey,Italy,UEFA Nations League,nations_league,,,False,,,bsd,212620,2026-08-08T19:03:53+00:00,,venue timezone unresolved; local_date is the UTC date (no venue)
87a0f9e481a5be06,anguilla|aruba|concacaf nations league,scheduled,2026-09-29T18:00:00+00:00,2026-09-29,,Anguilla,Aruba,CONCACAF Nations League,nations_league,,,False,,,bsd,223103,2026-08-08T19:03:53+00:00,,venue timezone unresolved; local_date is the UTC date (no venue)
cf874e756644cbdf,british virgin islands|turks and caicos islands|concacaf nations league,scheduled,2026-09-29T18:00:00+00:00,2026-09-29,,British Virgin Islands,Turks and Caicos Islands,CONCACAF Nations League,nations_league,,,False,,,bsd,223102,2026-08-08T19:03:53+00:00,,venue timezone unresolved; local_date is the UTC date (no venue)
6da16ab8838e5bf2,bulgaria|estonia|uefa nations league,scheduled,2026-09-29T18:45:00+00:00,2026-09-29,Europe/Sofia,Bulgaria,Estonia,UEFA Nations League,nations_league,,,False,,,bsd,212631,2026-08-08T19:03:53+00:00,,"local_date derived from home venue Sofia (71% of home matches), not a named venue"
4d79684318fd2b80,czech republic|england|uefa nations league,scheduled,2026-09-29T18:45:00+00:00,2026-09-29,Europe/Prague,Czech Republic,England,UEFA Nations League,nations_league,,,False,,,bsd,212625,2026-08-08T19:03:53+00:00,,"local_date derived from home venue Prague (50% of home matches), not a named venue"
661079a86d436ed3,finland|belarus|uefa nations league,scheduled,2026-09-29T16:00:00+00:00,2026-09-29,Europe/Helsinki,Finland,Belarus,UEFA Nations League,nations_league,Helsinki,Finland,False,,,bsd,212627,2026-08-08T19:03:53+00:00,,"local_date derived from home venue Helsinki (64% of home matches), not a named venue"
0bef6a9b4583f718,luxembourg|iceland|uefa nations league,scheduled,2026-09-29T18:45:00+00:00,2026-09-29,Europe/Luxembourg,Luxembourg,Iceland,UEFA Nations League,nations_league,,,False,,,bsd,212632,2026-08-08T19:03:53+00:00,,"local_date derived from home venue Luxembourg (98% of home matches), not a named venue"
6c63313ea28c11f6,moldova|faroe islands|uefa nations league,scheduled,2026-09-29T16:00:00+00:00,2026-09-29,Europe/Chisinau,Moldova,Faroe Islands,UEFA Nations League,nations_league,,,False,,,bsd,212629,2026-08-08T19:03:53+00:00,,"local_date derived from home venue Chișinău (100% of home matches), not a named venue"
7c4f119df7c59a69,san marino|albania|uefa nations league,scheduled,2026-09-29T18:45:00+00:00,2026-09-29,Europe/San_Marino,San Marino,Albania,UEFA Nations League,nations_league,Serravalle,San Marino,False,,,bsd,212628,2026-08-08T19:03:53+00:00,,
0f877cb0a0a99e5f,scotland|switzerland|uefa nations league,scheduled,2026-09-29T18:45:00+00:00,2026-09-29,Europe/London,Scotland,Switzerland,UEFA Nations League,nations_league,,,False,,,bsd,212607,2026-08-08T19:03:53+00:00,,"local_date derived from home venue Glasgow (96% of home matches), not a named venue"
a1e3a0f3d2364f7d,slovakia|kazakhstan|uefa nations league,scheduled,2026-09-29T18:45:00+00:00,2026-09-29,Europe/Bratislava,Slovakia,Kazakhstan,UEFA Nations League,nations_league,,,False,,,bsd,212630,2026-08-08T19:03:53+00:00,,"local_date derived from home venue Trnava (57% of home matches), not a named venue"
ad99136e9a6b3319,spain|croatia|uefa nations league,scheduled,2026-09-29T18:45:00+00:00,2026-09-29,Europe/Madrid,Spain,Croatia,UEFA Nations League,nations_league,,,False,,,bsd,212626,2026-08-08T19:03:53+00:00,,"local_date derived from MODAL home venue Seville, only 20% of home matches — low confidence, not a named venue"
c22be4b54bbfd99a,united states virgin islands|bahamas|concacaf nations league,scheduled,2026-09-29T18:00:00+00:00,2026-09-29,,United States Virgin Islands,Bahamas,CONCACAF Nations League,nations_league,,,False,,,bsd,223104,2026-08-08T19:03:53+00:00,,venue timezone unresolved; local_date is the UTC date (no venue)
9ff1f58ff572288a,anguilla|antigua and barbuda|concacaf nations league,scheduled,2026-10-01T18:00:00+00:00,2026-10-01,,Anguilla,Antigua and Barbuda,CONCACAF Nations League,nations_league,,,False,,,bsd,223106,2026-08-08T19:03:53+00:00,,venue timezone unresolved; local_date is the UTC date (no venue)
676a7cc98064c008,azerbaijan|liechtenstein|uefa nations league,scheduled,2026-10-01T16:00:00+00:00,2026-10-01,Asia/Baku,Azerbaijan,Liechtenstein,UEFA Nations League,nations_league,,,False,,,bsd,212635,2026-08-08T19:03:53+00:00,,"local_date derived from home venue Baku (83% of home matches), not a named venue"
6657d41b7a8d9b8d,british virgin islands|montserrat|concacaf nations league,scheduled,2026-10-01T18:00:00+00:00,2026-10-01,,British Virgin Islands,Montserrat,CONCACAF Nations League,nations_league,,,False,,,bsd,223105,2026-08-08T19:03:53+00:00,,venue timezone unresolved; local_date is the UTC date (no venue)
d4c691378a30aafb,cayman islands|puerto rico|concacaf nations league,scheduled,2026-10-01T18:00:00+00:00,2026-10-01,,Cayman Islands,Puerto Rico,CONCACAF Nations League,nations_league,,,False,,,bsd,223111,2026-08-08T19:03:53+00:00,,venue timezone unresolved; local_date is the UTC date (no venue)
2cf119381ecb7d8b,curaçao|trinidad and tobago|concacaf nations league,scheduled,2026-10-01T18:00:00+00:00,2026-10-01,,Curaçao,Trinidad and Tobago,CONCACAF Nations League,nations_league,Willemstad,Curacao,False,,,bsd,223108,2026-08-08T19:03:53+00:00,,venue timezone unresolved; local_date is the UTC date (venue_id=431)
634d6a22d62e844d,denmark|portugal|uefa nations league,scheduled,2026-10-01T18:45:00+00:00,2026-10-01,Europe/Copenhagen,Denmark,Portugal,UEFA Nations League,nations_league,,,False,,,bsd,212638,2026-08-08T19:03:53+00:00,,"local_date derived from home venue Copenhagen (70% of home matches), not a named venue"
3fee86d298b7046c,dominica|guyana|concacaf nations league,scheduled,2026-10-01T18:00:00+00:00,2026-10-01,America/Dominica,Dominica,Guyana,CONCACAF Nations League,nations_league,,,False,,,bsd,223112,2026-08-08T19:03:53+00:00,,"local_date derived from home venue Roseau (100% of home matches), not a named venue"
108abf79de64c5b6,dominican republic|haiti|concacaf nations league,scheduled,2026-10-01T18:00:00+00:00,2026-10-01,America/Santo_Domingo,Dominican Republic,Haiti,CONCACAF Nations League,nations_league,,,False,,,bsd,223109,2026-08-08T19:03:53+00:00,,"local_date derived from MODAL home venue Santiago de los Caballeros, only 45% of home matches — low confidence, not a named venue"
e9671a76bef9da67,germany|serbia|uefa nations league,scheduled,2026-10-01T18:45:00+00:00,2026-10-01,Europe/Berlin,Germany,Serbia,UEFA Nations League,nations_league,,,False,,,bsd,212636,2026-08-08T19:03:53+00:00,,"local_date derived from MODAL home venue Munich, only 12% of home matches — low confidence, not a named venue"
ecf161d8b04617a0,greece|netherlands|uefa nations league,scheduled,2026-10-01T18:45:00+00:00,2026-10-01,Europe/Athens,Greece,Netherlands,UEFA Nations League,nations_league,,,False,,,bsd,212637,2026-08-08T19:03:53+00:00,,"local_date derived from home venue Athens (61% of home matches), not a named venue"
a278027e2f434e41,israel|kosovo|uefa nations league,scheduled,2026-10-01T18:45:00+00:00,2026-10-01,Asia/Jerusalem,Israel,Kosovo,UEFA Nations League,nations_league,,,False,,,bsd,212641,2026-08-08T19:03:53+00:00,,"local_date derived from MODAL home venue Haifa, only 29% of home matches — low confidence, not a named venue"
3ca1a7a41f52d8cc,malta|gibraltar|uefa nations league,scheduled,2026-10-01T18:45:00+00:00,2026-10-01,,Malta,Gibraltar,UEFA Nations League,nations_league,,,False,,,bsd,212642,2026-08-08T19:03:53+00:00,,venue timezone unresolved; local_date is the UTC date (no venue)
b5495b11ba894ee0,nicaragua|costa rica|concacaf nations league,scheduled,2026-10-01T18:00:00+00:00,2026-10-01,America/Managua,Nicaragua,Costa Rica,CONCACAF Nations League,nations_league,Managua,Nicaragua,False,,,bsd,223110,2026-08-08T19:03:53+00:00,,"local_date derived from home venue Managua (97% of home matches), not a named venue"
c2c992caed7b0e60,republic of ireland|austria|uefa nations league,scheduled,2026-10-01T18:45:00+00:00,2026-10-01,Europe/Dublin,Republic of Ireland,Austria,UEFA Nations League,nations_league,Dublin,Ireland,False,,,bsd,212640,2026-08-08T19:03:53+00:00,,
a2d1f94fa0303220,wales|norway|uefa nations league,scheduled,2026-10-01T18:45:00+00:00,2026-10-01,Europe/London,Wales,Norway,UEFA Nations League,nations_league,Cardiff,Wales,False,,,bsd,212639,2026-08-08T19:03:53+00:00,,
be7018f851d40f39,barbados|bermuda|concacaf nations league,scheduled,2026-10-02T18:00:00+00:00,2026-10-02,America/Barbados,Barbados,Bermuda,CONCACAF Nations League,nations_league,Waterford,Barbados,False,,,bsd,223116,2026-08-08T19:03:53+00:00,,"local_date derived from home venue Bridgetown (95% of home matches), not a named venue"
f71e3552d7e19d59,belgium|turkey|uefa nations league,scheduled,2026-10-02T18:45:00+00:00,2026-10-02,Europe/Brussels,Belgium,Turkey,UEFA Nations League,nations_league,Brussels,Belgium,False,,,bsd,212644,2026-08-08T19:03:53+00:00,,
2db809a002c75d64,bosnia and herzegovina|sweden|uefa nations league,scheduled,2026-10-02T18:45:00+00:00,2026-10-02,Europe/Sarajevo,Bosnia and Herzegovina,Sweden,UEFA Nations League,nations_league,Zenica,Bosnia & Herzegovina,False,,,bsd,212648,2026-08-08T19:03:53+00:00,,
579acdc40229a54c,cyprus|armenia|uefa nations league,scheduled,2026-10-02T16:00:00+00:00,2026-10-02,Asia/Nicosia,Cyprus,Armenia,UEFA Nations League,nations_league,Nicosia,Cyprus,False,,,bsd,212650,2026-08-08T19:03:53+00:00,,
a52615dfcbb4539a,el salvador|jamaica|concacaf nations league,scheduled,2026-10-02T18:00:00+00:00,2026-10-02,America/El_Salvador,El Salvador,Jamaica,CONCACAF Nations League,nations_league,San Salvador,El Salvador,False,,,bsd,223113,2026-08-08T19:03:53+00:00,,"local_date derived from home venue San Salvador (100% of home matches), not a named venue"
6112e117dc0be2b8,faroe islands|slovakia|uefa nations league,scheduled,2026-10-02T18:45:00+00:00,2026-10-02,Atlantic/Faroe,Faroe Islands,Slovakia,UEFA Nations League,nations_league,Torshavn,Faroe Islands,False,,,bsd,212652,2026-08-08T19:03:53+00:00,,
485460120ad3dffb,france|italy|uefa nations league,scheduled,2026-10-02T18:45:00+00:00,2026-10-02,Europe/Paris,France,Italy,UEFA Nations League,nations_league,Paris,France,False,,,bsd,212645,2026-08-08T19:03:53+00:00,,
575245ba71c6d0b4,hungary|georgia|uefa nations league,scheduled,2026-10-02T18:45:00+00:00,2026-10-02,Europe/Budapest,Hungary,Georgia,UEFA Nations League,nations_league,Budapest,Hungary,False,,,bsd,212646,2026-08-08T19:03:53+00:00,,
fca6a3b631fc6941,kazakhstan|moldova|uefa nations league,scheduled,2026-10-02T14:00:00+00:00,2026-10-02,Asia/Almaty,Kazakhstan,Moldova,UEFA Nations League,nations_league,,,False,,,bsd,212643,2026-08-08T19:03:53+00:00,,"local_date derived from home venue Astana (85% of home matches), not a named venue"
374f11bc2620b22d,latvia|montenegro|uefa nations league,scheduled,2026-10-02T16:00:00+00:00,2026-10-02,Europe/Riga,Latvia,Montenegro,UEFA Nations League,nations_league,,,False,,,bsd,212651,2026-08-08T19:03:53+00:00,,"local_date derived from home venue Riga (96% of home matches), not a named venue"
b1626161bcda8b2a,poland|romania|uefa nations league,scheduled,2026-10-02T18:45:00+00:00,2026-10-02,Europe/Warsaw,Poland,Romania,UEFA Nations League,nations_league,,,False,,,bsd,212649,2026-08-08T19:03:53+00:00,,"local_date derived from home venue Warsaw (63% of home matches), not a named venue"
ddbdba5b05f6767f,saint kitts and nevis|cuba|concacaf nations league,scheduled,2026-10-02T18:00:00+00:00,2026-10-02,America/St_Kitts,Saint Kitts and Nevis,Cuba,CONCACAF Nations League,nations_league,,,False,,,bsd,223119,2026-08-08T19:03:53+00:00,,"local_date derived from home venue Basseterre (96% of home matches), not a named venue"
f81747667d8cbc16,suriname|guatemala|concacaf nations league,scheduled,2026-10-02T18:00:00+00:00,2026-10-02,America/Paramaribo,Suriname,Guatemala,CONCACAF Nations League,nations_league,,,False,,,bsd,223115,2026-08-08T19:03:53+00:00,,"local_date derived from home venue Paramaribo (100% of home matches), not a named venue"
0408604ae1a818d3,ukraine|northern ireland|uefa nations league,scheduled,2026-10-02T18:45:00+00:00,2026-10-02,Europe/Kyiv,Ukraine,Northern Ireland,UEFA Nations League,nations_league,Kyiv,Ukraine,False,,,bsd,212647,2026-08-08T19:03:53+00:00,,
0b570a3750ea5e44,belarus|san marino|uefa nations league,scheduled,2026-10-03T16:00:00+00:00,2026-10-03,Europe/Minsk,Belarus,San Marino,UEFA Nations League,nations_league,Minsk,Belarus,False,,,bsd,212655,2026-08-08T19:03:53+00:00,,"local_date derived from home venue Minsk (62% of home matches), not a named venue"
06de8618e76c5f5f,croatia|england|uefa nations league,scheduled,2026-10-03T16:00:00+00:00,2026-10-03,Europe/Zagreb,Croatia,England,UEFA Nations League,nations_league,Rijeka,Croatia,False,,,bsd,212654,2026-08-08T19:03:53+00:00,,
d9f1b2171acfcb96,estonia|luxembourg|uefa nations league,scheduled,2026-10-03T16:00:00+00:00,2026-10-03,Europe/Tallinn,Estonia,Luxembourg,UEFA Nations League,nations_league,,,False,,,bsd,212656,2026-08-08T19:03:53+00:00,,"local_date derived from home venue Tallinn (93% of home matches), not a named venue"
63622bd4383d32e8,finland|albania|uefa nations league,scheduled,2026-10-03T13:00:00+00:00,2026-10-03,Europe/Helsinki,Finland,Albania,UEFA Nations League,nations_league,Helsinki,Finland,False,,,bsd,212653,2026-08-08T19:03:53+00:00,,"local_date derived from home venue Helsinki (64% of home matches), not a named venue"
0a55a5cd243a2234,iceland|bulgaria|uefa nations league,scheduled,2026-10-03T16:00:00+00:00,2026-10-03,Atlantic/Reykjavik,Iceland,Bulgaria,UEFA Nations League,nations_league,Reykjavik,Iceland,False,,,bsd,212657,2026-08-08T19:03:53+00:00,,
f36b3e568982ae70,north macedonia|scotland|uefa nations league,scheduled,2026-10-03T18:45:00+00:00,2026-10-03,Europe/Skopje,North Macedonia,Scotland,UEFA Nations League,nations_league,,,False,,,bsd,212633,2026-08-08T19:03:53+00:00,,"local_date derived from home venue Skopje (93% of home matches), not a named venue"
786b319bf453d56e,spain|czech republic|uefa nations league,scheduled,2026-10-03T18:45:00+00:00,2026-10-03,Europe/Madrid,Spain,Czech Republic,UEFA Nations League,nations_league,,,False,,,bsd,212658,2026-08-08T19:03:53+00:00,,"local_date derived from MODAL home venue Seville, only 20% of home matches — low confidence, not a named venue"
5931182d582e4f97,switzerland|slovenia|uefa nations league,scheduled,2026-10-03T18:45:00+00:00,2026-10-03,Europe/Zurich,Switzerland,Slovenia,UEFA Nations League,nations_league,,,False,,,bsd,212634,2026-08-08T19:03:53+00:00,,"local_date derived from MODAL home venue St. Gallen, only 29% of home matches — low confidence, not a named venue"
844659d7a2c4e79a,aruba|anguilla|concacaf nations league,scheduled,2026-10-04T18:00:00+00:00,2026-10-04,,Aruba,Anguilla,CONCACAF Nations League,nations_league,,,False,,,bsd,223123,2026-08-08T19:03:53+00:00,,venue timezone unresolved; local_date is the UTC date (no venue)
b06a97924d80cc6d,azerbaijan|lithuania|uefa nations league,scheduled,2026-10-04T13:00:00+00:00,2026-10-04,Asia/Baku,Azerbaijan,Lithuania,UEFA Nations League,nations_league,,,False,,,bsd,212661,2026-08-08T19:03:53+00:00,,"local_date derived from home venue Baku (83% of home matches), not a named venue"
4fa2bac46cf7c7e9,bahamas|united states virgin islands|concacaf nations league,scheduled,2026-10-04T18:00:00+00:00,2026-10-04,America/Nassau,Bahamas,United States Virgin Islands,CONCACAF Nations League,nations_league,,,False,,,bsd,223124,2026-08-08T19:03:53+00:00,,"local_date derived from home venue Nassau (100% of home matches), not a named venue"
8dcb996a7feb3e7c,costa rica|haiti|concacaf nations league,scheduled,2026-10-04T18:00:00+00:00,2026-10-04,America/Costa_Rica,Costa Rica,Haiti,CONCACAF Nations League,nations_league,San José,Costa Rica,False,,,bsd,223128,2026-08-08T19:03:53+00:00,,"local_date derived from home venue San José (100% of home matches), not a named venue"
58771021363ef37e,greece|germany|uefa nations league,scheduled,2026-10-04T18:45:00+00:00,2026-10-04,Europe/Athens,Greece,Germany,UEFA Nations League,nations_league,,,False,,,bsd,212664,2026-08-08T19:03:53+00:00,,"local_date derived from home venue Athens (61% of home matches), not a named venue"
1035a6a38248cb8a,guyana|dominica|concacaf nations league,scheduled,2026-10-04T18:00:00+00:00,2026-10-04,America/Guyana,Guyana,Dominica,CONCACAF Nations League,nations_league,Georgetown,Guyana,False,,,bsd,223131,2026-08-08T19:03:53+00:00,,"local_date derived from home venue Leonora (77% of home matches), not a named venue"
a83bf9c9e0a69e72,kosovo|austria|uefa nations league,scheduled,2026-10-04T16:00:00+00:00,2026-10-04,Europe/Belgrade,Kosovo,Austria,UEFA Nations League,nations_league,,,False,,,bsd,212662,2026-08-08T19:03:53+00:00,,"local_date derived from home venue Pristina (98% of home matches), not a named venue"
97f9a54f00bb2e75,malta|andorra|uefa nations league,scheduled,2026-10-04T16:00:00+00:00,2026-10-04,,Malta,Andorra,UEFA Nations League,nations_league,,,False,,,bsd,212663,2026-08-08T19:03:53+00:00,,venue timezone unresolved; local_date is the UTC date (no venue)
16ced95c4406b088,netherlands|serbia|uefa nations league,scheduled,2026-10-04T18:45:00+00:00,2026-10-04,Europe/Amsterdam,Netherlands,Serbia,UEFA Nations League,nations_league,,,False,,,bsd,212665,2026-08-08T19:03:53+00:00,,"local_date derived from home venue Amsterdam (55% of home matches), not a named venue"
decae9e648d9b8ff,nicaragua|dominican republic|concacaf nations league,scheduled,2026-10-04T18:00:00+00:00,2026-10-04,America/Managua,Nicaragua,Dominican Republic,CONCACAF Nations League,nations_league,Managua,Nicaragua,False,,,bsd,223129,2026-08-08T19:03:53+00:00,,"local_date derived from home venue Managua (97% of home matches), not a named venue"
5cefa09e6f676475,portugal|norway|uefa nations league,scheduled,2026-10-04T18:45:00+00:00,2026-10-04,Europe/Lisbon,Portugal,Norway,UEFA Nations League,nations_league,,,False,,,bsd,212666,2026-08-08T19:03:53+00:00,,"local_date derived from MODAL home venue Lisbon, only 45% of home matches — low confidence, not a named venue"
30b3d84b9c14626f,puerto rico|cayman islands|concacaf nations league,scheduled,2026-10-04T18:00:00+00:00,2026-10-04,,Puerto Rico,Cayman Islands,CONCACAF Nations League,nations_league,,,False,,,bsd,223132,2026-08-08T19:03:53+00:00,,venue timezone unresolved; local_date is the UTC date (no venue)
88b1bf7c55b8f1fc,republic of ireland|israel|uefa nations league,scheduled,2026-10-04T18:45:00+00:00,2026-10-04,Europe/Dublin,Republic of Ireland,Israel,UEFA Nations League,nations_league,Dublin,Ireland,False,,,bsd,212668,2026-08-08T19:03:53+00:00,,
52487c1ffa9b20a2,trinidad and tobago|curaçao|concacaf nations league,scheduled,2026-10-04T18:00:00+00:00,2026-10-04,America/Port_of_Spain,Trinidad and Tobago,Curaçao,CONCACAF Nations League,nations_league,,,False,,,bsd,223130,2026-08-08T19:03:53+00:00,,"local_date derived from home venue Port of Spain (55% of home matches), not a named venue"
aa5a042c525018ff,turks and caicos islands|british virgin islands|concacaf nations league,scheduled,2026-10-04T18:00:00+00:00,2026-10-04,,Turks and Caicos Islands,British Virgin Islands,CONCACAF Nations League,nations_league,,,False,,,bsd,223122,2026-08-08T19:03:53+00:00,,venue timezone unresolved; local_date is the UTC date (no venue)
76194cf6fc1c3468,wales|denmark|uefa nations league,scheduled,2026-10-04T18:45:00+00:00,2026-10-04,Europe/London,Wales,Denmark,UEFA Nations League,nations_league,Cardiff,Wales,False,,,bsd,212667,2026-08-08T19:03:53+00:00,,
24e8b2744c00285d,bermuda|saint lucia|concacaf nations league,scheduled,2026-10-05T18:00:00+00:00,2026-10-05,,Bermuda,Saint Lucia,CONCACAF Nations League,nations_league,,,False,,,bsd,223136,2026-08-08T19:03:53+00:00,,venue timezone unresolved; local_date is the UTC date (no venue)
f01b94f119ac463c,bosnia and herzegovina|poland|uefa nations league,scheduled,2026-10-05T18:45:00+00:00,2026-10-05,Europe/Sarajevo,Bosnia and Herzegovina,Poland,UEFA Nations League,nations_league,Zenica,Bosnia & Herzegovina,False,,,bsd,212673,2026-08-08T19:03:53+00:00,,
c531efd14ae1901b,cuba|saint kitts and nevis|concacaf nations league,scheduled,2026-10-05T18:00:00+00:00,2026-10-05,America/Havana,Cuba,Saint Kitts and Nevis,CONCACAF Nations League,nations_league,,,False,,,bsd,223138,2026-08-08T19:03:53+00:00,,"local_date derived from home venue Santiago de Cuba (71% of home matches), not a named venue"
4a85655b13db59d5,cyprus|latvia|uefa nations league,scheduled,2026-10-05T16:00:00+00:00,2026-10-05,Asia/Nicosia,Cyprus,Latvia,UEFA Nations League,nations_league,Nicosia,Cyprus,False,,,bsd,212675,2026-08-08T19:03:53+00:00,,
474086703bb7214f,france|belgium|uefa nations league,scheduled,2026-10-05T18:45:00+00:00,2026-10-05,Europe/Paris,France,Belgium,UEFA Nations League,nations_league,Paris,France,False,,,bsd,212669,2026-08-08T19:03:53+00:00,,
c39e7d97b950bf9e,guatemala|suriname|concacaf nations league,scheduled,2026-10-05T18:00:00+00:00,2026-10-05,America/Guatemala,Guatemala,Suriname,CONCACAF Nations League,nations_league,,,False,,,bsd,223133,2026-08-08T19:03:53+00:00,,"local_date derived from home venue Guatemala City (89% of home matches), not a named venue"
3aff2c7538c58d75,honduras|jamaica|concacaf nations league,scheduled,2026-10-05T18:00:00+00:00,2026-10-05,America/Tegucigalpa,Honduras,Jamaica,CONCACAF Nations League,nations_league,San Pedro Sula,Honduras,False,,,bsd,223134,2026-08-08T19:03:53+00:00,,"local_date derived from home venue San Pedro Sula (64% of home matches), not a named venue"
78f6aabc93f71582,italy|turkey|uefa nations league,scheduled,2026-10-05T18:45:00+00:00,2026-10-05,Europe/Rome,Italy,Turkey,UEFA Nations League,nations_league,,,False,,,bsd,212670,2026-08-08T19:03:53+00:00,,"local_date derived from MODAL home venue Milan, only 17% of home matches — low confidence, not a named venue"
e9c839cd06b3b6d6,montenegro|armenia|uefa nations league,scheduled,2026-10-05T18:45:00+00:00,2026-10-05,Europe/Podgorica,Montenegro,Armenia,UEFA Nations League,nations_league,,,False,,,bsd,212676,2026-08-08T19:03:53+00:00,,"local_date derived from home venue Podgorica (90% of home matches), not a named venue"
6ce2142d59e26e64,northern ireland|georgia|uefa nations league,scheduled,2026-10-05T18:45:00+00:00,2026-10-05,Europe/London,Northern Ireland,Georgia,UEFA Nations League,nations_league,,,False,,,bsd,212671,2026-08-08T19:03:53+00:00,,"local_date derived from home venue Belfast (100% of home matches), not a named venue"
751c7d7864908740,romania|sweden|uefa nations league,scheduled,2026-10-05T18:45:00+00:00,2026-10-05,Europe/Bucharest,Romania,Sweden,UEFA Nations League,nations_league,,,False,,,bsd,212674,2026-08-08T19:03:53+00:00,,"local_date derived from home venue Bucharest (69% of home matches), not a named venue"
456bf92bec2de462,ukraine|hungary|uefa nations league,scheduled,2026-10-05T18:45:00+00:00,2026-10-05,Europe/Kyiv,Ukraine,Hungary,UEFA Nations League,nations_league,Kyiv,Ukraine,False,,,bsd,212672,2026-08-08T19:03:53+00:00,,
68ad872ae478d213,albania|san marino|uefa nations league,scheduled,2026-10-06T18:45:00+00:00,2026-10-06,Europe/Tirane,Albania,San Marino,UEFA Nations League,nations_league,Tirana,Albania,False,,,bsd,212680,2026-08-08T19:03:53+00:00,,
70e46bf8687b772e,antigua and barbuda|aruba|concacaf nations league,scheduled,2026-10-06T18:00:00+00:00,2026-10-06,America/Antigua,Antigua and Barbuda,Aruba,CONCACAF Nations League,nations_league,,,False,,,bsd,223126,2026-08-08T19:03:53+00:00,,"local_date derived from home venue North Sound (53% of home matches), not a named venue"
d7edecdb5c5962f1,belarus|finland|uefa nations league,scheduled,2026-10-06T18:45:00+00:00,2026-10-06,Europe/Minsk,Belarus,Finland,UEFA Nations League,nations_league,Minsk,Belarus,False,,,bsd,212681,2026-08-08T19:03:53+00:00,,"local_date derived from home venue Minsk (62% of home matches), not a named venue"
8da66957c3d4c979,croatia|spain|uefa nations league,scheduled,2026-10-06T18:45:00+00:00,2026-10-06,Europe/Zagreb,Croatia,Spain,UEFA Nations League,nations_league,Split,Croatia,False,,,bsd,212678,2026-08-08T19:03:53+00:00,,
a6c115bc7551cbbf,england|czech republic|uefa nations league,scheduled,2026-10-06T18:45:00+00:00,2026-10-06,Europe/London,England,Czech Republic,UEFA Nations League,nations_league,London,England,False,,,bsd,212679,2026-08-08T19:03:53+00:00,,
484f2f37f6613301,estonia|iceland|uefa nations league,scheduled,2026-10-06T18:45:00+00:00,2026-10-06,Europe/Tallinn,Estonia,Iceland,UEFA Nations League,nations_league,,,False,,,bsd,212683,2026-08-08T19:03:53+00:00,,"local_date derived from home venue Tallinn (93% of home matches), not a named venue"
81dd2bc2338ffbbb,kazakhstan|faroe islands|uefa nations league,scheduled,2026-10-06T14:00:00+00:00,2026-10-06,Asia/Almaty,Kazakhstan,Faroe Islands,UEFA Nations League,nations_league,,,False,,,bsd,212677,2026-08-08T19:03:53+00:00,,"local_date derived from home venue Astana (85% of home matches), not a named venue"
2c58e031b5f4d469,luxembourg|bulgaria|uefa nations league,scheduled,2026-10-06T18:45:00+00:00,2026-10-06,Europe/Luxembourg,Luxembourg,Bulgaria,UEFA Nations League,nations_league,,,False,,,bsd,212684,2026-08-08T19:03:53+00:00,,"local_date derived from home venue Luxembourg (98% of home matches), not a named venue"
90a018e99a42c985,moldova|slovakia|uefa nations league,scheduled,2026-10-06T18:45:00+00:00,2026-10-06,Europe/Chisinau,Moldova,Slovakia,UEFA Nations League,nations_league,,,False,,,bsd,212682,2026-08-08T19:03:53+00:00,,"local_date derived from home venue Chișinău (100% of home matches), not a named venue"
523a0faedbd32f48,montserrat|turks and caicos islands|concacaf nations league,scheduled,2026-10-06T18:00:00+00:00,2026-10-06,,Montserrat,Turks and Caicos Islands,CONCACAF Nations League,nations_league,,,False,,,bsd,223125,2026-08-08T19:03:53+00:00,,venue timezone unresolved; local_date is the UTC date (no venue)
f199427f0688f2b8,scotland|slovenia|uefa nations league,scheduled,2026-10-06T18:45:00+00:00,2026-10-06,Europe/London,Scotland,Slovenia,UEFA Nations League,nations_league,,,False,,,bsd,212659,2026-08-08T19:03:53+00:00,,"local_date derived from home venue Glasgow (96% of home matches), not a named venue"
7fc4826beb93e5c8,switzerland|north macedonia|uefa nations league,scheduled,2026-10-06T18:45:00+00:00,2026-10-06,Europe/Zurich,Switzerland,North Macedonia,UEFA Nations League,nations_league,,,False,,,bsd,212660,2026-08-08T19:03:53+00:00,,"local_date derived from MODAL home venue St. Gallen, only 29% of home matches — low confidence, not a named venue"
8422cac3581bdf71,algeria|togo|african cup of nations qualification,scheduled,,2026-11-09,,Algeria,Togo,African Cup of Nations qualification,continental_qualifying,,,False,,,caf_derived,caf2027-I-md3-Algeria-Togo,2026-08-08T19:03:53+00:00,,"date is the MATCHDAY WINDOW START (2026-11-09 to 2026-11-17), not a published kick-off. Group I, matchday 3. Derived from the draw, not observed."
28dbb184a6271329,angola|south sudan|african cup of nations qualification,scheduled,,2026-11-09,,Angola,South Sudan,African Cup of Nations qualification,continental_qualifying,,,False,,,caf_derived,caf2027-B-md3-Angola-South_Sudan,2026-08-08T19:03:53+00:00,,"date is the MATCHDAY WINDOW START (2026-11-09 to 2026-11-17), not a published kick-off. Group B, matchday 3. Derived from the draw, not observed."
9edd85e4c73964d0,benin|central african republic|african cup of nations qualification,scheduled,,2026-11-09,,Benin,Central African Republic,African Cup of Nations qualification,continental_qualifying,,,False,,,caf_derived,caf2027-F-md3-Benin-Central_African_Republic,2026-08-08T19:03:53+00:00,,"date is the MATCHDAY WINDOW START (2026-11-09 to 2026-11-17), not a published kick-off. Group F, matchday 3. Derived from the draw, not observed."
993d99719d6e2b09,botswana|uganda|african cup of nations qualification,scheduled,,2026-11-09,,Botswana,Uganda,African Cup of Nations qualification,continental_qualifying,,,False,,,caf_derived,caf2027-H-md4-Botswana-Uganda,2026-08-08T19:03:53+00:00,,"date is the MATCHDAY WINDOW START (2026-11-09 to 2026-11-17), not a published kick-off. Group H, matchday 4. Derived from the draw, not observed."
3281373fcef049e9,burkina faso|mauritania|african cup of nations qualification,scheduled,,2026-11-09,,Burkina Faso,Mauritania,African Cup of Nations qualification,continental_qualifying,,,False,,,caf_derived,caf2027-F-md3-Burkina_Faso-Mauritania,2026-08-08T19:03:53+00:00,,"date is the MATCHDAY WINDOW START (2026-11-09 to 2026-11-17), not a published kick-off. Group F, matchday 3. Derived from the draw, not observed."
825a2188582b3941,burundi|zambia|african cup of nations qualification,scheduled,,2026-11-09,,Burundi,Zambia,African Cup of Nations qualification,continental_qualifying,,,False,,,caf_derived,caf2027-I-md4-Burundi-Zambia,2026-08-08T19:03:53+00:00,,"date is the MATCHDAY WINDOW START (2026-11-09 to 2026-11-17), not a published kick-off. Group I, matchday 4. Derived from the draw, not observed."
10ae243648a651b9,cameroon|namibia|african cup of nations qualification,scheduled,,2026-11-09,,Cameroon,Namibia,African Cup of Nations qualification,continental_qualifying,,,False,,,caf_derived,caf2027-G-md3-Cameroon-Namibia,2026-08-08T19:03:53+00:00,,"date is the MATCHDAY WINDOW START (2026-11-09 to 2026-11-17), not a published kick-off. Group G, matchday 3. Derived from the draw, not observed."
2c26e1969876de95,cape verde|liberia|african cup of nations qualification,scheduled,,2026-11-09,,Cape Verde,Liberia,African Cup of Nations qualification,continental_qualifying,,,False,,,caf_derived,caf2027-K-md3-Cape_Verde-Liberia,2026-08-08T19:03:53+00:00,,"date is the MATCHDAY WINDOW START (2026-11-09 to 2026-11-17), not a published kick-off. Group K, matchday 3. Derived from the draw, not observed."
f28519075804b627,central african republic|benin|african cup of nations qualification,scheduled,,2026-11-09,,Central African Republic,Benin,African Cup of Nations qualification,continental_qualifying,,,False,,,caf_derived,caf2027-F-md4-Central_African_Republic-Benin,2026-08-08T19:03:53+00:00,,"date is the MATCHDAY WINDOW START (2026-11-09 to 2026-11-17), not a published kick-off. Group F, matchday 4. Derived from the draw, not observed."
de28de8fafa1fd88,comoros|congo|african cup of nations qualification,scheduled,,2026-11-09,,Comoros,Congo,African Cup of Nations qualification,continental_qualifying,,,False,,,caf_derived,caf2027-G-md3-Comoros-Congo,2026-08-08T19:03:53+00:00,,"date is the MATCHDAY WINDOW START (2026-11-09 to 2026-11-17), not a published kick-off. Group G, matchday 3. Derived from the draw, not observed."
326bd4ec6f68b24d,congo|comoros|african cup of nations qualification,scheduled,,2026-11-09,,Congo,Comoros,African Cup of Nations qualification,continental_qualifying,,,False,,,caf_derived,caf2027-G-md4-Congo-Comoros,2026-08-08T19:03:53+00:00,,"date is the MATCHDAY WINDOW START (2026-11-09 to 2026-11-17), not a published kick-off. Group G, matchday 4. Derived from the draw, not observed."
f949603da09276ba,dr congo|sierra leone|african cup of nations qualification,scheduled,,2026-11-09,,DR Congo,Sierra Leone,African Cup of Nations qualification,continental_qualifying,,,False,,,caf_derived,caf2027-E-md3-DR_Congo-Sierra_Leone,2026-08-08T19:03:53+00:00,,"date is the MATCHDAY WINDOW START (2026-11-09 to 2026-11-17), not a published kick-off. Group E, matchday 3. Derived from the draw, not observed."
f9fd936f3f18c0f5,egypt|malawi|african cup of nations qualification,scheduled,,2026-11-09,,Egypt,Malawi,African Cup of Nations qualification,continental_qualifying,,,False,,,caf_derived,caf2027-B-md3-Egypt-Malawi,2026-08-08T19:03:53+00:00,,"date is the MATCHDAY WINDOW START (2026-11-09 to 2026-11-17), not a published kick-off. Group B, matchday 3. Derived from the draw, not observed."
b7f3a75a09337e61,equatorial guinea|zimbabwe|african cup of nations qualification,scheduled,,2026-11-09,,Equatorial Guinea,Zimbabwe,African Cup of Nations qualification,continental_qualifying,,,False,,,caf_derived,caf2027-E-md3-Equatorial_Guinea-Zimbabwe,2026-08-08T19:03:53+00:00,,"date is the MATCHDAY WINDOW START (2026-11-09 to 2026-11-17), not a published kick-off. Group E, matchday 3. Derived from the draw, not observed."
42c521e1e1bddab0,eritrea|guinea|african cup of nations qualification,scheduled,,2026-11-09,,Eritrea,Guinea,African Cup of Nations qualification,continental_qualifying,,,False,,,caf_derived,caf2027-D-md4-Eritrea-Guinea,2026-08-08T19:03:53+00:00,,"date is the MATCHDAY WINDOW START (2026-11-09 to 2026-11-17), not a published kick-off. Group D, matchday 4. Derived from the draw, not observed."
2d41aa7e51a4d618,ethiopia|mozambique|african cup of nations qualification,scheduled,,2026-11-09,,Ethiopia,Mozambique,African Cup of Nations qualification,continental_qualifying,,,False,,,caf_derived,caf2027-J-md4-Ethiopia-Mozambique,2026-08-08T19:03:53+00:00,,"date is the MATCHDAY WINDOW START (2026-11-09 to 2026-11-17), not a published kick-off. Group J, matchday 4. Derived from the draw, not observed."
6577f8e98a9cbe57,gabon|lesotho|african cup of nations qualification,scheduled,,2026-11-09,,Gabon,Lesotho,African Cup of Nations qualification,continental_qualifying,,,False,,,caf_derived,caf2027-A-md3-Gabon-Lesotho,2026-08-08T19:03:53+00:00,,"date is the MATCHDAY WINDOW START (2026-11-09 to 2026-11-17), not a published kick-off. Group A, matchday 3. Derived from the draw, not observed."
89a77f6ce566e2eb,gambia|ivory coast|african cup of nations qualification,scheduled,,2026-11-09,,Gambia,Ivory Coast,African Cup of Nations qualification,continental_qualifying,,,False,,,caf_derived,caf2027-C-md4-Gambia-Ivory_Coast,2026-08-08T19:03:53+00:00,,"date is the MATCHDAY WINDOW START (2026-11-09 to 2026-11-17), not a published kick-off. Group C, matchday 4. Derived from the draw, not observed."
c3fbfce6d85a37e8,ghana|somalia|african cup of nations qualification,scheduled,,2026-11-09,,Ghana,Somalia,African Cup of Nations qualification,continental_qualifying,,,False,,,caf_derived,caf2027-C-md3-Ghana-Somalia,2026-08-08T19:03:53+00:00,,"date is the MATCHDAY WINDOW START (2026-11-09 to 2026-11-17), not a published kick-off. Group C, matchday 3. Derived from the draw, not observed."
484d5b08a39c8827,guinea|eritrea|african cup of nations qualification,scheduled,,2026-11-09,,Guinea,Eritrea,African Cup of Nations qualification,continental_qualifying,,,False,,,caf_derived,caf2027-D-md3-Guinea-Eritrea,2026-08-08T19:03:53+00:00,,"date is the MATCHDAY WINDOW START (2026-11-09 to 2026-11-17), not a published kick-off. Group D, matchday 3. Derived from the draw, not observed."
6f39fd50382d3888,guinea-bissau|madagascar|african cup of nations qualification,scheduled,,2026-11-09,,Guinea-Bissau,Madagascar,African Cup of Nations qualification,continental_qualifying,,,False,,,caf_derived,caf2027-L-md4-Guinea-Bissau-Madagascar,2026-08-08T19:03:53+00:00,,"date is the MATCHDAY WINDOW START (2026-11-09 to 2026-11-17), not a published kick-off. Group L, matchday 4. Derived from the draw, not observed."
de6f4c5c9ffb085c,ivory coast|gambia|african cup of nations qualification,scheduled,,2026-11-09,,Ivory Coast,Gambia,African Cup of Nations qualification,continental_qualifying,,,False,,,caf_derived,caf2027-C-md3-Ivory_Coast-Gambia,2026-08-08T19:03:53+00:00,,"date is the MATCHDAY WINDOW START (2026-11-09 to 2026-11-17), not a published kick-off. Group C, matchday 3. Derived from the draw, not observed."
35b334786a27dc90,kenya|south africa|african cup of nations qualification,scheduled,,2026-11-09,,Kenya,South Africa,African Cup of Nations qualification,continental_qualifying,,,False,,,caf_derived,caf2027-D-md4-Kenya-South_Africa,2026-08-08T19:03:53+00:00,,"date is the MATCHDAY WINDOW START (2026-11-09 to 2026-11-17), not a published kick-off. Group D, matchday 4. Derived from the draw, not observed."
93fe87a88b91783f,lesotho|gabon|african cup of nations qualification,scheduled,,2026-11-09,,Lesotho,Gabon,African Cup of Nations qualification,continental_qualifying,,,False,,,caf_derived,caf2027-A-md4-Lesotho-Gabon,2026-08-08T19:03:53+00:00,,"date is the MATCHDAY WINDOW START (2026-11-09 to 2026-11-17), not a published kick-off. Group A, matchday 4. Derived from the draw, not observed."
49f1f3a7a500265f,liberia|cape verde|african cup of nations qualification,scheduled,,2026-11-09,,Liberia,Cape Verde,African Cup of Nations qualification,continental_qualifying,,,False,,,caf_derived,caf2027-K-md4-Liberia-Cape_Verde,2026-08-08T19:03:53+00:00,,"date is the MATCHDAY WINDOW START (2026-11-09 to 2026-11-17), not a published kick-off. Group K, matchday 4. Derived from the draw, not observed."
9b7d547fe0aded0c,libya|tunisia|african cup of nations qualification,scheduled,,2026-11-09,,Libya,Tunisia,African Cup of Nations qualification,continental_qualifying,,,False,,,caf_derived,caf2027-H-md4-Libya-Tunisia,2026-08-08T19:03:53+00:00,,"date is the MATCHDAY WINDOW START (2026-11-09 to 2026-11-17), not a published kick-off. Group H, matchday 4. Derived from the draw, not observed."
a927596bece7d415,madagascar|guinea-bissau|african cup of nations qualification,scheduled,,2026-11-09,,Madagascar,Guinea-Bissau,African Cup of Nations qualification,continental_qualifying,,,False,,,caf_derived,caf2027-L-md3-Madagascar-Guinea-Bissau,2026-08-08T19:03:53+00:00,,"date is the MATCHDAY WINDOW START (2026-11-09 to 2026-11-17), not a published kick-off. Group L, matchday 3. Derived from the draw, not observed."
74c9d0207178c90c,malawi|egypt|african cup of nations qualification,scheduled,,2026-11-09,,Malawi,Egypt,African Cup of Nations qualification,continental_qualifying,,,False,,,caf_derived,caf2027-B-md4-Malawi-Egypt,2026-08-08T19:03:53+00:00,,"date is the MATCHDAY WINDOW START (2026-11-09 to 2026-11-17), not a published kick-off. Group B, matchday 4. Derived from the draw, not observed."
0e13940974a3510d,mali|rwanda|african cup of nations qualification,scheduled,,2026-11-09,,Mali,Rwanda,African Cup of Nations qualification,continental_qualifying,,,False,,,caf_derived,caf2027-K-md3-Mali-Rwanda,2026-08-08T19:03:53+00:00,,"date is the MATCHDAY WINDOW START (2026-11-09 to 2026-11-17), not a published kick-off. Group K, matchday 3. Derived from the draw, not observed."
aaa65e7fd439d262,mauritania|burkina faso|african cup of nations qualification,scheduled,,2026-11-09,,Mauritania,Burkina Faso,African Cup of Nations qualification,continental_qualifying,,,False,,,caf_derived,caf2027-F-md4-Mauritania-Burkina_Faso,2026-08-08T19:03:53+00:00,,"date is the MATCHDAY WINDOW START (2026-11-09 to 2026-11-17), not a published kick-off. Group F, matchday 4. Derived from the draw, not observed."
e7f13784eee54af8,morocco|niger|african cup of nations qualification,scheduled,,2026-11-09,,Morocco,Niger,African Cup of Nations qualification,continental_qualifying,,,False,,,caf_derived,caf2027-A-md3-Morocco-Niger,2026-08-08T19:03:53+00:00,,"date is the MATCHDAY WINDOW START (2026-11-09 to 2026-11-17), not a published kick-off. Group A, matchday 3. Derived from the draw, not observed."
6bdc55094a83201c,mozambique|ethiopia|african cup of nations qualification,scheduled,,2026-11-09,,Mozambique,Ethiopia,African Cup of Nations qualification,continental_qualifying,,,False,,,caf_derived,caf2027-J-md3-Mozambique-Ethiopia,2026-08-08T19:03:53+00:00,,"date is the MATCHDAY WINDOW START (2026-11-09 to 2026-11-17), not a published kick-off. Group J, matchday 3. Derived from the draw, not observed."
1f1eccc27dc51d87,namibia|cameroon|african cup of nations qualification,scheduled,,2026-11-09,,Namibia,Cameroon,African Cup of Nations qualification,continental_qualifying,,,False,,,caf_derived,caf2027-G-md4-Namibia-Cameroon,2026-08-08T19:03:53+00:00,,"date is the MATCHDAY WINDOW START (2026-11-09 to 2026-11-17), not a published kick-off. Group G, matchday 4. Derived from the draw, not observed."
c0404e5d384cd84a,niger|morocco|african cup of nations qualification,scheduled,,2026-11-09,,Niger,Morocco,African Cup of Nations qualification,continental_qualifying,,,False,,,caf_derived,caf2027-A-md4-Niger-Morocco,2026-08-08T19:03:53+00:00,,"date is the MATCHDAY WINDOW START (2026-11-09 to 2026-11-17), not a published kick-off. Group A, matchday 4. Derived from the draw, not observed."
91362971ef4d265d,nigeria|tanzania|african cup of nations qualification,scheduled,,2026-11-09,,Nigeria,Tanzania,African Cup of Nations qualification,continental_qualifying,,,False,,,caf_derived,caf2027-L-md3-Nigeria-Tanzania,2026-08-08T19:03:53+00:00,,"date is the MATCHDAY WINDOW START (2026-11-09 to 2026-11-17), not a published kick-off. Group L, matchday 3. Derived from the draw, not observed."
415cd54728926986,rwanda|mali|african cup of nations qualification,scheduled,,2026-11-09,,Rwanda,Mali,African Cup of Nations qualification,continental_qualifying,,,False,,,caf_derived,caf2027-K-md4-Rwanda-Mali,2026-08-08T19:03:53+00:00,,"date is the MATCHDAY WINDOW START (2026-11-09 to 2026-11-17), not a published kick-off. Group K, matchday 4. Derived from the draw, not observed."
fc85aee4d94729d7,senegal|sudan|african cup of nations qualification,scheduled,,2026-11-09,,Senegal,Sudan,African Cup of Nations qualification,continental_qualifying,,,False,,,caf_derived,caf2027-J-md3-Senegal-Sudan,2026-08-08T19:03:53+00:00,,"date is the MATCHDAY WINDOW START (2026-11-09 to 2026-11-17), not a published kick-off. Group J, matchday 3. Derived from the draw, not observed."
0da24a96c7c4c466,sierra leone|dr congo|african cup of nations qualification,scheduled,,2026-11-09,,Sierra Leone,DR Congo,African Cup of Nations qualification,continental_qualifying,,,False,,,caf_derived,caf2027-E-md4-Sierra_Leone-DR_Congo,2026-08-08T19:03:53+00:00,,"date is the MATCHDAY WINDOW START (2026-11-09 to 2026-11-17), not a published kick-off. Group E, matchday 4. Derived from the draw, not observed."
05644bedafca9a60,somalia|ghana|african cup of nations qualification,scheduled,,2026-11-09,,Somalia,Ghana,African Cup of Nations qualification,continental_qualifying,,,False,,,caf_derived,caf2027-C-md4-Somalia-Ghana,2026-08-08T19:03:53+00:00,,"date is the MATCHDAY WINDOW START (2026-11-09 to 2026-11-17), not a published kick-off. Group C, matchday 4. Derived from the draw, not observed."
03b66fd0853c0178,south africa|kenya|african cup of nations qualification,scheduled,,2026-11-09,,South Africa,Kenya,African Cup of Nations qualification,continental_qualifying,,,False,,,caf_derived,caf2027-D-md3-South_Africa-Kenya,2026-08-08T19:03:53+00:00,,"date is the MATCHDAY WINDOW START (2026-11-09 to 2026-11-17), not a published kick-off. Group D, matchday 3. Derived from the draw, not observed."
3434932668518595,south sudan|angola|african cup of nations qualification,scheduled,,2026-11-09,,South Sudan,Angola,African Cup of Nations qualification,continental_qualifying,,,False,,,caf_derived,caf2027-B-md4-South_Sudan-Angola,2026-08-08T19:03:53+00:00,,"date is the MATCHDAY WINDOW START (2026-11-09 to 2026-11-17), not a published kick-off. Group B, matchday 4. Derived from the draw, not observed."
d4b4181efcbc30ec,sudan|senegal|african cup of nations qualification,scheduled,,2026-11-09,,Sudan,Senegal,African Cup of Nations qualification,continental_qualifying,,,False,,,caf_derived,caf2027-J-md4-Sudan-Senegal,2026-08-08T19:03:53+00:00,,"date is the MATCHDAY WINDOW START (2026-11-09 to 2026-11-17), not a published kick-off. Group J, matchday 4. Derived from the draw, not observed."
075b5aa1a7afa233,tanzania|nigeria|african cup of nations qualification,scheduled,,2026-11-09,,Tanzania,Nigeria,African Cup of Nations qualification,continental_qualifying,,,False,,,caf_derived,caf2027-L-md4-Tanzania-Nigeria,2026-08-08T19:03:53+00:00,,"date is the MATCHDAY WINDOW START (2026-11-09 to 2026-11-17), not a published kick-off. Group L, matchday 4. Derived from the draw, not observed."
ae66e1e06be148eb,togo|algeria|african cup of nations qualification,scheduled,,2026-11-09,,Togo,Algeria,African Cup of Nations qualification,continental_qualifying,,,False,,,caf_derived,caf2027-I-md4-Togo-Algeria,2026-08-08T19:03:53+00:00,,"date is the MATCHDAY WINDOW START (2026-11-09 to 2026-11-17), not a published kick-off. Group I, matchday 4. Derived from the draw, not observed."
4c785298db79f7cf,tunisia|libya|african cup of nations qualification,scheduled,,2026-11-09,,Tunisia,Libya,African Cup of Nations qualification,continental_qualifying,,,False,,,caf_derived,caf2027-H-md3-Tunisia-Libya,2026-08-08T19:03:53+00:00,,"date is the MATCHDAY WINDOW START (2026-11-09 to 2026-11-17), not a published kick-off. Group H, matchday 3. Derived from the draw, not observed."
7f7a70811e57b31b,uganda|botswana|african cup of nations qualification,scheduled,,2026-11-09,,Uganda,Botswana,African Cup of Nations qualification,continental_qualifying,,,False,,,caf_derived,caf2027-H-md3-Uganda-Botswana,2026-08-08T19:03:53+00:00,,"date is the MATCHDAY WINDOW START (2026-11-09 to 2026-11-17), not a published kick-off. Group H, matchday 3. Derived from the draw, not observed."
dd4b37e889527e9d,zambia|burundi|african cup of nations qualification,scheduled,,2026-11-09,,Zambia,Burundi,African Cup of Nations qualification,continental_qualifying,,,False,,,caf_derived,caf2027-I-md3-Zambia-Burundi,2026-08-08T19:03:53+00:00,,"date is the MATCHDAY WINDOW START (2026-11-09 to 2026-11-17), not a published kick-off. Group I, matchday 3. Derived from the draw, not observed."
ac4410bd16498816,zimbabwe|equatorial guinea|african cup of nations qualification,scheduled,,2026-11-09,,Zimbabwe,Equatorial Guinea,African Cup of Nations qualification,continental_qualifying,,,False,,,caf_derived,caf2027-E-md4-Zimbabwe-Equatorial_Guinea,2026-08-08T19:03:53+00:00,,"date is the MATCHDAY WINDOW START (2026-11-09 to 2026-11-17), not a published kick-off. Group E, matchday 4. Derived from the draw, not observed."
a37931150d0f501c,albania|finland|uefa nations league,scheduled,2026-11-12T19:45:00+00:00,2026-11-12,Europe/Tirane,Albania,Finland,UEFA Nations League,nations_league,Tirana,Albania,False,,,bsd,212692,2026-08-08T19:03:53+00:00,,
7609ba4556f9837f,armenia|cyprus|uefa nations league,scheduled,2026-11-12T17:00:00+00:00,2026-11-12,Asia/Yerevan,Armenia,Cyprus,UEFA Nations League,nations_league,,,False,,,bsd,212688,2026-08-08T19:03:53+00:00,,"local_date derived from home venue Yerevan (100% of home matches), not a named venue"
065f0ea6cb746343,czech republic|spain|uefa nations league,scheduled,2026-11-12T19:45:00+00:00,2026-11-12,Europe/Prague,Czech Republic,Spain,UEFA Nations League,nations_league,,,False,,,bsd,212690,2026-08-08T19:03:53+00:00,,"local_date derived from home venue Prague (50% of home matches), not a named venue"
2def5d25ec623f61,england|croatia|uefa nations league,scheduled,2026-11-12T19:45:00+00:00,2026-11-12,Europe/London,England,Croatia,UEFA Nations League,nations_league,London,England,False,,,bsd,212691,2026-08-08T19:03:53+00:00,,
0a95ba5de1101056,italy|france|uefa nations league,scheduled,2026-11-12T19:45:00+00:00,2026-11-12,Europe/Rome,Italy,France,UEFA Nations League,nations_league,,,False,,,bsd,212689,2026-08-08T19:03:53+00:00,,"local_date derived from MODAL home venue Milan, only 17% of home matches — low confidence, not a named venue"
0b41ce2f52c880ac,montenegro|latvia|uefa nations league,scheduled,2026-11-12T19:45:00+00:00,2026-11-12,Europe/Podgorica,Montenegro,Latvia,UEFA Nations League,nations_league,,,False,,,bsd,212694,2026-08-08T19:03:53+00:00,,"local_date derived from home venue Podgorica (90% of home matches), not a named venue"
2b2a21860ae3f25b,san marino|belarus|uefa nations league,scheduled,2026-11-12T19:45:00+00:00,2026-11-12,Europe/San_Marino,San Marino,Belarus,UEFA Nations League,nations_league,Serravalle,San Marino,False,,,bsd,212693,2026-08-08T19:03:53+00:00,,
ea0230c9be43d187,turkey|belgium|uefa nations league,scheduled,2026-11-12T17:00:00+00:00,2026-11-12,,Turkey,Belgium,UEFA Nations League,nations_league,,,False,,,bsd,212687,2026-08-08T19:03:53+00:00,,venue timezone unresolved; local_date is the UTC date (no venue)
74ccab2aa73c5888,andorra|gibraltar|uefa nations league,scheduled,2026-11-13T19:45:00+00:00,2026-11-13,Europe/Andorra,Andorra,Gibraltar,UEFA Nations League,nations_league,Andorra la Vella,Andorra,False,,,bsd,212701,2026-08-08T19:03:53+00:00,,
a3ed242bd194fb97,bulgaria|iceland|uefa nations league,scheduled,2026-11-13T19:45:00+00:00,2026-11-13,Europe/Sofia,Bulgaria,Iceland,UEFA Nations League,nations_league,,,False,,,bsd,212699,2026-08-08T19:03:53+00:00,,"local_date derived from home venue Sofia (71% of home matches), not a named venue"
dea0c64978d0882a,liechtenstein|azerbaijan|uefa nations league,scheduled,2026-11-13T19:45:00+00:00,2026-11-13,Europe/Vaduz,Liechtenstein,Azerbaijan,UEFA Nations League,nations_league,,,False,,,bsd,212702,2026-08-08T19:03:53+00:00,,"local_date derived from home venue Vaduz (100% of home matches), not a named venue"
7414114464ae1b5a,luxembourg|estonia|uefa nations league,scheduled,2026-11-13T19:45:00+00:00,2026-11-13,Europe/Luxembourg,Luxembourg,Estonia,UEFA Nations League,nations_league,,,False,,,bsd,212700,2026-08-08T19:03:53+00:00,,"local_date derived from home venue Luxembourg (98% of home matches), not a named venue"
e986a50406e5d8b2,moldova|kazakhstan|uefa nations league,scheduled,2026-11-13T17:00:00+00:00,2026-11-13,Europe/Chisinau,Moldova,Kazakhstan,UEFA Nations League,nations_league,,,False,,,bsd,212697,2026-08-08T19:03:53+00:00,,"local_date derived from home venue Chișinău (100% of home matches), not a named venue"
1c840f9d7a04b612,netherlands|greece|uefa nations league,scheduled,2026-11-13T19:45:00+00:00,2026-11-13,Europe/Amsterdam,Netherlands,Greece,UEFA Nations League,nations_league,,,False,,,bsd,212695,2026-08-08T19:03:53+00:00,,"local_date derived from home venue Amsterdam (55% of home matches), not a named venue"
df86e7e76cb36efc,scotland|north macedonia|uefa nations league,scheduled,2026-11-13T19:45:00+00:00,2026-11-13,Europe/London,Scotland,North Macedonia,UEFA Nations League,nations_league,,,False,,,bsd,212685,2026-08-08T19:03:53+00:00,,"local_date derived from home venue Glasgow (96% of home matches), not a named venue"
4d66ac7903ae5420,serbia|germany|uefa nations league,scheduled,2026-11-13T19:45:00+00:00,2026-11-13,Europe/Belgrade,Serbia,Germany,UEFA Nations League,nations_league,,,False,,,bsd,212696,2026-08-08T19:03:53+00:00,,"local_date derived from home venue Belgrade (82% of home matches), not a named venue"
81bd08acad2ed167,slovakia|faroe islands|uefa nations league,scheduled,2026-11-13T19:45:00+00:00,2026-11-13,Europe/Bratislava,Slovakia,Faroe Islands,UEFA Nations League,nations_league,,,False,,,bsd,212698,2026-08-08T19:03:53+00:00,,"local_date derived from home venue Trnava (57% of home matches), not a named venue"
b8f1a65beb6180df,slovenia|switzerland|uefa nations league,scheduled,2026-11-13T19:45:00+00:00,2026-11-13,Europe/Ljubljana,Slovenia,Switzerland,UEFA Nations League,nations_league,,,False,,,bsd,212686,2026-08-08T19:03:53+00:00,,"local_date derived from home venue Ljubljana (93% of home matches), not a named venue"
538fc9aae04bf69c,austria|republic of ireland|uefa nations league,scheduled,2026-11-14T19:45:00+00:00,2026-11-14,Europe/Vienna,Austria,Republic of Ireland,UEFA Nations League,nations_league,Vienna,Austria,False,,,bsd,212708,2026-08-08T19:03:53+00:00,,"local_date derived from home venue Vienna (70% of home matches), not a named venue"
0c0e8874d9b58b08,georgia|hungary|uefa nations league,scheduled,2026-11-14T17:00:00+00:00,2026-11-14,Asia/Tbilisi,Georgia,Hungary,UEFA Nations League,nations_league,Tbilisi,Georgia,False,,,bsd,212705,2026-08-08T19:03:53+00:00,,"local_date derived from home venue Tbilisi (80% of home matches), not a named venue"
23891815c55d8c49,kosovo|israel|uefa nations league,scheduled,2026-11-14T14:00:00+00:00,2026-11-14,Europe/Belgrade,Kosovo,Israel,UEFA Nations League,nations_league,,,False,,,bsd,212703,2026-08-08T19:03:53+00:00,,"local_date derived from home venue Pristina (98% of home matches), not a named venue"
520703dfd76f7e43,northern ireland|ukraine|uefa nations league,scheduled,2026-11-14T19:45:00+00:00,2026-11-14,Europe/London,Northern Ireland,Ukraine,UEFA Nations League,nations_league,,,False,,,bsd,212707,2026-08-08T19:03:53+00:00,,"local_date derived from home venue Belfast (100% of home matches), not a named venue"
e168b49338365941,norway|wales|uefa nations league,scheduled,2026-11-14T17:00:00+00:00,2026-11-14,Europe/Oslo,Norway,Wales,UEFA Nations League,nations_league,Oslo,Norway,False,,,bsd,212704,2026-08-08T19:03:53+00:00,,
bd2f9a15d2118edd,portugal|denmark|uefa nations league,scheduled,2026-11-14T19:45:00+00:00,2026-11-14,Europe/Lisbon,Portugal,Denmark,UEFA Nations League,nations_league,,,False,,,bsd,212706,2026-08-08T19:03:53+00:00,,"local_date derived from MODAL home venue Lisbon, only 45% of home matches — low confidence, not a named venue"
d2656d0c73be8adc,romania|poland|uefa nations league,scheduled,2026-11-14T19:45:00+00:00,2026-11-14,Europe/Bucharest,Romania,Poland,UEFA Nations League,nations_league,,,False,,,bsd,212709,2026-08-08T19:03:53+00:00,,"local_date derived from home venue Bucharest (69% of home matches), not a named venue"
8bf805fd6cc9f21a,sweden|bosnia and herzegovina|uefa nations league,scheduled,2026-11-14T19:45:00+00:00,2026-11-14,Europe/Stockholm,Sweden,Bosnia and Herzegovina,UEFA Nations League,nations_league,,,False,,,bsd,212710,2026-08-08T19:03:53+00:00,,"local_date derived from home venue Stockholm (63% of home matches), not a named venue"
79ea5f23a67e2461,belarus|albania|uefa nations league,scheduled,2026-11-15T17:00:00+00:00,2026-11-15,Europe/Minsk,Belarus,Albania,UEFA Nations League,nations_league,Minsk,Belarus,False,,,bsd,212715,2026-08-08T19:03:53+00:00,,"local_date derived from home venue Minsk (62% of home matches), not a named venue"
f90150e89e005961,belgium|italy|uefa nations league,scheduled,2026-11-15T19:45:00+00:00,2026-11-15,Europe/Brussels,Belgium,Italy,UEFA Nations League,nations_league,Brussels,Belgium,False,,,bsd,212717,2026-08-08T19:03:53+00:00,,
d7ab927b27a2fe4d,croatia|czech republic|uefa nations league,scheduled,2026-11-15T19:45:00+00:00,2026-11-15,Europe/Zagreb,Croatia,Czech Republic,UEFA Nations League,nations_league,Osijek,Croatia,False,,,bsd,212719,2026-08-08T19:03:53+00:00,,
75a86fc1b1df22eb,cyprus|montenegro|uefa nations league,scheduled,2026-11-15T14:00:00+00:00,2026-11-15,Asia/Nicosia,Cyprus,Montenegro,UEFA Nations League,nations_league,Nicosia,Cyprus,False,,,bsd,212713,2026-08-08T19:03:53+00:00,,
1862e70bc9a2be47,finland|san marino|uefa nations league,scheduled,2026-11-15T17:00:00+00:00,2026-11-15,Europe/Helsinki,Finland,San Marino,UEFA Nations League,nations_league,Helsinki,Finland,False,,,bsd,212716,2026-08-08T19:03:53+00:00,,"local_date derived from home venue Helsinki (64% of home matches), not a named venue"
cfb9784a2c8c14b9,france|turkey|uefa nations league,scheduled,2026-11-15T19:45:00+00:00,2026-11-15,Europe/Paris,France,Turkey,UEFA Nations League,nations_league,Paris,France,False,,,bsd,212718,2026-08-08T19:03:53+00:00,,
2fd8bd04ff6fc612,latvia|armenia|uefa nations league,scheduled,2026-11-15T14:00:00+00:00,2026-11-15,Europe/Riga,Latvia,Armenia,UEFA Nations League,nations_league,,,False,,,bsd,212714,2026-08-08T19:03:53+00:00,,"local_date derived from home venue Riga (96% of home matches), not a named venue"
b290bf2af27921c3,spain|england|uefa nations league,scheduled,2026-11-15T19:45:00+00:00,2026-11-15,Europe/Madrid,Spain,England,UEFA Nations League,nations_league,,,False,,,bsd,212720,2026-08-08T19:03:53+00:00,,"local_date derived from MODAL home venue Seville, only 20% of home matches — low confidence, not a named venue"
093be4772841dc42,estonia|bulgaria|uefa nations league,scheduled,2026-11-16T17:00:00+00:00,2026-11-16,Europe/Tallinn,Estonia,Bulgaria,UEFA Nations League,nations_league,,,False,,,bsd,212723,2026-08-08T19:03:53+00:00,,"local_date derived from home venue Tallinn (93% of home matches), not a named venue"
9cc080c72c8c49f0,faroe islands|moldova|uefa nations league,scheduled,2026-11-16T15:00:00+00:00,2026-11-16,Atlantic/Faroe,Faroe Islands,Moldova,UEFA Nations League,nations_league,Torshavn,Faroe Islands,False,,,bsd,212721,2026-08-08T19:03:53+00:00,,
21889a10f470de07,germany|netherlands|uefa nations league,scheduled,2026-11-16T19:45:00+00:00,2026-11-16,Europe/Berlin,Germany,Netherlands,UEFA Nations League,nations_league,,,False,,,bsd,212726,2026-08-08T19:03:53+00:00,,"local_date derived from MODAL home venue Munich, only 12% of home matches — low confidence, not a named venue"
559cf4bfa4f30a19,gibraltar|malta|uefa nations league,scheduled,2026-11-16T19:45:00+00:00,2026-11-16,,Gibraltar,Malta,UEFA Nations League,nations_league,,,False,,,bsd,212728,2026-08-08T19:03:53+00:00,,venue timezone unresolved; local_date is the UTC date (no venue)
dbf15d7984400875,greece|serbia|uefa nations league,scheduled,2026-11-16T19:45:00+00:00,2026-11-16,Europe/Athens,Greece,Serbia,UEFA Nations League,nations_league,,,False,,,bsd,212727,2026-08-08T19:03:53+00:00,,"local_date derived from home venue Athens (61% of home matches), not a named venue"
4c9fddf5df2665da,iceland|luxembourg|uefa nations league,scheduled,2026-11-16T17:00:00+00:00,2026-11-16,Atlantic/Reykjavik,Iceland,Luxembourg,UEFA Nations League,nations_league,Reykjavik,Iceland,False,,,bsd,212724,2026-08-08T19:03:53+00:00,,
adc03c97303daeb9,kazakhstan|slovakia|uefa nations league,scheduled,2026-11-16T15:00:00+00:00,2026-11-16,Asia/Almaty,Kazakhstan,Slovakia,UEFA Nations League,nations_league,,,False,,,bsd,212722,2026-08-08T19:03:53+00:00,,"local_date derived from home venue Astana (85% of home matches), not a named venue"
156ba6950133500e,lithuania|liechtenstein|uefa nations league,scheduled,2026-11-16T17:00:00+00:00,2026-11-16,Europe/Vilnius,Lithuania,Liechtenstein,UEFA Nations League,nations_league,Kaunas,Lithuania,False,,,bsd,212725,2026-08-08T19:03:53+00:00,,
3cfc8c6ed12a97e2,switzerland|scotland|uefa nations league,scheduled,2026-11-16T19:45:00+00:00,2026-11-16,Europe/Zurich,Switzerland,Scotland,UEFA Nations League,nations_league,,,False,,,bsd,212712,2026-08-08T19:03:53+00:00,,"local_date derived from MODAL home venue St. Gallen, only 29% of home matches — low confidence, not a named venue"
8a1e5566c80b07dd,bosnia and herzegovina|romania|uefa nations league,scheduled,2026-11-17T19:45:00+00:00,2026-11-17,Europe/Sarajevo,Bosnia and Herzegovina,Romania,UEFA Nations League,nations_league,Zenica,Bosnia & Herzegovina,False,,,bsd,212735,2026-08-08T19:03:53+00:00,,
1651f9db9d816a36,denmark|norway|uefa nations league,scheduled,2026-11-17T19:45:00+00:00,2026-11-17,Europe/Copenhagen,Denmark,Norway,UEFA Nations League,nations_league,,,False,,,bsd,212729,2026-08-08T19:03:53+00:00,,"local_date derived from home venue Copenhagen (70% of home matches), not a named venue"
b5ebddf1f328d96a,hungary|northern ireland|uefa nations league,scheduled,2026-11-17T19:45:00+00:00,2026-11-17,Europe/Budapest,Hungary,Northern Ireland,UEFA Nations League,nations_league,Budapest,Hungary,False,,,bsd,212731,2026-08-08T19:03:53+00:00,,
0dd4514287a4c43e,israel|austria|uefa nations league,scheduled,2026-11-17T19:45:00+00:00,2026-11-17,Asia/Jerusalem,Israel,Austria,UEFA Nations League,nations_league,,,False,,,bsd,212734,2026-08-08T19:03:53+00:00,,"local_date derived from MODAL home venue Haifa, only 29% of home matches — low confidence, not a named venue"
14565e0e64ad66c7,poland|sweden|uefa nations league,scheduled,2026-11-17T19:45:00+00:00,2026-11-17,Europe/Warsaw,Poland,Sweden,UEFA Nations League,nations_league,,,False,,,bsd,212736,2026-08-08T19:03:53+00:00,,"local_date derived from home venue Warsaw (63% of home matches), not a named venue"
bea7fd430dac0d39,republic of ireland|kosovo|uefa nations league,scheduled,2026-11-17T19:45:00+00:00,2026-11-17,Europe/Dublin,Republic of Ireland,Kosovo,UEFA Nations League,nations_league,Dublin,Ireland,False,,,bsd,212733,2026-08-08T19:03:53+00:00,,
2b95d98acc0cb1fe,ukraine|georgia|uefa nations league,scheduled,2026-11-17T19:45:00+00:00,2026-11-17,Europe/Kyiv,Ukraine,Georgia,UEFA Nations League,nations_league,Kyiv,Ukraine,False,,,bsd,212732,2026-08-08T19:03:53+00:00,,
e80f814b77b043ce,wales|portugal|uefa nations league,scheduled,2026-11-17T19:45:00+00:00,2026-11-17,Europe/London,Wales,Portugal,UEFA Nations League,nations_league,Cardiff,Wales,False,,,bsd,212730,2026-08-08T19:03:53+00:00,,
a399e420eb89972c,saudi arabia|palestine|afc asian cup,scheduled,2027-01-07T10:00:00+00:00,2027-01-07,Asia/Riyadh,Saudi Arabia,Palestine,AFC Asian Cup,continental_championship,Riyadh,Saudi Arabia,False,,,bsd,222572,2026-08-08T19:03:53+00:00,,
d2b5a731e8a4b50d,bahrain|north korea|afc asian cup,scheduled,2027-01-08T10:00:00+00:00,2027-01-08,Asia/Bahrain,Bahrain,North Korea,AFC Asian Cup,continental_championship,Riffa,Bahrain,False,,,bsd,222574,2026-08-08T19:03:53+00:00,,"local_date derived from home venue Riffa (69% of home matches), not a named venue"
1d1657d1fcfe2c64,kuwait|oman|afc asian cup,scheduled,2027-01-08T10:00:00+00:00,2027-01-08,Asia/Kuwait,Kuwait,Oman,AFC Asian Cup,continental_championship,Kuwait City,Kuwait,False,,,bsd,222573,2026-08-08T19:03:53+00:00,,"local_date derived from home venue Kuwait City (87% of home matches), not a named venue"
07966a1bbad1348b,uzbekistan|jordan|afc asian cup,scheduled,2027-01-08T10:00:00+00:00,2027-01-08,Asia/Tashkent,Uzbekistan,Jordan,AFC Asian Cup,continental_championship,,,False,,,bsd,222575,2026-08-08T19:03:53+00:00,,"local_date derived from home venue Tashkent (88% of home matches), not a named venue"
923c355f1085aaaf,australia|singapore|afc asian cup,scheduled,2027-01-09T10:00:00+00:00,2027-01-09,Australia/Sydney,Australia,Singapore,AFC Asian Cup,continental_championship,,,False,,,bsd,222578,2026-08-08T19:03:53+00:00,,"local_date derived from MODAL home venue Sydney, only 34% of home matches — low confidence, not a named venue"
52ddd9d2dc4c268c,iran|china|afc asian cup,scheduled,2027-01-09T10:00:00+00:00,2027-01-09,Asia/Tehran,Iran,China,AFC Asian Cup,continental_championship,Tehran,Iran,False,,,bsd,222576,2026-08-08T19:03:53+00:00,,"local_date derived from home venue Tehran (85% of home matches), not a named venue"
2719e806522b4cda,syria|kyrgyzstan|afc asian cup,scheduled,2027-01-09T10:00:00+00:00,2027-01-09,,Syria,Kyrgyzstan,AFC Asian Cup,continental_championship,,,False,,,bsd,222577,2026-08-08T19:03:53+00:00,,venue timezone unresolved; local_date is the UTC date (no venue)
9d7b7d498d875efa,south korea|yemen|afc asian cup,scheduled,2027-01-10T10:00:00+00:00,2027-01-10,Asia/Seoul,South Korea,Yemen,AFC Asian Cup,continental_championship,Seoul,South Korea,False,,,bsd,222580,2026-08-08T19:03:53+00:00,,
74beef0e765c7a01,tajikistan|iraq|afc asian cup,scheduled,2027-01-10T10:00:00+00:00,2027-01-10,Asia/Dushanbe,Tajikistan,Iraq,AFC Asian Cup,continental_championship,,,False,,,bsd,222579,2026-08-08T19:03:53+00:00,,"local_date derived from home venue Dushanbe (73% of home matches), not a named venue"
14ee0373e2b3f695,united arab emirates|vietnam|afc asian cup,scheduled,2027-01-10T10:00:00+00:00,2027-01-10,Asia/Dubai,United Arab Emirates,Vietnam,AFC Asian Cup,continental_championship,,,False,,,bsd,222581,2026-08-08T19:03:53+00:00,,"local_date derived from MODAL home venue Dubai, only 48% of home matches — low confidence, not a named venue"
9a9f81c1b72f7a09,japan|indonesia|afc asian cup,scheduled,2027-01-11T10:00:00+00:00,2027-01-11,Asia/Tokyo,Japan,Indonesia,AFC Asian Cup,continental_championship,,,False,,,bsd,222582,2026-08-08T19:03:53+00:00,,"local_date derived from MODAL home venue Saitama, only 24% of home matches — low confidence, not a named venue"
db47a7fb559f8925,qatar|thailand|afc asian cup,scheduled,2027-01-11T10:00:00+00:00,2027-01-11,Asia/Qatar,Qatar,Thailand,AFC Asian Cup,continental_championship,,,False,,,bsd,222583,2026-08-08T19:03:53+00:00,,"local_date derived from home venue Doha (56% of home matches), not a named venue"
9dc26d3355c02129,oman|saudi arabia|afc asian cup,scheduled,2027-01-12T10:00:00+00:00,2027-01-12,Asia/Muscat,Oman,Saudi Arabia,AFC Asian Cup,continental_championship,,,False,,,bsd,222584,2026-08-08T19:03:53+00:00,,"local_date derived from home venue Muscat (92% of home matches), not a named venue"
3545442dc1e9d6a0,palestine|kuwait|afc asian cup,scheduled,2027-01-12T10:00:00+00:00,2027-01-12,Asia/Jerusalem,Palestine,Kuwait,AFC Asian Cup,continental_championship,Al-Ram,Palestine,False,,,bsd,222585,2026-08-08T19:03:53+00:00,,"local_date derived from home venue Al-Ram (62% of home matches), not a named venue"
824e95e20afa20e2,jordan|bahrain|afc asian cup,scheduled,2027-01-13T10:00:00+00:00,2027-01-13,Asia/Amman,Jordan,Bahrain,AFC Asian Cup,continental_championship,Amman,Jordan,False,,,bsd,222586,2026-08-08T19:03:53+00:00,,"local_date derived from home venue Amman (100% of home matches), not a named venue"
8e93a82a12b10f3b,kyrgyzstan|iran|afc asian cup,scheduled,2027-01-13T10:00:00+00:00,2027-01-13,Asia/Bishkek,Kyrgyzstan,Iran,AFC Asian Cup,continental_championship,Bishkek,Kyrgyzstan,False,,,bsd,222588,2026-08-08T19:03:53+00:00,,"local_date derived from home venue Bishkek (100% of home matches), not a named venue"
983e38896b46e486,north korea|uzbekistan|afc asian cup,scheduled,2027-01-13T10:00:00+00:00,2027-01-13,Asia/Pyongyang,North Korea,Uzbekistan,AFC Asian Cup,continental_championship,,,False,,,bsd,222587,2026-08-08T19:03:53+00:00,,"local_date derived from home venue Pyongyang (100% of home matches), not a named venue"
197606cb2ac065cf,china|syria|afc asian cup,scheduled,2027-01-14T10:00:00+00:00,2027-01-14,Asia/Shanghai,China,Syria,AFC Asian Cup,continental_championship,,,False,,,bsd,222589,2026-08-08T19:03:53+00:00,,"local_date derived from MODAL home venue Dalian, only 14% of home matches — low confidence, not a named venue"
85d9742506790c4b,iraq|australia|afc asian cup,scheduled,2027-01-14T10:00:00+00:00,2027-01-14,Asia/Baghdad,Iraq,Australia,AFC Asian Cup,continental_championship,,,False,,,bsd,222590,2026-08-08T19:03:53+00:00,,"local_date derived from home venue Basra (74% of home matches), not a named venue"
9a1069f41fd0c5c1,singapore|tajikistan|afc asian cup,scheduled,2027-01-14T10:00:00+00:00,2027-01-14,Asia/Singapore,Singapore,Tajikistan,AFC Asian Cup,continental_championship,,,False,,,bsd,222591,2026-08-08T19:03:53+00:00,,"local_date derived from home venue Kallang (66% of home matches), not a named venue"
628e178411db7928,vietnam|south korea|afc asian cup,scheduled,2027-01-15T10:00:00+00:00,2027-01-15,Asia/Bangkok,Vietnam,South Korea,AFC Asian Cup,continental_championship,,,False,,,bsd,222592,2026-08-08T19:03:53+00:00,,"local_date derived from home venue Hanoi (63% of home matches), not a named venue"
b360989c5ceecf2d,yemen|united arab emirates|afc asian cup,scheduled,2027-01-15T10:00:00+00:00,2027-01-15,,Yemen,United Arab Emirates,AFC Asian Cup,continental_championship,,,False,,,bsd,222593,2026-08-08T19:03:53+00:00,,venue timezone unresolved; local_date is the UTC date (no venue)
e60d90478fb9d506,indonesia|qatar|afc asian cup,scheduled,2027-01-16T10:00:00+00:00,2027-01-16,Asia/Jakarta,Indonesia,Qatar,AFC Asian Cup,continental_championship,,,False,,,bsd,222594,2026-08-08T19:03:53+00:00,,"local_date derived from MODAL home venue Jakarta, only 45% of home matches — low confidence, not a named venue"
222e3beab6a480c5,thailand|japan|afc asian cup,scheduled,2027-01-16T10:00:00+00:00,2027-01-16,Asia/Bangkok,Thailand,Japan,AFC Asian Cup,continental_championship,Bangkok,Thailand,False,,,bsd,222595,2026-08-08T19:03:53+00:00,,"local_date derived from MODAL home venue Bangkok, only 49% of home matches — low confidence, not a named venue"
73002cd78e2e210f,oman|palestine|afc asian cup,scheduled,2027-01-17T10:00:00+00:00,2027-01-17,Asia/Muscat,Oman,Palestine,AFC Asian Cup,continental_championship,,,False,,,bsd,222596,2026-08-08T19:03:53+00:00,,"local_date derived from home venue Muscat (92% of home matches), not a named venue"
73b22a8dfc40b531,saudi arabia|kuwait|afc asian cup,scheduled,2027-01-17T10:00:00+00:00,2027-01-17,Asia/Riyadh,Saudi Arabia,Kuwait,AFC Asian Cup,continental_championship,Riyadh,Saudi Arabia,False,,,bsd,222597,2026-08-08T19:03:53+00:00,,
29998faff45304ff,iran|syria|afc asian cup,scheduled,2027-01-18T10:00:00+00:00,2027-01-18,Asia/Tehran,Iran,Syria,AFC Asian Cup,continental_championship,Tehran,Iran,False,,,bsd,222600,2026-08-08T19:03:53+00:00,,"local_date derived from home venue Tehran (85% of home matches), not a named venue"
acf6ffc9fbf59cd5,kyrgyzstan|china|afc asian cup,scheduled,2027-01-18T10:00:00+00:00,2027-01-18,Asia/Bishkek,Kyrgyzstan,China,AFC Asian Cup,continental_championship,Bishkek,Kyrgyzstan,False,,,bsd,222601,2026-08-08T19:03:53+00:00,,"local_date derived from home venue Bishkek (100% of home matches), not a named venue"
eb309b4916d27fec,north korea|jordan|afc asian cup,scheduled,2027-01-18T10:00:00+00:00,2027-01-18,Asia/Pyongyang,North Korea,Jordan,AFC Asian Cup,continental_championship,,,False,,,bsd,222598,2026-08-08T19:03:53+00:00,,"local_date derived from home venue Pyongyang (100% of home matches), not a named venue"
a7d4c0329c229dc8,uzbekistan|bahrain|afc asian cup,scheduled,2027-01-18T10:00:00+00:00,2027-01-18,Asia/Tashkent,Uzbekistan,Bahrain,AFC Asian Cup,continental_championship,,,False,,,bsd,222599,2026-08-08T19:03:53+00:00,,"local_date derived from home venue Tashkent (88% of home matches), not a named venue"
42fc9a578686738d,australia|tajikistan|afc asian cup,scheduled,2027-01-19T10:00:00+00:00,2027-01-19,Australia/Sydney,Australia,Tajikistan,AFC Asian Cup,continental_championship,,,False,,,bsd,222602,2026-08-08T19:03:53+00:00,,"local_date derived from MODAL home venue Sydney, only 34% of home matches — low confidence, not a named venue"
96ce450c473563d7,iraq|singapore|afc asian cup,scheduled,2027-01-19T10:00:00+00:00,2027-01-19,Asia/Baghdad,Iraq,Singapore,AFC Asian Cup,continental_championship,,,False,,,bsd,222603,2026-08-08T19:03:53+00:00,,"local_date derived from home venue Basra (74% of home matches), not a named venue"
ae3ffa0a8713d6a9,japan|qatar|afc asian cup,scheduled,2027-01-20T10:00:00+00:00,2027-01-20,Asia/Tokyo,Japan,Qatar,AFC Asian Cup,continental_championship,,,False,,,bsd,222606,2026-08-08T19:03:53+00:00,,"local_date derived from MODAL home venue Saitama, only 24% of home matches — low confidence, not a named venue"
58b3f0907416f528,south korea|united arab emirates|afc asian cup,scheduled,2027-01-20T10:00:00+00:00,2027-01-20,Asia/Seoul,South Korea,United Arab Emirates,AFC Asian Cup,continental_championship,Seoul,South Korea,False,,,bsd,222604,2026-08-08T19:03:53+00:00,,
6d497af948c667bc,thailand|indonesia|afc asian cup,scheduled,2027-01-20T10:00:00+00:00,2027-01-20,Asia/Bangkok,Thailand,Indonesia,AFC Asian Cup,continental_championship,Bangkok,Thailand,False,,,bsd,222607,2026-08-08T19:03:53+00:00,,"local_date derived from MODAL home venue Bangkok, only 49% of home matches — low confidence, not a named venue"
bad16687ddfa6e88,vietnam|yemen|afc asian cup,scheduled,2027-01-20T10:00:00+00:00,2027-01-20,Asia/Bangkok,Vietnam,Yemen,AFC Asian Cup,continental_championship,,,False,,,bsd,222605,2026-08-08T19:03:53+00:00,,"local_date derived from home venue Hanoi (63% of home matches), not a named venue"
a0599795e20490f5,algeria|burundi|african cup of nations qualification,scheduled,,2027-03-22,,Algeria,Burundi,African Cup of Nations qualification,continental_qualifying,,,False,,,caf_derived,caf2027-I-md6-Algeria-Burundi,2026-08-08T19:03:53+00:00,,"date is the MATCHDAY WINDOW START (2027-03-22 to 2027-03-30), not a published kick-off. Group I, matchday 6. Derived from the draw, not observed."
d4dca4e33adbc5fc,angola|egypt|african cup of nations qualification,scheduled,,2027-03-22,,Angola,Egypt,African Cup of Nations qualification,continental_qualifying,,,False,,,caf_derived,caf2027-B-md5-Angola-Egypt,2026-08-08T19:03:53+00:00,,"date is the MATCHDAY WINDOW START (2027-03-22 to 2027-03-30), not a published kick-off. Group B, matchday 5. Derived from the draw, not observed."
ac7254e65fb456db,benin|burkina faso|african cup of nations qualification,scheduled,,2027-03-22,,Benin,Burkina Faso,African Cup of Nations qualification,continental_qualifying,,,False,,,caf_derived,caf2027-F-md5-Benin-Burkina_Faso,2026-08-08T19:03:53+00:00,,"date is the MATCHDAY WINDOW START (2027-03-22 to 2027-03-30), not a published kick-off. Group F, matchday 5. Derived from the draw, not observed."
1a785f8644fc9025,botswana|libya|african cup of nations qualification,scheduled,,2027-03-22,,Botswana,Libya,African Cup of Nations qualification,continental_qualifying,,,False,,,caf_derived,caf2027-H-md5-Botswana-Libya,2026-08-08T19:03:53+00:00,,"date is the MATCHDAY WINDOW START (2027-03-22 to 2027-03-30), not a published kick-off. Group H, matchday 5. Derived from the draw, not observed."
1688a8514c3fceaf,burkina faso|central african republic|african cup of nations qualification,scheduled,,2027-03-22,,Burkina Faso,Central African Republic,African Cup of Nations qualification,continental_qualifying,,,False,,,caf_derived,caf2027-F-md6-Burkina_Faso-Central_African_Republic,2026-08-08T19:03:53+00:00,,"date is the MATCHDAY WINDOW START (2027-03-22 to 2027-03-30), not a published kick-off. Group F, matchday 6. Derived from the draw, not observed."
95ddc300a933f682,burundi|togo|african cup of nations qualification,scheduled,,2027-03-22,,Burundi,Togo,African Cup of Nations qualification,continental_qualifying,,,False,,,caf_derived,caf2027-I-md5-Burundi-Togo,2026-08-08T19:03:53+00:00,,"date is the MATCHDAY WINDOW START (2027-03-22 to 2027-03-30), not a published kick-off. Group I, matchday 5. Derived from the draw, not observed."
a005d0964323b4c3,cameroon|congo|african cup of nations qualification,scheduled,,2027-03-22,,Cameroon,Congo,African Cup of Nations qualification,continental_qualifying,,,False,,,caf_derived,caf2027-G-md6-Cameroon-Congo,2026-08-08T19:03:53+00:00,,"date is the MATCHDAY WINDOW START (2027-03-22 to 2027-03-30), not a published kick-off. Group G, matchday 6. Derived from the draw, not observed."
d112037a57b14c61,cape verde|mali|african cup of nations qualification,scheduled,,2027-03-22,,Cape Verde,Mali,African Cup of Nations qualification,continental_qualifying,,,False,,,caf_derived,caf2027-K-md5-Cape_Verde-Mali,2026-08-08T19:03:53+00:00,,"date is the MATCHDAY WINDOW START (2027-03-22 to 2027-03-30), not a published kick-off. Group K, matchday 5. Derived from the draw, not observed."
db3bfae87b0ac460,central african republic|mauritania|african cup of nations qualification,scheduled,,2027-03-22,,Central African Republic,Mauritania,African Cup of Nations qualification,continental_qualifying,,,False,,,caf_derived,caf2027-F-md5-Central_African_Republic-Mauritania,2026-08-08T19:03:53+00:00,,"date is the MATCHDAY WINDOW START (2027-03-22 to 2027-03-30), not a published kick-off. Group F, matchday 5. Derived from the draw, not observed."
d2e08a75516a2e1b,comoros|cameroon|african cup of nations qualification,scheduled,,2027-03-22,,Comoros,Cameroon,African Cup of Nations qualification,continental_qualifying,,,False,,,caf_derived,caf2027-G-md5-Comoros-Cameroon,2026-08-08T19:03:53+00:00,,"date is the MATCHDAY WINDOW START (2027-03-22 to 2027-03-30), not a published kick-off. Group G, matchday 5. Derived from the draw, not observed."
0969123097b359e5,congo|namibia|african cup of nations qualification,scheduled,,2027-03-22,,Congo,Namibia,African Cup of Nations qualification,continental_qualifying,,,False,,,caf_derived,caf2027-G-md5-Congo-Namibia,2026-08-08T19:03:53+00:00,,"date is the MATCHDAY WINDOW START (2027-03-22 to 2027-03-30), not a published kick-off. Group G, matchday 5. Derived from the draw, not observed."
cfec27573f1d3f08,dr congo|zimbabwe|african cup of nations qualification,scheduled,,2027-03-22,,DR Congo,Zimbabwe,African Cup of Nations qualification,continental_qualifying,,,False,,,caf_derived,caf2027-E-md6-DR_Congo-Zimbabwe,2026-08-08T19:03:53+00:00,,"date is the MATCHDAY WINDOW START (2027-03-22 to 2027-03-30), not a published kick-off. Group E, matchday 6. Derived from the draw, not observed."
4831ba2f2cc8b93c,egypt|south sudan|african cup of nations qualification,scheduled,,2027-03-22,,Egypt,South Sudan,African Cup of Nations qualification,continental_qualifying,,,False,,,caf_derived,caf2027-B-md6-Egypt-South_Sudan,2026-08-08T19:03:53+00:00,,"date is the MATCHDAY WINDOW START (2027-03-22 to 2027-03-30), not a published kick-off. Group B, matchday 6. Derived from the draw, not observed."
7dc5f0c5799d8fba,equatorial guinea|dr congo|african cup of nations qualification,scheduled,,2027-03-22,,Equatorial Guinea,DR Congo,African Cup of Nations qualification,continental_qualifying,,,False,,,caf_derived,caf2027-E-md5-Equatorial_Guinea-DR_Congo,2026-08-08T19:03:53+00:00,,"date is the MATCHDAY WINDOW START (2027-03-22 to 2027-03-30), not a published kick-off. Group E, matchday 5. Derived from the draw, not observed."
00f50a14aa042629,eritrea|kenya|african cup of nations qualification,scheduled,,2027-03-22,,Eritrea,Kenya,African Cup of Nations qualification,continental_qualifying,,,False,,,caf_derived,caf2027-D-md5-Eritrea-Kenya,2026-08-08T19:03:53+00:00,,"date is the MATCHDAY WINDOW START (2027-03-22 to 2027-03-30), not a published kick-off. Group D, matchday 5. Derived from the draw, not observed."
bafd147938fce1c4,ethiopia|sudan|african cup of nations qualification,scheduled,,2027-03-22,,Ethiopia,Sudan,African Cup of Nations qualification,continental_qualifying,,,False,,,caf_derived,caf2027-J-md5-Ethiopia-Sudan,2026-08-08T19:03:53+00:00,,"date is the MATCHDAY WINDOW START (2027-03-22 to 2027-03-30), not a published kick-off. Group J, matchday 5. Derived from the draw, not observed."
ce27d64170b299d1,gabon|morocco|african cup of nations qualification,scheduled,,2027-03-22,,Gabon,Morocco,African Cup of Nations qualification,continental_qualifying,,,False,,,caf_derived,caf2027-A-md5-Gabon-Morocco,2026-08-08T19:03:53+00:00,,"date is the MATCHDAY WINDOW START (2027-03-22 to 2027-03-30), not a published kick-off. Group A, matchday 5. Derived from the draw, not observed."
0af48f84762c647f,gambia|ghana|african cup of nations qualification,scheduled,,2027-03-22,,Gambia,Ghana,African Cup of Nations qualification,continental_qualifying,,,False,,,caf_derived,caf2027-C-md6-Gambia-Ghana,2026-08-08T19:03:53+00:00,,"date is the MATCHDAY WINDOW START (2027-03-22 to 2027-03-30), not a published kick-off. Group C, matchday 6. Derived from the draw, not observed."
bb9c85e0821c4137,ghana|ivory coast|african cup of nations qualification,scheduled,,2027-03-22,,Ghana,Ivory Coast,African Cup of Nations qualification,continental_qualifying,,,False,,,caf_derived,caf2027-C-md5-Ghana-Ivory_Coast,2026-08-08T19:03:53+00:00,,"date is the MATCHDAY WINDOW START (2027-03-22 to 2027-03-30), not a published kick-off. Group C, matchday 5. Derived from the draw, not observed."
5367aef652751f09,guinea|south africa|african cup of nations qualification,scheduled,,2027-03-22,,Guinea,South Africa,African Cup of Nations qualification,continental_qualifying,,,False,,,caf_derived,caf2027-D-md5-Guinea-South_Africa,2026-08-08T19:03:53+00:00,,"date is the MATCHDAY WINDOW START (2027-03-22 to 2027-03-30), not a published kick-off. Group D, matchday 5. Derived from the draw, not observed."
72d25094cd3d25ba,guinea-bissau|tanzania|african cup of nations qualification,scheduled,,2027-03-22,,Guinea-Bissau,Tanzania,African Cup of Nations qualification,continental_qualifying,,,False,,,caf_derived,caf2027-L-md5-Guinea-Bissau-Tanzania,2026-08-08T19:03:53+00:00,,"date is the MATCHDAY WINDOW START (2027-03-22 to 2027-03-30), not a published kick-off. Group L, matchday 5. Derived from the draw, not observed."
75d2f8702c0b709e,ivory coast|somalia|african cup of nations qualification,scheduled,,2027-03-22,,Ivory Coast,Somalia,African Cup of Nations qualification,continental_qualifying,,,False,,,caf_derived,caf2027-C-md6-Ivory_Coast-Somalia,2026-08-08T19:03:53+00:00,,"date is the MATCHDAY WINDOW START (2027-03-22 to 2027-03-30), not a published kick-off. Group C, matchday 6. Derived from the draw, not observed."
d555821a005ade77,kenya|guinea|african cup of nations qualification,scheduled,,2027-03-22,,Kenya,Guinea,African Cup of Nations qualification,continental_qualifying,,,False,,,caf_derived,caf2027-D-md6-Kenya-Guinea,2026-08-08T19:03:53+00:00,,"date is the MATCHDAY WINDOW START (2027-03-22 to 2027-03-30), not a published kick-off. Group D, matchday 6. Derived from the draw, not observed."
6386472a68bc8de0,lesotho|niger|african cup of nations qualification,scheduled,,2027-03-22,,Lesotho,Niger,African Cup of Nations qualification,continental_qualifying,,,False,,,caf_derived,caf2027-A-md5-Lesotho-Niger,2026-08-08T19:03:53+00:00,,"date is the MATCHDAY WINDOW START (2027-03-22 to 2027-03-30), not a published kick-off. Group A, matchday 5. Derived from the draw, not observed."
f4ee747cf0f75f3f,liberia|rwanda|african cup of nations qualification,scheduled,,2027-03-22,,Liberia,Rwanda,African Cup of Nations qualification,continental_qualifying,,,False,,,caf_derived,caf2027-K-md5-Liberia-Rwanda,2026-08-08T19:03:53+00:00,,"date is the MATCHDAY WINDOW START (2027-03-22 to 2027-03-30), not a published kick-off. Group K, matchday 5. Derived from the draw, not observed."
be2b656c25e8e64c,libya|uganda|african cup of nations qualification,scheduled,,2027-03-22,,Libya,Uganda,African Cup of Nations qualification,continental_qualifying,,,False,,,caf_derived,caf2027-H-md6-Libya-Uganda,2026-08-08T19:03:53+00:00,,"date is the MATCHDAY WINDOW START (2027-03-22 to 2027-03-30), not a published kick-off. Group H, matchday 6. Derived from the draw, not observed."
51afa62297eda2f5,madagascar|nigeria|african cup of nations qualification,scheduled,,2027-03-22,,Madagascar,Nigeria,African Cup of Nations qualification,continental_qualifying,,,False,,,caf_derived,caf2027-L-md5-Madagascar-Nigeria,2026-08-08T19:03:53+00:00,,"date is the MATCHDAY WINDOW START (2027-03-22 to 2027-03-30), not a published kick-off. Group L, matchday 5. Derived from the draw, not observed."
5ad6dabcd925e27b,malawi|angola|african cup of nations qualification,scheduled,,2027-03-22,,Malawi,Angola,African Cup of Nations qualification,continental_qualifying,,,False,,,caf_derived,caf2027-B-md6-Malawi-Angola,2026-08-08T19:03:53+00:00,,"date is the MATCHDAY WINDOW START (2027-03-22 to 2027-03-30), not a published kick-off. Group B, matchday 6. Derived from the draw, not observed."
0c324abe3d285f28,mali|liberia|african cup of nations qualification,scheduled,,2027-03-22,,Mali,Liberia,African Cup of Nations qualification,continental_qualifying,,,False,,,caf_derived,caf2027-K-md6-Mali-Liberia,2026-08-08T19:03:53+00:00,,"date is the MATCHDAY WINDOW START (2027-03-22 to 2027-03-30), not a published kick-off. Group K, matchday 6. Derived from the draw, not observed."
61a9758b054a096b,mauritania|benin|african cup of nations qualification,scheduled,,2027-03-22,,Mauritania,Benin,African Cup of Nations qualification,continental_qualifying,,,False,,,caf_derived,caf2027-F-md6-Mauritania-Benin,2026-08-08T19:03:53+00:00,,"date is the MATCHDAY WINDOW START (2027-03-22 to 2027-03-30), not a published kick-off. Group F, matchday 6. Derived from the draw, not observed."
ce6c407987451b0e,morocco|lesotho|african cup of nations qualification,scheduled,,2027-03-22,,Morocco,Lesotho,African Cup of Nations qualification,continental_qualifying,,,False,,,caf_derived,caf2027-A-md6-Morocco-Lesotho,2026-08-08T19:03:53+00:00,,"date is the MATCHDAY WINDOW START (2027-03-22 to 2027-03-30), not a published kick-off. Group A, matchday 6. Derived from the draw, not observed."
65ecf4380066f2ab,mozambique|senegal|african cup of nations qualification,scheduled,,2027-03-22,,Mozambique,Senegal,African Cup of Nations qualification,continental_qualifying,,,False,,,caf_derived,caf2027-J-md5-Mozambique-Senegal,2026-08-08T19:03:53+00:00,,"date is the MATCHDAY WINDOW START (2027-03-22 to 2027-03-30), not a published kick-off. Group J, matchday 5. Derived from the draw, not observed."
7e580d2849f9cf49,namibia|comoros|african cup of nations qualification,scheduled,,2027-03-22,,Namibia,Comoros,African Cup of Nations qualification,continental_qualifying,,,False,,,caf_derived,caf2027-G-md6-Namibia-Comoros,2026-08-08T19:03:53+00:00,,"date is the MATCHDAY WINDOW START (2027-03-22 to 2027-03-30), not a published kick-off. Group G, matchday 6. Derived from the draw, not observed."
d0d89af4571f7313,niger|gabon|african cup of nations qualification,scheduled,,2027-03-22,,Niger,Gabon,African Cup of Nations qualification,continental_qualifying,,,False,,,caf_derived,caf2027-A-md6-Niger-Gabon,2026-08-08T19:03:53+00:00,,"date is the MATCHDAY WINDOW START (2027-03-22 to 2027-03-30), not a published kick-off. Group A, matchday 6. Derived from the draw, not observed."
e96777f49722ab35,nigeria|guinea-bissau|african cup of nations qualification,scheduled,,2027-03-22,,Nigeria,Guinea-Bissau,African Cup of Nations qualification,continental_qualifying,,,False,,,caf_derived,caf2027-L-md6-Nigeria-Guinea-Bissau,2026-08-08T19:03:53+00:00,,"date is the MATCHDAY WINDOW START (2027-03-22 to 2027-03-30), not a published kick-off. Group L, matchday 6. Derived from the draw, not observed."
052740507c8b7046,rwanda|cape verde|african cup of nations qualification,scheduled,,2027-03-22,,Rwanda,Cape Verde,African Cup of Nations qualification,continental_qualifying,,,False,,,caf_derived,caf2027-K-md6-Rwanda-Cape_Verde,2026-08-08T19:03:53+00:00,,"date is the MATCHDAY WINDOW START (2027-03-22 to 2027-03-30), not a published kick-off. Group K, matchday 6. Derived from the draw, not observed."
30caf4784a6e49b5,senegal|ethiopia|african cup of nations qualification,scheduled,,2027-03-22,,Senegal,Ethiopia,African Cup of Nations qualification,continental_qualifying,,,False,,,caf_derived,caf2027-J-md6-Senegal-Ethiopia,2026-08-08T19:03:53+00:00,,"date is the MATCHDAY WINDOW START (2027-03-22 to 2027-03-30), not a published kick-off. Group J, matchday 6. Derived from the draw, not observed."
01fc33b3d6c13fd3,sierra leone|equatorial guinea|african cup of nations qualification,scheduled,,2027-03-22,,Sierra Leone,Equatorial Guinea,African Cup of Nations qualification,continental_qualifying,,,False,,,caf_derived,caf2027-E-md6-Sierra_Leone-Equatorial_Guinea,2026-08-08T19:03:53+00:00,,"date is the MATCHDAY WINDOW START (2027-03-22 to 2027-03-30), not a published kick-off. Group E, matchday 6. Derived from the draw, not observed."
f3115b6115c05a5a,somalia|gambia|african cup of nations qualification,scheduled,,2027-03-22,,Somalia,Gambia,African Cup of Nations qualification,continental_qualifying,,,False,,,caf_derived,caf2027-C-md5-Somalia-Gambia,2026-08-08T19:03:53+00:00,,"date is the MATCHDAY WINDOW START (2027-03-22 to 2027-03-30), not a published kick-off. Group C, matchday 5. Derived from the draw, not observed."
36c94b968fa742d7,south africa|eritrea|african cup of nations qualification,scheduled,,2027-03-22,,South Africa,Eritrea,African Cup of Nations qualification,continental_qualifying,,,False,,,caf_derived,caf2027-D-md6-South_Africa-Eritrea,2026-08-08T19:03:53+00:00,,"date is the MATCHDAY WINDOW START (2027-03-22 to 2027-03-30), not a published kick-off. Group D, matchday 6. Derived from the draw, not observed."
27fbb3a7c24f6d0d,south sudan|malawi|african cup of nations qualification,scheduled,,2027-03-22,,South Sudan,Malawi,African Cup of Nations qualification,continental_qualifying,,,False,,,caf_derived,caf2027-B-md5-South_Sudan-Malawi,2026-08-08T19:03:53+00:00,,"date is the MATCHDAY WINDOW START (2027-03-22 to 2027-03-30), not a published kick-off. Group B, matchday 5. Derived from the draw, not observed."
81b6faa89ce99234,sudan|mozambique|african cup of nations qualification,scheduled,,2027-03-22,,Sudan,Mozambique,African Cup of Nations qualification,continental_qualifying,,,False,,,caf_derived,caf2027-J-md6-Sudan-Mozambique,2026-08-08T19:03:53+00:00,,"date is the MATCHDAY WINDOW START (2027-03-22 to 2027-03-30), not a published kick-off. Group J, matchday 6. Derived from the draw, not observed."
16393dc524df9b7c,tanzania|madagascar|african cup of nations qualification,scheduled,,2027-03-22,,Tanzania,Madagascar,African Cup of Nations qualification,continental_qualifying,,,False,,,caf_derived,caf2027-L-md6-Tanzania-Madagascar,2026-08-08T19:03:53+00:00,,"date is the MATCHDAY WINDOW START (2027-03-22 to 2027-03-30), not a published kick-off. Group L, matchday 6. Derived from the draw, not observed."
4a76e224e8630d92,togo|zambia|african cup of nations qualification,scheduled,,2027-03-22,,Togo,Zambia,African Cup of Nations qualification,continental_qualifying,,,False,,,caf_derived,caf2027-I-md6-Togo-Zambia,2026-08-08T19:03:53+00:00,,"date is the MATCHDAY WINDOW START (2027-03-22 to 2027-03-30), not a published kick-off. Group I, matchday 6. Derived from the draw, not observed."
ffaf8c9024ac9cec,tunisia|botswana|african cup of nations qualification,scheduled,,2027-03-22,,Tunisia,Botswana,African Cup of Nations qualification,continental_qualifying,,,False,,,caf_derived,caf2027-H-md6-Tunisia-Botswana,2026-08-08T19:03:53+00:00,,"date is the MATCHDAY WINDOW START (2027-03-22 to 2027-03-30), not a published kick-off. Group H, matchday 6. Derived from the draw, not observed."
5c30ac6ada052a78,uganda|tunisia|african cup of nations qualification,scheduled,,2027-03-22,,Uganda,Tunisia,African Cup of Nations qualification,continental_qualifying,,,False,,,caf_derived,caf2027-H-md5-Uganda-Tunisia,2026-08-08T19:03:53+00:00,,"date is the MATCHDAY WINDOW START (2027-03-22 to 2027-03-30), not a published kick-off. Group H, matchday 5. Derived from the draw, not observed."
e1eb6ede3ad8be67,zambia|algeria|african cup of nations qualification,scheduled,,2027-03-22,,Zambia,Algeria,African Cup of Nations qualification,continental_qualifying,,,False,,,caf_derived,caf2027-I-md5-Zambia-Algeria,2026-08-08T19:03:53+00:00,,"date is the MATCHDAY WINDOW START (2027-03-22 to 2027-03-30), not a published kick-off. Group I, matchday 5. Derived from the draw, not observed."
d77a051f7e2c613c,zimbabwe|sierra leone|african cup of nations qualification,scheduled,,2027-03-22,,Zimbabwe,Sierra Leone,African Cup of Nations qualification,continental_qualifying,,,False,,,caf_derived,caf2027-E-md5-Zimbabwe-Sierra_Leone,2026-08-08T19:03:53+00:00,,"date is the MATCHDAY WINDOW START (2027-03-22 to 2027-03-30), not a published kick-off. Group E, matchday 5. Derived from the draw, not observed."
