venue_id,name,city,country,country_code,latitude,longitude,timezone,tz_source,capacity
1406,11 June Stadium,Tripoli,Libya,,,,,,67000
1691,18 June Stadium,Klina,Kosovo,,42.617023,20.580882,Europe/Belgrade,coordinates,1000
1579,53acht-Arena,Edewecht,Germany,,,,Europe/Berlin,country,1500
1703,Aalborg Portland Park,Aalborg,Denmark,,,,Europe/Copenhagen,country,13800
1512,Abdullah bin Khalifa Stadium,Doha,Qatar,,,,,,12000
1482,ABFA Technical Centre,Piggotts,Antigua and Barbuda,,,,,,1000
1455,ABFA Technical Centre,Piggotts,Antigua and Barbuda,,,,,,1000
1152,Abovyan City Stadium,Abovyan,Armenia,,40.26841,44.635241,Asia/Yerevan,coordinates,3946
1638,Accor Stadium,Sydney,Australia,,,,Australia/Perth,country,83500
477,Addis Ababa Stadium,Addis Ababa,Ethiopia,,,,,,20000
1424,Adelaide Oval,Adelaide,Australia,,,,Australia/Perth,country,53584
1616,Adolf-Jäger-Kampfbahn,Altona,Germany,,,,Europe/Berlin,country,8000
1384,Agadir Stadium,Agadir,Morocco,,,,,,45480
1416,Ahmed bin Ali Stadium,Al Rayyan,Qatar,,,,,,40740
1753,AIL Arena,Lugano,Switzerland,,46.02315,8.96279,Europe/Zurich,coordinates,8800
535,Air Albania,Tirana,Albania,,,,Europe/Tirane,country,22500
1280,Aker Stadion,Molde,Norway,,62.733472,7.148052,Europe/Oslo,coordinates,11249
1686,Alashkert Stadium,Yerevan,Armenia,,40.154605,44.475231,Asia/Yerevan,coordinates,6800
1547,Al-Bashir Stadium,Mohammedia,Morocco,,,,,,15000
1516,Al Bayt Stadium,Al Khor,Qatar,,,,,,60000
1644,Alberto Braglia,Modena,Italy,,,,Europe/Rome,country,21092
375,A. Le Coq Arena,Tallinn,Estonia,,59.421292,24.73205,Europe/Tallinn,coordinates,14336
1772,Al-Ettifaq Club Stadium,Dammam,Saudi Arabia,,,,Asia/Riyadh,country,15000
1285,Alfheim,Tromso,Norway,,69.648954,18.934582,Europe/Oslo,coordinates,6687
1515,Al Janoub Stadium,Al Wakrah,Qatar,,,,,,
1506,Allegiant Stadium,Las Vegas,USA,,,,,,65000
1446,Allianz Stadium,Sydney,Australia,,,,Australia/Perth,country,45500
1588,Almaty Arena,Almaty,Kazakhstan,,,,,,
488,Al Merrikh Stadium,Omdurman,Sudan,,,,,,45000
1445,Al Nahyan Stadium,Abu Dhabi,United Arab Emirates,,,,,,15894
1427,Al-Rashid Stadium,Dubai,United Arab Emirates,,,,,,10000
1425,Al-Thumama Stadium,Al-Thumama,Qatar,,,,,,40000
1404,Amaan Stadium,Zanzibar,Tanzania,,,,,,15000
1387,Amadou Gon Coulibaly Stadium,Korhogo,Côte d'Ivoire,,,,,,20000
1393,Amahoro Stadium,Kigali,Rwanda,,,,,,45000
1573,Amateurstadion,Berlin,Germany,,,,Europe/Berlin,country,5400
441,Amman International Stadium,Amman,Jordan,,,,,,17619
1768,Antonio Candini,Rio Cuarto,Argentina,,,,,,12000
1464,A. O. Shirley Recreation Ground,Road Town,British Virgin Islands,,,,,,3000
1483,AO Shirley Recreation Ground,Road Town,British Virgin Islands,,,,,,3000
478,APTC Ground,Nairobi,Kenya,,,,,,
1287,Åråsen,Lillestrøm,Norway,,59.962752,11.063458,Europe/Oslo,coordinates,12250
382,Arena Egnatia,Rrogozhine,Albania,,,,Europe/Tirane,country,4300
1749,Arena Sepsi Osk,Sfantu Gheorghe,Romania,,,,Europe/Bucharest,country,8400
1480,Arnos Vale Ground,Kingstown,Saint Vincent and the Grenadines,,,,,,
473,Arthur Davies Stadium,Kitwe,Zambia,,,,,,12000
1496,Arvi arena,Marijampole,Lithuania,,,,Europe/Vilnius,country,6250
1348,Asim Ferhatović Hase,Sarajevo,Bosnia & Herzegovina,,,,Europe/Sarajevo,country,30121
1140,Astana Arena,Astana,Kazakhstan,,,,,,30000
1478,Ato Boldon Stadium,Couva,Trinidad and Tobago,,,,,,2400
1643,Auestadion,Kassel,Germany,,,,Europe/Berlin,country,18440
1687,Aukštaitija Stadium,Panevezys,Lithuania,,55.739167,24.359444,Europe/Vilnius,coordinates,6600
115,Azərsun Arena,Baku,Azerbaijan,,40.4212,49.9968,Asia/Baku,coordinates,4677
1376,Baba Yara Stadium,Kumasi,Ghana,,,,,,40528
1418,Bahrain National Stadium,Riffa,Bahrain,,,,,,30000
393,Bank Respublika Arena,Absheron,Azerbaijan,,40.486186,49.766262,Asia/Baku,coordinates,13000
1255,Baoan Stadium,Shenzhen,China,,22.558013,113.879489,Asia/Shanghai,coordinates,40000
1428,Bashundhara Kings Arena,Dhaka,Bangladesh,,,,,,14000
1417,Basra International Stadium,Basra,Iraq,,,,,,65227
1499,Batumi Arena,Batumi,Georgia,,32.051728,34.761439,Asia/Jerusalem,coordinates,20000
1315,BBVA Field,Birmingham,USA,,33.498009,-86.8124681,America/Chicago,coordinates,5000
1251,Beijing Workers' Stadium,Beijing,China,,39.929528,116.441139,Asia/Shanghai,coordinates,68000
1313,Beirne Stadium,Smithfield,USA,,41.9242,-71.5385,America/New_York,coordinates,4400
1776,Benfica Campus,Seixal,Portugal,,,,,,2644
490,Benina Martyrs Stadium,Benghazi,Libya,,,,,,11000
1462,Bermuda National Stadium,Hamilton,Bermuda,,,,,,8500
1518,BFA Technical Centre,Bridgetown,Barbados,,,,,,
1477,BFA Wildey Turf,Wildey,Barbados,,,,,,2000
710,Bilino Polje,Zenica,Bosnia & Herzegovina,,,,Europe/Sarajevo,country,15600
1382,Bingu National Stadium,Lilongwe,Malawi,,,,,,41100
1628,Bizerba Arena,Balingen,Germany,,48.282119,8.858341,Europe/Berlin,coordinates,10000
1314,Blackbaud Stadium,Charleston,USA,,32.870249,-79.919538,America/New_York,coordinates,5000
1295,Bolt Arena,Helsinki,Finland,,,,,,10770
1697,Bonifika Stadium,Koper,Slovenia,,45.542356,13.730453,Europe/Ljubljana,coordinates,4500
1562,Brandywell Stadium,Derry,Northern Ireland,,54.990578,-7.336035,Europe/London,coordinates,7700
1586,Bremer Brücke,Osnabruck,Germany,,,,Europe/Berlin,country,16667
1615,Brinje Stadium,Grosuplje,Slovenia,,,,Europe/Ljubljana,country,500
1279,Briskeby,Hamar,Norway,,60.795556,11.092222,Europe/Oslo,coordinates,8068
1440,Bukit Jalil National Stadium,Kuala Lumpur,Malaysia,,,,Asia/Kuala_Lumpur,country,87411
1713,Bursa Büyükşehir Stadyumu,Bursa,Türkiye,,,,Europe/Istanbul,country,43331
1738,Campo de Futbol Municipal de La Magdalena,Alicante,Spain,,,,,,5500
1554,Campo Sportivo di Fiorentino Federico Crescentini,Fiorentino,San Marino,,,,Europe/San_Marino,country,700
1268,Cangzhou Stadium,Cangzhou,China,,,,Asia/Shanghai,country,31836
1318,Cardinale Stadium,Monterey,USA,,36.64969,-121.806603,America/Los_Angeles,coordinates,6000
1584,Carl-Benz-Stadion,Mannheim,Germany,,,,Europe/Berlin,country,25721
1700,CASA Arena,Horsens,Denmark,,55.8716,9.85709,Europe/Copenhagen,coordinates,10400
1335,Cashman Field,Las Vegas,USA,,36.179371,-115.130379,America/Los_Angeles,coordinates,10000
1413,Cbus Super Stadium,Gold Coast,Australia,,,,Australia/Perth,country,27400
1149,Centenary Stadium,Marsa,Malta,,35.875458,14.493719,Europe/Malta,coordinates,3000
1669,Centenary Stadium,Ta' Qali,Malta,,35.896638,14.415425,Europe/Malta,coordinates,2500
1611,Centennial Stadium,Commerce City,USA,,39.5792,-104.8769,America/Denver,coordinates,5000
1604,Central Park,Denbigh,Wales,,,,Europe/London,country,2300
400,Central Stadium,Aktobe,Kazakhstan,,,,,,12729
124,Central Stadium,Almaty,Kazakhstan,,43.23838,76.924177,Asia/Almaty,coordinates,23804
1545,Central Stadium,Hisor,Tajikistan,,,,,,20000
1708,Centre d'entrainement Robert-Louis-Dreyfus,Marseille,France,,,,Europe/Paris,country,
1339,Centreville Bank Stadium,Pawtucket,USA,,41.869208,-71.383007,America/New_York,coordinates,10500
1712,Centro Sportivo Bortolotti,Zingonia,Italy,,,,Europe/Rome,country,1500
1714,Centro sportivo di Formello,Formello,Italy,,,,Europe/Rome,country,3000
1704,Ceres Arena,Aarhus,Denmark,,,,Europe/Copenhagen,country,5001
1702,Ceres Park,Aarhus,Denmark,,,,Europe/Copenhagen,country,20032
1319,Championship Soccer Stadium ,Irvine,USA,,33.6743899,-117.7404546,America/Los_Angeles,coordinates,5500
1266,Changchun Economic & Technological Development Zone Sports Center,Changchun,China,,,,Asia/Shanghai,country,38500
1261,Changchun Sports Center,Changchun,China,,,,Asia/Shanghai,country,38500
1257,Chengdu Phoenix Hill Football Stadium,Sichuan,China,,,,Asia/Shanghai,country,50695
1451,Chongqing Olympic Sports Center,Chongqing,China,,,,Asia/Shanghai,country,60500
1726,Cidade Deportiva Afouteza,Pontevedra,Spain,,,,,,
1709,Ciudad Deportiva Joan Gamper,Barcelona,Spain,,,,,,
1718,Ciutat Esportiva de Bunyol,Valencia,Spain,,,,,,
1282,Color Line Stadion,Aalesund,Norway,,62.469651,6.187295,Europe/Oslo,coordinates,10778
1345,Commonwealth Stadium,Edmonton,Canada,,53.559774,-113.476306,America/Edmonton,coordinates,60000
1694,Complexe Sportif Jean Wirtz,Strassen,Luxembourg,,49.617912,6.07164,Europe/Luxembourg,coordinates,1500
1606,Corum City Stadium,Corum,Türkiye,,,,Europe/Istanbul,country,15000
1383,Cote d Or National Sports Complex,Port Louis,Mauritius,,,,,,
1607,CPKC Stadium,Kansas City,USA,,39.120333,-94.56625,America/Chicago,coordinates,11500
1646,Croke Park,Dublin,Ireland,,,,Europe/Dublin,country,
374,CSR Orhei,Orhei,Moldova,,,,Europe/Chisinau,country,
1249,Dalian Suoyuwan Football Stadium,Dalian,China,,38.951342,121.61985,Asia/Shanghai,coordinates,63677
1671,Dalymount Park,Dublin,Ireland,,,,Europe/Dublin,country,4700
1676,Daugava Stadium,Liepaja,Latvia,,56.502918,20.995163,Europe/Riga,coordinates,4022
1359,Daugava Stadium,Rīga,Latvia,,,,Europe/Riga,country,
1591,Denka Big Swan Stadium,Niigata,Japan,,,,Asia/Tokyo,country,42300
379,DEVK-Arena,Sant Julia de Loria,Andorra,,42.50135,1.513805,Europe/Andorra,coordinates,1000
1727,Dietmar-Hopp-Stadion,Sinsheim,Germany,,49.238312,8.887622,Europe/Berlin,coordinates,6350
1331,Dillon Stadium,Hartford,USA,,41.7539691,-72.6611319,America/New_York,coordinates,
1650,Dimotiko Stadio Paralias,Kalamata,Greece,,,,Europe/Athens,country,4835
368,Dinamo Stadion,Minsk,Belarus,,,,,,22180
1543,Dire Dawa Stadium,Dire Dawa,Ethiopia,,,,,,18000
1146,Djúpumýra,Klaksvík,Faroe Islands,,62.224939,-6.579722,Atlantic/Faroe,coordinates,2500
510,Dolen Omurzakov Stadium,Bishkek,Kyrgyzstan,,,,,,23000
1456,Dr. Ir. Franklin Essed Stadion,Paramaribo,Suriname,,,,,,3500
1612,Dunnavant Valley Fields,Birmingham,USA,,,,,,
364,Ecolog Arena,Tetovo,North Macedonia,,,,Europe/Skopje,country,15000
1710,Eden Park,Auckland,New Zealand,,,,,,50000
1495,Eden Park,Auckland,New Zealand,,,,,,50000
1514,Education City Stadium,Al Rayyan,Qatar,,,,,,45350
1673,Elbasan Arena,Elbasan,Albania,,41.115875,20.091992,Europe/Tirane,coordinates,12800
1294,Elisa Stadion,Vaasa,Finland,,,,,,4600
1581,Ernst-Abbe-Sportfeld,Jena,Germany,,,,Europe/Berlin,country,15000
910,Estadi de la FAF,Encamp,Andorra,,42.533527,1.575941,Europe/Andorra,coordinates,5600
523,Estadi Nacional,Andorra la Vella,Andorra,,42.5046,1.5175,Europe/Andorra,coordinates,3306
474,Estadio 11 de Novembro,Luanda,Angola,,,,,,50000
1757,Estadio 15 de Abril,Santa Fe de la Vera Cruz,Argentina,,-31.631846,-60.715629,America/Argentina/Cordoba,coordinates,27358
1410,Estadio 24 de Setembro,Bissau,Guinea-Bissau,,,,,,20000
1664,Estadio Alberto Grisales,Rionegro,Colombia,,,,America/Bogota,country,14000
1758,Estadio Alfredo Terrera,Santiago del Estero,Argentina,,,,,,20000
1366,Estadio Antonio Aranda,Ciudad del Este,Paraguay,,,,America/Asuncion,country,28000
1472,Estadio Antonio Maceo,Santiago de Cuba,Cuba,,,,,,5000
1705,Estadio Antonio Puchades,Valencia,Spain,,,,,,3500
1662,Estadio Armando Maestre Pavajeau,Valledupar,Colombia,,10.465918,-73.249425,America/Bogota,coordinates,11000
1779,Estádio Aurélio Pereira,Alcochete,Portugal,,,,,,1180
1657,Estadio Bello Horizonte “Rey Pelé”,Villavicencio,Colombia,,4.139167,-73.619167,America/Bogota,coordinates,18000
1647,Estadio Carlos Gonzalez,Culiacan,Mexico,,24.830556,-107.404167,America/Mazatlan,coordinates,20395
1461,Estadio Cementos Progreso,Guatemala City,Guatemala,,,,,,15000
1490,Estadio Centroamericano de Mayaguez,Mayaguez,Puerto Rico,,,,,,12175
1205,Estadio Cibao,Santiago de los Caballeros,Dominican Republic,,,,,,10000
1502,Estadio Cibao FC,Santiago de los Caballeros,Dominican Republic,,,,,,8000
1777,Estádio Cidade de Coimbra,Coimbra,Portugal,,,,,,29622
1661,Estadio Cincuentenario,Medellin,Colombia,,,,America/Bogota,country,4000
518,Estadio Cuscatlan,San Salvador,El Salvador,,,,,,45000
1698,Estadio da Nora,Albufeira,Portugal,,,,,,
1566,Estadio de la Ciudad de los Deportes,Ciudad de México,Mexico,,,,,,36681
1654,Estadio Departamental Libertad,Pasto,Colombia,,1.198077,-77.277759,America/Bogota,coordinates,20665
1658,Estadio Deportivo Cali,Palmira,Colombia,,3.521474,-76.416992,America/Bogota,coordinates,52000
1775,Estádio do Lusitânia de Lourosa FC,Lourosa,Portugal,,,,,,8000
1781,Estádio do Mar,Matosinhos,Portugal,,,,,,6000
1521,Estádio do Restelo,Lisbon,Portugal,,,,,,19856
1457,Estadio Doroteo Guamuch Flores,Guatemala City,Guatemala,,,,,,26000
1380,Estadio do Zimpeto,Maputo,Mozambique,,,,,,42000
1783,Estádio Dr. Jorge Sampaio,Pedroso,Portugal,,,,,,8272
1778,Estádio Dr. Machado de Matos,Porto,Portugal,,,,,,7540
1549,Estádio Dr. Magalhães Pessoa,Leiria,Portugal,,,,,,23888
431,Estadio Ergilio Hato,Willemstad,Curacao,,,,,,15000
1763,Estadio Eva Perón,Junin,Argentina,,,,,,22000
1481,Estadio Francisco Morazán,San Pedro Sula,Honduras,,,,,,20000
1656,Estadio General Santander,Cucuta,Colombia,,,,America/Bogota,country,42000
1467,Estadio Guillermo Próspero Trinidad,Oranjestad,Aruba,,,,,,2500
1652,Estadio Hernan Ramírez Villegas,Pereira,Colombia,,4.804566,-75.752058,America/Bogota,coordinates,35342
1655,Estadio Jaraguay,Monteria,Colombia,,8.764444,-75.870086,America/Bogota,coordinates,12000
1711,Estadio Jesús Navas,Sevilla,Spain,,,,,,8000
1756,Estadio Jose Maria Minella,Mar del Plata,Argentina,,,,,,35180
1761,Estadio Juan Carmelo Zerillo,La Plata,Argentina,,-34.910975,-57.932592,America/Argentina/Buenos_Aires,coordinates,30973
1762,Estadio Julio César Villagra,Cordoba,Argentina,,,,,,38500
1659,Estadio La Independencia,Tunja,Colombia,,5.54203,-73.353104,America/Bogota,coordinates,21000
1782,Estadio Luis Filipe Menezes,Vila Nova de Gaia,Portugal,,,,,,3800
1491,Estadio Manuel Felipe Carrera,Guatemala City,Guatemala,,,,,,8000
1304,Estádio Manuel Marques,Torres Vedras,Portugal,,39.094792,-9.257063,Europe/Lisbon,coordinates,12000
1769,Estadio Marcelo Bielsa,Rosario,Argentina,,,,,,49000
1737,Estadio Marques de la Vega de Anzo,Asturias,Spain,,,,,,
1660,Estadio Metropolitano Ciudad de Itagüí,Itagui,Colombia,,6.169142,-75.626815,America/Bogota,coordinates,12000
1653,Estadio Metropolitano de Techo,Bogota,Colombia,,4.6234123,-74.1374618,America/Bogota,coordinates,10000
1770,Estadio Monumental Jose Fierro,San Miguel de Tucuman,Argentina,,,,,,35200
1774,Estadio Municipal 25 de Abril,Penafiel,Portugal,,41.211707,-8.27778,Europe/Lisbon,coordinates,5230
1529,Estadio Municipal Ciudad de La Linea,Cadiz,Spain,,37.356483,-5.981768,Europe/Madrid,coordinates,
1719,Estadio Municipal da Lomba,Pontevedra,Spain,,,,,,
1743,Estadio Municipal de Albufeira,Albufeira,Portugal,,,,,,3500
1780,Estádio Municipal de Amarante,Amarante,Portugal,,,,,,16800
1593,Estádio Municipal do Fontelo,Viseu,Portugal,,,,,,6912
1773,Estádio Municipal Eng. Manuel Branco Teixeira,Chaves,Portugal,,41.750552,-7.464952,Europe/Lisbon,coordinates,8400
1459,Estadio Nacional Chelato Uclés,Tegucigalpa,Honduras,,,,,,35000
1503,Estadio Nacional de Barbados,Waterford,Barbados,,,,,,15000
517,Estadio Nacional de Barbados,Waterford,Barbados,,,,,,15000
1371,Estadio Nacional de Cabo Verde,Praia,Cape Verde,,,,,,15000
434,Estádio Nacional de Cabo Verde,Praia,Cape Verde,,,,,,15000
1535,Estadio Nacional do Jamor,Lisbon,Portugal,,,,,,37593
1273,Estádio Nilton Santos,Rio de Janeiro,Brazil,,-22.89337865846297,-43.29239863499801,America/Sao_Paulo,coordinates,44661
1764,Estadio Norberto Tomaghello,Gobernador Julio A. Costa,Argentina,,-34.821753,-58.286511,America/Argentina/Buenos_Aires,coordinates,12000
1720,Estadio Nuevo Mirador,Algeciras,Spain,,,,,,7300
1488,Estadio Olimpico Felix Sanchez,Santo Domingo,Dominican Republic,,,,,,27000
533,Estadio Olimpico Metropolitano,San Pedro Sula,Honduras,,,,,,37325
1663,Estadio Palogrande,Manizales,Colombia,,5.056565,-75.489693,America/Bogota,coordinates,36553
1474,Estadio Panamericano,San Cristobal,Dominican Republic,,,,,,2800
1310,Estádio Presidente Vargas,Fortaleza,Brazil,,-3.745833,-38.536667,America/Fortaleza,coordinates,20600
1460,Estadio Rommel Fernandez,Panama City,Panama,,,,,,32000
1739,Estadio San Lorenzo,Laredo,Spain,,,,,,
1767,Estadio Tomas Adolfo Duco,Buenos Aires,Argentina,,-34.6435,-58.396528,America/Argentina/Buenos_Aires,coordinates,48314
1759,Estadio Unico Madre De Ciudades,Santiago del Estero,Argentina,,-27.765963,-64.270217,America/Argentina/Cordoba,coordinates,30000
1501,Europa Point Stadium,Gibraltar,Gibraltar,,,,Europe/Gibraltar,country,2100
1148,Europa Sports Park,Gibraltar,Gibraltar,,36.110694,-5.34675,Europe/Gibraltar,coordinates,2000
519,Faisal al-Husseini International Stadium,Al-Ram,Palestine,,,,,,12500
1277,Ferenc Puskás Stadium,Budapest,Hungary,,,,Europe/Budapest,country,67155
1468,FFB Field,Belmopan,Belize,,,,,,5000
1486,FFB Stadium,Belmopan,Belize,,,,,,5000
525,FFB Stadium,Belmopan,Belize,,,,,,5000
1386,First National Bank Stadium,Johannesburg,South Africa,,,,,,94736
1332,FIU Stadium,Miami,USA,,25.7525,-80.3779,America/New_York,coordinates,21000
373,FK Žalgiris Stadium,Vilnius,Lithuania,,54.668548,25.294674,Europe/Vilnius,coordinates,5067
1578,Flyeralarm Arena,Wuerzburg,Germany,,,,Europe/Berlin,country,13090
1493,FMG Stadium Waikato,Hamilton,New Zealand,,,,,,25800
1349,FNB Stadium,Johannesburg,South Africa,,,,,,94736
1415,Foolad Shahr Stadium,Isfahan,Iran,,,,,,15000
1195,Francistown Stadium,Francistown,Botswana,,,,,,26500
1391,Free State Stadium,Bloemfontein,South Africa,,,,,,48000
1565,Freethielstadion,Beveren,Belgium,,,,Europe/Brussels,country,8190
1498,Gabala City Stadium,Gabala,Azerbaijan,,,,Asia/Baku,country,4500
1706,Gateshead International Stadium,Gateshead,England,,,,Europe/London,country,11800
1531,Gelora Bung Karno Madya Stadium,Jakarta,Indonesia,,,,,,9170
1420,Gelora Bung Karno Stadium,Senayan,Indonesia,,,,,,82000
1544,Gloria Arena,Belek,Türkiye,,,,Europe/Istanbul,country,
1370,Godswill Akpabio International Stadium,Uyo,Nigeria,,,,,,30000
1750,Goodison Park,Liverpool,England,,53.439255,-2.967065,Europe/London,coordinates,39571
1447,Goyang Stadium,Goyang,South Korea,,,,Asia/Seoul,country,41311
1550,Gradski Stadion,Banja Luka,Bosnia & Herzegovina,,44.7761,17.1996,Europe/Sarajevo,coordinates,10030
1567,Gradski Stadium,Ruse,Bulgaria,,43.848056,25.963056,Europe/Sofia,coordinates,12400
1564,Guldensporenstadion,Kortrijk,Belgium,,,,Europe/Brussels,country,9399
1253,Guzhenkou University Sports Center,Qingdao,China,,35.795119,120.024319,Asia/Shanghai,coordinates,20000
1533,Haladás Sportkomplexum,Szombathely,Hungary,,47.234722,16.606944,Europe/Budapest,coordinates,8940
1350,Hampden Park,Glasgow,Scotland,,,,Europe/London,country,51866
1211,Hang Day Stadium,Hanoi,Vietnam,,,,,,22500
1244,Hangzhou Dragon Stadium,Hangzhou,China,,30.2683,120.129,Asia/Shanghai,coordinates,51000
1449,Hangzhou Olympic Sports Centre Stadium,Hangzhou,China,,,,Asia/Shanghai,country,80000
1270,Hankou Cultural Sports Centre,Wuhan,China,,,,Asia/Shanghai,country,
1463,Hasely Crawford Stadium,Port Of Spain,Trinidad and Tobago,,,,,,27000
1454,Hassanal Bolkiah National Stadium,Bandar Seri Begawan,Brunei,,,,,,30000
1423,Hazza Bin Zayed Stadium,Al Ain,United Arab Emirates,,,,,,22717
1439,HBF Park,Perth,Australia,,,,Australia/Perth,country,20500
1333,Highmark Stadium,Pittsburgh,USA,,40.43611,-80.00944,America/New_York,coordinates,5000
1438,Hiroshima Big Arch Stadium,Hiroshima,Japan,,,,Asia/Tokyo,country,36894
1690,Hlídarendi Reykjavik,Reykjavik,Iceland,,64.132811,-21.923488,Atlantic/Reykjavik,coordinates,1500
1398,Hocine Ait Ahmed Stadium,Tizi Ouzou,Algeria,,,,,,50766
1342,Hodges Stadium,Jacksonville,USA,,,,,,9400
1431,Hong Kong Stadium,Hong Kong,China,,,,Asia/Shanghai,country,40000
1263,Huanglong Stadium,Hangzhou,China,,30.268393,120.129043,Asia/Shanghai,coordinates,
1541,Huntington Bank Field,Cleveland,USA,,,,,,67431
1311,Huntington Bank Stadium,Minneapolis,USA,,,,,,50805
1368,Huye Stadium,Butare,Rwanda,,,,,,10000
1254,Huzhou Olympic Sports Centre,Hangzhou,China,,23.035171089610582,114.44613301547618,Asia/Shanghai,coordinates,40000
1542,Icahn Stadium,West New York,USA,,40.793306,-73.925342,America/New_York,coordinates,5000
1452,Imam Reza Stadium,Mashhad,Iran,,,,,,25000
507,Independence Park,Kingston,Jamaica,,,,,,35000
1284,Intility Arena,Oslo,Norway,,59.917778,10.806944,Europe/Oslo,coordinates,16555
1557,Inver Park,Larne,Northern Ireland,,54.849803,-5.826258,Europe/London,coordinates,6000
1412,Jaber al-Ahmad International Stadium,Kuwait City,Kuwait,,,,,,60000
1577,Jahn-Stadion,Neetze,Germany,,,,Europe/Berlin,country,
1522,Jalan Besar Stadium,Singapore City,Singapore,,,,,,6000
1377,Japoma Stadium,Douala,Central African Republic,,,,,,50000
1271,Jiangyin Sports Park Stadium,Jiangyin,China,,,,Asia/Shanghai,country,30161
1239,Jinan Olympic Sports Center,Jinan,China,,36.656223,117.110124,Asia/Shanghai,coordinates,56808
1435,Jinnah Sports Stadium,Islamabad,Pakistan,,,,,,48820
1548,Jordan-Hare Stadium,Auburn,USA,,,,,,87451
1766,Jose Amalfitani,Buenos Aires,Argentina,,-34.635375,-58.520711,America/Argentina/Buenos_Aires,coordinates,49540
1290,Jotun Arena,Sandefjord,Norway,,59.13725,10.17969,Europe/Oslo,coordinates,6582
1475,Juan Ramón Loubriel Stadium,Bayamon,Puerto Rico,,,,,,12500
1390,Juba Stadium,Juba,South Sudan,,,,,,7000
1751,Juventus Training Center,Turin,Italy,,,,Europe/Rome,country,600
1651,Kaftanzoglio Stadio,Thessaloniki,Greece,,,,Europe/Athens,country,27770
1641,Kai Tak Sports Park,Kai Tak,Hong Kong,,,,,,50000
1559,Karađorđe Stadium,Novi Sad,Serbia,,45.2468973,19.8421991,Europe/Belgrade,coordinates,14458
1746,Ķekavas stadions,Kekava,Latvia,,,,Europe/Riga,country,520
1322,Keyworth Stadium,Michigan,USA,,42.3923968,-83.0489335,America/Detroit,coordinates,
1283,KFUM Arena,Oslo,Norway,,59.890178,10.780501,Europe/Oslo,coordinates,1500
1513,Khalifa International Stadium,Doha,Qatar,,,,,,45857
498,Kigali Pele Stadium,Kigali,Rwanda,,,,,,20000
1453,King Abdullah II Stadium,Amman,Jordan,,,,,,13000
1443,King Saud University Stadium,Riyadh,Saudi Arabia,,,,Asia/Riyadh,country,25000
1471,Kirani James Athletic Stadium,St. George,Grenada,,,,,,8000
1362,Kocaeli Stadium,Izmit,Türkiye,,,,Europe/Istanbul,country,34829
1276,Koning Willem II Stadion,Tilburg,Netherlands,,51.542778,5.066944,Europe/Amsterdam,coordinates,14637
1364,Košická futbalová aréna,Kosice,Slovakia,,48.696741,21.245185,Europe/Bratislava,coordinates,12555
1692,Kostanay Central Stadium,Kostanay,Kazakhstan,,53.225956,63.636618,Asia/Qostanay,coordinates,9500
1724,Kräuterdorfstadion Söchau,Söchau,Austria,,,,,,400
1281,Kristiansund Stadion,Kristiansund,Norway,,63.12492,7.718889,Europe/Oslo,coordinates,4444
1422,Kuala Lumpur Stadium,Kuala Lumpur,Malaysia,,,,Asia/Kuala_Lumpur,country,18000
1729,Kufstein Arena,Kufstein,Austria,,49.98397688222813,8.224491558416606,Europe/Berlin,coordinates,5000
1744,KVDO Arena,Ostend,Belgium,,51.2169,2.8865,Europe/Brussels,coordinates,8432
1537,Kyle Field,College Station,USA,,,,,,102733
1300,Lahti Stadium,Lahti,Finland,,60.983056,25.634167,Europe/Helsinki,coordinates,14500
1326,Laney College Football Stadium,Oakland,USA,,37.794652,-122.258024,America/Los_Angeles,coordinates,5500
1510,Laurent Pokou Stadium,San Pedro,Côte d'Ivoire,,,,,,20000
1590,Lemon Gas Stadium Hiratsuka,Kanagawa,Japan,,,,Asia/Tokyo,country,15200
1289,Lerkendal Stadion,Trondheim,Norway,,63.4125,10.405,Europe/Oslo,coordinates,21166
1374,Levy Mwanawasa Stadium,Ndola,Zambia,,,,,,49800
1340,LEXINGTON SC STADIUM,Lexington,USA,,,,,,7500
1771,Libertadores de America,Buenos Aires,Argentina,,-34.669899,-58.370564,America/Argentina/Buenos_Aires,coordinates,52000
1674,Llanelian Road,Colwyn Bay,Wales,,,,Europe/London,country,3000
1150,Lnk Sporta Parks,Rīga,Latvia,,56.9080818,,Europe/Riga,country,1700
1247,Longquanyi Stadium,Chengdu,China,,30.615792,104.307825,Asia/Shanghai,coordinates,27000
1307,Longxing Football Stadium,Chongqing,China,,29.707455,106.795622,Asia/Shanghai,coordinates,60000
1680,Loro Boriçi Stadium,Shkoder,Albania,,,,Europe/Tirane,country,16000
1540,Lucas Moripe Stadium,Atteridgeville,South Africa,,,,,,28900
1328,Lucas Oil Stadium,Indianapolis,USA,,39.760008,-86.163906,America/Indiana/Indianapolis,coordinates,70000
1511,Lusail Stadium,Lusail,Qatar,,,,,,88966
1323,Lynn Family Stadium,Louisville,USA,,38.259444,-85.731944,America/Kentucky/Louisville,coordinates,15304
1291,Lyse Arena,Stavanger,Norway,,,,Europe/Oslo,country,15900
1717,MAC³PARK Stadion,Zwolle,Netherlands,,,,Europe/Amsterdam,country,14000
528,Mahamasina Municipal Stadium,Antananarivo,Madagascar,,,,,,40880
1338,Maimonides Park,Brooklyn,USA,,40.57480963442789,-73.98397772138007,America/New_York,coordinates,7000
1592,Malsovicka arena,Hradec Kralove,Czechia,,50.2064,15.8454,Europe/Prague,coordinates,9300
1354,Malšovická aréna,Hradec Kralove,Czechia,,,,Europe/Prague,country,9300
504,Mandela National Stadium,Kampala,Uganda,,,,,,45202
1733,Mapei Stadium-Città del Tricolore,Reggio Emilia,Italy,,44.714578,10.649844,Europe/Rome,coordinates,21525
1619,Marbella Football Center,Marbella,Spain,,,,,,
1403,March 28 Stadium,Benghazi,Libya,,,,,,65000
1760,Mario Alberto Kempes,Cordoba,Argentina,,-31.368956,-64.246244,America/Argentina/Cordoba,coordinates,57000
1372,Mbombela Stadium,Nelspruit,South Africa,,,,,,43500
1625,MEGA-Stadion,Baumberg,Germany,,51.111686,6.893703,Europe/Berlin,coordinates,1500
1630,Melach Road,Kematen in Tirol,Austria,,,,,,
1436,Melbourne Rectangular Stadium,Melbourne,Australia,,,,Australia/Perth,country,30050
1341,Michael Carroll Stadium,Indianapolis,USA,,39.771146,-86.17788,America/Indiana/Indianapolis,coordinates,12111
366,Mika Stadium,Yerevan,Armenia,,40.149373,44.476449,Asia/Yerevan,coordinates,8000
1414,Milliy Stadioni,Tashkent,Uzbekistan,,,,,,34000
1408,Miloud Hadefi Olympic Complex,Oran,Algeria,,,,,,40143
1437,Mohammad Bin Zayed Stadium,Abu Dhabi,United Arab Emirates,,,,,,42056
1401,Moi International Sports Centre,Nairobi,Kenya,,,,,,55000
1526,MOL Arena,Dunajska Streda,Slovakia,,,,Europe/Bratislava,country,12700
1701,Monjasa Park,Fredericia,Denmark,,,,Europe/Copenhagen,country,4000
1367,Monumental David Arellano,Santiago,Chile,,,,America/Santiago,country,47000
1570,Moselstadion,Trier,Germany,,,,Europe/Berlin,country,10256
1722,Motspur Park,New Malden (London,England,,,,Europe/London,country,
1494,Mount Smart Stadium,Auckland,New Zealand,,,,,,25000
1582,MSV-Arena,Duisburg,Germany,,,,Europe/Berlin,country,31514
1597,Municipal de Barreiro,Vigo,Spain,,,,,,4500
1736,Murrayfield,Edinburgh,Scotland,,,,Europe/London,country,67144
1297,Mustapekka Areena,Helsinki,Finland,,60.234693,24.962558,Europe/Helsinki,coordinates,1100
1432,Mỹ Đình National Stadium,Hanoi,Vietnam,,,,,,40192
1603,Nantporth Stadium,Bangor,Wales,,,,Europe/London,country,
1553,National Football Academy,Kaunas,Lithuania,,54.904275,23.928806,Europe/Vilnius,coordinates,1500
1525,National Football Stadium,Malé,Maldives,,,,,,11850
1479,National Stadium,Hamilton,Bermuda,,,,,,
1430,National Stadium,Kallang,Singapore,,,,,,55000
515,National Stadium,Minsk,Belarus,,,,,,33000
512,"National Stadium, Dhaka",Dhaka,Bangladesh,,,,,,22085
1351,National Stadium Ta' Qali,Ta' Qali,Malta,,,,Europe/Malta,country,16997
1346,Nature Energy Park,Odense,Denmark,,55.397831,10.350139,Europe/Copenhagen,coordinates,15761
1363,Neftçi Arena,Baku,Azerbaijan,,,,Asia/Baku,country,11000
1419,New Laos National Stadium,Vientiane,Laos,,,,,,25000
1523,New National Stadium,Tokyo,Japan,,,,Asia/Tokyo,country,68000
1589,NHK Spring Mitsuzawa Football Stadium,Yokohama,Japan,,,,Asia/Tokyo,country,15440
521,Nicaragua National Football Stadium,Managua,Nicaragua,,,,,,20000
480,Nkurunziza Peace Park Complex Stadium,Gisenyi,Burundi,,,,,,
1609,Northwestern Medicine Field at Martin Stadium,Evanston,USA,,42.0584,-87.6707,America/Chicago,coordinates,15000
1784,Nouste Camp,Bizanos,France,,43.3077389,-0.325641,Europe/Paris,coordinates,4031
1369,Nuevo Estadio de Malabo,Malabo,Equatorial Guinea,,,,,,15000
1361,Nya Ullevi,Gothenburg,Sweden,,,,Europe/Stockholm,country,
1396,Nyayo National Stadium,Nairobi,Kenya,,,,,,30000
1539,Ohio Stadium,Columbus,USA,,,,,,102780
505,Olembe Stadium,Yaounde,Cameroon,,,,,,60000
1302,OmaSP Stadion,Seinajoki,Finland,,,,,,5900
489,Ombaka National Stadium,Benguela,Angola,,,,,,
1325,Oneok Field,Tulsa,USA,,36.1598937,-95.9882559,America/Chicago,coordinates,7833
1610,One Spokane Stadium,Spokane,USA,,,,,,5000
1740,OPAP Arena,Athens,Greece,,,,Europe/Athens,country,32000
1450,Optus Stadium,Perth,Australia,,-31.951111,115.889028,Australia/Perth,coordinates,60000
1355,Opus Arena,Osijek,Croatia,,,,Europe/Zagreb,country,13005
1731,Ostseestadion,Rostock,Germany,,,,Europe/Berlin,country,29000
1572,Otto-Schott-Sportzentrum,Mainz,Germany,,,,Europe/Berlin,country,2500
1613,Padre Ernesto Martearena,Salta,Argentina,,,,,,22000
1747,Paide linnastaadion,Paide,Estonia,,,,Europe/Tallinn,country,268
1442,Pamir Stadium,Dushanbe,Tajikistan,,,,,,20000
1538,Pankritio Stadium,Heraklion,Greece,,,,Europe/Athens,country,26240
1320,Papa Murphy's Park,Sacramento,USA,,38.591111,-121.438056,America/Los_Angeles,coordinates,11500
1632,Parkstadion,Kaufbeuren,Germany,,48.322971,10.885949,Europe/Berlin,coordinates,
1274,Parkstad Limburg,Kerkrade,Netherlands,,,,Europe/Amsterdam,country,19979
1666,Pärnu Rannastaadion,Parnu,Estonia,,58.375112,24.502963,Europe/Tallinn,coordinates,1501
1734,Partenio-Adriano Lombardi,Avellino,Italy,,,,Europe/Rome,country,26542
1336,Patriots Point,Mount Pleasant,USA,,32.790377,-79.90821,America/New_York,coordinates,3900
1725,Pecara,Siroki Brijeg,Bosnia & Herzegovina,,,,Europe/Sarajevo,country,5147
1394,Peter Mokaba Stadium,Polokwane,South Africa,,,,,,45500
1352,PGE Narodowy,Warsaw,Poland,,,,Europe/Warsaw,country,58500
1528,Phnom Penh National Olympic Stadium,Phnom Penh,Cambodia,,,,,,50000
1327,Phoenix Rising Soccer Stadium,Phoenix,USA,,33.445278,-112.001944,America/Phoenix,coordinates,10000
1298,Pietarsaaren,Pietarsaari,Finland,,63.673611,22.695,Europe/Helsinki,coordinates,3600
1620,Pinatar Arena,Murcia,Spain,,,,,,3000
1492,PNG Football Stadium,Port Moresby,Papua New Guinea,,,,,,
1755,Pragues Letna Hill,Prague,Czechia,,50.0839625,,Europe/Prague,country,16000
1305,Prince Faisal bin Fahd Stadium,Riyadh,Saudi Arabia,,24.662599,46.739745,Asia/Riyadh,coordinates,22500
1407,Prince Louis Rwagasore Stadium,Bujumbura,Burundi,,,,,,
1587,Professor-Reinmuller-Platz,Hamburg-Eimsbuttel,Germany,,,,Europe/Berlin,country,
1329,Progress Energy Park,St.Petersburg,USA,,27.76847,-82.633128,America/New_York,coordinates,7227
1303,Project Liv Arena,Jakobstad,Finland,,63.6725383,22.6929824,Europe/Helsinki,coordinates,3600
1337,Protective Stadium,Birmingham,USA,,33.5278,-86.8092,America/Chicago,coordinates,47100
1242,Pudong Football Stadium,Shanghai,China,,31.240643,121.607016,Asia/Shanghai,coordinates,37000
1267,Qingdao Sports Center Guoxin Stadium,Qingdao,China,,,,Asia/Shanghai,country,45000
1250,Qingdao Tiantai Stadium,Qingdao,China,,36.058847,120.344389,Asia/Shanghai,coordinates,20525
1259,Qingdao Youth Football Stadium,Qingdao,China,,,,Asia/Shanghai,country,50000
1299,Raatti Stadion,Oulu,Finland,,65.020099,25.465105,Europe/Helsinki,coordinates,4400
531,Rajamangala National Stadium,Bangkok,Thailand,,,,,,49722
1667,Ramaz Shengelia Stadium,Kutaisi,Georgia,,,,,,12000
1678,Raudondvario stadionas,Raudondvaris,Lithuania,,,,Europe/Vilnius,country,1500
1484,Raymond E. Guishard Stadium,The Valley,Anguilla,,,,,,1100
1465,Raymond E. Guishard Technical Centre,The Valley,Anguilla,,,,,,1100
1536,Raymond James Stadium,Tampa,USA,,27.9759,-82.5033,America/New_York,coordinates,65890
1642,RB-Training Center Cottaweg,Leipzig,Germany,,,,Europe/Berlin,country,
1665,Republican,Yerevan,Armenia,,40.171944,44.525833,Asia/Yerevan,coordinates,15000
820,Rheinpark Stadion,Vaduz,Liechtenstein,,47.140278,9.510278,Europe/Vaduz,coordinates,7584
1334,RingCentral Coliseum,Oakland,USA,,37.7503423,-122.2028058,America/Los_Angeles,coordinates,46847
1330,Rio Grande Credit Union Field at Isotopes Park,Albuquerque,USA,,35.069611,-106.62751,America/Denver,coordinates,13500
1527,RIzal Memorial Stadium,Manila,Philippines,,,,,,12873
1534,Roi Baudouin,Brussels,Belgium,,,,Europe/Brussels,country,50093
1344,Rose Bowl Stadium,Pasadena,USA,,34.1613,-118.1676,America/Los_Angeles,coordinates,92542
1546,Rostec Arena,Kaliningrad,Russia,,,,,,35212
1721,Rudolf Gutmann stadion,Fürstenfeld,Austria,,,,,,1500
1269,Rugao Olympic Sports Center,Nantong,China,,,,Asia/Shanghai,country,26000
1754,Runavík Stadium,Runavík,Faroe Islands,,,,Atlantic/Faroe,country,2000
1639,SaalfeldenArena,Saalfelden am Steinernen Meer,Austria,,,,,,
1520,Sabina Park,Kingston,Jamaica,,,,,,15600
499,Said Mohamed Cheikh,Mitsamiouli,Comoros,,,,,,2000
1375,Samuel Kanyon Doe Sports Complex,Monrovia,Liberia,,,,,,35000
526,San Marino Stadium,Serravalle,San Marino,,43.971264,12.476989,Europe/San_Marino,coordinates,6664
381,San Marino Stadium,San Marino,San Marino,,,,Europe/San_Marino,country,4798
1441,Saparmurat Turkmenbashy Olympic Stadium,Ashgabat,Turkmenistan,,,,,,45000
1278,Sarpsborg Stadion,Sarpsborg,Norway,,59.286217,11.097608,Europe/Oslo,coordinates,8022
371,Sarpugerði Stadium,Nordragota,Faroe Islands,,,,Atlantic/Faroe,country,3000
1308,SeatGeek Stadium,Bridgeview,USA,,,,,,28000
1321,Segra Field,Leesburg,USA,,39.0696667,-77.5459921,America/New_York,coordinates,5000
1748,Selman Stërmasi,Tirana,Albania,,,,Europe/Tirane,country,9500
1648,Sepsi Arena,Sfantu Gheorghe,Romania,,45.8812786,25.8075662,Europe/Bucharest,coordinates,8400
1241,Shanghai Stadium,Shanghai,China,,31.183503,121.4373,Asia/Shanghai,coordinates,72000
1292,Shenyang Olympic Sports Center Stadium,Shenyang,China,,41.739017,123.457515,Asia/Shanghai,coordinates,60000
1252,Shenyang Urban Construction University Stadium,Shenyang,China,,22.562117,114.086915,Asia/Shanghai,coordinates,12000
1256,Shenzhen Stadium,Shenzhen,China,,22.562117,114.086915,Asia/Shanghai,coordinates,32500
1272,Shenzhen Universiade Sports Centre,Shenzhen,China,,,,Asia/Shanghai,country,18000
389,Sheriff Stadium,Tiraspol,Moldova,,46.837303,29.558842,Europe/Chisinau,coordinates,13300
1238,Shuangliu Sports Centre,Chengdu,China,,30.570465,103.895705,Asia/Shanghai,coordinates,
1634,Silberstadt-Arena Schwaz,Schwaz,Austria,,47.336119,11.703493,Europe/Vienna,coordinates,3000
1605,Şilbe Spor Kompleksi,Diyarbakır,Türkiye,,,,Europe/Istanbul,country,1540
1624,Sixfields Stadium,Northampton,United Kingdom,,52.235197,-0.93345,Europe/London,coordinates,8203
1505,SKNFA Technical Center,Basseterre,Saint Kitts and Nevis,,,,,,2000
1466,SKNFA Technical Center,Basseterre,Saint Kitts and Nevis,,,,,,1000
1356,Skonto,Rīga,Latvia,,56.961372,24.116408,Europe/Riga,coordinates,8087
1405,Somholo National Stadium,Mbabane,Eswatini,,,,,,20000
1524,South Field Stadium,Provo,USA,,,,,,4200
1317,Southwest University Park,El Paso,USA,,31.75938,-106.482071,America/Denver,coordinates,9500
1633,Sparda-Bank-Hessen-Stadion,Offenbach,Germany,,50.094444,8.798611,Europe/Berlin,coordinates,20500
1286,Sparebanken Sør Arena,Kristiansand,Norway,,58.153611,8.028611,Europe/Oslo,coordinates,14563
1574,Sparkassen Erzgebirgsstadion,Aue,Germany,,,,Europe/Berlin,country,15690
1685,Spartak Stadium,Semey,Kazakhstan,,,,,,8000
1640,Sportanlage Golm,Schruns,Austria,,,,,,3500
1618,Sport Centar Međugorje,Međugorje,Bosnia & Herzegovina,,,,Europe/Sarajevo,country,
1563,Sportni park Aluminij,Kidricevo,Slovenia,,46.408074,15.789918,Europe/Ljubljana,coordinates,2600
1699,Sportni Park Domžale,Domzale,Slovenia,,,,Europe/Ljubljana,country,3100
1617,Sportni Park Radomlje,Radomlje,Slovenia,,,,Europe/Ljubljana,country,1200
1575,Sportpark Krieschow,Krieschow,Germany,,,,Europe/Berlin,country,4000
1585,Sportplatz Papenloh,Hamm,Germany,,,,Europe/Berlin,country,3000
1716,Sportzentrum Mitte,Salzburg,Austria,,,,,,
1742,Sportzentrum Stegersbach,Stegersbach,Austria,,,,,,1000
1288,SR-Bank Arena,Stavanger,Norway,,58.914554,5.731032,Europe/Oslo,coordinates,15900
1621,SRC Marijan Suto Mrma,Zmijavci,Croatia,,,,Europe/Zagreb,country,1200
1580,Stad. a. d. Grünwalder Str.,Munich,Germany,,,,Europe/Berlin,country,21272
446,Stade 5 Juillet 1962,Algiers,Algeria,,,,,,85000
1679,Stade Achille Hammerel,Luxembourg,Luxembourg,,,,Europe/Luxembourg,country,5814
1400,Stade Ahmadou Ahidjo,Yaounde,Cameroon,,,,,,42500
1402,Stade Alphonse Massamba Debat,Brazzaville,Congo Republic,,,,,,33037
506,Stade de Franceville,Franceville,Gabon,,,,,,20000
1206,Stade de Kegue,Lome,Togo,,,,,,30000
502,Stade de l'Amitie,Cotonou,Benin,,,,,,20000
1509,Stade de la Paix,Bouake,Côte d'Ivoire,,,,,,40000
1358,Stade de Luxembourg,Luxembourg,Luxembourg,,49.577222,6.114722,Europe/Luxembourg,coordinates,9385
1373,Stade de Moroni,Moroni,Comoros,,,,,,3000
487,Stade Denis Sassou Nguesso,Dolisie,Congo Republic,,,,,,5000
1293,Stade de Paris,Saint-Ouen,France,,48.905833,2.340833,Europe/Paris,coordinates,10000
1508,Stade de Yamoussoukro,Yamoussoukro,Côte d'Ivoire,,,,,,6000
1395,Stade d'Honneur,Meknes,Morocco,,,,,,20000
500,Stade du 26 Mars,Bamako,Mali,,,,,,50000
484,Stade du 28 Septembre,Conakry,Guinea,,,,,,25000
1199,Stade du 4-Août,Ouagadougou,Burkina Faso,,,,,,60000
1389,Stade El Abdi,El Jadida,Morocco,,,,,,15000
495,Stade Felix Houphouet-Boigny,Abidjan,Côte d'Ivoire,,,,,,50000
1707,Stade François Blin,Avion,France,,,,Europe/Paris,country,5228
524,Stade Georges-Chaumet,Georgetown,Guyana,,,,,,7000
486,Stade Hadji Hassan Gouled Aptidon,Djibouti,Djibouti,,,,,,10000
493,Stade Henri Sylvoz ,Moanda,Gabon,,,,,,900
470,Stade Houssine Ait Ahmed,Tizi Ouzou,Algeria,,,,,,50766
1392,Stade Larbi Zaouli,Casablanca,Morocco,,,,,,30000
99,Stade Louis II,Fontvieille,Monaco,,43.727606,7.415614,Europe/Monaco,coordinates,18523
1786,Stade Marcel Tribut,Dunkerque,France,,51.035133,2.389666,Europe/Paris,coordinates,5000
1730,Stade Maurice Trelut,Tarbes,France,,,,Europe/Paris,country,
1397,Stade Mimoun Al Arsi,Al Hoceima,Morocco,,,,,,12000
481,Stade Municipal d'Abidjan,Abidjan,Côte d'Ivoire,,,,,,1100
377,Stade Municipal de Differdange,Differdange,Luxembourg,,,,Europe/Luxembourg,country,3500
476,Stade Municipal de Mbalmayo,Mbalmayo,Cameroon,,,,,,700
1381,Stade Municipal d'Oujda,Oujda,Morocco,,,,,,10000
491,Stade Municipal Kara,Kara,Togo,,,,,,10000
485,"Stade Municipal, Nouadhibou",Nouadhibou,Mauritania,,,,,,10000
1052,Stade Numa-Daly Magenta,Noumea,New Caledonia,,,,,,10000
1385,Stade Olympique,Nouakchott,Mauritania,,,,,,20000
1378,Stade Olympique Alassane Ouattara,Abidjan,Côte d'Ivoire,,,,,,60012
1409,Stade Olympique de Sousse,Sousse,Tunisia,,,,,,40000
1379,Stade olympique Hammadi Agrebi,Rades,Tunisia,,,,,,60000
1399,Stade Olympique Maréchal Idriss Deby Itno,Ndjamena,Chad,,,,,,30000
1388,Stade omnisport de Douala,Douala,Cameroon,,,,,,
1785,Stade Paul Lignon,Rodez,France,,44.3515659,2.563602915,Europe/Paris,coordinates,5955
1519,Stade Pierre-Aliker,Fort-de-France,Martinique,,,,,,18000
1637,Stade Pierre de Coubertin,Cannes,France,,48.835278,2.256111,Europe/Paris,coordinates,
1649,Stade Pierre Rajon,Bourgoin-Jallieu,France,,,,Europe/Paris,country,9500
1504,Stade Roger Zami,Guadalupe,France,,,,Europe/Paris,country,3000
1735,Stade Velôdrome Tanambao,Antsirabe,Madagascar,,,,,,
1635,Stadio Briamasco,Trento,Italy,,46.064221,11.114448,Europe/Rome,coordinates,5000
1715,Stadio Comunale ,Dimaro,Italy,,,,Europe/Rome,country,
1623,Stadion am Bad,Markranstadt,Germany,,52.517191,13.236694,Europe/Berlin,coordinates,5500
1576,Stadion an der Poststraße,Verl,Germany,,,,Europe/Berlin,country,5001
1571,Stadion der Jahnsportanlage St. Tönis,Tonisvorst,Germany,,,,Europe/Berlin,country,
1275,Stadion de Vliert,s-Hertogenbosch,Netherlands,,,,Europe/Amsterdam,country,8500
1357,Stadion Dubočica,Leskovac,Serbia,,,,Europe/Belgrade,country,8136
1672,Stadion FK Zeleznicar Pancevo,Pančevo,Serbia,,,,Europe/Belgrade,country,1200
1353,Stadion Kraj Bistrice,Niksic,Montenegro,,45.545,18.695833,Europe/Zagreb,coordinates,5214
1568,Stadion Miejski im. Henryka Reymana,Kraków,Poland,,50.063611,19.911944,Europe/Warsaw,coordinates,33130
1626,Stadion Niederrhein,Oberhausen,Germany,,51.493611,6.854444,Europe/Berlin,coordinates,21318
361,Stadion Pod Bijelim Brijegom,Mostar,Bosnia & Herzegovina,,43.345662,17.795277,Europe/Sarajevo,coordinates,9000
1561,Štadión pod Dubňom,Zilina,Slovakia,,49.229122,18.74481,Europe/Bratislava,coordinates,11258
1500,Stadion Poljud,Split,Croatia,,43.519444,16.431667,Europe/Zagreb,coordinates,34198
363,Stadions Arkadija,Rīga,Latvia,,,,Europe/Riga,country,1700
1693,Stadion Střelnice,Jablonec,Czechia,,50.714964,15.162225,Europe/Prague,coordinates,6280
1684,Stadion Tuško Polje,Podgorica,Montenegro,,,,Europe/Zagreb,country,2000
1306,Stadionul Anghel Iordanescu,Voluntari,Romania,,44.499216,26.145694,Europe/Bucharest,coordinates,4600
1595,Stadionul Corvinul 1921 Hunedoara,Hunedoara,Romania,,45.761639,22.912972,Europe/Bucharest,coordinates,16500
1343,Stadionul Eugen Popescu,Targoviste,Romania,,,,Europe/Bucharest,country,8400
1596,Stadionul Municipal,Sfantu Gheorghe,Romania,,,,Europe/Bucharest,country,4774
1555,Stadionul Orasenesc,Hincesti,Moldova,,,,Europe/Chisinau,country,2500
1212,Stadionul Zimbru,Chisinau,Moldova,,46.98023858194678,28.868043593236866,Europe/Chisinau,coordinates,10500
1347,Stadion Varteks,Varaždin,Croatia,,46.293386,16.344415,Europe/Zagreb,coordinates,10800
1583,Stadium Airfield,Lubeck,Germany,,,,Europe/Berlin,country,
395,Stadiumi Fadil Vokrri,Prishtinë,Kosovo,,42.662851,21.157067,Europe/Belgrade,coordinates,13980
360,Stadiumi i Qytetit,Gjilanë,Kosovo,,,,Europe/Belgrade,country,16000
1683,Stadiumi Zahir Pajaziti,Podujevë,Kosovo,,,,Europe/Belgrade,country,6000
1695,Stadium Katovice,Katowice,Poland,,50.239745,18.984974,Europe/Warsaw,coordinates,
1601,Stadium mk,Denbigh,Wales,,,,Europe/London,country,
1309,Stanford Stadium,Stanford,USA,,37.4345,-122.1611,America/Los_Angeles,coordinates,50424
1507,State Farm Stadium,Glendale,USA,,,,,,63400
1202,Steponas Darius and Stasys Girenas,Kaunas,Lithuania,,54.897222,23.936944,Europe/Vilnius,coordinates,15315
513,Steponas Darius and Stasys Girenas Stadium,Kaunas,Lithuania,,,,Europe/Vilnius,country,15315
1360,St. Jakob-Arena,Basel,Switzerland,,,,Europe/Zurich,country,
1682,Stjörnuvöllur,Gardabaer,Iceland,,64.087454,-21.928982,Atlantic/Reykjavik,coordinates,1292
483,St Mary's Stadium,Kampala,Uganda,,,,,,25000
1411,Streets of Marrakesh,Marrakech,Morocco,,,,,,
1622,Südstadion,Cologne,Germany,,,,Europe/Berlin,country,14944
1645,Sultan Ibrahim Stadium,Johor Bahru,Malaysia,,1.481513,103.61912,Asia/Kuala_Lumpur,coordinates,40000
1421,Sultan Qaboos Sports Complex,Muscat,Oman,,,,,,34000
1668,Sumgayit City Stadium,Sumqayit,Azerbaijan,,,,Asia/Baku,country,10047
1262,Suoyuwan Football Stadium,Dalian,China,,,,Asia/Shanghai,country,61000
1448,Suwon World Cup Stadium,Suwon,South Korea,,,,Asia/Seoul,country,45192
1614,Sveučilišni kampus Rodoč ,Mostar,Bosnia & Herzegovina,,,,Europe/Sarajevo,country,500
1489,Synthetic Track and Field Facility,Leonora,Guyana,,,,,,3000
1429,Taipei Municipal Stadium,Taipei,Chinese Taipei,,,,,,20000
1556,Tallaght Stadium,Dublin,Ireland,,53.283531,-6.373653,Europe/Dublin,coordinates,10300
1497,Ta' Qali National Stadium,Ta' Qali,Malta,,,,Europe/Malta,country,16997
1240,TEDA Football Stadium,Tianjin,China,,39.122603,117.198029,Asia/Shanghai,coordinates,35680
1264,TEDA Football Stadium,Tianjin,China,,39.030519,117.719,Asia/Shanghai,coordinates,37000
1752,Teddy Stadium,Jerusalem,Israel,,,,Asia/Jerusalem,country,32000
1677,Tengiz Burjanadze Stadium,Gori,Georgia,,41.983019,44.103828,Asia/Tbilisi,coordinates,8000
1732,Teofilo Patini Stadium,Castel di Sangro,Italy,,,,Europe/Rome,country,
1558,Terrain Bousbierg,Biisen,Luxembourg,,,,Europe/Luxembourg,country,1000
465,The Blue Jewel,Omdurman,Sudan,,,,,,35000
1728,The Burkenmoos Stadium,Rottach-Egern,Germany,,,,Europe/Berlin,country,2500
1602,The Oval,Caernarfon,Wales,,,,Europe/London,country,3000
1681,The Oval,Belfast,Northern Ireland,,,,Europe/London,country,15000
1696,The Showgrounds,Coleraine,Northern Ireland,,,,Europe/London,country,6500
1599,Throttarvollur,Reykjavik,Iceland,,64.14315,-21.87593,Atlantic/Reykjavik,coordinates,3000
1433,Thuwunna Stadium,Yangon,Myanmar,,,,,,50000
1258,Tiexi Stadium,Shenyang,China,,41.809056,123.320556,Asia/Shanghai,coordinates,40000
1552,Tikhinichi Sportcomplex,Gomel,Belarus,,,,,,
1365,Timsah Arena,Bursa,Türkiye,,,,Europe/Istanbul,country,43331
1139,Tofiq Bəhramov,Baku,Azerbaijan,,40.397344,49.852307,Asia/Baku,coordinates,31200
1246,Tongliang Long Stadium,Chongqing,China,,29.834152,106.048649,Asia/Shanghai,coordinates,20000
1155,Tony Bezzina Stadium,Paola,Malta,,,,Europe/Malta,country,2968
1560,Torfnesvöllur,Hnifsdalur,Iceland,,66.114541,-23.123319,Atlantic/Reykjavik,coordinates,1596
527,Torsvollur,Torshavn,Faroe Islands,,,,Atlantic/Faroe,country,6500
1142,Toše Proeski Arena,Skopje,North Macedonia,,42.005793,21.425689,Europe/Skopje,coordinates,33011
1316,Toyota Field,San Antonio,USA,,29.53938,-98.39456,America/Chicago,coordinates,7000
1670,Training Centre Petar Milosevski,Skopje,North Macedonia,,,,Europe/Skopje,country,2500
1485,Trinidad Stadium,Oranjestad,Aruba,,,,,,3000
475,Tripoli International Stadium,Tripoli,Libya,,,,,,45000
1530,True BG Stadium,Pathum Thani,Thailand,,,,,,15114
1469,Truman Bodden Sports Complex,George Town,Cayman Islands,,,,,,3000
1688,Tsentralnyi Stadium,Cherkasy,Ukraine,,49.4361,32.0547,Europe/Kyiv,coordinates,10321
1745,Turkestan Arena,Turkistan,Kazakhstan,,,,,,7000
1741,Ulrich-Haberland-Stadion,Leverkusen,Germany,,,,Europe/Berlin,country,1400
1594,Ursapharm-Arena an der Kaiserlinde,Spiesen-Elversberg,Germany,,,,Europe/Berlin,country,10000
1517,U.S. Bank Stadium,Minneapolis,USA,,,,,,66655
1598,Vasil Levski National Sports Academy,Sofia,Bulgaria,,42.644256,23.349953,Europe/Sofia,coordinates,
1203,Vazgen Sargsyan Republican Stadium,Yerevan,Armenia,,40.171944,44.525833,Asia/Yerevan,coordinates,14403
1600,Vejlby Stadion,Aarhus,Denmark,,,,Europe/Copenhagen,country,11500
1631,Velly Arena Imst,Tyrol,Austria,,,,,,2550
1296,Veritas Stadium,Turku,Finland,,60.442778,22.291667,Europe/Helsinki,coordinates,9300
362,Victoria Stadium,Gibraltar,Gibraltar,,,,Europe/Gibraltar,country,5000
1765,Víctor Legrotaglie,Mendoza,Argentina,,,,,,11000
359,Victor Tedesco Stadium,Hamrun,Malta,,,,Europe/Malta,country,1962
1551,Víkingsvollur Stadium,Reykjavik,Iceland,,64.117,-21.852686,Atlantic/Reykjavik,coordinates,1500
1434,Vivekananda Yuba Bharati Krirangan,Kolkata,India,,,,,,85000
1532,Volgograd Arena,Volgograd,Russia,,,,,,45568
492,Wadzanai Stadium,Shamva,Zimbabwe,,,,,,
1608,WakeMed Soccer Park,Cary,USA,,35.786164,-78.755106,America/New_York,coordinates,10000
1723,Waldstadion,Mittersill,Austria,,,,,,
1627,Waldstadion,Giessen,Germany,,50.5857681,8.7042097,Europe/Berlin,coordinates,
1473,Warner Park,Basseterre,Saint Kitts and Nevis,,,,,,10000
1487,Warner Park,Basseterre,Saint Kitts and Nevis,,,,,,8000
1324,Weidner Field,Colorado Springs,USA,,38.895826,-104.711321,America/Denver,coordinates,8000
1312,Wendell & Vickie Bell Soccer Complex,Lexington,USA,,,,,,3368
1301,Wiklof Holding Arena,Mariehamn,Finland,,60.10254,19.93496,Europe/Mariehamn,coordinates,1650
1458,Wildey Turf,Bridgetown,Barbados,,,,,,2000
1636,Wildparkstadion,Karlsruhe,Germany,,49.021172,8.413029,Europe/Berlin,coordinates,35000
1476,Windsor Park,Roseau,Dominica,,,,,,12000
1470,Windsor Park,Roseau,Dominica,,,,,,12000
1629,Winkelhofer Stadion,Grodig,Austria,,,,,,
1245,Wuhan Sports Center Stadium,Wuhan,China,,30.500575,114.171864,Asia/Shanghai,coordinates,60000
1260,Wuhua Olympic Sports Center,Meizhou,China,,,,Asia/Shanghai,country,
1265,Wuliangye Sports Center Stadium,Chengdu,China,,41.7562,123.4258,Asia/Shanghai,coordinates,60000
1444,Xiamen Stadium,Xiamen,China,,,,Asia/Shanghai,country,
1675,Yerevan Football Academy,Yerevan,Armenia,,,,Asia/Yerevan,country,
1426,Yongin Mireu Stadium,Yongin,South Korea,,,,Asia/Seoul,country,37155
1569,York`s LNER Community Stadium,York,England,,53.984778,-1.052861,Europe/London,coordinates,8500
1243,Yuxi Plateau Sports Center,Yuxi,China,,24.394515,102.581054,Asia/Shanghai,coordinates,30300
1248,Zhengzhou Hanghai Stadium,Zhengzhou,China,,34.716667,113.725278,Asia/Shanghai,coordinates,30000
1689,ZSD Ljubljana Stadium,Ljubljana,Slovenia,,,,Europe/Ljubljana,country,2308
579,Alberto Jose Armando,Buenos Aires,Argentina,AR,-34.63565,-58.36465,America/Argentina/Buenos_Aires,coordinates,57420
600,Diego Armando Maradona,Buenos Aires,Argentina,AR,,,,,24380
575,Estadio Bautista Gargantini,Mendoza,Argentina,AR,-32.890786,-68.862777,America/Argentina/Mendoza,coordinates,24000
584,Estadio Ciudad de Lanus,Buenos Aires,Argentina,AR,-34.717152,-58.383278,America/Argentina/Buenos_Aires,coordinates,46619
585,Estadio Ciudad de La Plata,La Plata,Argentina,AR,-34.912,-57.9389,America/Argentina/Buenos_Aires,coordinates,53000
592,Estadio Ciudad de Vicente Lopez,Florida,Argentina,AR,-34.540183,-58.481594,America/Argentina/Buenos_Aires,coordinates,31000
540,Estadio Claudio Chiqui Tapia,Barracas,Argentina,AR,-34.646901,-58.396364,America/Argentina/Buenos_Aires,coordinates,12000
549,Estadio Guillermo Laza,Flores,Argentina,AR,-34.653404,-58.443564,America/Argentina/Buenos_Aires,coordinates,3000
545,Estadio Jose Dellagiovanna,Buenos Aires,Argentina,AR,-34.449321,-58.542184,America/Argentina/Buenos_Aires,coordinates,26282
1213,Estadio Malvinas Argentinas,Mendoza,Argentina,AR,-32.889564,-68.879994,America/Argentina/Mendoza,coordinates,40628
445,Estadio Mâs Monumental,Buenos Aires,Argentina,AR,-34.54501,-58.448708,America/Argentina/Buenos_Aires,coordinates,85018
1220,Estadio Presidente Peron,Cordoba,Argentina,AR,,,,,32500
539,Estadio Presidente Perón,Buenos Aires,Argentina,AR,-34.667517,-58.36861,America/Argentina/Buenos_Aires,coordinates,55000
1219,Florencio Sola,Buenos Aires,Argentina,AR,,,,,34901
589,Gigante de Arroyito,Rosario,Argentina,AR,-32.913997,-60.674567,America/Argentina/Cordoba,coordinates,46955
548,Pedro Bidegain,Buenos Aires,Argentina,AR,-34.65086,-58.440174,America/Argentina/Buenos_Aires,coordinates,47964
861,Allianz Stadion,Vienna,Austria,AT,48.198062,16.265908,Europe/Vienna,coordinates,28345
440,Ernst Happel Stadion,Vienna,Austria,AT,,,,,50865
793,Generali Arena,Vienna,Austria,AT,48.162409,16.387104,Europe/Vienna,coordinates,17500
862,Hofmann Personal Stadion,Linz,Austria,AT,,,,,5595
860,Josko Arena,Ried im Innkreis,Austria,AT,,,,,7300
392,Lavanttal-Arena,Wolfsberg,Austria,AT,,,,,7300
126,Merkur Arena,Graz,Austria,AT,47.046111,15.454444,Europe/Vienna,coordinates,16764
858,Profertil Arena Hartberg,Hartberg,Austria,AT,,,,,4635
856,Raiffeisen Arena,Linz,Austria,AT,,,,,19080
145,Red Bull Arena,Salzburg,Austria,AT,47.816264,12.998228,Europe/Vienna,coordinates,30188
859,Stadion Schnabelholz,Altach,Austria,AT,,,,,8500
857,Tivoli Stadion Tirol,Innsbruck,Austria,AT,,,,,17400
1141,Wörthersee Stadion,Klagenfurt,Austria,AT,,,,,30000
225,Bosuilstadion,Antwerp,Belgium,BE,51.232406,4.472086,Europe/Brussels,coordinates,21000
144,Cegeka Arena,Genk,Belgium,BE,51.005,5.533333,Europe/Brussels,coordinates,24956
226,Dender Football Complex,Denderleeuw,Belgium,BE,50.883683,4.071185,Europe/Brussels,coordinates,6430
1054,Easi Arena,La Louviere,Belgium,BE,,,Europe/Brussels,country,8050
227,Elindus Arena,Waregem,Belgium,BE,50.883056,3.428889,Europe/Brussels,coordinates,12414
232,Het Kuipje,Westerlo,Belgium,BE,51.094817,4.928806,Europe/Brussels,coordinates,7982
121,Jan Breydel Stadium,Bruges,Belgium,BE,51.193272,3.180583,Europe/Brussels,coordinates,29975
231,Lotto Park,Brussels,Belgium,BE,50.834167,4.298333,Europe/Brussels,coordinates,21500
230,Maurice Dufrasne,Liege,Belgium,BE,50.609908,5.543344,Europe/Brussels,coordinates,27670
1057,Olympisch Stadion,Antwerp,Belgium,BE,51.185,4.382222,Europe/Brussels,coordinates,12771
1055,Patrostadion,Maasmechelen,Belgium,BE,,,Europe/Brussels,country,5500
236,Planet Group Arena,Gent,Belgium,BE,51.016111,3.734167,Europe/Brussels,coordinates,20185
1056,Soevereinstadion,Lommel,Belgium,BE,51.239563,5.307308,Europe/Brussels,coordinates,8000
229,Stade Communal du Tivoli,La Louviere,Belgium,BE,50.47850930398163,4.200952997836588,Europe/Brussels,coordinates,12500
1058,Stade de Rocourt,Rocourt,Belgium,BE,50.67,5.533056,Europe/Brussels,coordinates,8000
234,Stade du Pays de Charleroi,Charleroi,Belgium,BE,50.414644,4.453765,Europe/Brussels,coordinates,15000
114,Stade Joseph Marien,Saint-Gilles,Belgium,BE,50.817778,4.329167,Europe/Brussels,coordinates,9400
435,Stade Roi Baudouin,Brussels,Belgium,BE,,,Europe/Brussels,country,50000
235,Stayen,Sint- Truiden,Belgium,BE,50.813474,5.166256,Europe/Brussels,coordinates,14600
233,The King Power AT Den Dreef Stadium,Heverlee,Belgium,BE,50.868333,4.694167,Europe/Brussels,coordinates,10020
228,Veoliastadion Achter De Kazerne,Mechelen,Belgium,BE,51.037184,4.486397,Europe/Brussels,coordinates,16672
326,Aleksandar Shalamanov Stadium,Sofia,Bulgaria,BG,42.675361,23.272028,Europe/Sofia,coordinates,25556
320,Arena Arda,Kardzhali,Bulgaria,BG,41.641217,25.3780391,Europe/Sofia,coordinates,11114
325,Balgarska Armiya Stadium,Sofia,Bulgaria,BG,42.684258,23.339769,Europe/Sofia,coordinates,18540
333,Beroe Stadium,Stara Zagora,Bulgaria,BG,42.432778,25.615278,Europe/Sofia,coordinates,12128
319,Bistritsa Stadium,Bistritsa,Bulgaria,BG,42.59127070959878,23.363392130861726,Europe/Sofia,coordinates,2500
323,Dragalevtsi Stadium,Sofia,Bulgaria,BG,42.637082,23.309153,Europe/Sofia,coordinates,2000
328,Georgi Asparuhov Stadium,Sofia,Bulgaria,BG,42.705467,23.363197,Europe/Sofia,coordinates,17688
838,Georgi Benkovski Stadium,Pazardzhik,Bulgaria,BG,,,Europe/Sofia,country,13128
327,Hristo Botev Stadium,Vratsa,Bulgaria,BG,43.200845,23.568702,Europe/Sofia,coordinates,25000
324,Hristo Botev Stadium,Plovdiv,Bulgaria,BG,42.140128,24.764428,Europe/Sofia,coordinates,18700
134,Huvepharma Arena,Razgrad,Bulgaria,BG,43.534635,26.527642,Europe/Sofia,coordinates,10422
839,Ivaylo Stadium,Veliko Tarnovo,Bulgaria,BG,,,Europe/Sofia,country,18000
321,Lokomotiv Stadium,Sofia,Bulgaria,BG,42.737639,23.314806,Europe/Sofia,coordinates,22000
330,Lokomotiv Stadium,Plovdiv,Bulgaria,BG,42.133889,24.771667,Europe/Sofia,coordinates,13850
329,Ogosta Stadium,Montana,Bulgaria,BG,43.398611,23.225278,Europe/Sofia,coordinates,8000
331,Stadion Druzhba,Dobrich,Bulgaria,BG,43.555964,27.826716,Europe/Sofia,coordinates,12500
1172,Stadion Lokomotiv,Sofia,Bulgaria,BG,,,Europe/Sofia,country,22000
332,Stadion Spartak,Varna,Bulgaria,BG,43.218611,27.9125,Europe/Sofia,coordinates,8000
322,Ticha Stadium,Varna,Bulgaria,BG,43.215833,27.931389,Europe/Sofia,coordinates,6250
1173,Vasil Levski national stadium ,Karlovo,Bulgaria,BG,42.639004,24.813116,Europe/Sofia,coordinates,40000
1171,Vasil Levski National Stadium,Sofia,Bulgaria,BG,42.644703,23.348821,Europe/Sofia,coordinates,43230
508,Estadio Hernando Siles,La Paz,Bolivia,BO,-16.499444,-68.122778,America/La_Paz,coordinates,42000
577,Estadio Municipal de El Alto,El Alto,Bolivia,BO,-16.472429,-68.201695,America/La_Paz,coordinates,25000
538,Estadio Olimpico Patria,Sucre,Bolivia,BO,-19.033656,-65.257851,America/La_Paz,coordinates,32000
560,Estadio Ramon Tahuichi Aguilera,Santa Cruz de la Sierra,Bolivia,BO,-17.796067,-63.183873,America/La_Paz,coordinates,38000
601,Estadio Victor Agustín Ugarte,Potosi,Bolivia,BO,,,America/La_Paz,country,32115
1230,Arena Barra FC,Itajai,Brazil,BR,,,,,5500
1158,Arena Barueri,Barueri,Brazil,BR,-23.513056,-46.899444,America/Sao_Paulo,coordinates,35000
622,Arena BRB Mané Garrincha,Brasilia,Brazil,BR,-15.7835,-47.899164,America/Sao_Paulo,coordinates,72788
353,Arena Condá,Chapecó,Brazil,BR,-27.104011,-52.606872,America/Sao_Paulo,coordinates,21000
613,Arena da Amazônia,Manaus,Brazil,BR,,,,,44500
351,Arena da Baixada,Curitiba,Brazil,BR,,,,,43000
675,Arena da Floresta,Rio Branco,Brazil,BR,,,,,13700
683,Arena de Pernambuco,São Lourenço da Mata,Brazil,BR,,,,,46154
152,Arena do Grêmio,Porto Alegre,Brazil,BR,-29.973444,-51.194403,America/Sao_Paulo,coordinates,60540
163,Arena Fonte Nova,Salvador,Brazil,BR,-12.978746,-38.504157,America/Bahia,coordinates,48902
630,Arena Independência,Belo Horizonte,Brazil,BR,-19.908333,-43.917778,America/Sao_Paulo,coordinates,23000
660,Arena Joinville,Joinville,Brazil,BR,,,,,22400
153,Arena MRV,Belo Horizonte,Brazil,BR,-19.930503,-44.016999,America/Sao_Paulo,coordinates,44892
627,Arena Pantanal,Cuiabá,Brazil,BR,-15.603673,-56.121513,America/Cuiaba,coordinates,42968
650,Arena Urbsan,Betim,Brazil,BR,,,,,1834
1232,Arena Urbsan,Betim,Brazil,BR,,,,,2000
663,Colosso da Lagoa,Erechim,Brazil,BR,,,,,22000
800,Durival Britto e Silva,Curitiba,Brazil,BR,,,,,20083
682,Estádio 19 de Outubro,Ijuí,Brazil,BR,,,,,5300
678,Estádio Adauto Moraes,Juazeiro,Brazil,BR,,,,,8000
645,Estádio Agnaldo Bento,Porto Seguro,Brazil,BR,,,,,5000
154,Estádio Alfredo Jaconi,Caxias do Sul,Brazil,BR,-29.162,-51.176,America/Sao_Paulo,coordinates,19924
684,Estádio Alfredo Leahy,Penedo,Brazil,BR,,,,,6000
611,Estádio Aluízio Ferreira,Porto Velho,Brazil,BR,,,,,7000
612,Estádio Antônio Accioly,Goiânia,Brazil,BR,-16.670889,-49.284632,America/Sao_Paulo,coordinates,12500
672,Estádio Antônio Aquino Lopes,Rio Branco,Brazil,BR,,,,,10000
610,Estádio Antônio Guimarães de Almeida,Tombos,Brazil,BR,,,,,6555
623,Estádio Antônio Mariz,Sousa,Brazil,BR,,,,,12000
664,Estadio Arena das Dunas,Natal,Brazil,BR,,,,,31375
1225,Estádio Augusto Antunes,Santana,Brazil,BR,,,,,5000
352,Estádio Banpará Baenão,Belem,Brazil,BR,-1.445161,-48.466038,America/Belem,coordinates,13792
615,Estádio Banpará Curuzu,Belem,Brazil,BR,,,,,16200
158,Estádio Beira-Rio,Porto Alegre,Brazil,BR,-30.065417,-51.235891,America/Sao_Paulo,coordinates,50842
649,Estádio Benito Agnelo Castellano,Rio Claro,Brazil,BR,,,,,8198
679,Estádio Brinco de Ouro da Princesa,Campinas,Brazil,BR,-22.909722,-47.043611,America/Sao_Paulo,coordinates,20580
629,Estadio Camilo Mussi,Itajai,Brazil,BR,,,,,1760
689,Estádio Centenário,Caxias do Sul,Brazil,BR,,,,,22132
1233,Estádio Cerradão,Primavera do Leste,Brazil,BR,,,,,2500
1156,Estádio Cícero de Souza Marques,Bragança Paulista,Brazil,BR,,,,,12000
617,Estádio Conselheiro Galvão,Rio de Janeiro,Brazil,BR,,,,,10000
651,Estádio da Ressacada,Florianópolis,Brazil,BR,-27.666445,-48.531654,America/Sao_Paulo,coordinates,17800
603,Estádio da Serrinha,Goiânia,Brazil,BR,-16.7108752,-49.2614389,America/Sao_Paulo,coordinates,14450
1224,Estádio de Pituaçu,Salvador,Brazil,BR,,,,,
658,Estádio do Arruda,Recife,Brazil,BR,,,,,60044
151,Estádio do Maracanã,Rio de Janeiro,Brazil,BR,-22.912172,-43.23021,America/Sao_Paulo,coordinates,78838
708,Estádio dos Aflitos,Recife,Brazil,BR,-8.040559,-34.896801,America/Recife,coordinates,22856
634,Estádio Doutor Oswaldo Teixeira Duarte,Sao Paulo,Brazil,BR,,,,,21004
628,Estádio Dr. Jorge Ismael de Biasi,Novo Horizonte,Brazil,BR,-21.466855,-49.232038,America/Sao_Paulo,coordinates,14096
667,Estádio Durval Feitosa,Propriá,Brazil,BR,,,,,2000
1234,Estádio Elcyr Resende de Mendonça,Saquarema,Brazil,BR,,,,,4013
606,Estadio Eliel Martins,Salvador,Brazil,BR,,,,,5000
657,Estádio Engenheiro Araripe,Cariacica,Brazil,BR,,,,,7700
661,Estádio Estrela d'Alva,Bagé,Brazil,BR,,,,,10000
654,Estádio Etelvino Mendonça,Itabaiana,Brazil,BR,,,,,11000
1229,Estádio Eurico Gaspar Dutra,Cuiabá,Brazil,BR,,,,,7500
669,Estádio Flamarion Vasconcelos,Boa Vista,Brazil,BR,,,,,4556
631,Estádio Francisco Vasques,Belém,Brazil,BR,,,,,5000
686,Estádio Frei Epifânio D'Abadia,Imperatriz,Brazil,BR,,,,,12000
621,Estádio Germano Krüger,Ponta Grossa,Brazil,BR,,,,,10632
625,Estádio Governador João Castelo,São Luís,Brazil,BR,,,,,40000
643,Estadio Governador Jose Fragelli,Cuiaba,Brazil,BR,,,,,
150,Estádio Governador Plácido Castelo,Fortaleza,Brazil,BR,-3.807256,-38.522436,America/Fortaleza,coordinates,63904
709,Estádio Heriberto Hülse,Criciúma,Brazil,BR,-28.684167,-49.3675,America/Sao_Paulo,coordinates,19225
642,Estádio Ítalo Mário Limongi,Indaiatuba,Brazil,BR,,,,,7820
681,Estádio Jacques da Luz,Campo Grande,Brazil,BR,,,,,3300
614,Estádio Jacy Scaff,Londrina,Brazil,BR,-23.282317,-51.164941,America/Sao_Paulo,coordinates,36056
608,Estádio Jânio Moraes,Nova Iguaçu,Brazil,BR,,,,,5000
647,Estádio João Ribeiro,Tocantinópolis,Brazil,BR,,,,,10000
635,Estádio Joaquim Portugal,São João del Rei,Brazil,BR,-21.1275,-44.2434,America/Sao_Paulo,coordinates,8000
632,Estádio Jonas Duarte,Anápolis,Brazil,BR,,,,,20000
641,Estádio José Américo de Almeida Filho,João Pessoa,Brazil,BR,,,,,25770
659,Estádio José Ângelo Cassol,Rolim de Moura,Brazil,BR,,,,,4300
670,Estádio José de Abreu Bianco,Ji-Paraná,Brazil,BR,,,,,5000
149,Estádio José Maria de Campos Maia,Mirassol,Brazil,BR,-20.822341,-49.50643,America/Sao_Paulo,coordinates,15000
1226,Estádio Kleber Andrade,Cariacica,Brazil,BR,,,,,21000
665,Estádio Leôncio de Souza Miranda,Araguaína,Brazil,BR,,,,,
609,Estádio Lourival Baptista,Aracaju,Brazil,BR,-10.926667,-37.049167,America/Maceio,coordinates,15575
690,Estádio Lourival Gomes de Almeida,Saquarema,Brazil,BR,,,,,4000
653,Estádio Luiz Saraiva Vieira,Ivinhema,Brazil,BR,,,,,5000
616,Estádio Luso Brasileiro,Rio de Janeiro,Brazil,BR,,,,,20113
350,Estádio Major Antônio Couto Pereira,Curitiba,Brazil,BR,-25.421111,-49.2595,America/Sao_Paulo,coordinates,40502
605,Estadio Manauara,Manaus,Brazil,BR,,,,,
155,Estádio Manoel Barradas,Salvador,Brazil,BR,-12.918889,-38.426667,America/Bahia,coordinates,34535
687,Estádio Maria de Lourdes Abadia,Ceilândia,Brazil,BR,,,,,5000
607,Estádio Maximino Porpino Filho,Castanhal,Brazil,BR,,,,,5000
620,Estádio Morenão,Campo Grande,Brazil,BR,,,,,3300
1231,Estadio Municipal Alfredo Joao Krieck,Canoas,Brazil,BR,,,,,7000
1227,Estádio Municipal Alfredo João Krieck,Rio do Sul,Brazil,BR,,,,,3000
639,Estádio Municipal Antônio Carneiro,Alagoinhas,Brazil,BR,,,,,16000
673,Estadio Municipal Antonio Santo Renosto,Mato Grosso do Sul,Brazil,BR,,,,,4000
677,Estádio Municipal Arthur Tavares de Melo,Bonito,Brazil,BR,,,,,4000
1228,Estádio Municipal Carlos Zamith,Manaus,Brazil,BR,,,,,5000
644,Estadio Municipal Felipe Raulino,Altos,Brazil,BR,,,,,5000
668,Estádio Municipal Nhozinho Santos,São Luís,Brazil,BR,,,,,12891
618,Estádio Municipal Zinho de Oliveira,Marabá,Brazil,BR,,,,,5000
165,Estádio Nabi Abi Chedid,Bragança Paulista,Brazil,BR,-22.965414,-46.536936,America/Sao_Paulo,coordinates,15010
160,Estádio Nilton Santos,Rio de Janeiro,Brazil,BR,-22.89337865846297,-43.29239863499801,America/Sao_Paulo,coordinates,46831
685,Estádio Olímpico Albino Turbay,Cianorte,Brazil,BR,,,,,4000
619,Estádio Onésio Brasileiro Alvarenga,Goiânia,Brazil,BR,-16.673542,-49.237703,America/Sao_Paulo,coordinates,11788
646,Estádio Os Pioneiros,Pato Branco,Brazil,BR,,,,,1500
648,Estádio Paulo Barreto de Menezes,Lagarto,Brazil,BR,,,,,8000
656,Estádio Prefeito Almir Dutra,Maracanaú,Brazil,BR,,,,,10000
633,Estádio Primeiro de Maio,Sao Bernardo do Campo,Brazil,BR,-23.699958,-46.556381,America/Sao_Paulo,coordinates,15759
638,Estádio Raulino de Oliveira,Volta Redonda,Brazil,BR,,,,,18230
624,Estádio Rei Pelé,Maceio,Brazil,BR,-9.67082,-35.759495,America/Maceio,coordinates,20800
652,Estádio Salvador Costa,Vitória,Brazil,BR,,,,,3000
707,Estádio Santa Cruz,Ribeirao Preto,Brazil,BR,-21.2025,-47.789167,America/Sao_Paulo,coordinates,29292
674,Estádio São Benedito,Bragança,Brazil,BR,,,,,11000
161,Estádio São Januário,Rio de Janeiro,Brazil,BR,-22.890917,-43.228253,America/Sao_Paulo,coordinates,21880
162,Estádio Urbano Caldeira,Santos,Brazil,BR,-23.951094,-46.338894,America/Sao_Paulo,coordinates,16080
640,Estádio Valmir Campelo Bezerra,Gama,Brazil,BR,,,,,20310
671,Estadio Vilelao,Santana,Brazil,BR,,,,,2000
1223,Estadio Vitorino Goncalves Dias,Londrina,Brazil,BR,-23.308623,-51.151983,America/Sao_Paulo,coordinates,13000
637,Estádio Willie Davids,Maringa,Brazil,BR,,,,,16226
655,Estádio Zerão,Macapá,Brazil,BR,,,,,13680
676,Eucyzao,Saquarema,Brazil,BR,,,,,7000
680,Frasqueirão,Natal,Brazil,BR,,,,,18017
688,Fumeirão,Arapiraca,Brazil,BR,,,,,17000
801,Ginásio Poliesportivo Wlamir Marques,Sao Paulo,Brazil,BR,,,,,7000
604,Governador Alberto Tavares Silva,Teresina,Brazil,BR,,,,,50000
148,Governador Magalhães Pinto,Belo Horizonte,Brazil,BR,-19.865817,-43.971083,America/Sao_Paulo,coordinates,61927
157,Ilha do Retiro,Recife,Brazil,BR,-8.062953,-34.902981,America/Recife,coordinates,27500
666,Lindolfo Monteiro,Teresina,Brazil,BR,,,,,
1157,Mangueirão,Belem,Brazil,BR,-1.381111,-48.444,America/Belem,coordinates,53635
636,Moisés Lucarelli,Campinas,Brazil,BR,-22.913611,-47.051389,America/Sao_Paulo,coordinates,19728
156,MorumBIS,Sao Paulo,Brazil,BR,-23.600113,-46.720093,America/Sao_Paulo,coordinates,66795
164,Neo Química Arena,Sao Paulo,Brazil,BR,-23.5461,-46.47244,America/Sao_Paulo,coordinates,49205
159,Nubank Parque,Sao Paulo,Brazil,BR,-23.527556,-46.678417,America/Sao_Paulo,coordinates,43713
691,O Amigão,Campina Grande,Brazil,BR,,,,,30000
626,Orlando Scarpelli,Florianópolis,Brazil,BR,,,,,19584
662,Parque do Sabiá,Uberlandia,Brazil,BR,,,,,53500
266,BC Place,Vancouver,Canada,CA,49.276667,-123.111944,America/Vancouver,coordinates,54500
275,BMO Field,Toronto,Canada,CA,43.633209,-79.418564,America/Toronto,coordinates,45700
285,Saputo Stadium,Montréal,Canada,CA,45.563075,-73.552656,America/Toronto,coordinates,20801
501,Stade des Martyrs,Kinshasa,DR Congo,CD,,,,,80000
469,Stade Frédéric Kibassa Maliba,Lubumbashi,DR Congo,CD,,,,,35000
244,Cornaredo,Lugano,Switzerland,CH,46.023611,8.961667,Europe/Zurich,coordinates,6390
239,Kybunpark,St.Gallen,Switzerland,CH,47.408333,9.306389,Europe/Zurich,coordinates,19456
821,La Maladiere,Neuchatel,Switzerland,CH,,,Europe/Zurich,country,12000
237,Letzigrund,Zurich,Switzerland,CH,47.382794,8.504364,Europe/Zurich,coordinates,26104
241,Stade de Genève,Geneva,Switzerland,CH,46.177847,6.127431,Europe/Zurich,coordinates,30084
242,Stade de la Tuiliere,Lausanne,Switzerland,CH,46.5436043,6.6220112,Europe/Zurich,coordinates,12544
822,Stade Municipal,Yverdon-les-Bains,Switzerland,CH,,,Europe/Zurich,country,
823,Stade Olympique de la Pontaise,Lausanne,Switzerland,CH,,,Europe/Zurich,country,15850
819,Stadion Brügglifeld,Aarau,Switzerland,CH,47.383333,8.06,Europe/Zurich,coordinates,8000
243,Stadion Schützenwiese,Winterthur,Switzerland,CH,47.501389,8.716389,Europe/Zurich,coordinates,8550
146,Stadion Wankdorf,Bern,Switzerland,CH,46.963167,7.464833,Europe/Zurich,coordinates,31500
135,St. Jakob-Park,Basel,Switzerland,CH,47.54159995249771,7.620056050155293,Europe/Zurich,coordinates,37994
245,Stockhorn Arena,Thun,Switzerland,CH,46.744817,7.606075,Europe/Zurich,coordinates,10398
240,Swissporarena,Lucerne,Switzerland,CH,47.033264,8.305187,Europe/Zurich,coordinates,16800
238,Tourbillon,Sion,Switzerland,CH,46.233333,7.376389,Europe/Zurich,coordinates,14283
578,Claro Arena,Santiago,Chile,CL,-33.395943,-70.500656,America/Santiago,coordinates,20249
564,"El Cobre, El Salvador",El Salvador,Chile,CL,,,America/Santiago,country,12000
541,El Teniente,Rancagua,Chile,CL,-34.177765,-70.737717,America/Santiago,coordinates,14450
551,Estadio Bicentenario Municipal de La Florida,Santiago,Chile,CL,-33.540833,-70.578331,America/Santiago,coordinates,12000
598,Estadio Huachipato,Talcahuano,Chile,CL,,,America/Santiago,country,10500
1221,Estadio Zorros del Desierto,Calama,Chile,CL,,,America/Santiago,country,13000
582,Francisco Sánchez Rumoroso,Coquimbo,Chile,CL,-29.965215,-71.338322,America/Santiago,coordinates,18750
550,Municipal de La Cisterna,La Cisterna,Chile,CL,-33.521,-70.672997,America/Santiago,coordinates,8000
567,Nacional Julio Martínez Prádanos,Santiago,Chile,CL,,,America/Santiago,country,48665
573,Estadio Américo Montanini,Bucaramanga,Colombia,CO,7.136712,-73.116549,America/Bogota,coordinates,28000
568,Estadio Atanasio Girardot,Medellin,Colombia,CO,6.2569066597142,-75.59025874601483,America/Bogota,coordinates,44739
580,Estadio Manuel Murillo Toro,Ibague,Colombia,CO,4.429487,-75.218315,America/Bogota,coordinates,28100
586,Estadio Metropolitano Roberto Melendez,Barranquilla,Colombia,CO,,,America/Bogota,country,46692
542,Estadio Nemesio Camacho El Campin,Bogota,Colombia,CO,4.645883,-74.077492,America/Bogota,coordinates,36343
1214,Estadio Olímpico Jaime Morón León,Cartagena,Colombia,CO,,,America/Bogota,country,16068
1216,Estadio Romelio Martinez,Barranquilla,Colombia,CO,10.993959,-74.806914,America/Bogota,coordinates,20000
559,Olimpico Pascual Guerrero,Santiago de Cali,Colombia,CO,3.429847,-76.541288,America/Bogota,coordinates,38000
522,Estadio Nacional de Costa Rica,San José,Costa Rica,CR,,,,,35175
385,AEK Arena,Larnaca,Cyprus,CY,34.9263,33.5977,Asia/Nicosia,coordinates,8058
1138,Alphamega Stadium,Limassol,Cyprus,CY,34.693194,32.939278,Asia/Nicosia,coordinates,10900
514,GSP Stadium,Nicosia,Cyprus,CY,35.114542,33.362864,Asia/Nicosia,coordinates,22859
117,Stelios Kyriakidis,Paphos,Cyprus,CY,,,Asia/Nicosia,country,9394
386,Andruv Stadion,Olomouc,Czechia,CZ,,,Europe/Prague,country,12566
799,epet ARENA,Prague,Czechia,CZ,,,Europe/Prague,country,18887
118,Fortuna Arena,Prague,Czechia,CZ,,,Europe/Prague,country,19370
390,Městský stadion (Ostrava-Vítkovice),Ostrava,Czechia,CZ,,,Europe/Prague,country,15123
142,Stadion Mesta Plzne,Plzen,Czechia,CZ,,,Europe/Prague,country,11700
77,Allianz Arena,Munich,Germany,DE,48.2188,11.6247,Europe/Berlin,coordinates,75024
81,An der alten Försterei,Berlin,Germany,DE,52.457687,13.567712,Europe/Berlin,coordinates,22012
759,Audi Sportpark,Ingolstadt,Germany,DE,,,Europe/Berlin,country,15200
83,BayArena,Leverkusen,Germany,DE,51.037704,7.002651,Europe/Berlin,coordinates,30210
1076,Bezirkssportanlage Hemelingen,Bremen,Germany,DE,,,Europe/Berlin,country,
1083,Bluechip-Arena,Meuselwitz,Germany,DE,,,Europe/Berlin,country,5260
847,BMW Park,Munich,Germany,DE,,,Europe/Berlin,country,6700
93,Borussia-Park,Monchengladbach,Germany,DE,51.175213,6.383958,Europe/Berlin,coordinates,54057
1062,Brita Arena,Wiesbaden,Germany,DE,50.071244,8.256644,Europe/Berlin,coordinates,12566
1085,Bruno-Plache-Stadion,Leipzig,Germany,DE,,,Europe/Berlin,country,12321
1077,BWT-Stadion am Hardtwald,Sandhausen,Germany,DE,,,Europe/Berlin,country,15414
85,Deutsche Bank Park,Frankfurt,Germany,DE,50.0686,8.6455,Europe/Berlin,coordinates,58000
1088,Donaustadion,Ulm,Germany,DE,,,Europe/Berlin,country,19500
1074,Edmund-Plambeck-Stadion,Norderstedt,Germany,DE,,,Europe/Berlin,country,5068
1061,Eintracht-Stadion,Braunschweig,Germany,DE,,,Europe/Berlin,country,23325
87,Europa-Park-Stadion,Freiburg im Breisgau,Germany,DE,48.021602,7.829953,Europe/Berlin,coordinates,34700
1079,Frimo Stadion,Lotte,Germany,DE,,,Europe/Berlin,country,7474
753,Fritz-Walter-Stadion,Kaiserslautern,Germany,DE,,,Europe/Berlin,country,49780
1068,Heidewaldstadion,Gutersloh,Germany,DE,,,Europe/Berlin,country,12500
1082,Heinz-Dettmer-Stadion,Lohne,Germany,DE,,,Europe/Berlin,country,6000
754,Heinz-von-Heiden-Arena,Hannover,Germany,DE,,,Europe/Berlin,country,49200
761,Holstein-Stadion,Kiel,Germany,DE,,,Europe/Berlin,country,15034
758,Home Deluxe Arena,Paderborn,Germany,DE,51.730698,8.711429,Europe/Berlin,coordinates,15000
1086,Jahnstadion Regensburg,Regensburg,Germany,DE,,,Europe/Berlin,country,15115
1073,Kaiserstuhlstadion,Bahlingen am Kaiserstuhl,Germany,DE,,,Europe/Berlin,country,5000
1090,Leuna-Chemie-Stadion,Halle,Germany,DE,,,Europe/Berlin,country,15057
1072,Lilli-Henoch-Sporthalle (Sportforum Hohenschonhausen),Berlin,Germany,DE,,,Europe/Berlin,country,5000
1067,Ludwigspark-Stadion,Saarbrücken,Germany,DE,,,Europe/Berlin,country,16004
1092,LVM-Preußenstadion,Munster,Germany,DE,,,Europe/Berlin,country,14300
752,Max-Morlock-Stadion,Nuremberg,Germany,DE,,,Europe/Berlin,country,50000
760,Merck-Stadion am Böllenfalltor,Darmstadt,Germany,DE,,,Europe/Berlin,country,16500
756,Merkur Spiel-Arena,Dusseldorf,Germany,DE,51.260086,6.732865,Europe/Berlin,coordinates,54600
91,MEWA Arena,Mainz,Germany,DE,49.98397688222813,8.224491558416606,Europe/Berlin,coordinates,34000
82,MHP Arena,Stuttgart,Germany,DE,48.791527,9.230742,Europe/Berlin,coordinates,60449
89,Millerntor-Stadion,Hamburg - St. Pauli,Germany,DE,53.554573,9.967668,Europe/Berlin,coordinates,29546
1087,Municipal Stadium at Dusternortstrasse,Delmenhorst,Germany,DE,,,Europe/Berlin,country,7000
1063,Olympiastadion,Berlin,Germany,DE,,,Europe/Berlin,country,74649
1075,Ostseestadion,Rostock,Germany,DE,,,Europe/Berlin,country,29000
84,PreZero Arena,Sinsheim,Germany,DE,49.238312,8.887622,Europe/Berlin,coordinates,30150
78,Red Bull Arena,Leipzig,Germany,DE,51.345833,12.348056,Europe/Berlin,coordinates,47069
92,RheinEnergieStadion,Cologne,Germany,DE,50.933445,6.876095,Europe/Berlin,coordinates,50000
1093,Rudolf-Harbig-Stadion,Dresden,Germany,DE,,,Europe/Berlin,country,32066
1070,Schüco-Arena,Bielefeld,Germany,DE,,,Europe/Berlin,country,26750
90,Signal Iduna Park,Dortmund,Germany,DE,51.492493,7.451885,Europe/Berlin,coordinates,81365
1084,Sportanlage Club 49,Stahnsdorf,Germany,DE,,,Europe/Berlin,country,
1080,Sportpark Höhenberg,Cologne,Germany,DE,,,Europe/Berlin,country,10001
1071,Sportpark Husterhohe,Pirmasens,Germany,DE,,,Europe/Berlin,country,10000
757,Sportpark Ronhof Thomas Sommer,Fürth,Germany,DE,,,Europe/Berlin,country,15000
1081,Stadion am Wasserturm,Neuwied,Germany,DE,,,Europe/Berlin,country,3000
1064,Stadion der Freundschaft,Cottbus,Germany,DE,,,Europe/Berlin,country,22528
1094,Stadion Essen,Essen,Germany,DE,,,Europe/Berlin,country,20650
1078,Stadion Lohmühle,Lubeck,Germany,DE,,,Europe/Berlin,country,17849
755,VELTINS-Arena,Gelsenkirchen,Germany,DE,51.553673,7.07057,Europe/Berlin,coordinates,62271
1065,Vöhlin-Stadion Illertissen,Illertissen,Germany,DE,,,Europe/Berlin,country,3000
79,Voith-Arena,Heidenheim an der Brenz,Germany,DE,48.6685903,10.1388802,Europe/Berlin,coordinates,15000
94,Volksparkstadion,Hamburg,Germany,DE,53.587357,9.899214,Europe/Berlin,coordinates,57000
80,Volkswagen Arena,Wolfsburg,Germany,DE,52.431561,10.803541,Europe/Berlin,coordinates,30000
1066,Vonovia Ruhrstadion,Bochum,Germany,DE,,,Europe/Berlin,country,27559
1089,Waldstadion,Homburg,Germany,DE,,,Europe/Berlin,country,21813
86,Weserstadion,Bremen,Germany,DE,53.066394,8.837628,Europe/Berlin,coordinates,42100
1091,Willy-Sachs-Stadion,Schweinfurt,Germany,DE,,,Europe/Berlin,country,16500
1069,WIRmachenDRUCK Arena,Aspach,Germany,DE,,,Europe/Berlin,country,10001
88,WWK ARENA,Augsburg,Germany,DE,48.322971,10.885949,Europe/Berlin,coordinates,30660
830,Brøndby Stadium,Brondby,Denmark,DK,55.648912,12.418216,Europe/Copenhagen,coordinates,29000
828,Cepheus Park Randers,Randers,Denmark,DK,56.465955,10.010346,Europe/Copenhagen,coordinates,12000
827,Dalum Hallen,Odense,Denmark,DK,,,Europe/Copenhagen,country,
824,Hvidovre Stadion,Copenhagen,Denmark,DK,,,Europe/Copenhagen,country,12000
829,JYSK Park,Silkeborg,Denmark,DK,56.184081,9.575425,Europe/Copenhagen,coordinates,10000
825,Lyngby Stadium,Lyngby,Denmark,DK,,,Europe/Copenhagen,country,10000
125,MCH Arena,Herning,Denmark,DK,56.11691,8.951817,Europe/Copenhagen,coordinates,11809
122,Parken,Copenhagen,Denmark,DK,55.702712,12.572275,Europe/Copenhagen,coordinates,38190
791,Right to Dream Park,Farum,Denmark,DK,55.816125,12.352792,Europe/Copenhagen,coordinates,10100
832,Sydbank Park,Haderslev,Denmark,DK,55.261402,9.487573,Europe/Copenhagen,coordinates,10000
826,Vejle Stadium,Vejle,Denmark,DK,,,Europe/Copenhagen,country,11060
831,Viborg Stadion,Viborg,Denmark,DK,,,Europe/Copenhagen,country,9566
546,Alejandro Serrano Aguilar,Cuenca,Ecuador,EC,-2.906653,-79.005754,America/Guayaquil,coordinates,16000
574,Estadio 9 de Mayo,Machala,Ecuador,EC,,,America/Guayaquil,country,16456
590,Estadio Banco De Guayaquil,Sangolqui,Ecuador,EC,-0.349317,-78.470853,America/Guayaquil,coordinates,12000
558,Estadio Bellavista,Ambato,Ecuador,EC,-1.244694,-78.623174,America/Guayaquil,coordinates,20000
569,Estadio Federativo Reina del Cisne,Loja,Ecuador,EC,,,America/Guayaquil,country,14935
576,Estadio Monumental Banco Pichincha,Guayaquil,Ecuador,EC,-2.18591,-79.924958,America/Guayaquil,coordinates,59283
432,Estadio Rodrigo Paz Delgado,Quito,Ecuador,EC,,,America/Guayaquil,country,41575
597,Olimpico Atahualpa,Quito,Ecuador,EC,,,America/Guayaquil,country,35742
471,30 June Stadium,Cairo,Egypt,EG,,,,,30000
436,Cairo International Stadium,Cairo,Egypt,EG,,,,,75000
717,Accu Stadium,Huddersfield,England,EN,,,Europe/London,country,24500
724,Adams Park,Wycombe,England,EN,51.630556,-0.800278,Europe/London,coordinates,10137
898,Alexandra Stadium,Crewe,England,EN,53.087419,-2.435747,Europe/London,coordinates,10153
5,American Express Stadium,Falmer,England,EN,50.861822,-0.083278,Europe/London,coordinates,31876
1,Anfield,Liverpool,England,EN,53.430622,-2.960919,Europe/London,coordinates,61276
212,Ashton Gate,Bristol,England,EN,51.44,-2.620278,Europe/London,coordinates,27000
891,Bescot Stadium,Walsall,England,EN,,,Europe/London,country,11300
207,bet365 Stadium,Stoke,England,EN,52.988625,-2.174694,Europe/London,coordinates,30089
714,Bloomfield Road,Blackpool,England,EN,,,Europe/London,country,17338
868,Blundell Park,Cleethorpes,England,EN,53.570225,-0.046497,Europe/London,coordinates,9052
896,Boundary Park,Oldham,England,EN,,,Europe/London,country,13512
211,Bramall Lane,Sheffield,England,EN,53.370278,-1.470833,Europe/London,coordinates,32050
16,Brentford Community Stadium,London,England,EN,51.4907295,-0.2891696,Europe/London,coordinates,17250
897,Broadfield Stadium,Crawley,England,EN,,,Europe/London,country,6134
885,Broadhall Way,Stevenage,England,EN,,,Europe/London,country,7800
204,Carrow Road,Norwich,England,EN,52.621647,1.309642,Europe/London,coordinates,27244
871,Cherry Red Records Stadium,Wimbledon,England,EN,51.431364,-0.186669,Europe/London,coordinates,9300
15,City Ground,Nottingham,England,EN,52.94,-1.132778,Europe/London,coordinates,30445
863,Cledara Abbey Stadium,Cambridge,England,EN,52.212117,0.15414,Europe/London,coordinates,9617
888,Colchester Community Stadium,Colchester,England,EN,52.055061,1.144831,Europe/London,coordinates,10105
890,County Ground,Swindon,England,EN,,,Europe/London,country,15728
198,Coventry Building Society Arena,Coventry,England,EN,52.448056,-1.495556,Europe/London,coordinates,32609
6,Craven Cottage,London,England,EN,51.474937,-0.221958,Europe/London,coordinates,25700
880,Croud Meadow,Shrewsbury,England,EN,,,Europe/London,country,9875
1099,Deepdale,Preston,England,EN,53.772222,-2.688056,Europe/London,coordinates,23408
720,Eco-Power Stadium,Doncaster,England,EN,53.509722,-1.113889,Europe/London,coordinates,15231
873,Edgeley Park,Stockport,England,EN,53.399722,-2.166389,Europe/London,coordinates,10841
19,Elland Road,Leeds,England,EN,53.777808,-1.572227,Europe/London,coordinates,37890
18,Emirates Stadium,London,England,EN,51.55505,-0.108046,Europe/London,coordinates,60704
881,EnviroVent Stadium,Harrogate,England,EN,,,Europe/London,country,5000
12,Etihad Stadium,Manchester,England,EN,53.484592,-2.202695,Europe/London,coordinates,53400
210,Ewood Park,Blackburn,England,EN,53.728573,-2.489734,Europe/London,coordinates,31367
1098,Fratton Park,Portsmouth,England,EN,50.796389,-1.063889,Europe/London,coordinates,20688
719,Glanford Park,Scunthorpe,England,EN,,,Europe/London,country,9183
874,Hayes Lane,Bromley,England,EN,51.390098,0.021055,Europe/London,coordinates,5000
894,Highbury Stadium,Fleetwood,England,EN,53.916508,-3.024728,Europe/London,coordinates,5327
20,Hill Dickinson Stadium,Liverpool,England,EN,53.4251,-3.0028,Europe/London,coordinates,52888
214,Hillsborough Stadium,Sheffield,England,EN,53.411389,-1.500556,Europe/London,coordinates,34835
878,Holker Street,Barrow-in-Furness,England,EN,,,Europe/London,country,5000
725,Home Park,Plymouth,England,EN,,,Europe/London,country,17150
722,Huish Park,Yeovil,England,EN,,,Europe/London,country,9527
206,Kassam Stadium,Oxford,England,EN,51.716539,-1.207958,Europe/London,coordinates,12500
718,Kenilworth Road,Luton,England,EN,,,Europe/London,country,12056
213,King Power Stadium,Leicester,England,EN,52.620278,-1.142222,Europe/London,coordinates,32312
1161,Loftus Road Stadium,London,England,EN,,,Europe/London,country,18500
8,London Stadium,London,England,EN,51.54329610000001,-0.0165517,Europe/London,coordinates,62500
889,Matchroom Stadium,London,England,EN,51.56015,-0.012658,Europe/London,coordinates,9271
887,Meadow Lane,Nottingham,England,EN,,,Europe/London,country,21388
1096,Meadow Park,Borehamwood,England,EN,,,Europe/London,country,4502
882,Memorial Stadium,Bristol,England,EN,51.4862,-2.5836,Europe/London,coordinates,9832
199,MKM Stadium,Hull,England,EN,53.746111,-0.367778,Europe/London,coordinates,25586
11,Molineux Stadium,Wolverhampton,England,EN,52.590195,-2.131226,Europe/London,coordinates,32050
875,New York Stadium,Rotherham,England,EN,53.4279,-1.362,Europe/London,coordinates,12000
864,Oakwell Ground,Barnsley,England,EN,53.551531,-1.468119,Europe/London,coordinates,23287
17,Old Trafford,Manchester,England,EN,53.46315,-2.291444,Europe/London,coordinates,74879
877,One Call Stadium,Mansfield,England,EN,53.138094,-1.200747,Europe/London,coordinates,10000
378,Park Hall,Oswestry,England,EN,52.875869,-3.026306,Europe/London,coordinates,2000
886,Peninsula,Kersal,England,EN,53.513526,-2.276668,Europe/London,coordinates,5000
870,Pirelli Stadium,Burton upon Trent,England,EN,52.821906,-1.626958,Europe/London,coordinates,6912
195,Portman Road Stadium,Ipswich,England,EN,52.055061,1.144831,Europe/London,coordinates,29673
869,Prenton Park,Wirral,England,EN,53.373611,-3.0325,Europe/London,coordinates,16587
208,Pride Park Stadium,Derby,England,EN,52.915,-1.447222,Europe/London,coordinates,33597
883,Priestfield Stadium,Gillingham,England,EN,51.38425,0.560753,Europe/London,coordinates,11582
892,PTS Academy Stadium,Northampton,England,EN,,,Europe/London,country,7653
202,Riverside,Middlesbrough,England,EN,54.578333,-1.216944,Europe/London,coordinates,34742
716,Select Car Leasing Stadium,Reading,England,EN,,,Europe/London,country,24161
14,Selhurst Park,London,England,EN,51.398333,-0.085556,Europe/London,coordinates,25456
865,Sincil Bank,Lincoln,England,EN,,,Europe/London,country,10780
884,SMH Group  Stadium,Chesterfield,England,EN,,,Europe/London,country,10504
723,Stadium MK,Milton Keynes,England,EN,,,Europe/London,country,30500
7,Stadium of Light,Sunderland,England,EN,54.91404,-1.388983,Europe/London,coordinates,48707
13,Stamford Bridge,London,England,EN,51.481579,-0.191094,Europe/London,coordinates,40341
194,St. Andrew's @ Knighthead Park,Birmingham,England,EN,52.475703,-1.868189,Europe/London,coordinates,29409
893,St James Park,Exeter,England,EN,,,Europe/London,country,8830
4,St James' Park,Newcastle upon Tyne,England,EN,54.975577,-1.621659,Europe/London,coordinates,52409
200,St. Mary's Stadium,Southampton,England,EN,50.905833,-1.391111,Europe/London,coordinates,32384
1097,The Abbey Stadium,Manchester,England,EN,,,Europe/London,country,1000
713,The Brick Community Stadium,Wigan,England,EN,,,Europe/London,country,25138
872,The Crown Ground,Accrington,England,EN,,,Europe/London,country,5057
205,The Den,London,England,EN,51.485953,-0.05095,Europe/London,coordinates,20146
209,The Hawthorns,West Bromwich,England,EN,52.509068,-1.963892,Europe/London,coordinates,26445
895,The Hive Stadium,London,England,EN,,,Europe/London,country,6500
1095,The Leasing.com Stadium,Macclesfield,England,EN,,,Europe/London,country,5300
196,The Valley,London,England,EN,51.486389,0.036389,Europe/London,coordinates,27111
9,Tottenham Hotspur Stadium,London,England,EN,51.6042,0.0662,Europe/London,coordinates,62850
715,Toughsheet Community Stadium ,Horwich,England,EN,,,Europe/London,country,28723
10,Turf Moor,Burnley,England,EN,53.789167,-2.230278,Europe/London,coordinates,21944
867,Vale Park,Stoke,England,EN,,,Europe/London,country,18947
866,Valley Parade,Bradford,England,EN,53.804222,-1.759022,Europe/London,coordinates,25136
197,Vicarage Road,Watford,England,EN,51.649836,-0.401486,Europe/London,coordinates,22200
3,Villa Park,Birmingham,England,EN,52.509212,-1.885288,Europe/London,coordinates,42640
2,Vitality Stadium,Bournemouth,England,EN,50.735278,-1.838333,Europe/London,coordinates,11307
447,Wembley Stadium,London,England,EN,51.556,-0.2796,Europe/London,coordinates,90000
721,Weston Homes Stadium,Peterborough,England,EN,,,Europe/London,country,15314
876,Whaddon Road,Cheltenham,England,EN,51.906158,-2.060211,Europe/London,coordinates,7003
56,Benito Villamarin,Seville,Spain,ES,,,,,60721
57,Bernabéu,Madrid,Spain,ES,40.453,-3.6883,Europe/Madrid,coordinates,83186
961,Camp de Futbol Sant Jordi,Palma,Spain,ES,,,,,1000
956,Campo de fútbol Jesús García Calvo,Negreira,Spain,ES,,,,,2000
968,Campo de Futbol Juan Maria Pares Serra,Cantabria,Spain,ES,,,,,
965,Campo de Fútbol Municipal “San Iñigo” de Calatayud.,Calatayud,Spain,ES,,,,,2000
903,Campo de Oira,Ourense,Spain,ES,,,,,
906,Campo Municipal de Futbol La Almozara El Carmen,Zaragoza,Spain,ES,,,,,
912,Campo Municipal La Arboleja,Murcia,Spain,ES,,,,,3500
913,Campo Municipal San Marcos,Cuenca,Spain,ES,,,,,
955,Campo Santa Ana,Zaragoza,Spain,ES,,,,,
845,Carlos Belmonte,Albacete,Spain,ES,38.981117,-1.852134,Europe/Madrid,coordinates,17524
42,Carlos Tartiere,Oviedo,Spain,ES,43.360783,-5.870222,Europe/Madrid,coordinates,30500
854,Cartagonova,Cartagena,Spain,ES,,,,,15105
700,Centro Deportivo Wanda,Alcala de Henares,Spain,ES,,,,,
696,Cidade Deportiva de Abegondo,Abegondo,Spain,ES,,,,,1000
943,Ciudad deportiva de Maracena,Maracena,Spain,ES,,,,,
952,Ciudad Deportiva Maspalomas,Maspalomas,Spain,ES,,,,,
46,Ciudad de Valencia,Valencia,Spain,ES,39.494686,-0.36382,Europe/Madrid,coordinates,26354
706,Ciudad Real Madrid,Madrid,Spain,ES,,,,,6000
699,Ciutat Esportiva Dani Jarque,San Adrian de Besos,Spain,ES,,,,,1520
953,Ciutat Esportiva Pamesa Ceramica,Vila-real,Spain,ES,,,,,
966,C.M. Nemesio Gómez Peque,Valladolid,Spain,ES,,,,,800
50,Coliseum Alfonso Pérez,Getafe,Spain,ES,40.325729,-3.714964,Europe/Madrid,coordinates,17393
698,Deportivo del Guadalentín,Murcia,Spain,ES,,,,,1500
736,El Alcoraz,Huesca,Spain,ES,43.360783,-5.870222,Europe/Madrid,coordinates,9100
734,El Molinón,Gijon,Spain,ES,43.536284,-5.637397,Europe/Madrid,coordinates,30000
852,El Sardinero,Santander,Spain,ES,,,,,22308
904,Enrique Roca,Murcia,Spain,ES,,,,,31179
933,Estadi Can Misses,Ibiza,Spain,ES,,,,,4500
43,Estadi de Son Moix,Palma,Spain,ES,39.58994,2.630078,Europe/Madrid,coordinates,26020
1134,Estadi Johan Cruyff,Barcelona,Spain,ES,,,,,6000
39,Estadi Montilivi,Girona,Spain,ES,41.961389,2.828611,Europe/Madrid,coordinates,14624
929,Estadi Municipal Santa Margarida de Montbui,Santa Margarida de Montbui,Spain,ES,,,,,
49,Estadio Abanca Balaídos,Vigo,Spain,ES,42.211852,-8.739721,Europe/Madrid,coordinates,24870
918,Estadio Adolfo Suarez,Avila,Spain,ES,,,,,6000
901,Estadio Balear,Palma,Spain,ES,,,,,6000
949,Estadio Cerro del Espino,Majadahonda,Spain,ES,40.436111,-3.599444,Europe/Madrid,coordinates,3800
935,Estadio Ciudad de Lucena,Lucena,Spain,ES,,,,,5000
1060,Estadio Ciudad Deportiva Zubieta,San Sebastian,Spain,ES,43.257806358,-2.025964139,Europe/Madrid,coordinates,
851,Estadio de A Malata,Ferrol,Spain,ES,,,,,12043
1136,Estadio de la Cartuja,Seville,Spain,ES,37.417223,-6.004737,Europe/Madrid,coordinates,70000
41,Estadio de la Ceramica,Villarreal,Spain,ES,39.944119,-0.103474,Europe/Madrid,coordinates,23500
948,Estadio de La Condomina,Murcia,Spain,ES,,,,,6000
45,Estadio de Mendizorroza,Vitoria-Gasteiz,Spain,ES,42.837167,-2.688294,Europe/Madrid,coordinates,19840
923,Estadio de Pinilla,Teruel,Spain,ES,,,,,8000
40,Estadio de Vallecas,Madrid,Spain,ES,40.391808,-3.658611,Europe/Madrid,coordinates,14708
939,Estadio El Mauli,Antequera,Spain,ES,,,,,6200
963,Estadio El Pozuelo,Torremolinos,Spain,ES,,,,,3000
58,Estadio El Sadar,Pamplona,Spain,ES,42.796677,-1.637141,Europe/Madrid,coordinates,23576
919,Estadio El Toralin,Ponferrada,Spain,ES,,,,,8800
1235,Estadio Enrique Roca de Murcia,Murcia,Spain,ES,,,,,31179
927,Estadio Francisco Artes Carrasco,Lorca,Spain,ES,,,,,8120
921,Estadio Francisco de la Hera,Almendralejo,Spain,ES,,,,,11580
693,Estadio Francisco Suarez,Granadilla de Abona,Spain,ES,,,,,2000
702,Estadio Guadalquivir,Coria del Rio,Spain,ES,,,,,5000
925,Estadio Hermanos Antuña,Mieres,Spain,ES,,,,,2940
840,Estadio Jose Rico Perez,Alicante,Spain,ES,,,,,29584
924,Estadio La Eragudina,Leon,Spain,ES,,,,,2000
905,Estadio La Florida,Portugalete,Spain,ES,,,,,
926,Estadio La Salera,La Rioja,Spain,ES,,,,,
705,Estadio Las Gaunas,Logroño,Spain,ES,,,,,16000
942,Estadio Las Tejeras,Murcia,Spain,ES,,,,,
970,Estadio Luis Asarta,Navarre,Spain,ES,,,,,
909,Estadio Mariano Gonzalez,Madrid,Spain,ES,,,,,2100
967,Estadio Marino Saenz,La Rioja,Spain,ES,,,,,
55,Estadio Martínez Valero,Elche,Spain,ES,,,,,31388
695,Estadio Miguel Prieto,Granada,Spain,ES,,,,,2000
947,Estadio Mundial,Logrono,Spain,ES,,,,,
908,Estadio Municipal Alfonso Murube,Ceuta,Spain,ES,35.885540348350304,-5.327675446633039,Africa/Ceuta,coordinates,6500
850,Estadio Municipal Castalia,Castellon,Spain,ES,39.996283682993244,-0.03817121963486816,Europe/Madrid,coordinates,15500
848,Estadio Municipal de Anduva,Miranda de Ebro,Spain,ES,42.680826,-2.935431,Europe/Madrid,coordinates,5759
735,Estadio Municipal de Butarque,Leganes,Spain,ES,40.3404,-3.7607,Europe/Madrid,coordinates,12454
928,Estadio Municipal de Deportes Azuaga,Badajoz,Spain,ES,,,,,1500
954,Estadio Municipal del Val,Alcala de Henares,Spain,ES,,,,,
911,Estadio Municipal de Pasarón,Pontevedra,Spain,ES,,,,,12500
914,Estadio Municipal de Reus,Reus,Spain,ES,,,,,4700
940,Estadio Municipal Francisco Munoz Perez,Estepona,Spain,ES,,,,,3900
916,Estadio Municipal San Gregorio,Torrent,Spain,ES,,,,,3000
920,Estadio Narcis Sala,Barcelona,Spain,ES,,,,,6557
958,Estadio Nou Camp,Mallorca,Spain,ES,,,,,
732,Estadio Nuevo Arcángel,Cordoba,Spain,ES,37.872295,-4.764642,Europe/Madrid,coordinates,21384
728,Estadio Nuevo Los Carmenes,Granada,Spain,ES,37.152966,-3.595736,Europe/Madrid,coordinates,19189
931,Estadio O Couto,Ourense,Spain,ES,,,,,5658
899,Estadio Pedro Escartin,Guadalajara,Spain,ES,,,,,8000
855,Estadio Pepico Amat,Alicante,Spain,ES,,,,,5776
950,Estadio Príncipe Felipe,Caceres,Spain,ES,,,,,7000
900,Estadio Reino de León,Leon,Spain,ES,42.587482,-5.576699,Europe/Madrid,coordinates,13346
727,Estadio Riazor,La Coruna,Spain,ES,43.368733,-8.417508,Europe/Madrid,coordinates,32490
964,Estadio Romano,Merida,Spain,ES,,,,,14600
938,Estadio Roman Suarez Puerta,Aviles,Spain,ES,,,,,5400
957,Estadio Salto del Caballo,Toledo,Spain,ES,,,,,5500
951,Estadio Santa Ana,Cantabria,Spain,ES,,,,,
937,Estadio Sarriguren,Navarre,Spain,ES,,,,,
960,Estadio Valle Aranguren,Navarre,Spain,ES,,,,,2000
941,Estadio Vallegon,Cantabria,Spain,ES,,,,,1000
733,Gran Canaria,Las Palmas de Gran Canaria,Spain,ES,28.100278,-15.456667,Atlantic/Canary,coordinates,32392
841,Heliodoro Rodríguez López,Santa Cruz de Tenerife,Spain,ES,,,,,22824
1059,Ibercaja Estadio,Zaragoza,Spain,ES,41.684306,-0.895361,Europe/Madrid,coordinates,2000
692,Instalaciones de Lezama,Lezama,Spain,ES,,,,,1500
704,Instalaciones de Zubieta,San Sebastian,Spain,ES,,,,,2500
849,Ipurua Municipal Stadium,Eibar,Spain,ES,43.181728,-2.475875,Europe/Madrid,coordinates,8164
730,José Zorrilla,Valladolid,Spain,ES,41.644444,-4.761111,Europe/Madrid,coordinates,27618
729,La Romareda,Zaragoza,Spain,ES,,,,,33608
726,La Rosaleda,Malaga,Spain,ES,36.734209,-4.426602,Europe/Madrid,coordinates,30044
944,Las Salinas,Valladolid,Spain,ES,,,,,3500
936,Los Arcos,Orihuela,Spain,ES,,,,,
932,Manuel Polinario,Puente Genil,Spain,ES,,,,,
47,Mestalla,Valencia,Spain,ES,39.474602,-0.358257,Europe/Madrid,coordinates,49430
842,Municipal De Chapín,Jerez de la Frontera,Spain,ES,,,,,21000
922,Municipal de Gobela,Guecho,Spain,ES,,,,,2000
962,Municipal de La Union,La Union,Spain,ES,,,,,
915,Municipal de Lebrija,Lebrija,Spain,ES,,,,,
969,Municipal El Ejido,Campanario,Spain,ES,,,,,
853,Municipal El Plantio,Burgos,Spain,ES,42.3444695,-3.680389,Europe/Madrid,coordinates,12194
902,Municipal El Prado,Talavera de la Reina,Spain,ES,,,,,6000
697,Municipal Les Planes,Sant Joan Despi,Spain,ES,,,,,
703,Municipal Nuevo Matapiñonera,San Sebastian,Spain,ES,,,,,3000
959,Municipal Tarazona,Tarazona,Spain,ES,,,,,1500
945,Nou Camp d'Inca,Inca,Spain,ES,,,,,10000
844,Nou Estadi Municipal,Tarragona,Spain,ES,,,,,14600
930,Nou Sardenya,Barcelona,Spain,ES,,,,,4000
917,Nova Creu Alta,Sabadell,Spain,ES,,,,,11981
843,Nuevo Colombino,Huelva,Spain,ES,,,,,21670
934,Nuevo Estadio de La Victoria,Jaen,Spain,ES,,,,,12569
907,Nuevo Estadio Los Pajaritos,Soria,Spain,ES,,,,,8261
946,Nuevo Ganzábal,Langreo,Spain,ES,,,,,4024
737,Nuevo Mirandilla,Cadiz,Spain,ES,36.502547,-6.272958,Europe/Madrid,coordinates,20724
1135,Olímpic Lluís Companys,Barcelona,Spain,ES,,,,,55926
1236,Polideportivo Mendizorrotza,Vitoria-Gasteiz,Spain,ES,,,,,3500
694,Polideportivo Municipal de Nazaret,Valencia,Spain,ES,,,,,25480
52,Ramón Sánchez Pizjuán,Seville,Spain,ES,37.384046,-5.970592,Europe/Madrid,coordinates,42714
53,RCDE Stadium,Cornella,Spain,ES,41.34786,2.075622,Europe/Madrid,coordinates,40000
48,Reale Arena,San Sebastian,Spain,ES,43.301376,-1.973602,Europe/Madrid,coordinates,40000
54,Riyadh Air Metropolitano,Madrid,Spain,ES,40.436111,-3.599444,Europe/Madrid,coordinates,70460
51,San Mamés,Bilbao,Spain,ES,,,,,53289
44,Spotify Camp Nou,Barcelona,Spain,ES,41.38089,2.122813,Europe/Madrid,coordinates,105000
731,UD Almeria Stadium,Almeria,Spain,ES,36.840039,-2.435457,Europe/Madrid,coordinates,17400
701,Unbe Sports Complex,Eibar,Spain,ES,,,,,
1210,Wanda Metropolitano,Madrid,Spain,ES,,,,,67703
532,Helsinki Olympic Stadium,Helsinki,Finland,FI,,,,,36200
357,Savon Sanomat Areena,Kuopio,Finland,FI,62.884843,27.671426,Europe/Helsinki,coordinates,5300
398,Tammela Stadium,Tampere,Finland,FI,61.500278,23.785278,Europe/Helsinki,coordinates,8077
101,Allianz Riviera,Nice,France,FR,43.705139,7.192583,Europe/Paris,coordinates,36178
96,CEPAC Vélodrome,Marseille,France,FR,43.269722,5.395833,Europe/Paris,coordinates,67395
104,Decathlon Arena - Stade Pierre Mauroy,Lille,France,FR,50.612005,3.130613,Europe/Paris,coordinates,50186
98,Groupama Stadium,Lyon,France,FR,45.766912,4.980991,Europe/Paris,coordinates,59186
1053,L'Envol Stadium,Andrezieux-Boutheon,France,FR,,,Europe/Paris,country,
112,Parc des Princes,Paris,France,FR,48.841389,2.253056,Europe/Paris,coordinates,48583
1048,Parc des Sports,Annecy,France,FR,,,Europe/Paris,country,15660
95,Roazhon Park,Rennes,France,FR,48.107458,-1.712839,Europe/Paris,coordinates,29778
769,Stade Ange-Casanova,Ajaccio,France,FR,,,Europe/Paris,country,8000
762,Stade Armand Cesari,Bastia,France,FR,,,Europe/Paris,country,16480
767,Stade Atlantique,Bordeaux,France,FR,,,Europe/Paris,country,42115
1035,Stade Auguste Delaune,Reims,France,FR,,,Europe/Paris,country,21029
97,Stade Bollaert-Delelis,Lens,France,FR,50.432778,2.815,Europe/Paris,coordinates,38223
1033,Stade Bonal,Montbeliard,France,FR,47.512417,6.8112,Europe/Paris,coordinates,20005
1031,Stade Charles Massot,Le Puy-en-Velay,France,FR,,,Europe/Paris,country,4800
771,Stade Crédit Agricole la Licorne,Amiens,France,FR,,,Europe/Paris,country,12097
1040,Stade de Balmont,Lyon,France,FR,,,Europe/Paris,country,5438
442,Stade de France,Paris,France,FR,,,Europe/Paris,country,81338
1237,Stade de France,Paris,France,FR,48.9245,2.3602,Europe/Paris,coordinates,81338
107,Stade de l'Abbé-Deschamps,Auxerre,France,FR,47.786753,3.588664,Europe/Paris,coordinates,18541
111,Stade de la Beaujoire,Nantes,France,FR,47.255631,-1.525375,Europe/Paris,coordinates,37473
1047,Stade de la Libération,Boulogne-sur-Mer,France,FR,50.723742,1.619411,Europe/Paris,coordinates,15204
110,Stade de la Meinau,Strasbourg,France,FR,48.560083,7.755,Europe/Paris,coordinates,32047
766,Stade de la Mosson,Montpellier,France,FR,43.622222,3.811944,Europe/Paris,coordinates,22000
1029,Stade de la Source,Orleans,France,FR,,,Europe/Paris,country,7533
768,Stade de l'Aube,Troyes,France,FR,,,Europe/Paris,country,20400
1039,Stade des Alpes,Grenoble,France,FR,,,Europe/Paris,country,20068
772,Stade des Costieres,Nimes,France,FR,,,Europe/Paris,country,18482
764,Stade du Roudourou,Guingamp,France,FR,,,Europe/Paris,country,19002
1049,Stade Francis-Le Basser,Laval,France,FR,,,Europe/Paris,country,11000
103,Stade Francis-Le Ble,Brest,France,FR,48.402932,-4.461694,Europe/Paris,coordinates,15097
773,Stade Gabriel Montpied,Clermont-Ferrand,France,FR,45.81582,3.121651,Europe/Paris,coordinates,11980
770,Stade Gaston Gerard,Dijon,France,FR,,,Europe/Paris,country,16098
765,Stade Geoffroy Guichard,Saint Etienne,France,FR,45.460833,4.390278,Europe/Paris,coordinates,41965
1036,Stade Gilbert Brutus,Perpignan,France,FR,,,Europe/Paris,country,13000
1041,Stade Guy Piriou,Concarneau,France,FR,,,Europe/Paris,country,5820
1038,Stade Henri Seigneur,Croix,France,FR,,,Europe/Paris,country,
106,Stade Jean Bouin,Issy-les-Moulineaux,France,FR,48.843345,2.252927,Europe/Paris,coordinates,20000
1050,Stade Leo Lagrange,Besancon,France,FR,,,Europe/Paris,country,4200
1045,Stade Louis Sanguin,Cap D' Agde,France,FR,,,Europe/Paris,country,3500
1046,Stade Marcel Picot,Nancy,France,FR,,,Europe/Paris,country,20087
1042,Stade Marcel Verchère,Bourg-En-Bresse,France,FR,,,Europe/Paris,country,11400
1034,Stade Marie-Marvingt,Le Mans,France,FR,,,Europe/Paris,country,25000
1037,Stade Massabielle,Les Herbiers,France,FR,,,Europe/Paris,country,5000
763,Stade Michel d'Ornano,Caen,France,FR,,,Europe/Paris,country,20300
1044,Stade Municipal de Vitre,Vitre,France,FR,,,Europe/Paris,country,3400
100,Stade Oceane,Le Havre,France,FR,49.499394,0.169293,Europe/Paris,coordinates,25181
1030,Stade Parsemain,Istres,France,FR,,,Europe/Paris,country,12500
1043,Stade Pierre Brisson,Beauvais,France,FR,,,Europe/Paris,country,10178
1051,Stade Pierre de Coubertin,Paris,France,FR,,,Europe/Paris,country,7500
105,Stade Raymond Kopa,Angers,France,FR,47.460458,-0.530741,Europe/Paris,coordinates,17835
1032,Stade René Fenouillère,Avranches,France,FR,,,Europe/Paris,country,2000
109,Stade Saint Symphorien,Metz,France,FR,49.109813,6.159511,Europe/Paris,coordinates,28786
1137,Stade Sebastien Charlety,Paris,France,FR,48.818611,2.346667,Europe/Paris,coordinates,20000
108,Stade Yves Allainmat-Le Moustoir,Lorient,France,FR,47.748747,-3.369367,Europe/Paris,coordinates,18110
102,Stadium de Toulouse,Toulouse,France,FR,43.583056,1.434167,Europe/Paris,coordinates,33150
516,Boris Paichadze Dinamo Arena,Tbilisi,Georgia,GE,,,,,54549
376,Mikheil Meskhi Stadium,Tbilisi,Georgia,GE,41.709813,44.746229,Asia/Tbilisi,coordinates,27223
448,Accra Sports Stadium,Accra,Ghana,GH,,,,,40000
497,Dun's Park,Dormaa Ahenkro,Ghana,GH,,,,,7000
1170,AEL FC Arena,Larissa,Greece,GR,,,Europe/Athens,country,17118
318,Alcazar Stadium,Larissa,Greece,GR,,,Europe/Athens,country,13108
314,Allwyn Arena,Athens,Greece,GR,38.03717,23.741656,Europe/Athens,coordinates,32500
147,Apostolos Nikolaidis Stadium,Athens,Greece,GR,37.987169,23.754194,Europe/Athens,coordinates,16620
813,Georgios Kamaras Stadium,Athens,Greece,GR,,,Europe/Athens,country,14200
116,Georgios Karaiskakis Stadium,Piraeus,Greece,GR,37.946447,23.664317,Europe/Athens,coordinates,33334
313,Kleanthis Vikelides,Thessaloniki,Greece,GR,40.600069,22.9695,Europe/Athens,coordinates,22800
317,Levadias Stadium,Levadia,Greece,GR,38.435897,22.882844,Europe/Athens,coordinates,5915
310,Municipal Kifisia Stadium Zirineio,Kifisia,Greece,GR,,,Europe/Athens,country,3000
1169,Neapoli Stadium,Nikala,Greece,GR,37.977122,23.635,Europe/Athens,coordinates,6000
815,Nea Smyrni Stadium,Athens,Greece,GR,,,Europe/Athens,country,11700
1168,Pagritio,Heraklion,Greece,GR,35.336667,25.106111,Europe/Athens,coordinates,25780
312,Panetolikos Stadium,Agrinio,Greece,GR,38.629967,21.411747,Europe/Athens,coordinates,7321
309,Panthessaliko Stadio,Volos,Greece,GR,39.387511,22.931063,Europe/Athens,coordinates,22700
811,P.A.O.K. Sports Arena,Thessaloniki,Greece,GR,,,Europe/Athens,country,8500
315,Peristeri Stadium,Peristeri,Greece,GR,38.005074,23.689891,Europe/Athens,coordinates,10000
814,Pigadeia-Xanthi FC Arena,Xanthi,Greece,GR,,,Europe/Athens,country,7422
349,Serres Stadium,Serres,Greece,GR,41.084677,23.546425,Europe/Athens,coordinates,9500
1144,Spiros Louis Olympic Stadium,Athens,Greece,GR,38.036092,23.787633,Europe/Athens,coordinates,69618
311,Theodoros Kolokotronis Stadium,Tripoli,Greece,GR,37.521989,22.378164,Europe/Athens,coordinates,7423
316,Theodoros Vardinogiannis Stadium,Heraklion,Greece,GR,35.338056,25.114722,Europe/Athens,coordinates,9088
127,Toumba Stadium,Thessaloniki,Greece,GR,40.613839,22.972422,Europe/Athens,coordinates,28703
812,Zosimades Stadium,Ioannina,Greece,GR,,,Europe/Athens,country,7652
365,Stadion HNK Rijeka Dean Šćulac,Rijeka,Croatia,HR,45.34744,14.400759,Europe/Zagreb,coordinates,8279
131,Stadion Maksimir,Zagreb,Croatia,HR,45.818858,16.018078,Europe/Zagreb,coordinates,24851
1019,Alcufer Stadion,Gyor,Hungary,HU,,,Europe/Budapest,country,4500
982,Bonyhád Völgység LC Stadion,Bonyhád,Hungary,HU,,,Europe/Budapest,country,
1001,Bozsik Stadion,Budapest,Hungary,HU,,,Europe/Budapest,country,10000
979,BVSC Stadion,Budapest,Hungary,HU,,,Europe/Budapest,country,12000
978,Debreceni Egyetemi AC Stadion,Debrecen,Hungary,HU,,,Europe/Budapest,country,
975,DVTK Stadion,Miskolc,Hungary,HU,48.099692,20.717535,Europe/Budapest,coordinates,14398
990,ESMTK Stadion ,Budapest,Hungary,HU,,,Europe/Budapest,country,
991,ETO Park,Gyor,Hungary,HU,47.695781,17.663711,Europe/Budapest,coordinates,15600
396,Fehérvári úti stadion,Paks,Hungary,HU,46.633747,18.852423,Europe/Budapest,coordinates,6150
1009,Füzesabonyi Sporttelep,Füzesabony,Hungary,HU,,,Europe/Budapest,country,
1002,Grosics Gyula Stadion,Tatabanya,Hungary,HU,,,Europe/Budapest,country,
141,Groupama Aréna,Budapest,Hungary,HU,47.475278,19.096111,Europe/Budapest,coordinates,23700
1011,Gyulai id. Christián László Városi Sporttelep,Gyula,Hungary,HU,,,Europe/Budapest,country,
996,Hevizi uti Stadion,Budapest,Hungary,HU,,,Europe/Budapest,country,900
993,Hidegkúti Nándor Stadion,Budapest,Hungary,HU,,,Europe/Budapest,country,5322
1013,Hódmezővásárhelyi Városi Stadion,Hódmezővásárhely,Hungary,HU,,,Europe/Budapest,country,
1021,Jeno Buzanszky Stadium,Dorog,Hungary,HU,,,Europe/Budapest,country,5000
1012,Károlyi István Sporttelep Iváncsa,Iváncsa,Hungary,HU,,,Europe/Budapest,country,
980,Kelen SC Sporttelep,Budapest,Hungary,HU,,,Europe/Budapest,country,1500
972,Komárom Molaji Sporttelep,Komárom,Hungary,HU,,,Europe/Budapest,country,
995,Kórház Utcai Stadion,Bekescsaba,Hungary,HU,,,Europe/Budapest,country,6267
989,Kozármislenyi Stadion,Kozarmisleny,Hungary,HU,,,Europe/Budapest,country,2000
1016,Laszlo Budai II Stadium,Budapest,Hungary,HU,,,Europe/Budapest,country,10000
987,Lipcsey Elemér Sporttelep,Tiszafüred,Hungary,HU,,,Europe/Budapest,country,
984,Martfű LSE Sporttelep,Martfű,Hungary,HU,,,Europe/Budapest,country,
994,Mezőkövesdi Városi Stadion,Mezokovesd,Hungary,HU,47.802115,20.567317,Europe/Budapest,coordinates,4000
971,Mezőörs KSE Sporttelep,Mezőörs,Hungary,HU,,,Europe/Budapest,country,
1000,Nagyerdei Stadion,Debrecen,Hungary,HU,47.554355,21.633582,Europe/Budapest,coordinates,20340
1010,Nagykanizsai Olajbányász Stadion,Nagykanizsa,Hungary,HU,,,Europe/Budapest,country,7000
1015,Novák Ferenc Érdi Sportközpont,Érd,Hungary,HU,,,Europe/Budapest,country,3500
1024,Pancho Arena,Felcsut,Hungary,HU,,,Europe/Budapest,country,3865
992,Pilisi LK Sporttelep (Gubányi Károly utca),Pilis,Hungary,HU,,,Europe/Budapest,country,
999,Promontor utcai Stadion,Budapest,Hungary,HU,,,Europe/Budapest,country,1200
530,Puskás Aréna,Budapest,Hungary,HU,,,Europe/Budapest,country,67215
1025,Sárvár FC Sporttelep,Sárvár,Hungary,HU,,,Europe/Budapest,country,
1017,Siófoki Városi Stadion,Siofok,Hungary,HU,,,Europe/Budapest,country,12000
983,Sóstói Stadion,Székesfehérvár,Hungary,HU,,,Europe/Budapest,country,14501
997,Sporttelep Mihaly Szamosi,Budapest,Hungary,HU,,,Europe/Budapest,country,5000
985,Sport utcai stadion,Ajka,Hungary,HU,,,Europe/Budapest,country,5000
1004,Stadion PMFC,Pecs,Hungary,HU,,,Europe/Budapest,country,10000
988,Stadion Rudolf Illovszky,Budapest,Hungary,HU,,,Europe/Budapest,country,5054
1007,Stadium Allomas Street,Putnok,Hungary,HU,,,Europe/Budapest,country,
1018,Szarvaskend SE focipálya,Szarvaskend,Hungary,HU,,,Europe/Budapest,country,
973,Széktói Stadion,Kecskemet,Hungary,HU,,,Europe/Budapest,country,6300
976,Szent Gellert Forum,Szeged,Hungary,HU,,,Europe/Budapest,country,8256
1023,Szentlőrinci Sportpálya,Szentlorinc,Hungary,HU,,,Europe/Budapest,country,1020
1003,Szentmarjay Tibor Városi Stadion,Eger,Hungary,HU,,,Europe/Budapest,country,
1006,Szűcs Lajos Sportcentrum,Gödöllő,Hungary,HU,,,Europe/Budapest,country,
974,Szusza Ferenc Stadion,Budapest,Hungary,HU,,,Europe/Budapest,country,13501
1027,Tarpa Sportcentrum,Tarpa,Hungary,HU,,,Europe/Budapest,country,500
977,Tersztyánszky Ödön Sportkozpont,Csakvar,Hungary,HU,,,Europe/Budapest,country,1000
986,Tiszakecske Varosi Sportcentrum,Tiszakecske,Hungary,HU,,,Europe/Budapest,country,4500
1008,Tiszaligeti Stadion,Szolnok,Hungary,HU,,,Europe/Budapest,country,7000
1026,Ujvári Kálmán Sporttelep,Dombóvár,Hungary,HU,,,Europe/Budapest,country,1600
981,Varady Bela Sportkozpont,Putnok,Hungary,HU,,,Europe/Budapest,country,3000
1022,Várkert Sportpálya,Kisvarda,Hungary,HU,,,Europe/Budapest,country,3225
1014,Varosi Stadion,Veszprem,Hungary,HU,,,Europe/Budapest,country,
1020,Városi Stadion,Nyiregyhaza,Hungary,HU,,,Europe/Budapest,country,8150
1005,Vásárosnamény Sporttelep,Vásárosnamény,Hungary,HU,,,Europe/Budapest,country,
998,ZTE Arena,Zalaegerszeg,Hungary,HU,,,Europe/Budapest,country,11200
537,Aviva Stadium,Dublin,Ireland,IE,53.3353,-6.2284,Europe/Dublin,coordinates,51700
356,Tolka Park,Dublin,Ireland,IE,53.367513,-6.251841,Europe/Dublin,coordinates,4200
128,Bloomfield,Tel Aviv,Israel,IL,32.051728,34.761439,Asia/Jerusalem,coordinates,29500
798,Sammy Ofer Stadium,Haifa,Israel,IL,,,Asia/Jerusalem,country,30870
397,Toto Turner Stadium,Beersheba,Israel,IL,31.27315,34.779361,Asia/Jerusalem,coordinates,16000
439,Azadi Stadium,Tehran,Iran,IR,,,,,78116
367,Kópavogsvöllur,Kopavogur,Iceland,IS,,,Atlantic/Reykjavik,country,5501
509,Laugardalsvöllur,Reykjavik,Iceland,IS,,,Atlantic/Reykjavik,country,9800
72,Allianz Stadium,Turin,Italy,IT,45.109444,7.641111,Europe/Rome,coordinates,41507
71,Arena Garibaldi-Romeo Anconetani,Pisa,Italy,IT,43.725273,10.400169,Europe/Rome,coordinates,10442
738,Armando Picchi,Livorno,Italy,IT,,,Europe/Rome,country,19283
74,Bluenergy Stadium,Udine,Italy,IT,46.081603,13.200136,Europe/Rome,coordinates,25132
741,Carlo Castellani,Empoli,Italy,IT,,,Europe/Rome,country,16284
73,Ennio Tardini,Parma,Italy,IT,44.794722,10.338611,Europe/Rome,coordinates,27906
59,Luigi Ferraris,Genova,Italy,IT,44.416431,8.952428,Europe/Rome,coordinates,33205
61,Mapei Stadium,Reggio Emilia,Italy,IT,44.714578,10.649844,Europe/Rome,coordinates,21584
70,New Balance Arena,Bergamo,Italy,IT,45.708889,9.680833,Europe/Rome,coordinates,23439
740,Orogel Stadium-Dino Manuzzi,Cesena,Italy,IT,,,Europe/Rome,country,23860
66,Renato Dall'Ara,Bologna,Italy,IT,44.492314,11.309667,Europe/Rome,coordinates,36532
846,Renzo Barbera,Palermo,Italy,IT,,,Europe/Rome,country,36365
63,San Siro/Giuseppe Meazza,Milan,Italy,IT,45.478025,9.124206,Europe/Rome,coordinates,75817
745,Stadio Adriatico,Pescara,Italy,IT,,,Europe/Rome,country,20520
748,Stadio Alberto Picco,La Spezia,Italy,IT,,,Europe/Rome,country,12273
739,Stadio Angelo Massimino,Catania,Italy,IT,,,Europe/Rome,country,20204
749,Stadio Arechi,Salerno,Italy,IT,,,Europe/Rome,country,37180
68,Stadio Artemio Franchi,Florence,Italy,IT,43.780822,11.282258,Europe/Rome,coordinates,43147
742,Stadio Benito Stirpe,Frosinone,Italy,IT,41.634167,13.321944,Europe/Rome,coordinates,16227
746,Stadio Ciro Vigorito,Benevento,Italy,IT,,,Europe/Rome,country,17458
494,Stadio Danilo Martelli,Mantova,Italy,IT,,,Europe/Rome,country,11219
62,Stadio Diego Armando Maradona,Naples,Italy,IT,40.827967,14.193008,Europe/Rome,coordinates,54726
744,Stadio Ezio Scida,Crotone,Italy,IT,,,Europe/Rome,country,16640
64,Stadio Giovanni Zini,Cremona,Italy,IT,45.140343,10.034675,Europe/Rome,coordinates,16003
69,Stadio Giuseppe Sinigaglia,Como,Italy,IT,45.813889,9.072222,Europe/Rome,coordinates,12064
75,Stadio Marcantonio Bentegodi,Verona,Italy,IT,45.435356,10.968647,Europe/Rome,coordinates,39045
1028,Stadio Marcantonio Bentegodi,Verona,Italy,IT,,,Europe/Rome,country,39211
747,Stadio Mario Rigamonti,Brescia,Italy,IT,,,Europe/Rome,country,16743
65,Stadio Olimpico,Rome,Italy,IT,41.933886,12.454786,Europe/Rome,coordinates,72698
76,Stadio Olimpico Grande Torino,Turin,Italy,IT,45.04175,7.650014,Europe/Rome,coordinates,28177
750,Stadio Pierluigi Penzo,Venice,Italy,IT,,,Europe/Rome,country,11150
743,Stadio Sandro Cabassi,Carpi,Italy,IT,,,Europe/Rome,country,5510
67,Unipol Domus,Cagliari,Italy,IT,39.2,9.1375,Europe/Rome,coordinates,16416
751,U-Power Stadium,Monza,Italy,IT,,,Europe/Rome,country,17102
60,Via del Mare,Lecce,Italy,IT,40.365278,18.208889,Europe/Rome,coordinates,40800
1104,Ajinomoto Stadium,Tokyo,Japan,JP,35.664278,139.527139,Asia/Tokyo,coordinates,49970
1106,Best Denki Stadium,Fukuoka,Japan,JP,33.585845,130.460735,Asia/Tokyo,coordinates,22563
1111,Edion Peace Wing Hiroshima,Hiroshima,Japan,JP,34.4016217,132.4532087,Asia/Tokyo,coordinates,28520
1103,Fukuda Denshi Arena,Chiba,Japan,JP,35.577545,140.122706,Asia/Tokyo,coordinates,19781
1112,IAI Stadium Nihondaira,Shizuoka,Japan,JP,34.984444,138.481111,Asia/Tokyo,coordinates,20339
1117,JFE Harenokuni Stadium,Okayama,Japan,JP,34.680604,133.919584,Asia/Tokyo,coordinates,15479
1113,Kashima Soccer Stadium,Kashima,Japan,JP,35.991744,140.640525,Asia/Tokyo,coordinates,40728
1108,Kawasaki Todoroki Stadium,Kawasaki,Japan,JP,35.585895,139.652731,Asia/Tokyo,coordinates,26232
1116,K's Denki Stadium Mito,Mito,Japan,JP,36.345342,140.412375,Asia/Tokyo,coordinates,12000
1110,Machida Stadium,Tokyo,Japan,JP,35.548669,139.446639,Asia/Tokyo,coordinates,15320
1121,Nagoya Mizuho Athletics Stadium,Nagoya,Japan,JP,35.122707,136.944199,Asia/Tokyo,coordinates,27000
1120,National Olympic Stadium,Tokyo,Japan,JP,35.678194,139.714583,Asia/Tokyo,coordinates,
1100,Nissan Stadium,Yokohama,Japan,JP,35.509722,139.605556,Asia/Tokyo,coordinates,72327
1109,Noevir Stadium Kobe,Kobe,Japan,JP,34.6568109,135.1696229,Asia/Tokyo,coordinates,30132
1115,Panasonic Stadium Suita,Suita,Japan,JP,34.802685,135.538221,Asia/Tokyo,coordinates,39694
1102,Peace Stadium,Nagasaki,Japan,JP,32.77274999710926,129.8842624013401,Asia/Tokyo,coordinates,20000
1119,Saitama Stadium 2002,Saitama,Japan,JP,35.903095,139.717621,Asia/Tokyo,coordinates,63700
1101,Sanga Stadium by KYOCERA,Kyoto,Japan,JP,35.017172,135.585014,Asia/Tokyo,coordinates,21600
1114,Sankyo Frontier Kashiwa Stadium,Kashiwa,Japan,JP,35.8485,139.975149,Asia/Tokyo,coordinates,15349
1107,Toyota Stadium,Toyota,Japan,JP,35.084722,137.170833,Asia/Tokyo,coordinates,44380
1105,Yanmar Stadium Nagai,Osaka,Japan,JP,34.615339,135.516572,Asia/Tokyo,coordinates,47000
1118,Yodokou Sakura Stadium ,Osaka,Japan,JP,34.615339,135.516572,Asia/Tokyo,coordinates,25000
1131,Anyang Stadium,Anyang,South Korea,KR,37.405304,126.946422,Asia/Seoul,coordinates,25000
1129,Bucheon Stadium,Bucheon,South Korea,KR,37.502551,126.799044,Asia/Seoul,coordinates,35545
1133,Chuncheon Songam Sports Town,Chuncheon,South Korea,KR,37.856075,127.691053,Asia/Seoul,coordinates,20000
1127,Daejeon World Cup Stadium,Daejeon,South Korea,KR,36.365183,127.325084,Asia/Seoul,coordinates,40407
1132,Gangneung Stadium,Gangneung,South Korea,KR,37.773647,128.897625,Asia/Seoul,coordinates,22333
1124,Gimcheon Stadium,Gimcheon,South Korea,KR,36.139627,128.086454,Asia/Seoul,coordinates,24348
1130,Gwangju Football Stadium,Gwangju,South Korea,KR,35.130895,126.874949,Asia/Seoul,coordinates,10007
1122,Incheon Football Stadium,Incheon,South Korea,KR,37.465666,126.643572,Asia/Seoul,coordinates,20891
1126,Jeju World Cup Stadium ,Seogwipo,South Korea,KR,33.246139,126.509206,Asia/Seoul,coordinates,35657
1125,Jeonju World Cup Stadium,Jeonju,South Korea,KR,35.868111,127.064444,Asia/Seoul,coordinates,42477
1128,Pohang Steel Yard,Pohang,South Korea,KR,35.997747,129.384414,Asia/Seoul,coordinates,17443
428,Seoul World Cup Stadium,Seoul,South Korea,KR,37.568222,126.897361,Asia/Seoul,coordinates,66704
1123,Ulsan Munsu Football Stadium,Ulsan,South Korea,KR,35.535271,129.259552,Asia/Seoul,coordinates,44466
1190,Al-Medina Stadium,Rabat,Morocco,MA,,,,,18000
1192,Complexe Sportif de Fès,Fez,Morocco,MA,,,,,45000
467,Complexe Sportif Moulay Abdellah,Rabat,Morocco,MA,,,,,69700
1188,Grand Stade de Marrakech,Marrakech,Morocco,MA,,,,,45240
1194,Moulay Hassan Stadium,Rabat,Morocco,MA,,,,,12000
1189,Stade Adrar,Agadir,Morocco,MA,,,,,45480
1191,Stade Ibn-Batouta,Tanger,Morocco,MA,,,,,75000
430,Stade Mohammed V,Casablanca,Morocco,MA,,,,,67000
472,Stade Municipal de Berkane,Berkane,Morocco,MA,,,,,15000
1193,Stade Olympique Annexe Complexe Sportif Prince Abdellah,Rabat,Morocco,MA,,,,,21000
1151,Gradski Stadion,Podgorica,Montenegro,ME,,,Europe/Zagreb,country,
380,Stadion pod Goricom,Podgorica,Montenegro,ME,,,Europe/Zagreb,country,15230
511,Stadion u Parku,Tivat,Montenegro,ME,,,Europe/Zagreb,country,2000
306,Alfonso Lastras Ramirez,San Luis de Potosi,Mexico,MX,22.138378,-100.950699,America/Mexico_City,coordinates,25907
307,Estadio Akron,Guadalajara,Mexico,MX,20.681667,-103.462776,America/Mexico_City,coordinates,46355
295,Estadio Azteca,Mexico City,Mexico,MX,19.302773,-99.150452,America/Mexico_City,coordinates,87523
304,Estadio BBVA,Monterrey,Mexico,MX,25.670172,-100.2437,America/Monterrey,coordinates,53500
296,Estadio Caliente,Tijuana,Mexico,MX,32.506067,-116.993092,America/Tijuana,coordinates,27333
1167,Estadio Ciudad de los Deportes,Mexico City,Mexico,MX,,,,,33000
292,Estadio Cuauhtemoc,Puebla,Mexico,MX,19.078056,-98.164444,America/Mexico_City,coordinates,51726
302,Estadio de Mazatlan,Mazatlan,Mexico,MX,,,,,25000
293,Estadio Jalisco,Guadalajara,Mexico,MX,20.705,-103.328056,America/Mexico_City,coordinates,55110
297,Estadio La Corregidora,Santiago de Queretaro,Mexico,MX,20.577551,-100.366341,America/Mexico_City,coordinates,34130
305,Estadio Leon,Leon,Mexico,MX,21.115544,-101.657744,America/Mexico_City,coordinates,31297
303,Estadio Miguel Hidalgo,Pachuca de Soto,Mexico,MX,20.105331,-98.756706,America/Mexico_City,coordinates,30000
298,Estadio Nemesio Diez,Toluca,Mexico,MX,19.287286,-99.666794,America/Mexico_City,coordinates,31000
294,Estadio Olimpico Benito Juarez,Ciudad Juarez,Mexico,MX,31.75305,-106.467814,America/Ciudad_Juarez,coordinates,19703
301,Estadio Olimpico Universitario,Mexico City,Mexico,MX,19.331928,-99.192106,America/Mexico_City,coordinates,72000
300,Estadio TSM Corona,Torreon,Mexico,MX,25.628754,-103.380068,America/Monterrey,coordinates,30000
308,Estadio Universitario (UANL),Monterrey,Mexico,MX,25.722806,-100.312056,America/Monterrey,coordinates,41615
299,Estadio Victoria,Aguascalientes,Mexico,MX,21.880653,-102.275483,America/Mexico_City,coordinates,25500
461,Abubakar Tafawa Balewa,Bauchi,Nigeria,NG,,,,,15000
453,Enyimba International Stadium,Aba,Nigeria,NG,,,,,16000
458,Kwara State Stadium,Ilorin,Nigeria,NG,,,,,18000
464,Lafia Township Stadium,Lafia,Nigeria,NG,,,,,5000
459,Lekan-Salami-Stadion,Ibadan,Nigeria,NG,,,,,10000
450,Liberation Stadium,Port Harcourt,Nigeria,NG,,,,,16000
463,Minna Township Stadium,Minna,Nigeria,NG,,,,,4000
503,Moshood Abiola National Stadium,Abuja,Nigeria,NG,,,,,60491
456,Muhammadu Dikko Stadium,Katsina,Nigeria,NG,,,,,35000
455,Nnamdi Azikiwe Stadium,Enugu,Nigeria,NG,,,,,22000
449,Otunba Dipo Dina International Stadium,Ijebu Ode,Nigeria,NG,,,,,10000
462,Rwang Pam Stadium,Jos,Nigeria,NG,,,,,15000
454,Sabongari Stadium,Kano,Nigeria,NG,,,,,10000
452,Sani Abacha Stadium,Kano,Nigeria,NG,,,,,16000
460,Sapele Township Stadium,Sapele,Nigeria,NG,,,,,5000
451,Umuahia Township Stadium,Umuahia,Nigeria,NG,,,,,5000
457,Warri Township Stadium,Warri,Nigeria,NG,,,,,20000
369,Windsor Park,Belfast,Northern Ireland,NI,54.582625,-5.955189,Europe/London,coordinates,20332
170,Abe Lenstra Stadion,Heerenveen,Netherlands,NL,52.958611,5.936111,Europe/Amsterdam,coordinates,27224
176,AFAS Stadion,Alkmaar,Netherlands,NL,52.612778,4.742222,Europe/Amsterdam,coordinates,19500
178,Asito Stadium,Almelo,Netherlands,NL,52.338611,6.649722,Europe/Amsterdam,coordinates,12500
782,Bingoal Stadium,Den Haag,Netherlands,NL,,,Europe/Amsterdam,country,15000
175,BUKO Stadion,Velsen,Netherlands,NL,52.455,4.635,Europe/Amsterdam,coordinates,5336
781,Covebo Stadion - De Koel,Venlo,Netherlands,NL,,,Europe/Amsterdam,country,8000
137,De Adelaarshorst,Deventer,Netherlands,NL,52.260416,6.172578,Europe/Amsterdam,coordinates,10400
174,De Grolsch Veste,Enschede,Netherlands,NL,,,Europe/Amsterdam,country,30205
136,De Kuip,Rotterdam,Netherlands,NL,51.893894,4.523253,Europe/Amsterdam,coordinates,47500
783,De Oude Meerdijk,Emmen,Netherlands,NL,,,Europe/Amsterdam,country,8600
784,De Vijverberg,Doetinchem,Netherlands,NL,51.955833,6.309722,Europe/Amsterdam,coordinates,12600
177,Euroborg Stadium,Groningen,Netherlands,NL,53.2067858,6.589803,Europe/Amsterdam,coordinates,22525
166,Fortuna Sittard Stadion,Sittard-Geleen,Netherlands,NL,50.992069,5.843675,Europe/Amsterdam,coordinates,12500
785,Gelredome,Arnhem,Netherlands,NL,,,Europe/Amsterdam,country,25500
172,Het Kasteel,Rotterdam,Netherlands,NL,51.919485,4.433619,Europe/Amsterdam,coordinates,11000
120,Johan Cruijff Arena,Amsterdam,Netherlands,NL,52.314167,4.941944,Europe/Amsterdam,coordinates,55865
787,Kooi Stadion,Leeuwarden,Netherlands,NL,53.201306,5.768556,Europe/Amsterdam,coordinates,15000
171,Kras Stadion,Volendam,Netherlands,NL,52.494444,5.066389,Europe/Amsterdam,coordinates,6984
173,Mac3Park Stadion,Zwolle,Netherlands,NL,52.517181,6.120869,Europe/Amsterdam,coordinates,14000
786,Mandemakers Stadion,Waalwijk,Netherlands,NL,51.686944,5.088611,Europe/Amsterdam,coordinates,7500
113,Philips Stadion,Eindhoven,Netherlands,NL,51.441781,5.467442,Europe/Amsterdam,coordinates,36500
169,Rat Verlegh Stadion,Breda,Netherlands,NL,51.595556,4.750278,Europe/Amsterdam,coordinates,20500
167,Stadion de Goffert,Nijmegen,Netherlands,NL,51.8225,5.836667,Europe/Amsterdam,coordinates,12500
140,Stadion Galgenwaard,Utrecht,Netherlands,NL,52.078333,5.145833,Europe/Amsterdam,coordinates,23750
168,Stadion Woudestein,Rotterdam,Netherlands,NL,51.916944,4.520556,Europe/Amsterdam,coordinates,4400
788,Yanmar Stadion,Almere,Netherlands,NL,52.394364,5.240478,Europe/Amsterdam,coordinates,4501
119,Aspmyra Stadion,Bodø,Norway,NO,67.276701,14.384353,Europe/Oslo,coordinates,8270
139,Brann Stadion,Bergen,Norway,NO,60.366944,5.357464,Europe/Oslo,coordinates,17686
391,Fredrikstad Stadion,Fredrikstad,Norway,NO,59.213066,10.928079,Europe/Oslo,coordinates,13300
444,Ullevaal,Oslo,Norway,NO,59.949,10.734333,Europe/Oslo,coordinates,28000
587,Estadio Alberto Gallardo,Lima,Peru,PE,,,America/Lima,country,11600
1218,Estadio Alejandro Villanueva,Ayacucho,Peru,PE,,,America/Lima,country,
596,Estadio Alejandro Villanueva,Lima,Peru,PE,-12.068526,-77.022881,America/Lima,coordinates,33938
544,Estadio Campeones del 36,Sullana,Peru,PE,,,America/Lima,country,12000
572,Estadio de la UNSA,Arequipa,Peru,PE,,,America/Lima,country,60000
556,Estadio Inca Garcilaso de la Vega,Cusco,Peru,PE,-13.525356,-71.966423,America/Lima,coordinates,42056
1222,Estadio Mansiche,Trujillo,Peru,PE,,,America/Lima,country,25036
1217,Estadio Miguel Grau,Callao,Peru,PE,-12.059799,-77.119966,America/Lima,coordinates,17000
581,Estadio Monumental,Lima,Peru,PE,-12.055791,-76.936122,America/Lima,coordinates,80093
529,Estadio Nacional,Lima,Peru,PE,,,America/Lima,country,45574
1215,Estadio Nacional de Lima,Lima,Peru,PE,-12.06727,-77.03372,America/Lima,coordinates,43086
408,Arena Katowice,Katowice,Poland,PL,50.279747,19.001203,Europe/Warsaw,coordinates,15048
412,Arena Lublin,Lublin,Poland,PL,51.2319,22.5575,Europe/Warsaw,coordinates,15243
401,Chorten Arena,Bialystok,Poland,PL,53.105556,23.148889,Europe/Warsaw,coordinates,22372
833,Dyskobolia,Grodzisk Wielkopolski,Poland,PL,,,Europe/Warsaw,country,5500
355,Enea Poznań,Poznan,Poland,PL,52.397222,16.858056,Europe/Warsaw,coordinates,42837
407,Exbud Arena,Kielce,Poland,PL,50.861389,20.624722,Europe/Warsaw,coordinates,15700
1154,Henryk-Reyman-Stadium,Kraków,Poland,PL,,,Europe/Warsaw,country,
405,KGHM Zagłębie Arena,Lubin,Poland,PL,51.414204,16.197925,Europe/Warsaw,coordinates,16068
403,Marshal Jozef Pilsudski Stadium,Kraków,Poland,PL,50.057969,19.920182,Europe/Warsaw,coordinates,15016
409,Miejski Stadion Piłkarski Raków w Częstochowie,Czestochowa,Poland,PL,50.776856,19.159159,Europe/Warsaw,coordinates,5500
1179,Orlen Arena,Plock,Poland,PL,52.56,19.6825,Europe/Warsaw,coordinates,5429
411,Polsat Plus Arena Gdańsk,Gdansk,Poland,PL,54.389854,18.640231,Europe/Warsaw,coordinates,41620
836,Silesian Stadium,Chorzów,Poland,PL,,,Europe/Warsaw,country,54378
402,Stadion Bruk-Bet,Nieciecza,Poland,PL,50.158343,20.849154,Europe/Warsaw,coordinates,4653
372,Stadion GOSiR,Gdynia,Poland,PL,54.493136,18.531214,Europe/Warsaw,coordinates,15139
413,Stadion im. Braci Czachorów,Radom,Poland,PL,51.4101701,21.1656655,Europe/Warsaw,coordinates,14400
410,Stadion im. Ernesta Pohla,Zabrze,Poland,PL,50.296317,18.768564,Europe/Warsaw,coordinates,28236
406,Stadion im. Kazimierza Gorskiego,Plock,Poland,PL,52.561978,19.684206,Europe/Warsaw,coordinates,15004
834,Stadion im. Władysława Króla,Lodz,Poland,PL,,,Europe/Warsaw,country,18029
414,Stadion Miejski im. Floriana Krygiera,Szczecin,Poland,PL,53.436576,14.518658,Europe/Warsaw,coordinates,21163
415,Stadion Miejski w Gliwicach,Gliwice,Poland,PL,50.306589,18.695536,Europe/Warsaw,coordinates,10037
1178,Stadion Miejski w Niepolomicach,Niepolomice,Poland,PL,,,Europe/Warsaw,country,2118
835,Stadion Stali Mielec,Mielec,Poland,PL,,,Europe/Warsaw,country,7000
404,Stadion Widzewa Łódź,Lodz,Poland,PL,51.765,19.511667,Europe/Warsaw,coordinates,18018
384,Stadion Wojska Polskiego w Warszawie,Warsaw,Poland,PL,52.220461,21.040628,Europe/Warsaw,coordinates,31103
837,Tarczyński Arena Wrocław,Wroclaw,Poland,PL,51.141196,16.943804,Europe/Warsaw,coordinates,43683
30,Complexo Desportivo FC Alverca,Alverca do Ribatejo,Portugal,PT,38.8980069,-9.0351068,Europe/Lisbon,coordinates,6900
1153,Estádio Algarve,Faro,Portugal,PT,,,,,30305
33,Estadio Antonio Coimbra da Mota,Estoril,Portugal,PT,38.715852,-9.406409,Europe/Lisbon,coordinates,8000
778,Estádio Capital do Móvel,Pacos de Ferreira,Portugal,PT,,,,,9077
24,Estádio Cidade de Barcelos,Barcelos,Portugal,PT,,,,,12504
37,Estádio da Luz,Lisbon,Portugal,PT,38.75267,-9.184697,Europe/Lisbon,coordinates,68100
23,Estádio da Madeira,Funchal,Portugal,PT,32.670834,-16.883333,Atlantic/Madeira,coordinates,5200
779,Estádio de São Luís,Faro,Portugal,PT,37.022778,-7.928611,Europe/Lisbon,coordinates,7000
28,Estadio de São Miguel,Ponta Delgada,Portugal,PT,37.763708,-25.622589,Atlantic/Azores,coordinates,13277
777,Estadio do Bessa XXI,Porto,Portugal,PT,,,,,28263
26,Estadio do CD das Aves,Vila das Aves,Portugal,PT,41.366881,-8.411667,Europe/Lisbon,coordinates,8560
35,Estádio do Dragão,Porto,Portugal,PT,41.161758,-8.583933,Europe/Lisbon,coordinates,50033
780,Estádio do FC Vizela,Vizela,Portugal,PT,41.359984,-8.299578,Europe/Lisbon,coordinates,6000
36,Estádio Dom Afonso Henriques,Guimaraes,Portugal,PT,,,,,30029
774,Estadio do Maritimo,Funchal,Portugal,PT,,,,,10600
38,Estádio do Rio Ave FC,Vila do Conde,Portugal,PT,41.362755,-8.740186,Europe/Lisbon,coordinates,5300
32,Estádio João Cardoso,Tondela,Portugal,PT,40.512127,-8.08265,Europe/Lisbon,coordinates,5000
22,Estádio José Alvalade,Lisbon,Portugal,PT,38.761246,-9.160833,Europe/Lisbon,coordinates,52095
34,Estádio José Gomes,Amadora,Portugal,PT,38.751928,-9.227861,Europe/Lisbon,coordinates,9288
775,Estádio Marcolino de Castro,Santa Maria da Feira,Portugal,PT,40.926689,-8.545814,Europe/Lisbon,coordinates,5401
25,Estádio Municipal de Arouca,Arouca,Portugal,PT,40.93294,-8.250379,Europe/Lisbon,coordinates,5600
31,Estádio Municipal de Braga,Braga,Portugal,PT,41.562565,-8.430133,Europe/Lisbon,coordinates,30286
27,Estádio Municipal de Famalicão,Vila Nova de Famalicao,Portugal,PT,41.401278,-8.522422,Europe/Lisbon,coordinates,5186
776,Estádio Municipal de Portimão,Portimão,Portugal,PT,,,,,4961
21,Estádio Municipal de Rio Maior,Rio Maior,Portugal,PT,39.344534,-8.935213,Europe/Lisbon,coordinates,7000
29,Parque de Jogos Comendador Joaquim de Almeida Freitas,Moreira de Cónegos,Portugal,PT,41.378107,-8.354548,Europe/Lisbon,coordinates,6153
571,Estadio Arsenio Erico,Asuncion,Paraguay,PY,,,America/Asuncion,country,7000
429,Estadio Defensores del Chaco,Asuncion,Paraguay,PY,-25.292072,-57.657381,America/Asuncion,coordinates,42354
566,Estadio Martin Torres,Asuncion,Paraguay,PY,,,America/Asuncion,country,3000
595,Estadio Monumental Rio Parapiti,Pedro Juan Caballero,Paraguay,PY,,,America/Asuncion,country,25000
602,Estadio Rogelio Silvino Livieres,Asuncion,Paraguay,PY,,,America/Asuncion,country,8000
547,Estadio Roque F. Batelhana,Asuncion,Paraguay,PY,,,America/Asuncion,country,6000
591,Estadio Tigo La Huerta,Asuncion,Paraguay,PY,-25.277767,-57.611008,America/Asuncion,coordinates,10000
588,General Pablo Rojas,Asuncion,Paraguay,PY,-25.299892,-57.637398,America/Asuncion,coordinates,45876
552,Osvaldo Domínguez Dibb,Asuncion,Paraguay,PY,,,America/Asuncion,country,22000
1196,Jassim Bin Hamad Stadium,Doha,Qatar,QA,,,,,15000
335,Cluj Arena,Cluj Napoca,Romania,RO,46.768333,23.572222,Europe/Bucharest,coordinates,30246
1174,Complex Sportiv Academia Gheorghe Hagi,Constanta,Romania,RO,44.235683,28.564323,Europe/Bucharest,coordinates,
348,Dinamo Stadium,Bucharest,Romania,RO,44.455044,26.102301,Europe/Bucharest,coordinates,15032
343,Dr. Constantin Radulescu,Cluj Napoca,Romania,RO,46.779533,23.577616,Europe/Bucharest,coordinates,23500
340,Municipal Sibiu,Sibiu,Romania,RO,45.7832803,24.1436945,Europe/Bucharest,coordinates,12300
138,National Arena,Bucharest,Romania,RO,44.437208,26.152508,Europe/Bucharest,coordinates,55634
344,Stadionul 1 Mai,Slobozia,Romania,RO,44.56057,27.37265,Europe/Bucharest,coordinates,6000
1176,Stadionul Arcul de Triumf,Bucharest,Romania,RO,,,Europe/Bucharest,country,8207
1177,Stadionul Central,Balotesti,Romania,RO,,,Europe/Bucharest,country,3780
346,Stadionul Central-Academia Gheorghe Hagi,Ovidiu,Romania,RO,44.264195,28.556438,Europe/Bucharest,coordinates,4554
1175,Stadionul Clinceni,Clinceni,Romania,RO,,,Europe/Bucharest,country,4502
338,Stadionul Francisc von Neumann,Arad,Romania,RO,46.192606,21.311975,Europe/Bucharest,coordinates,12584
342,Stadionul Ilie Oană,Ploiesti,Romania,RO,44.940278,26.033333,Europe/Bucharest,coordinates,15500
339,Stadionul Ion Oblemenco,Craiova,Romania,RO,44.640026,22.666983,Europe/Bucharest,coordinates,30983
334,Stadionul Metaloglobus,Bucharest,Romania,RO,44.442417,26.18425,Europe/Bucharest,coordinates,1000
345,Stadionul Municipal,Botosani,Romania,RO,47.748205,26.651984,Europe/Bucharest,coordinates,7782
347,Stadionul Municipal,Miercurea Ciuc,Romania,RO,46.366944,25.802917,Europe/Bucharest,coordinates,4000
336,Stadionul Orasenesc,Mioveni,Romania,RO,,,Europe/Bucharest,country,5953
341,Stadionul Oțelul,Galati,Romania,RO,45.431072,28.022335,Europe/Bucharest,coordinates,13500
337,Stadionul Rapid-Giulesti,Bucharest,Romania,RO,44.455917,26.056833,Europe/Bucharest,coordinates,14047
1147,Stadionul Steaua,Bucharest,Romania,RO,,,Europe/Bucharest,country,31254
1143,Gradski Stadion,Bačka Topola,Serbia,RS,,,Europe/Belgrade,country,4500
394,Partizan Stadium,Belgrade,Serbia,RS,44.788744,20.459097,Europe/Belgrade,coordinates,29775
129,Stadium Rajko Mitić,Belgrade,Serbia,RS,44.783058,20.4626087,Europe/Belgrade,coordinates,51755
790,Gazprom Arena,Saint Petersburg,Russia,RU,,,,,68000
797,Kuban Stadium,Krasnodar,Russia,RU,,,,,31654
792,Lukoil Arena,Moscow,Russia,RU,,,,,45360
520,Luzhniki Stadium,Moscow,Russia,RU,,,,,81000
1207,Ozon Arena,Krasnodar,Russia,RU,,,,,35074
795,Rostov Arena,Rostov-on-Don,Russia,RU,,,,,45000
796,RZD Arena,Moscow,Russia,RU,,,,,28800
789,VEB Arena,Moscow,Russia,RU,,,,,30457
256,Al-Awwal Park,Riyadh,Saudi Arabia,SA,24.729335,46.623977,Asia/Riyadh,coordinates,26000
247,Al-Hazem Club Stadium,Ar Rass,Saudi Arabia,SA,25.860278,43.502222,Asia/Riyadh,coordinates,8000
255,Alinma Stadium,Buraidah,Saudi Arabia,SA,26.378889,43.947778,Asia/Riyadh,coordinates,64040
248,Alinma Stadium,Jeddah,Saudi Arabia,SA,21.763222,39.164167,Asia/Riyadh,coordinates,64200
254,Al-Khaleej Club Stadium,Saihat,Saudi Arabia,SA,26.474291,50.033235,Asia/Riyadh,coordinates,
258,Al Majma'ah Sport City,Al Majmaah,Saudi Arabia,SA,25.886929,45.368021,Asia/Riyadh,coordinates,7000
261,Al-Najma Club Stadium,Unaizah,Saudi Arabia,SA,26.0955548643635,44.04857998010857,Asia/Riyadh,coordinates,3000
437,Al-Shabab Club Stadium,Riyadh,Saudi Arabia,SA,,,Asia/Riyadh,country,15000
250,EGO Stadium,Dammam,Saudi Arabia,SA,26.427212,50.114093,Asia/Riyadh,coordinates,15000
251,Kingdom Arena,Riyadh,Saudi Arabia,SA,24.77837,46.6075146,Asia/Riyadh,coordinates,26000
249,King Khalid Sport City Stadium,Tabuk,Saudi Arabia,SA,28.351218,36.602822,Asia/Riyadh,coordinates,12000
257,Prince Abdullah bin Jalawi Stadium,Al-Ahsa,Saudi Arabia,SA,25.305833,49.612778,Asia/Riyadh,coordinates,19550
259,Prince Hathloul Stadium,Najran,Saudi Arabia,SA,17.657443375571894,44.47766053125423,Asia/Riyadh,coordinates,12000
260,Prince Saud bin Jalawi Stadium,Khobar,Saudi Arabia,SA,26.3699,50.2052,Asia/Riyadh,coordinates,15000
246,Prince Sultan bin Abdul Aziz Stadium,Abha,Saudi Arabia,SA,18.310556,42.598333,Asia/Riyadh,coordinates,20000
252,Prince Turki bin Abdul Aziz Stadium,Riyadh,Saudi Arabia,SA,24.6475,46.550556,Asia/Riyadh,coordinates,15000
253,SHG Arena,Riyadh,Saudi Arabia,SA,24.788206,46.839236,Asia/Riyadh,coordinates,13536
216,Almondvale Stadium,Livingston,Scotland,SC,,,Europe/London,country,9716
215,BBSP Rugby Park,Kilmarnock,Scotland,SC,,,Europe/London,country,15003
130,Celtic Park,Glasgow,Scotland,SC,,,Europe/London,country,60411
220,Dens Park,Dundee,Scotland,SC,,,Europe/London,country,12085
221,Easter Road,Edinburgh,Scotland,SC,55.961667,-3.165556,Europe/London,coordinates,20421
218,Falkirk Stadium,Falkirk,Scotland,SC,,,Europe/London,country,7937
217,Fir Park,Motherwell,Scotland,SC,55.779947,-3.980078,Europe/London,coordinates,13742
818,Global Energy Stadium,Dingwall,Scotland,SC,,,Europe/London,country,6300
1201,Hampden Park,Glasgow,Scotland,SC,,,Europe/London,country,51866
143,Ibrox,Glasgow,Scotland,SC,,,Europe/London,country,50817
817,McDiarmid Park,Perth,Scotland,SC,,,Europe/London,country,10673
816,New Douglas Park,Hamilton,Scotland,SC,,,Europe/London,country,6000
224,Pittodrie Stadium,Aberdeen,Scotland,SC,,,Europe/London,country,20866
222,St. Mirren Park,Paisley,Scotland,SC,,,Europe/London,country,8000
219,Tannadice Park,Dundee,Scotland,SC,,,Europe/London,country,14233
223,Tynecastle Park,Edinburgh,Scotland,SC,55.939167,-3.232222,Europe/London,coordinates,19852
416,3Arena,Stockholm,Sweden,SE,59.29323,18.083299,Europe/Stockholm,coordinates,32000
419,Borås Arena,Boras,Sweden,SE,57.735556,12.935278,Europe/Stockholm,coordinates,17800
133,Eleda Stadium,Malmo,Sweden,SE,55.583611,12.987778,Europe/Stockholm,coordinates,22500
425,Finnvedsvallen,Varnamo,Sweden,SE,,,Europe/Stockholm,country,5000
418,Gamla Ullevi,Gothenburg,Sweden,SE,57.706111,11.980556,Europe/Stockholm,coordinates,18416
417,Grimsta IP,Stockholm,Sweden,SE,59.362144,17.853415,Europe/Stockholm,coordinates,7343
711,Guldfageln Arena,Kalmar,Sweden,SE,56.69123,16.31493,Europe/Stockholm,coordinates,12500
712,Hitachi Energy Arena,Vasteras,Sweden,SE,59.627584,16.53027,Europe/Stockholm,coordinates,8900
1145,Malmo New Stadium,Malmo,Sweden,SE,,,Europe/Stockholm,country,
388,Nordic Wellness Arena,Gothenburg,Sweden,SE,57.719167,11.930556,Europe/Stockholm,coordinates,6300
421,Örjans Vall,Halmstad,Sweden,SE,56.6842795,12.8674899,Europe/Stockholm,coordinates,15500
423,PlatinumCars Arena,Norrkoping,Sweden,SE,,,Europe/Stockholm,country,17234
424,Spiris Arena,Vaxjo,Sweden,SE,,,Europe/Stockholm,country,12000
422,Stora Valla,Degerfors,Sweden,SE,59.23801,14.441844,Europe/Stockholm,coordinates,7500
420,Strandvallen,Hallevik,Sweden,SE,56.011956,14.716251,Europe/Stockholm,coordinates,6500
427,Strawberry Arena,Solna,Sweden,SE,59.3725,18.002778,Europe/Stockholm,coordinates,50000
426,Studenternas IP,Uppsala,Sweden,SE,59.84958,17.645303,Europe/Stockholm,coordinates,11167
387,Arena Z’dezele,Celje,Slovenia,SI,,,Europe/Ljubljana,country,13059
794,Ljudski vrt,Maribor,Slovenia,SI,46.563549,15.641161,Europe/Ljubljana,coordinates,12702
370,Stozice Stadium,Ljubljana,Slovenia,SI,,,Europe/Ljubljana,country,16038
399,Štadión Antona Malatinského,Trnava,Slovakia,SK,,,Europe/Bratislava,country,19200
354,Tehelne Pole Stadion,Bratislava,Slovakia,SK,48.163558,17.136856,Europe/Bratislava,coordinates,22500
496,Stade Demba Diop,Dakar,Senegal,SN,,,,,30000
443,Stade Me Abdoulaye Wade,Diamniadio,Senegal,SN,,,,,50000
433,Stade Hammadi Agrebi,Rades,Tunisia,TN,,,,,65000
479,Stade Mustapha Ben Jannet,Monastir,Tunisia,TN,,,,,20000
1209,21 Kasım Stadium,Mardin,Türkiye,TR,,,Europe/Istanbul,country,6000
182,Antalya Stadium,Antalya,Türkiye,TR,36.888608,30.668772,Europe/Istanbul,coordinates,32537
188,Atatürk Olympic Stadium,Istanbul,Türkiye,TR,41.074471,28.765703,Europe/Istanbul,coordinates,77563
184,Bahcesehir Okullari Stadium,Alanya,Türkiye,TR,36.56266,32.079047,Europe/Istanbul,coordinates,10128
189,Basaksehir Fatih Terim Stadium,Istanbul,Türkiye,TR,41.122784,28.808701,Europe/Istanbul,coordinates,17156
810,Bodrum Ilce Stadi,Bodrum,Türkiye,TR,,,Europe/Istanbul,country,5000
185,Çaykur Didi Stadyumu,Rize,Türkiye,TR,41.042017,40.573308,Europe/Istanbul,coordinates,15558
132,Chobani Stadium,Istanbul,Türkiye,TR,40.987778,29.036667,Europe/Istanbul,coordinates,50530
806,Denizli Ataturk Stadium,Denizli,Türkiye,TR,,,Europe/Istanbul,country,18745
181,Eryaman Stadyumu,Ankara,Türkiye,TR,39.980139,32.613861,Europe/Istanbul,coordinates,20560
807,Esenyurt Necmi Kadioglu Stadi,Esenyurt,Türkiye,TR,,,Europe/Istanbul,country,7500
1159,Eyüp Stadium,Istanbul,Türkiye,TR,41.04741,28.929866,Europe/Istanbul,coordinates,2500
179,Gaziantep Stadium,Gaziantep,Türkiye,TR,37.123611,37.3825,Europe/Istanbul,coordinates,33502
186,Gursel Aksel Stadium,Izmir,Türkiye,TR,38.3958666,27.0753273,Europe/Istanbul,coordinates,20756
190,Kadir Has Stadium,Kayseri,Türkiye,TR,38.737289,35.423134,Europe/Istanbul,coordinates,32864
803,Kazim Karabekir Stadyumu,Erzurum,Türkiye,TR,,,Europe/Istanbul,country,21374
1198,Mardan Sports Complex,Antalya,Türkiye,TR,,,Europe/Istanbul,country,7940
187,Medas Konya Büyüksehir Belediyesi Stadium,Konya,Türkiye,TR,37.865444,32.483223,Europe/Istanbul,coordinates,42000
809,New Adana Stadium,Adana,Türkiye,TR,,,Europe/Istanbul,country,33543
192,Papara Park,Trabzon,Türkiye,TR,40.999111,39.645944,Europe/Istanbul,coordinates,41000
808,Pendik Stadium,Istanbul,Türkiye,TR,,,Europe/Istanbul,country,4105
123,Rams Park Stadyumu,Istanbul,Türkiye,TR,41.102869,28.990419,Europe/Istanbul,coordinates,53978
183,Recep Tayyip Erdogan Stadium,Istanbul,Türkiye,TR,41.032833,28.972334,Europe/Istanbul,coordinates,14234
180,Samsun Yeni 19 Mayıs Stadyumu,Samsun,Türkiye,TR,41.270014,36.356122,Europe/Istanbul,coordinates,33919
804,Spor Toto Akhisar Stadium,Akhisar,Türkiye,TR,,,Europe/Istanbul,country,12139
802,Timsah Arena,Bursa,Türkiye,TR,,,Europe/Istanbul,country,43761
191,Tüpraş Stadyumu,Istanbul,Türkiye,TR,41.039206,28.994742,Europe/Istanbul,coordinates,42445
1160,Vefa Stadium,Istanbul,Türkiye,TR,41.027826,28.939098,Europe/Istanbul,coordinates,6500
805,Yeni Malatyspor stadium,Malatya,Türkiye,TR,,,Europe/Istanbul,country,25745
193,Yildiz Entegre Kocaeli Stadyumu,Kocaeli,Türkiye,TR,40.774722,30.0175,Europe/Istanbul,coordinates,34829
466,Benjamin Mkapa Stadium,Dar-es-Salaam,Tanzania,TZ,,,,,60000
383,Arena Lviv,Lviv,Ukraine,UA,,,Europe/Kyiv,country,34915
534,Olimpiysky National Sports Complex,Kyiv,Ukraine,UA,,,Europe/Kyiv,country,70050
358,Valeriy Lobanovskyi,Kyiv,Ukraine,UA,50.450278,30.535278,Europe/Kyiv,coordinates,16873
279,Allianz Field,Saint Paul,USA,US,44.952,-93.165,America/Chicago,coordinates,19400
267,America First Field,Sandy,USA,US,40.582905,-111.893349,America/Denver,coordinates,20213
1187,Arrowhead Stadium,Kansas City,USA,US,39.049019,-94.48414,America/Chicago,coordinates,76416
1184,AT&T Stadium,Arlington,USA,US,32.748,-97.0934,America/Chicago,coordinates,80000
270,Audi Field,"Washington, DC",USA,US,38.8689,-77.0129,America/New_York,coordinates,20000
263,Bank of America Stadium,Charlotte,USA,US,35.2258,-80.853,America/New_York,coordinates,75525
280,BMO Stadium,Los Angeles,USA,US,34.012741,-118.284099,America/Los_Angeles,coordinates,22000
1200,Camping World Stadium,Orlando,USA,US,,,,,65194
1166,Chase Stadium,Fort Lauderdale,USA,US,26.193056,-80.161111,America/New_York,coordinates,21550
287,Children's Mercy Park,Kansas City,USA,US,39.1216,-94.8232,America/Chicago,coordinates,18467
1163,Citi Field,New York,USA,US,40.7564124,-73.84589369999999,America/New_York,coordinates,41922
291,Dick's Sporting Goods Park,Commerce City,USA,US,39.805676,-104.8918,America/Denver,coordinates,19680
288,Dignity Health Sports Park,Carson,USA,US,33.864444,-118.261111,America/Los_Angeles,coordinates,27000
1162,Empower Field at Mile High,Denver,USA,US,,,,,76125
262,Energizer Park,St. Louis,USA,US,38.631028,-90.210917,America/Chicago,coordinates,22423
272,Geodis Park,Nashville,USA,US,36.130107,-86.76584,America/Chicago,coordinates,30000
273,Gillette Stadium,Foxborough,USA,US,42.0909,-71.2643,America/New_York,coordinates,66829
1186,Hard Rock Stadium,Miami Gardens,USA,US,25.9583,-80.2396,America/New_York,coordinates,65326
268,Inter&Co Stadium,Orlando,USA,US,28.541065,-81.389035,America/New_York,coordinates,25500
1181,Levi's Stadium,Santa Clara,USA,US,37.403,-121.97,America/Los_Angeles,coordinates,68500
1185,Lincoln Financial Field,Philadelphia,USA,US,39.9014,-75.1675,America/New_York,coordinates,69176
1165,Los Angeles Memorial Coliseum,Los Angeles,USA,US,,,,,77500
283,Lower.com Field,Columbus,USA,US,39.968461,-83.017089,America/New_York,coordinates,20371
290,Lumen Field,Seattle,USA,US,47.595165,-122.33165,America/Los_Angeles,coordinates,68740
265,Mercedes-Benz Stadium,Atlanta,USA,US,33.7553,-84.4006,America/New_York,coordinates,71000
1182,MetLife Stadium,East Rutherford,USA,US,40.8135,-74.0745,America/New_York,coordinates,82500
1164,M&T Bank Stadium,Baltimore,USA,US,,,,,71008
1204,Northwest Stadium,Landover,USA,US,,,,,82000
1183,NRG Stadium,Houston,USA,US,29.6847,-95.4107,America/Chicago,coordinates,72220
281,Nu Stadium,Miami,USA,US,25.7931,-80.259,America/New_York,coordinates,26700
286,PayPal Park,San Jose,USA,US,37.351389,-121.925,America/Los_Angeles,coordinates,18000
282,Providence Park,Portland,USA,US,45.521492,-122.691811,America/Los_Angeles,coordinates,25218
278,Q2 Stadium,Austin,USA,US,30.387731,-97.719494,America/Chicago,coordinates,20500
276,Shell Energy Stadium,Houston,USA,US,29.7522,-95.3523,America/Chicago,coordinates,22039
284,Snapdragon Stadium,San Diego,USA,US,32.7841,-117.1224,America/Los_Angeles,coordinates,35000
1180,SoFi Stadium,Inglewood,USA,US,33.953536,-118.338734,America/Los_Angeles,coordinates,70242
277,Soldier Field,Chicago,USA,US,41.8623,-87.6167,America/Chicago,coordinates,61500
269,Sports Illustrated Stadium,Harrison,USA,US,40.7368,-74.1502,America/New_York,coordinates,25000
271,Subaru Park,Chester,USA,US,39.832794,-75.378479,America/New_York,coordinates,18500
274,Toyota Stadium,Frisco,USA,US,33.1543,-96.8352,America/Chicago,coordinates,20500
264,TQL Stadium,Cincinnati,USA,US,39.11138,-84.52222,America/New_York,coordinates,26000
289,Yankee Stadium,Bronx,USA,US,40.8288189,-73.9265691,America/New_York,coordinates,47309
599,Estadio Alfredo Victor Viera,Montevideo,Uruguay,UY,,,America/Montevideo,country,10000
593,Estadio Campeón del Siglo,Montevideo,Uruguay,UY,-34.796917,-56.067167,America/Montevideo,coordinates,40700
543,Estadio Campeones Olimpicos,Florida,Uruguay,UY,,,America/Montevideo,country,6500
438,Estadio Centenario,Montevideo,Uruguay,UY,-34.894444,-56.152778,America/Montevideo,coordinates,60235
553,Estadio Charrúa ,Montevideo,Uruguay,UY,,,America/Montevideo,country,14000
562,Estadio Luis Franzini,Montevideo,Uruguay,UY,,,America/Montevideo,country,16000
570,Estadio Osvaldo Roberto,Montevideo,Uruguay,UY,,,America/Montevideo,country,8500
555,Estadio Parque Artigas,Las Piedras,Uruguay,UY,,,America/Montevideo,country,12000
583,Gran Parque Central,Montevideo,Uruguay,UY,-34.884377,-56.158772,America/Montevideo,coordinates,37000
554,Complejo Deportivo Socialista,Puerto Cabello,Venezuela,VE,,,America/Caracas,country,7000
565,Estadio Brigido Iriarte,Caracas,Venezuela,VE,,,America/Caracas,country,10100
561,Estadio Misael Delgado,Valencia,Venezuela,VE,10.223403,-68.0115,America/Caracas,coordinates,10400
557,Estadio Olimpico de la UCV,Caracas,Venezuela,VE,10.491278,-66.885492,America/Caracas,coordinates,24900
563,Monumental de Maturín,Maturin,Venezuela,VE,,,America/Caracas,country,51796
594,Polideportivo de Pueblo Nuevo,San Cristóbal,Venezuela,VE,,,America/Caracas,country,42500
536,Cardiff City Stadium,Cardiff,Wales,WA,51.472778,-3.203056,Europe/London,coordinates,33280
201,Racecourse Ground,Wrexham,Wales,WA,53.051944,-3.003611,Europe/London,coordinates,10771
879,Rodney Parade,Newport,Wales,WA,51.588333,-2.987778,Europe/London,coordinates,7850
203,Swansea.com Stadium,Swansea,Wales,WA,51.6422,-3.9351,Europe/London,coordinates,20827
1197,Cape Town Stadium,Cape Town,South Africa,ZA,,,,,55000
468,Loftus Versfeld Stadium,Tshwane/Pretoria,South Africa,ZA,,,,,51762
1208,Moses Mabhida Stadium,Durban,South Africa,ZA,,,,,62760
482,Orlando Amstel Arena,Soweto,South Africa,ZA,,,,,40000
