season,week,home_team,away_team,total_line,over_odds,under_odds,n_books
2006,6.0,Air Force,Navy,50.5,-110.0,-110.0,5.0
2006,6.0,Alabama,Duke,39.0,-110.0,-110.0,3.0
2006,6.0,Auburn,Arkansas,43.5,-111.5,-107.5,4.0
2006,6.0,Boise State,Louisiana Tech,56.75,-113.0,-2.0,2.0
2006,6.0,Buffalo,Ball State,49.0,-110.0,-110.0,4.0
2006,6.0,California,Oregon,60.75,-110.0,-107.5,4.0
2006,6.0,Cincinnati,Akron,43.5,-110.0,-110.0,3.0
2006,6.0,Colorado,Baylor,37.5,-110.0,-110.0,3.0
2006,6.0,Colorado State,UNLV,43.0,-110.0,-110.0,3.0
2006,6.0,East Carolina,Virginia,43.5,-110.0,-110.0,5.0
2006,6.0,Georgia,Tennessee,37.25,-107.5,-110.0,4.0
2006,6.0,Georgia Tech,Maryland,43.5,-110.0,-110.0,5.0
2006,6.0,Idaho,New Mexico State,60.25,-110.0,-110.0,4.0
2006,6.0,Illinois,Indiana,46.0,-110.0,-110.0,3.0
2006,6.0,Iowa,Purdue,53.0,-110.0,-108.5,4.0
2006,6.0,Iowa State,Nebraska,54.5,-110.0,-110.0,5.0
2006,6.0,Kansas,Texas A&M,51.75,-110.0,-110.0,4.0
2006,6.0,Kansas State,Oklahoma State,43.75,-110.0,-110.0,4.0
2006,6.0,Kentucky,South Carolina,52.0,-110.0,-110.0,5.0
2006,6.0,Michigan,Michigan State,53.0,-110.0,-110.0,5.0
2006,6.0,Minnesota,Penn State,48.5,-107.5,-110.0,4.0
2006,6.0,Mississippi State,West Virginia,47.0,-110.0,-110.0,3.0
2006,6.0,New Mexico,Wyoming,41.0,-110.0,-110.0,3.0
2006,6.0,North Texas,Florida International,40.5,-110.0,-110.0,4.0
2006,6.0,Notre Dame,Stanford,55.0,-110.0,-110.0,4.0
2006,6.0,Ohio,Western Michigan,41.0,-110.0,-110.0,4.0
2006,6.0,Ohio State,Bowling Green,51.0,-110.0,-110.0,3.0
2006,6.0,Oklahoma,Texas,48.0,-110.0,-110.0,5.0
2006,6.0,Oregon State,Washington State,52.0,-110.0,-110.0,3.0
2006,6.0,Syracuse,Pittsburgh,43.5,-110.0,-110.0,4.0
2006,6.0,Texas Tech,Missouri,52.5,-110.0,-110.0,5.0
2006,6.0,Toledo,Central Michigan,50.0,-110.0,-110.0,5.0
2006,6.0,Tulane,Rice,55.25,-110.0,-110.0,4.0
2006,6.0,UCLA,Arizona,41.0,-110.0,-110.0,5.0
2006,6.0,Utah State,Fresno State,45.5,-110.0,-110.0,3.0
2006,6.0,Wake Forest,Clemson,44.5,-110.0,-110.0,5.0
2006,6.0,Wisconsin,Northwestern,42.25,-110.0,-110.0,4.0
2006,7.0,Air Force,Colorado State,45.75,-107.5,-107.5,4.0
2006,7.0,Auburn,Florida,40.0,-110.0,-110.0,5.0
2006,7.0,Boston College,Virginia Tech,42.0,-110.0,-107.5,4.0
2006,7.0,Bowling Green,Eastern Michigan,48.25,-110.0,-110.0,4.0
2006,7.0,Central Michigan,Ball State,57.0,-110.0,-110.0,4.0
2006,7.0,Colorado,Texas Tech,47.5,-110.0,-110.0,4.0
2006,7.0,Connecticut,Army,42.25,-110.0,-110.0,4.0
2006,7.0,Duke,Florida State,42.75,-110.0,-110.0,4.0
2006,7.0,Georgia,Vanderbilt,39.5,-110.0,-110.0,4.0
2006,7.0,Illinois,Ohio,42.5,-110.0,-110.0,4.0
2006,7.0,Indiana,Iowa,50.0,-110.0,-110.0,5.0
2006,7.0,Kansas,Oklahoma State,52.0,-110.0,-110.0,4.0
2006,7.0,Kansas State,Nebraska,44.5,-110.0,-110.0,4.0
2006,7.0,Louisiana Tech,Idaho,55.75,-110.0,-110.0,4.0
2006,7.0,Louisville,Cincinnati,54.0,-107.5,-112.5,4.0
2006,7.0,Memphis,Arkansas State,45.25,-110.0,-110.0,4.0
2006,7.0,Michigan State,Ohio State,51.0,-110.0,-110.0,5.0
2006,7.0,Navy,Rutgers,46.0,-110.0,-110.0,5.0
2006,7.0,New Mexico State,Boise State,62.5,-110.0,-110.0,5.0
2006,7.0,Northwestern,Purdue,51.0,-110.0,-110.0,4.0
2006,7.0,Oklahoma,Iowa State,51.0,-110.0,-110.0,5.0
2006,7.0,Oregon,UCLA,52.5,-110.0,-110.0,5.0
2006,7.0,Penn State,Michigan,40.0,-110.0,-110.0,5.0
2006,7.0,Stanford,Arizona,40.25,-110.0,-110.0,4.0
2006,7.0,Texas,Baylor,49.0,-110.0,-110.0,5.0
2006,7.0,Texas A&M,Missouri,50.5,-110.0,-110.0,5.0
2006,7.0,UNLV,New Mexico,39.0,-110.0,-110.0,5.0
2006,7.0,Virginia,Maryland,38.0,-110.0,-110.0,4.0
2006,7.0,Washington,Oregon State,47.0,-110.0,-110.0,4.0
2006,7.0,Washington State,California,54.5,-110.0,-110.0,4.0
2006,7.0,West Virginia,Syracuse,50.5,-110.0,-110.0,4.0
2006,7.0,Western Michigan,Northern Illinois,50.5,-110.0,-110.0,3.0
2006,7.0,Wisconsin,Minnesota,51.5,-110.0,-110.0,5.0
2006,7.0,Wyoming,Utah,40.0,-110.0,-110.0,4.0
2006,8.0,Arizona,Oregon State,38.5,-110.0,-110.0,3.0
2006,8.0,Arizona State,Stanford,49.25,-110.0,-110.0,4.0
2006,8.0,Arkansas State,North Texas,39.5,-110.0,-110.0,3.0
2006,8.0,Auburn,Tulane,50.0,-110.0,-110.0,3.0
2006,8.0,Ball State,Western Michigan,51.0,-110.0,-110.0,4.0
2006,8.0,Baylor,Kansas,49.5,-110.0,-110.0,4.0
2006,8.0,California,Washington,52.5,-110.0,-109.0,6.0
2006,8.0,Central Michigan,Bowling Green,50.5,-110.0,-110.0,5.0
2006,8.0,Clemson,Georgia Tech,46.5,-110.0,-110.0,6.0
2006,8.0,Connecticut,West Virginia,49.0,-110.0,-110.0,6.0
2006,8.0,Eastern Michigan,Toledo,47.25,-110.0,-110.0,4.0
2006,8.0,Florida State,Boston College,43.0,-110.0,-110.0,6.0
2006,8.0,Georgia,Mississippi State,39.0,-110.0,-110.0,4.0
2006,8.0,Idaho,Boise State,55.5,-110.0,-110.0,3.0
2006,8.0,Iowa State,Texas Tech,50.0,-110.0,-110.0,4.0
2006,8.0,Louisiana Tech,Utah State,46.75,-110.0,-110.0,4.0
2006,8.0,Michigan,Iowa,44.5,-110.0,-110.0,6.0
2006,8.0,Missouri,Kansas State,44.25,-111.0,-4.0,2.0
2006,8.0,Nebraska,Texas,47.0,-110.0,-110.0,6.0
2006,8.0,New Mexico,Utah,41.0,-110.0,-110.0,5.0
2006,8.0,Northern Illinois,Temple,55.25,-110.0,-110.0,4.0
2006,8.0,Northwestern,Michigan State,47.25,-106.0,-109.0,2.0
2006,8.0,Notre Dame,UCLA,49.5,-110.0,-110.0,6.0
2006,8.0,Ohio,Buffalo,43.0,-110.0,-110.0,4.0
2006,8.0,Ohio State,Indiana,52.5,-109.5,-110.0,6.0
2006,8.0,Oklahoma,Colorado,39.5,-108.0,-110.0,5.0
2006,8.0,Oklahoma State,Texas A&M,56.0,-110.0,-110.0,4.0
2006,8.0,Penn State,Illinois,44.5,-110.0,-110.0,6.0
2006,8.0,Pittsburgh,Rutgers,44.5,-110.0,-110.0,5.0
2006,8.0,Purdue,Wisconsin,55.0,-107.5,-110.0,6.0
2006,8.0,San Diego State,Air Force,46.0,-110.0,-110.0,3.0
2006,8.0,Syracuse,Louisville,54.0,-110.0,-110.0,4.0
2006,8.0,Tennessee,Alabama,45.25,-110.0,-110.0,6.0
2006,8.0,Vanderbilt,South Carolina,43.0,-110.0,-110.0,4.0
2006,8.0,Virginia,North Carolina,41.5,-110.0,-110.0,5.0
2006,8.0,Washington State,Oregon,51.5,-110.0,-110.0,4.0
2006,8.0,Wyoming,Colorado State,38.75,-110.0,-110.0,6.0
2006,9.0,Alabama,Florida International,44.0,-110.0,-110.0,4.0
2006,9.0,Baylor,Texas A&M,54.75,-110.0,-110.0,4.0
2006,9.0,Boston College,Buffalo,41.5,-110.0,-110.0,4.0
2006,9.0,Cincinnati,Syracuse,38.0,-110.0,-110.0,4.0
2006,9.0,Colorado State,New Mexico,43.5,-110.0,-110.0,4.0
2006,9.0,Duke,Vanderbilt,41.75,-110.0,-110.0,4.0
2006,9.0,Florida Atlantic,Arkansas State,41.0,-110.0,-110.0,4.0
2006,9.0,Indiana,Michigan State,57.0,-110.0,-110.0,4.0
2006,9.0,Iowa,Northern Illinois,47.5,-110.0,-110.0,6.0
2006,9.0,Kansas,Colorado,43.0,-110.0,-110.0,4.0
2006,9.0,Kansas State,Iowa State,45.75,-110.0,-110.0,4.0
2006,9.0,Marshall,Memphis,49.0,-110.0,-110.0,4.0
2006,9.0,Maryland,Florida State,42.75,-110.0,-110.0,4.0
2006,9.0,Michigan,Northwestern,43.0,-110.0,-110.0,6.0
2006,9.0,Mississippi State,Kentucky,48.25,-110.0,-110.0,4.0
2006,9.0,Missouri,Oklahoma,44.75,-110.0,-107.5,6.0
2006,9.0,Navy,Notre Dame,46.5,-110.0,-110.0,6.0
2006,9.0,Nevada,New Mexico State,61.5,-110.0,-110.0,4.0
2006,9.0,North Carolina,Wake Forest,41.5,-110.0,-110.0,6.0
2006,9.0,Ohio State,Minnesota,47.0,-110.0,-110.0,6.0
2006,9.0,Oklahoma State,Nebraska,55.0,-110.0,-110.0,6.0
2006,9.0,Purdue,Penn State,46.0,-110.0,-110.0,6.0
2006,9.0,Rutgers,Connecticut,39.0,-107.5,-110.0,6.0
2006,9.0,South Carolina,Tennessee,43.5,-110.0,-108.5,6.0
2006,9.0,Temple,Bowling Green,47.5,-110.0,-110.0,4.0
2006,9.0,Texas Tech,Texas,55.5,-110.0,-110.0,6.0
2006,9.0,Toledo,Akron,45.5,-110.0,-110.0,4.0
2006,9.0,Troy,North Texas,42.0,-110.0,-110.0,4.0
2006,9.0,Tulane,Army,50.5,-110.0,-110.0,3.0
2006,9.0,UCLA,Washington State,44.5,-110.0,-110.0,6.0
2006,9.0,Utah,UNLV,46.5,-110.0,-110.0,4.0
2006,9.0,Virginia Tech,Clemson,43.0,-107.5,-110.0,6.0
2006,9.0,Washington,Arizona State,49.75,-110.0,-110.0,4.0
2006,9.0,Western Michigan,Eastern Michigan,42.5,-110.0,-110.0,4.0
2006,9.0,Wisconsin,Illinois,45.0,-110.0,-107.5,6.0
2006,10.0,Akron,Bowling Green,45.0,-105.5,-109.5,2.0
2006,10.0,Alabama,Mississippi State,39.0,-110.5,-4.5,2.0
2006,10.0,Army,Air Force,47.75,-110.0,-109.0,6.0
2006,10.0,Auburn,Arkansas State,43.5,-110.0,-110.0,4.0
2006,10.0,Boise State,Fresno State,56.5,-110.0,-109.5,6.0
2006,10.0,California,UCLA,51.5,-105.0,-110.0,5.0
2006,10.0,Clemson,Maryland,48.25,-110.0,-110.0,6.0
2006,10.0,Colorado,Kansas State,37.5,-110.0,-110.0,5.0
2006,10.0,Duke,Navy,47.0,-110.0,-110.0,3.0
2006,10.0,Eastern Michigan,Ohio,38.5,-110.0,-110.0,4.0
2006,10.0,Florida State,Virginia,42.0,-110.0,-110.0,4.0
2006,10.0,Idaho,Nevada,54.0,-110.0,-110.0,4.0
2006,10.0,Illinois,Ohio State,48.0,-110.0,-110.0,5.0
2006,10.0,Iowa,Northwestern,46.5,-110.0,-110.0,4.0
2006,10.0,Iowa State,Kansas,52.0,-110.0,-110.0,4.0
2006,10.0,Kentucky,Georgia,49.0,-108.5,-106.5,2.0
2006,10.0,Louisville,West Virginia,57.5,-110.0,-106.5,6.0
2006,10.0,Marshall,Tulane,58.0,-110.0,-110.0,5.0
2006,10.0,Michigan,Ball State,49.75,-110.0,-110.0,6.0
2006,10.0,Michigan State,Purdue,58.5,-109.0,-110.5,6.0
2006,10.0,Minnesota,Indiana,58.25,-110.0,-110.0,4.0
2006,10.0,Nebraska,Missouri,52.25,-110.0,-110.0,6.0
2006,10.0,North Texas,Louisiana Tech,46.0,-110.0,-110.0,4.0
2006,10.0,Notre Dame,North Carolina,53.5,-110.0,-110.0,6.0
2006,10.0,Oregon,Washington,50.0,-110.0,-107.5,6.0
2006,10.0,Oregon State,Arizona State,48.0,-110.0,-110.0,4.0
2006,10.0,South Carolina,Arkansas,45.75,-107.5,-110.0,6.0
2006,10.0,Temple,Central Michigan,51.0,-110.0,-110.0,4.0
2006,10.0,Texas,Oklahoma State,62.25,-110.0,-110.0,6.0
2006,10.0,Texas A&M,Oklahoma,46.5,-110.0,-109.0,6.0
2006,10.0,Texas Tech,Baylor,57.0,-110.0,-110.0,5.0
2006,10.0,Vanderbilt,Florida,42.5,-110.0,-110.0,3.0
2006,10.0,Wake Forest,Boston College,41.5,-109.0,-110.0,6.0
2006,10.0,Washington State,Arizona,40.0,-110.0,-110.0,4.0
2006,10.0,Wisconsin,Penn State,37.0,-110.0,-107.5,6.0
2006,10.0,Wyoming,San Diego State,39.5,-110.0,-5.0,4.0
2006,11.0,Air Force,Notre Dame,53.75,-110.0,-110.0,6.0
2006,11.0,Akron,Buffalo,49.0,-110.0,-110.0,6.0
2006,11.0,Arizona,California,44.5,-110.0,-110.0,6.0
2006,11.0,Arizona State,Washington State,49.0,-110.0,-110.0,4.0
2006,11.0,Arkansas,Tennessee,48.0,-110.0,-110.0,6.0
2006,11.0,Auburn,Georgia,40.0,-110.0,-110.0,4.0
2006,11.0,Boston College,Duke,47.0,-110.0,-110.0,6.0
2006,11.0,Central Michigan,Western Michigan,46.5,-110.0,-110.0,5.0
2006,11.0,Colorado,Iowa State,42.0,-107.5,-107.5,2.0
2006,11.0,Connecticut,Pittsburgh,41.0,-110.0,-110.0,4.0
2006,11.0,East Carolina,Marshall,50.75,-110.0,-110.0,4.0
2006,11.0,Eastern Michigan,Navy,45.5,-110.0,-110.0,4.0
2006,11.0,Florida,South Carolina,44.0,-110.0,-110.0,6.0
2006,11.0,Florida Atlantic,Troy,40.5,-110.0,-110.0,4.0
2006,11.0,Florida State,Wake Forest,44.75,-110.0,-110.0,6.0
2006,11.0,Fresno State,New Mexico State,58.5,-110.0,-110.0,4.0
2006,11.0,Illinois,Purdue,47.0,-110.0,-110.0,4.0
2006,11.0,Indiana,Michigan,49.25,-110.0,-110.0,6.0
2006,11.0,Iowa,Wisconsin,38.5,-110.0,-110.0,5.0
2006,11.0,Kansas State,Texas,51.0,-110.0,-110.0,6.0
2006,11.0,Kentucky,Vanderbilt,54.75,-110.0,-110.0,4.0
2006,11.0,Michigan State,Minnesota,56.5,-110.0,-110.0,6.0
2006,11.0,Nevada,Utah State,50.0,-110.0,-110.0,4.0
2006,11.0,North Carolina,Georgia Tech,46.75,-110.0,-110.0,4.0
2006,11.0,Northern Illinois,Toledo,52.75,-110.0,-107.5,6.0
2006,11.0,Northwestern,Ohio State,41.75,-110.0,-110.0,6.0
2006,11.0,Oklahoma,Texas Tech,52.5,-110.0,-110.0,5.0
2006,11.0,Oklahoma State,Baylor,59.5,-110.0,-110.0,6.0
2006,11.0,Penn State,Temple,46.5,-110.0,-110.0,4.0
2006,11.0,Rutgers,Louisville,50.5,-110.0,-110.0,6.0
2006,11.0,San Diego State,UNLV,43.0,-110.0,-110.0,4.0
2006,11.0,Texas A&M,Nebraska,52.5,-110.0,-110.0,5.0
2006,11.0,UCLA,Oregon State,47.5,-107.5,-107.5,2.0
2006,11.0,Utah,Colorado State,43.0,-105.5,-1.5,2.0
2006,11.0,Washington,Stanford,41.25,-110.0,-110.0,4.0
2006,11.0,West Virginia,Cincinnati,46.5,-110.0,-110.0,4.0
2006,12.0,Air Force,Utah,50.0,-110.0,-110.0,3.0
2006,12.0,Alabama,Auburn,40.0,-105.5,-101.5,2.0
2006,12.0,Arizona State,UCLA,52.0,-110.0,-105.0,5.0
2006,12.0,Baylor,Oklahoma,52.0,-110.0,-110.0,5.0
2006,12.0,Boise State,Utah State,54.5,-110.0,-110.0,3.0
2006,12.0,Boston College,Maryland,42.5,-110.0,-110.0,5.0
2006,12.0,Cincinnati,Rutgers,37.75,-110.0,-107.5,6.0
2006,12.0,Florida State,Western Michigan,46.0,-110.0,-110.0,3.0
2006,12.0,Fresno State,Idaho,52.0,-110.0,-110.0,3.0
2006,12.0,Georgia Tech,Duke,43.0,-0.5,-114.5,2.0
2006,12.0,Iowa State,Missouri,52.5,-110.0,-110.0,3.0
2006,12.0,Kansas,Kansas State,50.5,-110.0,-105.0,5.0
2006,12.0,Louisiana Tech,Nevada,57.25,-110.0,-110.0,4.0
2006,12.0,Memphis,Houston,60.0,-110.0,-110.0,3.0
2006,12.0,Minnesota,Iowa,53.5,-110.0,-110.0,3.0
2006,12.0,Mississippi State,Arkansas,34.5,-113.0,-2.0,2.0
2006,12.0,Navy,Temple,56.0,-110.0,-110.0,6.0
2006,12.0,North Texas,Florida Atlantic,36.5,-110.0,-110.0,3.0
2006,12.0,Northern Illinois,Central Michigan,48.0,-107.5,-110.0,6.0
2006,12.0,Northwestern,Illinois,48.0,-110.0,-110.0,3.0
2006,12.0,Notre Dame,Army,52.75,-110.0,-110.0,6.0
2006,12.0,Ohio,Akron,40.0,-110.0,-110.0,6.0
2006,12.0,Ohio State,Michigan,40.5,-110.0,-110.0,6.0
2006,12.0,Oregon,Arizona,45.5,-110.0,-110.0,3.0
2006,12.0,Penn State,Michigan State,44.5,-110.0,-109.0,5.0
2006,12.0,Pittsburgh,West Virginia,52.5,-110.0,-110.0,6.0
2006,12.0,Purdue,Indiana,60.0,-110.0,-110.0,5.0
2006,12.0,Rice,East Carolina,57.0,-110.0,-110.0,3.0
2006,12.0,Stanford,Oregon State,41.5,-110.0,-110.0,3.0
2006,12.0,Syracuse,Connecticut,41.5,-110.0,-110.0,3.0
2006,12.0,Texas Tech,Oklahoma State,67.0,-110.0,-110.0,4.0
2006,12.0,Toledo,Ball State,55.75,-110.0,-110.0,6.0
2006,12.0,Troy,Arkansas State,41.0,-110.0,-110.0,3.0
2006,12.0,UNLV,Wyoming,42.25,-111.5,-3.5,2.0
2006,12.0,Vanderbilt,Tennessee,50.0,-110.0,-110.0,3.0
2006,12.0,Wake Forest,Virginia Tech,37.0,-110.0,-105.0,5.0
2006,12.0,Washington State,Washington,43.0,-108.0,-110.0,5.0
2006,12.0,Wisconsin,Buffalo,48.0,-110.0,-110.0,5.0
2006,13.0,Akron,Western Michigan,44.5,-101.0,-109.0,1.0
2006,13.0,Arizona,Arizona State,42.75,-110.0,-107.5,6.0
2006,13.0,Buffalo,Central Michigan,47.75,-109.5,-105.5,2.0
2006,13.0,Clemson,South Carolina,48.0,-107.5,-110.0,6.0
2006,13.0,Connecticut,Cincinnati,40.5,-110.0,-110.0,4.0
2006,13.0,Duke,North Carolina,44.5,-110.0,-110.0,4.0
2006,13.0,Eastern Michigan,Northern Illinois,42.5,-110.0,-110.0,4.0
2006,13.0,Florida State,Florida,43.5,-107.5,-110.0,6.0
2006,13.0,Georgia,Georgia Tech,42.0,-110.0,-110.0,6.0
2006,13.0,Louisiana Tech,Fresno State,51.5,-110.0,-110.0,6.0
2006,13.0,Maryland,Wake Forest,40.25,-107.5,-110.0,6.0
2006,13.0,Missouri,Kansas,51.25,-107.5,-110.0,6.0
2006,13.0,Nebraska,Colorado,46.25,-108.0,-110.0,6.0
2006,13.0,Nevada,Boise State,54.0,-110.0,-110.0,6.0
2006,13.0,New Mexico,San Diego State,44.5,-107.5,-107.5,2.0
2006,13.0,Oklahoma State,Oklahoma,52.25,-107.5,-110.0,6.0
2006,13.0,Oregon State,Oregon,50.0,-110.0,-110.0,6.0
2006,13.0,Pittsburgh,Louisville,58.5,-110.0,-110.0,6.0
2006,13.0,Rutgers,Syracuse,40.0,-105.0,-110.5,6.0
2006,13.0,Tennessee,Kentucky,59.25,-110.0,-110.0,4.0
2006,13.0,Texas,Texas A&M,54.75,-110.0,-110.0,6.0
2006,13.0,Toledo,Bowling Green,46.25,-109.5,-110.0,6.0
2006,13.0,UNLV,Air Force,46.0,-110.0,-110.0,4.0
2006,13.0,Utah State,New Mexico State,54.5,-110.0,-110.0,4.0
2006,13.0,Virginia Tech,Virginia,36.75,-110.0,-110.0,4.0
2006,14.0,California,Stanford,48.0,-107.5,-110.0,6.0
2006,14.0,Florida,Arkansas,45.0,-105.5,-109.5,6.0
2006,14.0,Florida International,Troy,41.0,-107.5,-110.0,4.0
2006,14.0,Georgia Tech,Wake Forest,40.5,-110.0,-110.0,6.0
2006,14.0,Louisville,Connecticut,55.5,-110.0,-110.0,6.0
2006,14.0,Navy,Army,50.0,-109.0,-109.0,6.0
2006,14.0,New Mexico State,Louisiana Tech,65.0,-110.0,-110.0,5.0
2006,14.0,Oklahoma,Nebraska,45.0,-110.0,-107.5,6.0
2006,14.0,San Diego State,Colorado State,42.0,-107.5,-107.5,2.0
2006,14.0,West Virginia,Rutgers,49.25,-105.0,-108.0,6.0
2007,1.0,Akron,Army,42.0,-110.0,-110.0,7.0
2007,1.0,Arkansas,Troy,46.0,-110.0,-110.0,5.0
2007,1.0,Auburn,Kansas State,45.5,-110.0,-110.0,7.0
2007,1.0,Boston College,Wake Forest,42.0,-110.0,-110.0,8.0
2007,1.0,California,Tennessee,55.5,-110.0,-110.0,8.0
2007,1.0,Clemson,Florida State,44.5,-110.0,-110.0,8.0
2007,1.0,Colorado,Colorado State,45.5,-110.0,-110.0,8.0
2007,1.0,Duke,Connecticut,51.5,-110.0,-110.0,7.0
2007,1.0,Georgia,Oklahoma State,56.75,-110.0,-110.0,8.0
2007,1.0,Illinois,Missouri,57.25,-110.0,-110.0,8.0
2007,1.0,Kansas,Central Michigan,51.5,-110.0,-110.0,7.0
2007,1.0,Minnesota,Bowling Green,53.0,-110.0,-110.0,7.0
2007,1.0,Nebraska,Nevada,50.0,-110.0,-110.0,8.0
2007,1.0,Northern Illinois,Iowa,45.0,-110.0,-110.0,8.0
2007,1.0,Notre Dame,Georgia Tech,44.25,-110.0,-110.0,8.0
2007,1.0,Oklahoma,North Texas,52.75,-110.0,-110.0,8.0
2007,1.0,Oregon,Houston,57.5,-110.0,-110.0,7.0
2007,1.0,Oregon State,Utah,52.0,-110.0,-110.0,8.0
2007,1.0,Penn State,Florida International,49.0,-110.0,-110.0,6.0
2007,1.0,Pittsburgh,Eastern Michigan,46.5,-110.0,-110.0,7.0
2007,1.0,Rutgers,Buffalo,49.5,-110.0,-110.0,8.0
2007,1.0,Stanford,UCLA,44.25,-110.0,-110.0,8.0
2007,1.0,Syracuse,Washington,43.5,-110.0,-110.0,8.0
2007,1.0,Temple,Navy,52.0,-110.0,-110.0,8.0
2007,1.0,Texas,Arkansas State,54.5,-110.0,-110.0,6.0
2007,1.0,Toledo,Purdue,54.75,-110.0,-110.0,8.0
2007,1.0,Utah State,UNLV,47.0,-110.0,-110.0,8.0
2007,1.0,Virginia Tech,East Carolina,41.25,-110.0,-110.0,8.0
2007,1.0,West Virginia,Western Michigan,59.0,-110.0,-110.0,7.0
2007,1.0,Wisconsin,Washington State,50.0,-110.0,-110.0,8.0
2007,1.0,Wyoming,Virginia,41.5,-111.5,-110.0,8.0
2007,2.0,Arizona State,Colorado,53.25,-110.0,-110.0,8.0
2007,2.0,Baylor,Rice,46.0,-110.0,-110.0,9.0
2007,2.0,Central Michigan,Toledo,53.0,-110.0,-110.0,8.0
2007,2.0,Cincinnati,Oregon State,44.0,-110.0,-110.0,9.0
2007,2.0,Colorado State,California,62.0,-110.0,-110.0,8.0
2007,2.0,East Carolina,North Carolina,42.0,-110.0,-110.0,7.0
2007,2.0,Eastern Michigan,Ball State,45.0,-110.0,-110.0,9.0
2007,2.0,Florida,Troy,53.25,-110.0,-110.0,6.0
2007,2.0,Florida International,Maryland,45.5,-110.0,-110.0,5.0
2007,2.0,Georgia,South Carolina,45.0,-110.0,-110.0,9.0
2007,2.0,Iowa,Syracuse,43.5,-110.0,-110.0,9.0
2007,2.0,Marshall,West Virginia,63.5,-110.0,-110.0,9.0
2007,2.0,Michigan,Oregon,64.5,-110.0,-110.0,8.0
2007,2.0,Michigan State,Bowling Green,57.0,-110.0,-110.0,7.0
2007,2.0,New Mexico,New Mexico State,53.5,-110.0,-110.0,9.0
2007,2.0,Northwestern,Nevada,52.5,-110.0,-110.0,9.0
2007,2.0,Ohio State,Akron,46.0,-110.0,-110.0,9.0
2007,2.0,Oklahoma State,Florida Atlantic,55.5,-110.0,-110.0,5.0
2007,2.0,Penn State,Notre Dame,43.75,-110.0,-109.5,6.0
2007,2.0,Rutgers,Navy,49.0,-110.0,-110.0,9.0
2007,2.0,Temple,Buffalo,47.5,-110.0,-110.0,9.0
2007,2.0,Texas A&M,Fresno State,51.5,-110.0,-110.0,9.0
2007,2.0,Tulane,Mississippi State,46.0,-110.0,-110.0,9.0
2007,2.0,UNLV,Wisconsin,50.0,-110.0,-110.0,8.0
2007,2.0,Utah,Air Force,47.0,-110.0,-110.0,7.0
2007,2.0,Vanderbilt,Alabama,49.0,-110.0,-110.0,9.0
2007,2.0,Virginia,Duke,43.0,-110.0,-110.0,8.0
2007,2.0,Wake Forest,Nebraska,50.75,-110.0,-110.0,8.0
2007,2.0,Washington,Boise State,59.0,-110.0,-110.0,9.0
2007,2.0,Washington State,San Diego State,52.0,-110.0,-110.0,8.0
2007,2.0,Western Michigan,Indiana,60.0,-110.0,-110.0,8.0
2007,2.0,Wyoming,Utah State,43.0,-110.0,-110.0,9.0
2007,3.0,Alabama,Arkansas,46.0,-110.0,-110.0,9.0
2007,3.0,Arizona,New Mexico,45.0,-110.0,-110.0,7.0
2007,3.0,Arizona State,San Diego State,58.0,-110.0,-110.0,9.0
2007,3.0,Auburn,Mississippi State,41.5,-110.0,-110.0,8.0
2007,3.0,Boise State,Wyoming,51.0,-110.0,-110.0,9.0
2007,3.0,California,Louisiana Tech,66.5,-110.0,-110.0,6.0
2007,3.0,Colorado,Florida State,47.0,-110.0,-110.0,9.0
2007,3.0,Connecticut,Temple,51.5,-110.0,-110.0,9.0
2007,3.0,Florida,Tennessee,55.5,-110.0,-110.0,9.0
2007,3.0,Florida Atlantic,Minnesota,52.0,-110.0,-110.0,6.0
2007,3.0,Georgia Tech,Boston College,47.5,-110.0,-110.0,9.0
2007,3.0,Indiana,Akron,48.5,-110.0,-110.0,7.0
2007,3.0,Iowa State,Iowa,44.0,-110.0,-110.0,9.0
2007,3.0,Kansas,Toledo,65.0,-110.0,-110.0,8.0
2007,3.0,Kentucky,Louisville,76.5,-110.0,-110.0,9.0
2007,3.0,Maryland,West Virginia,61.5,-110.0,-110.0,9.0
2007,3.0,Michigan,Notre Dame,45.0,-110.0,-110.0,9.0
2007,3.0,Michigan State,Pittsburgh,49.0,-110.0,-110.0,9.0
2007,3.0,Missouri,Western Michigan,68.0,-110.0,-110.0,8.0
2007,3.0,Navy,Ball State,57.0,-110.0,-110.0,9.0
2007,3.0,North Carolina,Virginia,42.5,-110.0,-110.0,9.0
2007,3.0,Northern Illinois,Eastern Michigan,44.5,-110.0,-110.0,9.0
2007,3.0,Northwestern,Duke,53.0,-110.0,-110.0,9.0
2007,3.0,Oklahoma,Utah State,64.0,-110.0,-110.0,6.0
2007,3.0,Oregon,Fresno State,63.0,-110.0,-110.0,9.0
2007,3.0,Penn State,Buffalo,50.0,-110.0,-110.0,9.0
2007,3.0,Purdue,Central Michigan,67.0,-110.0,-110.0,9.0
2007,3.0,Rice,Texas Tech,64.0,-110.0,-110.0,9.0
2007,3.0,Syracuse,Illinois,44.5,-110.0,-110.0,9.0
2007,3.0,Troy,Oklahoma State,61.5,-110.0,-110.0,9.0
2007,3.0,Tulane,Houston,62.5,-110.0,-110.0,9.0
2007,3.0,Utah,UCLA,44.0,-110.0,-110.0,8.0
2007,3.0,Virginia Tech,Ohio,44.0,-110.0,-110.0,9.0
2007,3.0,Wake Forest,Army,46.0,-110.0,-110.0,9.0
2007,3.0,Washington,Ohio State,40.5,-110.0,-110.0,9.0
2007,3.0,Washington State,Idaho,56.0,-110.0,-110.0,7.0
2007,4.0,Alabama,Georgia,46.5,-110.0,-110.0,9.0
2007,4.0,Arizona State,Oregon State,51.5,-109.0,-110.0,8.0
2007,4.0,Arkansas,Kentucky,65.5,-110.0,-110.0,9.0
2007,4.0,Auburn,New Mexico State,55.0,-110.0,-110.0,7.0
2007,4.0,Boston College,Army,45.5,-110.0,-108.5,6.0
2007,4.0,Bowling Green,Temple,52.0,-110.0,-110.0,9.0
2007,4.0,Buffalo,Baylor,53.0,-110.0,-110.0,8.0
2007,4.0,California,Arizona,57.0,-110.0,-110.0,9.0
2007,4.0,Cincinnati,Marshall,53.5,-108.5,-110.0,6.0
2007,4.0,Houston,Colorado State,64.5,-110.0,-110.0,9.0
2007,4.0,Idaho,Northern Illinois,48.5,-108.5,-109.5,6.0
2007,4.0,Indiana,Illinois,61.0,-110.0,-110.0,7.0
2007,4.0,Kansas,Florida International,54.5,-110.0,-110.0,5.0
2007,4.0,Louisville,Syracuse,64.0,-110.0,-110.0,9.0
2007,4.0,Michigan,Penn State,45.5,-110.0,-110.0,9.0
2007,4.0,Minnesota,Purdue,70.5,-110.0,-110.0,9.0
2007,4.0,Navy,Duke,57.0,-110.0,-110.0,9.0
2007,4.0,Nebraska,Ball State,62.0,-107.0,-110.0,6.0
2007,4.0,North Texas,Florida Atlantic,61.5,-110.0,-110.0,6.0
2007,4.0,Notre Dame,Michigan State,44.0,-110.0,-110.0,9.0
2007,4.0,Ohio,Wyoming,44.0,-108.0,-107.5,6.0
2007,4.0,Ohio State,Northwestern,49.0,-110.0,-110.0,9.0
2007,4.0,Pittsburgh,Connecticut,43.5,-110.0,-110.0,9.0
2007,4.0,Stanford,Oregon,60.5,-107.5,-110.0,8.0
2007,4.0,Tennessee,Arkansas State,58.5,-110.0,-107.5,6.0
2007,4.0,Texas,Rice,65.0,-110.0,-110.0,9.0
2007,4.0,Toledo,Iowa State,53.5,-110.0,-110.0,7.0
2007,4.0,UCLA,Washington,47.5,-110.0,-110.0,9.0
2007,4.0,UNLV,Utah,48.5,-110.0,-110.0,9.0
2007,4.0,Virginia,Georgia Tech,39.5,-110.0,-110.0,9.0
2007,4.0,Wake Forest,Maryland,42.0,-105.0,-105.0,5.0
2007,4.0,West Virginia,East Carolina,59.0,-110.0,-110.0,8.0
2007,4.0,Wisconsin,Iowa,44.25,-109.0,-110.0,8.0
2007,5.0,Arizona,Washington State,59.0,-110.0,-110.0,9.0
2007,5.0,Arkansas,North Texas,65.0,-110.0,-110.0,6.0
2007,5.0,Arkansas State,Memphis,61.5,-110.0,-110.0,9.0
2007,5.0,Army,Temple,46.0,-110.0,-107.5,8.0
2007,5.0,Ball State,Buffalo,62.0,-110.0,-110.0,9.0
2007,5.0,Central Michigan,Northern Illinois,61.5,-110.0,-110.0,9.0
2007,5.0,Colorado,Oklahoma,55.0,-110.0,-110.0,9.0
2007,5.0,Connecticut,Akron,45.0,-110.0,-110.0,9.0
2007,5.0,Florida,Auburn,52.0,-110.0,-110.0,9.0
2007,5.0,Florida State,Alabama,44.0,-110.0,-110.0,9.0
2007,5.0,Fresno State,Louisiana Tech,62.5,-110.0,-110.0,9.0
2007,5.0,Georgia Tech,Clemson,47.0,-110.0,-110.0,9.0
2007,5.0,Houston,East Carolina,57.5,-110.0,-110.0,7.0
2007,5.0,Illinois,Penn State,45.5,-110.0,-110.0,9.0
2007,5.0,Iowa,Indiana,45.0,-110.0,-110.0,9.0
2007,5.0,Kentucky,Florida Atlantic,63.5,-110.0,-110.0,6.0
2007,5.0,Minnesota,Ohio State,60.5,-110.0,-110.0,9.0
2007,5.0,Navy,Air Force,56.0,-110.0,-110.0,8.0
2007,5.0,Nebraska,Iowa State,54.5,-110.0,-110.0,9.0
2007,5.0,Nevada,UNLV,51.75,-110.0,-110.0,8.0
2007,5.0,Northwestern,Michigan,51.5,-110.0,-110.0,9.0
2007,5.0,Oregon,California,72.5,-110.0,-110.0,9.0
2007,5.0,Oregon State,UCLA,52.5,-110.0,-110.0,9.0
2007,5.0,Purdue,Notre Dame,55.5,-110.0,-110.0,9.0
2007,5.0,Rutgers,Maryland,47.5,-110.0,-110.0,9.0
2007,5.0,San Diego State,Cincinnati,55.0,-110.0,-110.0,8.0
2007,5.0,South Carolina,Mississippi State,42.0,-110.0,-110.0,9.0
2007,5.0,Stanford,Arizona State,60.5,-110.0,-110.0,9.0
2007,5.0,Texas,Kansas State,56.0,-110.0,-110.0,9.0
2007,5.0,Texas A&M,Baylor,58.0,-110.0,-110.0,9.0
2007,5.0,Toledo,Western Michigan,64.0,-110.0,-110.0,9.0
2007,5.0,Utah,Utah State,45.0,-110.0,-110.0,9.0
2007,5.0,Vanderbilt,Eastern Michigan,46.0,-110.0,-110.0,9.0
2007,5.0,Virginia,Pittsburgh,40.0,-110.0,-110.0,8.0
2007,5.0,Virginia Tech,North Carolina,44.0,-110.0,-110.0,9.0
2007,5.0,Wisconsin,Michigan State,45.5,-110.0,-110.0,9.0
2007,6.0,Air Force,UNLV,44.0,-107.5,-110.0,8.0
2007,6.0,Alabama,Houston,58.0,-108.5,-110.0,8.0
2007,6.0,Army,Tulane,44.75,-110.0,-107.5,8.0
2007,6.0,Auburn,Vanderbilt,43.75,-110.0,-110.0,8.0
2007,6.0,Ball State,Central Michigan,68.0,-110.0,-110.0,7.0
2007,6.0,Baylor,Colorado,48.0,-107.0,-107.0,7.0
2007,6.0,Boise State,New Mexico State,62.5,-110.0,-110.0,9.0
2007,6.0,Boston College,Bowling Green,59.0,-110.0,-110.0,8.0
2007,6.0,Buffalo,Ohio,51.75,-110.0,-108.5,8.0
2007,6.0,Clemson,Virginia Tech,41.75,-110.0,-106.5,8.0
2007,6.0,Colorado State,San Diego State,58.0,-108.0,-110.0,8.0
2007,6.0,Duke,Wake Forest,49.25,-110.0,-110.0,8.0
2007,6.0,Florida International,Troy,54.25,-110.0,-110.0,6.0
2007,6.0,Illinois,Wisconsin,52.0,-108.0,-110.0,8.0
2007,6.0,Indiana,Minnesota,66.5,-110.0,-110.0,7.0
2007,6.0,Kansas State,Kansas,54.5,-110.0,-110.0,9.0
2007,6.0,Louisville,Utah,63.0,-110.0,-110.0,9.0
2007,6.0,Maryland,Georgia Tech,42.5,-110.0,-110.0,8.0
2007,6.0,Memphis,Marshall,59.5,-110.0,-110.0,8.0
2007,6.0,Michigan,Eastern Michigan,45.5,-110.0,-110.0,8.0
2007,6.0,Michigan State,Northwestern,54.0,-107.5,-110.0,8.0
2007,6.0,Missouri,Nebraska,69.0,-110.0,-110.0,9.0
2007,6.0,Nevada,Fresno State,52.5,-105.0,-110.0,7.0
2007,6.0,Oregon State,Arizona,54.0,-110.0,-105.0,8.0
2007,6.0,Penn State,Iowa,40.0,-110.0,-110.0,9.0
2007,6.0,Purdue,Ohio State,52.0,-104.0,-110.0,8.0
2007,6.0,Rutgers,Cincinnati,52.0,-110.0,-110.0,9.0
2007,6.0,South Carolina,Kentucky,56.5,-110.0,-109.0,8.0
2007,6.0,Syracuse,West Virginia,57.5,-110.0,-109.0,7.0
2007,6.0,Temple,Northern Illinois,54.0,-110.0,-105.0,7.0
2007,6.0,Tennessee,Georgia,56.0,-105.0,-107.0,7.0
2007,6.0,Texas,Oklahoma,56.0,-110.0,-107.0,9.0
2007,6.0,Texas A&M,Oklahoma State,64.0,-110.0,-110.0,8.0
2007,6.0,Texas Tech,Iowa State,65.5,-110.0,-105.0,9.0
2007,6.0,UCLA,Notre Dame,50.0,-110.0,-110.0,8.0
2007,6.0,Washington State,Arizona State,63.5,-109.5,-107.5,8.0
2007,6.0,Western Michigan,Akron,56.0,-109.0,-110.0,9.0
2007,7.0,Akron,Temple,51.0,-110.0,-110.0,9.0
2007,7.0,Arizona State,Washington,56.0,-110.0,-110.0,8.0
2007,7.0,Arkansas,Auburn,51.0,-109.0,-110.0,9.0
2007,7.0,Boise State,Nevada,62.0,-110.0,-110.0,9.0
2007,7.0,Buffalo,Toledo,56.75,-110.0,-107.5,8.0
2007,7.0,California,Oregon State,57.0,-110.0,-110.0,9.0
2007,7.0,Central Michigan,Army,54.0,-110.0,-107.5,6.0
2007,7.0,Cincinnati,Louisville,67.5,-110.0,-110.0,9.0
2007,7.0,Colorado State,Air Force,46.5,-110.0,-110.0,8.0
2007,7.0,Duke,Virginia Tech,45.25,-110.0,-110.0,8.0
2007,7.0,Houston,Rice,65.5,-105.0,-108.5,8.0
2007,7.0,Idaho,Fresno State,55.0,-110.0,-110.0,9.0
2007,7.0,Iowa,Illinois,44.5,-110.0,-110.0,9.0
2007,7.0,Iowa State,Texas,52.0,-110.0,-110.0,9.0
2007,7.0,Kansas,Baylor,57.5,-110.0,-109.0,8.0
2007,7.0,Kansas State,Colorado,49.5,-110.0,-110.0,9.0
2007,7.0,Louisiana Tech,New Mexico State,49.75,-110.0,-108.5,8.0
2007,7.0,Michigan,Purdue,56.5,-110.0,-110.0,6.0
2007,7.0,Michigan State,Indiana,61.5,-110.0,-110.0,9.0
2007,7.0,Mississippi State,Tennessee,51.0,-110.0,-110.0,9.0
2007,7.0,Nebraska,Oklahoma State,64.0,-110.0,-110.0,9.0
2007,7.0,North Carolina,South Carolina,47.0,-108.5,-107.5,8.0
2007,7.0,Northern Illinois,Western Michigan,59.5,-110.0,-110.0,9.0
2007,7.0,Northwestern,Minnesota,66.0,-110.0,-110.0,8.0
2007,7.0,Notre Dame,Boston College,48.0,-110.0,-110.0,7.0
2007,7.0,Ohio,Eastern Michigan,45.5,-110.0,-110.0,9.0
2007,7.0,Oklahoma,Missouri,63.0,-110.0,-110.0,9.0
2007,7.0,Oregon,Washington State,69.0,-108.0,-102.0,4.0
2007,7.0,Penn State,Wisconsin,46.5,-110.0,-110.0,9.0
2007,7.0,Pittsburgh,Navy,53.5,-110.0,-110.0,9.0
2007,7.0,Syracuse,Rutgers,54.0,-110.0,-110.0,7.0
2007,7.0,Texas Tech,Texas A&M,68.0,-110.0,-110.0,9.0
2007,7.0,Utah,San Diego State,55.0,-107.5,-110.0,6.0
2007,7.0,Vanderbilt,Georgia,47.0,-108.0,-110.0,9.0
2007,7.0,Virginia,Connecticut,45.5,-110.0,-110.0,7.0
2007,7.0,Wake Forest,Florida State,44.0,-110.0,-110.0,8.0
2007,7.0,Wyoming,New Mexico,48.0,-110.0,-110.0,9.0
2007,8.0,Air Force,Wyoming,46.0,-110.0,-110.0,9.0
2007,8.0,Alabama,Tennessee,55.0,-110.0,-110.0,9.0
2007,8.0,Arizona,Stanford,54.5,-108.0,-110.0,9.0
2007,8.0,Baylor,Texas,60.0,-110.0,-110.0,7.0
2007,8.0,Clemson,Central Michigan,61.0,-110.0,-110.0,7.0
2007,8.0,Colorado,Kansas,54.0,-107.5,-109.0,8.0
2007,8.0,Connecticut,Louisville,56.5,-110.0,-110.0,9.0
2007,8.0,Eastern Michigan,Northwestern,59.0,-110.0,-110.0,8.0
2007,8.0,Georgia Tech,Army,44.5,-109.0,-110.0,8.0
2007,8.0,Illinois,Michigan,50.5,-110.0,-110.0,8.0
2007,8.0,Indiana,Penn State,53.0,-110.0,-105.0,9.0
2007,8.0,Iowa State,Oklahoma,57.0,-105.0,-110.0,5.0
2007,8.0,Kentucky,Florida,64.0,-110.0,-110.0,9.0
2007,8.0,Louisiana Tech,Boise State,53.5,-110.0,-110.0,7.0
2007,8.0,Maryland,Virginia,44.0,-110.0,-110.0,9.0
2007,8.0,Missouri,Texas Tech,73.75,-109.0,-107.5,8.0
2007,8.0,Navy,Wake Forest,61.5,-110.0,-110.0,9.0
2007,8.0,Nebraska,Texas A&M,59.0,-110.0,-110.0,9.0
2007,8.0,New Mexico State,Idaho,59.0,-110.0,-110.0,9.0
2007,8.0,Ohio State,Michigan State,52.0,-110.0,-110.0,7.0
2007,8.0,Oklahoma State,Kansas State,60.0,-110.0,-110.0,9.0
2007,8.0,Pittsburgh,Cincinnati,50.0,-110.0,-106.0,6.0
2007,8.0,Purdue,Iowa,46.0,-110.0,-110.0,9.0
2007,8.0,Rice,Memphis,64.5,-105.0,-105.0,6.0
2007,8.0,San Diego State,New Mexico,53.5,-110.0,-109.0,8.0
2007,8.0,South Carolina,Vanderbilt,48.0,-105.0,-110.0,9.0
2007,8.0,Syracuse,Buffalo,55.25,-109.0,-110.0,6.0
2007,8.0,Toledo,Ohio,61.5,-110.0,-110.0,9.0
2007,8.0,Troy,North Texas,64.5,-107.5,-110.0,6.0
2007,8.0,UCLA,California,57.0,-108.0,-110.0,8.0
2007,8.0,UNLV,Colorado State,47.0,-109.5,-108.0,8.0
2007,8.0,Utah State,Nevada,60.5,-110.0,-110.0,9.0
2007,8.0,Washington,Oregon,63.0,-110.0,-110.0,9.0
2007,8.0,West Virginia,Mississippi State,57.0,-108.0,-102.0,7.0
2007,8.0,Western Michigan,Ball State,68.0,-109.0,-110.0,8.0
2007,8.0,Wisconsin,Northern Illinois,51.0,-110.0,-110.0,9.0
2007,9.0,Arizona State,California,62.5,-110.0,-110.0,9.0
2007,9.0,Arkansas,Florida International,58.0,-108.0,-110.0,5.0
2007,9.0,Arkansas State,Troy,59.0,-106.0,-110.0,6.0
2007,9.0,Bowling Green,Ohio,60.5,-110.0,-110.0,9.0
2007,9.0,Buffalo,Akron,48.5,-110.0,-110.0,9.0
2007,9.0,Colorado State,Utah,51.5,-110.0,-110.0,5.0
2007,9.0,Eastern Michigan,Western Michigan,55.0,-110.0,-110.0,9.0
2007,9.0,Florida,Georgia,55.0,-110.0,-110.0,9.0
2007,9.0,Florida State,Duke,49.0,-110.0,-110.0,8.0
2007,9.0,Fresno State,Boise State,63.5,-110.0,-110.0,9.0
2007,9.0,Illinois,Ball State,58.5,-110.0,-110.0,9.0
2007,9.0,Iowa,Michigan State,42.0,-110.0,-110.0,9.0
2007,9.0,Kansas State,Baylor,59.0,-110.0,-110.0,8.0
2007,9.0,Kentucky,Mississippi State,60.0,-110.0,-110.0,9.0
2007,9.0,Louisville,Pittsburgh,62.0,-110.0,-110.0,7.0
2007,9.0,Marshall,Rice,67.0,-110.0,-110.0,9.0
2007,9.0,Maryland,Clemson,48.0,-110.0,-110.0,8.0
2007,9.0,Michigan,Minnesota,58.0,-110.0,-110.0,9.0
2007,9.0,Missouri,Iowa State,57.0,-103.0,-109.0,5.0
2007,9.0,Nevada,Idaho,66.0,-110.0,-110.0,8.0
2007,9.0,New Mexico,Air Force,47.0,-110.0,-110.0,8.0
2007,9.0,Oregon State,Stanford,52.5,-110.0,-110.0,7.0
2007,9.0,Penn State,Ohio State,40.0,-110.0,-110.0,9.0
2007,9.0,Purdue,Northwestern,64.0,-110.0,-110.0,9.0
2007,9.0,Rutgers,West Virginia,56.5,-110.0,-110.0,9.0
2007,9.0,Tennessee,South Carolina,52.5,-110.0,-110.0,8.0
2007,9.0,Texas,Nebraska,59.0,-110.0,-110.0,8.0
2007,9.0,Texas A&M,Kansas,54.0,-110.0,-110.0,8.0
2007,9.0,Texas Tech,Colorado,60.5,-110.0,-110.0,9.0
2007,9.0,Toledo,Northern Illinois,57.0,-110.0,-110.0,8.0
2007,9.0,Tulane,Memphis,57.0,-110.0,-110.0,9.0
2007,9.0,Utah State,Louisiana Tech,51.0,-110.0,-110.0,9.0
2007,9.0,Virginia Tech,Boston College,41.5,-110.0,-110.0,9.0
2007,9.0,Wake Forest,North Carolina,50.5,-110.0,-110.0,9.0
2007,9.0,Washington,Arizona,55.0,-108.5,-110.0,6.0
2007,9.0,Washington State,UCLA,55.0,-110.0,-110.0,9.0
2007,9.0,Wisconsin,Indiana,59.5,-110.0,-110.0,9.0
2007,9.0,Wyoming,UNLV,45.5,-110.0,-110.0,9.0
2007,10.0,Air Force,Army,45.5,-110.0,-110.0,7.0
2007,10.0,Arizona,UCLA,49.5,-110.0,-108.0,6.0
2007,10.0,Arkansas,South Carolina,50.0,-108.0,-107.5,6.0
2007,10.0,Arkansas State,Florida International,50.5,-110.0,-105.0,5.0
2007,10.0,Baylor,Texas Tech,65.5,-110.0,-110.0,7.0
2007,10.0,Boston College,Florida State,39.5,-110.0,-110.0,9.0
2007,10.0,Bowling Green,Akron,56.0,-110.0,-110.0,6.0
2007,10.0,California,Washington State,63.0,-109.5,-110.0,6.0
2007,10.0,Colorado,Missouri,57.5,-110.0,-110.0,7.0
2007,10.0,Connecticut,Rutgers,42.0,-110.0,-110.0,9.0
2007,10.0,Duke,Clemson,54.25,-107.5,-110.0,8.0
2007,10.0,Florida,Vanderbilt,52.75,-110.0,-110.0,8.0
2007,10.0,Fresno State,Utah State,55.0,-108.0,-110.0,5.0
2007,10.0,Georgia,Troy,55.0,-110.0,-110.0,5.0
2007,10.0,Georgia Tech,Virginia Tech,40.5,-110.0,-110.0,9.0
2007,10.0,Idaho,Louisiana Tech,54.0,-109.0,-105.0,5.0
2007,10.0,Indiana,Ball State,62.75,-110.0,-110.0,8.0
2007,10.0,Iowa State,Kansas State,52.5,-110.0,-110.0,9.0
2007,10.0,Kansas,Nebraska,54.5,-110.0,-110.0,8.0
2007,10.0,Memphis,East Carolina,60.0,-110.0,-110.0,7.0
2007,10.0,Michigan State,Michigan,51.0,-107.5,-110.0,8.0
2007,10.0,Minnesota,Illinois,59.0,-110.0,-110.0,7.0
2007,10.0,New Mexico State,Nevada,69.0,-110.0,-110.0,9.0
2007,10.0,North Carolina,Maryland,45.5,-110.0,-110.0,8.0
2007,10.0,Northwestern,Iowa,46.0,-106.0,-110.0,7.0
2007,10.0,Notre Dame,Navy,57.5,-110.0,-110.0,9.0
2007,10.0,Ohio,Temple,54.0,-110.0,-108.5,8.0
2007,10.0,Ohio State,Wisconsin,45.0,-109.5,-107.5,6.0
2007,10.0,Oklahoma,Texas A&M,56.25,-110.0,-110.0,8.0
2007,10.0,Oklahoma State,Texas,62.0,-107.5,-110.0,8.0
2007,10.0,Oregon,Arizona State,62.0,-110.0,-107.5,8.0
2007,10.0,Penn State,Purdue,53.0,-110.0,-110.0,8.0
2007,10.0,Pittsburgh,Syracuse,48.0,-110.0,-105.0,7.0
2007,10.0,San Diego State,Wyoming,46.0,-110.0,-110.0,7.0
2007,10.0,Stanford,Washington,57.0,-110.0,-110.0,8.0
2007,10.0,Toledo,Eastern Michigan,61.0,-110.0,-110.0,7.0
2007,10.0,Virginia,Wake Forest,44.0,-105.0,-110.0,5.0
2007,11.0,Akron,Ohio,50.0,-110.0,-110.0,9.0
2007,11.0,Army,Rutgers,49.0,-110.0,-110.0,8.0
2007,11.0,Cincinnati,Connecticut,51.0,-110.0,-110.0,9.0
2007,11.0,Clemson,Wake Forest,50.0,-110.0,-110.0,9.0
2007,11.0,Duke,Georgia Tech,47.0,-110.0,-110.0,9.0
2007,11.0,Eastern Michigan,Bowling Green,58.0,-110.0,-110.0,8.0
2007,11.0,Florida Atlantic,Arkansas State,53.5,-107.0,-105.0,5.0
2007,11.0,Georgia,Auburn,44.5,-110.0,-110.0,7.0
2007,11.0,Iowa,Minnesota,49.0,-110.0,-110.0,9.0
2007,11.0,Iowa State,Colorado,47.5,-110.0,-110.0,9.0
2007,11.0,Marshall,East Carolina,64.0,-110.0,-110.0,8.0
2007,11.0,Maryland,Boston College,47.0,-110.0,-110.0,7.0
2007,11.0,Mississippi State,Alabama,49.0,-110.0,-110.0,9.0
2007,11.0,Missouri,Texas A&M,60.5,-110.0,-110.0,8.0
2007,11.0,Nebraska,Kansas State,62.0,-110.0,-110.0,9.0
2007,11.0,New Mexico,Colorado State,51.0,-110.0,-110.0,7.0
2007,11.0,North Texas,Navy,70.0,-102.0,-110.0,5.0
2007,11.0,Northwestern,Indiana,61.5,-110.0,-110.0,9.0
2007,11.0,Notre Dame,Air Force,45.5,-110.0,-110.0,9.0
2007,11.0,Ohio State,Illinois,46.0,-105.0,-110.0,7.0
2007,11.0,Oklahoma,Baylor,59.25,-110.0,-110.0,8.0
2007,11.0,Oklahoma State,Kansas,67.0,-110.0,-110.0,8.0
2007,11.0,Oregon State,Washington,50.5,-110.0,-110.0,9.0
2007,11.0,Purdue,Michigan State,58.0,-110.0,-110.0,9.0
2007,11.0,South Carolina,Florida,58.0,-110.0,-110.0,8.0
2007,11.0,Temple,Penn State,47.0,-110.0,-110.0,8.0
2007,11.0,Tennessee,Arkansas,64.5,-110.0,-110.0,7.0
2007,11.0,Texas,Texas Tech,65.0,-109.0,-110.0,8.0
2007,11.0,UCLA,Arizona State,52.0,-110.0,-110.0,9.0
2007,11.0,UNLV,San Diego State,49.0,-110.0,-110.0,8.0
2007,11.0,Utah,Wyoming,45.0,-110.0,-110.0,8.0
2007,11.0,Utah State,Boise State,60.0,-110.0,-110.0,9.0
2007,11.0,Vanderbilt,Kentucky,56.5,-110.0,-110.0,9.0
2007,11.0,Virginia Tech,Florida State,40.0,-105.5,-110.0,6.0
2007,11.0,Washington State,Stanford,52.5,-110.0,-110.0,9.0
2007,11.0,West Virginia,Louisville,65.0,-110.0,-110.0,9.0
2007,11.0,Western Michigan,Central Michigan,60.5,-110.0,-110.0,9.0
2007,11.0,Wisconsin,Michigan,48.0,-107.5,-110.0,8.0
2007,12.0,Air Force,San Diego State,53.5,-110.0,-110.0,9.0
2007,12.0,Arizona,Oregon,65.5,-110.0,-110.0,9.0
2007,12.0,Arkansas,Mississippi State,52.0,-110.0,-110.0,9.0
2007,12.0,Arkansas State,North Texas,67.0,-110.0,-110.0,8.0
2007,12.0,Ball State,Toledo,72.0,-110.0,-110.0,9.0
2007,12.0,Baylor,Oklahoma State,66.0,-110.0,-110.0,9.0
2007,12.0,Boise State,Idaho,63.75,-110.0,-110.0,8.0
2007,12.0,Buffalo,Bowling Green,61.5,-110.0,-110.0,9.0
2007,12.0,Central Michigan,Eastern Michigan,64.5,-110.0,-110.0,9.0
2007,12.0,Cincinnati,West Virginia,56.0,-110.0,-110.0,9.0
2007,12.0,Clemson,Boston College,55.0,-110.0,-110.0,9.0
2007,12.0,Connecticut,Syracuse,47.5,-110.0,-110.0,9.0
2007,12.0,Florida,Florida Atlantic,64.75,-110.0,-107.5,6.0
2007,12.0,Florida State,Maryland,47.0,-110.0,-110.0,9.0
2007,12.0,Georgia,Kentucky,61.0,-110.0,-110.0,9.0
2007,12.0,Georgia Tech,North Carolina,43.0,-110.0,-110.0,9.0
2007,12.0,Houston,Marshall,65.0,-107.5,-103.0,4.0
2007,12.0,Illinois,Northwestern,58.0,-110.0,-110.0,9.0
2007,12.0,Indiana,Purdue,62.0,-110.0,-110.0,8.0
2007,12.0,Iowa,Western Michigan,46.5,-110.0,102.0,4.0
2007,12.0,Kansas,Iowa State,56.5,-110.0,-110.0,9.0
2007,12.0,Kansas State,Missouri,69.5,-110.0,-110.0,9.0
2007,12.0,Michigan,Ohio State,46.5,-110.0,-110.0,9.0
2007,12.0,Michigan State,Penn State,51.0,-110.0,-110.0,9.0
2007,12.0,Minnesota,Wisconsin,61.0,-110.0,-110.0,9.0
2007,12.0,Navy,Northern Illinois,72.5,-110.0,-110.0,9.0
2007,12.0,New Mexico State,Utah State,62.5,-110.0,-110.0,9.0
2007,12.0,Notre Dame,Duke,48.5,-110.0,-110.0,9.0
2007,12.0,Rice,Tulane,70.0,-110.0,-110.0,8.0
2007,12.0,Rutgers,Pittsburgh,48.5,-110.0,-110.0,7.0
2007,12.0,Tennessee,Vanderbilt,52.0,-107.5,-110.0,8.0
2007,12.0,Texas Tech,Oklahoma,67.0,-110.0,-110.0,9.0
2007,12.0,Utah,New Mexico,46.0,-110.0,-110.0,9.0
2007,12.0,Washington,California,58.5,-110.0,-110.0,9.0
2007,12.0,Washington State,Oregon State,48.5,-110.0,-110.0,8.0
2007,13.0,Akron,Central Michigan,61.5,-110.0,-110.0,9.0
2007,13.0,Auburn,Alabama,45.0,-110.0,-110.0,9.0
2007,13.0,Bowling Green,Toledo,71.5,-110.0,-110.0,9.0
2007,13.0,Colorado,Nebraska,61.0,-110.0,-110.0,9.0
2007,13.0,Colorado State,Wyoming,51.0,-110.0,-110.0,9.0
2007,13.0,East Carolina,Tulane,61.5,-110.0,-110.0,9.0
2007,13.0,Florida,Florida State,59.0,-110.0,-110.0,9.0
2007,13.0,Florida International,Florida Atlantic,55.0,-107.5,-109.5,6.0
2007,13.0,Fresno State,Kansas State,64.5,-110.0,-110.0,9.0
2007,13.0,Georgia Tech,Georgia,48.0,-110.0,-110.0,9.0
2007,13.0,Idaho,Utah State,58.0,-110.0,-110.0,9.0
2007,13.0,Kansas,Missouri,67.0,-110.0,-110.0,9.0
2007,13.0,Kentucky,Tennessee,63.5,-110.0,-110.0,9.0
2007,13.0,New Mexico,UNLV,47.5,-110.0,-110.0,9.0
2007,13.0,North Carolina,Duke,51.0,-110.0,-110.0,9.0
2007,13.0,Northern Illinois,Ball State,56.0,-110.0,-110.0,9.0
2007,13.0,Oklahoma,Oklahoma State,67.0,-110.0,-107.5,8.0
2007,13.0,South Carolina,Clemson,54.0,-110.0,-110.0,8.0
2007,13.0,Stanford,Notre Dame,45.5,-110.0,-110.0,8.0
2007,13.0,Syracuse,Cincinnati,53.0,-110.0,-110.0,9.0
2007,13.0,Texas A&M,Texas,60.5,-110.0,-110.0,9.0
2007,13.0,UCLA,Oregon,51.5,-110.0,-110.0,9.0
2007,13.0,Vanderbilt,Wake Forest,46.5,-110.0,-110.0,7.0
2007,13.0,Virginia,Virginia Tech,40.5,-110.0,-110.0,9.0
2007,13.0,Washington,Washington State,63.5,-110.0,-110.0,9.0
2007,13.0,West Virginia,Connecticut,52.0,-110.0,-110.0,9.0
2007,13.0,Western Michigan,Temple,51.0,-110.0,-110.0,9.0
2007,14.0,Arizona State,Arizona,56.5,-110.0,-110.0,9.0
2007,14.0,Boston College,Virginia Tech,48.5,-110.0,-110.0,9.0
2007,14.0,Florida International,North Texas,63.0,-110.0,-110.0,7.0
2007,14.0,Louisville,Rutgers,59.0,-110.0,-110.0,8.0
2007,14.0,Missouri,Oklahoma,64.5,-110.0,-110.0,9.0
2007,14.0,Navy,Army,64.0,-110.0,-110.0,9.0
2007,14.0,Nevada,Louisiana Tech,62.0,-110.0,-110.0,9.0
2007,14.0,New Mexico State,Fresno State,65.5,-110.0,-110.0,9.0
2007,14.0,Oregon,Oregon State,42.0,-110.0,-110.0,9.0
2007,14.0,Stanford,California,53.0,-110.0,-110.0,9.0
2007,14.0,Troy,Florida Atlantic,61.0,-110.0,-110.0,7.0
2007,14.0,West Virginia,Pittsburgh,59.0,-110.0,-110.0,9.0
2008,6.0,Air Force,Navy,52.0,-110.0,-110.0,11.0
2008,6.0,Arizona,Washington,60.5,-110.0,-110.0,11.0
2008,6.0,Baylor,Oklahoma,61.5,-110.0,-110.0,11.0
2008,6.0,Boise State,Louisiana Tech,57.0,-110.0,-110.0,9.0
2008,6.0,Colorado State,UNLV,51.5,-110.0,-110.0,11.0
2008,6.0,Georgia Tech,Duke,48.75,-110.0,-110.0,11.0
2008,6.0,Idaho,Nevada,68.0,-110.0,-110.0,11.0
2008,6.0,Marshall,Cincinnati,48.0,-110.0,-110.0,11.0
2008,6.0,Michigan,Illinois,49.0,-109.0,-110.0,11.0
2008,6.0,Michigan State,Iowa,48.25,-109.0,-110.0,11.0
2008,6.0,Minnesota,Indiana,61.25,-110.0,-110.0,11.0
2008,6.0,New Mexico,Wyoming,40.5,-110.0,-110.0,11.0
2008,6.0,North Carolina,Connecticut,45.5,-110.0,-109.0,11.0
2008,6.0,North Texas,Florida International,48.0,-110.0,-109.5,10.0
2008,6.0,Notre Dame,Stanford,48.0,-110.0,-110.0,10.0
2008,6.0,Oklahoma State,Texas A&M,61.5,-110.0,-110.0,11.0
2008,6.0,Purdue,Penn State,58.0,-110.0,-110.0,9.0
2008,6.0,Tennessee,Northern Illinois,44.5,-109.0,-103.0,7.0
2008,6.0,Toledo,Ball State,61.5,-110.0,-110.0,11.0
2008,6.0,Utah,Oregon State,53.0,-110.0,-109.0,11.0
2008,6.0,Virginia,Maryland,45.0,-110.0,-110.0,11.0
2008,6.0,Virginia Tech,Western Kentucky,47.5,-109.0,-109.0,9.0
2008,6.0,West Virginia,Rutgers,49.5,-110.0,-110.0,11.0
2008,6.0,Western Michigan,Ohio,48.5,-110.0,-110.0,11.0
2008,6.0,Wisconsin,Ohio State,43.5,-109.0,-110.0,11.0
2008,7.0,Army,Eastern Michigan,45.5,-110.0,-110.0,11.0
2008,7.0,Baylor,Iowa State,55.0,-109.0,-110.0,11.0
2008,7.0,Buffalo,Western Michigan,54.0,-110.0,-110.0,11.0
2008,7.0,Central Michigan,Temple,48.5,-110.0,-110.0,9.0
2008,7.0,Cincinnati,Rutgers,48.5,-109.5,-110.0,10.0
2008,7.0,Florida Atlantic,Troy,54.0,-110.0,-110.0,11.0
2008,7.0,Fresno State,Idaho,64.0,-109.5,-110.0,10.0
2008,7.0,Illinois,Minnesota,57.5,-107.5,-110.0,10.0
2008,7.0,Indiana,Iowa,46.5,-110.0,-110.0,11.0
2008,7.0,Kansas,Colorado,51.5,-110.0,-110.0,10.0
2008,7.0,Kentucky,South Carolina,37.5,-110.0,-110.0,10.0
2008,7.0,Memphis,Louisville,56.5,-110.0,-110.0,11.0
2008,7.0,Michigan,Toledo,49.0,-110.0,-110.0,11.0
2008,7.0,Nevada,New Mexico State,66.0,-110.0,-110.0,11.0
2008,7.0,Northwestern,Michigan State,49.0,-109.0,-110.0,11.0
2008,7.0,Ohio State,Purdue,49.5,-110.0,-110.0,11.0
2008,7.0,Oklahoma,Texas,56.5,-109.0,-110.0,11.0
2008,7.0,Oregon,UCLA,55.5,-110.0,-110.0,11.0
2008,7.0,San Diego State,Air Force,48.0,-109.5,-109.5,10.0
2008,7.0,Texas A&M,Kansas State,58.5,-109.0,-110.0,9.0
2008,7.0,Virginia,East Carolina,44.75,-110.0,-109.5,10.0
2008,7.0,Wake Forest,Clemson,42.0,-110.0,-110.0,11.0
2008,7.0,West Virginia,Syracuse,47.0,-110.0,-110.0,11.0
2008,7.0,Western Kentucky,Ball State,51.5,-109.5,-110.0,10.0
2008,7.0,Wisconsin,Penn State,47.0,-110.0,-110.0,9.0
2008,7.0,Wyoming,Utah,41.0,-110.0,-110.0,11.0
2008,8.0,Arizona,California,53.0,-110.0,-110.0,11.0
2008,8.0,Boston College,Virginia Tech,40.0,-110.0,-110.0,11.0
2008,8.0,Buffalo,Army,45.5,-109.5,-108.0,8.0
2008,8.0,Central Michigan,Western Michigan,59.5,-110.0,-110.0,11.0
2008,8.0,Clemson,Georgia Tech,39.0,-110.0,-110.0,11.0
2008,8.0,East Carolina,Memphis,53.5,-110.0,-110.0,11.0
2008,8.0,Eastern Michigan,Akron,54.0,-110.0,-110.0,11.0
2008,8.0,Georgia,Vanderbilt,43.25,-110.0,-110.0,11.0
2008,8.0,Iowa,Wisconsin,41.0,-109.0,-110.0,9.0
2008,8.0,Iowa State,Nebraska,54.0,-110.0,-110.0,11.0
2008,8.0,Louisiana Tech,Idaho,58.5,-110.0,-110.0,11.0
2008,8.0,Maryland,Wake Forest,44.5,-109.0,-110.0,11.0
2008,8.0,Michigan State,Ohio State,42.0,-109.5,-110.0,10.0
2008,8.0,Navy,Pittsburgh,51.5,-109.5,-110.0,10.0
2008,8.0,Nevada,Utah State,62.5,-110.0,-110.0,11.0
2008,8.0,New Mexico,San Diego State,44.0,-110.0,-110.0,6.0
2008,8.0,Northern Illinois,Toledo,46.0,-110.0,-110.0,11.0
2008,8.0,Northwestern,Purdue,50.0,-110.0,-110.0,11.0
2008,8.0,Oklahoma,Kansas,60.0,-110.0,-110.0,11.0
2008,8.0,Oklahoma State,Baylor,64.0,-110.0,-110.0,11.0
2008,8.0,Penn State,Michigan,47.5,-110.0,-110.0,11.0
2008,8.0,Rutgers,Connecticut,44.0,-110.0,-110.0,10.0
2008,8.0,South Florida,Syracuse,51.5,-110.0,-110.0,11.0
2008,8.0,Tennessee,Mississippi State,38.0,-110.0,-110.0,10.0
2008,8.0,Texas,Missouri,64.5,-110.0,-110.0,10.0
2008,8.0,Texas A&M,Texas Tech,61.75,-110.0,-110.0,11.0
2008,8.0,Troy,Florida International,47.0,-109.0,-110.0,9.0
2008,8.0,UCLA,Stanford,45.5,-110.0,-109.0,9.0
2008,8.0,UNLV,Air Force,52.0,-109.0,-110.0,11.0
2008,8.0,Utah,Colorado State,49.0,-110.0,-110.0,11.0
2008,8.0,Virginia,North Carolina,45.0,-110.0,-110.0,9.0
2008,8.0,Western Kentucky,Florida Atlantic,47.0,-109.5,-110.0,10.0
2008,9.0,Air Force,New Mexico,44.5,-110.0,-109.0,11.0
2008,9.0,Army,Louisiana Tech,41.5,-109.0,-110.0,11.0
2008,9.0,Ball State,Eastern Michigan,57.5,-110.0,-110.0,11.0
2008,9.0,California,UCLA,51.0,-109.5,-110.0,10.0
2008,9.0,Connecticut,Cincinnati,44.0,-110.0,-110.0,11.0
2008,9.0,Florida,Kentucky,47.0,-110.0,-110.0,11.0
2008,9.0,Georgia Tech,Virginia,42.5,-110.0,-110.0,11.0
2008,9.0,Idaho,New Mexico State,64.0,-110.0,-110.0,11.0
2008,9.0,Indiana,Northwestern,53.5,-109.0,-110.0,11.0
2008,9.0,Iowa State,Texas A&M,52.5,-110.0,-109.0,11.0
2008,9.0,Kansas,Texas Tech,68.0,-110.0,-109.0,11.0
2008,9.0,Kansas State,Oklahoma,71.0,-110.0,-110.0,11.0
2008,9.0,Louisville,South Florida,52.0,-110.0,-110.0,11.0
2008,9.0,Michigan,Michigan State,44.0,-110.0,-109.5,10.0
2008,9.0,Nebraska,Baylor,57.0,-110.0,-110.0,11.0
2008,9.0,North Carolina,Boston College,41.5,-110.0,-110.0,11.0
2008,9.0,Northern Illinois,Bowling Green,48.0,-110.0,-110.0,11.0
2008,9.0,Ohio State,Penn State,44.0,-110.0,-110.0,11.0
2008,9.0,Pittsburgh,Rutgers,41.0,-110.0,-110.0,11.0
2008,9.0,Purdue,Minnesota,53.0,-110.0,-110.0,11.0
2008,9.0,San Diego State,Colorado State,53.5,-110.0,-110.0,11.0
2008,9.0,Temple,Ohio,40.0,-110.0,-106.0,11.0
2008,9.0,Texas,Oklahoma State,66.5,-109.0,-110.0,11.0
2008,9.0,Toledo,Central Michigan,56.5,-110.0,-110.0,9.0
2008,9.0,Utah State,Fresno State,58.0,-110.0,-110.0,11.0
2008,9.0,Vanderbilt,Duke,42.0,-110.0,-110.0,11.0
2008,9.0,Washington,Notre Dame,55.0,-110.0,-110.0,11.0
2008,9.0,Wisconsin,Illinois,52.0,-110.0,-110.0,11.0
2008,10.0,Alabama,Arkansas State,48.0,-109.5,-109.5,10.0
2008,10.0,Army,Air Force,41.0,-110.0,-110.0,11.0
2008,10.0,Baylor,Missouri,66.0,-110.0,-110.0,11.0
2008,10.0,Connecticut,West Virginia,47.0,-110.0,-110.0,11.0
2008,10.0,Illinois,Iowa,50.5,-109.0,-110.0,11.0
2008,10.0,Indiana,Central Michigan,60.0,-110.0,-109.0,11.0
2008,10.0,Kansas,Kansas State,68.5,-110.0,-110.0,11.0
2008,10.0,Louisiana Tech,Fresno State,57.5,-110.0,-110.0,10.0
2008,10.0,Marshall,Houston,60.5,-110.0,-109.0,11.0
2008,10.0,Michigan State,Wisconsin,49.5,-109.0,-110.0,11.0
2008,10.0,Minnesota,Northwestern,48.5,-110.0,-110.0,11.0
2008,10.0,Mississippi State,Kentucky,38.5,-110.0,-110.0,11.0
2008,10.0,Navy,Temple,44.5,-110.0,-110.0,9.0
2008,10.0,New Mexico,Utah,45.5,-110.0,-110.0,11.0
2008,10.0,New Mexico State,Boise State,56.5,-109.5,-109.5,10.0
2008,10.0,Notre Dame,Pittsburgh,48.0,-109.0,-110.0,11.0
2008,10.0,Ohio,Buffalo,48.5,-110.0,-110.0,11.0
2008,10.0,Oklahoma State,Iowa State,61.5,-110.0,-110.0,11.0
2008,10.0,Oregon State,Arizona State,51.0,-109.0,-110.0,11.0
2008,10.0,Purdue,Michigan,47.5,-110.0,-110.0,11.0
2008,10.0,Stanford,Washington State,51.0,-110.0,-110.0,11.0
2008,10.0,Syracuse,Louisville,51.0,-110.0,-110.0,11.0
2008,10.0,Texas A&M,Colorado,51.0,-110.0,-110.0,9.0
2008,10.0,Wake Forest,Duke,42.0,-109.0,-110.0,9.0
2008,10.0,Western Kentucky,North Texas,55.5,-110.0,-109.5,10.0
2008,10.0,Western Michigan,Eastern Michigan,59.0,-108.0,-110.0,9.0
2008,10.0,Wyoming,San Diego State,47.0,-110.0,-110.0,9.0
2008,11.0,Air Force,Colorado State,51.75,-110.0,-110.0,10.0
2008,11.0,Akron,Toledo,55.0,-110.0,-109.0,11.0
2008,11.0,Ball State,Northern Illinois,47.0,-110.0,-110.0,11.0
2008,11.0,Boise State,Utah State,52.0,-110.0,-110.0,11.0
2008,11.0,Colorado,Iowa State,46.5,-110.0,-110.0,11.0
2008,11.0,East Carolina,Marshall,47.0,-110.0,-110.0,11.0
2008,11.0,Florida International,Arkansas State,45.0,-110.0,-108.5,10.0
2008,11.0,Florida State,Clemson,44.0,-110.0,-110.0,11.0
2008,11.0,Fresno State,Nevada,71.0,-110.0,-110.0,11.0
2008,11.0,Houston,Tulane,57.5,-109.0,-110.0,11.0
2008,11.0,Indiana,Wisconsin,51.0,-110.0,-110.0,9.0
2008,11.0,Kentucky,Georgia,47.0,-110.0,-110.0,11.0
2008,11.0,Michigan State,Purdue,53.5,-109.0,-110.0,11.0
2008,11.0,Minnesota,Michigan,49.5,-110.0,-110.0,11.0
2008,11.0,Nebraska,Kansas,62.0,-110.0,-110.0,11.0
2008,11.0,North Carolina,Georgia Tech,42.0,-110.0,-109.5,10.0
2008,11.0,Northwestern,Ohio State,39.0,-110.0,-110.0,11.0
2008,11.0,Ohio,Bowling Green,49.5,-109.5,-109.5,10.0
2008,11.0,Pittsburgh,Louisville,52.5,-110.0,-110.0,11.0
2008,11.0,Rutgers,Syracuse,48.5,-110.0,-110.0,11.0
2008,11.0,South Carolina,Arkansas,43.5,-110.0,-110.0,11.0
2008,11.0,Tennessee,Wyoming,41.5,-110.0,-110.0,10.0
2008,11.0,Texas A&M,Oklahoma,72.0,-110.0,-110.0,11.0
2008,11.0,Troy,Western Kentucky,54.0,-109.5,-110.0,10.0
2008,11.0,UCLA,Oregon State,48.0,-109.0,-110.0,11.0
2008,11.0,UNLV,New Mexico,48.5,-110.0,-110.0,11.0
2008,11.0,Vanderbilt,Florida,49.0,-110.0,-110.0,11.0
2008,11.0,Virginia Tech,Maryland,41.5,-110.0,-110.0,11.0
2008,11.0,Wake Forest,Virginia,40.25,-110.0,-109.5,10.0
2008,11.0,Washington,Arizona State,48.5,-109.0,-110.0,11.0
2008,11.0,Washington State,Arizona,55.5,-109.5,-108.0,10.0
2008,11.0,Western Michigan,Illinois,64.0,-109.0,-110.0,11.0
2008,12.0,Akron,Buffalo,61.0,-110.0,-110.0,11.0
2008,12.0,Alabama,Mississippi State,42.5,-110.0,-110.0,11.0
2008,12.0,Arizona State,Washington State,57.0,-110.0,-110.0,11.0
2008,12.0,Auburn,Georgia,44.5,-110.0,-110.0,10.0
2008,12.0,Clemson,Duke,46.5,-109.5,-109.5,10.0
2008,12.0,Colorado,Oklahoma State,55.5,-110.0,-109.0,11.0
2008,12.0,Colorado State,New Mexico,52.0,-110.0,-109.0,11.0
2008,12.0,Fresno State,New Mexico State,64.0,-110.0,-110.0,11.0
2008,12.0,Idaho,Boise State,60.5,-110.0,-110.0,11.0
2008,12.0,Illinois,Ohio State,43.5,-110.0,-110.0,11.0
2008,12.0,Iowa,Purdue,43.0,-110.0,-105.0,11.0
2008,12.0,Kansas,Texas,64.5,-110.0,-110.0,11.0
2008,12.0,Louisiana Tech,Utah State,48.0,-110.0,-110.0,9.0
2008,12.0,Louisville,Cincinnati,47.0,-110.0,-110.0,11.0
2008,12.0,Michigan,Northwestern,45.5,-109.5,-109.5,10.0
2008,12.0,Navy,Notre Dame,51.5,-110.0,-110.0,11.0
2008,12.0,Northern Illinois,Central Michigan,52.0,-110.0,-110.0,11.0
2008,12.0,Penn State,Indiana,56.0,-110.0,-109.0,11.0
2008,12.0,San Diego State,Utah,53.0,-107.5,-107.5,8.0
2008,12.0,South Florida,Rutgers,50.0,-109.5,-109.5,10.0
2008,12.0,UNLV,Wyoming,48.0,-109.0,-110.0,11.0
2008,12.0,Western Michigan,Toledo,53.5,-110.0,-110.0,11.0
2008,13.0,Arizona,Oregon State,57.0,-109.0,-110.0,11.0
2008,13.0,Arkansas State,Florida Atlantic,51.0,-109.5,-109.5,10.0
2008,13.0,Central Michigan,Ball State,61.0,-109.0,-110.0,11.0
2008,13.0,Cincinnati,Pittsburgh,48.0,-110.0,-109.0,9.0
2008,13.0,Kansas State,Iowa State,66.5,-109.5,-110.0,10.0
2008,13.0,Louisville,West Virginia,49.0,-109.0,-110.0,11.0
2008,13.0,Maryland,Florida State,48.5,-109.0,-110.0,11.0
2008,13.0,Minnesota,Iowa,45.0,-109.0,-110.0,11.0
2008,13.0,Mississippi State,Arkansas,43.0,-109.5,-110.0,10.0
2008,13.0,New Mexico State,Louisiana Tech,53.5,-110.0,-110.0,11.0
2008,13.0,Northwestern,Illinois,55.0,-109.0,-110.0,11.0
2008,13.0,Notre Dame,Syracuse,47.5,-110.0,-110.0,11.0
2008,13.0,Ohio,Akron,54.0,-109.0,-101.0,5.0
2008,13.0,Ohio State,Michigan,45.0,-110.0,-109.0,11.0
2008,13.0,Purdue,Indiana,54.5,-110.0,-110.0,11.0
2008,13.0,Rutgers,Army,43.5,-110.0,-110.0,11.0
2008,13.0,San Diego State,UNLV,60.5,-110.0,-110.0,11.0
2008,13.0,Temple,Eastern Michigan,48.0,-110.0,-109.5,10.0
2008,13.0,Vanderbilt,Tennessee,36.5,-110.0,-110.0,11.0
2008,13.0,Virginia,Clemson,43.0,-109.5,-109.5,10.0
2008,13.0,Virginia Tech,Duke,43.0,-110.0,-110.0,11.0
2008,13.0,Wake Forest,Boston College,40.5,-110.0,-110.0,11.0
2008,13.0,Wyoming,Colorado State,47.0,-110.0,-110.0,11.0
2008,14.0,Alabama,Auburn,40.5,-110.0,-110.0,10.0
2008,14.0,Arizona State,UCLA,44.0,-110.0,-110.0,11.0
2008,14.0,Boise State,Fresno State,57.5,-110.0,-110.0,11.0
2008,14.0,Boston College,Maryland,42.5,-110.0,-110.0,11.0
2008,14.0,Cincinnati,Syracuse,51.0,-110.0,-110.0,11.0
2008,14.0,Clemson,South Carolina,40.0,-110.0,-109.5,10.0
2008,14.0,Duke,North Carolina,43.5,-109.5,-110.0,10.0
2008,14.0,Eastern Michigan,Central Michigan,64.0,-109.0,-110.0,11.0
2008,14.0,Florida State,Florida,53.5,-110.0,-109.0,11.0
2008,14.0,Georgia,Georgia Tech,50.0,-110.0,-110.0,11.0
2008,14.0,Louisiana Tech,Nevada,61.5,-107.0,-110.0,11.0
2008,14.0,Memphis,Tulane,53.5,-109.0,-110.0,11.0
2008,14.0,Missouri,Kansas,69.75,-110.0,-107.5,10.0
2008,14.0,Nebraska,Colorado,57.0,-110.0,-109.0,11.0
2008,14.0,North Texas,Arkansas State,58.0,-110.0,-110.0,9.0
2008,14.0,Northern Illinois,Navy,52.5,-110.0,-110.0,11.0
2008,14.0,Oregon State,Oregon,58.0,-109.5,-110.0,10.0
2008,14.0,Temple,Akron,58.0,-109.0,-110.0,11.0
2008,14.0,Tennessee,Kentucky,38.0,-110.0,-110.0,11.0
2008,14.0,Texas,Texas A&M,66.5,-110.0,-109.0,11.0
2008,14.0,Texas Tech,Baylor,70.0,-110.0,-109.0,11.0
2008,14.0,Utah State,New Mexico State,58.0,-110.0,-110.0,11.0
2008,14.0,Virginia Tech,Virginia,38.5,-109.5,-109.5,10.0
2008,14.0,Wake Forest,Vanderbilt,38.0,-110.0,-110.0,11.0
2008,15.0,Army,Navy,43.0,-109.0,-110.0,11.0
2008,15.0,Connecticut,Pittsburgh,45.0,-110.0,-110.0,11.0
2008,15.0,Oklahoma,Missouri,79.0,-109.0,-110.0,11.0
2008,15.0,Rutgers,Louisville,54.0,-109.0,-110.0,11.0
2008,15.0,Troy,Arkansas State,52.5,-109.5,-109.5,10.0
2008,15.0,Virginia Tech,Boston College,38.5,-110.0,-110.0,11.0
2009,1.0,Arizona,Central Michigan,53.5,-110.0,-110.0,12.0
2009,1.0,Auburn,Louisiana Tech,45.5,-110.0,-110.0,11.0
2009,1.0,Ball State,North Texas,54.0,-110.0,-110.0,11.0
2009,1.0,Boise State,Oregon,64.0,-110.0,-110.0,12.0
2009,1.0,Bowling Green,Troy,56.0,-110.0,-110.0,11.0
2009,1.0,California,Maryland,50.5,-110.0,-109.5,12.0
2009,1.0,Colorado,Colorado State,50.5,-110.0,-110.0,11.0
2009,1.0,Eastern Michigan,Army,47.5,-110.0,-110.0,12.0
2009,1.0,Illinois,Missouri,59.0,-110.0,-110.0,12.0
2009,1.0,Michigan,Western Michigan,52.5,-110.0,-109.5,12.0
2009,1.0,Nebraska,Florida Atlantic,59.5,-110.0,-110.0,11.0
2009,1.0,New Mexico State,Idaho,50.0,-110.0,-110.0,12.0
2009,1.0,Notre Dame,Nevada,60.5,-109.5,-110.0,12.0
2009,1.0,Ohio,Connecticut,44.5,-110.0,-110.0,11.0
2009,1.0,Ohio State,Navy,46.5,-110.0,-110.0,9.0
2009,1.0,Oklahoma State,Georgia,57.5,-109.5,-110.0,12.0
2009,1.0,Penn State,Akron,57.5,-110.0,-109.5,12.0
2009,1.0,Purdue,Toledo,46.5,-110.0,-110.0,12.0
2009,1.0,Rutgers,Cincinnati,47.5,-110.0,-110.0,11.0
2009,1.0,Syracuse,Minnesota,48.5,-109.5,-110.0,12.0
2009,1.0,Tennessee,Western Kentucky,44.5,-108.0,-105.0,7.0
2009,1.0,Texas A&M,New Mexico,55.0,-110.0,-110.0,9.0
2009,1.0,UCLA,San Diego State,46.5,-110.0,-110.0,12.0
2009,1.0,Utah,Utah State,50.0,-109.5,-110.0,10.0
2009,1.0,Wake Forest,Baylor,51.0,-110.0,-109.5,12.0
2009,1.0,Washington State,Stanford,51.5,-110.0,-109.5,12.0
2009,1.0,Wisconsin,Northern Illinois,47.5,-110.0,-109.5,12.0
2009,2.0,Akron,Morgan State,51.0,-110.0,-110.0,1.0
2009,2.0,Alabama,Florida International,50.5,-110.0,-110.0,9.0
2009,2.0,Arizona,Northern Arizona,59.5,-110.0,-110.0,1.0
2009,2.0,Army,Duke,44.0,-110.0,-109.5,12.0
2009,2.0,Auburn,Mississippi State,46.5,-109.5,-110.0,12.0
2009,2.0,Ball State,New Hampshire,57.5,-110.0,-110.0,1.0
2009,2.0,Buffalo,Pittsburgh,42.5,-110.0,-110.0,12.0
2009,2.0,California,Eastern Washington,58.0,-110.0,-110.0,1.0
2009,2.0,Colorado State,Weber State,57.5,-110.0,-110.0,1.0
2009,2.0,Connecticut,North Carolina,41.5,-110.0,-109.5,12.0
2009,2.0,Florida,Troy,61.0,-110.0,-110.0,11.0
2009,2.0,Florida State,Jacksonville State,59.5,-110.0,-110.0,1.0
2009,2.0,Georgia,South Carolina,39.5,-110.0,-108.5,12.0
2009,2.0,Georgia Tech,Clemson,44.0,-109.5,-110.0,12.0
2009,2.0,Illinois,Illinois State,62.0,-110.0,-110.0,1.0
2009,2.0,Indiana,Western Michigan,54.0,-110.0,-110.0,12.0
2009,2.0,Iowa State,Iowa,47.25,-110.0,-110.0,12.0
2009,2.0,Maryland,James Madison,51.5,-110.0,-110.0,1.0
2009,2.0,Michigan,Notre Dame,47.0,-110.0,-110.0,12.0
2009,2.0,Michigan State,Central Michigan,49.5,-110.0,-110.0,12.0
2009,2.0,Minnesota,Air Force,49.5,-109.5,-110.0,12.0
2009,2.0,Missouri,Bowling Green,57.0,-110.0,-109.0,11.0
2009,2.0,Navy,Louisiana Tech,51.0,-110.0,-109.5,12.0
2009,2.0,Nebraska,Arkansas State,52.5,-110.0,-110.0,11.0
2009,2.0,North Texas,Ohio,52.0,-110.0,-110.0,10.0
2009,2.0,Northern Illinois,Western Illinois,44.0,-110.0,-110.0,1.0
2009,2.0,Northwestern,Eastern Michigan,52.0,-110.0,-110.0,12.0
2009,2.0,Oklahoma,Idaho State,66.0,-110.0,-110.0,1.0
2009,2.0,Oklahoma State,Houston,72.0,-109.5,-110.0,12.0
2009,2.0,Penn State,Syracuse,51.0,-110.0,-110.0,12.0
2009,2.0,Rutgers,Howard,57.5,-110.0,-110.0,1.0
2009,2.0,San Diego State,Southern Utah,56.0,-110.0,-110.0,1.0
2009,2.0,Tennessee,UCLA,44.5,-110.0,-109.5,12.0
2009,2.0,Texas Tech,Rice,64.0,-109.5,-110.0,12.0
2009,2.0,Toledo,Colorado,55.0,-109.5,-109.5,12.0
2009,2.0,UNLV,Oregon State,53.0,-110.0,-110.0,12.0
2009,2.0,Virginia Tech,Marshall,44.0,-110.0,-109.5,12.0
2009,2.0,Wake Forest,Stanford,46.0,-109.5,-110.0,12.0
2009,2.0,Washington,Idaho,55.0,-110.0,-110.0,12.0
2009,2.0,West Virginia,East Carolina,43.5,-109.5,-109.5,10.0
2009,2.0,Western Kentucky,South Florida,52.0,-110.0,-110.0,11.0
2009,2.0,Wisconsin,Fresno State,52.0,-110.0,-110.0,12.0
2009,2.0,Wyoming,Texas,56.0,-110.0,-110.0,12.0
2009,3.0,Akron,Indiana,45.5,-109.5,-110.0,12.0
2009,3.0,Alabama,North Texas,51.0,-110.0,-110.0,11.0
2009,3.0,Arkansas,Georgia,54.5,-110.0,-110.0,9.0
2009,3.0,Army,Ball State,42.0,-110.0,-109.5,12.0
2009,3.0,Auburn,West Virginia,51.5,-110.0,-110.0,12.0
2009,3.0,Baylor,Connecticut,45.0,-109.5,-109.5,10.0
2009,3.0,Clemson,Boston College,44.5,-110.0,-110.0,12.0
2009,3.0,Colorado,Wyoming,51.5,-109.5,-110.0,12.0
2009,3.0,Colorado State,Nevada,58.0,-109.5,-109.5,10.0
2009,3.0,Florida,Tennessee,53.0,-108.5,-110.0,12.0
2009,3.0,Fresno State,Boise State,52.5,-110.0,-109.5,12.0
2009,3.0,Idaho,San Diego State,58.0,-110.0,-110.0,12.0
2009,3.0,Iowa,Arizona,41.25,-110.0,-109.5,10.0
2009,3.0,Kansas,Duke,51.5,-110.0,-110.0,11.0
2009,3.0,Kentucky,Louisville,49.0,-110.0,-110.0,12.0
2009,3.0,Marshall,Bowling Green,52.0,-110.0,-110.0,11.0
2009,3.0,Michigan,Eastern Michigan,54.5,-105.0,-105.0,5.0
2009,3.0,Minnesota,California,52.5,-109.5,-110.0,12.0
2009,3.0,New Mexico,Air Force,45.5,-110.0,-110.0,11.0
2009,3.0,North Carolina,East Carolina,43.5,-110.0,-110.0,12.0
2009,3.0,Notre Dame,Michigan State,54.0,-109.5,-110.0,12.0
2009,3.0,Oklahoma State,Rice,66.0,-110.0,-110.0,11.0
2009,3.0,Oregon,Utah,53.5,-110.0,-108.5,10.0
2009,3.0,Oregon State,Cincinnati,57.5,-109.5,-110.0,12.0
2009,3.0,Penn State,Temple,48.0,-105.0,-110.0,11.0
2009,3.0,Pittsburgh,Navy,49.5,-110.0,-110.0,12.0
2009,3.0,Purdue,Northern Illinois,52.0,-110.0,-109.5,12.0
2009,3.0,Rutgers,Florida International,51.5,-110.0,-110.0,11.0
2009,3.0,Syracuse,Northwestern,46.0,-110.0,-110.0,11.0
2009,3.0,Texas,Texas Tech,66.5,-110.0,-110.0,12.0
2009,3.0,Texas A&M,Utah State,59.25,-110.0,-109.5,10.0
2009,3.0,Toledo,Ohio State,58.0,-110.0,-110.0,12.0
2009,3.0,UCLA,Kansas State,44.5,-110.0,-110.0,11.0
2009,3.0,Vanderbilt,Mississippi State,45.5,-110.0,-110.0,12.0
2009,3.0,Virginia Tech,Nebraska,51.0,-110.0,-110.0,11.0
2009,3.0,Western Kentucky,Central Arkansas,52.0,-115.0,-115.0,1.0
2009,4.0,Air Force,San Diego State,52.5,-105.0,-105.0,3.0
2009,4.0,Alabama,Arkansas,55.5,-110.0,-109.5,12.0
2009,4.0,Arkansas State,Troy,51.0,-110.0,-107.5,8.0
2009,4.0,Auburn,Ball State,54.5,-110.0,-109.5,12.0
2009,4.0,Baylor,Northwestern State,54.5,-115.0,-115.0,1.0
2009,4.0,Boston College,Wake Forest,41.0,-110.0,-110.0,12.0
2009,4.0,Bowling Green,Boise State,52.0,-110.0,-110.0,9.0
2009,4.0,Central Michigan,Akron,54.0,-110.0,-110.0,12.0
2009,4.0,Cincinnati,Fresno State,63.5,-110.0,-110.0,11.0
2009,4.0,Connecticut,Rhode Island,47.5,-115.0,-115.0,1.0
2009,4.0,Florida International,Toledo,58.5,-110.0,-110.0,11.0
2009,4.0,Florida State,South Florida,51.0,-109.5,-110.0,12.0
2009,4.0,Georgia,Arizona State,48.5,-110.0,-110.0,12.0
2009,4.0,Georgia Tech,North Carolina,46.0,-110.0,-110.0,12.0
2009,4.0,Houston,Texas Tech,75.0,-110.0,-110.0,12.0
2009,4.0,Iowa State,Army,46.5,-110.0,-110.0,12.0
2009,4.0,Kentucky,Florida,53.0,-110.0,-110.0,12.0
2009,4.0,Maryland,Rutgers,49.5,-110.0,-110.0,11.0
2009,4.0,Memphis,Marshall,49.5,-110.0,-110.0,11.0
2009,4.0,Michigan,Indiana,53.0,-110.0,-110.0,12.0
2009,4.0,Navy,Western Kentucky,50.5,-110.0,-110.0,11.0
2009,4.0,Nevada,Missouri,61.0,-110.0,-109.5,12.0
2009,4.0,New Mexico,New Mexico State,44.5,-110.0,-110.0,12.0
2009,4.0,Northern Illinois,Idaho,54.0,-110.0,-110.0,12.0
2009,4.0,Northwestern,Minnesota,49.5,-110.0,-110.0,11.0
2009,4.0,Ohio State,Illinois,50.0,-110.0,-110.0,9.0
2009,4.0,Oregon,California,55.0,-110.0,-110.0,10.0
2009,4.0,Oregon State,Arizona,46.0,-110.0,-110.0,10.0
2009,4.0,Penn State,Iowa,40.5,-110.0,-110.0,12.0
2009,4.0,Purdue,Notre Dame,59.0,-110.0,-110.0,11.0
2009,4.0,Rice,Vanderbilt,50.0,-110.0,-110.0,12.0
2009,4.0,Stanford,Washington,54.0,-110.0,-110.0,9.0
2009,4.0,Temple,Buffalo,45.75,-107.5,-108.0,8.0
2009,4.0,Tennessee,Ohio,44.0,-110.0,-110.0,11.0
2009,4.0,Utah,Louisville,52.5,-109.5,-109.5,10.0
2009,4.0,Wisconsin,Michigan State,52.5,-110.0,-109.5,12.0
2009,4.0,Wyoming,UNLV,46.0,-110.0,-110.0,12.0
2009,5.0,Arizona State,Oregon State,45.25,-110.0,-109.5,12.0
2009,5.0,Army,Tulane,45.0,-110.0,-110.0,11.0
2009,5.0,Ball State,Toledo,59.0,-110.0,-110.0,12.0
2009,5.0,Boston College,Florida State,45.5,-110.0,-110.0,12.0
2009,5.0,Bowling Green,Ohio,48.0,-110.0,-110.0,10.0
2009,5.0,Buffalo,Central Michigan,53.5,-110.0,-110.0,12.0
2009,5.0,Duke,Virginia Tech,48.0,-110.0,-110.0,12.0
2009,5.0,Eastern Michigan,Temple,44.5,-110.0,-110.0,10.0
2009,5.0,Florida Atlantic,Wyoming,54.5,-110.0,-110.0,11.0
2009,5.0,Idaho,Colorado State,57.0,-109.0,-110.0,11.0
2009,5.0,Illinois,Penn State,47.75,-109.5,-110.0,12.0
2009,5.0,Indiana,Ohio State,47.0,-110.0,-110.0,12.0
2009,5.0,Iowa,Arkansas State,45.0,-109.5,-110.0,12.0
2009,5.0,Iowa State,Kansas State,49.0,-110.0,-110.0,11.0
2009,5.0,Kentucky,Alabama,47.0,-110.0,-109.0,11.0
2009,5.0,Louisville,Pittsburgh,52.75,-110.0,-109.5,12.0
2009,5.0,Marshall,East Carolina,48.0,-110.0,-110.0,9.0
2009,5.0,Maryland,Clemson,47.75,-110.0,-110.0,12.0
2009,5.0,Michigan State,Michigan,54.0,-109.5,-110.0,12.0
2009,5.0,Minnesota,Wisconsin,52.0,-110.0,-110.0,12.0
2009,5.0,Mississippi State,Georgia Tech,48.5,-110.0,-110.0,12.0
2009,5.0,Navy,Air Force,48.0,-110.0,-110.0,12.0
2009,5.0,Nevada,UNLV,58.0,-110.0,-110.0,12.0
2009,5.0,North Carolina,Virginia,42.5,-110.0,-110.0,12.0
2009,5.0,Northern Illinois,Western Michigan,49.0,-110.0,-109.5,12.0
2009,5.0,Notre Dame,Washington,54.5,-110.0,-110.0,12.0
2009,5.0,Oregon,Washington State,55.5,-110.0,-110.0,12.0
2009,5.0,Purdue,Northwestern,56.0,-110.0,-110.0,12.0
2009,5.0,San Diego State,New Mexico State,46.0,-110.0,-110.0,12.0
2009,5.0,Stanford,UCLA,45.0,-110.0,-109.5,12.0
2009,5.0,Syracuse,South Florida,47.0,-110.0,-110.0,12.0
2009,5.0,Tennessee,Auburn,49.0,-110.0,-110.0,12.0
2009,5.0,Texas Tech,New Mexico,56.0,-109.0,-109.0,8.0
2009,5.0,West Virginia,Colorado,55.0,-110.0,-109.5,12.0
2009,6.0,Akron,Ohio,52.5,-109.0,-110.0,11.0
2009,6.0,Arkansas,Auburn,63.5,-110.0,-110.0,11.0
2009,6.0,Army,Vanderbilt,37.5,-110.0,-110.0,11.0
2009,6.0,Central Michigan,Eastern Michigan,53.5,-109.5,-109.5,10.0
2009,6.0,Colorado State,Utah,50.5,-110.0,-110.0,10.0
2009,6.0,Florida State,Georgia Tech,56.0,-110.0,-110.0,11.0
2009,6.0,Illinois,Michigan State,54.75,-109.5,-109.5,10.0
2009,6.0,Iowa,Michigan,47.0,-105.0,-110.0,9.0
2009,6.0,Kansas,Iowa State,58.0,-110.0,-110.0,11.0
2009,6.0,Minnesota,Purdue,51.5,-110.0,-110.0,11.0
2009,6.0,Mississippi State,Houston,67.5,-109.0,-110.0,11.0
2009,6.0,Missouri,Nebraska,50.0,-110.0,-110.0,12.0
2009,6.0,Nevada,Louisiana Tech,58.0,-110.0,-110.0,12.0
2009,6.0,New Mexico State,Utah State,49.5,-107.0,-110.0,9.0
2009,6.0,Ohio State,Wisconsin,46.0,-110.0,-109.0,11.0
2009,6.0,Oklahoma,Baylor,52.0,-110.0,-110.0,11.0
2009,6.0,Oregon State,Stanford,52.5,-110.0,-110.0,11.0
2009,6.0,Pittsburgh,Connecticut,47.5,-110.0,-109.0,11.0
2009,6.0,Rice,Navy,55.5,-110.0,-110.0,11.0
2009,6.0,Rutgers,Texas Southern,63.0,-115.0,-115.0,1.0
2009,6.0,South Carolina,Kentucky,45.5,-110.0,-109.0,11.0
2009,6.0,Syracuse,West Virginia,54.5,-109.5,-108.5,10.0
2009,6.0,Temple,Ball State,45.5,-110.0,-110.0,11.0
2009,6.0,Tennessee,Georgia,46.0,-109.5,-110.0,10.0
2009,6.0,Texas,Colorado,58.5,-110.0,-110.0,11.0
2009,6.0,Texas A&M,Oklahoma State,60.5,-110.0,-110.0,11.0
2009,6.0,Texas Tech,Kansas State,54.5,-110.0,-110.0,11.0
2009,6.0,Toledo,Western Michigan,63.0,-109.0,-110.0,9.0
2009,6.0,Tulane,Marshall,48.0,-110.0,-110.0,9.0
2009,6.0,UCLA,Oregon,44.0,-110.0,-110.0,11.0
2009,6.0,Virginia,Indiana,47.0,-110.0,-110.0,11.0
2009,6.0,Virginia Tech,Boston College,44.5,-107.5,-110.0,8.0
2009,6.0,Wake Forest,Maryland,52.25,-110.0,-109.5,10.0
2009,6.0,Washington,Arizona,53.5,-660.0,,1.0
2009,6.0,Washington State,Arizona State,47.0,-110.0,-110.0,11.0
2009,6.0,Western Kentucky,Florida International,56.0,-109.0,-109.0,9.0
2009,6.0,Wyoming,New Mexico,45.0,-110.0,-110.0,11.0
2009,7.0,Air Force,Wyoming,45.0,-110.0,-109.5,8.0
2009,7.0,Alabama,South Carolina,43.5,-110.0,-110.0,12.0
2009,7.0,Arizona,Stanford,53.5,-110.0,-110.0,11.0
2009,7.0,Arizona State,Washington,47.0,-110.0,-110.0,9.0
2009,7.0,Auburn,Kentucky,56.5,-110.0,-110.0,9.0
2009,7.0,Ball State,Bowling Green,55.0,-109.5,-110.0,12.0
2009,7.0,Buffalo,Akron,46.0,-108.0,-105.0,7.0
2009,7.0,Clemson,Wake Forest,48.0,-110.0,-110.0,12.0
2009,7.0,Colorado,Kansas,54.5,-110.0,-110.0,11.0
2009,7.0,Connecticut,Louisville,47.0,-110.0,-110.0,12.0
2009,7.0,East Carolina,Rice,55.5,-110.0,-110.0,12.0
2009,7.0,Florida,Arkansas,58.0,-110.0,-110.0,10.0
2009,7.0,Florida International,Troy,58.5,-110.0,-110.0,11.0
2009,7.0,Georgia Tech,Virginia Tech,54.0,-110.0,-110.0,12.0
2009,7.0,Indiana,Illinois,54.0,-110.0,-110.0,12.0
2009,7.0,Iowa State,Baylor,52.75,-110.0,-110.0,12.0
2009,7.0,Kansas State,Texas A&M,59.0,-110.0,-110.0,11.0
2009,7.0,Louisiana Tech,New Mexico State,41.5,-110.0,-109.5,12.0
2009,7.0,Maryland,Virginia,45.0,-110.0,-110.0,12.0
2009,7.0,Michigan,Delaware State,49.5,-110.0,-110.0,1.0
2009,7.0,Michigan State,Northwestern,48.25,-110.0,-109.5,12.0
2009,7.0,Nebraska,Texas Tech,58.5,-109.5,-110.0,12.0
2009,7.0,North Texas,Florida Atlantic,61.5,-110.0,-110.0,11.0
2009,7.0,Oklahoma State,Missouri,55.5,-110.0,-110.0,12.0
2009,7.0,Penn State,Minnesota,44.25,-109.5,-110.0,12.0
2009,7.0,Purdue,Ohio State,44.5,-110.0,-110.0,10.0
2009,7.0,Rutgers,Pittsburgh,46.0,-108.5,-110.0,12.0
2009,7.0,South Florida,Cincinnati,48.5,-110.0,-109.5,12.0
2009,7.0,Temple,Army,36.0,-110.0,-110.0,12.0
2009,7.0,Texas,Oklahoma,52.0,-110.0,-110.0,12.0
2009,7.0,Toledo,Northern Illinois,60.5,-110.0,-110.0,12.0
2009,7.0,Tulane,Houston,68.0,-110.0,-109.5,12.0
2009,7.0,UCLA,California,44.0,-110.0,-109.5,10.0
2009,7.0,UNLV,Utah,60.0,-110.0,-110.0,12.0
2009,7.0,Utah State,Nevada,65.0,-110.0,-110.0,12.0
2009,7.0,Vanderbilt,Georgia,47.75,-110.0,-110.0,12.0
2009,7.0,West Virginia,Marshall,51.0,-110.0,-109.0,9.0
2009,7.0,Western Michigan,Central Michigan,59.0,-110.0,-110.0,12.0
2009,7.0,Wisconsin,Iowa,46.5,-109.5,-110.0,12.0
2009,8.0,Alabama,Tennessee,42.0,-110.0,-110.0,12.0
2009,8.0,Arizona,UCLA,49.75,-110.0,-110.0,12.0
2009,8.0,Arkansas State,Florida International,58.0,-110.0,-110.0,11.0
2009,8.0,Army,Rutgers,39.0,-110.0,-110.0,11.0
2009,8.0,Baylor,Oklahoma State,52.0,-110.0,-109.5,12.0
2009,8.0,Bowling Green,Central Michigan,61.0,-110.0,-110.0,12.0
2009,8.0,California,Washington State,60.0,-110.0,-110.0,12.0
2009,8.0,Cincinnati,Louisville,55.0,-110.0,-110.0,12.0
2009,8.0,Colorado State,San Diego State,50.5,-110.0,-110.0,7.0
2009,8.0,Duke,Maryland,54.5,-110.0,-110.0,12.0
2009,8.0,Eastern Michigan,Ball State,43.5,-110.0,-110.0,12.0
2009,8.0,Kansas,Oklahoma,55.5,-110.0,-107.5,8.0
2009,8.0,Kansas State,Colorado,49.5,-110.0,-110.0,12.0
2009,8.0,Michigan,Penn State,48.5,-110.0,-110.0,12.0
2009,8.0,Michigan State,Iowa,42.25,-110.0,-109.5,12.0
2009,8.0,Mississippi State,Florida,50.0,-110.0,-110.0,10.0
2009,8.0,Missouri,Texas,51.0,-110.0,-110.0,12.0
2009,8.0,Navy,Wake Forest,47.5,-110.0,-109.5,12.0
2009,8.0,Nebraska,Iowa State,52.0,-110.0,-110.0,11.0
2009,8.0,Nevada,Idaho,67.5,-110.0,-110.0,12.0
2009,8.0,New Mexico,UNLV,59.5,-110.0,-110.0,10.0
2009,8.0,New Mexico State,Fresno State,51.5,-110.0,-110.0,12.0
2009,8.0,North Carolina,Florida State,47.5,-110.0,-110.0,12.0
2009,8.0,Northwestern,Indiana,53.0,-110.0,-110.0,11.0
2009,8.0,Notre Dame,Boston College,53.5,-110.0,-110.0,12.0
2009,8.0,Ohio State,Minnesota,42.0,-110.0,-110.0,11.0
2009,8.0,Pittsburgh,South Florida,48.0,-110.0,-110.0,9.0
2009,8.0,Purdue,Illinois,55.0,-110.0,-110.0,11.0
2009,8.0,South Carolina,Vanderbilt,41.0,-110.0,-110.0,11.0
2009,8.0,Stanford,Arizona State,49.5,-110.0,-110.0,11.0
2009,8.0,Syracuse,Akron,47.5,-109.5,-110.0,12.0
2009,8.0,Texas Tech,Texas A&M,65.5,-110.0,-110.0,12.0
2009,8.0,Toledo,Temple,53.25,-110.0,-110.0,12.0
2009,8.0,Troy,North Texas,60.5,-110.0,-110.0,11.0
2009,8.0,Utah,Air Force,42.5,-110.0,-110.0,12.0
2009,8.0,Utah State,Louisiana Tech,52.5,-107.5,-109.5,8.0
2009,8.0,Virginia,Georgia Tech,48.0,-110.0,-110.0,12.0
2009,8.0,Washington,Oregon,55.5,-110.0,-110.0,12.0
2009,8.0,West Virginia,Connecticut,47.0,-110.0,-110.0,11.0
2009,8.0,Western Michigan,Buffalo,51.75,-110.0,-110.0,12.0
2009,9.0,Arizona State,California,51.0,-110.0,-110.0,9.0
2009,9.0,Arkansas,Eastern Michigan,60.0,-110.0,-110.0,10.0
2009,9.0,Ball State,Ohio,44.0,-110.0,-110.0,12.0
2009,9.0,Baylor,Nebraska,46.0,-110.0,-110.0,12.0
2009,9.0,Boston College,Central Michigan,48.0,-110.0,-110.0,12.0
2009,9.0,Colorado,Missouri,46.25,-110.0,-110.0,12.0
2009,9.0,Colorado State,Air Force,44.5,-110.0,-110.0,8.0
2009,9.0,Connecticut,Rutgers,44.0,-110.0,-110.0,12.0
2009,9.0,Florida,Georgia,49.5,-110.0,-110.0,12.0
2009,9.0,Fresno State,Utah State,62.5,-110.0,-110.0,12.0
2009,9.0,Idaho,Louisiana Tech,56.5,-110.0,-110.0,12.0
2009,9.0,Illinois,Michigan,54.0,-110.0,-110.0,12.0
2009,9.0,Iowa,Indiana,46.75,-110.0,-110.0,12.0
2009,9.0,Kentucky,Mississippi State,47.0,-110.0,-110.0,11.0
2009,9.0,Louisville,Arkansas State,50.0,-110.0,-110.0,11.0
2009,9.0,Memphis,East Carolina,48.5,-110.0,-110.0,12.0
2009,9.0,Minnesota,Michigan State,46.0,-110.0,-110.0,11.0
2009,9.0,Navy,Temple,41.0,-110.0,-110.0,10.0
2009,9.0,North Texas,Western Kentucky,63.5,-110.0,-110.0,11.0
2009,9.0,Northern Illinois,Akron,41.0,-110.0,-110.0,12.0
2009,9.0,Northwestern,Penn State,46.5,-110.0,-110.0,10.0
2009,9.0,Notre Dame,Washington State,61.5,-110.0,-110.0,12.0
2009,9.0,Ohio State,New Mexico State,49.5,-110.0,-110.0,9.0
2009,9.0,Oklahoma,Kansas State,47.5,-110.0,-110.0,11.0
2009,9.0,Oklahoma State,Texas,53.0,-110.0,-110.0,12.0
2009,9.0,Oregon State,UCLA,48.0,-110.0,-110.0,11.0
2009,9.0,San Diego State,New Mexico,54.0,-110.0,-110.0,12.0
2009,9.0,Syracuse,Cincinnati,52.0,-110.0,-110.0,12.0
2009,9.0,Tennessee,South Carolina,42.0,-110.0,-110.0,12.0
2009,9.0,Texas A&M,Iowa State,61.25,-110.0,-110.0,10.0
2009,9.0,Texas Tech,Kansas,66.0,-110.0,-110.0,12.0
2009,9.0,Utah,Wyoming,44.5,-110.0,-110.0,11.0
2009,9.0,Vanderbilt,Georgia Tech,48.0,-110.0,-110.0,12.0
2009,9.0,Virginia,Duke,48.0,-110.0,-110.0,12.0
2009,9.0,Virginia Tech,North Carolina,43.0,-110.0,-110.0,12.0
2009,9.0,Wisconsin,Purdue,52.5,-110.0,-110.0,9.0
2009,10.0,Air Force,Army,37.5,-110.0,-110.0,12.0
2009,10.0,Arizona,Washington State,57.0,-110.0,-110.0,12.0
2009,10.0,Arkansas,South Carolina,56.0,-110.0,-110.0,12.0
2009,10.0,Auburn,Furman,70.0,-115.0,-115.0,1.0
2009,10.0,Buffalo,Bowling Green,57.5,-110.0,-110.0,12.0
2009,10.0,California,Oregon State,61.0,-110.0,-110.0,12.0
2009,10.0,Cincinnati,Connecticut,51.0,-110.0,-110.0,11.0
2009,10.0,Clemson,Florida State,57.0,-110.0,-110.0,12.0
2009,10.0,Colorado,Texas A&M,56.0,-110.0,-110.0,12.0
2009,10.0,East Carolina,Virginia Tech,51.5,-110.0,-110.0,12.0
2009,10.0,Florida,Vanderbilt,47.0,-110.0,-110.0,12.0
2009,10.0,Georgia,Tennessee Tech,63.0,-115.0,-115.0,1.0
2009,10.0,Georgia Tech,Wake Forest,60.0,-110.0,-110.0,12.0
2009,10.0,Idaho,Fresno State,67.0,-110.0,-110.0,12.0
2009,10.0,Indiana,Wisconsin,54.5,-110.0,-110.0,6.0
2009,10.0,Iowa,Northwestern,45.0,-110.0,-110.0,12.0
2009,10.0,Iowa State,Oklahoma State,54.0,-110.0,-110.0,11.0
2009,10.0,Kansas State,Kansas,55.0,-110.0,-110.0,12.0
2009,10.0,Kentucky,Eastern Kentucky,51.5,-115.0,-115.0,1.0
2009,10.0,Louisiana Tech,Boise State,53.0,-109.5,-110.0,12.0
2009,10.0,Michigan,Purdue,52.0,-110.0,-110.0,12.0
2009,10.0,Michigan State,Western Michigan,55.5,-110.0,-110.0,11.0
2009,10.0,Minnesota,Illinois,54.0,-110.0,-110.0,12.0
2009,10.0,Missouri,Baylor,45.5,-110.0,-110.0,12.0
2009,10.0,Nebraska,Oklahoma,41.0,-110.0,-110.0,12.0
2009,10.0,North Carolina,Duke,45.0,-110.0,-110.0,12.0
2009,10.0,Northern Illinois,Eastern Michigan,48.0,-110.0,-110.0,12.0
2009,10.0,Notre Dame,Navy,55.5,-110.0,-110.0,10.0
2009,10.0,Penn State,Ohio State,41.0,-110.0,-110.0,12.0
2009,10.0,Pittsburgh,Syracuse,49.5,-110.0,-110.0,12.0
2009,10.0,Stanford,Oregon,57.5,-110.0,-110.0,11.0
2009,10.0,Tennessee,Memphis,53.0,-110.0,-110.0,11.0
2009,10.0,UCLA,Washington,51.5,-110.0,-110.0,12.0
2009,10.0,UNLV,Colorado State,62.0,-110.0,-110.0,11.0
2009,10.0,Utah,New Mexico,47.5,-110.0,-110.0,10.0
2009,10.0,West Virginia,Louisville,55.0,-110.0,-110.0,11.0
2009,10.0,Western Kentucky,Troy,63.5,-110.0,-110.0,10.0
2009,11.0,Air Force,UNLV,47.5,-110.0,-110.0,9.0
2009,11.0,Akron,Temple,45.5,-109.5,-110.0,12.0
2009,11.0,Arkansas,Troy,63.5,-110.0,-110.0,11.0
2009,11.0,Baylor,Texas,51.5,-110.0,-110.0,12.0
2009,11.0,Boise State,Idaho,63.5,-110.0,-110.0,12.0
2009,11.0,Buffalo,Ohio,46.0,-110.0,-110.0,12.0
2009,11.0,California,Arizona,55.5,-110.0,-110.0,7.0
2009,11.0,Central Michigan,Toledo,64.0,-110.0,-110.0,12.0
2009,11.0,Cincinnati,West Virginia,56.5,-110.0,-110.0,12.0
2009,11.0,Duke,Georgia Tech,59.0,-110.0,-110.0,10.0
2009,11.0,Eastern Michigan,Western Michigan,59.0,-110.0,-110.0,8.0
2009,11.0,Florida Atlantic,Arkansas State,55.5,-110.0,-110.0,11.0
2009,11.0,Florida International,North Texas,66.5,-110.0,-110.0,10.0
2009,11.0,Georgia,Auburn,55.0,-110.0,-110.0,10.0
2009,11.0,Illinois,Northwestern,50.0,-110.0,-110.0,12.0
2009,11.0,Iowa State,Colorado,48.5,-110.0,-110.0,10.0
2009,11.0,Kansas,Nebraska,45.0,-110.0,-110.0,12.0
2009,11.0,Kansas State,Missouri,51.0,-110.0,-110.0,11.0
2009,11.0,Louisville,Syracuse,46.5,-110.0,-110.0,12.0
2009,11.0,Maryland,Virginia Tech,47.0,-110.0,-110.0,12.0
2009,11.0,Mississippi State,Alabama,43.5,-110.0,-110.0,11.0
2009,11.0,Navy,Delaware,53.5,-110.0,-110.0,1.0
2009,11.0,Nevada,Fresno State,69.0,-110.0,-110.0,9.0
2009,11.0,Northern Illinois,Ball State,46.0,-110.0,-110.0,12.0
2009,11.0,Ohio State,Iowa,38.0,-110.0,-110.0,11.0
2009,11.0,Oklahoma,Texas A&M,57.5,-110.0,-110.0,12.0
2009,11.0,Oklahoma State,Texas Tech,60.25,-110.0,-110.0,12.0
2009,11.0,Oregon State,Washington,58.0,-110.0,-110.0,7.0
2009,11.0,Penn State,Indiana,55.5,-110.0,-110.0,10.0
2009,11.0,Pittsburgh,Notre Dame,59.0,-110.0,-110.0,12.0
2009,11.0,Purdue,Michigan State,53.0,-110.0,-110.0,7.0
2009,11.0,Rice,Tulane,58.0,-110.0,-110.0,12.0
2009,11.0,Rutgers,South Florida,42.5,-110.0,-110.0,12.0
2009,11.0,San Diego State,Wyoming,49.0,-110.0,-110.0,11.0
2009,11.0,South Carolina,Florida,44.5,-110.0,-110.0,12.0
2009,11.0,Vanderbilt,Kentucky,45.0,-110.0,-110.0,12.0
2009,11.0,Virginia,Boston College,44.0,-110.0,-110.0,10.0
2009,11.0,Wake Forest,Florida State,57.0,-110.0,-110.0,12.0
2009,11.0,Washington State,UCLA,48.0,-110.0,-110.0,11.0
2009,11.0,Wisconsin,Michigan,55.0,-110.0,-110.0,11.0
2009,12.0,Arizona,Oregon,60.0,-110.0,-110.0,12.0
2009,12.0,Arkansas,Mississippi State,57.5,-110.0,-110.0,12.0
2009,12.0,Ball State,Central Michigan,51.0,-110.0,-110.0,12.0
2009,12.0,Boston College,North Carolina,39.5,-110.0,-110.0,11.0
2009,12.0,Bowling Green,Akron,54.5,-110.0,-110.0,12.0
2009,12.0,Clemson,Virginia,45.25,-110.0,-110.0,10.0
2009,12.0,Florida,Florida International,60.0,-110.0,-110.0,11.0
2009,12.0,Florida State,Maryland,57.0,-110.0,-110.0,12.0
2009,12.0,Fresno State,Louisiana Tech,54.5,-110.0,-110.0,11.0
2009,12.0,Georgia,Kentucky,50.0,-110.0,-110.0,11.0
2009,12.0,Houston,Memphis,74.0,-110.0,-110.0,12.0
2009,12.0,Indiana,Purdue,59.0,-110.0,-110.0,11.0
2009,12.0,Iowa,Minnesota,43.0,-110.0,-110.0,11.0
2009,12.0,Michigan,Ohio State,48.0,-110.0,-110.0,10.0
2009,12.0,Michigan State,Penn State,50.25,-110.0,-110.0,12.0
2009,12.0,Missouri,Iowa State,51.5,-110.0,-110.0,12.0
2009,12.0,Nebraska,Kansas State,44.5,-110.0,-110.0,11.0
2009,12.0,New Mexico,Colorado State,54.0,-110.0,-110.0,11.0
2009,12.0,New Mexico State,Nevada,59.5,-110.0,-110.0,10.0
2009,12.0,North Texas,Army,53.5,-110.0,-110.0,11.0
2009,12.0,Northwestern,Wisconsin,48.5,-110.0,-110.0,11.0
2009,12.0,Notre Dame,Connecticut,58.0,-110.0,-110.0,12.0
2009,12.0,Ohio,Northern Illinois,45.0,-110.0,-110.0,8.0
2009,12.0,Oklahoma State,Colorado,47.0,-110.0,-110.0,12.0
2009,12.0,South Florida,Louisville,45.0,-110.0,-110.0,11.0
2009,12.0,Stanford,California,60.0,-110.0,-110.0,12.0
2009,12.0,Syracuse,Rutgers,45.0,-110.0,-110.0,11.0
2009,12.0,Tennessee,Vanderbilt,47.5,-110.0,-110.0,12.0
2009,12.0,Texas,Kansas,57.5,-110.0,-110.0,11.0
2009,12.0,Texas A&M,Baylor,61.0,-110.0,-110.0,10.0
2009,12.0,Texas Tech,Oklahoma,56.0,-110.0,-110.0,12.0
2009,12.0,Toledo,Eastern Michigan,62.0,-110.0,-110.0,12.0
2009,12.0,Troy,Florida Atlantic,64.5,-110.0,-110.0,11.0
2009,12.0,UCLA,Arizona State,41.0,-110.0,-110.0,10.0
2009,12.0,Utah,San Diego State,54.0,-107.5,-110.0,8.0
2009,12.0,Utah State,Boise State,62.0,-110.0,-110.0,12.0
2009,12.0,Washington State,Oregon State,56.0,-108.5,-107.5,6.0
2009,13.0,Akron,Eastern Michigan,51.0,-110.0,-110.0,11.0
2009,13.0,Arizona State,Arizona,44.5,-107.5,-110.0,6.0
2009,13.0,Arkansas State,North Texas,55.5,-110.0,-110.0,10.0
2009,13.0,Auburn,Alabama,47.0,-110.0,-110.0,10.0
2009,13.0,Boise State,Nevada,71.0,-110.0,-110.0,11.0
2009,13.0,Bowling Green,Toledo,66.5,-110.0,-110.0,11.0
2009,13.0,Central Michigan,Northern Illinois,52.5,-110.0,-110.0,11.0
2009,13.0,Cincinnati,Illinois,59.5,-110.0,-110.0,11.0
2009,13.0,Colorado,Nebraska,41.0,-110.0,-110.0,11.0
2009,13.0,Colorado State,Wyoming,48.5,-110.0,-110.0,11.0
2009,13.0,Connecticut,Syracuse,44.5,-110.0,-110.0,11.0
2009,13.0,Duke,Wake Forest,53.5,-110.0,-110.0,11.0
2009,13.0,Florida,Florida State,56.5,-110.0,-110.0,11.0
2009,13.0,Florida Atlantic,Western Kentucky,66.0,-110.0,-110.0,10.0
2009,13.0,Georgia Tech,Georgia,57.0,-110.0,-110.0,10.0
2009,13.0,Houston,Rice,72.0,-110.0,-110.0,10.0
2009,13.0,Idaho,Utah State,70.0,-110.0,-110.0,11.0
2009,13.0,Kansas,Missouri,57.5,-110.0,-110.0,11.0
2009,13.0,Kentucky,Tennessee,50.25,-110.0,-110.0,10.0
2009,13.0,Louisville,Rutgers,43.0,-110.0,-110.0,11.0
2009,13.0,Maryland,Boston College,45.5,-110.0,-110.0,10.0
2009,13.0,Ohio,Temple,44.0,-110.0,-110.0,11.0
2009,13.0,Oklahoma,Oklahoma State,48.0,-110.0,-110.0,11.0
2009,13.0,South Carolina,Clemson,44.25,-110.0,-109.5,8.0
2009,13.0,Stanford,Notre Dame,64.0,-110.0,-110.0,10.0
2009,13.0,Texas A&M,Texas,63.5,-110.0,-110.0,11.0
2009,13.0,UNLV,San Diego State,60.0,-110.0,-110.0,11.0
2009,13.0,Virginia,Virginia Tech,44.0,-110.0,-110.0,11.0
2009,13.0,Washington,Washington State,60.0,-110.0,-110.0,9.0
2009,13.0,West Virginia,Pittsburgh,48.0,-110.0,-110.0,11.0
2009,13.0,Western Michigan,Ball State,54.5,-110.0,-110.0,11.0
2009,14.0,Alabama,Florida,41.0,-110.0,-110.0,12.0
2009,14.0,Boise State,New Mexico State,58.0,-110.0,-110.0,12.0
2009,14.0,Central Michigan,Ohio,56.25,-110.0,-110.0,12.0
2009,14.0,Clemson,Georgia Tech,56.5,-110.0,-110.0,12.0
2009,14.0,Connecticut,South Florida,47.25,-110.0,-110.0,12.0
2009,14.0,East Carolina,Houston,68.5,-110.0,-110.0,12.0
2009,14.0,Illinois,Fresno State,58.5,-110.0,-110.0,12.0
2009,14.0,Nebraska,Texas,46.5,-110.0,-110.0,12.0
2009,14.0,Oregon,Oregon State,63.0,-110.0,-110.0,12.0
2009,14.0,Pittsburgh,Cincinnati,56.0,-110.0,-110.0,12.0
2009,14.0,Rutgers,West Virginia,43.5,-110.0,-110.0,12.0
2009,14.0,Washington,California,57.25,-110.0,-110.0,12.0
2009,14.0,Western Kentucky,Arkansas State,51.5,-110.0,-110.0,11.0
2009,15.0,Navy,Army,41.5,-110.0,-110.0,12.0
2010,1.0,Akron,Syracuse,42.5,-110.0,-110.0,11.0
2010,1.0,Auburn,Arkansas State,52.5,-110.0,-110.0,11.0
2010,1.0,Buffalo,Rhode Island,54.5,-110.0,-110.0,5.0
2010,1.0,Central Michigan,Hampton,51.0,-107.5,-110.0,4.0
2010,1.0,Clemson,North Texas,55.0,-110.0,-110.0,12.0
2010,1.0,Colorado State,Colorado,46.5,-110.0,-110.0,10.0
2010,1.0,East Carolina,Tulsa,56.0,-110.0,-110.0,12.0
2010,1.0,Eastern Michigan,Army,42.0,-110.0,-110.0,11.0
2010,1.0,Fresno State,Cincinnati,57.0,-110.0,-110.0,12.0
2010,1.0,Idaho,North Dakota,60.75,-110.0,-107.5,4.0
2010,1.0,Indiana,Towson,57.0,-110.0,-107.5,4.0
2010,1.0,Iowa State,Northern Illinois,50.75,-110.0,-110.0,12.0
2010,1.0,Kansas State,UCLA,44.5,-110.0,-110.0,11.0
2010,1.0,Louisville,Kentucky,47.75,-110.0,-110.0,12.0
2010,1.0,Maryland,Navy,49.0,-110.0,-110.0,12.0
2010,1.0,Michigan,Connecticut,51.75,-110.0,-110.0,12.0
2010,1.0,Michigan State,Western Michigan,50.5,-110.0,-110.0,12.0
2010,1.0,Mississippi State,Memphis,47.5,-110.0,-110.0,12.0
2010,1.0,Missouri,Illinois,53.0,-110.0,-110.0,12.0
2010,1.0,Nebraska,Western Kentucky,52.5,-110.0,-110.0,11.0
2010,1.0,Nevada,Eastern Washington,67.5,-110.0,-110.0,5.0
2010,1.0,Notre Dame,Purdue,54.0,-110.0,-110.0,12.0
2010,1.0,Ohio State,Marshall,46.0,-110.0,-110.0,12.0
2010,1.0,Oklahoma,Utah State,56.5,-110.0,-110.0,12.0
2010,1.0,Oklahoma State,Washington State,51.0,-110.0,-110.0,12.0
2010,1.0,Oregon,New Mexico,54.5,-110.0,-110.0,12.0
2010,1.0,Rice,Texas,56.0,-110.0,-110.0,12.0
2010,1.0,Rutgers,Norfolk State,51.0,-110.0,-105.0,3.0
2010,1.0,Temple,Villanova,47.5,-110.0,-110.0,5.0
2010,1.0,Toledo,Arizona,58.0,-110.0,-107.5,12.0
2010,1.0,Troy,Bowling Green,54.0,-110.0,-110.0,11.0
2010,1.0,Tulane,Southeastern Louisiana,53.0,-110.0,-110.0,5.0
2010,1.0,UNLV,Wisconsin,55.5,-110.0,-110.0,12.0
2010,1.0,Utah,Pittsburgh,47.75,-110.0,-110.0,12.0
2010,1.0,Vanderbilt,Northwestern,41.5,-110.0,-109.0,12.0
2010,1.0,Virginia Tech,Boise State,53.0,-110.0,-110.0,12.0
2010,2.0,Alabama,Penn State,44.0,-110.0,-110.0,13.0
2010,2.0,Baylor,Buffalo,52.0,-110.0,-110.0,13.0
2010,2.0,California,Colorado,50.0,-110.0,-110.0,13.0
2010,2.0,East Carolina,Memphis,56.5,-110.0,-110.0,13.0
2010,2.0,Florida,South Florida,50.0,-110.0,-110.0,12.0
2010,2.0,Florida Atlantic,Michigan State,56.0,-110.0,-110.0,13.0
2010,2.0,Florida International,Rutgers,47.5,-110.0,-110.0,9.0
2010,2.0,Iowa,Iowa State,45.5,-110.0,-110.0,11.0
2010,2.0,Kansas,Georgia Tech,51.0,-110.0,-110.0,13.0
2010,2.0,Kentucky,Western Kentucky,53.5,-110.0,-110.0,10.0
2010,2.0,Marshall,West Virginia,46.5,-110.0,-110.0,13.0
2010,2.0,Mississippi State,Auburn,56.0,-110.0,-110.0,12.0
2010,2.0,Nebraska,Idaho,53.5,-110.0,-110.0,12.0
2010,2.0,Nevada,Colorado State,58.0,-110.0,-110.0,13.0
2010,2.0,New Mexico,Texas Tech,56.0,-110.0,-110.0,10.0
2010,2.0,New Mexico State,San Diego State,50.5,-110.0,-110.0,13.0
2010,2.0,North Texas,Rice,57.5,-110.0,-110.0,12.0
2010,2.0,Notre Dame,Michigan,53.0,-109.0,-110.0,13.0
2010,2.0,Ohio,Toledo,52.0,-110.0,-110.0,13.0
2010,2.0,Oklahoma,Florida State,58.0,-110.0,-110.0,11.0
2010,2.0,Oklahoma State,Troy,63.0,-110.0,-109.5,12.0
2010,2.0,South Carolina,Georgia,44.5,-110.0,-110.0,13.0
2010,2.0,Temple,Central Michigan,47.0,-110.0,-110.0,13.0
2010,2.0,Tennessee,Oregon,52.5,-110.0,-110.0,13.0
2010,2.0,Texas,Wyoming,51.0,-110.0,-110.0,11.0
2010,2.0,Tulsa,Bowling Green,62.5,-110.0,-110.0,12.0
2010,2.0,UCLA,Stanford,52.0,-110.0,-110.0,12.0
2010,2.0,Utah,UNLV,54.0,-110.0,-110.0,13.0
2010,2.0,Wake Forest,Duke,53.0,-110.0,-110.0,13.0
2010,2.0,Washington,Syracuse,51.5,-110.0,-110.0,13.0
2010,3.0,Arizona,Iowa,45.5,-110.0,-110.0,13.0
2010,3.0,Army,North Texas,51.0,-110.0,-110.0,13.0
2010,3.0,Auburn,Clemson,54.5,-110.0,-110.0,10.0
2010,3.0,Bowling Green,Marshall,50.5,-110.0,-110.0,11.0
2010,3.0,Duke,Alabama,57.0,-110.0,-110.0,13.0
2010,3.0,Eastern Michigan,Central Michigan,47.5,-110.0,-109.5,12.0
2010,3.0,Georgia,Arkansas,53.5,-110.0,-110.0,13.0
2010,3.0,Idaho,UNLV,59.0,-110.0,-110.0,13.0
2010,3.0,Illinois,Northern Illinois,45.5,-110.0,-110.0,12.0
2010,3.0,Kansas State,Iowa State,54.0,-110.0,-110.0,12.0
2010,3.0,Kentucky,Akron,52.5,-110.0,-110.0,13.0
2010,3.0,Louisiana Tech,Navy,51.5,-110.0,-110.0,11.0
2010,3.0,Michigan State,Notre Dame,53.5,-110.0,-110.0,13.0
2010,3.0,Missouri,San Diego State,58.5,-110.0,-110.0,12.0
2010,3.0,Nevada,California,66.0,-110.0,-110.0,13.0
2010,3.0,New Mexico,Utah,54.0,-109.5,-109.5,10.0
2010,3.0,North Carolina,Georgia Tech,52.5,-110.0,-110.0,13.0
2010,3.0,Ohio State,Ohio,45.0,-110.0,-110.0,12.0
2010,3.0,Oklahoma,Air Force,53.5,-110.0,-110.0,11.0
2010,3.0,Oklahoma State,Tulsa,69.5,-110.0,-110.0,12.0
2010,3.0,Oregon,Portland State,72.5,-110.0,-110.0,1.0
2010,3.0,Oregon State,Louisville,55.0,-110.0,-110.0,13.0
2010,3.0,Purdue,Ball State,47.5,-110.0,-110.0,13.0
2010,3.0,Rice,Northwestern,54.5,-110.0,-109.5,8.0
2010,3.0,Stanford,Wake Forest,56.5,-110.0,-110.0,13.0
2010,3.0,Temple,Connecticut,47.5,-110.0,-109.5,12.0
2010,3.0,Tennessee,Florida,44.5,-110.0,-110.0,13.0
2010,3.0,Texas Tech,Texas,51.25,-110.0,-110.0,12.0
2010,3.0,UCLA,Houston,66.0,-110.0,-110.0,13.0
2010,3.0,Utah State,Fresno State,58.5,-110.0,-109.5,12.0
2010,3.0,Virginia Tech,East Carolina,60.0,-110.0,-110.0,13.0
2010,3.0,Washington,Nebraska,51.0,-110.0,-110.0,13.0
2010,3.0,West Virginia,Maryland,45.0,-110.0,-110.0,13.0
2010,3.0,Western Kentucky,Indiana,60.5,-110.0,-110.0,12.0
2010,3.0,Western Michigan,Toledo,53.0,-109.5,-107.5,6.0
2010,3.0,Wisconsin,Arizona State,49.0,-110.0,-110.0,13.0
2010,3.0,Wyoming,Boise State,51.5,-110.0,-110.0,12.0
2010,4.0,Arizona,California,57.5,-110.0,-110.0,13.0
2010,4.0,Arizona State,Oregon,56.0,-110.0,-110.0,13.0
2010,4.0,Arkansas,Alabama,56.5,-110.0,-110.0,13.0
2010,4.0,Auburn,South Carolina,49.0,-110.0,-110.0,13.0
2010,4.0,Boise State,Oregon State,57.0,-110.0,-110.0,13.0
2010,4.0,Boston College,Virginia Tech,45.5,-110.0,-110.0,13.0
2010,4.0,Cincinnati,Oklahoma,52.5,-110.0,-110.0,12.0
2010,4.0,Colorado State,Idaho,50.5,-110.0,-110.0,10.0
2010,4.0,Connecticut,Buffalo,48.5,-110.0,-110.0,11.0
2010,4.0,Duke,Army,55.0,-110.0,-110.0,13.0
2010,4.0,Florida,Kentucky,49.5,-110.0,-110.0,13.0
2010,4.0,Florida Atlantic,North Texas,51.5,-110.0,-110.0,12.0
2010,4.0,Florida State,Wake Forest,61.5,-110.0,-110.0,13.0
2010,4.0,Houston,Tulane,56.75,-110.0,-110.0,12.0
2010,4.0,Indiana,Akron,56.0,-110.0,-110.0,13.0
2010,4.0,Iowa,Ball State,45.5,-110.0,-110.0,10.0
2010,4.0,Kansas,New Mexico State,50.5,-110.0,-110.0,12.0
2010,4.0,Marshall,Ohio,46.0,-110.0,-110.0,11.0
2010,4.0,Maryland,Florida International,44.5,-110.0,-110.0,13.0
2010,4.0,Michigan,Bowling Green,56.0,-110.0,-110.0,13.0
2010,4.0,Minnesota,Northern Illinois,50.0,-110.0,-110.0,11.0
2010,4.0,Mississippi State,Georgia,45.5,-110.0,-110.0,13.0
2010,4.0,Northwestern,Central Michigan,51.0,-109.0,-110.0,13.0
2010,4.0,Notre Dame,Stanford,59.5,-110.0,-110.0,13.0
2010,4.0,Ohio State,Eastern Michigan,58.0,-110.0,-110.0,13.0
2010,4.0,Penn State,Temple,43.5,-110.0,-110.0,12.0
2010,4.0,Purdue,Toledo,49.0,-110.0,-110.0,13.0
2010,4.0,Rice,Baylor,56.5,-110.0,-110.0,13.0
2010,4.0,Rutgers,North Carolina,44.0,-110.0,-110.0,13.0
2010,4.0,San Diego State,Utah State,61.5,-110.0,-110.0,7.0
2010,4.0,South Florida,Western Kentucky,56.5,-110.0,-110.0,12.0
2010,4.0,Texas,UCLA,43.0,-110.0,-110.0,13.0
2010,4.0,Troy,Arkansas State,66.5,-110.0,-110.0,11.0
2010,4.0,UNLV,New Mexico,49.5,-110.0,-110.0,13.0
2010,4.0,Wyoming,Air Force,49.5,-110.0,-110.0,13.0
2010,5.0,Air Force,Navy,50.0,-110.0,-110.0,12.0
2010,5.0,Akron,Northern Illinois,47.0,-110.0,-110.0,12.0
2010,5.0,Alabama,Florida,48.0,-110.0,-110.0,9.0
2010,5.0,Arkansas State,Louisville,60.0,-110.0,-110.0,11.0
2010,5.0,Army,Temple,41.0,-110.0,-110.0,12.0
2010,5.0,Baylor,Kansas,51.5,-110.0,-110.0,12.0
2010,5.0,Boston College,Notre Dame,46.25,-110.0,-110.0,12.0
2010,5.0,Bowling Green,Buffalo,50.5,-110.0,-110.0,12.0
2010,5.0,Central Michigan,Ball State,51.5,-110.0,-110.0,12.0
2010,5.0,Colorado,Georgia,49.5,-110.0,-110.0,12.0
2010,5.0,Connecticut,Vanderbilt,45.0,-110.0,-110.0,12.0
2010,5.0,Eastern Michigan,Ohio,49.0,-110.0,-110.0,12.0
2010,5.0,Illinois,Ohio State,49.5,-110.0,-110.0,12.0
2010,5.0,Indiana,Michigan,65.0,-110.0,-110.0,12.0
2010,5.0,Iowa,Penn State,40.0,-110.0,-110.0,11.0
2010,5.0,Iowa State,Texas Tech,54.25,-110.0,-110.0,12.0
2010,5.0,Maryland,Duke,61.0,-110.0,-110.0,11.0
2010,5.0,Memphis,Tulsa,62.0,-110.0,-110.0,12.0
2010,5.0,Michigan State,Wisconsin,55.0,-110.0,-110.0,12.0
2010,5.0,Minnesota,Northwestern,54.0,-110.0,-110.0,12.0
2010,5.0,New Mexico State,Boise State,60.25,-110.0,-107.5,10.0
2010,5.0,North Carolina,East Carolina,60.75,-110.0,-110.0,12.0
2010,5.0,Oklahoma,Texas,46.5,-110.0,-110.0,12.0
2010,5.0,Oregon,Stanford,64.0,-110.0,-110.0,12.0
2010,5.0,Oregon State,Arizona State,53.0,-110.0,-110.0,12.0
2010,5.0,Pittsburgh,Florida International,51.5,-110.0,-110.0,11.0
2010,5.0,Rutgers,Tulane,42.0,-110.0,-110.0,12.0
2010,5.0,South Florida,Florida Atlantic,51.0,-110.0,-110.0,10.0
2010,5.0,Toledo,Wyoming,49.5,-110.0,-110.0,12.0
2010,5.0,UCLA,Washington State,48.0,-110.0,-110.0,12.0
2010,5.0,UNLV,Nevada,61.0,-110.0,-110.0,12.0
2010,5.0,Virginia,Florida State,49.75,-110.0,-110.0,12.0
2010,5.0,Wake Forest,Georgia Tech,61.75,-110.0,-110.0,12.0
2010,5.0,Western Michigan,Idaho,60.75,-110.0,-110.0,12.0
2010,6.0,Air Force,Colorado State,47.5,-110.0,-110.0,11.0
2010,6.0,Arizona,Oregon State,52.0,-110.0,-110.0,13.0
2010,6.0,Ball State,Western Michigan,48.5,-109.0,-110.0,13.0
2010,6.0,Boise State,Toledo,60.0,-110.0,-110.0,13.0
2010,6.0,California,UCLA,49.0,-110.0,-110.0,12.0
2010,6.0,Florida International,Western Kentucky,55.0,-110.0,-110.0,12.0
2010,6.0,Georgia,Tennessee,48.0,-110.0,-110.0,8.0
2010,6.0,Georgia Tech,Virginia,50.0,-110.0,-110.0,13.0
2010,6.0,Houston,Mississippi State,57.5,-110.0,-110.0,13.0
2010,6.0,Iowa State,Utah,53.5,-110.0,-110.0,12.0
2010,6.0,Kansas State,Nebraska,47.0,-110.0,-109.0,13.0
2010,6.0,Kentucky,Auburn,58.0,-110.0,-110.0,11.0
2010,6.0,Louisiana Tech,Utah State,56.5,-110.0,-110.0,12.0
2010,6.0,Louisville,Memphis,51.0,-110.0,-110.0,12.0
2010,6.0,Michigan,Michigan State,65.0,-109.5,-110.0,12.0
2010,6.0,Missouri,Colorado,53.0,-110.0,-110.0,12.0
2010,6.0,New Mexico State,New Mexico,49.5,-110.0,-110.0,9.0
2010,6.0,North Carolina,Clemson,51.0,-110.0,-110.0,13.0
2010,6.0,North Texas,Arkansas State,54.5,-110.0,-110.0,12.0
2010,6.0,Northern Illinois,Temple,49.5,-110.0,-110.0,11.0
2010,6.0,Northwestern,Purdue,48.5,-110.0,-110.0,13.0
2010,6.0,Notre Dame,Pittsburgh,50.5,-110.0,-110.0,11.0
2010,6.0,Ohio,Bowling Green,48.5,-110.0,-110.0,13.0
2010,6.0,Ohio State,Indiana,59.5,-110.0,-110.0,13.0
2010,6.0,Penn State,Illinois,42.5,-110.0,-110.0,11.0
2010,6.0,Rutgers,Connecticut,42.5,-110.0,-110.0,13.0
2010,6.0,South Carolina,Alabama,46.5,-110.0,-110.0,12.0
2010,6.0,South Florida,Syracuse,45.0,-110.0,-109.5,12.0
2010,6.0,Texas Tech,Baylor,62.5,-110.0,-110.0,12.0
2010,6.0,Tulane,Army,43.5,-110.0,-110.0,12.0
2010,6.0,Vanderbilt,Eastern Michigan,54.0,-110.0,-110.0,13.0
2010,6.0,Virginia Tech,Central Michigan,54.5,-110.0,-110.0,13.0
2010,6.0,Wake Forest,Navy,47.0,-110.0,-110.0,12.0
2010,6.0,Washington,Arizona State,59.0,-110.0,-110.0,13.0
2010,6.0,Washington State,Oregon,69.5,-110.0,-110.0,13.0
2010,6.0,West Virginia,UNLV,47.5,-110.0,-110.0,12.0
2010,6.0,Wisconsin,Minnesota,58.0,-110.0,-110.0,10.0
2010,7.0,Auburn,Arkansas,60.0,-110.0,-110.0,11.0
2010,7.0,Ball State,Eastern Michigan,57.0,-110.0,-110.0,13.0
2010,7.0,Clemson,Maryland,48.0,-110.0,-110.0,13.0
2010,7.0,Colorado,Baylor,54.5,-110.0,-110.0,13.0
2010,7.0,Colorado State,UNLV,51.0,-110.0,-110.0,10.0
2010,7.0,Florida,Mississippi State,47.0,-110.0,-110.0,13.0
2010,7.0,Florida State,Boston College,48.5,-110.0,-110.0,13.0
2010,7.0,Fresno State,New Mexico State,55.5,-110.0,-110.0,13.0
2010,7.0,Georgia,Vanderbilt,49.5,-110.0,-110.0,13.0
2010,7.0,Indiana,Arkansas State,64.0,-110.0,-110.0,13.0
2010,7.0,Kansas,Kansas State,49.5,-110.0,-110.0,13.0
2010,7.0,Kentucky,South Carolina,54.5,-110.0,-110.0,11.0
2010,7.0,Louisiana Tech,Idaho,53.5,-110.0,-110.0,10.0
2010,7.0,Louisville,Cincinnati,55.5,-110.0,-110.0,13.0
2010,7.0,Michigan,Iowa,53.5,-109.5,-110.0,12.0
2010,7.0,Michigan State,Illinois,49.0,-110.0,-110.0,13.0
2010,7.0,Nebraska,Texas,45.5,-109.0,-110.0,13.0
2010,7.0,North Texas,Florida International,48.0,-110.0,-110.0,12.0
2010,7.0,Northern Illinois,Buffalo,50.0,-110.0,-110.0,13.0
2010,7.0,Notre Dame,Western Michigan,53.0,-110.0,-110.0,13.0
2010,7.0,Ohio,Akron,48.0,-110.0,-110.0,11.0
2010,7.0,Oklahoma,Iowa State,60.0,-110.0,-110.0,12.0
2010,7.0,Purdue,Minnesota,50.5,-110.0,-110.0,13.0
2010,7.0,Rice,Houston,66.0,-110.0,-110.0,13.0
2010,7.0,Rutgers,Army,42.5,-110.0,-110.0,12.0
2010,7.0,San Diego State,Air Force,55.5,-110.0,-110.0,13.0
2010,7.0,Syracuse,Pittsburgh,45.5,-110.0,-110.0,13.0
2010,7.0,Temple,Bowling Green,51.5,-110.0,-110.0,11.0
2010,7.0,Texas Tech,Oklahoma State,68.0,-110.0,-110.0,13.0
2010,7.0,Tulsa,Tulane,57.5,-110.0,-110.0,13.0
2010,7.0,Virginia,North Carolina,46.0,-110.0,-110.0,13.0
2010,7.0,Virginia Tech,Wake Forest,54.5,-110.0,-110.0,13.0
2010,7.0,Washington,Oregon State,60.75,-110.0,-110.0,12.0
2010,7.0,Washington State,Arizona,61.0,-110.0,-110.0,13.0
2010,7.0,West Virginia,South Florida,46.0,-110.0,-110.0,13.0
2010,7.0,Wisconsin,Ohio State,48.5,-110.0,-110.0,13.0
2010,7.0,Wyoming,Utah,52.5,-110.0,-110.0,10.0
2010,8.0,Akron,Western Michigan,51.5,-110.0,-110.0,13.0
2010,8.0,Arizona,Washington,52.75,-110.0,-110.0,12.0
2010,8.0,Arkansas State,Florida Atlantic,52.0,-110.0,-110.0,12.0
2010,8.0,Baylor,Kansas State,56.5,-110.0,-110.0,12.0
2010,8.0,Boston College,Maryland,41.0,-110.0,-109.0,9.0
2010,8.0,Buffalo,Temple,47.0,-110.0,-110.0,13.0
2010,8.0,California,Arizona State,50.5,-110.0,-110.0,12.0
2010,8.0,Cincinnati,South Florida,48.0,-110.0,-110.0,13.0
2010,8.0,Clemson,Georgia Tech,51.0,-110.0,-110.0,13.0
2010,8.0,Colorado,Texas Tech,57.0,-110.0,-110.0,9.0
2010,8.0,East Carolina,Marshall,61.0,-110.0,-110.0,13.0
2010,8.0,Idaho,New Mexico State,53.5,-110.0,-110.0,9.0
2010,8.0,Illinois,Indiana,53.5,-110.0,-110.0,13.0
2010,8.0,Iowa,Wisconsin,46.5,-110.0,-110.0,13.0
2010,8.0,Kansas,Texas A&M,51.5,-110.0,-110.0,13.0
2010,8.0,Kentucky,Georgia,58.0,-109.0,-110.0,13.0
2010,8.0,Louisville,Connecticut,53.0,-110.0,-110.0,13.0
2010,8.0,Minnesota,Penn State,49.0,-110.0,-110.0,13.0
2010,8.0,Missouri,Oklahoma,53.0,-110.0,-110.0,13.0
2010,8.0,Navy,Notre Dame,49.0,-110.0,-110.0,13.0
2010,8.0,New Mexico,San Diego State,55.0,-109.5,-110.0,8.0
2010,8.0,Northern Illinois,Central Michigan,51.5,-110.0,-110.0,13.0
2010,8.0,Northwestern,Michigan State,51.5,-110.0,-110.0,13.0
2010,8.0,Ohio State,Purdue,47.5,-110.0,-110.0,12.0
2010,8.0,Oklahoma State,Nebraska,58.0,-110.0,-110.0,13.0
2010,8.0,Oregon,UCLA,60.5,-110.0,-110.0,13.0
2010,8.0,Pittsburgh,Rutgers,46.5,-110.0,-110.0,11.0
2010,8.0,Stanford,Washington State,65.0,-110.0,-110.0,13.0
2010,8.0,Tennessee,Alabama,47.5,-110.0,-110.0,13.0
2010,8.0,Texas,Iowa State,50.5,-110.0,-110.0,13.0
2010,8.0,Toledo,Ball State,50.0,-110.0,-110.0,13.0
2010,8.0,Utah,Colorado State,56.0,-110.0,-110.0,13.0
2010,8.0,Vanderbilt,South Carolina,46.0,-110.0,-110.0,10.0
2010,8.0,Virginia,Eastern Michigan,56.0,-110.0,-110.0,9.0
2010,8.0,Virginia Tech,Duke,63.5,-110.0,-110.0,13.0
2010,8.0,West Virginia,Syracuse,44.0,-110.0,-110.0,13.0
2010,9.0,Air Force,Utah,55.5,-110.0,-110.0,11.0
2010,9.0,Arizona State,Washington State,57.0,-110.0,-110.0,11.0
2010,9.0,Arkansas,Vanderbilt,55.0,-110.0,-110.0,13.0
2010,9.0,Boise State,Louisiana Tech,65.5,-110.0,-110.0,13.0
2010,9.0,Boston College,Clemson,42.0,-110.0,-110.0,13.0
2010,9.0,Central Michigan,Bowling Green,52.0,-110.0,-110.0,12.0
2010,9.0,Cincinnati,Syracuse,46.5,-110.0,-110.0,10.0
2010,9.0,Colorado State,New Mexico,51.0,-110.0,-109.5,12.0
2010,9.0,Connecticut,West Virginia,44.0,-110.0,-110.0,13.0
2010,9.0,Eastern Michigan,Toledo,55.5,-110.0,-110.0,11.0
2010,9.0,Florida Atlantic,Florida International,47.0,-110.0,-110.0,9.0
2010,9.0,Georgia,Florida,50.0,-110.0,-110.0,13.0
2010,9.0,Illinois,Purdue,42.0,-110.0,-110.0,13.0
2010,9.0,Indiana,Northwestern,58.5,-110.0,-110.0,13.0
2010,9.0,Iowa,Michigan State,50.0,-110.0,-110.0,13.0
2010,9.0,Iowa State,Kansas,54.5,-110.0,-110.0,13.0
2010,9.0,Kansas State,Oklahoma State,66.5,-110.0,-110.0,13.0
2010,9.0,Maryland,Wake Forest,51.5,-109.5,-110.0,10.0
2010,9.0,Memphis,Houston,59.5,-110.0,-110.0,13.0
2010,9.0,Minnesota,Ohio State,55.0,-109.5,-110.0,12.0
2010,9.0,Mississippi State,Kentucky,55.5,-110.0,-110.0,13.0
2010,9.0,Navy,Duke,56.0,-110.0,-110.0,13.0
2010,9.0,Nebraska,Missouri,55.0,-110.0,-110.0,11.0
2010,9.0,Nevada,Utah State,64.5,-110.0,-110.0,13.0
2010,9.0,North Carolina,William & Mary,47.5,-110.0,-110.0,1.0
2010,9.0,Notre Dame,Tulsa,62.5,-110.0,-110.0,13.0
2010,9.0,Oklahoma,Colorado,55.0,-110.0,-110.0,13.0
2010,9.0,Oregon State,California,54.0,-110.0,-110.0,13.0
2010,9.0,Penn State,Michigan,54.5,-110.0,-110.0,13.0
2010,9.0,Pittsburgh,Louisville,56.0,-110.0,-110.0,13.0
2010,9.0,South Carolina,Tennessee,49.0,-109.5,-109.5,10.0
2010,9.0,Temple,Akron,50.0,-110.0,-110.0,13.0
2010,9.0,Texas,Baylor,55.0,-110.0,-110.0,13.0
2010,9.0,Texas A&M,Texas Tech,63.0,-110.0,-110.0,13.0
2010,9.0,UCLA,Arizona,47.0,-110.0,-110.0,13.0
2010,9.0,Washington,Stanford,63.5,-110.0,-110.0,12.0
2010,9.0,Western Kentucky,North Texas,52.5,-110.0,-110.0,11.0
2010,9.0,Western Michigan,Northern Illinois,52.5,-110.0,-110.0,13.0
2010,9.0,Wyoming,San Diego State,49.0,-110.0,-110.0,13.0
2010,10.0,Army,Air Force,48.5,-110.0,-110.0,12.0
2010,10.0,Ball State,Akron,49.0,-110.0,-110.0,13.0
2010,10.0,Central Michigan,Western Michigan,53.5,-110.0,-110.0,13.0
2010,10.0,Duke,Virginia,55.0,-110.0,-110.0,13.0
2010,10.0,East Carolina,Navy,63.5,-110.0,-110.0,13.0
2010,10.0,Florida State,North Carolina,51.0,-110.0,-110.0,13.0
2010,10.0,Idaho,Nevada,68.5,-110.0,-110.0,13.0
2010,10.0,Indiana,Iowa,53.5,-110.0,-110.0,10.0
2010,10.0,Iowa State,Nebraska,54.0,-110.0,-110.0,13.0
2010,10.0,Kansas,Colorado,47.0,-110.0,-110.0,13.0
2010,10.0,Kansas State,Texas,46.0,-110.0,-110.0,13.0
2010,10.0,Louisiana Tech,Fresno State,58.5,-110.0,-110.0,13.0
2010,10.0,Memphis,Tennessee,52.0,-110.0,-110.0,13.0
2010,10.0,Michigan,Illinois,58.5,-110.0,-110.0,13.0
2010,10.0,Michigan State,Minnesota,59.0,-110.0,-110.0,13.0
2010,10.0,New Mexico,Wyoming,48.0,-110.0,-110.0,12.0
2010,10.0,North Texas,Troy,56.5,-110.0,-110.0,11.0
2010,10.0,Ohio,Buffalo,47.5,-110.0,-110.0,13.0
2010,10.0,Oklahoma State,Baylor,72.5,-110.0,-110.0,13.0
2010,10.0,Oregon,Washington,68.0,-110.0,-105.0,7.0
2010,10.0,Penn State,Northwestern,49.5,-110.0,-110.0,13.0
2010,10.0,Purdue,Wisconsin,49.0,-110.0,-110.0,13.0
2010,10.0,San Diego State,Colorado State,58.0,-109.5,-110.0,8.0
2010,10.0,South Carolina,Arkansas,60.5,-110.0,-110.0,13.0
2010,10.0,South Florida,Rutgers,43.5,-110.0,-110.0,12.0
2010,10.0,Stanford,Arizona,57.5,-110.0,-110.0,13.0
2010,10.0,Syracuse,Louisville,43.5,-109.0,-109.0,11.0
2010,10.0,Texas A&M,Oklahoma,62.5,-110.0,-110.0,13.0
2010,10.0,Texas Tech,Missouri,59.5,-110.0,-110.0,13.0
2010,10.0,Tulsa,Rice,63.0,-110.0,-110.0,12.0
2010,10.0,UCLA,Oregon State,53.0,-110.0,-110.0,13.0
2010,10.0,Utah State,New Mexico State,54.0,-110.0,-110.0,13.0
2010,10.0,Vanderbilt,Florida,46.0,-108.0,-106.0,4.0
2010,10.0,Virginia Tech,Georgia Tech,56.5,-110.0,-110.0,13.0
2010,10.0,Wake Forest,Boston College,48.0,-110.0,-110.0,11.0
2010,10.0,Washington State,California,53.5,-110.0,-110.0,12.0
2010,10.0,Western Kentucky,Florida Atlantic,48.0,-110.0,-110.0,12.0
2010,11.0,Air Force,New Mexico,57.0,-110.0,-110.0,13.0
2010,11.0,Alabama,Mississippi State,45.5,-110.0,-110.0,13.0
2010,11.0,Arizona State,Stanford,59.0,-110.0,-110.0,12.0
2010,11.0,Arkansas State,Western Kentucky,55.5,-110.0,-110.0,12.0
2010,11.0,Auburn,Georgia,65.0,-110.0,-110.0,13.0
2010,11.0,Baylor,Texas A&M,64.0,-110.0,-110.0,12.0
2010,11.0,Buffalo,Ball State,47.0,-110.0,-110.0,13.0
2010,11.0,California,Oregon,62.0,-110.0,-110.0,13.0
2010,11.0,Colorado,Iowa State,55.0,-106.5,-106.5,6.0
2010,11.0,Connecticut,Pittsburgh,48.0,-110.0,-110.0,13.0
2010,11.0,Duke,Boston College,51.0,-110.0,-110.0,12.0
2010,11.0,Florida,South Carolina,51.5,-110.0,-110.0,13.0
2010,11.0,Florida State,Clemson,46.0,-110.0,-110.0,13.0
2010,11.0,Fresno State,Nevada,68.5,-110.0,-110.0,10.0
2010,11.0,Houston,Tulsa,76.5,-110.0,-110.0,13.0
2010,11.0,Idaho,Boise State,67.0,-110.0,-110.0,13.0
2010,11.0,Illinois,Minnesota,52.5,-109.5,-110.0,10.0
2010,11.0,Kentucky,Vanderbilt,54.0,-110.0,-110.0,11.0
2010,11.0,Louisville,South Florida,46.5,-110.0,-110.0,13.0
2010,11.0,Marshall,Memphis,51.0,-110.0,-110.0,9.0
2010,11.0,Missouri,Kansas State,54.5,-110.0,-107.0,7.0
2010,11.0,Navy,Central Michigan,54.75,-109.5,-110.0,10.0
2010,11.0,Nebraska,Kansas,60.0,-109.0,-109.0,9.0
2010,11.0,New Mexico State,Louisiana Tech,55.0,-110.0,-110.0,13.0
2010,11.0,North Carolina,Virginia Tech,52.5,-109.5,-110.0,10.0
2010,11.0,Northern Illinois,Toledo,51.0,-110.0,-110.0,13.0
2010,11.0,Northwestern,Iowa,49.0,-110.0,-110.0,13.0
2010,11.0,Notre Dame,Utah,53.0,-110.0,-110.0,13.0
2010,11.0,Ohio State,Penn State,49.5,-110.0,-110.0,11.0
2010,11.0,Oklahoma,Texas Tech,65.0,-110.0,-110.0,12.0
2010,11.0,Oregon State,Washington State,56.5,-110.0,-110.0,13.0
2010,11.0,Purdue,Michigan,60.5,-110.0,-110.0,13.0
2010,11.0,Rutgers,Syracuse,41.75,-110.0,-110.0,12.0
2010,11.0,Texas,Oklahoma State,56.5,-110.0,-110.0,13.0
2010,11.0,Troy,Florida International,58.0,-110.0,-110.0,12.0
2010,11.0,Tulane,Rice,57.5,-110.0,-109.5,10.0
2010,11.0,UNLV,Wyoming,52.5,-110.0,-110.0,13.0
2010,11.0,Virginia,Maryland,52.0,-110.0,-110.0,13.0
2010,11.0,West Virginia,Cincinnati,49.5,-110.0,-110.0,13.0
2010,11.0,Western Michigan,Eastern Michigan,57.0,-110.0,-110.0,10.0
2010,11.0,Wisconsin,Indiana,57.5,-110.0,-110.0,11.0
2010,12.0,Ball State,Northern Illinois,52.5,-110.0,-110.0,11.0
2010,12.0,Baylor,Oklahoma,64.0,-110.0,-110.0,13.0
2010,12.0,Boise State,Fresno State,66.0,-110.0,-110.0,13.0
2010,12.0,Boston College,Virginia,44.5,-110.0,-110.0,13.0
2010,12.0,Buffalo,Eastern Michigan,51.0,-110.0,-110.0,11.0
2010,12.0,California,Stanford,49.0,-110.0,-110.0,13.0
2010,12.0,Cincinnati,Rutgers,49.0,-110.0,-110.0,9.0
2010,12.0,Colorado,Kansas State,55.0,-106.5,-105.0,6.0
2010,12.0,Georgia Tech,Duke,61.0,-110.0,-110.0,9.0
2010,12.0,Indiana,Penn State,57.0,-110.0,-110.0,10.0
2010,12.0,Iowa,Ohio State,47.0,-110.0,-110.0,13.0
2010,12.0,Iowa State,Missouri,53.0,-109.5,-110.0,12.0
2010,12.0,Kansas,Oklahoma State,65.0,-110.0,-110.0,12.0
2010,12.0,Louisville,West Virginia,47.0,-110.0,-110.0,13.0
2010,12.0,Maryland,Florida State,52.5,-110.0,-110.0,13.0
2010,12.0,Michigan,Wisconsin,69.0,-110.0,-110.0,13.0
2010,12.0,Michigan State,Purdue,51.0,-110.0,-110.0,13.0
2010,12.0,Mississippi State,Arkansas,54.5,-110.0,-110.0,13.0
2010,12.0,Navy,Arkansas State,64.5,-110.0,-110.0,13.0
2010,12.0,Nevada,New Mexico State,61.5,-110.0,-110.0,13.0
2010,12.0,Northwestern,Illinois,49.0,-110.0,-110.0,11.0
2010,12.0,Notre Dame,Army,50.0,-110.0,-110.0,10.0
2010,12.0,Rice,East Carolina,73.5,-110.0,-110.0,13.0
2010,12.0,San Diego State,Utah,55.0,-110.0,-110.0,13.0
2010,12.0,South Carolina,Troy,58.5,-110.0,-110.0,11.0
2010,12.0,South Florida,Pittsburgh,47.0,-110.0,-110.0,13.0
2010,12.0,Syracuse,Connecticut,45.0,-110.0,-110.0,12.0
2010,12.0,Temple,Ohio,45.5,-110.0,-110.0,13.0
2010,12.0,Texas,Florida Atlantic,43.5,-110.0,-110.0,12.0
2010,12.0,Texas A&M,Nebraska,55.5,-110.0,-110.0,13.0
2010,12.0,Toledo,Bowling Green,54.5,-110.0,-110.0,13.0
2010,12.0,UNLV,Air Force,56.5,-110.0,-110.0,12.0
2010,12.0,Utah State,Idaho,57.0,-110.0,-110.0,13.0
2010,12.0,Vanderbilt,Tennessee,49.5,-110.0,-110.0,9.0
2010,12.0,Wake Forest,Clemson,48.25,-108.0,-110.0,10.0
2010,12.0,Washington,UCLA,51.5,-110.0,-110.0,13.0
2010,12.0,Wyoming,Colorado State,50.0,-110.0,-110.0,10.0
2010,13.0,Akron,Buffalo,42.5,-110.0,-110.0,13.0
2010,13.0,Alabama,Auburn,58.5,-110.0,-110.0,13.0
2010,13.0,Arizona State,UCLA,48.75,-110.0,-110.0,10.0
2010,13.0,Bowling Green,Western Michigan,52.0,-110.0,-110.0,12.0
2010,13.0,California,Washington,49.5,-102.0,-108.0,5.0
2010,13.0,Clemson,South Carolina,45.5,-110.0,-110.0,12.0
2010,13.0,Connecticut,Cincinnati,55.5,-110.0,-110.0,11.0
2010,13.0,Duke,North Carolina,59.0,-110.0,-110.0,13.0
2010,13.0,Eastern Michigan,Northern Illinois,61.0,-110.0,-110.0,13.0
2010,13.0,Florida International,Arkansas State,62.0,-110.0,-110.0,12.0
2010,13.0,Florida State,Florida,50.5,-110.0,-110.0,12.0
2010,13.0,Fresno State,Idaho,59.0,-110.0,-110.0,13.0
2010,13.0,Georgia,Georgia Tech,58.5,-110.0,-110.0,10.0
2010,13.0,Marshall,Tulane,52.5,-110.0,-110.0,13.0
2010,13.0,Minnesota,Iowa,51.0,-108.0,-109.0,8.0
2010,13.0,Missouri,Kansas,53.5,-110.0,-110.0,13.0
2010,13.0,Nebraska,Colorado,48.5,-110.0,-110.0,13.0
2010,13.0,Nevada,Boise State,68.0,-109.0,-110.0,13.0
2010,13.0,North Texas,Kansas State,59.5,-110.0,-110.0,11.0
2010,13.0,Ohio State,Michigan,65.0,-110.0,-110.0,13.0
2010,13.0,Oklahoma State,Oklahoma,68.0,-110.0,-110.0,13.0
2010,13.0,Oregon,Arizona,64.5,-110.0,-110.0,13.0
2010,13.0,Penn State,Michigan State,50.5,-110.0,-110.0,13.0
2010,13.0,Pittsburgh,West Virginia,41.5,-110.0,-110.0,13.0
2010,13.0,Purdue,Indiana,54.0,-110.0,-110.0,12.0
2010,13.0,Rutgers,Louisville,45.5,-110.0,-110.0,10.0
2010,13.0,San Diego State,UNLV,62.0,-110.0,-110.0,13.0
2010,13.0,Stanford,Oregon State,56.5,-110.0,-110.0,12.0
2010,13.0,Syracuse,Boston College,38.0,-110.0,-110.0,13.0
2010,13.0,Tennessee,Kentucky,58.75,-110.0,-110.0,10.0
2010,13.0,Texas,Texas A&M,48.0,-110.0,-110.0,13.0
2010,13.0,Texas Tech,Houston,70.5,-110.0,-110.0,13.0
2010,13.0,Toledo,Central Michigan,52.0,-110.0,-110.0,13.0
2010,13.0,Troy,Western Kentucky,60.5,-110.0,-110.0,12.0
2010,13.0,Vanderbilt,Wake Forest,49.0,-109.5,-110.0,12.0
2010,13.0,Virginia Tech,Virginia,56.5,-110.0,-110.0,13.0
2010,13.0,Wisconsin,Northwestern,58.0,-110.0,-110.0,13.0
2010,14.0,Arizona,Arizona State,57.0,-110.0,-110.0,12.0
2010,14.0,Boise State,Utah State,64.0,-110.0,-109.5,12.0
2010,14.0,Cincinnati,Pittsburgh,55.0,-110.0,-110.0,13.0
2010,14.0,Florida Atlantic,Troy,55.5,-110.0,-110.0,13.0
2010,14.0,Fresno State,Illinois,60.0,-110.0,-110.0,13.0
2010,14.0,Louisiana Tech,Nevada,72.0,-110.0,-110.0,13.0
2010,14.0,Oregon State,Oregon,62.5,-110.0,-110.0,12.0
2010,14.0,South Carolina,Auburn,61.5,-110.0,-110.0,13.0
2010,14.0,South Florida,Connecticut,43.25,-109.5,-110.0,12.0
2010,14.0,Virginia Tech,Florida State,51.0,-110.0,-110.0,13.0
2010,14.0,Washington State,Washington,54.0,-109.5,-110.0,12.0
2010,14.0,West Virginia,Rutgers,47.0,-110.0,-110.0,12.0
2010,15.0,Army,Navy,52.5,-110.0,-110.0,13.0
2011,1.0,Alabama,Kent State,49.0,-110.0,-110.0,12.0
2011,1.0,Arizona,Northern Arizona,47.5,-115.0,-115.0,1.0
2011,1.0,Auburn,Utah State,56.5,-110.0,-110.0,11.0
2011,1.0,Boston College,Northwestern,44.5,-110.0,-110.0,12.0
2011,1.0,California,Fresno State,48.5,-110.0,-110.0,12.0
2011,1.0,Clemson,Troy,53.5,-110.0,-110.0,11.0
2011,1.0,Florida,Florida Atlantic,49.5,-110.0,-110.0,12.0
2011,1.0,Florida International,North Texas,53.0,-110.0,-110.0,12.0
2011,1.0,Georgia,Boise State,51.5,-110.0,-110.0,12.0
2011,1.0,Georgia Tech,Western Carolina,55.0,-110.0,-110.0,1.0
2011,1.0,Houston,UCLA,59.5,-110.0,-110.0,12.0
2011,1.0,Idaho,Bowling Green,52.5,-110.0,-110.0,12.0
2011,1.0,Illinois,Arkansas State,54.0,-110.0,-110.0,12.0
2011,1.0,Iowa State,Northern Iowa,44.0,-110.0,-110.0,3.0
2011,1.0,Louisville,Murray State,59.0,-110.0,-110.0,3.0
2011,1.0,Memphis,Mississippi State,50.0,-110.0,-110.0,12.0
2011,1.0,Michigan,Western Michigan,58.0,-110.0,-110.0,12.0
2011,1.0,Michigan State,Youngstown State,61.5,-110.0,-110.0,8.0
2011,1.0,New Mexico,Colorado State,48.0,-110.0,-110.0,12.0
2011,1.0,New Mexico State,Ohio,52.0,-110.0,-110.0,12.0
2011,1.0,Northern Illinois,Army,54.0,-110.0,-110.0,12.0
2011,1.0,Notre Dame,South Florida,47.0,-110.0,-110.0,12.0
2011,1.0,Ohio State,Akron,46.5,-110.0,-110.0,12.0
2011,1.0,Oklahoma,Tulsa,62.5,-110.0,-110.0,12.0
2011,1.0,Pittsburgh,Buffalo,54.5,-110.0,-110.0,11.0
2011,1.0,Purdue,Middle Tennessee,47.5,-110.0,-110.0,12.0
2011,1.0,South Carolina,East Carolina,59.5,-110.0,-110.0,12.0
2011,1.0,Syracuse,Wake Forest,49.0,-110.0,-110.0,12.0
2011,1.0,Temple,Villanova,47.25,-110.0,-110.0,2.0
2011,1.0,Tennessee,Montana,52.5,-115.0,-115.0,1.0
2011,1.0,Texas,Rice,54.0,-110.0,-110.0,12.0
2011,1.0,Toledo,New Hampshire,50.0,-110.0,-110.0,1.0
2011,1.0,Utah,Montana State,58.0,-110.0,-110.0,4.0
2011,1.0,West Virginia,Marshall,53.0,-110.0,-110.0,12.0
2011,1.0,Wisconsin,UNLV,56.0,-110.0,-110.0,12.0
2011,2.0,Akron,Temple,48.5,-110.0,-110.0,12.0
2011,2.0,Arizona State,Missouri,50.25,-110.0,-110.0,12.0
2011,2.0,Arkansas,New Mexico,56.5,-110.0,-110.0,12.0
2011,2.0,Arkansas State,Memphis,55.5,-110.0,-110.0,11.0
2011,2.0,Army,San Diego State,52.5,-110.0,-110.0,12.0
2011,2.0,Auburn,Mississippi State,57.5,-110.0,-110.0,11.0
2011,2.0,Bowling Green,Morgan State,53.25,-110.0,-110.0,2.0
2011,2.0,Buffalo,Stony Brook,48.5,-110.0,-110.0,2.0
2011,2.0,Clemson,Wofford,47.5,-110.0,-110.0,2.0
2011,2.0,Colorado,California,49.0,-110.0,-110.0,12.0
2011,2.0,Colorado State,Northern Colorado,43.0,-110.0,-110.0,2.0
2011,2.0,Duke,Stanford,62.0,-110.0,-110.0,12.0
2011,2.0,East Carolina,Virginia Tech,65.5,-110.0,-110.0,12.0
2011,2.0,Eastern Michigan,Alabama State,49.0,-110.0,-110.0,2.0
2011,2.0,Florida State,Charleston Southern,67.0,-110.0,-110.0,2.0
2011,2.0,Georgia,South Carolina,51.0,-110.0,-110.0,12.0
2011,2.0,Idaho,North Dakota,47.0,-110.0,-110.0,1.0
2011,2.0,Indiana,Virginia,55.25,-110.0,-110.0,12.0
2011,2.0,Iowa State,Iowa,44.0,-110.0,-110.0,12.0
2011,2.0,Kansas,Northern Illinois,62.75,-110.0,-110.0,12.0
2011,2.0,Kentucky,Central Michigan,48.0,-110.0,-110.0,12.0
2011,2.0,Louisiana Tech,Central Arkansas,50.5,-110.0,-110.0,3.0
2011,2.0,Louisville,Florida International,48.0,-110.0,-110.0,12.0
2011,2.0,Michigan,Notre Dame,57.0,-110.0,-110.0,12.0
2011,2.0,Michigan State,Florida Atlantic,50.5,-110.0,-110.0,12.0
2011,2.0,Middle Tennessee,Georgia Tech,57.0,-110.0,-110.0,10.0
2011,2.0,Minnesota,New Mexico State,52.5,-110.0,-110.0,12.0
2011,2.0,Nebraska,Fresno State,53.5,-110.0,-110.0,12.0
2011,2.0,North Carolina,Rutgers,49.5,-110.0,-110.0,12.0
2011,2.0,North Texas,Houston,65.5,-110.0,-110.0,11.0
2011,2.0,Northwestern,Eastern Illinois,53.5,-110.0,-110.0,2.0
2011,2.0,Ohio State,Toledo,52.5,-110.0,-110.0,11.0
2011,2.0,Oklahoma State,Arizona,65.5,-110.0,-110.0,12.0
2011,2.0,Oregon,Nevada,63.5,-110.0,-110.0,12.0
2011,2.0,Penn State,Alabama,41.5,-110.0,-110.0,12.0
2011,2.0,Pittsburgh,Maine,47.5,-110.0,-110.0,2.0
2011,2.0,Rice,Purdue,53.25,-110.0,-110.0,12.0
2011,2.0,South Florida,Ball State,50.5,-110.0,-110.0,11.0
2011,2.0,Syracuse,Rhode Island,47.5,-110.0,-110.0,2.0
2011,2.0,Tennessee,Cincinnati,55.5,-110.0,-110.0,12.0
2011,2.0,Tulane,Tulsa,64.0,-110.0,-110.0,9.0
2011,2.0,Utah State,Weber State,60.5,-110.0,-110.0,2.0
2011,2.0,Vanderbilt,Connecticut,45.5,-110.0,-110.0,12.0
2011,2.0,Washington State,UNLV,56.0,-110.0,-110.0,12.0
2011,2.0,West Virginia,Norfolk State,50.5,-110.0,-110.0,2.0
2011,2.0,Western Kentucky,Navy,53.0,-110.0,-110.0,11.0
2011,2.0,Wisconsin,Oregon State,56.5,-110.0,-110.0,12.0
2011,2.0,Wyoming,Texas State,56.5,-110.0,-110.0,2.0
2011,3.0,Alabama,North Texas,58.0,-110.0,-110.0,11.0
2011,3.0,Arizona,Stanford,56.0,-110.0,-110.0,12.0
2011,3.0,Arkansas,Troy,61.0,-110.0,-110.0,11.0
2011,3.0,Army,Northwestern,54.0,-110.0,-110.0,12.0
2011,3.0,Ball State,Buffalo,51.5,-110.0,-110.0,12.0
2011,3.0,Boston College,Duke,50.0,-110.0,-110.0,12.0
2011,3.0,Bowling Green,Wyoming,55.0,-110.0,-110.0,11.0
2011,3.0,Cincinnati,Akron,56.5,-110.0,-110.0,10.0
2011,3.0,Clemson,Auburn,58.5,-110.0,-110.0,12.0
2011,3.0,Colorado,Colorado State,51.5,-110.0,-110.0,12.0
2011,3.0,Connecticut,Iowa State,45.0,-110.0,-110.0,12.0
2011,3.0,Florida,Tennessee,52.0,-110.0,-110.0,11.0
2011,3.0,Florida State,Oklahoma,56.25,-110.0,-110.0,12.0
2011,3.0,Fresno State,North Dakota,50.75,-110.0,-110.0,2.0
2011,3.0,Georgia,Coastal Carolina,56.5,-110.0,-110.0,3.0
2011,3.0,Georgia Tech,Kansas,62.0,-110.0,-110.0,10.0
2011,3.0,Illinois,Arizona State,55.5,-110.0,-110.0,12.0
2011,3.0,Iowa,Pittsburgh,50.5,-110.0,-110.0,12.0
2011,3.0,Kansas State,Kent State,45.75,-110.0,-110.0,12.0
2011,3.0,Kentucky,Louisville,41.0,-110.0,-110.0,7.0
2011,3.0,Louisiana Tech,Houston,67.25,-110.0,-110.0,12.0
2011,3.0,Maryland,West Virginia,56.5,-110.0,-110.0,12.0
2011,3.0,Memphis,Austin Peay,60.5,-110.0,-110.0,2.0
2011,3.0,Michigan,Eastern Michigan,63.0,-110.0,-110.0,12.0
2011,3.0,Missouri,Western Illinois,48.0,-110.0,-110.0,2.0
2011,3.0,Nebraska,Washington,52.5,-110.0,-110.0,12.0
2011,3.0,New Mexico,Texas Tech,54.5,-110.0,-110.0,12.0
2011,3.0,North Carolina,Virginia,48.0,-110.0,-110.0,11.0
2011,3.0,Notre Dame,Michigan State,52.25,-110.0,-110.0,12.0
2011,3.0,Ohio,Marshall,48.0,-110.0,-110.0,12.0
2011,3.0,Oregon,Missouri State,70.0,-110.0,-110.0,3.0
2011,3.0,San Diego State,Washington State,57.0,-110.0,-110.0,11.0
2011,3.0,South Carolina,Navy,59.0,-110.0,-110.0,12.0
2011,3.0,South Florida,Florida A&M,47.5,-110.0,-110.0,2.0
2011,3.0,Temple,Penn State,46.0,-110.0,-110.0,10.0
2011,3.0,Texas A&M,Idaho,59.5,-110.0,-110.0,10.0
2011,3.0,Toledo,Boise State,59.5,-110.0,-110.0,12.0
2011,3.0,Tulsa,Oklahoma State,67.0,-110.0,-110.0,12.0
2011,3.0,UCLA,Texas,46.5,-110.0,-110.0,12.0
2011,3.0,Virginia Tech,Arkansas State,53.0,-110.0,-110.0,7.0
2011,3.0,Western Kentucky,Indiana State,57.0,-110.0,-110.0,1.0
2011,3.0,Western Michigan,Central Michigan,53.0,-110.0,-110.0,12.0
2011,4.0,Air Force,Tennessee State,59.0,-110.0,-110.0,2.0
2011,4.0,Alabama,Arkansas,50.5,-110.0,-110.0,12.0
2011,4.0,Arizona,Oregon,65.0,-110.0,-110.0,12.0
2011,4.0,Arkansas State,Central Arkansas,53.5,-110.0,-110.0,2.0
2011,4.0,Auburn,Florida Atlantic,61.0,-110.0,-110.0,12.0
2011,4.0,Ball State,Army,49.5,-110.0,-110.0,12.0
2011,4.0,Baylor,Rice,68.5,-110.0,-110.0,12.0
2011,4.0,Boise State,Tulsa,62.5,-110.0,-110.0,11.0
2011,4.0,Buffalo,Connecticut,46.5,-110.0,-110.0,12.0
2011,4.0,Clemson,Florida State,46.5,-110.0,-110.0,12.0
2011,4.0,Duke,Tulane,56.5,-110.0,-110.0,10.0
2011,4.0,Georgia Tech,North Carolina,59.0,-110.0,-110.0,12.0
2011,4.0,Houston,Georgia State,68.0,-110.0,-110.0,2.0
2011,4.0,Idaho,Fresno State,53.0,-110.0,-110.0,12.0
2011,4.0,Illinois,Western Michigan,51.0,-110.0,-110.0,12.0
2011,4.0,Kent State,South Alabama,41.0,-110.0,-110.0,2.0
2011,4.0,Kentucky,Florida,44.5,-110.0,-110.0,11.0
2011,4.0,Marshall,Virginia Tech,46.5,-110.0,-110.0,10.0
2011,4.0,Maryland,Temple,52.0,-110.0,-110.0,12.0
2011,4.0,Michigan,San Diego State,57.5,-110.0,-110.0,12.0
2011,4.0,Michigan State,Central Michigan,49.0,-110.0,-110.0,11.0
2011,4.0,Mississippi State,Louisiana Tech,58.0,-110.0,-110.0,11.0
2011,4.0,New Mexico,Sam Houston State,43.0,-110.0,-110.0,2.0
2011,4.0,North Texas,Indiana,56.0,-110.0,-110.0,11.0
2011,4.0,Ohio State,Colorado,47.5,-110.0,-110.0,11.0
2011,4.0,Oklahoma,Missouri,56.5,-110.0,-110.0,11.0
2011,4.0,Oregon State,UCLA,53.0,-110.0,-110.0,12.0
2011,4.0,Penn State,Eastern Michigan,46.5,-110.0,-110.0,10.0
2011,4.0,Pittsburgh,Notre Dame,56.5,-110.0,-110.0,12.0
2011,4.0,Rutgers,Ohio,51.5,-110.0,-110.0,12.0
2011,4.0,South Carolina,Vanderbilt,49.5,-110.0,-110.0,12.0
2011,4.0,Syracuse,Toledo,56.0,-110.0,-110.0,11.0
2011,4.0,Texas A&M,Oklahoma State,68.5,-110.0,-110.0,12.0
2011,4.0,Texas Tech,Nevada,62.0,-110.0,-110.0,12.0
2011,4.0,Troy,Middle Tennessee,63.0,-110.0,-110.0,11.0
2011,4.0,UNLV,Southern Utah,62.75,-110.0,-110.0,2.0
2011,4.0,Utah State,Colorado State,53.0,-110.0,-110.0,12.0
2011,4.0,Washington,California,58.5,-110.0,-110.0,10.0
2011,4.0,Wisconsin,South Dakota,59.5,-110.0,-110.0,2.0
2011,4.0,Wyoming,Nebraska,55.5,-110.0,-110.0,12.0
2011,5.0,Arizona State,Oregon State,54.5,-110.0,-110.0,12.0
2011,5.0,Arkansas,Texas A&M,61.0,-110.0,-110.0,12.0
2011,5.0,Army,Tulane,54.0,-110.0,-110.0,12.0
2011,5.0,Boise State,Nevada,59.5,-110.0,-110.0,12.0
2011,5.0,Boston College,Wake Forest,49.0,-110.0,-110.0,11.0
2011,5.0,Central Michigan,Northern Illinois,61.5,-110.0,-110.0,12.0
2011,5.0,Colorado,Washington State,60.0,-110.0,-110.0,8.0
2011,5.0,Connecticut,Western Michigan,46.5,-110.0,-110.0,12.0
2011,5.0,East Carolina,North Carolina,61.25,-110.0,-110.0,12.0
2011,5.0,Eastern Michigan,Akron,47.5,-110.0,-110.0,10.0
2011,5.0,Florida,Alabama,43.0,-110.0,-110.0,12.0
2011,5.0,Florida International,Duke,58.0,-110.0,-110.0,12.0
2011,5.0,Georgia,Mississippi State,52.0,-110.0,-110.0,12.0
2011,5.0,Illinois,Northwestern,54.0,-110.0,-110.0,12.0
2011,5.0,Indiana,Penn State,49.5,-110.0,-110.0,12.0
2011,5.0,Iowa State,Texas,47.5,-110.0,-110.0,12.0
2011,5.0,Kansas,Texas Tech,66.0,-110.0,-110.0,11.0
2011,5.0,Kansas State,Baylor,64.5,-110.0,-110.0,12.0
2011,5.0,Louisville,Marshall,46.0,-110.0,-110.0,8.0
2011,5.0,Maryland,Towson,56.0,-110.0,-110.0,1.0
2011,5.0,Michigan,Minnesota,54.0,-110.0,-110.0,10.0
2011,5.0,Middle Tennessee,Memphis,57.0,-110.0,-110.0,8.0
2011,5.0,Navy,Air Force,53.5,-110.0,-110.0,12.0
2011,5.0,New Mexico,New Mexico State,54.0,-110.0,-110.0,12.0
2011,5.0,Ohio,Kent State,48.0,-110.0,-110.0,12.0
2011,5.0,Ohio State,Michigan State,42.0,-110.0,-110.0,12.0
2011,5.0,Oklahoma,Ball State,63.0,-110.0,-110.0,12.0
2011,5.0,Pittsburgh,South Florida,50.75,-110.0,-110.0,12.0
2011,5.0,Purdue,Notre Dame,48.0,-105.5,-107.0,6.0
2011,5.0,South Carolina,Auburn,59.0,-110.0,-110.0,11.0
2011,5.0,Stanford,UCLA,56.5,-110.0,-110.0,12.0
2011,5.0,Syracuse,Rutgers,50.0,-110.0,-110.0,11.0
2011,5.0,Temple,Toledo,53.5,-110.0,-110.0,12.0
2011,5.0,Tennessee,Buffalo,56.0,-110.0,-110.0,12.0
2011,5.0,Tulsa,North Texas,59.25,-110.0,-110.0,10.0
2011,5.0,Virginia,Idaho,53.0,-110.0,-110.0,12.0
2011,5.0,Virginia Tech,Clemson,51.0,-110.0,-110.0,12.0
2011,5.0,West Virginia,Bowling Green,61.0,-110.0,-110.0,11.0
2011,5.0,Western Kentucky,Arkansas State,52.5,-110.0,-110.0,8.0
2011,5.0,Wisconsin,Nebraska,55.5,-110.0,-110.0,12.0
2011,6.0,Akron,Florida International,51.5,-110.0,-110.0,8.0
2011,6.0,Alabama,Vanderbilt,44.0,-110.0,-110.0,12.0
2011,6.0,Arkansas,Auburn,65.0,-110.0,-110.0,12.0
2011,6.0,Ball State,Temple,50.5,-110.0,-110.0,12.0
2011,6.0,Baylor,Iowa State,64.0,-110.0,-110.0,12.0
2011,6.0,Buffalo,Ohio,53.5,-110.0,-110.0,12.0
2011,6.0,Clemson,Boston College,52.0,-110.0,-110.0,11.0
2011,6.0,Fresno State,Boise State,58.5,-110.0,-110.0,12.0
2011,6.0,Georgia Tech,Maryland,64.0,-110.0,-110.0,12.0
2011,6.0,Houston,East Carolina,74.5,-110.0,-110.0,12.0
2011,6.0,Idaho,Louisiana Tech,55.0,-110.0,-110.0,8.0
2011,6.0,Indiana,Illinois,53.5,-110.0,-110.0,11.0
2011,6.0,Kansas State,Missouri,54.0,-110.0,-110.0,12.0
2011,6.0,Middle Tennessee,Western Kentucky,52.5,-110.0,-110.0,12.0
2011,6.0,Nebraska,Ohio State,44.5,-110.0,-110.0,11.0
2011,6.0,Nevada,UNLV,58.0,-110.0,-110.0,12.0
2011,6.0,North Carolina,Louisville,46.0,-110.0,-110.0,12.0
2011,6.0,North Texas,Florida Atlantic,49.0,-110.0,-110.0,8.0
2011,6.0,Northern Illinois,Kent State,53.5,-110.0,-110.0,12.0
2011,6.0,Northwestern,Michigan,60.0,-110.0,-110.0,11.0
2011,6.0,Notre Dame,Air Force,55.5,-110.0,-110.0,11.0
2011,6.0,Oklahoma State,Kansas,74.5,-110.0,-110.0,12.0
2011,6.0,Oregon,California,65.5,-110.0,-110.0,12.0
2011,6.0,Oregon State,Arizona,60.0,-110.0,-110.0,12.0
2011,6.0,Penn State,Iowa,45.0,-110.0,-110.0,12.0
2011,6.0,Purdue,Minnesota,48.0,-110.0,-110.0,11.0
2011,6.0,Rice,Memphis,58.0,-110.0,-110.0,12.0
2011,6.0,Rutgers,Pittsburgh,52.0,-110.0,-110.0,11.0
2011,6.0,South Carolina,Kentucky,43.0,-110.0,-110.0,12.0
2011,6.0,Stanford,Colorado,62.0,-110.0,-110.0,12.0
2011,6.0,Tennessee,Georgia,55.0,-110.0,-110.0,11.0
2011,6.0,Texas,Oklahoma,56.0,-110.0,-110.0,11.0
2011,6.0,Texas Tech,Texas A&M,72.5,-110.0,-110.0,12.0
2011,6.0,Toledo,Eastern Michigan,52.0,-110.0,-110.0,9.0
2011,6.0,Tulane,Syracuse,50.0,-110.0,-110.0,12.0
2011,6.0,UCLA,Washington State,59.0,-110.0,-110.0,12.0
2011,6.0,Utah,Arizona State,49.0,-110.0,-110.0,11.0
2011,6.0,Utah State,Wyoming,55.0,-110.0,-110.0,11.0
2011,6.0,Wake Forest,Florida State,53.5,-110.0,-110.0,12.0
2011,6.0,West Virginia,Connecticut,58.0,-110.0,-110.0,11.0
2011,6.0,Western Michigan,Bowling Green,59.0,-110.0,-110.0,12.0
2011,7.0,Air Force,San Diego State,58.5,-110.0,-110.0,12.0
2011,7.0,Auburn,Florida,50.5,-110.0,-110.0,12.0
2011,7.0,Bowling Green,Toledo,62.0,-110.0,-110.0,12.0
2011,7.0,Central Michigan,Eastern Michigan,50.5,-110.0,-110.0,11.0
2011,7.0,Cincinnati,Louisville,49.25,-110.0,-110.0,12.0
2011,7.0,Colorado State,Boise State,53.0,-110.0,-110.0,12.0
2011,7.0,Connecticut,South Florida,47.0,-110.0,-110.0,10.0
2011,7.0,Duke,Florida State,58.0,-110.0,-110.0,12.0
2011,7.0,Florida Atlantic,Western Kentucky,43.5,-110.0,-110.0,9.0
2011,7.0,Fresno State,Utah State,62.0,-110.0,-110.0,12.0
2011,7.0,Illinois,Ohio State,44.5,-110.0,-110.0,11.0
2011,7.0,Iowa,Northwestern,55.0,-110.0,-110.0,11.0
2011,7.0,Kansas,Oklahoma,71.0,-110.0,-110.0,12.0
2011,7.0,Marshall,Rice,51.5,-109.0,-105.0,5.0
2011,7.0,Maryland,Clemson,52.5,-110.0,-110.0,12.0
2011,7.0,Memphis,East Carolina,58.0,-110.0,-110.0,12.0
2011,7.0,Michigan State,Michigan,47.5,-110.0,-110.0,11.0
2011,7.0,Mississippi State,South Carolina,46.5,-110.0,-110.0,9.0
2011,7.0,Missouri,Iowa State,56.0,-110.0,-110.0,10.0
2011,7.0,Nevada,New Mexico,61.5,-110.0,-110.0,12.0
2011,7.0,New Mexico State,Idaho,50.0,-110.0,-110.0,12.0
2011,7.0,Northern Illinois,Western Michigan,68.5,-110.0,-110.0,11.0
2011,7.0,Ohio,Ball State,57.0,-110.0,-110.0,12.0
2011,7.0,Oregon,Arizona State,66.5,-110.0,-110.0,11.0
2011,7.0,Penn State,Purdue,41.0,-110.0,-110.0,11.0
2011,7.0,Pittsburgh,Utah,45.5,-110.0,-110.0,10.0
2011,7.0,Rutgers,Navy,53.5,-110.0,-110.0,11.0
2011,7.0,Temple,Buffalo,47.0,-110.0,-110.0,10.0
2011,7.0,Texas,Oklahoma State,64.0,-110.0,-110.0,12.0
2011,7.0,Texas A&M,Baylor,75.75,-110.0,-110.0,12.0
2011,7.0,Texas Tech,Kansas State,60.0,-110.0,-110.0,11.0
2011,7.0,Vanderbilt,Georgia,42.0,-110.0,-110.0,12.0
2011,7.0,Virginia,Georgia Tech,55.5,-110.0,-110.0,9.0
2011,7.0,Wake Forest,Virginia Tech,51.0,-110.0,-110.0,12.0
2011,7.0,Washington,Colorado,57.0,-110.0,-110.0,11.0
2011,7.0,Washington State,Stanford,64.5,-110.0,-110.0,12.0
2011,7.0,Wisconsin,Indiana,61.0,-110.0,-110.0,12.0
2011,7.0,Wyoming,UNLV,55.0,-110.0,-110.0,11.0
2011,8.0,Akron,Ohio,53.5,-110.0,-110.0,11.0
2011,8.0,Alabama,Tennessee,46.5,-110.0,-110.0,11.0
2011,8.0,Arizona,UCLA,62.0,-110.0,-110.0,12.0
2011,8.0,Arkansas State,Florida International,54.5,-110.0,-110.0,12.0
2011,8.0,Ball State,Central Michigan,55.0,-110.0,-110.0,10.0
2011,8.0,Boise State,Air Force,62.0,-110.0,-110.0,12.0
2011,8.0,Bowling Green,Temple,48.5,-110.0,-110.0,11.0
2011,8.0,Buffalo,Northern Illinois,62.0,-110.0,-110.0,9.0
2011,8.0,California,Utah,45.75,-110.0,-110.0,12.0
2011,8.0,Clemson,North Carolina,56.0,-110.0,-110.0,12.0
2011,8.0,Colorado,Oregon,64.5,-110.0,-110.0,12.0
2011,8.0,Duke,Wake Forest,60.5,-110.0,-110.0,11.0
2011,8.0,Eastern Michigan,Western Michigan,56.0,-110.0,-110.0,12.0
2011,8.0,Florida Atlantic,Middle Tennessee,52.0,-110.0,-110.0,11.0
2011,8.0,Florida State,Maryland,55.0,-110.0,-110.0,12.0
2011,8.0,Houston,Marshall,62.5,-110.0,-110.0,11.0
2011,8.0,Iowa,Indiana,54.5,-110.0,-110.0,10.0
2011,8.0,Iowa State,Texas A&M,66.5,-110.0,-110.0,12.0
2011,8.0,Kansas,Kansas State,59.0,-110.0,-110.0,12.0
2011,8.0,Kentucky,Jacksonville State,50.0,-120.0,-120.0,1.0
2011,8.0,Louisville,Rutgers,41.5,-110.0,-110.0,12.0
2011,8.0,Michigan State,Wisconsin,50.5,-110.0,-110.0,12.0
2011,8.0,Minnesota,Nebraska,57.5,-110.0,-110.0,11.0
2011,8.0,Missouri,Oklahoma State,70.5,-110.0,-110.0,12.0
2011,8.0,Navy,East Carolina,66.5,-110.0,-110.0,12.0
2011,8.0,Nevada,Fresno State,58.5,-110.0,-110.0,10.0
2011,8.0,Northwestern,Penn State,47.25,-110.0,-110.0,12.0
2011,8.0,Oklahoma,Texas Tech,69.5,-110.0,-110.0,12.0
2011,8.0,Purdue,Illinois,49.25,-110.0,-110.0,12.0
2011,8.0,Rice,Tulsa,61.0,-110.0,-110.0,12.0
2011,8.0,South Florida,Cincinnati,54.0,-110.0,-110.0,11.0
2011,8.0,Stanford,Washington,66.0,-110.0,-110.0,12.0
2011,8.0,Syracuse,West Virginia,60.5,-110.0,-110.0,12.0
2011,8.0,Tulane,Memphis,54.0,-110.0,-110.0,12.0
2011,8.0,Utah State,Louisiana Tech,57.0,-110.0,-110.0,12.0
2011,8.0,Vanderbilt,Army,46.5,-110.0,-110.0,11.0
2011,8.0,Virginia Tech,Boston College,45.0,-110.0,-110.0,11.0
2011,8.0,Washington State,Oregon State,56.0,-110.0,-110.0,12.0
2011,9.0,Akron,Central Michigan,52.0,-110.0,-110.0,11.0
2011,9.0,Arizona State,Colorado,56.5,-110.0,-110.0,10.0
2011,9.0,Arkansas State,North Texas,54.0,-110.0,-110.0,10.0
2011,9.0,Army,Fordham,51.5,-110.0,-110.0,3.0
2011,9.0,Duke,Virginia Tech,53.0,-110.0,-110.0,12.0
2011,9.0,East Carolina,Tulane,59.0,-110.0,-110.0,12.0
2011,9.0,Florida International,Troy,55.0,-110.0,-110.0,11.0
2011,9.0,Georgia Tech,Clemson,64.0,-110.0,-110.0,12.0
2011,9.0,Houston,Rice,73.5,-110.0,-110.0,12.0
2011,9.0,Indiana,Northwestern,63.0,-110.0,-110.0,12.0
2011,9.0,Kansas State,Oklahoma,57.5,-110.0,-110.0,12.0
2011,9.0,Kent State,Bowling Green,39.5,-110.0,-110.0,9.0
2011,9.0,Kentucky,Mississippi State,42.0,-110.0,-110.0,12.0
2011,9.0,Louisville,Syracuse,44.0,-110.0,-110.0,9.0
2011,9.0,Maryland,Boston College,48.5,-110.0,-110.0,12.0
2011,9.0,Michigan,Purdue,53.75,-110.0,-110.0,12.0
2011,9.0,Minnesota,Iowa,53.0,-110.0,-110.0,12.0
2011,9.0,Nebraska,Michigan State,51.0,-110.0,-110.0,12.0
2011,9.0,New Mexico,Air Force,63.0,-110.0,-110.0,9.0
2011,9.0,New Mexico State,Nevada,60.0,-110.0,-110.0,11.0
2011,9.0,North Carolina,Wake Forest,52.5,-110.0,-110.0,11.0
2011,9.0,Notre Dame,Navy,61.5,-110.0,-110.0,11.0
2011,9.0,Ohio State,Wisconsin,48.5,-110.0,-110.0,12.0
2011,9.0,Oklahoma State,Baylor,82.5,-110.0,-110.0,12.0
2011,9.0,Oregon,Washington State,70.0,-110.0,-110.0,12.0
2011,9.0,Penn State,Illinois,38.0,-110.0,-110.0,12.0
2011,9.0,Pittsburgh,Connecticut,43.0,-110.0,-110.0,12.0
2011,9.0,Rutgers,West Virginia,50.0,-110.0,-110.0,12.0
2011,9.0,San Diego State,Wyoming,56.5,-110.0,-110.0,10.0
2011,9.0,Tennessee,South Carolina,44.0,-110.0,-110.0,12.0
2011,9.0,Texas,Kansas,64.5,-110.0,-110.0,11.0
2011,9.0,Texas A&M,Missouri,64.0,-110.0,-110.0,12.0
2011,9.0,Texas Tech,Iowa State,67.0,-110.0,-110.0,12.0
2011,9.0,UCLA,California,51.0,-110.0,-110.0,11.0
2011,9.0,UNLV,Colorado State,48.0,-110.0,-110.0,12.0
2011,9.0,Utah,Oregon State,49.0,-110.0,-110.0,12.0
2011,9.0,Vanderbilt,Arkansas,53.5,-110.0,-110.0,12.0
2011,9.0,Washington,Arizona,71.5,-110.0,-110.0,12.0
2011,9.0,Western Michigan,Ball State,58.0,-110.0,-110.0,12.0
2011,10.0,Air Force,Army,55.0,-110.0,-110.0,13.0
2011,10.0,Arizona,Utah,52.0,-110.0,-110.0,10.0
2011,10.0,Arkansas,South Carolina,51.0,-110.0,-110.0,13.0
2011,10.0,Baylor,Missouri,73.75,-110.0,-110.0,12.0
2011,10.0,Boston College,Florida State,46.5,-110.0,-110.0,13.0
2011,10.0,California,Washington State,55.5,-110.0,-110.0,12.0
2011,10.0,Connecticut,Syracuse,43.5,-110.0,-110.0,12.0
2011,10.0,Eastern Michigan,Ball State,54.5,-110.0,-110.0,12.0
2011,10.0,Florida,Vanderbilt,44.25,-110.0,-110.0,12.0
2011,10.0,Florida Atlantic,Arkansas State,47.0,-110.0,-110.0,9.0
2011,10.0,Fresno State,Louisiana Tech,58.0,-110.0,-110.0,13.0
2011,10.0,Georgia,New Mexico State,57.5,-110.0,-110.0,12.0
2011,10.0,Iowa,Michigan,58.0,-107.5,-110.0,8.0
2011,10.0,Iowa State,Kansas,58.0,-110.0,-110.0,13.0
2011,10.0,Kent State,Central Michigan,44.0,-110.0,-110.0,12.0
2011,10.0,Maryland,Virginia,52.5,-110.0,-110.0,10.0
2011,10.0,Michigan State,Minnesota,48.0,-110.0,-110.0,12.0
2011,10.0,Navy,Troy,61.5,-110.0,-110.0,12.0
2011,10.0,Nebraska,Northwestern,62.5,-110.0,-110.0,11.0
2011,10.0,Ohio,Temple,45.5,-110.0,-110.0,12.0
2011,10.0,Ohio State,Indiana,52.5,-110.0,-110.0,11.0
2011,10.0,Oklahoma,Texas A&M,67.0,-110.0,-110.0,12.0
2011,10.0,Oklahoma State,Kansas State,70.25,-110.0,-110.0,12.0
2011,10.0,Oregon State,Stanford,61.25,-110.0,-110.0,12.0
2011,10.0,Pittsburgh,Cincinnati,56.5,-110.0,-110.0,12.0
2011,10.0,Rutgers,South Florida,48.75,-107.5,-108.0,6.0
2011,10.0,San Diego State,New Mexico,57.0,-110.0,-110.0,10.0
2011,10.0,Tennessee,Middle Tennessee,54.5,-110.0,-110.0,11.0
2011,10.0,Texas,Texas Tech,59.5,-110.0,-110.0,12.0
2011,10.0,Toledo,Northern Illinois,69.5,-110.0,-110.0,12.0
2011,10.0,UCLA,Arizona State,56.5,-110.0,-110.0,12.0
2011,10.0,UNLV,Boise State,59.5,-110.0,-110.0,12.0
2011,10.0,Wake Forest,Notre Dame,57.5,-110.0,-110.0,12.0
2011,10.0,Washington,Oregon,76.0,-110.0,-110.0,12.0
2011,10.0,West Virginia,Louisville,52.0,-110.0,-110.0,11.0
2011,10.0,Western Kentucky,Florida International,49.5,-110.0,-110.0,11.0
2011,10.0,Wisconsin,Purdue,59.0,-110.0,-110.0,12.0
2011,11.0,Air Force,Wyoming,57.5,-110.0,-110.0,13.0
2011,11.0,Akron,Kent State,39.0,-110.0,-110.0,13.0
2011,11.0,Arkansas,Tennessee,53.5,-110.0,-110.0,13.0
2011,11.0,Army,Rutgers,45.5,-110.0,-110.0,13.0
2011,11.0,Bowling Green,Northern Illinois,67.0,-110.0,-110.0,13.0
2011,11.0,California,Oregon State,52.0,-110.0,-110.0,13.0
2011,11.0,Central Michigan,Ohio,59.0,-110.0,-110.0,13.0
2011,11.0,Cincinnati,West Virginia,68.0,-110.0,-110.0,13.0
2011,11.0,Clemson,Wake Forest,63.0,-110.0,-110.0,13.0
2011,11.0,Colorado,Arizona,58.5,-110.0,-110.0,13.0
2011,11.0,Colorado State,San Diego State,53.0,-110.0,-110.0,13.0
2011,11.0,Eastern Michigan,Buffalo,49.5,-110.0,-110.0,13.0
2011,11.0,Florida International,Florida Atlantic,46.0,-110.0,-110.0,12.0
2011,11.0,Georgia,Auburn,55.5,-110.0,-110.0,13.0
2011,11.0,Georgia Tech,Virginia Tech,49.5,-110.0,-110.0,13.0
2011,11.0,Illinois,Michigan,48.0,-110.0,-110.0,13.0
2011,11.0,Iowa,Michigan State,47.0,-110.0,-110.0,12.0
2011,11.0,Kansas,Baylor,75.0,-110.0,-110.0,12.0
2011,11.0,Kansas State,Texas A&M,66.0,-110.0,-110.0,13.0
2011,11.0,Louisville,Pittsburgh,45.25,-110.0,-110.0,12.0
2011,11.0,Minnesota,Wisconsin,64.0,-110.0,-110.0,12.0
2011,11.0,Mississippi State,Alabama,44.5,-110.0,-110.0,13.0
2011,11.0,Missouri,Texas,57.5,-110.0,-110.0,13.0
2011,11.0,New Mexico,UNLV,51.0,-110.0,-110.0,13.0
2011,11.0,New Mexico State,Fresno State,68.0,-110.0,-110.0,13.0
2011,11.0,Northwestern,Rice,69.5,-110.0,-110.0,13.0
2011,11.0,Notre Dame,Maryland,57.0,-110.0,-110.0,10.0
2011,11.0,Penn State,Nebraska,43.0,-110.0,-110.0,13.0
2011,11.0,Purdue,Ohio State,45.0,-110.0,-110.0,12.0
2011,11.0,South Carolina,Florida,41.0,-110.0,-110.0,13.0
2011,11.0,Stanford,Oregon,71.0,-110.0,-110.0,13.0
2011,11.0,Syracuse,South Florida,53.0,-110.0,-110.0,13.0
2011,11.0,Texas Tech,Oklahoma State,79.0,-110.0,-110.0,13.0
2011,11.0,Toledo,Western Michigan,71.0,-110.0,-110.0,13.0
2011,11.0,Troy,North Texas,53.0,-110.0,-110.0,8.0
2011,11.0,Tulane,Houston,77.5,-110.0,-110.0,13.0
2011,11.0,Tulsa,Marshall,52.0,-110.0,-110.0,13.0
2011,11.0,Utah,UCLA,45.0,-110.0,-110.0,13.0
2011,11.0,Vanderbilt,Kentucky,44.5,-110.0,-110.0,12.0
2011,11.0,Virginia,Duke,53.0,-110.0,-110.0,13.0
2011,11.0,Washington State,Arizona State,59.0,-110.0,-110.0,13.0
2011,12.0,Air Force,UNLV,54.0,-110.0,-110.0,8.0
2011,12.0,Arizona State,Arizona,70.0,-110.0,-110.0,13.0
2011,12.0,Arkansas,Mississippi State,54.0,-110.0,-110.0,13.0
2011,12.0,Baylor,Oklahoma,75.0,-110.0,-110.0,13.0
2011,12.0,Bowling Green,Ohio,59.5,-110.0,-110.0,13.0
2011,12.0,Buffalo,Akron,46.5,-110.0,-110.0,13.0
2011,12.0,Central Michigan,Toledo,74.0,-110.0,-110.0,13.0
2011,12.0,Connecticut,Louisville,42.0,-110.0,-110.0,13.0
2011,12.0,Duke,Georgia Tech,59.5,-110.0,-110.0,13.0
2011,12.0,Florida State,Virginia,46.0,-110.0,-110.0,12.0
2011,12.0,Georgia,Kentucky,49.0,-110.0,-110.0,13.0
2011,12.0,Idaho,Utah State,52.0,-110.0,-110.0,13.0
2011,12.0,Illinois,Wisconsin,51.5,-110.0,-110.0,13.0
2011,12.0,Iowa State,Oklahoma State,69.0,-110.0,-110.0,13.0
2011,12.0,Kent State,Eastern Michigan,42.0,-110.0,-110.0,13.0
2011,12.0,Memphis,Marshall,50.5,-110.0,-110.0,12.0
2011,12.0,Michigan,Nebraska,51.5,-110.0,-110.0,13.0
2011,12.0,Michigan State,Indiana,53.0,-110.0,-110.0,12.0
2011,12.0,Middle Tennessee,Arkansas State,58.5,-110.0,-110.0,12.0
2011,12.0,Missouri,Texas Tech,66.5,-110.0,-110.0,13.0
2011,12.0,Nevada,Louisiana Tech,56.0,-110.0,-110.0,13.0
2011,12.0,North Texas,Western Kentucky,48.0,-110.0,-110.0,12.0
2011,12.0,Northern Illinois,Ball State,71.0,-110.0,-110.0,13.0
2011,12.0,Northwestern,Minnesota,58.5,-110.0,-110.0,13.0
2011,12.0,Notre Dame,Boston College,46.5,-110.0,-110.0,13.0
2011,12.0,Ohio State,Penn State,37.5,-110.0,-110.0,13.0
2011,12.0,Oregon State,Washington,57.5,-110.0,-110.0,12.0
2011,12.0,Purdue,Iowa,49.0,-110.0,-110.0,13.0
2011,12.0,Rice,Tulane,59.0,-110.0,-110.0,9.0
2011,12.0,Rutgers,Cincinnati,46.5,-110.0,-110.0,11.0
2011,12.0,San Diego State,Boise State,55.5,-110.0,-110.0,13.0
2011,12.0,Stanford,California,57.0,-110.0,-110.0,12.0
2011,12.0,Temple,Army,47.0,-110.0,-110.0,13.0
2011,12.0,Tennessee,Vanderbilt,45.5,-110.0,-110.0,13.0
2011,12.0,Texas,Kansas State,53.0,-110.0,-110.0,13.0
2011,12.0,Texas A&M,Kansas,65.0,-110.0,-110.0,13.0
2011,12.0,Troy,Florida Atlantic,49.75,-110.0,-110.0,12.0
2011,12.0,UCLA,Colorado,56.0,-110.0,-110.0,12.0
2011,12.0,Virginia Tech,North Carolina,48.0,-110.0,-110.0,13.0
2011,12.0,Wake Forest,Maryland,58.0,-110.0,-110.0,13.0
2011,12.0,Washington State,Utah,49.0,-110.0,-110.0,13.0
2011,12.0,Wyoming,New Mexico,50.0,-110.0,-110.0,13.0
2011,13.0,Arizona State,California,55.5,-110.0,-110.0,13.0
2011,13.0,Auburn,Alabama,45.5,-110.0,-110.0,13.0
2011,13.0,Ball State,Toledo,71.0,-110.0,-110.0,13.0
2011,13.0,Baylor,Texas Tech,81.5,-110.0,-110.0,13.0
2011,13.0,Boise State,Wyoming,61.0,-110.0,-110.0,13.0
2011,13.0,Buffalo,Bowling Green,53.5,-110.0,-107.5,6.0
2011,13.0,Colorado State,Air Force,52.5,-110.0,-110.0,13.0
2011,13.0,Connecticut,Rutgers,40.0,-110.0,-110.0,11.0
2011,13.0,Florida,Florida State,44.5,-110.0,-110.0,13.0
2011,13.0,Georgia Tech,Georgia,53.0,-110.0,-110.0,13.0
2011,13.0,Indiana,Purdue,58.0,-110.0,-110.0,13.0
2011,13.0,Kansas,Missouri,56.5,-110.0,-110.0,13.0
2011,13.0,Kentucky,Tennessee,43.0,-110.0,-110.0,13.0
2011,13.0,Louisiana Tech,New Mexico State,58.0,-110.0,-110.0,13.0
2011,13.0,Marshall,East Carolina,55.5,-110.0,-110.0,13.0
2011,13.0,Michigan,Ohio State,45.5,-110.0,-110.0,13.0
2011,13.0,Middle Tennessee,Florida International,54.5,-110.0,-110.0,12.0
2011,13.0,Minnesota,Illinois,44.0,-110.0,-110.0,13.0
2011,13.0,Nebraska,Iowa,53.5,-110.0,-110.0,13.0
2011,13.0,North Carolina,Duke,56.0,-110.0,-110.0,11.0
2011,13.0,Northern Illinois,Eastern Michigan,63.5,-110.0,-110.0,13.0
2011,13.0,Northwestern,Michigan State,53.0,-110.0,-110.0,13.0
2011,13.0,Oklahoma,Iowa State,58.0,-110.0,-110.0,13.0
2011,13.0,Oregon,Oregon State,63.5,-110.0,-110.0,13.0
2011,13.0,South Carolina,Clemson,50.5,-110.0,-110.0,13.0
2011,13.0,South Florida,Louisville,44.5,-110.0,-110.0,13.0
2011,13.0,Stanford,Notre Dame,59.5,-110.0,-110.0,13.0
2011,13.0,Syracuse,Cincinnati,50.0,-110.0,-110.0,13.0
2011,13.0,Temple,Kent State,40.0,-110.0,-110.0,12.0
2011,13.0,Texas A&M,Texas,52.5,-110.0,-110.0,13.0
2011,13.0,Tulsa,Houston,77.0,-110.0,-110.0,13.0
2011,13.0,UNLV,San Diego State,55.0,-110.0,-110.0,7.0
2011,13.0,Utah,Colorado,49.5,-110.0,-110.0,8.0
2011,13.0,Utah State,Nevada,65.0,-110.0,-110.0,13.0
2011,13.0,Virginia,Virginia Tech,45.5,-110.0,-110.0,13.0
2011,13.0,Wake Forest,Vanderbilt,49.5,-110.0,-110.0,11.0
2011,13.0,Washington,Washington State,62.0,-110.0,-110.0,13.0
2011,13.0,West Virginia,Pittsburgh,58.5,-110.0,-110.0,13.0
2011,13.0,Western Kentucky,Troy,51.0,-110.0,-110.0,10.0
2011,13.0,Western Michigan,Akron,60.5,-110.0,-110.0,12.0
2011,13.0,Wisconsin,Penn State,49.25,-110.0,-110.0,12.0
2011,14.0,Arkansas State,Troy,57.5,-110.0,-110.0,11.0
2011,14.0,Baylor,Texas,62.0,-110.0,-110.0,14.0
2011,14.0,Boise State,New Mexico,63.0,-110.0,-110.0,13.0
2011,14.0,Cincinnati,Connecticut,47.5,-110.0,-110.0,14.0
2011,14.0,Clemson,Virginia Tech,54.0,-110.0,-110.0,14.0
2011,14.0,Colorado State,Wyoming,50.0,-110.0,-110.0,14.0
2011,14.0,Kansas State,Iowa State,50.75,-110.0,-110.0,14.0
2011,14.0,Nevada,Idaho,56.5,-110.0,-110.0,11.0
2011,14.0,New Mexico State,Utah State,62.0,-110.0,-110.0,14.0
2011,14.0,North Texas,Middle Tennessee,54.5,-110.0,-110.0,12.0
2011,14.0,Northern Illinois,Ohio,71.0,-110.0,-110.0,14.0
2011,14.0,Oklahoma State,Oklahoma,71.5,-110.0,-110.0,14.0
2011,14.0,Oregon,UCLA,66.5,-110.0,-110.0,14.0
2011,14.0,Pittsburgh,Syracuse,49.0,-110.0,-110.0,14.0
2011,14.0,San Diego State,Fresno State,61.0,-110.0,-110.0,14.0
2011,14.0,South Florida,West Virginia,57.5,-110.0,-110.0,13.0
2011,15.0,Navy,Army,55.5,-110.0,-110.0,14.0
2012,1.0,Alabama,Michigan,48.5,-110.0,-110.0,15.0
2012,1.0,Arizona,Toledo,64.0,-110.0,-110.0,15.0
2012,1.0,Auburn,Clemson,54.5,-110.0,-110.0,13.0
2012,1.0,Ball State,Eastern Michigan,56.0,-110.0,-110.0,15.0
2012,1.0,California,Nevada,56.5,-110.0,-110.0,13.0
2012,1.0,Colorado,Colorado State,47.5,-110.0,-110.0,15.0
2012,1.0,Duke,Florida International,53.0,-110.0,-110.0,14.0
2012,1.0,Florida,Bowling Green,47.0,-110.0,-110.0,13.0
2012,1.0,Georgia,Buffalo,55.0,-110.0,-110.0,15.0
2012,1.0,Houston,Texas State,58.5,-110.0,-110.0,15.0
2012,1.0,Illinois,Western Michigan,50.0,-110.0,-110.0,15.0
2012,1.0,Iowa State,Tulsa,50.5,-110.0,-110.0,11.0
2012,1.0,Louisville,Kentucky,43.0,-110.0,-110.0,15.0
2012,1.0,Michigan State,Boise State,47.0,-110.0,-110.0,15.0
2012,1.0,Navy,Notre Dame,51.5,-110.0,-110.0,14.0
2012,1.0,Northern Illinois,Iowa,47.0,-110.0,-110.0,15.0
2012,1.0,Oregon,Arkansas State,70.0,-110.0,-110.0,15.0
2012,1.0,Penn State,Ohio,44.5,-110.0,-110.0,15.0
2012,1.0,Rice,UCLA,60.0,-110.0,-110.0,15.0
2012,1.0,Syracuse,Northwestern,53.5,-110.0,-110.0,9.0
2012,1.0,Texas,Wyoming,54.5,-110.0,-110.0,15.0
2012,1.0,Tulane,Rutgers,48.5,-110.0,-110.0,15.0
2012,1.0,UNLV,Minnesota,52.5,-110.0,-110.0,15.0
2012,1.0,Vanderbilt,South Carolina,44.0,-110.0,-110.0,15.0
2012,1.0,Virginia Tech,Georgia Tech,46.0,-110.0,-110.0,15.0
2012,1.0,Washington,San Diego State,55.5,-110.0,-110.0,15.0
2012,1.0,West Virginia,Marshall,67.5,-110.0,-110.0,15.0
2012,2.0,Alabama,Western Kentucky,51.5,-110.0,-110.0,14.0
2012,2.0,Arizona,Oklahoma State,70.0,-110.0,-110.0,15.0
2012,2.0,Arizona State,Illinois,47.0,-110.0,-110.0,15.0
2012,2.0,Arkansas State,Memphis,60.0,-110.0,-110.0,13.0
2012,2.0,Bowling Green,Idaho,49.5,-110.0,-110.0,15.0
2012,2.0,Central Michigan,Michigan State,48.0,-110.0,-110.0,8.0
2012,2.0,Cincinnati,Pittsburgh,51.0,-110.0,-110.0,15.0
2012,2.0,Clemson,Ball State,67.5,-110.0,-110.0,15.0
2012,2.0,Florida International,Akron,58.0,-110.0,-110.0,14.0
2012,2.0,Houston,Louisiana Tech,58.5,-110.0,-110.0,15.0
2012,2.0,Iowa,Iowa State,49.5,-110.0,-110.0,15.0
2012,2.0,Kansas,Rice,62.0,-110.0,-110.0,13.0
2012,2.0,Kentucky,Kent State,46.5,-110.0,-110.0,14.0
2012,2.0,Michigan,Air Force,58.5,-110.0,-110.0,15.0
2012,2.0,Middle Tennessee,Florida Atlantic,49.5,-110.0,-110.0,14.0
2012,2.0,Minnesota,New Hampshire,24.5,130.0,-150.0,1.0
2012,2.0,Mississippi State,Auburn,48.5,-110.0,-110.0,14.0
2012,2.0,Missouri,Georgia,52.5,-110.0,-110.0,15.0
2012,2.0,Nevada,South Florida,57.5,-110.0,-110.0,15.0
2012,2.0,Northwestern,Vanderbilt,54.5,-110.0,-110.0,15.0
2012,2.0,Notre Dame,Purdue,53.0,-110.0,-110.0,14.0
2012,2.0,Ohio,New Mexico State,58.5,-110.0,-110.0,13.0
2012,2.0,Oregon,Fresno State,76.5,-110.0,-110.0,15.0
2012,2.0,Oregon State,Wisconsin,49.0,-110.0,-110.0,15.0
2012,2.0,San Diego State,Army,49.5,-110.0,-110.0,14.0
2012,2.0,South Carolina,East Carolina,50.0,-110.0,-110.0,14.0
2012,2.0,Stanford,Duke,55.0,-110.0,-110.0,15.0
2012,2.0,Temple,Maryland,43.5,-110.0,-110.0,15.0
2012,2.0,Texas,New Mexico,53.5,-110.0,-110.0,15.0
2012,2.0,Texas A&M,Florida,49.0,-110.0,-110.0,15.0
2012,2.0,Texas State,Texas Tech,60.5,-110.0,-110.0,11.0
2012,2.0,Tulsa,Tulane,57.0,-110.0,-110.0,15.0
2012,2.0,UCLA,Nebraska,58.5,-110.0,-110.0,15.0
2012,2.0,Utah State,Utah,50.5,-110.0,-110.0,15.0
2012,2.0,Virginia,Penn State,48.0,-110.0,-110.0,15.0
2012,2.0,Wake Forest,North Carolina,54.5,-110.0,-110.0,15.0
2012,2.0,Wyoming,Toledo,58.5,-110.0,-110.0,14.0
2012,3.0,Arkansas,Alabama,49.5,-110.0,-110.0,15.0
2012,3.0,Army,Northern Illinois,49.5,-110.0,-110.0,14.0
2012,3.0,Florida State,Wake Forest,51.0,-110.0,-110.0,15.0
2012,3.0,Fresno State,Colorado,57.0,-110.0,-110.0,15.0
2012,3.0,Georgia,Florida Atlantic,52.5,-110.0,-110.0,13.0
2012,3.0,Georgia Tech,Virginia,52.0,-110.0,-110.0,15.0
2012,3.0,Indiana,Ball State,64.0,-110.0,-110.0,14.0
2012,3.0,Kansas State,North Texas,55.0,-110.0,-110.0,15.0
2012,3.0,Kentucky,Western Kentucky,49.5,-110.0,-110.0,14.0
2012,3.0,Louisiana Tech,Rice,67.0,-110.0,-110.0,13.0
2012,3.0,Louisville,North Carolina,56.0,-110.0,-110.0,15.0
2012,3.0,Marshall,Ohio,66.5,-110.0,-110.0,15.0
2012,3.0,Maryland,Connecticut,40.0,-110.0,-110.0,15.0
2012,3.0,Memphis,Middle Tennessee,54.5,-110.0,-110.0,11.0
2012,3.0,Michigan State,Notre Dame,44.0,-110.0,-110.0,15.0
2012,3.0,Minnesota,Western Michigan,55.5,-110.0,-110.0,15.0
2012,3.0,Missouri,Arizona State,60.5,-110.0,-110.0,15.0
2012,3.0,Nebraska,Arkansas State,67.0,-110.0,-110.0,15.0
2012,3.0,Northwestern,Boston College,55.0,-110.0,-110.0,15.0
2012,3.0,Ohio State,California,55.0,-110.0,-110.0,15.0
2012,3.0,Penn State,Navy,48.0,-110.0,-110.0,15.0
2012,3.0,Pittsburgh,Virginia Tech,45.0,-110.0,-110.0,13.0
2012,3.0,Purdue,Eastern Michigan,49.0,-110.0,-110.0,15.0
2012,3.0,South Florida,Rutgers,44.5,-110.0,-110.0,15.0
2012,3.0,Tennessee,Florida,47.0,-110.0,-110.0,15.0
2012,3.0,Texas Tech,New Mexico,65.0,-110.0,-110.0,15.0
2012,3.0,Toledo,Bowling Green,60.5,-110.0,-110.0,15.0
2012,3.0,Troy,Mississippi State,57.5,-110.0,-110.0,14.0
2012,3.0,UCLA,Houston,75.0,-110.0,-110.0,15.0
2012,3.0,UNLV,Washington State,55.5,-110.0,-110.0,15.0
2012,3.0,Wisconsin,Utah State,51.5,-110.0,-110.0,14.0
2012,4.0,Alabama,Florida Atlantic,57.25,-110.0,-110.0,14.0
2012,4.0,Arizona State,Utah,50.0,-110.0,-110.0,13.0
2012,4.0,Arkansas,Rutgers,49.5,-110.0,-110.0,15.0
2012,4.0,Ball State,South Florida,57.5,-110.0,-110.0,15.0
2012,4.0,Buffalo,Kent State,50.5,-110.0,-110.0,15.0
2012,4.0,Colorado State,Utah State,54.0,-110.0,-110.0,15.0
2012,4.0,Duke,Memphis,61.0,-110.0,-110.0,15.0
2012,4.0,Florida,Kentucky,52.0,-110.0,-110.0,14.0
2012,4.0,Florida International,Louisville,52.5,-110.0,-110.0,14.0
2012,4.0,Florida State,Clemson,55.0,-110.0,-110.0,15.0
2012,4.0,Georgia,Vanderbilt,49.5,-110.0,-110.0,15.0
2012,4.0,Idaho,Wyoming,52.0,-110.0,-110.0,14.0
2012,4.0,Illinois,Louisiana Tech,56.5,-110.0,-110.0,15.0
2012,4.0,Iowa,Central Michigan,51.0,-110.0,-110.0,15.0
2012,4.0,Michigan State,Eastern Michigan,47.5,-110.0,-110.0,15.0
2012,4.0,Minnesota,Syracuse,54.0,-110.0,-110.0,13.0
2012,4.0,Mississippi State,South Alabama,49.0,-110.0,-110.0,13.0
2012,4.0,New Mexico State,New Mexico,56.5,-110.0,-110.0,15.0
2012,4.0,North Carolina,East Carolina,63.5,-110.0,-110.0,15.0
2012,4.0,North Texas,Troy,59.0,-110.0,-110.0,14.0
2012,4.0,Northern Illinois,Kansas,54.0,-110.0,-110.0,15.0
2012,4.0,Notre Dame,Michigan,50.0,-110.0,-110.0,15.0
2012,4.0,Oklahoma,Kansas State,56.5,-110.0,-110.0,15.0
2012,4.0,Oregon,Arizona,78.5,-110.0,-110.0,15.0
2012,4.0,Penn State,Temple,43.0,-110.0,-110.0,15.0
2012,4.0,Rice,Marshall,71.5,-110.0,-110.0,15.0
2012,4.0,South Carolina,Missouri,48.0,-110.0,-110.0,15.0
2012,4.0,Tennessee,Akron,65.0,-110.0,-110.0,12.0
2012,4.0,Tulsa,Fresno State,66.5,-110.0,-110.0,15.0
2012,4.0,UCLA,Oregon State,52.5,-110.0,-110.0,15.0
2012,4.0,UNLV,Air Force,54.5,-110.0,-110.0,13.0
2012,4.0,Virginia Tech,Bowling Green,47.0,-110.0,-110.0,15.0
2012,4.0,Wake Forest,Army,55.0,-110.0,-110.0,15.0
2012,4.0,Washington State,Colorado,58.75,-110.0,-110.0,14.0
2012,4.0,West Virginia,Maryland,61.0,-110.0,-110.0,15.0
2012,4.0,Western Michigan,Connecticut,43.5,-110.0,-110.0,15.0
2012,5.0,Air Force,Colorado State,55.5,-110.0,-110.0,15.0
2012,5.0,Arizona,Oregon State,58.0,-110.0,-110.0,15.0
2012,5.0,Arkansas State,Western Kentucky,57.5,-110.0,-110.0,13.0
2012,5.0,Boston College,Clemson,60.0,-110.0,-110.0,15.0
2012,5.0,California,Arizona State,58.0,-110.0,-110.0,14.0
2012,5.0,Cincinnati,Virginia Tech,47.0,-110.0,-110.0,15.0
2012,5.0,Colorado,UCLA,59.0,-110.0,-110.0,14.0
2012,5.0,Connecticut,Buffalo,44.0,-110.0,-110.0,14.0
2012,5.0,Florida Atlantic,North Texas,49.5,-110.0,-110.0,12.0
2012,5.0,Fresno State,San Diego State,61.0,-110.0,-110.0,15.0
2012,5.0,Georgia,Tennessee,60.0,-110.0,-110.0,15.0
2012,5.0,Georgia Tech,Middle Tennessee,63.5,-110.0,-110.0,14.0
2012,5.0,Illinois,Penn State,41.5,-110.0,-110.0,13.0
2012,5.0,Iowa,Minnesota,46.0,-110.0,-110.0,15.0
2012,5.0,Iowa State,Texas Tech,63.5,-110.0,-110.0,14.0
2012,5.0,Kent State,Ball State,54.5,-110.0,-110.0,15.0
2012,5.0,Kentucky,South Carolina,51.5,-110.0,-110.0,14.0
2012,5.0,Michigan State,Ohio State,41.5,-110.0,-110.0,14.0
2012,5.0,Nebraska,Wisconsin,52.5,-110.0,-110.0,15.0
2012,5.0,New Mexico,Boise State,49.5,-110.0,-110.0,14.0
2012,5.0,North Carolina,Idaho,60.5,-110.0,-110.0,15.0
2012,5.0,Northern Illinois,Central Michigan,57.0,-110.0,-110.0,15.0
2012,5.0,Northwestern,Indiana,60.5,-110.0,-110.0,15.0
2012,5.0,Oklahoma State,Texas,63.5,-110.0,-110.0,14.0
2012,5.0,Purdue,Marshall,61.5,-110.0,-110.0,15.0
2012,5.0,Rice,Houston,69.0,-110.0,-110.0,15.0
2012,5.0,South Alabama,Troy,51.0,-110.0,-110.0,13.0
2012,5.0,South Florida,Florida State,52.5,-110.0,-110.0,14.0
2012,5.0,Texas A&M,Arkansas,65.0,-110.0,-110.0,15.0
2012,5.0,Texas State,Nevada,63.0,-110.0,-110.0,15.0
2012,5.0,Utah State,UNLV,57.0,-110.0,-110.0,15.0
2012,5.0,Virginia,Louisiana Tech,60.0,-110.0,-110.0,14.0
2012,5.0,Wake Forest,Duke,57.0,-110.0,-110.0,15.0
2012,5.0,Washington,Stanford,48.5,-110.0,-110.0,15.0
2012,5.0,Washington State,Oregon,73.0,-110.0,-110.0,15.0
2012,5.0,West Virginia,Baylor,84.0,-110.0,-110.0,15.0
2012,5.0,Western Michigan,Toledo,57.0,-110.0,-110.0,14.0
2012,6.0,Air Force,Navy,54.0,-110.0,-110.0,14.0
2012,6.0,Akron,Bowling Green,60.5,-110.0,-110.0,15.0
2012,6.0,Army,Boston College,56.5,-110.0,-110.0,14.0
2012,6.0,Auburn,Arkansas,55.25,-110.0,-110.0,14.0
2012,6.0,Ball State,Northern Illinois,65.5,-110.0,-110.0,14.0
2012,6.0,California,UCLA,55.25,-110.0,-110.0,14.0
2012,6.0,Clemson,Georgia Tech,70.0,-110.0,-110.0,15.0
2012,6.0,Colorado State,Fresno State,59.5,-110.0,-110.0,14.0
2012,6.0,Duke,Virginia,55.0,-110.0,-110.0,15.0
2012,6.0,Eastern Michigan,Kent State,47.0,-110.0,-110.0,15.0
2012,6.0,Florida International,Arkansas State,56.5,-110.0,-110.0,14.0
2012,6.0,Houston,North Texas,58.5,-110.0,-110.0,12.0
2012,6.0,Idaho,New Mexico State,55.0,-110.0,-110.0,14.0
2012,6.0,Indiana,Michigan State,49.0,-110.0,-110.0,14.0
2012,6.0,Kansas State,Kansas,57.0,-110.0,-110.0,15.0
2012,6.0,Kentucky,Mississippi State,48.5,-110.0,-110.0,15.0
2012,6.0,Louisiana Tech,UNLV,70.0,-110.0,-110.0,13.0
2012,6.0,Marshall,Tulsa,68.0,-110.0,-110.0,15.0
2012,6.0,Maryland,Wake Forest,47.5,-110.0,-110.0,13.0
2012,6.0,Memphis,Rice,60.0,-110.0,-110.0,14.0
2012,6.0,Missouri,Vanderbilt,45.0,-110.0,-110.0,14.0
2012,6.0,Nevada,Wyoming,68.25,-110.0,-110.0,12.0
2012,6.0,New Mexico,Texas State,49.75,-110.0,-110.0,14.0
2012,6.0,North Carolina,Virginia Tech,52.0,-110.0,-110.0,15.0
2012,6.0,Ohio,Buffalo,57.0,-110.0,-110.0,14.0
2012,6.0,Ohio State,Nebraska,57.5,-110.0,-110.0,15.0
2012,6.0,Oregon,Washington,62.5,-110.0,-110.0,15.0
2012,6.0,Oregon State,Washington State,59.0,-110.0,-110.0,13.0
2012,6.0,Penn State,Northwestern,49.0,-110.0,-110.0,15.0
2012,6.0,Purdue,Michigan,55.0,-110.0,-110.0,14.0
2012,6.0,Rutgers,Connecticut,39.5,-110.0,-110.0,13.0
2012,6.0,South Carolina,Georgia,55.0,-110.0,-110.0,14.0
2012,6.0,Stanford,Arizona,55.0,-110.0,-110.0,15.0
2012,6.0,Syracuse,Pittsburgh,59.0,-110.0,-110.0,14.0
2012,6.0,Temple,South Florida,47.5,-110.0,-110.0,14.0
2012,6.0,Texas,West Virginia,73.5,-110.0,-110.0,14.0
2012,6.0,Texas Tech,Oklahoma,57.0,-110.0,-110.0,12.0
2012,6.0,Toledo,Central Michigan,64.0,-110.0,-110.0,15.0
2012,6.0,Wisconsin,Illinois,44.5,-110.0,-110.0,15.0
2012,7.0,Arkansas,Kentucky,54.5,-110.0,-110.0,15.0
2012,7.0,Arkansas State,South Alabama,51.5,-110.0,-110.0,11.0
2012,7.0,Army,Kent State,58.5,-110.0,-110.0,15.0
2012,7.0,Ball State,Western Michigan,65.5,-110.0,-110.0,15.0
2012,7.0,Boise State,Fresno State,56.0,-110.0,-110.0,15.0
2012,7.0,Central Michigan,Navy,57.0,-110.0,-110.0,15.0
2012,7.0,Colorado,Arizona State,56.0,-110.0,-110.0,15.0
2012,7.0,Connecticut,Temple,41.0,-110.0,-110.0,13.0
2012,7.0,East Carolina,Memphis,48.5,-110.0,-110.0,15.0
2012,7.0,Eastern Michigan,Toledo,55.0,-110.0,-110.0,15.0
2012,7.0,Florida International,Middle Tennessee,55.25,-110.0,-110.0,14.0
2012,7.0,Florida State,Boston College,52.5,-110.0,-110.0,15.0
2012,7.0,Indiana,Ohio State,64.0,-110.0,-110.0,15.0
2012,7.0,Iowa State,Kansas State,48.5,-110.0,-110.0,15.0
2012,7.0,Kansas,Oklahoma State,68.0,-110.0,-110.0,15.0
2012,7.0,Louisiana Tech,Texas A&M,76.5,-110.0,-110.0,15.0
2012,7.0,Michigan,Illinois,48.5,-110.0,-110.0,15.0
2012,7.0,Michigan State,Iowa,38.5,-110.0,-110.0,15.0
2012,7.0,Minnesota,Northwestern,54.0,-110.0,-110.0,15.0
2012,7.0,Mississippi State,Tennessee,56.0,-110.0,-110.0,15.0
2012,7.0,Missouri,Alabama,41.0,-110.0,-110.0,15.0
2012,7.0,Northern Illinois,Buffalo,55.5,-110.0,-110.0,12.0
2012,7.0,Notre Dame,Stanford,42.0,-110.0,-110.0,15.0
2012,7.0,Ohio,Akron,68.0,-110.0,-110.0,15.0
2012,7.0,Oklahoma,Texas,54.5,-110.0,-110.0,15.0
2012,7.0,Pittsburgh,Louisville,50.0,-110.0,-110.0,15.0
2012,7.0,Purdue,Wisconsin,49.5,-110.0,-110.0,15.0
2012,7.0,Rutgers,Syracuse,50.5,-110.0,-110.0,15.0
2012,7.0,San Diego State,Colorado State,54.0,-110.0,-110.0,15.0
2012,7.0,Texas State,Idaho,54.5,-110.0,-110.0,15.0
2012,7.0,Texas Tech,West Virginia,75.0,-110.0,-110.0,15.0
2012,7.0,Troy,Western Kentucky,54.0,-110.0,-110.0,14.0
2012,7.0,UCLA,Utah,51.5,-110.0,-110.0,14.0
2012,7.0,UNLV,Nevada,62.25,-110.0,-110.0,14.0
2012,7.0,Vanderbilt,Florida,39.0,-110.0,-110.0,15.0
2012,7.0,Virginia,Maryland,44.0,-110.0,-110.0,15.0
2012,7.0,Virginia Tech,Duke,54.5,-110.0,-110.0,14.0
2012,7.0,Washington State,California,55.0,-110.0,-110.0,15.0
2012,7.0,Wyoming,Air Force,59.5,-110.0,-110.0,15.0
2012,8.0,Air Force,New Mexico,57.0,-110.0,-110.0,15.0
2012,8.0,Akron,Northern Illinois,64.5,-110.0,-110.0,15.0
2012,8.0,Arizona,Washington,65.5,-110.0,-110.0,15.0
2012,8.0,Arizona State,Oregon,68.5,-110.0,-110.0,15.0
2012,8.0,Boise State,UNLV,55.5,-110.0,-110.0,15.0
2012,8.0,Buffalo,Pittsburgh,52.0,-110.0,-110.0,15.0
2012,8.0,California,Stanford,47.0,-110.0,-110.0,15.0
2012,8.0,Central Michigan,Ball State,64.0,-110.0,-110.0,15.0
2012,8.0,Clemson,Virginia Tech,63.5,-110.0,-110.0,15.0
2012,8.0,Duke,North Carolina,62.5,-110.0,-110.0,15.0
2012,8.0,Eastern Michigan,Army,62.5,-110.0,-110.0,15.0
2012,8.0,Florida,South Carolina,41.5,-110.0,-110.0,15.0
2012,8.0,Fresno State,Wyoming,60.0,-110.0,-110.0,15.0
2012,8.0,Georgia Tech,Boston College,60.5,-110.0,-110.0,15.0
2012,8.0,Iowa,Penn State,42.5,-110.0,-110.0,15.0
2012,8.0,Kent State,Western Michigan,53.5,-110.0,-110.0,15.0
2012,8.0,Kentucky,Georgia,57.0,-110.0,-110.0,15.0
2012,8.0,Louisiana Tech,Idaho,73.0,-110.0,-110.0,15.0
2012,8.0,Louisville,South Florida,55.5,-110.0,-110.0,15.0
2012,8.0,Michigan,Michigan State,43.0,-110.0,-110.0,15.0
2012,8.0,Mississippi State,Middle Tennessee,58.0,-110.0,-110.0,15.0
2012,8.0,Navy,Indiana,63.5,-110.0,-110.0,15.0
2012,8.0,Nevada,San Diego State,66.5,-110.0,-110.0,15.0
2012,8.0,Northwestern,Nebraska,62.5,-110.0,-110.0,15.0
2012,8.0,Ohio State,Purdue,58.0,-110.0,-110.0,15.0
2012,8.0,Oklahoma,Kansas,55.5,-110.0,-110.0,15.0
2012,8.0,Oklahoma State,Iowa State,58.0,-110.0,-110.0,15.0
2012,8.0,Oregon State,Utah,46.5,-110.0,-110.0,15.0
2012,8.0,South Alabama,Florida Atlantic,45.0,-110.0,-110.0,14.0
2012,8.0,Syracuse,Connecticut,43.5,-110.0,-110.0,15.0
2012,8.0,Temple,Rutgers,44.5,-110.0,-110.0,15.0
2012,8.0,Tennessee,Alabama,54.0,-110.0,-110.0,15.0
2012,8.0,Texas,Baylor,79.0,-110.0,-110.0,15.0
2012,8.0,Toledo,Cincinnati,65.0,-110.0,-110.0,15.0
2012,8.0,Troy,Florida International,57.0,-110.0,-110.0,14.0
2012,8.0,Tulsa,Rice,59.5,-110.0,-110.0,15.0
2012,8.0,Utah State,New Mexico State,56.5,-110.0,-110.0,15.0
2012,8.0,Vanderbilt,Auburn,45.5,-110.0,-110.0,15.0
2012,8.0,Virginia,Wake Forest,51.5,-110.0,-110.0,15.0
2012,8.0,West Virginia,Kansas State,72.5,-110.0,-110.0,15.0
2012,8.0,Wisconsin,Minnesota,46.0,-110.0,-110.0,15.0
2012,9.0,Air Force,Nevada,68.0,-110.0,-110.0,15.0
2012,9.0,Alabama,Mississippi State,45.0,-110.0,-110.0,15.0
2012,9.0,Arizona State,UCLA,59.5,-110.0,-110.0,15.0
2012,9.0,Army,Ball State,68.0,-110.0,-110.0,15.0
2012,9.0,Auburn,Texas A&M,53.0,-110.0,-110.0,15.0
2012,9.0,Boston College,Maryland,46.0,-110.0,-110.0,15.0
2012,9.0,Bowling Green,Eastern Michigan,52.0,-110.0,-110.0,15.0
2012,9.0,Buffalo,Toledo,61.0,-110.0,-110.0,15.0
2012,9.0,Central Michigan,Akron,65.5,-110.0,-110.0,15.0
2012,9.0,East Carolina,Navy,48.0,-110.0,-110.0,15.0
2012,9.0,Florida Atlantic,Troy,51.5,-110.0,-110.0,14.0
2012,9.0,Florida International,Western Kentucky,51.5,-110.0,-110.0,14.0
2012,9.0,Florida State,Duke,55.0,-110.0,-110.0,15.0
2012,9.0,Georgia,Florida,45.0,-110.0,-110.0,15.0
2012,9.0,Illinois,Indiana,58.5,-110.0,-110.0,15.0
2012,9.0,Iowa State,Baylor,71.0,-110.0,-110.0,15.0
2012,9.0,Kansas,Texas,60.0,-110.0,-110.0,15.0
2012,9.0,Kansas State,Texas Tech,60.5,-110.0,-110.0,15.0
2012,9.0,Louisville,Cincinnati,53.0,-110.0,-110.0,15.0
2012,9.0,Middle Tennessee,North Texas,58.0,-110.0,-110.0,14.0
2012,9.0,Minnesota,Purdue,50.0,-110.0,-110.0,15.0
2012,9.0,Missouri,Kentucky,48.5,-110.0,-110.0,15.0
2012,9.0,Nebraska,Michigan,59.0,-110.0,-110.0,15.0
2012,9.0,New Mexico,Fresno State,55.0,-110.0,-110.0,15.0
2012,9.0,New Mexico State,Louisiana Tech,76.5,-110.0,-110.0,15.0
2012,9.0,Northwestern,Iowa,47.0,-110.0,-110.0,15.0
2012,9.0,Oklahoma,Notre Dame,48.0,-110.0,-110.0,15.0
2012,9.0,Oregon,Colorado,67.5,-110.0,-110.0,15.0
2012,9.0,Penn State,Ohio State,51.0,-110.0,-110.0,15.0
2012,9.0,Pittsburgh,Temple,48.0,-110.0,-110.0,15.0
2012,9.0,Rutgers,Kent State,46.0,-110.0,-110.0,15.0
2012,9.0,San Diego State,UNLV,58.5,-110.0,-110.0,15.0
2012,9.0,South Carolina,Tennessee,54.5,-110.0,-110.0,15.0
2012,9.0,South Florida,Syracuse,53.5,-110.0,-110.0,15.0
2012,9.0,Stanford,Washington State,51.0,-110.0,-110.0,15.0
2012,9.0,Utah,California,45.0,-110.0,-110.0,15.0
2012,9.0,Wake Forest,Clemson,61.5,-110.0,-110.0,15.0
2012,9.0,Washington,Oregon State,49.0,-110.0,-110.0,15.0
2012,9.0,Western Michigan,Northern Illinois,58.5,-110.0,-110.0,15.0
2012,9.0,Wisconsin,Michigan State,40.0,-110.0,-110.0,15.0
2012,9.0,Wyoming,Boise State,50.5,-110.0,-110.0,15.0
2012,10.0,Arkansas,Tulsa,63.0,-110.0,-110.0,15.0
2012,10.0,Army,Air Force,62.5,-110.0,-110.0,15.0
2012,10.0,Auburn,New Mexico State,48.5,-110.0,-110.0,15.0
2012,10.0,Baylor,Kansas,69.5,-110.0,-110.0,15.0
2012,10.0,Boise State,San Diego State,49.5,-110.0,-110.0,15.0
2012,10.0,California,Washington,51.5,-110.0,-110.0,15.0
2012,10.0,Central Michigan,Western Michigan,60.5,-110.0,-110.0,15.0
2012,10.0,Cincinnati,Syracuse,56.0,-110.0,-110.0,15.0
2012,10.0,Colorado,Stanford,51.5,-110.0,-110.0,15.0
2012,10.0,Duke,Clemson,68.0,-110.0,-110.0,15.0
2012,10.0,East Carolina,Houston,68.5,-110.0,-110.0,15.0
2012,10.0,Florida,Missouri,41.0,-110.0,-110.0,15.0
2012,10.0,Indiana,Iowa,54.0,-110.0,-110.0,15.0
2012,10.0,Iowa State,Oklahoma,50.5,-110.0,-110.0,15.0
2012,10.0,Kansas State,Oklahoma State,68.0,-110.0,-110.0,15.0
2012,10.0,Kent State,Akron,61.0,-110.0,-110.0,15.0
2012,10.0,Kentucky,Vanderbilt,46.0,-110.0,-110.0,15.0
2012,10.0,Louisville,Temple,53.5,-110.0,-110.0,15.0
2012,10.0,Marshall,Memphis,63.5,-110.0,-110.0,15.0
2012,10.0,Maryland,Georgia Tech,44.5,-110.0,-110.0,15.0
2012,10.0,Michigan State,Nebraska,44.5,-110.0,-110.0,15.0
2012,10.0,Minnesota,Michigan,46.0,-110.0,-110.0,15.0
2012,10.0,Mississippi State,Texas A&M,61.5,-110.0,-110.0,15.0
2012,10.0,Navy,Florida Atlantic,51.0,-110.0,-110.0,15.0
2012,10.0,North Texas,Arkansas State,59.0,-110.0,-110.0,14.0
2012,10.0,Notre Dame,Pittsburgh,47.5,-110.0,-110.0,15.0
2012,10.0,Ohio,Eastern Michigan,58.5,-110.0,-110.0,15.0
2012,10.0,Ohio State,Illinois,50.5,-110.0,-110.0,15.0
2012,10.0,Oregon State,Arizona State,56.0,-110.0,-110.0,15.0
2012,10.0,Purdue,Penn State,49.5,-110.0,-110.0,15.0
2012,10.0,South Alabama,Florida International,53.0,-110.0,-110.0,14.0
2012,10.0,South Florida,Connecticut,46.5,-110.0,-110.0,15.0
2012,10.0,Tennessee,Troy,69.0,-110.0,-110.0,15.0
2012,10.0,Texas Tech,Texas,67.0,-110.0,-110.0,15.0
2012,10.0,Tulane,Rice,63.5,-110.0,-110.0,15.0
2012,10.0,UCLA,Arizona,72.0,-110.0,-110.0,15.0
2012,10.0,UNLV,New Mexico,54.0,-110.0,-110.0,15.0
2012,10.0,Utah,Washington State,49.0,-110.0,-110.0,15.0
2012,10.0,Utah State,Texas State,53.0,-110.0,-110.0,15.0
2012,10.0,Wake Forest,Boston College,52.5,-110.0,-110.0,15.0
2012,10.0,Western Kentucky,Middle Tennessee,56.0,-110.0,-110.0,15.0
2012,10.0,Wyoming,Colorado State,52.0,-110.0,-110.0,15.0
2012,11.0,Alabama,Texas A&M,55.0,-110.0,-110.0,15.0
2012,11.0,Arizona,Colorado,64.5,-110.0,-110.0,15.0
2012,11.0,Auburn,Georgia,52.0,-110.0,-110.0,15.0
2012,11.0,Boston College,Notre Dame,49.0,-110.0,-110.0,14.0
2012,11.0,Buffalo,Western Michigan,54.0,-110.0,-110.0,15.0
2012,11.0,California,Oregon,67.5,-110.0,-110.0,15.0
2012,11.0,Clemson,Maryland,55.5,-110.0,-110.0,15.0
2012,11.0,Colorado State,UNLV,52.5,-110.0,-110.0,15.0
2012,11.0,Connecticut,Pittsburgh,43.0,-110.0,-110.0,15.0
2012,11.0,Eastern Michigan,Central Michigan,62.0,-110.0,-110.0,15.0
2012,11.0,Houston,Tulsa,66.0,-110.0,-110.0,15.0
2012,11.0,Illinois,Minnesota,45.0,-110.0,-110.0,15.0
2012,11.0,Indiana,Wisconsin,56.0,-110.0,-110.0,15.0
2012,11.0,Iowa,Purdue,48.0,-110.0,-110.0,15.0
2012,11.0,Memphis,Tulane,56.0,-110.0,-110.0,15.0
2012,11.0,Michigan,Northwestern,51.0,-110.0,-110.0,15.0
2012,11.0,Nebraska,Penn State,51.0,-110.0,-110.0,15.0
2012,11.0,Nevada,Fresno State,70.0,-110.0,-110.0,15.0
2012,11.0,New Mexico,Wyoming,50.5,-110.0,-110.0,15.0
2012,11.0,North Carolina,Georgia Tech,65.0,-110.0,-110.0,15.0
2012,11.0,North Texas,South Alabama,49.5,-110.0,-110.0,14.0
2012,11.0,Ohio,Bowling Green,47.5,-110.0,-110.0,15.0
2012,11.0,Oklahoma,Baylor,74.5,-110.0,-110.0,15.0
2012,11.0,Oklahoma State,West Virginia,74.0,-110.0,-110.0,15.0
2012,11.0,Rutgers,Army,53.0,-110.0,-110.0,15.0
2012,11.0,San Diego State,Air Force,57.5,-110.0,-110.0,15.0
2012,11.0,South Carolina,Arkansas,51.0,-110.0,-110.0,15.0
2012,11.0,Stanford,Oregon State,44.5,-110.0,-110.0,15.0
2012,11.0,Syracuse,Louisville,59.0,-110.0,-110.0,15.0
2012,11.0,Temple,Cincinnati,55.5,-110.0,-110.0,15.0
2012,11.0,Tennessee,Missouri,61.0,-110.0,-110.0,15.0
2012,11.0,Texas,Iowa State,53.0,-110.0,-110.0,15.0
2012,11.0,Texas State,Louisiana Tech,69.0,-110.0,-110.0,15.0
2012,11.0,Texas Tech,Kansas,55.5,-110.0,-110.0,15.0
2012,11.0,Toledo,Ball State,70.5,-110.0,-110.0,15.0
2012,11.0,Troy,Navy,60.5,-110.0,-110.0,14.0
2012,11.0,Virginia Tech,Florida State,49.0,-110.0,-110.0,15.0
2012,11.0,Washington,Utah,47.0,-110.0,-110.0,15.0
2012,11.0,Washington State,UCLA,62.0,-110.0,-110.0,15.0
2012,11.0,Western Kentucky,Florida Atlantic,49.0,-110.0,-110.0,14.0
2012,12.0,Arizona State,Washington State,60.0,-110.0,-110.0,15.0
2012,12.0,Army,Temple,58.0,-110.0,-110.0,15.0
2012,12.0,Ball State,Ohio,60.5,-110.0,-110.0,15.0
2012,12.0,Baylor,Kansas State,75.0,-110.0,-110.0,15.0
2012,12.0,Boise State,Colorado State,49.5,-110.0,-110.0,15.0
2012,12.0,Boston College,Virginia Tech,51.5,-110.0,-110.0,15.0
2012,12.0,Bowling Green,Kent State,47.0,-110.0,-110.0,15.0
2012,12.0,Cincinnati,Rutgers,48.0,-110.0,-110.0,15.0
2012,12.0,Colorado,Washington,54.5,-110.0,-110.0,15.0
2012,12.0,Florida Atlantic,Florida International,51.0,-110.0,-110.0,15.0
2012,12.0,Georgia Tech,Duke,67.0,-110.0,-110.0,15.0
2012,12.0,Illinois,Purdue,49.5,-110.0,-110.0,15.0
2012,12.0,Kansas,Iowa State,45.5,-110.0,-110.0,15.0
2012,12.0,Louisiana Tech,Utah State,73.0,-110.0,-110.0,15.0
2012,12.0,Marshall,Houston,75.0,-110.0,-110.0,15.0
2012,12.0,Maryland,Florida State,45.5,-110.0,-110.0,15.0
2012,12.0,Michigan,Iowa,47.0,-110.0,-110.0,15.0
2012,12.0,Michigan State,Northwestern,47.0,-110.0,-110.0,15.0
2012,12.0,Mississippi State,Arkansas,55.0,-110.0,-110.0,15.0
2012,12.0,Missouri,Syracuse,55.0,-110.0,-110.0,15.0
2012,12.0,Navy,Texas State,56.5,-110.0,-110.0,15.0
2012,12.0,Nebraska,Minnesota,52.0,-110.0,-110.0,15.0
2012,12.0,New Mexico,Nevada,64.5,-110.0,-110.0,15.0
2012,12.0,Northern Illinois,Toledo,69.5,-110.0,-110.0,15.0
2012,12.0,Notre Dame,Wake Forest,41.5,-110.0,-110.0,15.0
2012,12.0,Oklahoma State,Texas Tech,72.5,-110.0,-110.0,15.0
2012,12.0,Oregon,Stanford,67.5,-110.0,-110.0,15.0
2012,12.0,Oregon State,California,48.5,-110.0,-110.0,15.0
2012,12.0,Penn State,Indiana,56.0,-110.0,-110.0,15.0
2012,12.0,South Alabama,Middle Tennessee,56.0,-110.0,-110.0,14.0
2012,12.0,Troy,Arkansas State,68.25,-110.0,-110.0,14.0
2012,12.0,Tulane,East Carolina,65.0,-110.0,-110.0,15.0
2012,12.0,UNLV,Wyoming,53.0,-110.0,-110.0,15.0
2012,12.0,Utah,Arizona,63.0,-110.0,-110.0,15.0
2012,12.0,Vanderbilt,Tennessee,61.5,-110.0,-110.0,15.0
2012,12.0,Virginia,North Carolina,62.0,-110.0,-110.0,15.0
2012,12.0,West Virginia,Oklahoma,73.0,-110.0,-110.0,15.0
2012,12.0,Western Michigan,Eastern Michigan,62.0,-110.0,-110.0,14.0
2012,12.0,Wisconsin,Ohio State,51.5,-110.0,-110.0,15.0
2012,13.0,Alabama,Auburn,46.0,-110.0,-110.0,15.0
2012,13.0,Arizona,Arizona State,71.5,-110.0,-110.0,15.0
2012,13.0,Bowling Green,Buffalo,42.5,-110.0,-110.0,15.0
2012,13.0,Cincinnati,South Florida,50.0,-110.0,-110.0,15.0
2012,13.0,Clemson,South Carolina,61.0,-110.0,-110.0,15.0
2012,13.0,Colorado,Utah,50.0,-110.0,-110.0,15.0
2012,13.0,Colorado State,New Mexico,54.0,-110.0,-110.0,15.0
2012,13.0,East Carolina,Marshall,71.0,-110.0,-110.0,15.0
2012,13.0,Eastern Michigan,Northern Illinois,60.5,-110.0,-110.0,15.0
2012,13.0,Florida State,Florida,41.0,-110.0,-110.0,15.0
2012,13.0,Fresno State,Air Force,61.0,-110.0,-110.0,15.0
2012,13.0,Georgia,Georgia Tech,64.0,-110.0,-110.0,15.0
2012,13.0,Houston,Tulane,67.5,-110.0,-110.0,15.0
2012,13.0,Iowa,Nebraska,49.0,-110.0,-110.0,15.0
2012,13.0,Iowa State,West Virginia,66.0,-110.0,-110.0,15.0
2012,13.0,Kent State,Ohio,59.5,-110.0,-110.0,15.0
2012,13.0,Louisville,Connecticut,46.0,-110.0,-110.0,15.0
2012,13.0,Middle Tennessee,Troy,69.5,-110.0,-110.0,14.0
2012,13.0,Minnesota,Michigan State,39.0,-110.0,-110.0,15.0
2012,13.0,North Carolina,Maryland,53.5,-110.0,-110.0,15.0
2012,13.0,Northwestern,Illinois,50.0,-110.0,-110.0,15.0
2012,13.0,Ohio State,Michigan,52.0,-110.0,-110.0,15.0
2012,13.0,Oklahoma,Oklahoma State,70.5,-110.0,-110.0,15.0
2012,13.0,Oregon State,Oregon,66.5,-110.0,-110.0,15.0
2012,13.0,Penn State,Wisconsin,44.5,-110.0,-110.0,15.0
2012,13.0,Pittsburgh,Rutgers,43.0,-110.0,-110.0,15.0
2012,13.0,Purdue,Indiana,63.0,-110.0,-110.0,15.0
2012,13.0,Temple,Syracuse,58.0,-110.0,-110.0,15.0
2012,13.0,Tennessee,Kentucky,61.0,-110.0,-110.0,15.0
2012,13.0,Texas A&M,Missouri,60.0,-110.0,-110.0,15.0
2012,13.0,Texas Tech,Baylor,80.5,-110.0,-110.0,15.0
2012,13.0,Toledo,Akron,62.5,-110.0,-110.0,15.0
2012,13.0,UCLA,Stanford,50.5,-110.0,-110.0,15.0
2012,13.0,Utah State,Idaho,57.0,-110.0,-110.0,15.0
2012,13.0,Virginia Tech,Virginia,48.0,-110.0,-110.0,15.0
2012,13.0,Wake Forest,Vanderbilt,47.0,-110.0,-110.0,15.0
2012,13.0,Washington State,Washington,51.0,-110.0,-110.0,15.0
2012,13.0,Western Kentucky,North Texas,51.0,-110.0,-110.0,14.0
2012,13.0,Wyoming,San Diego State,55.0,-110.0,-110.0,15.0
2012,14.0,Arkansas State,Middle Tennessee,64.0,-110.0,-110.0,15.0
2012,14.0,Baylor,Oklahoma State,88.0,-110.0,-110.0,15.0
2012,14.0,Connecticut,Cincinnati,41.0,-110.0,-110.0,15.0
2012,14.0,Georgia,Alabama,48.5,-110.0,-110.0,15.0
2012,14.0,Georgia Tech,Florida State,59.0,-110.0,-110.0,15.0
2012,14.0,Kansas State,Texas,59.0,-110.0,-110.0,15.0
2012,14.0,Kent State,Northern Illinois,60.0,-110.0,-110.0,15.0
2012,14.0,Nevada,Boise State,54.0,-110.0,-110.0,15.0
2012,14.0,Rutgers,Louisville,43.0,-110.0,-110.0,15.0
2012,14.0,South Florida,Pittsburgh,47.0,-110.0,-110.0,15.0
2012,14.0,Stanford,UCLA,47.0,-110.0,-110.0,15.0
2012,14.0,Texas State,New Mexico State,56.5,-110.0,-110.0,15.0
2012,14.0,West Virginia,Kansas,70.0,-110.0,-110.0,15.0
2012,14.0,Wisconsin,Nebraska,51.0,-110.0,-110.0,15.0
2012,15.0,Army,Navy,56.0,-110.0,-110.0,15.0
2013,1.0,Air Force,Colgate,66.5,-110.0,-115.0,5.0
2013,1.0,Arizona,Northern Arizona,63.0,-110.0,-110.0,4.0
2013,1.0,Arkansas State,Arkansas-Pine Bluff,50.5,-112.5,-112.5,4.0
2013,1.0,Army,Morgan State,54.0,-110.0,-110.0,4.0
2013,1.0,Auburn,Washington State,60.5,-110.0,-110.0,15.0
2013,1.0,Ball State,Illinois State,62.5,-110.0,-110.0,5.0
2013,1.0,Baylor,Wofford,65.75,-112.5,-112.5,4.0
2013,1.0,Boston College,Villanova,47.5,-110.0,-110.0,5.0
2013,1.0,Bowling Green,Tulsa,50.5,-110.0,-110.0,15.0
2013,1.0,California,Northwestern,61.5,-110.0,-110.0,15.0
2013,1.0,Cincinnati,Purdue,49.5,-110.0,-110.0,15.0
2013,1.0,Clemson,Georgia,71.0,-110.0,-110.0,15.0
2013,1.0,Colorado State,Colorado,50.0,-110.0,-110.0,15.0
2013,1.0,Connecticut,Towson,48.0,-115.0,-110.0,5.0
2013,1.0,East Carolina,Old Dominion,75.0,-112.5,-112.5,4.0
2013,1.0,Eastern Michigan,Howard,57.5,-110.0,-115.0,5.0
2013,1.0,Florida,Toledo,55.5,-110.0,-110.0,15.0
2013,1.0,Fresno State,Rutgers,54.5,-110.0,-110.0,15.0
2013,1.0,Georgia State,Samford,49.0,-110.0,-110.0,5.0
2013,1.0,Georgia Tech,Elon,58.5,-110.0,-110.0,5.0
2013,1.0,Illinois,Southern Illinois,40.5,-110.0,-110.0,5.0
2013,1.0,Indiana,Indiana State,54.5,-110.0,-115.0,5.0
2013,1.0,Iowa,Northern Illinois,53.0,-110.0,-110.0,15.0
2013,1.0,Iowa State,Northern Iowa,48.5,-112.5,-112.5,4.0
2013,1.0,Kansas State,North Dakota State,48.0,-110.0,-110.0,4.0
2013,1.0,Kent State,Liberty,54.5,-110.0,-110.0,5.0
2013,1.0,Louisville,Ohio,58.0,-110.0,-110.0,15.0
2013,1.0,Marshall,Miami (OH),67.0,-110.0,-110.0,15.0
2013,1.0,Maryland,Florida International,49.0,-110.0,-110.0,15.0
2013,1.0,Michigan,Central Michigan,52.5,-110.0,-110.0,15.0
2013,1.0,Michigan State,Western Michigan,44.5,-110.0,-110.0,15.0
2013,1.0,Middle Tennessee,Western Carolina,60.5,-110.0,-110.0,5.0
2013,1.0,Minnesota,UNLV,52.0,-110.0,-110.0,15.0
2013,1.0,Missouri,Murray State,69.5,-112.5,-112.5,4.0
2013,1.0,Nebraska,Wyoming,65.0,-110.0,-110.0,15.0
2013,1.0,North Texas,Idaho,55.0,-110.0,-110.0,15.0
2013,1.0,Notre Dame,Temple,53.0,-110.0,-110.0,15.0
2013,1.0,Ohio State,Buffalo,56.0,-110.0,-110.0,15.0
2013,1.0,Oklahoma State,Mississippi State,63.0,-110.0,-110.0,15.0
2013,1.0,Oregon State,Eastern Washington,57.5,-110.0,-115.0,5.0
2013,1.0,Pittsburgh,Florida State,47.0,-110.0,-110.0,14.0
2013,1.0,San Diego State,Eastern Illinois,66.0,-112.5,-112.5,4.0
2013,1.0,South Alabama,Southern Utah,55.0,-115.0,-110.0,5.0
2013,1.0,South Carolina,North Carolina,56.0,-110.0,-110.0,15.0
2013,1.0,TCU,LSU,47.5,-110.0,-110.0,15.0
2013,1.0,Tennessee,Austin Peay,67.25,-112.5,-112.5,4.0
2013,1.0,Texas,New Mexico State,53.5,-110.0,-110.0,14.0
2013,1.0,Texas A&M,Rice,70.0,-110.0,-110.0,14.0
2013,1.0,Tulane,Jackson State,58.5,-110.0,-110.0,5.0
2013,1.0,UCF,Akron,55.5,-110.0,-110.0,15.0
2013,1.0,UCLA,Nevada,67.0,-110.0,-110.0,15.0
2013,1.0,Utah,Utah State,52.0,-110.0,-110.0,15.0
2013,1.0,Vanderbilt,Ole Miss,52.0,-110.0,-110.0,15.0
2013,1.0,Virginia Tech,Alabama,45.0,-110.0,-110.0,15.0
2013,1.0,Washington,Boise State,54.0,-110.0,-110.0,15.0
2013,1.0,West Virginia,William & Mary,60.5,-110.0,-110.0,5.0
2013,1.0,Western Kentucky,Kentucky,55.5,-110.0,-110.0,15.0
2013,2.0,Air Force,Utah State,57.5,-110.0,-110.0,15.0
2013,2.0,Akron,James Madison,55.0,-110.0,-110.0,4.0
2013,2.0,Arizona State,Sacramento State,51.0,-110.0,-110.0,5.0
2013,2.0,Arkansas,Samford,48.5,-112.5,-110.0,4.0
2013,2.0,Auburn,Arkansas State,61.0,-110.0,-110.0,15.0
2013,2.0,Ball State,Army,59.5,-110.0,-110.0,15.0
2013,2.0,Baylor,Buffalo,67.5,-110.0,-110.0,15.0
2013,2.0,Boston College,Wake Forest,47.5,-110.0,-110.0,15.0
2013,2.0,California,Portland State,65.25,-110.0,-110.0,4.0
2013,2.0,Central Michigan,New Hampshire,62.0,-110.0,-110.0,4.0
2013,2.0,Colorado,Central Arkansas,64.25,-110.0,-110.0,4.0
2013,2.0,East Carolina,Florida Atlantic,57.0,-110.0,-110.0,15.0
2013,2.0,Florida International,UCF,53.0,-110.0,-110.0,15.0
2013,2.0,Fresno State,Cal Poly,75.75,-110.0,-110.0,4.0
2013,2.0,Georgia,South Carolina,55.5,-110.0,-110.0,15.0
2013,2.0,Georgia State,Chattanooga,50.25,-110.0,-110.0,4.0
2013,2.0,Illinois,Cincinnati,56.0,-110.0,-110.0,15.0
2013,2.0,Indiana,Navy,67.0,-110.0,-110.0,15.0
2013,2.0,Iowa,Missouri State,42.0,-110.0,-110.0,4.0
2013,2.0,Kansas,South Dakota,44.75,-110.0,-112.5,4.0
2013,2.0,Kent State,Bowling Green,43.0,-110.0,-110.0,15.0
2013,2.0,Kentucky,Miami (OH),54.5,-110.0,-110.0,15.0
2013,2.0,Louisiana Tech,Lamar,62.75,-110.0,-110.0,4.0
2013,2.0,Louisville,Eastern Kentucky,56.0,-110.0,-110.0,4.0
2013,2.0,Marshall,Gardner-Webb,71.0,-110.0,-110.0,4.0
2013,2.0,Maryland,Old Dominion,67.5,-110.0,-110.0,4.0
2013,2.0,Memphis,Duke,52.0,-110.0,-110.0,15.0
2013,2.0,Michigan,Notre Dame,48.0,-110.0,-110.0,15.0
2013,2.0,Michigan State,South Florida,42.0,-110.0,-110.0,15.0
2013,2.0,Mississippi State,Alcorn State,53.5,-110.0,-112.5,4.0
2013,2.0,Missouri,Toledo,65.5,-110.0,-110.0,15.0
2013,2.0,Nevada,UC Davis,60.25,-110.0,-110.0,4.0
2013,2.0,New Mexico State,Minnesota,52.0,-110.0,-110.0,15.0
2013,2.0,North Carolina,Middle Tennessee,66.5,-110.0,-110.0,15.0
2013,2.0,Northwestern,Syracuse,54.0,-110.0,-110.0,15.0
2013,2.0,Ohio,North Texas,58.5,-110.0,-110.0,15.0
2013,2.0,Ohio State,San Diego State,55.5,-110.0,-110.0,15.0
2013,2.0,Oklahoma,West Virginia,53.5,-110.0,-110.0,15.0
2013,2.0,Ole Miss,Southeast Missouri State,60.5,-110.0,-112.5,4.0
2013,2.0,Penn State,Eastern Michigan,49.0,-110.0,-110.0,15.0
2013,2.0,Purdue,Indiana State,61.0,-110.0,-110.0,4.0
2013,2.0,Rutgers,Norfolk State,45.5,-110.0,-110.0,4.0
2013,2.0,TCU,Southeastern Louisiana,54.5,-110.0,-112.5,4.0
2013,2.0,Temple,Houston,67.0,-110.0,-110.0,15.0
2013,2.0,Tennessee,Western Kentucky,59.0,-110.0,-110.0,15.0
2013,2.0,Texas A&M,Sam Houston State,75.75,-110.0,-110.0,4.0
2013,2.0,Texas Tech,Stephen F. Austin,74.0,-110.0,-110.0,4.0
2013,2.0,Troy,Savannah State,61.25,-110.0,-112.5,4.0
2013,2.0,Tulane,South Alabama,48.5,-110.0,-110.0,15.0
2013,2.0,Tulsa,Colorado State,55.5,-110.0,-110.0,15.0
2013,2.0,UNLV,Arizona,63.5,-110.0,-110.0,15.0
2013,2.0,USC,Washington State,53.5,-110.0,-110.0,15.0
2013,2.0,UTEP,New Mexico,50.0,-110.0,-110.0,15.0
2013,2.0,Utah,Weber State,48.5,-110.0,-112.5,4.0
2013,2.0,Vanderbilt,Austin Peay,55.0,-110.0,-112.5,4.0
2013,2.0,Virginia,Oregon,60.0,-110.0,-110.0,15.0
2013,2.0,Virginia Tech,Western Carolina,56.5,-110.0,-110.0,4.0
2013,2.0,Wisconsin,Tennessee Tech,59.0,-110.0,-110.0,4.0
2013,2.0,Wyoming,Idaho,63.5,-110.0,-110.0,15.0
2013,3.0,Arizona State,Wisconsin,55.0,-110.0,-110.0,15.0
2013,3.0,Arkansas State,Troy,68.0,-110.0,-110.0,15.0
2013,3.0,Army,Stanford,49.0,-110.0,-110.0,15.0
2013,3.0,Auburn,Mississippi State,50.5,-110.0,-110.0,15.0
2013,3.0,Boise State,Air Force,58.0,-110.0,-110.0,15.0
2013,3.0,Buffalo,Stony Brook,46.0,-112.5,-112.5,4.0
2013,3.0,California,Ohio State,63.0,-110.0,-110.0,15.0
2013,3.0,Cincinnati,Northwestern State,55.5,-115.0,-115.0,3.0
2013,3.0,Connecticut,Maryland,47.0,-110.0,-110.0,15.0
2013,3.0,Duke,Georgia Tech,55.0,-110.0,-110.0,15.0
2013,3.0,East Carolina,Virginia Tech,46.0,-110.0,-110.0,15.0
2013,3.0,Florida International,Bethune-Cookman,46.5,-115.0,-115.0,3.0
2013,3.0,Florida State,Nevada,61.5,-110.0,-110.0,15.0
2013,3.0,Idaho,Northern Illinois,63.0,-110.0,-110.0,15.0
2013,3.0,Illinois,Washington,61.5,-110.0,-110.0,15.0
2013,3.0,Indiana,Bowling Green,61.0,-110.0,-110.0,15.0
2013,3.0,Iowa State,Iowa,46.0,-110.0,-110.0,15.0
2013,3.0,Kentucky,Louisville,58.5,-110.0,-110.0,15.0
2013,3.0,LSU,Kent State,54.5,-110.0,-110.0,15.0
2013,3.0,Louisiana Tech,Tulane,59.0,-110.0,-110.0,15.0
2013,3.0,Michigan,Akron,59.0,-110.0,-110.0,15.0
2013,3.0,Michigan State,Youngstown State,40.0,-115.0,-115.0,3.0
2013,3.0,Middle Tennessee,Memphis,50.5,-110.0,-110.0,15.0
2013,3.0,Minnesota,Western Illinois,47.0,-115.0,-115.0,3.0
2013,3.0,Navy,Delaware,61.5,-115.0,-115.0,3.0
2013,3.0,Nebraska,UCLA,70.5,-110.0,-110.0,15.0
2013,3.0,New Mexico State,UTEP,57.0,-110.0,-110.0,14.0
2013,3.0,North Texas,Ball State,58.5,-110.0,-110.0,14.0
2013,3.0,Northwestern,Western Michigan,58.0,-110.0,-110.0,15.0
2013,3.0,Ohio,Marshall,67.5,-110.0,-110.0,15.0
2013,3.0,Oklahoma,Tulsa,51.0,-110.0,-110.0,15.0
2013,3.0,Oklahoma State,Lamar,64.0,-115.0,-115.0,3.0
2013,3.0,Oregon,Tennessee,69.0,-110.0,-110.0,15.0
2013,3.0,Penn State,UCF,50.0,-110.0,-110.0,15.0
2013,3.0,Pittsburgh,New Mexico,46.5,-110.0,-110.0,15.0
2013,3.0,Purdue,Notre Dame,47.0,-110.0,-110.0,15.0
2013,3.0,Rice,Kansas,59.5,-110.0,-110.0,15.0
2013,3.0,Rutgers,Eastern Michigan,54.0,-110.0,-110.0,15.0
2013,3.0,South Alabama,Western Kentucky,56.0,-110.0,-110.0,15.0
2013,3.0,South Carolina,Vanderbilt,48.5,-110.0,-110.0,15.0
2013,3.0,South Florida,Florida Atlantic,45.0,-110.0,-110.0,15.0
2013,3.0,Syracuse,Wagner,49.5,-115.0,-115.0,3.0
2013,3.0,Temple,Fordham,53.5,-115.0,-115.0,3.0
2013,3.0,Texas,Ole Miss,63.5,-110.0,-110.0,15.0
2013,3.0,Texas A&M,Alabama,63.0,-110.0,-110.0,15.0
2013,3.0,Texas Tech,TCU,59.5,-110.0,-110.0,15.0
2013,3.0,Toledo,Eastern Washington,74.0,-115.0,-115.0,3.0
2013,3.0,UNLV,Central Michigan,51.5,-110.0,-110.0,15.0
2013,3.0,USC,Boston College,41.5,-110.0,-110.0,15.0
2013,3.0,Utah,Oregon State,54.0,-110.0,-110.0,15.0
2013,3.0,Utah State,Weber State,64.5,-115.0,-115.0,3.0
2013,3.0,Washington State,Southern Utah,47.5,-115.0,-115.0,3.0
2013,3.0,West Virginia,Georgia State,55.5,-110.0,-110.0,15.0
2013,3.0,Wyoming,Northern Colorado,59.5,-115.0,-115.0,3.0
2013,4.0,Air Force,Wyoming,65.5,-110.0,-110.0,15.0
2013,4.0,Alabama,Colorado State,55.0,-110.0,-110.0,15.0
2013,4.0,Army,Wake Forest,48.5,-110.0,-110.0,15.0
2013,4.0,Bowling Green,Murray State,71.0,-112.5,-112.5,4.0
2013,4.0,Central Michigan,Toledo,57.5,-110.0,-110.0,15.0
2013,4.0,Connecticut,Michigan,51.0,-110.0,-110.0,15.0
2013,4.0,Duke,Pittsburgh,51.5,-110.0,-110.0,15.0
2013,4.0,Eastern Michigan,Ball State,59.5,-110.0,-110.0,15.0
2013,4.0,Florida,Tennessee,47.5,-110.0,-110.0,15.0
2013,4.0,Florida Atlantic,Middle Tennessee,49.5,-110.0,-110.0,15.0
2013,4.0,Florida State,Bethune-Cookman,54.5,-112.5,-112.5,4.0
2013,4.0,Fresno State,Boise State,69.5,-110.0,-110.0,15.0
2013,4.0,Georgia,North Texas,64.0,-110.0,-110.0,15.0
2013,4.0,Georgia State,Jacksonville State,53.5,-112.5,-112.5,4.0
2013,4.0,Georgia Tech,North Carolina,59.5,-110.0,-110.0,15.0
2013,4.0,Indiana,Missouri,70.5,-110.0,-110.0,15.0
2013,4.0,Iowa,Western Michigan,47.0,-110.0,-110.0,15.0
2013,4.0,Kansas,Louisiana Tech,51.0,-110.0,-110.0,15.0
2013,4.0,LSU,Auburn,54.0,-110.0,-110.0,15.0
2013,4.0,Louisville,Florida International,55.5,-110.0,-110.0,15.0
2013,4.0,Maryland,West Virginia,54.0,-110.0,-110.0,15.0
2013,4.0,Memphis,Arkansas State,52.5,-110.0,-110.0,15.0
2013,4.0,Miami (OH),Cincinnati,55.0,-110.0,-110.0,15.0
2013,4.0,Mississippi State,Troy,58.5,-110.0,-110.0,15.0
2013,4.0,Nebraska,South Dakota State,61.0,-115.0,-112.5,4.0
2013,4.0,Northern Illinois,Eastern Illinois,77.0,-112.5,-112.5,4.0
2013,4.0,Northwestern,Maine,58.0,-112.5,-112.5,4.0
2013,4.0,Notre Dame,Michigan State,42.5,-110.0,-110.0,15.0
2013,4.0,Ohio,Austin Peay,49.0,-115.0,-112.5,4.0
2013,4.0,Ohio State,Florida A&M,57.5,-115.0,-115.0,3.0
2013,4.0,Penn State,Kent State,54.0,-110.0,-110.0,15.0
2013,4.0,Rice,Houston,63.0,-110.0,-110.0,15.0
2013,4.0,Rutgers,Arkansas,42.5,-110.0,-110.0,15.0
2013,4.0,San Diego State,Oregon State,54.5,-110.0,-110.0,15.0
2013,4.0,Stanford,Arizona State,52.0,-110.0,-110.0,15.0
2013,4.0,Syracuse,Tulane,52.5,-110.0,-110.0,15.0
2013,4.0,Texas,Kansas State,61.0,-110.0,-110.0,15.0
2013,4.0,Texas Tech,Texas State,56.5,-110.0,-110.0,15.0
2013,4.0,UCLA,New Mexico State,66.5,-110.0,-110.0,15.0
2013,4.0,UNLV,Western Illinois,49.0,-112.5,-112.5,4.0
2013,4.0,USC,Utah State,50.0,-110.0,-110.0,15.0
2013,4.0,Virginia Tech,Marshall,48.5,-110.0,-110.0,15.0
2013,4.0,Washington,Idaho State,52.75,-112.5,-112.5,4.0
2013,4.0,Washington State,Idaho,57.0,-110.0,-110.0,15.0
2013,4.0,Western Kentucky,Morgan State,53.0,-112.5,-112.5,4.0
2013,4.0,Wisconsin,Purdue,48.5,-110.0,-110.0,15.0
2013,5.0,Alabama,Ole Miss,54.5,-110.0,-110.0,15.0
2013,5.0,Arizona State,USC,48.5,-110.0,-110.0,15.0
2013,5.0,Arkansas,Texas A&M,65.5,-110.0,-110.0,15.0
2013,5.0,Ball State,Toledo,67.0,-110.0,-110.0,15.0
2013,5.0,Boston College,Florida State,53.5,-110.0,-110.0,15.0
2013,5.0,Bowling Green,Akron,54.0,-110.0,-110.0,15.0
2013,5.0,Buffalo,Connecticut,48.0,-110.0,-110.0,15.0
2013,5.0,Clemson,Wake Forest,58.0,-110.0,-110.0,15.0
2013,5.0,Colorado State,UTEP,52.0,-110.0,-110.0,15.0
2013,5.0,Duke,Troy,67.0,-110.0,-110.0,15.0
2013,5.0,Georgia,LSU,63.0,-110.0,-110.0,15.0
2013,5.0,Georgia Tech,Virginia Tech,43.0,-110.0,-110.0,15.0
2013,5.0,Idaho,Temple,57.0,-110.0,-110.0,15.0
2013,5.0,Illinois,Miami (OH),48.5,-110.0,-110.0,15.0
2013,5.0,Kentucky,Florida,46.5,-110.0,-110.0,15.0
2013,5.0,Louisiana Tech,Army,53.0,-110.0,-110.0,15.0
2013,5.0,Minnesota,Iowa,44.0,-110.0,-110.0,15.0
2013,5.0,Missouri,Arkansas State,62.5,-110.0,-110.0,15.0
2013,5.0,Nevada,Air Force,58.5,-110.0,-110.0,15.0
2013,5.0,New Mexico,UNLV,53.5,-110.0,-110.0,15.0
2013,5.0,New Mexico State,San Diego State,54.5,-110.0,-110.0,15.0
2013,5.0,North Carolina,East Carolina,60.5,-110.0,-110.0,15.0
2013,5.0,Notre Dame,Oklahoma,50.5,-110.0,-110.0,15.0
2013,5.0,Ohio State,Wisconsin,56.0,-110.0,-110.0,15.0
2013,5.0,Oregon,California,81.5,-110.0,-110.0,15.0
2013,5.0,Oregon State,Colorado,55.0,-110.0,-110.0,15.0
2013,5.0,Pittsburgh,Virginia,50.0,-110.0,-110.0,15.0
2013,5.0,Purdue,Northern Illinois,59.0,-110.0,-110.0,15.0
2013,5.0,Rice,Florida Atlantic,53.5,-110.0,-110.0,15.0
2013,5.0,Tennessee,South Alabama,55.0,-110.0,-110.0,15.0
2013,5.0,Texas State,Wyoming,58.0,-110.0,-110.0,15.0
2013,5.0,Tulsa,Iowa State,53.0,-110.0,-110.0,15.0
2013,5.0,UCF,South Carolina,53.5,-110.0,-110.0,15.0
2013,5.0,Washington,Arizona,60.0,-110.0,-110.0,15.0
2013,5.0,Washington State,Stanford,47.0,-110.0,-110.0,15.0
2013,5.0,West Virginia,Oklahoma State,59.5,-110.0,-110.0,15.0
2013,5.0,Western Kentucky,Navy,59.5,-110.0,-110.0,15.0
2013,5.0,Western Michigan,Kent State,51.0,-110.0,-110.0,15.0
2013,6.0,Akron,Ohio,56.5,-110.0,-110.0,15.0
2013,6.0,Alabama,Georgia State,59.0,-110.0,-110.0,15.0
2013,6.0,Auburn,Ole Miss,58.0,-110.0,-110.0,15.0
2013,6.0,Baylor,West Virginia,69.0,-110.0,-110.0,15.0
2013,6.0,Boston College,Army,50.5,-110.0,-110.0,15.0
2013,6.0,Buffalo,Eastern Michigan,52.5,-110.0,-110.0,15.0
2013,6.0,California,Washington State,66.0,-110.0,-110.0,15.0
2013,6.0,Colorado,Oregon,69.5,-110.0,-110.0,15.0
2013,6.0,Florida,Arkansas,40.5,-110.0,-110.0,15.0
2013,6.0,Florida State,Maryland,57.5,-110.0,-110.0,15.0
2013,6.0,Idaho,Fresno State,68.0,-110.0,-110.0,15.0
2013,6.0,Indiana,Penn State,66.0,-110.0,-110.0,15.0
2013,6.0,Iowa,Michigan State,37.0,-112.0,-105.0,15.0
2013,6.0,Iowa State,Texas,54.5,-110.0,-110.0,15.0
2013,6.0,Kansas,Texas Tech,56.0,-110.0,-110.0,15.0
2013,6.0,Kent State,Northern Illinois,64.0,-110.0,-110.0,15.0
2013,6.0,Memphis,UCF,48.0,-110.0,-110.0,15.0
2013,6.0,Miami (OH),Central Michigan,48.0,-110.0,-110.0,15.0
2013,6.0,Michigan,Minnesota,50.0,-110.0,-110.0,15.0
2013,6.0,Middle Tennessee,East Carolina,62.5,-110.0,-110.0,15.0
2013,6.0,Mississippi State,LSU,55.0,-110.0,-110.0,15.0
2013,6.0,Navy,Air Force,56.0,-110.0,-110.0,15.0
2013,6.0,Nebraska,Illinois,62.5,-110.0,-110.0,15.0
2013,6.0,New Mexico,New Mexico State,60.0,-110.0,-110.0,15.0
2013,6.0,Northwestern,Ohio State,61.0,-110.0,-110.0,15.0
2013,6.0,Notre Dame,Arizona State,63.5,-110.0,-110.0,15.0
2013,6.0,Oklahoma,TCU,47.0,-110.0,-110.0,15.0
2013,6.0,Oklahoma State,Kansas State,61.5,-110.0,-110.0,15.0
2013,6.0,San Diego State,Nevada,60.5,-110.0,-110.0,15.0
2013,6.0,South Carolina,Kentucky,54.0,-110.0,-110.0,15.0
2013,6.0,South Florida,Cincinnati,47.0,-110.0,-110.0,15.0
2013,6.0,Stanford,Washington,52.5,-110.0,-110.0,15.0
2013,6.0,Syracuse,Clemson,65.5,-110.0,-110.0,15.0
2013,6.0,Temple,Louisville,58.5,-110.0,-110.0,15.0
2013,6.0,Tennessee,Georgia,65.0,-110.0,-110.0,15.0
2013,6.0,Toledo,Western Michigan,58.5,-110.0,-110.0,15.0
2013,6.0,Troy,South Alabama,62.5,-110.0,-110.0,15.0
2013,6.0,Tulane,North Texas,53.5,-110.0,-110.0,15.0
2013,6.0,Tulsa,Rice,54.5,-110.0,-110.0,15.0
2013,6.0,UTEP,Louisiana Tech,60.0,-110.0,-110.0,15.0
2013,6.0,Utah,UCLA,65.0,-110.0,-110.0,15.0
2013,6.0,Vanderbilt,Missouri,56.0,-110.0,-110.0,15.0
2013,6.0,Virginia,Ball State,49.0,-110.0,-110.0,15.0
2013,6.0,Virginia Tech,North Carolina,45.5,-110.0,-110.0,15.0
2013,7.0,Air Force,San Diego State,53.5,-110.0,-110.0,15.0
2013,7.0,Arizona State,Colorado,68.0,-110.0,-110.0,15.0
2013,7.0,Arkansas,South Carolina,49.5,-110.0,-110.0,15.0
2013,7.0,Arkansas State,Idaho,62.5,-110.0,-110.0,15.0
2013,7.0,Army,Eastern Michigan,58.0,-110.0,-110.0,15.0
2013,7.0,Auburn,Western Carolina,56.25,-115.0,-115.0,2.0
2013,7.0,Ball State,Kent State,63.5,-110.0,-110.0,15.0
2013,7.0,Cincinnati,Temple,54.5,-110.0,-110.0,15.0
2013,7.0,Clemson,Boston College,64.0,-110.0,-110.0,15.0
2013,7.0,Connecticut,South Florida,40.5,-110.0,-110.0,15.0
2013,7.0,Duke,Navy,57.0,-110.0,-110.0,15.0
2013,7.0,Florida Atlantic,Marshall,56.0,-110.0,-110.0,15.0
2013,7.0,Georgia,Missouri,66.0,-110.0,-110.0,15.0
2013,7.0,Georgia State,Troy,62.0,-110.0,-110.0,15.0
2013,7.0,Houston,Memphis,53.5,-110.0,-110.0,15.0
2013,7.0,Kansas State,Baylor,73.0,-110.0,-110.0,15.0
2013,7.0,Kentucky,Alabama,51.5,-110.0,-110.0,15.0
2013,7.0,LSU,Florida,48.5,-110.0,-110.0,15.0
2013,7.0,Louisville,Rutgers,55.5,-110.0,-110.0,15.0
2013,7.0,Maryland,Virginia,41.0,-110.0,-108.0,15.0
2013,7.0,Michigan State,Indiana,53.5,-110.0,-110.0,15.0
2013,7.0,Mississippi State,Bowling Green,52.0,-110.0,-110.0,15.0
2013,7.0,North Texas,Middle Tennessee,54.0,-110.0,-110.0,15.0
2013,7.0,Northern Illinois,Akron,63.5,-110.0,-110.0,15.0
2013,7.0,Ohio,Central Michigan,51.5,-110.0,-110.0,15.0
2013,7.0,Ole Miss,Texas A&M,78.0,-110.0,-110.0,15.0
2013,7.0,Penn State,Michigan,51.5,-110.0,-110.0,15.0
2013,7.0,Purdue,Nebraska,57.0,-110.0,-110.0,15.0
2013,7.0,TCU,Kansas,45.0,-110.0,-110.0,15.0
2013,7.0,Texas,Oklahoma,57.5,-110.0,-110.0,15.0
2013,7.0,Texas Tech,Iowa State,58.0,-110.0,-110.0,15.0
2013,7.0,Tulane,East Carolina,53.0,-110.0,-110.0,15.0
2013,7.0,UCLA,California,73.5,-110.0,-110.0,15.0
2013,7.0,USC,Arizona,48.5,-110.0,-110.0,15.0
2013,7.0,UTEP,Tulsa,65.5,-110.0,-110.0,15.0
2013,7.0,Utah,Stanford,53.0,-110.0,-110.0,15.0
2013,7.0,Utah State,Boise State,50.5,-110.0,-110.0,15.0
2013,7.0,Virginia Tech,Pittsburgh,43.0,-110.0,-110.0,15.0
2013,7.0,Washington,Oregon,76.0,-110.0,-110.0,15.0
2013,7.0,Washington State,Oregon State,62.5,-110.0,-110.0,15.0
2013,7.0,Western Michigan,Buffalo,50.0,-110.0,-110.0,15.0
2013,7.0,Wisconsin,Northwestern,58.0,-110.0,-110.0,15.0
2013,7.0,Wyoming,New Mexico,70.0,-110.0,-110.0,15.0
2013,8.0,Alabama,Arkansas,48.5,-110.0,-110.0,15.0
2013,8.0,Arizona,Utah,61.5,-110.0,-110.0,15.0
2013,8.0,Arizona State,Washington,67.5,-110.0,-110.0,15.0
2013,8.0,Baylor,Iowa State,77.0,-110.0,-110.0,15.0
2013,8.0,Boise State,Nevada,68.0,-110.0,-110.0,15.0
2013,8.0,California,Oregon State,71.5,-110.0,-110.0,15.0
2013,8.0,Central Michigan,Northern Illinois,59.0,-110.0,-110.0,15.0
2013,8.0,Cincinnati,Connecticut,45.5,-110.0,-110.0,15.0
2013,8.0,Clemson,Florida State,64.0,-110.0,-110.0,15.0
2013,8.0,Colorado,Charleston Southern,51.0,-110.0,-110.0,5.0
2013,8.0,Eastern Michigan,Ohio,55.0,-110.0,-110.0,15.0
2013,8.0,Fresno State,UNLV,75.0,-110.0,-110.0,15.0
2013,8.0,Georgia Tech,Syracuse,54.0,-110.0,-110.0,15.0
2013,8.0,Illinois,Wisconsin,56.0,-110.0,-110.0,15.0
2013,8.0,Kansas,Oklahoma,49.5,-110.0,-110.0,15.0
2013,8.0,Louisiana Tech,North Texas,52.0,-110.0,-110.0,15.0
2013,8.0,Louisville,UCF,55.5,-110.0,-110.0,15.0
2013,8.0,Miami (OH),Akron,45.0,-110.0,-110.0,15.0
2013,8.0,Michigan,Indiana,67.0,-110.0,-110.0,15.0
2013,8.0,Michigan State,Purdue,44.5,-110.0,-110.0,15.0
2013,8.0,Missouri,Florida,44.0,-110.0,-110.0,15.0
2013,8.0,New Mexico,Utah State,51.0,-110.0,-110.0,15.0
2013,8.0,New Mexico State,Rice,57.0,-110.0,-110.0,15.0
2013,8.0,Northwestern,Minnesota,52.0,-110.0,-110.0,15.0
2013,8.0,Notre Dame,USC,51.0,-110.0,-110.0,15.0
2013,8.0,Ohio State,Iowa,54.5,-110.0,-110.0,15.0
2013,8.0,Oklahoma State,TCU,52.0,-110.0,-110.0,15.0
2013,8.0,Ole Miss,LSU,60.0,-110.0,-110.0,15.0
2013,8.0,Oregon,Washington State,71.5,-110.0,-110.0,15.0
2013,8.0,Pittsburgh,Old Dominion,72.5,-110.0,-110.0,6.0
2013,8.0,South Alabama,Kent State,55.0,-110.0,-110.0,15.0
2013,8.0,Stanford,UCLA,47.5,-110.0,-110.0,15.0
2013,8.0,Temple,Army,60.0,-110.0,-110.0,15.0
2013,8.0,Tennessee,South Carolina,55.0,-110.0,-110.0,15.0
2013,8.0,Texas A&M,Auburn,72.0,-110.0,-110.0,15.0
2013,8.0,Texas State,Georgia State,50.0,-110.0,-110.0,15.0
2013,8.0,Toledo,Navy,55.0,-110.0,-110.0,15.0
2013,8.0,Vanderbilt,Georgia,63.5,-110.0,-110.0,15.0
2013,8.0,Virginia,Duke,53.0,-110.0,-110.0,15.0
2013,8.0,Wake Forest,Maryland,52.5,-110.0,-110.0,15.0
2013,8.0,West Virginia,Texas Tech,58.0,-110.0,-110.0,15.0
2013,8.0,Western Michigan,Ball State,58.5,-110.0,-110.0,15.0
2013,8.0,Wyoming,Colorado State,67.0,-110.0,-110.0,15.0
2013,9.0,Air Force,Notre Dame,56.0,-110.0,-110.0,15.0
2013,9.0,Akron,Ball State,56.5,-110.0,-110.0,15.0
2013,9.0,Alabama,Tennessee,50.0,-110.0,-110.0,15.0
2013,9.0,Auburn,Florida Atlantic,52.0,-110.0,-110.0,15.0
2013,9.0,Bowling Green,Toledo,53.5,-110.0,-110.0,15.0
2013,9.0,Colorado,Arizona,59.0,-110.0,-110.0,15.0
2013,9.0,Florida International,Louisiana Tech,50.0,-110.0,-110.0,15.0
2013,9.0,Illinois,Michigan State,48.0,-110.0,-110.0,15.0
2013,9.0,Iowa,Northwestern,53.0,-110.0,-110.0,15.0
2013,9.0,Iowa State,Oklahoma State,56.5,-110.0,-110.0,15.0
2013,9.0,Kansas,Baylor,65.5,-110.0,-110.0,15.0
2013,9.0,Kansas State,West Virginia,52.0,-110.0,-110.0,15.0
2013,9.0,Kent State,Buffalo,49.0,-110.0,-110.0,15.0
2013,9.0,LSU,Furman,56.5,-117.5,-117.5,2.0
2013,9.0,Maryland,Clemson,58.5,-110.0,-110.0,15.0
2013,9.0,Middle Tennessee,Marshall,56.5,-110.0,-110.0,15.0
2013,9.0,Minnesota,Nebraska,52.5,-110.0,-110.0,15.0
2013,9.0,Mississippi State,Kentucky,54.0,-110.0,-110.0,15.0
2013,9.0,Missouri,South Carolina,54.0,-110.0,-110.0,15.0
2013,9.0,Navy,Pittsburgh,51.0,-110.0,-110.0,15.0
2013,9.0,Nevada,UNLV,68.0,-110.0,-110.0,15.0
2013,9.0,North Carolina,Boston College,59.0,-110.0,-110.0,15.0
2013,9.0,Northern Illinois,Eastern Michigan,67.5,-110.0,-110.0,15.0
2013,9.0,Ohio,Miami (OH),50.5,-110.0,-110.0,15.0
2013,9.0,Ohio State,Penn State,57.0,-110.0,-110.0,15.0
2013,9.0,Oklahoma,Texas Tech,59.0,-110.0,-110.0,15.0
2013,9.0,Ole Miss,Idaho,58.5,-110.0,-110.0,15.0
2013,9.0,Oregon,UCLA,74.5,-110.0,-110.0,15.0
2013,9.0,Oregon State,Stanford,56.5,-110.0,-110.0,15.0
2013,9.0,Rice,UTEP,59.0,-110.0,-110.0,15.0
2013,9.0,Rutgers,Houston,59.5,-110.0,-110.0,15.0
2013,9.0,San Diego State,Fresno State,66.0,-110.0,-110.0,15.0
2013,9.0,South Florida,Louisville,45.5,-110.0,-110.0,15.0
2013,9.0,TCU,Texas,49.0,-110.0,-110.0,15.0
2013,9.0,Texas A&M,Vanderbilt,70.0,-110.0,-110.0,15.0
2013,9.0,Texas State,South Alabama,50.0,-110.0,-110.0,15.0
2013,9.0,Tulane,Tulsa,49.5,-110.0,-110.0,15.0
2013,9.0,UCF,Connecticut,52.5,-110.0,-110.0,15.0
2013,9.0,USC,Utah,51.0,-110.0,-110.0,15.0
2013,9.0,Virginia,Georgia Tech,49.5,-110.0,-110.0,15.0
2013,9.0,Virginia Tech,Duke,47.0,-110.0,-110.0,15.0
2013,9.0,Washington,California,66.5,-110.0,-110.0,15.0
2013,9.0,Western Kentucky,Troy,62.5,-110.0,-110.0,15.0
2013,10.0,Air Force,Army,54.0,-110.0,-110.0,15.0
2013,10.0,Akron,Kent State,52.5,-110.0,-110.0,15.0
2013,10.0,Arkansas,Auburn,54.5,-110.0,-110.0,15.0
2013,10.0,Boston College,Virginia Tech,40.0,-110.0,-110.0,15.0
2013,10.0,California,Arizona,67.5,-110.0,-110.0,15.0
2013,10.0,Colorado State,Boise State,59.5,-110.0,-110.0,15.0
2013,10.0,Florida,Georgia,47.0,-110.0,-110.0,15.0
2013,10.0,Florida Atlantic,Tulane,47.5,-110.0,-110.0,15.0
2013,10.0,Florida International,East Carolina,50.5,-110.0,-110.0,15.0
2013,10.0,Fresno State,Nevada,74.5,-110.0,-110.0,15.0
2013,10.0,Georgia State,Western Kentucky,56.0,-110.0,-110.0,15.0
2013,10.0,Georgia Tech,Pittsburgh,53.0,-110.0,-110.0,15.0
2013,10.0,Houston,South Florida,53.0,-110.0,-110.0,15.0
2013,10.0,Idaho,Texas State,49.5,-110.0,-110.0,15.0
2013,10.0,Indiana,Minnesota,67.5,-110.0,-110.0,15.0
2013,10.0,Iowa,Wisconsin,48.5,-110.0,-110.0,15.0
2013,10.0,Kansas State,Iowa State,53.0,-110.0,-110.0,15.0
2013,10.0,Kentucky,Alabama State,63.0,-110.0,-110.0,4.0
2013,10.0,Memphis,Cincinnati,64.0,-110.0,-110.0,15.0
2013,10.0,Michigan State,Michigan,44.5,-110.0,-110.0,15.0
2013,10.0,Missouri,Tennessee,55.0,-110.0,-110.0,15.0
2013,10.0,Nebraska,Northwestern,58.5,-110.0,-110.0,15.0
2013,10.0,North Texas,Rice,53.0,-110.0,-110.0,15.0
2013,10.0,Notre Dame,Navy,49.0,-110.0,-110.0,15.0
2013,10.0,Oregon State,USC,51.5,-110.0,-110.0,15.0
2013,10.0,Penn State,Illinois,57.5,-110.0,-110.0,15.0
2013,10.0,Purdue,Ohio State,58.5,-110.0,-110.0,15.0
2013,10.0,Rutgers,Temple,57.5,-110.0,-110.0,15.0
2013,10.0,San Diego State,New Mexico,57.0,-110.0,-110.0,15.0
2013,10.0,South Alabama,Arkansas State,64.0,-110.0,-110.0,15.0
2013,10.0,South Carolina,Mississippi State,52.5,-110.0,-110.0,15.0
2013,10.0,Syracuse,Wake Forest,52.0,-110.0,-110.0,15.0
2013,10.0,TCU,West Virginia,45.5,-110.0,-110.0,15.0
2013,10.0,Texas,Kansas,52.0,-110.0,-110.0,15.0
2013,10.0,Texas A&M,UTEP,78.0,-110.0,-110.0,15.0
2013,10.0,Texas Tech,Oklahoma State,69.5,-110.0,-110.0,15.0
2013,10.0,Toledo,Eastern Michigan,66.5,-110.0,-110.0,15.0
2013,10.0,UCLA,Colorado,59.5,-110.0,-110.0,15.0
2013,10.0,Virginia,Clemson,56.0,-110.0,-110.0,15.0
2013,10.0,Washington State,Arizona State,69.5,-110.0,-110.0,15.0
2013,11.0,Alabama,LSU,54.5,-110.0,-110.0,15.0
2013,11.0,Arizona,UCLA,60.0,-110.0,-110.0,15.0
2013,11.0,Army,Western Kentucky,57.0,-110.0,-110.0,15.0
2013,11.0,Ball State,Central Michigan,58.5,-110.0,-110.0,15.0
2013,11.0,Baylor,Oklahoma,75.0,-110.0,-110.0,15.0
2013,11.0,Buffalo,Ohio,54.0,-110.0,-110.0,15.0
2013,11.0,California,USC,57.0,-110.0,-110.0,14.0
2013,11.0,Colorado State,Nevada,66.0,-110.0,-110.0,14.0
2013,11.0,Connecticut,Louisville,50.5,-110.0,-110.0,15.0
2013,11.0,East Carolina,Tulsa,54.0,-110.0,-110.0,15.0
2013,11.0,Eastern Michigan,Western Michigan,59.0,-110.0,-110.0,15.0
2013,11.0,Florida,Vanderbilt,41.0,-110.0,-110.0,14.0
2013,11.0,Georgia,Appalachian State,62.5,-110.0,-110.0,2.0
2013,11.0,Idaho,Old Dominion,71.0,-110.0,-110.0,2.0
2013,11.0,Indiana,Illinois,80.0,-110.0,-110.0,15.0
2013,11.0,Iowa State,TCU,43.5,-110.0,-110.0,15.0
2013,11.0,Kentucky,Missouri,55.0,-110.0,-110.0,15.0
2013,11.0,Maryland,Syracuse,54.0,-110.0,-110.0,15.0
2013,11.0,Miami (OH),Bowling Green,47.5,-110.0,-110.0,14.0
2013,11.0,Michigan,Nebraska,55.5,-110.0,-110.0,15.0
2013,11.0,Middle Tennessee,Florida International,48.75,-110.0,-110.0,12.0
2013,11.0,Minnesota,Penn State,47.5,-110.0,-110.0,15.0
2013,11.0,New Mexico,Air Force,61.5,-110.0,-110.0,15.0
2013,11.0,New Mexico State,Boston College,62.0,-110.0,-110.0,15.0
2013,11.0,North Carolina,Virginia,52.5,-110.0,-110.0,14.0
2013,11.0,North Texas,UTEP,54.5,-110.0,-110.0,15.0
2013,11.0,Oklahoma State,Kansas,56.5,-110.0,-110.0,15.0
2013,11.0,Ole Miss,Arkansas,55.0,-110.0,-110.0,14.0
2013,11.0,Pittsburgh,Notre Dame,51.0,-110.0,-110.0,14.0
2013,11.0,Purdue,Iowa,44.5,-110.0,-110.0,15.0
2013,11.0,Stanford,Oregon,61.0,-110.0,-110.0,15.0
2013,11.0,Tennessee,Auburn,56.5,-110.0,-110.0,15.0
2013,11.0,Texas A&M,Mississippi State,70.0,-110.0,-110.0,15.0
2013,11.0,Texas Tech,Kansas State,62.5,-110.0,-110.0,15.0
2013,11.0,UCF,Houston,67.5,-110.0,-110.0,15.0
2013,11.0,UNLV,Utah State,56.0,-110.0,-110.0,14.0
2013,11.0,Utah,Arizona State,63.5,-110.0,-110.0,14.0
2013,11.0,Wake Forest,Florida State,56.0,-110.0,-110.0,15.0
2013,11.0,Washington,Colorado,63.5,-110.0,-110.0,15.0
2013,11.0,West Virginia,Texas,55.0,-110.0,-110.0,14.0
2013,11.0,Wyoming,Fresno State,80.5,-110.0,-110.0,15.0
2013,12.0,Arizona,Washington State,63.0,-110.0,-110.0,15.0
2013,12.0,Arizona State,Oregon State,65.5,-110.0,-110.0,15.0
2013,12.0,Arkansas State,Texas State,51.5,-110.0,-110.0,11.0
2013,12.0,Auburn,Georgia,65.5,-110.0,-110.0,14.0
2013,12.0,Baylor,Texas Tech,84.5,-110.0,-110.0,15.0
2013,12.0,Boise State,Wyoming,70.5,-110.0,-110.0,14.0
2013,12.0,Bowling Green,Ohio,52.0,-110.0,-110.0,15.0
2013,12.0,Clemson,Georgia Tech,61.5,-110.0,-110.0,15.0
2013,12.0,Colorado,California,66.5,-110.0,-110.0,12.0
2013,12.0,Florida State,Syracuse,58.5,-110.0,-110.0,14.0
2013,12.0,Illinois,Ohio State,67.5,-110.0,-110.0,15.0
2013,12.0,Kansas,West Virginia,44.0,-110.0,-110.0,15.0
2013,12.0,Kansas State,TCU,45.0,-110.0,-110.0,15.0
2013,12.0,Kent State,Miami (OH),50.0,-110.0,-110.0,15.0
2013,12.0,Louisville,Houston,60.5,-110.0,-110.0,15.0
2013,12.0,Mississippi State,Alabama,53.5,-110.0,-110.0,15.0
2013,12.0,Navy,South Alabama,59.0,-110.0,-110.0,15.0
2013,12.0,Nebraska,Michigan State,41.0,-110.0,-110.0,13.0
2013,12.0,New Mexico,Colorado State,62.0,-110.0,-110.0,15.0
2013,12.0,Northern Illinois,Ball State,73.0,-110.0,-110.0,15.0
2013,12.0,Northwestern,Michigan,48.5,-110.0,-110.0,15.0
2013,12.0,Oklahoma,Iowa State,49.0,-110.0,-110.0,15.0
2013,12.0,Ole Miss,Troy,69.5,-110.0,-110.0,15.0
2013,12.0,Oregon,Utah,63.5,-110.0,-110.0,13.0
2013,12.0,Penn State,Purdue,48.0,-110.0,-110.0,15.0
2013,12.0,Pittsburgh,North Carolina,53.5,-110.0,-110.0,15.0
2013,12.0,Rice,Louisiana Tech,51.0,-110.0,-110.0,15.0
2013,12.0,Rutgers,Cincinnati,54.0,-110.0,-110.0,15.0
2013,12.0,South Carolina,Florida,42.0,-110.0,-110.0,14.0
2013,12.0,South Florida,Memphis,40.0,-110.0,-110.0,12.0
2013,12.0,Temple,UCF,59.5,-110.0,-110.0,15.0
2013,12.0,Texas,Oklahoma State,62.0,-110.0,-110.0,15.0
2013,12.0,Toledo,Buffalo,54.5,-110.0,-110.0,14.0
2013,12.0,Tulsa,Marshall,63.0,-110.0,-110.0,15.0
2013,12.0,UCLA,Washington,60.5,-110.0,-110.0,15.0
2013,12.0,UTEP,Florida International,47.0,-110.0,-110.0,14.0
2013,12.0,Vanderbilt,Kentucky,51.5,-110.0,-110.0,14.0
2013,12.0,Virginia Tech,Maryland,44.0,-110.0,-110.0,15.0
2013,12.0,Western Michigan,Central Michigan,51.0,-110.0,-110.0,15.0
2013,12.0,Wisconsin,Indiana,68.0,-110.0,-110.0,14.0
2013,13.0,Air Force,UNLV,59.0,-110.0,-110.0,15.0
2013,13.0,Alabama,Chattanooga,52.0,-115.0,-115.0,1.0
2013,13.0,Arizona,Oregon,68.0,-110.0,-110.0,15.0
2013,13.0,Arkansas,Mississippi State,49.5,-110.0,-110.0,15.0
2013,13.0,Arkansas State,Georgia State,58.0,-110.0,-110.0,14.0
2013,13.0,Colorado,USC,53.5,-110.0,-110.0,15.0
2013,13.0,Eastern Michigan,Bowling Green,54.5,-110.0,-110.0,14.0
2013,13.0,Florida,Georgia Southern,44.0,-115.0,-115.0,1.0
2013,13.0,Florida Atlantic,New Mexico State,57.0,-110.0,-110.0,15.0
2013,13.0,Florida International,Marshall,56.0,-110.0,-110.0,14.0
2013,13.0,Florida State,Idaho,70.0,-110.0,-110.0,15.0
2013,13.0,Fresno State,New Mexico,68.0,-110.0,-110.0,15.0
2013,13.0,Georgia,Kentucky,61.5,-110.0,-110.0,14.0
2013,13.0,Georgia Tech,Alabama A&M,58.0,-115.0,-115.0,1.0
2013,13.0,Houston,Cincinnati,60.0,-110.0,-110.0,15.0
2013,13.0,Iowa,Michigan,46.5,-110.0,-110.0,15.0
2013,13.0,Iowa State,Kansas,47.0,-110.0,-110.0,15.0
2013,13.0,Kansas State,Oklahoma,53.5,-110.0,-110.0,14.0
2013,13.0,LSU,Texas A&M,74.5,-110.0,-110.0,15.0
2013,13.0,Louisiana Tech,Tulsa,53.5,-110.0,-110.0,13.0
2013,13.0,Louisville,Memphis,43.5,-110.0,-110.0,15.0
2013,13.0,Maryland,Boston College,52.5,-110.0,-110.0,15.0
2013,13.0,Miami (OH),Buffalo,48.5,-110.0,-110.0,15.0
2013,13.0,Minnesota,Wisconsin,51.0,-110.0,-110.0,14.0
2013,13.0,North Carolina,Old Dominion,78.0,-120.0,-120.0,1.0
2013,13.0,Northwestern,Michigan State,41.0,-110.0,-110.0,15.0
2013,13.0,Ohio,Kent State,53.0,-110.0,-110.0,15.0
2013,13.0,Ohio State,Indiana,79.5,-110.0,-110.0,15.0
2013,13.0,Oklahoma State,Baylor,79.0,-110.0,-110.0,15.0
2013,13.0,Ole Miss,Missouri,58.5,-110.0,-110.0,14.0
2013,13.0,Oregon State,Washington,59.0,-110.0,-110.0,14.0
2013,13.0,Penn State,Nebraska,51.0,-110.0,-110.0,15.0
2013,13.0,Purdue,Illinois,55.0,-110.0,-110.0,14.0
2013,13.0,San Diego State,Boise State,57.0,-110.0,-110.0,14.0
2013,13.0,South Carolina,Coastal Carolina,68.5,-120.0,-120.0,1.0
2013,13.0,Stanford,California,59.0,-110.0,-110.0,15.0
2013,13.0,Syracuse,Pittsburgh,50.0,-110.0,-110.0,13.0
2013,13.0,Temple,Connecticut,53.5,-110.0,-110.0,15.0
2013,13.0,Tennessee,Vanderbilt,48.5,-110.0,-110.0,15.0
2013,13.0,Texas State,Western Kentucky,50.0,-110.0,-110.0,9.0
2013,13.0,Toledo,Northern Illinois,73.5,-110.0,-110.0,15.0
2013,13.0,Tulane,UTEP,47.5,-110.0,-110.0,15.0
2013,13.0,UCF,Rutgers,59.5,-110.0,-110.0,15.0
2013,13.0,UCLA,Arizona State,61.5,-110.0,-110.0,15.0
2013,13.0,Utah State,Colorado State,57.5,-110.0,-110.0,13.0
2013,13.0,Wake Forest,Duke,49.5,-110.0,-110.0,11.0
2013,13.0,Washington State,Utah,52.0,-110.0,-110.0,15.0
2013,14.0,Akron,Toledo,57.5,-110.0,-110.0,15.0
2013,14.0,Arizona State,Arizona,61.5,-110.0,-110.0,15.0
2013,14.0,Auburn,Alabama,52.5,-110.0,-110.0,15.0
2013,14.0,Ball State,Miami (OH),60.5,-110.0,-110.0,15.0
2013,14.0,Boise State,New Mexico,70.0,-110.0,-110.0,15.0
2013,14.0,Buffalo,Bowling Green,51.5,-110.0,-110.0,15.0
2013,14.0,Central Michigan,Eastern Michigan,57.5,-110.0,-110.0,8.0
2013,14.0,Colorado State,Air Force,62.0,-110.0,-110.0,15.0
2013,14.0,Connecticut,Rutgers,47.0,-110.0,-110.0,15.0
2013,14.0,Florida,Florida State,50.5,-110.0,-110.0,15.0
2013,14.0,Florida Atlantic,Florida International,44.5,-110.0,-110.0,15.0
2013,14.0,Georgia State,South Alabama,60.5,-110.0,-110.0,15.0
2013,14.0,Georgia Tech,Georgia,58.5,-110.0,-110.0,14.0
2013,14.0,Illinois,Northwestern,59.5,-110.0,-110.0,13.0
2013,14.0,Indiana,Purdue,67.0,-110.0,-110.0,15.0
2013,14.0,Kansas,Kansas State,52.0,-110.0,-110.0,13.0
2013,14.0,Kentucky,Tennessee,52.5,-110.0,-110.0,15.0
2013,14.0,LSU,Arkansas,54.5,-110.0,-110.0,14.0
2013,14.0,Marshall,East Carolina,70.0,-110.0,-110.0,15.0
2013,14.0,Memphis,Temple,50.0,-110.0,-110.0,15.0
2013,14.0,Michigan,Ohio State,57.5,-110.0,-110.0,14.0
2013,14.0,Michigan State,Minnesota,42.0,-110.0,-110.0,15.0
2013,14.0,Middle Tennessee,UTEP,56.0,-110.0,-110.0,9.0
2013,14.0,Mississippi State,Ole Miss,53.5,-110.0,-110.0,15.0
2013,14.0,Missouri,Texas A&M,72.25,-110.0,-110.0,15.0
2013,14.0,Nebraska,Iowa,47.0,-110.0,-110.0,15.0
2013,14.0,New Mexico State,Idaho,64.0,-110.0,-110.0,13.0
2013,14.0,North Carolina,Duke,62.25,-110.0,-110.0,15.0
2013,14.0,Northern Illinois,Western Michigan,64.0,-110.0,-110.0,15.0
2013,14.0,Oregon,Oregon State,69.5,-110.0,-110.0,15.0
2013,14.0,Rice,Tulane,49.0,-102.0,-110.0,6.0
2013,14.0,South Carolina,Clemson,62.5,-110.0,-110.0,15.0
2013,14.0,Stanford,Notre Dame,49.5,-110.0,-110.0,15.0
2013,14.0,Syracuse,Boston College,51.5,-110.0,-110.0,14.0
2013,14.0,TCU,Baylor,65.0,-110.0,-110.0,15.0
2013,14.0,Texas,Texas Tech,67.5,-110.0,-110.0,15.0
2013,14.0,Troy,Texas State,57.0,-110.0,-110.0,15.0
2013,14.0,Tulsa,North Texas,49.5,-110.0,-110.0,9.0
2013,14.0,UCF,South Florida,50.5,-110.0,-110.0,15.0
2013,14.0,UNLV,San Diego State,54.0,-110.0,-110.0,15.0
2013,14.0,USC,UCLA,52.5,-110.0,-110.0,15.0
2013,14.0,Utah,Colorado,56.0,-110.0,-110.0,9.0
2013,14.0,Utah State,Wyoming,59.0,-110.0,-110.0,11.0
2013,14.0,Vanderbilt,Wake Forest,42.75,-110.0,-110.0,13.0
2013,14.0,Virginia,Virginia Tech,41.0,-110.0,-110.0,15.0
2013,14.0,Washington,Washington State,66.0,-110.0,-110.0,14.0
2013,14.0,West Virginia,Iowa State,53.5,-110.0,-110.0,14.0
2013,14.0,Western Kentucky,Arkansas State,56.0,-110.0,-110.0,12.0
2013,14.0,Wisconsin,Penn State,49.5,-110.0,-110.0,12.0
2013,15.0,Arizona State,Stanford,52.5,-110.0,-110.0,15.0
2013,15.0,Auburn,Missouri,59.5,-110.0,-110.0,15.0
2013,15.0,Baylor,Texas,71.0,-110.0,-110.0,15.0
2013,15.0,Cincinnati,Louisville,49.0,-110.0,-110.0,15.0
2013,15.0,Connecticut,Memphis,41.5,-110.0,-110.0,15.0
2013,15.0,Florida State,Duke,66.5,-110.0,-110.0,15.0
2013,15.0,Fresno State,Utah State,61.5,-110.0,-110.0,15.0
2013,15.0,Michigan State,Ohio State,53.5,-110.0,-110.0,15.0
2013,15.0,Northern Illinois,Bowling Green,58.5,-110.0,-110.0,15.0
2013,15.0,Oklahoma State,Oklahoma,57.0,-110.0,-110.0,15.0
2013,15.0,Rice,Marshall,65.0,-110.0,-110.0,15.0
2013,15.0,Rutgers,South Florida,44.0,-110.0,-110.0,15.0
2013,16.0,Navy,Army,49.5,-110.0,-110.0,15.0
2014,1.0,Akron,Howard,53.0,-110.0,-110.0,8.0
2014,1.0,Arizona,UNLV,59.0,-110.0,-110.0,14.0
2014,1.0,Arizona State,Weber State,65.5,-110.0,-110.0,7.0
2014,1.0,Arkansas State,Montana State,54.5,-120.0,-120.0,1.0
2014,1.0,Auburn,Arkansas,56.5,-110.0,-110.0,14.0
2014,1.0,Ball State,Colgate,61.5,-120.0,-120.0,1.0
2014,1.0,Buffalo,Duquesne,47.5,-117.5,-117.5,2.0
2014,1.0,Central Michigan,Chattanooga,53.5,-110.0,-110.0,8.0
2014,1.0,Colorado,Colorado State,53.5,-110.0,-110.0,14.0
2014,1.0,Florida International,Bethune-Cookman,42.5,-120.0,-120.0,1.0
2014,1.0,Georgia,Clemson,55.5,-110.0,-110.0,14.0
2014,1.0,Georgia State,Abilene Christian,54.5,-110.0,-110.0,13.0
2014,1.0,Georgia Tech,Wofford,49.5,-112.5,-112.5,2.0
2014,1.0,Illinois,Youngstown State,67.75,-117.5,-117.5,2.0
2014,1.0,Indiana,Indiana State,70.5,-110.0,-110.0,1.0
2014,1.0,Kansas State,Stephen F. Austin,70.5,-120.0,-120.0,1.0
2014,1.0,Kent State,Ohio,47.0,-110.0,-110.0,14.0
2014,1.0,Maryland,James Madison,49.5,-117.5,-117.5,2.0
2014,1.0,Memphis,Austin Peay,42.5,-120.0,-120.0,1.0
2014,1.0,Miami (OH),Marshall,62.75,-110.0,-110.0,14.0
2014,1.0,Michigan State,Jacksonville State,49.0,-110.0,-110.0,5.0
2014,1.0,Minnesota,Eastern Illinois,63.0,-110.0,-110.0,8.0
2014,1.0,Missouri,South Dakota State,53.5,-117.5,-117.5,2.0
2014,1.0,Navy,Ohio State,53.75,-110.0,-110.0,14.0
2014,1.0,Nebraska,Florida Atlantic,51.25,-110.0,-110.0,14.0
2014,1.0,Nevada,Southern Utah,47.5,-117.5,-117.5,2.0
2014,1.0,New Mexico,UTEP,56.5,-110.0,-110.0,14.0
2014,1.0,New Mexico State,Cal Poly,58.5,-110.0,-110.0,8.0
2014,1.0,Northwestern,California,64.0,-110.0,-110.0,14.0
2014,1.0,Notre Dame,Rice,53.0,-110.0,-110.0,14.0
2014,1.0,Oklahoma,Louisiana Tech,56.5,-110.0,-110.0,14.0
2014,1.0,Oklahoma State,Florida State,64.5,-110.0,-110.0,14.0
2014,1.0,Old Dominion,Hampton,73.5,-117.5,-117.5,2.0
2014,1.0,Oregon,South Dakota,71.5,-120.0,-120.0,1.0
2014,1.0,Oregon State,Portland State,63.5,-117.5,-117.5,2.0
2014,1.0,Pittsburgh,Delaware,59.5,-117.5,-117.5,2.0
2014,1.0,Purdue,Western Michigan,50.0,-110.0,-110.0,14.0
2014,1.0,San Diego State,Northern Arizona,49.5,-120.0,-120.0,1.0
2014,1.0,South Carolina,Texas A&M,60.5,-110.0,-110.0,14.0
2014,1.0,South Florida,Western Carolina,49.0,-120.0,-120.0,1.0
2014,1.0,Syracuse,Villanova,52.0,-110.0,-110.0,5.0
2014,1.0,TCU,Samford,51.5,-120.0,-120.0,1.0
2014,1.0,Tennessee,Utah State,51.0,-110.0,-110.0,14.0
2014,1.0,Texas,North Texas,47.5,-110.0,-110.0,14.0
2014,1.0,Texas State,Arkansas-Pine Bluff,58.5,-120.0,-120.0,1.0
2014,1.0,Texas Tech,Central Arkansas,72.5,-120.0,-120.0,1.0
2014,1.0,Toledo,New Hampshire,63.5,-120.0,-120.0,1.0
2014,1.0,Tulsa,Tulane,46.5,-110.0,-110.0,14.0
2014,1.0,UCF,Penn State,43.5,-110.0,-110.0,14.0
2014,1.0,USC,Fresno State,58.0,-110.0,-110.0,14.0
2014,1.0,Utah,Idaho State,56.5,-110.0,-110.0,8.0
2014,1.0,Vanderbilt,Temple,50.0,-110.0,-110.0,14.0
2014,1.0,Virginia,UCLA,50.0,-110.0,-110.0,14.0
2014,1.0,Washington State,Rutgers,61.0,-110.0,-110.0,14.0
2014,1.0,Western Kentucky,Bowling Green,63.75,-110.0,-110.0,14.0
2014,1.0,Wyoming,Montana,62.75,-117.5,-117.5,2.0
2014,2.0,Alabama,Florida Atlantic,52.5,-110.0,-110.0,14.0
2014,2.0,Army,Buffalo,52.5,-110.0,-110.0,14.0
2014,2.0,Baylor,Northwestern State,72.0,-110.0,-110.0,3.0
2014,2.0,Boise State,Colorado State,54.5,-110.0,-110.0,14.0
2014,2.0,Boston College,Pittsburgh,50.0,-110.0,-110.0,14.0
2014,2.0,California,Sacramento State,67.25,-115.0,-115.0,2.0
2014,2.0,Florida,Eastern Michigan,56.0,-110.0,-110.0,14.0
2014,2.0,Florida International,Wagner,38.5,-115.0,-115.0,2.0
2014,2.0,Georgia State,New Mexico State,64.5,-110.0,-110.0,14.0
2014,2.0,Illinois,Western Kentucky,68.5,-110.0,-110.0,14.0
2014,2.0,Iowa,Ball State,52.0,-110.0,-110.0,14.0
2014,2.0,Iowa State,Kansas State,54.5,-110.0,-110.0,14.0
2014,2.0,Kansas,Southeast Missouri State,51.0,-110.0,-110.0,3.0
2014,2.0,Kent State,South Alabama,53.5,-110.0,-110.0,14.0
2014,2.0,Kentucky,Ohio,52.5,-110.0,-110.0,14.0
2014,2.0,Louisville,Murray State,64.0,-110.0,-110.0,3.0
2014,2.0,Marshall,Rhode Island,62.5,-110.0,-110.0,3.0
2014,2.0,Miami (OH),Eastern Kentucky,47.25,-115.0,-115.0,2.0
2014,2.0,Minnesota,Middle Tennessee,50.0,-110.0,-110.0,14.0
2014,2.0,Nevada,Washington State,67.5,-110.0,-110.0,14.0
2014,2.0,New Mexico,Arizona State,67.0,-110.0,-110.0,14.0
2014,2.0,North Carolina,San Diego State,60.0,-110.0,-110.0,14.0
2014,2.0,Northwestern,Northern Illinois,59.0,-110.0,-110.0,14.0
2014,2.0,Notre Dame,Michigan,56.0,-110.0,-110.0,14.0
2014,2.0,Ohio State,Virginia Tech,46.0,-110.0,-110.0,14.0
2014,2.0,Oklahoma State,Missouri State,61.5,-115.0,-115.0,2.0
2014,2.0,Oregon,Michigan State,57.0,-110.0,-110.0,14.0
2014,2.0,Penn State,Akron,51.0,-110.0,-110.0,14.0
2014,2.0,Purdue,Central Michigan,53.0,-110.0,-110.0,14.0
2014,2.0,Rutgers,Howard,57.25,-115.0,-115.0,2.0
2014,2.0,South Carolina,East Carolina,65.0,-110.0,-110.0,14.0
2014,2.0,South Florida,Maryland,52.75,-110.0,-110.0,14.0
2014,2.0,Stanford,USC,53.0,-110.0,-110.0,14.0
2014,2.0,Temple,Navy,58.5,-110.0,-110.0,14.0
2014,2.0,Tennessee,Arkansas State,59.0,-110.0,-110.0,14.0
2014,2.0,Texas A&M,Lamar,77.0,-110.0,-110.0,3.0
2014,2.0,Toledo,Missouri,61.0,-110.0,-110.0,14.0
2014,2.0,Troy,Duke,64.0,-110.0,-110.0,14.0
2014,2.0,Tulane,Georgia Tech,55.0,-110.0,-110.0,14.0
2014,2.0,Tulsa,Oklahoma,57.25,-110.0,-110.0,14.0
2014,2.0,UCLA,Memphis,57.0,-110.0,-110.0,14.0
2014,2.0,UNLV,Northern Colorado,59.0,-110.0,-110.0,3.0
2014,2.0,UTEP,Texas Tech,65.5,-110.0,-110.0,14.0
2014,2.0,Utah,Fresno State,65.0,-110.0,-110.0,14.0
2014,2.0,Utah State,Idaho State,52.0,-110.0,-110.0,3.0
2014,2.0,Vanderbilt,Ole Miss,49.5,-110.0,-110.0,14.0
2014,2.0,Virginia,Richmond,52.0,-115.0,-115.0,2.0
2014,2.0,Wake Forest,Gardner-Webb,38.0,-115.0,-115.0,2.0
2014,2.0,Washington,Eastern Washington,62.75,-115.0,-115.0,2.0
2014,2.0,West Virginia,Towson,65.5,-110.0,-110.0,3.0
2014,2.0,Wisconsin,Western Illinois,53.5,-115.0,-115.0,2.0
2014,2.0,Wyoming,Air Force,51.0,-110.0,-110.0,14.0
2014,3.0,Arizona,Nevada,66.0,-110.0,-110.0,14.0
2014,3.0,Ball State,Indiana State,51.0,-110.0,-110.0,3.0
2014,3.0,Boston College,USC,58.0,-110.0,-110.0,14.0
2014,3.0,Bowling Green,Indiana,75.5,-110.0,-110.0,14.0
2014,3.0,Buffalo,Baylor,70.0,-110.0,-110.0,14.0
2014,3.0,Central Michigan,Syracuse,50.5,-110.0,-110.0,14.0
2014,3.0,Cincinnati,Toledo,58.0,-110.0,-110.0,14.0
2014,3.0,Colorado,Arizona State,68.5,-110.0,-110.0,14.0
2014,3.0,Colorado State,UC Davis,55.0,-110.0,-110.0,3.0
2014,3.0,Duke,Kansas,56.5,-110.0,-110.0,14.0
2014,3.0,Florida,Kentucky,54.5,-110.0,-110.0,14.0
2014,3.0,Florida Atlantic,Tulsa,52.5,-110.0,-110.0,14.0
2014,3.0,Florida International,Pittsburgh,46.0,-110.0,-110.0,14.0
2014,3.0,Fresno State,Nebraska,60.5,-110.0,-110.0,14.0
2014,3.0,Georgia State,Air Force,63.5,-110.0,-110.0,14.0
2014,3.0,Georgia Tech,Georgia Southern,55.0,-110.0,-110.0,14.0
2014,3.0,Idaho,Western Michigan,57.5,-110.0,-110.0,14.0
2014,3.0,Iowa,Iowa State,49.5,-110.0,-110.0,14.0
2014,3.0,Marshall,Ohio,57.75,-110.0,-110.0,14.0
2014,3.0,Maryland,West Virginia,61.0,-110.0,-110.0,14.0
2014,3.0,Michigan,Miami (OH),49.75,-110.0,-110.0,14.0
2014,3.0,Middle Tennessee,Western Kentucky,63.0,-110.0,-109.5,14.0
2014,3.0,Missouri,UCF,53.5,-110.0,-110.0,14.0
2014,3.0,North Texas,Louisiana Tech,48.0,-110.0,-110.0,14.0
2014,3.0,Notre Dame,Purdue,59.75,-110.0,-110.0,14.0
2014,3.0,Ohio State,Kent State,49.0,-110.0,-110.0,14.0
2014,3.0,Oklahoma,Tennessee,58.0,-110.0,-110.0,14.0
2014,3.0,Old Dominion,Eastern Michigan,70.0,-110.0,-110.0,14.0
2014,3.0,Oregon,Wyoming,63.5,-110.0,-110.0,14.0
2014,3.0,Rutgers,Penn State,52.5,-110.0,-110.0,14.0
2014,3.0,South Alabama,Mississippi State,54.5,-110.0,-110.0,14.0
2014,3.0,South Carolina,Georgia,58.0,-110.0,-110.0,14.0
2014,3.0,Stanford,Army,54.5,-110.0,-110.0,14.0
2014,3.0,TCU,Minnesota,50.0,-110.0,-110.0,14.0
2014,3.0,Texas,UCLA,50.0,-110.0,-110.0,14.0
2014,3.0,Texas A&M,Rice,70.0,-110.0,-110.0,14.0
2014,3.0,Texas State,Navy,56.25,-110.0,-110.0,14.0
2014,3.0,Texas Tech,Arkansas,66.0,-110.0,-110.0,14.0
2014,3.0,Troy,Abilene Christian,71.0,-110.0,-110.0,3.0
2014,3.0,UNLV,Northern Illinois,62.0,-110.0,-110.0,14.0
2014,3.0,UTEP,New Mexico State,55.5,-110.0,-110.0,14.0
2014,3.0,Utah State,Wake Forest,45.0,-110.0,-110.0,14.0
2014,3.0,Virginia,Louisville,44.5,-110.0,-110.0,14.0
2014,3.0,Virginia Tech,East Carolina,54.0,-110.0,-110.0,14.0
2014,3.0,Washington,Illinois,63.75,-110.0,-110.0,14.0
2014,3.0,Washington State,Portland State,68.0,-110.0,-110.0,3.0
2014,4.0,Akron,Marshall,60.0,-109.0,-110.0,14.0
2014,4.0,Alabama,Florida,50.5,-110.0,-110.0,14.0
2014,4.0,Arizona,California,69.5,-110.0,-110.0,14.0
2014,4.0,Arkansas,Northern Illinois,65.0,-110.0,-110.0,14.0
2014,4.0,Arkansas State,Utah State,46.0,-110.0,-110.0,14.0
2014,4.0,Boston College,Maine,46.5,-110.0,-110.0,3.0
2014,4.0,Buffalo,Norfolk State,43.5,-110.0,-110.0,3.0
2014,4.0,Cincinnati,Miami (OH),61.5,-110.0,-110.0,14.0
2014,4.0,Duke,Tulane,54.0,-110.0,-110.0,14.0
2014,4.0,East Carolina,North Carolina,67.0,-110.0,-110.0,14.0
2014,4.0,Florida International,Louisville,45.5,-110.0,-110.0,14.0
2014,4.0,Florida State,Clemson,55.0,-110.0,-110.0,14.0
2014,4.0,Fresno State,Southern Utah,60.0,-110.0,-110.0,3.0
2014,4.0,Georgia,Troy,64.0,-110.0,-110.0,14.0
2014,4.0,Houston,UNLV,63.5,-110.0,-110.0,14.0
2014,4.0,Illinois,Texas State,62.0,-110.0,-110.0,14.0
2014,4.0,Kansas,Central Michigan,45.0,-110.0,-110.0,14.0
2014,4.0,Kansas State,Auburn,64.25,-110.0,-110.0,14.0
2014,4.0,LSU,Mississippi State,48.0,-110.0,-110.0,14.0
2014,4.0,Louisiana Tech,Northwestern State,62.5,-110.0,-110.0,3.0
2014,4.0,Memphis,Middle Tennessee,60.5,-110.0,-110.0,14.0
2014,4.0,Michigan,Utah,53.5,-110.0,-110.0,14.0
2014,4.0,Michigan State,Eastern Michigan,53.5,-110.0,-110.0,14.0
2014,4.0,Missouri,Indiana,71.5,-110.0,-110.0,14.0
2014,4.0,Navy,Rutgers,55.5,-110.0,-110.0,14.0
2014,4.0,New Mexico State,New Mexico,62.0,-110.0,-110.0,14.0
2014,4.0,Northwestern,Western Illinois,46.5,-110.0,-110.0,3.0
2014,4.0,Ohio,Idaho,57.0,-110.0,-110.0,14.0
2014,4.0,Oregon State,San Diego State,57.0,-110.0,-110.0,14.0
2014,4.0,Pittsburgh,Iowa,46.0,-110.0,-110.0,14.0
2014,4.0,Purdue,Southern Illinois,53.0,-110.0,-110.0,3.0
2014,4.0,Rice,Old Dominion,63.25,-110.0,-110.0,14.0
2014,4.0,South Alabama,Georgia Southern,58.5,-110.0,-110.0,14.0
2014,4.0,Syracuse,Maryland,55.0,-110.0,-110.0,14.0
2014,4.0,Temple,Delaware State,50.0,-110.0,-110.0,3.0
2014,4.0,Toledo,Ball State,59.5,-110.0,-110.0,14.0
2014,4.0,UCF,Bethune-Cookman,50.5,-110.0,-110.0,3.0
2014,4.0,Vanderbilt,South Carolina,51.5,-110.0,-110.0,14.0
2014,4.0,Virginia Tech,Georgia Tech,51.5,-110.0,-110.0,14.0
2014,4.0,Wake Forest,Army,48.5,-110.0,-110.0,14.0
2014,4.0,Washington,Georgia State,70.0,-110.0,-110.0,14.0
2014,4.0,Washington State,Oregon,79.0,-110.0,-110.0,14.0
2014,4.0,West Virginia,Oklahoma,66.0,-110.0,-110.0,14.0
2014,4.0,Western Michigan,Murray State,71.5,-110.0,-110.0,3.0
2014,4.0,Wisconsin,Bowling Green,63.0,-110.0,-110.0,14.0
2014,4.0,Wyoming,Florida Atlantic,48.0,-110.0,-110.0,14.0
2014,5.0,Air Force,Boise State,57.25,-110.0,-110.0,14.0
2014,5.0,Arizona State,UCLA,64.5,-110.0,-110.0,14.0
2014,5.0,Auburn,Louisiana Tech,61.75,-110.0,-110.0,14.0
2014,5.0,Boston College,Colorado State,56.0,-110.0,-110.0,14.0
2014,5.0,Buffalo,Miami (OH),52.0,-110.0,-110.0,14.0
2014,5.0,California,Colorado,61.5,-110.0,-110.0,14.0
2014,5.0,Clemson,North Carolina,63.5,-110.0,-110.0,14.0
2014,5.0,Georgia,Tennessee,57.0,-110.0,-110.0,14.0
2014,5.0,Idaho,South Alabama,58.75,-110.0,-110.0,14.0
2014,5.0,Indiana,Maryland,70.0,-110.0,-110.0,14.0
2014,5.0,Iowa State,Baylor,72.0,-110.0,-110.0,14.0
2014,5.0,Kansas,Texas,42.0,-110.0,-110.0,14.0
2014,5.0,Kansas State,UTEP,53.0,-110.0,-110.0,14.0
2014,5.0,Kentucky,Vanderbilt,48.0,-110.0,-110.0,14.0
2014,5.0,LSU,New Mexico State,57.5,-110.0,-110.0,14.0
2014,5.0,Louisville,Wake Forest,43.75,-110.0,-110.0,14.0
2014,5.0,Michigan,Minnesota,43.5,-110.0,-110.0,14.0
2014,5.0,Michigan State,Wyoming,49.0,-110.0,-110.0,14.0
2014,5.0,Navy,Western Kentucky,66.0,-110.0,-110.0,14.0
2014,5.0,Nebraska,Illinois,58.5,-110.0,-110.0,14.0
2014,5.0,New Mexico,Fresno State,66.0,-110.0,-110.0,14.0
2014,5.0,Ohio,Eastern Illinois,61.5,-110.0,-115.0,4.0
2014,5.0,Ohio State,Cincinnati,60.5,-110.0,-110.0,14.0
2014,5.0,Oklahoma State,Texas Tech,70.0,-110.0,-110.0,14.0
2014,5.0,Old Dominion,Middle Tennessee,69.0,-110.0,-110.0,14.0
2014,5.0,Ole Miss,Memphis,59.0,-109.5,-110.0,14.0
2014,5.0,Penn State,Northwestern,46.5,-110.0,-110.0,14.0
2014,5.0,Pittsburgh,Akron,52.0,-110.0,-110.0,14.0
2014,5.0,Purdue,Iowa,47.0,-110.0,-110.0,14.0
2014,5.0,Rutgers,Tulane,53.0,-110.0,-110.0,14.0
2014,5.0,San Diego State,UNLV,56.0,-110.0,-110.0,14.0
2014,5.0,South Carolina,Missouri,61.0,-110.0,-110.0,14.0
2014,5.0,Syracuse,Notre Dame,52.75,-110.0,-110.0,14.0
2014,5.0,Texas A&M,Arkansas,72.75,-110.0,-110.0,14.0
2014,5.0,Toledo,Central Michigan,58.5,-110.0,-110.0,14.0
2014,5.0,Tulsa,Texas State,65.0,-110.0,-110.0,14.0
2014,5.0,USC,Oregon State,56.0,-110.0,-110.0,14.0
2014,5.0,Utah,Washington State,60.5,-110.0,-110.0,14.0
2014,5.0,Virginia,Kent State,46.0,-109.0,-110.0,14.0
2014,5.0,Virginia Tech,Western Michigan,49.5,-110.0,-110.0,14.0
2014,5.0,Washington,Stanford,48.5,-110.0,-110.0,14.0
2014,5.0,Wisconsin,South Florida,50.5,-110.0,-110.0,14.0
2014,5.0,Yale,Army,64.0,-110.0,-115.0,4.0
2014,6.0,Air Force,Navy,56.0,-110.0,-110.0,14.0
2014,6.0,Akron,Eastern Michigan,50.5,-110.0,-110.0,14.0
2014,6.0,Army,Ball State,57.0,-110.0,-110.0,14.0
2014,6.0,Auburn,LSU,55.0,-110.0,-110.0,14.0
2014,6.0,Bowling Green,Buffalo,75.25,-110.0,-110.0,14.0
2014,6.0,Central Michigan,Ohio,49.5,-110.0,-110.0,14.0
2014,6.0,Cincinnati,Memphis,63.0,-120.0,-109.0,1.0
2014,6.0,Colorado,Oregon State,52.5,-110.0,-110.0,14.0
2014,6.0,Colorado State,Tulsa,63.0,-110.0,-110.0,14.0
2014,6.0,Florida International,Florida Atlantic,47.0,-110.0,-110.0,14.0
2014,6.0,Florida State,Wake Forest,55.0,-110.0,-109.5,14.0
2014,6.0,Fresno State,San Diego State,58.5,-110.0,-110.0,14.0
2014,6.0,Georgia,Vanderbilt,53.0,-110.0,-110.0,14.0
2014,6.0,Houston,UCF,49.0,-110.0,-110.0,14.0
2014,6.0,Illinois,Purdue,53.0,-110.0,-110.0,14.0
2014,6.0,Indiana,North Texas,59.0,-110.0,-110.0,14.0
2014,6.0,Kansas State,Texas Tech,66.5,-110.0,-110.0,14.0
2014,6.0,Kentucky,South Carolina,55.0,-110.0,-110.0,14.0
2014,6.0,Louisiana Tech,UTEP,56.5,-110.0,-110.0,14.0
2014,6.0,Maryland,Ohio State,59.0,-110.0,-110.0,14.0
2014,6.0,Michigan State,Nebraska,53.0,-110.0,-110.0,14.0
2014,6.0,Mississippi State,Texas A&M,71.0,-110.0,-110.0,14.0
2014,6.0,Nevada,Boise State,53.5,-110.0,-110.0,14.0
2014,6.0,New Mexico State,Georgia Southern,62.0,-110.0,-110.0,14.0
2014,6.0,North Carolina,Virginia Tech,57.25,-110.0,-110.0,14.0
2014,6.0,Northern Illinois,Kent State,59.0,-110.0,-110.0,14.0
2014,6.0,Northwestern,Wisconsin,47.75,-110.0,-110.0,14.0
2014,6.0,Notre Dame,Stanford,46.0,-112.5,-105.0,14.0
2014,6.0,Oklahoma State,Iowa State,63.0,-110.0,-110.0,14.0
2014,6.0,Old Dominion,Marshall,74.5,-110.0,-110.0,14.0
2014,6.0,Ole Miss,Alabama,53.0,-110.0,-110.0,14.0
2014,6.0,Oregon,Arizona,81.5,-110.0,-110.0,14.0
2014,6.0,Rutgers,Michigan,46.5,-110.0,-110.0,14.0
2014,6.0,Syracuse,Louisville,46.5,-110.0,-110.0,14.0
2014,6.0,TCU,Oklahoma,56.5,-110.0,-110.0,14.0
2014,6.0,Tennessee,Florida,52.0,-110.0,-110.0,14.0
2014,6.0,Texas,Baylor,58.0,-110.0,-110.0,14.0
2014,6.0,Texas State,Idaho,65.0,-110.0,-110.0,14.0
2014,6.0,UCLA,Utah,63.75,-110.0,-110.0,14.0
2014,6.0,USC,Arizona State,67.5,-110.0,-110.0,14.0
2014,6.0,Virginia,Pittsburgh,46.0,-110.0,-110.0,14.0
2014,6.0,Washington State,California,68.5,-110.0,-110.0,14.0
2014,6.0,West Virginia,Kansas,59.0,-110.0,-110.0,14.0
2014,6.0,Western Michigan,Toledo,62.0,-110.0,-110.0,14.0
2014,7.0,Akron,Miami (OH),55.5,-110.0,-110.0,14.0
2014,7.0,Arizona,USC,66.0,-110.0,-110.0,14.0
2014,7.0,Arkansas,Alabama,54.0,-110.0,-110.0,14.0
2014,7.0,Army,Rice,57.75,-110.0,-110.0,14.0
2014,7.0,Ball State,Western Michigan,53.0,-110.0,-110.0,14.0
2014,7.0,Baylor,TCU,66.5,-110.0,-110.0,14.0
2014,7.0,California,Washington,67.0,-110.0,-110.0,14.0
2014,7.0,Clemson,Louisville,46.5,-110.0,-110.0,14.0
2014,7.0,Eastern Michigan,Buffalo,56.0,-110.0,-110.0,14.0
2014,7.0,Florida,LSU,44.0,-110.0,-110.0,14.0
2014,7.0,Georgia Southern,Idaho,63.5,-110.0,-110.0,14.0
2014,7.0,Georgia State,Arkansas State,62.0,-109.0,-110.0,14.0
2014,7.0,Georgia Tech,Duke,59.25,-110.0,-110.0,14.0
2014,7.0,Iowa,Indiana,54.0,-110.0,-110.0,14.0
2014,7.0,Iowa State,Toledo,62.0,-110.0,-110.0,14.0
2014,7.0,Kansas,Oklahoma State,48.5,-110.0,-110.0,14.0
2014,7.0,Marshall,Middle Tennessee,68.0,-110.0,-110.0,14.0
2014,7.0,Memphis,Houston,48.0,-110.0,-110.0,14.0
2014,7.0,Michigan,Penn State,41.75,-110.0,-110.0,14.0
2014,7.0,Minnesota,Northwestern,44.5,-110.0,-110.0,14.0
2014,7.0,Mississippi State,Auburn,61.5,-110.0,-110.0,14.0
2014,7.0,Missouri,Georgia,57.5,-110.0,-110.0,14.0
2014,7.0,Nevada,Colorado State,64.0,-110.0,-110.0,14.0
2014,7.0,New Mexico,San Diego State,53.5,-110.0,-110.0,14.0
2014,7.0,Northern Illinois,Central Michigan,57.0,-110.0,-110.0,14.0
2014,7.0,Notre Dame,North Carolina,62.0,-110.0,-110.0,14.0
2014,7.0,Ohio,Bowling Green,66.25,-109.0,-110.0,14.0
2014,7.0,Oklahoma,Texas,44.5,-110.0,-110.0,14.0
2014,7.0,Purdue,Michigan State,49.0,-110.0,-110.0,14.0
2014,7.0,South Florida,East Carolina,57.0,-110.0,-110.0,14.0
2014,7.0,Stanford,Washington State,52.5,-110.0,-110.0,14.0
2014,7.0,Syracuse,Florida State,55.5,-110.0,-110.0,14.0
2014,7.0,Temple,Tulsa,57.5,-110.0,-110.0,14.0
2014,7.0,Texas A&M,Ole Miss,64.0,-110.0,-110.0,14.0
2014,7.0,Texas Tech,West Virginia,76.75,-110.0,-110.0,14.0
2014,7.0,Troy,New Mexico State,63.0,-110.0,-110.0,14.0
2014,7.0,UCLA,Oregon,73.75,-110.0,-110.0,14.0
2014,7.0,UNLV,Fresno State,65.5,-110.0,-110.0,14.0
2014,7.0,UTEP,Old Dominion,63.5,-110.0,-110.0,14.0
2014,7.0,Utah State,Air Force,50.25,-110.0,-110.0,14.0
2014,7.0,Vanderbilt,Charleston Southern,50.0,-120.0,-120.0,1.0
2014,7.0,Wisconsin,Illinois,59.0,-110.0,-110.0,14.0
2014,8.0,Air Force,New Mexico,56.5,-110.0,-110.0,14.0
2014,8.0,Alabama,Texas A&M,62.5,-110.0,-110.0,14.0
2014,8.0,Arizona State,Stanford,54.0,-109.0,-110.0,14.0
2014,8.0,Arkansas,Georgia,53.5,-110.0,-110.0,14.0
2014,8.0,Boise State,Fresno State,61.0,-110.0,-110.0,14.0
2014,8.0,Boston College,Clemson,45.5,-110.0,-110.0,14.0
2014,8.0,Bowling Green,Western Michigan,68.0,-110.0,-110.0,14.0
2014,8.0,California,UCLA,72.5,-110.0,-110.0,14.0
2014,8.0,Central Michigan,Ball State,53.5,-110.0,-110.0,14.0
2014,8.0,Colorado State,Utah State,54.5,-110.0,-110.0,14.0
2014,8.0,Duke,Virginia,49.0,-110.0,-110.0,14.0
2014,8.0,Florida,Missouri,45.0,-110.0,-110.0,14.0
2014,8.0,Florida Atlantic,Western Kentucky,65.5,-110.0,-110.0,14.0
2014,8.0,Florida International,Marshall,56.5,-110.0,-110.0,14.0
2014,8.0,Florida State,Notre Dame,60.0,-110.0,-110.0,14.0
2014,8.0,Houston,Temple,52.5,-110.0,-110.0,14.0
2014,8.0,Idaho,New Mexico State,67.5,-110.0,-110.0,14.0
2014,8.0,Indiana,Michigan State,59.5,-110.0,-110.0,14.0
2014,8.0,Kent State,Army,51.5,-110.0,-110.0,14.0
2014,8.0,LSU,Kentucky,49.5,-110.0,-110.0,14.0
2014,8.0,Maryland,Iowa,45.5,-110.0,-110.0,14.0
2014,8.0,Minnesota,Purdue,48.5,-110.0,-110.0,14.0
2014,8.0,North Carolina,Georgia Tech,67.5,-110.0,-110.0,14.0
2014,8.0,Northern Illinois,Miami (OH),58.0,-110.0,-110.0,14.0
2014,8.0,Northwestern,Nebraska,54.5,-110.0,-110.0,14.0
2014,8.0,Ohio,Akron,48.0,-110.0,-110.0,14.0
2014,8.0,Ohio State,Rutgers,62.5,-110.0,-110.0,14.0
2014,8.0,Oklahoma,Kansas State,54.0,-110.0,-110.0,14.0
2014,8.0,Ole Miss,Tennessee,45.5,-110.0,-110.0,14.0
2014,8.0,Oregon,Washington,64.5,-110.0,-110.0,14.0
2014,8.0,Oregon State,Utah,53.0,-110.0,-110.0,14.0
2014,8.0,Pittsburgh,Virginia Tech,45.0,-110.0,-110.0,14.0
2014,8.0,South Alabama,Georgia State,56.5,-110.0,-110.0,14.0
2014,8.0,South Carolina,Furman,57.0,-115.0,-115.0,2.0
2014,8.0,TCU,Oklahoma State,62.0,-110.0,-110.0,14.0
2014,8.0,Texas,Iowa State,45.5,-110.0,-110.0,14.0
2014,8.0,Texas Tech,Kansas,58.0,-110.0,-109.0,14.0
2014,8.0,Tulsa,South Florida,50.0,-110.0,-110.0,14.0
2014,8.0,UCF,Tulane,44.0,-110.0,-110.0,14.0
2014,8.0,USC,Colorado,59.5,-110.0,-110.0,14.0
2014,8.0,Wake Forest,Syracuse,44.25,-110.0,-110.0,14.0
2014,8.0,West Virginia,Baylor,80.0,-110.0,-110.0,14.0
2014,9.0,Auburn,South Carolina,63.0,-110.0,-110.0,14.0
2014,9.0,Ball State,Akron,52.5,-110.0,-110.0,14.0
2014,9.0,Buffalo,Central Michigan,55.0,-110.0,-110.0,14.0
2014,9.0,California,Oregon,78.0,-110.0,-110.0,14.0
2014,9.0,Cincinnati,South Florida,60.0,-110.0,-110.0,14.0
2014,9.0,Clemson,Syracuse,47.0,-110.0,-110.0,14.0
2014,9.0,Colorado,UCLA,65.5,-110.0,-110.0,14.0
2014,9.0,Colorado State,Wyoming,54.5,-110.0,-110.0,14.0
2014,9.0,Eastern Michigan,Northern Illinois,62.0,-110.0,-110.0,14.0
2014,9.0,Georgia State,Georgia Southern,66.0,-110.0,-110.0,14.0
2014,9.0,Illinois,Minnesota,54.0,-110.0,-110.0,14.0
2014,9.0,Kansas State,Texas,47.0,-110.0,-110.0,14.0
2014,9.0,Kentucky,Mississippi State,59.0,-110.0,-110.0,14.0
2014,9.0,LSU,Ole Miss,45.0,-110.0,-110.0,14.0
2014,9.0,Marshall,Florida Atlantic,66.0,-110.0,-110.0,14.0
2014,9.0,Miami (OH),Kent State,53.5,-110.0,-110.0,14.0
2014,9.0,Michigan State,Michigan,45.25,-110.0,-110.0,14.0
2014,9.0,Missouri,Vanderbilt,42.5,-110.0,-110.0,14.0
2014,9.0,Nebraska,Rutgers,60.5,-110.0,-110.0,14.0
2014,9.0,Oklahoma State,West Virginia,67.25,-110.0,-110.0,14.0
2014,9.0,Penn State,Ohio State,53.0,-110.0,-110.0,14.0
2014,9.0,Pittsburgh,Georgia Tech,56.75,-109.5,-110.0,14.0
2014,9.0,Rice,North Texas,56.5,-110.0,-110.0,14.0
2014,9.0,South Alabama,Troy,55.0,-110.0,-110.0,14.0
2014,9.0,Stanford,Oregon State,42.5,-110.0,-110.0,14.0
2014,9.0,TCU,Texas Tech,71.5,-110.0,-110.0,14.0
2014,9.0,Tennessee,Alabama,46.0,-110.0,-110.0,14.0
2014,9.0,UCF,Temple,46.5,-110.0,-110.0,14.0
2014,9.0,Utah,USC,51.5,-110.0,-110.0,14.0
2014,9.0,Utah State,UNLV,50.0,-110.0,-110.0,14.0
2014,9.0,Virginia,North Carolina,60.5,-110.0,-110.0,14.0
2014,9.0,Wake Forest,Boston College,41.0,-110.0,-110.0,14.0
2014,9.0,Washington,Arizona State,61.0,-110.0,-110.0,14.0
2014,9.0,Washington State,Arizona,73.5,-110.0,-110.0,14.0
2014,9.0,Western Kentucky,Old Dominion,77.0,-110.0,-110.0,13.0
2014,9.0,Western Michigan,Ohio,53.0,-110.0,-110.0,14.0
2014,9.0,Wisconsin,Maryland,56.0,-110.0,-108.0,14.0
2014,10.0,Arizona State,Utah,56.0,-110.0,-110.0,14.0
2014,10.0,Army,Air Force,54.0,-110.0,-110.0,14.0
2014,10.0,Baylor,Kansas,61.5,-109.5,-110.0,14.0
2014,10.0,Colorado,Washington,54.5,-110.0,-110.0,14.0
2014,10.0,Eastern Michigan,Central Michigan,48.0,-110.0,-110.0,14.0
2014,10.0,Florida International,Rice,45.5,-110.0,-109.5,14.0
2014,10.0,Fresno State,Wyoming,58.0,-110.0,-110.0,14.0
2014,10.0,Georgia,Florida,45.75,-110.0,-110.0,14.0
2014,10.0,Georgia Southern,Troy,61.0,-110.0,-110.0,14.0
2014,10.0,Georgia Tech,Virginia,53.0,-110.0,-110.0,14.0
2014,10.0,Idaho,Arkansas State,65.5,-110.0,-110.0,14.0
2014,10.0,Iowa,Northwestern,43.0,-110.0,-110.0,14.0
2014,10.0,Iowa State,Oklahoma,61.0,-110.0,-110.0,14.0
2014,10.0,Kansas State,Oklahoma State,53.0,-110.0,-110.0,14.0
2014,10.0,Louisiana Tech,Western Kentucky,68.5,-110.0,-110.0,14.0
2014,10.0,Louisville,Florida State,51.0,-110.0,-110.0,14.0
2014,10.0,Memphis,Tulsa,57.0,-109.0,-110.0,14.0
2014,10.0,Miami (OH),Western Michigan,55.5,-110.0,-110.0,14.0
2014,10.0,Michigan,Indiana,51.5,-110.0,-110.0,14.0
2014,10.0,Mississippi State,Arkansas,56.0,-110.0,-110.0,14.0
2014,10.0,Missouri,Kentucky,47.0,-110.0,-110.0,14.0
2014,10.0,Navy,Notre Dame,54.0,-110.0,-110.0,14.0
2014,10.0,Nebraska,Purdue,59.5,-110.0,-110.0,14.0
2014,10.0,Nevada,San Diego State,48.5,-110.0,-110.0,14.0
2014,10.0,New Mexico State,Texas State,62.75,-110.0,-110.0,14.0
2014,10.0,Ohio State,Illinois,62.5,-110.0,-110.0,14.0
2014,10.0,Ole Miss,Auburn,54.0,-110.0,-110.0,14.0
2014,10.0,Oregon,Stanford,56.5,-110.0,-110.0,14.0
2014,10.0,Oregon State,California,64.0,-110.0,-110.0,14.0
2014,10.0,Penn State,Maryland,44.5,-110.0,-110.0,14.0
2014,10.0,Pittsburgh,Duke,52.5,-107.5,-110.0,14.0
2014,10.0,Rutgers,Wisconsin,51.5,-110.0,-110.0,14.0
2014,10.0,South Carolina,Tennessee,55.0,-110.0,-110.0,14.0
2014,10.0,South Florida,Houston,44.5,-110.0,-110.0,14.0
2014,10.0,Temple,East Carolina,61.5,-110.0,-110.0,14.0
2014,10.0,Texas Tech,Texas,57.0,-110.0,-110.0,14.0
2014,10.0,Tulane,Cincinnati,56.5,-110.0,-110.0,14.0
2014,10.0,UCLA,Arizona,70.75,-110.0,-110.0,14.0
2014,10.0,UNLV,New Mexico,61.5,-110.0,-110.0,14.0
2014,10.0,Vanderbilt,Old Dominion,60.0,-110.0,-110.0,14.0
2014,10.0,Virginia Tech,Boston College,40.0,-110.0,-110.0,14.0
2014,10.0,Washington State,USC,68.0,-110.0,-110.0,14.0
2014,10.0,West Virginia,TCU,69.0,-110.0,-110.0,14.0
2014,11.0,Akron,Bowling Green,59.5,-109.0,-110.0,14.0
2014,11.0,Arizona,Colorado,69.0,-110.0,-110.0,13.0
2014,11.0,Arizona State,Notre Dame,61.5,-110.0,-110.0,14.0
2014,11.0,Arkansas State,South Alabama,52.5,-110.0,-110.0,14.0
2014,11.0,Auburn,Texas A&M,68.5,-110.0,-110.0,14.0
2014,11.0,Ball State,Northern Illinois,62.5,-110.0,-110.0,14.0
2014,11.0,Boston College,Louisville,45.5,-110.0,-110.0,14.0
2014,11.0,Florida State,Virginia,55.0,-110.0,-110.0,14.0
2014,11.0,Houston,Tulane,46.0,-110.0,-110.0,14.0
2014,11.0,Indiana,Penn State,44.5,-110.0,-110.0,14.0
2014,11.0,Kansas,Iowa State,52.0,-110.0,-110.0,14.0
2014,11.0,Kent State,Toledo,57.75,-110.0,-110.0,14.0
2014,11.0,Kentucky,Georgia,58.0,-110.0,-110.0,14.0
2014,11.0,LSU,Alabama,46.5,-110.0,-110.0,14.0
2014,11.0,Michigan State,Ohio State,55.25,-110.0,-110.0,14.0
2014,11.0,Minnesota,Iowa,43.0,-110.0,-110.0,14.0
2014,11.0,New Mexico,Boise State,60.0,-110.0,-110.0,14.0
2014,11.0,North Texas,Florida Atlantic,54.5,-110.0,-110.0,14.0
2014,11.0,Northwestern,Michigan,41.5,-110.0,-110.0,14.0
2014,11.0,Ohio,Buffalo,56.5,-110.0,-110.0,14.0
2014,11.0,Oklahoma,Baylor,68.0,-110.0,-110.0,14.0
2014,11.0,Old Dominion,Florida International,60.5,-110.0,-110.0,14.0
2014,11.0,Oregon State,Washington State,59.5,-110.0,-110.0,14.0
2014,11.0,Purdue,Wisconsin,52.0,-110.0,-110.0,14.0
2014,11.0,San Diego State,Idaho,57.5,-110.0,-110.0,14.0
2014,11.0,Syracuse,Duke,53.0,-110.0,-110.0,14.0
2014,11.0,TCU,Kansas State,59.0,-110.0,-110.0,14.0
2014,11.0,Temple,Memphis,48.0,-110.0,-110.0,14.0
2014,11.0,Texas,West Virginia,51.0,-110.0,-110.0,14.0
2014,11.0,Texas State,Georgia Southern,60.5,-110.0,-110.0,14.0
2014,11.0,Troy,Georgia State,65.75,-110.0,-110.0,14.0
2014,11.0,UNLV,Air Force,57.0,-110.0,-110.0,14.0
2014,11.0,Utah,Oregon,61.5,-109.5,-110.0,14.0
2014,11.0,Vanderbilt,Florida,43.5,-110.0,-110.0,14.0
2014,11.0,Wake Forest,Clemson,42.5,-110.0,-110.0,14.0
2014,11.0,Washington,UCLA,53.5,-110.0,-110.0,14.0
2014,11.0,Western Kentucky,UTEP,69.0,-110.0,-110.0,14.0
2014,11.0,Wyoming,Utah State,48.0,-110.0,-110.0,14.0
2014,12.0,Air Force,Nevada,53.0,-110.0,-110.0,14.0
2014,12.0,Alabama,Mississippi State,55.0,-110.0,-110.0,14.0
2014,12.0,Arizona,Washington,59.0,-110.0,-110.0,14.0
2014,12.0,Arkansas,LSU,45.0,-110.0,-109.0,14.0
2014,12.0,Boise State,San Diego State,56.5,-110.0,-110.0,14.0
2014,12.0,Bowling Green,Kent State,55.0,-110.0,-110.0,14.0
2014,12.0,Buffalo,Akron,51.0,-110.0,-110.0,14.0
2014,12.0,Central Michigan,Miami (OH),54.0,-110.0,-110.0,14.0
2014,12.0,Cincinnati,East Carolina,71.5,-110.0,-110.0,14.0
2014,12.0,Duke,Virginia Tech,47.5,-110.0,-110.0,14.0
2014,12.0,Florida,South Carolina,57.0,-110.0,-110.0,14.0
2014,12.0,Florida International,Middle Tennessee,49.5,-110.0,-110.0,14.0
2014,12.0,Georgia,Auburn,71.25,-110.0,-110.0,14.0
2014,12.0,Georgia Tech,Clemson,57.0,-110.0,-110.0,14.0
2014,12.0,Idaho,Troy,64.0,-110.0,-110.0,14.0
2014,12.0,Illinois,Iowa,54.0,-110.0,-110.0,14.0
2014,12.0,Kansas,TCU,55.0,-110.0,-110.0,14.0
2014,12.0,Marshall,Rice,66.0,-110.0,-110.0,14.0
2014,12.0,Maryland,Michigan State,58.0,-110.0,-110.0,14.0
2014,12.0,Minnesota,Ohio State,56.0,-110.0,-110.0,14.0
2014,12.0,Navy,Georgia Southern,60.0,-110.0,-110.0,14.0
2014,12.0,North Carolina,Pittsburgh,67.0,-110.0,-110.0,14.0
2014,12.0,Northern Illinois,Toledo,62.0,-110.0,-110.0,14.0
2014,12.0,Notre Dame,Northwestern,54.0,-110.0,-110.0,14.0
2014,12.0,Oklahoma State,Texas,46.5,-110.0,-110.0,14.0
2014,12.0,Oregon State,Arizona State,63.5,-110.0,-110.0,14.0
2014,12.0,Penn State,Temple,40.0,-110.0,-110.0,13.0
2014,12.0,Rutgers,Indiana,53.5,-110.0,-110.0,14.0
2014,12.0,South Alabama,Texas State,50.5,-110.0,-110.0,14.0
2014,12.0,Stanford,Utah,41.0,-110.0,-110.0,14.0
2014,12.0,Tennessee,Kentucky,53.0,-110.0,-110.0,14.0
2014,12.0,Texas A&M,Missouri,55.5,-110.0,-110.0,14.0
2014,12.0,Texas Tech,Oklahoma,65.0,-110.0,-110.0,14.0
2014,12.0,Tulane,Memphis,48.5,-110.0,-110.0,14.0
2014,12.0,UCF,Tulsa,54.5,-110.0,-110.0,14.0
2014,12.0,USC,California,72.0,-110.0,-110.0,14.0
2014,12.0,UTEP,North Texas,47.5,-110.0,-110.0,14.0
2014,12.0,Utah State,New Mexico,52.5,-110.0,-110.0,14.0
2014,12.0,Western Kentucky,Army,71.5,-110.0,-110.0,14.0
2014,12.0,Western Michigan,Eastern Michigan,56.0,-110.0,-110.0,14.0
2014,12.0,Wisconsin,Nebraska,55.25,-110.0,-110.0,14.0
2014,13.0,Arizona State,Washington State,71.5,-110.0,-110.0,14.0
2014,13.0,Arkansas,Ole Miss,45.0,-110.0,-110.0,14.0
2014,13.0,Army,Fordham,67.5,-115.0,-115.0,3.0
2014,13.0,Auburn,Samford,59.5,-115.0,-120.0,3.0
2014,13.0,Ball State,Eastern Michigan,53.25,-110.0,-110.0,14.0
2014,13.0,Baylor,Oklahoma State,67.75,-110.0,-110.0,14.0
2014,13.0,California,Stanford,56.0,-110.0,-110.0,14.0
2014,13.0,Central Michigan,Western Michigan,51.5,-110.0,-110.0,14.0
2014,13.0,Clemson,Georgia State,57.5,-110.0,-110.0,14.0
2014,13.0,Colorado State,New Mexico,65.5,-110.0,-110.0,14.0
2014,13.0,Duke,North Carolina,66.5,-110.0,-110.0,14.0
2014,13.0,East Carolina,Tulane,61.25,-110.0,-110.0,14.0
2014,13.0,Florida,Eastern Kentucky,51.0,-115.0,-115.0,3.0
2014,13.0,Florida State,Boston College,58.0,-110.0,-110.0,14.0
2014,13.0,Georgia,Charleston Southern,58.5,-115.0,-115.0,3.0
2014,13.0,Houston,Tulsa,57.0,-110.0,-110.0,14.0
2014,13.0,Illinois,Penn State,44.5,-110.0,-109.0,14.0
2014,13.0,Iowa,Wisconsin,49.75,-110.0,-110.0,14.0
2014,13.0,Iowa State,Texas Tech,72.5,-110.0,-110.0,14.0
2014,13.0,Memphis,South Florida,46.0,-110.0,-110.0,14.0
2014,13.0,Michigan,Maryland,43.0,-110.0,-110.0,14.0
2014,13.0,Michigan State,Rutgers,57.0,-110.0,-110.0,14.0
2014,13.0,Middle Tennessee,Florida Atlantic,57.25,-110.0,-110.0,14.0
2014,13.0,Mississippi State,Vanderbilt,56.0,-110.0,-110.0,14.0
2014,13.0,Nebraska,Minnesota,52.0,-109.5,-110.0,14.0
2014,13.0,Nevada,Fresno State,63.0,-110.0,-110.0,14.0
2014,13.0,North Texas,Florida International,45.75,-110.0,-110.0,14.0
2014,13.0,Notre Dame,Louisville,51.5,-110.0,-110.0,14.0
2014,13.0,Ohio,Northern Illinois,52.5,-110.0,-110.0,14.0
2014,13.0,Ohio State,Indiana,66.5,-110.0,-110.0,14.0
2014,13.0,Oklahoma,Kansas,55.0,-110.0,-110.0,14.0
2014,13.0,Old Dominion,Louisiana Tech,65.5,-110.0,-110.0,14.0
2014,13.0,Oregon,Colorado,74.5,-110.0,-110.0,14.0
2014,13.0,Pittsburgh,Syracuse,51.5,-110.0,-110.0,14.0
2014,13.0,Purdue,Northwestern,51.0,-110.0,-110.0,14.0
2014,13.0,Rice,UTEP,48.5,-110.0,-110.0,14.0
2014,13.0,San Diego State,Air Force,49.0,-110.0,-110.0,14.0
2014,13.0,South Carolina,South Alabama,56.75,-110.0,-110.0,14.0
2014,13.0,Tennessee,Missouri,48.75,-110.0,-110.0,14.0
2014,13.0,Texas State,Arkansas State,58.0,-110.0,-110.0,14.0
2014,13.0,Toledo,Bowling Green,59.5,-110.0,-110.0,14.0
2014,13.0,UCLA,USC,62.0,-110.0,-110.0,14.0
2014,13.0,Utah,Arizona,53.5,-110.0,-110.0,14.0
2014,13.0,Wake Forest,Virginia Tech,38.0,-110.0,-110.0,14.0
2014,13.0,Washington,Oregon State,53.5,-110.0,-110.0,14.0
2014,13.0,West Virginia,Kansas State,58.5,-110.0,-110.0,14.0
2014,13.0,Wyoming,Boise State,51.5,-110.0,-110.0,14.0
2014,14.0,Air Force,Colorado State,62.0,-110.0,-110.0,14.0
2014,14.0,Alabama,Auburn,55.0,-110.0,-110.0,14.0
2014,14.0,Arizona,Arizona State,65.0,-110.0,-110.0,13.0
2014,14.0,Arkansas State,New Mexico State,65.0,-110.0,-110.0,14.0
2014,14.0,Boise State,Utah State,55.0,-110.0,-110.0,14.0
2014,14.0,Boston College,Syracuse,45.25,-110.0,-110.0,14.0
2014,14.0,Bowling Green,Ball State,57.5,-110.0,-109.0,14.0
2014,14.0,Clemson,South Carolina,53.0,-110.0,-110.0,14.0
2014,14.0,Colorado,Utah,53.0,-110.0,-110.0,14.0
2014,14.0,Duke,Wake Forest,44.5,-110.0,-110.0,14.0
2014,14.0,Eastern Michigan,Toledo,59.75,-110.0,-110.0,14.0
2014,14.0,Florida Atlantic,Old Dominion,66.5,-110.0,-110.0,14.0
2014,14.0,Florida State,Florida,53.0,-110.0,-110.0,14.0
2014,14.0,Georgia,Georgia Tech,66.5,-110.0,-110.0,14.0
2014,14.0,Georgia State,Texas State,60.0,-110.0,-110.0,14.0
2014,14.0,Indiana,Purdue,54.0,-110.0,-110.0,14.0
2014,14.0,Iowa,Nebraska,53.0,-110.0,-110.0,14.0
2014,14.0,Iowa State,West Virginia,62.5,-109.0,-110.0,14.0
2014,14.0,Kansas State,Kansas,51.5,-110.0,-110.0,14.0
2014,14.0,Kent State,Akron,43.5,-110.0,-110.0,14.0
2014,14.0,Louisiana Tech,Rice,47.5,-110.0,-110.0,14.0
2014,14.0,Louisville,Kentucky,51.75,-110.0,-110.0,14.0
2014,14.0,Marshall,Western Kentucky,75.5,-110.0,-110.0,14.0
2014,14.0,Maryland,Rutgers,53.0,-110.0,-110.0,14.0
2014,14.0,Miami (OH),Ohio,52.5,-110.0,-110.0,14.0
2014,14.0,Missouri,Arkansas,43.0,-110.0,-110.0,14.0
2014,14.0,New Mexico,Wyoming,61.5,-110.0,-110.0,14.0
2014,14.0,Northwestern,Illinois,52.0,-110.0,-110.0,14.0
2014,14.0,Ohio State,Michigan,55.0,-110.0,-110.0,14.0
2014,14.0,Ole Miss,Mississippi State,52.25,-110.0,-110.0,14.0
2014,14.0,Oregon State,Oregon,66.5,-110.0,-110.0,14.0
2014,14.0,Penn State,Michigan State,43.5,-107.5,-110.0,14.0
2014,14.0,South Alabama,Navy,54.0,-110.0,-110.0,14.0
2014,14.0,South Florida,UCF,42.5,-110.0,-110.0,14.0
2014,14.0,Temple,Cincinnati,58.0,-110.0,-110.0,14.0
2014,14.0,Texas,TCU,54.0,-110.0,-110.0,14.0
2014,14.0,Texas A&M,LSU,53.0,-110.0,-110.0,14.0
2014,14.0,Texas Tech,Baylor,79.5,-110.0,-110.0,14.0
2014,14.0,Tulsa,East Carolina,70.0,-109.0,-110.0,14.0
2014,14.0,UCLA,Stanford,48.5,-110.0,-110.0,14.0
2014,14.0,UNLV,Nevada,62.75,-110.0,-110.0,14.0
2014,14.0,USC,Notre Dame,62.5,-110.0,-110.0,14.0
2014,14.0,UTEP,Middle Tennessee,52.25,-110.0,-110.0,14.0
2014,14.0,Vanderbilt,Tennessee,49.5,-110.0,-110.0,14.0
2014,14.0,Virginia Tech,Virginia,38.0,-110.0,-110.0,14.0
2014,14.0,Washington State,Washington,62.5,-110.0,-110.0,14.0
2014,14.0,Western Michigan,Northern Illinois,58.5,-110.0,-110.0,14.0
2014,14.0,Wisconsin,Minnesota,49.25,-110.0,-110.0,14.0
2014,15.0,Baylor,Kansas State,71.5,-110.0,-110.0,14.0
2014,15.0,Boise State,Fresno State,70.0,-110.0,-110.0,14.0
2014,15.0,Bowling Green,Northern Illinois,64.0,-110.0,-110.0,14.0
2014,15.0,Cincinnati,Houston,57.0,-110.0,-110.0,14.0
2014,15.0,East Carolina,UCF,55.5,-110.0,-109.0,14.0
2014,15.0,Georgia Tech,Florida State,64.0,-110.0,-110.0,14.0
2014,15.0,Marshall,Louisiana Tech,67.5,-110.0,-110.0,14.0
2014,15.0,Ohio State,Wisconsin,54.5,-110.0,-110.0,14.0
2014,15.0,Oklahoma,Oklahoma State,57.5,-110.0,-110.0,14.0
2014,15.0,Oregon,Arizona,72.5,-110.0,-110.0,14.0
2014,15.0,TCU,Iowa State,69.25,-110.0,-109.5,14.0
2014,15.0,Tulane,Temple,41.5,-110.0,-110.0,14.0
2015,1.0,Air Force,Morgan State,60.0,-115.0,-115.0,5.0
2015,1.0,Alabama,Wisconsin,44.5,-110.0,-110.0,16.0
2015,1.0,Arkansas,UTEP,50.0,-110.0,-110.0,16.0
2015,1.0,Army,Fordham,62.5,-115.0,-115.0,4.0
2015,1.0,Auburn,Louisville,54.0,-110.0,-110.0,16.0
2015,1.0,Boise State,Washington,53.0,-110.0,-110.0,16.0
2015,1.0,Boston College,Maine,46.0,-115.0,-115.0,5.0
2015,1.0,Central Michigan,Oklahoma State,58.0,-110.0,-110.0,16.0
2015,1.0,Cincinnati,Alabama A&M,59.75,-115.0,-115.0,5.0
2015,1.0,Clemson,Wofford,57.5,-115.0,-115.0,5.0
2015,1.0,East Carolina,Towson,58.0,-115.0,-115.0,5.0
2015,1.0,Eastern Michigan,Old Dominion,59.5,-110.0,-110.0,16.0
2015,1.0,Florida,New Mexico State,54.0,-110.0,-110.0,16.0
2015,1.0,Florida State,Texas State,60.0,-110.0,-110.0,16.0
2015,1.0,Fresno State,Abilene Christian,58.0,-120.0,-120.0,3.0
2015,1.0,Georgia State,Charlotte,68.5,-110.0,-110.0,16.0
2015,1.0,Georgia Tech,Alcorn State,65.0,-120.0,-120.0,3.0
2015,1.0,Houston,Tennessee Tech,54.75,-115.0,-117.5,5.0
2015,1.0,Idaho,Ohio,57.25,-110.0,-110.0,16.0
2015,1.0,Illinois,Kent State,53.5,-110.0,-110.0,16.0
2015,1.0,Indiana,Southern Illinois,58.25,-115.0,-115.0,5.0
2015,1.0,Iowa,Illinois State,58.75,-115.0,-115.0,5.0
2015,1.0,Iowa State,Northern Iowa,60.25,-115.0,-115.0,5.0
2015,1.0,Kansas,South Dakota State,48.75,-115.0,-115.0,5.0
2015,1.0,Kansas State,South Dakota,49.0,-115.0,-115.0,5.0
2015,1.0,Marshall,Purdue,60.5,-110.0,-110.0,16.0
2015,1.0,Maryland,Richmond,59.5,-115.0,-115.0,5.0
2015,1.0,Memphis,Missouri State,54.5,-117.5,-115.0,5.0
2015,1.0,Middle Tennessee,Jackson State,57.0,-115.0,-115.0,5.0
2015,1.0,Minnesota,TCU,57.0,-110.0,-110.0,16.0
2015,1.0,Missouri,Southeast Missouri State,55.0,-117.5,-115.0,5.0
2015,1.0,Navy,Colgate,50.5,-115.0,-115.0,5.0
2015,1.0,Nevada,UC Davis,59.5,-120.0,-120.0,3.0
2015,1.0,New Mexico,Mississippi Valley State,59.0,-110.0,-115.0,4.0
2015,1.0,Northern Illinois,UNLV,61.5,-110.0,-110.0,16.0
2015,1.0,Northwestern,Stanford,48.0,-110.0,-110.0,16.0
2015,1.0,Notre Dame,Texas,48.0,-110.0,-110.0,16.0
2015,1.0,Oklahoma,Akron,57.0,-110.0,-110.0,16.0
2015,1.0,Oregon,Eastern Washington,78.5,-115.0,-115.0,5.0
2015,1.0,Oregon State,Weber State,53.5,-120.0,-120.0,4.0
2015,1.0,Pittsburgh,Youngstown State,56.0,-115.0,-115.0,5.0
2015,1.0,Rice,Wagner,46.0,-115.0,-115.0,5.0
2015,1.0,Rutgers,Norfolk State,45.25,-115.0,-115.0,5.0
2015,1.0,San Diego State,San Diego,46.5,-115.0,-115.0,5.0
2015,1.0,South Alabama,Gardner-Webb,40.0,-115.0,-115.0,5.0
2015,1.0,South Florida,Florida A&M,39.5,-115.0,-115.0,5.0
2015,1.0,Syracuse,Rhode Island,43.5,-120.0,-120.0,4.0
2015,1.0,Temple,Penn State,43.0,-110.0,-110.0,16.0
2015,1.0,Tennessee,Bowling Green,67.5,-110.0,-110.0,16.0
2015,1.0,Texas A&M,Arizona State,65.0,-110.0,-110.0,16.0
2015,1.0,Tulane,Duke,52.0,-110.0,-110.0,16.0
2015,1.0,Tulsa,Florida Atlantic,68.0,-110.0,-110.0,16.0
2015,1.0,UCF,Florida International,44.5,-110.0,-110.0,16.0
2015,1.0,UCLA,Virginia,52.0,-110.0,-110.0,16.0
2015,1.0,USC,Arkansas State,66.5,-110.0,-110.0,16.0
2015,1.0,Utah,Michigan,44.5,-110.0,-110.0,16.0
2015,1.0,Utah State,Southern Utah,47.0,-120.0,-120.0,3.0
2015,1.0,Vanderbilt,Western Kentucky,53.5,-110.0,-110.0,16.0
2015,1.0,Virginia Tech,Ohio State,52.5,-110.0,-110.0,16.0
2015,1.0,Wake Forest,Elon,40.5,-120.0,-120.0,3.0
2015,1.0,Washington State,Portland State,66.25,-115.0,-115.0,5.0
2015,1.0,West Virginia,Georgia Southern,55.0,-110.0,-110.0,16.0
2015,1.0,Western Michigan,Michigan State,55.5,-110.0,-110.0,16.0
2015,1.0,Wyoming,North Dakota,47.0,-115.0,-117.5,5.0
2015,2.0,Akron,Pittsburgh,50.0,-110.0,-110.0,16.0
2015,2.0,Alabama,Middle Tennessee,56.5,-110.0,-110.0,16.0
2015,2.0,Arizona State,Cal Poly,64.5,-112.5,-112.5,5.0
2015,2.0,Arkansas,Toledo,56.0,-110.0,-110.0,16.0
2015,2.0,Arkansas State,Missouri,54.5,-110.0,-110.0,16.0
2015,2.0,Auburn,Jacksonville State,63.0,-110.0,-115.0,5.0
2015,2.0,Baylor,Lamar,78.5,-115.0,-115.0,5.0
2015,2.0,Boston College,Howard,58.5,-115.0,-115.0,5.0
2015,2.0,California,San Diego State,59.0,-110.0,-110.0,16.0
2015,2.0,Central Michigan,Monmouth,56.5,-112.5,-112.5,5.0
2015,2.0,Cincinnati,Temple,55.5,-110.0,-110.0,16.0
2015,2.0,Colorado State,Minnesota,60.0,-110.0,-110.0,16.0
2015,2.0,Florida,East Carolina,53.5,-110.0,-110.0,16.0
2015,2.0,Florida State,South Florida,53.5,-110.0,-110.0,16.0
2015,2.0,Georgia Southern,Western Michigan,56.5,-110.0,-110.0,16.0
2015,2.0,Georgia Tech,Tulane,60.0,-110.0,-110.0,16.0
2015,2.0,Illinois,Western Illinois,60.0,-110.0,-115.0,5.0
2015,2.0,Indiana,Florida International,56.0,-110.0,-110.0,16.0
2015,2.0,Iowa State,Iowa,47.5,-110.0,-110.0,16.0
2015,2.0,Kansas,Memphis,63.0,-110.0,-110.0,16.0
2015,2.0,Kent State,Delaware State,42.5,-115.0,-115.0,5.0
2015,2.0,Louisville,Houston,56.0,-110.0,-110.0,16.0
2015,2.0,Maryland,Bowling Green,70.5,-110.0,-110.0,16.0
2015,2.0,Michigan,Oregon State,46.0,-110.0,-110.0,16.0
2015,2.0,Michigan State,Oregon,66.0,-110.0,-110.0,16.0
2015,2.0,Mississippi State,LSU,53.0,-110.0,-110.0,16.0
2015,2.0,Nebraska,South Alabama,54.0,-110.0,-110.0,16.0
2015,2.0,Nevada,Arizona,63.0,-110.0,-110.0,16.0
2015,2.0,New Mexico,Tulsa,71.5,-110.0,-110.0,16.0
2015,2.0,New Mexico State,Georgia State,64.5,-110.0,-110.0,16.0
2015,2.0,Northern Illinois,Murray State,77.0,-112.5,-112.5,5.0
2015,2.0,Northwestern,Eastern Illinois,50.0,-112.5,-112.5,5.0
2015,2.0,Ohio,Marshall,60.0,-110.0,-110.0,16.0
2015,2.0,Oklahoma State,Central Arkansas,72.0,-115.0,-115.0,5.0
2015,2.0,Old Dominion,Norfolk State,59.0,-115.0,-115.0,5.0
2015,2.0,Ole Miss,Fresno State,56.0,-110.0,-110.0,16.0
2015,2.0,Penn State,Buffalo,47.5,-110.0,-110.0,16.0
2015,2.0,Purdue,Indiana State,53.0,-110.0,-115.0,5.0
2015,2.0,Rutgers,Washington State,62.0,-110.0,-110.0,16.0
2015,2.0,South Carolina,Kentucky,56.0,-110.0,-110.0,16.0
2015,2.0,Stanford,UCF,46.0,-110.0,-110.0,16.0
2015,2.0,Syracuse,Wake Forest,41.0,-110.0,-110.0,16.0
2015,2.0,TCU,Stephen F. Austin,70.5,-112.5,-112.5,5.0
2015,2.0,Tennessee,Oklahoma,63.5,-110.0,-110.0,16.0
2015,2.0,Texas,Rice,49.5,-110.0,-110.0,16.0
2015,2.0,Texas A&M,Ball State,64.5,-110.0,-110.0,16.0
2015,2.0,Texas Tech,UTEP,65.5,-110.0,-110.0,16.0
2015,2.0,Troy,Charleston Southern,54.0,-115.0,-115.0,5.0
2015,2.0,UNLV,UCLA,65.5,-110.0,-110.0,16.0
2015,2.0,USC,Idaho,66.5,-110.0,-110.0,16.0
2015,2.0,Utah,Utah State,44.0,-110.0,-110.0,16.0
2015,2.0,Vanderbilt,Georgia,49.0,-110.0,-110.0,16.0
2015,2.0,Virginia,Notre Dame,47.0,-110.0,-110.0,16.0
2015,2.0,Virginia Tech,Furman,44.0,-112.5,-115.0,5.0
2015,2.0,Washington,Sacramento State,61.0,-115.0,-115.0,5.0
2015,2.0,West Virginia,Liberty,59.25,-112.5,-112.5,5.0
2015,2.0,Western Kentucky,Louisiana Tech,63.5,-110.0,-110.0,16.0
2015,2.0,Wisconsin,Miami (OH),52.0,-110.0,-110.0,16.0
2015,2.0,Wyoming,Eastern Michigan,52.0,-110.0,-110.0,16.0
2015,3.0,Alabama,Ole Miss,52.0,-110.0,-110.0,16.0
2015,3.0,Arizona,Northern Arizona,63.0,-115.0,-115.0,3.0
2015,3.0,Arizona State,New Mexico,63.5,-110.0,-110.0,16.0
2015,3.0,Arkansas,Texas Tech,69.0,-110.0,-110.0,16.0
2015,3.0,Arkansas State,Missouri State,61.0,-115.0,-115.0,5.0
2015,3.0,Army,Wake Forest,49.5,-110.0,-110.0,16.0
2015,3.0,Boise State,Idaho State,61.5,-110.0,-110.0,13.0
2015,3.0,Boston College,Florida State,47.5,-110.0,-110.0,16.0
2015,3.0,Bowling Green,Memphis,71.5,-110.0,-110.0,16.0
2015,3.0,Colorado State,Colorado,56.0,-110.0,-110.0,16.0
2015,3.0,Duke,Northwestern,50.0,-110.0,-110.0,16.0
2015,3.0,Eastern Michigan,Ball State,61.5,-110.0,-110.0,16.0
2015,3.0,Florida Atlantic,Buffalo,59.5,-110.0,-110.0,15.0
2015,3.0,Fresno State,Utah,52.5,-110.0,-110.0,15.0
2015,3.0,Georgia,South Carolina,54.0,-110.0,-110.0,16.0
2015,3.0,Idaho,Wofford,62.0,-115.0,-115.0,5.0
2015,3.0,Indiana,Western Kentucky,72.0,-110.0,-110.0,16.0
2015,3.0,Iowa,Pittsburgh,48.0,-110.0,-110.0,16.0
2015,3.0,Kansas State,Louisiana Tech,52.0,-110.0,-110.0,16.0
2015,3.0,Kentucky,Florida,52.5,-110.0,-110.0,16.0
2015,3.0,LSU,Auburn,50.0,-110.0,-110.0,16.0
2015,3.0,Louisville,Clemson,54.0,-110.0,-110.0,16.0
2015,3.0,Marshall,Norfolk State,55.0,-115.0,-115.0,5.0
2015,3.0,Maryland,South Florida,51.5,-110.0,-110.0,16.0
2015,3.0,Miami (OH),Cincinnati,59.5,-110.0,-110.0,16.0
2015,3.0,Michigan,UNLV,49.5,-110.0,-110.0,15.0
2015,3.0,Michigan State,Air Force,54.5,-110.0,-110.0,15.0
2015,3.0,Middle Tennessee,Charlotte,65.5,-110.0,-110.0,16.0
2015,3.0,Minnesota,Kent State,47.0,-110.0,-110.0,16.0
2015,3.0,Mississippi State,Northwestern State,60.0,-115.0,-115.0,5.0
2015,3.0,Navy,East Carolina,58.5,-110.0,-110.0,16.0
2015,3.0,New Mexico State,UTEP,60.0,-110.0,-110.0,16.0
2015,3.0,North Carolina,Illinois,63.0,-110.0,-110.0,16.0
2015,3.0,North Texas,Rice,53.0,-110.0,-110.0,16.0
2015,3.0,Notre Dame,Georgia Tech,56.0,-110.0,-110.0,16.0
2015,3.0,Ohio State,Northern Illinois,67.5,-110.0,-110.0,16.0
2015,3.0,Oklahoma,Tulsa,71.0,-110.0,-110.0,16.0
2015,3.0,Oregon,Georgia State,71.0,-110.0,-110.0,16.0
2015,3.0,Penn State,Rutgers,47.0,-110.0,-110.0,16.0
2015,3.0,Purdue,Virginia Tech,49.0,-110.0,-110.0,16.0
2015,3.0,San Diego State,South Alabama,47.5,-110.0,-110.0,16.0
2015,3.0,Syracuse,Central Michigan,47.0,-110.0,-110.0,16.0
2015,3.0,Tennessee,Western Carolina,63.0,-115.0,-115.0,5.0
2015,3.0,Texas,California,58.0,-110.0,-110.0,16.0
2015,3.0,Texas A&M,Nevada,64.5,-110.0,-110.0,16.0
2015,3.0,Toledo,Iowa State,58.0,-110.0,-110.0,16.0
2015,3.0,Tulane,Maine,39.0,-120.0,-120.0,3.0
2015,3.0,UCF,Furman,51.75,-115.0,-115.0,5.0
2015,3.0,USC,Stanford,50.5,-110.0,-110.0,16.0
2015,3.0,Vanderbilt,Austin Peay,54.0,-115.0,-115.0,5.0
2015,3.0,Virginia,William & Mary,45.0,-115.0,-115.0,5.0
2015,3.0,Washington,Utah State,45.5,-110.0,-110.0,16.0
2015,3.0,Washington State,Wyoming,66.5,-110.0,-110.0,15.0
2015,3.0,Western Michigan,Murray State,72.0,-115.0,-115.0,5.0
2015,3.0,Wisconsin,Troy,59.0,-110.0,-110.0,16.0
2015,4.0,Arizona,UCLA,64.5,-110.0,-110.0,16.0
2015,4.0,Arizona State,USC,62.0,-110.0,-110.0,16.0
2015,4.0,Arkansas,Texas A&M,61.5,-110.0,-110.0,16.0
2015,4.0,Auburn,Mississippi State,58.5,-110.0,-110.0,16.0
2015,4.0,Baylor,Rice,74.0,-110.0,-110.0,16.0
2015,4.0,Boston College,Northern Illinois,44.5,-110.0,-110.0,16.0
2015,4.0,Buffalo,Nevada,53.0,-110.0,-110.0,16.0
2015,4.0,Charlotte,Florida Atlantic,65.5,-110.0,-110.0,16.0
2015,4.0,Duke,Georgia Tech,55.5,-110.0,-110.0,16.0
2015,4.0,East Carolina,Virginia Tech,50.5,-110.0,-110.0,16.0
2015,4.0,Eastern Michigan,Army,55.0,-110.0,-110.0,16.0
2015,4.0,Florida,Tennessee,51.0,-110.0,-110.0,16.0
2015,4.0,Houston,Texas State,73.0,-110.0,-110.0,16.0
2015,4.0,Idaho,Georgia Southern,66.5,-110.0,-110.0,16.0
2015,4.0,Illinois,Middle Tennessee,62.0,-110.0,-110.0,16.0
2015,4.0,Iowa,North Texas,54.0,-110.0,-110.0,16.0
2015,4.0,Kent State,Marshall,47.0,-110.0,-110.0,16.0
2015,4.0,Kentucky,Missouri,44.0,-110.0,-110.0,16.0
2015,4.0,Louisiana Tech,Florida International,55.5,-110.0,-110.0,16.0
2015,4.0,Louisville,Samford,56.5,-115.0,-115.0,5.0
2015,4.0,Memphis,Cincinnati,70.5,-110.0,-110.0,15.0
2015,4.0,Michigan State,Central Michigan,56.0,-110.0,-110.0,16.0
2015,4.0,Minnesota,Ohio,47.0,-110.0,-110.0,16.0
2015,4.0,North Carolina,Delaware,58.0,-115.0,-115.0,5.0
2015,4.0,Northwestern,Ball State,48.5,-110.0,-110.0,16.0
2015,4.0,Ohio State,Western Michigan,62.0,-110.0,-110.0,16.0
2015,4.0,Ole Miss,Vanderbilt,53.5,-106.0,-110.0,16.0
2015,4.0,Oregon,Utah,63.0,-110.0,-110.0,16.0
2015,4.0,Oregon State,Stanford,47.0,-110.0,-110.0,16.0
2015,4.0,Penn State,San Diego State,40.0,-110.0,-110.0,16.0
2015,4.0,Purdue,Bowling Green,74.5,-110.0,-110.0,16.0
2015,4.0,Rutgers,Kansas,63.0,-110.0,-110.0,16.0
2015,4.0,South Carolina,UCF,45.0,-110.0,-110.0,16.0
2015,4.0,Syracuse,LSU,46.0,-110.0,-110.0,16.0
2015,4.0,Texas,Oklahoma State,62.0,-110.0,-110.0,16.0
2015,4.0,Texas Tech,TCU,83.5,-110.0,-110.0,16.0
2015,4.0,Toledo,Arkansas State,58.0,-110.0,-110.0,16.0
2015,4.0,UNLV,Idaho State,65.0,-120.0,-120.0,2.0
2015,4.0,UTEP,Incarnate Word,50.0,-120.0,-120.0,2.0
2015,4.0,Virginia,Boise State,48.5,-110.0,-110.0,15.0
2015,4.0,Wake Forest,Indiana,54.5,-110.0,-110.0,16.0
2015,4.0,Washington,California,60.0,-110.0,-110.0,16.0
2015,4.0,West Virginia,Maryland,57.0,-110.0,-110.0,16.0
2015,4.0,Western Kentucky,Miami (OH),66.5,-110.0,-110.0,16.0
2015,4.0,Wyoming,New Mexico,58.5,-110.0,-110.0,16.0
2015,5.0,Akron,Ohio,44.5,-110.0,-110.0,16.0
2015,5.0,Arkansas State,Idaho,60.5,-110.0,-110.0,16.0
2015,5.0,Ball State,Toledo,54.5,-110.0,-110.0,16.0
2015,5.0,Baylor,Texas Tech,89.0,-110.0,-110.0,16.0
2015,5.0,Buffalo,Bowling Green,68.0,-110.0,-110.0,16.0
2015,5.0,California,Washington State,73.0,-110.0,-110.0,16.0
2015,5.0,Central Michigan,Northern Illinois,51.5,-110.0,-110.0,16.0
2015,5.0,Charlotte,Temple,43.5,-110.0,-110.0,16.0
2015,5.0,Clemson,Notre Dame,48.5,-110.0,-110.0,16.0
2015,5.0,Colorado,Oregon,69.0,-110.0,-110.0,16.0
2015,5.0,Duke,Boston College,37.0,-110.0,-110.0,16.0
2015,5.0,Florida,Ole Miss,50.5,-110.0,-110.0,16.0
2015,5.0,Georgia,Alabama,51.0,-110.0,-110.0,16.0
2015,5.0,Georgia State,Liberty,60.5,-110.0,-120.0,6.0
2015,5.0,Georgia Tech,North Carolina,62.5,-110.0,-110.0,16.0
2015,5.0,Illinois,Nebraska,57.0,-110.0,-110.0,16.0
2015,5.0,Indiana,Ohio State,65.5,-110.0,-110.0,16.0
2015,5.0,Iowa State,Kansas,59.5,-110.0,-110.0,16.0
2015,5.0,Kent State,Miami (OH),43.0,-110.0,-110.0,16.0
2015,5.0,Kentucky,Eastern Kentucky,54.5,-110.0,-120.0,6.0
2015,5.0,LSU,Eastern Michigan,63.5,-110.0,-110.0,16.0
2015,5.0,Marshall,Old Dominion,54.0,-110.0,-110.0,16.0
2015,5.0,Maryland,Michigan,46.5,-110.0,-110.0,16.0
2015,5.0,Michigan State,Purdue,53.0,-110.0,-110.0,16.0
2015,5.0,Middle Tennessee,Vanderbilt,49.5,-110.0,-110.0,16.0
2015,5.0,Missouri,South Carolina,42.5,-110.0,-110.0,16.0
2015,5.0,Navy,Air Force,49.5,-110.0,-110.0,16.0
2015,5.0,Nevada,UNLV,56.0,-110.0,-110.0,16.0
2015,5.0,New Mexico,New Mexico State,66.0,-110.0,-110.0,16.0
2015,5.0,Northwestern,Minnesota,40.5,-110.0,-110.0,16.0
2015,5.0,Oklahoma,West Virginia,60.5,-110.0,-110.0,16.0
2015,5.0,Oklahoma State,Kansas State,48.0,-110.0,-110.0,16.0
2015,5.0,Penn State,Army,44.0,-110.0,-110.0,16.0
2015,5.0,Rice,Western Kentucky,69.5,-110.0,-110.0,16.0
2015,5.0,San Diego State,Fresno State,51.5,-110.0,-110.0,16.0
2015,5.0,South Florida,Memphis,58.5,-110.0,-110.0,16.0
2015,5.0,Stanford,Arizona,59.0,-110.0,-110.0,16.0
2015,5.0,TCU,Texas,72.0,-110.0,-110.0,16.0
2015,5.0,Tennessee,Arkansas,53.5,-110.0,-110.0,16.0
2015,5.0,Texas A&M,Mississippi State,63.0,-110.0,-110.0,16.0
2015,5.0,Troy,South Alabama,61.0,-110.0,-110.0,16.0
2015,5.0,Tulane,UCF,44.0,-110.0,-110.0,16.0
2015,5.0,Tulsa,Houston,80.0,-110.0,-110.0,16.0
2015,5.0,UCLA,Arizona State,61.5,-110.0,-110.0,16.0
2015,5.0,Utah State,Colorado State,50.5,-110.0,-110.0,16.0
2015,5.0,Virginia Tech,Pittsburgh,44.5,-110.0,-110.0,16.0
2015,5.0,Wake Forest,Florida State,46.0,-110.0,-110.0,16.0
2015,5.0,Wisconsin,Iowa,46.0,-110.0,-110.0,16.0
2015,6.0,Air Force,Wyoming,57.0,-110.0,-110.0,16.0
2015,6.0,Alabama,Arkansas,48.0,-110.0,-110.0,16.0
2015,6.0,Arizona,Oregon State,67.0,-110.0,-110.0,16.0
2015,6.0,Arizona State,Colorado,57.0,-110.0,-110.0,16.0
2015,6.0,Army,Duke,48.0,-110.0,-110.0,16.0
2015,6.0,Boston College,Wake Forest,35.5,-110.0,-110.0,16.0
2015,6.0,Clemson,Georgia Tech,52.0,-110.0,-110.0,16.0
2015,6.0,Colorado State,Boise State,60.0,-110.0,-110.0,16.0
2015,6.0,Eastern Michigan,Akron,52.5,-110.0,-110.0,16.0
2015,6.0,Florida Atlantic,Rice,57.0,-110.0,-110.0,16.0
2015,6.0,Florida International,UTEP,46.0,-110.0,-110.0,16.0
2015,6.0,Fresno State,Utah State,49.5,-110.0,-110.0,16.0
2015,6.0,Iowa,Illinois,47.5,-110.0,-110.0,16.0
2015,6.0,Kansas,Baylor,77.0,-110.0,-110.0,16.0
2015,6.0,Kansas State,TCU,61.5,-110.0,-110.0,16.0
2015,6.0,Michigan,Northwestern,37.0,-110.0,-110.0,16.0
2015,6.0,Mississippi State,Troy,59.0,-110.0,-110.0,16.0
2015,6.0,Missouri,Florida,39.5,-110.0,-110.0,16.0
2015,6.0,Nebraska,Wisconsin,51.5,-110.0,-110.0,16.0
2015,6.0,Nevada,New Mexico,53.5,-110.0,-110.0,16.0
2015,6.0,North Texas,Portland State,50.0,-110.0,-110.0,6.0
2015,6.0,Northern Illinois,Ball State,54.5,-110.0,-110.0,16.0
2015,6.0,Notre Dame,Navy,59.0,-110.0,-110.0,16.0
2015,6.0,Ohio,Miami (OH),51.0,-110.0,-110.0,16.0
2015,6.0,Ohio State,Maryland,57.5,-110.0,-110.0,16.0
2015,6.0,Ole Miss,New Mexico State,70.0,-110.0,-110.0,16.0
2015,6.0,Oregon,Washington State,71.0,-110.0,-110.0,16.0
2015,6.0,Penn State,Indiana,53.0,-110.0,-110.0,16.0
2015,6.0,Pittsburgh,Virginia,45.5,-110.0,-110.0,16.0
2015,6.0,Purdue,Minnesota,47.5,-110.0,-110.0,16.0
2015,6.0,Rutgers,Michigan State,56.0,-110.0,-110.0,16.0
2015,6.0,South Florida,Syracuse,46.5,-110.0,-110.0,16.0
2015,6.0,Temple,Tulane,44.5,-110.0,-110.0,16.0
2015,6.0,Tennessee,Georgia,59.5,-110.0,-110.0,16.0
2015,6.0,Texas,Oklahoma,60.0,-110.0,-110.0,16.0
2015,6.0,Texas Tech,Iowa State,72.5,-110.0,-110.0,16.0
2015,6.0,Toledo,Kent State,46.0,-110.0,-110.0,16.0
2015,6.0,USC,Washington,59.0,-110.0,-110.0,16.0
2015,6.0,Utah,California,61.0,-110.0,-110.0,16.0
2015,6.0,West Virginia,Oklahoma State,63.0,-110.0,-110.0,16.0
2015,6.0,Western Kentucky,Middle Tennessee,70.0,-110.0,-110.0,16.0
2015,6.0,Western Michigan,Central Michigan,51.5,-110.0,-110.0,16.0
2015,7.0,Army,Bucknell,45.0,-115.0,-110.0,6.0
2015,7.0,Ball State,Georgia State,63.0,-110.0,-110.0,16.0
2015,7.0,Baylor,West Virginia,75.5,-110.0,-110.0,16.0
2015,7.0,Bowling Green,Akron,62.5,-110.0,-110.0,16.0
2015,7.0,Central Michigan,Buffalo,55.5,-110.0,-110.0,16.0
2015,7.0,Clemson,Boston College,38.0,-110.0,-110.0,16.0
2015,7.0,Colorado,Arizona,67.5,-110.0,-110.0,16.0
2015,7.0,Colorado State,Air Force,54.5,-110.0,-110.0,16.0
2015,7.0,East Carolina,Tulsa,77.0,-110.0,-110.0,16.0
2015,7.0,Florida Atlantic,Marshall,47.0,-110.0,-110.0,16.0
2015,7.0,Florida State,Louisville,46.5,-110.0,-110.0,16.0
2015,7.0,Fresno State,UNLV,49.0,-110.0,-110.0,16.0
2015,7.0,Georgia,Missouri,48.5,-110.0,-110.0,16.0
2015,7.0,Georgia Southern,New Mexico State,62.0,-110.0,-110.0,16.0
2015,7.0,Georgia Tech,Pittsburgh,48.5,-110.0,-110.0,16.0
2015,7.0,Indiana,Rutgers,66.0,-110.0,-110.0,16.0
2015,7.0,Iowa State,TCU,68.0,-110.0,-110.0,16.0
2015,7.0,Kansas,Texas Tech,74.0,-110.0,-110.0,16.0
2015,7.0,Kansas State,Oklahoma,53.0,-110.0,-110.0,16.0
2015,7.0,Kentucky,Auburn,56.5,-110.0,-110.0,16.0
2015,7.0,LSU,Florida,43.5,-110.0,-110.0,16.0
2015,7.0,Memphis,Ole Miss,72.0,-110.0,-110.0,16.0
2015,7.0,Miami (OH),Northern Illinois,54.5,-110.0,-110.0,16.0
2015,7.0,Michigan,Michigan State,42.0,-110.0,-110.0,16.0
2015,7.0,Middle Tennessee,Florida International,53.0,-110.0,-110.0,16.0
2015,7.0,Minnesota,Nebraska,47.0,-110.0,-110.0,16.0
2015,7.0,Mississippi State,Louisiana Tech,60.0,-110.0,-110.0,16.0
2015,7.0,North Carolina,Wake Forest,53.0,-110.0,-110.0,16.0
2015,7.0,North Texas,Western Kentucky,72.0,-110.0,-110.0,16.0
2015,7.0,Northwestern,Iowa,41.0,-110.0,-110.0,16.0
2015,7.0,Notre Dame,USC,61.5,-110.0,-110.0,16.0
2015,7.0,Ohio,Western Michigan,53.5,-110.0,-110.0,16.0
2015,7.0,Ohio State,Penn State,50.0,-110.0,-110.0,16.0
2015,7.0,Old Dominion,Charlotte,49.5,-110.0,-110.0,16.0
2015,7.0,South Alabama,Arkansas State,58.0,-110.0,-110.0,16.0
2015,7.0,South Carolina,Vanderbilt,45.5,-110.0,-110.0,16.0
2015,7.0,Stanford,UCLA,56.0,-110.0,-110.0,16.0
2015,7.0,Temple,UCF,43.0,-110.0,-110.0,16.0
2015,7.0,Texas A&M,Alabama,54.5,-110.0,-110.0,16.0
2015,7.0,Toledo,Eastern Michigan,63.0,-110.0,-110.0,16.0
2015,7.0,Troy,Idaho,62.5,-110.0,-110.0,16.0
2015,7.0,Tulane,Houston,57.5,-110.0,-110.0,16.0
2015,7.0,Utah,Arizona State,51.5,-110.0,-110.0,16.0
2015,7.0,Utah State,Boise State,51.0,-110.0,-110.0,16.0
2015,7.0,Virginia,Syracuse,50.5,-110.0,-110.0,16.0
2015,7.0,Washington,Oregon,59.0,-110.0,-110.0,16.0
2015,7.0,Washington State,Oregon State,63.0,-110.0,-110.0,16.0
2015,7.0,Wisconsin,Purdue,51.5,-110.0,-110.0,16.0
2015,7.0,Wyoming,Nevada,56.0,-110.0,-110.0,16.0
2015,8.0,Air Force,Fresno State,54.5,-110.0,-110.0,17.0
2015,8.0,Alabama,Tennessee,48.0,-110.0,-110.0,17.0
2015,8.0,Arizona,Washington State,72.5,-110.0,-110.0,17.0
2015,8.0,Arkansas,Auburn,55.0,-110.0,-110.0,17.0
2015,8.0,Ball State,Central Michigan,56.0,-110.0,-110.0,17.0
2015,8.0,Baylor,Iowa State,74.5,-110.0,-110.0,17.0
2015,8.0,Boise State,Wyoming,59.5,-110.0,-110.0,17.0
2015,8.0,Buffalo,Ohio,53.0,-110.0,-110.0,17.0
2015,8.0,East Carolina,Temple,48.5,-110.0,-110.0,17.0
2015,8.0,Florida International,Old Dominion,53.0,-110.0,-110.0,17.0
2015,8.0,Georgia Tech,Florida State,56.0,-110.0,-110.0,17.0
2015,8.0,Illinois,Wisconsin,47.0,-110.0,-110.0,17.0
2015,8.0,Kent State,Bowling Green,59.0,-110.0,-110.0,17.0
2015,8.0,LSU,Western Kentucky,63.25,-110.0,-110.0,17.0
2015,8.0,Louisiana Tech,Middle Tennessee,63.25,-110.0,-110.0,17.0
2015,8.0,Louisville,Boston College,37.0,-110.0,-110.0,17.0
2015,8.0,Marshall,North Texas,56.5,-110.0,-110.0,17.0
2015,8.0,Maryland,Penn State,46.5,-110.0,-110.0,17.0
2015,8.0,Michigan State,Indiana,59.0,-110.0,-110.0,17.0
2015,8.0,Mississippi State,Kentucky,59.0,-110.0,-110.0,17.0
2015,8.0,Navy,Tulane,56.75,-110.0,-110.0,17.0
2015,8.0,Nebraska,Northwestern,50.0,-110.0,-110.0,17.0
2015,8.0,New Mexico State,Troy,58.5,-110.0,-110.0,17.0
2015,8.0,North Carolina,Virginia,59.0,-110.0,-110.0,17.0
2015,8.0,Northern Illinois,Eastern Michigan,65.0,-110.0,-110.0,17.0
2015,8.0,Oklahoma,Texas Tech,71.75,-110.0,-110.0,17.0
2015,8.0,Oklahoma State,Kansas,56.0,-110.0,-110.0,17.0
2015,8.0,Ole Miss,Texas A&M,66.5,-110.0,-110.0,17.0
2015,8.0,Oregon State,Colorado,59.0,-110.0,-110.0,17.0
2015,8.0,Rice,Army,52.5,-110.0,-110.0,17.0
2015,8.0,Rutgers,Ohio State,64.0,-110.0,-110.0,17.0
2015,8.0,San Diego State,Utah State,44.5,-110.0,-110.0,17.0
2015,8.0,Stanford,Washington,47.0,-110.0,-110.0,17.0
2015,8.0,Syracuse,Pittsburgh,49.0,-110.0,-110.0,17.0
2015,8.0,Texas,Kansas State,47.0,-110.0,-110.0,17.0
2015,8.0,Texas State,South Alabama,63.0,-110.0,-110.0,17.0
2015,8.0,Tulsa,Memphis,75.5,-110.0,-110.0,17.0
2015,8.0,UCF,Houston,53.25,-110.0,-110.0,17.0
2015,8.0,UCLA,California,69.0,-110.0,-110.0,17.0
2015,8.0,USC,Utah,57.0,-110.0,-110.0,17.0
2015,8.0,UTEP,Florida Atlantic,53.5,-110.0,-110.0,17.0
2015,8.0,Vanderbilt,Missouri,34.0,-110.0,-110.0,17.0
2015,8.0,Virginia Tech,Duke,45.5,-110.0,-110.0,17.0
2015,8.0,Western Michigan,Miami (OH),55.0,-110.0,-110.0,17.0
2015,9.0,Akron,Central Michigan,47.0,-110.0,-110.0,17.0
2015,9.0,Arizona State,Oregon,65.0,-110.0,-110.0,17.0
2015,9.0,Arkansas State,Georgia State,57.5,-110.0,-110.0,17.0
2015,9.0,Auburn,Ole Miss,57.25,-110.0,-110.0,17.0
2015,9.0,Boston College,Virginia Tech,36.5,-110.0,-110.0,17.0
2015,9.0,California,USC,69.0,-110.0,-110.0,17.0
2015,9.0,Charlotte,Marshall,48.5,-110.0,-110.0,17.0
2015,9.0,Cincinnati,UCF,61.0,-110.0,-110.0,17.0
2015,9.0,Colorado State,San Diego State,51.25,-110.0,-110.0,17.0
2015,9.0,Eastern Michigan,Western Michigan,65.0,-110.0,-110.0,17.0
2015,9.0,Florida Atlantic,Florida International,50.5,-110.0,-110.0,17.0
2015,9.0,Florida State,Syracuse,52.5,-110.0,-110.0,17.0
2015,9.0,Georgia Southern,Texas State,65.0,-110.0,-110.0,17.0
2015,9.0,Houston,Vanderbilt,49.5,-110.0,-110.0,17.0
2015,9.0,Iowa,Maryland,51.0,-110.0,-110.0,17.0
2015,9.0,Iowa State,Texas,50.0,-110.0,-110.0,17.0
2015,9.0,Kansas,Oklahoma,60.0,-110.0,-110.0,17.0
2015,9.0,Kentucky,Tennessee,60.0,-110.0,-110.0,17.0
2015,9.0,Memphis,Tulane,62.0,-110.0,-110.0,17.0
2015,9.0,Miami (OH),Buffalo,50.0,-110.0,-110.0,17.0
2015,9.0,Minnesota,Michigan,39.0,-110.0,-110.0,17.0
2015,9.0,Navy,South Florida,51.5,-110.0,-110.0,17.0
2015,9.0,New Mexico State,Idaho,69.5,-110.0,-110.0,17.0
2015,9.0,Old Dominion,Western Kentucky,66.0,-110.0,-110.0,17.0
2015,9.0,Penn State,Illinois,44.5,-110.0,-110.0,17.0
2015,9.0,Pittsburgh,North Carolina,58.5,-110.0,-110.0,17.0
2015,9.0,Purdue,Nebraska,54.0,-110.0,-110.0,17.0
2015,9.0,Rice,Louisiana Tech,60.5,-110.0,-110.0,17.0
2015,9.0,TCU,West Virginia,72.5,-110.0,-110.0,17.0
2015,9.0,Temple,Notre Dame,52.5,-110.0,-110.0,17.0
2015,9.0,Texas A&M,South Carolina,60.75,-110.0,-110.0,17.0
2015,9.0,Texas Tech,Oklahoma State,77.5,-110.0,-110.0,17.0
2015,9.0,UCLA,Colorado,62.5,-110.0,-110.0,17.0
2015,9.0,UNLV,Boise State,53.5,-110.0,-110.0,17.0
2015,9.0,Utah,Oregon State,52.0,-110.0,-110.0,17.0
2015,9.0,Utah State,Wyoming,48.0,-110.0,-110.0,17.0
2015,9.0,Virginia,Georgia Tech,51.75,-110.0,-110.0,17.0
2015,9.0,Wake Forest,Louisville,43.0,-110.0,-110.0,17.0
2015,9.0,Washington,Arizona,57.5,-110.0,-110.0,17.0
2015,9.0,Washington State,Stanford,60.0,-110.0,-110.0,17.0
2015,9.0,Wisconsin,Rutgers,50.5,-110.0,-110.0,17.0
2015,10.0,Air Force,Army,50.0,-110.0,-110.0,17.0
2015,10.0,Alabama,LSU,46.0,-110.0,-110.0,17.0
2015,10.0,Bowling Green,Ohio,66.0,-110.0,-110.0,17.0
2015,10.0,Clemson,Florida State,54.5,-110.0,-110.0,17.0
2015,10.0,Colorado,Stanford,56.0,-110.0,-110.0,17.0
2015,10.0,East Carolina,South Florida,56.0,-110.0,-110.0,17.0
2015,10.0,Florida,Vanderbilt,39.0,-110.0,-110.0,17.0
2015,10.0,Florida International,Charlotte,52.0,-110.0,-110.0,17.0
2015,10.0,Fresno State,Nevada,54.0,-110.0,-110.0,17.0
2015,10.0,Georgia,Kentucky,58.0,-110.0,-110.0,17.0
2015,10.0,Houston,Cincinnati,70.5,-110.0,-110.0,17.0
2015,10.0,Indiana,Iowa,58.5,-110.0,-110.0,17.0
2015,10.0,Kansas State,Baylor,67.0,-110.0,-110.0,17.0
2015,10.0,Kent State,Buffalo,43.5,-110.0,-110.0,17.0
2015,10.0,Louisiana Tech,North Texas,62.0,-110.0,-110.0,17.0
2015,10.0,Louisville,Syracuse,50.5,-110.0,-110.0,17.0
2015,10.0,Maryland,Wisconsin,49.0,-110.0,-110.0,17.0
2015,10.0,Memphis,Navy,63.0,-110.0,-110.0,17.0
2015,10.0,Miami (OH),Eastern Michigan,62.75,-110.0,-110.0,17.0
2015,10.0,Michigan,Rutgers,48.5,-110.0,-110.0,17.0
2015,10.0,Middle Tennessee,Marshall,56.0,-110.0,-110.0,17.0
2015,10.0,Missouri,Mississippi State,41.5,-110.0,-110.0,17.0
2015,10.0,Nebraska,Michigan State,55.5,-110.0,-110.0,17.0
2015,10.0,New Mexico,Utah State,57.5,-110.0,-110.0,17.0
2015,10.0,North Carolina,Duke,60.5,-110.0,-110.0,17.0
2015,10.0,Northwestern,Penn State,41.0,-110.0,-110.0,17.0
2015,10.0,Ohio State,Minnesota,53.0,-110.0,-110.0,17.0
2015,10.0,Oklahoma,Iowa State,57.5,-110.0,-110.0,17.0
2015,10.0,Oklahoma State,TCU,76.5,-110.0,-110.0,17.0
2015,10.0,Ole Miss,Arkansas,54.5,-110.0,-110.0,17.0
2015,10.0,Oregon,California,75.5,-110.0,-110.0,17.0
2015,10.0,Oregon State,UCLA,60.0,-110.0,-110.0,17.0
2015,10.0,Pittsburgh,Notre Dame,53.0,-110.0,-110.0,17.0
2015,10.0,Purdue,Illinois,50.0,-110.0,-110.0,17.0
2015,10.0,South Alabama,Idaho,61.0,-110.0,-110.0,17.0
2015,10.0,Tennessee,South Carolina,60.0,-110.0,-110.0,17.0
2015,10.0,Texas,Kansas,52.5,-110.0,-110.0,17.0
2015,10.0,Texas A&M,Auburn,59.0,-110.0,-110.0,17.0
2015,10.0,Texas State,New Mexico State,69.0,-110.0,-110.0,17.0
2015,10.0,Toledo,Northern Illinois,62.5,-110.0,-110.0,17.0
2015,10.0,Tulsa,UCF,61.0,-110.0,-110.0,17.0
2015,10.0,USC,Arizona,69.0,-110.0,-110.0,17.0
2015,10.0,UTEP,Rice,56.5,-110.0,-110.0,17.0
2015,10.0,Washington,Utah,43.0,-110.0,-110.0,17.0
2015,10.0,Washington State,Arizona State,65.0,-110.0,-110.0,17.0
2015,10.0,West Virginia,Texas Tech,81.0,-110.0,-110.0,17.0
2015,10.0,Western Kentucky,Florida Atlantic,67.0,-110.0,-110.0,17.0
2015,10.0,Western Michigan,Ball State,61.5,-110.0,-110.0,17.0
2015,10.0,Wyoming,Colorado State,55.5,-110.0,-110.0,17.0
2015,11.0,Air Force,Utah State,51.0,-110.0,-110.0,17.0
2015,11.0,Arizona,Utah,60.5,-110.0,-110.0,17.0
2015,11.0,Arizona State,Washington,50.5,-110.0,-110.0,17.0
2015,11.0,Army,Tulane,43.25,-110.0,-110.0,17.0
2015,11.0,Auburn,Georgia,53.5,-110.0,-110.0,17.0
2015,11.0,Baylor,Oklahoma,76.0,-110.0,-110.0,17.0
2015,11.0,Boise State,New Mexico,57.5,-110.0,-110.0,17.0
2015,11.0,Buffalo,Northern Illinois,55.0,-110.0,-110.0,17.0
2015,11.0,California,Oregon State,63.5,-110.0,-110.0,17.0
2015,11.0,Central Michigan,Toledo,55.0,-110.0,-110.0,17.0
2015,11.0,Cincinnati,Tulsa,76.5,-110.0,-110.0,17.0
2015,11.0,Colorado,USC,58.5,-110.0,-110.0,17.0
2015,11.0,Colorado State,UNLV,58.5,-110.0,-110.0,17.0
2015,11.0,Duke,Pittsburgh,49.0,-110.0,-110.0,17.0
2015,11.0,Florida Atlantic,Middle Tennessee,58.0,-110.0,-110.0,17.0
2015,11.0,Georgia Tech,Virginia Tech,50.5,-110.0,-110.0,17.0
2015,11.0,Houston,Memphis,70.0,-110.0,-110.0,17.0
2015,11.0,Illinois,Ohio State,55.0,-110.0,-110.0,17.0
2015,11.0,Indiana,Michigan,56.0,-110.0,-110.0,17.0
2015,11.0,Iowa,Minnesota,47.0,-110.0,-110.0,17.0
2015,11.0,Iowa State,Oklahoma State,57.0,-110.0,-110.0,17.0
2015,11.0,LSU,Arkansas,54.5,-110.0,-110.0,17.0
2015,11.0,Louisville,Virginia,48.0,-110.0,-110.0,17.0
2015,11.0,Marshall,Florida International,52.5,-110.0,-110.0,17.0
2015,11.0,Miami (OH),Akron,42.5,-110.0,-110.0,17.0
2015,11.0,Michigan State,Maryland,54.5,-110.0,-110.0,17.0
2015,11.0,Mississippi State,Alabama,51.0,-110.0,-110.0,17.0
2015,11.0,Northwestern,Purdue,48.0,-110.0,-110.0,17.0
2015,11.0,Notre Dame,Wake Forest,52.0,-110.0,-110.0,17.0
2015,11.0,Ohio,Kent State,44.0,-110.0,-110.0,17.0
2015,11.0,Old Dominion,UTEP,56.25,-110.0,-110.0,17.0
2015,11.0,Rutgers,Nebraska,64.75,-110.0,-110.0,17.0
2015,11.0,San Diego State,Wyoming,49.0,-110.0,-110.0,17.0
2015,11.0,South Carolina,Florida,47.0,-110.0,-110.0,17.0
2015,11.0,South Florida,Temple,44.5,-110.0,-110.0,14.0
2015,11.0,Stanford,Oregon,66.0,-110.0,-110.0,17.0
2015,11.0,Syracuse,Clemson,57.0,-110.0,-110.0,17.0
2015,11.0,TCU,Kansas,71.0,-110.0,-110.0,17.0
2015,11.0,Tennessee,North Texas,66.0,-110.0,-110.0,17.0
2015,11.0,Texas A&M,Western Carolina,62.0,-120.0,-120.0,3.0
2015,11.0,Texas State,Georgia State,64.0,-110.0,-110.0,17.0
2015,11.0,Texas Tech,Kansas State,67.25,-110.0,-110.0,17.0
2015,11.0,Troy,Georgia Southern,58.5,-110.0,-110.0,17.0
2015,11.0,UCLA,Washington State,66.0,-110.0,-110.0,17.0
2015,11.0,Vanderbilt,Kentucky,41.0,-110.0,-110.0,17.0
2015,11.0,West Virginia,Texas,52.5,-110.0,-110.0,17.0
2015,11.0,Western Michigan,Bowling Green,72.5,-110.0,-110.0,17.0
2015,12.0,Akron,Buffalo,45.0,-110.0,-110.0,17.0
2015,12.0,Alabama,Charleston Southern,50.0,-110.0,-110.0,7.0
2015,12.0,Arizona State,Arizona,67.0,-110.0,-110.0,17.0
2015,12.0,Arkansas,Mississippi State,59.0,-110.0,-110.0,17.0
2015,12.0,Army,Rutgers,55.5,-110.0,-110.0,17.0
2015,12.0,Auburn,Idaho,63.5,-110.0,-110.0,17.0
2015,12.0,Boise State,Air Force,55.5,-110.0,-110.0,17.0
2015,12.0,Bowling Green,Toledo,72.5,-110.0,-110.0,17.0
2015,12.0,Clemson,Wake Forest,48.0,-110.0,-110.0,17.0
2015,12.0,Florida,Florida Atlantic,45.5,-110.0,-110.0,17.0
2015,12.0,Florida International,Western Kentucky,66.0,-110.0,-110.0,17.0
2015,12.0,Florida State,Chattanooga,51.0,-110.0,-110.0,7.0
2015,12.0,Georgia,Georgia Southern,51.0,-110.0,-110.0,17.0
2015,12.0,Georgia State,South Alabama,60.5,-110.0,-110.0,17.0
2015,12.0,Iowa,Purdue,53.5,-110.0,-110.0,17.0
2015,12.0,Kansas,West Virginia,56.0,-110.0,-110.0,17.0
2015,12.0,Kansas State,Iowa State,50.5,-110.0,-110.0,17.0
2015,12.0,Kent State,Central Michigan,40.5,-110.0,-110.0,17.0
2015,12.0,Kentucky,Charlotte,56.0,-110.0,-110.0,17.0
2015,12.0,Maryland,Indiana,62.75,-110.0,-110.0,17.0
2015,12.0,Middle Tennessee,North Texas,63.25,-110.0,-110.0,17.0
2015,12.0,Minnesota,Illinois,47.0,-110.0,-110.0,17.0
2015,12.0,Missouri,Tennessee,43.0,-110.0,-110.0,17.0
2015,12.0,New Mexico,Colorado State,56.5,-110.0,-110.0,17.0
2015,12.0,Northern Illinois,Western Michigan,60.0,-110.0,-110.0,17.0
2015,12.0,Ohio,Ball State,56.0,-110.0,-110.0,17.0
2015,12.0,Ohio State,Michigan State,53.25,-110.0,-110.0,17.0
2015,12.0,Oklahoma,TCU,64.0,-110.0,-110.0,17.0
2015,12.0,Oklahoma State,Baylor,76.5,-110.0,-110.0,17.0
2015,12.0,Ole Miss,LSU,58.0,-110.0,-110.0,17.0
2015,12.0,Oregon,USC,71.75,-110.0,-110.0,17.0
2015,12.0,Oregon State,Washington,48.5,-110.0,-110.0,17.0
2015,12.0,Penn State,Michigan,43.0,-110.0,-110.0,17.0
2015,12.0,Pittsburgh,Louisville,48.5,-110.0,-110.0,17.0
2015,12.0,South Florida,Cincinnati,66.5,-110.0,-110.0,17.0
2015,12.0,Stanford,California,63.0,-110.0,-110.0,17.0
2015,12.0,Temple,Memphis,57.0,-110.0,-110.0,17.0
2015,12.0,Tulsa,Navy,65.0,-110.0,-110.0,17.0
2015,12.0,UCF,East Carolina,51.5,-110.0,-110.0,17.0
2015,12.0,UNLV,San Diego State,51.0,-110.0,-110.0,17.0
2015,12.0,UTEP,Louisiana Tech,54.0,-110.0,-110.0,17.0
2015,12.0,Utah,UCLA,56.0,-110.0,-110.0,17.0
2015,12.0,Utah State,Nevada,54.5,-110.0,-110.0,17.0
2015,12.0,Vanderbilt,Texas A&M,44.0,-110.0,-110.0,17.0
2015,12.0,Virginia,Duke,53.5,-110.0,-110.0,17.0
2015,12.0,Virginia Tech,North Carolina,60.5,-110.0,-110.0,17.0
2015,12.0,Washington State,Colorado,60.5,-110.0,-110.0,17.0
2015,12.0,Wisconsin,Northwestern,42.0,-110.0,-110.0,17.0
2015,13.0,Akron,Kent State,38.5,-110.0,-110.0,17.0
2015,13.0,Arkansas,Missouri,44.0,-110.0,-110.0,17.0
2015,13.0,Auburn,Alabama,48.0,-110.0,-110.0,17.0
2015,13.0,Ball State,Bowling Green,74.5,-110.0,-110.0,17.0
2015,13.0,California,Arizona State,68.0,-110.0,-110.0,17.0
2015,13.0,Central Michigan,Eastern Michigan,59.0,-110.0,-110.0,17.0
2015,13.0,East Carolina,Cincinnati,69.5,-110.0,-110.0,17.0
2015,13.0,Florida,Florida State,44.0,-110.0,-110.0,17.0
2015,13.0,Fresno State,Colorado State,60.5,-110.0,-110.0,17.0
2015,13.0,Georgia Southern,South Alabama,55.5,-110.0,-110.0,17.0
2015,13.0,Georgia State,Troy,57.0,-110.0,-110.0,17.0
2015,13.0,Georgia Tech,Georgia,48.5,-110.0,-110.0,17.0
2015,13.0,Houston,Navy,59.0,-110.0,-110.0,16.0
2015,13.0,Idaho,Texas State,66.0,-110.0,-110.0,17.0
2015,13.0,Illinois,Northwestern,42.0,-110.0,-110.0,17.0
2015,13.0,Kansas,Kansas State,53.5,-110.0,-110.0,17.0
2015,13.0,Kentucky,Louisville,51.5,-110.0,-110.0,17.0
2015,13.0,LSU,Texas A&M,55.0,-110.0,-110.0,17.0
2015,13.0,Michigan,Ohio State,46.5,-110.0,-110.0,17.0
2015,13.0,Michigan State,Penn State,43.5,-110.0,-110.0,17.0
2015,13.0,Minnesota,Wisconsin,44.0,-110.0,-110.0,16.0
2015,13.0,Mississippi State,Ole Miss,65.5,-110.0,-110.0,17.0
2015,13.0,Nebraska,Iowa,58.0,-110.0,-110.0,17.0
2015,13.0,New Mexico,Air Force,53.0,-110.0,-110.0,17.0
2015,13.0,New Mexico State,Arkansas State,71.0,-110.0,-110.0,17.0
2015,13.0,North Texas,UTEP,53.0,-110.0,-110.0,17.0
2015,13.0,Northern Illinois,Ohio,58.0,-110.0,-110.0,17.0
2015,13.0,Oklahoma State,Oklahoma,63.0,-110.0,-110.0,17.0
2015,13.0,Old Dominion,Florida Atlantic,54.0,-110.0,-110.0,16.0
2015,13.0,Oregon,Oregon State,71.5,-110.0,-110.0,17.0
2015,13.0,Purdue,Indiana,69.0,-110.0,-110.0,17.0
2015,13.0,Rice,Charlotte,57.5,-110.0,-110.0,17.0
2015,13.0,Rutgers,Maryland,55.5,-110.0,-110.0,16.0
2015,13.0,San Diego State,Nevada,48.5,-110.0,-110.0,17.0
2015,13.0,South Carolina,Clemson,58.0,-110.0,-110.0,17.0
2015,13.0,Stanford,Notre Dame,57.0,-110.0,-110.0,17.0
2015,13.0,Syracuse,Boston College,38.5,-110.0,-110.0,17.0
2015,13.0,TCU,Baylor,75.5,-110.0,-110.0,16.0
2015,13.0,Tennessee,Vanderbilt,41.5,-110.0,-110.0,17.0
2015,13.0,Texas,Texas Tech,70.5,-110.0,-110.0,17.0
2015,13.0,Toledo,Western Michigan,58.5,-110.0,-110.0,17.0
2015,13.0,Tulane,Tulsa,59.0,-110.0,-110.0,17.0
2015,13.0,UCF,South Florida,53.5,-110.0,-110.0,17.0
2015,13.0,USC,UCLA,61.0,-110.0,-110.0,17.0
2015,13.0,Utah,Colorado,49.0,-110.0,-110.0,17.0
2015,13.0,Virginia,Virginia Tech,48.0,-110.0,-110.0,17.0
2015,13.0,Wake Forest,Duke,45.0,-110.0,-110.0,17.0
2015,13.0,Washington,Washington State,52.5,-110.0,-110.0,16.0
2015,13.0,West Virginia,Iowa State,57.5,-110.0,-110.0,17.0
2015,13.0,Western Kentucky,Marshall,64.0,-110.0,-110.0,17.0
2015,13.0,Wyoming,UNLV,59.0,-110.0,-110.0,17.0
2015,14.0,Alabama,Florida,38.0,-110.0,-110.0,16.0
2015,14.0,Arkansas State,Texas State,68.0,-110.0,-110.0,16.0
2015,14.0,Baylor,Texas,63.5,-110.0,-110.0,16.0
2015,14.0,Clemson,North Carolina,68.25,-110.0,-110.0,16.0
2015,14.0,Georgia Southern,Georgia State,57.0,-110.0,-110.0,16.0
2015,14.0,Houston,Temple,52.5,-110.0,-110.0,16.0
2015,14.0,Iowa,Michigan State,50.0,-110.0,-110.0,16.0
2015,14.0,Kansas State,West Virginia,54.0,-110.0,-110.0,16.0
2015,14.0,San Diego State,Air Force,46.75,-110.0,-110.0,16.0
2015,15.0,Navy,Army,50.5,-110.0,-110.0,16.0
2016,1.0,Air Force,Abilene Christian,63.0,-110.0,-110.0,5.0
2016,1.0,Alabama,USC,51.5,-110.0,-110.0,17.0
2016,1.0,Arizona State,Northern Arizona,75.0,-110.0,-110.0,4.0
2016,1.0,Arkansas,Louisiana Tech,52.5,-110.0,-110.0,17.0
2016,1.0,Arkansas State,Toledo,64.5,-110.0,-110.0,17.0
2016,1.0,Auburn,Clemson,62.5,-110.0,-110.0,17.0
2016,1.0,Baylor,Northwestern State,80.0,-110.0,-115.0,5.0
2016,1.0,Boston College,Georgia Tech,43.5,-110.0,-110.0,17.0
2016,1.0,Colorado,Colorado State,57.5,-110.0,-110.0,17.0
2016,1.0,Duke,North Carolina Central,59.0,-115.0,-115.0,2.0
2016,1.0,East Carolina,Western Carolina,57.0,-110.0,-110.0,5.0
2016,1.0,Eastern Michigan,Mississippi Valley State,67.5,-110.0,-115.0,5.0
2016,1.0,Florida Atlantic,Southern Illinois,63.0,-110.0,-110.0,5.0
2016,1.0,Florida International,Indiana,64.5,-110.0,-110.0,17.0
2016,1.0,Florida State,Ole Miss,58.0,-110.0,-110.0,17.0
2016,1.0,Georgia State,Ball State,55.5,-110.0,-110.0,17.0
2016,1.0,Houston,Oklahoma,66.0,-110.0,-110.0,17.0
2016,1.0,Idaho,Montana State,79.5,-110.0,-110.0,5.0
2016,1.0,Illinois,Murray State,65.0,-110.0,-110.0,5.0
2016,1.0,Iowa,Miami (OH),52.0,-110.0,-110.0,17.0
2016,1.0,Iowa State,Northern Iowa,49.5,-110.0,-120.0,8.0
2016,1.0,Kansas,Rhode Island,49.5,-110.0,-110.0,5.0
2016,1.0,Louisville,Charlotte,58.0,-110.0,-110.0,17.0
2016,1.0,Maryland,Howard,66.5,-110.0,-110.0,5.0
2016,1.0,Memphis,Southeast Missouri State,61.5,-110.0,-110.0,5.0
2016,1.0,Michigan State,Furman,58.5,-115.0,-110.0,5.0
2016,1.0,Middle Tennessee,Alabama A&M,62.5,-110.0,-110.0,5.0
2016,1.0,Minnesota,Oregon State,55.5,-110.0,-110.0,17.0
2016,1.0,Mississippi State,South Alabama,52.5,-110.0,-110.0,17.0
2016,1.0,Navy,Fordham,67.0,-110.0,-110.0,5.0
2016,1.0,Nebraska,Fresno State,62.5,-109.0,-110.0,17.0
2016,1.0,Nevada,Cal Poly,65.0,-110.0,-110.0,5.0
2016,1.0,New Mexico,South Dakota,48.5,-115.0,-115.0,5.0
2016,1.0,Northwestern,Western Michigan,53.0,-110.0,-110.0,17.0
2016,1.0,Ohio,Texas State,59.0,-110.0,-110.0,17.0
2016,1.0,Ohio State,Bowling Green,64.0,-110.0,-110.0,17.0
2016,1.0,Oregon,UC Davis,80.5,-110.0,-110.0,5.0
2016,1.0,Penn State,Kent State,44.0,-110.0,-110.0,17.0
2016,1.0,Pittsburgh,Villanova,49.5,-110.0,-110.0,5.0
2016,1.0,Purdue,Eastern Kentucky,59.0,-110.0,-110.0,5.0
2016,1.0,San Diego State,New Hampshire,47.5,-110.0,-110.0,5.0
2016,1.0,South Florida,Towson,50.0,-110.0,-110.0,5.0
2016,1.0,Stanford,Kansas State,49.0,-110.0,-110.0,17.0
2016,1.0,Syracuse,Colgate,63.5,-110.0,-115.0,5.0
2016,1.0,TCU,South Dakota State,58.5,-110.0,-110.0,5.0
2016,1.0,Temple,Army,45.5,-110.0,-110.0,17.0
2016,1.0,Texas,Notre Dame,56.0,-110.0,-110.0,17.0
2016,1.0,Texas A&M,UCLA,55.0,-110.0,-110.0,16.0
2016,1.0,Texas Tech,Stephen F. Austin,86.5,-110.0,-110.0,4.0
2016,1.0,Troy,Austin Peay,55.5,-110.0,-110.0,5.0
2016,1.0,UNLV,Jackson State,61.0,-115.0,-115.0,5.0
2016,1.0,UTEP,New Mexico State,58.5,-110.0,-110.0,17.0
2016,1.0,Utah,Southern Utah,51.5,-115.0,-115.0,5.0
2016,1.0,Utah State,Weber State,49.5,-115.0,-115.0,5.0
2016,1.0,Vanderbilt,South Carolina,40.5,-110.0,-110.0,17.0
2016,1.0,Virginia,Richmond,57.0,-110.0,-110.0,5.0
2016,1.0,Virginia Tech,Liberty,58.0,-110.0,-110.0,5.0
2016,1.0,Wake Forest,Tulane,43.0,-110.0,-110.0,17.0
2016,1.0,Washington,Rutgers,56.0,-110.0,-110.0,17.0
2016,1.0,Washington State,Eastern Washington,76.5,-110.0,-110.0,4.0
2016,1.0,West Virginia,Missouri,51.0,-110.0,-110.0,17.0
2016,1.0,Western Kentucky,Rice,64.5,-110.0,-110.0,17.0
2016,1.0,Wisconsin,LSU,44.0,-110.0,-110.0,17.0
2016,1.0,Wyoming,Northern Illinois,54.0,-110.0,-110.0,17.0
2016,2.0,Air Force,Georgia State,53.0,-110.0,-110.0,17.0
2016,2.0,Alabama,Western Kentucky,59.0,-110.0,-110.0,17.0
2016,2.0,Arizona State,Texas Tech,80.0,-110.0,-110.0,17.0
2016,2.0,Army,Rice,51.5,-110.0,-110.0,17.0
2016,2.0,Auburn,Arkansas State,51.5,-110.0,-110.0,17.0
2016,2.0,Boise State,Washington State,73.5,-110.0,-110.0,17.0
2016,2.0,Bowling Green,North Dakota,64.0,-115.0,-115.0,5.0
2016,2.0,Charlotte,Elon,46.0,-110.0,-110.0,5.0
2016,2.0,Clemson,Troy,62.5,-110.0,-110.0,17.0
2016,2.0,Colorado,Idaho State,56.5,-110.0,-110.0,5.0
2016,2.0,Duke,Wake Forest,45.5,-110.0,-110.0,17.0
2016,2.0,Florida,Kentucky,49.0,-107.0,-110.0,17.0
2016,2.0,Florida International,Maryland,56.0,-110.0,-110.0,17.0
2016,2.0,Houston,Lamar,68.0,-110.0,-110.0,5.0
2016,2.0,Illinois,North Carolina,60.0,-110.0,-110.0,17.0
2016,2.0,Indiana,Ball State,64.0,-110.0,-110.0,17.0
2016,2.0,Iowa,Iowa State,49.5,-110.0,-110.0,17.0
2016,2.0,Kansas,Ohio,61.0,-110.0,-110.0,17.0
2016,2.0,Kent State,North Carolina A&T,38.5,-110.0,-110.0,5.0
2016,2.0,LSU,Jacksonville State,54.5,-110.0,-110.0,5.0
2016,2.0,Louisiana Tech,South Carolina State,51.5,-110.0,-110.0,4.0
2016,2.0,Marshall,Morgan State,52.0,-110.0,-115.0,5.0
2016,2.0,Miami (OH),Eastern Illinois,49.5,-110.0,-110.0,5.0
2016,2.0,Michigan,UCF,54.0,-110.0,-110.0,17.0
2016,2.0,Minnesota,Indiana State,54.5,-110.0,-110.0,5.0
2016,2.0,Mississippi State,South Carolina,50.5,-110.0,-110.0,17.0
2016,2.0,Missouri,Eastern Michigan,58.5,-110.0,-110.0,17.0
2016,2.0,Nebraska,Wyoming,57.0,-110.0,-110.0,17.0
2016,2.0,New Mexico State,New Mexico,61.0,-110.0,-110.0,17.0
2016,2.0,North Texas,Bethune-Cookman,50.5,-110.0,-110.0,5.0
2016,2.0,Northwestern,Illinois State,43.5,-110.0,-110.0,5.0
2016,2.0,Notre Dame,Nevada,62.0,-110.0,-110.0,17.0
2016,2.0,Ohio State,Tulsa,73.0,-110.0,-110.0,17.0
2016,2.0,Oklahoma State,Central Michigan,58.5,-110.0,-110.0,17.0
2016,2.0,Ole Miss,Wofford,56.5,-110.0,-110.0,5.0
2016,2.0,Oregon,Virginia,72.0,-110.0,-110.0,17.0
2016,2.0,Pittsburgh,Penn State,44.5,-110.0,-110.0,17.0
2016,2.0,Purdue,Cincinnati,58.0,-110.0,-110.0,17.0
2016,2.0,Rutgers,Howard,62.5,-110.0,-110.0,5.0
2016,2.0,San Diego State,California,59.5,-110.0,-110.0,17.0
2016,2.0,South Alabama,Georgia Southern,57.5,-110.0,-110.0,17.0
2016,2.0,South Florida,Northern Illinois,55.5,-110.0,-110.0,17.0
2016,2.0,Syracuse,Louisville,69.0,-110.0,-110.0,17.0
2016,2.0,TCU,Arkansas,57.5,-110.0,-110.0,17.0
2016,2.0,Temple,Stony Brook,44.0,-110.0,-110.0,5.0
2016,2.0,Tennessee,Virginia Tech,52.5,-110.0,-110.0,17.0
2016,2.0,Texas,UTEP,58.0,-110.0,-110.0,17.0
2016,2.0,Toledo,Maine,42.5,-115.0,-110.0,5.0
2016,2.0,UCLA,UNLV,57.5,-110.0,-110.0,17.0
2016,2.0,USC,Utah State,55.5,-110.0,-110.0,17.0
2016,2.0,Vanderbilt,Middle Tennessee,50.5,-110.0,-110.0,17.0
2016,2.0,Washington,Idaho,60.0,-110.0,-110.0,17.0
2016,2.0,West Virginia,Youngstown State,54.0,-110.0,-110.0,5.0
2016,2.0,Western Michigan,North Carolina Central,57.5,-110.0,-110.0,4.0
2016,2.0,Wisconsin,Akron,45.5,-110.0,-110.0,17.0
2016,3.0,Arkansas,Texas State,60.0,-110.0,-110.0,17.0
2016,3.0,Auburn,Texas A&M,55.5,-110.0,-110.0,17.0
2016,3.0,Ball State,Eastern Kentucky,48.0,-115.0,-115.0,5.0
2016,3.0,Bowling Green,Middle Tennessee,73.0,-110.0,-110.0,17.0
2016,3.0,California,Texas,80.5,-110.0,-110.0,17.0
2016,3.0,Central Michigan,UNLV,55.0,-110.0,-110.0,17.0
2016,3.0,Charlotte,Eastern Michigan,62.5,-110.0,-110.0,17.0
2016,3.0,Cincinnati,Houston,64.0,-110.0,-110.0,17.0
2016,3.0,Clemson,South Carolina State,62.5,-110.0,-110.0,4.0
2016,3.0,Colorado State,Northern Colorado,71.5,-110.0,-110.0,5.0
2016,3.0,Florida,North Texas,52.5,-110.0,-110.0,17.0
2016,3.0,Georgia Tech,Vanderbilt,45.0,-110.0,-110.0,17.0
2016,3.0,Illinois,Western Michigan,56.0,-110.0,-110.0,17.0
2016,3.0,Iowa,North Dakota State,57.5,-110.0,-110.0,5.0
2016,3.0,Kansas State,Florida Atlantic,49.5,-110.0,-110.0,17.0
2016,3.0,Kent State,Monmouth,39.0,-110.0,-110.0,5.0
2016,3.0,Kentucky,New Mexico State,66.0,-110.0,-110.0,17.0
2016,3.0,LSU,Mississippi State,47.0,-110.0,-110.0,17.0
2016,3.0,Louisville,Florida State,65.0,-110.0,-110.0,17.0
2016,3.0,Marshall,Akron,55.5,-110.0,-110.0,17.0
2016,3.0,Memphis,Kansas,59.5,-110.0,-110.0,17.0
2016,3.0,Miami (OH),Western Kentucky,63.0,-110.0,-110.0,17.0
2016,3.0,Michigan,Colorado,55.5,-110.0,-110.0,17.0
2016,3.0,Missouri,Georgia,53.5,-110.0,-110.0,17.0
2016,3.0,Nebraska,Oregon,72.5,-110.0,-110.0,17.0
2016,3.0,Nevada,Buffalo,49.5,-110.0,-110.0,17.0
2016,3.0,North Carolina,James Madison,81.5,-110.0,-110.0,5.0
2016,3.0,Northern Illinois,San Diego State,48.0,-110.0,-110.0,17.0
2016,3.0,Northwestern,Duke,44.0,-110.0,-110.0,17.0
2016,3.0,Notre Dame,Michigan State,50.0,-110.0,-110.0,17.0
2016,3.0,Oklahoma,Ohio State,58.5,-110.0,-110.0,17.0
2016,3.0,Oklahoma State,Pittsburgh,58.0,-110.0,-110.0,17.0
2016,3.0,Ole Miss,Alabama,53.0,-110.0,-110.0,17.0
2016,3.0,Oregon State,Idaho State,60.5,-110.0,-110.0,5.0
2016,3.0,Penn State,Temple,48.0,-110.0,-110.0,17.0
2016,3.0,Rice,Baylor,66.5,-110.0,-110.0,17.0
2016,3.0,Rutgers,New Mexico,56.0,-110.0,-110.0,17.0
2016,3.0,South Carolina,East Carolina,51.5,-110.0,-110.0,17.0
2016,3.0,Stanford,USC,50.0,-110.0,-110.0,17.0
2016,3.0,Syracuse,South Florida,74.0,-110.0,-110.0,17.0
2016,3.0,TCU,Iowa State,59.5,-110.0,-110.0,17.0
2016,3.0,Tennessee,Ohio,57.5,-110.0,-110.0,17.0
2016,3.0,Texas Tech,Louisiana Tech,82.5,-110.0,-110.0,17.0
2016,3.0,Toledo,Fresno State,58.0,-110.0,-110.0,17.0
2016,3.0,Tulane,Navy,42.0,-110.0,-110.0,17.0
2016,3.0,Tulsa,North Carolina A&T,75.5,-110.0,-110.0,5.0
2016,3.0,UCF,Maryland,56.0,-110.0,-110.0,17.0
2016,3.0,UTEP,Army,47.0,-110.0,-110.0,17.0
2016,3.0,Utah State,Arkansas State,56.0,-110.0,-110.0,17.0
2016,3.0,Virginia Tech,Boston College,39.5,-110.0,-110.0,17.0
2016,3.0,Wake Forest,Delaware,43.0,-110.0,-115.0,6.0
2016,3.0,Washington,Portland State,59.0,-110.0,-110.0,5.0
2016,3.0,Washington State,Idaho,69.0,-110.0,-110.0,17.0
2016,3.0,Wisconsin,Georgia State,52.0,-110.0,-110.0,17.0
2016,3.0,Wyoming,UC Davis,68.5,-110.0,-110.0,5.0
2016,4.0,Alabama,Kent State,49.0,-110.0,-110.0,17.0
2016,4.0,Arizona,Washington,58.5,-110.0,-110.0,17.0
2016,4.0,Arizona State,California,85.0,-110.0,-110.0,17.0
2016,4.0,Arkansas State,Central Arkansas,75.0,-115.0,-115.0,5.0
2016,4.0,Auburn,LSU,46.75,-110.0,-110.0,17.0
2016,4.0,Baylor,Oklahoma State,73.5,-110.0,-110.0,17.0
2016,4.0,Boston College,Wagner,57.0,-115.0,-115.0,5.0
2016,4.0,Buffalo,Army,50.5,-110.0,-110.0,17.0
2016,4.0,Cincinnati,Miami (OH),54.5,-110.0,-110.0,17.0
2016,4.0,Eastern Michigan,Wyoming,60.0,-110.0,-110.0,17.0
2016,4.0,Florida Atlantic,Ball State,53.5,-110.0,-110.0,17.0
2016,4.0,Florida International,UCF,52.5,-110.0,-110.0,17.0
2016,4.0,Fresno State,Tulsa,66.5,-110.0,-110.0,17.0
2016,4.0,Georgia Tech,Clemson,57.5,-110.0,-110.0,17.0
2016,4.0,Indiana,Wake Forest,48.0,-110.0,-110.0,17.0
2016,4.0,Kansas State,Missouri State,67.5,-115.0,-115.0,5.0
2016,4.0,Kentucky,South Carolina,57.5,-110.0,-110.0,17.0
2016,4.0,Marshall,Louisville,69.5,-110.0,-110.0,17.0
2016,4.0,Memphis,Bowling Green,67.0,-110.0,-110.0,17.0
2016,4.0,Michigan,Penn State,56.5,-110.0,-110.0,17.0
2016,4.0,Michigan State,Wisconsin,43.0,-110.0,-110.0,17.0
2016,4.0,Middle Tennessee,Louisiana Tech,69.5,-110.0,-110.0,17.0
2016,4.0,Minnesota,Colorado State,56.0,-110.0,-110.0,17.0
2016,4.0,Missouri,Delaware State,64.0,-115.0,-115.0,5.0
2016,4.0,North Carolina,Pittsburgh,66.0,-110.0,-110.0,17.0
2016,4.0,Northern Illinois,Western Illinois,73.0,-117.5,-117.5,5.0
2016,4.0,Northwestern,Nebraska,48.0,-110.0,-110.0,17.0
2016,4.0,Notre Dame,Duke,60.5,-110.0,-110.0,17.0
2016,4.0,Ohio,Gardner-Webb,61.0,-115.0,-115.0,5.0
2016,4.0,Ole Miss,Georgia,61.0,-110.0,-110.0,17.0
2016,4.0,Oregon,Colorado,70.0,-110.0,-110.0,17.0
2016,4.0,Oregon State,Boise State,60.5,-110.0,-110.0,17.0
2016,4.0,Purdue,Nevada,59.5,-110.0,-110.0,17.0
2016,4.0,Rice,North Texas,55.0,-110.0,-110.0,17.0
2016,4.0,Rutgers,Iowa,56.5,-110.0,-110.0,17.0
2016,4.0,South Florida,Florida State,64.5,-110.0,-110.0,17.0
2016,4.0,Temple,Charlotte,52.0,-110.0,-110.0,17.0
2016,4.0,Tennessee,Florida,42.0,-110.0,-110.0,17.0
2016,4.0,Texas A&M,Arkansas,52.0,-110.0,-110.0,17.0
2016,4.0,Texas State,Houston,63.5,-110.0,-110.0,17.0
2016,4.0,Troy,New Mexico State,66.0,-110.0,-110.0,17.0
2016,4.0,UCLA,Stanford,46.5,-110.0,-110.0,17.0
2016,4.0,UNLV,Idaho,61.5,-110.0,-110.0,17.0
2016,4.0,Utah,USC,44.5,-108.0,-110.0,17.0
2016,4.0,Utah State,Air Force,53.0,-110.0,-110.0,17.0
2016,4.0,Virginia,Central Michigan,53.0,-110.0,-110.0,17.0
2016,4.0,Virginia Tech,East Carolina,57.0,-110.0,-110.0,17.0
2016,4.0,Western Kentucky,Vanderbilt,49.0,-110.0,-110.0,17.0
2016,4.0,Western Michigan,Georgia Southern,55.5,-110.0,-110.0,17.0
2016,5.0,Air Force,Navy,50.5,-110.0,-110.0,17.0
2016,5.0,Alabama,Kentucky,55.0,-110.0,-109.5,17.0
2016,5.0,Arkansas,Alcorn State,68.0,-115.0,-115.0,4.0
2016,5.0,Ball State,Northern Illinois,57.5,-110.0,-110.0,17.0
2016,5.0,Boise State,Utah State,60.5,-110.0,-110.0,17.0
2016,5.0,Boston College,Buffalo,40.0,-110.0,-110.0,17.0
2016,5.0,Bowling Green,Eastern Michigan,65.0,-110.0,-110.0,17.0
2016,5.0,California,Utah,64.0,-110.0,-110.0,17.0
2016,5.0,Central Michigan,Western Michigan,60.0,-110.0,-110.0,17.0
2016,5.0,Charlotte,Old Dominion,57.5,-110.0,-110.0,17.0
2016,5.0,Cincinnati,South Florida,64.5,-110.0,-110.0,17.0
2016,5.0,Clemson,Louisville,64.5,-110.0,-110.0,17.0
2016,5.0,Colorado,Oregon State,56.5,-110.0,-110.0,17.0
2016,5.0,Colorado State,Wyoming,53.5,-110.0,-110.0,17.0
2016,5.0,Duke,Virginia,61.5,-110.0,-110.0,17.0
2016,5.0,East Carolina,UCF,61.0,-110.0,-110.0,17.0
2016,5.0,Florida International,Florida Atlantic,52.5,-110.0,-110.0,17.0
2016,5.0,Florida State,North Carolina,73.0,-110.0,-110.0,17.0
2016,5.0,Georgia,Tennessee,51.5,-110.0,-110.0,17.0
2016,5.0,Idaho,Troy,58.0,-110.0,-110.0,17.0
2016,5.0,Indiana,Michigan State,52.5,-110.0,-110.0,17.0
2016,5.0,Iowa,Northwestern,44.5,-110.0,-110.0,17.0
2016,5.0,Iowa State,Baylor,62.5,-110.0,-110.0,17.0
2016,5.0,Kent State,Akron,51.0,-110.0,-110.0,17.0
2016,5.0,LSU,Missouri,51.5,-110.0,-110.0,17.0
2016,5.0,Louisiana Tech,UTEP,57.0,-110.0,-110.0,17.0
2016,5.0,Maryland,Purdue,55.0,-110.0,-110.0,17.0
2016,5.0,Miami (OH),Ohio,51.0,-110.0,-110.0,17.0
2016,5.0,Michigan,Wisconsin,44.5,-110.0,-110.0,17.0
2016,5.0,Nebraska,Illinois,53.0,-110.0,-110.0,17.0
2016,5.0,North Texas,Middle Tennessee,64.75,-110.0,-110.0,17.0
2016,5.0,Ohio State,Rutgers,59.0,-110.0,-110.0,17.0
2016,5.0,Oklahoma State,Texas,68.0,-110.0,-110.0,17.0
2016,5.0,Ole Miss,Memphis,71.0,-110.0,-110.0,17.0
2016,5.0,Penn State,Minnesota,55.0,-110.0,-110.0,17.0
2016,5.0,Pittsburgh,Marshall,58.0,-110.0,-110.0,17.0
2016,5.0,South Alabama,San Diego State,49.0,-110.0,-110.0,17.0
2016,5.0,South Carolina,Texas A&M,51.0,-110.0,-110.0,17.0
2016,5.0,Syracuse,Notre Dame,74.5,-110.0,-110.0,17.0
2016,5.0,TCU,Oklahoma,66.0,-110.0,-110.0,17.0
2016,5.0,Texas State,Incarnate Word,49.0,-112.5,-112.5,5.0
2016,5.0,Texas Tech,Kansas,79.0,-110.0,-110.0,17.0
2016,5.0,UCLA,Arizona,58.5,-110.0,-110.0,17.0
2016,5.0,UNLV,Fresno State,56.5,-110.0,-110.0,17.0
2016,5.0,USC,Arizona State,64.0,-110.0,-110.0,17.0
2016,5.0,Vanderbilt,Florida,40.0,-110.0,-110.0,17.0
2016,5.0,Washington,Stanford,46.5,-110.0,-110.0,17.0
2016,5.0,Washington State,Oregon,75.0,-110.0,-110.0,17.0
2016,5.0,West Virginia,Kansas State,56.5,-110.0,-110.0,17.0
2016,6.0,Akron,Miami (OH),53.5,-110.0,-110.0,17.0
2016,6.0,Arizona State,UCLA,58.0,-110.0,-110.0,17.0
2016,6.0,Arkansas,Alabama,48.5,-110.0,-110.0,17.0
2016,6.0,Arkansas State,Georgia Southern,54.0,-110.0,-110.0,17.0
2016,6.0,Boston College,Clemson,43.0,-110.0,-110.0,17.0
2016,6.0,Buffalo,Kent State,42.5,-110.0,-110.0,17.0
2016,6.0,Central Michigan,Ball State,56.5,-110.0,-110.0,17.0
2016,6.0,Colorado State,Utah State,53.0,-110.0,-110.0,17.0
2016,6.0,Duke,Army,43.0,-110.0,-110.0,17.0
2016,6.0,Eastern Michigan,Toledo,65.5,-110.0,-110.0,17.0
2016,6.0,Florida Atlantic,Charlotte,61.5,-110.0,-110.0,17.0
2016,6.0,Georgia State,Texas State,58.5,-110.0,-110.0,17.0
2016,6.0,Illinois,Purdue,49.0,-110.0,-110.0,17.0
2016,6.0,Kansas,TCU,61.5,-110.0,-110.0,17.0
2016,6.0,Kansas State,Texas Tech,67.5,-110.0,-110.0,17.0
2016,6.0,Kentucky,Vanderbilt,48.5,-110.0,-110.0,17.0
2016,6.0,Louisiana Tech,Western Kentucky,69.0,-110.0,-110.0,17.0
2016,6.0,Memphis,Temple,57.5,-110.0,-110.0,17.0
2016,6.0,Minnesota,Iowa,50.0,-110.0,-110.0,17.0
2016,6.0,Mississippi State,Auburn,55.5,-110.0,-110.0,17.0
2016,6.0,Navy,Houston,52.5,-110.0,-110.0,17.0
2016,6.0,Nevada,Fresno State,54.5,-110.0,-110.0,17.0
2016,6.0,New Mexico,Boise State,62.5,-110.0,-110.0,17.0
2016,6.0,North Carolina,Virginia Tech,50.0,-110.0,-110.0,17.0
2016,6.0,North Texas,Marshall,59.5,-110.0,-110.0,17.0
2016,6.0,Ohio,Bowling Green,60.5,-110.0,-110.0,17.0
2016,6.0,Ohio State,Indiana,61.0,-110.0,-110.0,17.0
2016,6.0,Oklahoma State,Iowa State,68.5,-110.0,-110.0,17.0
2016,6.0,Oregon,Washington,67.0,-110.0,-110.0,17.0
2016,6.0,Oregon State,California,70.0,-110.0,-110.0,17.0
2016,6.0,Penn State,Maryland,56.0,-110.0,-110.0,17.0
2016,6.0,Pittsburgh,Georgia Tech,52.0,-110.0,-110.0,17.0
2016,6.0,Rutgers,Michigan,52.5,-110.0,-110.0,17.0
2016,6.0,San Diego State,UNLV,53.5,-110.0,-110.0,17.0
2016,6.0,South Carolina,Georgia,41.5,-110.0,-110.0,17.0
2016,6.0,South Florida,East Carolina,68.0,-110.0,-110.0,16.0
2016,6.0,Stanford,Washington State,56.5,-110.0,-110.0,17.0
2016,6.0,Texas A&M,Tennessee,60.5,-110.0,-110.0,17.0
2016,6.0,USC,Colorado,62.0,-110.0,-110.0,17.0
2016,6.0,UTEP,Florida International,49.0,-110.0,-110.0,17.0
2016,6.0,Utah,Arizona,53.5,-110.0,-110.0,17.0
2016,6.0,Wake Forest,Syracuse,53.5,-110.0,-110.0,17.0
2016,6.0,Western Michigan,Northern Illinois,68.5,-110.0,-110.0,17.0
2016,6.0,Wyoming,Air Force,50.0,-110.0,-110.0,17.0
2016,7.0,Akron,Western Michigan,67.0,-110.0,-110.0,17.0
2016,7.0,Arizona,USC,65.5,-110.0,-110.0,17.0
2016,7.0,Arkansas,Ole Miss,65.5,-110.0,-110.0,17.0
2016,7.0,Arkansas State,South Alabama,55.0,-110.0,-110.0,17.0
2016,7.0,Army,Lafayette,47.5,-110.0,-110.0,6.0
2016,7.0,Baylor,Kansas,65.0,-110.0,-110.0,17.0
2016,7.0,Boise State,Colorado State,59.0,-110.0,-110.0,17.0
2016,7.0,Buffalo,Ball State,52.5,-110.0,-110.0,17.0
2016,7.0,Charlotte,Florida International,56.0,-110.0,-110.0,17.0
2016,7.0,Colorado,Arizona State,63.0,-110.0,-110.0,17.0
2016,7.0,Florida,Missouri,52.0,-110.0,-110.0,17.0
2016,7.0,Florida State,Wake Forest,51.0,-110.0,-110.0,17.0
2016,7.0,Fresno State,San Diego State,51.0,-110.0,-110.0,17.0
2016,7.0,Georgia,Vanderbilt,42.0,-110.0,-110.0,17.0
2016,7.0,Georgia Tech,Georgia Southern,48.0,-110.0,-110.0,17.0
2016,7.0,Houston,Tulsa,68.0,-110.0,-110.0,17.0
2016,7.0,Idaho,New Mexico State,67.5,-110.0,-110.0,17.0
2016,7.0,Indiana,Nebraska,58.5,-110.0,-110.0,17.0
2016,7.0,Louisville,Duke,69.5,-110.0,-110.0,17.0
2016,7.0,Marshall,Florida Atlantic,61.0,-110.0,-110.0,17.0
2016,7.0,Maryland,Minnesota,46.0,-110.0,-110.0,17.0
2016,7.0,Miami (OH),Kent State,42.5,-110.0,-110.0,17.0
2016,7.0,Michigan State,Northwestern,41.5,-110.0,-110.0,17.0
2016,7.0,Middle Tennessee,Western Kentucky,75.5,-110.0,-110.0,17.0
2016,7.0,Northern Illinois,Central Michigan,61.0,-110.0,-110.0,17.0
2016,7.0,Notre Dame,Stanford,54.0,-110.0,-110.0,17.0
2016,7.0,Ohio,Eastern Michigan,54.0,-110.0,-110.0,17.0
2016,7.0,Oklahoma,Kansas State,56.5,-110.0,-110.0,17.0
2016,7.0,Oregon State,Utah,43.0,-110.0,-110.0,17.0
2016,7.0,Purdue,Iowa,52.0,-110.0,-110.0,17.0
2016,7.0,Rutgers,Illinois,51.5,-110.0,-110.0,17.0
2016,7.0,Syracuse,Virginia Tech,64.5,-110.0,-110.0,17.0
2016,7.0,Tennessee,Alabama,54.5,-110.0,-110.0,17.0
2016,7.0,Texas,Iowa State,69.0,-110.0,-110.0,17.0
2016,7.0,Texas Tech,West Virginia,82.0,-110.0,-110.0,17.0
2016,7.0,Toledo,Bowling Green,71.0,-110.0,-110.0,17.0
2016,7.0,Troy,Georgia State,54.0,-110.0,-110.0,17.0
2016,7.0,Tulane,Memphis,52.0,-110.0,-110.0,17.0
2016,7.0,UCF,Temple,51.5,-110.0,-110.0,17.0
2016,7.0,Virginia,Pittsburgh,61.0,-110.0,-110.0,17.0
2016,7.0,Washington State,UCLA,51.5,-110.0,-110.0,17.0
2016,7.0,Wisconsin,Ohio State,46.0,-110.0,-110.0,17.0
2016,8.0,Alabama,Texas A&M,59.5,-110.0,-110.0,17.0
2016,8.0,Arizona State,Washington State,65.0,-110.0,-110.0,17.0
2016,8.0,Army,North Texas,47.5,-110.0,-110.0,17.0
2016,8.0,Auburn,Arkansas,53.0,-110.0,-110.0,17.0
2016,8.0,Ball State,Akron,63.0,-110.0,-110.0,17.0
2016,8.0,Boston College,Syracuse,50.0,-110.0,-110.0,17.0
2016,8.0,Bowling Green,Miami (OH),52.0,-110.0,-110.0,17.0
2016,8.0,California,Oregon,90.0,-110.0,-110.0,17.0
2016,8.0,Cincinnati,East Carolina,63.0,-110.0,-110.0,17.0
2016,8.0,Florida International,Louisiana Tech,65.5,-110.0,-110.0,17.0
2016,8.0,Iowa,Wisconsin,43.0,-110.0,-110.0,17.0
2016,8.0,Kansas,Oklahoma State,60.5,-110.0,-110.0,17.0
2016,8.0,Kansas State,Texas,54.0,-110.0,-110.0,17.0
2016,8.0,Kent State,Ohio,43.0,-110.0,-110.0,17.0
2016,8.0,Kentucky,Mississippi State,54.5,-110.0,-110.0,17.0
2016,8.0,LSU,Ole Miss,60.0,-110.0,-110.0,17.0
2016,8.0,Marshall,Charlotte,59.5,-110.0,-110.0,17.0
2016,8.0,Maryland,Michigan State,49.0,-110.0,-110.0,17.0
2016,8.0,Michigan,Illinois,51.5,-110.0,-110.0,17.0
2016,8.0,Minnesota,Rutgers,44.5,-110.0,-110.0,17.0
2016,8.0,Missouri,Middle Tennessee,72.0,-110.0,-110.0,17.0
2016,8.0,Navy,Memphis,57.0,-110.0,-110.0,17.0
2016,8.0,Nebraska,Purdue,59.0,-110.0,-110.0,17.0
2016,8.0,Nevada,Wyoming,52.5,-110.0,-110.0,17.0
2016,8.0,New Mexico State,Georgia Southern,65.0,-110.0,-110.0,17.0
2016,8.0,Northern Illinois,Buffalo,62.0,-110.0,-110.0,17.0
2016,8.0,Northwestern,Indiana,54.0,-110.0,-110.0,17.0
2016,8.0,Penn State,Ohio State,55.0,-110.0,-110.0,17.0
2016,8.0,South Alabama,Troy,48.5,-110.0,-110.0,17.0
2016,8.0,Stanford,Colorado,50.0,-110.0,-110.0,17.0
2016,8.0,Temple,South Florida,58.5,-110.0,-110.0,17.0
2016,8.0,Texas Tech,Oklahoma,85.0,-110.0,-110.0,17.0
2016,8.0,Toledo,Central Michigan,61.0,-110.0,-110.0,17.0
2016,8.0,Tulsa,Tulane,53.5,-110.0,-110.0,17.0
2016,8.0,UCLA,Utah,42.5,-110.0,-110.0,17.0
2016,8.0,UNLV,Colorado State,56.5,-110.0,-110.0,17.0
2016,8.0,Utah State,Fresno State,51.0,-110.0,-110.0,17.0
2016,8.0,Vanderbilt,Tennessee State,44.5,-110.0,-110.0,11.0
2016,8.0,Virginia,North Carolina,68.5,-110.0,-110.0,17.0
2016,8.0,Washington,Oregon State,53.0,-110.0,-110.0,17.0
2016,8.0,West Virginia,TCU,65.5,-110.0,-110.0,17.0
2016,8.0,Western Kentucky,Old Dominion,65.0,-110.0,-110.0,17.0
2016,8.0,Western Michigan,Eastern Michigan,61.5,-110.0,-110.0,17.0
2016,9.0,Arizona,Stanford,50.5,-110.0,-110.0,17.0
2016,9.0,Buffalo,Akron,62.5,-110.0,-110.0,17.0
2016,9.0,Central Michigan,Kent State,44.0,-110.0,-110.0,17.0
2016,9.0,Eastern Michigan,Miami (OH),49.5,-110.0,-110.0,17.0
2016,9.0,Florida Atlantic,Western Kentucky,66.5,-110.0,-110.0,17.0
2016,9.0,Florida International,Middle Tennessee,62.0,-110.0,-110.0,17.0
2016,9.0,Florida State,Clemson,59.0,-110.0,-110.0,17.0
2016,9.0,Fresno State,Air Force,51.0,-110.0,-110.0,17.0
2016,9.0,Georgia,Florida,42.5,-110.0,-110.0,16.0
2016,9.0,Georgia Tech,Duke,50.5,-110.0,-110.0,17.0
2016,9.0,Houston,UCF,58.5,-110.0,-110.0,17.0
2016,9.0,Illinois,Minnesota,46.5,-110.0,-110.0,17.0
2016,9.0,Indiana,Maryland,55.0,-110.0,-110.0,17.0
2016,9.0,Iowa State,Kansas State,50.5,-110.0,-110.0,17.0
2016,9.0,Louisiana Tech,Rice,68.0,-110.0,-110.0,17.0
2016,9.0,Memphis,Tulsa,74.5,-110.0,-110.0,17.0
2016,9.0,Michigan State,Michigan,50.0,-110.0,-110.0,17.0
2016,9.0,Mississippi State,Samford,66.0,-110.0,-110.0,6.0
2016,9.0,Missouri,Kentucky,69.0,-110.0,-110.0,17.0
2016,9.0,Ohio State,Northwestern,53.5,-110.0,-110.0,17.0
2016,9.0,Oklahoma,Kansas,64.5,-110.0,-110.0,17.0
2016,9.0,Oklahoma State,West Virginia,65.5,-110.0,-110.0,17.0
2016,9.0,Ole Miss,Auburn,65.5,-110.0,-110.0,17.0
2016,9.0,Oregon,Arizona State,73.0,-110.0,-110.0,17.0
2016,9.0,Oregon State,Washington State,55.0,-110.0,-110.0,17.0
2016,9.0,Pittsburgh,Virginia Tech,54.0,-110.0,-110.0,17.0
2016,9.0,Purdue,Penn State,58.0,-110.0,-110.0,17.0
2016,9.0,South Alabama,Georgia State,47.0,-110.0,-110.0,17.0
2016,9.0,South Carolina,Tennessee,51.5,-108.0,-110.0,17.0
2016,9.0,South Florida,Navy,65.5,-110.0,-110.0,17.0
2016,9.0,TCU,Texas Tech,87.0,-110.0,-110.0,17.0
2016,9.0,Temple,Cincinnati,53.0,-110.0,-110.0,17.0
2016,9.0,Texas,Baylor,74.5,-110.0,-110.0,17.0
2016,9.0,Texas A&M,New Mexico State,71.5,-110.0,-110.0,17.0
2016,9.0,Toledo,Ohio,57.0,-110.0,-110.0,17.0
2016,9.0,USC,California,74.0,-110.0,-110.0,17.0
2016,9.0,UTEP,Old Dominion,54.5,-110.0,-107.0,17.0
2016,9.0,Utah,Washington,52.5,-110.0,-110.0,17.0
2016,9.0,Utah State,San Diego State,45.5,-110.0,-110.0,17.0
2016,9.0,Virginia,Louisville,69.5,-110.0,-110.0,17.0
2016,9.0,Wake Forest,Army,41.5,-110.0,-110.0,17.0
2016,9.0,Wisconsin,Nebraska,44.0,-110.0,-110.0,17.0
2016,9.0,Wyoming,Boise State,63.0,-110.0,-110.0,17.0
2016,10.0,Akron,Toledo,72.0,-110.0,-110.0,17.0
2016,10.0,Arkansas,Florida,44.0,-110.0,-110.0,17.0
2016,10.0,Army,Air Force,46.5,-110.0,-110.0,17.0
2016,10.0,Auburn,Vanderbilt,45.5,-110.0,-110.0,17.0
2016,10.0,Ball State,Western Michigan,64.0,-110.0,-110.0,17.0
2016,10.0,Baylor,TCU,65.5,-110.0,-110.0,17.0
2016,10.0,Boston College,Louisville,52.0,-110.0,-110.0,17.0
2016,10.0,California,Washington,74.0,-110.0,-110.0,17.0
2016,10.0,Clemson,Syracuse,68.5,-110.0,-110.0,17.0
2016,10.0,Colorado,UCLA,57.0,-110.0,-110.0,17.0
2016,10.0,Colorado State,Fresno State,58.0,-107.0,-110.0,17.0
2016,10.0,Duke,Virginia Tech,55.5,-110.0,-110.0,17.0
2016,10.0,Georgia State,Arkansas State,48.0,-110.0,-110.0,17.0
2016,10.0,Illinois,Michigan State,48.0,-110.0,-110.0,17.0
2016,10.0,Iowa State,Oklahoma,71.5,-110.0,-110.0,17.0
2016,10.0,Kansas State,Oklahoma State,59.0,-110.0,-110.0,17.0
2016,10.0,Kentucky,Georgia,52.0,-110.0,-110.0,17.0
2016,10.0,LSU,Alabama,46.0,-110.0,-110.0,17.0
2016,10.0,Miami (OH),Central Michigan,46.5,-110.0,-110.0,17.0
2016,10.0,Michigan,Maryland,54.0,-110.0,-110.0,17.0
2016,10.0,Minnesota,Purdue,53.5,-110.0,-110.0,17.0
2016,10.0,Mississippi State,Texas A&M,61.0,-110.0,-110.0,17.0
2016,10.0,Navy,Notre Dame,63.0,-110.0,-110.0,17.0
2016,10.0,New Mexico,Nevada,59.0,-110.0,-110.0,17.0
2016,10.0,North Carolina,Georgia Tech,64.5,-110.0,-110.0,17.0
2016,10.0,North Texas,Louisiana Tech,64.0,-110.0,-110.0,17.0
2016,10.0,Northern Illinois,Bowling Green,72.0,-110.0,-110.0,17.0
2016,10.0,Northwestern,Wisconsin,41.5,-110.0,-110.0,17.0
2016,10.0,Ohio,Buffalo,51.5,-110.0,-110.0,17.0
2016,10.0,Ohio State,Nebraska,53.5,-110.0,-110.0,17.0
2016,10.0,Old Dominion,Marshall,58.0,-110.0,-110.0,17.0
2016,10.0,Ole Miss,Georgia Southern,63.0,-110.0,-110.0,17.0
2016,10.0,Penn State,Iowa,52.0,-110.0,-110.0,17.0
2016,10.0,Rice,Florida Atlantic,57.0,-110.0,-110.0,17.0
2016,10.0,Rutgers,Indiana,58.0,-110.0,-110.0,17.0
2016,10.0,South Carolina,Missouri,56.5,-110.0,-110.0,17.0
2016,10.0,Stanford,Oregon State,42.5,-110.0,-110.0,17.0
2016,10.0,Tennessee,Tennessee Tech,63.0,-110.0,-110.0,11.0
2016,10.0,Texas Tech,Texas,85.5,-110.0,-110.0,17.0
2016,10.0,Tulsa,East Carolina,76.0,-110.0,-110.0,17.0
2016,10.0,UCF,Tulane,47.0,-110.0,-110.0,17.0
2016,10.0,USC,Oregon,77.5,-110.0,-110.0,17.0
2016,10.0,Wake Forest,Virginia,45.0,-110.0,-110.0,17.0
2016,10.0,Washington State,Arizona,67.5,-110.0,-110.0,17.0
2016,10.0,West Virginia,Kansas,54.0,-110.0,-110.0,17.0
2016,10.0,Western Kentucky,Florida International,65.0,-110.0,-110.0,17.0
2016,10.0,Wyoming,Utah State,55.5,-110.0,-110.0,17.0
2016,11.0,Air Force,Colorado State,54.0,-110.0,-110.0,17.0
2016,11.0,Akron,Bowling Green,73.0,-110.0,-110.0,17.0
2016,11.0,Alabama,Mississippi State,52.0,-110.0,-110.0,17.0
2016,11.0,Arizona,Colorado,61.0,-110.0,-110.0,17.0
2016,11.0,Arizona State,Utah,56.0,-110.0,-110.0,17.0
2016,11.0,Arkansas,LSU,46.0,-110.0,-110.0,17.0
2016,11.0,Arkansas State,New Mexico State,63.0,-107.0,-110.0,17.0
2016,11.0,Ball State,Eastern Michigan,59.5,-110.0,-110.0,17.0
2016,11.0,Buffalo,Miami (OH),50.0,-110.0,-110.0,17.0
2016,11.0,Charlotte,Rice,59.5,-110.0,-110.0,17.0
2016,11.0,Clemson,Pittsburgh,61.5,-110.0,-110.0,17.0
2016,11.0,Duke,North Carolina,66.5,-110.0,-110.0,17.0
2016,11.0,Florida,South Carolina,38.0,-110.0,-110.0,17.0
2016,11.0,Florida Atlantic,UTEP,54.5,-110.0,-110.0,17.0
2016,11.0,Florida State,Boston College,47.0,-110.0,-110.0,17.0
2016,11.0,Georgia,Auburn,51.0,-110.0,-110.0,17.0
2016,11.0,Houston,Tulane,49.0,-110.0,-110.0,17.0
2016,11.0,Indiana,Penn State,60.5,-110.0,-110.0,17.0
2016,11.0,Iowa,Michigan,51.0,-110.0,-110.0,17.0
2016,11.0,Kansas,Iowa State,54.5,-110.0,-110.0,17.0
2016,11.0,Kent State,Western Michigan,55.0,-110.0,-110.0,17.0
2016,11.0,Louisville,Wake Forest,57.0,-110.0,-110.0,17.0
2016,11.0,Marshall,Middle Tennessee,60.0,-110.0,-110.0,17.0
2016,11.0,Maryland,Ohio State,58.0,-110.0,-110.0,17.0
2016,11.0,Memphis,South Florida,76.0,-110.0,-110.0,17.0
2016,11.0,Michigan State,Rutgers,53.5,-110.0,-110.0,17.0
2016,11.0,Missouri,Vanderbilt,53.5,-110.0,-110.0,17.0
2016,11.0,Navy,Tulsa,71.0,-110.0,-110.0,17.0
2016,11.0,Nebraska,Minnesota,48.0,-110.0,-110.0,17.0
2016,11.0,Nevada,San Diego State,50.5,-110.0,-110.0,17.0
2016,11.0,Northern Illinois,Toledo,68.5,-110.0,-110.0,17.0
2016,11.0,Notre Dame,Army,55.5,-110.0,-110.0,17.0
2016,11.0,Oklahoma,Baylor,78.0,-110.0,-110.0,17.0
2016,11.0,Oklahoma State,Texas Tech,87.5,-110.0,-110.0,17.0
2016,11.0,Oregon,Stanford,58.0,-110.0,-110.0,17.0
2016,11.0,Purdue,Northwestern,58.0,-110.0,-110.0,17.0
2016,11.0,Tennessee,Kentucky,58.5,-110.0,-110.0,17.0
2016,11.0,Texas,West Virginia,65.5,-110.0,-110.0,17.0
2016,11.0,Texas A&M,Ole Miss,62.5,-110.0,-110.0,17.0
2016,11.0,Texas State,Idaho,62.0,-110.0,-110.0,17.0
2016,11.0,UCF,Cincinnati,54.5,-110.0,-110.0,17.0
2016,11.0,UCLA,Oregon State,49.0,-110.0,-110.0,17.0
2016,11.0,UNLV,Wyoming,61.0,-110.0,-110.0,17.0
2016,11.0,Utah State,New Mexico,58.0,-110.0,-110.0,17.0
2016,11.0,Virginia Tech,Georgia Tech,55.0,-105.0,-112.0,17.0
2016,11.0,Washington,USC,60.0,-110.0,-110.0,17.0
2016,11.0,Washington State,California,78.5,-110.0,-110.0,17.0
2016,11.0,Western Kentucky,North Texas,66.5,-110.0,-110.0,17.0
2016,11.0,Wisconsin,Illinois,42.0,-110.0,-110.0,17.0
2016,12.0,Alabama,Chattanooga,64.25,-110.0,-110.0,2.0
2016,12.0,Army,Morgan State,60.75,-110.0,-110.0,4.0
2016,12.0,Auburn,Alabama A&M,75.0,-110.0,-110.0,4.0
2016,12.0,Baylor,Kansas State,59.5,-110.0,-110.0,17.0
2016,12.0,Boise State,UNLV,63.0,-110.0,-110.0,17.0
2016,12.0,Bowling Green,Kent State,54.0,-110.0,-110.0,17.0
2016,12.0,California,Stanford,60.5,-110.0,-110.0,17.0
2016,12.0,Central Michigan,Ohio,51.0,-110.0,-110.0,17.0
2016,12.0,Charlotte,Middle Tennessee,55.5,-110.0,-110.0,17.0
2016,12.0,Cincinnati,Memphis,61.5,-110.0,-110.0,17.0
2016,12.0,Colorado,Washington State,59.5,-110.0,-110.0,17.0
2016,12.0,Colorado State,New Mexico,62.0,-110.0,-110.0,17.0
2016,12.0,East Carolina,Navy,64.0,-110.0,-110.0,17.0
2016,12.0,Eastern Michigan,Northern Illinois,62.5,-110.0,-110.0,17.0
2016,12.0,Florida Atlantic,Old Dominion,61.0,-110.0,-110.0,17.0
2016,12.0,Florida International,Marshall,53.5,-110.0,-110.0,17.0
2016,12.0,Georgia State,Georgia Southern,47.5,-110.0,-110.0,17.0
2016,12.0,Georgia Tech,Virginia,54.0,-110.0,-110.0,17.0
2016,12.0,Houston,Louisville,67.5,-110.0,-110.0,17.0
2016,12.0,Illinois,Iowa,45.0,-110.0,-110.0,17.0
2016,12.0,Iowa State,Texas Tech,76.5,-110.0,-110.0,17.0
2016,12.0,Kansas,Texas,62.0,-110.0,-110.0,17.0
2016,12.0,Kentucky,Austin Peay,60.25,-110.0,-110.0,4.0
2016,12.0,LSU,Florida,37.5,-110.0,-110.0,17.0
2016,12.0,Michigan,Indiana,50.5,-110.0,-110.0,17.0
2016,12.0,Michigan State,Ohio State,50.0,-110.0,-110.0,17.0
2016,12.0,Minnesota,Northwestern,46.5,-110.0,-110.0,17.0
2016,12.0,Mississippi State,Arkansas,57.0,-110.0,-110.0,17.0
2016,12.0,Nebraska,Maryland,49.5,-110.0,-110.0,17.0
2016,12.0,Nevada,Utah State,56.5,-110.0,-110.0,17.0
2016,12.0,New Mexico State,Texas State,67.5,-110.0,-110.0,17.0
2016,12.0,Notre Dame,Virginia Tech,53.0,-110.0,-110.0,17.0
2016,12.0,Oregon State,Arizona,59.5,-110.0,-105.0,17.0
2016,12.0,Pittsburgh,Duke,61.0,-110.0,-110.0,17.0
2016,12.0,Purdue,Wisconsin,48.5,-110.0,-110.0,17.0
2016,12.0,Rice,UTEP,55.0,-110.0,-110.0,17.0
2016,12.0,Rutgers,Penn State,54.5,-110.0,-110.0,17.0
2016,12.0,South Carolina,Western Carolina,41.5,-110.0,-110.0,5.0
2016,12.0,Syracuse,Florida State,66.5,-110.0,-110.0,17.0
2016,12.0,TCU,Oklahoma State,68.5,-110.0,-110.0,17.0
2016,12.0,Tennessee,Missouri,70.0,-107.0,-110.0,17.0
2016,12.0,Toledo,Ball State,68.5,-110.0,-110.0,17.0
2016,12.0,Troy,Arkansas State,53.5,-110.0,-110.0,17.0
2016,12.0,Tulane,Temple,43.5,-110.0,-110.0,17.0
2016,12.0,UCF,Tulsa,63.5,-110.0,-110.0,17.0
2016,12.0,UCLA,USC,53.5,-110.0,-110.0,17.0
2016,12.0,Utah,Oregon,70.5,-110.0,-110.0,17.0
2016,12.0,Vanderbilt,Ole Miss,50.5,-110.0,-110.0,17.0
2016,12.0,Wake Forest,Clemson,48.0,-110.0,-110.0,17.0
2016,12.0,Washington,Arizona State,63.0,-110.0,-110.0,17.0
2016,12.0,West Virginia,Oklahoma,63.5,-110.0,-110.0,17.0
2016,12.0,Western Michigan,Buffalo,55.5,-110.0,-110.0,17.0
2016,12.0,Wyoming,San Diego State,53.5,-110.0,-110.0,17.0
2016,13.0,Air Force,Boise State,63.5,-110.0,-110.0,17.0
2016,13.0,Alabama,Auburn,47.0,-107.0,-110.0,17.0
2016,13.0,Arizona,Arizona State,65.5,-110.0,-110.0,17.0
2016,13.0,Bowling Green,Buffalo,60.0,-110.0,-110.0,17.0
2016,13.0,California,UCLA,70.5,-110.0,-110.0,17.0
2016,13.0,Clemson,South Carolina,49.5,-110.0,-110.0,17.0
2016,13.0,Colorado,Utah,53.5,-110.0,-110.0,17.0
2016,13.0,Eastern Michigan,Central Michigan,56.0,-110.0,-110.0,17.0
2016,13.0,Florida State,Florida,47.0,-110.0,-110.0,17.0
2016,13.0,Georgia,Georgia Tech,49.0,-110.0,-110.0,17.0
2016,13.0,Idaho,South Alabama,53.0,-110.0,-110.0,17.0
2016,13.0,Indiana,Purdue,66.5,-110.0,-110.0,17.0
2016,13.0,Iowa,Nebraska,45.5,-110.0,-110.0,17.0
2016,13.0,Iowa State,West Virginia,60.5,-110.0,-110.0,17.0
2016,13.0,Kansas State,Kansas,51.0,-110.0,-110.0,17.0
2016,13.0,Kent State,Northern Illinois,46.0,-110.0,-110.0,17.0
2016,13.0,Louisville,Kentucky,70.5,-110.0,-110.0,17.0
2016,13.0,Marshall,Western Kentucky,63.0,-110.0,-110.0,17.0
2016,13.0,Maryland,Rutgers,54.0,-110.0,-110.0,17.0
2016,13.0,Memphis,Houston,61.5,-110.0,-110.0,17.0
2016,13.0,Miami (OH),Ball State,54.5,-110.0,-110.0,17.0
2016,13.0,Middle Tennessee,Florida Atlantic,63.0,-110.0,-110.0,17.0
2016,13.0,Missouri,Arkansas,72.0,-110.0,-110.0,17.0
2016,13.0,New Mexico,Wyoming,65.5,-110.0,-110.0,17.0
2016,13.0,Northwestern,Illinois,48.5,-110.0,-110.0,17.0
2016,13.0,Ohio,Akron,53.5,-110.0,-110.0,17.0
2016,13.0,Ohio State,Michigan,46.0,-110.0,-110.0,17.0
2016,13.0,Old Dominion,Florida International,60.0,-110.0,-110.0,17.0
2016,13.0,Ole Miss,Mississippi State,67.5,-110.0,-110.0,17.0
2016,13.0,Oregon State,Oregon,69.5,-110.0,-110.0,17.0
2016,13.0,Penn State,Michigan State,53.5,-110.0,-110.0,17.0
2016,13.0,Pittsburgh,Syracuse,66.0,-110.0,-110.0,17.0
2016,13.0,San Diego State,Colorado State,53.0,-110.0,-110.0,17.0
2016,13.0,South Florida,UCF,66.0,-110.0,-110.0,17.0
2016,13.0,Stanford,Rice,51.0,-107.0,-110.0,17.0
2016,13.0,Temple,East Carolina,59.0,-110.0,-110.0,17.0
2016,13.0,Texas,TCU,61.0,-110.0,-110.0,17.0
2016,13.0,Texas A&M,LSU,48.0,-110.0,-110.0,17.0
2016,13.0,Texas State,Troy,58.0,-110.0,-110.0,17.0
2016,13.0,Texas Tech,Baylor,84.0,-110.0,-110.0,17.0
2016,13.0,Tulsa,Cincinnati,63.0,-110.0,-110.0,17.0
2016,13.0,UNLV,Nevada,59.0,-110.0,-110.0,17.0
2016,13.0,USC,Notre Dame,60.0,-110.0,-110.0,17.0
2016,13.0,UTEP,North Texas,51.5,-110.0,-110.0,17.0
2016,13.0,Vanderbilt,Tennessee,51.0,-110.0,-110.0,17.0
2016,13.0,Virginia Tech,Virginia,53.5,-110.0,-110.0,17.0
2016,13.0,Wake Forest,Boston College,34.5,-110.0,-106.0,17.0
2016,13.0,Washington State,Washington,62.5,-110.0,-110.0,17.0
2016,13.0,Western Michigan,Toledo,71.5,-110.0,-110.0,17.0
2016,13.0,Wisconsin,Minnesota,42.5,-110.0,-110.0,17.0
2016,14.0,Florida,Alabama,40.5,-110.0,-110.0,20.0
2016,14.0,Georgia Southern,Troy,52.5,-110.0,-110.0,20.0
2016,14.0,Idaho,Georgia State,53.5,-110.0,-110.0,20.0
2016,14.0,Navy,Temple,59.5,-110.0,-110.0,20.0
2016,14.0,Ohio,Western Michigan,58.0,-110.0,-110.0,20.0
2016,14.0,Oklahoma,Oklahoma State,74.5,-110.0,-110.0,20.0
2016,14.0,Penn State,Wisconsin,45.0,-110.0,-110.0,20.0
2016,14.0,South Alabama,New Mexico State,58.5,-110.0,-110.0,20.0
2016,14.0,TCU,Kansas State,50.5,-110.0,-110.0,20.0
2016,14.0,Texas State,Arkansas State,54.0,-110.0,-110.0,20.0
2016,14.0,Virginia Tech,Clemson,59.25,-110.0,-110.0,20.0
2016,14.0,Washington,Colorado,55.5,-110.0,-110.0,20.0
2016,14.0,West Virginia,Baylor,69.5,-110.0,-110.0,20.0
2016,14.0,Western Kentucky,Louisiana Tech,78.5,-110.0,-110.0,20.0
2016,14.0,Wyoming,San Diego State,58.0,-110.0,-110.0,20.0
2016,15.0,Army,Navy,47.5,-110.0,-110.0,20.0
2017,1.0,Alabama,Florida State,51.0,-110.0,-110.0,20.0
2017,1.0,Arizona,Northern Arizona,70.25,-110.0,-110.0,10.0
2017,1.0,Arizona State,New Mexico State,69.0,-110.0,-110.0,20.0
2017,1.0,Arkansas,Florida A&M,60.5,-110.0,-110.0,11.0
2017,1.0,Army,Fordham,65.0,-110.0,-110.0,13.0
2017,1.0,Auburn,Georgia Southern,59.0,-110.0,-110.0,20.0
2017,1.0,Baylor,Liberty,58.0,-110.0,-110.0,7.0
2017,1.0,Boise State,Troy,58.5,-110.0,-110.0,20.0
2017,1.0,Central Michigan,Rhode Island,57.0,-110.0,-110.0,12.0
2017,1.0,Cincinnati,Austin Peay,58.0,-110.0,-110.0,12.0
2017,1.0,Clemson,Kent State,52.0,-110.0,-110.0,20.0
2017,1.0,Colorado State,Oregon State,60.5,-110.0,-110.0,20.0
2017,1.0,Duke,North Carolina Central,52.0,-110.0,-110.0,7.0
2017,1.0,East Carolina,James Madison,66.5,-110.0,-110.0,7.0
2017,1.0,Eastern Michigan,Charlotte,59.0,-110.0,-110.0,19.0
2017,1.0,Florida,Michigan,46.5,-110.0,-110.0,20.0
2017,1.0,Florida Atlantic,Navy,64.5,-110.0,-110.0,20.0
2017,1.0,Fresno State,Incarnate Word,56.5,-110.0,-110.0,7.0
2017,1.0,Georgia State,Tennessee State,55.25,-110.0,-110.0,12.0
2017,1.0,Georgia Tech,Tennessee,54.25,-110.0,-110.0,20.0
2017,1.0,Idaho,Sacramento State,64.0,-110.0,-110.0,12.0
2017,1.0,Illinois,Ball State,55.5,-110.0,-110.0,20.0
2017,1.0,Indiana,Ohio State,55.5,-110.0,-110.0,20.0
2017,1.0,Iowa,Wyoming,51.5,-110.0,-110.0,20.0
2017,1.0,Iowa State,Northern Iowa,51.5,-110.0,-110.0,11.0
2017,1.0,Kansas State,Central Arkansas,52.0,-110.0,-110.0,7.0
2017,1.0,Louisiana Tech,Northwestern State,71.0,-110.0,-110.0,7.0
2017,1.0,Marshall,Miami (OH),48.0,-110.0,-110.0,20.0
2017,1.0,Michigan State,Bowling Green,56.0,-110.0,-110.0,20.0
2017,1.0,Middle Tennessee,Vanderbilt,57.5,-110.0,-110.0,20.0
2017,1.0,Minnesota,Buffalo,52.0,-110.0,-110.0,20.0
2017,1.0,Mississippi State,Charleston Southern,63.5,-110.0,-110.0,7.0
2017,1.0,Missouri,Missouri State,62.0,-112.5,-110.0,12.0
2017,1.0,Nebraska,Arkansas State,51.5,-110.0,-110.0,20.0
2017,1.0,New Mexico,Abilene Christian,67.5,-110.0,-110.0,7.0
2017,1.0,North Carolina,California,57.5,-110.0,-110.0,20.0
2017,1.0,North Texas,Lamar,55.0,-110.0,-110.0,7.0
2017,1.0,Northern Illinois,Boston College,46.75,-110.0,-110.0,20.0
2017,1.0,Northwestern,Nevada,60.5,-110.0,-110.0,20.0
2017,1.0,Notre Dame,Temple,56.0,-110.0,-110.0,20.0
2017,1.0,Ohio,Hampton,47.5,-110.0,-110.0,7.0
2017,1.0,Oklahoma,UTEP,63.0,-110.0,-110.0,20.0
2017,1.0,Oklahoma State,Tulsa,70.75,-110.0,-110.0,20.0
2017,1.0,Ole Miss,South Alabama,59.25,-110.0,-110.0,20.0
2017,1.0,Oregon,Southern Utah,74.0,-110.0,-110.0,7.0
2017,1.0,Oregon State,Portland State,60.5,-110.0,-110.0,7.0
2017,1.0,Penn State,Akron,62.5,-110.0,-110.0,20.0
2017,1.0,Pittsburgh,Youngstown State,64.5,-110.0,-110.0,8.0
2017,1.0,Purdue,Louisville,66.0,-110.0,-110.0,20.0
2017,1.0,Rice,Stanford,50.5,-110.0,-110.0,20.0
2017,1.0,Rutgers,Washington,54.5,-110.0,-110.0,20.0
2017,1.0,San Diego State,UC Davis,55.0,-110.0,-110.0,7.0
2017,1.0,South Florida,Stony Brook,58.5,-110.0,-110.0,7.0
2017,1.0,TCU,Jackson State,69.0,-110.0,-110.0,5.0
2017,1.0,Texas,Maryland,57.5,-109.0,-110.5,20.0
2017,1.0,Texas Tech,Eastern Washington,88.0,-110.0,-110.0,7.0
2017,1.0,Toledo,Elon,55.5,-110.0,-110.0,12.0
2017,1.0,UAB,Alabama A&M,60.5,-110.0,-110.0,7.0
2017,1.0,UCF,Florida International,56.0,-110.0,-110.0,20.0
2017,1.0,UCLA,Texas A&M,61.0,-110.0,-110.0,20.0
2017,1.0,UNLV,Howard,66.5,-110.0,-110.0,7.0
2017,1.0,USC,Western Michigan,59.5,-110.0,-110.0,20.0
2017,1.0,Utah,North Dakota,59.0,-110.0,-110.0,12.0
2017,1.0,Virginia,William & Mary,50.0,-110.0,-110.0,7.0
2017,1.0,Virginia Tech,West Virginia,55.0,-110.0,-110.0,20.0
2017,1.0,Washington State,Montana State,62.0,-110.0,-110.0,7.0
2017,1.0,Western Kentucky,Eastern Kentucky,67.25,-110.0,-110.0,10.0
2017,1.0,Wisconsin,Utah State,52.0,-110.0,-110.0,20.0
2017,2.0,Akron,Arkansas-Pine Bluff,57.0,-110.0,-110.0,5.0
2017,2.0,Alabama,Fresno State,54.75,-110.0,-110.0,20.0
2017,2.0,Arizona,Houston,65.0,-110.0,-110.0,20.0
2017,2.0,Arizona State,San Diego State,53.5,-110.0,-110.0,20.0
2017,2.0,Arkansas,TCU,57.0,-110.0,-110.0,20.0
2017,2.0,Army,Buffalo,53.5,-110.0,-110.0,20.0
2017,2.0,Ball State,UAB,53.5,-110.0,-110.0,20.0
2017,2.0,Boston College,Wake Forest,46.0,-110.0,-110.0,20.0
2017,2.0,Bowling Green,South Dakota,66.5,-110.0,-110.0,5.0
2017,2.0,California,Weber State,65.5,-110.0,-110.0,5.0
2017,2.0,Clemson,Auburn,55.5,-110.0,-110.0,20.0
2017,2.0,Colorado,Texas State,56.25,-110.0,-110.0,20.0
2017,2.0,Colorado State,Abilene Christian,66.5,-110.0,-110.0,5.0
2017,2.0,Duke,Northwestern,54.5,-110.0,-110.0,20.0
2017,2.0,Florida International,Alcorn State,58.0,-115.0,-115.0,3.0
2017,2.0,Georgia Southern,New Hampshire,54.5,-110.0,-110.0,5.0
2017,2.0,Georgia Tech,Jacksonville State,51.0,-110.0,-110.0,6.0
2017,2.0,Idaho,UNLV,69.5,-110.0,-110.0,20.0
2017,2.0,Illinois,Western Kentucky,51.5,-110.0,-110.0,20.0
2017,2.0,Iowa State,Iowa,49.0,-110.0,-110.0,20.0
2017,2.0,Kansas,Central Michigan,56.75,-110.0,-110.0,20.0
2017,2.0,Kansas State,Charlotte,56.5,-110.0,-110.0,20.0
2017,2.0,Kent State,Howard,54.5,-110.0,-110.0,5.0
2017,2.0,Kentucky,Eastern Kentucky,57.5,-110.0,-110.0,5.0
2017,2.0,LSU,Chattanooga,50.25,-110.0,-110.0,4.0
2017,2.0,Louisiana Tech,Mississippi State,66.5,-110.0,-110.0,20.0
2017,2.0,Maryland,Towson,55.0,-110.0,-110.0,5.0
2017,2.0,Miami (OH),Austin Peay,60.0,-110.0,-110.0,5.0
2017,2.0,Michigan,Cincinnati,50.5,-110.0,-110.0,20.0
2017,2.0,Michigan State,Western Michigan,51.5,-110.0,-110.0,20.0
2017,2.0,Missouri,South Carolina,71.0,-110.0,-110.0,20.0
2017,2.0,Navy,Tulane,49.5,-110.0,-110.0,20.0
2017,2.0,Nevada,Toledo,69.0,-110.0,-110.0,20.0
2017,2.0,New Mexico,New Mexico State,69.0,-110.0,-110.0,20.0
2017,2.0,North Carolina,Louisville,65.5,-110.0,-110.0,20.0
2017,2.0,Northern Illinois,Eastern Illinois,54.5,-110.0,-110.0,5.0
2017,2.0,Notre Dame,Georgia,57.0,-110.0,-110.0,20.0
2017,2.0,Ohio State,Oklahoma,64.5,-110.0,-110.0,20.0
2017,2.0,Oregon,Nebraska,67.5,-110.0,-110.0,20.0
2017,2.0,Oregon State,Minnesota,50.5,-110.0,-110.0,20.0
2017,2.0,Penn State,Pittsburgh,63.5,-110.0,-110.0,20.0
2017,2.0,Purdue,Ohio,54.5,-110.0,-110.0,20.0
2017,2.0,Rutgers,Eastern Michigan,51.0,-110.0,-110.0,20.0
2017,2.0,South Alabama,Oklahoma State,68.0,-110.0,-110.0,20.0
2017,2.0,Syracuse,Middle Tennessee,72.0,-110.0,-110.0,20.0
2017,2.0,Temple,Villanova,42.0,-110.0,-110.0,5.0
2017,2.0,Tennessee,Indiana State,58.5,-110.0,-110.0,5.0
2017,2.0,Troy,Alabama State,51.0,-110.0,-110.0,5.0
2017,2.0,USC,Stanford,55.0,-110.0,-110.0,20.0
2017,2.0,UTEP,Rice,55.0,-110.0,-110.0,20.0
2017,2.0,Utah State,Idaho State,61.0,-110.0,-110.0,4.0
2017,2.0,Vanderbilt,Alabama A&M,55.5,-110.0,-110.0,5.0
2017,2.0,Virginia,Indiana,56.0,-110.0,-110.0,20.0
2017,2.0,Virginia Tech,Delaware,54.0,-110.0,-110.0,5.0
2017,2.0,Washington,Montana,60.0,-110.0,-110.0,4.0
2017,2.0,Washington State,Boise State,58.0,-110.0,-110.0,20.0
2017,2.0,West Virginia,East Carolina,68.0,-110.0,-110.0,20.0
2017,2.0,Wisconsin,Florida Atlantic,59.5,-110.0,-110.0,20.0
2017,2.0,Wyoming,Gardner-Webb,58.5,-110.0,-110.0,5.0
2017,3.0,Akron,Iowa State,63.0,-110.0,-110.0,20.0
2017,3.0,Alabama,Colorado State,55.5,-110.0,-110.0,20.0
2017,3.0,Arkansas State,Arkansas-Pine Bluff,62.75,-110.0,-110.0,6.0
2017,3.0,Auburn,Mercer,51.5,-110.0,-110.0,8.0
2017,3.0,Ball State,Tennessee Tech,57.0,-110.0,-110.0,8.0
2017,3.0,Boise State,New Mexico,56.5,-110.0,-110.0,20.0
2017,3.0,Boston College,Notre Dame,54.0,-110.0,-110.0,20.0
2017,3.0,Buffalo,Colgate,40.0,-110.0,-110.0,5.0
2017,3.0,California,Ole Miss,68.5,-110.0,-110.0,20.0
2017,3.0,Charlotte,North Carolina A&T,58.5,-110.0,-110.0,5.0
2017,3.0,Colorado,Northern Colorado,54.75,-110.0,-110.0,8.0
2017,3.0,Duke,Baylor,61.0,-110.0,-110.0,20.0
2017,3.0,East Carolina,Virginia Tech,60.0,-110.0,-110.0,20.0
2017,3.0,Florida,Tennessee,50.75,-110.0,-110.0,18.0
2017,3.0,Florida Atlantic,Bethune-Cookman,60.0,-110.0,-110.0,5.0
2017,3.0,Georgia,Samford,57.0,-110.0,-110.0,5.0
2017,3.0,Houston,Rice,54.0,-110.0,-110.0,20.0
2017,3.0,Iowa,North Texas,52.0,-110.0,-110.0,20.0
2017,3.0,Louisville,Clemson,61.25,-110.0,-110.0,20.0
2017,3.0,Marshall,Kent State,50.0,-110.0,-110.0,20.0
2017,3.0,Memphis,UCLA,71.5,-110.0,-110.0,20.0
2017,3.0,Miami (OH),Cincinnati,49.0,-110.0,-110.0,20.0
2017,3.0,Michigan,Air Force,52.5,-110.0,-110.0,20.0
2017,3.0,Minnesota,Middle Tennessee,50.0,-110.0,-110.0,16.0
2017,3.0,Mississippi State,LSU,53.5,-110.0,-110.0,20.0
2017,3.0,Missouri,Purdue,75.5,-110.0,-110.0,19.0
2017,3.0,Nebraska,Northern Illinois,56.5,-110.0,-110.0,20.0
2017,3.0,Nevada,Idaho State,58.5,-110.0,-110.0,5.0
2017,3.0,New Mexico State,Troy,60.0,-110.0,-110.0,20.0
2017,3.0,Northwestern,Bowling Green,56.5,-110.0,-110.0,20.0
2017,3.0,Ohio,Kansas,59.0,-110.0,-110.0,20.0
2017,3.0,Ohio State,Army,55.0,-110.0,-110.0,20.0
2017,3.0,Oklahoma,Tulane,52.5,-110.0,-110.0,20.0
2017,3.0,Old Dominion,North Carolina,56.5,-110.0,-110.0,20.0
2017,3.0,Penn State,Georgia State,54.5,-110.0,-110.0,20.0
2017,3.0,Pittsburgh,Oklahoma State,66.0,-110.0,-110.0,20.0
2017,3.0,Rutgers,Morgan State,46.5,-110.0,-110.0,8.0
2017,3.0,San Diego State,Stanford,47.5,-110.0,-110.0,20.0
2017,3.0,South Alabama,Alabama A&M,50.5,-110.0,-110.0,6.0
2017,3.0,South Carolina,Kentucky,47.5,-110.0,-110.0,20.0
2017,3.0,South Florida,Illinois,55.0,-110.0,-110.0,20.0
2017,3.0,Syracuse,Central Michigan,66.5,-110.0,-110.0,20.0
2017,3.0,Texas Tech,Arizona State,74.0,-110.0,-110.0,20.0
2017,3.0,Toledo,Tulsa,74.0,-110.0,-110.0,20.0
2017,3.0,UAB,Coastal Carolina,53.5,-110.0,-110.0,20.0
2017,3.0,USC,Texas,66.5,-110.0,-110.0,20.0
2017,3.0,UTEP,Arizona,58.5,-110.0,-110.0,20.0
2017,3.0,Vanderbilt,Kansas State,48.5,-110.0,-110.0,20.0
2017,3.0,Wake Forest,Utah State,51.5,-110.0,-110.0,20.0
2017,3.0,Washington,Fresno State,56.5,-110.0,-110.0,20.0
2017,3.0,Washington State,Oregon State,65.0,-110.0,-110.0,20.0
2017,3.0,West Virginia,Delaware State,69.5,-110.0,-110.0,5.0
2017,3.0,Western Kentucky,Louisiana Tech,61.5,-110.0,-110.0,20.0
2017,3.0,Western Michigan,Idaho,55.0,-110.0,-110.0,20.0
2017,3.0,Wyoming,Oregon,66.0,-110.0,-110.0,20.0
2017,4.0,Air Force,San Diego State,48.75,-110.0,-110.0,20.0
2017,4.0,Arizona,Utah,61.0,-110.0,-110.0,20.0
2017,4.0,Arizona State,Oregon,75.5,-110.0,-110.0,20.0
2017,4.0,Baylor,Oklahoma,60.75,-110.0,-110.0,20.0
2017,4.0,Boise State,Virginia,50.5,-110.0,-110.0,20.0
2017,4.0,Buffalo,Florida Atlantic,59.0,-108.5,-110.0,20.0
2017,4.0,California,USC,62.5,-110.0,-110.0,20.0
2017,4.0,Central Michigan,Miami (OH),51.0,-110.0,-110.0,20.0
2017,4.0,Charlotte,Georgia State,50.0,-110.0,-110.0,20.0
2017,4.0,Clemson,Boston College,53.0,-110.0,-110.0,20.0
2017,4.0,Coastal Carolina,Western Illinois,55.0,-110.0,-110.0,7.0
2017,4.0,Colorado,Washington,55.0,-110.0,-110.0,20.0
2017,4.0,Eastern Michigan,Ohio,54.5,-110.0,-110.0,20.0
2017,4.0,Georgia,Mississippi State,50.0,-110.0,-110.0,20.0
2017,4.0,Georgia Tech,Pittsburgh,55.5,-110.0,-110.0,20.0
2017,4.0,Houston,Texas Tech,68.25,-110.0,-110.0,20.0
2017,4.0,Indiana,Georgia Southern,50.5,-110.0,-110.0,20.0
2017,4.0,Iowa,Penn State,53.0,-110.0,-110.0,20.0
2017,4.0,Kansas,West Virginia,70.5,-110.0,-110.0,20.0
2017,4.0,Kentucky,Florida,44.5,-108.5,-110.0,20.0
2017,4.0,LSU,Syracuse,56.0,-110.0,-110.0,20.0
2017,4.0,Louisville,Kent State,56.5,-110.0,-110.0,20.0
2017,4.0,Maryland,UCF,61.5,-107.0,-110.0,20.0
2017,4.0,Memphis,Southern Illinois,73.5,-110.0,-110.0,6.0
2017,4.0,Michigan State,Notre Dame,54.0,-110.0,-110.0,20.0
2017,4.0,Middle Tennessee,Bowling Green,54.0,-110.0,-110.0,20.0
2017,4.0,Missouri,Auburn,60.5,-110.0,-110.0,20.0
2017,4.0,Navy,Cincinnati,52.0,-110.0,-110.0,20.0
2017,4.0,Nebraska,Rutgers,47.5,-110.0,-110.0,20.0
2017,4.0,New Mexico State,UTEP,59.0,-110.0,-110.0,20.0
2017,4.0,North Carolina,Duke,61.0,-110.0,-110.0,20.0
2017,4.0,North Texas,UAB,60.0,-110.0,-110.0,20.0
2017,4.0,Ohio State,UNLV,67.5,-110.0,-110.0,20.0
2017,4.0,Oklahoma State,TCU,66.5,-110.0,-110.0,20.0
2017,4.0,Purdue,Michigan,51.0,-110.0,-110.0,20.0
2017,4.0,Rice,Florida International,52.5,-110.0,-110.0,20.0
2017,4.0,South Alabama,Idaho,54.5,-110.0,-110.0,20.0
2017,4.0,South Carolina,Louisiana Tech,50.0,-110.0,-110.0,20.0
2017,4.0,South Florida,Temple,61.5,-110.0,-110.0,20.0
2017,4.0,Stanford,UCLA,59.5,-110.0,-110.0,20.0
2017,4.0,Troy,Akron,55.5,-110.0,-110.0,20.0
2017,4.0,Tulane,Army,45.5,-110.0,-110.0,20.0
2017,4.0,Tulsa,New Mexico,68.5,-110.0,-110.0,20.0
2017,4.0,Vanderbilt,Alabama,42.5,-110.0,-110.0,20.0
2017,4.0,Virginia Tech,Old Dominion,53.0,-110.0,-110.0,20.0
2017,4.0,Washington State,Nevada,65.5,-110.0,-110.0,20.0
2017,4.0,Western Kentucky,Ball State,50.0,-110.0,-110.0,20.0
2017,4.0,Western Michigan,Wagner,54.5,-110.0,-110.0,6.0
2017,5.0,Alabama,Ole Miss,55.25,-110.0,-110.0,20.0
2017,5.0,Arkansas,New Mexico State,61.0,-110.0,-110.0,20.0
2017,5.0,Army,UTEP,49.0,-110.0,-110.0,20.0
2017,5.0,Auburn,Mississippi State,51.0,-110.0,-110.0,20.0
2017,5.0,Boston College,Central Michigan,51.0,-110.0,-110.0,20.0
2017,5.0,Bowling Green,Akron,58.0,-110.0,-110.0,20.0
2017,5.0,Cincinnati,Marshall,53.0,-110.0,-110.0,20.0
2017,5.0,East Carolina,South Florida,72.25,-110.0,-110.0,20.0
2017,5.0,Florida,Vanderbilt,39.0,-110.0,-110.0,20.0
2017,5.0,Florida Atlantic,Middle Tennessee,60.0,-110.0,-110.0,20.0
2017,5.0,Florida International,Charlotte,47.5,-110.0,-110.0,20.0
2017,5.0,Fresno State,Nevada,59.0,-110.0,-110.0,20.0
2017,5.0,Georgia Tech,North Carolina,58.0,-110.0,-110.0,20.0
2017,5.0,Illinois,Nebraska,50.5,-114.0,-103.0,3.0
2017,5.0,Kansas State,Baylor,57.5,-110.0,-110.0,20.0
2017,5.0,Kent State,Buffalo,40.5,-110.0,-110.0,20.0
2017,5.0,Kentucky,Eastern Michigan,50.0,-110.0,-110.0,20.0
2017,5.0,LSU,Troy,48.5,-110.0,-110.0,18.0
2017,5.0,Louisiana Tech,South Alabama,57.5,-110.0,-110.0,20.0
2017,5.0,Louisville,Murray State,63.5,-110.0,-110.0,5.0
2017,5.0,Michigan State,Iowa,44.5,-110.0,-110.0,20.0
2017,5.0,Minnesota,Maryland,45.0,-110.0,-110.0,20.0
2017,5.0,New Mexico,Air Force,51.0,-110.0,-110.0,20.0
2017,5.0,Notre Dame,Miami (OH),53.5,-110.0,-110.0,20.0
2017,5.0,Oregon,California,66.0,-110.0,-110.0,20.0
2017,5.0,Oregon State,Washington,59.0,-110.0,-110.0,20.0
2017,5.0,Penn State,Indiana,61.5,-110.0,-110.0,20.0
2017,5.0,Pittsburgh,Rice,51.5,-110.0,-110.0,20.0
2017,5.0,Rutgers,Ohio State,54.5,-110.0,-110.0,20.0
2017,5.0,San Diego State,Northern Illinois,47.0,-110.0,-110.0,20.0
2017,5.0,Stanford,Arizona State,60.5,-110.0,-110.0,20.0
2017,5.0,Temple,Houston,44.5,-110.0,-110.0,20.0
2017,5.0,Tennessee,Georgia,47.0,-110.0,-110.0,20.0
2017,5.0,Texas A&M,South Carolina,50.5,-110.0,-110.0,20.0
2017,5.0,Texas Tech,Oklahoma State,85.0,-110.0,-110.0,20.0
2017,5.0,Tulsa,Navy,70.5,-110.0,-110.0,20.0
2017,5.0,UCF,Memphis,68.5,-110.0,-110.0,20.0
2017,5.0,UCLA,Colorado,66.5,-110.0,-110.0,20.0
2017,5.0,Virginia Tech,Clemson,48.5,-110.0,-110.0,20.0
2017,5.0,Wake Forest,Florida State,46.0,-110.0,-110.0,20.0
2017,5.0,Western Michigan,Ball State,54.5,-110.0,-110.0,20.0
2017,5.0,Wisconsin,Northwestern,51.5,-110.0,-110.0,20.0
2017,5.0,Wyoming,Texas State,44.5,-110.0,-110.0,20.0
2017,6.0,Akron,Ball State,52.0,-110.0,-110.0,20.0
2017,6.0,Auburn,Ole Miss,55.5,-110.0,-110.0,20.0
2017,6.0,Boston College,Virginia Tech,47.25,-110.0,-110.0,20.0
2017,6.0,Buffalo,Western Michigan,51.0,-110.0,-110.0,20.0
2017,6.0,Charlotte,Marshall,51.0,-110.0,-110.0,20.0
2017,6.0,Cincinnati,UCF,53.5,-110.0,-110.0,20.0
2017,6.0,Clemson,Wake Forest,50.75,-110.0,-110.0,20.0
2017,6.0,Coastal Carolina,Georgia State,52.25,-110.0,-110.0,20.0
2017,6.0,Colorado,Arizona,59.5,-110.0,-110.0,20.0
2017,6.0,East Carolina,Temple,58.5,-110.0,-110.0,20.0
2017,6.0,Florida,LSU,44.25,-110.0,-110.0,20.0
2017,6.0,Georgia Southern,Arkansas State,54.5,-110.0,-110.0,20.0
2017,6.0,Indiana,Charleston Southern,59.0,-110.0,-110.0,5.0
2017,6.0,Iowa,Illinois,42.5,-110.0,-110.0,20.0
2017,6.0,Kansas,Texas Tech,77.0,-110.0,-110.0,20.0
2017,6.0,Kentucky,Missouri,59.0,-110.0,-110.0,20.0
2017,6.0,Miami (OH),Bowling Green,50.5,-110.0,-110.0,20.0
2017,6.0,Michigan,Michigan State,40.0,-110.0,-110.0,20.0
2017,6.0,Middle Tennessee,Florida International,53.5,-110.0,-110.0,20.0
2017,6.0,Navy,Air Force,53.5,-110.0,-110.0,20.0
2017,6.0,Nebraska,Wisconsin,47.0,-110.0,-110.0,20.0
2017,6.0,North Carolina,Notre Dame,64.0,-110.0,-110.0,20.0
2017,6.0,Northern Illinois,Kent State,44.0,-110.0,-110.0,20.0
2017,6.0,Northwestern,Penn State,51.0,-110.0,-110.0,20.0
2017,6.0,Ohio,Central Michigan,54.0,-110.0,-110.0,20.0
2017,6.0,Ohio State,Maryland,60.5,-110.0,-110.0,20.0
2017,6.0,Oklahoma,Iowa State,62.0,-110.0,-110.0,20.0
2017,6.0,Old Dominion,Florida Atlantic,57.5,-110.0,-110.0,20.0
2017,6.0,Oregon,Washington State,60.0,-110.0,-110.0,20.0
2017,6.0,Purdue,Minnesota,45.0,-110.0,-110.0,20.0
2017,6.0,Rice,Army,48.0,-110.0,-110.0,20.0
2017,6.0,South Carolina,Arkansas,45.0,-110.0,-110.0,20.0
2017,6.0,Syracuse,Pittsburgh,63.5,-110.0,-110.0,20.0
2017,6.0,TCU,West Virginia,67.0,-110.0,-110.0,20.0
2017,6.0,Texas,Kansas State,48.0,-110.0,-110.0,20.0
2017,6.0,Texas A&M,Alabama,56.5,-110.0,-110.0,20.0
2017,6.0,Toledo,Eastern Michigan,60.0,-110.0,-110.0,20.0
2017,6.0,Tulane,Tulsa,54.0,-110.0,-110.0,20.0
2017,6.0,UAB,Louisiana Tech,64.5,-110.0,-110.0,20.0
2017,6.0,UNLV,San Diego State,55.0,-110.0,-110.0,20.0
2017,6.0,USC,Oregon State,56.5,-110.0,-110.0,20.0
2017,6.0,UTEP,Western Kentucky,52.5,-110.0,-110.0,20.0
2017,6.0,Utah,Stanford,51.5,-110.0,-110.0,20.0
2017,6.0,Utah State,Colorado State,65.5,-110.0,-110.0,20.0
2017,6.0,Vanderbilt,Georgia,41.0,-110.0,-110.0,20.0
2017,6.0,Virginia,Duke,52.75,-110.0,-110.0,20.0
2017,6.0,Washington,California,56.0,-110.0,-110.0,20.0
2017,7.0,Air Force,UNLV,65.0,-110.0,-110.0,20.0
2017,7.0,Alabama,Arkansas,53.5,-110.0,-110.0,20.0
2017,7.0,Arizona,UCLA,76.0,-110.0,-110.0,20.0
2017,7.0,Arizona State,Washington,60.0,-110.0,-110.0,20.0
2017,7.0,Arkansas State,Coastal Carolina,63.0,-110.0,-110.0,20.0
2017,7.0,Army,Eastern Michigan,50.5,-110.0,-110.0,20.0
2017,7.0,Bowling Green,Ohio,62.0,-110.0,-110.0,20.0
2017,7.0,Buffalo,Northern Illinois,50.0,-110.0,-110.0,20.0
2017,7.0,California,Washington State,55.0,-110.0,-110.0,20.0
2017,7.0,Central Michigan,Toledo,55.0,-110.0,-110.0,20.0
2017,7.0,Colorado State,Nevada,65.5,-110.0,-110.0,20.0
2017,7.0,Duke,Florida State,45.5,-110.0,-110.0,20.0
2017,7.0,Florida,Texas A&M,49.5,-110.0,-110.0,20.0
2017,7.0,Florida International,Tulane,51.0,-110.0,-110.0,20.0
2017,7.0,Fresno State,New Mexico,54.5,-110.0,-110.0,20.0
2017,7.0,Georgia,Missouri,58.5,-110.0,-110.0,20.0
2017,7.0,Georgia Southern,New Mexico State,58.75,-110.0,-110.0,20.0
2017,7.0,Illinois,Rutgers,47.0,-110.0,-110.0,20.0
2017,7.0,Indiana,Michigan,43.5,-110.0,-110.0,20.0
2017,7.0,Iowa State,Kansas,62.0,-110.0,-110.0,20.0
2017,7.0,Kansas State,TCU,49.5,-110.0,-110.0,20.0
2017,7.0,Kent State,Miami (OH),43.0,-110.0,-110.0,20.0
2017,7.0,LSU,Auburn,47.0,-110.0,-110.0,20.0
2017,7.0,Louisville,Boston College,60.0,-110.0,-110.0,20.0
2017,7.0,Marshall,Old Dominion,48.0,-110.0,-110.0,20.0
2017,7.0,Maryland,Northwestern,50.5,-110.0,-110.0,20.0
2017,7.0,Memphis,Navy,73.0,-110.0,-110.0,20.0
2017,7.0,Minnesota,Michigan State,41.0,-110.0,-110.0,20.0
2017,7.0,Nebraska,Ohio State,57.5,-110.0,-110.0,20.0
2017,7.0,North Carolina,Virginia,54.5,-110.0,-110.0,20.0
2017,7.0,Oklahoma State,Baylor,67.5,-110.0,-110.0,20.0
2017,7.0,Ole Miss,Vanderbilt,56.5,-110.0,-110.0,20.0
2017,7.0,Oregon State,Colorado,56.5,-110.0,-110.0,20.0
2017,7.0,San Diego State,Boise State,47.0,-110.0,-110.0,20.0
2017,7.0,South Florida,Cincinnati,63.0,-110.0,-110.0,20.0
2017,7.0,Stanford,Oregon,56.5,-110.0,-110.0,20.0
2017,7.0,Syracuse,Clemson,58.0,-110.0,-110.0,20.0
2017,7.0,Tennessee,South Carolina,45.0,-110.0,-110.0,20.0
2017,7.0,Texas,Oklahoma,62.0,-110.0,-110.0,20.0
2017,7.0,Troy,South Alabama,51.5,-110.0,-110.0,20.0
2017,7.0,Tulsa,Houston,63.5,-110.0,-110.0,20.0
2017,7.0,UAB,Middle Tennessee,55.5,-110.0,-110.0,20.0
2017,7.0,UCF,East Carolina,70.0,-110.0,-110.0,20.0
2017,7.0,USC,Utah,51.5,-110.0,-110.0,20.0
2017,7.0,Utah State,Wyoming,49.5,-110.0,-110.0,20.0
2017,7.0,West Virginia,Texas Tech,78.0,-110.0,-110.0,20.0
2017,7.0,Western Kentucky,Charlotte,48.0,-110.0,-110.0,20.0
2017,7.0,Western Michigan,Akron,54.5,-110.0,-110.0,20.0
2017,7.0,Wisconsin,Purdue,49.0,-110.0,-110.0,20.0
2017,8.0,Alabama,Tennessee,50.5,-110.0,-110.0,20.0
2017,8.0,Arkansas,Auburn,51.0,-110.0,-110.0,20.0
2017,8.0,Army,Temple,48.0,-110.0,-110.0,20.0
2017,8.0,Ball State,Central Michigan,48.5,-110.0,-110.0,20.0
2017,8.0,Baylor,West Virginia,67.0,-110.0,-110.0,20.0
2017,8.0,Boise State,Wyoming,44.5,-110.0,-110.0,20.0
2017,8.0,Bowling Green,Northern Illinois,56.5,-110.0,-110.0,20.0
2017,8.0,California,Arizona,66.5,-110.0,-110.0,20.0
2017,8.0,Charlotte,UAB,52.0,-110.0,-110.0,20.0
2017,8.0,Duke,Pittsburgh,49.5,-110.0,-110.0,20.0
2017,8.0,Eastern Michigan,Western Michigan,51.5,-110.0,-110.0,20.0
2017,8.0,Florida Atlantic,North Texas,67.0,-110.0,-110.0,20.0
2017,8.0,Florida State,Louisville,58.5,-110.0,-110.0,20.0
2017,8.0,Georgia State,Troy,52.0,-110.0,-110.0,20.0
2017,8.0,Georgia Tech,Wake Forest,49.75,-110.0,-110.0,20.0
2017,8.0,Houston,Memphis,61.5,-110.0,-110.0,20.0
2017,8.0,Kansas State,Oklahoma,55.5,-110.0,-110.0,20.0
2017,8.0,Miami (OH),Buffalo,47.5,-110.0,-110.0,20.0
2017,8.0,Michigan State,Indiana,47.5,-110.0,-110.0,20.0
2017,8.0,Middle Tennessee,Marshall,49.5,-110.0,-110.0,20.0
2017,8.0,Minnesota,Illinois,48.5,-110.0,-110.0,20.0
2017,8.0,Mississippi State,Kentucky,54.0,-110.0,-110.0,20.0
2017,8.0,Missouri,Idaho,64.5,-110.0,-110.0,20.0
2017,8.0,Navy,UCF,65.5,-110.0,-110.0,20.0
2017,8.0,Nevada,Air Force,64.75,-110.0,-110.0,20.0
2017,8.0,New Mexico,Colorado State,61.0,-110.0,-110.0,20.0
2017,8.0,Northwestern,Iowa,45.5,-110.0,-110.0,20.0
2017,8.0,Notre Dame,USC,61.5,-110.0,-110.0,20.0
2017,8.0,Ohio,Kent State,47.0,-110.0,-110.0,20.0
2017,8.0,Old Dominion,Western Kentucky,50.0,-110.0,-110.0,20.0
2017,8.0,Ole Miss,LSU,59.0,-110.0,-110.0,20.0
2017,8.0,Penn State,Michigan,42.5,-110.0,-110.0,20.0
2017,8.0,Rutgers,Purdue,50.0,-110.0,-110.0,20.0
2017,8.0,San Diego State,Fresno State,49.5,-110.0,-110.0,20.0
2017,8.0,TCU,Kansas,61.5,-110.0,-110.0,20.0
2017,8.0,Texas,Oklahoma State,64.5,-110.0,-110.0,20.0
2017,8.0,Texas Tech,Iowa State,67.0,-110.0,-110.0,20.0
2017,8.0,Toledo,Akron,58.5,-110.0,-110.0,20.0
2017,8.0,Tulane,South Florida,54.0,-110.0,-110.0,20.0
2017,8.0,UCLA,Oregon,67.5,-110.0,-110.0,20.0
2017,8.0,UNLV,Utah State,60.5,-110.0,-110.0,20.0
2017,8.0,Utah,Arizona State,54.0,-110.0,-110.0,20.0
2017,8.0,Virginia,Boston College,48.25,-110.0,-110.0,20.0
2017,8.0,Virginia Tech,North Carolina,53.5,-110.0,-110.0,20.0
2017,8.0,Washington State,Colorado,52.0,-110.0,-110.0,20.0
2017,8.0,Wisconsin,Maryland,49.5,-110.0,-110.0,20.0
2017,9.0,Akron,Buffalo,49.0,-110.0,-110.0,20.0
2017,9.0,Arizona,Washington State,63.0,-110.0,-110.0,20.0
2017,9.0,Arizona State,USC,58.5,-110.0,-110.0,20.0
2017,9.0,Ball State,Toledo,55.5,-110.0,-110.0,20.0
2017,9.0,Baylor,Texas,52.5,-110.0,-110.0,20.0
2017,9.0,Boston College,Florida State,46.25,-110.0,-110.0,20.0
2017,9.0,Clemson,Georgia Tech,49.5,-110.0,-110.0,20.0
2017,9.0,Coastal Carolina,Texas State,54.0,-110.0,-110.0,20.0
2017,9.0,Colorado,California,55.5,-110.0,-110.0,20.0
2017,9.0,Colorado State,Air Force,68.5,-110.0,-110.0,20.0
2017,9.0,Florida,Georgia,43.5,-110.0,-110.0,20.0
2017,9.0,Fresno State,UNLV,58.5,-110.0,-110.0,20.0
2017,9.0,Georgia State,South Alabama,50.5,-110.0,-110.0,20.0
2017,9.0,Illinois,Wisconsin,51.0,-110.0,-110.0,20.0
2017,9.0,Iowa,Minnesota,43.5,-110.0,-110.0,20.0
2017,9.0,Iowa State,TCU,48.0,-110.0,-110.0,20.0
2017,9.0,Kansas,Kansas State,55.5,-110.0,-110.0,20.0
2017,9.0,Kentucky,Tennessee,46.0,-110.0,-110.0,20.0
2017,9.0,Marshall,Florida International,47.5,-110.0,-110.0,20.0
2017,9.0,Maryland,Indiana,53.0,-110.0,-110.0,20.0
2017,9.0,Memphis,Tulane,61.5,-110.0,-110.0,20.0
2017,9.0,Michigan,Rutgers,43.5,-110.0,-110.0,20.0
2017,9.0,New Mexico State,Arkansas State,72.0,-110.0,-110.0,20.0
2017,9.0,North Texas,Old Dominion,58.5,-110.0,-110.0,20.0
2017,9.0,Northern Illinois,Eastern Michigan,47.5,-110.0,-110.0,20.0
2017,9.0,Northwestern,Michigan State,42.0,-110.0,-110.0,20.0
2017,9.0,Ohio State,Penn State,57.5,-110.0,-110.0,20.0
2017,9.0,Oklahoma,Texas Tech,77.5,-110.0,-110.0,20.0
2017,9.0,Ole Miss,Arkansas,61.5,-110.0,-110.0,20.0
2017,9.0,Oregon,Utah,49.0,-110.0,-110.0,20.0
2017,9.0,Oregon State,Stanford,56.5,-110.0,-110.0,20.0
2017,9.0,Pittsburgh,Virginia,49.0,-110.0,-110.0,20.0
2017,9.0,Purdue,Nebraska,54.0,-110.0,-110.0,20.0
2017,9.0,Rice,Louisiana Tech,51.5,-110.0,-110.0,20.0
2017,9.0,South Carolina,Vanderbilt,43.0,-110.0,-110.0,20.0
2017,9.0,South Florida,Houston,54.0,-110.0,-110.0,20.0
2017,9.0,Texas A&M,Mississippi State,55.5,-110.0,-110.0,20.0
2017,9.0,Troy,Georgia Southern,49.0,-110.0,-110.0,20.0
2017,9.0,UCF,Austin Peay,55.5,-110.0,-110.0,5.0
2017,9.0,Utah State,Boise State,52.0,-110.0,-110.0,20.0
2017,9.0,Virginia Tech,Duke,48.0,-110.0,-110.0,20.0
2017,9.0,Wake Forest,Louisville,66.5,-110.0,-110.0,20.0
2017,9.0,Washington,UCLA,59.5,-110.0,-110.0,20.0
2017,9.0,West Virginia,Oklahoma State,77.5,-110.0,-110.0,20.0
2017,9.0,Western Kentucky,Florida Atlantic,67.5,-110.0,-110.0,20.0
2017,9.0,Wyoming,New Mexico,47.5,-110.0,-110.0,20.0
2017,10.0,Air Force,Army,54.5,-110.0,-110.0,20.0
2017,10.0,Alabama,LSU,45.5,-110.0,-110.0,20.0
2017,10.0,Arizona State,Colorado,59.0,-110.0,-110.0,20.0
2017,10.0,Arkansas,Coastal Carolina,59.0,-110.0,-110.0,20.0
2017,10.0,Boise State,Nevada,62.75,-110.0,-110.0,20.0
2017,10.0,California,Oregon State,54.0,-110.0,-110.0,20.0
2017,10.0,Eastern Michigan,Ball State,47.0,-110.0,-110.0,20.0
2017,10.0,Florida Atlantic,Marshall,63.0,-110.0,-110.0,20.0
2017,10.0,Florida State,Syracuse,51.5,-110.0,-110.0,20.0
2017,10.0,Georgia,South Carolina,45.0,-110.0,-110.0,20.0
2017,10.0,Georgia Southern,Georgia State,49.5,-110.0,-110.0,20.0
2017,10.0,Houston,East Carolina,62.0,-110.0,-110.0,20.0
2017,10.0,Indiana,Wisconsin,49.0,-110.0,-110.0,20.0
2017,10.0,Iowa,Ohio State,55.0,-110.0,-110.0,20.0
2017,10.0,Kansas,Baylor,60.0,-110.0,-110.0,20.0
2017,10.0,Kent State,Bowling Green,47.5,-110.0,-110.0,20.0
2017,10.0,Kentucky,Ole Miss,63.0,-110.0,-110.0,20.0
2017,10.0,Louisiana Tech,North Texas,67.0,-110.0,-110.0,20.0
2017,10.0,Michigan,Minnesota,39.0,-110.0,-110.0,20.0
2017,10.0,Michigan State,Penn State,46.0,-110.0,-110.0,20.0
2017,10.0,Middle Tennessee,UTEP,50.5,-110.0,-110.0,20.0
2017,10.0,Missouri,Florida,61.5,-110.0,-110.0,20.0
2017,10.0,Nebraska,Northwestern,55.0,-110.0,-110.0,20.0
2017,10.0,New Mexico,Utah State,51.5,-110.0,-110.0,20.0
2017,10.0,Notre Dame,Wake Forest,55.5,-110.0,-110.0,20.0
2017,10.0,Ohio,Miami (OH),54.0,-110.0,-110.0,20.0
2017,10.0,Oklahoma State,Oklahoma,76.0,-110.0,-110.0,20.0
2017,10.0,Old Dominion,Charlotte,49.5,-110.0,-110.0,20.0
2017,10.0,Purdue,Illinois,50.0,-110.0,-110.0,20.0
2017,10.0,Rutgers,Maryland,49.5,-110.0,-110.0,20.0
2017,10.0,TCU,Texas,45.0,-110.0,-110.0,20.0
2017,10.0,Temple,Navy,51.5,-110.0,-110.0,20.0
2017,10.0,Texas A&M,Auburn,51.5,-110.0,-110.0,20.0
2017,10.0,Texas State,New Mexico State,57.5,-110.0,-110.0,20.0
2017,10.0,Texas Tech,Kansas State,62.0,-110.0,-110.0,20.0
2017,10.0,Toledo,Northern Illinois,56.5,-110.0,-110.0,20.0
2017,10.0,Troy,Idaho,50.0,-110.0,-110.0,20.0
2017,10.0,Tulane,Cincinnati,52.0,-110.0,-110.0,20.0
2017,10.0,Tulsa,Memphis,81.0,-110.0,-110.0,20.0
2017,10.0,UAB,Rice,49.5,-110.0,-110.0,20.0
2017,10.0,USC,Arizona,76.0,-110.0,-110.0,20.0
2017,10.0,Utah,UCLA,53.5,-110.0,-110.0,20.0
2017,10.0,Vanderbilt,Western Kentucky,54.5,-110.0,-110.0,20.0
2017,10.0,Virginia,Georgia Tech,50.5,-110.0,-110.0,20.0
2017,10.0,Washington,Oregon,53.0,-110.0,-110.0,20.0
2017,10.0,Washington State,Stanford,55.5,-110.0,-110.0,20.0
2017,10.0,West Virginia,Iowa State,58.5,-110.0,-110.0,20.0
2017,10.0,Western Michigan,Central Michigan,48.5,-110.0,-110.0,20.0
2017,10.0,Wyoming,Colorado State,49.0,-110.0,-110.0,20.0
2017,11.0,Air Force,Wyoming,50.0,-110.0,-110.0,20.0
2017,11.0,Arizona,Oregon State,69.0,-110.0,-110.0,20.0
2017,11.0,Army,Duke,51.5,-110.0,-110.0,20.0
2017,11.0,Auburn,Georgia,48.0,-110.0,-110.0,20.0
2017,11.0,Baylor,Texas Tech,67.0,-110.0,-110.0,20.0
2017,11.0,Buffalo,Bowling Green,61.0,-110.0,-110.0,20.0
2017,11.0,Central Michigan,Eastern Michigan,51.0,-110.0,-110.0,20.0
2017,11.0,Charlotte,Middle Tennessee,50.5,-110.0,-110.0,20.0
2017,11.0,Cincinnati,Temple,50.0,-110.0,-110.0,20.0
2017,11.0,Clemson,Florida State,45.0,-110.0,-110.0,20.0
2017,11.0,Coastal Carolina,Troy,52.5,-110.0,-110.0,20.0
2017,11.0,Colorado,USC,62.25,-110.0,-110.0,20.0
2017,11.0,Colorado State,Boise State,59.0,-110.0,-110.0,20.0
2017,11.0,East Carolina,Tulane,64.0,-110.0,-110.0,20.0
2017,11.0,Florida International,Old Dominion,48.0,-110.0,-110.0,20.0
2017,11.0,Georgia Tech,Virginia Tech,48.0,-110.0,-110.0,20.0
2017,11.0,Illinois,Indiana,52.0,-110.0,-110.0,20.0
2017,11.0,Iowa State,Oklahoma State,61.0,-110.0,-110.0,20.0
2017,11.0,Kansas State,West Virginia,58.5,-110.0,-110.0,20.0
2017,11.0,LSU,Arkansas,54.5,-110.0,-110.0,20.0
2017,11.0,Louisiana Tech,Florida Atlantic,68.0,-110.0,-110.0,20.0
2017,11.0,Louisville,Virginia,66.0,-110.0,-110.0,20.0
2017,11.0,Marshall,Western Kentucky,54.0,-110.0,-110.0,20.0
2017,11.0,Maryland,Michigan,48.5,-110.0,-110.0,20.0
2017,11.0,Miami (OH),Akron,51.0,-110.0,-110.0,20.0
2017,11.0,Minnesota,Nebraska,47.5,-110.0,-110.0,20.0
2017,11.0,Mississippi State,Alabama,49.5,-110.0,-110.0,20.0
2017,11.0,Missouri,Tennessee,63.5,-110.0,-110.0,20.0
2017,11.0,North Texas,UTEP,53.0,-110.0,-110.0,20.0
2017,11.0,Northern Illinois,Ball State,50.5,-110.0,-110.0,20.0
2017,11.0,Northwestern,Purdue,50.0,-110.0,-110.0,20.0
2017,11.0,Ohio,Toledo,63.5,-110.0,-110.0,20.0
2017,11.0,Ohio State,Michigan State,56.5,-110.0,-110.0,20.0
2017,11.0,Oklahoma,TCU,63.5,-110.0,-110.0,20.0
2017,11.0,Penn State,Rutgers,56.5,-110.0,-110.0,20.0
2017,11.0,Pittsburgh,North Carolina,50.5,-110.0,-110.0,20.0
2017,11.0,South Alabama,Arkansas State,56.0,-110.0,-110.0,20.0
2017,11.0,South Carolina,Florida,41.5,-110.0,-110.0,20.0
2017,11.0,Stanford,Washington,49.5,-110.0,-110.0,20.0
2017,11.0,Syracuse,Wake Forest,64.0,-110.0,-110.0,20.0
2017,11.0,Texas,Kansas,52.5,-110.0,-110.0,20.0
2017,11.0,Texas A&M,New Mexico,52.5,-110.0,-110.0,20.0
2017,11.0,Texas State,Georgia State,51.25,-110.0,-110.0,20.0
2017,11.0,UCLA,Arizona State,65.5,-110.0,-110.0,20.0
2017,11.0,Utah,Washington State,50.0,-110.0,-110.0,20.0
2017,11.0,Vanderbilt,Kentucky,52.5,-110.0,-110.0,20.0
2017,11.0,Western Michigan,Kent State,45.0,-110.0,-110.0,20.0
2017,11.0,Wisconsin,Iowa,45.0,-110.0,-110.0,20.0
2017,12.0,Akron,Ohio,51.5,-110.0,-110.0,20.0
2017,12.0,Alabama,Mercer,56.5,-110.0,-110.0,5.0
2017,12.0,Arkansas,Mississippi State,56.0,-110.0,-110.0,20.0
2017,12.0,Arkansas State,Texas State,58.5,-110.0,-110.0,20.0
2017,12.0,Ball State,Buffalo,54.5,-110.0,-110.0,20.0
2017,12.0,Baylor,Iowa State,49.5,-110.0,-110.0,20.0
2017,12.0,Boise State,Air Force,60.5,-110.0,-110.0,20.0
2017,12.0,Bowling Green,Toledo,66.0,-110.0,-110.0,20.0
2017,12.0,Duke,Georgia Tech,49.0,-110.0,-110.0,20.0
2017,12.0,East Carolina,Cincinnati,67.5,-110.0,-110.0,20.0
2017,12.0,Florida,UAB,48.0,-110.0,-110.0,20.0
2017,12.0,Florida Atlantic,Florida International,66.0,-110.0,-110.0,20.0
2017,12.0,Florida State,Delaware State,62.5,-110.0,-110.0,5.0
2017,12.0,Georgia,Kentucky,50.5,-110.0,-110.0,20.0
2017,12.0,Georgia Southern,South Alabama,45.5,-110.0,-110.0,20.0
2017,12.0,Idaho,Coastal Carolina,50.5,-110.0,-110.0,20.0
2017,12.0,Indiana,Rutgers,46.5,-110.0,-110.0,20.0
2017,12.0,Iowa,Purdue,42.5,-110.0,-110.0,20.0
2017,12.0,Kansas,Oklahoma,68.0,-110.0,-110.0,20.0
2017,12.0,Kent State,Central Michigan,44.5,-110.0,-110.0,20.0
2017,12.0,Louisville,Syracuse,69.5,-110.0,-110.0,20.0
2017,12.0,Miami (OH),Eastern Michigan,51.0,-110.0,-110.0,20.0
2017,12.0,Michigan State,Maryland,44.5,-110.0,-110.0,20.0
2017,12.0,New Mexico,UNLV,55.5,-110.0,-110.0,20.0
2017,12.0,North Carolina,Western Carolina,61.0,-110.0,-110.0,5.0
2017,12.0,North Texas,Army,59.5,-110.0,-110.0,20.0
2017,12.0,Northern Illinois,Western Michigan,49.5,-110.0,-110.0,20.0
2017,12.0,Northwestern,Minnesota,40.5,-110.0,-110.0,20.0
2017,12.0,Notre Dame,Navy,58.5,-110.0,-110.0,20.0
2017,12.0,Ohio State,Illinois,54.5,-110.0,-110.0,20.0
2017,12.0,Oklahoma State,Kansas State,63.0,-110.0,-110.0,20.0
2017,12.0,Old Dominion,Rice,52.0,-110.0,-110.0,20.0
2017,12.0,Ole Miss,Texas A&M,70.0,-110.0,-110.0,20.0
2017,12.0,Oregon,Arizona,77.5,-110.0,-110.0,20.0
2017,12.0,Oregon State,Arizona State,59.0,-110.0,-110.0,20.0
2017,12.0,Penn State,Nebraska,58.5,-110.0,-110.0,20.0
2017,12.0,San Diego State,Nevada,55.5,-110.0,-110.0,20.0
2017,12.0,South Carolina,Wofford,45.0,-110.0,-110.0,3.0
2017,12.0,South Florida,Tulsa,65.5,-110.0,-110.0,20.0
2017,12.0,Stanford,California,57.0,-110.0,-110.0,20.0
2017,12.0,Temple,UCF,59.5,-110.0,-110.0,20.0
2017,12.0,Tennessee,LSU,41.5,-110.0,-110.0,20.0
2017,12.0,Texas Tech,TCU,54.0,-110.0,-110.0,20.0
2017,12.0,Tulane,Houston,47.5,-110.0,-110.0,20.0
2017,12.0,USC,UCLA,70.0,-110.0,-110.0,20.0
2017,12.0,UTEP,Louisiana Tech,48.5,-110.0,-110.0,20.0
2017,12.0,Vanderbilt,Missouri,64.5,-110.0,-110.0,20.0
2017,12.0,Virginia Tech,Pittsburgh,49.5,-110.0,-110.0,20.0
2017,12.0,Washington,Utah,47.5,-110.0,-110.0,20.0
2017,12.0,West Virginia,Texas,53.5,-110.0,-110.0,20.0
2017,12.0,Western Kentucky,Middle Tennessee,56.0,-110.0,-110.0,20.0
2017,12.0,Wisconsin,Michigan,41.5,-110.0,-110.0,20.0
2017,12.0,Wyoming,Fresno State,39.0,-110.0,-110.0,20.0
2017,13.0,Air Force,Utah State,57.0,-110.0,-110.0,20.0
2017,13.0,Akron,Kent State,46.0,-110.0,-110.0,20.0
2017,13.0,Arizona State,Arizona,75.5,-110.0,-110.0,20.0
2017,13.0,Arkansas,Missouri,69.5,-110.0,-110.0,20.0
2017,13.0,Auburn,Alabama,47.5,-110.0,-110.0,20.0
2017,13.0,Ball State,Miami (OH),53.5,-110.0,-110.0,20.0
2017,13.0,Buffalo,Ohio,56.0,-110.0,-110.0,20.0
2017,13.0,Central Michigan,Northern Illinois,51.5,-110.0,-110.0,20.0
2017,13.0,Charlotte,Florida Atlantic,65.0,-110.0,-110.0,20.0
2017,13.0,Eastern Michigan,Bowling Green,61.0,-110.0,-110.0,20.0
2017,13.0,Florida,Florida State,43.0,-110.0,-110.0,20.0
2017,13.0,Florida International,Western Kentucky,56.5,-110.0,-110.0,20.0
2017,13.0,Fresno State,Boise State,49.0,-110.0,-110.0,20.0
2017,13.0,Georgia Tech,Georgia,51.0,-110.0,-110.0,20.0
2017,13.0,Houston,Navy,55.0,-110.0,-110.0,20.0
2017,13.0,Illinois,Northwestern,46.0,-110.0,-110.0,20.0
2017,13.0,Kansas State,Iowa State,50.5,-110.0,-110.0,20.0
2017,13.0,Kentucky,Louisville,67.5,-110.0,-110.0,20.0
2017,13.0,LSU,Texas A&M,50.5,-110.0,-110.0,20.0
2017,13.0,Maryland,Penn State,58.0,-110.0,-110.0,20.0
2017,13.0,Memphis,East Carolina,81.5,-110.0,-110.0,20.0
2017,13.0,Michigan,Ohio State,49.0,-110.0,-110.0,20.0
2017,13.0,Middle Tennessee,Old Dominion,51.5,-110.0,-110.0,20.0
2017,13.0,Minnesota,Wisconsin,44.0,-110.0,-110.0,20.0
2017,13.0,Mississippi State,Ole Miss,64.5,-110.0,-110.0,20.0
2017,13.0,Nebraska,Iowa,50.5,-108.0,-110.0,20.0
2017,13.0,Nevada,UNLV,70.5,-110.0,-110.0,20.0
2017,13.0,New Mexico State,Idaho,55.5,-110.0,-110.0,20.0
2017,13.0,Oklahoma,West Virginia,69.5,-110.0,-110.0,20.0
2017,13.0,Oklahoma State,Kansas,68.0,-110.0,-110.0,20.0
2017,13.0,Oregon,Oregon State,62.0,-110.0,-110.0,20.0
2017,13.0,Purdue,Indiana,51.0,-110.0,-110.0,20.0
2017,13.0,Rice,North Texas,62.5,-110.0,-110.0,20.0
2017,13.0,Rutgers,Michigan State,42.5,-110.0,-110.0,20.0
2017,13.0,San Diego State,New Mexico,47.5,-110.0,-110.0,20.0
2017,13.0,South Carolina,Clemson,46.5,-110.0,-110.0,20.0
2017,13.0,Stanford,Notre Dame,58.0,-110.0,-110.0,20.0
2017,13.0,Syracuse,Boston College,56.0,-110.0,-110.0,20.0
2017,13.0,TCU,Baylor,53.0,-110.0,-110.0,20.0
2017,13.0,Tennessee,Vanderbilt,46.0,-110.0,-110.0,20.0
2017,13.0,Texas,Texas Tech,58.5,-110.0,-110.0,20.0
2017,13.0,Toledo,Western Michigan,61.0,-110.0,-110.0,20.0
2017,13.0,Troy,Texas State,53.0,-110.0,-110.0,20.0
2017,13.0,Tulsa,Temple,57.0,-110.0,-110.0,20.0
2017,13.0,UAB,UTEP,47.5,-110.0,-110.0,20.0
2017,13.0,UCF,South Florida,65.0,-110.0,-110.0,20.0
2017,13.0,UCLA,California,66.5,-110.0,-110.0,20.0
2017,13.0,Utah,Colorado,57.0,-110.0,-110.0,20.0
2017,13.0,Virginia,Virginia Tech,48.0,-110.0,-110.0,20.0
2017,13.0,Wake Forest,Duke,58.5,-110.0,-110.0,20.0
2017,13.0,Washington,Washington State,50.0,-110.0,-110.0,20.0
2017,14.0,Arkansas State,Troy,60.5,-110.0,-110.0,20.0
2017,14.0,Auburn,Georgia,48.0,-110.0,-110.0,20.0
2017,14.0,Boise State,Fresno State,50.5,-110.0,-110.0,20.0
2017,14.0,Coastal Carolina,Georgia Southern,49.5,-110.0,-110.0,20.0
2017,14.0,Florida Atlantic,North Texas,71.5,-110.0,-110.0,20.0
2017,14.0,Georgia State,Idaho,45.0,-110.0,-110.0,20.0
2017,14.0,New Mexico State,South Alabama,54.5,-110.0,-110.0,20.0
2017,14.0,Oklahoma,TCU,63.75,-110.0,-110.0,20.0
2017,14.0,Toledo,Akron,60.5,-110.0,-110.0,20.0
2017,14.0,UCF,Memphis,80.5,-110.0,-110.0,20.0
2017,14.0,USC,Stanford,58.5,-110.0,-110.0,20.0
2017,14.0,Wisconsin,Ohio State,51.0,-110.0,-110.0,20.0
2017,15.0,Navy,Army,44.0,-110.0,-110.0,20.0
2018,1.0,Air Force,Stony Brook,58.5,-110.0,-110.0,5.0
2018,1.0,Alabama,Louisville,60.0,-110.0,-110.0,21.0
2018,1.0,Arkansas,Eastern Illinois,60.5,-110.0,-110.0,5.0
2018,1.0,Arkansas State,Southeast Missouri State,58.0,-110.0,-110.0,5.0
2018,1.0,Auburn,Washington,50.5,-110.0,-110.0,21.0
2018,1.0,Baylor,Abilene Christian,57.0,-110.0,-110.0,4.0
2018,1.0,Buffalo,Delaware State,63.0,-110.0,-110.0,4.0
2018,1.0,California,North Carolina,57.5,-110.0,-110.0,21.0
2018,1.0,Charlotte,Fordham,56.0,-110.0,-110.0,6.0
2018,1.0,Clemson,Furman,60.5,-110.0,-110.0,5.0
2018,1.0,Duke,Army,46.0,-110.0,-110.0,21.0
2018,1.0,East Carolina,North Carolina A&T,64.5,-110.0,-110.0,9.0
2018,1.0,Eastern Michigan,Monmouth,60.5,-110.0,-110.0,6.0
2018,1.0,Florida,Charleston Southern,51.5,-109.0,-110.0,5.0
2018,1.0,Florida International,Indiana,55.5,-110.0,-110.0,21.0
2018,1.0,Florida State,Virginia Tech,54.5,-110.0,-110.0,21.0
2018,1.0,Fresno State,Idaho,43.0,-110.0,-110.0,4.0
2018,1.0,Georgia,Austin Peay,59.5,-110.0,-110.0,7.0
2018,1.0,Georgia Southern,South Carolina State,46.75,-110.0,-110.0,4.0
2018,1.0,Georgia State,Kennesaw State,43.0,-110.0,-110.0,5.0
2018,1.0,Georgia Tech,Alcorn State,59.5,-110.0,-110.0,5.0
2018,1.0,Illinois,Kent State,57.0,-110.0,-110.0,21.0
2018,1.0,Iowa,Northern Illinois,46.5,-110.0,-110.0,21.0
2018,1.0,Kansas State,South Dakota,64.5,-110.0,-110.0,4.0
2018,1.0,Kentucky,Central Michigan,50.5,-110.0,-110.0,21.0
2018,1.0,Liberty,Old Dominion,58.0,-110.0,-110.0,21.0
2018,1.0,Maryland,Texas,54.5,-110.0,-110.0,21.0
2018,1.0,Memphis,Mercer,65.5,-110.0,-110.0,4.0
2018,1.0,Miami (OH),Marshall,51.5,-110.0,-110.0,21.0
2018,1.0,Michigan State,Utah State,52.5,-110.0,-110.0,21.0
2018,1.0,Minnesota,New Mexico State,49.0,-110.0,-110.0,21.0
2018,1.0,New Mexico,Incarnate Word,63.5,-110.0,-110.0,4.0
2018,1.0,New Mexico State,Wyoming,46.0,-110.0,-110.0,21.0
2018,1.0,Notre Dame,Michigan,47.5,-110.0,-110.0,21.0
2018,1.0,Ohio,Howard,62.0,-110.0,-110.0,4.0
2018,1.0,Ohio State,Oregon State,62.5,-110.0,-110.0,21.0
2018,1.0,Oklahoma,Florida Atlantic,68.0,-110.0,-110.0,21.0
2018,1.0,Oklahoma State,Missouri State,73.0,-110.0,-110.0,7.0
2018,1.0,Oregon,Bowling Green,70.0,-110.0,-110.0,21.0
2018,1.0,Purdue,Northwestern,51.0,-110.0,-110.0,21.0
2018,1.0,Rice,Houston,56.0,-110.0,-110.0,21.0
2018,1.0,Rutgers,Texas State,48.0,-110.0,-110.0,21.0
2018,1.0,South Alabama,Louisiana Tech,53.0,-110.0,-110.0,21.0
2018,1.0,South Carolina,Coastal Carolina,55.5,-110.0,-110.0,21.0
2018,1.0,South Florida,Elon,56.75,-110.0,-110.0,4.0
2018,1.0,Temple,Villanova,39.5,-110.0,-110.0,2.0
2018,1.0,Tennessee,West Virginia,59.5,-110.0,-110.0,21.0
2018,1.0,Texas A&M,Northwestern State,64.5,-110.0,-110.0,5.0
2018,1.0,Texas Tech,Ole Miss,72.0,-110.0,-110.0,21.0
2018,1.0,Troy,Boise State,48.5,-110.0,-110.0,21.0
2018,1.0,Tulane,Wake Forest,55.5,-110.0,-110.0,21.0
2018,1.0,Tulsa,Central Arkansas,62.0,-110.0,-110.0,4.0
2018,1.0,UCLA,Cincinnati,63.0,-110.0,-110.0,20.0
2018,1.0,USC,UNLV,59.5,-110.0,-110.0,21.0
2018,1.0,UTEP,Northern Arizona,52.75,-110.0,-110.0,4.0
2018,1.0,Utah,Weber State,49.5,-110.0,-110.0,5.0
2018,1.0,Vanderbilt,Middle Tennessee,56.5,-110.0,-110.0,21.0
2018,1.0,Virginia,Richmond,53.5,-110.0,-110.0,4.0
2018,1.0,Western Michigan,Syracuse,65.5,-110.0,-110.0,21.0
2018,1.0,Wyoming,Washington State,44.5,-110.0,-110.0,21.0
2018,2.0,Akron,Morgan State,57.5,-110.0,-110.0,5.0
2018,2.0,Alabama,Arkansas State,62.5,-110.0,-110.0,21.0
2018,2.0,Arizona State,Michigan State,54.0,-110.0,-110.0,21.0
2018,2.0,Army,Liberty,58.0,-110.0,-110.0,21.0
2018,2.0,Auburn,Alabama State,69.5,-110.0,-110.0,5.0
2018,2.0,Boston College,Holy Cross,57.0,-110.0,-110.0,5.0
2018,2.0,Bowling Green,Maryland,66.0,-110.0,-110.0,21.0
2018,2.0,Central Michigan,Kansas,48.0,-110.0,-110.0,21.0
2018,2.0,Coastal Carolina,UAB,55.0,-110.0,-110.0,21.0
2018,2.0,Colorado State,Arkansas,70.0,-110.0,-110.0,21.0
2018,2.0,East Carolina,North Carolina,59.0,-110.0,-110.0,21.0
2018,2.0,Florida,Kentucky,52.5,-110.0,-110.0,21.0
2018,2.0,Florida Atlantic,Air Force,60.5,-110.0,-110.0,21.0
2018,2.0,Florida State,Samford,57.0,-110.0,-110.0,5.0
2018,2.0,Houston,Arizona,71.0,-110.0,-110.0,21.0
2018,2.0,Illinois,Western Illinois,51.0,-110.0,-110.0,5.0
2018,2.0,Indiana,Virginia,49.5,-110.0,-110.0,21.0
2018,2.0,Iowa,Iowa State,46.5,-110.0,-110.0,21.0
2018,2.0,Kansas State,Mississippi State,52.0,-110.0,-110.0,21.0
2018,2.0,Kent State,Howard,66.0,-110.0,-110.0,5.0
2018,2.0,Louisville,Indiana State,68.5,-110.0,-110.0,5.0
2018,2.0,Marshall,Eastern Kentucky,52.5,-110.0,-110.0,5.0
2018,2.0,Miami (OH),Cincinnati,45.0,-110.0,-110.0,21.0
2018,2.0,Michigan,Western Michigan,55.0,-110.0,-110.0,21.0
2018,2.0,Minnesota,Fresno State,50.5,-110.0,-110.0,21.0
2018,2.0,Missouri,Wyoming,52.5,-110.0,-110.0,21.0
2018,2.0,Navy,Memphis,67.0,-110.0,-110.0,21.0
2018,2.0,Nebraska,Colorado,62.5,-110.0,-110.0,21.0
2018,2.0,North Texas,Incarnate Word,79.0,-110.0,-110.0,5.0
2018,2.0,Northern Illinois,Utah,47.0,-110.0,-110.0,21.0
2018,2.0,Northwestern,Duke,47.5,-110.0,-110.0,21.0
2018,2.0,Notre Dame,Ball State,60.0,-110.0,-110.0,21.0
2018,2.0,Ohio State,Rutgers,58.0,-110.0,-110.0,21.0
2018,2.0,Oklahoma,UCLA,66.0,-110.0,-110.0,21.0
2018,2.0,Oklahoma State,South Alabama,64.0,-110.0,-110.0,21.0
2018,2.0,Old Dominion,Florida International,51.5,-110.0,-110.0,21.0
2018,2.0,Ole Miss,Southern Illinois,65.5,-110.0,-110.0,5.0
2018,2.0,Oregon,Portland State,81.0,-110.0,-110.0,5.0
2018,2.0,Oregon State,Southern Utah,70.0,-110.0,-110.0,5.0
2018,2.0,Pittsburgh,Penn State,50.5,-110.0,-110.0,21.0
2018,2.0,Purdue,Eastern Michigan,50.5,-110.0,-110.0,21.0
2018,2.0,San Diego State,Sacramento State,58.5,-110.0,-110.0,5.0
2018,2.0,South Carolina,Georgia,53.0,-110.0,-110.0,21.0
2018,2.0,South Florida,Georgia Tech,60.0,-110.0,-110.0,21.0
2018,2.0,Stanford,USC,54.0,-110.0,-110.0,21.0
2018,2.0,Syracuse,Wagner,68.5,-110.0,-110.0,5.0
2018,2.0,Temple,Buffalo,52.5,-110.0,-110.0,21.0
2018,2.0,Tennessee,East Tennessee State,51.5,-110.0,-110.0,5.0
2018,2.0,Texas,Tulsa,59.5,-110.0,-110.0,21.0
2018,2.0,Texas A&M,Clemson,50.5,-110.0,-110.0,21.0
2018,2.0,Texas State,Texas Southern,52.5,-110.0,-110.0,5.0
2018,2.0,Texas Tech,Lamar,74.0,-110.0,-110.0,5.0
2018,2.0,Troy,Florida A&M,59.5,-110.0,-110.0,5.0
2018,2.0,UCF,South Carolina State,65.5,-110.0,-110.0,5.0
2018,2.0,UNLV,UTEP,55.0,-110.0,-110.0,21.0
2018,2.0,Utah State,New Mexico State,63.0,-110.0,-110.0,21.0
2018,2.0,Vanderbilt,Nevada,60.0,-110.0,-110.0,21.0
2018,2.0,Virginia Tech,William & Mary,49.5,-110.0,-110.0,5.0
2018,2.0,Wake Forest,Towson,57.5,-110.0,-110.0,5.0
2018,2.0,Washington,North Dakota,57.0,-110.0,-110.0,5.0
2018,2.0,West Virginia,Youngstown State,63.5,-110.0,-110.0,5.0
2018,2.0,Western Kentucky,Maine,50.5,-110.0,-110.0,5.0
2018,2.0,Wisconsin,New Mexico,58.0,-110.0,-110.0,21.0
2018,3.0,Arizona,Southern Utah,71.5,-112.5,-112.5,6.0
2018,3.0,Arkansas,North Texas,63.5,-110.0,-110.0,21.0
2018,3.0,Auburn,LSU,45.5,-110.0,-110.0,21.0
2018,3.0,Baylor,Duke,50.5,-110.0,-110.0,21.0
2018,3.0,Bowling Green,Eastern Kentucky,65.0,-110.0,-110.0,2.0
2018,3.0,Buffalo,Eastern Michigan,54.0,-110.0,-110.0,21.0
2018,3.0,California,Idaho State,58.5,-112.5,-112.5,2.0
2018,3.0,Charlotte,Old Dominion,47.5,-110.0,-110.0,21.0
2018,3.0,Cincinnati,Alabama A&M,51.0,-110.0,-110.0,6.0
2018,3.0,Clemson,Georgia Southern,49.0,-110.0,-110.0,21.0
2018,3.0,Colorado,New Hampshire,54.0,-110.0,-110.0,5.0
2018,3.0,Florida,Colorado State,60.0,-110.0,-110.0,21.0
2018,3.0,Florida Atlantic,Bethune-Cookman,58.5,-112.5,-112.5,2.0
2018,3.0,Georgia,Middle Tennessee,59.5,-110.0,-110.0,21.0
2018,3.0,Illinois,South Florida,59.0,-110.0,-110.0,21.0
2018,3.0,Indiana,Ball State,61.0,-110.0,-110.0,21.0
2018,3.0,Iowa,Northern Iowa,43.5,-112.5,-112.5,2.0
2018,3.0,Iowa State,Oklahoma,55.0,-110.0,-110.0,21.0
2018,3.0,Kansas,Rutgers,44.0,-110.0,-110.0,21.0
2018,3.0,Kentucky,Murray State,56.5,-110.0,-110.0,2.0
2018,3.0,Louisville,Western Kentucky,54.0,-110.0,-110.0,21.0
2018,3.0,Maryland,Temple,56.5,-110.0,-110.0,21.0
2018,3.0,Memphis,Georgia State,63.5,-110.0,-110.0,21.0
2018,3.0,Minnesota,Miami (OH),47.0,-110.0,-110.0,21.0
2018,3.0,Navy,Lehigh,57.5,-110.0,-110.0,2.0
2018,3.0,Nebraska,Troy,55.5,-110.0,-110.0,21.0
2018,3.0,Nevada,Oregon State,68.0,-110.0,-110.0,21.0
2018,3.0,New Mexico State,New Mexico,59.5,-110.0,-110.0,21.0
2018,3.0,Northern Illinois,Central Michigan,48.0,-110.0,-110.0,21.0
2018,3.0,Northwestern,Akron,47.0,-110.0,-110.0,21.0
2018,3.0,Notre Dame,Vanderbilt,52.0,-110.0,-110.0,21.0
2018,3.0,Oklahoma State,Boise State,66.0,-110.0,-110.0,21.0
2018,3.0,Ole Miss,Alabama,71.0,-110.0,-110.0,21.0
2018,3.0,Penn State,Kent State,63.5,-110.0,-110.0,21.0
2018,3.0,Pittsburgh,Georgia Tech,54.0,-110.0,-110.0,21.0
2018,3.0,Purdue,Missouri,67.5,-110.0,-110.0,21.0
2018,3.0,San Diego State,Arizona State,48.0,-110.0,-110.0,21.0
2018,3.0,South Alabama,Texas State,49.0,-110.0,-110.0,21.0
2018,3.0,Stanford,UC Davis,66.5,-110.0,-110.0,2.0
2018,3.0,Syracuse,Florida State,69.5,-110.0,-110.0,21.0
2018,3.0,TCU,Ohio State,59.5,-110.0,-110.0,21.0
2018,3.0,Tennessee,UTEP,52.0,-110.0,-110.0,20.0
2018,3.0,Texas,USC,47.0,-110.0,-110.0,21.0
2018,3.0,Texas Tech,Houston,68.5,-110.0,-110.0,21.0
2018,3.0,Tulsa,Arkansas State,71.5,-110.0,-110.0,21.0
2018,3.0,UAB,Tulane,57.5,-110.0,-110.0,21.0
2018,3.0,UCLA,Fresno State,52.0,-110.0,-110.0,21.0
2018,3.0,Utah,Washington,45.5,-110.0,-110.0,21.0
2018,3.0,Utah State,Tennessee Tech,64.5,-110.0,-110.0,5.0
2018,3.0,Virginia,Ohio,54.5,-110.0,-110.0,21.0
2018,3.0,Wake Forest,Boston College,58.5,-110.0,-110.0,21.0
2018,3.0,Washington State,Eastern Washington,64.5,-112.5,-112.5,2.0
2018,3.0,Western Michigan,Delaware State,70.0,-112.5,-112.5,2.0
2018,3.0,Wyoming,Wofford,47.5,-110.0,-110.0,2.0
2018,4.0,Alabama,Texas A&M,58.5,-110.0,-110.0,21.0
2018,4.0,Arkansas State,UNLV,66.0,-110.0,-110.0,21.0
2018,4.0,Auburn,Arkansas,58.0,-110.0,-110.0,21.0
2018,4.0,Ball State,Western Kentucky,52.5,-110.0,-110.0,21.0
2018,4.0,Baylor,Kansas,54.5,-110.0,-110.0,21.0
2018,4.0,Bowling Green,Miami (OH),54.5,-110.0,-110.0,21.0
2018,4.0,Central Michigan,Maine,55.0,-110.0,-110.0,7.0
2018,4.0,Cincinnati,Ohio,55.5,-110.0,-110.0,21.0
2018,4.0,Colorado State,Illinois State,58.5,-110.0,-110.0,7.0
2018,4.0,Duke,North Carolina Central,55.5,-110.0,-110.0,6.0
2018,4.0,Florida State,Northern Illinois,45.5,-110.0,-110.0,21.0
2018,4.0,Georgia State,Western Michigan,61.0,-110.0,-110.0,21.0
2018,4.0,Georgia Tech,Clemson,55.5,-110.0,-110.0,21.0
2018,4.0,Houston,Texas Southern,65.25,-110.0,-110.0,8.0
2018,4.0,Illinois,Penn State,59.5,-110.0,-110.0,21.0
2018,4.0,Indiana,Michigan State,51.5,-110.0,-110.0,21.0
2018,4.0,Iowa,Wisconsin,44.0,-110.0,-110.0,21.0
2018,4.0,Iowa State,Akron,47.5,-110.0,-110.0,21.0
2018,4.0,Kentucky,Mississippi State,55.5,-110.0,-110.0,21.0
2018,4.0,LSU,Louisiana Tech,51.0,-110.0,-110.0,21.0
2018,4.0,Liberty,North Texas,67.5,-110.0,-110.0,21.0
2018,4.0,Maryland,Minnesota,47.0,-110.0,-110.0,21.0
2018,4.0,Memphis,South Alabama,66.0,-110.0,-110.0,21.0
2018,4.0,Michigan,Nebraska,52.0,-110.0,-110.0,21.0
2018,4.0,Missouri,Georgia,68.0,-110.0,-110.0,21.0
2018,4.0,North Carolina,Pittsburgh,49.5,-110.0,-110.0,21.0
2018,4.0,Ohio State,Tulane,66.5,-110.0,-110.0,21.0
2018,4.0,Oklahoma,Army,60.0,-110.0,-110.0,21.0
2018,4.0,Oklahoma State,Texas Tech,76.5,-110.0,-110.0,21.0
2018,4.0,Old Dominion,Virginia Tech,52.5,-110.0,-110.0,21.0
2018,4.0,Ole Miss,Kent State,75.0,-110.0,-110.0,21.0
2018,4.0,Oregon,Stanford,59.0,-110.0,-110.0,21.0
2018,4.0,Oregon State,Arizona,73.5,-110.0,-110.0,21.0
2018,4.0,Purdue,Boston College,62.5,-110.0,-110.0,21.0
2018,4.0,Rutgers,Buffalo,53.5,-110.0,-110.0,21.0
2018,4.0,San Diego State,Eastern Michigan,48.5,-110.0,-110.0,21.0
2018,4.0,South Florida,East Carolina,67.0,-110.0,-110.0,21.0
2018,4.0,Temple,Tulsa,54.0,-110.0,-110.0,21.0
2018,4.0,Tennessee,Florida,46.5,-110.0,-110.0,21.0
2018,4.0,Texas,TCU,50.0,-110.0,-110.0,21.0
2018,4.0,Toledo,Nevada,67.5,-110.0,-110.0,21.0
2018,4.0,UCF,Florida Atlantic,75.0,-110.0,-110.0,21.0
2018,4.0,USC,Washington State,51.0,-110.0,-110.0,21.0
2018,4.0,UTEP,New Mexico State,51.5,-110.0,-110.0,21.0
2018,4.0,Utah State,Air Force,60.0,-110.0,-110.0,21.0
2018,4.0,Vanderbilt,South Carolina,53.0,-110.0,-110.0,21.0
2018,4.0,Virginia,Louisville,52.5,-110.0,-110.0,21.0
2018,4.0,Wake Forest,Notre Dame,59.5,-110.0,-110.0,21.0
2018,4.0,Washington,Arizona State,53.5,-110.0,-110.0,21.0
2018,4.0,West Virginia,Kansas State,61.0,-110.0,-110.0,21.0
2018,5.0,Air Force,Nevada,63.0,-110.0,-110.0,21.0
2018,5.0,Arizona,USC,62.0,-110.0,-110.0,21.0
2018,5.0,Arizona State,Oregon State,64.5,-110.0,-110.0,21.0
2018,5.0,Ball State,Kent State,61.0,-110.0,-110.0,21.0
2018,5.0,Boston College,Temple,54.0,-110.0,-110.0,21.0
2018,5.0,Buffalo,Army,54.5,-110.0,-110.0,21.0
2018,5.0,California,Oregon,58.0,-110.0,-110.0,21.0
2018,5.0,Clemson,Syracuse,65.0,-110.0,-110.0,21.0
2018,5.0,Colorado,UCLA,57.0,-110.0,-110.0,21.0
2018,5.0,Duke,Virginia Tech,52.0,-110.0,-110.0,21.0
2018,5.0,East Carolina,Old Dominion,61.5,-110.0,-110.0,21.0
2018,5.0,Eastern Michigan,Northern Illinois,50.5,-110.0,-110.0,21.0
2018,5.0,Florida International,Arkansas-Pine Bluff,70.5,-110.0,-110.0,4.0
2018,5.0,Fresno State,Toledo,62.0,-110.0,-110.0,21.0
2018,5.0,Georgia,Tennessee,55.0,-110.0,-110.0,21.0
2018,5.0,Georgia Southern,Arkansas State,53.5,-110.0,-110.0,21.0
2018,5.0,Georgia Tech,Bowling Green,65.0,-110.0,-110.0,21.0
2018,5.0,Kansas,Oklahoma State,56.0,-110.0,-110.0,21.0
2018,5.0,Kansas State,Texas,48.5,-110.0,-110.0,21.0
2018,5.0,Kentucky,South Carolina,52.0,-109.0,-110.0,21.0
2018,5.0,LSU,Ole Miss,59.5,-110.0,-110.0,21.0
2018,5.0,Louisville,Florida State,47.0,-110.0,-110.0,21.0
2018,5.0,Miami (OH),Western Michigan,53.0,-110.0,-110.0,21.0
2018,5.0,Michigan State,Central Michigan,45.5,-110.0,-110.0,21.0
2018,5.0,Middle Tennessee,Florida Atlantic,63.5,-110.0,-110.0,21.0
2018,5.0,Mississippi State,Florida,50.5,-110.0,-110.0,21.0
2018,5.0,Nebraska,Purdue,58.5,-110.0,-110.0,21.0
2018,5.0,New Mexico,Liberty,65.5,-110.0,-110.0,21.0
2018,5.0,North Texas,Louisiana Tech,62.5,-110.0,-110.0,21.0
2018,5.0,Northwestern,Michigan,46.5,-110.0,-110.0,21.0
2018,5.0,Notre Dame,Stanford,54.0,-110.0,-110.0,21.0
2018,5.0,Oklahoma,Baylor,69.0,-110.0,-110.0,21.0
2018,5.0,Penn State,Ohio State,69.5,-110.0,-110.0,21.0
2018,5.0,Rutgers,Indiana,51.0,-110.0,-110.0,21.0
2018,5.0,TCU,Iowa State,45.0,-110.0,-110.0,21.0
2018,5.0,Texas A&M,Arkansas,56.5,-110.0,-110.0,21.0
2018,5.0,Texas Tech,West Virginia,75.0,-110.0,-110.0,21.0
2018,5.0,Troy,Coastal Carolina,56.5,-110.0,-110.0,21.0
2018,5.0,Tulane,Memphis,66.0,-110.0,-110.0,21.0
2018,5.0,UAB,Charlotte,52.5,-110.0,-110.0,21.0
2018,5.0,UCF,Pittsburgh,65.5,-110.0,-110.0,21.0
2018,5.0,Vanderbilt,Tennessee State,51.5,-110.0,-110.0,5.0
2018,5.0,Wake Forest,Rice,66.5,-110.0,-110.0,21.0
2018,5.0,Washington State,Utah,50.0,-110.0,-110.0,21.0
2018,5.0,Western Kentucky,Marshall,51.5,-110.0,-110.0,21.0
2018,5.0,Wyoming,Boise State,47.0,-110.0,-110.0,21.0
2018,6.0,Air Force,Navy,47.0,-110.0,-110.0,21.0
2018,6.0,Akron,Miami (OH),47.5,-110.0,-110.0,21.0
2018,6.0,Arizona,California,57.5,-110.0,-110.0,21.0
2018,6.0,Arkansas,Alabama,58.5,-110.0,-110.0,21.0
2018,6.0,Ball State,Northern Illinois,53.5,-110.0,-110.0,21.0
2018,6.0,Baylor,Kansas State,53.5,-110.0,-110.0,21.0
2018,6.0,Boise State,San Diego State,50.5,-110.0,-110.0,21.0
2018,6.0,Central Michigan,Buffalo,52.0,-110.0,-110.0,21.0
2018,6.0,Cincinnati,Tulane,48.0,-110.0,-110.0,21.0
2018,6.0,Colorado,Arizona State,64.0,-110.0,-110.0,21.0
2018,6.0,Florida,LSU,44.0,-110.0,-110.0,21.0
2018,6.0,Florida Atlantic,Old Dominion,63.5,-110.0,-110.0,21.0
2018,6.0,Georgia,Vanderbilt,56.0,-110.0,-110.0,21.0
2018,6.0,Georgia Southern,South Alabama,56.5,-110.0,-110.0,21.0
2018,6.0,Houston,Tulsa,71.5,-110.0,-110.0,21.0
2018,6.0,Kent State,Ohio,69.5,-110.0,-110.0,21.0
2018,6.0,Louisiana Tech,UAB,57.0,-110.0,-110.0,21.0
2018,6.0,Louisville,Georgia Tech,56.5,-110.0,-110.0,21.0
2018,6.0,Marshall,Middle Tennessee,50.5,-105.0,-110.0,21.0
2018,6.0,Michigan,Maryland,44.5,-110.0,-110.0,21.0
2018,6.0,Michigan State,Northwestern,43.5,-110.0,-110.0,21.0
2018,6.0,Minnesota,Iowa,41.5,-110.0,-109.0,21.0
2018,6.0,Mississippi State,Auburn,45.0,-110.0,-110.0,21.0
2018,6.0,Nevada,Fresno State,58.5,-110.0,-110.0,21.0
2018,6.0,New Mexico State,Liberty,64.0,-110.0,-110.0,21.0
2018,6.0,Ohio State,Indiana,64.0,-110.0,-110.0,21.0
2018,6.0,Oklahoma State,Iowa State,55.5,-110.0,-110.0,21.0
2018,6.0,Oregon State,Washington State,65.0,-110.0,-110.0,21.0
2018,6.0,Pittsburgh,Syracuse,58.0,-110.0,-110.0,21.0
2018,6.0,Rutgers,Illinois,50.0,-110.0,-110.0,21.0
2018,6.0,South Carolina,Missouri,62.5,-110.0,-110.0,21.0
2018,6.0,Stanford,Utah,45.0,-110.0,-110.0,21.0
2018,6.0,Temple,East Carolina,53.0,-110.0,-110.0,21.0
2018,6.0,Texas A&M,Kentucky,49.0,-110.0,-110.0,21.0
2018,6.0,Toledo,Bowling Green,71.0,-110.0,-110.0,21.0
2018,6.0,Troy,Georgia State,55.5,-110.0,-110.0,21.0
2018,6.0,UCLA,Washington,53.5,-110.0,-110.0,21.0
2018,6.0,UNLV,New Mexico,63.0,-110.0,-110.0,21.0
2018,6.0,UTEP,North Texas,53.5,-110.0,-110.0,21.0
2018,6.0,Virginia Tech,Notre Dame,55.0,-110.0,-109.0,21.0
2018,6.0,Wake Forest,Clemson,61.0,-110.0,-110.0,21.0
2018,6.0,West Virginia,Kansas,63.5,-110.0,-110.0,21.0
2018,6.0,Western Michigan,Eastern Michigan,58.5,-110.0,-110.0,21.0
2018,6.0,Wisconsin,Nebraska,60.5,-110.0,-110.0,21.0
2018,7.0,Alabama,Missouri,73.0,-110.0,-110.0,21.0
2018,7.0,Arkansas,Ole Miss,66.5,-110.0,-110.0,21.0
2018,7.0,Auburn,Tennessee,47.5,-110.0,-110.0,21.0
2018,7.0,Boston College,Louisville,57.0,-110.0,-110.0,21.0
2018,7.0,Bowling Green,Western Michigan,68.5,-110.0,-110.0,21.0
2018,7.0,Buffalo,Akron,55.0,-110.0,-110.0,21.0
2018,7.0,California,UCLA,53.5,-110.0,-110.0,21.0
2018,7.0,Central Michigan,Ball State,54.5,-110.0,-110.0,21.0
2018,7.0,Charlotte,Western Kentucky,44.0,-110.0,-110.0,21.0
2018,7.0,Colorado State,New Mexico,62.5,-110.0,-110.0,21.0
2018,7.0,East Carolina,Houston,69.5,-110.0,-110.0,21.0
2018,7.0,Eastern Michigan,Toledo,62.5,-110.0,-110.0,21.0
2018,7.0,Florida International,Middle Tennessee,61.0,-110.0,-110.0,21.0
2018,7.0,Fresno State,Wyoming,44.0,-110.0,-110.0,21.0
2018,7.0,Georgia Tech,Duke,55.0,-110.0,-110.0,21.0
2018,7.0,Illinois,Purdue,62.0,-110.0,-110.0,21.0
2018,7.0,Indiana,Iowa,52.0,-110.0,-110.0,21.0
2018,7.0,Iowa State,West Virginia,55.0,-110.0,-110.0,21.0
2018,7.0,Kansas State,Oklahoma State,62.0,-110.0,-110.0,21.0
2018,7.0,LSU,Georgia,49.5,-110.0,-110.0,21.0
2018,7.0,Liberty,Troy,62.5,-110.0,-110.0,21.0
2018,7.0,Maryland,Rutgers,50.5,-110.0,-110.0,21.0
2018,7.0,Memphis,UCF,80.5,-110.0,-110.0,21.0
2018,7.0,Miami (OH),Kent State,58.5,-110.0,-110.0,21.0
2018,7.0,Michigan,Wisconsin,47.5,-110.0,-110.0,21.0
2018,7.0,Navy,Temple,49.0,-110.0,-110.0,21.0
2018,7.0,Nevada,Boise State,58.5,-110.0,-110.0,21.0
2018,7.0,North Carolina,Virginia Tech,57.5,-110.0,-110.0,21.0
2018,7.0,Northern Illinois,Ohio,52.0,-110.0,-110.0,21.0
2018,7.0,Northwestern,Nebraska,58.5,-110.0,-110.0,21.0
2018,7.0,Notre Dame,Pittsburgh,55.5,-110.0,-110.0,21.0
2018,7.0,Ohio State,Minnesota,61.0,-110.0,-110.0,21.0
2018,7.0,Old Dominion,Marshall,57.0,-110.0,-110.0,21.0
2018,7.0,Oregon,Washington,59.0,-110.0,-110.0,21.0
2018,7.0,Penn State,Michigan State,54.0,-110.0,-110.0,21.0
2018,7.0,Rice,UAB,52.5,-110.0,-110.0,21.0
2018,7.0,San Diego State,Air Force,42.5,-110.0,-110.0,21.0
2018,7.0,South Alabama,Alabama State,55.5,-110.0,-110.0,7.0
2018,7.0,South Carolina,Texas A&M,50.0,-110.0,-110.0,21.0
2018,7.0,TCU,Texas Tech,57.5,-110.0,-110.0,21.0
2018,7.0,Texas,Baylor,58.5,-110.0,-110.0,21.0
2018,7.0,Texas State,Georgia Southern,51.5,-110.0,-108.0,21.0
2018,7.0,Tulsa,South Florida,60.5,-110.0,-110.0,21.0
2018,7.0,USC,Colorado,57.5,-110.0,-110.0,21.0
2018,7.0,Utah,Arizona,54.0,-110.0,-110.0,21.0
2018,7.0,Utah State,UNLV,66.0,-110.0,-110.0,21.0
2018,7.0,Vanderbilt,Florida,51.5,-110.0,-110.0,21.0
2018,8.0,Arizona State,Stanford,57.5,-110.0,-110.0,21.0
2018,8.0,Arkansas,Tulsa,53.5,-110.0,-110.0,21.0
2018,8.0,Arkansas State,Georgia State,56.5,-110.0,-110.0,21.0
2018,8.0,Army,Miami (OH),47.0,-110.0,-110.0,21.0
2018,8.0,Ball State,Eastern Michigan,45.0,-110.0,-110.0,21.0
2018,8.0,Boise State,Colorado State,61.5,-110.0,-110.0,21.0
2018,8.0,Central Michigan,Western Michigan,53.5,-110.0,-110.0,21.0
2018,8.0,Duke,Virginia,45.0,-109.0,-110.0,21.0
2018,8.0,East Carolina,UCF,65.5,-110.0,-110.0,21.0
2018,8.0,Florida International,Rice,53.5,-110.0,-110.0,21.0
2018,8.0,Florida State,Wake Forest,58.0,-110.0,-110.0,21.0
2018,8.0,Indiana,Penn State,58.0,-110.0,-110.0,21.0
2018,8.0,Iowa,Maryland,44.5,-110.0,-110.0,21.0
2018,8.0,Kent State,Akron,49.5,-110.0,-110.0,21.0
2018,8.0,Kentucky,Vanderbilt,44.5,-110.0,-109.0,21.0
2018,8.0,LSU,Mississippi State,45.0,-110.0,-109.0,21.0
2018,8.0,Liberty,Idaho State,78.0,-110.0,-110.0,6.0
2018,8.0,Louisiana Tech,UTEP,50.5,-110.0,-110.0,21.0
2018,8.0,Marshall,Florida Atlantic,60.0,-110.0,-110.0,21.0
2018,8.0,Michigan State,Michigan,38.5,-110.0,-110.0,21.0
2018,8.0,Middle Tennessee,Charlotte,51.0,-109.0,-110.0,21.0
2018,8.0,Missouri,Memphis,70.5,-110.0,-110.0,21.0
2018,8.0,Navy,Houston,59.0,-110.0,-110.0,21.0
2018,8.0,Nebraska,Minnesota,54.5,-110.0,-110.0,21.0
2018,8.0,New Mexico,Fresno State,52.5,-109.0,-110.0,21.0
2018,8.0,New Mexico State,Georgia Southern,52.5,-110.0,-110.0,21.0
2018,8.0,Ohio,Bowling Green,67.0,-110.0,-110.0,21.0
2018,8.0,Ole Miss,Auburn,64.0,-109.0,-110.0,21.0
2018,8.0,Oregon State,California,58.0,-110.0,-110.0,21.0
2018,8.0,Purdue,Ohio State,65.5,-110.0,-110.0,21.0
2018,8.0,Rutgers,Northwestern,48.5,-110.0,-110.0,21.0
2018,8.0,Syracuse,North Carolina,66.5,-110.0,-109.0,21.0
2018,8.0,TCU,Oklahoma,61.0,-110.0,-110.0,21.0
2018,8.0,Temple,Cincinnati,47.0,-110.0,-110.0,21.0
2018,8.0,Tennessee,Alabama,58.0,-110.0,-110.0,21.0
2018,8.0,Texas Tech,Kansas,59.0,-110.0,-110.0,21.0
2018,8.0,Toledo,Buffalo,63.0,-110.0,-110.0,21.0
2018,8.0,UAB,North Texas,53.0,-110.0,-110.0,21.0
2018,8.0,UCLA,Arizona,57.0,-109.0,-110.0,21.0
2018,8.0,UNLV,Air Force,54.0,-110.0,-110.0,21.0
2018,8.0,Utah,USC,48.5,-110.0,-110.0,21.0
2018,8.0,Washington,Colorado,50.0,-110.0,-110.0,21.0
2018,8.0,Washington State,Oregon,70.0,-110.0,-110.0,21.0
2018,8.0,Western Kentucky,Old Dominion,55.0,-110.0,-110.0,21.0
2018,8.0,Wisconsin,Illinois,53.0,-110.0,-110.0,21.0
2018,8.0,Wyoming,Utah State,50.5,-110.0,-110.0,21.0
2018,9.0,Air Force,Boise State,57.5,-110.0,-110.0,21.0
2018,9.0,Akron,Central Michigan,43.5,-110.0,-110.0,21.0
2018,9.0,Arizona,Oregon,66.0,-110.0,-110.0,21.0
2018,9.0,Arkansas,Vanderbilt,52.0,-110.0,-110.0,21.0
2018,9.0,California,Washington,45.5,-110.0,-110.0,21.0
2018,9.0,Colorado,Oregon State,59.5,-110.0,-110.0,21.0
2018,9.0,Colorado State,Wyoming,47.0,-110.0,-110.0,21.0
2018,9.0,Eastern Michigan,Army,47.5,-110.0,-110.0,21.0
2018,9.0,Florida Atlantic,Louisiana Tech,58.5,-110.0,-110.0,21.0
2018,9.0,Florida State,Clemson,49.5,-110.0,-110.0,21.0
2018,9.0,Georgia State,Coastal Carolina,60.0,-110.0,-110.0,21.0
2018,9.0,Houston,South Florida,76.0,-110.0,-110.0,21.0
2018,9.0,Iowa State,Texas Tech,58.0,-110.0,-110.0,21.0
2018,9.0,Kansas,TCU,47.0,-110.0,-110.0,21.0
2018,9.0,Louisville,Wake Forest,68.0,-110.0,-110.0,21.0
2018,9.0,Maryland,Illinois,55.5,-110.0,-110.0,21.0
2018,9.0,Michigan State,Purdue,49.0,-110.0,-110.0,21.0
2018,9.0,Minnesota,Indiana,54.0,-110.0,-110.0,21.0
2018,9.0,Mississippi State,Texas A&M,42.5,-110.0,-110.0,21.0
2018,9.0,Missouri,Kentucky,54.5,-110.0,-110.0,21.0
2018,9.0,Nebraska,Bethune-Cookman,70.0,-110.0,-110.0,4.0
2018,9.0,Nevada,San Diego State,46.0,-110.0,-110.0,21.0
2018,9.0,North Texas,Rice,58.5,-110.0,-110.0,21.0
2018,9.0,Northwestern,Wisconsin,50.5,-110.0,-110.0,21.0
2018,9.0,Ohio,Ball State,65.5,-110.0,-110.0,21.0
2018,9.0,Oklahoma,Kansas State,65.0,-110.0,-110.0,21.0
2018,9.0,Oklahoma State,Texas,60.5,-110.0,-110.0,21.0
2018,9.0,Old Dominion,Middle Tennessee,62.0,-110.0,-110.0,21.0
2018,9.0,Penn State,Iowa,51.5,-110.0,-110.0,21.0
2018,9.0,Pittsburgh,Duke,46.0,-109.0,-110.0,21.0
2018,9.0,South Alabama,Troy,52.5,-110.0,-110.0,21.0
2018,9.0,South Carolina,Tennessee,53.0,-110.0,-110.0,21.0
2018,9.0,Stanford,Washington State,55.0,-110.0,-110.0,21.0
2018,9.0,Texas State,New Mexico State,56.0,-109.0,-110.0,21.0
2018,9.0,Tulsa,Tulane,48.5,-109.0,-110.0,21.0
2018,9.0,UCLA,Utah,54.0,-110.0,-109.0,21.0
2018,9.0,USC,Arizona State,52.5,-110.0,-110.0,21.0
2018,9.0,UTEP,UAB,50.0,-110.0,-109.0,21.0
2018,9.0,Utah State,New Mexico,64.0,-110.0,-110.0,21.0
2018,9.0,Virginia,North Carolina,51.0,-109.0,-110.0,21.0
2018,9.0,Virginia Tech,Georgia Tech,58.0,-110.0,-110.0,21.0
2018,9.0,West Virginia,Baylor,67.0,-110.0,-110.0,21.0
2018,9.0,Western Kentucky,Florida International,54.0,-110.0,-110.0,21.0
2018,9.0,Western Michigan,Toledo,68.5,-110.0,-110.0,21.0
2018,10.0,Akron,Northern Illinois,37.0,-110.0,-110.0,21.0
2018,10.0,Arizona,Colorado,57.0,-110.0,-110.0,21.0
2018,10.0,Arizona State,Utah,54.5,-110.0,-110.0,21.0
2018,10.0,Arkansas State,South Alabama,61.5,-110.0,-110.0,21.0
2018,10.0,Army,Air Force,41.5,-110.0,-110.0,21.0
2018,10.0,Auburn,Texas A&M,46.5,-110.0,-110.0,21.0
2018,10.0,Baylor,Oklahoma State,68.5,-110.0,-110.0,21.0
2018,10.0,Bowling Green,Kent State,68.0,-110.0,-110.0,21.0
2018,10.0,Buffalo,Miami (OH),53.0,-110.0,-109.0,21.0
2018,10.0,Cincinnati,Navy,47.5,-110.0,-110.0,21.0
2018,10.0,Clemson,Louisville,61.0,-110.0,-109.0,21.0
2018,10.0,East Carolina,Memphis,66.5,-110.0,-110.0,21.0
2018,10.0,Eastern Michigan,Central Michigan,46.5,-110.0,-110.0,21.0
2018,10.0,Florida,Missouri,59.0,-110.0,-110.0,21.0
2018,10.0,Florida International,Florida Atlantic,59.5,-110.0,-110.0,21.0
2018,10.0,Georgia State,Texas State,53.0,-110.0,-110.0,21.0
2018,10.0,Illinois,Minnesota,61.5,-110.0,-110.0,21.0
2018,10.0,Kansas,Iowa State,46.5,-110.0,-110.0,21.0
2018,10.0,Kentucky,Georgia,47.5,-110.0,-110.0,21.0
2018,10.0,LSU,Alabama,51.5,-110.0,-110.0,21.0
2018,10.0,Maryland,Michigan State,43.0,-110.0,-110.0,21.0
2018,10.0,Michigan,Penn State,49.5,-110.0,-110.0,21.0
2018,10.0,Middle Tennessee,Western Kentucky,53.0,-110.0,-110.0,21.0
2018,10.0,Mississippi State,Louisiana Tech,48.5,-110.0,-110.0,21.0
2018,10.0,New Mexico,San Diego State,45.5,-110.0,-110.0,21.0
2018,10.0,New Mexico State,Alcorn State,63.5,-110.0,-110.0,5.0
2018,10.0,North Carolina,Georgia Tech,64.5,-110.0,-110.0,21.0
2018,10.0,Northwestern,Notre Dame,49.5,-110.0,-110.0,21.0
2018,10.0,Ohio State,Nebraska,75.5,-110.0,-110.0,21.0
2018,10.0,Ole Miss,South Carolina,69.0,-110.0,-110.0,21.0
2018,10.0,Oregon,UCLA,59.5,-110.0,-110.0,21.0
2018,10.0,Oregon State,USC,65.0,-110.0,-110.0,21.0
2018,10.0,Purdue,Iowa,52.0,-109.0,-110.0,21.0
2018,10.0,Rice,UTEP,45.0,-110.0,-110.0,21.0
2018,10.0,South Florida,Tulane,60.5,-110.0,-109.0,21.0
2018,10.0,TCU,Kansas State,44.5,-110.0,-110.0,21.0
2018,10.0,Tennessee,Charlotte,46.0,-110.0,-110.0,21.0
2018,10.0,Texas,West Virginia,58.0,-110.0,-110.0,21.0
2018,10.0,Texas Tech,Oklahoma,78.0,-110.0,-110.0,21.0
2018,10.0,Toledo,Ball State,64.0,-110.0,-110.0,21.0
2018,10.0,UCF,Temple,60.0,-110.0,-110.0,21.0
2018,10.0,UNLV,Fresno State,59.5,-110.0,-110.0,21.0
2018,10.0,Virginia,Pittsburgh,45.5,-110.0,-110.0,21.0
2018,10.0,Virginia Tech,Boston College,57.0,-110.0,-110.0,21.0
2018,10.0,Wake Forest,Syracuse,77.5,-110.0,-110.0,21.0
2018,10.0,Washington,Stanford,44.0,-110.0,-110.0,21.0
2018,10.0,Washington State,California,51.5,-109.0,-110.0,21.0
2018,10.0,Western Michigan,Ohio,65.0,-110.0,-110.0,21.0
2018,10.0,Wisconsin,Rutgers,52.0,-110.0,-110.0,21.0
2018,11.0,Air Force,New Mexico,55.5,-110.0,-110.0,21.0
2018,11.0,Alabama,Mississippi State,50.5,-110.0,-110.0,21.0
2018,11.0,Arizona State,UCLA,65.5,-110.0,-110.0,21.0
2018,11.0,Arkansas,LSU,50.0,-110.0,-110.0,21.0
2018,11.0,Army,Lafayette,53.5,-110.0,-110.0,6.0
2018,11.0,Boise State,Fresno State,55.5,-110.0,-110.0,21.0
2018,11.0,Boston College,Clemson,52.0,-110.0,-110.0,21.0
2018,11.0,Buffalo,Kent State,48.0,-110.0,-110.0,21.0
2018,11.0,Central Michigan,Bowling Green,50.0,-110.0,-110.0,21.0
2018,11.0,Cincinnati,South Florida,52.0,-110.0,-110.0,21.0
2018,11.0,Coastal Carolina,Arkansas State,61.5,-110.0,-108.0,21.0
2018,11.0,Colorado,Washington State,59.5,-110.0,-110.0,21.0
2018,11.0,Duke,North Carolina,58.5,-110.0,-110.0,21.0
2018,11.0,Eastern Michigan,Akron,41.5,-110.0,-110.0,21.0
2018,11.0,Florida,South Carolina,54.5,-110.0,-110.0,21.0
2018,11.0,Florida Atlantic,Western Kentucky,59.0,-109.0,-110.0,21.0
2018,11.0,Georgia,Auburn,52.5,-110.0,-110.0,21.0
2018,11.0,Georgia Southern,Troy,44.5,-110.0,-110.0,21.0
2018,11.0,Houston,Temple,69.0,-110.0,-110.0,21.0
2018,11.0,Indiana,Maryland,55.0,-110.0,-110.0,21.0
2018,11.0,Iowa,Northwestern,45.5,-110.0,-110.0,21.0
2018,11.0,Iowa State,Baylor,51.0,-110.0,-110.0,21.0
2018,11.0,Kansas State,Kansas,45.5,-110.0,-110.0,21.0
2018,11.0,Louisiana Tech,Rice,53.0,-110.0,-110.0,21.0
2018,11.0,Marshall,Charlotte,42.0,-110.0,-110.0,21.0
2018,11.0,Memphis,Tulsa,65.5,-110.0,-110.0,21.0
2018,11.0,Miami (OH),Ohio,59.0,-110.0,-110.0,21.0
2018,11.0,Michigan State,Ohio State,50.0,-110.0,-110.0,21.0
2018,11.0,Minnesota,Purdue,58.5,-110.0,-110.0,21.0
2018,11.0,Missouri,Vanderbilt,65.0,-110.0,-110.0,21.0
2018,11.0,Nebraska,Illinois,71.5,-110.0,-110.0,21.0
2018,11.0,Nevada,Colorado State,61.5,-110.0,-110.0,21.0
2018,11.0,Northern Illinois,Toledo,54.0,-110.0,-110.0,21.0
2018,11.0,Notre Dame,Florida State,51.5,-110.0,-110.0,21.0
2018,11.0,Oklahoma,Oklahoma State,80.0,-110.0,-110.0,21.0
2018,11.0,Old Dominion,North Texas,67.0,-110.0,-110.0,21.0
2018,11.0,Penn State,Wisconsin,53.5,-110.0,-110.0,21.0
2018,11.0,Pittsburgh,Virginia Tech,53.0,-110.0,-110.0,21.0
2018,11.0,Rutgers,Michigan,45.0,-110.0,-110.0,21.0
2018,11.0,San Diego State,UNLV,51.5,-110.0,-110.0,21.0
2018,11.0,Stanford,Oregon State,61.0,-110.0,-110.0,21.0
2018,11.0,Syracuse,Louisville,69.0,-110.0,-110.0,21.0
2018,11.0,Tennessee,Kentucky,42.5,-110.0,-110.0,21.0
2018,11.0,Texas A&M,Ole Miss,68.0,-110.0,-110.0,21.0
2018,11.0,Texas Tech,Texas,62.5,-110.0,-110.0,21.0
2018,11.0,Tulane,East Carolina,53.0,-110.0,-110.0,21.0
2018,11.0,UCF,Navy,68.0,-110.0,-110.0,21.0
2018,11.0,USC,California,45.5,-110.0,-110.0,21.0
2018,11.0,UTEP,Middle Tennessee,48.5,-110.0,-110.0,21.0
2018,11.0,Utah,Oregon,51.0,-110.0,-110.0,21.0
2018,11.0,Virginia,Liberty,58.0,-110.0,-110.0,21.0
2018,11.0,West Virginia,TCU,55.5,-110.0,-110.0,21.0
2018,12.0,Akron,Bowling Green,48.0,-110.0,-110.0,21.0
2018,12.0,Army,Colgate,37.0,-110.0,-110.0,7.0
2018,12.0,Auburn,Liberty,65.0,-110.0,-110.0,21.0
2018,12.0,Ball State,Western Michigan,57.5,-108.5,-110.0,18.0
2018,12.0,Baylor,TCU,50.5,-110.0,-110.0,21.0
2018,12.0,Charlotte,Florida International,44.5,-110.0,-110.0,21.0
2018,12.0,Clemson,Duke,60.0,-110.0,-110.0,21.0
2018,12.0,Coastal Carolina,Georgia Southern,53.5,-110.0,-110.0,21.0
2018,12.0,Colorado,Utah,47.0,-110.0,-110.0,21.0
2018,12.0,Colorado State,Utah State,66.5,-110.0,-110.0,21.0
2018,12.0,Florida,Idaho,59.0,-110.0,-110.0,7.0
2018,12.0,Florida State,Boston College,49.0,-110.0,-110.0,21.0
2018,12.0,Fresno State,San Diego State,42.0,-110.0,-110.0,21.0
2018,12.0,Georgia Tech,Virginia,52.0,-110.0,-110.0,21.0
2018,12.0,Houston,Tulane,68.0,-110.0,-110.0,21.0
2018,12.0,Illinois,Iowa,60.0,-109.0,-110.0,21.0
2018,12.0,Kansas State,Texas Tech,55.0,-110.0,-110.0,21.0
2018,12.0,Kent State,Toledo,57.5,-108.0,-110.0,21.0
2018,12.0,Kentucky,Middle Tennessee,48.0,-110.0,-110.0,21.0
2018,12.0,LSU,Rice,51.5,-110.0,-110.0,21.0
2018,12.0,Maryland,Ohio State,61.5,-110.0,-110.0,21.0
2018,12.0,Michigan,Indiana,53.5,-110.0,-110.0,21.0
2018,12.0,Minnesota,Northwestern,48.5,-110.0,-110.0,21.0
2018,12.0,Mississippi State,Arkansas,48.5,-110.0,-110.0,21.0
2018,12.0,Navy,Tulsa,51.0,-110.0,-110.0,21.0
2018,12.0,Nebraska,Michigan State,48.5,-110.0,-110.0,21.0
2018,12.0,New Mexico,Boise State,61.5,-110.0,-110.0,21.0
2018,12.0,North Carolina,Western Carolina,81.5,-110.0,-110.0,7.0
2018,12.0,North Texas,Florida Atlantic,63.5,-110.0,-110.0,21.0
2018,12.0,Northern Illinois,Miami (OH),48.0,-110.0,-109.0,21.0
2018,12.0,Notre Dame,Syracuse,64.5,-110.0,-109.0,21.0
2018,12.0,Ohio,Buffalo,65.5,-110.0,-109.0,21.0
2018,12.0,Oklahoma,Kansas,69.0,-110.0,-110.0,21.0
2018,12.0,Oklahoma State,West Virginia,74.0,-110.0,-110.0,21.0
2018,12.0,Oregon,Arizona State,66.0,-109.0,-110.0,21.0
2018,12.0,Purdue,Wisconsin,56.0,-110.0,-110.0,21.0
2018,12.0,Rutgers,Penn State,52.5,-110.0,-110.0,21.0
2018,12.0,South Carolina,Chattanooga,49.5,-110.0,-110.0,7.0
2018,12.0,Temple,South Florida,63.0,-109.0,-110.0,21.0
2018,12.0,Tennessee,Missouri,57.5,-110.0,-110.0,21.0
2018,12.0,Texas,Iowa State,50.5,-110.0,-110.0,21.0
2018,12.0,Texas A&M,UAB,46.5,-110.0,-110.0,21.0
2018,12.0,Troy,Texas State,47.5,-110.0,-110.0,21.0
2018,12.0,UCF,Cincinnati,60.5,-109.0,-110.0,21.0
2018,12.0,UCLA,USC,55.0,-110.0,-110.0,21.0
2018,12.0,Vanderbilt,Ole Miss,73.0,-109.0,-110.0,21.0
2018,12.0,Wake Forest,Pittsburgh,62.5,-110.0,-110.0,21.0
2018,12.0,Washington,Oregon State,58.5,-110.0,-110.0,21.0
2018,12.0,Washington State,Arizona,63.5,-110.0,-110.0,21.0
2018,12.0,Western Kentucky,UTEP,47.5,-110.0,-110.0,21.0
2018,12.0,Wyoming,Air Force,43.0,-110.0,-110.0,21.0
2018,13.0,Air Force,Colorado State,64.0,-110.0,-110.0,18.0
2018,13.0,Alabama,Auburn,53.0,-110.0,-110.0,18.0
2018,13.0,Arizona,Arizona State,65.5,-110.0,-110.0,18.0
2018,13.0,Boise State,Utah State,64.0,-110.0,-110.0,18.0
2018,13.0,Boston College,Syracuse,60.5,-110.0,-110.0,18.0
2018,13.0,Bowling Green,Buffalo,62.5,-110.0,-110.0,17.0
2018,13.0,California,Colorado,44.5,-110.0,-110.0,18.0
2018,13.0,Cincinnati,East Carolina,49.5,-110.0,-110.0,18.0
2018,13.0,Clemson,South Carolina,58.5,-110.0,-110.0,18.0
2018,13.0,Duke,Wake Forest,61.5,-110.0,-110.0,18.0
2018,13.0,Florida Atlantic,Charlotte,54.0,-110.0,-110.0,18.0
2018,13.0,Florida International,Marshall,52.5,-110.0,-110.0,18.0
2018,13.0,Florida State,Florida,51.5,-110.0,-110.0,18.0
2018,13.0,Georgia,Georgia Tech,60.0,-109.5,-110.0,18.0
2018,13.0,Georgia State,Georgia Southern,58.5,-110.0,-110.0,18.0
2018,13.0,Indiana,Purdue,65.0,-110.0,-110.0,18.0
2018,13.0,Iowa,Nebraska,52.0,-110.0,-110.0,17.0
2018,13.0,Iowa State,Kansas State,42.0,-110.0,-110.0,18.0
2018,13.0,Kansas,Texas,50.5,-110.0,-110.0,17.0
2018,13.0,Kent State,Eastern Michigan,52.0,-110.0,-110.0,18.0
2018,13.0,Liberty,New Mexico State,72.5,-110.0,-110.0,18.0
2018,13.0,Louisiana Tech,Western Kentucky,49.5,-110.0,-110.0,18.0
2018,13.0,Louisville,Kentucky,53.0,-110.0,-110.0,18.0
2018,13.0,Memphis,Houston,76.0,-110.0,-110.0,18.0
2018,13.0,Miami (OH),Ball State,55.5,-110.0,-110.0,18.0
2018,13.0,Michigan State,Rutgers,37.5,-110.0,-110.0,18.0
2018,13.0,Middle Tennessee,UAB,51.25,-110.0,-110.0,18.0
2018,13.0,Missouri,Arkansas,59.0,-110.0,-110.0,18.0
2018,13.0,New Mexico,Wyoming,43.0,-110.0,-110.0,18.0
2018,13.0,Northwestern,Illinois,57.5,-110.0,-110.0,18.0
2018,13.0,Ohio,Akron,57.0,-110.0,-110.0,18.0
2018,13.0,Ohio State,Michigan,53.0,-110.0,-109.5,18.0
2018,13.0,Ole Miss,Mississippi State,60.75,-110.0,-110.0,18.0
2018,13.0,Oregon State,Oregon,71.0,-110.0,-110.0,18.0
2018,13.0,Penn State,Maryland,51.5,-110.0,-110.0,18.0
2018,13.0,Rice,Old Dominion,61.5,-110.0,-110.0,18.0
2018,13.0,South Alabama,Coastal Carolina,58.5,-110.0,-110.0,18.0
2018,13.0,South Florida,UCF,69.5,-110.0,-110.0,17.0
2018,13.0,TCU,Oklahoma State,54.0,-110.0,-110.0,18.0
2018,13.0,Texas A&M,LSU,45.5,-110.0,-110.0,18.0
2018,13.0,Texas State,Arkansas State,49.0,-110.0,-110.0,18.0
2018,13.0,Toledo,Central Michigan,58.0,-110.0,-110.0,18.0
2018,13.0,Tulane,Navy,51.5,-110.0,-110.0,18.0
2018,13.0,UCLA,Stanford,60.5,-110.0,-110.0,18.0
2018,13.0,UNLV,Nevada,61.0,-110.0,-110.0,18.0
2018,13.0,USC,Notre Dame,54.5,-109.5,-110.0,18.0
2018,13.0,Vanderbilt,Tennessee,52.5,-109.5,-110.0,18.0
2018,13.0,Virginia Tech,Virginia,49.5,-110.0,-110.0,18.0
2018,13.0,Washington State,Washington,50.0,-110.0,-110.0,18.0
2018,13.0,West Virginia,Oklahoma,87.0,-110.0,-110.0,18.0
2018,13.0,Western Michigan,Northern Illinois,48.5,-109.5,-110.0,18.0
2018,13.0,Wisconsin,Minnesota,53.0,-110.0,-110.0,18.0
2018,14.0,Boise State,Fresno State,50.75,-110.0,-110.0,18.0
2018,14.0,California,Stanford,45.75,-110.0,-110.0,18.0
2018,14.0,Iowa State,Drake,51.0,-110.0,-110.0,6.0
2018,14.0,Liberty,Norfolk State,59.5,-110.0,-110.0,6.0
2018,14.0,Middle Tennessee,UAB,44.0,-110.0,-110.0,18.0
2018,14.0,Ohio State,Northwestern,63.0,-110.0,-110.0,18.0
2018,14.0,Oklahoma,Texas,79.5,-110.0,-110.0,18.0
2018,14.0,South Carolina,Akron,56.5,-110.0,-110.0,18.0
2018,14.0,UCF,Memphis,65.0,-109.0,-110.0,18.0
2018,14.0,Virginia Tech,Marshall,52.0,-110.0,-110.0,18.0
2018,15.0,Army,Navy,38.5,-110.0,-108.0,18.0
2019,1.0,Air Force,Colgate,43.5,-110.0,-110.0,3.0
2019,1.0,Arizona State,Kent State,61.5,-109.0,-110.0,22.0
2019,1.0,Arkansas,Portland State,60.5,-110.0,-110.0,3.0
2019,1.0,Arkansas State,SMU,58.0,-110.0,-110.0,22.0
2019,1.0,Army,Rice,46.5,-110.0,-110.0,22.0
2019,1.0,Baylor,Stephen F. Austin,57.5,-110.0,-110.0,4.0
2019,1.0,Boston College,Virginia Tech,58.0,-110.0,-110.0,22.0
2019,1.0,Bowling Green,Morgan State,50.5,-110.0,-110.0,11.0
2019,1.0,Buffalo,Robert Morris,60.0,-110.0,-110.0,11.0
2019,1.0,California,UC Davis,48.0,-110.0,-110.0,3.0
2019,1.0,Charlotte,Gardner-Webb,54.5,-110.0,-110.0,11.0
2019,1.0,Cincinnati,UCLA,56.0,-110.0,-110.0,22.0
2019,1.0,Clemson,Georgia Tech,60.5,-110.0,-110.0,22.0
2019,1.0,Coastal Carolina,Eastern Michigan,53.0,-110.0,-109.0,22.0
2019,1.0,Colorado,Colorado State,55.5,-110.0,-109.0,22.0
2019,1.0,Florida State,Boise State,55.0,-110.0,-110.0,22.0
2019,1.0,Illinois,Akron,61.0,-110.0,-110.0,22.0
2019,1.0,Iowa,Miami (OH),47.5,-109.5,-110.0,22.0
2019,1.0,Iowa State,Northern Iowa,41.5,-110.0,-110.0,3.0
2019,1.0,Kansas,Indiana State,53.5,-110.0,-110.0,3.0
2019,1.0,Kentucky,Toledo,61.5,-110.0,-109.0,22.0
2019,1.0,LSU,Georgia Southern,51.5,-110.0,-110.0,22.0
2019,1.0,Liberty,Syracuse,69.5,-110.0,-110.0,22.0
2019,1.0,Louisville,Notre Dame,55.0,-110.0,-110.0,22.0
2019,1.0,Maryland,Howard,65.5,-110.0,-110.0,3.0
2019,1.0,Memphis,Ole Miss,65.0,-110.0,-110.0,22.0
2019,1.0,Michigan,Middle Tennessee,56.5,-110.0,-110.0,22.0
2019,1.0,Michigan State,Tulsa,47.5,-107.0,-110.0,22.0
2019,1.0,Minnesota,South Dakota State,56.0,-110.0,-110.0,12.0
2019,1.0,Navy,Holy Cross,53.5,-110.0,-110.0,3.0
2019,1.0,Nebraska,South Alabama,66.0,-110.0,-110.0,22.0
2019,1.0,Nevada,Purdue,58.5,-110.0,-110.0,22.0
2019,1.0,North Carolina,South Carolina,63.0,-110.0,-110.0,22.0
2019,1.0,North Texas,Abilene Christian,58.5,-110.0,-110.0,4.0
2019,1.0,Northern Illinois,Illinois State,42.5,-110.0,-110.0,5.0
2019,1.0,Ohio,Rhode Island,66.5,-110.0,-110.0,3.0
2019,1.0,Ohio State,Florida Atlantic,64.0,-110.0,-110.0,22.0
2019,1.0,Oklahoma,Houston,80.0,-110.0,-110.0,22.0
2019,1.0,Old Dominion,Norfolk State,55.5,-110.0,-110.0,4.0
2019,1.0,Oregon State,Oklahoma State,74.0,-109.0,-110.0,22.0
2019,1.0,Penn State,Idaho,58.5,-110.0,-110.0,3.0
2019,1.0,Pittsburgh,Virginia,46.5,-110.0,-110.0,22.0
2019,1.0,South Florida,Wisconsin,58.0,-110.0,-110.0,22.0
2019,1.0,Stanford,Northwestern,47.5,-110.0,-107.0,22.0
2019,1.0,Temple,Bucknell,53.5,-110.0,-110.0,3.0
2019,1.0,Tennessee,Georgia State,58.0,-110.0,-110.0,21.0
2019,1.0,Texas A&M,Texas State,57.0,-110.0,-110.0,21.0
2019,1.0,Texas Tech,Montana State,60.0,-110.0,-110.0,3.0
2019,1.0,Troy,Campbell,49.0,-110.0,-110.0,3.0
2019,1.0,Tulane,Florida International,58.0,-110.0,-110.0,21.0
2019,1.0,UAB,Alabama State,50.5,-110.0,-110.0,11.0
2019,1.0,UCF,Florida A&M,66.0,-110.0,-110.0,11.0
2019,1.0,Vanderbilt,Georgia,56.5,-110.0,-109.5,22.0
2019,1.0,Wake Forest,Utah State,61.5,-109.0,-110.0,22.0
2019,1.0,Washington,Eastern Washington,56.5,-110.0,-110.0,2.0
2019,1.0,West Virginia,James Madison,52.5,-110.0,-110.0,3.0
2019,1.0,Western Kentucky,Central Arkansas,55.5,-110.0,-110.0,11.0
2019,1.0,Western Michigan,Monmouth,73.5,-110.0,-110.0,4.0
2019,1.0,Wyoming,Missouri,53.0,-110.0,-110.0,22.0
2019,2.0,Akron,UAB,46.5,-110.0,-110.0,22.0
2019,2.0,Alabama,New Mexico State,65.0,-110.0,-110.0,22.0
2019,2.0,Arizona,Northern Arizona,66.5,-110.0,-110.0,11.0
2019,2.0,Arizona State,Sacramento State,63.5,-110.0,-110.0,11.0
2019,2.0,Auburn,Tulane,51.0,-110.0,-110.0,22.0
2019,2.0,Ball State,Fordham,51.0,-110.0,-110.0,11.0
2019,2.0,Boise State,Marshall,58.0,-110.0,-110.0,22.0
2019,2.0,Boston College,Richmond,57.0,-110.0,-110.0,11.0
2019,2.0,Clemson,Texas A&M,62.0,-110.0,-109.5,22.0
2019,2.0,Colorado,Nebraska,64.0,-110.0,-110.0,22.0
2019,2.0,Colorado State,Western Illinois,57.5,-110.0,-110.0,11.0
2019,2.0,Duke,North Carolina A&T,51.5,-110.0,-110.0,11.0
2019,2.0,East Carolina,Gardner-Webb,58.5,-110.0,-110.0,11.0
2019,2.0,Florida Atlantic,UCF,69.0,-110.0,-110.0,22.0
2019,2.0,Florida International,Western Kentucky,57.5,-110.0,-110.0,22.0
2019,2.0,Fresno State,Minnesota,46.0,-110.0,-109.5,22.0
2019,2.0,Georgia,Murray State,61.5,-110.0,-110.0,11.0
2019,2.0,Georgia Southern,Maine,46.5,-110.0,-110.0,11.0
2019,2.0,Georgia State,Furman,61.5,-110.0,-110.0,11.0
2019,2.0,Georgia Tech,South Florida,58.5,-110.0,-110.0,22.0
2019,2.0,Indiana,Eastern Illinois,61.5,-110.0,-110.0,11.0
2019,2.0,Iowa,Rutgers,48.0,-110.0,-110.0,22.0
2019,2.0,Kansas,Coastal Carolina,54.0,-110.0,-110.0,22.0
2019,2.0,Kansas State,Bowling Green,57.5,-110.0,-110.0,22.0
2019,2.0,Kent State,Kennesaw State,54.0,-110.0,-110.0,11.0
2019,2.0,Kentucky,Eastern Michigan,51.5,-110.0,-106.5,22.0
2019,2.0,Louisville,Eastern Kentucky,59.5,-110.0,-110.0,11.0
2019,2.0,Maryland,Syracuse,59.0,-110.0,-110.0,22.0
2019,2.0,Miami (OH),Tennessee Tech,60.0,-110.0,-110.0,11.0
2019,2.0,Michigan,Army,47.5,-110.0,-110.0,22.0
2019,2.0,Michigan State,Western Michigan,46.0,-110.0,-110.0,22.0
2019,2.0,Middle Tennessee,Tennessee State,56.5,-110.0,-110.0,11.0
2019,2.0,Missouri,West Virginia,62.5,-110.0,-110.0,22.0
2019,2.0,Ohio State,Cincinnati,52.0,-110.0,-109.5,22.0
2019,2.0,Oklahoma,South Dakota,76.5,-110.0,-110.0,11.0
2019,2.0,Ole Miss,Arkansas,50.5,-110.0,-110.0,22.0
2019,2.0,Oregon,Nevada,62.0,-110.0,-110.0,22.0
2019,2.0,Penn State,Buffalo,56.5,-110.0,-110.0,22.0
2019,2.0,Pittsburgh,Ohio,54.5,-110.0,-109.0,22.0
2019,2.0,Purdue,Vanderbilt,55.5,-110.0,-109.5,22.0
2019,2.0,Rice,Wake Forest,59.0,-110.0,-110.0,22.0
2019,2.0,SMU,North Texas,73.0,-110.0,-110.0,22.0
2019,2.0,South Alabama,Jackson State,47.0,-110.0,-110.0,10.0
2019,2.0,South Carolina,Charleston Southern,45.0,-110.0,-110.0,11.0
2019,2.0,Texas,LSU,57.0,-110.0,-110.0,22.0
2019,2.0,Texas State,Wyoming,48.0,-110.0,-110.0,22.0
2019,2.0,Texas Tech,UTEP,64.0,-110.0,-110.0,22.0
2019,2.0,UCLA,San Diego State,44.5,-110.0,-110.0,22.0
2019,2.0,UNLV,Arkansas State,64.0,-110.0,-110.0,22.0
2019,2.0,USC,Stanford,44.0,-110.0,-110.0,22.0
2019,2.0,Utah,Northern Illinois,44.5,-110.0,-110.0,22.0
2019,2.0,Utah State,Stony Brook,58.5,-110.0,-110.0,11.0
2019,2.0,Virginia,William & Mary,52.0,-110.0,-110.0,11.0
2019,2.0,Virginia Tech,Old Dominion,57.5,-108.0,-110.0,22.0
2019,2.0,Washington,California,43.5,-110.0,-110.0,22.0
2019,2.0,Washington State,Northern Colorado,63.0,-110.0,-110.0,11.0
2019,2.0,Wisconsin,Central Michigan,54.0,-110.0,-110.0,22.0
2019,3.0,Arizona,Texas Tech,74.5,-110.0,-110.0,22.0
2019,3.0,Arkansas,Colorado State,64.0,-110.0,-110.0,22.0
2019,3.0,Auburn,Kent State,53.5,-110.0,-110.0,22.0
2019,3.0,Ball State,Florida Atlantic,64.0,-110.0,-109.5,22.0
2019,3.0,Boise State,Portland State,54.0,-110.0,-110.0,11.0
2019,3.0,Boston College,Kansas,51.0,-109.0,-110.0,22.0
2019,3.0,Bowling Green,Louisiana Tech,59.0,-110.0,-110.0,22.0
2019,3.0,California,North Texas,50.5,-110.0,-110.0,22.0
2019,3.0,Central Michigan,Akron,45.5,-110.0,-110.0,22.0
2019,3.0,Cincinnati,Miami (OH),49.5,-110.0,-110.0,22.0
2019,3.0,Coastal Carolina,Norfolk State,48.5,-110.0,-110.0,11.0
2019,3.0,Colorado,Air Force,58.0,-110.0,-108.5,22.0
2019,3.0,Florida International,New Hampshire,43.5,-110.0,-110.0,11.0
2019,3.0,Georgia,Arkansas State,58.5,-110.0,-110.0,22.0
2019,3.0,Houston,Washington State,74.0,-110.0,-110.0,22.0
2019,3.0,Illinois,Eastern Michigan,57.0,-110.0,-110.0,22.0
2019,3.0,Indiana,Ohio State,60.0,-110.0,-110.0,22.0
2019,3.0,Iowa State,Iowa,42.5,-110.0,-110.0,22.0
2019,3.0,Kentucky,Florida,46.0,-110.0,-109.5,22.0
2019,3.0,LSU,Northwestern State,68.0,-110.0,-110.0,11.0
2019,3.0,Liberty,Buffalo,55.0,-110.0,-110.0,22.0
2019,3.0,Marshall,Ohio,48.0,-110.0,-110.0,22.0
2019,3.0,Michigan State,Arizona State,42.0,-110.0,-110.0,22.0
2019,3.0,Middle Tennessee,Duke,51.0,-110.0,-110.0,22.0
2019,3.0,Minnesota,Georgia Southern,45.5,-110.0,-110.0,22.0
2019,3.0,Mississippi State,Kansas State,50.75,-110.0,-108.5,22.0
2019,3.0,Missouri,Southeast Missouri State,67.5,-110.0,-110.0,11.0
2019,3.0,Navy,East Carolina,53.5,-110.0,-110.0,22.0
2019,3.0,Nebraska,Northern Illinois,53.5,-110.0,-110.0,22.0
2019,3.0,Nevada,Weber State,51.5,-110.0,-110.0,11.0
2019,3.0,New Mexico State,San Diego State,51.0,-110.0,-110.0,22.0
2019,3.0,Northwestern,UNLV,52.0,-110.0,-110.0,22.0
2019,3.0,Notre Dame,New Mexico,63.5,-110.0,-110.0,22.0
2019,3.0,Oregon,Montana,65.5,-110.0,-110.0,11.0
2019,3.0,Oregon State,Cal Poly,73.0,-110.0,-110.0,11.0
2019,3.0,Penn State,Pittsburgh,53.0,-110.0,-110.0,22.0
2019,3.0,Purdue,TCU,53.0,-110.0,-110.0,22.0
2019,3.0,Rice,Texas,57.0,-110.0,-110.0,22.0
2019,3.0,SMU,Texas State,62.5,-109.5,-110.0,22.0
2019,3.0,South Alabama,Memphis,55.5,-110.0,-110.0,22.0
2019,3.0,South Carolina,Alabama,59.5,-110.0,-110.0,22.0
2019,3.0,South Florida,South Carolina State,50.0,-110.0,-110.0,11.0
2019,3.0,Syracuse,Clemson,64.0,-110.0,-110.0,22.0
2019,3.0,Temple,Maryland,66.0,-110.0,-110.0,22.0
2019,3.0,Tennessee,Chattanooga,50.0,-110.0,-110.0,11.0
2019,3.0,Texas A&M,Lamar,63.0,-110.0,-110.0,11.0
2019,3.0,Toledo,Murray State,70.0,-110.0,-110.0,10.0
2019,3.0,Tulane,Missouri State,55.0,-110.0,-110.0,11.0
2019,3.0,Tulsa,Oklahoma State,64.0,-110.0,-110.0,22.0
2019,3.0,UCF,Stanford,58.5,-110.0,-110.0,22.0
2019,3.0,UCLA,Oklahoma,71.5,-110.0,-110.0,22.0
2019,3.0,Utah,Idaho State,62.0,-110.0,-110.0,11.0
2019,3.0,Virginia,Florida State,54.0,-110.0,-110.0,22.0
2019,3.0,Virginia Tech,Furman,62.5,-110.0,-110.0,11.0
2019,3.0,Wake Forest,North Carolina,65.0,-110.0,-110.0,22.0
2019,3.0,Western Michigan,Georgia State,69.5,-110.0,-110.0,22.0
2019,3.0,Wyoming,Idaho,52.5,-110.0,-110.0,11.0
2019,4.0,Akron,Troy,57.5,-108.5,-110.0,22.0
2019,4.0,Arizona State,Colorado,48.5,-110.0,-110.0,22.0
2019,4.0,Arkansas State,Southern Illinois,59.0,-110.0,-110.0,12.0
2019,4.0,Army,Morgan State,55.5,-110.0,-110.0,12.0
2019,4.0,Boise State,Air Force,53.0,-107.0,-110.0,22.0
2019,4.0,Buffalo,Temple,51.0,-110.0,-110.0,22.0
2019,4.0,Clemson,Charlotte,61.0,-110.0,-110.0,22.0
2019,4.0,Colorado State,Toledo,67.0,-110.0,-109.5,22.0
2019,4.0,East Carolina,William & Mary,50.0,-110.0,-110.0,12.0
2019,4.0,Florida,Tennessee,49.0,-110.0,-110.0,22.0
2019,4.0,Florida Atlantic,Wagner,55.5,-110.0,-110.0,12.0
2019,4.0,Florida State,Louisville,61.5,-110.0,-110.0,22.0
2019,4.0,Fresno State,Sacramento State,54.5,-110.0,-110.0,12.0
2019,4.0,Georgia,Notre Dame,58.5,-110.0,-109.5,22.0
2019,4.0,Illinois,Nebraska,62.0,-110.0,-109.5,22.0
2019,4.0,Kansas,West Virginia,49.0,-110.0,-110.0,22.0
2019,4.0,Kent State,Bowling Green,62.0,-110.0,-110.0,22.0
2019,4.0,Liberty,Hampton,58.5,-110.0,-110.0,10.0
2019,4.0,Louisiana Tech,Florida International,51.0,-110.0,-109.0,22.0
2019,4.0,Mississippi State,Kentucky,48.0,-110.0,-110.0,22.0
2019,4.0,Missouri,South Carolina,60.75,-110.0,-110.0,22.0
2019,4.0,New Mexico,New Mexico State,68.5,-110.0,-109.0,22.0
2019,4.0,Northwestern,Michigan State,35.0,-110.0,-110.0,22.0
2019,4.0,Ohio State,Miami (OH),56.5,-110.0,-110.0,22.0
2019,4.0,Ole Miss,California,42.5,-110.0,-110.0,22.0
2019,4.0,Pittsburgh,UCF,61.0,-110.0,-110.0,22.0
2019,4.0,Rice,Baylor,57.5,-110.0,-110.0,22.0
2019,4.0,Rutgers,Boston College,57.5,-110.0,-110.0,22.0
2019,4.0,San Diego State,Utah State,53.0,-110.0,-107.5,22.0
2019,4.0,Stanford,Oregon,55.5,-110.0,-110.0,22.0
2019,4.0,Syracuse,Western Michigan,67.5,-109.5,-110.0,22.0
2019,4.0,TCU,SMU,54.5,-109.5,-110.0,22.0
2019,4.0,Texas,Oklahoma State,72.5,-110.0,-110.0,22.0
2019,4.0,Texas A&M,Auburn,48.0,-110.0,-110.0,22.0
2019,4.0,Texas State,Georgia State,62.5,-110.0,-110.0,22.0
2019,4.0,Tulane,Houston,57.5,-110.0,-110.0,22.0
2019,4.0,Tulsa,Wyoming,46.0,-110.0,-110.0,22.0
2019,4.0,UAB,South Alabama,48.0,-110.0,-110.0,22.0
2019,4.0,USC,Utah,53.5,-110.0,-110.0,22.0
2019,4.0,UTEP,Nevada,51.0,-110.0,-110.0,22.0
2019,4.0,Vanderbilt,LSU,62.0,-110.0,-109.5,22.0
2019,4.0,Virginia,Old Dominion,47.5,-110.0,-110.0,22.0
2019,4.0,Wake Forest,Elon,58.5,-110.0,-110.0,12.0
2019,4.0,Washington State,UCLA,59.5,-110.0,-110.0,22.0
2019,4.0,Wisconsin,Michigan,45.0,-108.5,-110.0,22.0
2019,5.0,Alabama,Ole Miss,63.0,-110.0,-110.0,22.0
2019,5.0,Arizona,UCLA,68.5,-110.0,-108.5,22.0
2019,5.0,Auburn,Mississippi State,46.5,-110.0,-109.5,22.0
2019,5.0,Baylor,Iowa State,55.5,-109.5,-110.0,22.0
2019,5.0,Boston College,Wake Forest,69.5,-110.0,-110.0,22.0
2019,5.0,California,Arizona State,43.0,-110.0,-109.5,22.0
2019,5.0,Charlotte,Florida Atlantic,64.5,-110.0,-108.0,22.0
2019,5.0,Florida,Towson,62.5,-110.0,-110.0,11.0
2019,5.0,Iowa,Middle Tennessee,51.0,-110.0,-110.0,22.0
2019,5.0,Liberty,New Mexico,72.0,-110.0,-109.5,22.0
2019,5.0,Marshall,Cincinnati,47.0,-110.0,-110.0,22.0
2019,5.0,Maryland,Penn State,61.0,-109.5,-110.0,22.0
2019,5.0,Memphis,Navy,54.0,-110.0,-110.0,22.0
2019,5.0,Miami (OH),Buffalo,47.5,-110.0,-110.0,22.0
2019,5.0,Michigan,Rutgers,50.0,-109.0,-110.0,22.0
2019,5.0,Michigan State,Indiana,43.5,-110.0,-110.0,22.0
2019,5.0,Nebraska,Ohio State,65.5,-110.0,-110.0,22.0
2019,5.0,New Mexico State,Fresno State,62.0,-110.0,-110.0,22.0
2019,5.0,North Carolina,Clemson,60.5,-110.0,-110.0,22.0
2019,5.0,North Texas,Houston,59.5,-110.0,-110.0,22.0
2019,5.0,Notre Dame,Virginia,46.5,-110.0,-110.0,22.0
2019,5.0,Oklahoma,Texas Tech,68.5,-110.0,-110.0,22.0
2019,5.0,Oklahoma State,Kansas State,60.0,-110.0,-110.0,22.0
2019,5.0,Old Dominion,East Carolina,46.5,-110.0,-110.0,22.0
2019,5.0,Oregon State,Stanford,55.5,-110.0,-110.0,22.0
2019,5.0,Pittsburgh,Delaware,50.5,-110.0,-110.0,11.0
2019,5.0,Purdue,Minnesota,56.25,-110.0,-110.0,22.0
2019,5.0,Rice,Louisiana Tech,49.0,-110.0,-110.0,22.0
2019,5.0,South Carolina,Kentucky,54.5,-110.0,-110.0,22.0
2019,5.0,South Florida,SMU,62.0,-110.0,-110.0,22.0
2019,5.0,Syracuse,Holy Cross,55.0,-110.0,-110.0,11.0
2019,5.0,TCU,Kansas,48.0,-110.0,-110.0,21.0
2019,5.0,Temple,Georgia Tech,48.0,-110.0,-110.0,22.0
2019,5.0,Troy,Arkansas State,59.0,-110.0,-110.0,22.0
2019,5.0,Utah,Washington State,57.0,-110.0,-110.0,22.0
2019,5.0,Utah State,Colorado State,69.0,-109.5,-110.0,22.0
2019,5.0,Vanderbilt,Northern Illinois,51.5,-110.0,-110.0,22.0
2019,5.0,Virginia Tech,Duke,51.5,-110.0,-105.5,22.0
2019,5.0,Washington,USC,60.5,-110.0,-110.0,22.0
2019,5.0,Western Kentucky,UAB,48.0,-110.0,-110.0,22.0
2019,5.0,Western Michigan,Central Michigan,61.5,-110.0,-110.0,22.0
2019,5.0,Wisconsin,Northwestern,46.0,-110.0,-110.0,22.0
2019,5.0,Wyoming,UNLV,45.0,-110.0,-110.0,22.0
2019,6.0,Army,Tulane,43.0,-110.0,-110.0,22.0
2019,6.0,Buffalo,Ohio,51.5,-110.0,-110.0,22.0
2019,6.0,Central Michigan,Eastern Michigan,54.0,-110.0,-110.0,22.0
2019,6.0,Cincinnati,UCF,63.5,-110.0,-110.0,22.0
2019,6.0,Colorado,Arizona,63.5,-110.0,-110.0,22.0
2019,6.0,Colorado State,San Diego State,48.0,-110.0,-110.0,22.0
2019,6.0,Duke,Pittsburgh,48.0,-109.5,-110.0,22.0
2019,6.0,East Carolina,Temple,46.5,-110.0,-110.0,22.0
2019,6.0,Florida,Auburn,48.5,-110.0,-109.5,22.0
2019,6.0,Georgia State,Arkansas State,69.0,-109.5,-110.0,22.0
2019,6.0,Georgia Tech,North Carolina,47.0,-110.0,-110.0,22.0
2019,6.0,Iowa State,TCU,45.5,-109.5,-110.0,22.0
2019,6.0,Kansas,Oklahoma,67.0,-110.0,-110.0,22.0
2019,6.0,Kansas State,Baylor,48.5,-109.5,-110.0,22.0
2019,6.0,LSU,Utah State,73.0,-110.0,-110.0,22.0
2019,6.0,Louisville,Boston College,61.0,-110.0,-110.0,22.0
2019,6.0,Michigan,Iowa,48.5,-110.0,-110.0,22.0
2019,6.0,Middle Tennessee,Marshall,53.5,-110.0,-110.0,22.0
2019,6.0,Minnesota,Illinois,57.5,-110.0,-110.0,22.0
2019,6.0,Missouri,Troy,65.5,-110.0,-110.0,22.0
2019,6.0,Navy,Air Force,46.5,-110.0,-110.0,22.0
2019,6.0,Nebraska,Northwestern,48.5,-110.0,-109.5,22.0
2019,6.0,New Mexico State,Liberty,63.5,-110.0,-110.0,22.0
2019,6.0,Northern Illinois,Ball State,54.5,-110.0,-109.0,22.0
2019,6.0,Notre Dame,Bowling Green,64.25,-110.0,-110.0,22.0
2019,6.0,Ohio State,Michigan State,51.0,-110.0,-109.5,22.0
2019,6.0,Old Dominion,Western Kentucky,42.5,-109.5,-110.0,22.0
2019,6.0,Ole Miss,Vanderbilt,64.5,-110.0,-110.0,22.0
2019,6.0,Oregon,California,46.5,-110.0,-110.0,22.0
2019,6.0,Penn State,Purdue,55.5,-110.0,-110.0,22.0
2019,6.0,Rutgers,Maryland,55.5,-110.0,-110.0,22.0
2019,6.0,SMU,Tulsa,63.75,-110.0,-110.0,22.0
2019,6.0,South Alabama,Georgia Southern,44.5,-110.0,-110.0,22.0
2019,6.0,Stanford,Washington,51.5,-110.0,-109.5,22.0
2019,6.0,Tennessee,Georgia,50.5,-110.0,-107.5,22.0
2019,6.0,Texas Tech,Oklahoma State,63.0,-110.0,-110.0,22.0
2019,6.0,Toledo,Western Michigan,73.5,-110.0,-110.0,22.0
2019,6.0,UAB,Rice,43.5,-110.0,-110.0,22.0
2019,6.0,UCLA,Oregon State,64.0,-110.0,-110.0,22.0
2019,6.0,UNLV,Boise State,58.0,-110.0,-110.0,22.0
2019,6.0,West Virginia,Texas,62.0,-110.0,-109.5,22.0
2019,6.0,Wisconsin,Kent State,58.5,-110.0,-110.0,22.0
2019,7.0,Air Force,Fresno State,50.5,-110.0,-110.0,22.0
2019,7.0,Akron,Kent State,57.0,-110.0,-110.0,22.0
2019,7.0,Arizona,Washington,62.5,-110.0,-110.0,22.0
2019,7.0,Arizona State,Washington State,61.0,-110.0,-110.0,22.0
2019,7.0,Baylor,Texas Tech,59.0,-110.0,-110.0,22.0
2019,7.0,Bowling Green,Toledo,65.0,-110.0,-110.0,22.0
2019,7.0,Central Michigan,New Mexico State,56.5,-110.0,-110.0,22.0
2019,7.0,Clemson,Florida State,61.0,-110.0,-110.0,22.0
2019,7.0,Coastal Carolina,Georgia State,64.5,-110.0,-110.0,22.0
2019,7.0,Duke,Georgia Tech,47.5,-110.0,-110.0,22.0
2019,7.0,Eastern Michigan,Ball State,57.0,-110.0,-109.5,22.0
2019,7.0,Florida Atlantic,Middle Tennessee,63.0,-110.0,-110.0,22.0
2019,7.0,Florida International,Charlotte,58.0,-110.0,-110.0,22.0
2019,7.0,Georgia,South Carolina,52.0,-110.0,-110.0,22.0
2019,7.0,Houston,Cincinnati,50.5,-110.0,-110.0,22.0
2019,7.0,Illinois,Michigan,49.0,-110.0,-109.0,22.0
2019,7.0,Indiana,Rutgers,50.0,-110.0,-110.0,22.0
2019,7.0,Iowa,Penn State,43.5,-110.0,-110.0,22.0
2019,7.0,Kentucky,Arkansas,51.75,-110.0,-109.5,22.0
2019,7.0,LSU,Florida,55.0,-110.0,-110.0,22.0
2019,7.0,Marshall,Old Dominion,46.5,-110.0,-110.0,22.0
2019,7.0,Minnesota,Nebraska,47.5,-110.0,-110.0,22.0
2019,7.0,Missouri,Ole Miss,56.0,-110.0,-110.0,22.0
2019,7.0,New Mexico,Colorado State,65.5,-110.0,-110.0,22.0
2019,7.0,Notre Dame,USC,59.0,-110.0,-110.0,22.0
2019,7.0,Ohio,Northern Illinois,51.5,-110.0,-110.0,22.0
2019,7.0,Oregon,Colorado,62.0,-110.0,-110.0,22.0
2019,7.0,Oregon State,Utah,60.0,-110.0,-110.0,22.0
2019,7.0,Purdue,Maryland,52.5,-110.0,-110.0,22.0
2019,7.0,San Diego State,Wyoming,37.5,-110.0,-109.5,22.0
2019,7.0,Temple,Memphis,51.0,-108.5,-110.0,22.0
2019,7.0,Tennessee,Mississippi State,53.0,-110.0,-110.0,22.0
2019,7.0,Texas,Oklahoma,77.5,-110.0,-110.0,22.0
2019,7.0,Texas A&M,Alabama,61.5,-110.0,-110.0,22.0
2019,7.0,Tulsa,Navy,52.5,-110.0,-110.0,22.0
2019,7.0,Vanderbilt,UNLV,57.5,-110.0,-110.0,22.0
2019,7.0,Virginia Tech,Rhode Island,65.5,-110.0,-110.0,8.0
2019,7.0,Wake Forest,Louisville,65.0,-110.0,-110.0,22.0
2019,7.0,West Virginia,Iowa State,55.0,-110.0,-110.0,22.0
2019,7.0,Western Kentucky,Army,44.0,-110.0,-110.0,22.0
2019,7.0,Western Michigan,Miami (OH),57.5,-110.0,-110.0,22.0
2019,7.0,Wisconsin,Michigan State,40.5,-110.0,-110.0,22.0
2019,8.0,Akron,Buffalo,47.5,-110.0,-110.0,22.0
2019,8.0,Alabama,Tennessee,62.5,-110.0,-110.0,22.0
2019,8.0,Arkansas,Auburn,56.0,-109.0,-110.0,22.0
2019,8.0,Ball State,Toledo,58.5,-109.5,-110.0,22.0
2019,8.0,Bowling Green,Central Michigan,54.5,-109.5,-110.0,22.0
2019,8.0,California,Oregon State,51.0,-109.5,-110.0,22.0
2019,8.0,Cincinnati,Tulsa,47.0,-110.0,-110.0,22.0
2019,8.0,Eastern Michigan,Western Michigan,61.0,-110.0,-110.0,22.0
2019,8.0,Florida Atlantic,Marshall,58.0,-110.0,-110.0,22.0
2019,8.0,Florida International,UTEP,51.0,-110.0,-110.0,22.0
2019,8.0,Fresno State,UNLV,52.0,-110.0,-109.5,22.0
2019,8.0,Georgia,Kentucky,45.5,-110.0,-110.0,22.0
2019,8.0,Georgia Southern,Coastal Carolina,43.0,-110.0,-110.0,22.0
2019,8.0,Georgia State,Army,54.0,-110.5,-107.5,22.0
2019,8.0,Illinois,Wisconsin,52.0,-110.0,-110.0,22.0
2019,8.0,Iowa,Purdue,47.5,-110.0,-106.5,22.0
2019,8.0,Kansas State,TCU,44.0,-109.5,-110.0,22.0
2019,8.0,Liberty,Maine,43.5,-110.0,-110.0,9.0
2019,8.0,Louisville,Clemson,62.0,-110.0,-110.0,22.0
2019,8.0,Maryland,Indiana,59.5,-110.0,-110.0,22.0
2019,8.0,Memphis,Tulane,60.5,-110.0,-110.0,22.0
2019,8.0,Miami (OH),Northern Illinois,48.0,-109.0,-110.0,22.0
2019,8.0,Mississippi State,LSU,62.0,-110.0,-110.0,22.0
2019,8.0,Navy,South Florida,52.0,-106.5,-110.0,22.0
2019,8.0,North Texas,Middle Tennessee,59.5,-110.0,-110.0,22.0
2019,8.0,Northwestern,Ohio State,49.5,-110.0,-110.0,22.0
2019,8.0,Ohio,Kent State,64.25,-109.5,-110.0,22.0
2019,8.0,Oklahoma,West Virginia,63.5,-110.0,-110.0,22.0
2019,8.0,Oklahoma State,Baylor,68.5,-110.0,-110.0,22.0
2019,8.0,Ole Miss,Texas A&M,55.0,-110.0,-110.0,22.0
2019,8.0,Penn State,Michigan,47.0,-110.0,-107.0,22.0
2019,8.0,Rutgers,Minnesota,46.0,-109.5,-110.0,22.0
2019,8.0,SMU,Temple,60.0,-110.0,-109.5,22.0
2019,8.0,South Carolina,Florida,44.5,-110.0,-110.0,22.0
2019,8.0,Stanford,UCLA,48.5,-110.0,-110.0,22.0
2019,8.0,Syracuse,Pittsburgh,53.5,-110.0,-110.0,22.0
2019,8.0,Texas,Kansas,63.0,-110.0,-110.0,22.0
2019,8.0,Texas Tech,Iowa State,58.0,-108.0,-110.0,22.0
2019,8.0,Troy,South Alabama,55.0,-110.0,-110.0,22.0
2019,8.0,UAB,Old Dominion,42.0,-110.0,-110.0,22.0
2019,8.0,UCF,East Carolina,65.0,-109.5,-110.0,22.0
2019,8.0,USC,Arizona,69.0,-110.0,-110.0,22.0
2019,8.0,Utah,Arizona State,46.5,-107.5,-110.0,22.0
2019,8.0,Utah State,Nevada,59.0,-109.5,-110.0,22.0
2019,8.0,Vanderbilt,Missouri,56.5,-109.5,-110.0,22.0
2019,8.0,Virginia,Duke,45.0,-110.0,-109.5,22.0
2019,8.0,Virginia Tech,North Carolina,57.0,-110.0,-110.0,21.0
2019,8.0,Wake Forest,Florida State,68.5,-110.0,-109.5,22.0
2019,8.0,Washington,Oregon,48.0,-110.0,-110.0,22.0
2019,8.0,Washington State,Colorado,68.75,-110.0,-108.5,22.0
2019,8.0,Western Kentucky,Charlotte,48.0,-109.5,-110.0,22.0
2019,8.0,Wyoming,New Mexico,50.0,-107.0,-110.0,22.0
2019,9.0,Air Force,Utah State,60.0,-110.0,-110.0,22.0
2019,9.0,Alabama,Arkansas,56.0,-107.5,-110.0,22.0
2019,9.0,Arkansas State,Texas State,60.5,-110.0,-109.0,22.0
2019,9.0,Ball State,Ohio,60.0,-110.0,-110.0,22.0
2019,9.0,Buffalo,Central Michigan,46.0,-110.0,-110.0,22.0
2019,9.0,Charlotte,North Texas,64.5,-110.0,-110.0,22.0
2019,9.0,Clemson,Boston College,59.0,-110.0,-109.5,22.0
2019,9.0,Colorado,USC,64.5,-110.0,-110.0,22.0
2019,9.0,East Carolina,South Florida,51.0,-109.5,-110.0,22.0
2019,9.0,Florida State,Syracuse,60.0,-110.0,-110.0,22.0
2019,9.0,Fresno State,Colorado State,56.5,-110.0,-110.0,22.0
2019,9.0,Georgia Southern,New Mexico State,53.5,-110.0,-110.0,22.0
2019,9.0,Georgia State,Troy,67.5,-110.0,-110.0,22.0
2019,9.0,Houston,SMU,65.0,-110.0,-110.0,22.0
2019,9.0,Iowa State,Oklahoma State,65.0,-110.0,-110.0,22.0
2019,9.0,Kansas,Texas Tech,65.5,-106.0,-110.0,22.0
2019,9.0,Kansas State,Oklahoma,59.0,-110.0,-110.0,22.0
2019,9.0,Kent State,Miami (OH),54.5,-110.0,-108.0,22.0
2019,9.0,Kentucky,Missouri,43.5,-109.5,-110.0,22.0
2019,9.0,LSU,Auburn,59.0,-110.0,-110.0,22.0
2019,9.0,Louisville,Virginia,51.5,-110.0,-110.0,22.0
2019,9.0,Marshall,Western Kentucky,44.5,-110.0,-110.0,22.0
2019,9.0,Michigan,Notre Dame,46.5,-110.0,-109.5,22.0
2019,9.0,Michigan State,Penn State,42.0,-110.0,-110.0,22.0
2019,9.0,Middle Tennessee,Florida International,57.5,-110.0,-110.0,22.0
2019,9.0,Minnesota,Maryland,59.5,-109.5,-110.0,22.0
2019,9.0,Navy,Tulane,58.0,-110.0,-110.0,22.0
2019,9.0,Nebraska,Indiana,55.0,-110.0,-110.0,22.0
2019,9.0,North Carolina,Duke,53.0,-110.0,-108.0,22.0
2019,9.0,Northern Illinois,Akron,42.0,-110.0,-110.0,22.0
2019,9.0,Northwestern,Iowa,36.5,-110.0,-109.0,22.0
2019,9.0,Ohio State,Wisconsin,47.75,-110.0,-110.0,22.0
2019,9.0,Old Dominion,Florida Atlantic,51.0,-110.0,-110.0,22.0
2019,9.0,Oregon,Washington State,67.5,-110.0,-110.0,22.0
2019,9.0,Purdue,Illinois,54.5,-110.0,-109.5,22.0
2019,9.0,Rutgers,Liberty,44.0,-110.0,-110.0,22.0
2019,9.0,Stanford,Arizona,54.0,-110.0,-110.0,22.0
2019,9.0,TCU,Texas,57.0,-110.0,-110.0,22.0
2019,9.0,Temple,UCF,61.5,-107.0,-112.0,22.0
2019,9.0,Tennessee,South Carolina,46.0,-110.0,-110.0,22.0
2019,9.0,Texas A&M,Mississippi State,50.0,-110.0,-110.0,22.0
2019,9.0,Toledo,Eastern Michigan,52.5,-110.0,-110.0,22.0
2019,9.0,Tulsa,Memphis,59.25,-110.0,-110.0,22.0
2019,9.0,UCLA,Arizona State,56.5,-110.0,-110.0,22.0
2019,9.0,UNLV,San Diego State,44.5,-109.5,-110.0,22.0
2019,9.0,UTEP,Louisiana Tech,50.0,-110.0,-110.0,22.0
2019,9.0,Utah,California,36.5,-110.0,-108.0,22.0
2019,9.0,Western Michigan,Bowling Green,65.5,-109.5,-110.0,22.0
2019,9.0,Wyoming,Nevada,44.0,-110.0,-110.0,22.0
2019,10.0,Air Force,Army,44.5,-110.0,-110.0,22.0
2019,10.0,Arizona,Oregon State,71.5,-110.0,-110.0,22.0
2019,10.0,Arkansas,Mississippi State,59.0,-109.5,-110.0,22.0
2019,10.0,Auburn,Ole Miss,53.5,-110.0,-110.0,22.0
2019,10.0,Bowling Green,Akron,49.5,-110.0,-110.0,22.0
2019,10.0,Central Michigan,Northern Illinois,49.0,-110.0,-110.0,22.0
2019,10.0,Charlotte,Middle Tennessee,64.5,-110.0,-110.0,22.0
2019,10.0,Clemson,Wofford,58.5,-110.0,-110.0,10.0
2019,10.0,Coastal Carolina,Troy,60.5,-110.0,-110.0,22.0
2019,10.0,Colorado State,UNLV,64.0,-110.0,-109.0,22.0
2019,10.0,East Carolina,Cincinnati,48.5,-110.0,-110.0,22.0
2019,10.0,Eastern Michigan,Buffalo,49.5,-110.0,-110.0,21.0
2019,10.0,Florida,Georgia,47.5,-110.0,-109.5,22.0
2019,10.0,Florida International,Old Dominion,47.5,-109.0,-110.0,22.0
2019,10.0,Georgia Tech,Pittsburgh,44.0,-110.0,-110.0,22.0
2019,10.0,Illinois,Rutgers,48.5,-110.0,-109.5,22.0
2019,10.0,Indiana,Northwestern,44.0,-110.0,-109.5,22.0
2019,10.0,Kansas,Kansas State,54.0,-110.0,-110.0,22.0
2019,10.0,Maryland,Michigan,57.5,-109.5,-110.0,22.0
2019,10.0,Memphis,SMU,71.5,-110.0,-110.0,22.0
2019,10.0,Nevada,New Mexico,57.5,-110.0,-110.0,22.0
2019,10.0,North Carolina,Virginia,48.0,-110.0,-110.0,22.0
2019,10.0,North Texas,UTEP,58.5,-110.0,-110.0,22.0
2019,10.0,Notre Dame,Virginia Tech,59.0,-109.5,-110.0,22.0
2019,10.0,Oklahoma State,TCU,58.5,-108.0,-110.0,22.0
2019,10.0,Purdue,Nebraska,57.0,-110.0,-110.0,22.0
2019,10.0,Rice,Marshall,48.0,-110.0,-110.0,22.0
2019,10.0,South Carolina,Vanderbilt,51.5,-110.0,-110.0,22.0
2019,10.0,Syracuse,Boston College,59.0,-110.0,-110.0,22.0
2019,10.0,Tennessee,UAB,49.0,-110.0,-110.0,22.0
2019,10.0,Tulane,Tulsa,59.5,-110.0,-110.0,22.0
2019,10.0,UCF,Houston,73.0,-110.0,-110.0,21.0
2019,10.0,UCLA,Colorado,64.5,-110.0,-110.0,22.0
2019,10.0,USC,Oregon,60.0,-110.0,-110.0,22.0
2019,10.0,Washington,Utah,48.0,-110.0,-110.0,22.0
2019,10.0,Western Kentucky,Florida Atlantic,51.0,-110.0,-109.5,22.0
2019,11.0,Alabama,LSU,65.5,-110.0,-110.0,22.0
2019,11.0,Arizona State,USC,54.0,-110.0,-110.0,22.0
2019,11.0,Arkansas,Western Kentucky,51.0,-110.0,-109.5,22.0
2019,11.0,Boise State,Wyoming,48.0,-110.0,-110.0,22.0
2019,11.0,Boston College,Florida State,64.5,-110.0,-110.0,22.0
2019,11.0,California,Washington State,52.0,-110.0,-110.0,22.0
2019,11.0,Colorado,Stanford,57.0,-110.0,-110.0,22.0
2019,11.0,Duke,Notre Dame,49.5,-110.0,-110.0,22.0
2019,11.0,Florida,Vanderbilt,50.0,-110.0,-110.0,22.0
2019,11.0,Florida Atlantic,Florida International,59.0,-110.0,-110.0,22.0
2019,11.0,Fresno State,Utah State,59.0,-110.0,-110.0,22.0
2019,11.0,Georgia,Missouri,48.0,-109.5,-110.0,22.0
2019,11.0,Kentucky,Tennessee,42.0,-110.0,-110.0,22.0
2019,11.0,Louisiana Tech,North Texas,71.5,-110.0,-110.0,22.0
2019,11.0,Michigan State,Illinois,47.5,-110.0,-110.0,22.0
2019,11.0,Minnesota,Penn State,49.0,-110.0,-110.0,22.0
2019,11.0,Northwestern,Purdue,39.0,-110.0,-110.0,22.0
2019,11.0,Ohio,Miami (OH),57.5,-110.0,-110.0,22.0
2019,11.0,Ohio State,Maryland,66.0,-110.0,-110.0,22.0
2019,11.0,Oklahoma,Iowa State,70.5,-110.0,-110.0,22.0
2019,11.0,Ole Miss,New Mexico State,64.5,-110.0,-110.0,22.0
2019,11.0,Oregon State,Washington,64.0,-110.0,-109.5,22.0
2019,11.0,SMU,East Carolina,74.0,-110.0,-110.0,22.0
2019,11.0,San Diego State,Nevada,39.5,-110.0,-110.0,22.0
2019,11.0,South Florida,Temple,49.5,-110.0,-110.0,22.0
2019,11.0,TCU,Baylor,48.5,-110.0,-110.0,22.0
2019,11.0,Texas,Kansas State,57.5,-110.0,-110.0,22.0
2019,11.0,Texas State,South Alabama,41.5,-110.0,-110.0,22.0
2019,11.0,Toledo,Kent State,64.0,-110.0,-110.0,22.0
2019,11.0,Troy,Georgia Southern,57.0,-110.0,-110.0,22.0
2019,11.0,Tulsa,UCF,68.5,-110.0,-110.0,22.0
2019,11.0,UTEP,Charlotte,55.0,-110.0,-108.0,22.0
2019,11.0,Virginia,Georgia Tech,46.0,-110.0,-110.0,22.0
2019,11.0,Virginia Tech,Wake Forest,61.0,-110.0,-110.0,22.0
2019,11.0,West Virginia,Texas Tech,56.25,-110.0,-110.0,22.0
2019,11.0,Western Michigan,Ball State,65.0,-110.0,-110.0,22.0
2019,11.0,Wisconsin,Iowa,37.0,-110.0,-110.0,22.0
2019,12.0,Akron,Eastern Michigan,45.0,-110.0,-110.0,21.0
2019,12.0,Arkansas State,Coastal Carolina,60.5,-110.0,-110.0,21.0
2019,12.0,Auburn,Georgia,42.5,-110.0,-108.0,21.0
2019,12.0,Ball State,Central Michigan,60.0,-110.0,-110.0,21.0
2019,12.0,Baylor,Oklahoma,68.5,-110.0,-110.0,21.0
2019,12.0,Boise State,New Mexico,57.5,-110.0,-110.0,21.0
2019,12.0,California,USC,48.0,-110.0,-110.0,21.0
2019,12.0,Clemson,Wake Forest,59.0,-110.0,-110.0,21.0
2019,12.0,Colorado State,Air Force,62.0,-110.0,-110.0,21.0
2019,12.0,Duke,Syracuse,49.0,-110.0,-110.0,21.0
2019,12.0,Florida State,Alabama State,53.0,-110.0,-110.0,7.0
2019,12.0,Georgia Tech,Virginia Tech,51.5,-110.0,-110.0,21.0
2019,12.0,Houston,Memphis,71.5,-110.0,-110.0,21.0
2019,12.0,Iowa,Minnesota,44.5,-110.0,-110.0,21.0
2019,12.0,Iowa State,Texas,65.0,-110.0,-109.0,21.0
2019,12.0,Kansas State,West Virginia,46.0,-110.0,-110.0,21.0
2019,12.0,Kent State,Buffalo,55.0,-110.0,-110.0,21.0
2019,12.0,Marshall,Louisiana Tech,54.0,-110.0,-110.0,21.0
2019,12.0,Miami (OH),Bowling Green,47.5,-110.0,-110.0,21.0
2019,12.0,Michigan,Michigan State,43.5,-110.0,-110.0,21.0
2019,12.0,Middle Tennessee,Rice,46.5,-110.0,-110.0,21.0
2019,12.0,Mississippi State,Alabama,61.0,-110.0,-110.0,21.0
2019,12.0,Missouri,Florida,51.5,-110.0,-110.0,21.0
2019,12.0,Nebraska,Wisconsin,50.0,-110.0,-110.0,21.0
2019,12.0,New Mexico State,Incarnate Word,60.0,-110.0,-110.0,9.0
2019,12.0,Notre Dame,Navy,55.5,-110.0,-110.0,21.0
2019,12.0,Ohio,Western Michigan,63.5,-110.0,-110.0,21.0
2019,12.0,Oklahoma State,Kansas,69.5,-110.0,-110.0,21.0
2019,12.0,Ole Miss,LSU,66.5,-110.0,-110.0,21.0
2019,12.0,Oregon,Arizona,68.5,-110.0,-110.0,21.0
2019,12.0,Oregon State,Arizona State,56.0,-110.0,-110.0,21.0
2019,12.0,Penn State,Indiana,55.0,-110.0,-110.0,21.0
2019,12.0,Pittsburgh,North Carolina,49.0,-110.0,-109.0,21.0
2019,12.0,Rutgers,Ohio State,63.0,-110.0,-110.0,21.0
2019,12.0,San Diego State,Fresno State,43.5,-110.0,-110.0,21.0
2019,12.0,South Florida,Cincinnati,46.5,-110.0,-110.0,21.0
2019,12.0,Temple,Tulane,52.5,-110.0,-110.0,21.0
2019,12.0,Texas A&M,South Carolina,47.0,-110.0,-107.0,21.0
2019,12.0,Texas State,Troy,64.5,-110.0,-110.0,21.0
2019,12.0,Texas Tech,TCU,53.5,-110.0,-110.0,21.0
2019,12.0,Toledo,Northern Illinois,55.5,-110.0,-109.0,21.0
2019,12.0,UAB,UTEP,42.5,-110.0,-110.0,21.0
2019,12.0,Utah,UCLA,52.0,-110.0,-110.0,21.0
2019,12.0,Utah State,Wyoming,51.5,-110.0,-110.0,21.0
2019,12.0,Vanderbilt,Kentucky,43.0,-109.0,-110.0,21.0
2019,12.0,Washington State,Stanford,65.5,-110.0,-110.0,21.0
2019,13.0,Alabama,Western Carolina,61.75,-110.0,-110.0,8.0
2019,13.0,Arizona,Utah,56.5,-110.0,-110.0,22.0
2019,13.0,Arizona State,Oregon,54.5,-110.0,-110.0,22.0
2019,13.0,Arkansas State,Georgia Southern,52.5,-110.0,-109.5,22.0
2019,13.0,Auburn,Samford,64.0,-110.0,-110.0,8.0
2019,13.0,Baylor,Texas,58.0,-110.0,-110.0,22.0
2019,13.0,Bowling Green,Ohio,55.5,-110.0,-107.5,22.0
2019,13.0,Buffalo,Toledo,54.0,-109.5,-110.0,22.0
2019,13.0,Charlotte,Marshall,56.5,-110.0,-110.0,22.0
2019,13.0,Cincinnati,Temple,45.0,-110.0,-110.0,22.0
2019,13.0,Colorado,Washington,53.0,-110.0,-110.0,22.0
2019,13.0,Fresno State,Nevada,51.5,-110.0,-110.0,22.0
2019,13.0,Georgia,Texas A&M,43.5,-110.0,-110.0,22.0
2019,13.0,Georgia State,South Alabama,57.0,-110.0,-110.0,22.0
2019,13.0,Indiana,Michigan,53.5,-110.0,-110.0,22.0
2019,13.0,Iowa,Illinois,48.5,-109.5,-110.0,22.0
2019,13.0,Iowa State,Kansas,58.5,-110.0,-110.0,22.0
2019,13.0,Kent State,Ball State,67.0,-110.0,-110.0,22.0
2019,13.0,LSU,Arkansas,69.0,-110.0,-110.0,22.0
2019,13.0,Louisville,Syracuse,64.5,-110.0,-110.0,22.0
2019,13.0,Maryland,Nebraska,63.0,-110.0,-110.0,22.0
2019,13.0,Miami (OH),Akron,45.0,-110.0,-110.0,22.0
2019,13.0,Middle Tennessee,Old Dominion,47.0,-108.5,-110.0,22.0
2019,13.0,Mississippi State,Abilene Christian,57.0,-110.0,-110.0,11.0
2019,13.0,Missouri,Tennessee,47.5,-110.0,-110.0,22.0
2019,13.0,Navy,SMU,69.0,-110.0,-110.0,22.0
2019,13.0,New Mexico,Air Force,56.5,-110.0,-110.0,22.0
2019,13.0,New Mexico State,UTEP,55.5,-110.0,-110.0,22.0
2019,13.0,North Carolina,Mercer,64.5,-110.0,-110.0,11.0
2019,13.0,Northern Illinois,Eastern Michigan,57.5,-110.0,-110.0,22.0
2019,13.0,Northwestern,Minnesota,41.5,-110.0,-110.0,22.0
2019,13.0,Notre Dame,Boston College,66.0,-110.0,-110.0,22.0
2019,13.0,Ohio State,Penn State,58.0,-109.5,-110.0,22.0
2019,13.0,Oklahoma,TCU,65.0,-110.0,-110.0,22.0
2019,13.0,Rice,North Texas,55.0,-110.0,-105.5,22.0
2019,13.0,Rutgers,Michigan State,43.5,-110.0,-110.0,22.0
2019,13.0,South Florida,Memphis,60.0,-110.0,-110.0,22.0
2019,13.0,Stanford,California,41.5,-108.0,-110.0,22.0
2019,13.0,Texas Tech,Kansas State,57.0,-110.0,-110.0,22.0
2019,13.0,Tulane,UCF,73.5,-110.0,-110.0,22.0
2019,13.0,Tulsa,Houston,57.5,-110.0,-110.0,22.0
2019,13.0,UAB,Louisiana Tech,44.0,-110.0,-110.0,21.0
2019,13.0,USC,UCLA,66.5,-110.0,-110.0,22.0
2019,13.0,Utah State,Boise State,54.0,-110.0,-110.0,22.0
2019,13.0,Vanderbilt,East Tennessee State,42.5,-110.0,-110.0,10.0
2019,13.0,Virginia,Liberty,58.0,-109.5,-110.0,22.0
2019,13.0,Virginia Tech,Pittsburgh,43.5,-110.0,-110.0,22.0
2019,13.0,Wake Forest,Duke,50.0,-110.0,-110.0,22.0
2019,13.0,Washington State,Oregon State,77.5,-110.0,-110.0,22.0
2019,13.0,West Virginia,Oklahoma State,56.0,-110.0,-110.0,22.0
2019,13.0,Wisconsin,Purdue,48.5,-110.0,-110.0,22.0
2019,13.0,Wyoming,Colorado State,51.0,-110.0,-110.0,22.0
2019,14.0,Air Force,Wyoming,41.5,-110.0,-109.0,21.0
2019,14.0,Akron,Ohio,53.0,-110.0,-110.0,22.0
2019,14.0,Arkansas,Missouri,53.0,-110.0,-109.0,21.0
2019,14.0,Auburn,Alabama,50.5,-110.0,-110.0,21.0
2019,14.0,Ball State,Miami (OH),55.5,-110.0,-109.0,21.0
2019,14.0,Buffalo,Bowling Green,53.5,-109.0,-110.0,21.0
2019,14.0,Central Michigan,Toledo,64.0,-110.0,-105.0,21.0
2019,14.0,Coastal Carolina,Texas State,52.0,-110.0,-107.0,21.0
2019,14.0,Colorado State,Boise State,57.5,-110.0,-110.0,21.0
2019,14.0,East Carolina,Tulsa,64.0,-110.0,-110.0,21.0
2019,14.0,Eastern Michigan,Kent State,68.5,-110.0,-110.0,21.0
2019,14.0,Georgia Southern,Georgia State,56.0,-110.0,-110.0,21.0
2019,14.0,Georgia Tech,Georgia,46.5,-109.0,-110.0,21.0
2019,14.0,Illinois,Northwestern,39.0,-110.0,-110.0,21.0
2019,14.0,Kansas,Baylor,48.0,-110.0,-110.0,21.0
2019,14.0,Kentucky,Louisville,51.5,-110.0,-110.0,21.0
2019,14.0,Liberty,New Mexico State,68.0,-110.0,-110.0,21.0
2019,14.0,Marshall,Florida International,50.0,-110.0,-110.0,21.0
2019,14.0,Memphis,Cincinnati,59.5,-109.0,-110.0,21.0
2019,14.0,Michigan,Ohio State,53.0,-110.0,-110.0,21.0
2019,14.0,Michigan State,Maryland,47.0,-110.0,-110.0,21.0
2019,14.0,Minnesota,Wisconsin,45.0,-110.0,-109.0,21.0
2019,14.0,Mississippi State,Ole Miss,59.0,-109.0,-110.0,21.0
2019,14.0,Nebraska,Iowa,45.5,-110.0,-110.0,21.0
2019,14.0,Nevada,UNLV,51.5,-110.0,-110.0,21.0
2019,14.0,New Mexico,Utah State,64.0,-109.0,-110.0,21.0
2019,14.0,North Texas,UAB,49.5,-110.0,-110.0,21.0
2019,14.0,Northern Illinois,Western Michigan,51.5,-110.0,-110.0,22.0
2019,14.0,Old Dominion,Charlotte,51.0,-110.0,-110.0,21.0
2019,14.0,Oregon,Oregon State,65.5,-110.0,-109.0,21.0
2019,14.0,Penn State,Rutgers,51.0,-110.0,-110.0,21.0
2019,14.0,Pittsburgh,Boston College,52.0,-110.0,-110.0,21.0
2019,14.0,Purdue,Indiana,56.5,-110.0,-110.0,21.0
2019,14.0,SMU,Tulane,72.0,-110.0,-110.0,21.0
2019,14.0,South Alabama,Arkansas State,53.0,-110.0,-110.0,21.0
2019,14.0,South Carolina,Clemson,50.0,-110.0,-110.0,21.0
2019,14.0,Stanford,Notre Dame,45.5,-110.0,-110.0,21.0
2019,14.0,Syracuse,Wake Forest,68.0,-110.0,-110.0,21.0
2019,14.0,TCU,West Virginia,43.5,-110.0,-110.0,21.0
2019,14.0,Tennessee,Vanderbilt,48.0,-107.0,-110.0,21.0
2019,14.0,Texas,Texas Tech,65.5,-110.0,-110.0,21.0
2019,14.0,UCF,South Florida,61.5,-110.0,-110.0,21.0
2019,14.0,UTEP,Rice,43.5,-110.0,-110.0,21.0
2019,14.0,Virginia,Virginia Tech,48.5,-110.0,-110.0,21.0
2019,14.0,Washington,Washington State,65.0,-109.0,-110.0,21.0
2019,14.0,Western Kentucky,Middle Tennessee,46.0,-110.0,-110.0,21.0
2019,15.0,Central Michigan,Miami (OH),56.5,-110.0,-110.0,22.0
2019,15.0,Clemson,Virginia,57.0,-110.0,-110.0,22.0
2019,15.0,Florida Atlantic,UAB,49.0,-110.0,-110.0,22.0
2019,15.0,LSU,Georgia,57.0,-110.0,-110.0,22.0
2019,15.0,Memphis,Cincinnati,58.5,-110.0,-110.0,22.0
2019,15.0,Navy,Army,42.0,-110.0,-110.0,21.0
2019,15.0,Oklahoma,Baylor,66.0,-110.0,-109.5,22.0
2020,1.0,Alabama,Notre Dame,65.5,,,5.0
2020,1.0,Alabama,Ohio State,74.75,,,4.0
2020,1.0,Army,Middle Tennessee,54.0,,,5.0
2020,1.0,Army,West Virginia,40.5,,,4.0
2020,1.0,BYU,UCF,79.5,,,4.0
2020,1.0,Buffalo,Marshall,53.5,,,4.0
2020,1.0,Clemson,Ohio State,68.5,,,5.0
2020,1.0,Coastal Carolina,Liberty,60.25,,,4.0
2020,1.0,Colorado,Texas,65.5,,,5.0
2020,1.0,Florida Atlantic,Memphis,52.75,,,4.0
2020,1.0,Georgia,Cincinnati,53.0,,,5.0
2020,1.0,Georgia Southern,Louisiana Tech,48.0,,,4.0
2020,1.0,Georgia State,Western Kentucky,50.5,,,4.0
2020,1.0,Houston,Hawai'i,60.5,,,4.0
2020,1.0,Indiana,Ole Miss,66.5,,,5.0
2020,1.0,Iowa State,Oregon,57.5,,,5.0
2020,1.0,Kentucky,NC State,50.5,,,5.0
2020,1.0,Marshall,Eastern Kentucky,55.0,,,2.0
2020,1.0,Memphis,Arkansas State,72.0,,,5.0
2020,1.0,Miami,Oklahoma State,63.0,,,5.0
2020,1.0,Mississippi State,Tulsa,45.5,,,5.0
2020,1.0,Navy,BYU,48.5,,,5.0
2020,1.0,Nevada,Tulane,56.5,,,4.0
2020,1.0,North Carolina,Texas A&M,65.5,,,5.0
2020,1.0,North Texas,App State,67.5,,,4.0
2020,1.0,North Texas,Houston Christian,74.25,,,2.0
2020,1.0,Northwestern,Auburn,45.0,,,5.0
2020,1.0,Oklahoma,Florida,65.0,,,5.0
2020,1.0,San José State,Ball State,65.5,,,5.0
2020,1.0,Southern Miss,South Alabama,55.0,,,5.0
2020,1.0,Texas State,SMU,70.0,,,5.0
2020,1.0,UAB,Central Arkansas,49.75,,,2.0
2020,1.0,UTEP,Stephen F. Austin,54.0,,,2.0
2020,1.0,UTSA,Louisiana,54.5,,,4.0
2020,1.0,Wisconsin,Wake Forest,51.5,,,5.0
2020,2.0,App State,Charlotte,59.5,,,5.0
2020,2.0,Army,UL Monroe,53.5,,,5.0
2020,2.0,Florida State,Georgia Tech,49.25,,,4.0
2020,2.0,Georgia Southern,Campbell,58.5,,,2.0
2020,2.0,Iowa State,Louisiana,56.5,,,5.0
2020,2.0,Kansas,Coastal Carolina,55.5,,,5.0
2020,2.0,Kansas State,Arkansas State,55.5,,,5.0
2020,2.0,Louisville,Western Kentucky,55.0,,,5.0
2020,2.0,Miami,UAB,55.0,,,5.0
2020,2.0,North Carolina,Syracuse,66.5,,,5.0
2020,2.0,Notre Dame,Duke,51.0,,,5.0
2020,2.0,Oklahoma,Missouri State,72.0,,,2.0
2020,2.0,Pittsburgh,Austin Peay,48.75,,,2.0
2020,2.0,South Alabama,Tulane,51.5,,,5.0
2020,2.0,South Florida,The Citadel,52.0,,,2.0
2020,2.0,Texas,UTEP,55.5,,,5.0
2020,2.0,Texas State,UTSA,56.5,,,5.0
2020,2.0,Texas Tech,Houston Christian,80.5,,,2.0
2020,2.0,Wake Forest,Clemson,58.5,,,5.0
2020,2.0,West Virginia,Eastern Kentucky,59.0,,,2.0
2020,3.0,Cincinnati,Austin Peay,54.0,,,1.0
2020,3.0,Clemson,The Citadel,57.0,,,1.0
2020,3.0,Coastal Carolina,Campbell,60.5,,,1.0
2020,3.0,Duke,Boston College,50.5,,,5.0
2020,3.0,Georgia State,Louisiana,57.5,,,4.0
2020,3.0,Georgia Tech,UCF,63.5,,,5.0
2020,3.0,Louisville,Miami,65.5,,,5.0
2020,3.0,Marshall,App State,60.5,,,5.0
2020,3.0,Middle Tennessee,Troy,66.0,,,5.0
2020,3.0,NC State,Wake Forest,53.0,,,5.0
2020,3.0,North Texas,SMU,71.5,,,5.0
2020,3.0,Notre Dame,South Florida,49.0,,,5.0
2020,3.0,Oklahoma State,Tulsa,67.0,,,5.0
2020,3.0,Pittsburgh,Syracuse,47.0,,,5.0
2020,3.0,Southern Miss,Louisiana Tech,59.0,,,5.0
2020,3.0,Tulane,Navy,45.0,,,5.0
2020,3.0,UL Monroe,Texas State,58.0,,,5.0
2020,3.0,UTEP,Abilene Christian,47.5,,,1.0
2020,3.0,UTSA,Stephen F. Austin,54.5,,,1.0
2020,3.0,Western Kentucky,Liberty,51.5,,,5.0
2020,4.0,App State,Campbell,54.0,,,1.0
2020,4.0,Arkansas,Georgia,53.0,,,5.0
2020,4.0,Auburn,Kentucky,46.75,,,4.0
2020,4.0,BYU,Troy,58.5,,,5.0
2020,4.0,Baylor,Kansas,61.0,,,5.0
2020,4.0,Boston College,Texas State,57.5,,,5.0
2020,4.0,Cincinnati,Army,44.5,,,5.0
2020,4.0,East Carolina,UCF,77.5,,,5.0
2020,4.0,LSU,Mississippi State,57.0,,,5.0
2020,4.0,Liberty,Florida International,60.5,,,5.0
2020,4.0,Louisiana,Georgia Southern,49.0,,,4.0
2020,4.0,Louisiana Tech,Houston Christian,75.5,,,1.0
2020,4.0,Miami,Florida State,53.5,,,5.0
2020,4.0,Missouri,Alabama,55.5,,,5.0
2020,4.0,Oklahoma,Kansas State,61.5,,,5.0
2020,4.0,Oklahoma State,West Virginia,49.5,,,5.0
2020,4.0,Ole Miss,Florida,59.5,,,5.0
2020,4.0,Pittsburgh,Louisville,53.5,,,5.0
2020,4.0,SMU,Stephen F. Austin,63.5,,,1.0
2020,4.0,South Alabama,UAB,47.5,,,5.0
2020,4.0,South Carolina,Tennessee,45.0,,,5.0
2020,4.0,Southern Miss,Tulane,54.5,,,5.0
2020,4.0,Syracuse,Georgia Tech,52.0,,,5.0
2020,4.0,TCU,Iowa State,43.5,,,5.0
2020,4.0,Texas A&M,Vanderbilt,46.0,,,5.0
2020,4.0,Texas Tech,Texas,71.0,,,5.0
2020,4.0,UL Monroe,UTEP,49.5,,,5.0
2020,4.0,UTSA,Middle Tennessee,58.75,,,4.0
2020,4.0,Virginia,Duke,45.5,,,4.0
2020,4.0,Virginia Tech,NC State,56.5,,,4.0
2020,5.0,Air Force,Navy,46.5,,,5.0
2020,5.0,Alabama,Texas A&M,53.5,,,5.0
2020,5.0,Army,Abilene Christian,49.5,,,1.0
2020,5.0,BYU,Louisiana Tech,61.0,,,5.0
2020,5.0,Boston College,North Carolina,52.5,,,5.0
2020,5.0,Cincinnati,South Florida,45.5,,,5.0
2020,5.0,Clemson,Virginia,55.5,,,5.0
2020,5.0,Coastal Carolina,Arkansas State,64.5,,,5.0
2020,5.0,Duke,Virginia Tech,54.0,,,5.0
2020,5.0,Florida,South Carolina,57.0,,,5.0
2020,5.0,Florida Atlantic,Charlotte,62.5,,,5.0
2020,5.0,Florida State,Jacksonville State,52.5,,,1.0
2020,5.0,Georgia,Auburn,44.5,,,5.0
2020,5.0,Georgia State,East Carolina,70.0,,,5.0
2020,5.0,Iowa State,Oklahoma,62.5,,,5.0
2020,5.0,Kansas,Oklahoma State,53.0,,,5.0
2020,5.0,Kansas State,Texas Tech,62.5,,,5.0
2020,5.0,Kentucky,Ole Miss,63.0,,,5.0
2020,5.0,Liberty,North Alabama,65.0,,,1.0
2020,5.0,Middle Tennessee,Western Kentucky,52.5,,,5.0
2020,5.0,Mississippi State,Arkansas,68.5,,,5.0
2020,5.0,North Texas,Southern Miss,74.0,,,5.0
2020,5.0,Pittsburgh,NC State,46.0,,,5.0
2020,5.0,SMU,Memphis,75.0,,,5.0
2020,5.0,Tennessee,Missouri,49.0,,,5.0
2020,5.0,Texas,TCU,61.5,,,5.0
2020,5.0,UAB,UTSA,55.5,,,4.0
2020,5.0,UCF,Tulsa,70.0,,,4.0
2020,5.0,UL Monroe,Georgia Southern,50.5,,,5.0
2020,5.0,Vanderbilt,LSU,49.5,,,5.0
2020,5.0,Wake Forest,Campbell,68.5,,,1.0
2020,5.0,West Virginia,Baylor,54.0,,,5.0
2020,6.0,Arkansas State,Central Arkansas,56.0,,,1.0
2020,6.0,Army,The Citadel,46.25,,,2.0
2020,6.0,Auburn,Arkansas,46.0,,,6.0
2020,6.0,BYU,UTSA,63.5,,,4.0
2020,6.0,Boston College,Pittsburgh,42.5,,,6.0
2020,6.0,Clemson,Miami,60.25,,,6.0
2020,6.0,Florida International,Middle Tennessee,56.75,,,6.0
2020,6.0,Georgia,Tennessee,43.0,,,5.0
2020,6.0,Georgia Tech,Louisville,63.0,,,6.0
2020,6.0,Houston,Tulane,58.25,,,6.0
2020,6.0,Iowa State,Texas Tech,63.0,,,5.0
2020,6.0,Kentucky,Mississippi State,57.5,,,6.0
2020,6.0,LSU,Missouri,53.0,,,5.0
2020,6.0,Liberty,UL Monroe,63.5,,,5.0
2020,6.0,Louisiana Tech,UTEP,55.5,,,6.0
2020,6.0,Navy,Temple,51.0,,,4.0
2020,6.0,North Carolina,Virginia Tech,58.75,,,6.0
2020,6.0,North Texas,Charlotte,66.0,,,5.0
2020,6.0,Notre Dame,Florida State,53.5,,,6.0
2020,6.0,Oklahoma,Texas,74.5,,,6.0
2020,6.0,Ole Miss,Alabama,74.0,,,6.0
2020,6.0,South Florida,East Carolina,58.0,,,5.0
2020,6.0,Syracuse,Duke,52.5,,,6.0
2020,6.0,TCU,Kansas State,49.5,,,6.0
2020,6.0,Texas A&M,Florida,59.0,,,5.0
2020,6.0,Troy,Texas State,59.5,,,5.0
2020,6.0,Vanderbilt,South Carolina,40.5,,,5.0
2020,6.0,Virginia,NC State,58.75,,,6.0
2020,6.0,Western Kentucky,Marshall,43.0,,,6.0
2020,7.0,Alabama,Georgia,57.25,,,6.0
2020,7.0,Arkansas,Ole Miss,77.5,,,5.0
2020,7.0,Arkansas State,Georgia State,72.5,,,6.0
2020,7.0,East Carolina,Navy,55.5,,,5.0
2020,7.0,Florida State,North Carolina,65.0,,,5.0
2020,7.0,Georgia Southern,Massachusetts,62.0,,,5.0
2020,7.0,Georgia Tech,Clemson,64.5,,,5.0
2020,7.0,Houston,BYU,62.5,,,5.0
2020,7.0,Louisiana,Coastal Carolina,58.5,,,5.0
2020,7.0,Louisiana Tech,Marshall,48.0,,,5.0
2020,7.0,Memphis,UCF,76.75,,,6.0
2020,7.0,Miami,Pittsburgh,47.0,,,6.0
2020,7.0,Middle Tennessee,North Texas,71.5,,,5.0
2020,7.0,Mississippi State,Texas A&M,55.75,,,6.0
2020,7.0,NC State,Duke,59.5,,,5.0
2020,7.0,Notre Dame,Louisville,62.0,,,5.0
2020,7.0,South Alabama,Texas State,57.5,,,5.0
2020,7.0,South Carolina,Auburn,53.5,,,5.0
2020,7.0,Syracuse,Liberty,54.0,,,6.0
2020,7.0,Temple,South Florida,52.75,,,6.0
2020,7.0,Tennessee,Kentucky,45.5,,,6.0
2020,7.0,Troy,Eastern Kentucky,60.0,,,1.0
2020,7.0,Tulane,SMU,65.0,,,6.0
2020,7.0,UAB,Western Kentucky,44.0,,,6.0
2020,7.0,UTSA,Army,47.0,,,4.0
2020,7.0,Virginia Tech,Boston College,61.75,,,6.0
2020,7.0,Wake Forest,Virginia,57.0,,,6.0
2020,7.0,West Virginia,Kansas,49.0,,,5.0
2020,8.0,App State,Arkansas State,69.5,,,6.0
2020,8.0,BYU,Texas State,61.75,,,6.0
2020,8.0,Boise State,Utah State,51.5,,,5.0
2020,8.0,Boston College,Georgia Tech,57.25,,,6.0
2020,8.0,Charlotte,UTEP,50.0,,,6.0
2020,8.0,Clemson,Syracuse,63.5,,,6.0
2020,8.0,Coastal Carolina,Georgia Southern,49.0,,,6.0
2020,8.0,Florida International,Jacksonville State,55.5,,,1.0
2020,8.0,Fresno State,Hawai'i,64.5,,,6.0
2020,8.0,Indiana,Penn State,61.75,,,6.0
2020,8.0,Kansas State,Kansas,46.0,,,6.0
2020,8.0,LSU,South Carolina,54.5,,,5.0
2020,8.0,Liberty,Southern Miss,59.5,,,6.0
2020,8.0,Louisville,Florida State,62.25,,,6.0
2020,8.0,Marshall,Florida Atlantic,51.0,,,6.0
2020,8.0,Memphis,Temple,70.0,,,6.0
2020,8.0,Miami,Virginia,54.0,,,5.0
2020,8.0,Michigan State,Rutgers,44.75,,,4.0
2020,8.0,Minnesota,Michigan,53.25,,,6.0
2020,8.0,Missouri,Kentucky,47.0,,,5.0
2020,8.0,Navy,Houston,56.0,,,6.0
2020,8.0,Nevada,Wyoming,54.0,,,5.0
2020,8.0,North Carolina,NC State,61.5,,,6.0
2020,8.0,Northwestern,Maryland,52.5,,,6.0
2020,8.0,Ohio State,Nebraska,69.5,,,6.0
2020,8.0,Oklahoma State,Iowa State,53.5,,,6.0
2020,8.0,Ole Miss,Auburn,73.25,,,6.0
2020,8.0,Pittsburgh,Notre Dame,43.5,,,6.0
2020,8.0,Purdue,Iowa,52.0,,,6.0
2020,8.0,Rice,Middle Tennessee,48.25,,,6.0
2020,8.0,SMU,Cincinnati,57.0,,,5.0
2020,8.0,San Diego State,UNLV,50.5,,,5.0
2020,8.0,San José State,Air Force,64.0,,,5.0
2020,8.0,South Alabama,UL Monroe,56.75,,,4.0
2020,8.0,South Florida,Tulsa,51.5,,,6.0
2020,8.0,TCU,Oklahoma,59.0,,,6.0
2020,8.0,Tennessee,Alabama,66.5,,,6.0
2020,8.0,Texas,Baylor,61.5,,,6.0
2020,8.0,Texas Tech,West Virginia,54.0,,,5.0
2020,8.0,Troy,Georgia State,68.5,,,6.0
2020,8.0,UAB,Louisiana,50.5,,,6.0
2020,8.0,UCF,Tulane,71.0,,,5.0
2020,8.0,UTSA,Louisiana Tech,53.5,,,5.0
2020,8.0,Wake Forest,Virginia Tech,68.5,,,6.0
2020,8.0,Western Kentucky,Chattanooga,53.25,,,2.0
2020,8.0,Wisconsin,Illinois,51.5,,,5.0
2020,9.0,Air Force,Boise State,49.0,,,5.0
2020,9.0,Alabama,Mississippi State,63.5,,,5.0
2020,9.0,Arkansas State,Troy,69.5,,,5.0
2020,9.0,Auburn,LSU,63.5,,,4.0
2020,9.0,BYU,Western Kentucky,52.5,,,5.0
2020,9.0,Baylor,TCU,47.5,,,5.0
2020,9.0,Cincinnati,Memphis,57.5,,,5.0
2020,9.0,Clemson,Boston College,56.0,,,5.0
2020,9.0,Duke,Charlotte,55.0,,,5.0
2020,9.0,Florida,Missouri,63.75,,,4.0
2020,9.0,Florida Atlantic,UTSA,47.0,,,5.0
2020,9.0,Fresno State,Colorado State,58.25,,,4.0
2020,9.0,Georgia Southern,South Alabama,52.0,,,4.0
2020,9.0,Georgia State,Coastal Carolina,60.5,,,5.0
2020,9.0,Georgia Tech,Notre Dame,58.5,,,5.0
2020,9.0,Houston,UCF,81.5,,,5.0
2020,9.0,Illinois,Purdue,55.5,,,5.0
2020,9.0,Iowa,Northwestern,42.5,,,4.0
2020,9.0,Kansas,Iowa State,49.5,,,5.0
2020,9.0,Kentucky,Georgia,42.0,,,5.0
2020,9.0,Louisiana Tech,UAB,47.0,,,5.0
2020,9.0,Louisville,Virginia Tech,67.5,,,4.0
2020,9.0,Maryland,Minnesota,60.5,,,5.0
2020,9.0,Michigan,Michigan State,51.5,,,5.0
2020,9.0,New Mexico,San José State,56.0,,,5.0
2020,9.0,Oklahoma State,Texas,58.5,,,5.0
2020,9.0,Penn State,Ohio State,63.0,,,5.0
2020,9.0,Rutgers,Indiana,54.0,,,3.0
2020,9.0,SMU,Navy,58.5,,,5.0
2020,9.0,Southern Miss,Rice,58.75,,,4.0
2020,9.0,Syracuse,Wake Forest,59.5,,,5.0
2020,9.0,Texas A&M,Arkansas,54.25,,,4.0
2020,9.0,Texas State,Louisiana,56.75,,,4.0
2020,9.0,Texas Tech,Oklahoma,66.5,,,4.0
2020,9.0,Tulane,Temple,57.5,,,5.0
2020,9.0,Tulsa,East Carolina,59.5,,,5.0
2020,9.0,UL Monroe,App State,56.5,,,4.0
2020,9.0,UNLV,Nevada,59.5,,,5.0
2020,9.0,Utah State,San Diego State,41.5,,,5.0
2020,9.0,Vanderbilt,Ole Miss,63.5,,,4.0
2020,9.0,Virginia,North Carolina,61.0,,,4.0
2020,9.0,West Virginia,Kansas State,46.0,,,5.0
2020,9.0,Wyoming,Hawai'i,60.0,,,4.0
2020,10.0,Akron,Western Michigan,52.0,,,5.0
2020,10.0,Arkansas,Tennessee,54.5,,,5.0
2020,10.0,Boise State,BYU,62.5,,,5.0
2020,10.0,Central Michigan,Ohio,54.0,,,5.0
2020,10.0,Cincinnati,Houston,51.5,,,5.0
2020,10.0,Coastal Carolina,South Alabama,57.0,,,5.0
2020,10.0,Colorado,UCLA,56.5,,,5.0
2020,10.0,Colorado State,Wyoming,53.5,,,5.0
2020,10.0,Duke,North Carolina,63.5,,,5.0
2020,10.0,East Carolina,Tulane,63.5,,,5.0
2020,10.0,Florida Atlantic,Western Kentucky,38.0,,,5.0
2020,10.0,Florida State,Pittsburgh,52.5,,,5.0
2020,10.0,Georgia,Florida,54.5,,,5.0
2020,10.0,Georgia Southern,Troy,52.0,,,5.0
2020,10.0,Georgia State,UL Monroe,59.0,,,5.0
2020,10.0,Hawai'i,New Mexico,65.5,,,5.0
2020,10.0,Illinois,Minnesota,65.0,,,5.0
2020,10.0,Indiana,Michigan,55.0,,,5.0
2020,10.0,Iowa,Michigan State,46.0,,,5.0
2020,10.0,Iowa State,Baylor,47.0,,,5.0
2020,10.0,Kansas State,Oklahoma State,48.5,,,5.0
2020,10.0,Kent State,Eastern Michigan,65.5,,,5.0
2020,10.0,Louisiana,Arkansas State,68.25,,,4.0
2020,10.0,Marshall,Massachusetts,55.5,,,5.0
2020,10.0,Memphis,South Florida,67.5,,,5.0
2020,10.0,Miami (OH),Ball State,56.0,,,5.0
2020,10.0,Mississippi State,Vanderbilt,45.0,,,5.0
2020,10.0,NC State,Miami,58.5,,,5.0
2020,10.0,Nevada,Utah State,57.5,,,5.0
2020,10.0,Northern Illinois,Buffalo,53.0,,,5.0
2020,10.0,Northwestern,Nebraska,54.0,,,5.0
2020,10.0,Notre Dame,Clemson,50.5,,,5.0
2020,10.0,Ohio State,Rutgers,62.5,,,4.0
2020,10.0,Oklahoma,Kansas,63.0,,,5.0
2020,10.0,Oregon,Stanford,50.0,,,5.0
2020,10.0,Oregon State,Washington State,63.5,,,5.0
2020,10.0,Penn State,Maryland,63.0,,,5.0
2020,10.0,San Diego State,San José State,50.0,,,5.0
2020,10.0,South Carolina,Texas A&M,58.0,,,5.0
2020,10.0,Southern Miss,North Alabama,51.5,,,1.0
2020,10.0,Syracuse,Boston College,54.0,,,5.0
2020,10.0,TCU,Texas Tech,60.0,,,5.0
2020,10.0,Temple,SMU,63.75,,,4.0
2020,10.0,Texas,West Virginia,55.0,,,5.0
2020,10.0,Texas State,App State,58.5,,,5.0
2020,10.0,Toledo,Bowling Green,63.0,,,5.0
2020,10.0,UNLV,Fresno State,57.5,,,5.0
2020,10.0,USC,Arizona State,57.5,,,5.0
2020,10.0,Virginia Tech,Liberty,67.5,,,5.0
2020,11.0,App State,Georgia State,63.0,,,5.0
2020,11.0,Arizona,USC,67.5,,,5.0
2020,11.0,Ball State,Eastern Michigan,61.5,,,5.0
2020,11.0,Boise State,Colorado State,62.5,,,5.0
2020,11.0,Boston College,Notre Dame,51.5,,,5.0
2020,11.0,Bowling Green,Kent State,55.0,,,5.0
2020,11.0,Buffalo,Miami (OH),56.0,,,5.0
2020,11.0,Cincinnati,East Carolina,56.5,,,5.0
2020,11.0,Florida,Arkansas,61.5,,,5.0
2020,11.0,Florida International,Florida Atlantic,42.0,,,5.0
2020,11.0,Georgia Southern,Texas State,49.5,,,5.0
2020,11.0,Houston,South Florida,58.5,,,5.0
2020,11.0,Kentucky,Vanderbilt,41.5,,,5.0
2020,11.0,Liberty,Western Carolina,63.0,,,1.0
2020,11.0,Louisiana,South Alabama,53.5,,,5.0
2020,11.0,Marshall,Middle Tennessee,55.5,,,5.0
2020,11.0,Michigan,Wisconsin,51.5,,,5.0
2020,11.0,Michigan State,Indiana,52.5,,,5.0
2020,11.0,Minnesota,Iowa,58.0,,,5.0
2020,11.0,NC State,Florida State,61.0,,,5.0
2020,11.0,Nebraska,Penn State,57.5,,,5.0
2020,11.0,New Mexico,Nevada,62.5,,,5.0
2020,11.0,North Carolina,Wake Forest,70.5,,,5.0
2020,11.0,Northern Illinois,Central Michigan,57.5,,,5.0
2020,11.0,Ohio,Akron,59.0,,,5.0
2020,11.0,Ole Miss,South Carolina,72.0,,,5.0
2020,11.0,Purdue,Northwestern,48.0,,,5.0
2020,11.0,Rutgers,Illinois,51.5,,,4.0
2020,11.0,San Diego State,Hawai'i,51.0,,,5.0
2020,11.0,San José State,UNLV,61.0,,,5.0
2020,11.0,Stanford,Colorado,55.0,,,5.0
2020,11.0,Texas Tech,Baylor,54.5,,,5.0
2020,11.0,Tulane,Army,46.5,,,5.0
2020,11.0,Tulsa,SMU,64.5,,,5.0
2020,11.0,UCF,Temple,72.5,,,5.0
2020,11.0,UCLA,California,57.5,,,5.0
2020,11.0,UTSA,UTEP,45.5,,,5.0
2020,11.0,Utah State,Fresno State,51.5,,,5.0
2020,11.0,Virginia,Louisville,63.5,,,4.0
2020,11.0,Virginia Tech,Miami,68.0,,,5.0
2020,11.0,Washington,Oregon State,51.0,,,5.0
2020,11.0,Washington State,Oregon,57.5,,,5.0
2020,11.0,West Virginia,TCU,44.5,,,5.0
2020,11.0,Western Kentucky,Southern Miss,45.0,,,5.0
2020,11.0,Western Michigan,Toledo,58.5,,,5.0
2020,12.0,Air Force,New Mexico,55.5,,,5.0
2020,12.0,Alabama,Kentucky,57.5,,,5.0
2020,12.0,Arkansas,LSU,65.0,,,5.0
2020,12.0,Army,Georgia Southern,38.5,,,5.0
2020,12.0,Auburn,Tennessee,51.0,,,5.0
2020,12.0,BYU,North Alabama,63.0,,,1.0
2020,12.0,Ball State,Northern Illinois,60.0,,,5.0
2020,12.0,Bowling Green,Buffalo,58.5,,,5.0
2020,12.0,Central Michigan,Western Michigan,59.5,,,5.0
2020,12.0,Coastal Carolina,App State,48.5,,,5.0
2020,12.0,Eastern Michigan,Toledo,62.0,,,5.0
2020,12.0,Florida Atlantic,Massachusetts,50.5,,,5.0
2020,12.0,Georgia,Mississippi State,44.0,,,5.0
2020,12.0,Hawai'i,Boise State,55.5,,,5.0
2020,12.0,Iowa State,Kansas State,48.0,,,5.0
2020,12.0,Kent State,Akron,60.0,,,5.0
2020,12.0,Louisville,Syracuse,55.5,,,5.0
2020,12.0,Memphis,Stephen F. Austin,61.0,,,1.0
2020,12.0,Minnesota,Purdue,61.0,,,4.0
2020,12.0,NC State,Liberty,66.5,,,5.0
2020,12.0,Nebraska,Illinois,61.0,,,5.0
2020,12.0,Nevada,San Diego State,46.5,,,5.0
2020,12.0,North Texas,Rice,65.5,,,4.0
2020,12.0,Northwestern,Wisconsin,43.5,,,5.0
2020,12.0,Ohio State,Indiana,67.5,,,5.0
2020,12.0,Oklahoma,Oklahoma State,60.5,,,5.0
2020,12.0,Oregon,UCLA,61.5,,,5.0
2020,12.0,Oregon State,California,46.5,,,5.0
2020,12.0,Penn State,Iowa,45.5,,,5.0
2020,12.0,Pittsburgh,Virginia Tech,53.0,,,5.0
2020,12.0,Rutgers,Michigan,52.5,,,4.0
2020,12.0,South Alabama,Georgia State,58.5,,,5.0
2020,12.0,South Carolina,Missouri,57.5,,,5.0
2020,12.0,Southern Miss,UTSA,52.5,,,5.0
2020,12.0,Temple,East Carolina,53.0,,,5.0
2020,12.0,Texas State,Arkansas State,69.0,,,5.0
2020,12.0,Troy,Middle Tennessee,60.5,,,5.0
2020,12.0,Tulsa,Tulane,56.0,,,5.0
2020,12.0,UCF,Cincinnati,65.5,,,5.0
2020,12.0,Utah,USC,59.0,,,5.0
2020,12.0,Vanderbilt,Florida,68.5,,,5.0
2020,12.0,Virginia,Abilene Christian,61.5,,,1.0
2020,12.0,Washington,Arizona,53.5,,,5.0
2020,12.0,Western Kentucky,Florida International,42.0,,,5.0
2020,13.0,Akron,Miami (OH),55.5,,,5.0
2020,13.0,Alabama,Auburn,65.0,,,5.0
2020,13.0,App State,Troy,50.5,,,5.0
2020,13.0,Arkansas State,South Alabama,63.5,,,5.0
2020,13.0,Baylor,Kansas State,44.5,,,5.0
2020,13.0,Boston College,Louisville,56.5,,,5.0
2020,13.0,Buffalo,Kent State,69.5,,,5.0
2020,13.0,California,Stanford,51.5,,,5.0
2020,13.0,Clemson,Pittsburgh,58.5,,,5.0
2020,13.0,Colorado,San Diego State,51.0,,,5.0
2020,13.0,East Carolina,SMU,72.0,,,5.0
2020,13.0,Eastern Michigan,Central Michigan,59.0,,,5.0
2020,13.0,Florida,Kentucky,60.5,,,5.0
2020,13.0,Georgia State,Georgia Southern,51.0,,,5.0
2020,13.0,Georgia Tech,Duke,57.5,,,5.0
2020,13.0,Hawai'i,Nevada,63.0,,,5.0
2020,13.0,Indiana,Maryland,65.0,,,5.0
2020,13.0,Iowa,Nebraska,53.5,,,5.0
2020,13.0,Kansas,TCU,51.5,,,5.0
2020,13.0,Liberty,Massachusetts,57.5,,,5.0
2020,13.0,Michigan,Penn State,56.5,,,5.0
2020,13.0,Michigan State,Northwestern,40.5,,,5.0
2020,13.0,Missouri,Vanderbilt,51.5,,,5.0
2020,13.0,Navy,Memphis,62.5,,,5.0
2020,13.0,North Carolina,Notre Dame,69.5,,,5.0
2020,13.0,Ohio,Bowling Green,54.5,,,5.0
2020,13.0,Oklahoma State,Texas Tech,57.0,,,5.0
2020,13.0,Ole Miss,Mississippi State,70.5,,,5.0
2020,13.0,Oregon State,Oregon,64.5,,,5.0
2020,13.0,Purdue,Rutgers,61.0,,,4.0
2020,13.0,South Carolina,Georgia,50.0,,,5.0
2020,13.0,South Florida,UCF,70.5,,,5.0
2020,13.0,Syracuse,NC State,50.5,,,5.0
2020,13.0,Texas,Iowa State,58.0,,,5.0
2020,13.0,Texas A&M,LSU,60.5,,,5.0
2020,13.0,Texas State,Coastal Carolina,58.5,,,5.0
2020,13.0,Toledo,Ball State,67.0,,,5.0
2020,13.0,UCLA,Arizona,70.5,,,5.0
2020,13.0,UL Monroe,Louisiana,58.0,,,5.0
2020,13.0,UNLV,Wyoming,52.0,,,5.0
2020,13.0,UTSA,North Texas,67.0,,,5.0
2020,13.0,Utah State,New Mexico,49.0,,,5.0
2020,13.0,Washington,Utah,47.0,,,5.0
2020,13.0,Western Michigan,Northern Illinois,64.5,,,5.0
2020,14.0,Akron,Bowling Green,55.0,,,5.0
2020,14.0,App State,Louisiana,51.5,,,5.0
2020,14.0,Arizona,Colorado,57.0,,,5.0
2020,14.0,Arizona State,UCLA,57.5,,,5.0
2020,14.0,Arkansas State,UL Monroe,71.0,,,4.0
2020,14.0,Auburn,Texas A&M,48.5,,,5.0
2020,14.0,California,Oregon,59.5,,,5.0
2020,14.0,Central Michigan,Ball State,63.0,,,5.0
2020,14.0,Charlotte,Western Kentucky,46.5,,,5.0
2020,14.0,Coastal Carolina,BYU,62.5,,,5.0
2020,14.0,Duke,Miami,62.5,,,5.0
2020,14.0,Georgia Southern,Florida Atlantic,40.5,,,5.0
2020,14.0,Illinois,Iowa,52.5,,,5.0
2020,14.0,Iowa State,West Virginia,48.0,,,5.0
2020,14.0,Kansas State,Texas,53.5,,,5.0
2020,14.0,Kentucky,South Carolina,46.5,,,5.0
2020,14.0,LSU,Alabama,64.5,,,5.0
2020,14.0,Marshall,Rice,42.5,,,5.0
2020,14.0,Michigan State,Ohio State,59.0,,,5.0
2020,14.0,Missouri,Arkansas,55.0,,,5.0
2020,14.0,NC State,Georgia Tech,61.0,,,5.0
2020,14.0,Navy,Tulsa,45.5,,,5.0
2020,14.0,Nevada,Fresno State,59.0,,,5.0
2020,14.0,New Mexico,Wyoming,51.0,,,5.0
2020,14.0,North Carolina,Western Carolina,69.25,,,2.0
2020,14.0,North Texas,Louisiana Tech,65.5,,,5.0
2020,14.0,Northern Illinois,Toledo,53.5,,,5.0
2020,14.0,Notre Dame,Syracuse,51.0,,,5.0
2020,14.0,Oklahoma,Baylor,61.0,,,5.0
2020,14.0,Purdue,Nebraska,64.0,,,5.0
2020,14.0,Rutgers,Penn State,51.25,,,4.0
2020,14.0,San Diego State,Colorado State,45.5,,,5.0
2020,14.0,San José State,Hawai'i,59.5,,,5.0
2020,14.0,South Alabama,Troy,54.0,,,3.0
2020,14.0,TCU,Oklahoma State,52.5,,,5.0
2020,14.0,Tennessee,Florida,63.0,,,5.0
2020,14.0,Texas Tech,Kansas,63.5,,,5.0
2020,14.0,Tulane,Memphis,64.0,,,4.0
2020,14.0,USC,Washington State,68.5,,,5.0
2020,14.0,Utah,Oregon State,51.0,,,5.0
2020,14.0,Utah State,Air Force,51.5,,,5.0
2020,14.0,Virginia,Boston College,54.0,,,5.0
2020,14.0,Virginia Tech,Clemson,67.0,,,5.0
2020,14.0,Washington,Stanford,49.5,,,5.0
2020,14.0,Western Michigan,Eastern Michigan,67.5,,,5.0
2020,14.0,Wisconsin,Indiana,44.5,,,5.0
2020,15.0,Arizona,Arizona State,56.5,,,5.0
2020,15.0,Arkansas,Alabama,69.5,,,5.0
2020,15.0,Army,Navy,35.5,,,5.0
2020,15.0,BYU,San Diego State,47.5,,,5.0
2020,15.0,Ball State,Western Michigan,66.0,,,5.0
2020,15.0,Baylor,Oklahoma State,49.0,,,5.0
2020,15.0,Buffalo,Akron,58.5,,,5.0
2020,15.0,Colorado,Utah,49.0,,,5.0
2020,15.0,Eastern Michigan,Northern Illinois,55.5,,,5.0
2020,15.0,Florida,LSU,66.0,,,5.0
2020,15.0,Florida State,Duke,57.0,,,5.0
2020,15.0,Georgia Southern,App State,45.0,,,5.0
2020,15.0,Georgia Tech,Pittsburgh,55.5,,,4.0
2020,15.0,Hawai'i,UNLV,60.0,,,5.0
2020,15.0,Iowa,Wisconsin,40.5,,,5.0
2020,15.0,Louisville,Wake Forest,62.25,,,4.0
2020,15.0,Maryland,Rutgers,54.5,,,5.0
2020,15.0,Memphis,Houston,64.5,,,4.0
2020,15.0,Miami,North Carolina,72.0,,,5.0
2020,15.0,Mississippi State,Auburn,50.5,,,4.0
2020,15.0,Missouri,Georgia,54.5,,,5.0
2020,15.0,Nebraska,Minnesota,61.5,,,5.0
2020,15.0,New Mexico,Fresno State,56.5,,,5.0
2020,15.0,Northwestern,Illinois,41.5,,,5.0
2020,15.0,Oregon State,Stanford,55.0,,,5.0
2020,15.0,Penn State,Michigan State,46.0,,,5.0
2020,15.0,Rice,UAB,42.5,,,5.0
2020,15.0,San José State,Nevada,61.5,,,5.0
2020,15.0,Southern Miss,Florida Atlantic,43.5,,,5.0
2020,15.0,TCU,Louisiana Tech,50.0,,,5.0
2020,15.0,Toledo,Central Michigan,54.5,,,5.0
2020,15.0,Troy,Coastal Carolina,52.5,,,4.0
2020,15.0,UCLA,USC,65.0,,,5.0
2020,15.0,UTEP,North Texas,66.5,,,4.0
2020,15.0,Vanderbilt,Tennessee,50.5,,,5.0
2020,15.0,Virginia Tech,Virginia,64.0,,,5.0
2020,15.0,Wyoming,Boise State,46.5,,,5.0
2020,16.0,Army,Air Force,37.5,,,5.0
2020,16.0,Buffalo,Ball State,69.75,,,4.0
2020,16.0,Cincinnati,Tulsa,44.5,,,5.0
2020,16.0,Florida,Alabama,74.5,,,5.0
2020,16.0,Iowa State,Oklahoma,59.5,,,5.0
2020,16.0,LSU,Ole Miss,74.5,,,5.0
2020,16.0,Marshall,UAB,44.75,,,4.0
2020,16.0,Mississippi State,Missouri,49.0,,,5.0
2020,16.0,Notre Dame,Clemson,58.5,,,5.0
2020,16.0,Ohio State,Northwestern,56.5,,,5.0
2020,16.0,Oregon State,Arizona State,54.5,,,5.0
2020,16.0,Penn State,Illinois,53.5,,,5.0
2020,16.0,Rutgers,Nebraska,52.0,,,4.0
2020,16.0,San José State,Boise State,58.5,,,5.0
2020,16.0,Tennessee,Texas A&M,49.5,,,5.0
2020,16.0,UCLA,Stanford,59.5,,,5.0
2020,16.0,USC,Oregon,65.5,,,4.0
2020,16.0,Utah,Washington State,55.0,,,5.0
2020,16.0,Wisconsin,Minnesota,47.0,,,5.0
2021,1.0,Air Force,Lafayette,49.5,,,3.0
2021,1.0,Alabama,Cincinnati,57.5,,,4.0
2021,1.0,Alabama,Georgia,53.0,,,4.0
2021,1.0,App State,East Carolina,56.0,,,5.0
2021,1.0,App State,Western Kentucky,67.75,,,4.0
2021,1.0,Arizona,BYU,54.0,,,5.0
2021,1.0,Arizona State,Southern Utah,56.5,,,3.0
2021,1.0,Arizona State,Wisconsin,42.5,,,4.0
2021,1.0,Arkansas,Penn State,51.0,,,4.0
2021,1.0,Arkansas,Rice,50.0,,,5.0
2021,1.0,Arkansas State,Central Arkansas,64.0,,,3.0
2021,1.0,Army,Missouri,54.0,,,4.0
2021,1.0,Auburn,Akron,56.0,,,5.0
2021,1.0,Auburn,Houston,49.25,,,4.0
2021,1.0,BYU,UAB,54.25,,,4.0
2021,1.0,Ball State,Georgia State,53.0,,,4.0
2021,1.0,Ball State,Western Illinois,58.5,,,3.0
2021,1.0,Boston College,Colgate,56.5,,,3.0
2021,1.0,Buffalo,Wagner,54.5,,,3.0
2021,1.0,California,Nevada,52.5,,,5.0
2021,1.0,Central Michigan,Washington State,56.0,,,4.0
2021,1.0,Charlotte,Duke,60.0,,,5.0
2021,1.0,Cincinnati,Miami (OH),49.0,,,5.0
2021,1.0,Clemson,Georgia,51.5,,,5.0
2021,1.0,Coastal Carolina,Northern Illinois,63.5,,,4.0
2021,1.0,Coastal Carolina,The Citadel,54.5,,,3.0
2021,1.0,Colorado,Northern Colorado,56.5,,,3.0
2021,1.0,Colorado State,South Dakota State,50.5,,,3.0
2021,1.0,Eastern Michigan,Saint Francis,54.5,,,2.0
2021,1.0,Florida,Florida Atlantic,52.0,,,5.0
2021,1.0,Florida,UCF,56.0,,,4.0
2021,1.0,Florida International,Long Island University,49.0,,,2.0
2021,1.0,Florida State,Notre Dame,53.5,,,5.0
2021,1.0,Fresno State,UConn,63.5,,,5.0
2021,1.0,Fresno State,UTEP,54.5,,,4.0
2021,1.0,Georgia Southern,Gardner-Webb,48.0,,,1.0
2021,1.0,Georgia State,Army,50.0,,,5.0
2021,1.0,Georgia Tech,Northern Illinois,57.0,,,5.0
2021,1.0,Hawai'i,Portland State,57.5,,,1.0
2021,1.0,Houston,Texas Tech,63.0,,,5.0
2021,1.0,Illinois,Nebraska,52.5,,,5.0
2021,1.0,Illinois,UTSA,52.0,,,5.0
2021,1.0,Iowa,Indiana,45.5,,,5.0
2021,1.0,Iowa State,Clemson,45.0,,,4.0
2021,1.0,Iowa State,Northern Iowa,50.0,,,3.0
2021,1.0,Jacksonville State,UAB,52.0,,,3.0
2021,1.0,Kansas,South Dakota,55.0,,,3.0
2021,1.0,Kansas State,LSU,47.0,,,4.0
2021,1.0,Kansas State,Stanford,54.0,,,5.0
2021,1.0,Kentucky,Iowa,43.5,,,4.0
2021,1.0,Kentucky,UL Monroe,54.0,,,5.0
2021,1.0,Liberty,Campbell,65.0,,,3.0
2021,1.0,Liberty,Eastern Michigan,58.5,,,4.0
2021,1.0,Louisville,Air Force,55.0,,,4.0
2021,1.0,Marshall,Louisiana,55.5,,,4.0
2021,1.0,Maryland,West Virginia,57.0,,,5.0
2021,1.0,Memphis,Nicholls,68.0,,,3.0
2021,1.0,Miami,Alabama,61.5,,,5.0
2021,1.0,Miami (OH),North Texas,56.5,,,4.0
2021,1.0,Michigan,Georgia,46.0,,,4.0
2021,1.0,Michigan,Western Michigan,65.5,,,5.0
2021,1.0,Michigan State,Pittsburgh,55.0,,,4.0
2021,1.0,Middle Tennessee,Monmouth,58.25,,,2.0
2021,1.0,Minnesota,Ohio State,62.0,,,5.0
2021,1.0,Minnesota,West Virginia,44.75,,,4.0
2021,1.0,Mississippi State,Louisiana Tech,52.5,,,5.0
2021,1.0,Missouri,Central Michigan,59.0,,,5.0
2021,1.0,NC State,South Florida,58.0,,,5.0
2021,1.0,Navy,Marshall,46.5,,,5.0
2021,1.0,Nebraska,Fordham,55.0,,,3.0
2021,1.0,Nevada,Western Michigan,57.0,,,4.0
2021,1.0,New Mexico,Houston Christian,66.0,,,3.0
2021,1.0,New Mexico State,UTEP,59.5,,,5.0
2021,1.0,North Texas,Northwestern State,66.0,,,3.0
2021,1.0,Northwestern,Michigan State,45.5,,,5.0
2021,1.0,Notre Dame,Oklahoma State,45.0,,,4.0
2021,1.0,Ohio,Syracuse,55.5,,,5.0
2021,1.0,Ohio State,Utah,64.5,,,4.0
2021,1.0,Oklahoma,Oregon,64.0,,,4.0
2021,1.0,Oklahoma,Tulane,66.5,,,4.0
2021,1.0,Oklahoma State,Missouri State,55.0,,,1.0
2021,1.0,Ole Miss,Baylor,60.0,,,4.0
2021,1.0,Ole Miss,Louisville,74.5,,,5.0
2021,1.0,Oregon,Fresno State,62.5,,,5.0
2021,1.0,Oregon State,Utah State,68.25,,,4.0
2021,1.0,Pittsburgh,Massachusetts,56.0,,,5.0
2021,1.0,Purdue,Oregon State,68.0,,,5.0
2021,1.0,Purdue,Tennessee,66.5,,,4.0
2021,1.0,Rutgers,Temple,52.0,,,5.0
2021,1.0,Rutgers,Wake Forest,62.75,,,4.0
2021,1.0,SMU,Abilene Christian,66.0,,,3.0
2021,1.0,San Diego State,New Mexico State,50.5,,,5.0
2021,1.0,San Diego State,UTSA,48.0,,,4.0
2021,1.0,San José State,Southern Utah,57.5,,,3.0
2021,1.0,South Alabama,Southern Miss,56.5,,,5.0
2021,1.0,South Carolina,Eastern Illinois,55.5,,,3.0
2021,1.0,South Carolina,North Carolina,57.5,,,4.0
2021,1.0,TCU,Duquesne,54.5,,,3.0
2021,1.0,Tennessee,Bowling Green,60.5,,,5.0
2021,1.0,Texas,Louisiana,58.0,,,5.0
2021,1.0,Texas A&M,Kent State,67.0,,,5.0
2021,1.0,Texas State,Baylor,52.5,,,5.0
2021,1.0,Texas Tech,Mississippi State,58.0,,,4.0
2021,1.0,Toledo,Middle Tennessee,50.0,,,4.0
2021,1.0,Toledo,Norfolk State,56.0,,,3.0
2021,1.0,Troy,Southern,55.0,,,3.0
2021,1.0,Tulsa,Old Dominion,55.0,,,4.0
2021,1.0,Tulsa,UC Davis,54.5,,,3.0
2021,1.0,UCF,Boise State,67.0,,,5.0
2021,1.0,UCLA,Hawai'i,67.0,,,5.0
2021,1.0,UCLA,LSU,63.5,,,5.0
2021,1.0,UConn,Holy Cross,49.5,,,3.0
2021,1.0,UNLV,Eastern Washington,66.0,,,3.0
2021,1.0,USC,San José State,61.0,,,5.0
2021,1.0,UTEP,Bethune-Cookman,52.5,,,1.0
2021,1.0,Utah,Weber State,49.0,,,3.0
2021,1.0,Vanderbilt,East Tennessee State,45.0,,,3.0
2021,1.0,Virginia,William & Mary,52.5,,,3.0
2021,1.0,Virginia Tech,Maryland,55.5,,,4.0
2021,1.0,Virginia Tech,North Carolina,63.5,,,5.0
2021,1.0,Wake Forest,Old Dominion,61.5,,,5.0
2021,1.0,Washington,Montana,54.0,,,3.0
2021,1.0,Washington State,Utah State,66.5,,,5.0
2021,1.0,Western Kentucky,UT Martin,58.5,,,1.0
2021,1.0,Wisconsin,Penn State,48.5,,,5.0
2021,1.0,Wyoming,Kent State,60.5,,,4.0
2021,1.0,Wyoming,Montana State,45.0,,,3.0
2021,2.0,Akron,Temple,51.5,,,5.0
2021,2.0,Alabama,Mercer,60.5,,,1.0
2021,2.0,Arizona,San Diego State,46.5,,,5.0
2021,2.0,Arizona State,UNLV,55.5,,,5.0
2021,2.0,Arkansas,Texas,57.5,,,5.0
2021,2.0,Arkansas State,Memphis,64.5,,,5.0
2021,2.0,Army,Western Kentucky,52.0,,,5.0
2021,2.0,Auburn,Alabama State,60.0,,,3.0
2021,2.0,BYU,Utah,50.0,,,5.0
2021,2.0,Baylor,Texas Southern,53.0,,,3.0
2021,2.0,Boise State,UTEP,56.5,,,5.0
2021,2.0,Bowling Green,South Alabama,48.0,,,5.0
2021,2.0,Central Michigan,Robert Morris,53.5,,,3.0
2021,2.0,Charlotte,Gardner-Webb,58.0,,,1.0
2021,2.0,Cincinnati,Murray State,51.5,,,3.0
2021,2.0,Clemson,South Carolina State,56.0,,,3.0
2021,2.0,Coastal Carolina,Kansas,52.0,,,5.0
2021,2.0,Colorado,Texas A&M,50.0,,,5.0
2021,2.0,Colorado State,Vanderbilt,52.0,,,5.0
2021,2.0,Duke,North Carolina A&T,56.0,,,3.0
2021,2.0,East Carolina,South Carolina,56.5,,,5.0
2021,2.0,Florida Atlantic,Georgia Southern,48.5,,,5.0
2021,2.0,Florida International,Texas State,55.5,,,5.0
2021,2.0,Florida State,Jacksonville State,56.5,,,3.0
2021,2.0,Fresno State,Cal Poly,59.5,,,3.0
2021,2.0,Georgia,UAB,44.0,,,5.0
2021,2.0,Georgia Tech,Kennesaw State,53.0,,,1.0
2021,2.0,Indiana,Idaho,52.5,,,1.0
2021,2.0,Iowa State,Iowa,45.0,,,5.0
2021,2.0,Kansas State,Southern Illinois,55.0,,,3.0
2021,2.0,Kent State,VMI,72.5,,,3.0
2021,2.0,Kentucky,Missouri,56.5,,,5.0
2021,2.0,LSU,McNeese,66.0,,,3.0
2021,2.0,Louisiana,Nicholls,65.0,,,2.0
2021,2.0,Louisiana Tech,SE Louisiana,70.5,,,3.0
2021,2.0,Louisville,Eastern Kentucky,62.5,,,3.0
2021,2.0,Marshall,North Carolina Central,53.5,,,3.0
2021,2.0,Maryland,Howard,56.0,,,3.0
2021,2.0,Massachusetts,Boston College,57.0,,,5.0
2021,2.0,Miami,App State,54.5,,,5.0
2021,2.0,Michigan,Washington,47.5,,,5.0
2021,2.0,Michigan State,Youngstown State,52.0,,,3.0
2021,2.0,Minnesota,Miami (OH),55.0,,,5.0
2021,2.0,Mississippi State,NC State,55.5,,,5.0
2021,2.0,Navy,Air Force,39.5,,,5.0
2021,2.0,Nebraska,Buffalo,54.5,,,5.0
2021,2.0,Nevada,Idaho State,56.5,,,3.0
2021,2.0,New Mexico,New Mexico State,55.5,,,5.0
2021,2.0,North Carolina,Georgia State,65.5,,,5.0
2021,2.0,Northern Illinois,Wyoming,44.5,,,5.0
2021,2.0,Northwestern,Indiana State,46.0,,,3.0
2021,2.0,Notre Dame,Toledo,55.5,,,5.0
2021,2.0,Ohio,Duquesne,49.0,,,3.0
2021,2.0,Ohio State,Oregon,65.0,,,5.0
2021,2.0,Oklahoma,Western Carolina,66.0,,,3.0
2021,2.0,Oklahoma State,Tulsa,51.0,,,5.0
2021,2.0,Old Dominion,Hampton,55.0,,,3.0
2021,2.0,Ole Miss,Austin Peay,69.5,,,3.0
2021,2.0,Oregon State,Hawai'i,65.0,,,5.0
2021,2.0,Penn State,Ball State,58.0,,,5.0
2021,2.0,Rice,Houston,50.5,,,5.0
2021,2.0,SMU,North Texas,75.5,,,5.0
2021,2.0,South Florida,Florida,57.0,,,5.0
2021,2.0,Southern Miss,Grambling,47.5,,,3.0
2021,2.0,Syracuse,Rutgers,50.5,,,5.0
2021,2.0,TCU,California,46.5,,,5.0
2021,2.0,Tennessee,Pittsburgh,56.0,,,5.0
2021,2.0,Texas Tech,Stephen F. Austin,51.5,,,3.0
2021,2.0,Troy,Liberty,62.5,,,5.0
2021,2.0,Tulane,Morgan State,58.0,,,3.0
2021,2.0,UCF,Bethune-Cookman,67.0,,,1.0
2021,2.0,UConn,Purdue,57.0,,,5.0
2021,2.0,USC,Stanford,53.5,,,5.0
2021,2.0,UTSA,Lamar,65.0,,,3.0
2021,2.0,Utah State,North Dakota,54.0,,,3.0
2021,2.0,Virginia,Illinois,57.0,,,5.0
2021,2.0,Virginia Tech,Middle Tennessee,54.5,,,5.0
2021,2.0,Wake Forest,Norfolk State,58.0,,,3.0
2021,2.0,Washington State,Portland State,65.5,,,3.0
2021,2.0,West Virginia,Long Island University,56.0,,,2.0
2021,2.0,Western Michigan,Illinois State,56.5,,,3.0
2021,2.0,Wisconsin,Eastern Michigan,52.0,,,5.0
2021,3.0,Air Force,Utah State,54.0,,,5.0
2021,3.0,Akron,Bryant,49.5,,,3.0
2021,3.0,App State,Elon,52.5,,,3.0
2021,3.0,Arizona,Northern Arizona,53.5,,,3.0
2021,3.0,Arkansas,Georgia Southern,52.5,,,5.0
2021,3.0,Army,UConn,48.0,,,5.0
2021,3.0,BYU,Arizona State,50.5,,,5.0
2021,3.0,Boise State,Oklahoma State,58.0,,,5.0
2021,3.0,Bowling Green,Murray State,44.0,,,3.0
2021,3.0,Buffalo,Coastal Carolina,58.0,,,5.0
2021,3.0,California,Sacramento State,49.0,,,3.0
2021,3.0,Clemson,Georgia Tech,52.5,,,5.0
2021,3.0,Colorado,Minnesota,49.0,,,5.0
2021,3.0,Duke,Northwestern,50.0,,,5.0
2021,3.0,Florida,Alabama,60.0,,,5.0
2021,3.0,Florida Atlantic,Fordham,51.5,,,3.0
2021,3.0,Georgia,South Carolina,47.5,,,5.0
2021,3.0,Georgia State,Charlotte,63.0,,,5.0
2021,3.0,Hawai'i,San José State,62.5,,,5.0
2021,3.0,Houston,Grambling,51.5,,,3.0
2021,3.0,Illinois,Maryland,61.5,,,5.0
2021,3.0,Indiana,Cincinnati,50.0,,,4.0
2021,3.0,Iowa,Kent State,55.5,,,5.0
2021,3.0,Kansas,Baylor,48.5,,,5.0
2021,3.0,Kansas State,Nevada,51.0,,,5.0
2021,3.0,Kentucky,Chattanooga,48.0,,,3.0
2021,3.0,LSU,Central Michigan,60.5,,,5.0
2021,3.0,Liberty,Old Dominion,53.0,,,5.0
2021,3.0,Louisiana,Ohio,56.5,,,4.0
2021,3.0,Louisiana Tech,SMU,65.5,,,5.0
2021,3.0,Louisville,UCF,67.5,,,5.0
2021,3.0,Marshall,East Carolina,58.5,,,5.0
2021,3.0,Massachusetts,Eastern Michigan,56.5,,,5.0
2021,3.0,Memphis,Mississippi State,63.5,,,5.0
2021,3.0,Miami,Michigan State,57.5,,,4.0
2021,3.0,Miami (OH),Long Island University,55.5,,,2.0
2021,3.0,Michigan,Northern Illinois,55.0,,,5.0
2021,3.0,Missouri,Southeast Missouri State,59.0,,,2.0
2021,3.0,NC State,Furman,45.0,,,3.0
2021,3.0,New Mexico State,South Carolina State,54.5,,,3.0
2021,3.0,North Carolina,Virginia,66.5,,,5.0
2021,3.0,North Texas,UAB,58.0,,,5.0
2021,3.0,Notre Dame,Purdue,58.5,,,5.0
2021,3.0,Ohio State,Tulsa,60.5,,,5.0
2021,3.0,Oklahoma,Nebraska,62.5,,,5.0
2021,3.0,Ole Miss,Tulane,77.0,,,5.0
2021,3.0,Oregon,Stony Brook,54.5,,,3.0
2021,3.0,Oregon State,Idaho,63.5,,,1.0
2021,3.0,Penn State,Auburn,52.5,,,5.0
2021,3.0,Pittsburgh,Western Michigan,58.5,,,5.0
2021,3.0,Rutgers,Delaware,45.0,,,3.0
2021,3.0,San Diego State,Utah,43.0,,,5.0
2021,3.0,South Alabama,Alcorn State,44.5,,,3.0
2021,3.0,South Florida,Florida A&M,49.5,,,3.0
2021,3.0,Southern Miss,Troy,49.5,,,5.0
2021,3.0,Syracuse,UAlbany,41.0,,,3.0
2021,3.0,Temple,Boston College,55.5,,,5.0
2021,3.0,Tennessee,Tennessee Tech,53.0,,,3.0
2021,3.0,Texas,Rice,52.0,,,5.0
2021,3.0,Texas A&M,New Mexico,49.5,,,5.0
2021,3.0,Texas State,Incarnate Word,70.0,,,3.0
2021,3.0,Texas Tech,Florida International,54.0,,,5.0
2021,3.0,Toledo,Colorado State,59.0,,,5.0
2021,3.0,UCLA,Fresno State,64.0,,,5.0
2021,3.0,UL Monroe,Jackson State,52.0,,,3.0
2021,3.0,UNLV,Iowa State,52.5,,,5.0
2021,3.0,UTSA,Middle Tennessee,59.5,,,5.0
2021,3.0,Vanderbilt,Stanford,49.0,,,5.0
2021,3.0,Wake Forest,Florida State,62.5,,,5.0
2021,3.0,Washington,Arkansas State,58.5,,,5.0
2021,3.0,Washington State,USC,61.0,,,5.0
2021,3.0,West Virginia,Virginia Tech,49.5,,,5.0
2021,3.0,Wyoming,Ball State,53.0,,,5.0
2021,4.0,Air Force,Florida Atlantic,54.0,,,4.0
2021,4.0,Alabama,Southern Miss,57.75,,,4.0
2021,4.0,App State,Marshall,59.25,,,4.0
2021,4.0,Arizona State,Colorado,45.5,,,4.0
2021,4.0,Arkansas,Texas A&M,47.0,,,4.0
2021,4.0,Army,Miami (OH),48.75,,,4.0
2021,4.0,Auburn,Georgia State,57.5,,,4.0
2021,4.0,BYU,South Florida,54.5,,,4.0
2021,4.0,Ball State,Toledo,56.5,,,4.0
2021,4.0,Baylor,Iowa State,46.0,,,4.0
2021,4.0,Boston College,Missouri,58.0,,,4.0
2021,4.0,Central Michigan,Florida International,55.5,,,4.0
2021,4.0,Charlotte,Middle Tennessee,55.5,,,4.0
2021,4.0,Coastal Carolina,Massachusetts,66.0,,,4.0
2021,4.0,Duke,Kansas,57.5,,,4.0
2021,4.0,East Carolina,Charleston Southern,59.0,,,3.0
2021,4.0,Eastern Michigan,Texas State,62.25,,,4.0
2021,4.0,Florida,Tennessee,64.75,,,4.0
2021,4.0,Florida State,Louisville,60.75,,,4.0
2021,4.0,Fresno State,UNLV,59.0,,,4.0
2021,4.0,Georgia Southern,Louisiana,54.5,,,4.0
2021,4.0,Georgia Tech,North Carolina,65.25,,,4.0
2021,4.0,Houston,Navy,47.0,,,4.0
2021,4.0,Iowa,Colorado State,43.75,,,4.0
2021,4.0,Louisiana Tech,North Texas,65.25,,,4.0
2021,4.0,Maryland,Kent State,71.5,,,4.0
2021,4.0,Memphis,UTSA,66.5,,,4.0
2021,4.0,Miami,Central Connecticut,55.5,,,3.0
2021,4.0,Michigan,Rutgers,50.0,,,4.0
2021,4.0,Michigan State,Nebraska,54.75,,,4.0
2021,4.0,Minnesota,Bowling Green,51.0,,,4.0
2021,4.0,Mississippi State,LSU,55.0,,,4.0
2021,4.0,NC State,Clemson,47.5,,,4.0
2021,4.0,New Mexico State,Hawai'i,63.0,,,4.0
2021,4.0,Northern Illinois,Maine,62.0,,,3.0
2021,4.0,Northwestern,Ohio,47.5,,,4.0
2021,4.0,Ohio State,Akron,66.5,,,4.0
2021,4.0,Oklahoma,West Virginia,56.5,,,4.0
2021,4.0,Oklahoma State,Kansas State,47.5,,,4.0
2021,4.0,Old Dominion,Buffalo,50.5,,,4.0
2021,4.0,Oregon,Arizona,58.75,,,4.0
2021,4.0,Penn State,Villanova,53.0,,,3.0
2021,4.0,Pittsburgh,New Hampshire,53.0,,,3.0
2021,4.0,Purdue,Illinois,53.25,,,4.0
2021,4.0,Rice,Texas Southern,53.5,,,3.0
2021,4.0,San Diego State,Towson,41.0,,,3.0
2021,4.0,South Carolina,Kentucky,49.0,,,4.0
2021,4.0,Stanford,UCLA,60.0,,,4.0
2021,4.0,Syracuse,Liberty,54.0,,,4.0
2021,4.0,TCU,SMU,65.5,,,4.0
2021,4.0,Temple,Wagner,54.5,,,3.0
2021,4.0,Texas,Texas Tech,62.75,,,4.0
2021,4.0,Tulane,UAB,54.5,,,4.0
2021,4.0,Tulsa,Arkansas State,65.0,,,4.0
2021,4.0,UConn,Wyoming,53.5,,,4.0
2021,4.0,UL Monroe,Troy,49.5,,,4.0
2021,4.0,USC,Oregon State,62.75,,,4.0
2021,4.0,UTEP,New Mexico,54.0,,,4.0
2021,4.0,Utah,Washington State,53.25,,,4.0
2021,4.0,Utah State,Boise State,69.5,,,4.0
2021,4.0,Vanderbilt,Georgia,54.25,,,4.0
2021,4.0,Virginia,Wake Forest,71.0,,,4.0
2021,4.0,Virginia Tech,Richmond,50.0,,,3.0
2021,4.0,Washington,California,47.5,,,4.0
2021,4.0,Western Kentucky,Indiana,62.75,,,4.0
2021,4.0,Western Michigan,San José State,61.75,,,4.0
2021,4.0,Wisconsin,Notre Dame,44.0,,,4.0
2021,5.0,Akron,Ohio,55.0,,,4.0
2021,5.0,Alabama,Ole Miss,79.5,,,4.0
2021,5.0,Ball State,Army,47.25,,,4.0
2021,5.0,Boise State,Nevada,59.0,,,4.0
2021,5.0,Buffalo,Western Michigan,59.5,,,4.0
2021,5.0,California,Washington State,52.5,,,4.0
2021,5.0,Clemson,Boston College,46.5,,,4.0
2021,5.0,Coastal Carolina,UL Monroe,57.5,,,4.0
2021,5.0,Colorado,USC,51.0,,,4.0
2021,5.0,East Carolina,Tulane,64.5,,,4.0
2021,5.0,Florida Atlantic,Florida International,52.0,,,4.0
2021,5.0,Florida State,Syracuse,50.25,,,4.0
2021,5.0,Georgia,Arkansas,48.5,,,4.0
2021,5.0,Georgia Southern,Arkansas State,66.25,,,4.0
2021,5.0,Georgia State,App State,54.5,,,4.0
2021,5.0,Georgia Tech,Pittsburgh,57.5,,,4.0
2021,5.0,Hawai'i,Fresno State,64.25,,,4.0
2021,5.0,Illinois,Charlotte,54.0,,,4.0
2021,5.0,Iowa State,Kansas,57.0,,,4.0
2021,5.0,Kansas State,Oklahoma,53.0,,,4.0
2021,5.0,Kent State,Bowling Green,56.0,,,4.0
2021,5.0,Kentucky,Florida,56.5,,,4.0
2021,5.0,LSU,Auburn,56.0,,,4.0
2021,5.0,Maryland,Iowa,47.5,,,4.0
2021,5.0,Massachusetts,Toledo,56.5,,,4.0
2021,5.0,Miami,Virginia,63.5,,,4.0
2021,5.0,Miami (OH),Central Michigan,56.0,,,4.0
2021,5.0,Michigan State,Western Kentucky,66.5,,,4.0
2021,5.0,Middle Tennessee,Marshall,65.75,,,4.0
2021,5.0,Missouri,Tennessee,66.25,,,4.0
2021,5.0,NC State,Louisiana Tech,56.0,,,4.0
2021,5.0,Navy,UCF,52.5,,,4.0
2021,5.0,Nebraska,Northwestern,51.5,,,4.0
2021,5.0,New Mexico,Air Force,45.5,,,4.0
2021,5.0,North Carolina,Duke,74.0,,,4.0
2021,5.0,Northern Illinois,Eastern Michigan,62.25,,,4.0
2021,5.0,Notre Dame,Cincinnati,50.0,,,4.0
2021,5.0,Oklahoma State,Baylor,47.0,,,4.0
2021,5.0,Oregon State,Washington,57.5,,,4.0
2021,5.0,Penn State,Indiana,54.0,,,4.0
2021,5.0,Purdue,Minnesota,46.0,,,4.0
2021,5.0,Rice,Southern Miss,45.0,,,4.0
2021,5.0,Rutgers,Ohio State,58.0,,,4.0
2021,5.0,SMU,South Florida,68.5,,,4.0
2021,5.0,San José State,New Mexico State,51.5,,,4.0
2021,5.0,South Alabama,Louisiana,52.75,,,4.0
2021,5.0,South Carolina,Troy,43.5,,,4.0
2021,5.0,Stanford,Oregon,57.5,,,4.0
2021,5.0,TCU,Texas,65.5,,,4.0
2021,5.0,Temple,Memphis,58.5,,,4.0
2021,5.0,Texas A&M,Mississippi State,45.5,,,4.0
2021,5.0,Tulsa,Houston,54.0,,,4.0
2021,5.0,UAB,Liberty,49.0,,,4.0
2021,5.0,UCLA,Arizona State,56.0,,,4.0
2021,5.0,UTEP,Old Dominion,48.5,,,4.0
2021,5.0,UTSA,UNLV,55.5,,,4.0
2021,5.0,Utah State,BYU,65.75,,,4.0
2021,5.0,Vanderbilt,UConn,51.25,,,4.0
2021,5.0,Wake Forest,Louisville,64.5,,,4.0
2021,5.0,West Virginia,Texas Tech,55.25,,,4.0
2021,5.0,Wisconsin,Michigan,43.5,,,4.0
2021,6.0,Air Force,Wyoming,46.5,,,4.0
2021,6.0,Arizona,UCLA,60.75,,,4.0
2021,6.0,Arizona State,Stanford,53.5,,,4.0
2021,6.0,Arkansas State,Coastal Carolina,74.5,,,4.0
2021,6.0,Auburn,Georgia,45.5,,,4.0
2021,6.0,BYU,Boise State,58.0,,,4.0
2021,6.0,Baylor,West Virginia,45.0,,,4.0
2021,6.0,Bowling Green,Akron,46.0,,,4.0
2021,6.0,Cincinnati,Temple,52.5,,,4.0
2021,6.0,Colorado State,San José State,44.5,,,4.0
2021,6.0,Duke,Georgia Tech,60.5,,,4.0
2021,6.0,Eastern Michigan,Miami (OH),58.5,,,4.0
2021,6.0,Florida,Vanderbilt,60.0,,,4.0
2021,6.0,Florida International,Charlotte,60.75,,,4.0
2021,6.0,Illinois,Wisconsin,42.0,,,4.0
2021,6.0,Iowa,Penn State,41.0,,,4.0
2021,6.0,Kent State,Buffalo,66.0,,,4.0
2021,6.0,Kentucky,LSU,50.5,,,4.0
2021,6.0,Liberty,Middle Tennessee,58.75,,,4.0
2021,6.0,Louisville,Virginia,69.5,,,4.0
2021,6.0,Marshall,Old Dominion,62.5,,,4.0
2021,6.0,Massachusetts,UConn,57.0,,,4.0
2021,6.0,Missouri,North Texas,69.0,,,4.0
2021,6.0,Navy,SMU,56.5,,,4.0
2021,6.0,Nebraska,Michigan,50.0,,,4.0
2021,6.0,Nevada,New Mexico State,64.75,,,4.0
2021,6.0,North Carolina,Florida State,64.5,,,4.0
2021,6.0,Ohio,Central Michigan,57.5,,,4.0
2021,6.0,Ohio State,Maryland,71.5,,,4.0
2021,6.0,Ole Miss,Arkansas,66.5,,,4.0
2021,6.0,Rutgers,Michigan State,50.0,,,4.0
2021,6.0,San Diego State,New Mexico,42.5,,,4.0
2021,6.0,Southern Miss,UTEP,46.25,,,4.0
2021,6.0,Syracuse,Wake Forest,58.5,,,4.0
2021,6.0,Tennessee,South Carolina,56.5,,,4.0
2021,6.0,Texas,Oklahoma,65.5,,,4.0
2021,6.0,Texas A&M,Alabama,50.75,,,4.0
2021,6.0,Texas State,South Alabama,52.5,,,4.0
2021,6.0,Texas Tech,TCU,60.5,,,4.0
2021,6.0,Toledo,Northern Illinois,51.0,,,4.0
2021,6.0,Troy,Georgia Southern,50.75,,,4.0
2021,6.0,Tulane,Houston,60.0,,,4.0
2021,6.0,Tulsa,Memphis,60.5,,,4.0
2021,6.0,UAB,Florida Atlantic,49.0,,,4.0
2021,6.0,UCF,East Carolina,65.25,,,4.0
2021,6.0,UL Monroe,Georgia State,49.5,,,4.0
2021,6.0,USC,Utah,52.75,,,4.0
2021,6.0,Virginia Tech,Notre Dame,47.0,,,4.0
2021,6.0,Washington State,Oregon State,59.0,,,4.0
2021,6.0,Western Kentucky,UTSA,71.25,,,4.0
2021,6.0,Western Michigan,Ball State,57.5,,,4.0
2021,7.0,Arkansas,Auburn,54.5,,,4.0
2021,7.0,Baylor,BYU,52.5,,,4.0
2021,7.0,Boise State,Air Force,52.0,,,4.0
2021,7.0,Boston College,NC State,51.0,,,4.0
2021,7.0,Buffalo,Ohio,54.5,,,4.0
2021,7.0,Central Michigan,Toledo,53.0,,,4.0
2021,7.0,Cincinnati,UCF,56.0,,,4.0
2021,7.0,Colorado,Arizona,46.5,,,4.0
2021,7.0,Eastern Michigan,Ball State,55.0,,,4.0
2021,7.0,Georgia,Kentucky,44.5,,,4.0
2021,7.0,Indiana,Michigan State,48.5,,,4.0
2021,7.0,Iowa,Purdue,42.5,,,4.0
2021,7.0,Kansas,Texas Tech,68.0,,,4.0
2021,7.0,Kansas State,Iowa State,51.0,,,4.0
2021,7.0,LSU,Florida,61.0,,,4.0
2021,7.0,Louisiana,App State,57.5,,,4.0
2021,7.0,Memphis,Navy,55.5,,,4.0
2021,7.0,Miami (OH),Akron,51.0,,,4.0
2021,7.0,Minnesota,Nebraska,48.5,,,4.0
2021,7.0,Mississippi State,Alabama,59.5,,,4.0
2021,7.0,Missouri,Texas A&M,59.25,,,4.0
2021,7.0,Nevada,Hawai'i,61.5,,,4.0
2021,7.0,New Mexico,Colorado State,44.75,,,4.0
2021,7.0,North Carolina,Miami,63.5,,,4.0
2021,7.0,North Texas,Marshall,66.0,,,4.0
2021,7.0,Northern Illinois,Bowling Green,44.75,,,4.0
2021,7.0,Northwestern,Rutgers,45.0,,,4.0
2021,7.0,Oklahoma,TCU,64.5,,,4.0
2021,7.0,Old Dominion,Western Kentucky,66.75,,,4.0
2021,7.0,Oregon,California,53.5,,,4.0
2021,7.0,San José State,San Diego State,41.0,,,4.0
2021,7.0,South Alabama,Georgia Southern,49.5,,,4.0
2021,7.0,South Carolina,Vanderbilt,50.0,,,4.0
2021,7.0,South Florida,Tulsa,55.75,,,4.0
2021,7.0,Southern Miss,UAB,43.25,,,4.0
2021,7.0,Syracuse,Clemson,44.0,,,4.0
2021,7.0,Tennessee,Ole Miss,82.25,,,4.0
2021,7.0,Texas,Oklahoma State,61.0,,,4.0
2021,7.0,Texas State,Troy,48.5,,,4.0
2021,7.0,UConn,Yale,46.5,,,3.0
2021,7.0,UL Monroe,Liberty,56.75,,,4.0
2021,7.0,UNLV,Utah State,64.0,,,4.0
2021,7.0,UTEP,Louisiana Tech,55.5,,,4.0
2021,7.0,UTSA,Rice,53.0,,,4.0
2021,7.0,Utah,Arizona State,51.25,,,4.0
2021,7.0,Virginia,Duke,69.5,,,4.0
2021,7.0,Virginia Tech,Pittsburgh,55.75,,,4.0
2021,7.0,Washington,UCLA,55.5,,,4.0
2021,7.0,Washington State,Stanford,53.0,,,4.0
2021,7.0,Western Michigan,Kent State,68.5,,,4.0
2021,7.0,Wisconsin,Army,37.5,,,4.0
2021,7.0,Wyoming,Fresno State,53.5,,,4.0
2021,8.0,Air Force,San Diego State,39.0,,,4.0
2021,8.0,Akron,Buffalo,58.0,,,4.0
2021,8.0,Alabama,Tennessee,68.0,,,4.0
2021,8.0,App State,Coastal Carolina,60.75,,,4.0
2021,8.0,Arizona,Washington,45.5,,,4.0
2021,8.0,Arkansas,Arkansas-Pine Bluff,59.5,,,2.0
2021,8.0,Arkansas State,Louisiana,70.0,,,4.0
2021,8.0,Army,Wake Forest,53.75,,,4.0
2021,8.0,Ball State,Miami (OH),53.0,,,4.0
2021,8.0,Bowling Green,Eastern Michigan,49.5,,,4.0
2021,8.0,California,Colorado,44.0,,,4.0
2021,8.0,Central Michigan,Northern Illinois,56.0,,,4.0
2021,8.0,Charlotte,Florida Atlantic,58.0,,,4.0
2021,8.0,Florida International,Western Kentucky,77.75,,,4.0
2021,8.0,Florida State,Massachusetts,59.0,,,4.0
2021,8.0,Fresno State,Nevada,64.5,,,4.0
2021,8.0,Georgia State,Texas State,58.5,,,4.0
2021,8.0,Hawai'i,New Mexico State,62.75,,,2.0
2021,8.0,Houston,East Carolina,56.5,,,4.0
2021,8.0,Indiana,Ohio State,59.0,,,4.0
2021,8.0,Iowa State,Oklahoma State,47.0,,,4.0
2021,8.0,Kansas,Oklahoma,66.5,,,4.0
2021,8.0,Louisiana Tech,UTSA,59.5,,,4.0
2021,8.0,Louisville,Boston College,57.5,,,4.0
2021,8.0,Miami,NC State,54.5,,,4.0
2021,8.0,Michigan,Northwestern,51.0,,,4.0
2021,8.0,Minnesota,Maryland,53.0,,,4.0
2021,8.0,Navy,Cincinnati,49.25,,,4.0
2021,8.0,North Texas,Liberty,61.0,,,4.0
2021,8.0,Notre Dame,USC,59.5,,,4.0
2021,8.0,Ohio,Kent State,68.5,,,4.0
2021,8.0,Ole Miss,LSU,76.75,,,4.0
2021,8.0,Oregon State,Utah,57.75,,,4.0
2021,8.0,Penn State,Illinois,45.5,,,4.0
2021,8.0,Pittsburgh,Clemson,47.0,,,4.0
2021,8.0,Purdue,Wisconsin,41.0,,,4.0
2021,8.0,SMU,Tulane,70.5,,,4.0
2021,8.0,South Florida,Temple,55.0,,,4.0
2021,8.0,TCU,West Virginia,58.0,,,4.0
2021,8.0,Texas A&M,South Carolina,46.0,,,4.0
2021,8.0,Texas Tech,Kansas State,60.5,,,4.0
2021,8.0,Toledo,Western Michigan,54.5,,,4.0
2021,8.0,UAB,Rice,44.5,,,4.0
2021,8.0,UCF,Memphis,63.25,,,4.0
2021,8.0,UCLA,Oregon,61.5,,,4.0
2021,8.0,UConn,Middle Tennessee,54.0,,,4.0
2021,8.0,UL Monroe,South Alabama,51.0,,,4.0
2021,8.0,UNLV,San José State,44.0,,,4.0
2021,8.0,Utah State,Colorado State,58.5,,,4.0
2021,8.0,Vanderbilt,Mississippi State,53.0,,,4.0
2021,8.0,Virginia,Georgia Tech,65.5,,,4.0
2021,8.0,Virginia Tech,Syracuse,45.5,,,4.0
2021,8.0,Washington State,BYU,56.5,,,4.0
2021,8.0,Wyoming,New Mexico,40.5,,,4.0
2021,9.0,App State,UL Monroe,57.5,,,4.0
2021,9.0,Arizona State,Washington State,54.5,,,4.0
2021,9.0,Auburn,Ole Miss,67.5,,,4.0
2021,9.0,BYU,Virginia,66.5,,,4.0
2021,9.0,Baylor,Texas,61.5,,,4.0
2021,9.0,Buffalo,Bowling Green,51.5,,,4.0
2021,9.0,California,Oregon State,56.5,,,4.0
2021,9.0,Clemson,Florida State,47.5,,,4.0
2021,9.0,Coastal Carolina,Troy,50.0,,,4.0
2021,9.0,Colorado State,Boise State,51.5,,,4.0
2021,9.0,East Carolina,South Florida,55.5,,,4.0
2021,9.0,Florida,Georgia,50.5,,,4.0
2021,9.0,Florida Atlantic,UTEP,49.0,,,4.0
2021,9.0,Georgia Southern,Georgia State,55.0,,,4.0
2021,9.0,Georgia Tech,Virginia Tech,55.25,,,4.0
2021,9.0,Houston,SMU,61.5,,,4.0
2021,9.0,Illinois,Rutgers,41.5,,,4.0
2021,9.0,Kansas State,TCU,58.5,,,4.0
2021,9.0,Liberty,Massachusetts,56.0,,,4.0
2021,9.0,Louisiana,Texas State,58.0,,,4.0
2021,9.0,Marshall,Florida International,64.0,,,4.0
2021,9.0,Maryland,Indiana,48.0,,,4.0
2021,9.0,Michigan State,Michigan,50.5,,,4.0
2021,9.0,Middle Tennessee,Southern Miss,47.25,,,4.0
2021,9.0,Mississippi State,Kentucky,47.0,,,4.0
2021,9.0,NC State,Louisville,57.0,,,4.0
2021,9.0,Nebraska,Purdue,54.0,,,4.0
2021,9.0,Nevada,UNLV,58.25,,,4.0
2021,9.0,Northwestern,Minnesota,43.5,,,4.0
2021,9.0,Notre Dame,North Carolina,62.5,,,4.0
2021,9.0,Ohio State,Penn State,60.5,,,4.0
2021,9.0,Oklahoma,Texas Tech,67.0,,,4.0
2021,9.0,Oklahoma State,Kansas,54.5,,,4.0
2021,9.0,Old Dominion,Louisiana Tech,52.25,,,4.0
2021,9.0,Oregon,Colorado,49.5,,,4.0
2021,9.0,Pittsburgh,Miami,61.0,,,4.0
2021,9.0,Rice,North Texas,55.0,,,4.0
2021,9.0,San Diego State,Fresno State,44.25,,,4.0
2021,9.0,San José State,Wyoming,40.5,,,4.0
2021,9.0,South Alabama,Arkansas State,66.0,,,4.0
2021,9.0,Stanford,Washington,46.0,,,4.0
2021,9.0,Syracuse,Boston College,51.5,,,4.0
2021,9.0,Temple,UCF,52.0,,,4.0
2021,9.0,Tulane,Cincinnati,61.5,,,4.0
2021,9.0,Tulsa,Navy,46.0,,,4.0
2021,9.0,USC,Arizona,55.5,,,4.0
2021,9.0,Utah,UCLA,60.5,,,4.0
2021,9.0,Utah State,Hawai'i,66.0,,,4.0
2021,9.0,Vanderbilt,Missouri,62.5,,,4.0
2021,9.0,Wake Forest,Duke,71.5,,,4.0
2021,9.0,West Virginia,Iowa State,49.0,,,4.0
2021,9.0,Western Kentucky,Charlotte,71.75,,,4.0
2021,9.0,Wisconsin,Iowa,35.75,,,4.0
2021,10.0,Air Force,Army,37.5,,,4.0
2021,10.0,Akron,Ball State,58.0,,,4.0
2021,10.0,Alabama,LSU,67.0,,,4.0
2021,10.0,Arizona,California,47.0,,,4.0
2021,10.0,Arizona State,USC,61.5,,,4.0
2021,10.0,Arkansas,Mississippi State,53.5,,,4.0
2021,10.0,Arkansas State,App State,68.0,,,4.0
2021,10.0,BYU,Idaho State,55.0,,,3.0
2021,10.0,Boston College,Virginia Tech,51.0,,,4.0
2021,10.0,Charlotte,Rice,52.25,,,4.0
2021,10.0,Cincinnati,Tulsa,56.0,,,4.0
2021,10.0,Colorado,Oregon State,55.5,,,4.0
2021,10.0,Duke,Pittsburgh,64.25,,,4.0
2021,10.0,East Carolina,Temple,52.25,,,4.0
2021,10.0,Florida Atlantic,Marshall,57.75,,,4.0
2021,10.0,Florida International,Old Dominion,50.0,,,4.0
2021,10.0,Florida State,NC State,55.0,,,4.0
2021,10.0,Fresno State,Boise State,61.0,,,4.0
2021,10.0,Georgia,Missouri,59.0,,,4.0
2021,10.0,Georgia Southern,Coastal Carolina,56.25,,,4.0
2021,10.0,Hawai'i,San Diego State,45.25,,,4.0
2021,10.0,Iowa State,Texas,59.5,,,4.0
2021,10.0,Kansas,Kansas State,55.75,,,4.0
2021,10.0,Kent State,Northern Illinois,72.0,,,4.0
2021,10.0,Kentucky,Tennessee,57.5,,,4.0
2021,10.0,Louisiana,Georgia State,53.5,,,4.0
2021,10.0,Louisville,Clemson,46.5,,,4.0
2021,10.0,Maryland,Penn State,56.5,,,4.0
2021,10.0,Massachusetts,Rhode Island,55.5,,,3.0
2021,10.0,Memphis,SMU,72.0,,,4.0
2021,10.0,Miami,Georgia Tech,63.0,,,4.0
2021,10.0,Michigan,Indiana,51.0,,,4.0
2021,10.0,Minnesota,Illinois,44.0,,,4.0
2021,10.0,Nebraska,Ohio State,67.75,,,4.0
2021,10.0,Nevada,San José State,55.5,,,4.0
2021,10.0,New Mexico,UNLV,45.0,,,4.0
2021,10.0,New Mexico State,Utah State,72.25,,,4.0
2021,10.0,North Carolina,Wake Forest,78.0,,,4.0
2021,10.0,Northwestern,Iowa,40.5,,,4.0
2021,10.0,Notre Dame,Navy,47.5,,,4.0
2021,10.0,Ohio,Miami (OH),54.5,,,4.0
2021,10.0,Ole Miss,Liberty,67.0,,,4.0
2021,10.0,Purdue,Michigan State,53.5,,,4.0
2021,10.0,Rutgers,Wisconsin,37.5,,,4.0
2021,10.0,South Carolina,Florida,52.0,,,4.0
2021,10.0,South Florida,Houston,53.0,,,4.0
2021,10.0,Southern Miss,North Texas,49.0,,,4.0
2021,10.0,Stanford,Utah,51.75,,,4.0
2021,10.0,TCU,Baylor,57.0,,,4.0
2021,10.0,Texas A&M,Auburn,49.5,,,4.0
2021,10.0,Texas State,UL Monroe,57.5,,,4.0
2021,10.0,Toledo,Eastern Michigan,54.5,,,4.0
2021,10.0,Troy,South Alabama,47.5,,,4.0
2021,10.0,UAB,Louisiana Tech,49.0,,,4.0
2021,10.0,UCF,Tulane,57.0,,,4.0
2021,10.0,UTEP,UTSA,53.0,,,4.0
2021,10.0,Washington,Oregon,48.0,,,4.0
2021,10.0,West Virginia,Oklahoma State,49.0,,,4.0
2021,10.0,Western Kentucky,Middle Tennessee,66.5,,,4.0
2021,10.0,Western Michigan,Central Michigan,64.5,,,4.0
2021,10.0,Wyoming,Colorado State,41.5,,,4.0
2021,11.0,Alabama,New Mexico State,67.0,,,4.0
2021,11.0,App State,South Alabama,51.75,,,4.0
2021,11.0,Arizona,Utah,54.5,,,4.0
2021,11.0,Army,Bucknell,58.5,,,3.0
2021,11.0,Auburn,Mississippi State,51.0,,,4.0
2021,11.0,Baylor,Oklahoma,63.0,,,4.0
2021,11.0,Boise State,Wyoming,48.5,,,4.0
2021,11.0,Bowling Green,Toledo,50.0,,,4.0
2021,11.0,Central Michigan,Kent State,76.5,,,4.0
2021,11.0,Clemson,UConn,50.5,,,4.0
2021,11.0,Coastal Carolina,Georgia State,53.5,,,4.0
2021,11.0,Colorado State,Air Force,45.0,,,4.0
2021,11.0,Eastern Michigan,Ohio,61.75,,,4.0
2021,11.0,Florida,Samford,68.5,,,3.0
2021,11.0,Florida State,Miami,61.25,,,4.0
2021,11.0,Fresno State,New Mexico,51.0,,,4.0
2021,11.0,Georgia Tech,Boston College,55.0,,,4.0
2021,11.0,Indiana,Rutgers,42.5,,,4.0
2021,11.0,Iowa,Minnesota,37.0,,,4.0
2021,11.0,Kansas State,West Virginia,47.0,,,4.0
2021,11.0,LSU,Arkansas,59.5,,,4.0
2021,11.0,Louisiana Tech,Charlotte,58.25,,,4.0
2021,11.0,Louisville,Syracuse,55.5,,,4.0
2021,11.0,Marshall,UAB,55.5,,,4.0
2021,11.0,Massachusetts,Maine,58.5,,,3.0
2021,11.0,Memphis,East Carolina,58.75,,,4.0
2021,11.0,Miami (OH),Buffalo,58.0,,,4.0
2021,11.0,Michigan State,Maryland,60.5,,,4.0
2021,11.0,Middle Tennessee,Florida International,55.0,,,4.0
2021,11.0,Missouri,South Carolina,55.75,,,4.0
2021,11.0,North Texas,UTEP,55.0,,,4.0
2021,11.0,Northern Illinois,Ball State,59.5,,,4.0
2021,11.0,Ohio State,Purdue,65.0,,,4.0
2021,11.0,Oklahoma State,TCU,54.0,,,4.0
2021,11.0,Old Dominion,Florida Atlantic,48.0,,,4.0
2021,11.0,Ole Miss,Texas A&M,57.5,,,4.0
2021,11.0,Oregon,Washington State,57.75,,,4.0
2021,11.0,Oregon State,Stanford,56.25,,,4.0
2021,11.0,Penn State,Michigan,48.0,,,4.0
2021,11.0,Pittsburgh,North Carolina,72.0,,,4.0
2021,11.0,Rice,Western Kentucky,61.5,,,4.0
2021,11.0,SMU,UCF,61.5,,,4.0
2021,11.0,San Diego State,Nevada,45.0,,,4.0
2021,11.0,San José State,Utah State,58.0,,,4.0
2021,11.0,South Florida,Cincinnati,58.5,,,4.0
2021,11.0,Temple,Houston,52.5,,,4.0
2021,11.0,Tennessee,Georgia,55.75,,,4.0
2021,11.0,Texas,Kansas,61.5,,,4.0
2021,11.0,Texas State,Georgia Southern,52.0,,,4.0
2021,11.0,Texas Tech,Iowa State,55.5,,,4.0
2021,11.0,Troy,Louisiana,48.0,,,4.0
2021,11.0,Tulane,Tulsa,55.5,,,4.0
2021,11.0,UCLA,Colorado,57.25,,,4.0
2021,11.0,UL Monroe,Arkansas State,66.5,,,4.0
2021,11.0,UNLV,Hawai'i,55.5,,,4.0
2021,11.0,UTSA,Southern Miss,54.5,,,4.0
2021,11.0,Vanderbilt,Kentucky,52.5,,,4.0
2021,11.0,Virginia,Notre Dame,62.25,,,4.0
2021,11.0,Virginia Tech,Duke,50.5,,,4.0
2021,11.0,Wake Forest,NC State,64.5,,,4.0
2021,11.0,Washington,Arizona State,45.5,,,4.0
2021,11.0,Western Michigan,Akron,62.0,,,4.0
2021,11.0,Wisconsin,Northwestern,41.5,,,4.0
2021,12.0,Akron,Kent State,72.5,,,4.0
2021,12.0,Alabama,Arkansas,58.5,,,4.0
2021,12.0,Army,Massachusetts,56.0,,,4.0
2021,12.0,Ball State,Central Michigan,57.0,,,4.0
2021,12.0,Boise State,New Mexico,48.0,,,4.0
2021,12.0,Boston College,Florida State,55.5,,,4.0
2021,12.0,Buffalo,Northern Illinois,59.0,,,4.0
2021,12.0,Charlotte,Marshall,62.0,,,4.0
2021,12.0,Cincinnati,SMU,65.5,,,4.0
2021,12.0,Clemson,Wake Forest,57.0,,,4.0
2021,12.0,Coastal Carolina,Texas State,60.0,,,4.0
2021,12.0,Colorado,Washington,43.0,,,4.0
2021,12.0,Duke,Louisville,60.5,,,4.0
2021,12.0,Eastern Michigan,Western Michigan,66.0,,,4.0
2021,12.0,Florida International,North Texas,57.25,,,4.0
2021,12.0,Georgia,Charleston Southern,59.0,,,3.0
2021,12.0,Georgia Southern,BYU,57.25,,,4.0
2021,12.0,Georgia State,Arkansas State,66.0,,,4.0
2021,12.0,Hawai'i,Colorado State,53.75,,,4.0
2021,12.0,Houston,Memphis,59.25,,,4.0
2021,12.0,Indiana,Minnesota,43.25,,,4.0
2021,12.0,Iowa,Illinois,38.25,,,4.0
2021,12.0,Kansas State,Baylor,50.0,,,4.0
2021,12.0,Kentucky,New Mexico State,61.0,,,4.0
2021,12.0,LSU,UL Monroe,57.5,,,4.0
2021,12.0,Liberty,Louisiana,53.5,,,4.0
2021,12.0,Louisiana Tech,Southern Miss,47.5,,,4.0
2021,12.0,Maryland,Michigan,57.75,,,4.0
2021,12.0,Miami,Virginia Tech,55.5,,,4.0
2021,12.0,Miami (OH),Bowling Green,52.0,,,4.0
2021,12.0,Middle Tennessee,Old Dominion,48.5,,,4.0
2021,12.0,Mississippi State,Tennessee State,56.5,,,3.0
2021,12.0,Missouri,Florida,69.0,,,4.0
2021,12.0,NC State,Syracuse,49.5,,,4.0
2021,12.0,Navy,East Carolina,46.5,,,4.0
2021,12.0,Nevada,Air Force,54.25,,,4.0
2021,12.0,North Carolina,Wofford,62.0,,,3.0
2021,12.0,Northwestern,Purdue,47.5,,,4.0
2021,12.0,Notre Dame,Georgia Tech,57.75,,,4.0
2021,12.0,Ohio,Toledo,57.5,,,4.0
2021,12.0,Ohio State,Michigan State,70.5,,,4.0
2021,12.0,Oklahoma,Iowa State,59.0,,,4.0
2021,12.0,Ole Miss,Vanderbilt,65.5,,,4.0
2021,12.0,Oregon State,Arizona State,59.0,,,4.0
2021,12.0,Penn State,Rutgers,45.0,,,4.0
2021,12.0,Pittsburgh,Virginia,67.5,,,4.0
2021,12.0,South Carolina,Auburn,45.25,,,4.0
2021,12.0,Stanford,California,46.0,,,4.0
2021,12.0,TCU,Kansas,64.5,,,4.0
2021,12.0,Tennessee,South Alabama,61.5,,,4.0
2021,12.0,Texas A&M,Prairie View A&M,50.0,,,3.0
2021,12.0,Texas Tech,Oklahoma State,55.0,,,4.0
2021,12.0,Troy,App State,51.5,,,4.0
2021,12.0,Tulane,South Florida,59.5,,,4.0
2021,12.0,Tulsa,Temple,50.5,,,4.0
2021,12.0,UCF,UConn,55.75,,,4.0
2021,12.0,UNLV,San Diego State,41.0,,,4.0
2021,12.0,USC,UCLA,65.5,,,4.0
2021,12.0,UTEP,Rice,47.0,,,4.0
2021,12.0,UTSA,UAB,53.5,,,4.0
2021,12.0,Utah,Oregon,58.5,,,4.0
2021,12.0,Utah State,Wyoming,52.0,,,4.0
2021,12.0,Washington State,Arizona,52.5,,,4.0
2021,12.0,West Virginia,Texas,56.5,,,4.0
2021,12.0,Western Kentucky,Florida Atlantic,64.0,,,4.0
2021,12.0,Wisconsin,Nebraska,43.5,,,4.0
2021,13.0,Air Force,UNLV,49.5,,,4.0
2021,13.0,App State,Georgia Southern,55.0,,,4.0
2021,13.0,Arizona State,Arizona,53.0,,,4.0
2021,13.0,Arkansas,Missouri,63.25,,,4.0
2021,13.0,Arkansas State,Texas State,62.25,,,4.0
2021,13.0,Auburn,Alabama,57.0,,,4.0
2021,13.0,Ball State,Buffalo,59.5,,,4.0
2021,13.0,Baylor,Texas Tech,51.5,,,4.0
2021,13.0,Boston College,Wake Forest,64.0,,,4.0
2021,13.0,Bowling Green,Ohio,48.5,,,4.0
2021,13.0,Central Michigan,Eastern Michigan,63.5,,,4.0
2021,13.0,Colorado State,Nevada,57.75,,,4.0
2021,13.0,Duke,Miami,67.0,,,4.0
2021,13.0,East Carolina,Cincinnati,56.5,,,4.0
2021,13.0,Florida,Florida State,58.5,,,4.0
2021,13.0,Florida Atlantic,Middle Tennessee,49.5,,,4.0
2021,13.0,Georgia State,Troy,49.5,,,4.0
2021,13.0,Georgia Tech,Georgia,54.5,,,4.0
2021,13.0,Illinois,Northwestern,44.5,,,4.0
2021,13.0,Iowa State,TCU,61.25,,,4.0
2021,13.0,Kansas,West Virginia,55.5,,,4.0
2021,13.0,Kent State,Miami (OH),67.0,,,4.0
2021,13.0,LSU,Texas A&M,46.75,,,4.0
2021,13.0,Liberty,Army,51.75,,,4.0
2021,13.0,Louisiana,UL Monroe,55.25,,,4.0
2021,13.0,Louisville,Kentucky,57.75,,,4.0
2021,13.0,Marshall,Western Kentucky,75.0,,,4.0
2021,13.0,Memphis,Tulane,58.0,,,4.0
2021,13.0,Michigan,Ohio State,64.5,,,4.0
2021,13.0,Michigan State,Penn State,51.5,,,4.0
2021,13.0,Minnesota,Wisconsin,39.0,,,4.0
2021,13.0,Mississippi State,Ole Miss,65.0,,,4.0
2021,13.0,NC State,North Carolina,61.25,,,4.0
2021,13.0,Nebraska,Iowa,41.0,,,4.0
2021,13.0,New Mexico,Utah State,48.0,,,4.0
2021,13.0,New Mexico State,Massachusetts,59.0,,,4.0
2021,13.0,North Texas,UTSA,59.5,,,4.0
2021,13.0,Northern Illinois,Western Michigan,58.5,,,4.0
2021,13.0,Oklahoma State,Oklahoma,49.75,,,4.0
2021,13.0,Old Dominion,Charlotte,55.75,,,4.0
2021,13.0,Oregon,Oregon State,61.25,,,4.0
2021,13.0,Purdue,Indiana,50.5,,,4.0
2021,13.0,Rice,Louisiana Tech,52.5,,,4.0
2021,13.0,Rutgers,Maryland,53.0,,,4.0
2021,13.0,SMU,Tulsa,62.5,,,4.0
2021,13.0,San Diego State,Boise State,44.25,,,4.0
2021,13.0,San José State,Fresno State,52.5,,,4.0
2021,13.0,South Alabama,Coastal Carolina,55.0,,,4.0
2021,13.0,South Carolina,Clemson,42.5,,,4.0
2021,13.0,Southern Miss,Florida International,46.0,,,4.0
2021,13.0,Stanford,Notre Dame,53.0,,,4.0
2021,13.0,Syracuse,Pittsburgh,58.25,,,4.0
2021,13.0,Temple,Navy,42.5,,,4.0
2021,13.0,Tennessee,Vanderbilt,64.5,,,4.0
2021,13.0,Texas,Kansas State,54.5,,,4.0
2021,13.0,Toledo,Akron,57.5,,,4.0
2021,13.0,UAB,UTEP,49.75,,,4.0
2021,13.0,UCF,South Florida,62.0,,,4.0
2021,13.0,UCLA,California,58.5,,,4.0
2021,13.0,UConn,Houston,54.5,,,4.0
2021,13.0,USC,BYU,65.5,,,4.0
2021,13.0,Utah,Colorado,52.5,,,4.0
2021,13.0,Virginia,Virginia Tech,63.5,,,4.0
2021,13.0,Washington,Washington State,45.0,,,4.0
2021,13.0,Wyoming,Hawai'i,48.5,,,4.0
2021,14.0,Alabama,Georgia,48.75,,,4.0
2021,14.0,California,USC,57.5,,,3.0
2021,14.0,Cincinnati,Houston,52.5,,,4.0
2021,14.0,Iowa,Michigan,44.0,,,4.0
2021,14.0,Louisiana,App State,52.0,,,4.0
2021,14.0,Northern Illinois,Kent State,75.5,,,4.0
2021,14.0,Oklahoma State,Baylor,45.0,,,4.0
2021,14.0,San Diego State,Utah State,49.5,,,4.0
2021,14.0,UTSA,Western Kentucky,74.5,,,4.0
2021,14.0,Utah,Oregon,57.5,,,4.0
2021,14.0,Wake Forest,Pittsburgh,72.5,,,4.0
2021,15.0,Army,Navy,35.5,,,4.0
2022,1.0,Abilene Christian,Lamar,50.5,,,3.0
2022,1.0,Air Force,Baylor,42.25,,,4.0
2022,1.0,Air Force,Northern Iowa,46.5,,,3.0
2022,1.0,Alabama,Utah State,63.0,,,4.0
2022,1.0,Alabama State,Howard,53.5,,,3.0
2022,1.0,Alcorn State,Stephen F. Austin,50.5,,,2.0
2022,1.0,App State,North Carolina,56.25,,,4.0
2022,1.0,Arizona State,Northern Arizona,52.5,,,3.0
2022,1.0,Arkansas,Cincinnati,54.5,,,4.0
2022,1.0,Arkansas,Kansas,70.5,,,4.0
2022,1.0,Arkansas State,Grambling,57.0,,,3.0
2022,1.0,Auburn,Mercer,51.5,,,3.0
2022,1.0,Austin Peay,Presbyterian,61.5,,,2.0
2022,1.0,BYU,SMU,65.0,,,4.0
2022,1.0,Baylor,UAlbany,46.5,,,3.0
2022,1.0,Boise State,North Texas,63.0,,,4.0
2022,1.0,Boston College,Rutgers,47.0,,,4.0
2022,1.0,Bowling Green,New Mexico State,50.5,,,4.0
2022,1.0,Bucknell,Towson,49.5,,,2.0
2022,1.0,Buffalo,Georgia Southern,66.5,,,4.0
2022,1.0,California,UC Davis,44.0,,,3.0
2022,1.0,Campbell,The Citadel,56.0,,,3.0
2022,1.0,Central Arkansas,Missouri State,66.0,,,3.0
2022,1.0,Charleston Southern,Western Carolina,63.25,,,2.0
2022,1.0,Charlotte,William & Mary,52.0,,,3.0
2022,1.0,Chattanooga,Wofford,42.0,,,2.0
2022,1.0,Clemson,Tennessee,61.5,,,4.0
2022,1.0,Coastal Carolina,Army,54.0,,,4.0
2022,1.0,Colorado,TCU,59.5,,,4.0
2022,1.0,Duke,Temple,51.5,,,4.0
2022,1.0,Duke,UCF,62.75,,,4.0
2022,1.0,East Carolina,Coastal Carolina,67.0,,,4.0
2022,1.0,East Carolina,NC State,51.75,,,4.0
2022,1.0,Eastern Michigan,Eastern Kentucky,57.5,,,3.0
2022,1.0,Eastern Washington,Tennessee State,62.5,,,1.0
2022,1.0,Florida,Utah,51.5,,,4.0
2022,1.0,Florida Atlantic,Charlotte,60.0,,,1.0
2022,1.0,Florida International,Bryant,58.5,,,3.0
2022,1.0,Florida State,Duquesne,57.0,,,3.0
2022,1.0,Florida State,LSU,51.0,,,1.0
2022,1.0,Florida State,Oklahoma,66.75,,,4.0
2022,1.0,Fresno State,Cal Poly,63.0,,,3.0
2022,1.0,Fresno State,Washington State,54.0,,,4.0
2022,1.0,Georgia,Ohio State,62.0,,,4.0
2022,1.0,Georgia,Oregon,54.5,,,4.0
2022,1.0,Georgia,TCU,61.75,,,4.0
2022,1.0,Georgia Southern,Morgan State,54.0,,,3.0
2022,1.0,Georgia Tech,Clemson,51.5,,,4.0
2022,1.0,Hampton,Howard,58.0,,,2.0
2022,1.0,Hawai'i,Vanderbilt,54.5,,,4.0
2022,1.0,Hawai'i,Western Kentucky,67.5,,,4.0
2022,1.0,Houston,Louisiana,56.5,,,4.0
2022,1.0,Illinois,Mississippi State,46.5,,,4.0
2022,1.0,Illinois,Wyoming,42.75,,,4.0
2022,1.0,Incarnate Word,Southern Illinois,65.0,,,2.0
2022,1.0,Indiana,Illinois,47.5,,,4.0
2022,1.0,Indiana State,North Alabama,51.5,,,3.0
2022,1.0,Iowa,South Dakota State,42.0,,,3.0
2022,1.0,Iowa State,Southeast Missouri State,54.5,,,2.0
2022,1.0,Jacksonville State,Davidson,61.5,,,1.0
2022,1.0,Jacksonville State,Stephen F. Austin,55.5,,,3.0
2022,1.0,James Madison,Middle Tennessee,60.5,,,4.0
2022,1.0,Kansas,Tennessee Tech,62.0,,,3.0
2022,1.0,Kansas State,Alabama,58.0,,,4.0
2022,1.0,Kansas State,South Dakota,50.5,,,3.0
2022,1.0,Kentucky,Iowa,31.5,,,4.0
2022,1.0,Kentucky,Miami (OH),55.0,,,4.0
2022,1.0,Lafayette,Sacred Heart,36.5,,,2.0
2022,1.0,Louisiana,SE Louisiana,61.0,,,3.0
2022,1.0,Louisville,Cincinnati,38.5,,,4.0
2022,1.0,Marist,Georgetown,43.0,,,1.0
2022,1.0,Marshall,Norfolk State,59.0,,,3.0
2022,1.0,Maryland,Buffalo,65.75,,,4.0
2022,1.0,Mercer,Morehead State,56.5,,,3.0
2022,1.0,Merrimack,Holy Cross,49.5,,,3.0
2022,1.0,Miami,Bethune-Cookman,60.5,,,2.0
2022,1.0,Michigan,Colorado State,60.75,,,4.0
2022,1.0,Michigan,TCU,56.0,,,4.0
2022,1.0,Michigan State,Western Michigan,54.5,,,4.0
2022,1.0,Minnesota,New Mexico State,52.5,,,4.0
2022,1.0,Minnesota,Syracuse,44.75,,,4.0
2022,1.0,Mississippi State,Memphis,58.0,,,4.0
2022,1.0,Missouri,Louisiana Tech,62.5,,,4.0
2022,1.0,Missouri,Wake Forest,58.75,,,4.0
2022,1.0,Montana,Northwestern State,47.5,,,2.0
2022,1.0,Montana State,McNeese,46.0,,,1.0
2022,1.0,NC State,Maryland,45.25,,,4.0
2022,1.0,Navy,Delaware,49.0,,,3.0
2022,1.0,Nebraska,North Dakota,62.5,,,3.0
2022,1.0,Nevada,Texas State,51.5,,,4.0
2022,1.0,New Hampshire,Monmouth,48.5,,,3.0
2022,1.0,New Mexico,Maine,42.5,,,3.0
2022,1.0,New Mexico State,Nevada,48.0,,,4.0
2022,1.0,North Carolina,Florida A&M,56.5,,,3.0
2022,1.0,North Carolina,Oregon,76.0,,,4.0
2022,1.0,North Carolina Central,Jackson State,55.0,,,3.0
2022,1.0,North Carolina Central,North Carolina A&T,49.0,,,2.0
2022,1.0,North Dakota State,Drake,52.0,,,2.0
2022,1.0,North Dakota State,Incarnate Word,70.0,,,1.0
2022,1.0,North Texas,SMU,67.5,,,4.0
2022,1.0,Northern Colorado,Houston Christian,53.5,,,1.0
2022,1.0,Northern Illinois,Eastern Illinois,55.5,,,3.0
2022,1.0,Northwestern,Nebraska,52.25,,,4.0
2022,1.0,Ohio,Florida Atlantic,51.0,,,4.0
2022,1.0,Ohio State,Notre Dame,58.5,,,4.0
2022,1.0,Oklahoma,UTEP,58.0,,,4.0
2022,1.0,Oklahoma State,Central Michigan,58.0,,,4.0
2022,1.0,Oklahoma State,Wisconsin,45.0,,,4.0
2022,1.0,Old Dominion,Virginia Tech,48.5,,,4.0
2022,1.0,Ole Miss,Texas Tech,72.5,,,4.0
2022,1.0,Ole Miss,Troy,57.0,,,4.0
2022,1.0,Oregon State,Boise State,55.5,,,4.0
2022,1.0,Oregon State,Florida,51.75,,,4.0
2022,1.0,Pittsburgh,West Virginia,50.5,,,4.0
2022,1.0,Prairie View A&M,Texas Southern,60.5,,,2.0
2022,1.0,Purdue,LSU,54.25,,,4.0
2022,1.0,Purdue,Penn State,53.5,,,4.0
2022,1.0,Robert Morris,Dayton,59.5,,,1.0
2022,1.0,Samford,Kennesaw State,68.5,,,1.0
2022,1.0,San Diego State,Arizona,46.5,,,4.0
2022,1.0,San Diego State,Middle Tennessee,47.0,,,4.0
2022,1.0,San José State,Eastern Michigan,54.0,,,4.0
2022,1.0,San José State,Portland State,51.0,,,3.0
2022,1.0,South Alabama,Nicholls,53.0,,,3.0
2022,1.0,South Alabama,Western Kentucky,58.0,,,4.0
2022,1.0,South Carolina,Georgia State,54.75,,,4.0
2022,1.0,South Carolina,Notre Dame,50.5,,,4.0
2022,1.0,South Dakota State,Montana State,56.75,,,2.0
2022,1.0,South Dakota State,North Dakota State,47.0,,,2.0
2022,1.0,South Florida,BYU,58.5,,,4.0
2022,1.0,Southern Miss,Liberty,50.0,,,4.0
2022,1.0,Southern Miss,Rice,45.5,,,4.0
2022,1.0,Southern Utah,St. Thomas (MN),49.5,,,2.0
2022,1.0,Stanford,Colgate,51.5,,,3.0
2022,1.0,Stony Brook,Rhode Island,46.0,,,3.0
2022,1.0,Syracuse,Louisville,55.0,,,1.0
2022,1.0,Tarleton State,Mississippi Valley State,51.0,,,2.0
2022,1.0,Tennessee,Ball State,66.5,,,4.0
2022,1.0,Texas,UL Monroe,64.5,,,4.0
2022,1.0,Texas A&M,Sam Houston,54.0,,,3.0
2022,1.0,Texas Tech,Murray State,64.0,,,3.0
2022,1.0,Toledo,Liberty,51.0,,,4.0
2022,1.0,Toledo,Long Island University,57.0,,,3.0
2022,1.0,Troy,UTSA,56.5,,,4.0
2022,1.0,Tulane,Massachusetts,59.0,,,4.0
2022,1.0,UAB,Alabama A&M,60.5,,,3.0
2022,1.0,UAB,Miami (OH),45.75,,,4.0
2022,1.0,UCF,South Carolina State,58.0,,,3.0
2022,1.0,UCLA,Bowling Green,56.5,,,4.0
2022,1.0,UCLA,Pittsburgh,54.5,,,4.0
2022,1.0,UConn,Central Connecticut,51.0,,,3.0
2022,1.0,UConn,Marshall,42.0,,,4.0
2022,1.0,UNLV,Idaho State,51.0,,,3.0
2022,1.0,USC,Rice,61.5,,,4.0
2022,1.0,USC,Tulane,66.5,,,4.0
2022,1.0,UT Martin,Western Illinois,61.5,,,2.0
2022,1.0,UTEP,North Texas,52.5,,,4.0
2022,1.0,UTSA,Houston,62.0,,,4.0
2022,1.0,Utah,Penn State,55.0,,,4.0
2022,1.0,Utah State,Memphis,57.0,,,4.0
2022,1.0,Utah State,UConn,59.25,,,4.0
2022,1.0,Vanderbilt,Elon,51.5,,,3.0
2022,1.0,Villanova,Lehigh,43.0,,,3.0
2022,1.0,Virginia,Richmond,60.5,,,3.0
2022,1.0,Wagner,Fordham,64.0,,,3.0
2022,1.0,Wake Forest,VMI,66.5,,,3.0
2022,1.0,Washington,Kent State,61.5,,,4.0
2022,1.0,Washington,Texas,67.0,,,4.0
2022,1.0,Washington State,Idaho,63.5,,,3.0
2022,1.0,Western Kentucky,Austin Peay,72.0,,,3.0
2022,1.0,Wisconsin,Illinois State,42.5,,,3.0
2022,1.0,Wyoming,Ohio,43.0,,,4.0
2022,1.0,Wyoming,Tulsa,46.0,,,4.0
2022,1.0,Youngstown State,Duquesne,53.75,,,2.0
2022,2.0,Air Force,Colorado,50.0,,,4.0
2022,2.0,Arizona,Mississippi State,58.0,,,4.0
2022,2.0,Arkansas,South Carolina,56.25,,,4.0
2022,2.0,Army,UTSA,54.0,,,4.0
2022,2.0,Auburn,San José State,48.5,,,4.0
2022,2.0,BYU,Baylor,55.0,,,4.0
2022,2.0,Ball State,Western Michigan,51.5,,,4.0
2022,2.0,Bowling Green,Eastern Kentucky,57.0,,,2.0
2022,2.0,Buffalo,Holy Cross,51.5,,,2.0
2022,2.0,California,UNLV,49.5,,,4.0
2022,2.0,Central Michigan,South Alabama,57.5,,,4.0
2022,2.0,Charlotte,Maryland,65.0,,,4.0
2022,2.0,Clemson,Furman,51.5,,,2.0
2022,2.0,Coastal Carolina,Gardner-Webb,66.5,,,2.0
2022,2.0,Colorado State,Middle Tennessee,58.25,,,4.0
2022,2.0,East Carolina,Old Dominion,49.75,,,4.0
2022,2.0,Florida,Kentucky,52.75,,,4.0
2022,2.0,Florida Atlantic,SE Louisiana,63.5,,,2.0
2022,2.0,Fresno State,Oregon State,58.75,,,4.0
2022,2.0,Georgia,Samford,62.5,,,2.0
2022,2.0,Georgia State,North Carolina,64.25,,,4.0
2022,2.0,Georgia Tech,Western Carolina,65.75,,,2.0
2022,2.0,Illinois,Virginia,55.0,,,4.0
2022,2.0,Indiana,Idaho,50.5,,,2.0
2022,2.0,Iowa,Iowa State,39.0,,,4.0
2022,2.0,James Madison,Norfolk State,54.25,,,2.0
2022,2.0,Kansas State,Missouri,52.5,,,4.0
2022,2.0,LSU,Southern,57.5,,,2.0
2022,2.0,Liberty,UAB,50.0,,,4.0
2022,2.0,Louisiana,Eastern Michigan,56.0,,,4.0
2022,2.0,Louisiana Tech,Stephen F. Austin,65.0,,,2.0
2022,2.0,Miami,Southern Miss,50.5,,,4.0
2022,2.0,Miami (OH),Robert Morris,54.0,,,2.0
2022,2.0,Michigan,Hawai'i,66.5,,,4.0
2022,2.0,Michigan State,Akron,56.0,,,4.0
2022,2.0,Minnesota,Western Illinois,57.25,,,2.0
2022,2.0,Missouri State,UT Martin,59.0,,,1.0
2022,2.0,NC State,Charleston Southern,55.25,,,2.0
2022,2.0,Navy,Memphis,47.25,,,4.0
2022,2.0,Nebraska,Georgia Southern,64.0,,,4.0
2022,2.0,Nevada,Incarnate Word,61.5,,,2.0
2022,2.0,New Mexico,Boise State,43.5,,,4.0
2022,2.0,North Texas,Texas Southern,64.5,,,2.0
2022,2.0,Northwestern,Duke,56.0,,,4.0
2022,2.0,Notre Dame,Marshall,48.0,,,4.0
2022,2.0,Ohio State,Arkansas State,68.5,,,4.0
2022,2.0,Oklahoma,Kent State,72.75,,,4.0
2022,2.0,Oklahoma State,Arizona State,58.25,,,4.0
2022,2.0,Ole Miss,Central Arkansas,61.0,,,2.0
2022,2.0,Oregon,Eastern Washington,69.5,,,2.0
2022,2.0,Penn State,Ohio,55.0,,,4.0
2022,2.0,Pittsburgh,Tennessee,62.75,,,4.0
2022,2.0,Purdue,Indiana State,54.0,,,2.0
2022,2.0,Rice,McNeese,52.5,,,2.0
2022,2.0,Rutgers,Wagner,55.5,,,2.0
2022,2.0,SMU,Lamar,65.75,,,2.0
2022,2.0,San Diego State,Idaho State,50.5,,,2.0
2022,2.0,South Florida,Howard,61.5,,,2.0
2022,2.0,Stanford,USC,66.5,,,4.0
2022,2.0,TCU,Tarleton State,66.5,,,2.0
2022,2.0,Temple,Lafayette,39.5,,,2.0
2022,2.0,Texas,Alabama,63.75,,,4.0
2022,2.0,Texas A&M,App State,54.0,,,4.0
2022,2.0,Texas State,Florida International,62.5,,,4.0
2022,2.0,Texas Tech,Houston,62.25,,,4.0
2022,2.0,Toledo,Massachusetts,49.0,,,4.0
2022,2.0,Troy,Alabama A&M,52.0,,,2.0
2022,2.0,Tulane,Alcorn State,59.25,,,2.0
2022,2.0,Tulsa,Northern Illinois,63.0,,,4.0
2022,2.0,UCF,Louisville,62.5,,,4.0
2022,2.0,UCLA,Alabama State,62.0,,,2.0
2022,2.0,UConn,Syracuse,49.5,,,4.0
2022,2.0,UL Monroe,Nicholls,58.5,,,2.0
2022,2.0,UTEP,New Mexico State,46.5,,,4.0
2022,2.0,Utah,Southern Utah,58.5,,,2.0
2022,2.0,Utah State,Weber State,59.25,,,2.0
2022,2.0,Vanderbilt,Wake Forest,65.25,,,4.0
2022,2.0,Virginia Tech,Boston College,45.0,,,4.0
2022,2.0,Washington,Portland State,55.0,,,2.0
2022,2.0,West Virginia,Kansas,59.75,,,4.0
2022,2.0,Wisconsin,Washington State,49.0,,,4.0
2022,2.0,Wyoming,Northern Colorado,54.5,,,2.0
2022,3.0,Alabama,UL Monroe,61.5,,,4.0
2022,3.0,Alabama A&M,Austin Peay,65.5,,,2.0
2022,3.0,App State,Troy,52.0,,,4.0
2022,3.0,Arizona,North Dakota State,49.0,,,2.0
2022,3.0,Arizona State,Eastern Michigan,56.5,,,4.0
2022,3.0,Arkansas,Missouri State,59.75,,,2.0
2022,3.0,Army,Villanova,56.0,,,3.0
2022,3.0,Auburn,Penn State,47.5,,,4.0
2022,3.0,Ball State,Murray State,53.0,,,3.0
2022,3.0,Baylor,Texas State,53.0,,,4.0
2022,3.0,Boise State,UT Martin,53.5,,,2.0
2022,3.0,Boston College,Maine,48.0,,,2.0
2022,3.0,Bowling Green,Marshall,50.0,,,4.0
2022,3.0,Brown,Bryant,64.0,,,3.0
2022,3.0,Central Michigan,Bucknell,59.0,,,3.0
2022,3.0,Chattanooga,North Alabama,45.0,,,2.0
2022,3.0,Clemson,Louisiana Tech,53.5,,,4.0
2022,3.0,Coastal Carolina,Buffalo,59.75,,,4.0
2022,3.0,Dartmouth,Valparaiso,48.0,,,2.0
2022,3.0,Duke,North Carolina A&T,53.0,,,2.0
2022,3.0,East Carolina,Campbell,58.0,,,2.0
2022,3.0,East Tennessee State,Furman,47.5,,,2.0
2022,3.0,Eastern Kentucky,Charleston Southern,59.5,,,2.0
2022,3.0,Elon,Gardner-Webb,55.0,,,2.0
2022,3.0,Florida,South Florida,58.0,,,4.0
2022,3.0,Florida Atlantic,UCF,61.5,,,4.0
2022,3.0,Fordham,UAlbany,61.25,,,2.0
2022,3.0,Georgia State,Charlotte,63.75,,,4.0
2022,3.0,Georgia Tech,Ole Miss,62.75,,,4.0
2022,3.0,Harvard,Merrimack,50.5,,,3.0
2022,3.0,Holy Cross,Yale,52.0,,,2.0
2022,3.0,Houston,Kansas,58.0,,,4.0
2022,3.0,Idaho,Drake,48.0,,,2.0
2022,3.0,Idaho State,Central Arkansas,54.5,,,1.0
2022,3.0,Illinois State,Eastern Illinois,41.5,,,2.0
2022,3.0,Indiana,Western Kentucky,61.5,,,4.0
2022,3.0,Indiana State,Montana,39.0,,,3.0
2022,3.0,Iowa,Nevada,39.5,,,4.0
2022,3.0,Iowa State,Ohio,48.0,,,4.0
2022,3.0,Jackson State,Grambling,44.5,,,2.0
2022,3.0,Kansas State,Tulane,49.0,,,4.0
2022,3.0,Kent State,Long Island University,64.5,,,3.0
2022,3.0,Kentucky,Youngstown State,49.5,,,3.0
2022,3.0,LSU,Mississippi State,53.0,,,4.0
2022,3.0,Lafayette,William & Mary,38.5,,,2.0
2022,3.0,Lamar,Northern Colorado,51.5,,,2.0
2022,3.0,Lehigh,Richmond,46.5,,,3.0
2022,3.0,Louisville,Florida State,57.0,,,4.0
2022,3.0,Marist,Columbia,50.5,,,2.0
2022,3.0,Maryland,SMU,73.75,,,4.0
2022,3.0,Massachusetts,Stony Brook,44.0,,,3.0
2022,3.0,McNeese,Alcorn State,50.5,,,1.0
2022,3.0,Memphis,Arkansas State,64.0,,,4.0
2022,3.0,Mercer,The Citadel,48.25,,,2.0
2022,3.0,Miami (OH),Cincinnati,51.0,,,4.0
2022,3.0,Michigan,UConn,59.0,,,4.0
2022,3.0,Middle Tennessee,Tennessee State,52.25,,,2.0
2022,3.0,Minnesota,Colorado,47.5,,,4.0
2022,3.0,Missouri,Abilene Christian,56.5,,,3.0
2022,3.0,Monmouth,Georgetown,54.5,,,2.0
2022,3.0,Morgan State,Sacred Heart,32.5,,,3.0
2022,3.0,NC State,Texas Tech,55.75,,,4.0
2022,3.0,Nebraska,Oklahoma,65.5,,,4.0
2022,3.0,New Hampshire,North Carolina Central,44.5,,,2.0
2022,3.0,New Mexico,UTEP,38.0,,,4.0
2022,3.0,Norfolk State,Hampton,64.0,,,1.0
2022,3.0,Northern Arizona,North Dakota,48.0,,,1.0
2022,3.0,Northern Illinois,Vanderbilt,58.5,,,4.0
2022,3.0,Northern Iowa,Sacramento State,53.0,,,2.0
2022,3.0,Northwestern,Southern Illinois,58.5,,,3.0
2022,3.0,Notre Dame,California,41.0,,,4.0
2022,3.0,Ohio State,Toledo,63.0,,,4.0
2022,3.0,Oklahoma State,Arkansas-Pine Bluff,64.5,,,2.0
2022,3.0,Oregon,BYU,58.0,,,4.0
2022,3.0,Oregon State,Montana State,56.5,,,2.0
2022,3.0,Pennsylvania,Colgate,41.5,,,2.0
2022,3.0,Prairie View A&M,Incarnate Word,66.5,,,2.0
2022,3.0,Rhode Island,Delaware,47.0,,,3.0
2022,3.0,Rice,Louisiana,52.0,,,4.0
2022,3.0,SE Louisiana,Central Connecticut,56.0,,,2.0
2022,3.0,South Carolina,Georgia,56.0,,,4.0
2022,3.0,South Dakota,Cal Poly,50.0,,,2.0
2022,3.0,South Dakota State,Butler,59.5,,,2.0
2022,3.0,Southeast Missouri State,Nicholls,61.5,,,2.0
2022,3.0,Southern,Texas Southern,68.5,,,2.0
2022,3.0,Southern Miss,Northwestern State,50.5,,,2.0
2022,3.0,Stetson,Princeton,56.25,,,2.0
2022,3.0,Syracuse,Purdue,59.5,,,4.0
2022,3.0,Temple,Rutgers,42.75,,,4.0
2022,3.0,Tennessee,Akron,67.0,,,4.0
2022,3.0,Tennessee Tech,Samford,60.5,,,2.0
2022,3.0,Texas,UTSA,57.0,,,4.0
2022,3.0,Texas A&M,Miami,45.5,,,4.0
2022,3.0,Tulsa,Jacksonville State,64.0,,,2.0
2022,3.0,UAB,Georgia Southern,59.0,,,4.0
2022,3.0,UC Davis,San Diego,53.0,,,2.0
2022,3.0,UCLA,South Alabama,59.0,,,4.0
2022,3.0,UNLV,North Texas,62.5,,,4.0
2022,3.0,USC,Fresno State,71.5,,,4.0
2022,3.0,Utah,San Diego State,48.5,,,4.0
2022,3.0,VMI,Cornell,54.5,,,3.0
2022,3.0,Virginia,Old Dominion,52.5,,,4.0
2022,3.0,Virginia Tech,Wofford,45.5,,,3.0
2022,3.0,Wagner,Saint Francis,50.0,,,1.0
2022,3.0,Wake Forest,Liberty,64.0,,,4.0
2022,3.0,Washington,Michigan State,56.5,,,4.0
2022,3.0,Washington State,Colorado State,52.25,,,4.0
2022,3.0,West Virginia,Towson,58.5,,,3.0
2022,3.0,Western Carolina,Presbyterian,65.5,,,2.0
2022,3.0,Western Michigan,Pittsburgh,46.0,,,4.0
2022,3.0,Wisconsin,New Mexico State,45.25,,,4.0
2022,3.0,Wyoming,Air Force,47.0,,,4.0
2022,4.0,Air Force,Nevada,47.0,,,4.0
2022,4.0,Alabama,Vanderbilt,60.75,,,4.0
2022,4.0,Alabama State,Prairie View A&M,42.5,,,1.0
2022,4.0,Alcorn State,Arkansas-Pine Bluff,59.0,,,2.0
2022,4.0,App State,James Madison,57.0,,,4.0
2022,4.0,Arizona State,Utah,54.0,,,4.0
2022,4.0,Auburn,Missouri,51.0,,,4.0
2022,4.0,Austin Peay,Eastern Kentucky,63.5,,,2.0
2022,4.0,BYU,Wyoming,49.75,,,4.0
2022,4.0,Bethune-Cookman,Grambling,56.5,,,1.0
2022,4.0,Brown,Harvard,61.0,,,2.0
2022,4.0,California,Arizona,50.5,,,4.0
2022,4.0,Charleston Southern,Furman,55.5,,,1.0
2022,4.0,Cincinnati,Indiana,57.0,,,4.0
2022,4.0,Colgate,Holy Cross,49.0,,,2.0
2022,4.0,Colorado,UCLA,57.0,,,4.0
2022,4.0,Colorado State,Sacramento State,59.5,,,2.0
2022,4.0,Cornell,Yale,52.0,,,2.0
2022,4.0,Delaware,Hampton,51.0,,,2.0
2022,4.0,Delaware State,Merrimack,46.0,,,2.0
2022,4.0,Drake,Marist,42.25,,,2.0
2022,4.0,East Carolina,Navy,48.5,,,4.0
2022,4.0,Eastern Michigan,Buffalo,57.5,,,4.0
2022,4.0,Eastern Washington,Montana State,70.0,,,2.0
2022,4.0,Florida A&M,Alabama A&M,57.5,,,1.0
2022,4.0,Florida State,Boston College,48.5,,,4.0
2022,4.0,Gardner-Webb,Mercer,56.75,,,2.0
2022,4.0,Georgetown,Columbia,48.0,,,2.0
2022,4.0,Georgia,Kent State,61.5,,,4.0
2022,4.0,Georgia Southern,Ball State,67.0,,,4.0
2022,4.0,Georgia State,Coastal Carolina,63.5,,,4.0
2022,4.0,Houston,Rice,52.5,,,4.0
2022,4.0,Illinois,Chattanooga,44.25,,,2.0
2022,4.0,Iowa State,Baylor,45.0,,,4.0
2022,4.0,Jackson State,Mississippi Valley State,51.75,,,2.0
2022,4.0,Kansas,Duke,65.5,,,4.0
2022,4.0,Kentucky,Northern Illinois,53.0,,,4.0
2022,4.0,LSU,New Mexico,44.0,,,4.0
2022,4.0,Liberty,Akron,53.0,,,4.0
2022,4.0,Long Island University,Bryant,55.5,,,1.0
2022,4.0,Louisville,South Florida,63.5,,,4.0
2022,4.0,Memphis,North Texas,68.5,,,4.0
2022,4.0,Miami,Middle Tennessee,53.5,,,4.0
2022,4.0,Michigan,Maryland,66.0,,,4.0
2022,4.0,Michigan State,Minnesota,50.0,,,4.0
2022,4.0,Mississippi State,Bowling Green,53.0,,,4.0
2022,4.0,Missouri State,South Dakota State,52.5,,,1.0
2022,4.0,Montana,Portland State,49.5,,,1.0
2022,4.0,Murray State,Eastern Illinois,44.0,,,1.0
2022,4.0,NC State,UConn,47.75,,,4.0
2022,4.0,New Mexico State,Hawai'i,53.0,,,4.0
2022,4.0,Nicholls,Jacksonville State,57.0,,,2.0
2022,4.0,Norfolk State,Saint Francis,47.0,,,2.0
2022,4.0,North Alabama,Tarleton State,55.5,,,1.0
2022,4.0,North Carolina,Notre Dame,55.5,,,4.0
2022,4.0,North Carolina A&T,South Carolina State,46.0,,,1.0
2022,4.0,Northern Arizona,Idaho,48.5,,,1.0
2022,4.0,Northern Colorado,Idaho State,54.0,,,2.0
2022,4.0,Northwestern,Miami (OH),50.0,,,4.0
2022,4.0,Northwestern State,Lamar,52.5,,,1.0
2022,4.0,Ohio,Fordham,74.0,,,2.0
2022,4.0,Ohio State,Wisconsin,56.5,,,4.0
2022,4.0,Oklahoma,Kansas State,53.0,,,4.0
2022,4.0,Old Dominion,Arkansas State,56.0,,,4.0
2022,4.0,Ole Miss,Tulsa,66.5,,,4.0
2022,4.0,Oregon State,USC,70.25,,,4.0
2022,4.0,Penn State,Central Michigan,61.5,,,4.0
2022,4.0,Pennsylvania,Lafayette,36.0,,,1.0
2022,4.0,Pittsburgh,Rhode Island,55.0,,,2.0
2022,4.0,Presbyterian,Davidson,69.75,,,2.0
2022,4.0,Princeton,Lehigh,49.25,,,2.0
2022,4.0,Purdue,Florida Atlantic,57.25,,,4.0
2022,4.0,Richmond,Stony Brook,47.5,,,1.0
2022,4.0,Robert Morris,East Tennessee State,47.0,,,1.0
2022,4.0,Rutgers,Iowa,34.5,,,4.0
2022,4.0,SMU,TCU,72.0,,,4.0
2022,4.0,Samford,Western Carolina,77.0,,,2.0
2022,4.0,San Diego State,Toledo,44.5,,,4.0
2022,4.0,San José State,Western Michigan,48.75,,,4.0
2022,4.0,South Alabama,Louisiana Tech,59.0,,,4.0
2022,4.0,South Carolina,Charlotte,66.5,,,4.0
2022,4.0,South Dakota,North Dakota State,47.5,,,1.0
2022,4.0,Southeast Missouri State,Central Arkansas,57.0,,,1.0
2022,4.0,Southern Illinois,North Dakota,60.0,,,2.0
2022,4.0,Stetson,Morehead State,63.5,,,2.0
2022,4.0,Syracuse,Virginia,53.75,,,4.0
2022,4.0,Temple,Massachusetts,44.0,,,4.0
2022,4.0,Tennessee,Florida,62.0,,,4.0
2022,4.0,Texas A&M,Arkansas,51.0,,,4.0
2022,4.0,Texas State,Houston Christian,65.0,,,2.0
2022,4.0,Texas Tech,Texas,60.25,,,4.0
2022,4.0,Towson,New Hampshire,46.5,,,2.0
2022,4.0,Troy,Marshall,51.5,,,4.0
2022,4.0,Tulane,Southern Miss,48.5,,,4.0
2022,4.0,UAlbany,Central Connecticut,48.0,,,2.0
2022,4.0,UC Davis,Weber State,50.5,,,2.0
2022,4.0,UCF,Georgia Tech,56.5,,,4.0
2022,4.0,UL Monroe,Louisiana,51.0,,,4.0
2022,4.0,UT Martin,Lindenwood,51.5,,,1.0
2022,4.0,UTEP,Boise State,44.5,,,4.0
2022,4.0,UTSA,Texas Southern,65.25,,,2.0
2022,4.0,Utah State,UNLV,61.5,,,4.0
2022,4.0,Valparaiso,San Diego,50.5,,,2.0
2022,4.0,Villanova,Monmouth,60.5,,,1.0
2022,4.0,Virginia Tech,West Virginia,49.75,,,4.0
2022,4.0,Wake Forest,Clemson,58.0,,,4.0
2022,4.0,Washington,Stanford,62.0,,,4.0
2022,4.0,Washington State,Oregon,57.25,,,4.0
2022,4.0,Western Illinois,Northern Iowa,54.0,,,2.0
2022,4.0,Western Kentucky,Florida International,65.5,,,4.0
2022,4.0,William & Mary,Elon,50.0,,,2.0
2022,5.0,Air Force,Navy,38.0,,,4.0
2022,5.0,Akron,Bowling Green,49.5,,,4.0
2022,5.0,Alabama A&M,Bethune-Cookman,58.5,,,2.0
2022,5.0,App State,The Citadel,54.5,,,2.0
2022,5.0,Arizona,Colorado,58.0,,,4.0
2022,5.0,Arkansas,Alabama,61.0,,,4.0
2022,5.0,Arkansas State,UL Monroe,58.75,,,4.0
2022,5.0,Army,Georgia State,54.0,,,4.0
2022,5.0,Auburn,LSU,44.5,,,4.0
2022,5.0,BYU,Utah State,60.0,,,4.0
2022,5.0,Ball State,Northern Illinois,58.5,,,4.0
2022,5.0,Baylor,Oklahoma State,56.0,,,4.0
2022,5.0,Boise State,San Diego State,38.0,,,4.0
2022,5.0,Boston College,Louisville,48.25,,,4.0
2022,5.0,Bucknell,Lafayette,35.25,,,2.0
2022,5.0,Buffalo,Miami (OH),50.25,,,4.0
2022,5.0,Cal Poly,Sacramento State,62.0,,,2.0
2022,5.0,Campbell,North Carolina Central,51.5,,,2.0
2022,5.0,Central Arkansas,Austin Peay,55.0,,,2.0
2022,5.0,Charlotte,UTEP,56.0,,,4.0
2022,5.0,Clemson,NC State,45.75,,,4.0
2022,5.0,Coastal Carolina,Georgia Southern,69.75,,,4.0
2022,5.0,Colgate,Cornell,44.0,,,2.0
2022,5.0,Columbia,Princeton,50.0,,,2.0
2022,5.0,Dartmouth,Pennsylvania,43.5,,,2.0
2022,5.0,Davidson,Butler,62.5,,,2.0
2022,5.0,Dayton,Drake,51.5,,,2.0
2022,5.0,Delaware,Towson,44.5,,,2.0
2022,5.0,Delaware State,Robert Morris,43.0,,,2.0
2022,5.0,Duke,Virginia,55.0,,,4.0
2022,5.0,East Tennessee State,Chattanooga,44.0,,,2.0
2022,5.0,Eastern Kentucky,Southern Utah,58.0,,,2.0
2022,5.0,Eastern Michigan,Massachusetts,53.5,,,4.0
2022,5.0,Elon,Richmond,55.0,,,2.0
2022,5.0,Florida,Eastern Washington,69.5,,,3.0
2022,5.0,Florida A&M,Mississippi Valley State,48.5,,,2.0
2022,5.0,Florida State,Wake Forest,67.5,,,4.0
2022,5.0,Fordham,Georgetown,66.5,,,2.0
2022,5.0,Furman,Samford,53.5,,,2.0
2022,5.0,Grambling,Prairie View A&M,48.5,,,2.0
2022,5.0,Harvard,Holy Cross,46.5,,,2.0
2022,5.0,Houston,Tulane,52.0,,,4.0
2022,5.0,Idaho,Northern Colorado,52.0,,,2.0
2022,5.0,Idaho State,Montana,53.0,,,2.0
2022,5.0,Illinois State,Southern Illinois,50.75,,,2.0
2022,5.0,Incarnate Word,McNeese,70.5,,,2.0
2022,5.0,Iowa,Michigan,42.0,,,4.0
2022,5.0,James Madison,Texas State,51.5,,,4.0
2022,5.0,Kansas,Iowa State,59.0,,,4.0
2022,5.0,Kansas State,Texas Tech,56.0,,,4.0
2022,5.0,Kent State,Ohio,65.5,,,4.0
2022,5.0,Lamar,Houston Christian,54.5,,,2.0
2022,5.0,Lehigh,Monmouth,52.5,,,2.0
2022,5.0,Lindenwood,Southeast Missouri State,59.0,,,2.0
2022,5.0,Louisiana,South Alabama,47.25,,,4.0
2022,5.0,Maine,Villanova,57.0,,,2.0
2022,5.0,Marist,St. Thomas (MN),49.0,,,2.0
2022,5.0,Marshall,Gardner-Webb,56.0,,,2.0
2022,5.0,Maryland,Michigan State,58.5,,,4.0
2022,5.0,Memphis,Temple,50.0,,,4.0
2022,5.0,Merrimack,Long Island University,50.75,,,2.0
2022,5.0,Middle Tennessee,UTSA,64.0,,,4.0
2022,5.0,Minnesota,Purdue,53.0,,,4.0
2022,5.0,Mississippi State,Texas A&M,45.0,,,4.0
2022,5.0,Missouri,Georgia,54.25,,,4.0
2022,5.0,Montana State,UC Davis,52.0,,,2.0
2022,5.0,Morehead State,Presbyterian,63.5,,,2.0
2022,5.0,Nebraska,Indiana,61.75,,,4.0
2022,5.0,New Mexico State,Florida International,54.0,,,4.0
2022,5.0,North Carolina,Virginia Tech,57.25,,,4.0
2022,5.0,North Carolina A&T,Bryant,54.0,,,2.0
2022,5.0,North Dakota,Missouri State,51.5,,,2.0
2022,5.0,North Dakota State,Youngstown State,53.0,,,1.0
2022,5.0,North Texas,Florida Atlantic,67.5,,,4.0
2022,5.0,Northern Iowa,Indiana State,49.0,,,2.0
2022,5.0,Northwestern State,Nicholls,63.5,,,2.0
2022,5.0,Ohio State,Rutgers,58.0,,,1.0
2022,5.0,Old Dominion,Liberty,47.5,,,4.0
2022,5.0,Ole Miss,Kentucky,55.0,,,4.0
2022,5.0,Oregon,Stanford,63.0,,,4.0
2022,5.0,Penn State,Northwestern,50.0,,,4.0
2022,5.0,Pittsburgh,Georgia Tech,47.0,,,4.0
2022,5.0,Portland State,Northern Arizona,55.0,,,2.0
2022,5.0,Rhode Island,Brown,66.0,,,2.0
2022,5.0,Rice,UAB,51.0,,,4.0
2022,5.0,SE Louisiana,Murray State,60.5,,,2.0
2022,5.0,Sacred Heart,Norfolk State,41.0,,,2.0
2022,5.0,Saint Francis,Central Connecticut,47.5,,,2.0
2022,5.0,Sam Houston,Stephen F. Austin,54.0,,,2.0
2022,5.0,South Carolina,South Carolina State,56.5,,,2.0
2022,5.0,South Dakota State,Western Illinois,56.5,,,2.0
2022,5.0,South Florida,East Carolina,55.5,,,4.0
2022,5.0,Southern,Arkansas-Pine Bluff,60.0,,,2.0
2022,5.0,Stony Brook,William & Mary,44.0,,,1.0
2022,5.0,Syracuse,Wagner,63.0,,,2.0
2022,5.0,TCU,Oklahoma,69.5,,,4.0
2022,5.0,Texas,West Virginia,61.0,,,4.0
2022,5.0,Texas Southern,Alabama State,55.5,,,2.0
2022,5.0,Toledo,Central Michigan,56.0,,,4.0
2022,5.0,Tulsa,Cincinnati,59.0,,,4.0
2022,5.0,UCLA,Washington,65.0,,,4.0
2022,5.0,UConn,Fresno State,51.0,,,4.0
2022,5.0,UNLV,New Mexico,44.25,,,4.0
2022,5.0,USC,Arizona State,61.0,,,4.0
2022,5.0,UT Martin,Tennessee Tech,55.25,,,2.0
2022,5.0,Utah,Oregon State,54.0,,,4.0
2022,5.0,Washington State,California,52.5,,,4.0
2022,5.0,Western Carolina,VMI,66.5,,,2.0
2022,5.0,Western Kentucky,Troy,55.0,,,4.0
2022,5.0,Western Michigan,New Hampshire,52.5,,,2.0
2022,5.0,Wisconsin,Illinois,43.5,,,4.0
2022,5.0,Wofford,Mercer,45.5,,,2.0
2022,5.0,Wyoming,San José State,42.5,,,4.0
2022,5.0,Yale,Howard,51.5,,,2.0
2022,6.0,Alabama,Texas A&M,48.0,,,4.0
2022,6.0,Alabama A&M,Grambling,57.0,,,1.0
2022,6.0,Alabama State,Jackson State,52.5,,,2.0
2022,6.0,Arizona,Oregon,72.0,,,4.0
2022,6.0,Arizona State,Washington,56.0,,,4.0
2022,6.0,Arkansas State,James Madison,55.0,,,4.0
2022,6.0,Arkansas-Pine Bluff,Texas Southern,63.5,,,2.0
2022,6.0,Boise State,Fresno State,45.0,,,4.0
2022,6.0,Boston College,Clemson,48.75,,,4.0
2022,6.0,Bowling Green,Buffalo,55.75,,,4.0
2022,6.0,Butler,Dayton,51.5,,,2.0
2022,6.0,Campbell,Charleston Southern,55.0,,,2.0
2022,6.0,Central Arkansas,Lindenwood,65.75,,,2.0
2022,6.0,Central Connecticut,Brown,60.0,,,2.0
2022,6.0,Central Michigan,Ball State,63.5,,,4.0
2022,6.0,Cincinnati,South Florida,58.5,,,4.0
2022,6.0,Columbia,Wagner,50.0,,,2.0
2022,6.0,Cornell,Harvard,50.5,,,1.0
2022,6.0,Drake,San Diego,48.0,,,2.0
2022,6.0,Duquesne,Merrimack,45.25,,,2.0
2022,6.0,Eastern Illinois,Northwestern State,58.0,,,2.0
2022,6.0,Elon,Towson,48.0,,,1.0
2022,6.0,Florida,Missouri,53.5,,,4.0
2022,6.0,Florida International,UConn,46.5,,,4.0
2022,6.0,Georgetown,Pennsylvania,41.5,,,2.0
2022,6.0,Georgia,Auburn,49.5,,,4.0
2022,6.0,Georgia State,Georgia Southern,66.5,,,4.0
2022,6.0,Georgia Tech,Duke,54.0,,,4.0
2022,6.0,Hampton,Maine,49.5,,,1.0
2022,6.0,Holy Cross,Bucknell,48.0,,,2.0
2022,6.0,Houston Christian,Nicholls,61.5,,,2.0
2022,6.0,Illinois,Iowa,36.5,,,4.0
2022,6.0,Indiana,Michigan,57.5,,,4.0
2022,6.0,Indiana State,North Dakota State,45.5,,,1.0
2022,6.0,Iowa State,Kansas State,45.0,,,4.0
2022,6.0,Kansas,TCU,70.25,,,4.0
2022,6.0,Kentucky,South Carolina,44.5,,,4.0
2022,6.0,LSU,Tennessee,63.5,,,4.0
2022,6.0,Lafayette,Princeton,37.5,,,2.0
2022,6.0,Lehigh,Fordham,67.5,,,2.0
2022,6.0,Louisiana Tech,UTEP,52.25,,,4.0
2022,6.0,Maryland,Purdue,59.5,,,4.0
2022,6.0,Massachusetts,Liberty,45.5,,,4.0
2022,6.0,Memphis,Houston,57.5,,,4.0
2022,6.0,Mercer,Western Carolina,64.5,,,2.0
2022,6.0,Miami,North Carolina,67.5,,,4.0
2022,6.0,Miami (OH),Kent State,56.5,,,4.0
2022,6.0,Michigan State,Ohio State,64.5,,,4.0
2022,6.0,Mississippi State,Arkansas,55.5,,,4.0
2022,6.0,Mississippi Valley State,Alcorn State,47.0,,,2.0
2022,6.0,Missouri State,Southern Illinois,62.5,,,1.0
2022,6.0,Monmouth,UAlbany,64.0,,,1.0
2022,6.0,Montana State,Idaho State,59.0,,,2.0
2022,6.0,Morgan State,Norfolk State,48.5,,,1.0
2022,6.0,Murray State,UT Martin,56.5,,,2.0
2022,6.0,NC State,Florida State,50.5,,,4.0
2022,6.0,Navy,Tulsa,45.75,,,4.0
2022,6.0,Nevada,Colorado State,45.0,,,4.0
2022,6.0,New Hampshire,Stony Brook,42.5,,,2.0
2022,6.0,New Mexico,Wyoming,37.0,,,4.0
2022,6.0,Northern Arizona,Cal Poly,55.0,,,1.0
2022,6.0,Northern Illinois,Toledo,59.0,,,4.0
2022,6.0,Northern Iowa,Illinois State,40.75,,,2.0
2022,6.0,Northwestern,Wisconsin,44.5,,,4.0
2022,6.0,Notre Dame,BYU,51.5,,,4.0
2022,6.0,Ohio,Akron,59.0,,,4.0
2022,6.0,Oklahoma,Texas,65.25,,,4.0
2022,6.0,Oklahoma State,Texas Tech,65.5,,,4.0
2022,6.0,Pittsburgh,Virginia Tech,42.0,,,4.0
2022,6.0,Prairie View A&M,Southern,49.5,,,2.0
2022,6.0,Presbyterian,Valparaiso,53.0,,,2.0
2022,6.0,Robert Morris,Gardner-Webb,48.0,,,2.0
2022,6.0,Rutgers,Nebraska,50.5,,,4.0
2022,6.0,Sacramento State,Northern Colorado,68.0,,,2.0
2022,6.0,Samford,Wofford,51.0,,,2.0
2022,6.0,San Diego State,Hawai'i,49.0,,,4.0
2022,6.0,San José State,UNLV,51.5,,,4.0
2022,6.0,South Carolina State,Florida A&M,54.5,,,2.0
2022,6.0,South Dakota State,South Dakota,43.0,,,2.0
2022,6.0,Southeast Missouri State,Tennessee Tech,61.25,,,2.0
2022,6.0,Southern Utah,Tarleton State,58.5,,,2.0
2022,6.0,St. Thomas (MN),Davidson,54.25,,,2.0
2022,6.0,Stanford,Oregon State,53.25,,,4.0
2022,6.0,Stephen F. Austin,Abilene Christian,48.5,,,2.0
2022,6.0,Stetson,Marist,57.0,,,2.0
2022,6.0,Tennessee State,Bethune-Cookman,49.5,,,1.0
2022,6.0,Texas State,App State,54.5,,,4.0
2022,6.0,The Citadel,Furman,41.5,,,2.0
2022,6.0,Troy,Southern Miss,44.0,,,4.0
2022,6.0,Tulane,East Carolina,55.5,,,4.0
2022,6.0,UAB,Middle Tennessee,53.0,,,4.0
2022,6.0,UCF,SMU,65.0,,,4.0
2022,6.0,UCLA,Utah,64.5,,,4.0
2022,6.0,UL Monroe,Coastal Carolina,58.0,,,4.0
2022,6.0,USC,Washington State,64.5,,,4.0
2022,6.0,UTSA,Western Kentucky,72.5,,,4.0
2022,6.0,Utah State,Air Force,53.75,,,4.0
2022,6.0,VMI,East Tennessee State,50.75,,,2.0
2022,6.0,Vanderbilt,Ole Miss,59.5,,,4.0
2022,6.0,Virginia,Louisville,47.5,,,4.0
2022,6.0,Wake Forest,Army,65.5,,,4.0
2022,6.0,Weber State,Eastern Washington,66.5,,,2.0
2022,6.0,Western Michigan,Eastern Michigan,55.5,,,4.0
2022,6.0,William & Mary,Delaware,45.5,,,1.0
2022,6.0,Yale,Dartmouth,50.0,,,2.0
2022,6.0,Youngstown State,North Dakota,51.0,,,1.0
2022,7.0,Abilene Christian,Southern Utah,53.5,,,1.0
2022,7.0,Akron,Central Michigan,60.5,,,4.0
2022,7.0,Alabama State,Mississippi Valley State,37.5,,,1.0
2022,7.0,Arkansas-Pine Bluff,Alabama A&M,56.0,,,1.0
2022,7.0,Army,Colgate,51.0,,,2.0
2022,7.0,Austin Peay,Murray State,52.5,,,1.0
2022,7.0,BYU,Arkansas,66.5,,,4.0
2022,7.0,Ball State,UConn,47.5,,,4.0
2022,7.0,Bethune-Cookman,Jackson State,59.5,,,2.0
2022,7.0,Bowling Green,Miami (OH),45.0,,,4.0
2022,7.0,Bryant,Charleston Southern,59.5,,,1.0
2022,7.0,Campbell,Robert Morris,48.5,,,2.0
2022,7.0,Chattanooga,VMI,48.5,,,2.0
2022,7.0,Coastal Carolina,Old Dominion,58.5,,,4.0
2022,7.0,Colorado,California,49.0,,,4.0
2022,7.0,Colorado State,Utah State,45.5,,,4.0
2022,7.0,Cornell,Lehigh,48.5,,,2.0
2022,7.0,Dartmouth,New Hampshire,48.0,,,2.0
2022,7.0,Davidson,Morehead State,58.5,,,2.0
2022,7.0,Duke,North Carolina,70.0,,,4.0
2022,7.0,East Carolina,Memphis,62.5,,,4.0
2022,7.0,Eastern Illinois,Lindenwood,65.5,,,1.0
2022,7.0,Eastern Kentucky,Sam Houston,51.0,,,2.0
2022,7.0,Eastern Michigan,Northern Illinois,64.25,,,4.0
2022,7.0,Eastern Washington,Sacramento State,75.0,,,2.0
2022,7.0,Florida,LSU,51.5,,,4.0
2022,7.0,Florida Atlantic,Rice,54.5,,,4.0
2022,7.0,Florida International,UTSA,63.75,,,4.0
2022,7.0,Florida State,Clemson,51.0,,,4.0
2022,7.0,Fordham,Stony Brook,66.75,,,2.0
2022,7.0,Fresno State,San José State,47.0,,,4.0
2022,7.0,Furman,Western Carolina,58.5,,,2.0
2022,7.0,Georgia,Vanderbilt,56.5,,,4.0
2022,7.0,Georgia Southern,James Madison,67.75,,,4.0
2022,7.0,Grambling,Florida A&M,56.0,,,2.0
2022,7.0,Hawai'i,Nevada,51.5,,,2.0
2022,7.0,Houston Christian,Northwestern State,65.0,,,1.0
2022,7.0,Howard,Harvard,54.5,,,2.0
2022,7.0,Idaho State,Cal Poly,56.0,,,2.0
2022,7.0,Illinois,Minnesota,40.0,,,4.0
2022,7.0,Illinois State,South Dakota,40.0,,,2.0
2022,7.0,Indiana,Maryland,63.5,,,4.0
2022,7.0,Kentucky,Mississippi State,50.5,,,4.0
2022,7.0,Liberty,Gardner-Webb,55.0,,,2.0
2022,7.0,Long Island University,Saint Francis,50.5,,,1.0
2022,7.0,Maine,Monmouth,60.5,,,2.0
2022,7.0,Marist,Dayton,53.0,,,2.0
2022,7.0,Marshall,Louisiana,45.0,,,4.0
2022,7.0,Massachusetts,Buffalo,47.5,,,4.0
2022,7.0,Mercer,East Tennessee State,52.25,,,2.0
2022,7.0,Merrimack,Wagner,52.0,,,1.0
2022,7.0,Michigan,Penn State,48.75,,,4.0
2022,7.0,Michigan State,Wisconsin,49.5,,,4.0
2022,7.0,Middle Tennessee,Western Kentucky,67.5,,,4.0
2022,7.0,Montana,Idaho,51.5,,,1.0
2022,7.0,New Mexico State,New Mexico,38.5,,,4.0
2022,7.0,Nicholls,Incarnate Word,72.5,,,2.0
2022,7.0,North Alabama,Jacksonville State,60.5,,,2.0
2022,7.0,North Carolina Central,Morgan State,52.5,,,2.0
2022,7.0,North Dakota State,South Dakota State,46.0,,,2.0
2022,7.0,North Texas,Louisiana Tech,68.25,,,4.0
2022,7.0,Northern Colorado,Montana State,62.0,,,2.0
2022,7.0,Notre Dame,Stanford,53.5,,,4.0
2022,7.0,Oklahoma,Kansas,66.25,,,4.0
2022,7.0,Ole Miss,Auburn,55.0,,,4.0
2022,7.0,Oregon State,Washington State,51.5,,,4.0
2022,7.0,Pennsylvania,Columbia,39.0,,,2.0
2022,7.0,Portland State,Weber State,55.0,,,1.0
2022,7.0,Princeton,Brown,54.5,,,2.0
2022,7.0,Purdue,Nebraska,56.0,,,4.0
2022,7.0,Rhode Island,Elon,53.5,,,2.0
2022,7.0,Richmond,Villanova,62.5,,,2.0
2022,7.0,SMU,Navy,58.5,,,4.0
2022,7.0,San Diego,Presbyterian,57.0,,,2.0
2022,7.0,South Alabama,UL Monroe,51.0,,,4.0
2022,7.0,South Florida,Tulane,55.0,,,4.0
2022,7.0,Southern,Alcorn State,55.5,,,2.0
2022,7.0,Southern Illinois,Western Illinois,59.5,,,1.0
2022,7.0,Southern Miss,Arkansas State,53.0,,,4.0
2022,7.0,St. Thomas (MN),Drake,45.0,,,2.0
2022,7.0,Stephen F. Austin,Tarleton State,62.0,,,2.0
2022,7.0,Syracuse,NC State,42.5,,,4.0
2022,7.0,TCU,Oklahoma State,70.0,,,4.0
2022,7.0,Tennessee,Alabama,68.0,,,4.0
2022,7.0,Tennessee Tech,Tennessee State,53.5,,,1.0
2022,7.0,Texas,Iowa State,48.5,,,4.0
2022,7.0,Toledo,Kent State,62.5,,,4.0
2022,7.0,Troy,Texas State,47.0,,,4.0
2022,7.0,UAB,Charlotte,65.0,,,4.0
2022,7.0,UAlbany,Hampton,57.0,,,1.0
2022,7.0,UC Davis,Northern Arizona,52.0,,,2.0
2022,7.0,UCF,Temple,46.5,,,4.0
2022,7.0,UNLV,Air Force,50.0,,,4.0
2022,7.0,Utah,USC,65.0,,,4.0
2022,7.0,Valparaiso,Butler,49.0,,,2.0
2022,7.0,Virginia Tech,Miami,48.25,,,4.0
2022,7.0,Washington,Arizona,71.5,,,4.0
2022,7.0,West Virginia,Baylor,55.0,,,4.0
2022,7.0,Western Michigan,Ohio,61.5,,,4.0
2022,7.0,Wofford,The Citadel,33.5,,,2.0
2022,7.0,Yale,Bucknell,44.25,,,2.0
2022,7.0,Youngstown State,Indiana State,48.0,,,2.0
2022,8.0,Air Force,Boise State,46.5,,,4.0
2022,8.0,Alabama,Mississippi State,61.5,,,4.0
2022,8.0,Alcorn State,Texas Southern,49.5,,,2.0
2022,8.0,App State,Georgia State,60.25,,,4.0
2022,8.0,Army,UL Monroe,55.5,,,4.0
2022,8.0,Ball State,Eastern Michigan,57.5,,,4.0
2022,8.0,Baylor,Kansas,56.5,,,4.0
2022,8.0,Brown,Cornell,58.5,,,2.0
2022,8.0,Buffalo,Toledo,56.0,,,4.0
2022,8.0,Butler,Marist,50.5,,,2.0
2022,8.0,Cal Poly,Eastern Washington,75.5,,,2.0
2022,8.0,California,Washington,54.5,,,4.0
2022,8.0,Central Connecticut,Duquesne,44.0,,,2.0
2022,8.0,Central Michigan,Bowling Green,50.5,,,4.0
2022,8.0,Charleston Southern,Gardner-Webb,54.75,,,2.0
2022,8.0,Charlotte,Florida International,63.5,,,4.0
2022,8.0,Chattanooga,Mercer,50.25,,,2.0
2022,8.0,Clemson,Syracuse,50.0,,,4.0
2022,8.0,Colgate,Georgetown,50.0,,,2.0
2022,8.0,Colorado State,Hawai'i,46.0,,,4.0
2022,8.0,Columbia,Dartmouth,38.0,,,2.0
2022,8.0,Dayton,Stetson,53.0,,,2.0
2022,8.0,Delaware,Morgan State,47.5,,,2.0
2022,8.0,Drake,Davidson,48.0,,,2.0
2022,8.0,East Carolina,UCF,63.0,,,4.0
2022,8.0,East Tennessee State,Samford,49.0,,,1.0
2022,8.0,Eastern Kentucky,North Alabama,67.5,,,2.0
2022,8.0,Georgia Tech,Virginia,48.0,,,1.0
2022,8.0,Hampton,Richmond,50.0,,,2.0
2022,8.0,Harvard,Princeton,47.0,,,2.0
2022,8.0,Howard,Delaware State,45.5,,,2.0
2022,8.0,Idaho,Portland State,57.5,,,2.0
2022,8.0,Idaho State,Northern Arizona,53.0,,,2.0
2022,8.0,Indiana State,Illinois State,39.75,,,2.0
2022,8.0,Jackson State,Campbell,56.5,,,2.0
2022,8.0,Jacksonville State,SE Louisiana,64.0,,,2.0
2022,8.0,James Madison,Marshall,48.5,,,4.0
2022,8.0,Kent State,Akron,65.0,,,4.0
2022,8.0,LSU,Ole Miss,64.0,,,4.0
2022,8.0,Lafayette,Holy Cross,39.0,,,2.0
2022,8.0,Lamar,Prairie View A&M,47.75,,,2.0
2022,8.0,Lehigh,Bucknell,36.0,,,2.0
2022,8.0,Liberty,BYU,58.0,,,4.0
2022,8.0,Lindenwood,Murray State,63.5,,,2.0
2022,8.0,Louisiana,Arkansas State,51.25,,,4.0
2022,8.0,Louisiana Tech,Rice,57.0,,,1.0
2022,8.0,Louisville,Pittsburgh,55.0,,,4.0
2022,8.0,Maryland,Northwestern,51.0,,,4.0
2022,8.0,Merrimack,Sacred Heart,47.5,,,2.0
2022,8.0,Miami,Duke,59.0,,,4.0
2022,8.0,Miami (OH),Western Michigan,44.0,,,1.0
2022,8.0,Mississippi Valley State,Bethune-Cookman,47.5,,,2.0
2022,8.0,Missouri,Vanderbilt,49.0,,,4.0
2022,8.0,Monmouth,Rhode Island,60.0,,,2.0
2022,8.0,Montana State,Weber State,53.5,,,2.0
2022,8.0,Morehead State,Valparaiso,55.5,,,2.0
2022,8.0,Navy,Houston,51.0,,,4.0
2022,8.0,Nevada,San Diego State,36.0,,,4.0
2022,8.0,New Hampshire,Elon,44.75,,,2.0
2022,8.0,New Mexico,Fresno State,40.25,,,4.0
2022,8.0,Nicholls,McNeese,54.5,,,2.0
2022,8.0,North Dakota,South Dakota State,45.5,,,2.0
2022,8.0,Northern Colorado,UC Davis,60.75,,,2.0
2022,8.0,Northern Iowa,Missouri State,57.25,,,2.0
2022,8.0,Northwestern State,Southeast Missouri State,65.25,,,2.0
2022,8.0,Notre Dame,UNLV,46.5,,,4.0
2022,8.0,Ohio,Northern Illinois,65.5,,,4.0
2022,8.0,Ohio State,Iowa,50.0,,,4.0
2022,8.0,Oklahoma State,Texas,58.5,,,4.0
2022,8.0,Old Dominion,Georgia Southern,66.0,,,4.0
2022,8.0,Oregon,UCLA,70.75,,,4.0
2022,8.0,Oregon State,Colorado,47.5,,,4.0
2022,8.0,Penn State,Minnesota,43.0,,,1.0
2022,8.0,Pennsylvania,Yale,45.0,,,2.0
2022,8.0,Presbyterian,St. Thomas (MN),54.5,,,1.0
2022,8.0,Robert Morris,North Carolina A&T,44.5,,,2.0
2022,8.0,Rutgers,Indiana,48.0,,,4.0
2022,8.0,SMU,Cincinnati,59.5,,,4.0
2022,8.0,Sacramento State,Montana,53.25,,,2.0
2022,8.0,South Alabama,Troy,47.0,,,4.0
2022,8.0,South Carolina,Texas A&M,44.5,,,4.0
2022,8.0,South Carolina State,North Carolina Central,58.0,,,2.0
2022,8.0,South Dakota,Southern Illinois,45.5,,,2.0
2022,8.0,Southern Utah,Stephen F. Austin,46.0,,,2.0
2022,8.0,Stanford,Arizona State,52.0,,,4.0
2022,8.0,Stony Brook,Maine,43.5,,,2.0
2022,8.0,TCU,Kansas State,54.5,,,4.0
2022,8.0,Temple,Tulsa,53.5,,,4.0
2022,8.0,Tennessee,UT Martin,71.5,,,2.0
2022,8.0,Tennessee State,Eastern Illinois,49.5,,,2.0
2022,8.0,Texas State,Southern Miss,43.0,,,4.0
2022,8.0,Texas Tech,West Virginia,65.5,,,4.0
2022,8.0,Towson,William & Mary,48.5,,,2.0
2022,8.0,Tulane,Memphis,55.5,,,4.0
2022,8.0,UTEP,Florida Atlantic,50.75,,,4.0
2022,8.0,UTSA,North Texas,73.0,,,4.0
2022,8.0,VMI,Furman,52.25,,,2.0
2022,8.0,Villanova,UAlbany,65.5,,,2.0
2022,8.0,Wagner,Long Island University,54.0,,,2.0
2022,8.0,Wake Forest,Boston College,60.0,,,4.0
2022,8.0,Western Carolina,The Citadel,53.0,,,2.0
2022,8.0,Western Illinois,Youngstown State,58.0,,,2.0
2022,8.0,Western Kentucky,UAB,60.5,,,4.0
2022,8.0,Wisconsin,Purdue,51.5,,,4.0
2022,8.0,Wyoming,Utah State,44.5,,,4.0
2022,9.0,Akron,Miami (OH),51.5,,,4.0
2022,9.0,Alabama State,Alabama A&M,47.75,,,2.0
2022,9.0,App State,Robert Morris,59.5,,,2.0
2022,9.0,Arizona,USC,74.0,,,4.0
2022,9.0,Arkansas State,South Alabama,52.0,,,4.0
2022,9.0,Auburn,Arkansas,60.0,,,4.0
2022,9.0,Austin Peay,Jacksonville State,58.75,,,2.0
2022,9.0,BYU,East Carolina,64.0,,,4.0
2022,9.0,Boise State,Colorado State,42.5,,,4.0
2022,9.0,Brown,Pennsylvania,55.5,,,2.0
2022,9.0,Bucknell,Colgate,42.25,,,2.0
2022,9.0,Butler,Morehead State,58.5,,,2.0
2022,9.0,California,Oregon,56.5,,,4.0
2022,9.0,Central Connecticut,Wagner,46.25,,,2.0
2022,9.0,Colorado,Arizona State,48.5,,,4.0
2022,9.0,Columbia,Yale,42.5,,,2.0
2022,9.0,Dartmouth,Harvard,53.5,,,1.0
2022,9.0,Dayton,Valparaiso,54.75,,,2.0
2022,9.0,Delaware State,North Carolina Central,48.0,,,1.0
2022,9.0,Duquesne,Long Island University,52.5,,,1.0
2022,9.0,Eastern Michigan,Toledo,54.0,,,4.0
2022,9.0,Eastern Washington,Portland State,66.0,,,1.0
2022,9.0,Elon,Delaware,46.0,,,1.0
2022,9.0,Florida A&M,Arkansas-Pine Bluff,54.5,,,1.0
2022,9.0,Florida Atlantic,UAB,45.0,,,4.0
2022,9.0,Florida International,Louisiana Tech,57.0,,,4.0
2022,9.0,Florida State,Georgia Tech,48.0,,,4.0
2022,9.0,Fresno State,San Diego State,44.5,,,4.0
2022,9.0,Furman,Chattanooga,44.5,,,1.0
2022,9.0,Gardner-Webb,Bryant,50.5,,,1.0
2022,9.0,Georgia,Florida,56.5,,,4.0
2022,9.0,Georgia State,Old Dominion,53.75,,,4.0
2022,9.0,Grambling,Alcorn State,51.5,,,1.0
2022,9.0,Hawai'i,Wyoming,50.75,,,4.0
2022,9.0,Holy Cross,Fordham,68.5,,,2.0
2022,9.0,Houston,South Florida,59.0,,,4.0
2022,9.0,Houston Christian,UT Martin,58.0,,,2.0
2022,9.0,Iowa,Northwestern,37.5,,,4.0
2022,9.0,Iowa State,Oklahoma,58.0,,,4.0
2022,9.0,Jackson State,Southern,56.5,,,2.0
2022,9.0,Kansas State,Oklahoma State,57.5,,,4.0
2022,9.0,Lafayette,Georgetown,43.0,,,2.0
2022,9.0,Lamar,Nicholls,59.0,,,1.0
2022,9.0,Louisville,Wake Forest,66.25,,,4.0
2022,9.0,Maine,Richmond,54.5,,,1.0
2022,9.0,Marist,Presbyterian,48.5,,,1.0
2022,9.0,Marshall,Coastal Carolina,54.0,,,4.0
2022,9.0,Massachusetts,New Mexico State,39.0,,,4.0
2022,9.0,McNeese,SE Louisiana,60.75,,,2.0
2022,9.0,Michigan,Michigan State,55.0,,,4.0
2022,9.0,Minnesota,Rutgers,40.5,,,4.0
2022,9.0,Missouri State,Western Illinois,56.5,,,1.0
2022,9.0,Monmouth,Towson,57.0,,,1.0
2022,9.0,Morgan State,South Carolina State,46.0,,,2.0
2022,9.0,Murray State,Tennessee State,50.0,,,1.0
2022,9.0,NC State,Virginia Tech,39.0,,,4.0
2022,9.0,Navy,Temple,41.5,,,4.0
2022,9.0,Nebraska,Illinois,50.5,,,4.0
2022,9.0,Norfolk State,Howard,52.0,,,2.0
2022,9.0,North Carolina,Pittsburgh,65.5,,,4.0
2022,9.0,North Carolina A&T,Campbell,51.75,,,2.0
2022,9.0,North Dakota,Abilene Christian,51.0,,,2.0
2022,9.0,North Dakota State,Illinois State,41.0,,,1.0
2022,9.0,Penn State,Ohio State,60.5,,,4.0
2022,9.0,Prairie View A&M,Bethune-Cookman,56.0,,,1.0
2022,9.0,Rice,Charlotte,61.25,,,4.0
2022,9.0,Sacramento State,Idaho,62.5,,,2.0
2022,9.0,Sacred Heart,Saint Francis,46.0,,,2.0
2022,9.0,San José State,Nevada,44.5,,,4.0
2022,9.0,South Carolina,Missouri,45.25,,,4.0
2022,9.0,South Dakota State,Indiana State,49.0,,,2.0
2022,9.0,Southeast Missouri State,Eastern Kentucky,71.5,,,1.0
2022,9.0,Southern Illinois,Northern Iowa,53.5,,,2.0
2022,9.0,Southern Miss,Louisiana,42.75,,,4.0
2022,9.0,St. Thomas (MN),San Diego,44.0,,,1.0
2022,9.0,Stetson,Drake,47.5,,,1.0
2022,9.0,Syracuse,Notre Dame,48.0,,,4.0
2022,9.0,Tarleton State,Sam Houston,46.25,,,2.0
2022,9.0,Tennessee,Kentucky,62.5,,,4.0
2022,9.0,Texas A&M,Ole Miss,55.25,,,4.0
2022,9.0,Texas Tech,Baylor,61.0,,,4.0
2022,9.0,The Citadel,Samford,46.0,,,1.0
2022,9.0,Tulsa,SMU,63.5,,,4.0
2022,9.0,UAlbany,Stony Brook,46.0,,,1.0
2022,9.0,UC Davis,Cal Poly,60.5,,,2.0
2022,9.0,UCF,Cincinnati,55.5,,,4.0
2022,9.0,UCLA,Stanford,64.5,,,4.0
2022,9.0,UConn,Boston College,44.0,,,4.0
2022,9.0,UTEP,Middle Tennessee,52.0,,,4.0
2022,9.0,VMI,Mercer,55.5,,,1.0
2022,9.0,Villanova,Hampton,57.5,,,1.0
2022,9.0,Virginia,Miami,48.5,,,4.0
2022,9.0,Washington State,Utah,56.5,,,4.0
2022,9.0,Weber State,Montana,48.5,,,2.0
2022,9.0,West Virginia,TCU,69.75,,,4.0
2022,9.0,Western Kentucky,North Texas,70.0,,,4.0
2022,9.0,William & Mary,Rhode Island,59.5,,,2.0
2022,9.0,Wofford,East Tennessee State,51.0,,,2.0
2022,9.0,Youngstown State,South Dakota,47.5,,,1.0
2022,10.0,Arizona State,UCLA,67.0,,,4.0
2022,10.0,Arkansas,Liberty,61.5,,,4.0
2022,10.0,Army,Air Force,40.5,,,4.0
2022,10.0,Bethune-Cookman,Alabama State,51.5,,,2.0
2022,10.0,Boise State,BYU,54.5,,,4.0
2022,10.0,Boston College,Duke,47.25,,,4.0
2022,10.0,Bowling Green,Western Michigan,48.0,,,4.0
2022,10.0,Bryant,Campbell,60.75,,,2.0
2022,10.0,Bucknell,Fordham,64.5,,,2.0
2022,10.0,Charleston Southern,Robert Morris,45.5,,,2.0
2022,10.0,Charlotte,Western Kentucky,72.5,,,4.0
2022,10.0,Cincinnati,Navy,43.5,,,4.0
2022,10.0,Coastal Carolina,App State,65.25,,,4.0
2022,10.0,Colgate,Lafayette,35.75,,,2.0
2022,10.0,Colorado,Oregon,62.5,,,4.0
2022,10.0,Cornell,Pennsylvania,46.25,,,2.0
2022,10.0,Davidson,Stetson,57.0,,,1.0
2022,10.0,Delaware,Monmouth,59.5,,,1.0
2022,10.0,Duquesne,Sacred Heart,44.5,,,2.0
2022,10.0,Eastern Kentucky,Central Arkansas,69.5,,,2.0
2022,10.0,Elon,UAlbany,52.25,,,2.0
2022,10.0,Florida A&M,Southern,47.5,,,2.0
2022,10.0,Fresno State,Hawai'i,62.0,,,4.0
2022,10.0,Georgetown,Saint Francis,56.0,,,2.0
2022,10.0,Georgia,Tennessee,65.5,,,4.0
2022,10.0,Georgia Southern,South Alabama,60.5,,,4.0
2022,10.0,Grambling,Arkansas-Pine Bluff,55.0,,,2.0
2022,10.0,Hampton,William & Mary,51.5,,,2.0
2022,10.0,Harvard,Columbia,48.5,,,2.0
2022,10.0,Holy Cross,Lehigh,48.5,,,2.0
2022,10.0,Idaho,Eastern Washington,67.0,,,1.0
2022,10.0,Illinois,Michigan State,41.0,,,4.0
2022,10.0,Illinois State,Youngstown State,41.0,,,1.0
2022,10.0,Incarnate Word,Houston Christian,65.0,,,2.0
2022,10.0,Indiana,Penn State,50.0,,,4.0
2022,10.0,Indiana State,North Dakota,51.5,,,2.0
2022,10.0,Iowa State,West Virginia,49.5,,,4.0
2022,10.0,Kansas,Oklahoma State,60.0,,,4.0
2022,10.0,Kansas State,Texas,54.5,,,4.0
2022,10.0,Kent State,Ball State,61.75,,,4.0
2022,10.0,LSU,Alabama,56.5,,,4.0
2022,10.0,Lamar,SE Louisiana,60.5,,,2.0
2022,10.0,Long Island University,Central Connecticut,52.0,,,2.0
2022,10.0,Louisiana,Troy,42.5,,,4.0
2022,10.0,Louisiana Tech,Middle Tennessee,63.5,,,4.0
2022,10.0,Louisville,James Madison,53.5,,,4.0
2022,10.0,McNeese,Eastern Illinois,55.5,,,2.0
2022,10.0,Memphis,UCF,60.5,,,4.0
2022,10.0,Miami,Florida State,54.0,,,4.0
2022,10.0,Mississippi State,Auburn,50.5,,,4.0
2022,10.0,Missouri,Kentucky,40.0,,,4.0
2022,10.0,Montana,Cal Poly,54.5,,,2.0
2022,10.0,Morehead State,Marist,55.0,,,2.0
2022,10.0,NC State,Wake Forest,54.0,,,4.0
2022,10.0,Nebraska,Minnesota,44.5,,,4.0
2022,10.0,North Alabama,Austin Peay,63.5,,,2.0
2022,10.0,North Carolina A&T,Norfolk State,53.5,,,1.0
2022,10.0,North Carolina Central,Howard,59.0,,,2.0
2022,10.0,North Texas,Florida International,63.25,,,4.0
2022,10.0,Northern Arizona,Montana State,57.0,,,2.0
2022,10.0,Northern Illinois,Central Michigan,54.0,,,4.0
2022,10.0,Northern Iowa,South Dakota State,49.5,,,2.0
2022,10.0,Northwestern,Ohio State,55.0,,,4.0
2022,10.0,Notre Dame,Clemson,43.5,,,4.0
2022,10.0,Ohio,Buffalo,61.0,,,4.0
2022,10.0,Oklahoma,Baylor,61.5,,,4.0
2022,10.0,Old Dominion,Marshall,46.5,,,4.0
2022,10.0,Pittsburgh,Syracuse,47.5,,,4.0
2022,10.0,Portland State,Northern Colorado,60.5,,,2.0
2022,10.0,Prairie View A&M,Alcorn State,51.0,,,2.0
2022,10.0,Presbyterian,Dayton,50.5,,,2.0
2022,10.0,Princeton,Dartmouth,42.5,,,1.0
2022,10.0,Purdue,Iowa,39.25,,,4.0
2022,10.0,Rhode Island,Maine,57.0,,,1.0
2022,10.0,Rice,UTEP,47.0,,,4.0
2022,10.0,Richmond,New Hampshire,48.0,,,1.0
2022,10.0,Rutgers,Michigan,45.0,,,4.0
2022,10.0,SMU,Houston,66.0,,,4.0
2022,10.0,Samford,VMI,59.5,,,1.0
2022,10.0,San Diego,Butler,51.75,,,2.0
2022,10.0,San Diego State,UNLV,47.0,,,4.0
2022,10.0,San José State,Colorado State,44.5,,,4.0
2022,10.0,South Carolina State,Delaware State,41.0,,,1.0
2022,10.0,South Dakota,Missouri State,53.5,,,2.0
2022,10.0,Southern Miss,Georgia State,48.0,,,4.0
2022,10.0,Stanford,Washington State,48.5,,,4.0
2022,10.0,Stony Brook,Morgan State,43.5,,,1.0
2022,10.0,TCU,Texas Tech,68.75,,,4.0
2022,10.0,Tarleton State,Abilene Christian,53.5,,,2.0
2022,10.0,Temple,South Florida,49.0,,,4.0
2022,10.0,Tennessee State,Southeast Missouri State,50.5,,,2.0
2022,10.0,Tennessee Tech,Lindenwood,62.5,,,2.0
2022,10.0,Texas A&M,Florida,53.5,,,4.0
2022,10.0,Texas Southern,Jackson State,51.5,,,2.0
2022,10.0,The Citadel,Chattanooga,39.5,,,1.0
2022,10.0,Towson,Villanova,53.5,,,1.0
2022,10.0,Tulsa,Tulane,56.0,,,4.0
2022,10.0,UAB,UTSA,53.25,,,4.0
2022,10.0,UC Davis,Idaho State,56.0,,,2.0
2022,10.0,UConn,Massachusetts,39.75,,,4.0
2022,10.0,UL Monroe,Texas State,52.5,,,4.0
2022,10.0,USC,California,61.0,,,4.0
2022,10.0,Utah,Arizona,67.75,,,4.0
2022,10.0,Utah State,New Mexico,42.5,,,4.0
2022,10.0,Valparaiso,St. Thomas (MN),51.0,,,2.0
2022,10.0,Vanderbilt,South Carolina,49.0,,,4.0
2022,10.0,Virginia,North Carolina,61.5,,,4.0
2022,10.0,Virginia Tech,Georgia Tech,40.5,,,4.0
2022,10.0,Washington,Oregon State,53.5,,,4.0
2022,10.0,Weber State,Sacramento State,58.0,,,1.0
2022,10.0,Western Carolina,Wofford,60.0,,,1.0
2022,10.0,Western Illinois,North Dakota State,46.25,,,2.0
2022,10.0,Wisconsin,Maryland,47.5,,,4.0
2022,10.0,Yale,Brown,57.0,,,2.0
2022,11.0,Air Force,New Mexico,37.25,,,4.0
2022,11.0,Akron,Eastern Michigan,57.25,,,4.0
2022,11.0,Alabama State,Florida A&M,36.5,,,2.0
2022,11.0,Alcorn State,Bethune-Cookman,58.5,,,1.0
2022,11.0,Arkansas,LSU,59.0,,,4.0
2022,11.0,Arkansas State,Massachusetts,49.5,,,4.0
2022,11.0,Arkansas-Pine Bluff,Prairie View A&M,55.5,,,1.0
2022,11.0,Auburn,Texas A&M,48.5,,,4.0
2022,11.0,Baylor,Kansas State,52.25,,,4.0
2022,11.0,Bowling Green,Kent State,55.75,,,4.0
2022,11.0,Brown,Columbia,55.5,,,2.0
2022,11.0,Cal Poly,Montana State,68.0,,,1.0
2022,11.0,Campbell,Gardner-Webb,61.5,,,1.0
2022,11.0,Central Connecticut,Merrimack,43.0,,,2.0
2022,11.0,Central Michigan,Buffalo,54.0,,,4.0
2022,11.0,Chattanooga,Samford,54.0,,,2.0
2022,11.0,Cincinnati,East Carolina,51.5,,,4.0
2022,11.0,Clemson,Louisville,52.0,,,4.0
2022,11.0,Coastal Carolina,Southern Miss,48.0,,,4.0
2022,11.0,Colorado State,Wyoming,42.5,,,4.0
2022,11.0,Cornell,Dartmouth,44.5,,,1.0
2022,11.0,Dayton,Morehead State,56.5,,,1.0
2022,11.0,Delaware,Richmond,45.5,,,1.0
2022,11.0,Delaware State,Morgan State,41.0,,,1.0
2022,11.0,Drake,Butler,44.5,,,1.0
2022,11.0,Duke,Virginia Tech,50.0,,,4.0
2022,11.0,East Tennessee State,Western Carolina,73.5,,,2.0
2022,11.0,Eastern Illinois,Southeast Missouri State,58.5,,,1.0
2022,11.0,Florida,South Carolina,58.0,,,4.0
2022,11.0,Florida International,Florida Atlantic,54.5,,,4.0
2022,11.0,Fordham,Lafayette,66.5,,,1.0
2022,11.0,Georgetown,Bucknell,47.5,,,1.0
2022,11.0,Georgia State,UL Monroe,59.5,,,4.0
2022,11.0,Georgia Tech,Miami,43.5,,,4.0
2022,11.0,Hampton,Elon,42.5,,,1.0
2022,11.0,Hawai'i,Utah State,55.0,,,4.0
2022,11.0,Holy Cross,Bryant,63.5,,,2.0
2022,11.0,Houston,Temple,56.0,,,4.0
2022,11.0,Howard,South Carolina State,54.5,,,1.0
2022,11.0,Idaho,UC Davis,59.0,,,2.0
2022,11.0,Illinois,Purdue,44.0,,,1.0
2022,11.0,Iowa,Wisconsin,35.5,,,4.0
2022,11.0,Jackson State,Alabama A&M,55.0,,,1.0
2022,11.0,Jacksonville State,Eastern Kentucky,63.5,,,1.0
2022,11.0,Kentucky,Vanderbilt,45.5,,,4.0
2022,11.0,Lehigh,Colgate,38.5,,,1.0
2022,11.0,Louisiana,Georgia Southern,63.0,,,4.0
2022,11.0,Marist,Valparaiso,48.0,,,1.0
2022,11.0,Marshall,App State,47.5,,,1.0
2022,11.0,Memphis,Tulsa,62.5,,,4.0
2022,11.0,Mercer,Furman,52.5,,,1.0
2022,11.0,Miami (OH),Ohio,52.0,,,4.0
2022,11.0,Michigan,Nebraska,49.5,,,4.0
2022,11.0,Michigan State,Rutgers,41.0,,,4.0
2022,11.0,Middle Tennessee,Charlotte,67.0,,,4.0
2022,11.0,Minnesota,Northwestern,41.0,,,4.0
2022,11.0,Mississippi State,Georgia,53.0,,,4.0
2022,11.0,Missouri State,Youngstown State,57.5,,,1.0
2022,11.0,Montana,Eastern Washington,62.5,,,1.0
2022,11.0,Murray State,Robert Morris,44.0,,,1.0
2022,11.0,NC State,Boston College,41.0,,,4.0
2022,11.0,Navy,Notre Dame,40.5,,,4.0
2022,11.0,Nevada,Boise State,47.5,,,4.0
2022,11.0,New Hampshire,Rhode Island,52.5,,,1.0
2022,11.0,New Mexico State,Lamar,48.5,,,2.0
2022,11.0,Norfolk State,North Carolina Central,61.5,,,1.0
2022,11.0,North Alabama,Tennessee Tech,66.5,,,1.0
2022,11.0,North Carolina A&T,Charleston Southern,54.5,,,1.0
2022,11.0,North Dakota,South Dakota,49.5,,,2.0
2022,11.0,Northern Colorado,Northern Arizona,54.5,,,1.0
2022,11.0,Ohio State,Indiana,62.0,,,4.0
2022,11.0,Oklahoma State,Iowa State,47.5,,,4.0
2022,11.0,Old Dominion,James Madison,48.0,,,4.0
2022,11.0,Ole Miss,Alabama,65.5,,,4.0
2022,11.0,Oregon,Washington,74.0,,,4.0
2022,11.0,Oregon State,California,47.0,,,4.0
2022,11.0,Penn State,Maryland,56.5,,,4.0
2022,11.0,Pennsylvania,Harvard,44.5,,,1.0
2022,11.0,Portland State,Sacramento State,67.5,,,2.0
2022,11.0,SE Louisiana,Northwestern State,66.5,,,1.0
2022,11.0,Saint Francis,Duquesne,52.0,,,1.0
2022,11.0,Sam Houston,Abilene Christian,39.5,,,1.0
2022,11.0,San Diego,Davidson,57.5,,,1.0
2022,11.0,San Diego State,San José State,41.0,,,4.0
2022,11.0,South Alabama,Texas State,46.0,,,4.0
2022,11.0,South Dakota State,Illinois State,38.5,,,1.0
2022,11.0,South Florida,SMU,72.5,,,4.0
2022,11.0,Southern,Mississippi Valley State,47.5,,,1.0
2022,11.0,Southern Illinois,North Dakota State,54.0,,,1.0
2022,11.0,St. Thomas (MN),Stetson,59.5,,,1.0
2022,11.0,Stephen F. Austin,Central Arkansas,74.5,,,1.0
2022,11.0,Stony Brook,Towson,43.5,,,2.0
2022,11.0,Syracuse,Florida State,51.25,,,4.0
2022,11.0,Tennessee,Missouri,57.5,,,4.0
2022,11.0,Tennessee State,UT Martin,54.5,,,1.0
2022,11.0,Texas,TCU,65.75,,,4.0
2022,11.0,Texas Southern,Grambling,55.0,,,1.0
2022,11.0,Texas Tech,Kansas,63.5,,,4.0
2022,11.0,Toledo,Ball State,53.5,,,4.0
2022,11.0,Troy,Army,45.5,,,4.0
2022,11.0,Tulane,UCF,54.5,,,4.0
2022,11.0,UAB,North Texas,58.0,,,4.0
2022,11.0,UAlbany,Maine,61.0,,,1.0
2022,11.0,UCLA,Arizona,77.5,,,4.0
2022,11.0,UConn,Liberty,45.0,,,4.0
2022,11.0,UNLV,Fresno State,62.0,,,4.0
2022,11.0,USC,Colorado,66.0,,,4.0
2022,11.0,UTSA,Louisiana Tech,68.75,,,4.0
2022,11.0,Utah,Stanford,54.0,,,4.0
2022,11.0,Virginia,Pittsburgh,41.5,,,4.0
2022,11.0,Wagner,Sacred Heart,48.0,,,1.0
2022,11.0,Wake Forest,North Carolina,79.0,,,4.0
2022,11.0,Washington State,Arizona State,59.5,,,4.0
2022,11.0,Weber State,Idaho State,49.5,,,1.0
2022,11.0,West Virginia,Oklahoma,68.5,,,4.0
2022,11.0,Western Illinois,Indiana State,52.0,,,1.0
2022,11.0,Western Kentucky,Rice,61.0,,,4.0
2022,11.0,Western Michigan,Northern Illinois,49.0,,,4.0
2022,11.0,William & Mary,Villanova,52.75,,,2.0
2022,11.0,Wofford,VMI,49.5,,,1.0
2022,11.0,Yale,Princeton,45.5,,,1.0
2022,12.0,Abilene Christian,Stephen F. Austin,58.5,,,1.0
2022,12.0,Air Force,Colorado State,43.0,,,4.0
2022,12.0,Alabama,Austin Peay,58.5,,,2.0
2022,12.0,Alabama A&M,Texas Southern,54.5,,,1.0
2022,12.0,Alcorn State,Jackson State,44.0,,,2.0
2022,12.0,App State,Old Dominion,50.5,,,4.0
2022,12.0,Arizona,Washington State,63.0,,,4.0
2022,12.0,Arizona State,Oregon State,53.5,,,4.0
2022,12.0,Arkansas,Ole Miss,68.0,,,4.0
2022,12.0,Army,UConn,45.0,,,4.0
2022,12.0,Auburn,Western Kentucky,54.0,,,4.0
2022,12.0,Ball State,Ohio,57.5,,,4.0
2022,12.0,Baylor,TCU,58.0,,,4.0
2022,12.0,Bucknell,Marist,42.5,,,1.0
2022,12.0,Butler,St. Thomas (MN),47.5,,,2.0
2022,12.0,Cal Poly,Portland State,64.0,,,2.0
2022,12.0,California,Stanford,46.0,,,4.0
2022,12.0,Central Arkansas,Jacksonville State,63.0,,,2.0
2022,12.0,Central Michigan,Western Michigan,48.75,,,4.0
2022,12.0,Charlotte,Louisiana Tech,66.5,,,4.0
2022,12.0,Clemson,Miami,47.5,,,4.0
2022,12.0,Columbia,Cornell,44.0,,,1.0
2022,12.0,Dartmouth,Brown,50.5,,,1.0
2022,12.0,Davidson,Dayton,58.5,,,1.0
2022,12.0,Delaware State,Campbell,51.0,,,1.0
2022,12.0,Duquesne,Wagner,50.5,,,1.0
2022,12.0,East Carolina,Houston,66.5,,,4.0
2022,12.0,Eastern Washington,Northern Colorado,66.0,,,2.0
2022,12.0,Florida A&M,Bethune-Cookman,57.0,,,1.0
2022,12.0,Florida State,Louisiana,52.5,,,4.0
2022,12.0,Fordham,Colgate,70.0,,,1.0
2022,12.0,Furman,Wofford,46.5,,,2.0
2022,12.0,Gardner-Webb,North Carolina A&T,56.5,,,1.0
2022,12.0,Georgetown,Holy Cross,61.75,,,2.0
2022,12.0,Georgia Southern,Marshall,52.5,,,4.0
2022,12.0,Harvard,Yale,52.5,,,2.0
2022,12.0,Hawai'i,UNLV,56.5,,,4.0
2022,12.0,Idaho State,Idaho,56.0,,,1.0
2022,12.0,Illinois State,Western Illinois,37.5,,,1.0
2022,12.0,Indiana State,Missouri State,49.0,,,1.0
2022,12.0,Iowa State,Texas Tech,47.5,,,4.0
2022,12.0,James Madison,Georgia State,52.0,,,4.0
2022,12.0,Kansas,Texas,63.5,,,4.0
2022,12.0,Kent State,Eastern Michigan,60.0,,,4.0
2022,12.0,Kentucky,Georgia,47.5,,,4.0
2022,12.0,LSU,UAB,50.5,,,4.0
2022,12.0,Lafayette,Lehigh,32.5,,,1.0
2022,12.0,Liberty,Virginia Tech,46.25,,,4.0
2022,12.0,Louisville,NC State,43.0,,,4.0
2022,12.0,Maine,New Hampshire,51.5,,,1.0
2022,12.0,Maryland,Ohio State,62.5,,,4.0
2022,12.0,McNeese,Lamar,57.0,,,1.0
2022,12.0,Memphis,North Alabama,67.5,,,2.0
2022,12.0,Merrimack,Saint Francis,47.5,,,1.0
2022,12.0,Michigan,Illinois,41.5,,,4.0
2022,12.0,Michigan State,Indiana,47.25,,,4.0
2022,12.0,Middle Tennessee,Florida Atlantic,51.0,,,4.0
2022,12.0,Minnesota,Iowa,31.5,,,4.0
2022,12.0,Mississippi State,East Tennessee State,62.5,,,2.0
2022,12.0,Mississippi Valley State,Prairie View A&M,50.0,,,1.0
2022,12.0,Missouri,New Mexico State,46.5,,,4.0
2022,12.0,Monmouth,Stony Brook,62.5,,,1.0
2022,12.0,Montana State,Montana,58.5,,,2.0
2022,12.0,Morehead State,San Diego,57.5,,,2.0
2022,12.0,Morgan State,Howard,49.0,,,1.0
2022,12.0,Nebraska,Wisconsin,40.5,,,4.0
2022,12.0,Nevada,Fresno State,54.0,,,4.0
2022,12.0,New Mexico,San Diego State,36.0,,,4.0
2022,12.0,Nicholls,SE Louisiana,57.5,,,2.0
2022,12.0,North Carolina,Georgia Tech,63.0,,,4.0
2022,12.0,North Dakota State,North Dakota,55.5,,,1.0
2022,12.0,Northern Arizona,Weber State,51.0,,,1.0
2022,12.0,Northern Illinois,Miami (OH),44.0,,,4.0
2022,12.0,Northwestern State,Incarnate Word,71.5,,,1.0
2022,12.0,Notre Dame,Boston College,42.0,,,4.0
2022,12.0,Oklahoma,Oklahoma State,67.5,,,4.0
2022,12.0,Oregon,Utah,61.5,,,4.0
2022,12.0,Pittsburgh,Duke,49.0,,,4.0
2022,12.0,Princeton,Pennsylvania,42.5,,,1.0
2022,12.0,Purdue,Northwestern,44.5,,,4.0
2022,12.0,Rhode Island,UAlbany,59.5,,,1.0
2022,12.0,Rice,UTSA,56.0,,,4.0
2022,12.0,Richmond,William & Mary,53.0,,,1.0
2022,12.0,Robert Morris,Bryant,52.5,,,1.0
2022,12.0,Rutgers,Penn State,45.0,,,4.0
2022,12.0,Sacramento State,UC Davis,66.5,,,2.0
2022,12.0,Sacred Heart,Long Island University,54.0,,,1.0
2022,12.0,Sam Houston,Southern Utah,49.0,,,1.0
2022,12.0,Samford,Mercer,57.5,,,1.0
2022,12.0,South Carolina,Tennessee,67.0,,,4.0
2022,12.0,South Carolina State,Norfolk State,50.0,,,1.0
2022,12.0,South Dakota,Northern Iowa,47.0,,,1.0
2022,12.0,Southeast Missouri State,Murray State,55.5,,,1.0
2022,12.0,Southern Miss,South Alabama,45.0,,,4.0
2022,12.0,Stetson,Presbyterian,56.0,,,1.0
2022,12.0,Tarleton State,Houston Christian,58.5,,,1.0
2022,12.0,Temple,Cincinnati,49.0,,,4.0
2022,12.0,Tennessee Tech,North Carolina Central,60.5,,,1.0
2022,12.0,Texas A&M,Massachusetts,46.0,,,4.0
2022,12.0,Texas State,Arkansas State,50.0,,,4.0
2022,12.0,Toledo,Bowling Green,46.5,,,4.0
2022,12.0,Towson,Hampton,48.0,,,1.0
2022,12.0,Troy,UL Monroe,48.5,,,4.0
2022,12.0,Tulane,SMU,65.0,,,4.0
2022,12.0,Tulsa,South Florida,57.5,,,4.0
2022,12.0,UCF,Navy,53.0,,,4.0
2022,12.0,UCLA,USC,77.5,,,4.0
2022,12.0,UT Martin,Eastern Illinois,58.5,,,1.0
2022,12.0,UTEP,Florida International,50.0,,,4.0
2022,12.0,Utah State,San José State,51.0,,,4.0
2022,12.0,VMI,The Citadel,43.0,,,2.0
2022,12.0,Valparaiso,Drake,48.5,,,1.0
2022,12.0,Vanderbilt,Florida,58.0,,,4.0
2022,12.0,Villanova,Delaware,45.25,,,2.0
2022,12.0,Wake Forest,Syracuse,58.5,,,4.0
2022,12.0,Washington,Colorado,60.5,,,4.0
2022,12.0,West Virginia,Kansas State,54.5,,,4.0
2022,12.0,Western Carolina,Chattanooga,58.5,,,1.0
2022,12.0,Wyoming,Boise State,44.5,,,4.0
2022,12.0,Youngstown State,Southern Illinois,55.5,,,2.0
2022,13.0,Alabama,Auburn,51.0,,,4.0
2022,13.0,Alabama State,Arkansas-Pine Bluff,46.5,,,1.0
2022,13.0,Arizona,Arizona State,66.5,,,4.0
2022,13.0,Arkansas State,Troy,44.0,,,4.0
2022,13.0,Boise State,Utah State,52.0,,,4.0
2022,13.0,Boston College,Syracuse,47.0,,,4.0
2022,13.0,Buffalo,Kent State,51.0,,,4.0
2022,13.0,California,UCLA,62.5,,,4.0
2022,13.0,Cincinnati,Tulane,44.0,,,4.0
2022,13.0,Clemson,South Carolina,53.0,,,4.0
2022,13.0,Colorado,Utah,52.0,,,4.0
2022,13.0,Colorado State,New Mexico,36.0,,,4.0
2022,13.0,Delaware,Saint Francis,47.5,,,2.0
2022,13.0,Duke,Wake Forest,67.5,,,4.0
2022,13.0,Eastern Kentucky,Gardner-Webb,65.0,,,2.0
2022,13.0,Eastern Michigan,Central Michigan,53.5,,,4.0
2022,13.0,Florida Atlantic,Western Kentucky,62.25,,,4.0
2022,13.0,Florida International,Middle Tennessee,54.5,,,4.0
2022,13.0,Florida State,Florida,58.0,,,4.0
2022,13.0,Fresno State,Wyoming,50.5,,,4.0
2022,13.0,Furman,Elon,48.0,,,2.0
2022,13.0,Georgia,Georgia Tech,49.0,,,4.0
2022,13.0,Georgia Southern,App State,66.0,,,4.0
2022,13.0,Houston,Tulsa,67.0,,,4.0
2022,13.0,Indiana,Purdue,53.0,,,4.0
2022,13.0,Iowa,Nebraska,38.0,,,4.0
2022,13.0,James Madison,Coastal Carolina,53.0,,,4.0
2022,13.0,Kansas State,Kansas,62.0,,,4.0
2022,13.0,Kentucky,Louisville,42.5,,,4.0
2022,13.0,Liberty,New Mexico State,50.5,,,4.0
2022,13.0,Louisiana Tech,UAB,55.5,,,4.0
2022,13.0,Marshall,Georgia State,45.5,,,4.0
2022,13.0,Maryland,Rutgers,48.5,,,4.0
2022,13.0,Massachusetts,Army,45.5,,,4.0
2022,13.0,Miami,Pittsburgh,44.0,,,4.0
2022,13.0,Miami (OH),Ball State,45.0,,,4.0
2022,13.0,Missouri,Arkansas,55.5,,,4.0
2022,13.0,Montana,Southeast Missouri State,56.0,,,2.0
2022,13.0,New Hampshire,Fordham,76.5,,,2.0
2022,13.0,North Carolina,NC State,56.0,,,4.0
2022,13.0,North Texas,Rice,57.25,,,4.0
2022,13.0,Northern Illinois,Akron,52.0,,,4.0
2022,13.0,Northwestern,Illinois,38.0,,,4.0
2022,13.0,Ohio,Bowling Green,52.5,,,4.0
2022,13.0,Ohio State,Michigan,56.0,,,4.0
2022,13.0,Oklahoma State,West Virginia,59.75,,,4.0
2022,13.0,Ole Miss,Mississippi State,63.0,,,4.0
2022,13.0,Oregon State,Oregon,57.0,,,4.0
2022,13.0,Penn State,Michigan State,54.5,,,4.0
2022,13.0,Richmond,Davidson,56.5,,,2.0
2022,13.0,SE Louisiana,Idaho,61.5,,,2.0
2022,13.0,SMU,Memphis,68.5,,,4.0
2022,13.0,San Diego State,Air Force,43.5,,,4.0
2022,13.0,San José State,Hawai'i,58.0,,,4.0
2022,13.0,South Alabama,Old Dominion,47.0,,,4.0
2022,13.0,South Florida,UCF,67.5,,,4.0
2022,13.0,Southern,Grambling,53.0,,,2.0
2022,13.0,Stanford,BYU,57.5,,,4.0
2022,13.0,TCU,Iowa State,45.75,,,4.0
2022,13.0,Temple,East Carolina,52.0,,,4.0
2022,13.0,Texas,Baylor,55.25,,,4.0
2022,13.0,Texas A&M,LSU,47.5,,,4.0
2022,13.0,Texas State,Louisiana,44.0,,,4.0
2022,13.0,Texas Tech,Oklahoma,65.5,,,4.0
2022,13.0,UL Monroe,Southern Miss,50.0,,,4.0
2022,13.0,UNLV,Nevada,49.0,,,4.0
2022,13.0,USC,Notre Dame,62.75,,,4.0
2022,13.0,UTSA,UTEP,56.5,,,4.0
2022,13.0,Vanderbilt,Tennessee,64.0,,,4.0
2022,13.0,Washington State,Washington,60.0,,,4.0
2022,13.0,Weber State,North Dakota,57.5,,,1.0
2022,13.0,Western Michigan,Toledo,50.5,,,4.0
2022,13.0,Wisconsin,Minnesota,37.0,,,4.0
2022,14.0,Boise State,Fresno State,54.5,,,4.0
2022,14.0,Buffalo,Akron,55.0,,,4.0
2022,14.0,Georgia,LSU,52.0,,,4.0
2022,14.0,Holy Cross,New Hampshire,55.5,,,1.0
2022,14.0,Incarnate Word,Furman,64.5,,,1.0
2022,14.0,Jackson State,Southern,51.0,,,3.0
2022,14.0,Michigan,Purdue,54.0,,,4.0
2022,14.0,Montana State,Weber State,62.5,,,1.0
2022,14.0,New Mexico State,Valparaiso,55.0,,,1.0
2022,14.0,North Carolina,Clemson,64.0,,,4.0
2022,14.0,North Dakota State,Montana,52.0,,,1.0
2022,14.0,Ohio,Toledo,54.5,,,4.0
2022,14.0,Sacramento State,Richmond,54.0,,,1.0
2022,14.0,Samford,SE Louisiana,65.5,,,1.0
2022,14.0,South Dakota State,Delaware,47.5,,,1.0
2022,14.0,TCU,Kansas State,60.5,,,4.0
2022,14.0,Troy,Coastal Carolina,49.0,,,4.0
2022,14.0,Tulane,UCF,57.5,,,4.0
2022,14.0,USC,Utah,67.75,,,4.0
2022,14.0,UTSA,North Texas,70.0,,,4.0
2022,14.0,William & Mary,Gardner-Webb,61.5,,,1.0
2022,15.0,Army,Navy,32.0,,,4.0
2022,15.0,Montana State,William & Mary,64.75,,,2.0
2022,15.0,North Dakota State,Samford,63.25,,,2.0
2022,15.0,Sacramento State,Incarnate Word,77.75,,,2.0
2022,15.0,South Dakota State,Holy Cross,53.0,,,2.0
2023,1.0,Abilene Christian,Northern Colorado,51.5,,,1.0
2023,1.0,Air Force,James Madison,44.0,,,2.0
2023,1.0,Air Force,Robert Morris,51.25,,,2.0
2023,1.0,Alabama,Middle Tennessee,51.75,,,4.0
2023,1.0,Alabama State,Southern,42.5,,,1.0
2023,1.0,App State,Gardner-Webb,51.25,,,2.0
2023,1.0,App State,Miami (OH),40.75,,,2.0
2023,1.0,Arizona,Northern Arizona,61.0,,,2.0
2023,1.0,Arizona State,Southern Utah,59.5,,,3.0
2023,1.0,Arkansas,Western Carolina,61.25,,,2.0
2023,1.0,Auburn,Massachusetts,52.0,,,5.0
2023,1.0,BYU,Sam Houston,46.5,,,4.0
2023,1.0,Baylor,Texas State,58.75,,,4.0
2023,1.0,Boise State,UCLA,45.25,,,2.0
2023,1.0,Boston College,Northern Illinois,50.5,,,5.0
2023,1.0,Boston College,SMU,48.75,,,2.0
2023,1.0,Campbell,William & Mary,54.5,,,1.0
2023,1.0,Charlotte,South Carolina State,44.5,,,2.0
2023,1.0,Cincinnati,Eastern Kentucky,57.75,,,2.0
2023,1.0,Colorado State,Washington State,54.75,,,4.0
2023,1.0,Duke,Clemson,55.5,,,5.0
2023,1.0,Duke,Troy,44.25,,,2.0
2023,1.0,Eastern Michigan,Howard,55.5,,,1.0
2023,1.0,Eastern Michigan,South Alabama,42.75,,,2.0
2023,1.0,Florida A&M,Howard,48.5,,,1.0
2023,1.0,Florida A&M,Jackson State,46.5,,,2.0
2023,1.0,Florida Atlantic,Monmouth,56.0,,,2.0
2023,1.0,Florida International,Maine,46.25,,,2.0
2023,1.0,Florida State,Georgia,47.0,,,3.0
2023,1.0,Florida State,LSU,56.5,,,5.0
2023,1.0,Fordham,Wagner,56.5,,,1.0
2023,1.0,Fresno State,New Mexico State,53.0,,,2.0
2023,1.0,Furman,Tennessee Tech,49.5,,,1.0
2023,1.0,Georgetown,Marist,46.5,,,2.0
2023,1.0,Georgia,UT Martin,57.25,,,2.0
2023,1.0,Georgia Southern,The Citadel,53.5,,,2.0
2023,1.0,Georgia State,Rhode Island,61.5,,,3.0
2023,1.0,Georgia Tech,Louisville,49.5,,,5.0
2023,1.0,Hawai'i,Stanford,55.0,,,4.0
2023,1.0,Houston,UTSA,60.0,,,5.0
2023,1.0,Illinois,Toledo,45.5,,,5.0
2023,1.0,Illinois State,Dayton,45.5,,,2.0
2023,1.0,Indiana,Ohio State,59.5,,,5.0
2023,1.0,Iowa,Utah State,43.5,,,4.0
2023,1.0,Iowa State,Memphis,58.0,,,3.0
2023,1.0,Iowa State,Northern Iowa,41.0,,,2.0
2023,1.0,Jackson State,South Carolina State,45.5,,,1.0
2023,1.0,Jacksonville State,East Tennessee State,55.0,,,2.0
2023,1.0,Jacksonville State,UTEP,52.75,,,4.0
2023,1.0,James Madison,Bucknell,53.5,,,2.0
2023,1.0,Kansas,Missouri State,60.5,,,1.0
2023,1.0,Kansas State,NC State,48.5,,,3.0
2023,1.0,Kansas State,Southeast Missouri State,56.5,,,1.0
2023,1.0,Kentucky,Ball State,48.75,,,4.0
2023,1.0,Kentucky,Clemson,44.5,,,3.0
2023,1.0,LSU,Wisconsin,58.5,,,3.0
2023,1.0,Lamar,Idaho,55.5,,,1.0
2023,1.0,Lehigh,Villanova,50.5,,,1.0
2023,1.0,Liberty,Bowling Green,49.0,,,4.0
2023,1.0,Louisiana,Jacksonville State,58.0,,,2.0
2023,1.0,Louisiana,Northwestern State,54.5,,,2.0
2023,1.0,Louisiana Tech,Florida International,58.5,,,5.0
2023,1.0,Marshall,UAlbany,47.75,,,2.0
2023,1.0,Marshall,UTSA,46.75,,,2.0
2023,1.0,Maryland,Auburn,48.5,,,3.0
2023,1.0,Maryland,Towson,56.0,,,2.0
2023,1.0,McNeese,Tarleton State,54.5,,,1.0
2023,1.0,Memphis,Bethune-Cookman,59.5,,,1.0
2023,1.0,Mercer,North Alabama,58.5,,,1.0
2023,1.0,Miami,Miami (OH),45.25,,,4.0
2023,1.0,Miami,Rutgers,40.75,,,2.0
2023,1.0,Michigan,Alabama,46.0,,,3.0
2023,1.0,Michigan,East Carolina,52.0,,,5.0
2023,1.0,Michigan,Washington,55.5,,,2.0
2023,1.0,Michigan State,Central Michigan,45.5,,,5.0
2023,1.0,Minnesota,Bowling Green,44.75,,,2.0
2023,1.0,Minnesota,Nebraska,43.0,,,5.0
2023,1.0,Mississippi State,SE Louisiana,59.5,,,2.0
2023,1.0,Missouri,South Dakota,44.5,,,3.0
2023,1.0,Montana,North Dakota State,51.5,,,1.0
2023,1.0,Murray State,Presbyterian,54.5,,,1.0
2023,1.0,New Mexico State,Massachusetts,44.5,,,5.0
2023,1.0,New Mexico State,Western Illinois,55.0,,,2.0
2023,1.0,Nicholls,Sacramento State,54.5,,,1.0
2023,1.0,North Alabama,Chattanooga,52.5,,,1.0
2023,1.0,North Carolina,South Carolina,63.5,,,5.0
2023,1.0,North Dakota,Drake,50.5,,,1.0
2023,1.0,North Dakota State,Eastern Washington,59.0,,,2.0
2023,1.0,North Texas,California,54.0,,,5.0
2023,1.0,Northern Illinois,Arkansas State,53.75,,,2.0
2023,1.0,Northwestern,Utah,44.0,,,2.0
2023,1.0,Notre Dame,Navy,50.5,,,5.0
2023,1.0,Notre Dame,Oregon State,40.5,,,2.0
2023,1.0,Notre Dame,Tennessee State,54.75,,,2.0
2023,1.0,Ohio,Georgia Southern,48.5,,,2.0
2023,1.0,Ohio,Long Island University,57.75,,,2.0
2023,1.0,Ohio State,Missouri,51.0,,,3.0
2023,1.0,Oklahoma,Arizona,59.5,,,3.0
2023,1.0,Oklahoma,Arkansas State,58.0,,,4.0
2023,1.0,Oklahoma State,Central Arkansas,59.5,,,2.0
2023,1.0,Oklahoma State,Texas A&M,55.5,,,3.0
2023,1.0,Old Dominion,Western Kentucky,48.75,,,2.0
2023,1.0,Ole Miss,Mercer,59.0,,,2.0
2023,1.0,Oregon,Liberty,71.5,,,3.0
2023,1.0,Oregon,Portland State,64.75,,,2.0
2023,1.0,Penn State,Ole Miss,52.5,,,3.0
2023,1.0,Penn State,West Virginia,48.0,,,5.0
2023,1.0,Pittsburgh,Wofford,49.0,,,2.0
2023,1.0,Purdue,Fresno State,47.0,,,5.0
2023,1.0,Rice,Texas State,59.0,,,2.0
2023,1.0,Richmond,Morgan State,43.5,,,1.0
2023,1.0,Rutgers,Northwestern,39.5,,,5.0
2023,1.0,SMU,Louisiana Tech,66.25,,,4.0
2023,1.0,Sacred Heart,Lafayette,38.5,,,1.0
2023,1.0,San Diego State,Idaho State,51.25,,,2.0
2023,1.0,San Diego State,Ohio,49.0,,,5.0
2023,1.0,San José State,Coastal Carolina,48.5,,,3.0
2023,1.0,San José State,Oregon State,55.75,,,4.0
2023,1.0,South Dakota State,Montana,49.0,,,2.0
2023,1.0,South Dakota State,UAlbany,48.5,,,1.0
2023,1.0,Southern Illinois,Austin Peay,55.0,,,1.0
2023,1.0,Southern Miss,Alcorn State,47.5,,,2.0
2023,1.0,Stonehill,New Hampshire,53.0,,,1.0
2023,1.0,Stony Brook,Delaware,45.5,,,1.0
2023,1.0,Syracuse,Colgate,49.5,,,2.0
2023,1.0,Syracuse,South Florida,55.75,,,2.0
2023,1.0,TCU,Colorado,63.0,,,5.0
2023,1.0,Temple,Akron,55.0,,,4.0
2023,1.0,Tennessee,Iowa,36.5,,,3.0
2023,1.0,Tennessee,Virginia,56.0,,,5.0
2023,1.0,Texas,Rice,59.0,,,4.0
2023,1.0,Texas A&M,New Mexico,48.75,,,4.0
2023,1.0,Texas Tech,California,55.5,,,2.0
2023,1.0,Troy,Stephen F. Austin,48.0,,,2.0
2023,1.0,Tulane,South Alabama,51.5,,,4.0
2023,1.0,Tulane,Virginia Tech,44.0,,,2.0
2023,1.0,Tulsa,Arkansas-Pine Bluff,52.5,,,3.0
2023,1.0,UAB,North Carolina A&T,46.5,,,3.0
2023,1.0,UAlbany,Fordham,59.0,,,1.0
2023,1.0,UCF,Georgia Tech,66.0,,,2.0
2023,1.0,UCF,Kent State,54.0,,,5.0
2023,1.0,UCLA,Coastal Carolina,66.5,,,4.0
2023,1.0,UConn,NC State,48.0,,,5.0
2023,1.0,UL Monroe,Army,47.25,,,4.0
2023,1.0,UNLV,Bryant,66.0,,,2.0
2023,1.0,UNLV,Kansas,64.5,,,3.0
2023,1.0,USC,Louisville,57.25,,,2.0
2023,1.0,USC,Nevada,63.5,,,4.0
2023,1.0,USC,San José State,64.5,,,5.0
2023,1.0,UTEP,Incarnate Word,57.5,,,2.0
2023,1.0,Utah,Florida,44.5,,,5.0
2023,1.0,Utah State,Georgia State,57.75,,,2.0
2023,1.0,Vanderbilt,Alabama A&M,53.5,,,2.0
2023,1.0,Vanderbilt,Hawai'i,54.75,,,4.0
2023,1.0,Virginia Tech,Old Dominion,48.0,,,4.0
2023,1.0,Wake Forest,Elon,53.5,,,3.0
2023,1.0,Washington,Boise State,59.0,,,5.0
2023,1.0,Washington,Texas,61.5,,,3.0
2023,1.0,West Virginia,North Carolina,61.75,,,2.0
2023,1.0,Western Kentucky,South Florida,71.0,,,4.0
2023,1.0,Western Michigan,Saint Francis,58.0,,,1.0
2023,1.0,Wisconsin,Buffalo,54.0,,,5.0
2023,1.0,Wyoming,Texas Tech,50.5,,,5.0
2023,1.0,Wyoming,Toledo,44.0,,,2.0
2023,1.0,Youngstown State,Valparaiso,51.5,,,1.0
2023,2.0,Akron,Morgan State,46.0,,,1.0
2023,2.0,Alabama,Texas,53.5,,,3.0
2023,2.0,Arizona State,Oklahoma State,53.5,,,3.0
2023,2.0,Arkansas,Kent State,57.5,,,3.0
2023,2.0,Arkansas State,Memphis,57.5,,,3.0
2023,2.0,Army,Delaware State,44.0,,,2.0
2023,2.0,BYU,Southern Utah,48.0,,,2.0
2023,2.0,Baylor,Utah,45.5,,,3.0
2023,2.0,Boise State,UCF,58.5,,,3.0
2023,2.0,Boston College,Holy Cross,52.25,,,2.0
2023,2.0,Bowling Green,Eastern Illinois,48.0,,,2.0
2023,2.0,Buffalo,Fordham,55.5,,,1.0
2023,2.0,California,Auburn,55.5,,,3.0
2023,2.0,Central Michigan,New Hampshire,48.5,,,1.0
2023,2.0,Clemson,Charleston Southern,53.0,,,1.0
2023,2.0,Coastal Carolina,Jacksonville State,61.0,,,3.0
2023,2.0,Colorado,Nebraska,56.5,,,3.0
2023,2.0,Duke,Lafayette,48.5,,,2.0
2023,2.0,East Carolina,Marshall,43.5,,,3.0
2023,2.0,Florida,McNeese,55.0,,,2.0
2023,2.0,Florida Atlantic,Ohio,61.5,,,3.0
2023,2.0,Florida International,North Texas,51.5,,,3.0
2023,2.0,Florida State,Southern Miss,54.0,,,3.0
2023,2.0,Fresno State,Eastern Washington,63.25,,,2.0
2023,2.0,Georgia,Ball State,52.5,,,3.0
2023,2.0,Georgia Southern,UAB,63.0,,,3.0
2023,2.0,Georgia State,UConn,54.5,,,3.0
2023,2.0,Georgia Tech,South Carolina State,53.5,,,3.0
2023,2.0,Hawai'i,UAlbany,58.5,,,1.0
2023,2.0,Indiana,Indiana State,44.75,,,2.0
2023,2.0,Iowa State,Iowa,35.5,,,3.0
2023,2.0,Kansas,Illinois,57.5,,,3.0
2023,2.0,Kansas State,Troy,50.0,,,3.0
2023,2.0,Kentucky,Eastern Kentucky,62.5,,,2.0
2023,2.0,LSU,Grambling,61.5,,,1.0
2023,2.0,Liberty,New Mexico State,54.5,,,3.0
2023,2.0,Louisiana Tech,Northwestern State,58.5,,,1.0
2023,2.0,Louisville,Murray State,55.5,,,1.0
2023,2.0,Maryland,Charlotte,50.0,,,3.0
2023,2.0,Massachusetts,Miami (OH),44.0,,,3.0
2023,2.0,Miami,Texas A&M,50.5,,,3.0
2023,2.0,Michigan,UNLV,57.5,,,3.0
2023,2.0,Michigan State,Richmond,43.5,,,2.0
2023,2.0,Minnesota,Eastern Michigan,48.0,,,3.0
2023,2.0,Mississippi State,Arizona,60.0,,,3.0
2023,2.0,Missouri,Middle Tennessee,47.5,,,3.0
2023,2.0,NC State,Notre Dame,49.5,,,3.0
2023,2.0,Navy,Wagner,49.5,,,2.0
2023,2.0,Nevada,Idaho,51.5,,,2.0
2023,2.0,New Mexico,Tennessee Tech,51.5,,,1.0
2023,2.0,North Carolina,App State,58.0,,,3.0
2023,2.0,North Carolina A&T,North Carolina Central,57.5,,,1.0
2023,2.0,North Dakota State,Maine,50.5,,,1.0
2023,2.0,Northern Illinois,Southern Illinois,58.75,,,2.0
2023,2.0,Northern Iowa,Weber State,50.5,,,1.0
2023,2.0,Northwestern,UTEP,40.0,,,3.0
2023,2.0,Ohio State,Youngstown State,56.25,,,2.0
2023,2.0,Oklahoma,SMU,68.5,,,3.0
2023,2.0,Old Dominion,Louisiana,51.0,,,3.0
2023,2.0,Oregon State,UC Davis,56.5,,,2.0
2023,2.0,Penn State,Delaware,55.75,,,2.0
2023,2.0,Pittsburgh,Cincinnati,44.5,,,3.0
2023,2.0,Rhode Island,Stony Brook,55.0,,,1.0
2023,2.0,Rice,Houston,51.0,,,3.0
2023,2.0,Rutgers,Temple,43.5,,,3.0
2023,2.0,Sam Houston,Air Force,36.5,,,3.0
2023,2.0,San Diego State,UCLA,49.0,,,3.0
2023,2.0,San José State,Cal Poly,58.0,,,2.0
2023,2.0,South Alabama,SE Louisiana,59.5,,,1.0
2023,2.0,South Carolina,Furman,52.5,,,1.0
2023,2.0,South Florida,Florida A&M,63.0,,,1.0
2023,2.0,Syracuse,Western Michigan,56.5,,,3.0
2023,2.0,TCU,Nicholls,59.5,,,1.0
2023,2.0,Tennessee,Austin Peay,65.5,,,2.0
2023,2.0,Texas Tech,Oregon,69.0,,,3.0
2023,2.0,Toledo,Texas Southern,60.25,,,2.0
2023,2.0,Tulane,Ole Miss,64.0,,,3.0
2023,2.0,UL Monroe,Lamar,48.5,,,1.0
2023,2.0,USC,Stanford,70.0,,,3.0
2023,2.0,UTSA,Texas State,66.5,,,3.0
2023,2.0,Utah State,Idaho State,61.0,,,1.0
2023,2.0,Virginia,James Madison,40.0,,,3.0
2023,2.0,Virginia Tech,Purdue,49.0,,,3.0
2023,2.0,Wake Forest,Vanderbilt,56.5,,,3.0
2023,2.0,Washington,Tulsa,66.5,,,3.0
2023,2.0,Washington State,Wisconsin,58.0,,,3.0
2023,2.0,West Virginia,Duquesne,55.5,,,1.0
2023,2.0,Western Kentucky,Houston Christian,64.5,,,1.0
2023,2.0,Wyoming,Portland State,51.25,,,2.0
2023,3.0,Air Force,Utah State,45.5,,,2.0
2023,3.0,App State,East Carolina,48.25,,,2.0
2023,3.0,Arizona,UTEP,57.25,,,2.0
2023,3.0,Arizona State,Fresno State,48.0,,,2.0
2023,3.0,Arkansas,BYU,47.75,,,2.0
2023,3.0,Arkansas State,Stony Brook,47.5,,,1.0
2023,3.0,Auburn,Samford,62.0,,,1.0
2023,3.0,Ball State,Indiana State,45.0,,,1.0
2023,3.0,Baylor,Long Island University,54.0,,,1.0
2023,3.0,Boise State,North Dakota,58.0,,,1.0
2023,3.0,Boston College,Florida State,47.75,,,2.0
2023,3.0,Buffalo,Liberty,54.0,,,2.0
2023,3.0,California,Idaho,52.5,,,1.0
2023,3.0,Charlotte,Georgia State,52.0,,,2.0
2023,3.0,Cincinnati,Miami (OH),44.25,,,2.0
2023,3.0,Clemson,Florida Atlantic,51.5,,,2.0
2023,3.0,Coastal Carolina,Duquesne,55.5,,,1.0
2023,3.0,Colgate,Pennsylvania,46.5,,,1.0
2023,3.0,Colorado,Colorado State,63.25,,,2.0
2023,3.0,Duke,Northwestern,48.0,,,2.0
2023,3.0,Eastern Illinois,Illinois State,41.5,,,1.0
2023,3.0,Eastern Michigan,Massachusetts,49.75,,,2.0
2023,3.0,Florida,Tennessee,56.5,,,2.0
2023,3.0,Georgia,South Carolina,54.0,,,2.0
2023,3.0,Houston,TCU,64.0,,,2.0
2023,3.0,Illinois,Penn State,47.5,,,2.0
2023,3.0,Indiana,Louisville,50.5,,,2.0
2023,3.0,Iowa,Western Michigan,43.25,,,2.0
2023,3.0,Kent State,Central Connecticut,46.5,,,1.0
2023,3.0,Kentucky,Akron,48.5,,,2.0
2023,3.0,Lafayette,Columbia,40.5,,,1.0
2023,3.0,Lehigh,Cornell,45.5,,,1.0
2023,3.0,Louisiana Tech,North Texas,66.5,,,2.0
2023,3.0,Maine,Rhode Island,53.0,,,1.0
2023,3.0,Marist,Davidson,51.0,,,1.0
2023,3.0,Maryland,Virginia,48.25,,,2.0
2023,3.0,Memphis,Navy,46.75,,,2.0
2023,3.0,Miami,Bethune-Cookman,63.5,,,1.0
2023,3.0,Michigan,Bowling Green,53.5,,,2.0
2023,3.0,Michigan State,Washington,57.25,,,2.0
2023,3.0,Middle Tennessee,Murray State,51.0,,,1.0
2023,3.0,Mississippi State,LSU,54.0,,,2.0
2023,3.0,Missouri,Kansas State,48.5,,,2.0
2023,3.0,Monmouth,Campbell,61.5,,,1.0
2023,3.0,Montana State,Stetson,59.5,,,1.0
2023,3.0,NC State,VMI,51.0,,,1.0
2023,3.0,Nebraska,Northern Illinois,42.75,,,2.0
2023,3.0,Nevada,Kansas,58.0,,,2.0
2023,3.0,New Mexico,New Mexico State,52.25,,,2.0
2023,3.0,North Carolina,Minnesota,51.5,,,2.0
2023,3.0,Notre Dame,Central Michigan,51.25,,,2.0
2023,3.0,Ohio,Iowa State,41.75,,,2.0
2023,3.0,Ohio State,Western Kentucky,64.75,,,2.0
2023,3.0,Oklahoma State,South Alabama,49.25,,,2.0
2023,3.0,Old Dominion,Wake Forest,60.5,,,2.0
2023,3.0,Ole Miss,Georgia Tech,61.5,,,2.0
2023,3.0,Oregon,Hawai'i,67.75,,,2.0
2023,3.0,Oregon State,San Diego State,48.5,,,2.0
2023,3.0,Purdue,Syracuse,56.5,,,2.0
2023,3.0,Rice,Texas Southern,60.0,,,1.0
2023,3.0,Rutgers,Virginia Tech,37.5,,,2.0
2023,3.0,SMU,Prairie View A&M,63.5,,,1.0
2023,3.0,Sacred Heart,Wagner,39.5,,,1.0
2023,3.0,South Dakota,Lamar,48.0,,,1.0
2023,3.0,South Florida,Alabama,60.75,,,2.0
2023,3.0,Southern Miss,Tulane,47.5,,,2.0
2023,3.0,Stanford,Sacramento State,60.5,,,1.0
2023,3.0,Temple,Norfolk State,55.0,,,1.0
2023,3.0,Texas,Wyoming,48.5,,,2.0
2023,3.0,Texas A&M,UL Monroe,53.5,,,2.0
2023,3.0,Texas State,Jackson State,61.5,,,1.0
2023,3.0,Texas Tech,Tarleton State,75.5,,,1.0
2023,3.0,Toledo,San José State,56.5,,,2.0
2023,3.0,Troy,James Madison,46.25,,,2.0
2023,3.0,Tulsa,Oklahoma,58.75,,,2.0
2023,3.0,UAB,Louisiana,59.5,,,2.0
2023,3.0,UCF,Villanova,54.0,,,1.0
2023,3.0,UCLA,North Carolina Central,60.5,,,1.0
2023,3.0,UConn,Florida International,43.5,,,2.0
2023,3.0,UNLV,Vanderbilt,56.75,,,2.0
2023,3.0,UTSA,Army,41.75,,,2.0
2023,3.0,Utah,Weber State,44.0,,,1.0
2023,3.0,Washington State,Northern Colorado,55.0,,,1.0
2023,3.0,West Virginia,Pittsburgh,47.75,,,2.0
2023,3.0,Wisconsin,Georgia Southern,65.5,,,2.0
2023,3.0,Yale,Holy Cross,50.0,,,1.0
2023,3.0,Youngstown State,Robert Morris,50.5,,,1.0
2023,4.0,Alabama,Ole Miss,55.5,,,3.0
2023,4.0,Alabama A&M,Arkansas-Pine Bluff,50.5,,,1.0
2023,4.0,Alcorn State,Prairie View A&M,50.5,,,1.0
2023,4.0,Arizona State,USC,62.0,,,3.0
2023,4.0,Arkansas State,Southern Miss,46.5,,,3.0
2023,4.0,Ball State,Georgia Southern,61.0,,,3.0
2023,4.0,Baylor,Texas,49.5,,,3.0
2023,4.0,Bowling Green,Ohio,45.0,,,3.0
2023,4.0,Bucknell,Pennsylvania,35.5,,,1.0
2023,4.0,Campbell,Elon,57.5,,,1.0
2023,4.0,Central Arkansas,Abilene Christian,55.5,,,1.0
2023,4.0,Cincinnati,Oklahoma,57.5,,,3.0
2023,4.0,Clemson,Florida State,55.0,,,3.0
2023,4.0,Coastal Carolina,Georgia State,62.5,,,3.0
2023,4.0,Columbia,Georgetown,35.0,,,1.0
2023,4.0,Dartmouth,Lehigh,41.0,,,1.0
2023,4.0,Delaware,New Hampshire,47.5,,,1.0
2023,4.0,East Carolina,Gardner-Webb,51.0,,,1.0
2023,4.0,Eastern Illinois,McNeese,47.5,,,1.0
2023,4.0,Eastern Kentucky,Southeast Missouri State,61.5,,,1.0
2023,4.0,Florida,Charlotte,48.5,,,3.0
2023,4.0,Florida A&M,Alabama State,44.0,,,1.0
2023,4.0,Florida International,Liberty,53.5,,,3.0
2023,4.0,Fresno State,Kent State,47.5,,,3.0
2023,4.0,Furman,Mercer,50.5,,,1.0
2023,4.0,Georgia,UAB,56.0,,,3.0
2023,4.0,Grambling,Texas Southern,63.5,,,1.0
2023,4.0,Harvard,Brown,54.5,,,2.0
2023,4.0,Hawai'i,New Mexico State,55.0,,,3.0
2023,4.0,Holy Cross,Colgate,55.0,,,1.0
2023,4.0,Houston,Sam Houston,37.0,,,3.0
2023,4.0,Idaho,Sacramento State,57.5,,,1.0
2023,4.0,Idaho State,Northern Colorado,67.0,,,1.0
2023,4.0,Illinois,Florida Atlantic,45.5,,,3.0
2023,4.0,Illinois State,Lindenwood,55.5,,,1.0
2023,4.0,Indiana,Akron,46.0,,,3.0
2023,4.0,Iowa State,Oklahoma State,36.0,,,3.0
2023,4.0,Jackson State,Bethune-Cookman,50.5,,,1.0
2023,4.0,Jacksonville State,Eastern Michigan,51.0,,,3.0
2023,4.0,Kansas,BYU,54.5,,,3.0
2023,4.0,Kansas State,UCF,52.5,,,3.0
2023,4.0,LSU,Arkansas,55.0,,,3.0
2023,4.0,Lafayette,Monmouth,43.0,,,1.0
2023,4.0,Louisiana,Buffalo,57.5,,,3.0
2023,4.0,Louisville,Boston College,53.5,,,3.0
2023,4.0,Marshall,Virginia Tech,41.5,,,3.0
2023,4.0,Massachusetts,New Mexico,48.5,,,3.0
2023,4.0,Miami (OH),Delaware State,49.5,,,1.0
2023,4.0,Michigan,Rutgers,44.0,,,3.0
2023,4.0,Michigan State,Maryland,52.5,,,3.0
2023,4.0,Middle Tennessee,Colorado State,50.0,,,3.0
2023,4.0,Missouri,Memphis,52.0,,,3.0
2023,4.0,Morgan State,UAlbany,35.5,,,1.0
2023,4.0,Nebraska,Louisiana Tech,45.0,,,3.0
2023,4.0,North Alabama,UT Martin,61.5,,,1.0
2023,4.0,North Carolina Central,Mississippi Valley State,47.5,,,1.0
2023,4.0,Northern Arizona,Montana,52.5,,,1.0
2023,4.0,Northern Illinois,Tulsa,54.5,,,3.0
2023,4.0,Northwestern,Minnesota,39.5,,,3.0
2023,4.0,Notre Dame,Ohio State,55.5,,,3.0
2023,4.0,Oregon,Colorado,70.0,,,3.0
2023,4.0,Penn State,Iowa,38.5,,,3.0
2023,4.0,Pittsburgh,North Carolina,49.5,,,3.0
2023,4.0,Portland State,Cal Poly,65.5,,,1.0
2023,4.0,Princeton,Bryant,38.0,,,1.0
2023,4.0,Purdue,Wisconsin,54.0,,,3.0
2023,4.0,SE Louisiana,Houston Christian,64.5,,,1.0
2023,4.0,Saint Francis,Sacred Heart,41.5,,,1.0
2023,4.0,Samford,Chattanooga,56.0,,,1.0
2023,4.0,San Diego,Dayton,47.5,,,1.0
2023,4.0,San Diego State,Boise State,46.5,,,3.0
2023,4.0,San José State,Air Force,45.5,,,3.0
2023,4.0,South Alabama,Central Michigan,47.5,,,3.0
2023,4.0,South Carolina,Mississippi State,47.0,,,3.0
2023,4.0,South Carolina State,The Citadel,40.5,,,1.0
2023,4.0,South Florida,Rice,57.5,,,3.0
2023,4.0,Southern Utah,Western Illinois,58.5,,,1.0
2023,4.0,St. Thomas (MN),Morehead State,49.5,,,1.0
2023,4.0,Stanford,Arizona,60.0,,,3.0
2023,4.0,Stephen F. Austin,Austin Peay,61.5,,,1.0
2023,4.0,Stetson,Butler,57.5,,,1.0
2023,4.0,Stony Brook,Richmond,34.5,,,1.0
2023,4.0,Syracuse,Army,50.5,,,3.0
2023,4.0,TCU,SMU,63.0,,,3.0
2023,4.0,Temple,Miami,46.5,,,3.0
2023,4.0,Tennessee,UTSA,59.0,,,3.0
2023,4.0,Texas A&M,Auburn,51.0,,,3.0
2023,4.0,Texas State,Nevada,59.5,,,3.0
2023,4.0,Toledo,Western Michigan,52.5,,,3.0
2023,4.0,Towson,Norfolk State,40.5,,,1.0
2023,4.0,Troy,Western Kentucky,57.0,,,3.0
2023,4.0,Tulane,Nicholls,55.5,,,1.0
2023,4.0,UC Davis,Eastern Washington,62.5,,,1.0
2023,4.0,UConn,Duke,45.0,,,3.0
2023,4.0,UTEP,UNLV,49.5,,,3.0
2023,4.0,Utah,UCLA,51.0,,,3.0
2023,4.0,Utah State,James Madison,52.5,,,3.0
2023,4.0,VMI,Wofford,35.5,,,1.0
2023,4.0,Valparaiso,Marist,53.0,,,1.0
2023,4.0,Vanderbilt,Kentucky,50.0,,,3.0
2023,4.0,Villanova,Rhode Island,48.0,,,1.0
2023,4.0,Virginia,NC State,47.5,,,3.0
2023,4.0,Wagner,Merrimack,35.0,,,1.0
2023,4.0,Wake Forest,Georgia Tech,58.5,,,3.0
2023,4.0,Washington,California,55.5,,,3.0
2023,4.0,Washington State,Oregon State,58.5,,,3.0
2023,4.0,Weber State,Montana State,54.5,,,1.0
2023,4.0,West Virginia,Texas Tech,54.5,,,3.0
2023,4.0,Western Carolina,Charleston Southern,48.0,,,1.0
2023,4.0,William & Mary,Maine,35.5,,,1.0
2023,4.0,Wyoming,App State,45.0,,,3.0
2023,4.0,Yale,Cornell,46.0,,,1.0
2023,5.0,Air Force,San Diego State,43.5,,,3.0
2023,5.0,Akron,Buffalo,55.5,,,3.0
2023,5.0,Alabama State,Alcorn State,37.5,,,1.0
2023,5.0,Arizona,Washington,67.0,,,3.0
2023,5.0,Arkansas,Texas A&M,54.0,,,3.0
2023,5.0,Auburn,Georgia,45.5,,,3.0
2023,5.0,BYU,Cincinnati,48.0,,,3.0
2023,5.0,Boston College,Virginia,52.5,,,3.0
2023,5.0,Brown,Central Connecticut,53.5,,,1.0
2023,5.0,Butler,Presbyterian,50.5,,,1.0
2023,5.0,Cal Poly,UC Davis,58.0,,,1.0
2023,5.0,California,Arizona State,47.5,,,3.0
2023,5.0,Central Michigan,Eastern Michigan,47.5,,,3.0
2023,5.0,Colorado,USC,74.5,,,3.0
2023,5.0,Davidson,San Diego,49.0,,,1.0
2023,5.0,Dayton,St. Thomas (MN),54.5,,,1.0
2023,5.0,Duke,Notre Dame,52.5,,,3.0
2023,5.0,Eastern Washington,Idaho,63.0,,,1.0
2023,5.0,Fresno State,Nevada,51.5,,,3.0
2023,5.0,Georgia Southern,Coastal Carolina,64.5,,,3.0
2023,5.0,Georgia State,Troy,51.0,,,3.0
2023,5.0,Georgia Tech,Bowling Green,51.5,,,3.0
2023,5.0,Houston Christian,Lamar,55.5,,,1.0
2023,5.0,Iowa,Michigan State,36.5,,,3.0
2023,5.0,James Madison,South Alabama,49.5,,,3.0
2023,5.0,Kent State,Miami (OH),49.5,,,3.0
2023,5.0,Kentucky,Florida,45.0,,,3.0
2023,5.0,Lafayette,Bucknell,40.0,,,1.0
2023,5.0,Long Island University,Duquesne,47.5,,,1.0
2023,5.0,Maine,Stony Brook,40.5,,,1.0
2023,5.0,Marist,Stetson,54.5,,,1.0
2023,5.0,Marshall,Old Dominion,47.0,,,3.0
2023,5.0,Maryland,Indiana,50.0,,,3.0
2023,5.0,Massachusetts,Arkansas State,55.0,,,3.0
2023,5.0,McNeese,Nicholls,53.5,,,1.0
2023,5.0,Memphis,Boise State,59.5,,,3.0
2023,5.0,Mercer,VMI,41.0,,,1.0
2023,5.0,Minnesota,Louisiana,48.5,,,3.0
2023,5.0,Mississippi State,Alabama,46.5,,,3.0
2023,5.0,Mississippi Valley State,Florida A&M,45.5,,,1.0
2023,5.0,Monmouth,Lehigh,53.0,,,1.0
2023,5.0,Montana,Idaho State,56.5,,,1.0
2023,5.0,Montana State,Portland State,65.5,,,1.0
2023,5.0,Murray State,Indiana State,45.5,,,1.0
2023,5.0,NC State,Louisville,55.5,,,3.0
2023,5.0,Navy,South Florida,54.5,,,3.0
2023,5.0,Nebraska,Michigan,39.5,,,3.0
2023,5.0,New Hampshire,Towson,55.0,,,1.0
2023,5.0,North Alabama,Eastern Kentucky,62.5,,,1.0
2023,5.0,North Carolina Central,Campbell,62.5,,,1.0
2023,5.0,North Texas,Abilene Christian,70.5,,,1.0
2023,5.0,Northern Colorado,Weber State,50.5,,,1.0
2023,5.0,Northwestern,Penn State,46.0,,,3.0
2023,5.0,Northwestern State,Eastern Illinois,49.5,,,1.0
2023,5.0,Oklahoma,Iowa State,48.5,,,3.0
2023,5.0,Ole Miss,LSU,67.0,,,3.0
2023,5.0,Oregon State,Utah,44.5,,,3.0
2023,5.0,Pennsylvania,Dartmouth,38.5,,,1.0
2023,5.0,Prairie View A&M,Grambling,60.5,,,1.0
2023,5.0,Princeton,Columbia,40.5,,,1.0
2023,5.0,Purdue,Illinois,53.5,,,3.0
2023,5.0,Rhode Island,Bryant,56.5,,,1.0
2023,5.0,Rice,East Carolina,47.0,,,3.0
2023,5.0,Robert Morris,Howard,59.0,,,1.0
2023,5.0,Rutgers,Wagner,52.5,,,1.0
2023,5.0,SE Louisiana,Tarleton State,67.5,,,1.0
2023,5.0,SMU,Charlotte,53.5,,,3.0
2023,5.0,Sacramento State,Northern Arizona,59.5,,,1.0
2023,5.0,Sacred Heart,Merrimack,41.5,,,1.0
2023,5.0,Sam Houston,Jacksonville State,36.0,,,3.0
2023,5.0,Samford,East Tennessee State,59.5,,,1.0
2023,5.0,South Dakota State,North Dakota,54.5,,,1.0
2023,5.0,Southern Miss,Texas State,60.5,,,3.0
2023,5.0,Southern Utah,Central Arkansas,57.5,,,1.0
2023,5.0,Stanford,Oregon,61.0,,,3.0
2023,5.0,Syracuse,Clemson,53.0,,,3.0
2023,5.0,TCU,West Virginia,52.0,,,3.0
2023,5.0,Tennessee,South Carolina,63.0,,,3.0
2023,5.0,Texas,Kansas,61.0,,,3.0
2023,5.0,Texas Tech,Houston,51.5,,,3.0
2023,5.0,Toledo,Northern Illinois,48.0,,,3.0
2023,5.0,Tulane,UAB,58.5,,,3.0
2023,5.0,Tulsa,Temple,55.0,,,3.0
2023,5.0,UAlbany,Villanova,49.5,,,1.0
2023,5.0,UCF,Baylor,56.0,,,3.0
2023,5.0,UConn,Utah State,51.0,,,3.0
2023,5.0,UL Monroe,App State,51.0,,,3.0
2023,5.0,UNLV,Hawai'i,59.0,,,3.0
2023,5.0,UT Martin,Tennessee State,55.5,,,1.0
2023,5.0,UTEP,Louisiana Tech,50.5,,,3.0
2023,5.0,Vanderbilt,Missouri,54.5,,,3.0
2023,5.0,Virginia Tech,Pittsburgh,40.0,,,3.0
2023,5.0,Western Kentucky,Middle Tennessee,60.0,,,3.0
2023,5.0,Western Michigan,Ball State,50.5,,,3.0
2023,5.0,Wofford,Chattanooga,49.5,,,1.0
2023,5.0,Wyoming,New Mexico,41.0,,,3.0
2023,5.0,Yale,Morgan State,39.0,,,1.0
2023,6.0,Akron,Northern Illinois,42.5,,,3.0
2023,6.0,Alabama A&M,Jackson State,54.5,,,1.0
2023,6.0,Alabama State,Bethune-Cookman,41.0,,,1.0
2023,6.0,Alcorn State,Grambling,48.0,,,1.0
2023,6.0,Arizona State,Colorado,58.5,,,3.0
2023,6.0,Army,Boston College,47.0,,,3.0
2023,6.0,Baylor,Texas Tech,59.5,,,3.0
2023,6.0,Boise State,San José State,57.5,,,3.0
2023,6.0,Brown,Rhode Island,63.5,,,1.0
2023,6.0,Bucknell,Holy Cross,64.5,,,1.0
2023,6.0,Buffalo,Central Michigan,52.0,,,3.0
2023,6.0,Cal Poly,Idaho,56.0,,,1.0
2023,6.0,California,Oregon State,51.0,,,3.0
2023,6.0,Central Arkansas,Southeast Missouri State,65.5,,,1.0
2023,6.0,Central Connecticut,Delaware State,51.0,,,1.0
2023,6.0,Chattanooga,Western Carolina,60.5,,,1.0
2023,6.0,Clemson,Wake Forest,53.0,,,3.0
2023,6.0,Columbia,Marist,45.0,,,1.0
2023,6.0,Dartmouth,Yale,42.0,,,1.0
2023,6.0,Delaware,Duquesne,60.0,,,1.0
2023,6.0,Drake,Valparaiso,47.0,,,1.0
2023,6.0,East Tennessee State,Mercer,54.0,,,1.0
2023,6.0,Eastern Illinois,UT Martin,50.5,,,1.0
2023,6.0,Eastern Michigan,Ball State,43.5,,,3.0
2023,6.0,Elon,North Carolina Central,51.0,,,1.0
2023,6.0,Florida,Vanderbilt,51.0,,,3.0
2023,6.0,Florida Atlantic,Tulsa,54.5,,,3.0
2023,6.0,Florida State,Virginia Tech,52.5,,,3.0
2023,6.0,Fordham,Lehigh,55.5,,,1.0
2023,6.0,Furman,The Citadel,51.5,,,1.0
2023,6.0,Gardner-Webb,Robert Morris,52.0,,,1.0
2023,6.0,Georgia,Kentucky,47.0,,,3.0
2023,6.0,Hampton,Campbell,64.0,,,1.0
2023,6.0,Harvard,Cornell,48.0,,,1.0
2023,6.0,Illinois,Nebraska,42.0,,,3.0
2023,6.0,Illinois State,South Dakota State,47.0,,,1.0
2023,6.0,Incarnate Word,SE Louisiana,61.0,,,1.0
2023,6.0,Indiana State,Northern Iowa,50.0,,,1.0
2023,6.0,Iowa,Purdue,38.5,,,3.0
2023,6.0,Iowa State,TCU,52.5,,,3.0
2023,6.0,Kansas,UCF,64.5,,,3.0
2023,6.0,Lamar,Northwestern State,46.0,,,1.0
2023,6.0,Liberty,Sam Houston,46.5,,,3.0
2023,6.0,Lindenwood,Tennessee Tech,55.0,,,1.0
2023,6.0,Long Island University,Sacred Heart,42.0,,,1.0
2023,6.0,Louisiana,Texas State,67.5,,,3.0
2023,6.0,Louisiana Tech,Western Kentucky,59.0,,,3.0
2023,6.0,Louisville,Notre Dame,54.0,,,3.0
2023,6.0,Massachusetts,Toledo,55.5,,,3.0
2023,6.0,Miami,Georgia Tech,57.0,,,3.0
2023,6.0,Miami (OH),Bowling Green,43.0,,,3.0
2023,6.0,Middle Tennessee,Jacksonville State,52.0,,,3.0
2023,6.0,Minnesota,Michigan,46.0,,,3.0
2023,6.0,Mississippi State,Western Michigan,55.0,,,3.0
2023,6.0,Missouri,LSU,63.5,,,3.0
2023,6.0,Missouri State,North Dakota State,56.0,,,1.0
2023,6.0,Morehead State,Dayton,54.5,,,1.0
2023,6.0,NC State,Marshall,44.0,,,3.0
2023,6.0,Navy,North Texas,60.5,,,3.0
2023,6.0,New Mexico State,Florida International,49.5,,,3.0
2023,6.0,Nicholls,Houston Christian,55.0,,,1.0
2023,6.0,North Carolina,Syracuse,59.0,,,3.0
2023,6.0,North Carolina A&T,Villanova,46.0,,,1.0
2023,6.0,North Dakota,Western Illinois,64.0,,,1.0
2023,6.0,Northwestern,Howard,51.0,,,1.0
2023,6.0,Ohio,Kent State,45.5,,,3.0
2023,6.0,Ohio State,Maryland,57.0,,,3.0
2023,6.0,Oklahoma State,Kansas State,54.0,,,3.0
2023,6.0,Ole Miss,Arkansas,62.0,,,3.0
2023,6.0,Pennsylvania,Georgetown,41.5,,,1.0
2023,6.0,Prairie View A&M,Mississippi Valley State,50.5,,,1.0
2023,6.0,Presbyterian,Stetson,53.5,,,1.0
2023,6.0,Princeton,Lafayette,39.5,,,1.0
2023,6.0,Rice,UConn,47.5,,,3.0
2023,6.0,Richmond,Maine,45.0,,,1.0
2023,6.0,South Dakota,Murray State,45.5,,,1.0
2023,6.0,Southern,Florida A&M,38.0,,,1.0
2023,6.0,Southern Miss,Old Dominion,56.5,,,3.0
2023,6.0,St. Thomas (MN),Butler,45.5,,,1.0
2023,6.0,Tarleton State,Southern Utah,53.5,,,1.0
2023,6.0,Temple,UTSA,56.0,,,3.0
2023,6.0,Texas,Oklahoma,61.5,,,3.0
2023,6.0,Texas A&M,Alabama,45.5,,,3.0
2023,6.0,Towson,UAlbany,46.5,,,1.0
2023,6.0,Troy,Arkansas State,52.0,,,3.0
2023,6.0,UAB,South Florida,68.5,,,3.0
2023,6.0,UC Davis,Montana,50.5,,,1.0
2023,6.0,UCLA,Washington State,60.0,,,3.0
2023,6.0,UL Monroe,South Alabama,51.0,,,3.0
2023,6.0,USC,Arizona,69.5,,,3.0
2023,6.0,Utah State,Colorado State,62.0,,,3.0
2023,6.0,Virginia,William & Mary,42.0,,,1.0
2023,6.0,Weber State,Northern Arizona,50.5,,,1.0
2023,6.0,Wisconsin,Rutgers,44.0,,,3.0
2023,6.0,Wofford,Samford,49.5,,,1.0
2023,6.0,Wyoming,Fresno State,43.0,,,3.0
2023,6.0,Youngstown State,Southern Illinois,57.0,,,1.0
2023,7.0,Abilene Christian,North Alabama,58.0,,,1.0
2023,7.0,Air Force,Wyoming,42.0,,,3.0
2023,7.0,Alabama,Arkansas,45.5,,,3.0
2023,7.0,App State,Coastal Carolina,59.0,,,3.0
2023,7.0,Army,Troy,42.0,,,3.0
2023,7.0,Austin Peay,Gardner-Webb,54.0,,,1.0
2023,7.0,Ball State,Toledo,48.0,,,3.0
2023,7.0,Bethune-Cookman,Texas Southern,55.0,,,1.0
2023,7.0,Brown,Princeton,51.0,,,1.0
2023,7.0,Bryant,Robert Morris,51.0,,,1.0
2023,7.0,Buffalo,Bowling Green,44.5,,,3.0
2023,7.0,Butler,Davidson,51.5,,,1.0
2023,7.0,Central Arkansas,Stephen F. Austin,64.5,,,1.0
2023,7.0,Central Michigan,Akron,44.0,,,3.0
2023,7.0,Charlotte,Navy,44.5,,,3.0
2023,7.0,Cincinnati,Iowa State,42.5,,,3.0
2023,7.0,Colgate,Dartmouth,44.5,,,1.0
2023,7.0,Colorado,Stanford,59.0,,,3.0
2023,7.0,Colorado State,Boise State,60.0,,,3.0
2023,7.0,Columbia,Pennsylvania,34.5,,,1.0
2023,7.0,Cornell,Bucknell,53.5,,,1.0
2023,7.0,Dayton,Presbyterian,51.0,,,1.0
2023,7.0,Delaware,North Carolina A&T,47.5,,,1.0
2023,7.0,Drake,St. Thomas (MN),38.5,,,1.0
2023,7.0,Duke,NC State,42.5,,,3.0
2023,7.0,Duquesne,Central Connecticut,54.5,,,1.0
2023,7.0,East Carolina,SMU,49.0,,,3.0
2023,7.0,East Tennessee State,Wofford,42.0,,,1.0
2023,7.0,Eastern Kentucky,Tarleton State,64.5,,,1.0
2023,7.0,Eastern Michigan,Kent State,40.0,,,3.0
2023,7.0,Florida International,UTEP,43.0,,,3.0
2023,7.0,Florida State,Syracuse,53.0,,,3.0
2023,7.0,Georgia State,Marshall,53.5,,,3.0
2023,7.0,Grambling,Alabama A&M,57.0,,,1.0
2023,7.0,Harvard,Howard,60.5,,,1.0
2023,7.0,Hawai'i,San Diego State,52.0,,,3.0
2023,7.0,Houston,West Virginia,49.5,,,3.0
2023,7.0,Houston Christian,Prairie View A&M,56.0,,,1.0
2023,7.0,Idaho,Montana,53.0,,,1.0
2023,7.0,Idaho State,Eastern Washington,69.0,,,1.0
2023,7.0,Illinois State,Indiana State,42.5,,,1.0
2023,7.0,Jackson State,Alabama State,45.0,,,1.0
2023,7.0,Jacksonville State,Liberty,59.0,,,3.0
2023,7.0,James Madison,Georgia Southern,59.5,,,3.0
2023,7.0,Kentucky,Missouri,50.5,,,3.0
2023,7.0,LSU,Auburn,60.0,,,3.0
2023,7.0,Lehigh,Georgetown,42.5,,,1.0
2023,7.0,Maine,Long Island University,50.0,,,1.0
2023,7.0,Marist,San Diego,54.5,,,1.0
2023,7.0,Maryland,Illinois,52.0,,,3.0
2023,7.0,Memphis,Tulane,55.0,,,3.0
2023,7.0,Mercer,Chattanooga,50.0,,,1.0
2023,7.0,Michigan,Indiana,45.5,,,3.0
2023,7.0,Middle Tennessee,Louisiana Tech,54.0,,,3.0
2023,7.0,Mississippi Valley State,Arkansas-Pine Bluff,41.5,,,1.0
2023,7.0,Monmouth,Hampton,57.0,,,1.0
2023,7.0,Montana State,Cal Poly,60.5,,,1.0
2023,7.0,Murray State,Southern Illinois,47.5,,,1.0
2023,7.0,Nevada,UNLV,51.5,,,3.0
2023,7.0,New Hampshire,UAlbany,55.0,,,1.0
2023,7.0,New Mexico,San José State,55.0,,,3.0
2023,7.0,New Mexico State,Sam Houston,42.5,,,3.0
2023,7.0,North Carolina,Miami,57.0,,,3.0
2023,7.0,North Dakota,North Dakota State,58.0,,,1.0
2023,7.0,North Texas,Temple,68.0,,,3.0
2023,7.0,Northern Arizona,Portland State,57.5,,,1.0
2023,7.0,Northern Colorado,Sacramento State,58.0,,,1.0
2023,7.0,Northern Illinois,Ohio,45.0,,,3.0
2023,7.0,Notre Dame,USC,61.0,,,3.0
2023,7.0,Oklahoma State,Kansas,54.0,,,3.0
2023,7.0,Oregon State,UCLA,53.5,,,3.0
2023,7.0,Penn State,Massachusetts,55.0,,,3.0
2023,7.0,Pittsburgh,Louisville,45.0,,,3.0
2023,7.0,Purdue,Ohio State,53.0,,,3.0
2023,7.0,Rhode Island,Richmond,59.0,,,1.0
2023,7.0,Rutgers,Michigan State,39.5,,,3.0
2023,7.0,SE Louisiana,Lamar,47.5,,,1.0
2023,7.0,Saint Francis,Wagner,50.0,,,1.0
2023,7.0,Samford,Furman,59.0,,,1.0
2023,7.0,South Carolina,Florida,50.0,,,3.0
2023,7.0,South Carolina State,Tennessee Tech,37.5,,,1.0
2023,7.0,South Dakota,Youngstown State,46.0,,,1.0
2023,7.0,South Dakota State,Northern Iowa,54.5,,,1.0
2023,7.0,South Florida,Florida Atlantic,61.0,,,3.0
2023,7.0,Southeast Missouri State,Eastern Illinois,49.5,,,1.0
2023,7.0,Stony Brook,Fordham,57.0,,,1.0
2023,7.0,TCU,BYU,52.5,,,3.0
2023,7.0,Tennessee,Texas A&M,54.5,,,3.0
2023,7.0,Tennessee State,Norfolk State,50.5,,,1.0
2023,7.0,Texas State,UL Monroe,64.5,,,3.0
2023,7.0,Texas Tech,Kansas State,57.5,,,3.0
2023,7.0,The Citadel,VMI,35.0,,,1.0
2023,7.0,UTSA,UAB,67.0,,,3.0
2023,7.0,Utah,California,43.0,,,3.0
2023,7.0,Utah State,Fresno State,56.0,,,3.0
2023,7.0,Valparaiso,Morehead State,46.0,,,1.0
2023,7.0,Vanderbilt,Georgia,55.0,,,3.0
2023,7.0,Villanova,Elon,45.0,,,1.0
2023,7.0,Virginia Tech,Wake Forest,48.5,,,3.0
2023,7.0,Washington,Oregon,67.0,,,3.0
2023,7.0,Washington State,Arizona,56.5,,,3.0
2023,7.0,Weber State,UC Davis,46.5,,,1.0
2023,7.0,Western Illinois,Missouri State,56.0,,,1.0
2023,7.0,Western Michigan,Miami (OH),45.0,,,3.0
2023,7.0,Wisconsin,Iowa,33.5,,,3.0
2023,7.0,Yale,Sacred Heart,44.0,,,1.0
2023,8.0,Alabama,Tennessee,47.5,,,3.0
2023,8.0,Arkansas,Mississippi State,46.0,,,3.0
2023,8.0,Arkansas State,Coastal Carolina,59.5,,,3.0
2023,8.0,Arkansas-Pine Bluff,Alcorn State,45.5,,,1.0
2023,8.0,Auburn,Ole Miss,55.5,,,3.0
2023,8.0,BYU,Texas Tech,50.0,,,3.0
2023,8.0,Ball State,Central Michigan,42.0,,,3.0
2023,8.0,Bethune-Cookman,Southern,42.5,,,1.0
2023,8.0,Bowling Green,Akron,37.0,,,3.0
2023,8.0,Bucknell,Lehigh,47.0,,,1.0
2023,8.0,Cal Poly,Northern Colorado,55.0,,,1.0
2023,8.0,Campbell,Maine,61.0,,,1.0
2023,8.0,Chattanooga,East Tennessee State,55.0,,,1.0
2023,8.0,Cincinnati,Baylor,50.5,,,3.0
2023,8.0,Cornell,Brown,57.0,,,1.0
2023,8.0,Dartmouth,Columbia,33.5,,,1.0
2023,8.0,Davidson,Valparaiso,56.5,,,1.0
2023,8.0,Dayton,Butler,48.5,,,1.0
2023,8.0,Delaware State,South Carolina State,46.5,,,1.0
2023,8.0,Duquesne,Saint Francis,57.5,,,1.0
2023,8.0,East Carolina,Charlotte,39.5,,,3.0
2023,8.0,Eastern Illinois,Bryant,46.0,,,1.0
2023,8.0,Eastern Washington,Weber State,57.0,,,1.0
2023,8.0,Elon,Monmouth,52.0,,,1.0
2023,8.0,Florida Atlantic,UTSA,58.5,,,3.0
2023,8.0,Florida State,Duke,49.0,,,3.0
2023,8.0,Gardner-Webb,Eastern Kentucky,61.5,,,1.0
2023,8.0,Georgetown,Colgate,44.0,,,1.0
2023,8.0,Georgia Southern,UL Monroe,60.5,,,3.0
2023,8.0,Georgia Tech,Boston College,57.0,,,3.0
2023,8.0,Hampton,Delaware,52.0,,,1.0
2023,8.0,Holy Cross,Lafayette,52.0,,,1.0
2023,8.0,Houston,Texas,60.5,,,3.0
2023,8.0,Howard,Norfolk State,48.0,,,1.0
2023,8.0,Illinois,Wisconsin,41.0,,,3.0
2023,8.0,Indiana,Rutgers,39.5,,,3.0
2023,8.0,Indiana State,South Dakota,43.0,,,1.0
2023,8.0,Iowa,Minnesota,30.5,,,3.0
2023,8.0,Jacksonville State,Western Kentucky,60.5,,,3.0
2023,8.0,Kansas State,TCU,60.0,,,3.0
2023,8.0,Kent State,Buffalo,44.0,,,3.0
2023,8.0,LSU,Army,60.0,,,3.0
2023,8.0,Liberty,Middle Tennessee,56.5,,,3.0
2023,8.0,Long Island University,Merrimack,40.0,,,1.0
2023,8.0,Louisiana,Georgia State,62.0,,,3.0
2023,8.0,Marshall,James Madison,49.25,,,2.0
2023,8.0,McNeese,Incarnate Word,56.5,,,1.0
2023,8.0,Mercer,Wofford,42.5,,,1.0
2023,8.0,Miami,Clemson,45.0,,,3.0
2023,8.0,Miami (OH),Toledo,46.5,,,3.0
2023,8.0,Michigan State,Michigan,46.5,,,3.0
2023,8.0,Mississippi Valley State,Jackson State,48.0,,,1.0
2023,8.0,Missouri,South Carolina,57.5,,,3.0
2023,8.0,Missouri State,Murray State,55.0,,,1.0
2023,8.0,Morgan State,North Carolina Central,47.5,,,1.0
2023,8.0,Navy,Air Force,34.0,,,3.0
2023,8.0,Nebraska,Northwestern,40.0,,,3.0
2023,8.0,New Mexico,Hawai'i,60.0,,,3.0
2023,8.0,North Carolina,Virginia,58.0,,,3.0
2023,8.0,North Carolina A&T,Richmond,42.0,,,1.0
2023,8.0,North Dakota State,Western Illinois,60.5,,,1.0
2023,8.0,Northern Illinois,Eastern Michigan,43.5,,,3.0
2023,8.0,Northern Iowa,North Dakota,59.0,,,1.0
2023,8.0,Northwestern State,SE Louisiana,51.5,,,2.0
2023,8.0,Ohio,Western Michigan,52.0,,,3.0
2023,8.0,Ohio State,Penn State,46.5,,,3.0
2023,8.0,Oklahoma,UCF,67.5,,,3.0
2023,8.0,Old Dominion,App State,56.0,,,3.0
2023,8.0,Oregon,Washington State,60.5,,,3.0
2023,8.0,Portland State,Idaho State,68.5,,,1.0
2023,8.0,Presbyterian,Marist,49.5,,,1.0
2023,8.0,Princeton,Harvard,38.0,,,1.0
2023,8.0,Sacramento State,Montana State,59.0,,,1.0
2023,8.0,Sam Houston,Florida International,42.0,,,3.0
2023,8.0,San Diego,Drake,50.0,,,1.0
2023,8.0,San Diego State,Nevada,48.5,,,3.0
2023,8.0,San José State,Utah State,65.0,,,3.0
2023,8.0,South Alabama,Southern Miss,51.0,,,3.0
2023,8.0,Southern Illinois,South Dakota State,47.5,,,1.0
2023,8.0,Southern Utah,Austin Peay,51.5,,,1.0
2023,8.0,Stanford,UCLA,52.0,,,3.0
2023,8.0,Stephen F. Austin,Abilene Christian,58.0,,,1.0
2023,8.0,Stetson,St. Thomas (MN),51.0,,,1.0
2023,8.0,Stony Brook,New Hampshire,52.0,,,1.0
2023,8.0,Tarleton State,Morehead State,60.5,,,1.0
2023,8.0,Temple,SMU,53.0,,,3.0
2023,8.0,Tennessee Tech,Southeast Missouri State,49.0,,,1.0
2023,8.0,Texas Southern,Florida A&M,55.5,,,1.0
2023,8.0,Tulane,North Texas,63.5,,,3.0
2023,8.0,Tulsa,Rice,56.5,,,3.0
2023,8.0,UAB,Memphis,62.0,,,3.0
2023,8.0,UAlbany,Rhode Island,52.0,,,1.0
2023,8.0,UConn,South Florida,57.0,,,3.0
2023,8.0,UNLV,Colorado State,60.0,,,3.0
2023,8.0,USC,Utah,52.0,,,3.0
2023,8.0,UT Martin,Charleston Southern,53.5,,,1.0
2023,8.0,UTEP,New Mexico State,49.0,,,3.0
2023,8.0,VMI,Samford,45.0,,,1.0
2023,8.0,Wagner,Central Connecticut,43.5,,,1.0
2023,8.0,Wake Forest,Pittsburgh,45.0,,,3.0
2023,8.0,Washington,Arizona State,60.0,,,3.0
2023,8.0,West Virginia,Oklahoma State,48.5,,,3.0
2023,8.0,Western Carolina,Furman,64.0,,,1.0
2023,8.0,William & Mary,Towson,41.0,,,1.0
2023,8.0,Yale,Pennsylvania,46.0,,,1.0
2023,8.0,Youngstown State,Illinois State,57.0,,,1.0
2023,9.0,Alabama State,Alabama A&M,47.5,,,1.0
2023,9.0,Alcorn State,Mississippi Valley State,39.5,,,1.0
2023,9.0,App State,Southern Miss,55.5,,,3.0
2023,9.0,Arizona,Oregon State,57.5,,,3.0
2023,9.0,Arizona State,Washington State,49.0,,,3.0
2023,9.0,Arkansas-Pine Bluff,Jackson State,50.0,,,1.0
2023,9.0,Army,Massachusetts,49.0,,,3.0
2023,9.0,Auburn,Mississippi State,40.0,,,3.0
2023,9.0,Austin Peay,North Alabama,60.5,,,1.0
2023,9.0,Baylor,Iowa State,47.0,,,3.0
2023,9.0,Boise State,Wyoming,48.5,,,3.0
2023,9.0,Boston College,UConn,49.0,,,3.0
2023,9.0,Butler,Valparaiso,47.5,,,1.0
2023,9.0,California,USC,67.5,,,3.0
2023,9.0,Central Arkansas,Tarleton State,61.0,,,1.0
2023,9.0,Central Connecticut,Long Island University,45.5,,,1.0
2023,9.0,Charleston Southern,Bryant,46.5,,,1.0
2023,9.0,Charlotte,Florida Atlantic,45.0,,,3.0
2023,9.0,Coastal Carolina,Marshall,47.0,,,3.0
2023,9.0,Colgate,Bucknell,50.5,,,1.0
2023,9.0,Colorado State,Air Force,47.5,,,3.0
2023,9.0,Cornell,Princeton,41.0,,,1.0
2023,9.0,Davidson,Presbyterian,60.5,,,1.0
2023,9.0,Delaware State,Howard,53.5,,,1.0
2023,9.0,Drake,Stetson,51.0,,,1.0
2023,9.0,Eastern Michigan,Western Michigan,49.5,,,3.0
2023,9.0,Florida,Georgia,50.0,,,3.0
2023,9.0,Florida A&M,Prairie View A&M,51.0,,,1.0
2023,9.0,Florida International,Jacksonville State,48.0,,,3.0
2023,9.0,Fordham,Holy Cross,71.0,,,1.0
2023,9.0,Fresno State,UNLV,56.0,,,3.0
2023,9.0,Furman,East Tennessee State,51.5,,,1.0
2023,9.0,Gardner-Webb,UT Martin,51.5,,,1.0
2023,9.0,Georgetown,Lafayette,45.0,,,1.0
2023,9.0,Georgia Southern,Georgia State,63.0,,,3.0
2023,9.0,Georgia Tech,North Carolina,65.0,,,3.0
2023,9.0,Grambling,Bethune-Cookman,54.5,,,1.0
2023,9.0,Hampton,North Carolina A&T,44.0,,,1.0
2023,9.0,Harvard,Dartmouth,45.5,,,1.0
2023,9.0,Hawai'i,San José State,57.0,,,3.0
2023,9.0,Idaho,Montana State,60.0,,,1.0
2023,9.0,Illinois State,Northern Iowa,54.5,,,1.0
2023,9.0,James Madison,Old Dominion,48.0,,,3.0
2023,9.0,Kansas,Oklahoma,66.5,,,3.0
2023,9.0,Kansas State,Houston,60.5,,,3.0
2023,9.0,Kentucky,Tennessee,50.5,,,3.0
2023,9.0,Lamar,Incarnate Word,51.0,,,1.0
2023,9.0,Louisiana Tech,New Mexico State,55.0,,,3.0
2023,9.0,Louisville,Duke,47.0,,,3.0
2023,9.0,Maine,UAlbany,48.5,,,1.0
2023,9.0,Miami,Virginia,48.0,,,3.0
2023,9.0,Minnesota,Michigan State,41.0,,,3.0
2023,9.0,Montana,Northern Colorado,46.5,,,1.0
2023,9.0,NC State,Clemson,44.5,,,3.0
2023,9.0,Nebraska,Purdue,39.5,,,3.0
2023,9.0,Nevada,New Mexico,49.5,,,3.0
2023,9.0,Nicholls,Southeast Missouri State,49.0,,,1.0
2023,9.0,Norfolk State,Morgan State,38.0,,,1.0
2023,9.0,North Carolina Central,South Carolina State,51.5,,,1.0
2023,9.0,North Dakota,Indiana State,52.5,,,1.0
2023,9.0,North Dakota State,Murray State,54.5,,,1.0
2023,9.0,North Texas,Memphis,69.5,,,3.0
2023,9.0,Northern Arizona,UC Davis,54.0,,,1.0
2023,9.0,Northwestern,Maryland,48.5,,,3.0
2023,9.0,Notre Dame,Pittsburgh,45.5,,,3.0
2023,9.0,Ohio,Miami (OH),39.0,,,3.0
2023,9.0,Oklahoma State,Cincinnati,53.0,,,3.0
2023,9.0,Ole Miss,Vanderbilt,63.0,,,3.0
2023,9.0,Penn State,Indiana,45.0,,,3.0
2023,9.0,Pennsylvania,Brown,57.0,,,1.0
2023,9.0,Portland State,Eastern Washington,68.5,,,1.0
2023,9.0,Rhode Island,New Hampshire,64.0,,,1.0
2023,9.0,Rice,Tulane,55.0,,,3.0
2023,9.0,Richmond,Campbell,58.5,,,1.0
2023,9.0,Robert Morris,Tennessee Tech,42.5,,,1.0
2023,9.0,SMU,Tulsa,55.0,,,3.0
2023,9.0,Sacramento State,Idaho State,63.5,,,1.0
2023,9.0,Sacred Heart,Duquesne,49.0,,,1.0
2023,9.0,Saint Francis,Merrimack,48.5,,,1.0
2023,9.0,Sam Houston,UTEP,38.0,,,3.0
2023,9.0,Samford,The Citadel,51.5,,,1.0
2023,9.0,San Diego,Morehead State,48.0,,,1.0
2023,9.0,South Alabama,Louisiana,55.0,,,3.0
2023,9.0,South Dakota,South Dakota State,47.0,,,1.0
2023,9.0,Southern,Texas Southern,50.0,,,1.0
2023,9.0,Southern Utah,Abilene Christian,56.0,,,1.0
2023,9.0,St. Thomas (MN),Marist,46.5,,,1.0
2023,9.0,Stanford,Washington,62.0,,,3.0
2023,9.0,Tennessee State,Lindenwood,54.0,,,1.0
2023,9.0,Texas,BYU,49.5,,,3.0
2023,9.0,Texas A&M,South Carolina,51.5,,,3.0
2023,9.0,Texas State,Troy,53.5,,,3.0
2023,9.0,Towson,Delaware,52.5,,,1.0
2023,9.0,UCF,West Virginia,59.0,,,3.0
2023,9.0,UCLA,Colorado,60.5,,,3.0
2023,9.0,UL Monroe,Arkansas State,55.5,,,3.0
2023,9.0,UTSA,East Carolina,48.0,,,3.0
2023,9.0,Utah,Oregon,47.5,,,3.0
2023,9.0,VMI,Chattanooga,45.5,,,1.0
2023,9.0,Villanova,Stony Brook,46.5,,,1.0
2023,9.0,Virginia Tech,Syracuse,47.0,,,3.0
2023,9.0,Wake Forest,Florida State,53.0,,,3.0
2023,9.0,Western Carolina,Mercer,56.0,,,1.0
2023,9.0,Western Illinois,Southern Illinois,51.5,,,1.0
2023,9.0,Western Kentucky,Liberty,61.5,,,3.0
2023,9.0,William & Mary,Monmouth,52.5,,,1.0
2023,9.0,Wisconsin,Ohio State,48.0,,,3.0
2023,9.0,Yale,Columbia,40.5,,,1.0
2023,9.0,Youngstown State,Missouri State,64.5,,,1.0
2023,10.0,Abilene Christian,Utah Tech,64.5,,,1.0
2023,10.0,Air Force,Army,32.0,,,3.0
2023,10.0,Akron,Kent State,39.75,,,2.0
2023,10.0,Alabama,LSU,60.5,,,3.0
2023,10.0,Alabama A&M,Florida A&M,50.5,,,1.0
2023,10.0,Alabama State,Grambling,46.5,,,1.0
2023,10.0,Alcorn State,Southern,37.5,,,1.0
2023,10.0,App State,Marshall,57.5,,,3.0
2023,10.0,Arizona,UCLA,49.5,,,3.0
2023,10.0,Arkansas State,Louisiana,59.5,,,3.0
2023,10.0,Baylor,Houston,58.5,,,3.0
2023,10.0,Bethune-Cookman,Mississippi Valley State,40.5,,,1.0
2023,10.0,Bowling Green,Ball State,39.5,,,2.0
2023,10.0,Brown,Yale,61.5,,,1.0
2023,10.0,Bryant,Gardner-Webb,56.5,,,1.0
2023,10.0,Central Michigan,Northern Illinois,48.0,,,1.0
2023,10.0,Charleston Southern,Tennessee State,42.5,,,1.0
2023,10.0,Chattanooga,Furman,52.5,,,1.0
2023,10.0,Cincinnati,UCF,60.0,,,3.0
2023,10.0,Clemson,Notre Dame,44.5,,,3.0
2023,10.0,Colorado,Oregon State,60.5,,,3.0
2023,10.0,Columbia,Harvard,40.5,,,1.0
2023,10.0,Dartmouth,Princeton,33.5,,,1.0
2023,10.0,Delaware,Elon,47.5,,,1.0
2023,10.0,Duke,Wake Forest,41.0,,,3.0
2023,10.0,East Carolina,Tulane,44.5,,,3.0
2023,10.0,East Tennessee State,VMI,37.5,,,1.0
2023,10.0,Eastern Washington,Cal Poly,62.5,,,1.0
2023,10.0,Florida,Arkansas,49.5,,,3.0
2023,10.0,Fordham,Bucknell,67.5,,,1.0
2023,10.0,Fresno State,Boise State,54.5,,,3.0
2023,10.0,Georgia,Missouri,55.5,,,3.0
2023,10.0,Georgia State,James Madison,53.0,,,3.0
2023,10.0,Idaho State,Weber State,56.5,,,1.0
2023,10.0,Incarnate Word,Nicholls,50.5,,,1.0
2023,10.0,Indiana,Wisconsin,45.0,,,3.0
2023,10.0,Indiana State,Youngstown State,59.5,,,1.0
2023,10.0,Iowa State,Kansas,53.5,,,3.0
2023,10.0,Jackson State,Texas Southern,57.5,,,1.0
2023,10.0,Lafayette,Colgate,49.5,,,1.0
2023,10.0,Lamar,East Texas A&M,38.5,,,1.0
2023,10.0,Lehigh,Holy Cross,58.5,,,1.0
2023,10.0,Liberty,Louisiana Tech,59.0,,,3.0
2023,10.0,Lindenwood,Eastern Illinois,52.5,,,1.0
2023,10.0,Louisville,Virginia Tech,48.5,,,2.0
2023,10.0,Marist,Drake,46.5,,,1.0
2023,10.0,Maryland,Penn State,50.5,,,3.0
2023,10.0,Massachusetts,Merrimack,57.5,,,1.0
2023,10.0,Memphis,South Florida,68.5,,,3.0
2023,10.0,Michigan,Purdue,54.0,,,3.0
2023,10.0,Michigan State,Nebraska,34.5,,,3.0
2023,10.0,Minnesota,Illinois,44.0,,,3.0
2023,10.0,Mississippi State,Kentucky,44.5,,,3.0
2023,10.0,Missouri State,Illinois State,57.5,,,1.0
2023,10.0,Monmouth,Stony Brook,56.5,,,1.0
2023,10.0,Montana,Sacramento State,53.5,,,1.0
2023,10.0,Montana State,Northern Arizona,63.5,,,1.0
2023,10.0,Morehead State,Butler,46.5,,,1.0
2023,10.0,Morgan State,Delaware State,41.5,,,1.0
2023,10.0,Murray State,North Dakota,56.5,,,1.0
2023,10.0,NC State,Miami,44.0,,,3.0
2023,10.0,Nevada,Hawai'i,50.0,,,3.0
2023,10.0,New Hampshire,Villanova,58.5,,,1.0
2023,10.0,New Mexico,UNLV,58.0,,,3.0
2023,10.0,New Mexico State,Middle Tennessee,55.5,,,3.0
2023,10.0,North Alabama,Central Arkansas,59.5,,,1.0
2023,10.0,North Carolina,Campbell,68.5,,,1.0
2023,10.0,North Carolina A&T,Towson,45.5,,,1.0
2023,10.0,North Carolina Central,Norfolk State,60.5,,,1.0
2023,10.0,North Texas,UTSA,71.0,,,3.0
2023,10.0,Northern Colorado,Idaho,52.5,,,1.0
2023,10.0,Northwestern,Iowa,31.0,,,3.0
2023,10.0,Oklahoma State,Oklahoma,62.5,,,3.0
2023,10.0,Old Dominion,Coastal Carolina,51.5,,,3.0
2023,10.0,Ole Miss,Texas A&M,52.5,,,3.0
2023,10.0,Oregon,California,61.5,,,3.0
2023,10.0,Pennsylvania,Cornell,44.5,,,1.0
2023,10.0,Pittsburgh,Florida State,50.0,,,3.0
2023,10.0,Prairie View A&M,Arkansas-Pine Bluff,49.5,,,1.0
2023,10.0,Presbyterian,San Diego,46.5,,,1.0
2023,10.0,Rice,SMU,59.0,,,3.0
2023,10.0,Rutgers,Ohio State,42.5,,,3.0
2023,10.0,SE Louisiana,McNeese,57.5,,,1.0
2023,10.0,Sacred Heart,Central Connecticut,41.5,,,1.0
2023,10.0,Sam Houston,Kennesaw State,41.5,,,1.0
2023,10.0,San Diego State,Utah State,56.5,,,2.0
2023,10.0,South Carolina,Jacksonville State,55.0,,,3.0
2023,10.0,South Carolina State,Howard,47.5,,,1.0
2023,10.0,South Dakota State,North Dakota State,51.5,,,1.0
2023,10.0,Southern Illinois,South Dakota,41.5,,,1.0
2023,10.0,Southern Miss,UL Monroe,56.5,,,3.0
2023,10.0,Stetson,Davidson,64.5,,,1.0
2023,10.0,Syracuse,Boston College,47.5,,,3.0
2023,10.0,Tarleton State,Stephen F. Austin,60.5,,,1.0
2023,10.0,Temple,Navy,46.0,,,3.0
2023,10.0,Tennessee,UConn,55.5,,,3.0
2023,10.0,Tennessee Tech,UT Martin,45.5,,,1.0
2023,10.0,Texas,Kansas State,49.25,,,2.0
2023,10.0,Texas State,Georgia Southern,68.75,,,2.0
2023,10.0,Texas Tech,TCU,59.5,,,3.0
2023,10.0,The Citadel,Mercer,45.5,,,1.0
2023,10.0,Toledo,Buffalo,47.25,,,2.0
2023,10.0,Troy,South Alabama,43.5,,,3.0
2023,10.0,Tulsa,Charlotte,47.5,,,3.0
2023,10.0,UAB,Florida Atlantic,59.5,,,3.0
2023,10.0,UAlbany,William & Mary,41.5,,,1.0
2023,10.0,UC Davis,Portland State,60.5,,,1.0
2023,10.0,USC,Washington,76.0,,,3.0
2023,10.0,UTEP,Western Kentucky,54.0,,,3.0
2023,10.0,Utah,Arizona State,39.0,,,3.0
2023,10.0,Valparaiso,Dayton,45.5,,,1.0
2023,10.0,Vanderbilt,Auburn,49.5,,,2.0
2023,10.0,Virginia,Georgia Tech,56.0,,,3.0
2023,10.0,Wagner,Duquesne,49.5,,,1.0
2023,10.0,Washington State,Stanford,58.0,,,3.0
2023,10.0,West Virginia,BYU,48.5,,,3.0
2023,10.0,Wofford,Western Carolina,56.5,,,1.0
2023,10.0,Wyoming,Colorado State,43.5,,,3.0
2023,11.0,Abilene Christian,Tarleton State,54.5,,,1.0
2023,11.0,Arkansas,Auburn,47.0,,,3.0
2023,11.0,Arkansas-Pine Bluff,Grambling,51.5,,,1.0
2023,11.0,Army,Holy Cross,55.5,,,1.0
2023,11.0,BYU,Iowa State,41.5,,,3.0
2023,11.0,Bethune-Cookman,Alabama A&M,54.5,,,1.0
2023,11.0,Boise State,New Mexico,59.0,,,2.0
2023,11.0,Boston College,Virginia Tech,48.5,,,3.0
2023,11.0,Bucknell,Georgetown,51.5,,,1.0
2023,11.0,Buffalo,Ohio,45.0,,,3.0
2023,11.0,California,Washington State,59.0,,,3.0
2023,11.0,Campbell,Delaware,61.5,,,1.0
2023,11.0,Central Arkansas,Eastern Kentucky,62.5,,,1.0
2023,11.0,Charlotte,Memphis,51.5,,,2.0
2023,11.0,Clemson,Georgia Tech,55.0,,,3.0
2023,11.0,Coastal Carolina,Texas State,55.5,,,2.0
2023,11.0,Colgate,Lehigh,51.5,,,1.0
2023,11.0,Colorado,Arizona,55.5,,,2.0
2023,11.0,Colorado State,San Diego State,46.5,,,2.0
2023,11.0,Columbia,Brown,46.5,,,1.0
2023,11.0,Dartmouth,Cornell,43.5,,,1.0
2023,11.0,Dayton,Marist,45.5,,,1.0
2023,11.0,Delaware State,Norfolk State,51.5,,,1.0
2023,11.0,Drake,Presbyterian,43.5,,,1.0
2023,11.0,Duquesne,Stonehill,53.5,,,1.0
2023,11.0,East Texas A&M,SE Louisiana,52.5,,,1.0
2023,11.0,Eastern Illinois,Tennessee State,45.5,,,1.0
2023,11.0,Florida Atlantic,East Carolina,44.75,,,2.0
2023,11.0,Florida State,Miami,50.5,,,2.0
2023,11.0,Furman,VMI,44.5,,,1.0
2023,11.0,Georgia,Ole Miss,58.75,,,2.0
2023,11.0,Georgia State,App State,62.5,,,2.0
2023,11.0,Hampton,William & Mary,51.5,,,1.0
2023,11.0,Harvard,Pennsylvania,50.5,,,1.0
2023,11.0,Hawai'i,Air Force,47.5,,,3.0
2023,11.0,Houston,Cincinnati,53.75,,,2.0
2023,11.0,Howard,North Carolina Central,59.5,,,1.0
2023,11.0,Idaho State,UC Davis,58.5,,,1.0
2023,11.0,Illinois,Indiana,43.5,,,3.0
2023,11.0,Illinois State,Murray State,54.5,,,1.0
2023,11.0,Indiana State,Western Illinois,49.5,,,1.0
2023,11.0,Iowa,Rutgers,27.5,,,3.0
2023,11.0,James Madison,UConn,47.5,,,2.0
2023,11.0,Kansas,Texas Tech,61.5,,,3.0
2023,11.0,Kansas State,Baylor,55.5,,,3.0
2023,11.0,Kent State,Bowling Green,41.5,,,3.0
2023,11.0,Kentucky,Alabama,46.25,,,2.0
2023,11.0,LSU,Florida,68.0,,,2.0
2023,11.0,Lafayette,Fordham,63.5,,,1.0
2023,11.0,Liberty,Old Dominion,58.5,,,3.0
2023,11.0,Lindenwood,Bryant,61.5,,,1.0
2023,11.0,Louisiana,Southern Miss,52.5,,,3.0
2023,11.0,Louisiana Tech,Sam Houston,49.25,,,2.0
2023,11.0,Louisville,Virginia,49.5,,,3.0
2023,11.0,Marshall,Georgia Southern,56.5,,,2.0
2023,11.0,Mercer,Samford,55.5,,,1.0
2023,11.0,Miami (OH),Akron,37.5,,,3.0
2023,11.0,Middle Tennessee,Florida International,51.0,,,2.0
2023,11.0,Mississippi Valley State,Alabama State,35.5,,,1.0
2023,11.0,Missouri,Tennessee,58.75,,,2.0
2023,11.0,Missouri State,Northern Iowa,56.5,,,1.0
2023,11.0,Monmouth,New Hampshire,70.5,,,1.0
2023,11.0,Montana State,Eastern Washington,65.5,,,1.0
2023,11.0,Morehead State,Davidson,64.5,,,1.0
2023,11.0,Navy,UAB,52.0,,,2.0
2023,11.0,Nebraska,Maryland,42.0,,,2.0
2023,11.0,Nicholls,Lamar,49.5,,,1.0
2023,11.0,North Carolina,Duke,53.0,,,2.0
2023,11.0,North Dakota State,Southern Illinois,46.5,,,1.0
2023,11.0,Northern Illinois,Ball State,43.0,,,3.0
2023,11.0,Ohio State,Michigan State,48.25,,,2.0
2023,11.0,Oklahoma,West Virginia,59.5,,,3.0
2023,11.0,Oregon,USC,78.0,,,2.0
2023,11.0,Oregon State,Stanford,52.5,,,3.0
2023,11.0,Penn State,Michigan,44.5,,,2.0
2023,11.0,Portland State,Montana,58.5,,,1.0
2023,11.0,Princeton,Yale,38.5,,,1.0
2023,11.0,Purdue,Minnesota,48.5,,,3.0
2023,11.0,Rhode Island,North Carolina A&T,51.5,,,1.0
2023,11.0,Richmond,Elon,45.5,,,1.0
2023,11.0,Robert Morris,Charleston Southern,44.5,,,1.0
2023,11.0,SMU,North Texas,67.5,,,3.0
2023,11.0,San José State,Fresno State,51.5,,,2.0
2023,11.0,South Alabama,Arkansas State,55.0,,,2.0
2023,11.0,South Carolina,Vanderbilt,53.5,,,3.0
2023,11.0,South Carolina State,Morgan State,39.5,,,1.0
2023,11.0,South Dakota,North Dakota,50.5,,,1.0
2023,11.0,South Florida,Temple,69.5,,,3.0
2023,11.0,Southern,Prairie View A&M,49.5,,,1.0
2023,11.0,Stephen F. Austin,Southern Utah,60.5,,,1.0
2023,11.0,Stony Brook,UAlbany,50.5,,,1.0
2023,11.0,Syracuse,Pittsburgh,37.75,,,2.0
2023,11.0,TCU,Texas,56.25,,,2.0
2023,11.0,Texas A&M,Mississippi State,40.5,,,2.0
2023,11.0,Texas Southern,Alcorn State,51.5,,,1.0
2023,11.0,The Citadel,Wofford,42.5,,,1.0
2023,11.0,Toledo,Eastern Michigan,45.5,,,3.0
2023,11.0,Tulane,Tulsa,52.75,,,2.0
2023,11.0,UCF,Oklahoma State,64.0,,,3.0
2023,11.0,UCLA,Arizona State,45.5,,,2.0
2023,11.0,UL Monroe,Troy,46.75,,,2.0
2023,11.0,UNLV,Wyoming,48.25,,,2.0
2023,11.0,UT Martin,Southeast Missouri State,61.5,,,1.0
2023,11.0,UTSA,Rice,54.25,,,2.0
2023,11.0,Utah State,Nevada,54.25,,,2.0
2023,11.0,Valparaiso,Stetson,53.5,,,1.0
2023,11.0,Villanova,Towson,58.5,,,1.0
2023,11.0,Wake Forest,NC State,43.0,,,2.0
2023,11.0,Washington,Utah,49.0,,,2.0
2023,11.0,Weber State,Idaho,50.5,,,1.0
2023,11.0,Western Carolina,East Tennessee State,60.5,,,1.0
2023,11.0,Western Kentucky,New Mexico State,54.5,,,2.0
2023,11.0,Western Michigan,Central Michigan,57.5,,,3.0
2023,11.0,Wisconsin,Northwestern,43.5,,,3.0
2023,11.0,Youngstown State,South Dakota State,57.5,,,1.0
2023,12.0,Air Force,UNLV,46.5,,,3.0
2023,12.0,Alabama,Chattanooga,54.5,,,1.0
2023,12.0,Alabama A&M,Mississippi Valley State,47.5,,,1.0
2023,12.0,Arizona,Utah,45.5,,,3.0
2023,12.0,Arizona State,Oregon,53.5,,,3.0
2023,12.0,Arkansas,Florida International,49.5,,,3.0
2023,12.0,Arkansas State,Texas State,59.5,,,2.0
2023,12.0,Army,Coastal Carolina,40.5,,,2.0
2023,12.0,Auburn,New Mexico State,48.5,,,3.0
2023,12.0,Austin Peay,Central Arkansas,61.5,,,1.0
2023,12.0,BYU,Oklahoma,58.5,,,3.0
2023,12.0,Ball State,Kent State,42.0,,,3.0
2023,12.0,Bowling Green,Toledo,49.5,,,3.0
2023,12.0,Bryant,Southeast Missouri State,58.5,,,1.0
2023,12.0,Butler,Drake,42.5,,,1.0
2023,12.0,Cal Poly,Weber State,53.5,,,1.0
2023,12.0,Central Connecticut,Saint Francis,57.5,,,1.0
2023,12.0,Charlotte,Rice,46.5,,,3.0
2023,12.0,Clemson,North Carolina,59.5,,,3.0
2023,12.0,Colgate,Fordham,63.5,,,1.0
2023,12.0,Colorado State,Nevada,45.5,,,3.0
2023,12.0,Cornell,Columbia,32.5,,,1.0
2023,12.0,Delaware,Villanova,47.5,,,1.0
2023,12.0,East Tennessee State,The Citadel,39.5,,,1.0
2023,12.0,Eastern Kentucky,Stephen F. Austin,65.5,,,1.0
2023,12.0,Eastern Michigan,Akron,39.5,,,3.0
2023,12.0,Eastern Washington,Northern Arizona,64.5,,,1.0
2023,12.0,Elon,Hampton,54.5,,,1.0
2023,12.0,Florida A&M,Bethune-Cookman,44.5,,,1.0
2023,12.0,Florida Atlantic,Tulane,47.0,,,3.0
2023,12.0,Fresno State,New Mexico,58.5,,,3.0
2023,12.0,Gardner-Webb,Charleston Southern,50.5,,,1.0
2023,12.0,Georgia Southern,Old Dominion,61.5,,,3.0
2023,12.0,Georgia Tech,Syracuse,51.5,,,3.0
2023,12.0,Holy Cross,Georgetown,64.5,,,1.0
2023,12.0,Houston,Oklahoma State,57.5,,,3.0
2023,12.0,Howard,Morgan State,40.5,,,1.0
2023,12.0,Idaho,Idaho State,60.5,,,1.0
2023,12.0,Indiana,Michigan State,47.0,,,3.0
2023,12.0,Iowa,Illinois,33.5,,,3.0
2023,12.0,Iowa State,Texas,44.5,,,3.0
2023,12.0,Jacksonville State,Louisiana Tech,54.5,,,3.0
2023,12.0,James Madison,App State,56.25,,,2.0
2023,12.0,Kansas,Kansas State,59.5,,,3.0
2023,12.0,LSU,Georgia State,73.5,,,3.0
2023,12.0,Lamar,McNeese,50.5,,,1.0
2023,12.0,Lehigh,Lafayette,44.5,,,1.0
2023,12.0,Liberty,Massachusetts,63.5,,,3.0
2023,12.0,Maryland,Michigan,50.5,,,3.0
2023,12.0,Memphis,SMU,64.5,,,3.0
2023,12.0,Merrimack,Duquesne,55.5,,,1.0
2023,12.0,Miami,Louisville,46.5,,,3.0
2023,12.0,Miami (OH),Buffalo,37.0,,,3.0
2023,12.0,Middle Tennessee,UTEP,48.5,,,3.0
2023,12.0,Mississippi State,Southern Miss,47.5,,,3.0
2023,12.0,Missouri,Florida,56.5,,,3.0
2023,12.0,Montana,Montana State,52.5,,,1.0
2023,12.0,Navy,East Carolina,30.5,,,3.0
2023,12.0,New Hampshire,Maine,71.5,,,1.0
2023,12.0,Norfolk State,South Carolina State,46.5,,,1.0
2023,12.0,North Carolina A&T,Campbell,53.5,,,1.0
2023,12.0,North Carolina Central,Delaware State,64.5,,,1.0
2023,12.0,Northern Colorado,Portland State,55.5,,,1.0
2023,12.0,Northern Illinois,Western Michigan,55.5,,,3.0
2023,12.0,Northern Iowa,North Dakota State,50.5,,,1.0
2023,12.0,Northwestern,Purdue,47.5,,,3.0
2023,12.0,Notre Dame,Wake Forest,47.5,,,3.0
2023,12.0,Ohio,Central Michigan,48.5,,,3.0
2023,12.0,Ohio State,Minnesota,51.5,,,3.0
2023,12.0,Ole Miss,UL Monroe,60.5,,,3.0
2023,12.0,Oregon State,Washington,62.5,,,3.0
2023,12.0,Penn State,Rutgers,40.0,,,3.0
2023,12.0,Pennsylvania,Princeton,36.5,,,1.0
2023,12.0,Pittsburgh,Boston College,46.75,,,2.0
2023,12.0,Prairie View A&M,Alabama State,43.5,,,1.0
2023,12.0,Presbyterian,Morehead State,46.5,,,1.0
2023,12.0,Robert Morris,Eastern Illinois,43.5,,,1.0
2023,12.0,SE Louisiana,Nicholls,58.5,,,1.0
2023,12.0,Samford,UT Martin,57.5,,,1.0
2023,12.0,San José State,San Diego State,48.5,,,3.0
2023,12.0,South Alabama,Marshall,45.0,,,3.0
2023,12.0,South Carolina,Kentucky,52.5,,,3.0
2023,12.0,Southern Illinois,Indiana State,37.5,,,1.0
2023,12.0,Stanford,California,53.5,,,3.0
2023,12.0,Stetson,San Diego,50.5,,,1.0
2023,12.0,TCU,Baylor,61.5,,,3.0
2023,12.0,Tennessee,Georgia,59.0,,,3.0
2023,12.0,Tennessee State,Tennessee Tech,40.5,,,1.0
2023,12.0,Texas A&M,Abilene Christian,54.5,,,1.0
2023,12.0,Texas Southern,Arkansas-Pine Bluff,52.5,,,1.0
2023,12.0,Texas Tech,UCF,59.5,,,2.0
2023,12.0,Towson,Rhode Island,59.5,,,1.0
2023,12.0,Troy,Louisiana,47.5,,,3.0
2023,12.0,Tulsa,North Texas,69.5,,,3.0
2023,12.0,UAB,Temple,61.5,,,3.0
2023,12.0,UAlbany,Monmouth,56.5,,,1.0
2023,12.0,UC Davis,Sacramento State,53.5,,,1.0
2023,12.0,UConn,Sacred Heart,40.5,,,1.0
2023,12.0,USC,UCLA,62.5,,,3.0
2023,12.0,UTSA,South Florida,66.5,,,3.0
2023,12.0,Utah State,Boise State,63.5,,,3.0
2023,12.0,Utah Tech,Southern Utah,62.5,,,1.0
2023,12.0,VMI,Western Carolina,54.5,,,1.0
2023,12.0,Virginia,Duke,47.0,,,2.0
2023,12.0,Virginia Tech,NC State,41.0,,,3.0
2023,12.0,Washington State,Colorado,59.5,,,3.0
2023,12.0,West Virginia,Cincinnati,52.5,,,3.0
2023,12.0,Western Kentucky,Sam Houston,52.25,,,2.0
2023,12.0,William & Mary,Richmond,39.5,,,1.0
2023,12.0,Wisconsin,Nebraska,36.5,,,3.0
2023,12.0,Wofford,Furman,42.5,,,1.0
2023,12.0,Wyoming,Hawai'i,45.0,,,3.0
2023,12.0,Yale,Harvard,54.5,,,1.0
2023,13.0,Akron,Ohio,41.75,,,2.0
2023,13.0,App State,Georgia Southern,63.0,,,2.0
2023,13.0,Arizona State,Arizona,49.25,,,2.0
2023,13.0,Arkansas,Missouri,53.5,,,2.0
2023,13.0,Auburn,Alabama,48.0,,,3.0
2023,13.0,Austin Peay,Chattanooga,55.5,,,1.0
2023,13.0,Ball State,Miami (OH),34.25,,,2.0
2023,13.0,Baylor,West Virginia,54.0,,,2.0
2023,13.0,Boise State,Air Force,44.75,,,2.0
2023,13.0,Boston College,Miami,50.25,,,2.0
2023,13.0,Buffalo,Eastern Michigan,38.0,,,3.0
2023,13.0,Central Michigan,Toledo,54.5,,,2.0
2023,13.0,Cincinnati,Kansas,59.25,,,2.0
2023,13.0,Coastal Carolina,James Madison,50.5,,,3.0
2023,13.0,Delaware,Lafayette,49.5,,,1.0
2023,13.0,Duke,Pittsburgh,40.75,,,2.0
2023,13.0,East Carolina,Tulsa,44.25,,,2.0
2023,13.0,Florida,Florida State,48.5,,,3.0
2023,13.0,Florida International,Western Kentucky,54.25,,,2.0
2023,13.0,Georgia Tech,Georgia,59.5,,,2.0
2023,13.0,Grambling,Southern,49.5,,,1.0
2023,13.0,Hawai'i,Colorado State,53.75,,,2.0
2023,13.0,Illinois,Northwestern,46.75,,,2.0
2023,13.0,Kansas State,Iowa State,46.25,,,2.0
2023,13.0,Kent State,Northern Illinois,44.75,,,2.0
2023,13.0,LSU,Texas A&M,67.75,,,2.0
2023,13.0,Louisiana,UL Monroe,53.25,,,2.0
2023,13.0,Louisville,Kentucky,47.5,,,3.0
2023,13.0,Marshall,Arkansas State,52.5,,,3.0
2023,13.0,Massachusetts,UConn,50.75,,,2.0
2023,13.0,Mercer,Gardner-Webb,54.5,,,1.0
2023,13.0,Michigan,Ohio State,47.0,,,3.0
2023,13.0,Michigan State,Penn State,42.5,,,2.0
2023,13.0,Minnesota,Wisconsin,44.0,,,2.0
2023,13.0,Mississippi State,Ole Miss,55.0,,,3.0
2023,13.0,NC State,North Carolina,55.5,,,2.0
2023,13.0,Nebraska,Iowa,25.75,,,2.0
2023,13.0,Nevada,Wyoming,41.75,,,2.0
2023,13.0,New Mexico,Utah State,58.5,,,2.0
2023,13.0,New Mexico State,Jacksonville State,48.5,,,1.0
2023,13.0,North Dakota,Sacramento State,59.5,,,1.0
2023,13.0,North Dakota State,Drake,48.5,,,1.0
2023,13.0,North Texas,UAB,73.0,,,2.0
2023,13.0,Oklahoma,TCU,66.0,,,2.0
2023,13.0,Oklahoma State,BYU,55.0,,,2.0
2023,13.0,Old Dominion,Georgia State,50.0,,,2.0
2023,13.0,Oregon,Oregon State,61.25,,,2.0
2023,13.0,Purdue,Indiana,55.5,,,2.0
2023,13.0,Rice,Florida Atlantic,46.75,,,2.0
2023,13.0,Richmond,North Carolina Central,57.5,,,1.0
2023,13.0,Rutgers,Maryland,45.5,,,1.0
2023,13.0,SMU,Navy,46.0,,,1.0
2023,13.0,Sam Houston,Middle Tennessee,50.0,,,2.0
2023,13.0,San Diego State,Fresno State,47.25,,,2.0
2023,13.0,South Carolina,Clemson,48.25,,,2.0
2023,13.0,South Florida,Charlotte,56.75,,,2.0
2023,13.0,Southern Illinois,Nicholls,44.5,,,1.0
2023,13.0,Southern Miss,Troy,48.5,,,1.0
2023,13.0,Stanford,Notre Dame,50.0,,,2.0
2023,13.0,Syracuse,Wake Forest,43.5,,,2.0
2023,13.0,Temple,Memphis,64.25,,,2.0
2023,13.0,Tennessee,Vanderbilt,57.25,,,2.0
2023,13.0,Texas,Texas Tech,53.5,,,2.0
2023,13.0,Texas State,South Alabama,56.75,,,2.0
2023,13.0,Tulane,UTSA,52.5,,,2.0
2023,13.0,UCF,Houston,61.25,,,2.0
2023,13.0,UCLA,California,51.0,,,2.0
2023,13.0,UNLV,San José State,58.25,,,2.0
2023,13.0,UTEP,Liberty,54.5,,,2.0
2023,13.0,Utah,Colorado,43.5,,,2.0
2023,13.0,Virginia,Virginia Tech,53.0,,,2.0
2023,13.0,Washington,Washington State,65.5,,,3.0
2023,13.0,Western Michigan,Bowling Green,51.5,,,3.0
2023,13.0,Youngstown State,Duquesne,63.5,,,1.0
2023,14.0,Alabama,Georgia,53.5,,,3.0
2023,14.0,Florida A&M,Prairie View A&M,48.25,,,2.0
2023,14.0,Florida State,Louisville,45.5,,,3.0
2023,14.0,Furman,Chattanooga,41.5,,,1.0
2023,14.0,Iowa,Michigan,35.5,,,3.0
2023,14.0,Liberty,New Mexico State,58.0,,,3.0
2023,14.0,Montana,Delaware,47.5,,,1.0
2023,14.0,Montana State,North Dakota State,55.5,,,1.0
2023,14.0,South Dakota,Sacramento State,50.5,,,1.0
2023,14.0,South Dakota State,Mercer,47.5,,,1.0
2023,14.0,Texas,Oklahoma State,56.5,,,3.0
2023,14.0,Toledo,Miami (OH),43.5,,,3.0
2023,14.0,Troy,App State,52.5,,,3.0
2023,14.0,Tulane,SMU,47.5,,,3.0
2023,14.0,UAlbany,Richmond,48.5,,,1.0
2023,14.0,UNLV,Boise State,62.0,,,3.0
2023,14.0,Villanova,Youngstown State,57.5,,,1.0
2023,14.0,Washington,Oregon,65.5,,,3.0
2023,15.0,Army,Navy,28.0,,,3.0
2023,15.0,Idaho,UAlbany,51.0,,,2.0
2023,15.0,Montana,Furman,43.25,,,2.0
2023,15.0,South Dakota,North Dakota State,48.5,,,2.0
2023,15.0,South Dakota State,Villanova,47.5,,,2.0
2024,1.0,Air Force,Merrimack,47.5,,,1.0
2024,1.0,Alabama,Western Kentucky,60.0,,,3.0
2024,1.0,Alabama State,North Carolina Central,44.5,,,1.0
2024,1.0,App State,East Tennessee State,58.5,,,1.0
2024,1.0,Arizona,New Mexico,60.0,,,3.0
2024,1.0,Arizona State,Texas,52.5,,,3.0
2024,1.0,Arizona State,Wyoming,47.5,,,3.0
2024,1.0,Arkansas,Arkansas-Pine Bluff,60.5,,,1.0
2024,1.0,Arkansas,Texas Tech,52.5,,,3.0
2024,1.0,Army,Louisiana Tech,44.5,,,3.0
2024,1.0,Auburn,Alabama A&M,58.5,,,1.0
2024,1.0,Baylor,Tarleton State,53.5,,,1.0
2024,1.0,Boise State,Penn State,54.5,,,3.0
2024,1.0,Bowling Green,Arkansas State,54.5,,,3.0
2024,1.0,Bowling Green,Fordham,60.5,,,1.0
2024,1.0,Buffalo,Lafayette,45.5,,,1.0
2024,1.0,California,UC Davis,56.5,,,1.0
2024,1.0,Central Michigan,Central Connecticut,54.5,,,1.0
2024,1.0,Charleston Southern,The Citadel,46.5,,,1.0
2024,1.0,Charlotte,James Madison,49.25,,,2.0
2024,1.0,Cincinnati,Towson,56.5,,,1.0
2024,1.0,Colorado,BYU,55.5,,,3.0
2024,1.0,Colorado,North Dakota State,59.0,,,3.0
2024,1.0,Colorado State,Miami (OH),42.5,,,3.0
2024,1.0,Dayton,Saint Francis,51.5,,,1.0
2024,1.0,Delaware,Bryant,55.5,,,1.0
2024,1.0,Duke,Elon,47.5,,,1.0
2024,1.0,East Carolina,Norfolk State,51.5,,,1.0
2024,1.0,Eastern Washington,Monmouth,63.5,,,1.0
2024,1.0,Florida,Miami,54.5,,,3.0
2024,1.0,Florida,Tulane,49.5,,,3.0
2024,1.0,Florida A&M,South Carolina State,47.5,,,1.0
2024,1.0,Florida State,Boston College,51.5,,,3.0
2024,1.0,Fresno State,Northern Illinois,40.5,,,3.0
2024,1.0,Gardner-Webb,Wofford,49.5,,,1.0
2024,1.0,Georgetown,Davidson,57.5,,,1.0
2024,1.0,Georgia,Clemson,49.0,,,3.0
2024,1.0,Georgia,Notre Dame,46.0,,,3.0
2024,1.0,Georgia Southern,Boise State,57.5,,,3.0
2024,1.0,Georgia Tech,Florida State,54.5,,,3.0
2024,1.0,Georgia Tech,Georgia State,56.25,,,2.0
2024,1.0,Hampton,Morgan State,46.5,,,1.0
2024,1.0,Hawai'i,Delaware State,57.5,,,3.0
2024,1.0,Hawai'i,UCLA,52.0,,,3.0
2024,1.0,Houston,UNLV,55.5,,,2.0
2024,1.0,Illinois,Eastern Illinois,50.5,,,1.0
2024,1.0,Illinois,South Carolina,50.0,,,3.0
2024,1.0,Incarnate Word,Northern Colorado,54.5,,,1.0
2024,1.0,Indiana,Florida International,51.0,,,3.0
2024,1.0,Iowa State,North Dakota,51.5,,,1.0
2024,1.0,Jacksonville State,Coastal Carolina,54.5,,,3.0
2024,1.0,Jacksonville State,Ohio,57.5,,,3.0
2024,1.0,James Madison,Western Kentucky,50.5,,,3.0
2024,1.0,Kansas,Lindenwood,62.5,,,1.0
2024,1.0,Kansas State,Rutgers,52.0,,,2.0
2024,1.0,Kansas State,UT Martin,56.5,,,1.0
2024,1.0,Kentucky,Southern Miss,50.0,,,3.0
2024,1.0,LSU,Baylor,62.5,,,3.0
2024,1.0,LSU,USC,67.0,,,3.0
2024,1.0,Liberty,Buffalo,50.5,,,3.0
2024,1.0,Liberty,Campbell,58.5,,,1.0
2024,1.0,Louisville,Austin Peay,54.5,,,1.0
2024,1.0,Maine,Colgate,58.5,,,1.0
2024,1.0,Marshall,Stony Brook,56.5,,,1.0
2024,1.0,Maryland,UConn,45.5,,,3.0
2024,1.0,Massachusetts,Eastern Michigan,50.5,,,3.0
2024,1.0,McNeese,Southern,49.5,,,1.0
2024,1.0,Memphis,North Alabama,62.5,,,1.0
2024,1.0,Mercer,Presbyterian,46.5,,,1.0
2024,1.0,Miami,Iowa State,61.5,,,3.0
2024,1.0,Michigan,Alabama,45.5,,,3.0
2024,1.0,Michigan,Fresno State,46.5,,,2.0
2024,1.0,Michigan State,Florida Atlantic,45.0,,,3.0
2024,1.0,Minnesota,North Carolina,52.5,,,3.0
2024,1.0,Mississippi State,Eastern Kentucky,61.5,,,1.0
2024,1.0,Missouri,Iowa,41.0,,,3.0
2024,1.0,Missouri,Murray State,62.5,,,1.0
2024,1.0,Montana,Missouri State,54.5,,,1.0
2024,1.0,Montana State,North Dakota State,58.5,,,2.0
2024,1.0,Montana State,South Dakota,56.5,,,1.0
2024,1.0,NC State,East Carolina,60.5,,,3.0
2024,1.0,NC State,Western Carolina,60.5,,,1.0
2024,1.0,Navy,Bucknell,48.5,,,1.0
2024,1.0,Navy,Oklahoma,44.0,,,3.0
2024,1.0,Nebraska,Boston College,47.5,,,3.0
2024,1.0,Nebraska,UTEP,48.75,,,2.0
2024,1.0,Nevada,SMU,55.5,,,3.0
2024,1.0,New Mexico,Montana State,54.0,,,3.0
2024,1.0,New Mexico State,Southeast Missouri State,52.5,,,1.0
2024,1.0,Norfolk State,Florida A&M,50.5,,,1.0
2024,1.0,North Carolina,UConn,53.5,,,3.0
2024,1.0,North Dakota State,South Dakota State,49.5,,,1.0
2024,1.0,Northern Illinois,Western Illinois,55.5,,,1.0
2024,1.0,Northwestern,Miami (OH),40.5,,,3.0
2024,1.0,Notre Dame,Indiana,50.5,,,3.0
2024,1.0,Notre Dame,Ohio State,45.5,,,3.0
2024,1.0,Ohio State,Akron,56.0,,,3.0
2024,1.0,Ohio State,Tennessee,47.0,,,3.0
2024,1.0,Oklahoma,Temple,57.5,,,3.0
2024,1.0,Oklahoma State,South Dakota State,54.5,,,3.0
2024,1.0,Ole Miss,Duke,50.5,,,3.0
2024,1.0,Ole Miss,Furman,58.5,,,1.0
2024,1.0,Oregon,Ohio State,55.5,,,3.0
2024,1.0,Oregon State,Idaho State,57.5,,,1.0
2024,1.0,Penn State,Notre Dame,45.5,,,3.0
2024,1.0,Penn State,SMU,52.5,,,3.0
2024,1.0,Pittsburgh,Kent State,54.5,,,3.0
2024,1.0,Prairie View A&M,Texas Southern,55.5,,,1.0
2024,1.0,Purdue,Indiana State,52.5,,,1.0
2024,1.0,Rhode Island,Holy Cross,54.5,,,1.0
2024,1.0,Rice,Sam Houston,49.0,,,3.0
2024,1.0,Rutgers,Howard,51.5,,,1.0
2024,1.0,Sacred Heart,Delaware State,45.5,,,1.0
2024,1.0,Sam Houston,Georgia Southern,48.5,,,3.0
2024,1.0,San José State,Sacramento State,62.5,,,1.0
2024,1.0,San José State,South Florida,66.5,,,3.0
2024,1.0,South Alabama,North Texas,61.5,,,3.0
2024,1.0,South Carolina,Old Dominion,49.5,,,3.0
2024,1.0,South Carolina State,Jackson State,54.5,,,1.0
2024,1.0,Southeast Missouri State,North Alabama,58.5,,,1.0
2024,1.0,Stanford,TCU,58.5,,,3.0
2024,1.0,Syracuse,Ohio,45.5,,,3.0
2024,1.0,TCU,Louisiana,59.5,,,3.0
2024,1.0,Tarleton State,McNeese,63.5,,,1.0
2024,1.0,Tennessee,Chattanooga,56.5,,,1.0
2024,1.0,Tennessee State,Mississippi Valley State,44.5,,,1.0
2024,1.0,Texas,Clemson,49.5,,,3.0
2024,1.0,Texas,Colorado State,62.5,,,3.0
2024,1.0,Texas,Ohio State,51.5,,,3.0
2024,1.0,Texas A&M,Notre Dame,46.5,,,3.0
2024,1.0,Texas State,North Texas,66.5,,,3.0
2024,1.0,Texas Tech,Abilene Christian,58.5,,,1.0
2024,1.0,Toledo,Duquesne,53.5,,,1.0
2024,1.0,Toledo,Pittsburgh,48.5,,,3.0
2024,1.0,Troy,Nevada,44.5,,,3.0
2024,1.0,Tulane,SE Louisiana,55.5,,,1.0
2024,1.0,Tulsa,Northwestern State,55.5,,,1.0
2024,1.0,UAB,Alcorn State,55.5,,,1.0
2024,1.0,UAlbany,Long Island University,48.5,,,1.0
2024,1.0,UCF,New Hampshire,58.5,,,1.0
2024,1.0,UL Monroe,Jackson State,45.5,,,1.0
2024,1.0,UNLV,California,45.0,,,3.0
2024,1.0,USC,Texas A&M,56.5,,,3.0
2024,1.0,UTSA,Coastal Carolina,56.5,,,3.0
2024,1.0,UTSA,Kennesaw State,49.0,,,2.0
2024,1.0,Utah,Southern Utah,55.5,,,1.0
2024,1.0,Utah Tech,Montana State,62.5,,,1.0
2024,1.0,Vanderbilt,Georgia Tech,49.0,,,3.0
2024,1.0,Vanderbilt,Virginia Tech,49.0,,,3.0
2024,1.0,Villanova,Youngstown State,54.5,,,1.0
2024,1.0,Virginia Tech,Minnesota,43.5,,,3.0
2024,1.0,Washington,Louisville,50.5,,,3.0
2024,1.0,Washington,Weber State,51.5,,,1.0
2024,1.0,Washington State,Portland State,57.5,,,1.0
2024,1.0,Washington State,Syracuse,58.5,,,3.0
2024,1.0,West Virginia,Memphis,60.5,,,3.0
2024,1.0,West Virginia,Penn State,48.5,,,3.0
2024,1.0,Western Michigan,South Alabama,54.5,,,3.0
2024,1.0,William & Mary,VMI,44.5,,,1.0
2024,1.0,Wisconsin,Western Michigan,56.5,,,3.0
2024,2.0,Air Force,San José State,44.5,,,3.0
2024,2.0,Alabama,South Florida,64.5,,,3.0
2024,2.0,Arizona,Northern Arizona,64.25,,,2.0
2024,2.0,Arizona State,Mississippi State,58.5,,,3.0
2024,2.0,Arkansas State,Tulsa,65.5,,,3.0
2024,2.0,Auburn,California,52.5,,,3.0
2024,2.0,Austin Peay,Southern Illinois,51.5,,,1.0
2024,2.0,Ball State,Missouri State,50.5,,,1.0
2024,2.0,Bethune-Cookman,Mercer,48.5,,,1.0
2024,2.0,Boston College,Duquesne,52.5,,,1.0
2024,2.0,Central Connecticut,Fordham,59.5,,,1.0
2024,2.0,Cincinnati,Pittsburgh,62.5,,,3.0
2024,2.0,Clemson,App State,53.0,,,3.0
2024,2.0,Colgate,Villanova,49.5,,,1.0
2024,2.0,Colorado State,Northern Colorado,52.5,,,1.0
2024,2.0,Eastern Illinois,Indiana State,44.5,,,1.0
2024,2.0,Eastern Washington,Drake,60.5,,,1.0
2024,2.0,Florida,Samford,55.5,,,1.0
2024,2.0,Florida Atlantic,Army,42.5,,,3.0
2024,2.0,Florida International,Central Michigan,51.5,,,3.0
2024,2.0,Fresno State,Sacramento State,55.5,,,1.0
2024,2.0,Furman,Charleston Southern,47.5,,,1.0
2024,2.0,Georgia,Tennessee Tech,65.5,,,2.0
2024,2.0,Georgia State,Chattanooga,51.5,,,1.0
2024,2.0,Holy Cross,New Hampshire,54.5,,,1.0
2024,2.0,Houston Christian,Tarleton State,51.5,,,1.0
2024,2.0,Illinois,Kansas,58.5,,,3.0
2024,2.0,Indiana,Western Illinois,52.5,,,1.0
2024,2.0,Iowa,Iowa State,36.0,,,3.0
2024,2.0,James Madison,Gardner-Webb,50.5,,,1.0
2024,2.0,Kennesaw State,Louisiana,46.5,,,3.0
2024,2.0,Kent State,Saint Francis,49.5,,,1.0
2024,2.0,Kentucky,South Carolina,41.5,,,3.0
2024,2.0,LSU,Nicholls,59.75,,,2.0
2024,2.0,Lamar,Mississippi Valley State,48.5,,,1.0
2024,2.0,Lehigh,Wagner,43.5,,,1.0
2024,2.0,Lindenwood,Central Arkansas,54.5,,,1.0
2024,2.0,Louisville,Jacksonville State,56.5,,,3.0
2024,2.0,Marist,Georgetown,50.5,,,1.0
2024,2.0,Maryland,Michigan State,44.5,,,3.0
2024,2.0,Memphis,Troy,56.5,,,3.0
2024,2.0,Miami,Florida A&M,55.5,,,1.0
2024,2.0,Michigan,Texas,42.0,,,3.0
2024,2.0,Minnesota,Rhode Island,47.5,,,1.0
2024,2.0,Missouri,Buffalo,52.0,,,3.0
2024,2.0,Montana State,Maine,52.5,,,1.0
2024,2.0,Murray State,Butler,48.5,,,1.0
2024,2.0,NC State,Tennessee,60.5,,,3.0
2024,2.0,Navy,Temple,43.5,,,3.0
2024,2.0,Nebraska,Colorado,55.5,,,3.0
2024,2.0,Nevada,Georgia Southern,56.5,,,3.0
2024,2.0,New Mexico State,Liberty,54.0,,,3.0
2024,2.0,North Alabama,Illinois State,50.5,,,1.0
2024,2.0,North Carolina,Charlotte,47.5,,,3.0
2024,2.0,North Carolina Central,Elon,52.5,,,1.0
2024,2.0,North Dakota,Montana,50.5,,,1.0
2024,2.0,North Dakota State,Tennessee State,52.5,,,1.0
2024,2.0,North Texas,Stephen F. Austin,72.5,,,1.0
2024,2.0,Northwestern,Duke,37.5,,,3.0
2024,2.0,Northwestern State,Prairie View A&M,53.5,,,1.0
2024,2.0,Notre Dame,Northern Illinois,46.5,,,3.0
2024,2.0,Ohio,South Alabama,55.5,,,3.0
2024,2.0,Ohio State,Western Michigan,54.5,,,3.0
2024,2.0,Oklahoma,Houston,49.5,,,3.0
2024,2.0,Oklahoma State,Arkansas,61.0,,,3.0
2024,2.0,Old Dominion,East Carolina,54.0,,,3.0
2024,2.0,Ole Miss,Middle Tennessee,61.5,,,3.0
2024,2.0,Oregon,Boise State,60.5,,,3.0
2024,2.0,Penn State,Bowling Green,51.5,,,3.0
2024,2.0,Rice,Texas Southern,52.5,,,1.0
2024,2.0,Richmond,Wofford,48.5,,,1.0
2024,2.0,Rutgers,Akron,41.75,,,2.0
2024,2.0,SMU,BYU,56.0,,,3.0
2024,2.0,San Diego State,Oregon State,54.0,,,3.0
2024,2.0,South Dakota State,Incarnate Word,52.5,,,1.0
2024,2.0,Southeast Missouri State,UT Martin,54.5,,,1.0
2024,2.0,Southern Miss,SE Louisiana,53.5,,,1.0
2024,2.0,Stanford,Cal Poly,59.5,,,1.0
2024,2.0,Stony Brook,Stonehill,50.5,,,1.0
2024,2.0,Syracuse,Georgia Tech,60.5,,,3.0
2024,2.0,TCU,Long Island University,56.5,,,1.0
2024,2.0,Texas A&M,McNeese,56.5,,,1.0
2024,2.0,Texas State,UTSA,59.0,,,3.0
2024,2.0,The Citadel,South Carolina State,42.5,,,1.0
2024,2.0,Toledo,Massachusetts,51.0,,,3.0
2024,2.0,Towson,Morgan State,48.5,,,1.0
2024,2.0,Tulane,Kansas State,47.5,,,3.0
2024,2.0,UC Davis,East Texas A&M,48.5,,,1.0
2024,2.0,UCF,Sam Houston,54.0,,,3.0
2024,2.0,UConn,Merrimack,44.5,,,1.0
2024,2.0,UL Monroe,UAB,55.0,,,3.0
2024,2.0,UNLV,Utah Tech,55.5,,,1.0
2024,2.0,USC,Utah State,63.0,,,3.0
2024,2.0,UTEP,Southern Utah,54.5,,,1.0
2024,2.0,Utah,Baylor,54.0,,,3.0
2024,2.0,VMI,Bucknell,52.5,,,1.0
2024,2.0,Vanderbilt,Alcorn State,47.5,,,1.0
2024,2.0,Virginia Tech,Marshall,52.5,,,3.0
2024,2.0,Wake Forest,Virginia,55.5,,,3.0
2024,2.0,Washington,Eastern Michigan,48.5,,,3.0
2024,2.0,Washington State,Texas Tech,65.5,,,3.0
2024,2.0,Weber State,Portland State,62.5,,,1.0
2024,2.0,West Virginia,UAlbany,53.5,,,1.0
2024,2.0,Western Carolina,Campbell,62.5,,,1.0
2024,2.0,Western Kentucky,Eastern Kentucky,59.5,,,1.0
2024,2.0,Wisconsin,South Dakota,44.5,,,1.0
2024,2.0,Wyoming,Idaho,39.5,,,1.0
2024,2.0,Youngstown State,Valparaiso,50.5,,,1.0
2024,3.0,Akron,Colgate,48.5,,,1.0
2024,3.0,Arkansas,UAB,60.5,,,3.0
2024,3.0,Auburn,New Mexico,58.5,,,3.0
2024,3.0,Baylor,Air Force,41.0,,,3.0
2024,3.0,Bryant,Holy Cross,54.5,,,1.0
2024,3.0,Buffalo,Massachusetts,45.5,,,3.0
2024,3.0,California,San Diego State,48.5,,,3.0
2024,3.0,Central Arkansas,Austin Peay,55.5,,,1.0
2024,3.0,Charlotte,Gardner-Webb,46.5,,,1.0
2024,3.0,Chattanooga,Mercer,48.5,,,1.0
2024,3.0,Colorado State,Colorado,58.5,,,3.0
2024,3.0,Delaware State,Wagner,49.5,,,1.0
2024,3.0,Duke,UConn,46.5,,,3.0
2024,3.0,East Carolina,App State,58.5,,,3.0
2024,3.0,East Tennessee State,North Dakota State,53.5,,,1.0
2024,3.0,East Texas A&M,Grambling,51.5,,,1.0
2024,3.0,Eastern Kentucky,West Georgia,57.5,,,1.0
2024,3.0,Eastern Michigan,Jacksonville State,53.5,,,3.0
2024,3.0,Elon,Western Carolina,54.5,,,1.0
2024,3.0,Florida,Texas A&M,45.5,,,3.0
2024,3.0,Florida Atlantic,Florida International,44.5,,,3.0
2024,3.0,Florida State,Memphis,54.5,,,3.0
2024,3.0,Fordham,Stony Brook,52.5,,,1.0
2024,3.0,Fresno State,New Mexico State,48.5,,,3.0
2024,3.0,Furman,Stetson,47.5,,,1.0
2024,3.0,Georgia Southern,South Carolina State,52.5,,,1.0
2024,3.0,Georgia State,Vanderbilt,45.5,,,3.0
2024,3.0,Georgia Tech,VMI,53.5,,,1.0
2024,3.0,Houston,Rice,44.0,,,3.0
2024,3.0,Idaho,UAlbany,43.5,,,1.0
2024,3.0,Illinois,Central Michigan,50.0,,,3.0
2024,3.0,Illinois State,Western Illinois,50.5,,,1.0
2024,3.0,Indiana State,Dayton,44.5,,,1.0
2024,3.0,Iowa,Troy,39.0,,,3.0
2024,3.0,Jackson State,Southern,43.5,,,1.0
2024,3.0,Kansas,UNLV,57.5,,,3.0
2024,3.0,Kansas State,Arizona,61.0,,,3.0
2024,3.0,Kentucky,Georgia,45.0,,,3.0
2024,3.0,Lafayette,Marist,50.5,,,1.0
2024,3.0,Lamar,Weber State,49.5,,,1.0
2024,3.0,Liberty,UTEP,57.5,,,3.0
2024,3.0,Long Island University,Lehigh,49.5,,,1.0
2024,3.0,Maine,Monmouth,55.5,,,1.0
2024,3.0,McNeese,Stephen F. Austin,56.5,,,1.0
2024,3.0,Miami,Ball State,55.5,,,3.0
2024,3.0,Miami (OH),Cincinnati,47.5,,,3.0
2024,3.0,Michigan,Arkansas State,47.5,,,3.0
2024,3.0,Michigan State,Prairie View A&M,53.5,,,1.0
2024,3.0,Middle Tennessee,Western Kentucky,54.0,,,3.0
2024,3.0,Minnesota,Nevada,44.0,,,3.0
2024,3.0,Mississippi State,Toledo,57.5,,,3.0
2024,3.0,Missouri,Boston College,52.0,,,3.0
2024,3.0,Missouri State,Lindenwood,54.5,,,1.0
2024,3.0,Montana,Morehead State,50.5,,,1.0
2024,3.0,Murray State,Mississippi Valley State,48.5,,,1.0
2024,3.0,NC State,Louisiana Tech,48.0,,,3.0
2024,3.0,Nebraska,Northern Iowa,49.5,,,1.0
2024,3.0,New Hampshire,Stonehill,52.5,,,1.0
2024,3.0,Norfolk State,Hampton,50.5,,,1.0
2024,3.0,North Carolina,North Carolina Central,57.5,,,1.0
2024,3.0,North Carolina A&T,Delaware,49.5,,,1.0
2024,3.0,North Dakota,Idaho State,57.5,,,1.0
2024,3.0,Northern Colorado,Abilene Christian,54.5,,,1.0
2024,3.0,Northwestern,Eastern Illinois,38.5,,,1.0
2024,3.0,Ohio,Morgan State,45.5,,,1.0
2024,3.0,Oklahoma,Tulane,49.0,,,3.0
2024,3.0,Old Dominion,Virginia Tech,47.5,,,3.0
2024,3.0,Oregon State,Oregon,50.0,,,3.0
2024,3.0,Pittsburgh,West Virginia,61.5,,,3.0
2024,3.0,Purdue,Notre Dame,47.0,,,3.0
2024,3.0,Richmond,Charleston Southern,46.5,,,1.0
2024,3.0,SE Louisiana,Eastern Washington,61.5,,,1.0
2024,3.0,Sacramento State,Nicholls,61.5,,,1.0
2024,3.0,Sacred Heart,Georgetown,44.5,,,1.0
2024,3.0,Saint Francis,Central Connecticut,48.5,,,1.0
2024,3.0,Sam Houston,Hawai'i,48.5,,,3.0
2024,3.0,Samford,Alabama State,46.5,,,1.0
2024,3.0,San José State,Kennesaw State,42.0,,,3.0
2024,3.0,South Alabama,Northwestern State,60.5,,,1.0
2024,3.0,South Carolina,LSU,48.5,,,3.0
2024,3.0,Southern Illinois,Incarnate Word,56.5,,,1.0
2024,3.0,Southern Miss,South Florida,58.5,,,3.0
2024,3.0,Southern Utah,UC Davis,52.5,,,1.0
2024,3.0,TCU,UCF,61.5,,,3.0
2024,3.0,Temple,Coastal Carolina,52.0,,,3.0
2024,3.0,Tennessee,Kent State,62.5,,,3.0
2024,3.0,Tennessee State,Arkansas-Pine Bluff,56.5,,,1.0
2024,3.0,Texas,UTSA,56.5,,,3.0
2024,3.0,Texas State,Arizona State,58.5,,,3.0
2024,3.0,Texas Tech,North Texas,70.5,,,3.0
2024,3.0,Tulsa,Oklahoma State,62.5,,,3.0
2024,3.0,UCLA,Indiana,46.5,,,3.0
2024,3.0,UT Martin,North Alabama,56.5,,,1.0
2024,3.0,Utah State,Utah,43.5,,,3.0
2024,3.0,Utah Tech,Northern Arizona,54.5,,,1.0
2024,3.0,Villanova,Towson,50.5,,,1.0
2024,3.0,Virginia,Maryland,55.5,,,3.0
2024,3.0,Wake Forest,Ole Miss,65.5,,,3.0
2024,3.0,Washington,Washington State,54.5,,,3.0
2024,3.0,Western Michigan,Bethune-Cookman,54.5,,,1.0
2024,3.0,Wisconsin,Alabama,47.5,,,3.0
2024,3.0,Wofford,William & Mary,45.5,,,1.0
2024,3.0,Wyoming,BYU,39.5,,,3.0
2024,3.0,Youngstown State,Duquesne,55.5,,,1.0
2024,4.0,App State,South Alabama,62.5,,,3.0
2024,4.0,Arkansas-Pine Bluff,Central Arkansas,57.5,,,1.0
2024,4.0,Army,Rice,43.5,,,3.0
2024,4.0,Auburn,Arkansas,53.5,,,3.0
2024,4.0,Austin Peay,Alabama A&M,56.5,,,1.0
2024,4.0,BYU,Kansas State,49.5,,,3.0
2024,4.0,Boise State,Portland State,69.5,,,2.0
2024,4.0,Boston College,Michigan State,45.5,,,3.0
2024,4.0,Bucknell,Marist,55.5,,,1.0
2024,4.0,Campbell,Stony Brook,50.5,,,1.0
2024,4.0,Central Michigan,Ball State,50.5,,,3.0
2024,4.0,Cincinnati,Houston,47.5,,,3.0
2024,4.0,Clemson,NC State,44.0,,,3.0
2024,4.0,Coastal Carolina,Virginia,52.0,,,3.0
2024,4.0,Colgate,Cornell,47.5,,,1.0
2024,4.0,Colorado,Baylor,52.5,,,3.0
2024,4.0,Colorado State,UTEP,49.0,,,3.0
2024,4.0,Columbia,Lafayette,41.5,,,1.0
2024,4.0,Dartmouth,Fordham,50.5,,,1.0
2024,4.0,Delaware,Pennsylvania,51.5,,,1.0
2024,4.0,Delaware State,Richmond,47.5,,,1.0
2024,4.0,East Texas A&M,Sacramento State,58.5,,,1.0
2024,4.0,Eastern Kentucky,Morehead State,52.5,,,1.0
2024,4.0,Eastern Michigan,Saint Francis,45.5,,,1.0
2024,4.0,Elon,East Tennessee State,48.5,,,1.0
2024,4.0,Florida International,Monmouth,59.5,,,1.0
2024,4.0,Florida State,California,44.5,,,3.0
2024,4.0,Georgetown,Brown,56.5,,,1.0
2024,4.0,Hampton,Howard,55.5,,,1.0
2024,4.0,Harvard,Stetson,52.5,,,1.0
2024,4.0,Hawai'i,Northern Iowa,46.25,,,2.0
2024,4.0,Holy Cross,Yale,50.5,,,1.0
2024,4.0,Idaho State,Southern Utah,58.5,,,1.0
2024,4.0,Indiana,Charlotte,50.5,,,3.0
2024,4.0,Iowa State,Arkansas State,52.0,,,3.0
2024,4.0,Jacksonville State,Southern Miss,59.5,,,3.0
2024,4.0,Kentucky,Ohio,42.0,,,3.0
2024,4.0,LSU,UCLA,56.5,,,3.0
2024,4.0,Lamar,Texas Southern,48.5,,,1.0
2024,4.0,Lehigh,Princeton,46.5,,,1.0
2024,4.0,Liberty,East Carolina,54.5,,,3.0
2024,4.0,Lindenwood,St. Thomas (MN),47.5,,,1.0
2024,4.0,Long Island University,Rhode Island,47.5,,,1.0
2024,4.0,Louisiana,Tulane,53.5,,,3.0
2024,4.0,Louisiana Tech,Tulsa,56.5,,,3.0
2024,4.0,Louisville,Georgia Tech,56.0,,,3.0
2024,4.0,Maryland,Villanova,47.0,,,2.0
2024,4.0,Massachusetts,Central Connecticut,51.75,,,2.0
2024,4.0,Mercer,The Citadel,46.5,,,1.0
2024,4.0,Merrimack,Maine,48.5,,,1.0
2024,4.0,Michigan,USC,44.0,,,3.0
2024,4.0,Middle Tennessee,Duke,51.0,,,3.0
2024,4.0,Minnesota,Iowa,34.5,,,3.0
2024,4.0,Mississippi State,Florida,58.0,,,3.0
2024,4.0,Missouri,Vanderbilt,52.0,,,3.0
2024,4.0,Montana,Western Carolina,57.5,,,1.0
2024,4.0,Montana State,Mercyhurst,59.5,,,1.0
2024,4.0,Navy,Memphis,47.0,,,3.0
2024,4.0,Nebraska,Illinois,42.0,,,3.0
2024,4.0,Nevada,Eastern Washington,55.0,,,2.0
2024,4.0,New Mexico,Fresno State,61.0,,,3.0
2024,4.0,Nicholls,Mississippi Valley State,48.5,,,1.0
2024,4.0,North Carolina,James Madison,48.5,,,3.0
2024,4.0,North Dakota,San Diego,50.5,,,1.0
2024,4.0,North Dakota State,Towson,53.5,,,1.0
2024,4.0,North Texas,Wyoming,55.0,,,3.0
2024,4.0,Northern Illinois,Buffalo,42.5,,,3.0
2024,4.0,Northwestern State,Weber State,55.5,,,1.0
2024,4.0,Notre Dame,Miami (OH),44.0,,,3.0
2024,4.0,Ohio State,Marshall,55.5,,,3.0
2024,4.0,Oklahoma,Tennessee,57.0,,,3.0
2024,4.0,Oklahoma State,Utah,53.5,,,3.0
2024,4.0,Ole Miss,Georgia Southern,68.5,,,3.0
2024,4.0,Oregon State,Purdue,50.5,,,3.0
2024,4.0,Penn State,Kent State,57.5,,,3.0
2024,4.0,Pittsburgh,Youngstown State,60.0,,,2.0
2024,4.0,Prairie View A&M,Southern,46.5,,,1.0
2024,4.0,SMU,TCU,58.5,,,3.0
2024,4.0,Sam Houston,New Mexico State,44.5,,,3.0
2024,4.0,South Carolina,Akron,41.5,,,3.0
2024,4.0,South Dakota,Drake,50.5,,,1.0
2024,4.0,South Florida,Miami,64.5,,,3.0
2024,4.0,Southern Illinois,Southeast Missouri State,54.5,,,1.0
2024,4.0,Stonehill,Sacred Heart,43.5,,,1.0
2024,4.0,Syracuse,Stanford,56.5,,,3.0
2024,4.0,Temple,Utah State,53.5,,,3.0
2024,4.0,Tennessee Tech,Tennessee State,54.5,,,1.0
2024,4.0,Texas,UL Monroe,53.5,,,3.0
2024,4.0,Texas A&M,Bowling Green,50.5,,,3.0
2024,4.0,Texas Tech,Arizona State,58.5,,,3.0
2024,4.0,Troy,Florida A&M,49.0,,,2.0
2024,4.0,UConn,Florida Atlantic,45.5,,,3.0
2024,4.0,UTSA,Houston Christian,55.0,,,2.0
2024,4.0,VMI,Norfolk State,47.5,,,1.0
2024,4.0,Virginia Tech,Rutgers,44.75,,,2.0
2024,4.0,Wagner,Robert Morris,51.5,,,1.0
2024,4.0,Washington,Northwestern,42.5,,,3.0
2024,4.0,Washington State,San José State,55.5,,,3.0
2024,4.0,West Virginia,Kansas,56.0,,,3.0
2024,4.0,Western Kentucky,Toledo,60.5,,,3.0
2024,4.0,William & Mary,Furman,47.5,,,1.0
2024,5.0,Alabama,Georgia,50.0,,,3.0
2024,5.0,Auburn,Oklahoma,43.0,,,3.0
2024,5.0,Austin Peay,Southern Utah,51.5,,,1.0
2024,5.0,Baylor,BYU,46.5,,,3.0
2024,5.0,Bethune-Cookman,Alabama State,41.5,,,1.0
2024,5.0,Boise State,Washington State,66.0,,,3.0
2024,5.0,Boston College,Western Kentucky,48.0,,,3.0
2024,5.0,Bowling Green,Old Dominion,51.5,,,3.0
2024,5.0,Brown,Harvard,53.5,,,1.0
2024,5.0,Campbell,Delaware State,51.5,,,1.0
2024,5.0,Central Arkansas,Lamar,51.5,,,1.0
2024,5.0,Central Michigan,San Diego State,47.5,,,3.0
2024,5.0,Chattanooga,Portland State,56.5,,,1.0
2024,5.0,Clemson,Stanford,58.0,,,3.0
2024,5.0,Cornell,Yale,49.5,,,1.0
2024,5.0,Delaware,Sacred Heart,47.5,,,1.0
2024,5.0,Drake,San Diego,44.5,,,1.0
2024,5.0,Duke,North Carolina,55.5,,,3.0
2024,5.0,East Carolina,UTSA,53.5,,,3.0
2024,5.0,Eastern Illinois,Lindenwood,46.5,,,1.0
2024,5.0,Eastern Kentucky,Robert Morris,50.5,,,1.0
2024,5.0,Eastern Washington,Montana,58.5,,,1.0
2024,5.0,Elon,Richmond,46.5,,,1.0
2024,5.0,Florida Atlantic,Wagner,52.25,,,2.0
2024,5.0,Florida International,Louisiana Tech,49.0,,,3.0
2024,5.0,Gardner-Webb,Tennessee Tech,55.5,,,1.0
2024,5.0,Georgetown,Columbia,45.5,,,1.0
2024,5.0,Georgia State,Georgia Southern,57.0,,,3.0
2024,5.0,Houston,Iowa State,43.0,,,3.0
2024,5.0,Idaho State,Montana State,59.5,,,1.0
2024,5.0,Illinois State,North Dakota State,50.5,,,1.0
2024,5.0,Indiana,Maryland,49.5,,,3.0
2024,5.0,Indiana State,Houston Christian,47.5,,,1.0
2024,5.0,James Madison,Ball State,56.5,,,3.0
2024,5.0,Kansas,TCU,58.5,,,3.0
2024,5.0,Kansas State,Oklahoma State,58.0,,,3.0
2024,5.0,Kennesaw State,UT Martin,45.5,,,2.0
2024,5.0,Kent State,Eastern Michigan,46.0,,,3.0
2024,5.0,LSU,South Alabama,64.5,,,3.0
2024,5.0,Lehigh,Bucknell,53.5,,,1.0
2024,5.0,Marist,Dayton,46.5,,,1.0
2024,5.0,Marshall,Western Michigan,53.5,,,3.0
2024,5.0,Memphis,Middle Tennessee,61.5,,,3.0
2024,5.0,Merrimack,Dartmouth,43.5,,,1.0
2024,5.0,Miami,Virginia Tech,55.5,,,3.0
2024,5.0,Miami (OH),Massachusetts,44.5,,,3.0
2024,5.0,Michigan,Minnesota,34.5,,,3.0
2024,5.0,Michigan State,Ohio State,48.5,,,3.0
2024,5.0,Mississippi Valley State,Alcorn State,46.5,,,1.0
2024,5.0,Missouri State,Youngstown State,54.5,,,1.0
2024,5.0,Monmouth,Fordham,54.5,,,1.0
2024,5.0,Morehead State,Valparaiso,49.5,,,1.0
2024,5.0,NC State,Northern Illinois,46.5,,,3.0
2024,5.0,New Mexico State,New Mexico,54.0,,,3.0
2024,5.0,Norfolk State,North Carolina Central,53.5,,,1.0
2024,5.0,North Dakota,Murray State,52.5,,,1.0
2024,5.0,North Texas,Tulsa,65.5,,,3.0
2024,5.0,Northern Arizona,Sacramento State,56.5,,,1.0
2024,5.0,Northern Colorado,Cal Poly,47.5,,,1.0
2024,5.0,Notre Dame,Louisville,45.0,,,3.0
2024,5.0,Ohio,Akron,46.0,,,3.0
2024,5.0,Ole Miss,Kentucky,51.5,,,3.0
2024,5.0,Penn State,Illinois,48.5,,,3.0
2024,5.0,Pennsylvania,Colgate,49.5,,,1.0
2024,5.0,Prairie View A&M,Grambling,53.5,,,1.0
2024,5.0,Presbyterian,Davidson,55.5,,,1.0
2024,5.0,Princeton,Howard,48.5,,,1.0
2024,5.0,Purdue,Nebraska,47.0,,,3.0
2024,5.0,Rice,Charlotte,48.0,,,3.0
2024,5.0,Rutgers,Washington,45.0,,,2.0
2024,5.0,SMU,Florida State,46.5,,,3.0
2024,5.0,Sam Houston,Texas State,55.0,,,3.0
2024,5.0,South Carolina State,North Carolina A&T,46.5,,,1.0
2024,5.0,South Dakota,Southern Illinois,47.5,,,1.0
2024,5.0,Southeast Missouri State,Northwestern State,54.5,,,1.0
2024,5.0,Stony Brook,Morgan State,41.5,,,1.0
2024,5.0,Syracuse,Holy Cross,59.5,,,2.0
2024,5.0,Tarleton State,SE Louisiana,55.5,,,1.0
2024,5.0,Temple,Army,47.0,,,3.0
2024,5.0,Tennessee State,Charleston Southern,47.5,,,1.0
2024,5.0,Texas,Mississippi State,58.5,,,3.0
2024,5.0,Texas A&M,Arkansas,50.5,,,3.0
2024,5.0,Texas Southern,Jackson State,49.5,,,1.0
2024,5.0,Texas Tech,Cincinnati,60.0,,,3.0
2024,5.0,The Citadel,East Tennessee State,51.5,,,1.0
2024,5.0,Troy,UL Monroe,46.0,,,3.0
2024,5.0,Tulane,South Florida,60.5,,,3.0
2024,5.0,UAB,Navy,56.5,,,3.0
2024,5.0,UAlbany,Maine,51.5,,,1.0
2024,5.0,UC Davis,Idaho,48.5,,,1.0
2024,5.0,UCF,Colorado,60.5,,,3.0
2024,5.0,UCLA,Oregon,54.0,,,3.0
2024,5.0,UConn,Buffalo,44.5,,,3.0
2024,5.0,UNLV,Fresno State,50.5,,,3.0
2024,5.0,USC,Wisconsin,50.0,,,3.0
2024,5.0,Utah,Arizona,47.0,,,3.0
2024,5.0,Villanova,Long Island University,48.5,,,1.0
2024,5.0,Wake Forest,Louisiana,59.5,,,3.0
2024,5.0,Weber State,McNeese,49.5,,,1.0
2024,5.0,West Georgia,North Alabama,55.5,,,1.0
2024,5.0,William & Mary,Hampton,52.5,,,1.0
2024,5.0,Wofford,Mercer,46.5,,,1.0
2024,5.0,Wyoming,Air Force,33.5,,,3.0
2024,6.0,Abilene Christian,Central Arkansas,58.5,,,1.0
2024,6.0,Air Force,Navy,37.0,,,3.0
2024,6.0,Akron,Bowling Green,48.5,,,3.0
2024,6.0,Alabama State,Florida A&M,42.5,,,1.0
2024,6.0,Alcorn State,Arkansas-Pine Bluff,54.5,,,1.0
2024,6.0,Arizona,Texas Tech,63.5,,,3.0
2024,6.0,Arizona State,Kansas,50.0,,,3.0
2024,6.0,Arkansas,Tennessee,57.5,,,3.0
2024,6.0,Arkansas State,South Alabama,62.5,,,3.0
2024,6.0,Ball State,Western Michigan,57.5,,,3.0
2024,6.0,Boise State,Utah State,66.5,,,3.0
2024,6.0,Brown,Bryant,58.5,,,1.0
2024,6.0,Butler,Morehead State,47.5,,,1.0
2024,6.0,Cal Poly,Idaho State,53.5,,,1.0
2024,6.0,California,Miami,54.0,,,3.0
2024,6.0,Campbell,North Carolina Central,58.5,,,1.0
2024,6.0,Charleston Southern,Western Illinois,51.5,,,1.0
2024,6.0,Charlotte,East Carolina,47.5,,,3.0
2024,6.0,Coastal Carolina,Old Dominion,51.5,,,3.0
2024,6.0,Colgate,Holy Cross,55.5,,,1.0
2024,6.0,Columbia,Princeton,43.5,,,1.0
2024,6.0,Cornell,UAlbany,51.5,,,1.0
2024,6.0,Dartmouth,Pennsylvania,44.5,,,1.0
2024,6.0,Davidson,Marist,58.5,,,1.0
2024,6.0,Delaware State,Saint Francis,45.5,,,1.0
2024,6.0,Duquesne,Long Island University,48.5,,,1.0
2024,6.0,East Tennessee State,Chattanooga,50.5,,,1.0
2024,6.0,Eastern Illinois,Southeast Missouri State,50.5,,,1.0
2024,6.0,Florida,UCF,62.0,,,3.0
2024,6.0,Florida State,Clemson,47.0,,,3.0
2024,6.0,Fordham,Lafayette,56.5,,,1.0
2024,6.0,Georgia,Auburn,50.0,,,3.0
2024,6.0,Georgia Tech,Duke,52.5,,,3.0
2024,6.0,Hampton,Rhode Island,50.5,,,1.0
2024,6.0,Harvard,New Hampshire,50.5,,,1.0
2024,6.0,Houston Christian,McNeese,53.5,,,1.0
2024,6.0,Idaho,Northern Arizona,52.5,,,1.0
2024,6.0,Incarnate Word,Prairie View A&M,55.5,,,1.0
2024,6.0,Iowa State,Baylor,45.0,,,3.0
2024,6.0,Jackson State,Alabama A&M,55.5,,,1.0
2024,6.0,Kennesaw State,Jacksonville State,49.5,,,3.0
2024,6.0,Lindenwood,Tennessee State,50.5,,,1.0
2024,6.0,Louisville,SMU,55.0,,,3.0
2024,6.0,Marshall,App State,56.5,,,3.0
2024,6.0,Minnesota,USC,45.5,,,3.0
2024,6.0,Monmouth,Delaware,63.5,,,1.0
2024,6.0,Montana,Weber State,53.5,,,1.0
2024,6.0,Montana State,Northern Colorado,53.5,,,1.0
2024,6.0,Murray State,South Dakota,51.5,,,1.0
2024,6.0,NC State,Wake Forest,52.5,,,3.0
2024,6.0,Nebraska,Rutgers,40.0,,,2.0
2024,6.0,North Alabama,Utah Tech,55.5,,,1.0
2024,6.0,North Carolina,Pittsburgh,62.5,,,3.0
2024,6.0,North Dakota State,North Dakota,60.5,,,1.0
2024,6.0,Northern Illinois,Massachusetts,41.0,,,3.0
2024,6.0,Northern Iowa,South Dakota State,48.5,,,1.0
2024,6.0,Northwestern,Indiana,40.5,,,3.0
2024,6.0,Ohio State,Iowa,46.0,,,3.0
2024,6.0,Oklahoma State,West Virginia,64.5,,,3.0
2024,6.0,Oregon,Michigan State,53.0,,,3.0
2024,6.0,Oregon State,Colorado State,47.0,,,3.0
2024,6.0,Penn State,UCLA,47.5,,,3.0
2024,6.0,Portland State,UC Davis,60.5,,,1.0
2024,6.0,Richmond,North Carolina A&T,50.5,,,1.0
2024,6.0,Sacred Heart,Norfolk State,45.5,,,1.0
2024,6.0,Samford,VMI,50.5,,,1.0
2024,6.0,San Diego,Presbyterian,54.5,,,1.0
2024,6.0,San Diego State,Hawai'i,47.5,,,3.0
2024,6.0,San José State,Nevada,51.5,,,3.0
2024,6.0,South Carolina,Ole Miss,53.0,,,3.0
2024,6.0,Southern,Nicholls,49.5,,,1.0
2024,6.0,Southern Illinois,Illinois State,50.5,,,1.0
2024,6.0,Southern Miss,Louisiana,57.5,,,3.0
2024,6.0,Southern Utah,Tarleton State,54.5,,,1.0
2024,6.0,St. Thomas (MN),Stetson,45.5,,,1.0
2024,6.0,Stanford,Virginia Tech,49.5,,,3.0
2024,6.0,Stephen F. Austin,Northwestern State,52.5,,,1.0
2024,6.0,Stonehill,Wagner,51.5,,,1.0
2024,6.0,Stony Brook,Villanova,45.5,,,1.0
2024,6.0,TCU,Houston,52.0,,,3.0
2024,6.0,Tennessee Tech,South Carolina State,49.5,,,1.0
2024,6.0,Texas A&M,Missouri,47.5,,,3.0
2024,6.0,The Citadel,Furman,45.5,,,1.0
2024,6.0,Toledo,Miami (OH),43.5,,,3.0
2024,6.0,Towson,William & Mary,51.5,,,1.0
2024,6.0,Troy,Texas State,56.0,,,3.0
2024,6.0,Tulsa,Army,50.5,,,3.0
2024,6.0,UAB,Tulane,52.0,,,3.0
2024,6.0,UConn,Temple,49.0,,,3.0
2024,6.0,UL Monroe,James Madison,48.0,,,3.0
2024,6.0,UNLV,Syracuse,55.5,,,3.0
2024,6.0,UT Martin,Gardner-Webb,53.5,,,1.0
2024,6.0,UTEP,Sam Houston,49.5,,,3.0
2024,6.0,Valparaiso,Drake,43.5,,,1.0
2024,6.0,Vanderbilt,Alabama,53.5,,,3.0
2024,6.0,Virginia,Boston College,52.5,,,3.0
2024,6.0,Washington,Michigan,39.5,,,3.0
2024,6.0,West Georgia,Austin Peay,53.5,,,1.0
2024,6.0,Western Carolina,Wofford,51.5,,,1.0
2024,6.0,Wisconsin,Purdue,44.5,,,3.0
2024,6.0,Yale,Central Connecticut,50.5,,,1.0
2024,6.0,Youngstown State,Indiana State,51.5,,,1.0
2024,7.0,Alabama,South Carolina,50.0,,,3.0
2024,7.0,Alabama A&M,Bethune-Cookman,56.5,,,1.0
2024,7.0,Arizona State,Utah,46.5,,,3.0
2024,7.0,Arkansas-Pine Bluff,Prairie View A&M,58.5,,,1.0
2024,7.0,Army,UAB,55.5,,,3.0
2024,7.0,BYU,Arizona,48.5,,,3.0
2024,7.0,Bowling Green,Northern Illinois,46.5,,,3.0
2024,7.0,Bryant,UAlbany,54.5,,,1.0
2024,7.0,Buffalo,Toledo,44.5,,,3.0
2024,7.0,Central Arkansas,West Georgia,57.5,,,1.0
2024,7.0,Central Connecticut,Mercyhurst,57.5,,,1.0
2024,7.0,Central Michigan,Ohio,50.5,,,3.0
2024,7.0,Colorado,Kansas State,55.0,,,3.0
2024,7.0,Colorado State,San José State,55.5,,,3.0
2024,7.0,Cornell,Harvard,51.5,,,1.0
2024,7.0,Dayton,Davidson,57.5,,,1.0
2024,7.0,Delaware,Maine,55.5,,,1.0
2024,7.0,Drake,Butler,44.5,,,1.0
2024,7.0,East Tennessee State,Samford,52.5,,,1.0
2024,7.0,Eastern Michigan,Miami (OH),45.5,,,3.0
2024,7.0,Elon,New Hampshire,51.5,,,1.0
2024,7.0,Florida Atlantic,North Texas,58.5,,,3.0
2024,7.0,Fresno State,Washington State,60.5,,,3.0
2024,7.0,Furman,Chattanooga,47.5,,,1.0
2024,7.0,Georgia,Mississippi State,53.5,,,3.0
2024,7.0,Georgia Southern,Marshall,58.0,,,3.0
2024,7.0,Georgia State,Old Dominion,53.5,,,3.0
2024,7.0,Grambling,Alcorn State,53.5,,,1.0
2024,7.0,Hawai'i,Boise State,60.0,,,3.0
2024,7.0,Holy Cross,Fordham,56.5,,,1.0
2024,7.0,Howard,Sacred Heart,45.5,,,1.0
2024,7.0,Idaho State,Portland State,65.5,,,1.0
2024,7.0,Illinois,Purdue,47.0,,,3.0
2024,7.0,Illinois State,Missouri State,53.5,,,1.0
2024,7.0,Incarnate Word,Nicholls,58.5,,,1.0
2024,7.0,Indiana State,Murray State,46.5,,,1.0
2024,7.0,Iowa,Washington,41.5,,,3.0
2024,7.0,Jacksonville State,New Mexico State,58.5,,,3.0
2024,7.0,James Madison,Coastal Carolina,59.0,,,3.0
2024,7.0,Kent State,Ball State,58.0,,,3.0
2024,7.0,Kentucky,Vanderbilt,44.5,,,3.0
2024,7.0,LSU,Ole Miss,64.5,,,3.0
2024,7.0,Lafayette,Georgetown,50.5,,,1.0
2024,7.0,Lamar,Stephen F. Austin,50.5,,,1.0
2024,7.0,Liberty,Florida International,55.5,,,3.0
2024,7.0,Lindenwood,Charleston Southern,47.5,,,1.0
2024,7.0,Long Island University,Stonehill,47.5,,,1.0
2024,7.0,Louisiana,App State,64.0,,,3.0
2024,7.0,Louisiana Tech,Middle Tennessee,47.5,,,3.0
2024,7.0,Marist,St. Thomas (MN),48.5,,,1.0
2024,7.0,Maryland,Northwestern,45.0,,,3.0
2024,7.0,Massachusetts,Missouri,53.5,,,3.0
2024,7.0,Mercer,Princeton,45.5,,,1.0
2024,7.0,Montana,Northern Arizona,57.5,,,1.0
2024,7.0,Montana State,Idaho,54.5,,,1.0
2024,7.0,Morehead State,Presbyterian,51.5,,,1.0
2024,7.0,Morgan State,Merrimack,41.5,,,1.0
2024,7.0,NC State,Syracuse,51.5,,,3.0
2024,7.0,Nevada,Oregon State,47.0,,,3.0
2024,7.0,New Mexico,Air Force,56.0,,,3.0
2024,7.0,Norfolk State,Towson,48.5,,,1.0
2024,7.0,North Alabama,Abilene Christian,58.5,,,1.0
2024,7.0,North Carolina,Georgia Tech,60.5,,,3.0
2024,7.0,Northwestern State,East Texas A&M,51.5,,,1.0
2024,7.0,Notre Dame,Stanford,45.5,,,3.0
2024,7.0,Oklahoma,Texas,49.0,,,3.0
2024,7.0,Oregon,Ohio State,54.5,,,3.0
2024,7.0,Pennsylvania,Bucknell,53.5,,,1.0
2024,7.0,Pittsburgh,California,57.5,,,3.0
2024,7.0,Rhode Island,Brown,57.5,,,1.0
2024,7.0,Rice,UTSA,51.0,,,3.0
2024,7.0,Robert Morris,Delaware State,49.5,,,1.0
2024,7.0,Rutgers,Wisconsin,43.5,,,2.0
2024,7.0,Sacramento State,Eastern Washington,65.5,,,1.0
2024,7.0,Saint Francis,Duquesne,49.5,,,1.0
2024,7.0,South Dakota,Northern Iowa,49.5,,,1.0
2024,7.0,South Dakota State,Youngstown State,55.5,,,1.0
2024,7.0,South Florida,Memphis,61.0,,,3.0
2024,7.0,Southeast Missouri State,Tennessee Tech,56.5,,,1.0
2024,7.0,Southern Illinois,North Dakota State,55.5,,,1.0
2024,7.0,Southern Utah,Eastern Kentucky,55.5,,,1.0
2024,7.0,Tarleton State,Utah Tech,58.5,,,1.0
2024,7.0,Tennessee,Florida,55.5,,,3.0
2024,7.0,Tennessee State,Eastern Illinois,48.5,,,1.0
2024,7.0,Texas Southern,Southern,45.5,,,1.0
2024,7.0,Texas State,Arkansas State,66.0,,,3.0
2024,7.0,UC Davis,Cal Poly,50.5,,,1.0
2024,7.0,UCF,Cincinnati,58.0,,,3.0
2024,7.0,UCLA,Minnesota,39.0,,,3.0
2024,7.0,UL Monroe,Southern Miss,41.0,,,3.0
2024,7.0,USC,Penn State,52.0,,,3.0
2024,7.0,Utah State,UNLV,67.0,,,3.0
2024,7.0,Virginia,Louisville,54.0,,,3.0
2024,7.0,Wagner,Columbia,45.5,,,1.0
2024,7.0,Wake Forest,Clemson,63.0,,,3.0
2024,7.0,Weber State,Northern Colorado,51.5,,,1.0
2024,7.0,West Virginia,Iowa State,54.0,,,3.0
2024,7.0,Western Carolina,The Citadel,56.5,,,1.0
2024,7.0,Western Illinois,UT Martin,60.5,,,1.0
2024,7.0,Western Kentucky,UTEP,55.5,,,3.0
2024,7.0,Western Michigan,Akron,48.5,,,3.0
2024,7.0,Wofford,VMI,43.5,,,1.0
2024,7.0,Wyoming,San Diego State,43.0,,,3.0
2024,7.0,Yale,Dartmouth,47.5,,,1.0
2024,8.0,Abilene Christian,Eastern Kentucky,58.5,,,1.0
2024,8.0,Air Force,Colorado State,44.0,,,3.0
2024,8.0,Arizona,Colorado,57.5,,,3.0
2024,8.0,Arkansas,LSU,57.0,,,3.0
2024,8.0,Army,East Carolina,54.5,,,3.0
2024,8.0,BYU,Oklahoma State,53.0,,,3.0
2024,8.0,Bowling Green,Kent State,54.5,,,3.0
2024,8.0,Bucknell,Cornell,58.5,,,1.0
2024,8.0,Buffalo,Western Michigan,49.5,,,3.0
2024,8.0,Butler,Dayton,44.5,,,1.0
2024,8.0,California,NC State,46.0,,,3.0
2024,8.0,Charleston Southern,Southeast Missouri State,45.5,,,1.0
2024,8.0,Chattanooga,Wofford,44.5,,,1.0
2024,8.0,Cincinnati,Arizona State,51.0,,,3.0
2024,8.0,Clemson,Virginia,57.5,,,3.0
2024,8.0,Coastal Carolina,Louisiana,57.0,,,3.0
2024,8.0,Colgate,Georgetown,48.5,,,1.0
2024,8.0,Dartmouth,Central Connecticut,50.5,,,1.0
2024,8.0,Davidson,Stetson,58.5,,,1.0
2024,8.0,Duke,Florida State,43.0,,,3.0
2024,8.0,East Texas A&M,Lamar,46.5,,,1.0
2024,8.0,Eastern Michigan,Central Michigan,52.5,,,3.0
2024,8.0,Eastern Washington,UC Davis,61.5,,,1.0
2024,8.0,Florida,Kentucky,42.5,,,3.0
2024,8.0,Furman,Western Carolina,55.5,,,1.0
2024,8.0,Gardner-Webb,Lindenwood,50.5,,,1.0
2024,8.0,Georgia Southern,James Madison,58.5,,,3.0
2024,8.0,Georgia Tech,Notre Dame,49.5,,,3.0
2024,8.0,Grambling,Arkansas-Pine Bluff,58.5,,,1.0
2024,8.0,Harvard,Holy Cross,53.5,,,1.0
2024,8.0,Howard,Tennessee State,51.5,,,1.0
2024,8.0,Idaho,Cal Poly,53.5,,,1.0
2024,8.0,Illinois,Michigan,44.0,,,3.0
2024,8.0,Incarnate Word,McNeese,59.5,,,1.0
2024,8.0,Indiana,Nebraska,48.0,,,3.0
2024,8.0,Iowa State,UCF,49.5,,,3.0
2024,8.0,Jackson State,Florida A&M,51.5,,,1.0
2024,8.0,Kansas,Houston,45.5,,,3.0
2024,8.0,Lafayette,Sacred Heart,44.5,,,1.0
2024,8.0,Louisville,Miami,61.0,,,3.0
2024,8.0,Maine,Villanova,50.5,,,1.0
2024,8.0,Marshall,Georgia State,51.5,,,3.0
2024,8.0,Maryland,USC,56.0,,,3.0
2024,8.0,Memphis,North Texas,67.5,,,3.0
2024,8.0,Merrimack,Stonehill,49.5,,,1.0
2024,8.0,Miami (OH),Ohio,43.5,,,3.0
2024,8.0,Michigan State,Iowa,39.5,,,3.0
2024,8.0,Middle Tennessee,Kennesaw State,50.0,,,3.0
2024,8.0,Mississippi State,Texas A&M,55.5,,,3.0
2024,8.0,Mississippi Valley State,Bethune-Cookman,52.5,,,1.0
2024,8.0,Missouri,Auburn,49.5,,,3.0
2024,8.0,Missouri State,Indiana State,50.5,,,1.0
2024,8.0,Murray State,Illinois State,54.5,,,1.0
2024,8.0,Navy,Charlotte,57.5,,,3.0
2024,8.0,Nevada,Fresno State,50.0,,,3.0
2024,8.0,New Hampshire,Rhode Island,51.5,,,1.0
2024,8.0,New Mexico State,Louisiana Tech,48.5,,,3.0
2024,8.0,Nicholls,Northwestern State,54.5,,,1.0
2024,8.0,North Carolina A&T,Hampton,58.5,,,1.0
2024,8.0,North Dakota,Northern Iowa,55.5,,,1.0
2024,8.0,North Dakota State,South Dakota State,52.5,,,1.0
2024,8.0,Northern Arizona,Idaho State,59.5,,,1.0
2024,8.0,Northern Illinois,Toledo,42.5,,,3.0
2024,8.0,Northwestern,Wisconsin,42.5,,,3.0
2024,8.0,Oklahoma,South Carolina,40.5,,,3.0
2024,8.0,Old Dominion,Texas State,60.0,,,3.0
2024,8.0,Oregon State,UNLV,61.5,,,3.0
2024,8.0,Pennsylvania,Columbia,45.5,,,1.0
2024,8.0,Portland State,Montana State,63.5,,,1.0
2024,8.0,Presbyterian,Drake,48.5,,,1.0
2024,8.0,Princeton,Brown,49.5,,,1.0
2024,8.0,Purdue,Oregon,61.0,,,3.0
2024,8.0,Richmond,Delaware,54.5,,,1.0
2024,8.0,Robert Morris,Long Island University,46.5,,,1.0
2024,8.0,Rutgers,UCLA,42.5,,,2.0
2024,8.0,SE Louisiana,Stephen F. Austin,55.5,,,1.0
2024,8.0,Sacramento State,Weber State,56.5,,,1.0
2024,8.0,Sam Houston,Western Kentucky,55.0,,,3.0
2024,8.0,Samford,Mercer,49.5,,,1.0
2024,8.0,San Diego,Marist,50.5,,,1.0
2024,8.0,San José State,Wyoming,53.0,,,3.0
2024,8.0,South Alabama,Troy,53.0,,,3.0
2024,8.0,South Florida,UAB,55.5,,,3.0
2024,8.0,Southern,Alcorn State,44.5,,,1.0
2024,8.0,Southern Miss,Arkansas State,56.5,,,3.0
2024,8.0,Stanford,SMU,52.5,,,3.0
2024,8.0,Temple,Tulsa,51.5,,,3.0
2024,8.0,Tennessee,Alabama,57.5,,,3.0
2024,8.0,Texas,Georgia,57.0,,,3.0
2024,8.0,Texas Tech,Baylor,56.0,,,3.0
2024,8.0,Towson,Stony Brook,52.5,,,1.0
2024,8.0,Tulane,Rice,53.0,,,3.0
2024,8.0,UAlbany,Elon,45.5,,,1.0
2024,8.0,UConn,Wake Forest,55.5,,,3.0
2024,8.0,UTEP,Florida International,47.0,,,3.0
2024,8.0,UTSA,Florida Atlantic,52.5,,,3.0
2024,8.0,Utah,TCU,51.5,,,3.0
2024,8.0,Utah State,New Mexico,78.5,,,3.0
2024,8.0,Utah Tech,Austin Peay,56.5,,,1.0
2024,8.0,VMI,The Citadel,47.5,,,1.0
2024,8.0,Vanderbilt,Ball State,57.5,,,3.0
2024,8.0,Virginia Tech,Boston College,47.5,,,3.0
2024,8.0,Wagner,Saint Francis,44.5,,,1.0
2024,8.0,Washington State,Hawai'i,55.5,,,3.0
2024,8.0,West Virginia,Kansas State,56.0,,,3.0
2024,8.0,Western Illinois,Tennessee Tech,60.5,,,1.0
2024,8.0,William & Mary,Campbell,57.5,,,1.0
2024,8.0,Yale,Lehigh,54.5,,,1.0
2024,8.0,Youngstown State,South Dakota,57.5,,,1.0
2024,9.0,Akron,Eastern Michigan,50.5,,,3.0
2024,9.0,Alabama,Missouri,51.5,,,3.0
2024,9.0,Alabama A&M,Alabama State,51.5,,,1.0
2024,9.0,App State,Georgia State,59.0,,,3.0
2024,9.0,Arizona,West Virginia,51.5,,,3.0
2024,9.0,Arkansas State,Troy,50.0,,,3.0
2024,9.0,Arkansas-Pine Bluff,Mississippi Valley State,54.5,,,1.0
2024,9.0,Austin Peay,Tarleton State,52.5,,,1.0
2024,9.0,Ball State,Northern Illinois,47.5,,,3.0
2024,9.0,Baylor,Oklahoma State,64.5,,,3.0
2024,9.0,Bethune-Cookman,Jackson State,53.5,,,1.0
2024,9.0,Boston College,Louisville,54.0,,,3.0
2024,9.0,Brown,Cornell,56.5,,,1.0
2024,9.0,Bryant,Richmond,52.5,,,1.0
2024,9.0,California,Oregon State,51.0,,,3.0
2024,9.0,Campbell,North Carolina A&T,57.5,,,1.0
2024,9.0,Central Arkansas,North Alabama,59.5,,,1.0
2024,9.0,Chattanooga,VMI,46.5,,,1.0
2024,9.0,Colorado,Cincinnati,57.0,,,3.0
2024,9.0,Colorado State,New Mexico,61.5,,,3.0
2024,9.0,Davidson,Butler,58.5,,,1.0
2024,9.0,Dayton,Morehead State,44.5,,,1.0
2024,9.0,Delaware,UAlbany,54.5,,,1.0
2024,9.0,Duke,SMU,49.5,,,3.0
2024,9.0,East Carolina,Temple,48.5,,,3.0
2024,9.0,Eastern Kentucky,Utah Tech,55.5,,,1.0
2024,9.0,Florida A&M,Southern,47.5,,,1.0
2024,9.0,Florida International,Sam Houston,47.0,,,3.0
2024,9.0,Fresno State,San José State,55.0,,,3.0
2024,9.0,Georgetown,Bucknell,52.5,,,1.0
2024,9.0,Hampton,Elon,51.5,,,1.0
2024,9.0,Harvard,Princeton,47.5,,,1.0
2024,9.0,Hawai'i,Nevada,42.0,,,3.0
2024,9.0,Houston,Utah,36.0,,,3.0
2024,9.0,Idaho,Eastern Washington,61.5,,,1.0
2024,9.0,Idaho State,Sacramento State,61.5,,,1.0
2024,9.0,Indiana,Washington,54.0,,,3.0
2024,9.0,Indiana State,Southern Illinois,47.5,,,1.0
2024,9.0,Iowa,Northwestern,38.0,,,3.0
2024,9.0,Jacksonville State,Middle Tennessee,64.5,,,3.0
2024,9.0,James Madison,Southern Miss,54.0,,,3.0
2024,9.0,Kansas State,Kansas,56.0,,,3.0
2024,9.0,Kennesaw State,Liberty,48.0,,,3.0
2024,9.0,Kentucky,Auburn,43.5,,,3.0
2024,9.0,Lafayette,Holy Cross,52.5,,,1.0
2024,9.0,Lehigh,Fordham,51.5,,,1.0
2024,9.0,Long Island University,Central Connecticut,49.5,,,1.0
2024,9.0,Louisiana Tech,UTEP,49.0,,,3.0
2024,9.0,Marist,Valparaiso,47.5,,,1.0
2024,9.0,Massachusetts,Wagner,48.75,,,2.0
2024,9.0,Memphis,Charlotte,56.0,,,3.0
2024,9.0,Mercer,Western Carolina,55.5,,,1.0
2024,9.0,Merrimack,Colgate,48.5,,,1.0
2024,9.0,Miami,Florida State,55.0,,,3.0
2024,9.0,Miami (OH),Central Michigan,48.5,,,3.0
2024,9.0,Michigan,Michigan State,39.0,,,3.0
2024,9.0,Minnesota,Maryland,45.0,,,3.0
2024,9.0,Mississippi State,Arkansas,55.0,,,3.0
2024,9.0,Monmouth,Towson,62.5,,,1.0
2024,9.0,Murray State,North Dakota State,56.5,,,1.0
2024,9.0,Navy,Notre Dame,50.5,,,3.0
2024,9.0,Nicholls,McNeese,48.5,,,1.0
2024,9.0,Norfolk State,Howard,47.5,,,1.0
2024,9.0,North Carolina Central,Morgan State,49.5,,,1.0
2024,9.0,North Texas,Tulane,70.5,,,3.0
2024,9.0,Northern Colorado,Montana,53.5,,,1.0
2024,9.0,Northern Iowa,Missouri State,53.5,,,1.0
2024,9.0,Northwestern State,Lamar,48.5,,,1.0
2024,9.0,Ohio,Buffalo,46.5,,,3.0
2024,9.0,Ohio State,Nebraska,48.5,,,3.0
2024,9.0,Old Dominion,Georgia Southern,51.5,,,3.0
2024,9.0,Ole Miss,Oklahoma,50.0,,,3.0
2024,9.0,Oregon,Illinois,54.0,,,3.0
2024,9.0,Pennsylvania,Yale,51.5,,,1.0
2024,9.0,Pittsburgh,Syracuse,62.5,,,3.0
2024,9.0,Prairie View A&M,East Texas A&M,50.5,,,1.0
2024,9.0,Rhode Island,Maine,49.5,,,1.0
2024,9.0,Robert Morris,Saint Francis,46.5,,,1.0
2024,9.0,SE Louisiana,Incarnate Word,56.5,,,1.0
2024,9.0,Sacred Heart,Mercyhurst,48.5,,,1.0
2024,9.0,San Diego State,Washington State,56.5,,,3.0
2024,9.0,South Alabama,UL Monroe,45.0,,,3.0
2024,9.0,South Carolina State,Delaware State,47.5,,,1.0
2024,9.0,South Dakota State,South Dakota,49.5,,,1.0
2024,9.0,Southeast Missouri State,Gardner-Webb,53.5,,,1.0
2024,9.0,Southern Utah,West Georgia,55.5,,,1.0
2024,9.0,Stanford,Wake Forest,53.0,,,3.0
2024,9.0,Stephen F. Austin,Houston Christian,55.5,,,1.0
2024,9.0,Stetson,Presbyterian,55.5,,,1.0
2024,9.0,Stonehill,Duquesne,51.5,,,1.0
2024,9.0,Stony Brook,William & Mary,52.5,,,1.0
2024,9.0,TCU,Texas Tech,66.0,,,3.0
2024,9.0,Tennessee Tech,Charleston Southern,44.5,,,1.0
2024,9.0,Texas A&M,LSU,54.5,,,3.0
2024,9.0,Texas Southern,Grambling,49.5,,,1.0
2024,9.0,The Citadel,Samford,49.5,,,1.0
2024,9.0,Toledo,Bowling Green,48.0,,,3.0
2024,9.0,Tulsa,UTSA,52.5,,,3.0
2024,9.0,UCF,BYU,53.5,,,3.0
2024,9.0,UConn,Rice,47.0,,,3.0
2024,9.0,UNLV,Boise State,64.0,,,3.0
2024,9.0,USC,Rutgers,56.25,,,2.0
2024,9.0,UT Martin,Eastern Illinois,54.5,,,1.0
2024,9.0,Vanderbilt,Texas,51.0,,,3.0
2024,9.0,Villanova,New Hampshire,46.5,,,1.0
2024,9.0,Virginia,North Carolina,58.5,,,3.0
2024,9.0,Virginia Tech,Georgia Tech,52.0,,,3.0
2024,9.0,Western Michigan,Kent State,61.0,,,3.0
2024,9.0,Wisconsin,Penn State,47.0,,,3.0
2024,9.0,Wofford,East Tennessee State,49.5,,,1.0
2024,9.0,Wyoming,Utah State,56.5,,,3.0
2024,9.0,Youngstown State,North Dakota,60.5,,,1.0
2024,10.0,Abilene Christian,Southern Utah,58.5,,,1.0
2024,10.0,Akron,Buffalo,48.0,,,3.0
2024,10.0,Alabama A&M,Southern,51.5,,,1.0
2024,10.0,Alabama State,Alcorn State,42.5,,,1.0
2024,10.0,App State,Old Dominion,58.0,,,3.0
2024,10.0,Arkansas,Ole Miss,54.0,,,3.0
2024,10.0,Army,Air Force,38.5,,,3.0
2024,10.0,Auburn,Vanderbilt,48.0,,,3.0
2024,10.0,Baylor,TCU,64.0,,,3.0
2024,10.0,Bethune-Cookman,Grambling,49.5,,,1.0
2024,10.0,Boise State,San Diego State,55.5,,,3.0
2024,10.0,Brown,Pennsylvania,49.5,,,1.0
2024,10.0,Bryant,Stony Brook,54.5,,,1.0
2024,10.0,Bucknell,Lafayette,54.5,,,1.0
2024,10.0,Butler,Stetson,49.5,,,1.0
2024,10.0,Cal Poly,Montana,56.5,,,1.0
2024,10.0,Central Connecticut,Wagner,46.5,,,1.0
2024,10.0,Charlotte,Tulane,55.0,,,3.0
2024,10.0,Clemson,Louisville,62.5,,,3.0
2024,10.0,Columbia,Yale,51.5,,,1.0
2024,10.0,Dartmouth,Harvard,49.5,,,1.0
2024,10.0,Duquesne,Mercyhurst,58.5,,,1.0
2024,10.0,Eastern Illinois,Western Illinois,62.5,,,1.0
2024,10.0,Eastern Michigan,Toledo,54.5,,,3.0
2024,10.0,Eastern Washington,Montana State,63.5,,,1.0
2024,10.0,Florida A&M,Texas Southern,47.5,,,1.0
2024,10.0,Florida Atlantic,South Florida,48.0,,,3.0
2024,10.0,Florida International,New Mexico State,43.5,,,3.0
2024,10.0,Florida State,North Carolina,50.5,,,3.0
2024,10.0,Fordham,Colgate,53.5,,,1.0
2024,10.0,Fresno State,Hawai'i,45.5,,,3.0
2024,10.0,Georgetown,Lehigh,46.5,,,1.0
2024,10.0,Georgia,Florida,52.5,,,3.0
2024,10.0,Hampton,Villanova,51.5,,,1.0
2024,10.0,Houston,Kansas State,45.5,,,3.0
2024,10.0,Howard,Delaware State,51.5,,,1.0
2024,10.0,Illinois,Minnesota,47.0,,,3.0
2024,10.0,Illinois State,Youngstown State,57.5,,,1.0
2024,10.0,Incarnate Word,Houston Christian,58.5,,,1.0
2024,10.0,Indiana State,North Dakota,52.5,,,1.0
2024,10.0,Iowa,Wisconsin,40.5,,,3.0
2024,10.0,Iowa State,Texas Tech,55.5,,,3.0
2024,10.0,Jackson State,Arkansas-Pine Bluff,58.5,,,1.0
2024,10.0,Lamar,SE Louisiana,48.5,,,1.0
2024,10.0,Liberty,Jacksonville State,64.0,,,3.0
2024,10.0,Marshall,UL Monroe,48.0,,,3.0
2024,10.0,McNeese,East Texas A&M,50.5,,,1.0
2024,10.0,Mercer,East Tennessee State,50.5,,,1.0
2024,10.0,Miami,Duke,55.5,,,3.0
2024,10.0,Michigan,Oregon,45.5,,,3.0
2024,10.0,Michigan State,Indiana,53.5,,,3.0
2024,10.0,Mississippi State,Massachusetts,59.0,,,3.0
2024,10.0,Mississippi Valley State,Prairie View A&M,52.5,,,1.0
2024,10.0,Missouri State,Southern Illinois,55.5,,,1.0
2024,10.0,Morehead State,St. Thomas (MN),45.5,,,1.0
2024,10.0,Morgan State,Norfolk State,40.5,,,1.0
2024,10.0,NC State,Stanford,46.5,,,3.0
2024,10.0,Nebraska,UCLA,38.5,,,3.0
2024,10.0,Nevada,Colorado State,45.5,,,3.0
2024,10.0,New Mexico,Wyoming,60.5,,,3.0
2024,10.0,Nicholls,Stephen F. Austin,53.5,,,1.0
2024,10.0,North Alabama,Austin Peay,53.5,,,1.0
2024,10.0,North Carolina A&T,William & Mary,55.5,,,1.0
2024,10.0,North Dakota State,Northern Iowa,52.5,,,1.0
2024,10.0,Northern Arizona,Weber State,54.5,,,1.0
2024,10.0,Oklahoma,Maine,48.0,,,2.0
2024,10.0,Oklahoma State,Arizona State,57.0,,,3.0
2024,10.0,Penn State,Ohio State,47.5,,,3.0
2024,10.0,Presbyterian,Dayton,47.5,,,1.0
2024,10.0,Princeton,Cornell,47.5,,,1.0
2024,10.0,Purdue,Northwestern,44.5,,,3.0
2024,10.0,Rhode Island,Monmouth,60.5,,,1.0
2024,10.0,Rice,Navy,49.0,,,3.0
2024,10.0,Robert Morris,Merrimack,48.5,,,1.0
2024,10.0,SMU,Pittsburgh,55.5,,,3.0
2024,10.0,Sacramento State,Portland State,68.5,,,1.0
2024,10.0,Saint Francis,Stonehill,47.5,,,1.0
2024,10.0,Sam Houston,Louisiana Tech,45.5,,,3.0
2024,10.0,Samford,Wofford,47.5,,,1.0
2024,10.0,San Diego,Davidson,60.5,,,1.0
2024,10.0,South Alabama,Georgia Southern,60.0,,,3.0
2024,10.0,South Carolina,Texas A&M,43.5,,,3.0
2024,10.0,South Carolina State,North Carolina Central,56.5,,,1.0
2024,10.0,South Dakota State,Murray State,54.5,,,1.0
2024,10.0,Syracuse,Virginia Tech,53.5,,,3.0
2024,10.0,Tarleton State,Eastern Kentucky,53.5,,,1.0
2024,10.0,Tennessee,Kentucky,45.5,,,3.0
2024,10.0,Tennessee State,UT Martin,51.5,,,1.0
2024,10.0,Tennessee Tech,Lindenwood,53.5,,,1.0
2024,10.0,Texas State,Louisiana,60.5,,,3.0
2024,10.0,Troy,Coastal Carolina,51.5,,,3.0
2024,10.0,UAB,Tulsa,57.5,,,3.0
2024,10.0,UAlbany,New Hampshire,45.5,,,1.0
2024,10.0,UC Davis,Northern Colorado,49.5,,,1.0
2024,10.0,UCF,Arizona,55.0,,,3.0
2024,10.0,UConn,Georgia State,48.0,,,3.0
2024,10.0,UTEP,Middle Tennessee,48.5,,,3.0
2024,10.0,UTSA,Memphis,61.5,,,3.0
2024,10.0,Utah Tech,Central Arkansas,57.5,,,1.0
2024,10.0,VMI,Furman,44.5,,,1.0
2024,10.0,Washington,USC,55.0,,,3.0
2024,10.0,Western Carolina,Chattanooga,56.5,,,1.0
2024,10.0,Western Kentucky,Kennesaw State,49.0,,,3.0
2024,11.0,Air Force,Fresno State,40.5,,,3.0
2024,11.0,Alcorn State,Texas Southern,48.5,,,1.0
2024,11.0,Arizona State,UCF,55.5,,,3.0
2024,11.0,Arkansas-Pine Bluff,Alabama A&M,60.5,,,1.0
2024,11.0,Austin Peay,Abilene Christian,54.5,,,1.0
2024,11.0,Ball State,Miami (OH),48.0,,,3.0
2024,11.0,Boise State,Nevada,61.5,,,3.0
2024,11.0,Boston College,Syracuse,52.0,,,3.0
2024,11.0,Bucknell,Fordham,55.5,,,1.0
2024,11.0,Cal Poly,Northern Arizona,53.5,,,1.0
2024,11.0,Campbell,Richmond,52.5,,,1.0
2024,11.0,Central Michigan,Bowling Green,48.5,,,3.0
2024,11.0,Charleston Southern,UT Martin,45.5,,,1.0
2024,11.0,Cincinnati,West Virginia,54.5,,,3.0
2024,11.0,Coastal Carolina,App State,62.5,,,3.0
2024,11.0,Colgate,Lafayette,50.5,,,1.0
2024,11.0,Cornell,Pennsylvania,51.5,,,1.0
2024,11.0,Davidson,Morehead State,55.5,,,1.0
2024,11.0,Dayton,San Diego,41.5,,,1.0
2024,11.0,Delaware,Rhode Island,54.5,,,1.0
2024,11.0,Delaware State,Morgan State,44.5,,,1.0
2024,11.0,Duquesne,Robert Morris,52.5,,,1.0
2024,11.0,East Carolina,Florida Atlantic,58.5,,,3.0
2024,11.0,East Tennessee State,Western Carolina,58.5,,,1.0
2024,11.0,East Texas A&M,Stephen F. Austin,52.5,,,1.0
2024,11.0,Eastern Kentucky,Central Arkansas,55.5,,,1.0
2024,11.0,Furman,Wofford,42.5,,,1.0
2024,11.0,Gardner-Webb,Eastern Illinois,54.5,,,1.0
2024,11.0,Georgia Tech,Miami,65.0,,,3.0
2024,11.0,Grambling,Alabama State,44.5,,,1.0
2024,11.0,Harvard,Columbia,46.5,,,1.0
2024,11.0,Hawai'i,UNLV,50.5,,,3.0
2024,11.0,Holy Cross,Lehigh,52.5,,,1.0
2024,11.0,Houston Christian,Nicholls,49.5,,,1.0
2024,11.0,Howard,South Carolina State,48.5,,,1.0
2024,11.0,Incarnate Word,Lamar,55.5,,,1.0
2024,11.0,Indiana,Michigan,47.5,,,3.0
2024,11.0,Jackson State,Mississippi Valley State,52.5,,,1.0
2024,11.0,James Madison,Georgia State,53.5,,,3.0
2024,11.0,Kansas,Iowa State,52.5,,,3.0
2024,11.0,Kent State,Ohio,53.0,,,3.0
2024,11.0,LSU,Alabama,58.5,,,3.0
2024,11.0,Lindenwood,Southeast Missouri State,56.5,,,1.0
2024,11.0,Louisiana,Arkansas State,60.0,,,3.0
2024,11.0,Louisiana Tech,Jacksonville State,55.5,,,3.0
2024,11.0,Maine,Bryant,57.5,,,1.0
2024,11.0,Memphis,Rice,50.5,,,3.0
2024,11.0,Middle Tennessee,Liberty,55.0,,,3.0
2024,11.0,Missouri,Oklahoma,42.0,,,3.0
2024,11.0,Montana,UC Davis,54.5,,,1.0
2024,11.0,Montana State,Sacramento State,62.5,,,1.0
2024,11.0,Murray State,Missouri State,58.5,,,1.0
2024,11.0,NC State,Duke,51.5,,,3.0
2024,11.0,New Hampshire,Monmouth,56.5,,,1.0
2024,11.0,New Mexico State,Western Kentucky,53.5,,,3.0
2024,11.0,North Alabama,Southern Utah,55.5,,,1.0
2024,11.0,North Dakota,South Dakota State,55.5,,,1.0
2024,11.0,North Texas,Army,68.0,,,3.0
2024,11.0,Northern Colorado,Eastern Washington,60.5,,,1.0
2024,11.0,Northern Iowa,Illinois State,52.5,,,1.0
2024,11.0,Notre Dame,Florida State,44.0,,,3.0
2024,11.0,Ohio State,Purdue,55.5,,,3.0
2024,11.0,Ole Miss,Georgia,55.0,,,3.0
2024,11.0,Oregon,Maryland,58.0,,,3.0
2024,11.0,Oregon State,San José State,58.5,,,3.0
2024,11.0,Penn State,Washington,48.0,,,3.0
2024,11.0,Pittsburgh,Virginia,57.5,,,3.0
2024,11.0,Portland State,Idaho,61.5,,,1.0
2024,11.0,Prairie View A&M,Florida A&M,50.5,,,1.0
2024,11.0,Princeton,Dartmouth,48.5,,,1.0
2024,11.0,Rutgers,Minnesota,44.5,,,2.0
2024,11.0,SE Louisiana,Northwestern State,53.5,,,1.0
2024,11.0,Sacred Heart,Long Island University,42.5,,,1.0
2024,11.0,Samford,Tennessee Tech,53.5,,,1.0
2024,11.0,San Diego State,New Mexico,65.0,,,3.0
2024,11.0,South Dakota,Indiana State,45.5,,,1.0
2024,11.0,South Florida,Navy,58.5,,,3.0
2024,11.0,Southern,Bethune-Cookman,44.5,,,1.0
2024,11.0,Southern Illinois,Youngstown State,54.5,,,1.0
2024,11.0,Southern Miss,Marshall,53.5,,,3.0
2024,11.0,St. Thomas (MN),Drake,42.5,,,1.0
2024,11.0,Stetson,Marist,53.5,,,1.0
2024,11.0,Stonehill,Central Connecticut,52.5,,,1.0
2024,11.0,Stony Brook,UAlbany,48.5,,,1.0
2024,11.0,TCU,Oklahoma State,68.5,,,3.0
2024,11.0,Tennessee,Mississippi State,61.5,,,3.0
2024,11.0,Texas,Florida,48.5,,,3.0
2024,11.0,Texas Tech,Colorado,62.0,,,3.0
2024,11.0,The Citadel,Chattanooga,44.5,,,1.0
2024,11.0,Towson,Hampton,55.5,,,1.0
2024,11.0,Tulane,Temple,50.5,,,3.0
2024,11.0,UAB,UConn,54.0,,,3.0
2024,11.0,UCLA,Iowa,45.0,,,3.0
2024,11.0,UL Monroe,Texas State,50.0,,,3.0
2024,11.0,UTEP,Kennesaw State,42.5,,,3.0
2024,11.0,Utah,BYU,40.5,,,3.0
2024,11.0,VMI,Mercer,47.5,,,1.0
2024,11.0,Valparaiso,Butler,45.5,,,1.0
2024,11.0,Vanderbilt,South Carolina,45.0,,,3.0
2024,11.0,Villanova,North Carolina A&T,49.5,,,1.0
2024,11.0,Virginia Tech,Clemson,54.5,,,3.0
2024,11.0,Wake Forest,California,55.0,,,3.0
2024,11.0,Washington State,Utah State,68.5,,,3.0
2024,11.0,Weber State,Idaho State,56.5,,,1.0
2024,11.0,West Georgia,Tarleton State,53.5,,,1.0
2024,11.0,Western Illinois,Tennessee State,62.5,,,1.0
2024,11.0,Western Michigan,Northern Illinois,52.0,,,3.0
2024,11.0,William & Mary,Elon,49.5,,,1.0
2024,11.0,Yale,Brown,57.5,,,1.0
2024,12.0,Air Force,Oregon State,44.5,,,3.0
2024,12.0,Alabama,Mercer,58.5,,,2.0
2024,12.0,Alabama A&M,Grambling,58.5,,,1.0
2024,12.0,Alabama State,Jackson State,48.5,,,1.0
2024,12.0,Arizona,Houston,46.5,,,3.0
2024,12.0,Arkansas,Texas,57.5,,,3.0
2024,12.0,Auburn,UL Monroe,46.0,,,3.0
2024,12.0,Austin Peay,Eastern Kentucky,50.5,,,1.0
2024,12.0,BYU,Kansas,55.5,,,3.0
2024,12.0,Bowling Green,Western Michigan,57.5,,,3.0
2024,12.0,Brown,Columbia,49.5,,,1.0
2024,12.0,Buffalo,Ball State,55.5,,,3.0
2024,12.0,Butler,St. Thomas (MN),44.5,,,1.0
2024,12.0,Cal Poly,Sacramento State,58.5,,,1.0
2024,12.0,California,Syracuse,57.5,,,3.0
2024,12.0,Central Connecticut,Robert Morris,44.5,,,1.0
2024,12.0,Charlotte,South Florida,53.5,,,3.0
2024,12.0,Chattanooga,Samford,49.5,,,1.0
2024,12.0,Colorado,Utah,43.5,,,3.0
2024,12.0,Colorado State,Wyoming,47.0,,,3.0
2024,12.0,Cornell,Dartmouth,54.5,,,1.0
2024,12.0,Dayton,Valparaiso,39.5,,,1.0
2024,12.0,Delaware,Campbell,49.5,,,1.0
2024,12.0,Drake,Morehead State,37.5,,,1.0
2024,12.0,Duquesne,Wagner,47.5,,,1.0
2024,12.0,East Tennessee State,Furman,51.5,,,1.0
2024,12.0,East Texas A&M,Houston Christian,47.5,,,1.0
2024,12.0,Eastern Illinois,Charleston Southern,47.5,,,1.0
2024,12.0,Eastern Washington,Idaho State,69.5,,,1.0
2024,12.0,Elon,Maine,51.5,,,1.0
2024,12.0,Florida,LSU,56.5,,,3.0
2024,12.0,Florida A&M,Mississippi Valley State,48.5,,,1.0
2024,12.0,Fordham,Georgetown,49.5,,,1.0
2024,12.0,Gardner-Webb,Tennessee State,51.5,,,1.0
2024,12.0,Georgia,Tennessee,47.0,,,3.0
2024,12.0,Georgia Southern,Troy,53.5,,,3.0
2024,12.0,Georgia State,Arkansas State,59.5,,,3.0
2024,12.0,Hampton,Richmond,49.5,,,1.0
2024,12.0,Holy Cross,Bucknell,54.5,,,1.0
2024,12.0,Idaho,Weber State,55.5,,,1.0
2024,12.0,Illinois,Michigan State,47.5,,,3.0
2024,12.0,Indiana State,Illinois State,45.5,,,1.0
2024,12.0,Iowa State,Cincinnati,52.5,,,3.0
2024,12.0,Jacksonville State,Florida International,58.5,,,3.0
2024,12.0,Kansas State,Arizona State,51.5,,,3.0
2024,12.0,Kennesaw State,Sam Houston,43.5,,,3.0
2024,12.0,Kentucky,Murray State,54.5,,,2.0
2024,12.0,Lafayette,Stonehill,49.5,,,1.0
2024,12.0,Lamar,Nicholls,45.5,,,1.0
2024,12.0,Lehigh,Colgate,47.5,,,1.0
2024,12.0,Long Island University,Saint Francis,42.5,,,1.0
2024,12.0,Louisiana,South Alabama,60.0,,,3.0
2024,12.0,Marist,Presbyterian,52.5,,,1.0
2024,12.0,Marshall,Coastal Carolina,57.0,,,3.0
2024,12.0,Maryland,Rutgers,54.5,,,2.0
2024,12.0,Massachusetts,Liberty,52.5,,,3.0
2024,12.0,Memphis,UAB,62.0,,,3.0
2024,12.0,Merrimack,Sacred Heart,41.5,,,1.0
2024,12.0,Miami (OH),Kent State,47.5,,,3.0
2024,12.0,Monmouth,Villanova,52.5,,,1.0
2024,12.0,Montana,Portland State,63.5,,,1.0
2024,12.0,Morgan State,South Carolina State,47.5,,,1.0
2024,12.0,Navy,Tulane,49.0,,,3.0
2024,12.0,New Hampshire,Stony Brook,46.5,,,1.0
2024,12.0,New Mexico,Washington State,72.0,,,3.0
2024,12.0,Norfolk State,Delaware State,51.5,,,1.0
2024,12.0,North Carolina,Wake Forest,64.5,,,3.0
2024,12.0,North Carolina Central,Howard,51.5,,,1.0
2024,12.0,North Dakota,South Dakota,54.5,,,1.0
2024,12.0,North Dakota State,Missouri State,57.5,,,1.0
2024,12.0,Northern Colorado,Northern Arizona,42.5,,,1.0
2024,12.0,Northern Illinois,Akron,43.5,,,3.0
2024,12.0,Northwestern,Ohio State,44.5,,,3.0
2024,12.0,Northwestern State,McNeese,51.5,,,1.0
2024,12.0,Notre Dame,Virginia,51.0,,,3.0
2024,12.0,Ohio,Eastern Michigan,51.5,,,3.0
2024,12.0,Old Dominion,James Madison,50.5,,,3.0
2024,12.0,Pennsylvania,Harvard,52.5,,,1.0
2024,12.0,Pittsburgh,Clemson,52.0,,,3.0
2024,12.0,Prairie View A&M,Alcorn State,49.5,,,1.0
2024,12.0,Purdue,Penn State,51.5,,,3.0
2024,12.0,Rhode Island,UAlbany,46.5,,,1.0
2024,12.0,SMU,Boston College,54.0,,,3.0
2024,12.0,San Diego,Stetson,54.5,,,1.0
2024,12.0,San José State,Boise State,62.0,,,3.0
2024,12.0,South Carolina,Missouri,42.5,,,3.0
2024,12.0,South Dakota State,Southern Illinois,49.5,,,1.0
2024,12.0,Southeast Missouri State,Western Illinois,63.5,,,1.0
2024,12.0,Southern,Arkansas-Pine Bluff,51.5,,,1.0
2024,12.0,Stanford,Louisville,57.5,,,3.0
2024,12.0,Stephen F. Austin,Incarnate Word,60.5,,,1.0
2024,12.0,Tarleton State,Abilene Christian,57.5,,,1.0
2024,12.0,Temple,Florida Atlantic,50.5,,,3.0
2024,12.0,Texas A&M,New Mexico State,54.5,,,3.0
2024,12.0,Texas Southern,Bethune-Cookman,50.5,,,1.0
2024,12.0,Texas State,Southern Miss,56.5,,,3.0
2024,12.0,Toledo,Central Michigan,52.0,,,3.0
2024,12.0,Towson,North Carolina A&T,48.5,,,1.0
2024,12.0,Tulsa,East Carolina,63.5,,,3.0
2024,12.0,UC Davis,Montana State,55.5,,,1.0
2024,12.0,UNLV,San Diego State,55.0,,,3.0
2024,12.0,USC,Nebraska,50.5,,,3.0
2024,12.0,UT Martin,Tennessee Tech,51.5,,,1.0
2024,12.0,UTSA,North Texas,72.5,,,3.0
2024,12.0,Utah State,Hawai'i,62.0,,,3.0
2024,12.0,Utah Tech,West Georgia,54.5,,,1.0
2024,12.0,Washington,UCLA,47.0,,,3.0
2024,12.0,West Virginia,Baylor,60.0,,,3.0
2024,12.0,Western Carolina,VMI,54.5,,,1.0
2024,12.0,Western Kentucky,Louisiana Tech,52.5,,,3.0
2024,12.0,William & Mary,Bryant,57.5,,,1.0
2024,12.0,Wisconsin,Oregon,49.5,,,3.0
2024,12.0,Wofford,The Citadel,38.5,,,1.0
2024,12.0,Yale,Princeton,54.5,,,1.0
2024,12.0,Youngstown State,Northern Iowa,58.5,,,1.0
2024,13.0,Alabama State,Prairie View A&M,47.5,,,1.0
2024,13.0,Alcorn State,Jackson State,49.5,,,1.0
2024,13.0,App State,James Madison,57.5,,,3.0
2024,13.0,Arizona State,BYU,48.5,,,3.0
2024,13.0,Arkansas,Louisiana Tech,48.5,,,3.0
2024,13.0,Arkansas State,UL Monroe,51.5,,,3.0
2024,13.0,Arkansas-Pine Bluff,Texas Southern,58.5,,,1.0
2024,13.0,Auburn,Texas A&M,47.0,,,3.0
2024,13.0,Austin Peay,Chattanooga,44.5,,,1.0
2024,13.0,Ball State,Bowling Green,54.5,,,3.0
2024,13.0,Bethune-Cookman,Florida A&M,44.5,,,1.0
2024,13.0,Boston College,North Carolina,50.5,,,3.0
2024,13.0,Bryant,Rhode Island,45.5,,,1.0
2024,13.0,Bucknell,Colgate,48.5,,,1.0
2024,13.0,California,Stanford,53.5,,,3.0
2024,13.0,Campbell,Towson,50.5,,,1.0
2024,13.0,Central Connecticut,Duquesne,48.5,,,1.0
2024,13.0,Central Michigan,Western Michigan,56.0,,,3.0
2024,13.0,Clemson,The Citadel,58.5,,,2.0
2024,13.0,Coastal Carolina,Georgia Southern,59.5,,,3.0
2024,13.0,Columbia,Cornell,45.5,,,1.0
2024,13.0,Dartmouth,Brown,52.5,,,1.0
2024,13.0,Delaware State,North Carolina Central,52.5,,,1.0
2024,13.0,Duke,Virginia Tech,45.5,,,3.0
2024,13.0,Eastern Kentucky,North Alabama,49.5,,,1.0
2024,13.0,Eastern Michigan,Buffalo,53.5,,,3.0
2024,13.0,Florida,Ole Miss,57.5,,,3.0
2024,13.0,Florida Atlantic,Charlotte,49.5,,,3.0
2024,13.0,Florida State,Charleston Southern,44.5,,,2.0
2024,13.0,Fordham,Merrimack,45.5,,,1.0
2024,13.0,Fresno State,Colorado State,43.5,,,3.0
2024,13.0,Georgetown,Holy Cross,47.5,,,1.0
2024,13.0,Georgia,Massachusetts,55.5,,,3.0
2024,13.0,Georgia Tech,NC State,51.0,,,3.0
2024,13.0,Harvard,Yale,49.5,,,1.0
2024,13.0,Houston,Baylor,51.0,,,3.0
2024,13.0,Houston Christian,Northwestern State,55.5,,,1.0
2024,13.0,Idaho State,Idaho,57.5,,,1.0
2024,13.0,Illinois State,North Dakota,54.5,,,1.0
2024,13.0,Jacksonville State,Sam Houston,57.5,,,3.0
2024,13.0,Kansas,Colorado,59.5,,,3.0
2024,13.0,Kansas State,Cincinnati,54.5,,,3.0
2024,13.0,Kennesaw State,Florida International,42.0,,,3.0
2024,13.0,Kent State,Akron,49.0,,,3.0
2024,13.0,LSU,Vanderbilt,52.5,,,3.0
2024,13.0,Lehigh,Lafayette,52.5,,,1.0
2024,13.0,Liberty,Western Kentucky,55.5,,,3.0
2024,13.0,Louisiana,Troy,51.5,,,3.0
2024,13.0,Louisville,Pittsburgh,57.5,,,3.0
2024,13.0,Maine,New Hampshire,45.5,,,1.0
2024,13.0,Maryland,Iowa,40.5,,,3.0
2024,13.0,McNeese,Lamar,45.5,,,1.0
2024,13.0,Mercer,Furman,51.5,,,1.0
2024,13.0,Mercyhurst,Saint Francis,48.5,,,1.0
2024,13.0,Miami,Wake Forest,67.0,,,3.0
2024,13.0,Miami (OH),Northern Illinois,43.0,,,3.0
2024,13.0,Michigan,Northwestern,35.0,,,3.0
2024,13.0,Michigan State,Purdue,49.0,,,3.0
2024,13.0,Middle Tennessee,New Mexico State,53.5,,,3.0
2024,13.0,Minnesota,Penn State,45.0,,,3.0
2024,13.0,Mississippi State,Missouri,57.5,,,3.0
2024,13.0,Mississippi Valley State,Alabama A&M,55.5,,,1.0
2024,13.0,Missouri State,South Dakota State,58.5,,,1.0
2024,13.0,Montana State,Montana,54.5,,,1.0
2024,13.0,Morehead State,San Diego,40.5,,,1.0
2024,13.0,Morgan State,Howard,41.5,,,1.0
2024,13.0,Nebraska,Wisconsin,40.5,,,3.0
2024,13.0,Nevada,Air Force,44.5,,,3.0
2024,13.0,Nicholls,SE Louisiana,47.5,,,1.0
2024,13.0,North Carolina A&T,Elon,47.5,,,1.0
2024,13.0,North Texas,East Carolina,73.5,,,3.0
2024,13.0,Northern Arizona,Eastern Washington,61.5,,,1.0
2024,13.0,Northern Iowa,Indiana State,44.5,,,1.0
2024,13.0,Notre Dame,Army,44.5,,,3.0
2024,13.0,Ohio State,Indiana,52.5,,,3.0
2024,13.0,Oklahoma,Alabama,46.5,,,3.0
2024,13.0,Oklahoma State,Texas Tech,63.5,,,3.0
2024,13.0,Old Dominion,Marshall,51.5,,,3.0
2024,13.0,Oregon State,Washington State,56.5,,,3.0
2024,13.0,Portland State,Northern Colorado,55.5,,,1.0
2024,13.0,Presbyterian,Butler,48.5,,,1.0
2024,13.0,Princeton,Pennsylvania,46.5,,,1.0
2024,13.0,Richmond,William & Mary,49.5,,,1.0
2024,13.0,Robert Morris,Stonehill,47.5,,,1.0
2024,13.0,Rutgers,Illinois,47.75,,,2.0
2024,13.0,Sacramento State,UC Davis,57.5,,,1.0
2024,13.0,Samford,Western Carolina,58.5,,,1.0
2024,13.0,San José State,UNLV,59.5,,,3.0
2024,13.0,South Carolina,Wofford,49.5,,,2.0
2024,13.0,South Carolina State,Norfolk State,53.5,,,1.0
2024,13.0,South Dakota,North Dakota State,55.5,,,1.0
2024,13.0,South Florida,Tulsa,60.0,,,3.0
2024,13.0,Southern Illinois,Murray State,56.5,,,1.0
2024,13.0,Southern Miss,South Alabama,54.0,,,3.0
2024,13.0,Southern Utah,Utah Tech,53.5,,,1.0
2024,13.0,St. Thomas (MN),Dayton,40.5,,,1.0
2024,13.0,Stephen F. Austin,Abilene Christian,58.5,,,1.0
2024,13.0,Stetson,Drake,51.5,,,1.0
2024,13.0,Stony Brook,Monmouth,59.5,,,1.0
2024,13.0,Syracuse,UConn,53.5,,,3.0
2024,13.0,TCU,Arizona,60.0,,,3.0
2024,13.0,Tarleton State,Central Arkansas,57.5,,,1.0
2024,13.0,Tennessee,UTEP,54.0,,,3.0
2024,13.0,Tennessee State,Southeast Missouri State,50.5,,,1.0
2024,13.0,Tennessee Tech,Eastern Illinois,47.5,,,1.0
2024,13.0,Texas,Kentucky,47.0,,,3.0
2024,13.0,Texas State,Georgia State,59.5,,,3.0
2024,13.0,Toledo,Ohio,45.5,,,3.0
2024,13.0,UAB,Rice,52.25,,,2.0
2024,13.0,UAlbany,Hampton,44.5,,,1.0
2024,13.0,UCLA,USC,52.5,,,3.0
2024,13.0,UT Martin,Lindenwood,56.5,,,1.0
2024,13.0,UTSA,Temple,56.0,,,3.0
2024,13.0,Utah,Iowa State,42.5,,,3.0
2024,13.0,Utah State,San Diego State,60.0,,,3.0
2024,13.0,VMI,East Tennessee State,41.5,,,1.0
2024,13.0,Valparaiso,Davidson,57.5,,,1.0
2024,13.0,Villanova,Delaware,46.5,,,1.0
2024,13.0,Virginia,SMU,54.5,,,3.0
2024,13.0,Wagner,Long Island University,41.5,,,1.0
2024,13.0,Weber State,Cal Poly,54.5,,,1.0
2024,13.0,West Virginia,UCF,60.5,,,3.0
2024,13.0,Western Illinois,Gardner-Webb,68.5,,,1.0
2024,13.0,Wyoming,Boise State,54.0,,,3.0
2024,14.0,Abilene Christian,Northern Arizona,55.5,,,1.0
2024,14.0,Akron,Toledo,49.5,,,3.0
2024,14.0,Alabama,Auburn,51.0,,,3.0
2024,14.0,Arizona,Arizona State,53.5,,,3.0
2024,14.0,Arkansas State,Old Dominion,58.5,,,3.0
2024,14.0,Army,UTSA,53.0,,,3.0
2024,14.0,BYU,Houston,40.5,,,3.0
2024,14.0,Baylor,Kansas,62.0,,,3.0
2024,14.0,Boise State,Oregon State,58.0,,,3.0
2024,14.0,Boston College,Pittsburgh,50.5,,,3.0
2024,14.0,Bowling Green,Miami (OH),38.5,,,3.0
2024,14.0,Buffalo,Kent State,50.5,,,3.0
2024,14.0,Charlotte,UAB,60.0,,,3.0
2024,14.0,Cincinnati,TCU,58.5,,,3.0
2024,14.0,Clemson,South Carolina,49.0,,,3.0
2024,14.0,Colorado,Oklahoma State,66.5,,,3.0
2024,14.0,Colorado State,Utah State,57.0,,,3.0
2024,14.0,East Carolina,Navy,54.0,,,3.0
2024,14.0,Florida A&M,Alabama A&M,57.5,,,1.0
2024,14.0,Florida International,Middle Tennessee,51.0,,,3.0
2024,14.0,Florida State,Florida,46.0,,,3.0
2024,14.0,Georgia,Georgia Tech,49.0,,,3.0
2024,14.0,Georgia Southern,App State,60.5,,,3.0
2024,14.0,Georgia State,Coastal Carolina,53.0,,,3.0
2024,14.0,Hawai'i,New Mexico,61.5,,,3.0
2024,14.0,Indiana,Purdue,56.5,,,3.0
2024,14.0,Iowa,Nebraska,41.5,,,3.0
2024,14.0,Iowa State,Kansas State,51.5,,,3.0
2024,14.0,James Madison,Marshall,52.0,,,3.0
2024,14.0,Kentucky,Louisville,49.5,,,3.0
2024,14.0,LSU,Oklahoma,48.0,,,3.0
2024,14.0,Louisiana Tech,Kennesaw State,41.5,,,3.0
2024,14.0,Massachusetts,UConn,49.5,,,3.0
2024,14.0,Michigan State,Rutgers,46.5,,,2.0
2024,14.0,Missouri,Arkansas,51.0,,,3.0
2024,14.0,Montana,Tennessee State,48.5,,,1.0
2024,14.0,New Hampshire,UT Martin,46.5,,,1.0
2024,14.0,New Mexico State,UTEP,51.5,,,3.0
2024,14.0,North Carolina,NC State,54.5,,,3.0
2024,14.0,Northern Illinois,Central Michigan,40.0,,,3.0
2024,14.0,Northwestern,Illinois,43.5,,,3.0
2024,14.0,Ohio,Ball State,51.5,,,3.0
2024,14.0,Ohio State,Michigan,41.5,,,3.0
2024,14.0,Ole Miss,Mississippi State,63.5,,,3.0
2024,14.0,Oregon,Washington,50.5,,,3.0
2024,14.0,Penn State,Maryland,50.5,,,3.0
2024,14.0,Rhode Island,Central Connecticut,45.5,,,1.0
2024,14.0,Rice,South Florida,54.0,,,3.0
2024,14.0,Richmond,Lehigh,49.5,,,1.0
2024,14.0,SMU,California,54.5,,,3.0
2024,14.0,Sam Houston,Liberty,47.5,,,3.0
2024,14.0,San Diego State,Air Force,43.5,,,3.0
2024,14.0,San José State,Stanford,54.5,,,3.0
2024,14.0,South Alabama,Texas State,61.0,,,3.0
2024,14.0,Southeast Missouri State,Illinois State,53.5,,,1.0
2024,14.0,Southern,Grambling,45.5,,,1.0
2024,14.0,Syracuse,Miami,67.5,,,3.0
2024,14.0,Tarleton State,Drake,49.5,,,1.0
2024,14.0,Temple,North Texas,63.5,,,3.0
2024,14.0,Texas A&M,Texas,50.0,,,3.0
2024,14.0,Texas Tech,West Virginia,62.5,,,3.0
2024,14.0,Troy,Southern Miss,49.0,,,3.0
2024,14.0,Tulane,Memphis,54.5,,,3.0
2024,14.0,Tulsa,Florida Atlantic,57.5,,,3.0
2024,14.0,UCF,Utah,46.5,,,3.0
2024,14.0,UCLA,Fresno State,46.5,,,3.0
2024,14.0,UL Monroe,Louisiana,50.0,,,3.0
2024,14.0,UNLV,Nevada,54.5,,,3.0
2024,14.0,USC,Notre Dame,52.5,,,3.0
2024,14.0,Vanderbilt,Tennessee,47.0,,,3.0
2024,14.0,Villanova,Eastern Kentucky,47.5,,,1.0
2024,14.0,Virginia Tech,Virginia,44.5,,,3.0
2024,14.0,Wake Forest,Duke,53.0,,,3.0
2024,14.0,Washington State,Wyoming,55.0,,,3.0
2024,14.0,Western Kentucky,Jacksonville State,62.5,,,3.0
2024,14.0,Western Michigan,Eastern Michigan,55.5,,,3.0
2024,14.0,Wisconsin,Minnesota,40.5,,,3.0
2024,15.0,Arizona State,Iowa State,51.0,,,3.0
2024,15.0,Army,Tulane,46.5,,,3.0
2024,15.0,Boise State,UNLV,57.5,,,3.0
2024,15.0,Incarnate Word,Villanova,54.5,,,1.0
2024,15.0,Jackson State,Southern,47.5,,,1.0
2024,15.0,Jacksonville State,Western Kentucky,58.5,,,3.0
2024,15.0,Louisiana,Marshall,57.5,,,3.0
2024,15.0,Mercer,Rhode Island,48.5,,,1.0
2024,15.0,Miami (OH),Ohio,44.0,,,3.0
2024,15.0,Montana State,UT Martin,54.5,,,1.0
2024,15.0,North Dakota State,Abilene Christian,58.5,,,1.0
2024,15.0,Oregon,Penn State,51.5,,,3.0
2024,15.0,SMU,Clemson,56.5,,,3.0
2024,15.0,South Dakota,Tarleton State,56.5,,,1.0
2024,15.0,South Dakota State,Montana,44.5,,,1.0
2024,15.0,Texas,Georgia,51.0,,,3.0
2024,15.0,UC Davis,Illinois State,55.5,,,1.0
2024,16.0,Army,Navy,39.0,,,3.0
2024,16.0,Montana State,Idaho,56.0,,,2.0
2024,16.0,North Dakota State,Mercer,52.5,,,1.0
2024,16.0,South Dakota,UC Davis,58.5,,,1.0
2024,16.0,South Dakota State,Incarnate Word,54.5,,,1.0
2025,1.0,Air Force,Bucknell,54.0,,,2.0
2025,1.0,Akron,Wyoming,48.0,,,3.0
2025,1.0,App State,Georgia Southern,58.0,,,3.0
2025,1.0,Arizona,Hawai'i,55.5,,,3.0
2025,1.0,Arizona State,Northern Arizona,52.5,,,2.0
2025,1.0,Arkansas,Alabama A&M,63.75,,,2.0
2025,1.0,Arkansas State,Missouri State,55.5,,,3.0
2025,1.0,Arkansas State,Southeast Missouri State,59.5,,,1.0
2025,1.0,Army,Tarleton State,47.5,,,2.0
2025,1.0,Army,UConn,41.5,,,3.0
2025,1.0,BYU,Georgia Tech,55.0,,,3.0
2025,1.0,BYU,Portland State,62.0,,,2.0
2025,1.0,Baylor,Auburn,56.5,,,3.0
2025,1.0,Boston College,Fordham,53.0,,,2.0
2025,1.0,Bowling Green,Lafayette,53.25,,,2.0
2025,1.0,Charlotte,App State,51.25,,,2.0
2025,1.0,Cincinnati,Navy,57.5,,,3.0
2025,1.0,Cincinnati,Nebraska,50.5,,,3.0
2025,1.0,Clemson,LSU,55.5,,,3.0
2025,1.0,Clemson,Penn State,47.5,,,3.0
2025,1.0,Colgate,Monmouth,65.5,,,1.0
2025,1.0,Colorado,Georgia Tech,50.5,,,3.0
2025,1.0,Davidson,Georgetown,55.5,,,1.0
2025,1.0,Delaware,Delaware State,55.5,,,2.0
2025,1.0,Delaware,Louisiana,60.5,,,3.0
2025,1.0,Duke,Arizona State,49.5,,,3.0
2025,1.0,Duke,Elon,51.0,,,2.0
2025,1.0,East Carolina,Pittsburgh,51.5,,,3.0
2025,1.0,East Tennessee State,Murray State,54.5,,,1.0
2025,1.0,Eastern Illinois,Dayton,47.5,,,1.0
2025,1.0,Florida,Long Island University,56.5,,,2.0
2025,1.0,Florida A&M,Howard,48.5,,,1.0
2025,1.0,Florida International,Bethune-Cookman,54.5,,,1.0
2025,1.0,Florida State,Alabama,47.0,,,3.0
2025,1.0,Fresno State,Georgia Southern,51.5,,,3.0
2025,1.0,Fresno State,Miami (OH),40.5,,,3.0
2025,1.0,Furman,William & Mary,49.5,,,1.0
2025,1.0,Georgia,Marshall,51.5,,,3.0
2025,1.0,Georgia,Ole Miss,53.5,,,3.0
2025,1.0,Hawai'i,California,50.5,,,3.0
2025,1.0,Hawai'i,Stanford,50.5,,,3.0
2025,1.0,Houston,LSU,43.5,,,3.0
2025,1.0,Houston,Stephen F. Austin,54.5,,,2.0
2025,1.0,Illinois,Tennessee,62.0,,,3.0
2025,1.0,Illinois,Western Illinois,63.0,,,2.0
2025,1.0,Incarnate Word,Eastern Washington,57.5,,,1.0
2025,1.0,Indiana,Alabama,46.5,,,3.0
2025,1.0,Indiana,Miami,47.0,,,3.0
2025,1.0,Indiana,Old Dominion,53.5,,,3.0
2025,1.0,Indiana,Oregon,50.5,,,3.0
2025,1.0,Iowa,UAlbany,48.5,,,1.0
2025,1.0,Iowa State,South Dakota,47.5,,,2.0
2025,1.0,Jackson State,Hampton,58.5,,,1.0
2025,1.0,Jacksonville State,Troy,47.5,,,3.0
2025,1.0,James Madison,Weber State,54.5,,,2.0
2025,1.0,Kansas,Fresno State,50.5,,,3.0
2025,1.0,Kansas,Wagner,57.5,,,2.0
2025,1.0,Kansas State,Iowa State,51.0,,,3.0
2025,1.0,Kansas State,North Dakota,55.5,,,2.0
2025,1.0,Kent State,Merrimack,50.5,,,1.0
2025,1.0,Kentucky,Toledo,48.5,,,3.0
2025,1.0,Liberty,Maine,50.75,,,2.0
2025,1.0,Louisiana,Rice,48.5,,,3.0
2025,1.0,Louisiana Tech,Coastal Carolina,51.5,,,3.0
2025,1.0,Louisiana Tech,SE Louisiana,50.75,,,2.0
2025,1.0,Louisville,Eastern Kentucky,57.0,,,2.0
2025,1.0,Louisville,Toledo,44.5,,,3.0
2025,1.0,Marist,New Haven,48.5,,,1.0
2025,1.0,Maryland,Florida Atlantic,59.5,,,3.0
2025,1.0,Massachusetts,Temple,48.5,,,3.0
2025,1.0,Memphis,Chattanooga,55.5,,,2.0
2025,1.0,Mercer,Presbyterian,51.5,,,1.0
2025,1.0,Miami,Notre Dame,50.5,,,3.0
2025,1.0,Michigan,New Mexico,49.5,,,3.0
2025,1.0,Michigan State,Western Michigan,50.0,,,3.0
2025,1.0,Middle Tennessee,Austin Peay,53.5,,,2.0
2025,1.0,Minnesota,Buffalo,43.0,,,3.0
2025,1.0,Minnesota,New Mexico,44.5,,,3.0
2025,1.0,Mississippi State,Wake Forest,52.5,,,3.0
2025,1.0,Mississippi Valley State,Southern,49.5,,,1.0
2025,1.0,Missouri,Central Arkansas,53.0,,,2.0
2025,1.0,Missouri,Virginia,43.5,,,3.0
2025,1.0,Montana State,Illinois State,58.5,,,1.0
2025,1.0,Montana State,Montana,56.0,,,2.0
2025,1.0,NC State,East Carolina,61.0,,,3.0
2025,1.0,NC State,Memphis,56.5,,,3.0
2025,1.0,Navy,VMI,53.75,,,2.0
2025,1.0,New Mexico State,Bryant,53.0,,,2.0
2025,1.0,Nicholls,Incarnate Word,51.0,,,2.0
2025,1.0,Norfolk State,Towson,49.5,,,1.0
2025,1.0,North Carolina,TCU,55.0,,,3.0
2025,1.0,North Carolina Central,New Hampshire,50.5,,,1.0
2025,1.0,North Texas,Lamar,63.0,,,2.0
2025,1.0,Northern Illinois,Holy Cross,48.5,,,2.0
2025,1.0,Northern Iowa,Butler,53.5,,,1.0
2025,1.0,Northwestern,Central Michigan,43.5,,,3.0
2025,1.0,Northwestern State,Alcorn State,49.5,,,1.0
2025,1.0,Ohio,UNLV,64.5,,,3.0
2025,1.0,Ohio State,Miami,39.5,,,3.0
2025,1.0,Ohio State,Texas,46.5,,,3.0
2025,1.0,Oklahoma,Alabama,42.5,,,3.0
2025,1.0,Oklahoma,Illinois State,60.75,,,2.0
2025,1.0,Oklahoma State,UT Martin,56.5,,,2.0
2025,1.0,Ole Miss,Georgia State,61.5,,,3.0
2025,1.0,Ole Miss,Miami,52.5,,,3.0
2025,1.0,Ole Miss,Tulane,57.5,,,3.0
2025,1.0,Oregon,James Madison,47.5,,,3.0
2025,1.0,Oregon,Montana State,56.0,,,2.0
2025,1.0,Oregon State,California,48.5,,,3.0
2025,1.0,Penn State,Nevada,54.5,,,3.0
2025,1.0,Pittsburgh,Duquesne,58.25,,,2.0
2025,1.0,Portland State,Tarleton State,58.0,,,2.0
2025,1.0,Prairie View A&M,South Carolina State,53.5,,,1.0
2025,1.0,Purdue,Ball State,48.5,,,3.0
2025,1.0,Rhode Island,Campbell,56.5,,,1.0
2025,1.0,Rutgers,Ohio,52.0,,,3.0
2025,1.0,SMU,Arizona,55.5,,,3.0
2025,1.0,SMU,East Texas A&M,64.75,,,2.0
2025,1.0,Sacred Heart,Stonehill,45.5,,,1.0
2025,1.0,Sam Houston,UNLV,60.5,,,3.0
2025,1.0,Samford,West Georgia,55.5,,,1.0
2025,1.0,San Diego,Cal Poly,49.5,,,1.0
2025,1.0,San Diego State,North Texas,54.5,,,3.0
2025,1.0,San Diego State,Stony Brook,53.5,,,2.0
2025,1.0,San José State,Central Michigan,51.5,,,3.0
2025,1.0,South Alabama,Morgan State,51.0,,,2.0
2025,1.0,South Carolina,Virginia Tech,51.5,,,3.0
2025,1.0,South Carolina State,Wofford,49.5,,,1.0
2025,1.0,South Dakota State,Sacramento State,57.5,,,1.0
2025,1.0,South Florida,Boise State,62.0,,,3.0
2025,1.0,South Florida,Old Dominion,52.5,,,3.0
2025,1.0,Southern,North Carolina Central,47.5,,,1.0
2025,1.0,Southern Miss,Mississippi State,59.5,,,3.0
2025,1.0,Southern Miss,Western Kentucky,59.5,,,3.0
2025,1.0,Southern Utah,Idaho State,63.0,,,2.0
2025,1.0,St. Thomas (MN),Lindenwood,51.5,,,1.0
2025,1.0,TCU,USC,56.5,,,3.0
2025,1.0,Tennessee,Syracuse,51.5,,,3.0
2025,1.0,Tennessee State,North Carolina A&T,50.5,,,1.0
2025,1.0,Texas,Michigan,50.5,,,3.0
2025,1.0,Texas A&M,Miami,48.5,,,3.0
2025,1.0,Texas A&M,UTSA,58.5,,,3.0
2025,1.0,Texas Southern,Prairie View A&M,47.5,,,1.0
2025,1.0,Texas State,Eastern Michigan,56.5,,,3.0
2025,1.0,Texas State,Rice,55.5,,,3.0
2025,1.0,Texas Tech,Arkansas-Pine Bluff,63.0,,,2.0
2025,1.0,Texas Tech,Oregon,50.5,,,3.0
2025,1.0,Troy,Nicholls,47.0,,,2.0
2025,1.0,Tulane,Northwestern,46.0,,,3.0
2025,1.0,Tulsa,Abilene Christian,59.5,,,2.0
2025,1.0,UAB,Alabama State,53.5,,,2.0
2025,1.0,UCF,Jacksonville State,52.5,,,3.0
2025,1.0,UCLA,Utah,49.0,,,3.0
2025,1.0,UConn,Central Connecticut,51.5,,,2.0
2025,1.0,UL Monroe,St. Francis (PA),47.25,,,2.0
2025,1.0,UNLV,Idaho State,67.25,,,2.0
2025,1.0,USC,Missouri State,60.0,,,3.0
2025,1.0,UTSA,Florida International,62.5,,,3.0
2025,1.0,Utah,Nebraska,51.5,,,3.0
2025,1.0,Utah State,UTEP,58.5,,,3.0
2025,1.0,Utah State,Washington State,50.5,,,3.0
2025,1.0,Utah Tech,UC Davis,56.5,,,1.0
2025,1.0,Vanderbilt,Charleston Southern,50.0,,,2.0
2025,1.0,Vanderbilt,Iowa,47.5,,,3.0
2025,1.0,Villanova,Illinois State,51.5,,,1.0
2025,1.0,Virginia,Coastal Carolina,55.0,,,3.0
2025,1.0,Wake Forest,Kennesaw State,51.5,,,3.0
2025,1.0,Washington,Boise State,55.5,,,3.0
2025,1.0,Washington,Colorado State,52.0,,,3.0
2025,1.0,Washington State,Idaho,50.75,,,2.0
2025,1.0,West Virginia,Robert Morris,57.5,,,2.0
2025,1.0,Western Carolina,Gardner-Webb,57.5,,,1.0
2025,1.0,Western Kentucky,North Alabama,60.5,,,2.0
2025,1.0,Western Kentucky,Sam Houston,60.5,,,3.0
2025,1.0,Western Michigan,Kennesaw State,47.5,,,3.0
2025,1.0,Wisconsin,Miami (OH),41.0,,,3.0
2025,1.0,Youngstown State,Mercyhurst,59.5,,,1.0
2025,2.0,Abilene Christian,Stephen F. Austin,51.5,,,1.0
2025,2.0,Alabama,UL Monroe,50.25,,,2.0
2025,2.0,Alabama A&M,Alcorn State,49.5,,,1.0
2025,2.0,App State,Lindenwood,55.25,,,2.0
2025,2.0,Arizona,Weber State,56.5,,,2.0
2025,2.0,Arkansas,Arkansas State,61.75,,,2.0
2025,2.0,Auburn,Ball State,52.5,,,2.0
2025,2.0,BYU,Stanford,44.0,,,2.0
2025,2.0,Boise State,Eastern Washington,60.0,,,2.0
2025,2.0,Buffalo,St. Francis (PA),48.25,,,2.0
2025,2.0,California,Texas Southern,54.5,,,2.0
2025,2.0,Central Arkansas,Arkansas-Pine Bluff,55.5,,,1.0
2025,2.0,Charlotte,North Carolina,49.5,,,2.0
2025,2.0,Cincinnati,Bowling Green,46.5,,,2.0
2025,2.0,Clemson,Troy,51.5,,,2.0
2025,2.0,Coastal Carolina,Charleston Southern,48.75,,,2.0
2025,2.0,Colorado,Delaware,49.5,,,2.0
2025,2.0,Colorado State,Northern Colorado,52.5,,,2.0
2025,2.0,Delaware State,UAlbany,50.5,,,1.0
2025,2.0,Duke,Illinois,49.25,,,2.0
2025,2.0,East Carolina,Campbell,55.75,,,2.0
2025,2.0,Eastern Kentucky,Houston Christian,53.5,,,1.0
2025,2.0,Eastern Michigan,Long Island University,54.0,,,2.0
2025,2.0,Elon,Davidson,59.5,,,1.0
2025,2.0,Florida,South Florida,58.25,,,2.0
2025,2.0,Florida Atlantic,Florida A&M,50.75,,,2.0
2025,2.0,Florida State,East Texas A&M,57.5,,,2.0
2025,2.0,Fordham,Monmouth,65.5,,,1.0
2025,2.0,Furman,Presbyterian,44.5,,,1.0
2025,2.0,Georgetown,Wagner,48.5,,,1.0
2025,2.0,Georgia,Austin Peay,56.0,,,2.0
2025,2.0,Georgia State,Memphis,57.5,,,2.0
2025,2.0,Georgia Tech,Gardner-Webb,59.5,,,2.0
2025,2.0,Hawai'i,Sam Houston,48.0,,,2.0
2025,2.0,Idaho,St. Thomas (MN),47.5,,,1.0
2025,2.0,Illinois State,Morehead State,52.5,,,1.0
2025,2.0,Indiana,Kennesaw State,51.5,,,2.0
2025,2.0,Indiana State,Eastern Illinois,50.5,,,1.0
2025,2.0,Iowa State,Iowa,43.25,,,2.0
2025,2.0,Jacksonville State,Liberty,50.5,,,2.0
2025,2.0,Kansas State,Army,48.5,,,2.0
2025,2.0,Kentucky,Ole Miss,51.5,,,2.0
2025,2.0,LSU,Louisiana Tech,49.5,,,2.0
2025,2.0,Lamar,South Dakota,51.5,,,1.0
2025,2.0,Lehigh,Sacred Heart,42.5,,,1.0
2025,2.0,Louisiana,McNeese,49.75,,,2.0
2025,2.0,Louisville,James Madison,56.75,,,2.0
2025,2.0,Marist,Bucknell,56.5,,,1.0
2025,2.0,Marshall,Missouri State,53.5,,,2.0
2025,2.0,Maryland,Northern Illinois,44.5,,,2.0
2025,2.0,Massachusetts,Bryant,52.25,,,2.0
2025,2.0,Mercyhurst,New Haven,52.5,,,1.0
2025,2.0,Miami,Bethune-Cookman,64.5,,,1.0
2025,2.0,Michigan State,Boston College,45.5,,,2.0
2025,2.0,Minnesota,Northwestern State,51.0,,,2.0
2025,2.0,Mississippi State,Arizona State,58.5,,,2.0
2025,2.0,Missouri,Kansas,50.25,,,2.0
2025,2.0,Montana State,South Dakota State,50.5,,,1.0
2025,2.0,Morgan State,Towson,48.5,,,1.0
2025,2.0,Murray State,SE Louisiana,51.5,,,1.0
2025,2.0,NC State,Virginia,52.75,,,2.0
2025,2.0,Navy,UAB,58.75,,,2.0
2025,2.0,Nebraska,Akron,47.5,,,2.0
2025,2.0,Nevada,Sacramento State,55.75,,,2.0
2025,2.0,New Hampshire,Holy Cross,46.5,,,1.0
2025,2.0,New Mexico,Idaho State,60.25,,,2.0
2025,2.0,New Mexico State,Tulsa,53.0,,,2.0
2025,2.0,Nicholls,West Georgia,44.5,,,1.0
2025,2.0,North Dakota,Portland State,58.5,,,1.0
2025,2.0,Northern Arizona,Utah Tech,55.5,,,1.0
2025,2.0,Northwestern,Western Illinois,49.0,,,2.0
2025,2.0,Ohio,West Virginia,58.5,,,2.0
2025,2.0,Ohio State,Grambling,63.5,,,2.0
2025,2.0,Oklahoma,Michigan,44.5,,,3.0
2025,2.0,Old Dominion,North Carolina Central,49.5,,,2.0
2025,2.0,Oregon,Oklahoma State,55.5,,,2.0
2025,2.0,Oregon State,Fresno State,45.0,,,2.0
2025,2.0,Penn State,Florida International,53.5,,,2.0
2025,2.0,Pittsburgh,Central Michigan,48.5,,,2.0
2025,2.0,Purdue,Southern Illinois,52.25,,,2.0
2025,2.0,Rice,Houston,38.5,,,2.0
2025,2.0,Rutgers,Miami (OH),45.5,,,2.0
2025,2.0,SMU,Baylor,65.5,,,2.0
2025,2.0,Samford,The Citadel,45.5,,,1.0
2025,2.0,San Diego,Southern Utah,53.5,,,1.0
2025,2.0,South Alabama,Tulane,51.5,,,2.0
2025,2.0,South Carolina,South Carolina State,54.25,,,2.0
2025,2.0,Southeast Missouri State,North Alabama,55.5,,,1.0
2025,2.0,Southern,Alabama State,56.5,,,1.0
2025,2.0,Southern Miss,Jackson State,52.75,,,2.0
2025,2.0,Stonehill,Lafayette,45.5,,,1.0
2025,2.0,Stony Brook,Rhode Island,47.5,,,1.0
2025,2.0,Syracuse,UConn,57.5,,,2.0
2025,2.0,Tarleton State,Mississippi Valley State,57.5,,,1.0
2025,2.0,Temple,Howard,46.25,,,2.0
2025,2.0,Tennessee,East Tennessee State,58.5,,,2.0
2025,2.0,Tennessee State,North Dakota State,49.5,,,1.0
2025,2.0,Tennessee Tech,Chattanooga,48.5,,,1.0
2025,2.0,Texas,San José State,52.5,,,2.0
2025,2.0,Texas A&M,Utah State,57.5,,,2.0
2025,2.0,Texas Tech,Kent State,59.75,,,2.0
2025,2.0,Toledo,Western Kentucky,57.0,,,2.0
2025,2.0,UCF,North Carolina A&T,51.25,,,2.0
2025,2.0,UNLV,UCLA,54.5,,,2.0
2025,2.0,USC,Georgia Southern,62.0,,,2.0
2025,2.0,UTEP,UT Martin,49.5,,,2.0
2025,2.0,UTSA,Texas State,64.5,,,2.0
2025,2.0,Utah,Cal Poly,53.0,,,2.0
2025,2.0,Villanova,Colgate,50.5,,,1.0
2025,2.0,Virginia Tech,Vanderbilt,45.5,,,2.0
2025,2.0,Wake Forest,Western Carolina,60.0,,,2.0
2025,2.0,Washington,UC Davis,54.25,,,2.0
2025,2.0,Washington State,San Diego State,46.5,,,2.0
2025,2.0,Western Michigan,North Texas,56.25,,,2.0
2025,2.0,William & Mary,Maine,48.5,,,1.0
2025,2.0,Wisconsin,Middle Tennessee,45.0,,,2.0
2025,2.0,Wofford,Richmond,40.5,,,1.0
2025,2.0,Wyoming,Northern Iowa,46.5,,,2.0
2025,2.0,Youngstown State,Robert Morris,50.5,,,1.0
2025,3.0,Alabama,Wisconsin,45.5,,,3.0
2025,3.0,Arizona,Kansas State,55.5,,,3.0
2025,3.0,Arizona State,Texas State,61.5,,,3.0
2025,3.0,Arkansas State,Iowa State,55.5,,,3.0
2025,3.0,Auburn,South Alabama,56.0,,,3.0
2025,3.0,Austin Peay,Morehead State,49.5,,,1.0
2025,3.0,Ball State,New Hampshire,46.5,,,3.0
2025,3.0,Baylor,Samford,64.5,,,3.0
2025,3.0,Bowling Green,Liberty,51.5,,,3.0
2025,3.0,Bucknell,VMI,53.5,,,1.0
2025,3.0,California,Minnesota,40.5,,,3.0
2025,3.0,Campbell,Furman,53.5,,,1.0
2025,3.0,Central Arkansas,Tarleton State,56.5,,,1.0
2025,3.0,Central Connecticut,St. Francis (PA),44.5,,,1.0
2025,3.0,Charleston Southern,Lindenwood,47.5,,,1.0
2025,3.0,Charlotte,Monmouth,66.0,,,3.0
2025,3.0,Chattanooga,Stetson,54.5,,,1.0
2025,3.0,Cincinnati,Northwestern State,55.5,,,3.0
2025,3.0,Coastal Carolina,East Carolina,57.5,,,3.0
2025,3.0,Delaware,UConn,52.5,,,3.0
2025,3.0,Duquesne,Lehigh,44.5,,,1.0
2025,3.0,Eastern Illinois,Illinois State,50.5,,,1.0
2025,3.0,Florida International,Florida Atlantic,56.5,,,3.0
2025,3.0,Fresno State,Southern,51.0,,,3.0
2025,3.0,Gardner-Webb,The Citadel,54.5,,,1.0
2025,3.0,Georgetown,Lafayette,53.5,,,1.0
2025,3.0,Georgia Southern,Jacksonville State,58.5,,,3.0
2025,3.0,Georgia State,Murray State,63.5,,,3.0
2025,3.0,Georgia Tech,Clemson,51.0,,,3.0
2025,3.0,Hawai'i,Portland State,54.5,,,3.0
2025,3.0,Holy Cross,Rhode Island,46.5,,,1.0
2025,3.0,Houston,Colorado,45.5,,,3.0
2025,3.0,Idaho,Utah Tech,52.5,,,1.0
2025,3.0,Illinois,Western Michigan,50.5,,,3.0
2025,3.0,Indiana,Indiana State,60.5,,,3.0
2025,3.0,Iowa,Massachusetts,44.5,,,3.0
2025,3.0,Kennesaw State,Merrimack,44.5,,,3.0
2025,3.0,Kent State,Buffalo,48.5,,,3.0
2025,3.0,Kentucky,Eastern Michigan,49.5,,,3.0
2025,3.0,LSU,Florida,47.5,,,3.0
2025,3.0,Long Island University,Sacred Heart,42.5,,,1.0
2025,3.0,Louisiana Tech,New Mexico State,42.5,,,3.0
2025,3.0,Maine,Stonehill,51.5,,,1.0
2025,3.0,Marshall,Eastern Kentucky,49.5,,,3.0
2025,3.0,Maryland,Towson,53.5,,,3.0
2025,3.0,McNeese,Weber State,52.5,,,1.0
2025,3.0,Mercer,Wofford,42.5,,,1.0
2025,3.0,Miami,South Florida,56.5,,,3.0
2025,3.0,Michigan,Central Michigan,42.5,,,3.0
2025,3.0,Michigan State,Youngstown State,55.5,,,3.0
2025,3.0,Mississippi State,Alcorn State,55.5,,,3.0
2025,3.0,Missouri,Louisiana,47.5,,,3.0
2025,3.0,Missouri State,SMU,60.5,,,3.0
2025,3.0,Montana,North Dakota,54.5,,,1.0
2025,3.0,Montana State,San Diego,52.5,,,1.0
2025,3.0,Nebraska,Houston Christian,58.5,,,3.0
2025,3.0,Nevada,Middle Tennessee,49.5,,,3.0
2025,3.0,North Carolina,Richmond,47.5,,,3.0
2025,3.0,North Carolina A&T,Hampton,48.5,,,1.0
2025,3.0,North Dakota State,Southeast Missouri State,54.5,,,1.0
2025,3.0,North Texas,Washington State,57.5,,,3.0
2025,3.0,Northern Iowa,Eastern Washington,54.5,,,1.0
2025,3.0,Northwestern,Oregon,50.5,,,3.0
2025,3.0,Notre Dame,Texas A&M,49.5,,,3.0
2025,3.0,Ohio State,Ohio,49.5,,,3.0
2025,3.0,Ole Miss,Arkansas,60.5,,,3.0
2025,3.0,Penn State,Villanova,56.5,,,3.0
2025,3.0,Purdue,USC,59.5,,,3.0
2025,3.0,Rice,Prairie View A&M,48.5,,,3.0
2025,3.0,Rutgers,Norfolk State,56.0,,,3.0
2025,3.0,SE Louisiana,Mississippi Valley State,51.5,,,1.0
2025,3.0,Sacramento State,Mercyhurst,57.5,,,1.0
2025,3.0,South Carolina,Vanderbilt,48.5,,,3.0
2025,3.0,South Carolina State,Bethune-Cookman,47.5,,,1.0
2025,3.0,South Dakota,Northern Colorado,50.5,,,1.0
2025,3.0,South Dakota State,Drake,47.5,,,1.0
2025,3.0,Southern Miss,App State,56.5,,,3.0
2025,3.0,Southern Utah,Northern Arizona,55.5,,,1.0
2025,3.0,Stanford,Boston College,44.5,,,3.0
2025,3.0,Stony Brook,Fordham,54.5,,,1.0
2025,3.0,Syracuse,Colgate,64.5,,,3.0
2025,3.0,TCU,Abilene Christian,60.5,,,3.0
2025,3.0,Temple,Oklahoma,51.0,,,3.0
2025,3.0,Tennessee,Georgia,50.5,,,3.0
2025,3.0,Tennessee State,Alabama A&M,55.5,,,1.0
2025,3.0,Tennessee Tech,Davidson,65.5,,,1.0
2025,3.0,Texas,UTEP,52.5,,,3.0
2025,3.0,Texas Southern,Lamar,45.5,,,1.0
2025,3.0,Texas Tech,Oregon State,61.5,,,3.0
2025,3.0,Toledo,Morgan State,54.5,,,3.0
2025,3.0,Troy,Memphis,51.5,,,3.0
2025,3.0,Tulane,Duke,52.5,,,3.0
2025,3.0,Tulsa,Navy,52.5,,,3.0
2025,3.0,UAB,Akron,59.0,,,3.0
2025,3.0,UAlbany,New Haven,45.5,,,1.0
2025,3.0,UCLA,New Mexico,52.5,,,3.0
2025,3.0,UT Martin,Southern Illinois,52.5,,,1.0
2025,3.0,UTSA,Incarnate Word,62.5,,,3.0
2025,3.0,Utah State,Air Force,51.5,,,3.0
2025,3.0,Virginia,William & Mary,53.5,,,3.0
2025,3.0,Virginia Tech,Old Dominion,50.5,,,3.0
2025,3.0,Wagner,Marist,50.5,,,1.0
2025,3.0,Wake Forest,NC State,52.5,,,3.0
2025,3.0,West Georgia,East Tennessee State,52.5,,,1.0
2025,3.0,West Virginia,Pittsburgh,55.0,,,3.0
2025,3.0,Western Carolina,Elon,59.5,,,1.0
2025,3.0,Western Illinois,Valparaiso,49.5,,,1.0
2025,3.0,Wyoming,Utah,47.5,,,3.0
2025,4.0,Abilene Christian,Austin Peay,54.5,,,1.0
2025,4.0,Air Force,Boise State,51.5,,,3.0
2025,4.0,Akron,Duquesne,51.5,,,3.0
2025,4.0,Army,North Texas,50.5,,,3.0
2025,4.0,Baylor,Arizona State,60.5,,,3.0
2025,4.0,Brown,Georgetown,57.5,,,1.0
2025,4.0,Bucknell,Lehigh,54.5,,,1.0
2025,4.0,Buffalo,Troy,43.5,,,3.0
2025,4.0,Campbell,Bryant,51.5,,,1.0
2025,4.0,Central Michigan,Wagner,46.5,,,3.0
2025,4.0,Charlotte,Rice,42.0,,,3.0
2025,4.0,Clemson,Syracuse,53.5,,,3.0
2025,4.0,Colgate,Fordham,59.5,,,1.0
2025,4.0,Colorado,Wyoming,45.5,,,3.0
2025,4.0,Colorado State,UTSA,58.5,,,3.0
2025,4.0,Dartmouth,New Hampshire,45.5,,,1.0
2025,4.0,Duke,NC State,57.5,,,3.0
2025,4.0,East Carolina,BYU,49.5,,,3.0
2025,4.0,East Tennessee State,Elon,56.5,,,1.0
2025,4.0,Eastern Michigan,Louisiana,51.5,,,3.0
2025,4.0,Eastern Washington,Western Illinois,58.5,,,1.0
2025,4.0,Florida International,Delaware,54.5,,,3.0
2025,4.0,Florida State,Kent State,56.5,,,3.0
2025,4.0,Georgia Southern,Maine,57.5,,,3.0
2025,4.0,Georgia Tech,Temple,52.5,,,3.0
2025,4.0,Grambling,East Texas A&M,54.5,,,1.0
2025,4.0,Hawai'i,Fresno State,47.5,,,3.0
2025,4.0,Houston Christian,Northern Colorado,47.5,,,1.0
2025,4.0,Howard,Hampton,46.5,,,1.0
2025,4.0,Illinois State,North Alabama,58.5,,,1.0
2025,4.0,Indiana,Illinois,51.0,,,3.0
2025,4.0,Jacksonville State,Murray State,60.5,,,3.0
2025,4.0,Kansas,West Virginia,54.5,,,3.0
2025,4.0,Kennesaw State,Arkansas State,58.0,,,3.0
2025,4.0,LSU,SE Louisiana,60.25,,,2.0
2025,4.0,Lafayette,Columbia,54.5,,,1.0
2025,4.0,Liberty,James Madison,46.5,,,3.0
2025,4.0,Lindenwood,Stony Brook,58.5,,,1.0
2025,4.0,Louisiana Tech,Southern Miss,51.5,,,3.0
2025,4.0,Louisville,Bowling Green,50.5,,,3.0
2025,4.0,Memphis,Arkansas,59.5,,,3.0
2025,4.0,Merrimack,Central Connecticut,42.5,,,1.0
2025,4.0,Miami,Florida,51.5,,,3.0
2025,4.0,Miami (OH),UNLV,49.5,,,3.0
2025,4.0,Middle Tennessee,Marshall,46.5,,,3.0
2025,4.0,Mississippi State,Northern Illinois,48.5,,,3.0
2025,4.0,Missouri,South Carolina,48.5,,,3.0
2025,4.0,Missouri State,UT Martin,55.5,,,3.0
2025,4.0,Monmouth,Villanova,65.5,,,1.0
2025,4.0,Montana,Indiana State,56.5,,,1.0
2025,4.0,Montana State,Mercyhurst,60.5,,,1.0
2025,4.0,Nebraska,Michigan,47.5,,,3.0
2025,4.0,Norfolk State,Sacred Heart,47.5,,,1.0
2025,4.0,North Carolina A&T,North Carolina Central,48.5,,,1.0
2025,4.0,North Dakota,Valparaiso,59.5,,,1.0
2025,4.0,Northern Arizona,Incarnate Word,54.5,,,1.0
2025,4.0,Notre Dame,Purdue,51.5,,,3.0
2025,4.0,Ohio,Gardner-Webb,55.0,,,3.0
2025,4.0,Oklahoma,Auburn,47.5,,,3.0
2025,4.0,Oklahoma State,Tulsa,54.5,,,3.0
2025,4.0,Ole Miss,Tulane,61.5,,,3.0
2025,4.0,Oregon,Oregon State,58.5,,,3.0
2025,4.0,Prairie View A&M,Northwestern State,46.5,,,1.0
2025,4.0,Princeton,San Diego,48.5,,,1.0
2025,4.0,Rhode Island,Long Island University,45.5,,,1.0
2025,4.0,Richmond,VMI,42.5,,,1.0
2025,4.0,Robert Morris,Dayton,41.5,,,1.0
2025,4.0,Rutgers,Iowa,46.5,,,3.0
2025,4.0,Sacramento State,Central Arkansas,59.5,,,1.0
2025,4.0,San Diego State,California,47.0,,,3.0
2025,4.0,San José State,Idaho,51.5,,,3.0
2025,4.0,South Alabama,Coastal Carolina,51.5,,,3.0
2025,4.0,South Dakota,Drake,46.5,,,1.0
2025,4.0,South Florida,South Carolina State,58.5,,,3.0
2025,4.0,Southeast Missouri State,Southern Illinois,54.5,,,1.0
2025,4.0,St. Francis (PA),Delaware State,47.5,,,1.0
2025,4.0,Stephen F. Austin,Cal Poly,54.5,,,1.0
2025,4.0,Stetson,Harvard,56.5,,,1.0
2025,4.0,Stonehill,Pennsylvania,49.5,,,1.0
2025,4.0,TCU,SMU,63.5,,,3.0
2025,4.0,Tarleton State,Chattanooga,55.5,,,1.0
2025,4.0,Tennessee,UAB,68.5,,,3.0
2025,4.0,Texas,Sam Houston,51.5,,,3.0
2025,4.0,Texas State,Nicholls,57.0,,,3.0
2025,4.0,The Citadel,Mercer,42.5,,,1.0
2025,4.0,Towson,Youngstown State,54.5,,,1.0
2025,4.0,UAlbany,Cornell,50.5,,,1.0
2025,4.0,UC Davis,Southern Utah,61.5,,,1.0
2025,4.0,UCF,North Carolina,46.5,,,3.0
2025,4.0,UConn,Ball State,53.5,,,3.0
2025,4.0,USC,Michigan State,55.5,,,3.0
2025,4.0,UTEP,UL Monroe,47.0,,,3.0
2025,4.0,Utah,Texas Tech,58.5,,,3.0
2025,4.0,Utah State,McNeese,63.0,,,3.0
2025,4.0,Utah Tech,Northern Iowa,49.5,,,1.0
2025,4.0,Vanderbilt,Georgia State,53.5,,,3.0
2025,4.0,Virginia,Stanford,48.5,,,3.0
2025,4.0,Virginia Tech,Wofford,51.5,,,3.0
2025,4.0,Washington State,Washington,52.0,,,3.0
2025,4.0,Weber State,Butler,53.5,,,1.0
2025,4.0,West Georgia,Eastern Kentucky,49.5,,,1.0
2025,4.0,Western Carolina,Samford,58.5,,,1.0
2025,4.0,Western Kentucky,Nevada,54.5,,,3.0
2025,4.0,Western Michigan,Toledo,48.5,,,3.0
2025,4.0,William & Mary,Charleston Southern,45.5,,,1.0
2025,4.0,Wisconsin,Maryland,44.5,,,3.0
2025,4.0,Yale,Holy Cross,44.5,,,1.0
2025,5.0,Air Force,Hawai'i,52.5,,,3.0
2025,5.0,Alcorn State,Arkansas-Pine Bluff,50.5,,,1.0
2025,5.0,Arizona State,TCU,54.5,,,3.0
2025,5.0,Arkansas,Notre Dame,63.5,,,3.0
2025,5.0,Austin Peay,Utah Tech,46.5,,,1.0
2025,5.0,Bethune-Cookman,Alabama A&M,58.5,,,1.0
2025,5.0,Boise State,App State,59.5,,,3.0
2025,5.0,Boston College,California,54.5,,,3.0
2025,5.0,Bryant,Towson,54.5,,,1.0
2025,5.0,Bucknell,St. Francis (PA),49.5,,,1.0
2025,5.0,Buffalo,UConn,51.5,,,3.0
2025,5.0,Butler,Marist,47.5,,,1.0
2025,5.0,Campbell,Western Carolina,68.5,,,1.0
2025,5.0,Central Connecticut,Dartmouth,45.5,,,1.0
2025,5.0,Central Michigan,Eastern Michigan,55.5,,,3.0
2025,5.0,Charleston Southern,South Carolina State,51.5,,,1.0
2025,5.0,Chattanooga,The Citadel,47.5,,,1.0
2025,5.0,Colorado,BYU,48.5,,,3.0
2025,5.0,Colorado State,Washington State,48.5,,,3.0
2025,5.0,Columbia,Georgetown,50.5,,,1.0
2025,5.0,Dayton,Stetson,49.5,,,1.0
2025,5.0,Duquesne,New Haven,54.5,,,1.0
2025,5.0,East Carolina,Army,52.5,,,3.0
2025,5.0,East Tennessee State,Mercer,52.5,,,1.0
2025,5.0,East Texas A&M,North Carolina Central,56.5,,,1.0
2025,5.0,Eastern Kentucky,Nicholls,42.5,,,1.0
2025,5.0,Elon,Hampton,55.5,,,1.0
2025,5.0,Florida A&M,Alabama State,50.5,,,1.0
2025,5.0,Florida Atlantic,Memphis,62.5,,,3.0
2025,5.0,Fordham,Holy Cross,45.5,,,1.0
2025,5.0,Georgia,Alabama,53.5,,,3.0
2025,5.0,Harvard,Brown,57.5,,,1.0
2025,5.0,Illinois,USC,62.5,,,3.0
2025,5.0,Incarnate Word,Abilene Christian,56.5,,,1.0
2025,5.0,Iowa,Indiana,47.5,,,3.0
2025,5.0,Iowa State,Arizona,48.5,,,3.0
2025,5.0,James Madison,Georgia Southern,54.5,,,3.0
2025,5.0,Kansas,Cincinnati,56.0,,,3.0
2025,5.0,Kansas State,UCF,48.5,,,3.0
2025,5.0,Kennesaw State,Middle Tennessee,54.5,,,3.0
2025,5.0,Lafayette,Princeton,60.5,,,1.0
2025,5.0,Lamar,Central Arkansas,48.5,,,1.0
2025,5.0,Lehigh,Pennsylvania,47.5,,,1.0
2025,5.0,Louisiana,Marshall,48.0,,,3.0
2025,5.0,Maine,North Carolina A&T,48.5,,,1.0
2025,5.0,Miami (OH),Lindenwood,49.5,,,3.0
2025,5.0,Minnesota,Rutgers,51.5,,,3.0
2025,5.0,Mississippi State,Tennessee,63.5,,,3.0
2025,5.0,Mississippi Valley State,Texas Southern,47.5,,,1.0
2025,5.0,Missouri,Massachusetts,57.0,,,3.0
2025,5.0,Missouri State,Western Kentucky,59.5,,,3.0
2025,5.0,Montana,Idaho,55.5,,,1.0
2025,5.0,Montana State,Eastern Washington,57.5,,,1.0
2025,5.0,NC State,Virginia Tech,57.5,,,3.0
2025,5.0,Navy,Rice,45.5,,,3.0
2025,5.0,New Hampshire,UAlbany,44.5,,,1.0
2025,5.0,New Mexico,New Mexico State,53.5,,,3.0
2025,5.0,North Dakota State,South Dakota,50.5,,,1.0
2025,5.0,North Texas,South Alabama,63.5,,,3.0
2025,5.0,Northern Colorado,Idaho State,54.5,,,1.0
2025,5.0,Northern Illinois,San Diego State,42.0,,,3.0
2025,5.0,Northwestern,UCLA,46.0,,,3.0
2025,5.0,Ohio,Bowling Green,49.5,,,3.0
2025,5.0,Oklahoma State,Baylor,58.5,,,3.0
2025,5.0,Old Dominion,Liberty,53.5,,,3.0
2025,5.0,Ole Miss,LSU,58.0,,,3.0
2025,5.0,Oregon State,Houston,48.5,,,3.0
2025,5.0,Penn State,Oregon,53.0,,,3.0
2025,5.0,Pittsburgh,Louisville,53.5,,,3.0
2025,5.0,Portland State,Northern Arizona,54.5,,,1.0
2025,5.0,Prairie View A&M,Grambling,52.5,,,1.0
2025,5.0,Presbyterian,Morehead State,54.5,,,1.0
2025,5.0,Richmond,Howard,43.5,,,1.0
2025,5.0,SE Louisiana,UT Rio Grande Valley,53.5,,,1.0
2025,5.0,Sacramento State,Cal Poly,57.5,,,1.0
2025,5.0,Sacred Heart,Delaware State,54.5,,,1.0
2025,5.0,Samford,Furman,54.5,,,1.0
2025,5.0,San Diego,St. Thomas (MN),53.5,,,1.0
2025,5.0,South Carolina,Kentucky,46.5,,,3.0
2025,5.0,South Dakota State,Mercyhurst,58.5,,,1.0
2025,5.0,Southern,Jackson State,50.5,,,1.0
2025,5.0,Southern Miss,Jacksonville State,55.5,,,3.0
2025,5.0,Southern Utah,West Georgia,59.5,,,1.0
2025,5.0,Stanford,San José State,49.5,,,3.0
2025,5.0,Stephen F. Austin,McNeese,55.5,,,1.0
2025,5.0,Stonehill,Long Island University,46.5,,,1.0
2025,5.0,Stony Brook,Merrimack,47.5,,,1.0
2025,5.0,Syracuse,Duke,59.5,,,3.0
2025,5.0,Tennessee State,Tennessee Tech,56.5,,,1.0
2025,5.0,Texas A&M,Auburn,51.5,,,3.0
2025,5.0,Toledo,Akron,50.0,,,3.0
2025,5.0,Tulsa,Tulane,52.5,,,3.0
2025,5.0,UC Davis,Weber State,63.5,,,1.0
2025,5.0,UL Monroe,Arkansas State,55.5,,,3.0
2025,5.0,UT Martin,Southeast Missouri State,56.5,,,1.0
2025,5.0,UTEP,Louisiana Tech,48.0,,,3.0
2025,5.0,Vanderbilt,Utah State,57.5,,,3.0
2025,5.0,Villanova,William & Mary,50.5,,,1.0
2025,5.0,Virginia,Florida State,60.5,,,3.0
2025,5.0,Wagner,Norfolk State,47.5,,,1.0
2025,5.0,Wake Forest,Georgia Tech,53.5,,,3.0
2025,5.0,Washington,Ohio State,52.5,,,3.0
2025,5.0,West Virginia,Utah,46.5,,,3.0
2025,5.0,Western Illinois,Eastern Illinois,62.5,,,1.0
2025,5.0,Western Michigan,Rhode Island,45.5,,,3.0
2025,5.0,Yale,Cornell,48.5,,,1.0
2025,6.0,Abilene Christian,North Alabama,58.5,,,1.0
2025,6.0,Akron,Central Michigan,47.5,,,3.0
2025,6.0,Alabama,Vanderbilt,57.5,,,3.0
2025,6.0,Alabama A&M,Jackson State,55.5,,,1.0
2025,6.0,Alabama State,Bethune-Cookman,57.5,,,1.0
2025,6.0,Alcorn State,Prairie View A&M,47.5,,,1.0
2025,6.0,App State,Oregon State,53.5,,,3.0
2025,6.0,Arizona,Oklahoma State,56.5,,,3.0
2025,6.0,Arkansas State,Texas State,63.5,,,3.0
2025,6.0,BYU,West Virginia,46.5,,,3.0
2025,6.0,Ball State,Ohio,52.5,,,3.0
2025,6.0,Baylor,Kansas State,60.0,,,3.0
2025,6.0,Brown,Rhode Island,48.5,,,1.0
2025,6.0,Bryant,Maine,49.5,,,1.0
2025,6.0,Bucknell,Richmond,50.5,,,1.0
2025,6.0,Buffalo,Eastern Michigan,53.5,,,3.0
2025,6.0,California,Duke,54.5,,,3.0
2025,6.0,Central Connecticut,Sacred Heart,45.5,,,1.0
2025,6.0,Cincinnati,Iowa State,55.5,,,3.0
2025,6.0,Cornell,Colgate,54.5,,,1.0
2025,6.0,Delaware,Western Kentucky,63.0,,,3.0
2025,6.0,Drake,Valparaiso,47.5,,,1.0
2025,6.0,Duquesne,Stonehill,49.5,,,1.0
2025,6.0,Eastern Illinois,Tennessee State,50.5,,,1.0
2025,6.0,Eastern Washington,Portland State,59.5,,,1.0
2025,6.0,Florida,Texas,42.5,,,3.0
2025,6.0,Florida State,Miami,54.5,,,3.0
2025,6.0,Fresno State,Nevada,45.5,,,3.0
2025,6.0,Furman,East Tennessee State,54.5,,,1.0
2025,6.0,Gardner-Webb,Charleston Southern,51.5,,,1.0
2025,6.0,Georgetown,Morgan State,47.5,,,1.0
2025,6.0,Georgia,Kentucky,49.0,,,3.0
2025,6.0,Georgia State,James Madison,52.5,,,3.0
2025,6.0,Hampton,Norfolk State,54.5,,,1.0
2025,6.0,Holy Cross,Harvard,48.5,,,1.0
2025,6.0,Houston,Texas Tech,51.5,,,3.0
2025,6.0,Idaho State,Montana,62.5,,,1.0
2025,6.0,Lafayette,Fordham,55.5,,,1.0
2025,6.0,Lamar,Nicholls,41.5,,,1.0
2025,6.0,Lehigh,Yale,50.5,,,1.0
2025,6.0,Lindenwood,UT Martin,52.5,,,1.0
2025,6.0,Louisville,Virginia,60.0,,,3.0
2025,6.0,Marist,San Diego,51.5,,,1.0
2025,6.0,Maryland,Washington,52.5,,,3.0
2025,6.0,Massachusetts,Western Michigan,46.5,,,3.0
2025,6.0,Memphis,Tulsa,54.5,,,3.0
2025,6.0,Mercyhurst,Long Island University,50.5,,,1.0
2025,6.0,Merrimack,Robert Morris,44.5,,,1.0
2025,6.0,Michigan,Wisconsin,42.5,,,3.0
2025,6.0,Monmouth,Delaware State,76.5,,,1.0
2025,6.0,Morehead State,Dayton,46.5,,,1.0
2025,6.0,NC State,Campbell,61.5,,,3.0
2025,6.0,Navy,Air Force,51.0,,,3.0
2025,6.0,Nebraska,Michigan State,48.5,,,3.0
2025,6.0,New Hampshire,Villanova,47.5,,,1.0
2025,6.0,New Mexico State,Sam Houston,52.5,,,3.0
2025,6.0,North Carolina,Clemson,47.5,,,3.0
2025,6.0,Northern Arizona,Montana State,59.5,,,1.0
2025,6.0,Northern Illinois,Miami (OH),38.5,,,3.0
2025,6.0,Northern Iowa,North Dakota,53.5,,,1.0
2025,6.0,Northwestern,UL Monroe,43.5,,,3.0
2025,6.0,Northwestern State,East Texas A&M,54.5,,,1.0
2025,6.0,Notre Dame,Boise State,63.5,,,3.0
2025,6.0,Ohio State,Minnesota,42.5,,,3.0
2025,6.0,Oklahoma,Kent State,53.5,,,3.0
2025,6.0,Old Dominion,Coastal Carolina,53.5,,,3.0
2025,6.0,Pennsylvania,Dartmouth,56.5,,,1.0
2025,6.0,Pittsburgh,Boston College,54.5,,,3.0
2025,6.0,Princeton,Columbia,48.5,,,1.0
2025,6.0,Purdue,Illinois,54.5,,,3.0
2025,6.0,Rice,Florida Atlantic,55.0,,,3.0
2025,6.0,SMU,Syracuse,56.5,,,3.0
2025,6.0,San Diego State,Colorado State,40.5,,,3.0
2025,6.0,San José State,New Mexico,58.5,,,3.0
2025,6.0,South Florida,Charlotte,54.5,,,3.0
2025,6.0,St. Thomas (MN),Butler,48.5,,,1.0
2025,6.0,Stetson,Davidson,61.5,,,1.0
2025,6.0,TCU,Colorado,57.0,,,3.0
2025,6.0,Tarleton State,Southern Utah,64.5,,,1.0
2025,6.0,Temple,UTSA,58.5,,,3.0
2025,6.0,Tennessee Tech,Western Illinois,66.5,,,1.0
2025,6.0,Texas A&M,Mississippi State,57.5,,,3.0
2025,6.0,Texas Southern,Arkansas-Pine Bluff,48.5,,,1.0
2025,6.0,Troy,South Alabama,46.5,,,3.0
2025,6.0,UAB,Army,55.5,,,3.0
2025,6.0,UAlbany,Stony Brook,48.5,,,1.0
2025,6.0,UCF,Kansas,53.5,,,3.0
2025,6.0,UCLA,Penn State,48.0,,,3.0
2025,6.0,UConn,Florida International,52.0,,,3.0
2025,6.0,VMI,Chattanooga,52.5,,,1.0
2025,6.0,Virginia Tech,Wake Forest,51.5,,,3.0
2025,6.0,William & Mary,North Carolina A&T,53.5,,,1.0
2025,6.0,Wofford,Western Carolina,53.5,,,1.0
2025,6.0,Wyoming,UNLV,51.0,,,3.0
2025,6.0,Youngstown State,South Dakota State,55.5,,,1.0
2025,7.0,Akron,Miami (OH),47.5,,,3.0
2025,7.0,Alabama A&M,Mississippi Valley State,60.5,,,1.0
2025,7.0,Arizona,BYU,46.5,,,3.0
2025,7.0,Army,Charlotte,45.5,,,3.0
2025,7.0,Auburn,Georgia,46.5,,,3.0
2025,7.0,Bethune-Cookman,Southern,53.5,,,1.0
2025,7.0,Boise State,New Mexico,58.5,,,3.0
2025,7.0,Boston College,Clemson,54.5,,,3.0
2025,7.0,Bowling Green,Toledo,45.5,,,3.0
2025,7.0,Bryant,Brown,54.5,,,1.0
2025,7.0,Butler,Presbyterian,51.5,,,1.0
2025,7.0,Charleston Southern,Tennessee Tech,53.5,,,1.0
2025,7.0,Cincinnati,UCF,55.5,,,3.0
2025,7.0,Coastal Carolina,UL Monroe,46.5,,,3.0
2025,7.0,Colgate,Richmond,55.5,,,1.0
2025,7.0,Colorado,Iowa State,52.5,,,3.0
2025,7.0,Colorado State,Fresno State,47.5,,,3.0
2025,7.0,Columbia,Lehigh,46.5,,,1.0
2025,7.0,Dartmouth,Yale,53.5,,,1.0
2025,7.0,Davidson,St. Thomas (MN),56.5,,,1.0
2025,7.0,Duquesne,St. Francis (PA),48.5,,,1.0
2025,7.0,East Tennessee State,VMI,55.5,,,1.0
2025,7.0,East Texas A&M,Lamar,53.5,,,1.0
2025,7.0,Eastern Illinois,Gardner-Webb,58.5,,,1.0
2025,7.0,Eastern Kentucky,Austin Peay,46.5,,,1.0
2025,7.0,Eastern Michigan,Northern Illinois,48.5,,,3.0
2025,7.0,Elon,Villanova,50.5,,,1.0
2025,7.0,Florida A&M,North Carolina Central,51.5,,,1.0
2025,7.0,Florida Atlantic,UAB,66.0,,,3.0
2025,7.0,Florida State,Pittsburgh,57.0,,,3.0
2025,7.0,Georgia Southern,Southern Miss,60.0,,,3.0
2025,7.0,Georgia State,App State,55.5,,,3.0
2025,7.0,Georgia Tech,Virginia Tech,55.5,,,3.0
2025,7.0,Grambling,Texas Southern,49.5,,,1.0
2025,7.0,Hampton,Campbell,56.5,,,1.0
2025,7.0,Harvard,Cornell,58.5,,,1.0
2025,7.0,Hawai'i,Utah State,57.5,,,3.0
2025,7.0,Houston Christian,Northwestern State,52.5,,,1.0
2025,7.0,Idaho,Northern Colorado,47.5,,,1.0
2025,7.0,Illinois,Ohio State,51.5,,,3.0
2025,7.0,Indiana State,South Dakota,56.5,,,1.0
2025,7.0,Jackson State,Alabama State,56.5,,,1.0
2025,7.0,James Madison,Louisiana,45.0,,,3.0
2025,7.0,Kansas State,TCU,54.5,,,3.0
2025,7.0,Kennesaw State,Louisiana Tech,46.5,,,3.0
2025,7.0,Kent State,Massachusetts,49.5,,,3.0
2025,7.0,LSU,South Carolina,44.5,,,3.0
2025,7.0,Lafayette,Bucknell,62.5,,,1.0
2025,7.0,Marshall,Old Dominion,57.5,,,3.0
2025,7.0,Maryland,Nebraska,47.5,,,3.0
2025,7.0,Merrimack,Maine,45.5,,,1.0
2025,7.0,Michigan State,UCLA,51.5,,,3.0
2025,7.0,Middle Tennessee,Missouri State,51.5,,,3.0
2025,7.0,Minnesota,Purdue,49.5,,,3.0
2025,7.0,Missouri,Alabama,50.5,,,3.0
2025,7.0,Montana,Cal Poly,63.5,,,1.0
2025,7.0,Montana State,Idaho State,58.5,,,1.0
2025,7.0,Murray State,Illinois State,58.5,,,1.0
2025,7.0,Nevada,San Diego State,42.5,,,3.0
2025,7.0,North Alabama,Central Arkansas,59.5,,,1.0
2025,7.0,North Carolina A&T,South Carolina State,58.5,,,1.0
2025,7.0,North Dakota,Youngstown State,63.5,,,1.0
2025,7.0,North Dakota State,Southern Illinois,58.5,,,1.0
2025,7.0,North Texas,South Florida,68.5,,,3.0
2025,7.0,Notre Dame,NC State,59.5,,,3.0
2025,7.0,Oklahoma State,Houston,47.5,,,3.0
2025,7.0,Ole Miss,Washington State,58.5,,,3.0
2025,7.0,Oregon,Indiana,51.5,,,3.0
2025,7.0,Oregon State,Wake Forest,47.5,,,3.0
2025,7.0,Penn State,Northwestern,46.5,,,3.0
2025,7.0,Pennsylvania,Marist,52.5,,,1.0
2025,7.0,Princeton,Mercer,53.5,,,1.0
2025,7.0,Rhode Island,New Hampshire,45.5,,,1.0
2025,7.0,Robert Morris,Central Connecticut,45.5,,,1.0
2025,7.0,SMU,Stanford,55.5,,,3.0
2025,7.0,Sacred Heart,Howard,47.5,,,1.0
2025,7.0,Sam Houston,Jacksonville State,53.5,,,3.0
2025,7.0,South Dakota State,Northern Iowa,47.5,,,1.0
2025,7.0,Southeast Missouri State,Tennessee State,50.5,,,1.0
2025,7.0,Stetson,Morehead State,54.5,,,1.0
2025,7.0,Temple,Navy,52.5,,,3.0
2025,7.0,Tennessee,Arkansas,68.5,,,3.0
2025,7.0,Texas,Oklahoma,44.5,,,3.0
2025,7.0,Texas A&M,Florida,48.0,,,3.0
2025,7.0,Texas State,Troy,53.5,,,3.0
2025,7.0,Texas Tech,Kansas,58.5,,,3.0
2025,7.0,Towson,Monmouth,75.5,,,1.0
2025,7.0,Tulane,East Carolina,53.5,,,3.0
2025,7.0,UC Davis,Northern Arizona,62.5,,,1.0
2025,7.0,UNLV,Air Force,65.5,,,3.0
2025,7.0,USC,Michigan,58.0,,,3.0
2025,7.0,UT Martin,Western Illinois,62.5,,,1.0
2025,7.0,UTEP,Liberty,46.5,,,3.0
2025,7.0,UTSA,Rice,48.5,,,3.0
2025,7.0,Utah,Arizona State,44.5,,,3.0
2025,7.0,Utah Tech,Tarleton State,59.5,,,1.0
2025,7.0,Valparaiso,Dayton,44.5,,,1.0
2025,7.0,Wagner,Mercyhurst,46.5,,,1.0
2025,7.0,Washington,Rutgers,62.5,,,3.0
2025,7.0,Weber State,Sacramento State,55.5,,,1.0
2025,7.0,West Georgia,Abilene Christian,53.5,,,1.0
2025,7.0,Western Carolina,Furman,67.5,,,1.0
2025,7.0,Western Michigan,Ball State,43.0,,,3.0
2025,7.0,Wisconsin,Iowa,37.5,,,3.0
2025,7.0,Wofford,Norfolk State,44.5,,,1.0
2025,7.0,Wyoming,San José State,49.5,,,3.0
2025,8.0,Air Force,Wyoming,56.5,,,3.0
2025,8.0,Alabama,Tennessee,60.5,,,3.0
2025,8.0,App State,Coastal Carolina,48.0,,,3.0
2025,8.0,Arizona State,Texas Tech,52.5,,,3.0
2025,8.0,Arkansas,Texas A&M,57.5,,,3.0
2025,8.0,Arkansas-Pine Bluff,Grambling,54.5,,,1.0
2025,8.0,Auburn,Missouri,43.5,,,3.0
2025,8.0,BYU,Utah,49.5,,,3.0
2025,8.0,Ball State,Akron,44.0,,,3.0
2025,8.0,Boise State,UNLV,61.0,,,3.0
2025,8.0,Boston College,UConn,58.5,,,3.0
2025,8.0,Bowling Green,Central Michigan,43.5,,,3.0
2025,8.0,Brown,Princeton,51.5,,,1.0
2025,8.0,California,North Carolina,46.5,,,3.0
2025,8.0,Campbell,New Hampshire,52.5,,,1.0
2025,8.0,Charlotte,Temple,47.5,,,3.0
2025,8.0,Chattanooga,East Tennessee State,52.5,,,1.0
2025,8.0,Clemson,SMU,49.5,,,3.0
2025,8.0,Colorado State,Hawai'i,53.5,,,3.0
2025,8.0,Columbia,Pennsylvania,46.5,,,1.0
2025,8.0,Cornell,Bucknell,60.5,,,1.0
2025,8.0,Dayton,Butler,46.5,,,1.0
2025,8.0,Drake,Davidson,58.5,,,1.0
2025,8.0,Duke,Georgia Tech,60.5,,,3.0
2025,8.0,East Carolina,Tulsa,54.5,,,3.0
2025,8.0,Eastern Washington,Idaho,59.5,,,1.0
2025,8.0,Florida,Mississippi State,51.0,,,3.0
2025,8.0,Florida A&M,Alcorn State,45.5,,,1.0
2025,8.0,Fordham,Dartmouth,54.5,,,1.0
2025,8.0,Gardner-Webb,UT Martin,55.5,,,1.0
2025,8.0,Georgetown,Colgate,55.5,,,1.0
2025,8.0,Georgia,Ole Miss,56.5,,,3.0
2025,8.0,Georgia Southern,Georgia State,58.5,,,3.0
2025,8.0,Harvard,Merrimack,49.5,,,1.0
2025,8.0,Houston,Arizona,47.5,,,3.0
2025,8.0,Illinois State,Youngstown State,56.5,,,1.0
2025,8.0,Incarnate Word,East Texas A&M,56.5,,,1.0
2025,8.0,Indiana,Michigan State,49.5,,,3.0
2025,8.0,Indiana State,North Dakota State,56.5,,,1.0
2025,8.0,Iowa,Penn State,41.5,,,3.0
2025,8.0,Jacksonville State,Delaware,55.5,,,3.0
2025,8.0,James Madison,Old Dominion,47.5,,,3.0
2025,8.0,Kentucky,Texas,45.5,,,3.0
2025,8.0,Lamar,UT Rio Grande Valley,51.5,,,1.0
2025,8.0,Liberty,New Mexico State,48.5,,,3.0
2025,8.0,Lindenwood,Tennessee Tech,54.5,,,1.0
2025,8.0,Long Island University,Robert Morris,42.5,,,1.0
2025,8.0,Louisiana,Southern Miss,54.5,,,3.0
2025,8.0,Marshall,Texas State,65.5,,,3.0
2025,8.0,Massachusetts,Buffalo,47.5,,,3.0
2025,8.0,McNeese,Houston Christian,49.5,,,1.0
2025,8.0,Mercyhurst,Duquesne,51.5,,,1.0
2025,8.0,Miami,Louisville,49.5,,,3.0
2025,8.0,Miami (OH),Eastern Michigan,47.5,,,3.0
2025,8.0,Michigan,Washington,50.5,,,3.0
2025,8.0,Minnesota,Nebraska,47.5,,,3.0
2025,8.0,Monmouth,Stony Brook,73.5,,,1.0
2025,8.0,Montana,Sacred Heart,57.5,,,1.0
2025,8.0,Morehead State,Marist,46.5,,,1.0
2025,8.0,Murray State,South Dakota State,56.5,,,1.0
2025,8.0,New Mexico,Nevada,49.5,,,3.0
2025,8.0,North Alabama,Eastern Kentucky,51.5,,,1.0
2025,8.0,North Texas,UTSA,64.0,,,3.0
2025,8.0,Northern Iowa,South Dakota,46.5,,,1.0
2025,8.0,Northwestern,Purdue,47.0,,,3.0
2025,8.0,Notre Dame,USC,60.5,,,3.0
2025,8.0,Ohio,Northern Illinois,41.5,,,3.0
2025,8.0,Oklahoma State,Cincinnati,57.5,,,3.0
2025,8.0,Oregon State,Lafayette,56.5,,,3.0
2025,8.0,Portland State,Weber State,53.5,,,1.0
2025,8.0,Presbyterian,Stetson,56.5,,,1.0
2025,8.0,Richmond,Holy Cross,42.5,,,1.0
2025,8.0,Rutgers,Oregon,62.0,,,3.0
2025,8.0,SE Louisiana,Northwestern State,53.5,,,1.0
2025,8.0,Sacramento State,Northern Colorado,54.5,,,1.0
2025,8.0,Sam Houston,UTEP,46.5,,,3.0
2025,8.0,South Alabama,Arkansas State,57.5,,,3.0
2025,8.0,South Carolina,Oklahoma,43.0,,,3.0
2025,8.0,South Florida,Florida Atlantic,72.5,,,3.0
2025,8.0,Southeast Missouri State,Eastern Illinois,52.5,,,1.0
2025,8.0,Southern,Prairie View A&M,46.5,,,1.0
2025,8.0,Southern Illinois,North Dakota,59.5,,,1.0
2025,8.0,Southern Utah,Abilene Christian,62.5,,,1.0
2025,8.0,St. Thomas (MN),Valparaiso,48.5,,,1.0
2025,8.0,Stanford,Florida State,55.5,,,3.0
2025,8.0,Stephen F. Austin,Nicholls,47.5,,,1.0
2025,8.0,Syracuse,Pittsburgh,54.5,,,3.0
2025,8.0,TCU,Baylor,66.5,,,3.0
2025,8.0,Tarleton State,West Georgia,56.5,,,1.0
2025,8.0,Tennessee State,Howard,41.5,,,1.0
2025,8.0,Toledo,Kent State,48.5,,,3.0
2025,8.0,Tulane,Army,44.5,,,3.0
2025,8.0,UAB,Memphis,59.5,,,3.0
2025,8.0,UAlbany,Rhode Island,47.5,,,1.0
2025,8.0,UCF,West Virginia,46.5,,,3.0
2025,8.0,UCLA,Maryland,52.5,,,3.0
2025,8.0,UL Monroe,Troy,45.5,,,3.0
2025,8.0,Utah State,San José State,63.5,,,3.0
2025,8.0,VMI,Samford,53.5,,,1.0
2025,8.0,Vanderbilt,LSU,48.5,,,3.0
2025,8.0,Villanova,Hampton,55.5,,,1.0
2025,8.0,Virginia,Washington State,56.5,,,3.0
2025,8.0,Western Illinois,Charleston Southern,55.5,,,1.0
2025,8.0,Western Kentucky,Florida International,55.5,,,3.0
2025,8.0,William & Mary,Elon,53.5,,,1.0
2025,8.0,Wisconsin,Ohio State,41.5,,,3.0
2025,8.0,Wofford,Furman,41.5,,,1.0
2025,8.0,Yale,Stonehill,44.5,,,1.0
2025,9.0,Alabama A&M,Alabama State,61.5,,,1.0
2025,9.0,Alcorn State,Mississippi Valley State,50.5,,,1.0
2025,9.0,Arizona State,Houston,47.0,,,3.0
2025,9.0,Arkansas,Auburn,56.0,,,3.0
2025,9.0,Arkansas State,Georgia Southern,59.5,,,3.0
2025,9.0,Austin Peay,North Alabama,57.5,,,1.0
2025,9.0,Bethune-Cookman,Arkansas-Pine Bluff,56.5,,,1.0
2025,9.0,Bucknell,Georgetown,57.5,,,1.0
2025,9.0,Buffalo,Akron,48.5,,,3.0
2025,9.0,Cal Poly,Montana State,55.5,,,1.0
2025,9.0,Central Michigan,Massachusetts,46.5,,,3.0
2025,9.0,Charleston Southern,Eastern Illinois,46.5,,,1.0
2025,9.0,Charlotte,North Texas,60.5,,,3.0
2025,9.0,Cincinnati,Baylor,68.5,,,3.0
2025,9.0,Cornell,Brown,50.5,,,1.0
2025,9.0,Dartmouth,Columbia,46.5,,,1.0
2025,9.0,Davidson,San Diego,56.5,,,1.0
2025,9.0,Dayton,Presbyterian,50.5,,,1.0
2025,9.0,Delaware,Middle Tennessee,55.5,,,3.0
2025,9.0,East Tennessee State,Wofford,50.5,,,1.0
2025,9.0,East Texas A&M,Stephen F. Austin,59.5,,,1.0
2025,9.0,Eastern Kentucky,Tarleton State,58.5,,,1.0
2025,9.0,Eastern Michigan,Ohio,60.5,,,3.0
2025,9.0,Florida International,Kennesaw State,48.5,,,3.0
2025,9.0,Fordham,Lehigh,51.5,,,1.0
2025,9.0,Fresno State,San Diego State,46.0,,,3.0
2025,9.0,Furman,The Citadel,47.5,,,1.0
2025,9.0,Georgia State,South Alabama,54.0,,,3.0
2025,9.0,Georgia Tech,Syracuse,52.5,,,3.0
2025,9.0,Grambling,Jackson State,56.5,,,1.0
2025,9.0,Hampton,Monmouth,68.5,,,1.0
2025,9.0,Holy Cross,Colgate,51.5,,,1.0
2025,9.0,Houston Christian,SE Louisiana,52.5,,,1.0
2025,9.0,Howard,Morgan State,44.5,,,1.0
2025,9.0,Idaho,Portland State,55.5,,,1.0
2025,9.0,Idaho State,Northern Arizona,62.5,,,1.0
2025,9.0,Indiana,UCLA,53.5,,,3.0
2025,9.0,Iowa,Minnesota,39.5,,,3.0
2025,9.0,Iowa State,BYU,49.0,,,3.0
2025,9.0,Kansas,Kansas State,55.5,,,3.0
2025,9.0,Kent State,Bowling Green,47.5,,,3.0
2025,9.0,Kentucky,Tennessee,55.0,,,3.0
2025,9.0,LSU,Texas A&M,50.5,,,3.0
2025,9.0,Lindenwood,Gardner-Webb,57.5,,,1.0
2025,9.0,Long Island University,New Haven,46.5,,,1.0
2025,9.0,Louisiana Tech,Western Kentucky,49.5,,,3.0
2025,9.0,Louisville,Boston College,54.5,,,3.0
2025,9.0,Maine,Elon,49.5,,,1.0
2025,9.0,Marist,Drake,47.5,,,1.0
2025,9.0,Memphis,South Florida,58.5,,,3.0
2025,9.0,Mercer,VMI,51.5,,,1.0
2025,9.0,Mercyhurst,Stonehill,44.5,,,1.0
2025,9.0,Miami,Stanford,45.5,,,3.0
2025,9.0,Miami (OH),Western Michigan,40.5,,,3.0
2025,9.0,Michigan State,Michigan,47.5,,,3.0
2025,9.0,Mississippi State,Texas,48.5,,,3.0
2025,9.0,Navy,Florida Atlantic,63.5,,,3.0
2025,9.0,Nebraska,Northwestern,44.5,,,3.0
2025,9.0,Nevada,Boise State,50.5,,,3.0
2025,9.0,New Hampshire,William & Mary,48.5,,,1.0
2025,9.0,New Mexico,Utah State,61.0,,,3.0
2025,9.0,New Mexico State,Missouri State,51.5,,,3.0
2025,9.0,Nicholls,McNeese,43.5,,,1.0
2025,9.0,Norfolk State,South Carolina State,53.5,,,1.0
2025,9.0,North Carolina,Virginia,50.5,,,3.0
2025,9.0,North Carolina A&T,Campbell,55.5,,,1.0
2025,9.0,North Carolina Central,Delaware State,63.5,,,1.0
2025,9.0,North Dakota,Indiana State,55.5,,,1.0
2025,9.0,Northern Colorado,UC Davis,57.5,,,1.0
2025,9.0,Northern Illinois,Ball State,42.0,,,3.0
2025,9.0,Northwestern State,Lamar,47.5,,,1.0
2025,9.0,Oklahoma,Ole Miss,52.5,,,3.0
2025,9.0,Old Dominion,App State,62.5,,,3.0
2025,9.0,Oregon,Wisconsin,45.0,,,3.0
2025,9.0,Pittsburgh,NC State,52.5,,,3.0
2025,9.0,Princeton,Harvard,53.5,,,1.0
2025,9.0,Purdue,Rutgers,60.5,,,3.0
2025,9.0,Rice,UConn,48.5,,,3.0
2025,9.0,Sacramento State,Montana,61.5,,,1.0
2025,9.0,Samford,Chattanooga,54.5,,,1.0
2025,9.0,South Carolina,Alabama,47.5,,,3.0
2025,9.0,South Dakota,Illinois State,54.5,,,1.0
2025,9.0,South Dakota State,North Dakota State,45.5,,,1.0
2025,9.0,Southern,Florida A&M,48.5,,,1.0
2025,9.0,Southern Illinois,Northern Iowa,50.5,,,1.0
2025,9.0,Southern Miss,UL Monroe,48.5,,,3.0
2025,9.0,St. Francis (PA),Robert Morris,39.5,,,1.0
2025,9.0,Stetson,St. Thomas (MN),54.5,,,1.0
2025,9.0,Stony Brook,Towson,52.5,,,1.0
2025,9.0,Tennessee State,Western Illinois,54.5,,,1.0
2025,9.0,Tennessee Tech,Southeast Missouri State,60.5,,,1.0
2025,9.0,Texas Tech,Oklahoma State,56.5,,,3.0
2025,9.0,Troy,Louisiana,47.5,,,3.0
2025,9.0,Tulsa,Temple,52.5,,,3.0
2025,9.0,UT Rio Grande Valley,Incarnate Word,54.5,,,1.0
2025,9.0,Utah,Colorado,50.0,,,3.0
2025,9.0,Utah Tech,Southern Utah,59.5,,,1.0
2025,9.0,Valparaiso,Morehead State,48.5,,,1.0
2025,9.0,Vanderbilt,Missouri,52.5,,,3.0
2025,9.0,Villanova,UAlbany,51.5,,,1.0
2025,9.0,Virginia Tech,California,50.5,,,3.0
2025,9.0,Wagner,Duquesne,47.5,,,1.0
2025,9.0,Wake Forest,SMU,52.5,,,3.0
2025,9.0,Washington,Illinois,54.5,,,3.0
2025,9.0,Washington State,Toledo,44.5,,,3.0
2025,9.0,Weber State,Eastern Washington,57.5,,,1.0
2025,9.0,West Georgia,Central Arkansas,53.5,,,1.0
2025,9.0,West Virginia,TCU,55.5,,,3.0
2025,9.0,Wyoming,Colorado State,46.5,,,3.0
2025,9.0,Yale,Pennsylvania,53.5,,,1.0
2025,10.0,Abilene Christian,Tarleton State,60.5,,,1.0
2025,10.0,Air Force,Army,48.5,,,3.0
2025,10.0,Arkansas,Mississippi State,66.5,,,3.0
2025,10.0,Arkansas-Pine Bluff,Southern,52.5,,,1.0
2025,10.0,Auburn,Kentucky,44.5,,,3.0
2025,10.0,Baylor,UCF,58.5,,,3.0
2025,10.0,Bethune-Cookman,Mississippi Valley State,58.5,,,1.0
2025,10.0,Boise State,Fresno State,47.5,,,3.0
2025,10.0,Boston College,Notre Dame,55.5,,,3.0
2025,10.0,Bowling Green,Buffalo,44.5,,,3.0
2025,10.0,Bryant,Monmouth,59.5,,,1.0
2025,10.0,Butler,Drake,47.5,,,1.0
2025,10.0,Cal Poly,Portland State,54.5,,,1.0
2025,10.0,California,Virginia,52.5,,,3.0
2025,10.0,Central Arkansas,Eastern Kentucky,52.5,,,1.0
2025,10.0,Central Connecticut,Long Island University,42.5,,,1.0
2025,10.0,Chattanooga,Western Carolina,62.5,,,1.0
2025,10.0,Clemson,Duke,55.0,,,3.0
2025,10.0,Coastal Carolina,Marshall,55.5,,,3.0
2025,10.0,Colgate,Merrimack,47.5,,,1.0
2025,10.0,Colorado,Arizona,52.5,,,3.0
2025,10.0,Cornell,Princeton,50.5,,,1.0
2025,10.0,Delaware State,Norfolk State,57.5,,,1.0
2025,10.0,Eastern Illinois,UT Martin,50.5,,,1.0
2025,10.0,Eastern Washington,Sacramento State,59.5,,,1.0
2025,10.0,Florida,Georgia,50.5,,,3.0
2025,10.0,Florida A&M,Jackson State,53.5,,,1.0
2025,10.0,Florida State,Wake Forest,50.5,,,3.0
2025,10.0,Furman,Mercer,52.5,,,1.0
2025,10.0,Grambling,Alabama A&M,56.5,,,1.0
2025,10.0,Harvard,Dartmouth,48.5,,,1.0
2025,10.0,Holy Cross,Lafayette,49.5,,,1.0
2025,10.0,Houston,West Virginia,48.5,,,3.0
2025,10.0,Howard,North Carolina Central,51.5,,,1.0
2025,10.0,Illinois,Rutgers,63.5,,,3.0
2025,10.0,Illinois State,Northern Iowa,49.5,,,1.0
2025,10.0,Incarnate Word,Lamar,52.5,,,1.0
2025,10.0,Iowa State,Arizona State,48.5,,,3.0
2025,10.0,Kansas,Oklahoma State,54.5,,,3.0
2025,10.0,Kansas State,Texas Tech,51.5,,,3.0
2025,10.0,Kennesaw State,UTEP,53.0,,,3.0
2025,10.0,Lehigh,Georgetown,47.5,,,1.0
2025,10.0,Liberty,Delaware,52.5,,,3.0
2025,10.0,Louisiana Tech,Sam Houston,48.0,,,3.0
2025,10.0,Maine,Stony Brook,46.5,,,1.0
2025,10.0,Maryland,Indiana,50.5,,,3.0
2025,10.0,McNeese,Northwestern State,48.5,,,1.0
2025,10.0,Michigan,Purdue,48.5,,,3.0
2025,10.0,Middle Tennessee,Jacksonville State,54.0,,,3.0
2025,10.0,Minnesota,Michigan State,44.5,,,3.0
2025,10.0,Missouri State,Florida International,50.0,,,3.0
2025,10.0,Morehead State,Davidson,58.5,,,1.0
2025,10.0,Murray State,Southern Illinois,58.5,,,1.0
2025,10.0,NC State,Georgia Tech,58.5,,,3.0
2025,10.0,Nebraska,USC,59.5,,,3.0
2025,10.0,Nicholls,Houston Christian,41.5,,,1.0
2025,10.0,North Carolina A&T,Towson,49.5,,,1.0
2025,10.0,North Dakota State,Youngstown State,60.5,,,1.0
2025,10.0,North Texas,Navy,68.5,,,3.0
2025,10.0,Northern Arizona,Idaho,52.5,,,1.0
2025,10.0,Northern Colorado,Montana State,52.5,,,1.0
2025,10.0,Ohio State,Penn State,45.5,,,3.0
2025,10.0,Ole Miss,South Carolina,55.5,,,3.0
2025,10.0,Oregon State,Washington State,47.5,,,3.0
2025,10.0,Pennsylvania,Brown,50.5,,,1.0
2025,10.0,Prairie View A&M,Alabama State,52.5,,,1.0
2025,10.0,Presbyterian,Valparaiso,51.5,,,1.0
2025,10.0,Rice,Memphis,48.5,,,3.0
2025,10.0,Richmond,Fordham,48.5,,,1.0
2025,10.0,SE Louisiana,East Texas A&M,55.5,,,1.0
2025,10.0,SMU,Miami,50.5,,,3.0
2025,10.0,Sacred Heart,New Haven,49.5,,,1.0
2025,10.0,San Diego,Dayton,48.5,,,1.0
2025,10.0,San Diego State,Wyoming,42.0,,,3.0
2025,10.0,San José State,Hawai'i,55.5,,,3.0
2025,10.0,South Alabama,Louisiana,52.5,,,3.0
2025,10.0,South Carolina State,Morgan State,53.5,,,1.0
2025,10.0,South Dakota,North Dakota,51.5,,,1.0
2025,10.0,South Dakota State,Indiana State,53.5,,,1.0
2025,10.0,Southeast Missouri State,Charleston Southern,50.5,,,1.0
2025,10.0,Southern Utah,Austin Peay,61.5,,,1.0
2025,10.0,St. Francis (PA),Wagner,37.5,,,1.0
2025,10.0,St. Thomas (MN),Marist,50.5,,,1.0
2025,10.0,Stanford,Pittsburgh,51.5,,,3.0
2025,10.0,Stephen F. Austin,UT Rio Grande Valley,55.5,,,1.0
2025,10.0,Stonehill,Robert Morris,40.5,,,1.0
2025,10.0,Syracuse,North Carolina,45.5,,,3.0
2025,10.0,Temple,East Carolina,58.5,,,3.0
2025,10.0,Tennessee,Oklahoma,55.5,,,3.0
2025,10.0,Tennessee State,Lindenwood,47.5,,,1.0
2025,10.0,Tennessee Tech,Gardner-Webb,62.5,,,1.0
2025,10.0,Texas,Vanderbilt,48.5,,,3.0
2025,10.0,Texas Southern,Alcorn State,47.5,,,1.0
2025,10.0,Texas State,James Madison,55.5,,,3.0
2025,10.0,The Citadel,VMI,48.5,,,1.0
2025,10.0,Troy,Arkansas State,52.5,,,3.0
2025,10.0,UC Davis,Idaho State,64.5,,,1.0
2025,10.0,UConn,UAB,61.5,,,3.0
2025,10.0,UL Monroe,Old Dominion,55.5,,,3.0
2025,10.0,UNLV,New Mexico,61.5,,,3.0
2025,10.0,UTSA,Tulane,54.5,,,3.0
2025,10.0,Utah,Cincinnati,57.5,,,3.0
2025,10.0,Utah Tech,North Alabama,54.5,,,1.0
2025,10.0,Virginia Tech,Louisville,52.5,,,3.0
2025,10.0,Weber State,Montana,61.5,,,1.0
2025,10.0,Western Kentucky,New Mexico State,53.5,,,3.0
2025,10.0,Western Michigan,Central Michigan,43.5,,,3.0
2025,10.0,William & Mary,UAlbany,50.5,,,1.0
2025,10.0,Wofford,Samford,47.5,,,1.0
2025,10.0,Yale,Columbia,46.5,,,1.0
2025,11.0,Abilene Christian,Utah Tech,53.5,,,1.0
2025,11.0,Akron,Massachusetts,51.5,,,3.0
2025,11.0,Alabama,LSU,49.5,,,3.0
2025,11.0,Alabama A&M,Prairie View A&M,52.5,,,1.0
2025,11.0,Alabama State,Texas Southern,53.5,,,1.0
2025,11.0,Alcorn State,Southern,47.5,,,1.0
2025,11.0,App State,Georgia Southern,61.5,,,3.0
2025,11.0,Arizona,Kansas,56.5,,,3.0
2025,11.0,Arkansas State,Southern Miss,54.5,,,3.0
2025,11.0,Arkansas-Pine Bluff,Florida A&M,52.5,,,1.0
2025,11.0,Army,Temple,45.5,,,3.0
2025,11.0,Austin Peay,Central Arkansas,55.5,,,1.0
2025,11.0,Ball State,Kent State,48.5,,,3.0
2025,11.0,Boston College,SMU,54.5,,,3.0
2025,11.0,Brown,Yale,50.5,,,1.0
2025,11.0,Campbell,William & Mary,56.5,,,1.0
2025,11.0,Central Connecticut,Stonehill,41.5,,,1.0
2025,11.0,Chattanooga,Furman,51.5,,,1.0
2025,11.0,Clemson,Florida State,56.5,,,3.0
2025,11.0,Coastal Carolina,Georgia State,56.5,,,3.0
2025,11.0,Colorado State,UNLV,61.0,,,3.0
2025,11.0,Columbia,Harvard,48.5,,,1.0
2025,11.0,Dartmouth,Princeton,49.5,,,1.0
2025,11.0,Davidson,Presbyterian,57.5,,,1.0
2025,11.0,Delaware,Louisiana Tech,56.5,,,3.0
2025,11.0,Drake,St. Thomas (MN),47.5,,,1.0
2025,11.0,East Carolina,Charlotte,56.5,,,3.0
2025,11.0,East Texas A&M,McNeese,53.5,,,1.0
2025,11.0,Eastern Illinois,Tennessee Tech,52.5,,,1.0
2025,11.0,Eastern Kentucky,Southern Utah,55.5,,,1.0
2025,11.0,Eastern Michigan,Bowling Green,49.5,,,3.0
2025,11.0,Elon,Rhode Island,49.5,,,1.0
2025,11.0,Florida Atlantic,Tulsa,60.5,,,3.0
2025,11.0,Fordham,Bucknell,56.5,,,1.0
2025,11.0,Gardner-Webb,Southeast Missouri State,56.5,,,1.0
2025,11.0,Georgetown,Richmond,45.5,,,1.0
2025,11.0,Grambling,Bethune-Cookman,53.5,,,1.0
2025,11.0,Hampton,Maine,50.5,,,1.0
2025,11.0,Hawai'i,San Diego State,48.0,,,3.0
2025,11.0,Houston Christian,Stephen F. Austin,48.5,,,1.0
2025,11.0,Idaho,UC Davis,59.5,,,1.0
2025,11.0,Idaho State,Cal Poly,62.5,,,1.0
2025,11.0,Indiana State,Illinois State,58.5,,,1.0
2025,11.0,Iowa,Oregon,41.5,,,3.0
2025,11.0,Kentucky,Florida,44.5,,,3.0
2025,11.0,Lafayette,Colgate,58.5,,,1.0
2025,11.0,Lamar,SE Louisiana,49.5,,,1.0
2025,11.0,Lehigh,Holy Cross,45.5,,,1.0
2025,11.0,Liberty,Missouri State,51.5,,,3.0
2025,11.0,Long Island University,Duquesne,43.5,,,1.0
2025,11.0,Louisiana,Texas State,63.5,,,3.0
2025,11.0,Louisville,California,49.0,,,3.0
2025,11.0,Marist,Stetson,47.5,,,1.0
2025,11.0,Marshall,James Madison,53.5,,,3.0
2025,11.0,Memphis,Tulane,53.5,,,3.0
2025,11.0,Miami,Syracuse,46.5,,,3.0
2025,11.0,Middle Tennessee,Florida International,50.5,,,3.0
2025,11.0,Mississippi State,Georgia,56.5,,,3.0
2025,11.0,Mississippi Valley State,Jackson State,56.5,,,1.0
2025,11.0,Missouri,Texas A&M,48.5,,,3.0
2025,11.0,Monmouth,New Hampshire,61.5,,,1.0
2025,11.0,Montana,Eastern Washington,62.5,,,1.0
2025,11.0,Montana State,Weber State,57.5,,,1.0
2025,11.0,Morehead State,Butler,47.5,,,1.0
2025,11.0,Morgan State,Delaware State,54.5,,,1.0
2025,11.0,New Haven,Merrimack,44.5,,,1.0
2025,11.0,New Mexico State,Kennesaw State,52.5,,,3.0
2025,11.0,North Alabama,West Georgia,57.5,,,1.0
2025,11.0,North Carolina,Stanford,41.5,,,3.0
2025,11.0,North Carolina Central,Norfolk State,56.5,,,1.0
2025,11.0,North Dakota,North Dakota State,53.5,,,1.0
2025,11.0,Northern Arizona,Northern Colorado,56.5,,,1.0
2025,11.0,Northern Iowa,Murray State,49.5,,,1.0
2025,11.0,Northwestern State,Incarnate Word,54.5,,,1.0
2025,11.0,Notre Dame,Navy,54.5,,,3.0
2025,11.0,Ohio,Miami (OH),50.5,,,3.0
2025,11.0,Ole Miss,The Citadel,63.5,,,3.0
2025,11.0,Oregon State,Sam Houston,52.5,,,3.0
2025,11.0,Penn State,Indiana,50.5,,,3.0
2025,11.0,Pennsylvania,Cornell,50.5,,,1.0
2025,11.0,Portland State,Sacramento State,59.5,,,1.0
2025,11.0,Purdue,Ohio State,49.5,,,3.0
2025,11.0,Rice,UAB,51.5,,,3.0
2025,11.0,Robert Morris,Wagner,37.5,,,1.0
2025,11.0,Rutgers,Maryland,56.5,,,3.0
2025,11.0,Samford,East Tennessee State,56.5,,,1.0
2025,11.0,San José State,Air Force,67.5,,,3.0
2025,11.0,South Carolina State,Howard,49.5,,,1.0
2025,11.0,South Dakota,South Dakota State,46.5,,,1.0
2025,11.0,South Florida,UTSA,66.5,,,3.0
2025,11.0,St. Francis (PA),Mercyhurst,43.5,,,1.0
2025,11.0,Stony Brook,North Carolina A&T,53.5,,,1.0
2025,11.0,TCU,Iowa State,58.5,,,3.0
2025,11.0,Texas Tech,BYU,50.25,,,2.0
2025,11.0,Toledo,Northern Illinois,42.0,,,3.0
2025,11.0,Towson,Villanova,51.5,,,1.0
2025,11.0,UAlbany,Bryant,44.5,,,1.0
2025,11.0,UCF,Houston,47.5,,,3.0
2025,11.0,UCLA,Nebraska,45.5,,,3.0
2025,11.0,UConn,Duke,63.0,,,3.0
2025,11.0,USC,Northwestern,54.5,,,3.0
2025,11.0,UT Martin,Tennessee State,48.5,,,1.0
2025,11.0,UTEP,Jacksonville State,46.5,,,3.0
2025,11.0,Utah State,Nevada,52.5,,,3.0
2025,11.0,VMI,Wofford,44.5,,,1.0
2025,11.0,Valparaiso,San Diego,48.5,,,1.0
2025,11.0,Vanderbilt,Auburn,46.5,,,3.0
2025,11.0,Virginia,Wake Forest,48.5,,,3.0
2025,11.0,West Virginia,Colorado,51.5,,,3.0
2025,11.0,Western Carolina,Mercer,65.5,,,1.0
2025,11.0,Western Illinois,Lindenwood,57.5,,,1.0
2025,11.0,Wisconsin,Washington,44.5,,,3.0
2025,11.0,Youngstown State,Southern Illinois,59.5,,,1.0
2025,12.0,Akron,Kent State,49.5,,,3.0
2025,12.0,Alabama,Oklahoma,45.5,,,3.0
2025,12.0,Alabama A&M,Florida A&M,54.5,,,1.0
2025,12.0,Alcorn State,Grambling,45.5,,,1.0
2025,12.0,Arizona State,West Virginia,46.5,,,3.0
2025,12.0,Austin Peay,Samford,55.5,,,1.0
2025,12.0,BYU,TCU,51.5,,,3.0
2025,12.0,Ball State,Eastern Michigan,48.5,,,3.0
2025,12.0,Baylor,Utah,60.5,,,3.0
2025,12.0,Boston College,Georgia Tech,61.5,,,3.0
2025,12.0,Bryant,New Hampshire,46.5,,,1.0
2025,12.0,Bucknell,Holy Cross,52.5,,,1.0
2025,12.0,Campbell,Elon,52.5,,,1.0
2025,12.0,Central Michigan,Buffalo,44.5,,,3.0
2025,12.0,Charlotte,UTSA,57.5,,,3.0
2025,12.0,Cincinnati,Arizona,56.5,,,3.0
2025,12.0,Colgate,Lehigh,54.5,,,1.0
2025,12.0,Columbia,Brown,47.5,,,1.0
2025,12.0,Dartmouth,Cornell,47.5,,,1.0
2025,12.0,Dayton,Drake,43.5,,,1.0
2025,12.0,Delaware State,Howard,50.5,,,1.0
2025,12.0,Duke,Virginia,60.0,,,3.0
2025,12.0,Duquesne,Central Connecticut,46.5,,,1.0
2025,12.0,East Carolina,Memphis,57.0,,,3.0
2025,12.0,East Texas A&M,Houston Christian,51.5,,,1.0
2025,12.0,Eastern Kentucky,Abilene Christian,48.5,,,1.0
2025,12.0,Eastern Washington,Northern Colorado,54.5,,,1.0
2025,12.0,Florida International,Liberty,51.5,,,3.0
2025,12.0,Florida State,Virginia Tech,55.0,,,3.0
2025,12.0,Fresno State,Wyoming,40.5,,,3.0
2025,12.0,Furman,VMI,51.5,,,1.0
2025,12.0,Georgetown,Fordham,49.5,,,1.0
2025,12.0,Georgia,Texas,50.5,,,3.0
2025,12.0,Georgia Southern,Coastal Carolina,59.5,,,3.0
2025,12.0,Georgia State,Marshall,59.5,,,3.0
2025,12.0,Hampton,William & Mary,53.5,,,1.0
2025,12.0,Harvard,Pennsylvania,51.5,,,1.0
2025,12.0,Idaho State,Weber State,59.5,,,1.0
2025,12.0,Illinois,Maryland,51.5,,,3.0
2025,12.0,Incarnate Word,SE Louisiana,54.5,,,1.0
2025,12.0,Indiana,Wisconsin,43.5,,,3.0
2025,12.0,Jackson State,Bethune-Cookman,59.5,,,1.0
2025,12.0,Jacksonville State,Kennesaw State,56.0,,,3.0
2025,12.0,James Madison,App State,53.5,,,3.0
2025,12.0,Kentucky,Tennessee Tech,52.5,,,3.0
2025,12.0,LSU,Arkansas,58.5,,,3.0
2025,12.0,Lindenwood,Eastern Illinois,49.5,,,1.0
2025,12.0,Louisville,Clemson,50.5,,,3.0
2025,12.0,Maine,Rhode Island,49.5,,,1.0
2025,12.0,Marist,Davidson,55.5,,,1.0
2025,12.0,Massachusetts,Northern Illinois,43.5,,,3.0
2025,12.0,Mercer,Chattanooga,57.5,,,1.0
2025,12.0,Mercyhurst,Robert Morris,37.5,,,1.0
2025,12.0,Miami,NC State,54.5,,,3.0
2025,12.0,Miami (OH),Toledo,44.5,,,3.0
2025,12.0,Michigan State,Penn State,49.0,,,3.0
2025,12.0,Mississippi Valley State,Alabama State,54.5,,,1.0
2025,12.0,Missouri,Mississippi State,50.5,,,3.0
2025,12.0,Missouri State,UTEP,48.5,,,3.0
2025,12.0,Montana State,UC Davis,61.5,,,1.0
2025,12.0,Murray State,North Dakota,55.5,,,1.0
2025,12.0,Navy,South Florida,62.5,,,3.0
2025,12.0,Nevada,San José State,49.5,,,3.0
2025,12.0,New Mexico,Colorado State,53.5,,,3.0
2025,12.0,Nicholls,Northwestern State,45.5,,,1.0
2025,12.0,Norfolk State,Morgan State,50.5,,,1.0
2025,12.0,North Carolina A&T,Monmouth,58.5,,,1.0
2025,12.0,North Carolina Central,South Carolina State,57.5,,,1.0
2025,12.0,North Dakota State,Northern Iowa,47.5,,,1.0
2025,12.0,Northern Arizona,Cal Poly,57.5,,,1.0
2025,12.0,Northwestern,Michigan,42.0,,,3.0
2025,12.0,Ohio State,UCLA,46.5,,,3.0
2025,12.0,Oklahoma State,Kansas State,50.5,,,3.0
2025,12.0,Old Dominion,Troy,53.5,,,3.0
2025,12.0,Ole Miss,Florida,53.5,,,3.0
2025,12.0,Oregon,Minnesota,46.0,,,3.0
2025,12.0,Pittsburgh,Notre Dame,55.0,,,3.0
2025,12.0,Portland State,Montana,60.5,,,1.0
2025,12.0,Prairie View A&M,Arkansas-Pine Bluff,50.5,,,1.0
2025,12.0,Princeton,Yale,51.5,,,1.0
2025,12.0,Richmond,Lafayette,49.5,,,1.0
2025,12.0,Sacramento State,Idaho,59.5,,,1.0
2025,12.0,Sacred Heart,Merrimack,45.5,,,1.0
2025,12.0,Sam Houston,Delaware,56.5,,,3.0
2025,12.0,San Diego,Butler,46.5,,,1.0
2025,12.0,San Diego State,Boise State,41.5,,,3.0
2025,12.0,South Dakota State,Illinois State,50.5,,,1.0
2025,12.0,Southern,Texas Southern,52.5,,,1.0
2025,12.0,Southern Illinois,South Dakota,50.5,,,1.0
2025,12.0,Southern Miss,Texas State,65.5,,,3.0
2025,12.0,Southern Utah,Central Arkansas,63.5,,,1.0
2025,12.0,St. Francis (PA),Long Island University,37.5,,,1.0
2025,12.0,St. Thomas (MN),Presbyterian,47.5,,,1.0
2025,12.0,Stephen F. Austin,Lamar,45.5,,,1.0
2025,12.0,Tarleton State,North Alabama,61.5,,,1.0
2025,12.0,Tennessee,New Mexico State,60.0,,,3.0
2025,12.0,Tennessee State,Gardner-Webb,50.5,,,1.0
2025,12.0,Texas A&M,South Carolina,49.5,,,3.0
2025,12.0,Texas Tech,UCF,48.5,,,3.0
2025,12.0,The Citadel,Wofford,43.5,,,1.0
2025,12.0,Tulane,Florida Atlantic,60.5,,,3.0
2025,12.0,Tulsa,Oregon State,50.5,,,3.0
2025,12.0,UAB,North Texas,69.0,,,3.0
2025,12.0,UAlbany,Towson,47.5,,,1.0
2025,12.0,UConn,Air Force,64.5,,,3.0
2025,12.0,UL Monroe,South Alabama,49.5,,,3.0
2025,12.0,UNLV,Utah State,68.5,,,3.0
2025,12.0,USC,Iowa,48.5,,,3.0
2025,12.0,UT Martin,Charleston Southern,45.5,,,1.0
2025,12.0,Valparaiso,Stetson,48.5,,,1.0
2025,12.0,Villanova,Stony Brook,51.5,,,1.0
2025,12.0,Wagner,Stonehill,38.5,,,1.0
2025,12.0,Wake Forest,North Carolina,37.5,,,3.0
2025,12.0,Washington,Purdue,51.5,,,3.0
2025,12.0,Washington State,Louisiana Tech,43.5,,,3.0
2025,12.0,West Georgia,Utah Tech,48.5,,,1.0
2025,12.0,Western Carolina,East Tennessee State,69.5,,,1.0
2025,12.0,Western Illinois,Southeast Missouri State,57.5,,,1.0
2025,12.0,Western Kentucky,Middle Tennessee,51.5,,,3.0
2025,12.0,Western Michigan,Ohio,47.0,,,3.0
2025,12.0,Youngstown State,Indiana State,61.5,,,1.0
2025,13.0,Air Force,New Mexico,53.5,,,3.0
2025,13.0,Alabama,Eastern Illinois,57.5,,,3.0
2025,13.0,Alabama State,Arkansas-Pine Bluff,59.5,,,1.0
2025,13.0,Alcorn State,Jackson State,51.5,,,1.0
2025,13.0,App State,Marshall,56.5,,,3.0
2025,13.0,Arizona,Baylor,61.5,,,3.0
2025,13.0,Arkansas State,Louisiana,54.5,,,3.0
2025,13.0,Army,Tulsa,43.5,,,3.0
2025,13.0,Auburn,Mercer,50.5,,,3.0
2025,13.0,Boise State,Colorado State,45.5,,,3.0
2025,13.0,Bowling Green,Akron,47.5,,,3.0
2025,13.0,Brown,Dartmouth,51.5,,,1.0
2025,13.0,Buffalo,Miami (OH),38.5,,,3.0
2025,13.0,Butler,Valparaiso,48.5,,,1.0
2025,13.0,Cal Poly,Eastern Washington,56.5,,,1.0
2025,13.0,Central Arkansas,Abilene Christian,54.5,,,1.0
2025,13.0,Central Connecticut,Mercyhurst,47.5,,,1.0
2025,13.0,Charleston Southern,Tennessee State,43.5,,,1.0
2025,13.0,Cincinnati,BYU,56.5,,,3.0
2025,13.0,Clemson,Furman,55.5,,,3.0
2025,13.0,Colgate,Bucknell,60.5,,,1.0
2025,13.0,Colorado,Arizona State,47.5,,,3.0
2025,13.0,Cornell,Columbia,43.5,,,1.0
2025,13.0,Davidson,Dayton,51.5,,,1.0
2025,13.0,Delaware State,South Carolina State,56.5,,,1.0
2025,13.0,Drake,Morehead State,49.5,,,1.0
2025,13.0,East Tennessee State,The Citadel,54.5,,,1.0
2025,13.0,Elon,North Carolina A&T,54.5,,,1.0
2025,13.0,Florida,Tennessee,57.5,,,3.0
2025,13.0,Florida A&M,Bethune-Cookman,56.5,,,1.0
2025,13.0,Florida Atlantic,UConn,64.0,,,3.0
2025,13.0,Florida International,Jacksonville State,56.0,,,3.0
2025,13.0,Fresno State,Utah State,50.5,,,3.0
2025,13.0,Gardner-Webb,Western Illinois,59.5,,,1.0
2025,13.0,Georgia,Charlotte,53.5,,,3.0
2025,13.0,Georgia Southern,Old Dominion,62.0,,,3.0
2025,13.0,Georgia Tech,Pittsburgh,61.5,,,3.0
2025,13.0,Holy Cross,Georgetown,45.5,,,1.0
2025,13.0,Houston,TCU,55.5,,,3.0
2025,13.0,Houston Christian,Incarnate Word,49.5,,,1.0
2025,13.0,Howard,Norfolk State,48.5,,,1.0
2025,13.0,Idaho,Idaho State,59.5,,,1.0
2025,13.0,Illinois State,Southern Illinois,59.5,,,1.0
2025,13.0,Indiana State,Murray State,58.5,,,1.0
2025,13.0,Iowa,Michigan State,43.0,,,3.0
2025,13.0,Iowa State,Kansas,55.5,,,3.0
2025,13.0,James Madison,Washington State,44.5,,,3.0
2025,13.0,Kennesaw State,Missouri State,54.5,,,3.0
2025,13.0,Kent State,Central Michigan,50.5,,,3.0
2025,13.0,LSU,Western Kentucky,52.5,,,3.0
2025,13.0,Lafayette,Lehigh,52.5,,,1.0
2025,13.0,Lamar,McNeese,47.5,,,1.0
2025,13.0,Long Island University,Wagner,36.5,,,1.0
2025,13.0,Louisiana Tech,Liberty,45.5,,,3.0
2025,13.0,Maryland,Michigan,46.5,,,3.0
2025,13.0,Merrimack,Fordham,45.5,,,1.0
2025,13.0,Middle Tennessee,Sam Houston,53.5,,,3.0
2025,13.0,Monmouth,UAlbany,62.5,,,1.0
2025,13.0,Montana,Montana State,59.5,,,1.0
2025,13.0,Morgan State,North Carolina Central,54.5,,,1.0
2025,13.0,NC State,Florida State,58.5,,,3.0
2025,13.0,New Hampshire,Maine,47.5,,,1.0
2025,13.0,North Alabama,Southern Utah,58.5,,,1.0
2025,13.0,North Carolina,Duke,50.5,,,3.0
2025,13.0,North Dakota,South Dakota State,48.5,,,1.0
2025,13.0,North Dakota State,St. Thomas (MN),51.5,,,1.0
2025,13.0,Northern Colorado,Portland State,56.5,,,1.0
2025,13.0,Northern Illinois,Western Michigan,39.5,,,3.0
2025,13.0,Northern Iowa,Youngstown State,57.5,,,1.0
2025,13.0,Northwestern,Minnesota,41.0,,,3.0
2025,13.0,Northwestern State,Stephen F. Austin,50.5,,,1.0
2025,13.0,Notre Dame,Syracuse,51.0,,,3.0
2025,13.0,Ohio,Massachusetts,53.5,,,3.0
2025,13.0,Ohio State,Rutgers,54.5,,,3.0
2025,13.0,Oklahoma,Missouri,42.5,,,3.0
2025,13.0,Oregon,USC,59.5,,,3.0
2025,13.0,Penn State,Nebraska,45.5,,,3.0
2025,13.0,Pennsylvania,Princeton,50.5,,,1.0
2025,13.0,Prairie View A&M,Mississippi Valley State,50.5,,,1.0
2025,13.0,Presbyterian,Marist,49.5,,,1.0
2025,13.0,Rhode Island,Hampton,52.5,,,1.0
2025,13.0,Rice,North Texas,57.0,,,3.0
2025,13.0,Robert Morris,Duquesne,42.5,,,1.0
2025,13.0,SE Louisiana,Nicholls,49.5,,,1.0
2025,13.0,SMU,Louisville,49.5,,,3.0
2025,13.0,San Diego State,San José State,51.5,,,3.0
2025,13.0,South Alabama,Southern Miss,53.5,,,3.0
2025,13.0,South Carolina,Coastal Carolina,50.0,,,3.0
2025,13.0,Southeast Missouri State,Lindenwood,52.5,,,1.0
2025,13.0,Stanford,California,47.5,,,3.0
2025,13.0,Stetson,San Diego,53.5,,,1.0
2025,13.0,Stonehill,St. Francis (PA),37.5,,,1.0
2025,13.0,Stony Brook,Bryant,52.5,,,1.0
2025,13.0,Tarleton State,Austin Peay,60.5,,,1.0
2025,13.0,Temple,Tulane,54.5,,,3.0
2025,13.0,Tennessee Tech,UT Martin,55.5,,,1.0
2025,13.0,Texas,Arkansas,58.0,,,3.0
2025,13.0,Texas A&M,Samford,59.5,,,3.0
2025,13.0,Texas Southern,Alabama A&M,52.5,,,1.0
2025,13.0,Texas State,UL Monroe,59.5,,,3.0
2025,13.0,Toledo,Ball State,45.5,,,3.0
2025,13.0,Towson,Campbell,54.5,,,1.0
2025,13.0,Troy,Georgia State,51.0,,,3.0
2025,13.0,UAB,South Florida,68.5,,,3.0
2025,13.0,UC Davis,Sacramento State,63.5,,,1.0
2025,13.0,UCF,Oklahoma State,47.5,,,3.0
2025,13.0,UCLA,Washington,51.5,,,3.0
2025,13.0,UNLV,Hawai'i,64.5,,,3.0
2025,13.0,UTEP,New Mexico State,44.5,,,3.0
2025,13.0,UTSA,East Carolina,62.5,,,3.0
2025,13.0,Utah,Kansas State,52.5,,,3.0
2025,13.0,Utah Tech,Eastern Kentucky,45.5,,,1.0
2025,13.0,VMI,Western Carolina,63.5,,,1.0
2025,13.0,Vanderbilt,Kentucky,53.5,,,3.0
2025,13.0,Villanova,Sacred Heart,54.5,,,1.0
2025,13.0,Virginia Tech,Miami,49.0,,,3.0
2025,13.0,Wake Forest,Delaware,49.5,,,3.0
2025,13.0,Weber State,Northern Arizona,58.5,,,1.0
2025,13.0,William & Mary,Richmond,49.5,,,1.0
2025,13.0,Wisconsin,Illinois,42.0,,,3.0
2025,13.0,Wofford,Chattanooga,47.5,,,1.0
2025,13.0,Wyoming,Nevada,39.5,,,3.0
2025,13.0,Yale,Harvard,50.5,,,1.0
2025,14.0,Abilene Christian,Lamar,45.5,,,1.0
2025,14.0,App State,Arkansas State,54.5,,,3.0
2025,14.0,Arizona State,Arizona,48.5,,,3.0
2025,14.0,Arkansas,Missouri,54.5,,,3.0
2025,14.0,Auburn,Alabama,48.5,,,3.0
2025,14.0,BYU,UCF,46.5,,,3.0
2025,14.0,Baylor,Houston,57.0,,,3.0
2025,14.0,Buffalo,Ohio,44.5,,,3.0
2025,14.0,California,SMU,53.5,,,3.0
2025,14.0,Central Michigan,Toledo,46.5,,,3.0
2025,14.0,Coastal Carolina,James Madison,54.5,,,3.0
2025,14.0,Colorado State,Air Force,47.5,,,3.0
2025,14.0,Delaware,UTEP,55.5,,,3.0
2025,14.0,Duke,Wake Forest,53.5,,,3.0
2025,14.0,Eastern Michigan,Western Michigan,49.5,,,3.0
2025,14.0,Florida,Florida State,49.0,,,3.0
2025,14.0,Florida Atlantic,East Carolina,66.5,,,3.0
2025,14.0,Georgia Tech,Georgia,59.5,,,3.0
2025,14.0,Hawai'i,Wyoming,44.5,,,3.0
2025,14.0,Illinois,Northwestern,44.5,,,3.0
2025,14.0,Jacksonville State,Western Kentucky,56.5,,,3.0
2025,14.0,Kansas,Utah,60.5,,,3.0
2025,14.0,Kansas State,Colorado,49.5,,,3.0
2025,14.0,Liberty,Kennesaw State,55.5,,,3.0
2025,14.0,Louisiana,UL Monroe,47.5,,,3.0
2025,14.0,Louisville,Kentucky,45.5,,,3.0
2025,14.0,Marshall,Georgia Southern,62.5,,,3.0
2025,14.0,Massachusetts,Bowling Green,44.5,,,3.0
2025,14.0,Memphis,Navy,57.5,,,3.0
2025,14.0,Miami (OH),Ball State,40.5,,,3.0
2025,14.0,Michigan,Ohio State,43.0,,,3.0
2025,14.0,Michigan State,Maryland,49.5,,,3.0
2025,14.0,Minnesota,Wisconsin,38.5,,,3.0
2025,14.0,Mississippi State,Ole Miss,62.5,,,3.0
2025,14.0,Mississippi Valley State,Florida A&M,51.5,,,1.0
2025,14.0,Missouri State,Louisiana Tech,45.5,,,3.0
2025,14.0,NC State,North Carolina,49.0,,,3.0
2025,14.0,Nebraska,Iowa,38.5,,,3.0
2025,14.0,Nevada,UNLV,52.5,,,3.0
2025,14.0,New Mexico,San Diego State,41.5,,,3.0
2025,14.0,New Mexico State,Middle Tennessee,52.0,,,3.0
2025,14.0,North Texas,Temple,65.5,,,3.0
2025,14.0,Northern Illinois,Kent State,44.5,,,3.0
2025,14.0,Oklahoma,LSU,36.5,,,3.0
2025,14.0,Oklahoma State,Iowa State,46.5,,,3.0
2025,14.0,Old Dominion,Georgia State,58.5,,,3.0
2025,14.0,Pittsburgh,Miami,49.0,,,3.0
2025,14.0,Purdue,Indiana,54.5,,,3.0
2025,14.0,Rhode Island,Central Connecticut,52.5,,,1.0
2025,14.0,Rutgers,Penn State,55.5,,,3.0
2025,14.0,SE Louisiana,Illinois State,54.5,,,1.0
2025,14.0,Sam Houston,Florida International,50.5,,,3.0
2025,14.0,San José State,Fresno State,45.5,,,3.0
2025,14.0,South Carolina,Clemson,45.5,,,3.0
2025,14.0,South Dakota,Drake,46.5,,,1.0
2025,14.0,South Dakota State,New Hampshire,43.5,,,1.0
2025,14.0,South Florida,Rice,57.5,,,3.0
2025,14.0,Southern,Grambling,48.5,,,1.0
2025,14.0,Southern Miss,Troy,50.5,,,3.0
2025,14.0,Stanford,Notre Dame,49.5,,,3.0
2025,14.0,Syracuse,Boston College,54.0,,,3.0
2025,14.0,TCU,Cincinnati,58.5,,,3.0
2025,14.0,Tennessee,Vanderbilt,66.5,,,3.0
2025,14.0,Tennessee Tech,North Dakota,48.5,,,1.0
2025,14.0,Texas,Texas A&M,54.5,,,3.0
2025,14.0,Texas State,South Alabama,62.5,,,3.0
2025,14.0,Tulane,Charlotte,52.5,,,3.0
2025,14.0,Tulsa,UAB,56.5,,,3.0
2025,14.0,USC,UCLA,59.0,,,3.0
2025,14.0,UTSA,Army,50.5,,,3.0
2025,14.0,Utah State,Boise State,54.5,,,3.0
2025,14.0,Villanova,Harvard,53.5,,,1.0
2025,14.0,Virginia,Virginia Tech,52.5,,,3.0
2025,14.0,Washington,Oregon,51.5,,,3.0
2025,14.0,Washington State,Oregon State,42.5,,,3.0
2025,14.0,West Virginia,Texas Tech,53.5,,,3.0
2025,14.0,Youngstown State,Yale,61.5,,,1.0
2025,15.0,Alabama,Georgia,48.5,,,4.0
2025,15.0,Boise State,UNLV,59.5,,,4.0
2025,15.0,Jacksonville State,Kennesaw State,62.5,,,4.0
2025,15.0,James Madison,Troy,47.5,,,4.0
2025,15.0,Ohio State,Indiana,45.75,,,4.0
2025,15.0,Texas Tech,BYU,50.5,,,4.0
2025,15.0,Tulane,North Texas,66.5,,,4.0
2025,15.0,Virginia,Duke,58.5,,,3.0
2025,15.0,Western Michigan,Miami (OH),44.25,,,4.0
2025,16.0,Montana,South Dakota,59.5,,,1.0
2025,16.0,Montana State,Stephen F. Austin,56.5,,,1.0
2025,16.0,Navy,Army,37.75,,,4.0
2025,16.0,Tarleton State,Villanova,54.5,,,1.0
2025,16.0,UC Davis,Illinois State,57.5,,,1.0
