season,week,home_team,away_team,home_line,home_odds,away_odds,n_books
2006.0,6.0,Air Force,Navy,-2.5,-110.0,-110.0,5.0
2006.0,6.0,Alabama,Duke,-28.0,-110.0,-110.0,5.0
2006.0,6.0,Auburn,Arkansas,-14.0,-110.0,-110.0,5.0
2006.0,6.0,Boise State,Louisiana Tech,-37.0,-110.0,-110.0,5.0
2006.0,6.0,Buffalo,Ball State,3.5,-115.0,-105.0,5.0
2006.0,6.0,California,Oregon,-5.0,-110.0,-110.0,5.0
2006.0,6.0,Cincinnati,Akron,-4.5,-110.0,-110.0,5.0
2006.0,6.0,Colorado,Baylor,-6.0,-110.0,-110.0,5.0
2006.0,6.0,Colorado State,UNLV,-17.0,-110.0,-110.0,5.0
2006.0,6.0,East Carolina,Virginia,-3.0,-110.0,-110.0,5.0
2006.0,6.0,Georgia,Tennessee,2.5,-110.0,-105.0,5.0
2006.0,6.0,Georgia Tech,Maryland,-14.0,-110.0,-110.0,5.0
2006.0,6.0,Idaho,New Mexico State,-2.0,-115.0,-105.0,5.0
2006.0,6.0,Illinois,Indiana,-7.5,-110.0,-110.0,5.0
2006.0,6.0,Iowa,Purdue,-9.5,-110.0,-110.0,5.0
2006.0,6.0,Iowa State,Nebraska,7.0,-110.0,-110.0,5.0
2006.0,6.0,Kansas,Texas A&M,1.0,-110.0,-110.0,5.0
2006.0,6.0,Kansas State,Oklahoma State,3.0,-110.0,-110.0,5.0
2006.0,6.0,Kentucky,South Carolina,3.0,-110.0,-110.0,5.0
2006.0,6.0,Michigan,Michigan State,-15.0,-110.0,-110.0,5.0
2006.0,6.0,Minnesota,Penn State,1.0,-110.0,-110.0,5.0
2006.0,6.0,Mississippi State,West Virginia,20.5,-110.0,-110.0,5.0
2006.0,6.0,New Mexico,Wyoming,1.0,-110.0,-110.0,5.0
2006.0,6.0,North Texas,Florida International,-1.0,-110.0,-110.0,5.0
2006.0,6.0,Notre Dame,Stanford,-29.0,-110.0,-110.0,5.0
2006.0,6.0,Ohio,Western Michigan,4.0,-110.0,-110.0,5.0
2006.0,6.0,Ohio State,Bowling Green,-37.5,-110.0,-110.0,5.0
2006.0,6.0,Oklahoma,Texas,-3.5,-105.0,-110.0,5.0
2006.0,6.0,Oregon State,Washington State,3.0,-110.0,-110.0,5.0
2006.0,6.0,Syracuse,Pittsburgh,7.0,-105.0,-110.0,5.0
2006.0,6.0,Texas Tech,Missouri,-7.0,-111.0,-105.0,5.0
2006.0,6.0,Toledo,Central Michigan,-2.0,-110.0,-110.0,5.0
2006.0,6.0,Tulane,Rice,1.5,-110.0,-110.0,5.0
2006.0,6.0,UCLA,Arizona,-12.0,-110.0,-110.0,5.0
2006.0,6.0,Utah State,Fresno State,25.0,-110.0,-110.0,5.0
2006.0,6.0,Wake Forest,Clemson,14.0,-110.0,-110.0,5.0
2006.0,6.0,Wisconsin,Northwestern,-19.5,-110.0,-110.0,5.0
2006.0,7.0,Air Force,Colorado State,-6.0,-110.0,-107.5,4.0
2006.0,7.0,Auburn,Florida,2.0,-110.0,-110.0,5.0
2006.0,7.0,Boston College,Virginia Tech,2.0,-110.0,-107.5,4.0
2006.0,7.0,Bowling Green,Eastern Michigan,-10.0,-110.0,-110.0,5.0
2006.0,7.0,Central Michigan,Ball State,-10.5,-110.0,-110.0,5.0
2006.0,7.0,Colorado,Texas Tech,6.0,-110.0,-110.0,5.0
2006.0,7.0,Connecticut,Army,-5.5,-110.0,-110.0,5.0
2006.0,7.0,Duke,Florida State,23.0,-110.0,-110.0,5.0
2006.0,7.0,Georgia,Vanderbilt,-14.5,-110.0,-110.0,5.0
2006.0,7.0,Illinois,Ohio,-6.5,-110.5,-4.5,2.0
2006.0,7.0,Indiana,Iowa,19.0,-110.0,-110.0,5.0
2006.0,7.0,Kansas,Oklahoma State,-2.5,-110.0,-110.0,5.0
2006.0,7.0,Kansas State,Nebraska,9.0,-110.0,-110.0,5.0
2006.0,7.0,Louisiana Tech,Idaho,-3.0,-110.0,-110.0,5.0
2006.0,7.0,Louisville,Cincinnati,-25.5,-110.0,-110.0,5.0
2006.0,7.0,Memphis,Arkansas State,-8.0,-110.0,-110.0,5.0
2006.0,7.0,Michigan State,Ohio State,14.0,-110.0,-110.0,5.0
2006.0,7.0,Navy,Rutgers,-3.0,-110.0,-110.0,5.0
2006.0,7.0,New Mexico State,Boise State,27.5,-110.0,-110.0,5.0
2006.0,7.0,Northwestern,Purdue,7.0,-110.0,-110.0,5.0
2006.0,7.0,Oklahoma,Iowa State,-19.0,-110.0,-110.0,5.0
2006.0,7.0,Oregon,UCLA,-10.0,-110.0,-110.0,5.0
2006.0,7.0,Penn State,Michigan,5.0,-110.0,-110.0,5.0
2006.0,7.0,Stanford,Arizona,4.0,-110.0,-110.0,5.0
2006.0,7.0,Texas,Baylor,-27.5,-110.0,-110.0,5.0
2006.0,7.0,Texas A&M,Missouri,-1.0,-110.0,-110.0,5.0
2006.0,7.0,UNLV,New Mexico,2.5,-110.0,-110.0,5.0
2006.0,7.0,Virginia,Maryland,3.0,-110.0,-110.0,5.0
2006.0,7.0,Washington,Oregon State,-9.0,-110.0,-110.0,5.0
2006.0,7.0,Washington State,California,9.5,-110.0,-110.0,5.0
2006.0,7.0,West Virginia,Syracuse,-25.0,-110.0,-110.0,5.0
2006.0,7.0,Western Michigan,Northern Illinois,3.0,-110.0,-110.0,5.0
2006.0,7.0,Wisconsin,Minnesota,-8.0,-110.0,-110.0,5.0
2006.0,7.0,Wyoming,Utah,4.0,-110.0,-110.0,5.0
2006.0,8.0,Arizona,Oregon State,2.5,-110.0,-107.5,6.0
2006.0,8.0,Arizona State,Stanford,-24.0,-110.0,-110.0,6.0
2006.0,8.0,Arkansas State,North Texas,-8.0,-110.0,-110.0,6.0
2006.0,8.0,Auburn,Tulane,-28.0,-107.5,-110.0,6.0
2006.0,8.0,Ball State,Western Michigan,1.5,-110.0,-110.0,6.0
2006.0,8.0,Baylor,Kansas,-3.5,-108.5,-107.0,4.0
2006.0,8.0,California,Washington,-24.0,-110.0,-110.0,6.0
2006.0,8.0,Central Michigan,Bowling Green,-7.5,-110.0,-110.0,5.0
2006.0,8.0,Clemson,Georgia Tech,-6.75,-108.0,-110.0,6.0
2006.0,8.0,Connecticut,West Virginia,23.25,-110.0,-110.0,6.0
2006.0,8.0,Eastern Michigan,Toledo,2.25,-4.5,-110.0,6.0
2006.0,8.0,Florida State,Boston College,-6.0,-107.5,-110.0,6.0
2006.0,8.0,Georgia,Mississippi State,-16.5,-110.0,-110.0,6.0
2006.0,8.0,Idaho,Boise State,21.0,-110.0,-110.0,6.0
2006.0,8.0,Iowa State,Texas Tech,2.0,-110.0,-110.0,6.0
2006.0,8.0,Louisiana Tech,Utah State,-5.5,-110.0,-110.0,6.0
2006.0,8.0,Michigan,Iowa,-13.0,-110.0,-110.0,6.0
2006.0,8.0,Missouri,Kansas State,-14.0,-109.5,-110.0,6.0
2006.0,8.0,Nebraska,Texas,5.5,-107.5,-110.0,6.0
2006.0,8.0,New Mexico,Utah,6.5,-110.0,-110.0,5.0
2006.0,8.0,Northern Illinois,Temple,-31.5,-110.0,-110.0,6.0
2006.0,8.0,Northwestern,Michigan State,9.75,-110.0,-110.0,6.0
2006.0,8.0,Notre Dame,UCLA,-12.75,-110.0,-110.0,6.0
2006.0,8.0,Ohio,Buffalo,-17.0,-110.0,-110.0,6.0
2006.0,8.0,Ohio State,Indiana,-31.0,-110.0,-110.0,6.0
2006.0,8.0,Oklahoma,Colorado,-14.0,-107.5,-110.0,6.0
2006.0,8.0,Oklahoma State,Texas A&M,-2.75,-110.0,-110.0,6.0
2006.0,8.0,Penn State,Illinois,-18.0,-110.0,-110.0,6.0
2006.0,8.0,Pittsburgh,Rutgers,-6.0,-110.0,-110.0,6.0
2006.0,8.0,Purdue,Wisconsin,6.5,-110.0,-110.0,6.0
2006.0,8.0,San Diego State,Air Force,10.0,-110.0,-110.0,6.0
2006.0,8.0,Syracuse,Louisville,18.0,-110.0,-110.0,6.0
2006.0,8.0,Tennessee,Alabama,-10.5,-110.0,-110.0,6.0
2006.0,8.0,Vanderbilt,South Carolina,3.5,-110.0,-110.0,6.0
2006.0,8.0,Virginia,North Carolina,-6.5,-110.0,-110.0,5.0
2006.0,8.0,Washington State,Oregon,3.5,-110.0,-107.5,6.0
2006.0,8.0,Wyoming,Colorado State,-5.0,-110.0,-110.0,6.0
2006.0,9.0,Alabama,Florida International,-29.25,-109.5,-110.0,6.0
2006.0,9.0,Baylor,Texas A&M,4.25,-110.0,-110.0,6.0
2006.0,9.0,Boston College,Buffalo,-31.0,-109.0,-110.0,6.0
2006.0,9.0,Cincinnati,Syracuse,-6.5,-110.0,-110.0,5.0
2006.0,9.0,Colorado State,New Mexico,-6.0,-110.0,-110.0,6.0
2006.0,9.0,Duke,Vanderbilt,7.25,-110.0,-110.0,6.0
2006.0,9.0,Florida Atlantic,Arkansas State,5.0,-110.0,-110.0,6.0
2006.0,9.0,Indiana,Michigan State,7.0,-107.5,-110.0,6.0
2006.0,9.0,Iowa,Northern Illinois,-14.0,-107.5,-110.0,6.0
2006.0,9.0,Kansas,Colorado,-1.5,-110.0,-110.0,6.0
2006.0,9.0,Kansas State,Iowa State,-5.0,-110.0,-110.0,6.0
2006.0,9.0,Marshall,Memphis,-9.75,-110.0,-108.5,6.0
2006.0,9.0,Maryland,Florida State,3.5,-107.5,-110.0,6.0
2006.0,9.0,Michigan,Northwestern,-29.5,-110.0,-110.0,6.0
2006.0,9.0,Mississippi State,Kentucky,1.0,-110.0,-110.0,6.0
2006.0,9.0,Missouri,Oklahoma,-1.0,-110.0,-110.0,6.0
2006.0,9.0,Navy,Notre Dame,13.5,-110.0,-110.0,6.0
2006.0,9.0,Nevada,New Mexico State,-17.75,-110.0,-110.0,6.0
2006.0,9.0,North Carolina,Wake Forest,7.5,-110.0,-107.5,6.0
2006.0,9.0,Ohio State,Minnesota,-27.25,-110.0,-110.0,6.0
2006.0,9.0,Oklahoma State,Nebraska,5.0,-110.0,-107.5,6.0
2006.0,9.0,Purdue,Penn State,3.0,-112.5,-105.0,6.0
2006.0,9.0,Rutgers,Connecticut,-19.5,-110.0,-110.0,6.0
2006.0,9.0,South Carolina,Tennessee,4.0,-105.0,-112.5,6.0
2006.0,9.0,Temple,Bowling Green,15.25,-110.0,-107.0,6.0
2006.0,9.0,Texas Tech,Texas,10.0,-109.0,-110.0,6.0
2006.0,9.0,Toledo,Akron,3.0,-110.0,-109.0,6.0
2006.0,9.0,Troy,North Texas,-10.75,-110.0,-110.0,6.0
2006.0,9.0,Tulane,Army,-3.5,-110.0,-107.5,6.0
2006.0,9.0,UCLA,Washington State,-3.0,-107.5,-110.0,6.0
2006.0,9.0,Utah,UNLV,-21.5,-110.0,-110.0,6.0
2006.0,9.0,Virginia Tech,Clemson,4.0,-110.0,-110.0,6.0
2006.0,9.0,Washington,Arizona State,2.0,-110.0,-110.0,6.0
2006.0,9.0,Western Michigan,Eastern Michigan,-13.5,-110.0,-110.0,6.0
2006.0,9.0,Wisconsin,Illinois,-21.0,-110.0,-110.0,6.0
2006.0,10.0,Akron,Bowling Green,-8.0,-107.5,-110.0,6.0
2006.0,10.0,Alabama,Mississippi State,-14.0,-108.0,-110.0,6.0
2006.0,10.0,Army,Air Force,5.0,-110.0,-110.0,6.0
2006.0,10.0,Auburn,Arkansas State,-34.5,-110.0,-110.0,6.0
2006.0,10.0,Boise State,Fresno State,-21.75,-110.0,-110.0,6.0
2006.0,10.0,California,UCLA,-18.0,-110.0,-110.0,6.0
2006.0,10.0,Clemson,Maryland,-18.75,-110.0,-110.0,6.0
2006.0,10.0,Colorado,Kansas State,-3.5,-110.0,-110.0,6.0
2006.0,10.0,Duke,Navy,9.5,-110.0,-107.5,6.0
2006.0,10.0,Eastern Michigan,Ohio,6.5,-110.0,-110.0,6.0
2006.0,10.0,Florida State,Virginia,-13.5,-109.0,-110.0,6.0
2006.0,10.0,Idaho,Nevada,9.5,-110.0,-107.5,6.0
2006.0,10.0,Illinois,Ohio State,25.25,-110.0,-110.0,6.0
2006.0,10.0,Iowa,Northwestern,-20.5,-110.0,-110.0,6.0
2006.0,10.0,Iowa State,Kansas,-1.0,-110.0,-110.0,6.0
2006.0,10.0,Kentucky,Georgia,6.5,-110.0,-110.0,5.0
2006.0,10.0,Louisville,West Virginia,-2.0,-110.0,-110.0,6.0
2006.0,10.0,Marshall,Tulane,-6.5,-110.0,-107.5,6.0
2006.0,10.0,Michigan,Ball State,-32.75,-110.0,-110.0,6.0
2006.0,10.0,Michigan State,Purdue,-3.0,-107.5,-110.0,6.0
2006.0,10.0,Minnesota,Indiana,-6.0,-110.0,-110.0,6.0
2006.0,10.0,Nebraska,Missouri,-6.5,-110.0,-107.5,6.0
2006.0,10.0,North Texas,Louisiana Tech,-2.5,-110.0,-110.0,6.0
2006.0,10.0,Notre Dame,North Carolina,-24.75,-110.0,-110.0,6.0
2006.0,10.0,Oregon,Washington,-15.0,-110.0,-110.0,6.0
2006.0,10.0,Oregon State,Arizona State,-2.0,-110.0,-110.0,6.0
2006.0,10.0,South Carolina,Arkansas,2.5,-110.0,-110.0,5.0
2006.0,10.0,Temple,Central Michigan,20.5,-110.0,-110.0,6.0
2006.0,10.0,Texas,Oklahoma State,-18.5,-110.0,-110.0,6.0
2006.0,10.0,Texas A&M,Oklahoma,2.5,-107.5,-110.0,6.0
2006.0,10.0,Texas Tech,Baylor,-17.0,-110.0,-110.0,6.0
2006.0,10.0,Vanderbilt,Florida,16.75,-110.0,-110.0,6.0
2006.0,10.0,Wake Forest,Boston College,4.0,-110.0,-110.0,6.0
2006.0,10.0,Washington State,Arizona,-16.0,-110.0,-110.0,6.0
2006.0,10.0,Wisconsin,Penn State,-6.5,-110.0,-110.0,6.0
2006.0,10.0,Wyoming,San Diego State,-14.5,-110.0,-110.0,6.0
2006.0,11.0,Air Force,Notre Dame,10.75,-110.0,-110.0,6.0
2006.0,11.0,Akron,Buffalo,-16.5,-106.5,-110.0,6.0
2006.0,11.0,Arizona,California,13.5,-110.0,-110.0,6.0
2006.0,11.0,Arizona State,Washington State,-2.5,-110.0,-107.5,6.0
2006.0,11.0,Arkansas,Tennessee,-5.0,-110.0,-110.0,6.0
2006.0,11.0,Auburn,Georgia,-11.5,-110.0,-110.0,6.0
2006.0,11.0,Boston College,Duke,-28.75,-107.5,-110.0,6.0
2006.0,11.0,Central Michigan,Western Michigan,-6.0,-107.5,-110.0,6.0
2006.0,11.0,Colorado,Iowa State,-8.75,-110.0,-110.0,6.0
2006.0,11.0,Connecticut,Pittsburgh,7.0,-110.0,-107.5,6.0
2006.0,11.0,East Carolina,Marshall,-7.5,-107.5,-110.0,6.0
2006.0,11.0,Eastern Michigan,Navy,15.5,-110.0,-110.0,6.0
2006.0,11.0,Florida,South Carolina,-13.5,-110.0,-110.0,6.0
2006.0,11.0,Florida Atlantic,Troy,3.0,-111.5,-107.5,6.0
2006.0,11.0,Florida State,Wake Forest,-9.5,-109.5,-107.5,6.0
2006.0,11.0,Fresno State,New Mexico State,-14.0,-110.0,-105.0,6.0
2006.0,11.0,Illinois,Purdue,-3.0,-115.0,-2.5,6.0
2006.0,11.0,Indiana,Michigan,19.5,-110.0,-110.0,6.0
2006.0,11.0,Iowa,Wisconsin,1.5,-110.0,-110.0,6.0
2006.0,11.0,Kansas State,Texas,16.5,-110.0,-110.0,6.0
2006.0,11.0,Kentucky,Vanderbilt,0.0,-110.0,-110.0,6.0
2006.0,11.0,Michigan State,Minnesota,-0.5,-110.0,-110.0,6.0
2006.0,11.0,Nevada,Utah State,-28.5,-110.0,-110.0,6.0
2006.0,11.0,North Carolina,Georgia Tech,13.0,-110.0,-107.5,6.0
2006.0,11.0,Northern Illinois,Toledo,-13.5,-110.0,-110.0,6.0
2006.0,11.0,Northwestern,Ohio State,22.5,-110.0,-110.0,5.0
2006.0,11.0,Oklahoma,Texas Tech,-7.75,-107.5,-110.0,6.0
2006.0,11.0,Oklahoma State,Baylor,-16.5,-110.0,-110.0,6.0
2006.0,11.0,Penn State,Temple,-36.0,-110.0,-110.0,6.0
2006.0,11.0,Rutgers,Louisville,6.0,-110.0,-110.0,6.0
2006.0,11.0,San Diego State,UNLV,-10.0,-108.5,-110.0,6.0
2006.0,11.0,Texas A&M,Nebraska,1.0,-110.0,-110.0,6.0
2006.0,11.0,UCLA,Oregon State,-1.5,-110.0,-110.0,6.0
2006.0,11.0,Utah,Colorado State,-11.5,-110.0,-110.0,6.0
2006.0,11.0,Washington,Stanford,-18.5,-110.0,-110.0,6.0
2006.0,11.0,West Virginia,Cincinnati,-18.0,-110.0,-110.0,6.0
2006.0,12.0,Air Force,Utah,-1.0,-110.0,-110.0,6.0
2006.0,12.0,Alabama,Auburn,2.75,-110.0,-110.0,6.0
2006.0,12.0,Arizona State,UCLA,-5.5,-110.0,-110.0,6.0
2006.0,12.0,Baylor,Oklahoma,20.5,-110.0,-107.5,6.0
2006.0,12.0,Boise State,Utah State,-39.0,-110.0,-110.0,6.0
2006.0,12.0,Boston College,Maryland,-7.5,-110.0,-110.0,6.0
2006.0,12.0,Cincinnati,Rutgers,5.75,-107.5,-110.0,6.0
2006.0,12.0,Florida State,Western Michigan,-18.25,-110.0,-110.0,6.0
2006.0,12.0,Fresno State,Idaho,-12.5,-110.0,-110.0,6.0
2006.0,12.0,Georgia Tech,Duke,-24.0,-110.0,-110.0,6.0
2006.0,12.0,Iowa State,Missouri,13.5,-110.0,-110.0,6.0
2006.0,12.0,Kansas,Kansas State,-3.0,-113.0,-5.0,6.0
2006.0,12.0,Louisiana Tech,Nevada,16.75,-110.0,-105.5,6.0
2006.0,12.0,Memphis,Houston,16.0,-110.0,-110.0,6.0
2006.0,12.0,Minnesota,Iowa,-3.0,-105.0,-110.0,6.0
2006.0,12.0,Mississippi State,Arkansas,14.5,-110.0,-110.0,6.0
2006.0,12.0,Navy,Temple,-33.5,-110.0,-110.0,6.0
2006.0,12.0,North Texas,Florida Atlantic,-4.0,-110.0,-110.0,6.0
2006.0,12.0,Northern Illinois,Central Michigan,3.5,-110.0,-107.5,6.0
2006.0,12.0,Northwestern,Illinois,2.0,-110.0,-110.0,6.0
2006.0,12.0,Notre Dame,Army,-29.5,-110.0,-110.0,6.0
2006.0,12.0,Ohio,Akron,-5.0,-110.0,-110.0,6.0
2006.0,12.0,Ohio State,Michigan,-7.0,-109.5,-110.0,6.0
2006.0,12.0,Oregon,Arizona,-14.0,-110.0,-110.0,6.0
2006.0,12.0,Penn State,Michigan State,-18.5,-110.0,-110.0,6.0
2006.0,12.0,Pittsburgh,West Virginia,10.25,-110.0,-110.0,6.0
2006.0,12.0,Purdue,Indiana,-12.5,-110.0,-110.0,6.0
2006.0,12.0,Rice,East Carolina,3.0,-110.0,-110.0,5.0
2006.0,12.0,Stanford,Oregon State,14.75,-110.0,-110.0,6.0
2006.0,12.0,Syracuse,Connecticut,-1.5,-111.0,-107.5,6.0
2006.0,12.0,Texas Tech,Oklahoma State,-6.75,-110.0,-110.0,6.0
2006.0,12.0,Toledo,Ball State,-4.0,-110.0,-110.0,6.0
2006.0,12.0,Troy,Arkansas State,-9.5,-110.0,-110.0,6.0
2006.0,12.0,UNLV,Wyoming,9.25,-110.0,-109.0,6.0
2006.0,12.0,Vanderbilt,Tennessee,7.5,-114.0,-5.0,6.0
2006.0,12.0,Wake Forest,Virginia Tech,0.5,-110.0,-110.0,6.0
2006.0,12.0,Washington State,Washington,-9.0,-110.0,-110.0,5.0
2006.0,12.0,Wisconsin,Buffalo,-38.0,-110.0,-110.0,6.0
2006.0,13.0,Akron,Western Michigan,-2.5,-109.0,-110.0,6.0
2006.0,13.0,Arizona,Arizona State,-3.25,-107.0,-108.0,6.0
2006.0,13.0,Buffalo,Central Michigan,14.5,-110.0,-110.0,6.0
2006.0,13.0,Clemson,South Carolina,-5.5,-109.5,-110.0,6.0
2006.0,13.0,Connecticut,Cincinnati,5.0,-110.0,-110.0,6.0
2006.0,13.0,Duke,North Carolina,7.0,-110.0,-109.0,6.0
2006.0,13.0,Eastern Michigan,Northern Illinois,10.0,-110.0,-110.0,6.0
2006.0,13.0,Florida State,Florida,7.5,-112.5,-103.0,6.0
2006.0,13.0,Georgia,Georgia Tech,-2.75,-109.0,-110.0,6.0
2006.0,13.0,Louisiana Tech,Fresno State,13.5,-110.0,-110.0,6.0
2006.0,13.0,Maryland,Wake Forest,-1.0,-107.5,-110.0,6.0
2006.0,13.0,Missouri,Kansas,-7.0,-107.5,-110.0,6.0
2006.0,13.0,Nebraska,Colorado,-13.25,-110.0,-110.0,6.0
2006.0,13.0,Nevada,Boise State,2.5,-110.0,-109.0,6.0
2006.0,13.0,New Mexico,San Diego State,-10.5,-107.5,-110.0,6.0
2006.0,13.0,Oklahoma State,Oklahoma,5.25,-110.0,-109.0,6.0
2006.0,13.0,Oregon State,Oregon,-3.0,-110.0,-110.0,6.0
2006.0,13.0,Pittsburgh,Louisville,10.75,-110.0,-110.0,6.0
2006.0,13.0,Rutgers,Syracuse,-16.25,-107.5,-110.0,6.0
2006.0,13.0,Tennessee,Kentucky,-20.5,-110.0,-110.0,6.0
2006.0,13.0,Texas,Texas A&M,-13.5,-110.0,-110.0,6.0
2006.0,13.0,Toledo,Bowling Green,-6.5,-111.0,-4.0,6.0
2006.0,13.0,UNLV,Air Force,10.0,-110.0,-110.0,6.0
2006.0,13.0,Utah State,New Mexico State,6.0,-110.0,-110.0,6.0
2006.0,13.0,Virginia Tech,Virginia,-15.75,-110.0,-110.0,6.0
2006.0,14.0,California,Stanford,-30.5,-110.0,-107.5,6.0
2006.0,14.0,Florida,Arkansas,-3.0,100.0,-118.0,6.0
2006.0,14.0,Florida International,Troy,10.0,-107.0,-108.0,6.0
2006.0,14.0,Georgia Tech,Wake Forest,-2.5,-110.0,-110.0,6.0
2006.0,14.0,Louisville,Connecticut,-29.0,-110.0,-110.0,6.0
2006.0,14.0,Navy,Army,-19.0,-105.0,-110.0,6.0
2006.0,14.0,New Mexico State,Louisiana Tech,-13.0,-103.0,-111.0,6.0
2006.0,14.0,Oklahoma,Nebraska,-3.5,-109.5,-107.5,6.0
2006.0,14.0,San Diego State,Colorado State,-1.5,-110.0,-110.0,6.0
2006.0,14.0,West Virginia,Rutgers,-9.75,-105.0,-112.5,6.0
2007.0,1.0,Akron,Army,-5.5,-110.0,-110.0,8.0
2007.0,1.0,Arkansas,Troy,-21.5,-110.0,-110.0,8.0
2007.0,1.0,Auburn,Kansas State,-13.5,-110.0,-110.0,8.0
2007.0,1.0,Boston College,Wake Forest,-6.0,-110.0,-110.0,8.0
2007.0,1.0,California,Tennessee,-7.0,-112.5,-107.5,8.0
2007.0,1.0,Clemson,Florida State,3.5,-110.0,-110.0,8.0
2007.0,1.0,Colorado,Colorado State,-2.5,-110.0,-110.0,8.0
2007.0,1.0,Duke,Connecticut,4.0,-110.0,-110.0,8.0
2007.0,1.0,Georgia,Oklahoma State,-6.0,-110.0,-110.0,8.0
2007.0,1.0,Illinois,Missouri,5.5,-110.0,-110.0,8.0
2007.0,1.0,Kansas,Central Michigan,-7.5,-110.0,-110.0,8.0
2007.0,1.0,Minnesota,Bowling Green,-14.0,-110.0,-110.0,8.0
2007.0,1.0,Nebraska,Nevada,-21.0,-110.0,-110.0,8.0
2007.0,1.0,Northern Illinois,Iowa,12.0,-110.0,-110.0,8.0
2007.0,1.0,Notre Dame,Georgia Tech,1.0,-110.0,-110.0,8.0
2007.0,1.0,Oklahoma,North Texas,-38.25,-110.0,-110.0,8.0
2007.0,1.0,Oregon,Houston,-17.75,-110.0,-110.0,8.0
2007.0,1.0,Oregon State,Utah,-5.5,-110.0,-110.0,8.0
2007.0,1.0,Penn State,Florida International,-37.0,-110.0,-110.0,8.0
2007.0,1.0,Pittsburgh,Eastern Michigan,-20.5,-110.0,-110.0,8.0
2007.0,1.0,Rutgers,Buffalo,-31.0,-110.0,-110.0,8.0
2007.0,1.0,Stanford,UCLA,16.5,-110.0,-110.0,8.0
2007.0,1.0,Syracuse,Washington,3.0,-110.0,-110.0,8.0
2007.0,1.0,Temple,Navy,21.25,-110.0,-110.0,8.0
2007.0,1.0,Texas,Arkansas State,-39.5,-110.0,-110.0,8.0
2007.0,1.0,Toledo,Purdue,6.0,-110.0,-110.0,8.0
2007.0,1.0,Utah State,UNLV,6.0,-110.0,-110.0,8.0
2007.0,1.0,Virginia Tech,East Carolina,-28.0,-110.0,-110.0,8.0
2007.0,1.0,West Virginia,Western Michigan,-24.0,-110.0,-110.0,8.0
2007.0,1.0,Wisconsin,Washington State,-14.0,-110.0,-110.0,8.0
2007.0,1.0,Wyoming,Virginia,3.0,-110.0,-110.0,8.0
2007.0,2.0,Arizona State,Colorado,-16.0,-110.0,-110.0,9.0
2007.0,2.0,Baylor,Rice,-7.5,-110.0,-110.0,9.0
2007.0,2.0,Central Michigan,Toledo,-3.0,-105.0,-110.0,7.0
2007.0,2.0,Cincinnati,Oregon State,3.0,-110.0,-110.0,9.0
2007.0,2.0,Colorado State,California,14.0,-110.0,-110.0,9.0
2007.0,2.0,East Carolina,North Carolina,-6.0,-110.0,-110.0,9.0
2007.0,2.0,Eastern Michigan,Ball State,3.5,-110.0,-110.0,9.0
2007.0,2.0,Florida,Troy,-25.0,-110.0,-110.0,9.0
2007.0,2.0,Florida International,Maryland,23.5,-110.0,-110.0,8.0
2007.0,2.0,Georgia,South Carolina,-3.5,-111.0,-105.0,9.0
2007.0,2.0,Iowa,Syracuse,-24.0,-110.0,-110.0,9.0
2007.0,2.0,Marshall,West Virginia,25.5,-110.0,-110.0,9.0
2007.0,2.0,Michigan,Oregon,-8.0,-110.0,-110.0,9.0
2007.0,2.0,Michigan State,Bowling Green,-18.0,-110.0,-110.0,9.0
2007.0,2.0,New Mexico,New Mexico State,-7.0,-110.0,-110.0,8.0
2007.0,2.0,Northwestern,Nevada,-10.5,-110.0,-110.0,9.0
2007.0,2.0,Ohio State,Akron,-28.0,-110.0,-110.0,8.0
2007.0,2.0,Oklahoma State,Florida Atlantic,-24.0,-110.0,-110.0,9.0
2007.0,2.0,Penn State,Notre Dame,-18.0,-110.0,-110.0,9.0
2007.0,2.0,Rutgers,Navy,-16.0,-110.0,-110.0,9.0
2007.0,2.0,Temple,Buffalo,-3.0,-110.0,-110.0,9.0
2007.0,2.0,Texas A&M,Fresno State,-17.5,-110.0,-110.0,9.0
2007.0,2.0,Tulane,Mississippi State,5.5,-110.0,-110.0,9.0
2007.0,2.0,UNLV,Wisconsin,25.0,-110.0,-110.0,9.0
2007.0,2.0,Utah,Air Force,-7.0,-110.0,-110.0,9.0
2007.0,2.0,Vanderbilt,Alabama,3.5,-110.0,-110.0,9.0
2007.0,2.0,Virginia,Duke,-18.0,-110.0,-110.0,9.0
2007.0,2.0,Wake Forest,Nebraska,8.5,-110.0,-110.0,9.0
2007.0,2.0,Washington,Boise State,3.0,-110.0,-110.0,9.0
2007.0,2.0,Washington State,San Diego State,-13.0,-110.0,-110.0,9.0
2007.0,2.0,Western Michigan,Indiana,-1.5,-110.0,-110.0,9.0
2007.0,2.0,Wyoming,Utah State,-25.0,-110.0,-110.0,9.0
2007.0,3.0,Alabama,Arkansas,-3.5,-110.0,-110.0,9.0
2007.0,3.0,Arizona,New Mexico,-9.0,-110.0,-110.0,9.0
2007.0,3.0,Arizona State,San Diego State,-28.5,-110.0,-110.0,9.0
2007.0,3.0,Auburn,Mississippi State,-12.5,-110.0,-110.0,9.0
2007.0,3.0,Boise State,Wyoming,-12.0,-110.0,-110.0,9.0
2007.0,3.0,California,Louisiana Tech,-33.5,-110.0,-110.0,9.0
2007.0,3.0,Colorado,Florida State,4.5,-110.0,-110.0,9.0
2007.0,3.0,Connecticut,Temple,-31.5,-110.0,-110.0,9.0
2007.0,3.0,Florida,Tennessee,-7.0,-110.0,-110.0,9.0
2007.0,3.0,Florida Atlantic,Minnesota,6.5,-110.0,-110.0,9.0
2007.0,3.0,Georgia Tech,Boston College,-6.5,-110.0,-110.0,9.0
2007.0,3.0,Indiana,Akron,-13.5,-110.0,-110.0,9.0
2007.0,3.0,Iowa State,Iowa,17.5,-110.0,-110.0,9.0
2007.0,3.0,Kansas,Toledo,-27.5,-110.0,-110.0,9.0
2007.0,3.0,Kentucky,Louisville,4.5,-110.0,-110.0,9.0
2007.0,3.0,Maryland,West Virginia,16.0,-110.0,-110.0,9.0
2007.0,3.0,Michigan,Notre Dame,-9.5,-110.0,-110.0,9.0
2007.0,3.0,Michigan State,Pittsburgh,-11.5,-110.0,-110.0,9.0
2007.0,3.0,Missouri,Western Michigan,-19.5,-110.0,-110.0,9.0
2007.0,3.0,Navy,Ball State,-7.0,-112.0,-105.0,9.0
2007.0,3.0,North Carolina,Virginia,-3.0,-110.0,-104.0,9.0
2007.0,3.0,Northern Illinois,Eastern Michigan,-12.5,-110.0,-110.0,9.0
2007.0,3.0,Northwestern,Duke,-16.5,-110.0,-110.0,9.0
2007.0,3.0,Oklahoma,Utah State,-47.5,-110.0,-110.0,9.0
2007.0,3.0,Oregon,Fresno State,-17.0,-110.0,-110.0,9.0
2007.0,3.0,Penn State,Buffalo,-32.5,-110.0,-110.0,9.0
2007.0,3.0,Purdue,Central Michigan,-21.5,-110.0,-110.0,9.0
2007.0,3.0,Rice,Texas Tech,27.0,-110.0,-110.0,9.0
2007.0,3.0,Syracuse,Illinois,11.0,-110.0,-110.0,9.0
2007.0,3.0,Troy,Oklahoma State,10.0,-110.0,-110.0,9.0
2007.0,3.0,Tulane,Houston,14.5,-110.0,-110.0,8.0
2007.0,3.0,Utah,UCLA,15.0,-110.0,-110.0,9.0
2007.0,3.0,Virginia Tech,Ohio,-22.5,-110.0,-110.0,9.0
2007.0,3.0,Wake Forest,Army,-20.0,-110.0,-110.0,9.0
2007.0,3.0,Washington,Ohio State,3.0,-110.0,-105.0,9.0
2007.0,3.0,Washington State,Idaho,-24.5,-110.0,-110.0,9.0
2007.0,4.0,Alabama,Georgia,-3.0,-110.0,-105.0,9.0
2007.0,4.0,Arizona State,Oregon State,-11.5,-110.0,-110.0,9.0
2007.0,4.0,Arkansas,Kentucky,-7.5,-110.0,-110.0,9.0
2007.0,4.0,Auburn,New Mexico State,-16.5,-110.0,-110.0,9.0
2007.0,4.0,Boston College,Army,-27.0,-110.0,-110.0,9.0
2007.0,4.0,Bowling Green,Temple,-21.5,-110.0,-110.0,9.0
2007.0,4.0,Buffalo,Baylor,2.0,-110.0,-110.0,9.0
2007.0,4.0,California,Arizona,-14.0,-110.0,-110.0,9.0
2007.0,4.0,Cincinnati,Marshall,-24.0,-110.0,-110.0,9.0
2007.0,4.0,Houston,Colorado State,-6.5,-110.0,-110.0,9.0
2007.0,4.0,Idaho,Northern Illinois,-3.0,-110.0,-110.0,9.0
2007.0,4.0,Indiana,Illinois,2.0,-110.0,-110.0,9.0
2007.0,4.0,Kansas,Florida International,-35.5,-110.0,-110.0,9.0
2007.0,4.0,Louisville,Syracuse,-37.5,-110.0,-110.0,9.0
2007.0,4.0,Michigan,Penn State,2.0,-110.0,-110.0,9.0
2007.0,4.0,Minnesota,Purdue,14.5,-110.0,-110.0,9.0
2007.0,4.0,Navy,Duke,-14.0,-110.0,-110.0,9.0
2007.0,4.0,Nebraska,Ball State,-24.0,-110.0,-110.0,9.0
2007.0,4.0,North Texas,Florida Atlantic,6.5,-110.0,-110.0,9.0
2007.0,4.0,Notre Dame,Michigan State,9.0,-110.0,-110.0,9.0
2007.0,4.0,Ohio,Wyoming,4.0,-110.0,-110.0,9.0
2007.0,4.0,Ohio State,Northwestern,-23.5,-110.0,-110.0,9.0
2007.0,4.0,Pittsburgh,Connecticut,-7.0,-110.0,-110.0,9.0
2007.0,4.0,Stanford,Oregon,18.5,-110.0,-110.0,9.0
2007.0,4.0,Tennessee,Arkansas State,-19.0,-110.0,-110.0,9.0
2007.0,4.0,Texas,Rice,-38.5,-110.0,-110.0,9.0
2007.0,4.0,Toledo,Iowa State,3.0,-110.0,-107.0,9.0
2007.0,4.0,UCLA,Washington,-5.0,-110.0,-110.0,9.0
2007.0,4.0,UNLV,Utah,7.0,-110.0,-110.0,9.0
2007.0,4.0,Virginia,Georgia Tech,3.5,-109.5,-108.5,8.0
2007.0,4.0,Wake Forest,Maryland,-3.5,-110.0,-110.0,9.0
2007.0,4.0,West Virginia,East Carolina,-24.0,-110.0,-110.0,9.0
2007.0,4.0,Wisconsin,Iowa,-7.0,-110.0,-110.0,9.0
2007.0,5.0,Arizona,Washington State,-3.0,-110.0,-110.0,9.0
2007.0,5.0,Arkansas,North Texas,-35.5,-110.0,-110.0,9.0
2007.0,5.0,Arkansas State,Memphis,-6.0,-110.0,-110.0,9.0
2007.0,5.0,Army,Temple,-6.5,-110.0,-110.0,9.0
2007.0,5.0,Ball State,Buffalo,-13.5,-110.0,-110.0,9.0
2007.0,5.0,Central Michigan,Northern Illinois,-3.0,-114.0,100.0,9.0
2007.0,5.0,Colorado,Oklahoma,23.0,-110.0,-110.0,9.0
2007.0,5.0,Connecticut,Akron,-15.5,-110.0,-110.0,9.0
2007.0,5.0,Florida,Auburn,-17.0,-110.0,-110.0,9.0
2007.0,5.0,Florida State,Alabama,-2.5,-110.0,-110.0,9.0
2007.0,5.0,Fresno State,Louisiana Tech,-12.0,-110.0,-110.0,9.0
2007.0,5.0,Georgia Tech,Clemson,3.0,-110.0,-106.5,8.0
2007.0,5.0,Houston,East Carolina,-13.0,-110.0,-110.0,9.0
2007.0,5.0,Illinois,Penn State,3.0,-113.5,-2.5,8.0
2007.0,5.0,Iowa,Indiana,-9.5,-109.0,-110.0,9.0
2007.0,5.0,Kentucky,Florida Atlantic,-24.0,-110.0,-110.0,9.0
2007.0,5.0,Minnesota,Ohio State,24.0,-110.0,-110.0,9.0
2007.0,5.0,Navy,Air Force,-2.5,-110.0,-110.0,9.0
2007.0,5.0,Nebraska,Iowa State,-21.0,-110.0,-110.0,9.0
2007.0,5.0,Nevada,UNLV,-4.0,-110.0,-110.0,9.0
2007.0,5.0,Northwestern,Michigan,16.5,-110.0,-110.0,9.0
2007.0,5.0,Oregon,California,-7.0,-110.0,-110.0,9.0
2007.0,5.0,Oregon State,UCLA,-3.0,-110.0,-110.0,9.0
2007.0,5.0,Purdue,Notre Dame,-21.0,-110.0,-110.0,9.0
2007.0,5.0,Rutgers,Maryland,-17.5,-110.0,-110.0,9.0
2007.0,5.0,San Diego State,Cincinnati,14.5,-110.0,-110.0,9.0
2007.0,5.0,South Carolina,Mississippi State,-14.0,-110.0,-110.0,9.0
2007.0,5.0,Stanford,Arizona State,14.5,-110.0,-110.0,9.0
2007.0,5.0,Texas,Kansas State,-14.5,-110.0,-110.0,9.0
2007.0,5.0,Texas A&M,Baylor,-16.5,-110.0,-110.0,9.0
2007.0,5.0,Toledo,Western Michigan,-1.0,-110.0,-110.0,9.0
2007.0,5.0,Utah,Utah State,-21.5,-110.0,-110.0,9.0
2007.0,5.0,Vanderbilt,Eastern Michigan,-22.0,-110.0,-110.0,9.0
2007.0,5.0,Virginia,Pittsburgh,-6.5,-110.0,-110.0,9.0
2007.0,5.0,Virginia Tech,North Carolina,-19.0,-110.0,-110.0,9.0
2007.0,5.0,Wisconsin,Michigan State,-7.0,-110.0,-105.0,9.0
2007.0,6.0,Air Force,UNLV,-5.0,-110.0,-110.0,7.0
2007.0,6.0,Alabama,Houston,-10.5,-110.0,-110.0,9.0
2007.0,6.0,Army,Tulane,-5.5,-105.0,-110.0,9.0
2007.0,6.0,Auburn,Vanderbilt,-7.0,-109.0,-110.0,9.0
2007.0,6.0,Ball State,Central Michigan,-12.5,-110.0,-110.0,9.0
2007.0,6.0,Baylor,Colorado,8.0,-110.0,-110.0,9.0
2007.0,6.0,Boise State,New Mexico State,-25.0,-110.0,-110.0,9.0
2007.0,6.0,Boston College,Bowling Green,-19.5,-110.0,-110.0,9.0
2007.0,6.0,Buffalo,Ohio,4.0,-110.0,-107.0,9.0
2007.0,6.0,Clemson,Virginia Tech,-5.5,-110.0,-110.0,9.0
2007.0,6.0,Colorado State,San Diego State,-13.0,-110.0,-110.0,9.0
2007.0,6.0,Duke,Wake Forest,7.5,-110.0,-110.0,9.0
2007.0,6.0,Florida International,Troy,19.0,-110.0,-110.0,8.0
2007.0,6.0,Illinois,Wisconsin,-2.5,-107.0,-110.0,9.0
2007.0,6.0,Indiana,Minnesota,-13.0,-110.0,-110.0,9.0
2007.0,6.0,Kansas State,Kansas,-3.5,-110.0,-108.0,9.0
2007.0,6.0,Louisville,Utah,-14.5,-110.0,-110.0,9.0
2007.0,6.0,Maryland,Georgia Tech,3.0,-110.0,-110.0,9.0
2007.0,6.0,Memphis,Marshall,-3.0,-110.0,-110.0,9.0
2007.0,6.0,Michigan,Eastern Michigan,-29.0,-110.0,-110.0,9.0
2007.0,6.0,Michigan State,Northwestern,-15.0,-110.0,-110.0,9.0
2007.0,6.0,Missouri,Nebraska,-6.5,-110.0,-110.0,9.0
2007.0,6.0,Nevada,Fresno State,-3.0,-110.0,-105.0,9.0
2007.0,6.0,Oregon State,Arizona,-3.0,-107.0,-110.0,9.0
2007.0,6.0,Penn State,Iowa,-9.5,-110.0,-110.0,9.0
2007.0,6.0,Purdue,Ohio State,7.0,-110.0,-105.0,9.0
2007.0,6.0,Rutgers,Cincinnati,-3.5,-110.0,-110.0,9.0
2007.0,6.0,South Carolina,Kentucky,-4.5,-110.0,-110.0,9.0
2007.0,6.0,Syracuse,West Virginia,27.0,-110.0,-110.0,9.0
2007.0,6.0,Temple,Northern Illinois,3.5,-110.0,-110.0,9.0
2007.0,6.0,Tennessee,Georgia,1.0,-110.0,-110.0,9.0
2007.0,6.0,Texas,Oklahoma,12.5,-110.0,-110.0,9.0
2007.0,6.0,Texas A&M,Oklahoma State,-7.0,-110.0,-110.0,9.0
2007.0,6.0,Texas Tech,Iowa State,-24.5,-109.5,-108.5,8.0
2007.0,6.0,UCLA,Notre Dame,-21.0,-105.0,-110.0,9.0
2007.0,6.0,Washington State,Arizona State,9.0,-110.0,-110.0,9.0
2007.0,6.0,Western Michigan,Akron,-9.5,-110.0,-107.0,9.0
2007.0,7.0,Akron,Temple,-12.25,-110.0,-110.0,8.0
2007.0,7.0,Arizona State,Washington,-11.5,-110.0,-110.0,9.0
2007.0,7.0,Arkansas,Auburn,-3.0,-109.0,-110.0,8.0
2007.0,7.0,Boise State,Nevada,-25.0,-110.0,-110.0,8.0
2007.0,7.0,Buffalo,Toledo,-3.5,-110.0,-110.0,9.0
2007.0,7.0,California,Oregon State,-14.0,-105.0,-110.0,9.0
2007.0,7.0,Central Michigan,Army,-13.5,-110.0,-105.0,9.0
2007.0,7.0,Cincinnati,Louisville,-8.0,-109.0,-110.0,9.0
2007.0,7.0,Colorado State,Air Force,-3.0,100.0,-115.0,8.0
2007.0,7.0,Duke,Virginia Tech,14.0,-110.0,-109.0,9.0
2007.0,7.0,Houston,Rice,-22.5,-110.0,-105.0,9.0
2007.0,7.0,Idaho,Fresno State,9.5,-110.0,-110.0,9.0
2007.0,7.0,Iowa,Illinois,3.5,-110.0,-110.0,8.0
2007.0,7.0,Iowa State,Texas,16.5,-107.0,-110.0,9.0
2007.0,7.0,Kansas,Baylor,-26.0,-110.0,-110.0,9.0
2007.0,7.0,Kansas State,Colorado,-4.0,-109.0,-110.0,9.0
2007.0,7.0,Louisiana Tech,New Mexico State,-7.5,-110.0,-107.5,8.0
2007.0,7.0,Michigan,Purdue,-5.0,-110.0,-110.0,9.0
2007.0,7.0,Michigan State,Indiana,-3.5,-105.0,-111.0,8.0
2007.0,7.0,Mississippi State,Tennessee,7.0,-110.0,-105.0,8.0
2007.0,7.0,Nebraska,Oklahoma State,-3.5,-110.0,-110.0,8.0
2007.0,7.0,North Carolina,South Carolina,7.0,-105.0,-110.0,8.0
2007.0,7.0,Northern Illinois,Western Michigan,4.5,-110.0,-110.0,8.0
2007.0,7.0,Northwestern,Minnesota,-6.5,-107.0,-110.0,9.0
2007.0,7.0,Notre Dame,Boston College,13.5,-107.5,-110.0,8.0
2007.0,7.0,Ohio,Eastern Michigan,-4.0,-110.0,-110.0,8.0
2007.0,7.0,Oklahoma,Missouri,-13.5,-110.0,-109.0,9.0
2007.0,7.0,Oregon,Washington State,-19.5,-110.0,-110.0,9.0
2007.0,7.0,Penn State,Wisconsin,-7.0,-106.0,-110.0,9.0
2007.0,7.0,Pittsburgh,Navy,-4.0,-105.0,-110.0,9.0
2007.0,7.0,Syracuse,Rutgers,17.0,-110.0,-110.0,8.0
2007.0,7.0,Texas Tech,Texas A&M,-10.0,-110.0,-107.5,8.0
2007.0,7.0,Utah,San Diego State,-14.5,-110.0,-110.0,8.0
2007.0,7.0,Vanderbilt,Georgia,7.0,-110.0,-110.0,7.0
2007.0,7.0,Virginia,Connecticut,-3.0,-105.0,-110.0,7.0
2007.0,7.0,Wake Forest,Florida State,5.0,-110.0,-109.0,9.0
2007.0,7.0,Wyoming,New Mexico,-3.5,-110.0,-105.0,9.0
2007.0,8.0,Air Force,Wyoming,-2.5,-110.0,-105.0,9.0
2007.0,8.0,Alabama,Tennessee,1.0,-110.0,-110.0,9.0
2007.0,8.0,Arizona,Stanford,-13.5,-107.0,-110.0,9.0
2007.0,8.0,Baylor,Texas,26.5,-110.0,-110.0,9.0
2007.0,8.0,Clemson,Central Michigan,-16.5,-110.0,-110.0,8.0
2007.0,8.0,Colorado,Kansas,3.0,-110.0,-105.0,9.0
2007.0,8.0,Connecticut,Louisville,3.0,-107.5,-110.0,8.0
2007.0,8.0,Eastern Michigan,Northwestern,10.25,-107.5,-110.0,8.0
2007.0,8.0,Georgia Tech,Army,-24.0,-110.0,-108.0,9.0
2007.0,8.0,Illinois,Michigan,1.5,-106.0,-110.0,9.0
2007.0,8.0,Indiana,Penn State,7.0,-105.0,-110.0,8.0
2007.0,8.0,Iowa State,Oklahoma,30.5,-110.0,-110.0,9.0
2007.0,8.0,Kentucky,Florida,7.0,-105.0,-110.0,9.0
2007.0,8.0,Louisiana Tech,Boise State,16.5,-110.0,-110.0,9.0
2007.0,8.0,Maryland,Virginia,-4.0,-108.0,-110.0,9.0
2007.0,8.0,Missouri,Texas Tech,-3.5,-105.5,-110.0,8.0
2007.0,8.0,Navy,Wake Forest,3.0,-107.5,-105.0,6.0
2007.0,8.0,Nebraska,Texas A&M,-1.5,-110.0,-110.0,8.0
2007.0,8.0,New Mexico State,Idaho,-8.0,-110.0,-110.0,9.0
2007.0,8.0,Ohio State,Michigan State,-17.5,-110.0,-110.0,9.0
2007.0,8.0,Oklahoma State,Kansas State,-3.0,-110.0,-105.0,8.0
2007.0,8.0,Pittsburgh,Cincinnati,10.0,-105.0,-110.0,9.0
2007.0,8.0,Purdue,Iowa,-7.0,-110.0,-110.0,8.0
2007.0,8.0,Rice,Memphis,0.0,-110.0,-110.0,9.0
2007.0,8.0,San Diego State,New Mexico,9.0,-110.0,-110.0,9.0
2007.0,8.0,South Carolina,Vanderbilt,-13.0,-110.0,-110.0,9.0
2007.0,8.0,Syracuse,Buffalo,-3.5,-110.0,-110.0,7.0
2007.0,8.0,Toledo,Ohio,-1.5,-110.0,-110.0,9.0
2007.0,8.0,Troy,North Texas,-23.5,-105.0,-110.0,9.0
2007.0,8.0,UCLA,California,3.0,51.5,-110.0,8.0
2007.0,8.0,UNLV,Colorado State,-3.0,-107.5,-108.5,8.0
2007.0,8.0,Utah State,Nevada,7.0,-111.0,-107.5,8.0
2007.0,8.0,Washington,Oregon,12.5,-110.0,-110.0,9.0
2007.0,8.0,West Virginia,Mississippi State,-26.0,-110.0,-110.0,9.0
2007.0,8.0,Western Michigan,Ball State,0.0,-110.0,-105.0,9.0
2007.0,8.0,Wisconsin,Northern Illinois,-23.0,-110.0,-110.0,9.0
2007.0,9.0,Arizona State,California,-3.0,-110.0,-110.0,9.0
2007.0,9.0,Arkansas,Florida International,-41.0,-110.0,-110.0,8.0
2007.0,9.0,Arkansas State,Troy,5.0,-110.0,-110.0,9.0
2007.0,9.0,Bowling Green,Ohio,-7.0,-110.0,-110.0,9.0
2007.0,9.0,Buffalo,Akron,1.0,-110.0,-110.0,9.0
2007.0,9.0,Colorado State,Utah,5.0,-110.0,-110.0,9.0
2007.0,9.0,Eastern Michigan,Western Michigan,5.5,-110.0,-110.0,9.0
2007.0,9.0,Florida,Georgia,-7.5,-109.0,-110.0,9.0
2007.0,9.0,Florida State,Duke,-17.5,-110.0,-110.0,9.0
2007.0,9.0,Fresno State,Boise State,2.5,-105.0,-110.0,9.0
2007.0,9.0,Illinois,Ball State,-13.5,-110.0,-110.0,9.0
2007.0,9.0,Iowa,Michigan State,3.0,-112.0,-105.0,9.0
2007.0,9.0,Kansas State,Baylor,-26.5,-110.0,-110.0,9.0
2007.0,9.0,Kentucky,Mississippi State,-13.0,-110.0,-110.0,9.0
2007.0,9.0,Louisville,Pittsburgh,-10.0,-110.0,-110.0,9.0
2007.0,9.0,Marshall,Rice,-9.0,-110.0,-110.0,9.0
2007.0,9.0,Maryland,Clemson,3.5,-110.0,-110.0,7.0
2007.0,9.0,Michigan,Minnesota,-21.5,-110.0,-110.0,9.0
2007.0,9.0,Missouri,Iowa State,-28.5,-110.0,-110.0,8.0
2007.0,9.0,Nevada,Idaho,-18.0,-110.0,-110.0,9.0
2007.0,9.0,New Mexico,Air Force,-6.5,-110.0,-110.0,9.0
2007.0,9.0,Oregon State,Stanford,-14.0,-110.0,-110.0,9.0
2007.0,9.0,Penn State,Ohio State,3.0,-105.0,-111.0,9.0
2007.0,9.0,Purdue,Northwestern,-13.5,-110.0,-110.0,9.0
2007.0,9.0,Rutgers,West Virginia,6.5,-110.0,-110.0,9.0
2007.0,9.0,Tennessee,South Carolina,-3.0,-110.0,-110.0,9.0
2007.0,9.0,Texas,Nebraska,-20.5,-110.0,-110.0,8.0
2007.0,9.0,Texas A&M,Kansas,2.5,-110.0,-108.0,9.0
2007.0,9.0,Texas Tech,Colorado,-13.5,-110.0,-110.0,9.0
2007.0,9.0,Toledo,Northern Illinois,-3.5,-107.5,-104.0,6.0
2007.0,9.0,Tulane,Memphis,-2.0,-110.0,-110.0,9.0
2007.0,9.0,Utah State,Louisiana Tech,2.5,-110.0,-108.0,8.0
2007.0,9.0,Virginia Tech,Boston College,-3.0,-110.0,-110.0,9.0
2007.0,9.0,Wake Forest,North Carolina,-5.5,-110.0,-110.0,9.0
2007.0,9.0,Washington,Arizona,-3.5,-110.0,-110.0,9.0
2007.0,9.0,Washington State,UCLA,5.0,-110.0,-110.0,8.0
2007.0,9.0,Wisconsin,Indiana,-9.0,-110.0,-110.0,9.0
2007.0,9.0,Wyoming,UNLV,-10.5,-110.0,-110.0,9.0
2007.0,10.0,Air Force,Army,-17.0,-110.0,-110.0,9.0
2007.0,10.0,Arizona,UCLA,0.0,-110.0,-110.0,9.0
2007.0,10.0,Arkansas,South Carolina,-5.5,-110.0,-110.0,9.0
2007.0,10.0,Arkansas State,Florida International,-17.0,-110.0,-110.0,9.0
2007.0,10.0,Baylor,Texas Tech,20.0,-110.0,-110.0,9.0
2007.0,10.0,Boston College,Florida State,-6.5,-110.0,-110.0,9.0
2007.0,10.0,Bowling Green,Akron,-6.5,-110.0,-110.0,9.0
2007.0,10.0,California,Washington State,-15.5,-110.0,-110.0,8.0
2007.0,10.0,Colorado,Missouri,3.5,-110.0,-110.0,9.0
2007.0,10.0,Connecticut,Rutgers,0.0,-110.0,-110.0,9.0
2007.0,10.0,Duke,Clemson,17.0,-110.0,-110.0,9.0
2007.0,10.0,Florida,Vanderbilt,-14.5,-110.0,-110.0,9.0
2007.0,10.0,Fresno State,Utah State,-20.5,-109.5,1.0,4.0
2007.0,10.0,Georgia,Troy,-14.0,-110.0,-110.0,9.0
2007.0,10.0,Georgia Tech,Virginia Tech,-3.0,-105.0,-110.0,9.0
2007.0,10.0,Idaho,Louisiana Tech,3.0,-110.0,-105.0,9.0
2007.0,10.0,Indiana,Ball State,-7.0,-110.0,-110.0,9.0
2007.0,10.0,Iowa State,Kansas State,15.0,-110.0,-110.0,9.0
2007.0,10.0,Kansas,Nebraska,-19.5,-110.0,-110.0,9.0
2007.0,10.0,Memphis,East Carolina,5.5,-110.0,-110.0,9.0
2007.0,10.0,Michigan State,Michigan,3.5,-110.0,-110.0,9.0
2007.0,10.0,Minnesota,Illinois,11.5,-110.0,-110.0,9.0
2007.0,10.0,New Mexico State,Nevada,6.5,-110.0,-110.0,9.0
2007.0,10.0,North Carolina,Maryland,-2.5,-110.0,-110.0,9.0
2007.0,10.0,Northwestern,Iowa,-1.5,-110.0,-110.0,9.0
2007.0,10.0,Notre Dame,Navy,-3.5,-110.0,-110.0,9.0
2007.0,10.0,Ohio,Temple,-9.5,-110.0,-110.0,9.0
2007.0,10.0,Ohio State,Wisconsin,-16.0,-110.0,-110.0,9.0
2007.0,10.0,Oklahoma,Texas A&M,-21.5,-110.0,-110.0,8.0
2007.0,10.0,Oklahoma State,Texas,2.5,-110.0,-105.0,9.0
2007.0,10.0,Oregon,Arizona State,-8.5,-110.0,-110.0,9.0
2007.0,10.0,Penn State,Purdue,-8.0,-110.0,-110.0,9.0
2007.0,10.0,Pittsburgh,Syracuse,-13.0,-110.0,-110.0,9.0
2007.0,10.0,San Diego State,Wyoming,3.75,-110.0,-110.0,8.0
2007.0,10.0,Stanford,Washington,3.0,-105.0,-110.0,7.0
2007.0,10.0,Toledo,Eastern Michigan,-8.0,-110.0,-110.0,9.0
2007.0,10.0,Virginia,Wake Forest,-1.0,-110.0,-110.0,9.0
2007.0,11.0,Akron,Ohio,3.0,-110.0,-110.0,9.0
2007.0,11.0,Army,Rutgers,20.0,-110.0,-110.0,9.0
2007.0,11.0,Cincinnati,Connecticut,-7.0,-110.0,-110.0,9.0
2007.0,11.0,Clemson,Wake Forest,-9.5,-110.0,-110.0,8.0
2007.0,11.0,Duke,Georgia Tech,13.5,-110.0,-110.0,9.0
2007.0,11.0,Eastern Michigan,Bowling Green,3.0,-110.0,-110.0,9.0
2007.0,11.0,Florida Atlantic,Arkansas State,-6.5,-110.0,-110.0,9.0
2007.0,11.0,Georgia,Auburn,-2.0,-110.0,-110.0,9.0
2007.0,11.0,Iowa,Minnesota,-14.5,-110.0,-110.0,7.0
2007.0,11.0,Iowa State,Colorado,4.0,-110.0,-110.0,9.0
2007.0,11.0,Marshall,East Carolina,6.0,-110.0,-110.0,9.0
2007.0,11.0,Maryland,Boston College,7.0,-110.0,-110.0,9.0
2007.0,11.0,Mississippi State,Alabama,3.5,-110.0,-110.0,9.0
2007.0,11.0,Missouri,Texas A&M,-18.5,-110.0,-110.0,9.0
2007.0,11.0,Nebraska,Kansas State,7.5,-110.0,-110.0,8.0
2007.0,11.0,New Mexico,Colorado State,-9.0,-110.0,-110.0,8.0
2007.0,11.0,North Texas,Navy,15.5,-110.0,-110.0,8.0
2007.0,11.0,Northwestern,Indiana,2.5,-110.0,-110.0,9.0
2007.0,11.0,Notre Dame,Air Force,3.5,-110.0,-110.0,9.0
2007.0,11.0,Ohio State,Illinois,-15.5,-110.0,-110.0,9.0
2007.0,11.0,Oklahoma,Baylor,-39.0,-110.0,-110.0,8.0
2007.0,11.0,Oklahoma State,Kansas,4.5,-110.0,-110.0,9.0
2007.0,11.0,Oregon State,Washington,-3.5,-110.0,-110.0,9.0
2007.0,11.0,Purdue,Michigan State,-4.5,-110.0,-110.0,9.0
2007.0,11.0,South Carolina,Florida,7.0,-115.0,-105.0,9.0
2007.0,11.0,Temple,Penn State,25.5,-110.0,-110.0,9.0
2007.0,11.0,Tennessee,Arkansas,1.0,-110.0,-110.0,9.0
2007.0,11.0,Texas,Texas Tech,-6.0,-110.0,-110.0,7.0
2007.0,11.0,UCLA,Arizona State,7.0,-110.0,-110.0,9.0
2007.0,11.0,UNLV,San Diego State,-3.0,-110.0,-110.0,9.0
2007.0,11.0,Utah,Wyoming,-13.0,-110.0,-110.0,9.0
2007.0,11.0,Utah State,Boise State,24.5,-110.0,-110.0,9.0
2007.0,11.0,Vanderbilt,Kentucky,3.5,-110.0,-110.0,9.0
2007.0,11.0,Virginia Tech,Florida State,-7.0,-105.0,-110.0,9.0
2007.0,11.0,Washington State,Stanford,-11.5,-110.0,-110.0,9.0
2007.0,11.0,West Virginia,Louisville,-17.0,-110.0,-110.0,9.0
2007.0,11.0,Western Michigan,Central Michigan,3.0,-107.0,-110.0,9.0
2007.0,11.0,Wisconsin,Michigan,2.5,-105.0,-110.0,9.0
2007.0,12.0,Air Force,San Diego State,-13.0,-110.0,-110.0,9.0
2007.0,12.0,Arizona,Oregon,10.5,-110.0,-110.0,9.0
2007.0,12.0,Arkansas,Mississippi State,-13.0,-110.0,-110.0,9.0
2007.0,12.0,Arkansas State,North Texas,-15.5,-110.0,-110.0,9.0
2007.0,12.0,Ball State,Toledo,-7.0,-110.0,-110.0,9.0
2007.0,12.0,Baylor,Oklahoma State,14.0,-110.0,-110.0,9.0
2007.0,12.0,Boise State,Idaho,-35.0,-110.0,-110.0,9.0
2007.0,12.0,Buffalo,Bowling Green,-1.5,-110.0,-110.0,9.0
2007.0,12.0,Central Michigan,Eastern Michigan,-14.0,-110.0,-110.0,9.0
2007.0,12.0,Cincinnati,West Virginia,4.5,-110.0,-110.0,9.0
2007.0,12.0,Clemson,Boston College,-9.0,-110.0,-110.0,9.0
2007.0,12.0,Connecticut,Syracuse,-19.5,-110.0,-110.0,9.0
2007.0,12.0,Florida,Florida Atlantic,-34.0,-110.0,-110.0,9.0
2007.0,12.0,Florida State,Maryland,-7.5,-110.0,-110.0,7.0
2007.0,12.0,Georgia,Kentucky,-7.5,-110.0,-110.0,9.0
2007.0,12.0,Georgia Tech,North Carolina,-10.5,-110.0,-110.0,9.0
2007.0,12.0,Houston,Marshall,-12.0,-110.0,-110.0,9.0
2007.0,12.0,Illinois,Northwestern,-14.0,-110.0,-105.0,9.0
2007.0,12.0,Indiana,Purdue,1.0,-110.0,-110.0,9.0
2007.0,12.0,Iowa,Western Michigan,-13.0,-110.0,-110.0,9.0
2007.0,12.0,Kansas,Iowa State,-26.0,-110.0,-110.0,9.0
2007.0,12.0,Kansas State,Missouri,7.0,-110.0,-105.0,8.0
2007.0,12.0,Michigan,Ohio State,4.0,-110.0,-110.0,9.0
2007.0,12.0,Michigan State,Penn State,2.5,-110.0,-110.0,9.0
2007.0,12.0,Minnesota,Wisconsin,13.5,-110.0,-108.0,9.0
2007.0,12.0,Navy,Northern Illinois,-17.0,-110.0,-110.0,9.0
2007.0,12.0,New Mexico State,Utah State,-7.0,-110.0,-110.0,9.0
2007.0,12.0,Notre Dame,Duke,-7.0,-110.0,-110.0,9.0
2007.0,12.0,Rice,Tulane,-2.5,-110.0,-110.0,9.0
2007.0,12.0,Rutgers,Pittsburgh,-12.0,-110.0,-110.0,9.0
2007.0,12.0,Tennessee,Vanderbilt,-12.0,-110.0,-110.0,9.0
2007.0,12.0,Texas Tech,Oklahoma,7.5,-110.0,-109.0,9.0
2007.0,12.0,Utah,New Mexico,-15.5,-110.0,-110.0,9.0
2007.0,12.0,Washington,California,6.5,-110.0,-110.0,9.0
2007.0,12.0,Washington State,Oregon State,-3.0,-110.0,-105.0,9.0
2007.0,13.0,Akron,Central Michigan,3.5,-110.0,-110.0,9.0
2007.0,13.0,Auburn,Alabama,-6.0,-110.0,-110.0,9.0
2007.0,13.0,Bowling Green,Toledo,-7.0,-105.0,-110.0,9.0
2007.0,13.0,Colorado,Nebraska,-3.0,-110.0,-110.0,9.0
2007.0,13.0,Colorado State,Wyoming,-3.5,-113.0,-105.0,9.0
2007.0,13.0,East Carolina,Tulane,-12.0,-110.0,-110.0,7.0
2007.0,13.0,Florida,Florida State,-14.0,-110.0,-110.0,9.0
2007.0,13.0,Florida International,Florida Atlantic,9.5,-110.0,-110.0,9.0
2007.0,13.0,Fresno State,Kansas State,1.0,-110.0,-110.0,9.0
2007.0,13.0,Georgia Tech,Georgia,3.5,-110.0,-110.0,9.0
2007.0,13.0,Idaho,Utah State,-2.5,-110.0,-105.0,5.0
2007.0,13.0,Kansas,Missouri,-1.0,-110.0,-110.0,9.0
2007.0,13.0,Kentucky,Tennessee,-2.5,-110.0,-110.0,9.0
2007.0,13.0,New Mexico,UNLV,-12.5,-110.0,-110.0,9.0
2007.0,13.0,North Carolina,Duke,-14.0,-110.0,-110.0,9.0
2007.0,13.0,Northern Illinois,Ball State,9.5,-110.0,-110.0,9.0
2007.0,13.0,Oklahoma,Oklahoma State,-13.5,-110.0,-110.0,9.0
2007.0,13.0,South Carolina,Clemson,3.0,-110.0,-107.5,8.0
2007.0,13.0,Stanford,Notre Dame,-5.0,-110.0,-110.0,9.0
2007.0,13.0,Syracuse,Cincinnati,21.0,-110.0,-110.0,9.0
2007.0,13.0,Texas A&M,Texas,7.0,-110.0,-110.0,9.0
2007.0,13.0,UCLA,Oregon,2.0,-110.0,-110.0,9.0
2007.0,13.0,Vanderbilt,Wake Forest,-1.0,-110.0,-110.0,9.0
2007.0,13.0,Virginia,Virginia Tech,3.5,-110.0,-110.0,9.0
2007.0,13.0,Washington,Washington State,-6.5,-110.0,-110.0,9.0
2007.0,13.0,West Virginia,Connecticut,-21.0,-110.0,-110.0,9.0
2007.0,13.0,Western Michigan,Temple,-14.5,-110.0,-110.0,9.0
2007.0,14.0,Arizona State,Arizona,-7.0,-110.0,-110.0,9.0
2007.0,14.0,Boston College,Virginia Tech,4.5,-110.0,-110.0,9.0
2007.0,14.0,Florida International,North Texas,2.5,-110.0,-110.0,9.0
2007.0,14.0,Louisville,Rutgers,-2.5,-110.0,-110.0,9.0
2007.0,14.0,Missouri,Oklahoma,3.0,-110.0,-110.0,9.0
2007.0,14.0,Navy,Army,-13.5,-110.0,-110.0,9.0
2007.0,14.0,Nevada,Louisiana Tech,-7.0,-110.0,-110.0,9.0
2007.0,14.0,New Mexico State,Fresno State,13.5,-110.0,-110.0,8.0
2007.0,14.0,Oregon,Oregon State,-1.0,-110.0,-110.0,9.0
2007.0,14.0,Stanford,California,14.0,-110.0,-110.0,9.0
2007.0,14.0,Troy,Florida Atlantic,-16.0,-110.0,-110.0,8.0
2007.0,14.0,West Virginia,Pittsburgh,-28.5,-110.0,-110.0,9.0
2008.0,6.0,Air Force,Navy,-4.5,-110.0,-109.0,11.0
2008.0,6.0,Arizona,Washington,-24.0,-110.0,-110.0,11.0
2008.0,6.0,Baylor,Oklahoma,24.0,-110.0,-110.0,11.0
2008.0,6.0,Boise State,Louisiana Tech,-24.0,-110.0,-110.0,11.0
2008.0,6.0,Colorado State,UNLV,-1.5,-110.0,-109.0,11.0
2008.0,6.0,Georgia Tech,Duke,-13.0,-109.0,-110.0,11.0
2008.0,6.0,Idaho,Nevada,23.0,-110.0,-110.0,11.0
2008.0,6.0,Marshall,Cincinnati,3.0,-110.0,-109.0,11.0
2008.0,6.0,Michigan,Illinois,-2.0,-109.0,-110.0,11.0
2008.0,6.0,Michigan State,Iowa,-6.0,-109.0,-110.0,11.0
2008.0,6.0,Minnesota,Indiana,-6.5,-110.0,-110.0,11.0
2008.0,6.0,New Mexico,Wyoming,-10.0,-110.0,-110.0,11.0
2008.0,6.0,North Carolina,Connecticut,-8.0,-110.0,-110.0,11.0
2008.0,6.0,North Texas,Florida International,5.5,-110.0,-110.0,11.0
2008.0,6.0,Notre Dame,Stanford,-6.0,-109.0,-110.0,11.0
2008.0,6.0,Oklahoma State,Texas A&M,-25.5,-110.0,-110.0,11.0
2008.0,6.0,Purdue,Penn State,14.0,-110.0,-110.0,11.0
2008.0,6.0,Tennessee,Northern Illinois,-16.5,-110.0,-110.0,11.0
2008.0,6.0,Toledo,Ball State,7.0,-109.0,-110.0,11.0
2008.0,6.0,Utah,Oregon State,-12.0,-110.0,-110.0,11.0
2008.0,6.0,Virginia,Maryland,13.0,-110.0,-110.0,11.0
2008.0,6.0,Virginia Tech,Western Kentucky,-26.75,-109.5,-110.0,10.0
2008.0,6.0,West Virginia,Rutgers,-14.0,-110.0,-110.0,11.0
2008.0,6.0,Western Michigan,Ohio,-8.5,-110.0,-110.0,11.0
2008.0,6.0,Wisconsin,Ohio State,2.0,-110.0,-110.0,11.0
2008.0,7.0,Army,Eastern Michigan,-2.5,-110.0,-104.0,11.0
2008.0,7.0,Baylor,Iowa State,-4.0,-110.0,-110.0,11.0
2008.0,7.0,Buffalo,Western Michigan,-1.0,-110.0,-110.0,11.0
2008.0,7.0,Central Michigan,Temple,-8.0,-110.0,-110.0,11.0
2008.0,7.0,Cincinnati,Rutgers,-7.0,-109.0,-109.0,11.0
2008.0,7.0,Florida Atlantic,Troy,4.0,-110.0,-110.0,11.0
2008.0,7.0,Fresno State,Idaho,-34.5,-110.0,-110.0,11.0
2008.0,7.0,Illinois,Minnesota,-12.0,-110.0,-110.0,11.0
2008.0,7.0,Indiana,Iowa,5.5,-110.0,-110.0,11.0
2008.0,7.0,Kansas,Colorado,-14.0,-107.5,-109.5,10.0
2008.0,7.0,Kentucky,South Carolina,2.0,-110.0,-109.0,11.0
2008.0,7.0,Memphis,Louisville,5.5,-110.0,-110.0,11.0
2008.0,7.0,Michigan,Toledo,-15.0,-110.0,-110.0,11.0
2008.0,7.0,Nevada,New Mexico State,-19.5,-110.0,-110.0,11.0
2008.0,7.0,Northwestern,Michigan State,2.0,-109.0,-110.0,11.0
2008.0,7.0,Ohio State,Purdue,-20.5,-110.0,-110.0,11.0
2008.0,7.0,Oklahoma,Texas,-7.0,-110.0,-110.0,11.0
2008.0,7.0,Oregon,UCLA,-20.5,-110.0,-110.0,11.0
2008.0,7.0,San Diego State,Air Force,10.5,-110.0,-109.0,11.0
2008.0,7.0,Texas A&M,Kansas State,3.0,-105.0,-110.0,11.0
2008.0,7.0,Virginia,East Carolina,6.0,-109.0,-110.0,11.0
2008.0,7.0,Wake Forest,Clemson,1.0,-110.0,-110.0,11.0
2008.0,7.0,West Virginia,Syracuse,-22.5,-110.0,-110.0,11.0
2008.0,7.0,Western Kentucky,Ball State,16.0,-110.0,-105.0,11.0
2008.0,7.0,Wisconsin,Penn State,5.0,-110.0,-110.0,11.0
2008.0,7.0,Wyoming,Utah,22.0,-110.0,-110.0,11.0
2008.0,8.0,Arizona,California,2.5,-109.0,-110.0,11.0
2008.0,8.0,Boston College,Virginia Tech,-3.0,100.0,-112.0,11.0
2008.0,8.0,Buffalo,Army,-11.0,-110.0,-110.0,11.0
2008.0,8.0,Central Michigan,Western Michigan,1.5,-110.0,-110.0,11.0
2008.0,8.0,Clemson,Georgia Tech,2.5,-110.0,-110.0,11.0
2008.0,8.0,East Carolina,Memphis,-8.0,-110.0,-110.0,11.0
2008.0,8.0,Eastern Michigan,Akron,4.5,-110.0,-110.0,11.0
2008.0,8.0,Georgia,Vanderbilt,-16.5,-110.0,-110.0,11.0
2008.0,8.0,Iowa,Wisconsin,-4.5,-110.0,-110.0,11.0
2008.0,8.0,Iowa State,Nebraska,7.5,-110.0,-110.0,11.0
2008.0,8.0,Louisiana Tech,Idaho,-20.0,-110.0,-110.0,11.0
2008.0,8.0,Maryland,Wake Forest,1.0,-110.0,-110.0,11.0
2008.0,8.0,Michigan State,Ohio State,3.5,-110.0,-110.0,11.0
2008.0,8.0,Navy,Pittsburgh,3.0,-110.0,-110.0,11.0
2008.0,8.0,Nevada,Utah State,-23.5,-110.0,-110.0,11.0
2008.0,8.0,New Mexico,San Diego State,-17.0,-110.0,-105.0,11.0
2008.0,8.0,Northern Illinois,Toledo,-8.5,-109.0,-110.0,11.0
2008.0,8.0,Northwestern,Purdue,-3.5,-109.5,-110.0,10.0
2008.0,8.0,Oklahoma,Kansas,-19.5,-109.0,-110.0,11.0
2008.0,8.0,Oklahoma State,Baylor,-17.0,-110.0,-110.0,11.0
2008.0,8.0,Penn State,Michigan,-24.5,-110.0,-110.0,11.0
2008.0,8.0,Rutgers,Connecticut,-2.5,-110.0,-104.0,11.0
2008.0,8.0,South Florida,Syracuse,-24.0,-109.5,-109.5,8.0
2008.0,8.0,Tennessee,Mississippi State,-8.0,-110.0,-110.0,11.0
2008.0,8.0,Texas,Missouri,-4.0,-110.0,-110.0,10.0
2008.0,8.0,Texas A&M,Texas Tech,20.5,-110.0,-110.0,11.0
2008.0,8.0,Troy,Florida International,-12.0,-110.0,-110.0,11.0
2008.0,8.0,UCLA,Stanford,2.5,-110.0,-110.0,11.0
2008.0,8.0,UNLV,Air Force,3.5,-110.0,-110.0,11.0
2008.0,8.0,Utah,Colorado State,-21.0,-110.0,-110.0,11.0
2008.0,8.0,Virginia,North Carolina,3.5,-110.0,-110.0,11.0
2008.0,8.0,Western Kentucky,Florida Atlantic,3.0,-110.0,-110.0,11.0
2008.0,9.0,Air Force,New Mexico,-4.0,-108.0,-110.0,11.0
2008.0,9.0,Army,Louisiana Tech,-1.0,-110.0,-110.0,11.0
2008.0,9.0,Ball State,Eastern Michigan,-27.0,-110.0,-110.0,11.0
2008.0,9.0,California,UCLA,-19.5,-110.0,-110.0,11.0
2008.0,9.0,Connecticut,Cincinnati,3.0,-110.0,-109.0,11.0
2008.0,9.0,Florida,Kentucky,-25.5,-110.0,-110.0,11.0
2008.0,9.0,Georgia Tech,Virginia,-14.0,-109.0,-110.0,11.0
2008.0,9.0,Idaho,New Mexico State,11.5,-110.0,-110.0,11.0
2008.0,9.0,Indiana,Northwestern,7.5,-110.0,-109.0,11.0
2008.0,9.0,Iowa State,Texas A&M,-3.0,-105.0,-110.0,11.0
2008.0,9.0,Kansas,Texas Tech,2.0,-105.0,-110.0,11.0
2008.0,9.0,Kansas State,Oklahoma,18.0,-110.0,-110.0,11.0
2008.0,9.0,Louisville,South Florida,5.5,-110.0,-110.0,11.0
2008.0,9.0,Michigan,Michigan State,3.0,-110.0,-110.0,11.0
2008.0,9.0,Nebraska,Baylor,-14.0,-110.0,-110.0,11.0
2008.0,9.0,North Carolina,Boston College,-3.0,-110.0,-110.0,11.0
2008.0,9.0,Northern Illinois,Bowling Green,-6.5,-105.0,-110.0,11.0
2008.0,9.0,Ohio State,Penn State,1.5,-110.0,-110.0,11.0
2008.0,9.0,Pittsburgh,Rutgers,-9.5,-110.0,-110.0,11.0
2008.0,9.0,Purdue,Minnesota,1.0,-110.0,-110.0,11.0
2008.0,9.0,San Diego State,Colorado State,7.5,-110.0,-105.0,11.0
2008.0,9.0,Temple,Ohio,-4.0,-110.0,-109.0,11.0
2008.0,9.0,Texas,Oklahoma State,-12.0,-110.0,-110.0,11.0
2008.0,9.0,Toledo,Central Michigan,3.5,-110.0,-110.0,11.0
2008.0,9.0,Utah State,Fresno State,15.5,-110.0,-110.0,11.0
2008.0,9.0,Vanderbilt,Duke,-9.5,-109.0,-110.0,11.0
2008.0,9.0,Washington,Notre Dame,9.0,-110.0,-110.0,11.0
2008.0,9.0,Wisconsin,Illinois,2.5,-110.0,-110.0,11.0
2008.0,10.0,Alabama,Arkansas State,-24.0,-110.0,-110.0,11.0
2008.0,10.0,Army,Air Force,7.5,-110.0,-110.0,11.0
2008.0,10.0,Baylor,Missouri,21.0,-110.0,-110.0,11.0
2008.0,10.0,Connecticut,West Virginia,3.0,-108.0,-110.0,11.0
2008.0,10.0,Illinois,Iowa,-2.5,-105.0,-107.0,11.0
2008.0,10.0,Indiana,Central Michigan,-1.5,-110.0,-110.0,11.0
2008.0,10.0,Kansas,Kansas State,-7.5,-110.0,-110.0,11.0
2008.0,10.0,Louisiana Tech,Fresno State,4.5,-110.0,-110.0,11.0
2008.0,10.0,Marshall,Houston,7.0,-105.0,-109.0,11.0
2008.0,10.0,Michigan State,Wisconsin,-5.5,-110.0,-110.0,11.0
2008.0,10.0,Minnesota,Northwestern,-7.5,-110.0,-110.0,11.0
2008.0,10.0,Mississippi State,Kentucky,-2.0,-109.0,-110.0,11.0
2008.0,10.0,Navy,Temple,-8.0,-110.0,-110.0,11.0
2008.0,10.0,New Mexico,Utah,8.0,-109.0,-110.0,11.0
2008.0,10.0,New Mexico State,Boise State,21.0,-110.0,-110.0,11.0
2008.0,10.0,Notre Dame,Pittsburgh,-4.5,-110.0,-110.0,11.0
2008.0,10.0,Ohio,Buffalo,-2.0,-110.0,-110.0,11.0
2008.0,10.0,Oklahoma State,Iowa State,-30.0,-110.0,-110.0,11.0
2008.0,10.0,Oregon State,Arizona State,-14.0,-109.0,-110.0,11.0
2008.0,10.0,Purdue,Michigan,-2.5,-110.0,-105.0,11.0
2008.0,10.0,Stanford,Washington State,-28.0,-110.0,-110.0,11.0
2008.0,10.0,Syracuse,Louisville,11.0,-110.0,-110.0,11.0
2008.0,10.0,Texas A&M,Colorado,-4.0,-110.0,-109.0,11.0
2008.0,10.0,Wake Forest,Duke,-8.0,-110.0,-110.0,11.0
2008.0,10.0,Western Kentucky,North Texas,-18.0,-110.0,-110.0,11.0
2008.0,10.0,Western Michigan,Eastern Michigan,-18.5,-110.0,-110.0,11.0
2008.0,10.0,Wyoming,San Diego State,-6.0,-110.0,-110.0,11.0
2008.0,11.0,Air Force,Colorado State,-10.5,-110.0,-109.0,11.0
2008.0,11.0,Akron,Toledo,-6.5,-110.0,-108.0,11.0
2008.0,11.0,Ball State,Northern Illinois,-8.0,-109.0,-110.0,11.0
2008.0,11.0,Boise State,Utah State,-35.0,-110.0,-110.0,11.0
2008.0,11.0,Colorado,Iowa State,-10.5,-110.0,-110.0,11.0
2008.0,11.0,East Carolina,Marshall,-7.5,-110.0,-110.0,11.0
2008.0,11.0,Florida International,Arkansas State,3.0,-110.0,-110.0,11.0
2008.0,11.0,Florida State,Clemson,-3.0,-110.0,-105.0,11.0
2008.0,11.0,Fresno State,Nevada,2.5,-110.0,-110.0,11.0
2008.0,11.0,Houston,Tulane,-17.5,-105.0,-110.0,11.0
2008.0,11.0,Indiana,Wisconsin,10.0,-109.0,-110.0,11.0
2008.0,11.0,Kentucky,Georgia,13.5,-110.0,-109.0,11.0
2008.0,11.0,Michigan State,Purdue,-9.5,-110.0,-105.0,11.0
2008.0,11.0,Minnesota,Michigan,-7.5,-106.0,-110.0,11.0
2008.0,11.0,Nebraska,Kansas,-2.0,-110.0,-110.0,11.0
2008.0,11.0,North Carolina,Georgia Tech,-5.0,-110.0,-110.0,11.0
2008.0,11.0,Northwestern,Ohio State,12.5,-105.0,-110.0,11.0
2008.0,11.0,Ohio,Bowling Green,2.5,-110.0,-110.0,11.0
2008.0,11.0,Pittsburgh,Louisville,-6.0,-110.0,-110.0,11.0
2008.0,11.0,Rutgers,Syracuse,-14.0,-110.0,-109.0,11.0
2008.0,11.0,South Carolina,Arkansas,-12.5,-109.0,-110.0,11.0
2008.0,11.0,Tennessee,Wyoming,-26.5,-109.5,-110.0,10.0
2008.0,11.0,Texas A&M,Oklahoma,27.0,-110.0,-110.0,11.0
2008.0,11.0,Troy,Western Kentucky,-18.5,-110.0,-110.0,11.0
2008.0,11.0,UCLA,Oregon State,7.5,-110.0,-110.0,11.0
2008.0,11.0,UNLV,New Mexico,6.0,-109.0,-110.0,11.0
2008.0,11.0,Vanderbilt,Florida,23.5,-110.0,-110.0,11.0
2008.0,11.0,Virginia Tech,Maryland,-3.0,-105.0,-110.0,11.0
2008.0,11.0,Wake Forest,Virginia,-4.0,-110.0,-109.0,11.0
2008.0,11.0,Washington,Arizona State,13.0,-110.0,-109.0,11.0
2008.0,11.0,Washington State,Arizona,39.75,-110.0,-110.0,11.0
2008.0,11.0,Western Michigan,Illinois,7.5,-110.0,-110.0,11.0
2008.0,12.0,Akron,Buffalo,-2.5,-110.0,-110.0,11.0
2008.0,12.0,Alabama,Mississippi State,-21.0,-110.0,-110.0,11.0
2008.0,12.0,Arizona State,Washington State,-35.5,-110.0,-110.0,11.0
2008.0,12.0,Auburn,Georgia,9.0,-110.0,-110.0,11.0
2008.0,12.0,Clemson,Duke,-10.0,-110.0,-110.0,11.0
2008.0,12.0,Colorado,Oklahoma State,17.0,-110.0,-109.0,11.0
2008.0,12.0,Colorado State,New Mexico,3.0,-109.0,-110.0,11.0
2008.0,12.0,Fresno State,New Mexico State,-17.0,-110.0,-109.0,11.0
2008.0,12.0,Idaho,Boise State,35.5,-110.0,-109.0,11.0
2008.0,12.0,Illinois,Ohio State,8.5,-110.0,-110.0,11.0
2008.0,12.0,Iowa,Purdue,-17.0,-110.0,-110.0,11.0
2008.0,12.0,Kansas,Texas,14.0,-110.0,-109.0,11.0
2008.0,12.0,Louisiana Tech,Utah State,-15.0,-110.0,-109.0,11.0
2008.0,12.0,Louisville,Cincinnati,3.5,-109.0,-110.0,11.0
2008.0,12.0,Michigan,Northwestern,-3.0,-110.0,-110.0,11.0
2008.0,12.0,Navy,Notre Dame,4.5,-110.0,-110.0,11.0
2008.0,12.0,Northern Illinois,Central Michigan,-4.0,-110.0,-110.0,11.0
2008.0,12.0,Penn State,Indiana,-35.0,-110.0,-110.0,11.0
2008.0,12.0,San Diego State,Utah,28.0,-110.0,-110.0,11.0
2008.0,12.0,South Florida,Rutgers,-8.0,-109.5,-109.5,10.0
2008.0,12.0,UNLV,Wyoming,-6.0,-109.0,-110.0,11.0
2008.0,12.0,Western Michigan,Toledo,-14.5,-110.0,-110.0,11.0
2008.0,13.0,Arizona,Oregon State,-3.0,-110.0,-105.0,11.0
2008.0,13.0,Arkansas State,Florida Atlantic,-3.5,-105.0,-110.0,11.0
2008.0,13.0,Central Michigan,Ball State,6.0,-110.0,-110.0,11.0
2008.0,13.0,Cincinnati,Pittsburgh,-6.0,-109.5,-109.5,10.0
2008.0,13.0,Kansas State,Iowa State,-10.5,-110.0,-110.0,11.0
2008.0,13.0,Louisville,West Virginia,7.0,-105.0,-115.0,11.0
2008.0,13.0,Maryland,Florida State,2.0,-110.0,-110.0,11.0
2008.0,13.0,Minnesota,Iowa,7.0,-109.0,-110.0,11.0
2008.0,13.0,Mississippi State,Arkansas,2.5,-109.5,-110.0,10.0
2008.0,13.0,New Mexico State,Louisiana Tech,7.0,-110.0,-105.0,11.0
2008.0,13.0,Northwestern,Illinois,3.0,-104.0,-112.0,11.0
2008.0,13.0,Notre Dame,Syracuse,-19.5,-109.5,-109.5,10.0
2008.0,13.0,Ohio,Akron,2.5,-110.0,-110.0,11.0
2008.0,13.0,Ohio State,Michigan,-20.5,-109.5,-110.0,10.0
2008.0,13.0,Purdue,Indiana,-11.5,-110.0,-110.0,11.0
2008.0,13.0,Rutgers,Army,-17.5,-110.0,-110.0,11.0
2008.0,13.0,San Diego State,UNLV,10.5,-110.0,-110.0,11.0
2008.0,13.0,Temple,Eastern Michigan,-12.0,-110.0,-110.0,11.0
2008.0,13.0,Vanderbilt,Tennessee,-3.0,-110.0,-105.0,11.0
2008.0,13.0,Virginia,Clemson,2.5,-109.0,-109.0,11.0
2008.0,13.0,Virginia Tech,Duke,-14.5,-110.0,-110.0,11.0
2008.0,13.0,Wake Forest,Boston College,2.0,-110.0,-110.0,11.0
2008.0,13.0,Wyoming,Colorado State,-1.5,-110.0,-109.0,11.0
2008.0,14.0,Alabama,Auburn,-14.5,-110.0,-110.0,11.0
2008.0,14.0,Arizona State,UCLA,-9.5,-110.0,-110.0,11.0
2008.0,14.0,Boise State,Fresno State,-21.5,-110.0,-110.0,11.0
2008.0,14.0,Boston College,Maryland,-6.5,-110.0,-110.0,11.0
2008.0,14.0,Cincinnati,Syracuse,-21.5,-110.0,-110.0,11.0
2008.0,14.0,Clemson,South Carolina,0.0,-109.0,-110.0,11.0
2008.0,14.0,Duke,North Carolina,7.5,-110.0,-105.0,11.0
2008.0,14.0,Eastern Michigan,Central Michigan,11.5,-110.0,-110.0,11.0
2008.0,14.0,Florida State,Florida,16.5,-104.0,-110.0,11.0
2008.0,14.0,Georgia,Georgia Tech,-7.5,-109.0,-110.0,11.0
2008.0,14.0,Louisiana Tech,Nevada,4.5,-109.0,-110.0,11.0
2008.0,14.0,Memphis,Tulane,-14.5,-110.0,-110.0,11.0
2008.0,14.0,Missouri,Kansas,-16.0,-110.0,-110.0,11.0
2008.0,14.0,Nebraska,Colorado,-18.5,-110.0,-110.0,11.0
2008.0,14.0,North Texas,Arkansas State,20.5,-109.5,-109.5,10.0
2008.0,14.0,Northern Illinois,Navy,-3.0,-104.0,-113.0,11.0
2008.0,14.0,Oregon State,Oregon,-2.5,-109.0,-110.0,11.0
2008.0,14.0,Temple,Akron,-3.0,-110.0,-105.0,11.0
2008.0,14.0,Tennessee,Kentucky,-4.5,-110.0,-110.0,11.0
2008.0,14.0,Texas,Texas A&M,-35.5,-110.0,-110.0,11.0
2008.0,14.0,Texas Tech,Baylor,-22.0,-110.0,-110.0,11.0
2008.0,14.0,Utah State,New Mexico State,-6.0,-110.0,-110.0,11.0
2008.0,14.0,Virginia Tech,Virginia,-7.5,-110.0,-110.0,11.0
2008.0,14.0,Wake Forest,Vanderbilt,-4.25,-110.0,-105.0,10.0
2008.0,15.0,Army,Navy,10.0,-110.0,-110.0,11.0
2008.0,15.0,Connecticut,Pittsburgh,-2.0,-109.0,-110.0,11.0
2008.0,15.0,Oklahoma,Missouri,-16.5,-110.0,-110.0,11.0
2008.0,15.0,Rutgers,Louisville,-11.5,-110.0,-110.0,11.0
2008.0,15.0,Troy,Arkansas State,-13.0,-110.0,-110.0,11.0
2008.0,15.0,Virginia Tech,Boston College,0.0,-110.0,-110.0,11.0
2009.0,1.0,Arizona,Central Michigan,-14.0,-110.0,-110.0,12.0
2009.0,1.0,Auburn,Louisiana Tech,-12.0,-107.0,-110.0,12.0
2009.0,1.0,Ball State,North Texas,-15.0,-110.0,-110.0,11.0
2009.0,1.0,Boise State,Oregon,-3.0,-107.5,-111.5,12.0
2009.0,1.0,Bowling Green,Troy,7.5,-109.0,-110.0,12.0
2009.0,1.0,California,Maryland,-21.0,-110.0,-109.5,12.0
2009.0,1.0,Colorado,Colorado State,-12.5,-110.0,-110.0,12.0
2009.0,1.0,Duke,Richmond,-2.0,-110.0,-110.0,1.0
2009.0,1.0,Eastern Michigan,Army,-3.5,-110.0,-110.0,12.0
2009.0,1.0,Illinois,Missouri,-7.0,-110.0,-105.5,12.0
2009.0,1.0,Louisville,Indiana State,-42.0,-110.0,-110.0,1.0
2009.0,1.0,Michigan,Western Michigan,-14.0,-110.0,-110.0,11.0
2009.0,1.0,Michigan State,Montana State,-32.5,-110.0,-110.0,1.0
2009.0,1.0,Nebraska,Florida Atlantic,-24.0,-110.0,-110.0,12.0
2009.0,1.0,New Mexico State,Idaho,-2.0,-110.0,-110.0,12.0
2009.0,1.0,Notre Dame,Nevada,-14.0,-110.0,-110.0,12.0
2009.0,1.0,Ohio,Connecticut,3.5,-110.0,-110.0,11.0
2009.0,1.0,Ohio State,Navy,-22.0,-110.0,-110.0,12.0
2009.0,1.0,Oklahoma State,Georgia,-4.5,-110.0,-109.0,11.0
2009.0,1.0,Penn State,Akron,-29.25,-110.0,-110.0,12.0
2009.0,1.0,Purdue,Toledo,-10.0,-109.5,-110.0,12.0
2009.0,1.0,Rutgers,Cincinnati,-4.5,-107.5,-110.0,12.0
2009.0,1.0,South Florida,Wofford,-18.0,-110.0,-110.0,1.0
2009.0,1.0,Syracuse,Minnesota,7.0,-110.0,-110.0,11.0
2009.0,1.0,Tennessee,Western Kentucky,-31.0,-110.0,-110.0,12.0
2009.0,1.0,Texas A&M,New Mexico,-16.0,-110.0,-110.0,12.0
2009.0,1.0,UCLA,San Diego State,-18.0,-110.0,-110.0,12.0
2009.0,1.0,UNLV,Sacramento State,-21.5,-110.0,-110.0,1.0
2009.0,1.0,Utah,Utah State,-20.75,-110.0,-110.0,12.0
2009.0,1.0,Virginia,William & Mary,-18.5,-110.0,-110.0,1.0
2009.0,1.0,Wake Forest,Baylor,-3.0,-110.0,-110.0,12.0
2009.0,1.0,Washington State,Stanford,17.0,-110.0,-110.0,11.0
2009.0,1.0,Wisconsin,Northern Illinois,-16.0,-110.0,-110.0,12.0
2009.0,2.0,Akron,Morgan State,-27.0,-110.0,-110.0,3.0
2009.0,2.0,Alabama,Florida International,-33.5,-110.0,-110.0,11.0
2009.0,2.0,Arizona,Northern Arizona,-30.0,-110.0,-110.0,6.0
2009.0,2.0,Army,Duke,2.5,-109.5,-109.5,12.0
2009.0,2.0,Auburn,Mississippi State,-15.0,-110.0,-110.0,12.0
2009.0,2.0,Ball State,New Hampshire,-7.0,-110.0,-110.0,10.0
2009.0,2.0,Buffalo,Pittsburgh,12.0,-110.0,-110.0,12.0
2009.0,2.0,California,Eastern Washington,-33.75,-110.0,-110.0,8.0
2009.0,2.0,Colorado State,Weber State,-13.5,-110.0,-110.0,9.0
2009.0,2.0,Connecticut,North Carolina,5.5,-109.5,-110.0,12.0
2009.0,2.0,Florida,Troy,-37.0,-110.0,-108.0,12.0
2009.0,2.0,Florida State,Jacksonville State,-34.25,-110.0,-110.0,2.0
2009.0,2.0,Georgia,South Carolina,-7.0,-107.5,-110.0,12.0
2009.0,2.0,Georgia Tech,Clemson,-5.0,-110.0,-109.5,12.0
2009.0,2.0,Illinois,Illinois State,-33.5,-110.0,-110.0,5.0
2009.0,2.0,Indiana,Western Michigan,-1.0,-108.0,-110.0,12.0
2009.0,2.0,Iowa State,Iowa,6.5,-110.0,-110.0,12.0
2009.0,2.0,Maryland,James Madison,-10.25,-109.0,-110.0,5.0
2009.0,2.0,Michigan,Notre Dame,3.0,-2.0,-114.0,12.0
2009.0,2.0,Michigan State,Central Michigan,-14.5,-110.0,-110.0,12.0
2009.0,2.0,Minnesota,Air Force,-3.0,-108.0,-110.0,12.0
2009.0,2.0,Missouri,Bowling Green,-20.0,-110.0,-109.5,12.0
2009.0,2.0,Navy,Louisiana Tech,-7.0,-110.0,-108.0,12.0
2009.0,2.0,Nebraska,Arkansas State,-21.5,-110.0,-109.5,12.0
2009.0,2.0,North Texas,Ohio,2.5,-110.0,-109.5,12.0
2009.0,2.0,Northern Illinois,Western Illinois,-13.5,-110.0,-110.0,3.0
2009.0,2.0,Northwestern,Eastern Michigan,-21.5,-110.0,-109.5,12.0
2009.0,2.0,Oklahoma,Idaho State,-52.0,-110.0,-110.0,8.0
2009.0,2.0,Oklahoma State,Houston,-16.5,-110.0,-110.0,12.0
2009.0,2.0,Penn State,Syracuse,-29.5,-110.0,-109.0,11.0
2009.0,2.0,Rutgers,Howard,-47.0,-110.0,-110.0,4.0
2009.0,2.0,San Diego State,Southern Utah,-19.0,-110.0,-110.0,7.0
2009.0,2.0,Tennessee,UCLA,-10.5,-110.0,-110.0,12.0
2009.0,2.0,Texas Tech,Rice,-27.0,-110.0,-110.0,12.0
2009.0,2.0,Toledo,Colorado,3.5,-109.5,-110.0,12.0
2009.0,2.0,UNLV,Oregon State,6.5,-110.0,-110.0,12.0
2009.0,2.0,Virginia Tech,Marshall,-19.75,-110.0,-109.5,12.0
2009.0,2.0,Wake Forest,Stanford,-3.0,-109.0,-110.0,12.0
2009.0,2.0,Washington,Idaho,-21.0,-110.0,-110.0,12.0
2009.0,2.0,West Virginia,East Carolina,-5.5,-110.0,-110.0,11.0
2009.0,2.0,Western Kentucky,South Florida,25.5,-109.5,-110.0,12.0
2009.0,2.0,Wisconsin,Fresno State,-7.25,-110.0,-110.0,12.0
2009.0,2.0,Wyoming,Texas,32.0,-110.0,-110.0,12.0
2009.0,3.0,Akron,Indiana,-3.0,-107.0,-110.0,12.0
2009.0,3.0,Alabama,North Texas,-37.0,-110.0,-110.0,12.0
2009.0,3.0,Arkansas,Georgia,-2.0,-110.0,-109.5,12.0
2009.0,3.0,Army,Ball State,-9.25,-109.5,-110.0,12.0
2009.0,3.0,Auburn,West Virginia,-7.0,-109.5,-110.0,12.0
2009.0,3.0,Baylor,Connecticut,-10.5,-109.5,-110.0,12.0
2009.0,3.0,Central Michigan,Alcorn State,-43.0,-110.0,-110.0,10.0
2009.0,3.0,Clemson,Boston College,-8.75,-110.0,-110.0,12.0
2009.0,3.0,Colorado,Wyoming,-7.0,-110.0,-105.0,12.0
2009.0,3.0,Colorado State,Nevada,4.5,-109.5,-110.0,12.0
2009.0,3.0,Florida,Tennessee,-29.75,-110.0,-110.0,12.0
2009.0,3.0,Fresno State,Boise State,7.5,-110.0,-110.0,12.0
2009.0,3.0,Idaho,San Diego State,3.0,-105.0,-113.0,11.0
2009.0,3.0,Iowa,Arizona,-4.5,-110.0,-110.0,12.0
2009.0,3.0,Kansas,Duke,-23.5,-110.0,-110.0,12.0
2009.0,3.0,Kentucky,Louisville,-12.5,-109.5,-110.0,12.0
2009.0,3.0,Marshall,Bowling Green,3.0,-111.0,-104.5,12.0
2009.0,3.0,Michigan,Eastern Michigan,-24.0,-110.0,-110.0,12.0
2009.0,3.0,Minnesota,California,13.5,-110.0,-110.0,12.0
2009.0,3.0,Missouri,Furman,-33.5,-110.0,-110.0,5.0
2009.0,3.0,New Mexico,Air Force,17.0,-110.0,-109.0,12.0
2009.0,3.0,North Carolina,East Carolina,-8.0,-110.0,-110.0,12.0
2009.0,3.0,Notre Dame,Michigan State,-10.5,-110.0,-110.0,12.0
2009.0,3.0,Oklahoma State,Rice,-32.75,-110.0,-110.0,12.0
2009.0,3.0,Oregon,Utah,-4.0,-107.0,-110.0,12.0
2009.0,3.0,Oregon State,Cincinnati,1.0,-110.0,-110.0,12.0
2009.0,3.0,Penn State,Temple,-29.5,-110.0,-110.0,12.0
2009.0,3.0,Pittsburgh,Navy,-8.0,-110.0,-110.0,12.0
2009.0,3.0,Purdue,Northern Illinois,-11.5,-110.0,-109.5,12.0
2009.0,3.0,Rutgers,Florida International,-16.5,-110.0,-110.0,12.0
2009.0,3.0,Syracuse,Northwestern,1.75,-110.0,-109.5,12.0
2009.0,3.0,Texas,Texas Tech,-19.75,-110.0,-110.0,12.0
2009.0,3.0,Texas A&M,Utah State,-20.5,-110.0,-109.5,12.0
2009.0,3.0,Toledo,Ohio State,22.0,-110.0,-110.0,12.0
2009.0,3.0,UCLA,Kansas State,-11.5,-110.0,-110.0,12.0
2009.0,3.0,Vanderbilt,Mississippi State,-8.5,-109.5,-110.0,12.0
2009.0,3.0,Virginia Tech,Nebraska,-5.5,-110.0,-109.5,12.0
2009.0,3.0,Western Kentucky,Central Arkansas,2.0,-108.0,-107.0,1.0
2009.0,3.0,Wisconsin,Wofford,-21.5,-110.0,-110.0,3.0
2009.0,4.0,Air Force,San Diego State,-17.0,-110.0,-110.0,12.0
2009.0,4.0,Alabama,Arkansas,-17.5,-108.5,-110.0,12.0
2009.0,4.0,Arkansas State,Troy,-3.0,-105.0,-110.0,11.0
2009.0,4.0,Auburn,Ball State,-30.5,-110.0,-110.0,12.0
2009.0,4.0,Baylor,Northwestern State,-37.75,-107.5,-107.5,2.0
2009.0,4.0,Boston College,Wake Forest,-1.0,-110.0,-110.0,12.0
2009.0,4.0,Bowling Green,Boise State,16.5,-110.0,-109.5,12.0
2009.0,4.0,Central Michigan,Akron,-14.75,-110.0,-110.0,12.0
2009.0,4.0,Cincinnati,Fresno State,-17.0,-110.0,-110.0,12.0
2009.0,4.0,Connecticut,Rhode Island,-35.0,-110.0,-110.0,9.0
2009.0,4.0,Florida International,Toledo,-1.0,-110.0,-110.0,11.0
2009.0,4.0,Florida State,South Florida,-14.0,-107.0,-110.0,12.0
2009.0,4.0,Georgia,Arizona State,-13.5,-110.0,-109.5,12.0
2009.0,4.0,Georgia Tech,North Carolina,-3.0,-109.0,-110.0,12.0
2009.0,4.0,Houston,Texas Tech,2.5,-110.0,-110.0,12.0
2009.0,4.0,Iowa State,Army,-10.5,-110.0,-110.0,12.0
2009.0,4.0,Kansas State,Tennessee Tech,-35.5,-110.0,-110.0,1.0
2009.0,4.0,Kentucky,Florida,20.0,-110.0,-110.0,12.0
2009.0,4.0,Maryland,Rutgers,-1.0,-109.5,-110.0,12.0
2009.0,4.0,Memphis,Marshall,-3.0,-110.0,-110.0,12.0
2009.0,4.0,Michigan,Indiana,-18.5,-110.0,-110.0,12.0
2009.0,4.0,Navy,Western Kentucky,-30.5,-110.0,-110.0,12.0
2009.0,4.0,Nevada,Missouri,7.0,-105.0,-110.0,12.0
2009.0,4.0,New Mexico,New Mexico State,-11.25,-110.0,-109.5,12.0
2009.0,4.0,Northern Illinois,Idaho,-14.5,-110.0,-110.0,12.0
2009.0,4.0,Northwestern,Minnesota,0.0,-109.0,-109.5,12.0
2009.0,4.0,Ohio State,Illinois,-14.0,-110.0,-110.0,12.0
2009.0,4.0,Oregon,California,5.5,-108.0,-110.0,12.0
2009.0,4.0,Oregon State,Arizona,-3.0,-109.5,-110.0,12.0
2009.0,4.0,Penn State,Iowa,-9.5,-110.0,-110.0,12.0
2009.0,4.0,Purdue,Notre Dame,6.5,-110.0,-109.5,12.0
2009.0,4.0,Rice,Vanderbilt,7.5,-109.5,-110.0,12.0
2009.0,4.0,Stanford,Washington,-9.5,-109.0,-110.0,12.0
2009.0,4.0,Syracuse,Maine,-21.0,-110.0,-110.0,10.0
2009.0,4.0,Temple,Buffalo,-3.5,-110.0,-110.0,12.0
2009.0,4.0,Tennessee,Ohio,-21.75,-110.0,-110.0,12.0
2009.0,4.0,Utah,Louisville,-14.0,-110.0,-110.0,12.0
2009.0,4.0,Utah State,Southern Utah,-19.5,-107.0,-107.5,3.0
2009.0,4.0,Wisconsin,Michigan State,-1.75,-109.5,-109.5,12.0
2009.0,4.0,Wyoming,UNLV,3.0,-110.0,-110.0,12.0
2009.0,5.0,Arizona State,Oregon State,-5.0,-110.0,-110.0,12.0
2009.0,5.0,Army,Tulane,-6.0,-109.5,-110.0,12.0
2009.0,5.0,Ball State,Toledo,5.5,-109.5,-110.0,12.0
2009.0,5.0,Boston College,Florida State,3.5,-110.0,-110.0,12.0
2009.0,5.0,Bowling Green,Ohio,-2.5,-109.5,-107.0,12.0
2009.0,5.0,Buffalo,Central Michigan,9.5,-107.0,-110.0,12.0
2009.0,5.0,Duke,Virginia Tech,17.0,-110.0,-109.5,12.0
2009.0,5.0,Eastern Michigan,Temple,6.5,-107.0,-110.0,12.0
2009.0,5.0,Florida Atlantic,Wyoming,-5.0,-110.0,-110.0,12.0
2009.0,5.0,Idaho,Colorado State,4.5,-110.0,-110.0,12.0
2009.0,5.0,Illinois,Penn State,7.5,-109.5,-110.0,12.0
2009.0,5.0,Indiana,Ohio State,18.0,-110.0,-110.0,12.0
2009.0,5.0,Iowa,Arkansas State,-21.0,-110.0,-110.0,12.0
2009.0,5.0,Iowa State,Kansas State,-3.0,-107.5,-110.0,12.0
2009.0,5.0,Kentucky,Alabama,16.5,-110.0,-109.5,12.0
2009.0,5.0,Louisville,Pittsburgh,7.0,-104.0,-110.0,12.0
2009.0,5.0,Marshall,East Carolina,2.0,-110.0,-110.0,12.0
2009.0,5.0,Maryland,Clemson,12.5,-109.5,-110.0,12.0
2009.0,5.0,Michigan State,Michigan,-4.0,-110.0,-109.5,12.0
2009.0,5.0,Minnesota,Wisconsin,-2.5,-108.5,-110.0,12.0
2009.0,5.0,Mississippi State,Georgia Tech,5.5,-109.5,-109.5,12.0
2009.0,5.0,Navy,Air Force,-2.5,-109.0,-107.0,12.0
2009.0,5.0,Nevada,UNLV,-7.0,-107.5,-110.0,12.0
2009.0,5.0,North Carolina,Virginia,-12.0,-109.5,-110.0,12.0
2009.0,5.0,Northern Illinois,Western Michigan,-6.5,-109.0,-110.0,11.0
2009.0,5.0,Notre Dame,Washington,-11.5,-109.5,-110.0,12.0
2009.0,5.0,Oregon,Washington State,-35.0,-110.0,-110.0,12.0
2009.0,5.0,Purdue,Northwestern,-7.0,-110.0,-109.0,12.0
2009.0,5.0,San Diego State,New Mexico State,-17.5,-109.5,-110.0,12.0
2009.0,5.0,Stanford,UCLA,-5.0,-110.0,-110.0,12.0
2009.0,5.0,Syracuse,South Florida,7.25,-110.0,-110.0,12.0
2009.0,5.0,Tennessee,Auburn,-2.5,-109.5,-109.5,12.0
2009.0,5.0,Texas Tech,New Mexico,-34.5,-110.0,-110.0,12.0
2009.0,5.0,West Virginia,Colorado,-16.5,-109.5,-110.0,12.0
2009.0,6.0,Akron,Ohio,3.5,-110.0,-110.0,12.0
2009.0,6.0,Arkansas,Auburn,2.0,-110.0,-110.0,12.0
2009.0,6.0,Army,Vanderbilt,10.0,-110.0,-109.5,12.0
2009.0,6.0,Central Michigan,Eastern Michigan,-24.0,-110.0,-110.0,11.0
2009.0,6.0,Colorado State,Utah,9.0,-110.0,-110.0,12.0
2009.0,6.0,Florida State,Georgia Tech,-3.0,-109.5,-110.0,12.0
2009.0,6.0,Illinois,Michigan State,4.0,-107.0,-110.0,12.0
2009.0,6.0,Iowa,Michigan,-9.0,-110.0,-109.0,11.0
2009.0,6.0,Kansas,Iowa State,-19.5,-110.0,-110.0,11.0
2009.0,6.0,Minnesota,Purdue,-3.0,-110.0,-109.5,12.0
2009.0,6.0,Mississippi State,Houston,-3.0,-110.0,-110.0,12.0
2009.0,6.0,Missouri,Nebraska,3.5,-110.0,-110.0,12.0
2009.0,6.0,Nevada,Louisiana Tech,-10.5,-109.0,-110.0,11.0
2009.0,6.0,New Mexico State,Utah State,10.5,-110.0,-110.0,12.0
2009.0,6.0,North Carolina,Georgia Southern,-26.5,-110.0,-110.0,7.0
2009.0,6.0,Ohio State,Wisconsin,-14.5,-109.5,-110.0,12.0
2009.0,6.0,Oklahoma,Baylor,-28.0,-109.5,-110.0,12.0
2009.0,6.0,Oregon State,Stanford,2.0,-110.0,-110.0,12.0
2009.0,6.0,Penn State,Eastern Illinois,-39.25,-110.0,-110.0,9.0
2009.0,6.0,Pittsburgh,Connecticut,-6.75,-110.0,-110.0,12.0
2009.0,6.0,Rice,Navy,10.0,-110.0,-109.5,12.0
2009.0,6.0,Rutgers,Texas Southern,-52.0,-110.0,-110.0,8.0
2009.0,6.0,South Carolina,Kentucky,-9.25,-109.5,-110.0,12.0
2009.0,6.0,Syracuse,West Virginia,10.5,-110.0,-110.0,11.0
2009.0,6.0,Temple,Ball State,-14.5,-110.0,-110.0,11.0
2009.0,6.0,Tennessee,Georgia,1.0,-110.0,-110.0,12.0
2009.0,6.0,Texas,Colorado,-33.5,-110.0,-110.0,12.0
2009.0,6.0,Texas A&M,Oklahoma State,5.0,-110.0,-110.0,11.0
2009.0,6.0,Texas Tech,Kansas State,-16.5,-110.0,-110.0,12.0
2009.0,6.0,Toledo,Western Michigan,-7.5,-107.0,-110.0,12.0
2009.0,6.0,Tulane,Marshall,3.0,-110.0,-110.0,12.0
2009.0,6.0,UCLA,Oregon,3.0,-110.0,-110.0,11.0
2009.0,6.0,Virginia,Indiana,-7.0,-109.5,-110.0,12.0
2009.0,6.0,Virginia Tech,Boston College,-13.5,-109.5,-110.0,12.0
2009.0,6.0,Wake Forest,Maryland,-13.5,-109.5,-110.0,12.0
2009.0,6.0,Washington,Arizona,4.0,-540.0,-345.0,1.0
2009.0,6.0,Washington State,Arizona State,20.5,-110.0,-110.0,12.0
2009.0,6.0,Western Kentucky,Florida International,6.0,-110.0,-110.0,11.0
2009.0,6.0,Wyoming,New Mexico,-10.0,-109.5,-109.5,10.0
2009.0,7.0,Air Force,Wyoming,-11.5,-110.0,-110.0,12.0
2009.0,7.0,Alabama,South Carolina,-17.5,-110.0,-110.0,12.0
2009.0,7.0,Arizona,Stanford,-4.0,-110.0,-110.0,12.0
2009.0,7.0,Arizona State,Washington,-6.5,-110.0,-110.0,12.0
2009.0,7.0,Auburn,Kentucky,-13.5,-110.0,-110.0,12.0
2009.0,7.0,Ball State,Bowling Green,3.0,-109.5,-109.5,12.0
2009.0,7.0,Buffalo,Akron,-7.5,-109.5,-110.0,12.0
2009.0,7.0,Clemson,Wake Forest,-8.0,-110.0,-110.0,12.0
2009.0,7.0,Colorado,Kansas,8.0,-110.0,-110.0,12.0
2009.0,7.0,Connecticut,Louisville,-12.5,-107.5,-110.0,12.0
2009.0,7.0,East Carolina,Rice,-18.0,-110.0,-110.0,11.0
2009.0,7.0,Florida,Arkansas,-24.0,-110.0,-110.0,12.0
2009.0,7.0,Florida International,Troy,8.0,-110.0,-110.0,12.0
2009.0,7.0,Georgia Tech,Virginia Tech,3.5,-110.0,-107.5,12.0
2009.0,7.0,Indiana,Illinois,3.5,-110.0,-109.5,12.0
2009.0,7.0,Iowa State,Baylor,-2.5,-110.0,-109.5,12.0
2009.0,7.0,Kansas State,Texas A&M,5.0,-110.0,-109.5,12.0
2009.0,7.0,Louisiana Tech,New Mexico State,-20.5,-110.0,-110.0,12.0
2009.0,7.0,Maryland,Virginia,3.5,-110.0,-110.0,11.0
2009.0,7.0,Michigan,Delaware State,-39.5,-110.0,-109.0,3.0
2009.0,7.0,Michigan State,Northwestern,-14.0,-110.0,-110.0,12.0
2009.0,7.0,Nebraska,Texas Tech,-10.5,-109.5,-110.0,12.0
2009.0,7.0,North Texas,Florida Atlantic,1.0,-110.0,-109.5,12.0
2009.0,7.0,Oklahoma State,Missouri,-6.5,-110.0,-110.0,12.0
2009.0,7.0,Penn State,Minnesota,-17.0,-110.0,-110.0,12.0
2009.0,7.0,Purdue,Ohio State,13.5,-110.0,-109.5,12.0
2009.0,7.0,Rutgers,Pittsburgh,6.25,-110.0,-109.5,12.0
2009.0,7.0,South Florida,Cincinnati,1.0,-110.0,-110.0,12.0
2009.0,7.0,Temple,Army,-10.0,-110.0,-110.0,12.0
2009.0,7.0,Texas,Oklahoma,-3.0,-110.0,-110.0,12.0
2009.0,7.0,Toledo,Northern Illinois,7.5,-110.0,-110.0,12.0
2009.0,7.0,Tulane,Houston,17.0,-110.0,-110.0,12.0
2009.0,7.0,UCLA,California,3.5,-106.0,-110.0,12.0
2009.0,7.0,UNLV,Utah,14.5,-110.0,-110.0,12.0
2009.0,7.0,Utah State,Nevada,7.5,-109.5,-110.0,12.0
2009.0,7.0,Vanderbilt,Georgia,7.5,-110.0,-105.0,12.0
2009.0,7.0,West Virginia,Marshall,-20.0,-110.0,-110.0,12.0
2009.0,7.0,Western Michigan,Central Michigan,7.0,-110.0,-107.5,12.0
2009.0,7.0,Wisconsin,Iowa,-1.5,-109.5,-109.5,12.0
2009.0,8.0,Alabama,Tennessee,-14.0,-110.0,-110.0,12.0
2009.0,8.0,Arizona,UCLA,-7.5,-110.0,-110.0,12.0
2009.0,8.0,Arkansas State,Florida International,-11.5,-110.0,-110.0,12.0
2009.0,8.0,Army,Rutgers,10.5,-110.0,-110.0,12.0
2009.0,8.0,Baylor,Oklahoma State,7.5,-110.0,-107.5,12.0
2009.0,8.0,Bowling Green,Central Michigan,9.5,-107.5,-110.0,12.0
2009.0,8.0,California,Washington State,-36.5,-110.0,-110.0,12.0
2009.0,8.0,Cincinnati,Louisville,-16.25,-109.5,-110.0,12.0
2009.0,8.0,Colorado State,San Diego State,-8.0,-110.0,-109.5,12.0
2009.0,8.0,Duke,Maryland,-4.0,-110.0,-110.0,12.0
2009.0,8.0,Eastern Michigan,Ball State,2.5,-107.0,-110.0,12.0
2009.0,8.0,Kansas,Oklahoma,8.25,-110.0,-110.0,12.0
2009.0,8.0,Kansas State,Colorado,-4.25,-110.0,-110.0,12.0
2009.0,8.0,Michigan,Penn State,3.5,-110.0,-107.0,12.0
2009.0,8.0,Michigan State,Iowa,-1.5,-110.0,-110.0,12.0
2009.0,8.0,Mississippi State,Florida,22.75,-110.0,-110.0,12.0
2009.0,8.0,Missouri,Texas,13.0,-109.5,-110.0,12.0
2009.0,8.0,Navy,Wake Forest,2.5,-107.5,-110.0,12.0
2009.0,8.0,Nebraska,Iowa State,-20.5,-109.5,-110.0,12.0
2009.0,8.0,Nevada,Idaho,-16.5,-110.0,-110.0,12.0
2009.0,8.0,New Mexico,UNLV,1.0,-110.0,-109.5,12.0
2009.0,8.0,New Mexico State,Fresno State,24.0,-109.5,-110.0,10.0
2009.0,8.0,North Carolina,Florida State,-1.5,-109.5,-110.0,12.0
2009.0,8.0,Northwestern,Indiana,-4.5,-110.0,-110.0,12.0
2009.0,8.0,Notre Dame,Boston College,-8.0,-110.0,-110.0,12.0
2009.0,8.0,Ohio State,Minnesota,-17.0,-110.0,-109.5,12.0
2009.0,8.0,Pittsburgh,South Florida,-6.5,-110.0,-110.0,12.0
2009.0,8.0,Purdue,Illinois,-10.5,-110.0,-110.0,12.0
2009.0,8.0,South Carolina,Vanderbilt,-14.0,-110.0,-110.0,12.0
2009.0,8.0,Stanford,Arizona State,-7.0,-107.0,-111.0,12.0
2009.0,8.0,Syracuse,Akron,-11.5,-110.0,-110.0,12.0
2009.0,8.0,Texas Tech,Texas A&M,-22.0,-110.0,-110.0,12.0
2009.0,8.0,Toledo,Temple,-1.0,-109.5,-110.0,12.0
2009.0,8.0,Troy,North Texas,-20.5,-110.0,-110.0,11.0
2009.0,8.0,Utah,Air Force,-8.75,-109.5,-110.0,12.0
2009.0,8.0,Utah State,Louisiana Tech,-1.5,-110.0,-110.0,12.0
2009.0,8.0,Virginia,Georgia Tech,5.5,-110.0,-109.5,12.0
2009.0,8.0,Washington,Oregon,9.5,-110.0,-110.0,12.0
2009.0,8.0,West Virginia,Connecticut,-8.5,-110.0,-110.0,12.0
2009.0,8.0,Western Michigan,Buffalo,-5.5,-110.0,-110.0,12.0
2009.0,9.0,Arizona State,California,5.75,-110.0,-109.5,12.0
2009.0,9.0,Arkansas,Eastern Michigan,-37.0,-110.0,-110.0,12.0
2009.0,9.0,Ball State,Ohio,5.5,-110.0,-110.0,12.0
2009.0,9.0,Baylor,Nebraska,14.0,-110.0,-110.0,12.0
2009.0,9.0,Boston College,Central Michigan,-5.5,-110.0,-110.0,12.0
2009.0,9.0,Colorado,Missouri,3.0,-110.0,-109.5,12.0
2009.0,9.0,Colorado State,Air Force,7.0,-109.5,-110.0,12.0
2009.0,9.0,Connecticut,Rutgers,-7.5,-110.0,-110.0,12.0
2009.0,9.0,Florida,Georgia,-16.25,-110.0,-110.0,12.0
2009.0,9.0,Fresno State,Utah State,-16.75,-110.0,-110.0,12.0
2009.0,9.0,Idaho,Louisiana Tech,-2.5,-114.0,-105.0,12.0
2009.0,9.0,Illinois,Michigan,7.0,-110.0,-105.0,12.0
2009.0,9.0,Iowa,Indiana,-17.0,-110.0,-110.0,12.0
2009.0,9.0,Kentucky,Mississippi State,-3.5,-110.0,-110.0,12.0
2009.0,9.0,Louisville,Arkansas State,-1.5,-110.0,-110.0,12.0
2009.0,9.0,Memphis,East Carolina,6.0,-110.0,-110.0,12.0
2009.0,9.0,Minnesota,Michigan State,3.5,-110.0,-107.5,12.0
2009.0,9.0,Navy,Temple,-6.5,-110.0,-110.0,12.0
2009.0,9.0,North Texas,Western Kentucky,-14.0,-110.0,-110.0,12.0
2009.0,9.0,Northern Illinois,Akron,-11.5,-110.0,-110.0,12.0
2009.0,9.0,Northwestern,Penn State,17.0,-110.0,-110.0,12.0
2009.0,9.0,Notre Dame,Washington State,-28.0,-110.0,-110.0,12.0
2009.0,9.0,Ohio State,New Mexico State,-44.0,-110.0,-110.0,12.0
2009.0,9.0,Oklahoma,Kansas State,-28.0,-110.0,-110.0,12.0
2009.0,9.0,Oklahoma State,Texas,9.0,-110.0,-110.0,12.0
2009.0,9.0,Oregon State,UCLA,-10.0,-110.0,-109.5,12.0
2009.0,9.0,San Diego State,New Mexico,-16.5,-110.0,-110.0,12.0
2009.0,9.0,Syracuse,Cincinnati,16.0,-110.0,-110.0,12.0
2009.0,9.0,Tennessee,South Carolina,-6.0,-110.0,-110.0,12.0
2009.0,9.0,Texas A&M,Iowa State,-6.5,-110.0,-110.0,12.0
2009.0,9.0,Texas Tech,Kansas,-6.5,-110.0,-106.0,12.0
2009.0,9.0,Utah,Wyoming,-17.5,-110.0,-110.0,12.0
2009.0,9.0,Vanderbilt,Georgia Tech,13.0,-110.0,-110.0,12.0
2009.0,9.0,Virginia,Duke,-7.5,-110.0,-110.0,12.0
2009.0,9.0,Virginia Tech,North Carolina,-14.5,-110.0,-110.0,12.0
2009.0,9.0,Wisconsin,Purdue,-7.0,-110.0,-110.0,12.0
2009.0,10.0,Air Force,Army,-17.0,-110.0,-110.0,11.0
2009.0,10.0,Arizona,Washington State,-32.5,-110.0,-110.0,12.0
2009.0,10.0,Arkansas,South Carolina,-7.5,-110.0,-110.0,12.0
2009.0,10.0,Auburn,Furman,-37.0,-110.0,-110.0,11.0
2009.0,10.0,Buffalo,Bowling Green,-3.0,-104.5,-111.5,12.0
2009.0,10.0,California,Oregon State,-6.5,-110.0,-110.0,12.0
2009.0,10.0,Cincinnati,Connecticut,-16.0,-110.0,-110.0,12.0
2009.0,10.0,Clemson,Florida State,-8.5,-110.0,-110.0,12.0
2009.0,10.0,Colorado,Texas A&M,3.0,-105.0,-110.0,12.0
2009.0,10.0,East Carolina,Virginia Tech,12.5,-110.0,-110.0,12.0
2009.0,10.0,Florida,Vanderbilt,-34.5,-110.0,-110.0,12.0
2009.0,10.0,Georgia,Tennessee Tech,-42.0,-106.0,-109.0,3.0
2009.0,10.0,Georgia Tech,Wake Forest,-14.0,-110.0,-110.0,12.0
2009.0,10.0,Idaho,Fresno State,9.5,-110.0,-110.0,12.0
2009.0,10.0,Indiana,Wisconsin,13.5,-110.0,-110.0,12.0
2009.0,10.0,Iowa,Northwestern,-14.5,-110.0,-110.0,12.0
2009.0,10.0,Iowa State,Oklahoma State,7.5,-110.0,-107.5,12.0
2009.0,10.0,Kansas State,Kansas,1.5,-110.0,-110.0,12.0
2009.0,10.0,Kentucky,Eastern Kentucky,-31.0,-107.5,-107.5,2.0
2009.0,10.0,Louisiana Tech,Boise State,20.0,-110.0,-110.0,12.0
2009.0,10.0,Michigan,Purdue,-7.0,-110.0,-110.0,12.0
2009.0,10.0,Michigan State,Western Michigan,-20.5,-110.0,-110.0,12.0
2009.0,10.0,Minnesota,Illinois,-6.5,-110.0,-110.0,12.0
2009.0,10.0,Missouri,Baylor,-14.5,-110.0,-110.0,12.0
2009.0,10.0,Nebraska,Oklahoma,4.5,-110.0,-110.0,12.0
2009.0,10.0,North Carolina,Duke,-10.0,-107.5,-110.0,12.0
2009.0,10.0,Northern Illinois,Eastern Michigan,-21.5,-110.0,-110.0,12.0
2009.0,10.0,Notre Dame,Navy,-12.5,-110.0,-110.0,12.0
2009.0,10.0,Penn State,Ohio State,-5.5,-110.0,-110.0,12.0
2009.0,10.0,Pittsburgh,Syracuse,-21.0,-110.0,-110.0,12.0
2009.0,10.0,Stanford,Oregon,6.75,-110.0,-110.0,12.0
2009.0,10.0,Tennessee,Memphis,-25.5,-110.0,-110.0,12.0
2009.0,10.0,UCLA,Washington,-5.0,-110.0,-110.0,11.0
2009.0,10.0,UNLV,Colorado State,-2.25,-110.0,-110.0,12.0
2009.0,10.0,Utah,New Mexico,-27.5,-110.0,-110.0,11.0
2009.0,10.0,West Virginia,Louisville,-17.5,-110.0,-110.0,12.0
2009.0,10.0,Western Kentucky,Troy,24.0,-110.0,-110.0,8.0
2009.0,11.0,Air Force,UNLV,-17.0,-109.5,-109.5,8.0
2009.0,11.0,Akron,Temple,6.0,-110.0,-110.0,12.0
2009.0,11.0,Arkansas,Troy,-14.0,-110.0,-110.0,12.0
2009.0,11.0,Baylor,Texas,23.0,-110.0,-110.0,12.0
2009.0,11.0,Boise State,Idaho,-32.0,-110.0,-110.0,12.0
2009.0,11.0,Buffalo,Ohio,-1.0,-110.0,-110.0,12.0
2009.0,11.0,California,Arizona,-2.5,-110.0,-110.0,11.0
2009.0,11.0,Central Michigan,Toledo,-17.5,-110.0,-110.0,12.0
2009.0,11.0,Cincinnati,West Virginia,-9.5,-110.0,-110.0,12.0
2009.0,11.0,Duke,Georgia Tech,13.5,-110.0,-110.0,12.0
2009.0,11.0,Eastern Michigan,Western Michigan,13.0,-110.0,-110.0,12.0
2009.0,11.0,Florida Atlantic,Arkansas State,3.25,-109.0,-110.0,12.0
2009.0,11.0,Florida International,North Texas,-3.25,-110.0,-110.0,12.0
2009.0,11.0,Georgia,Auburn,-4.0,-110.0,-110.0,12.0
2009.0,11.0,Illinois,Northwestern,-6.0,-110.0,-110.0,12.0
2009.0,11.0,Iowa State,Colorado,-5.0,-110.0,-110.0,12.0
2009.0,11.0,Kansas,Nebraska,4.0,-110.0,-110.0,12.0
2009.0,11.0,Kansas State,Missouri,1.75,-110.0,-110.0,12.0
2009.0,11.0,Louisville,Syracuse,-7.5,-110.0,-110.0,12.0
2009.0,11.0,Maryland,Virginia Tech,20.0,-110.0,-110.0,12.0
2009.0,11.0,Mississippi State,Alabama,11.0,-110.0,-110.0,12.0
2009.0,11.0,Navy,Delaware,-20.5,-110.0,-110.0,4.0
2009.0,11.0,Nevada,Fresno State,-7.0,-110.0,-104.5,12.0
2009.0,11.0,Northern Illinois,Ball State,-16.5,-109.5,-110.0,12.0
2009.0,11.0,Ohio State,Iowa,-16.5,-110.0,-110.0,12.0
2009.0,11.0,Oklahoma,Texas A&M,-20.0,-110.0,-110.0,12.0
2009.0,11.0,Oklahoma State,Texas Tech,-4.5,-110.0,-110.0,12.0
2009.0,11.0,Oregon State,Washington,-13.5,-110.0,-110.0,12.0
2009.0,11.0,Penn State,Indiana,-24.0,-110.0,-110.0,12.0
2009.0,11.0,Pittsburgh,Notre Dame,-5.5,-110.0,-110.0,12.0
2009.0,11.0,Purdue,Michigan State,3.0,-110.0,-110.0,12.0
2009.0,11.0,Rice,Tulane,-3.0,-109.5,-110.0,12.0
2009.0,11.0,Rutgers,South Florida,-1.5,-110.0,-110.0,12.0
2009.0,11.0,San Diego State,Wyoming,-7.0,-110.0,-109.5,12.0
2009.0,11.0,South Carolina,Florida,17.0,-110.0,-110.0,12.0
2009.0,11.0,Vanderbilt,Kentucky,3.5,-110.0,-110.0,12.0
2009.0,11.0,Virginia,Boston College,4.5,-110.0,-110.0,12.0
2009.0,11.0,Wake Forest,Florida State,-4.5,-110.0,-110.0,12.0
2009.0,11.0,Washington State,UCLA,17.5,-110.0,-110.0,11.0
2009.0,11.0,Wisconsin,Michigan,-8.5,-110.0,-110.0,12.0
2009.0,12.0,Alabama,Chattanooga,-48.5,-110.0,-110.0,3.0
2009.0,12.0,Arizona,Oregon,5.0,-109.5,-110.0,12.0
2009.0,12.0,Arkansas,Mississippi State,-11.5,-110.0,-110.0,12.0
2009.0,12.0,Ball State,Central Michigan,14.5,-110.0,-110.0,12.0
2009.0,12.0,Boston College,North Carolina,-3.0,-110.0,-110.0,12.0
2009.0,12.0,Bowling Green,Akron,-11.75,-110.0,-110.0,12.0
2009.0,12.0,Clemson,Virginia,-21.0,-110.0,-110.0,12.0
2009.0,12.0,Florida,Florida International,-47.25,-110.0,-110.0,12.0
2009.0,12.0,Florida State,Maryland,-17.0,-110.0,-110.0,12.0
2009.0,12.0,Fresno State,Louisiana Tech,-9.5,-110.0,-110.0,12.0
2009.0,12.0,Georgia,Kentucky,-10.0,-110.0,-110.0,12.0
2009.0,12.0,Houston,Memphis,-22.0,-110.0,-110.0,12.0
2009.0,12.0,Indiana,Purdue,3.0,-112.0,-105.0,12.0
2009.0,12.0,Iowa,Minnesota,-12.5,-110.0,-110.0,12.0
2009.0,12.0,Michigan,Ohio State,10.0,-110.0,-109.5,12.0
2009.0,12.0,Michigan State,Penn State,3.0,-110.0,-105.0,12.0
2009.0,12.0,Missouri,Iowa State,-15.5,-110.0,-110.0,12.0
2009.0,12.0,Nebraska,Kansas State,-16.0,-110.0,-110.0,12.0
2009.0,12.0,New Mexico,Colorado State,3.5,-110.0,-110.0,12.0
2009.0,12.0,New Mexico State,Nevada,31.0,-110.0,-110.0,12.0
2009.0,12.0,North Texas,Army,-1.0,-110.0,-110.0,12.0
2009.0,12.0,Northwestern,Wisconsin,7.0,-110.0,-110.0,11.0
2009.0,12.0,Notre Dame,Connecticut,-6.0,-110.0,-110.0,11.0
2009.0,12.0,Ohio,Northern Illinois,-1.0,-110.0,-110.0,12.0
2009.0,12.0,Oklahoma State,Colorado,-17.0,-110.0,-110.0,12.0
2009.0,12.0,South Florida,Louisville,-12.5,-110.0,-109.5,12.0
2009.0,12.0,Stanford,California,-7.5,-110.0,-110.0,12.0
2009.0,12.0,Syracuse,Rutgers,10.0,-109.5,-110.0,12.0
2009.0,12.0,Tennessee,Vanderbilt,-17.0,-110.0,-110.0,12.0
2009.0,12.0,Texas,Kansas,-28.0,-110.0,-110.0,12.0
2009.0,12.0,Texas A&M,Baylor,-6.0,-110.0,-109.5,12.0
2009.0,12.0,Texas Tech,Oklahoma,6.0,-110.0,-110.0,12.0
2009.0,12.0,Toledo,Eastern Michigan,-16.0,-110.0,-110.0,12.0
2009.0,12.0,Troy,Florida Atlantic,-17.0,-110.0,-110.0,9.0
2009.0,12.0,UCLA,Arizona State,-5.5,-110.0,-110.0,11.0
2009.0,12.0,Utah,San Diego State,-21.0,-110.0,-110.0,12.0
2009.0,12.0,Utah State,Boise State,22.5,-110.0,-110.0,12.0
2009.0,12.0,Washington State,Oregon State,31.0,-110.0,-110.0,12.0
2009.0,13.0,Akron,Eastern Michigan,-14.5,-110.0,-110.0,11.0
2009.0,13.0,Arizona State,Arizona,3.5,-107.5,-110.0,10.0
2009.0,13.0,Arkansas State,North Texas,-7.5,-110.0,-110.0,11.0
2009.0,13.0,Auburn,Alabama,10.0,-110.0,-110.0,11.0
2009.0,13.0,Boise State,Nevada,-12.5,-110.0,-110.0,11.0
2009.0,13.0,Bowling Green,Toledo,-7.5,-105.0,-114.0,9.0
2009.0,13.0,Central Michigan,Northern Illinois,-13.5,-110.0,-110.0,11.0
2009.0,13.0,Cincinnati,Illinois,-18.5,-110.0,-110.0,11.0
2009.0,13.0,Colorado,Nebraska,10.0,-110.0,-110.0,11.0
2009.0,13.0,Colorado State,Wyoming,-2.75,-110.0,-110.0,10.0
2009.0,13.0,Connecticut,Syracuse,-13.5,-110.0,-110.0,10.0
2009.0,13.0,Duke,Wake Forest,3.5,-110.0,-109.0,11.0
2009.0,13.0,Florida,Florida State,-25.5,-110.0,-110.0,11.0
2009.0,13.0,Florida Atlantic,Western Kentucky,-12.5,-110.0,-110.0,11.0
2009.0,13.0,Georgia Tech,Georgia,-9.0,-110.0,-110.0,11.0
2009.0,13.0,Houston,Rice,-30.5,-110.0,-110.0,11.0
2009.0,13.0,Idaho,Utah State,-3.0,-110.0,-110.0,11.0
2009.0,13.0,Kansas,Missouri,3.5,-110.0,-110.0,11.0
2009.0,13.0,Kentucky,Tennessee,3.0,-110.0,-110.0,11.0
2009.0,13.0,Louisville,Rutgers,3.0,-105.0,-110.0,11.0
2009.0,13.0,Maryland,Boston College,5.5,-110.0,-110.0,11.0
2009.0,13.0,Ohio,Temple,2.0,-110.0,-110.0,11.0
2009.0,13.0,Oklahoma,Oklahoma State,-8.0,-110.0,-110.0,11.0
2009.0,13.0,South Carolina,Clemson,3.0,-110.0,-110.0,11.0
2009.0,13.0,Stanford,Notre Dame,-10.0,-110.0,-110.0,11.0
2009.0,13.0,Texas A&M,Texas,20.5,-110.0,-110.0,11.0
2009.0,13.0,UNLV,San Diego State,-6.5,-110.0,-110.0,11.0
2009.0,13.0,Virginia,Virginia Tech,14.0,-110.0,-110.0,11.0
2009.0,13.0,Washington,Washington State,-25.0,-110.0,-110.0,10.0
2009.0,13.0,West Virginia,Pittsburgh,0.0,-110.0,-110.0,11.0
2009.0,13.0,Western Michigan,Ball State,-10.0,-110.0,-110.0,11.0
2009.0,14.0,Alabama,Florida,4.5,-110.0,-110.0,12.0
2009.0,14.0,Boise State,New Mexico State,-46.0,-110.0,-110.0,12.0
2009.0,14.0,Central Michigan,Ohio,-13.5,-110.0,-109.5,12.0
2009.0,14.0,Clemson,Georgia Tech,-1.0,-110.0,-110.0,12.0
2009.0,14.0,Connecticut,South Florida,-7.0,-110.0,-110.0,12.0
2009.0,14.0,East Carolina,Houston,1.0,-110.0,-109.5,12.0
2009.0,14.0,Illinois,Fresno State,-2.0,-110.0,-110.0,11.0
2009.0,14.0,Nebraska,Texas,14.0,-110.0,-110.0,12.0
2009.0,14.0,Oregon,Oregon State,-9.5,-109.5,-110.0,12.0
2009.0,14.0,Pittsburgh,Cincinnati,-1.0,-110.0,-110.0,12.0
2009.0,14.0,Rutgers,West Virginia,-1.0,-110.0,-110.0,12.0
2009.0,14.0,Washington,California,6.75,-110.0,-109.5,12.0
2009.0,14.0,Western Kentucky,Arkansas State,6.5,-110.0,-110.0,12.0
2009.0,15.0,Navy,Army,-14.5,-110.0,-110.0,12.0
2010.0,1.0,Air Force,Northwestern State,-44.0,-110.0,-110.0,8.0
2010.0,1.0,Akron,Syracuse,8.5,-109.5,-110.0,12.0
2010.0,1.0,Arizona State,Portland State,-39.0,-110.0,-110.0,7.0
2010.0,1.0,Arkansas,Tennessee Tech,-49.0,-110.0,-110.0,6.0
2010.0,1.0,Auburn,Arkansas State,-31.0,-110.0,-110.0,12.0
2010.0,1.0,Baylor,Sam Houston State,-39.5,-110.0,-110.0,4.0
2010.0,1.0,Boston College,Weber State,-30.75,-110.0,-110.0,10.0
2010.0,1.0,Buffalo,Rhode Island,-24.0,-110.0,-110.0,10.0
2010.0,1.0,Central Michigan,Hampton,-32.0,-110.0,-110.0,3.0
2010.0,1.0,Clemson,North Texas,-27.5,-110.0,-110.0,12.0
2010.0,1.0,Colorado State,Colorado,11.5,-110.0,-110.0,12.0
2010.0,1.0,East Carolina,Tulsa,7.0,-110.0,-110.0,12.0
2010.0,1.0,Eastern Michigan,Army,9.5,-110.0,-110.0,12.0
2010.0,1.0,Florida State,Samford,-36.75,-110.0,-110.0,6.0
2010.0,1.0,Fresno State,Cincinnati,-2.5,-110.0,-107.5,12.0
2010.0,1.0,Houston,Texas State,-39.0,-110.0,-110.0,8.0
2010.0,1.0,Idaho,North Dakota,-20.0,-110.0,-110.0,3.0
2010.0,1.0,Indiana,Towson,-29.0,-110.0,-110.0,9.0
2010.0,1.0,Iowa,Eastern Illinois,-39.75,-110.0,-110.0,6.0
2010.0,1.0,Iowa State,Northern Illinois,-4.0,-110.0,-110.0,12.0
2010.0,1.0,Kansas,North Dakota State,-27.5,-110.0,-110.0,7.0
2010.0,1.0,Kansas State,UCLA,-1.5,-110.0,-110.0,12.0
2010.0,1.0,Louisville,Kentucky,3.0,-103.0,-110.0,10.0
2010.0,1.0,Maryland,Navy,6.5,-110.0,-110.0,12.0
2010.0,1.0,Michigan,Connecticut,-3.0,-110.0,-107.5,12.0
2010.0,1.0,Michigan State,Western Michigan,-22.5,-110.0,-110.0,12.0
2010.0,1.0,Mississippi State,Memphis,-21.5,-110.0,-110.0,12.0
2010.0,1.0,Missouri,Illinois,-13.5,-110.0,-110.0,12.0
2010.0,1.0,Nebraska,Western Kentucky,-39.5,-110.0,-110.0,12.0
2010.0,1.0,Nevada,Eastern Washington,-28.5,-110.0,-110.0,10.0
2010.0,1.0,Notre Dame,Purdue,-10.5,-110.0,-110.0,12.0
2010.0,1.0,Ohio,Wofford,-13.5,-110.0,-110.0,7.0
2010.0,1.0,Ohio State,Marshall,-28.0,-110.0,-110.0,11.0
2010.0,1.0,Oklahoma,Utah State,-34.5,-110.0,-110.0,12.0
2010.0,1.0,Oklahoma State,Washington State,-16.75,-110.0,-110.0,12.0
2010.0,1.0,Oregon,New Mexico,-36.0,-110.0,-110.0,12.0
2010.0,1.0,Penn State,Youngstown State,-38.75,-109.0,-109.0,4.0
2010.0,1.0,Rice,Texas,31.5,-110.0,-110.0,12.0
2010.0,1.0,Rutgers,Norfolk State,-38.5,-110.0,-108.5,2.0
2010.0,1.0,South Florida,Stony Brook,-36.0,-110.0,-110.0,9.0
2010.0,1.0,Stanford,Sacramento State,-41.5,-110.0,-110.0,6.0
2010.0,1.0,Temple,Villanova,-4.5,-110.0,-110.0,8.0
2010.0,1.0,Toledo,Arizona,15.25,-110.0,-110.0,12.0
2010.0,1.0,Troy,Bowling Green,-14.5,-110.0,-110.0,11.0
2010.0,1.0,Tulane,Southeastern Louisiana,-9.0,-110.0,-110.0,10.0
2010.0,1.0,UNLV,Wisconsin,20.5,-110.0,-110.0,12.0
2010.0,1.0,Utah,Pittsburgh,-3.0,-110.0,-105.0,12.0
2010.0,1.0,Vanderbilt,Northwestern,3.25,-110.0,-110.0,12.0
2010.0,1.0,Virginia,Richmond,-7.0,-110.0,-110.0,10.0
2010.0,1.0,Virginia Tech,Boise State,-1.25,-110.0,-110.0,12.0
2010.0,1.0,West Virginia,Coastal Carolina,-41.5,-110.0,-110.0,7.0
2010.0,1.0,Wyoming,Southern Utah,-22.0,-110.0,-110.0,7.0
2010.0,2.0,Alabama,Penn State,-14.0,-110.0,-110.0,13.0
2010.0,2.0,Arizona State,Northern Arizona,-24.0,-110.0,-110.0,10.0
2010.0,2.0,Ball State,Liberty,-10.5,-110.0,-110.0,9.0
2010.0,2.0,Baylor,Buffalo,-14.5,-110.0,-110.0,13.0
2010.0,2.0,California,Colorado,-10.0,-110.0,-110.0,13.0
2010.0,2.0,Cincinnati,Indiana State,-45.5,-110.0,-110.0,6.0
2010.0,2.0,Connecticut,Texas Southern,-43.5,-110.0,-110.0,4.0
2010.0,2.0,East Carolina,Memphis,-13.5,-110.0,-110.0,13.0
2010.0,2.0,Florida,South Florida,-14.5,-110.0,-110.0,13.0
2010.0,2.0,Florida Atlantic,Michigan State,26.25,-110.0,-110.0,12.0
2010.0,2.0,Florida International,Rutgers,14.5,-110.0,-106.0,13.0
2010.0,2.0,Illinois,Southern Illinois,-10.5,-110.0,-110.0,10.0
2010.0,2.0,Iowa,Iowa State,-13.5,-110.0,-110.0,13.0
2010.0,2.0,Kansas,Georgia Tech,14.0,-110.0,-110.0,13.0
2010.0,2.0,Kansas State,Missouri State,-27.25,-110.0,-110.0,8.0
2010.0,2.0,Kentucky,Western Kentucky,-24.5,-110.0,-110.0,12.0
2010.0,2.0,Louisville,Eastern Kentucky,-30.0,-110.0,-110.0,8.0
2010.0,2.0,Marshall,West Virginia,12.0,-110.0,-110.0,13.0
2010.0,2.0,Maryland,Morgan State,-36.25,-110.0,-110.0,8.0
2010.0,2.0,Mississippi State,Auburn,1.0,-110.0,-110.0,12.0
2010.0,2.0,Navy,Georgia Southern,-29.0,-110.0,-110.0,9.0
2010.0,2.0,Nebraska,Idaho,-27.5,-110.0,-110.0,12.0
2010.0,2.0,Nevada,Colorado State,-24.5,-110.0,-110.0,13.0
2010.0,2.0,New Mexico,Texas Tech,24.5,-110.0,-110.0,13.0
2010.0,2.0,New Mexico State,San Diego State,14.0,-110.0,-110.0,13.0
2010.0,2.0,North Texas,Rice,-3.5,-105.0,-110.0,13.0
2010.0,2.0,Northern Illinois,North Dakota,-24.5,-110.0,-110.0,8.0
2010.0,2.0,Northwestern,Illinois State,-25.0,-110.0,-110.0,7.0
2010.0,2.0,Notre Dame,Michigan,-3.5,-104.0,-110.0,13.0
2010.0,2.0,Ohio,Toledo,-10.0,-110.0,-110.0,13.0
2010.0,2.0,Oklahoma,Florida State,-7.0,-105.0,-114.0,13.0
2010.0,2.0,Oklahoma State,Troy,-13.5,-110.0,-110.0,13.0
2010.0,2.0,Pittsburgh,New Hampshire,-29.5,-110.0,-110.0,9.0
2010.0,2.0,Purdue,Western Illinois,-28.5,-110.0,-110.0,7.0
2010.0,2.0,South Carolina,Georgia,-3.0,-115.0,-105.0,13.0
2010.0,2.0,Temple,Central Michigan,-7.5,-110.0,-110.0,13.0
2010.0,2.0,Tennessee,Oregon,10.5,-110.0,-110.0,13.0
2010.0,2.0,Texas,Wyoming,-27.5,-110.0,-110.0,12.0
2010.0,2.0,Tulsa,Bowling Green,-16.5,-110.0,-110.0,13.0
2010.0,2.0,UCLA,Stanford,6.0,-110.0,-109.0,13.0
2010.0,2.0,Utah,UNLV,-20.5,-110.0,-110.0,13.0
2010.0,2.0,Utah State,Idaho State,-31.5,-110.0,-110.0,5.0
2010.0,2.0,Virginia Tech,James Madison,-33.0,-110.0,-110.0,9.0
2010.0,2.0,Wake Forest,Duke,-5.5,-110.0,-110.0,13.0
2010.0,2.0,Washington,Syracuse,-13.5,-110.0,-110.0,13.0
2010.0,2.0,Washington State,Montana State,-7.5,-110.0,-110.0,6.0
2010.0,3.0,Arizona,Iowa,-2.5,-110.0,-110.0,13.0
2010.0,3.0,Army,North Texas,-5.0,-110.0,-110.0,13.0
2010.0,3.0,Auburn,Clemson,-7.5,-110.0,-110.0,12.0
2010.0,3.0,Bowling Green,Marshall,3.5,-110.0,-110.0,13.0
2010.0,3.0,Duke,Alabama,23.5,-110.0,-110.0,13.0
2010.0,3.0,Eastern Michigan,Central Michigan,10.0,-110.0,-110.0,13.0
2010.0,3.0,Georgia,Arkansas,-1.5,-110.0,-110.0,13.0
2010.0,3.0,Idaho,UNLV,-7.0,-110.0,-110.0,13.0
2010.0,3.0,Illinois,Northern Illinois,-7.0,-110.0,-110.0,13.0
2010.0,3.0,Kansas State,Iowa State,-3.5,-110.0,-109.0,13.0
2010.0,3.0,Kentucky,Akron,-24.5,-110.0,-110.0,12.0
2010.0,3.0,Louisiana Tech,Navy,3.0,-110.0,-110.0,13.0
2010.0,3.0,Michigan State,Notre Dame,-3.5,-109.0,-110.0,13.0
2010.0,3.0,Missouri,San Diego State,-14.5,-110.0,-110.0,13.0
2010.0,3.0,Nevada,California,2.5,-110.0,-110.0,13.0
2010.0,3.0,New Mexico,Utah,21.5,-110.0,-110.0,13.0
2010.0,3.0,North Carolina,Georgia Tech,-3.0,-109.0,-110.0,13.0
2010.0,3.0,Ohio State,Ohio,-29.5,-110.0,-110.0,13.0
2010.0,3.0,Oklahoma,Air Force,-16.5,-110.0,-110.0,12.0
2010.0,3.0,Oklahoma State,Tulsa,-7.0,-110.0,-110.0,13.0
2010.0,3.0,Oregon,Portland State,-55.0,-110.0,-110.0,9.0
2010.0,3.0,Oregon State,Louisville,-20.5,-110.0,-110.0,13.0
2010.0,3.0,Purdue,Ball State,-16.5,-110.0,-110.0,13.0
2010.0,3.0,Rice,Northwestern,6.5,-110.0,-110.0,13.0
2010.0,3.0,South Carolina,Furman,-33.0,-110.0,-110.0,7.0
2010.0,3.0,Stanford,Wake Forest,-17.5,-110.0,-110.0,13.0
2010.0,3.0,Syracuse,Maine,-20.5,-110.0,-110.0,5.0
2010.0,3.0,Temple,Connecticut,5.5,-109.5,-108.5,12.0
2010.0,3.0,Tennessee,Florida,13.5,-110.0,-105.0,12.0
2010.0,3.0,Texas Tech,Texas,3.0,-110.0,-107.5,12.0
2010.0,3.0,UCLA,Houston,3.5,-110.0,-110.0,13.0
2010.0,3.0,Utah State,Fresno State,3.5,-110.0,-110.0,13.0
2010.0,3.0,Virginia Tech,East Carolina,-20.0,-110.0,-110.0,13.0
2010.0,3.0,Washington,Nebraska,3.0,-112.0,-104.5,12.0
2010.0,3.0,West Virginia,Maryland,-10.0,-110.0,-110.0,13.0
2010.0,3.0,Western Kentucky,Indiana,14.0,-110.0,-110.0,13.0
2010.0,3.0,Western Michigan,Toledo,-3.5,-109.0,-110.0,13.0
2010.0,3.0,Wisconsin,Arizona State,-11.5,-110.0,-110.0,13.0
2010.0,3.0,Wyoming,Boise State,23.0,-110.0,-110.0,13.0
2010.0,4.0,Arizona,California,-6.0,-109.5,-110.0,12.0
2010.0,4.0,Arizona State,Oregon,12.5,-110.0,-110.0,13.0
2010.0,4.0,Arkansas,Alabama,6.5,-110.0,-110.0,13.0
2010.0,4.0,Auburn,South Carolina,-3.0,-110.0,-110.0,13.0
2010.0,4.0,Boise State,Oregon State,-17.5,-110.0,-110.0,13.0
2010.0,4.0,Boston College,Virginia Tech,3.5,-110.0,-110.0,13.0
2010.0,4.0,Cincinnati,Oklahoma,14.0,-110.0,-105.0,13.0
2010.0,4.0,Colorado State,Idaho,8.0,-110.0,-110.0,13.0
2010.0,4.0,Connecticut,Buffalo,-20.5,-110.0,-110.0,13.0
2010.0,4.0,Duke,Army,-6.0,-110.0,-110.0,13.0
2010.0,4.0,Florida,Kentucky,-14.0,-110.0,-110.0,12.0
2010.0,4.0,Florida Atlantic,North Texas,-10.0,-109.5,-107.0,12.0
2010.0,4.0,Florida State,Wake Forest,-20.0,-110.0,-110.0,13.0
2010.0,4.0,Houston,Tulane,-18.5,-110.0,-110.0,13.0
2010.0,4.0,Indiana,Akron,-23.0,-110.0,-105.0,13.0
2010.0,4.0,Iowa,Ball State,-28.0,-110.0,-110.0,12.0
2010.0,4.0,Iowa State,Northern Iowa,-8.5,-110.0,-110.0,8.0
2010.0,4.0,Kansas,New Mexico State,-24.0,-110.0,-110.0,13.0
2010.0,4.0,Marshall,Ohio,-6.5,-110.0,-110.0,12.0
2010.0,4.0,Maryland,Florida International,-10.0,-110.0,-109.0,13.0
2010.0,4.0,Michigan,Bowling Green,-25.5,-110.0,-110.0,13.0
2010.0,4.0,Michigan State,Northern Colorado,-34.0,-110.0,-110.0,7.0
2010.0,4.0,Minnesota,Northern Illinois,-4.0,-110.0,-110.0,13.0
2010.0,4.0,Mississippi State,Georgia,0.0,-105.0,-110.0,13.0
2010.0,4.0,Northwestern,Central Michigan,-6.5,-110.0,-110.0,13.0
2010.0,4.0,Notre Dame,Stanford,4.5,-110.0,-110.0,13.0
2010.0,4.0,Ohio State,Eastern Michigan,-44.0,-110.0,-110.0,13.0
2010.0,4.0,Penn State,Temple,-13.5,-110.0,-110.0,13.0
2010.0,4.0,Purdue,Toledo,-11.0,-110.0,-110.0,12.0
2010.0,4.0,Rice,Baylor,8.5,-110.0,-110.0,13.0
2010.0,4.0,Rutgers,North Carolina,3.0,-105.0,-110.0,13.0
2010.0,4.0,San Diego State,Utah State,-9.5,-110.0,-110.0,13.0
2010.0,4.0,South Florida,Western Kentucky,-27.5,-110.0,-110.0,13.0
2010.0,4.0,Syracuse,Colgate,-29.5,-110.0,-110.0,8.0
2010.0,4.0,Texas,UCLA,-15.5,-110.0,-110.0,13.0
2010.0,4.0,Troy,Arkansas State,-10.5,-110.0,-110.0,11.0
2010.0,4.0,Tulsa,Central Arkansas,-24.0,-110.0,-110.0,8.0
2010.0,4.0,UNLV,New Mexico,-10.5,-110.0,-110.0,12.0
2010.0,4.0,Wisconsin,Austin Peay,-45.0,-110.0,-110.0,10.0
2010.0,4.0,Wyoming,Air Force,13.5,-110.0,-110.0,12.0
2010.0,5.0,Air Force,Navy,-9.5,-109.0,-110.0,12.0
2010.0,5.0,Akron,Northern Illinois,13.5,-110.0,-110.0,11.0
2010.0,5.0,Alabama,Florida,-7.5,-110.0,-110.0,12.0
2010.0,5.0,Arkansas State,Louisville,6.5,-110.0,-110.0,12.0
2010.0,5.0,Army,Temple,6.0,-110.0,-110.0,12.0
2010.0,5.0,Baylor,Kansas,-9.0,-110.0,-110.0,12.0
2010.0,5.0,Boston College,Notre Dame,3.0,-111.5,-107.5,12.0
2010.0,5.0,Bowling Green,Buffalo,-2.5,-110.0,-110.0,12.0
2010.0,5.0,Central Michigan,Ball State,-19.5,-110.0,-110.0,12.0
2010.0,5.0,Colorado,Georgia,4.75,-110.0,-110.0,12.0
2010.0,5.0,Connecticut,Vanderbilt,-8.5,-110.0,-110.0,12.0
2010.0,5.0,Eastern Michigan,Ohio,10.0,-110.0,-110.0,12.0
2010.0,5.0,Illinois,Ohio State,16.0,-110.0,-110.0,12.0
2010.0,5.0,Indiana,Michigan,10.0,-110.0,-110.0,12.0
2010.0,5.0,Iowa,Penn State,-7.5,-110.0,-110.0,12.0
2010.0,5.0,Iowa State,Texas Tech,6.5,-110.0,-110.0,12.0
2010.0,5.0,Maryland,Duke,-9.0,-110.0,-110.0,12.0
2010.0,5.0,Memphis,Tulsa,7.5,-110.0,-110.0,12.0
2010.0,5.0,Michigan State,Wisconsin,2.5,-110.0,-110.0,12.0
2010.0,5.0,Minnesota,Northwestern,4.5,-110.0,-110.0,12.0
2010.0,5.0,Mississippi State,Alcorn State,-44.0,-110.0,-110.0,8.0
2010.0,5.0,New Mexico State,Boise State,43.5,-110.0,-110.0,12.0
2010.0,5.0,North Carolina,East Carolina,-14.25,-110.0,-110.0,12.0
2010.0,5.0,Oklahoma,Texas,-3.0,-112.5,-105.0,12.0
2010.0,5.0,Oregon,Stanford,-6.5,-110.0,-110.0,12.0
2010.0,5.0,Oregon State,Arizona State,-2.5,-109.0,-110.0,12.0
2010.0,5.0,Pittsburgh,Florida International,-17.0,-110.0,-110.0,11.0
2010.0,5.0,Rutgers,Tulane,-17.0,-110.0,-110.0,12.0
2010.0,5.0,South Florida,Florida Atlantic,-21.5,-110.0,-110.0,12.0
2010.0,5.0,Toledo,Wyoming,-4.5,-110.0,-110.0,12.0
2010.0,5.0,UCLA,Washington State,-23.5,-110.0,-110.0,12.0
2010.0,5.0,UNLV,Nevada,20.5,-110.0,-110.0,12.0
2010.0,5.0,Virginia,Florida State,6.5,-110.0,-110.0,12.0
2010.0,5.0,Wake Forest,Georgia Tech,9.0,-110.0,-110.0,12.0
2010.0,5.0,Western Michigan,Idaho,4.0,-110.0,-110.0,12.0
2010.0,6.0,Air Force,Colorado State,-24.0,-110.0,-110.0,13.0
2010.0,6.0,Arizona,Oregon State,-8.5,-110.0,-110.0,13.0
2010.0,6.0,Ball State,Western Michigan,-5.5,-110.0,-110.0,13.0
2010.0,6.0,Boise State,Toledo,-38.0,-110.0,-110.0,13.0
2010.0,6.0,California,UCLA,-8.0,-110.0,-110.0,13.0
2010.0,6.0,Florida International,Western Kentucky,-9.0,-110.0,-109.5,10.0
2010.0,6.0,Georgia,Tennessee,-11.5,-110.0,-110.0,13.0
2010.0,6.0,Georgia Tech,Virginia,-10.0,-110.0,-110.0,12.0
2010.0,6.0,Houston,Mississippi State,4.5,-110.0,-110.0,13.0
2010.0,6.0,Iowa State,Utah,6.0,-110.0,-110.0,13.0
2010.0,6.0,Kansas State,Nebraska,11.0,-110.0,-110.0,13.0
2010.0,6.0,Kentucky,Auburn,6.0,-110.0,-110.0,13.0
2010.0,6.0,Louisiana Tech,Utah State,-2.5,-110.0,-110.0,13.0
2010.0,6.0,Louisville,Memphis,-16.0,-110.0,-110.0,12.0
2010.0,6.0,Michigan,Michigan State,-4.5,-109.5,-110.0,12.0
2010.0,6.0,Missouri,Colorado,-12.0,-110.0,-110.0,13.0
2010.0,6.0,New Mexico State,New Mexico,-2.5,-110.0,-110.0,11.0
2010.0,6.0,North Carolina,Clemson,-2.5,-110.0,-110.0,13.0
2010.0,6.0,North Texas,Arkansas State,3.5,-110.0,-110.0,11.0
2010.0,6.0,Northern Illinois,Temple,-3.0,-110.0,-110.0,13.0
2010.0,6.0,Northwestern,Purdue,-8.0,-110.0,-110.0,13.0
2010.0,6.0,Notre Dame,Pittsburgh,-6.0,-110.0,-110.0,13.0
2010.0,6.0,Ohio,Bowling Green,-8.0,-110.0,-110.0,13.0
2010.0,6.0,Ohio State,Indiana,-24.5,-110.0,-110.0,13.0
2010.0,6.0,Penn State,Illinois,-9.0,-110.0,-110.0,13.0
2010.0,6.0,Rutgers,Connecticut,5.0,-110.0,-110.0,13.0
2010.0,6.0,South Carolina,Alabama,7.0,-110.0,-110.0,13.0
2010.0,6.0,South Florida,Syracuse,-8.0,-110.0,-110.0,13.0
2010.0,6.0,Texas Tech,Baylor,-1.5,-110.0,-110.0,13.0
2010.0,6.0,Tulane,Army,-1.0,-110.0,-110.0,13.0
2010.0,6.0,Vanderbilt,Eastern Michigan,-25.0,-110.0,-110.0,13.0
2010.0,6.0,Virginia Tech,Central Michigan,-21.5,-110.0,-110.0,12.0
2010.0,6.0,Wake Forest,Navy,3.0,-105.0,-110.0,13.0
2010.0,6.0,Washington,Arizona State,0.0,-110.0,-110.0,13.0
2010.0,6.0,Washington State,Oregon,36.5,-110.0,-110.0,13.0
2010.0,6.0,West Virginia,UNLV,-26.5,-110.0,-110.0,13.0
2010.0,6.0,Wisconsin,Minnesota,-21.5,-110.0,-110.0,12.0
2010.0,7.0,Auburn,Arkansas,-3.5,-105.0,-113.0,13.0
2010.0,7.0,Ball State,Eastern Michigan,-15.0,-110.0,-110.0,13.0
2010.0,7.0,Clemson,Maryland,-14.5,-110.0,-110.0,13.0
2010.0,7.0,Colorado,Baylor,1.0,-110.0,-110.0,13.0
2010.0,7.0,Colorado State,UNLV,-3.5,-110.0,-110.0,13.0
2010.0,7.0,Florida,Mississippi State,-9.5,-110.0,-110.0,13.0
2010.0,7.0,Florida State,Boston College,-22.0,-110.0,-110.0,13.0
2010.0,7.0,Fresno State,New Mexico State,-30.0,-110.0,-110.0,13.0
2010.0,7.0,Georgia,Vanderbilt,-14.0,-110.0,-110.0,13.0
2010.0,7.0,Indiana,Arkansas State,-10.0,-110.0,-110.0,13.0
2010.0,7.0,Kansas,Kansas State,3.0,-105.0,-110.0,13.0
2010.0,7.0,Kentucky,South Carolina,5.5,-110.0,-110.0,13.0
2010.0,7.0,Louisiana Tech,Idaho,1.25,-110.0,-109.5,12.0
2010.0,7.0,Louisville,Cincinnati,2.5,-109.0,-110.0,13.0
2010.0,7.0,Michigan,Iowa,3.5,-110.0,-110.0,13.0
2010.0,7.0,Michigan State,Illinois,-6.5,-110.0,-110.0,13.0
2010.0,7.0,Nebraska,Texas,-10.0,-110.0,-110.0,13.0
2010.0,7.0,North Texas,Florida International,4.5,-110.0,-110.0,11.0
2010.0,7.0,Northern Illinois,Buffalo,-13.5,-110.0,-110.0,13.0
2010.0,7.0,Notre Dame,Western Michigan,-24.0,-110.0,-110.0,12.0
2010.0,7.0,Ohio,Akron,-17.0,-110.0,-110.0,13.0
2010.0,7.0,Oklahoma,Iowa State,-23.0,-110.0,-110.0,13.0
2010.0,7.0,Purdue,Minnesota,-6.0,-110.0,-110.0,13.0
2010.0,7.0,Rice,Houston,9.5,-107.5,-110.0,10.0
2010.0,7.0,Rutgers,Army,-5.5,-109.0,-110.0,13.0
2010.0,7.0,San Diego State,Air Force,1.0,-110.0,-110.0,13.0
2010.0,7.0,Syracuse,Pittsburgh,2.5,-105.0,-110.0,13.0
2010.0,7.0,Temple,Bowling Green,-20.5,-110.0,-110.0,13.0
2010.0,7.0,Texas Tech,Oklahoma State,-3.0,-109.0,-110.0,13.0
2010.0,7.0,Tulsa,Tulane,-18.0,-110.0,-110.0,13.0
2010.0,7.0,Virginia,North Carolina,6.0,-110.0,-109.0,13.0
2010.0,7.0,Virginia Tech,Wake Forest,-22.5,-110.0,-110.0,11.0
2010.0,7.0,Washington,Oregon State,-2.0,-110.0,-110.0,13.0
2010.0,7.0,Washington State,Arizona,22.5,-110.0,-110.0,13.0
2010.0,7.0,West Virginia,South Florida,-10.0,-110.0,-110.0,13.0
2010.0,7.0,Wisconsin,Ohio State,3.5,-107.0,-110.0,13.0
2010.0,7.0,Wyoming,Utah,22.0,-110.0,-110.0,13.0
2010.0,8.0,Akron,Western Michigan,7.5,-110.0,-110.0,13.0
2010.0,8.0,Arizona,Washington,-6.0,-110.0,-110.0,13.0
2010.0,8.0,Arkansas State,Florida Atlantic,-7.0,-110.0,-110.0,13.0
2010.0,8.0,Baylor,Kansas State,-6.5,-110.0,-110.0,13.0
2010.0,8.0,Boston College,Maryland,-4.5,-110.0,-110.0,13.0
2010.0,8.0,Buffalo,Temple,8.5,-110.0,-110.0,13.0
2010.0,8.0,California,Arizona State,-3.0,-105.0,-110.0,13.0
2010.0,8.0,Cincinnati,South Florida,-9.5,-110.0,-110.0,13.0
2010.0,8.0,Clemson,Georgia Tech,-4.0,-110.0,-110.0,13.0
2010.0,8.0,Colorado,Texas Tech,3.0,-112.0,-105.0,13.0
2010.0,8.0,East Carolina,Marshall,-13.0,-110.0,-110.0,13.0
2010.0,8.0,Idaho,New Mexico State,-26.0,-110.0,-110.0,13.0
2010.0,8.0,Illinois,Indiana,-13.0,-110.0,-110.0,13.0
2010.0,8.0,Iowa,Wisconsin,-6.5,-110.0,-110.0,13.0
2010.0,8.0,Kansas,Texas A&M,14.0,-109.0,-110.0,13.0
2010.0,8.0,Kentucky,Georgia,6.5,-110.0,-110.0,13.0
2010.0,8.0,Louisville,Connecticut,-3.0,-115.0,-105.0,13.0
2010.0,8.0,Minnesota,Penn State,8.5,-110.0,-110.0,13.0
2010.0,8.0,Missouri,Oklahoma,3.0,100.0,-120.0,13.0
2010.0,8.0,Navy,Notre Dame,6.5,-110.0,-109.0,13.0
2010.0,8.0,New Mexico,San Diego State,23.5,-110.0,-110.0,13.0
2010.0,8.0,Northern Illinois,Central Michigan,-10.0,-105.0,-110.0,13.0
2010.0,8.0,Northwestern,Michigan State,5.0,-110.0,-110.0,13.0
2010.0,8.0,Ohio State,Purdue,-23.5,-110.0,-110.0,13.0
2010.0,8.0,Oklahoma State,Nebraska,6.0,-110.0,-110.0,13.0
2010.0,8.0,Oregon,UCLA,-26.5,-110.0,-110.0,13.0
2010.0,8.0,Pittsburgh,Rutgers,-13.0,-110.0,-110.0,13.0
2010.0,8.0,Stanford,Washington State,-36.5,-110.0,-110.0,13.0
2010.0,8.0,Tennessee,Alabama,17.0,-110.0,-110.0,13.0
2010.0,8.0,Texas,Iowa State,-21.0,-110.0,-110.0,13.0
2010.0,8.0,Toledo,Ball State,-11.5,-110.0,-110.0,13.0
2010.0,8.0,Utah,Colorado State,-30.5,-110.0,-110.0,11.0
2010.0,8.0,Vanderbilt,South Carolina,12.0,-110.0,-110.0,13.0
2010.0,8.0,Virginia,Eastern Michigan,-24.0,-110.0,-110.0,13.0
2010.0,8.0,Virginia Tech,Duke,-27.0,-110.0,-110.0,13.0
2010.0,8.0,West Virginia,Syracuse,-13.5,-110.0,-110.0,13.0
2010.0,9.0,Air Force,Utah,6.5,-110.0,-110.0,13.0
2010.0,9.0,Arizona State,Washington State,-22.0,-110.0,-110.0,13.0
2010.0,9.0,Arkansas,Vanderbilt,-20.0,-110.0,-110.0,13.0
2010.0,9.0,Boise State,Louisiana Tech,-36.0,-110.0,-110.0,13.0
2010.0,9.0,Boston College,Clemson,7.0,-110.0,-110.0,13.0
2010.0,9.0,Central Michigan,Bowling Green,-13.0,-110.0,-110.0,13.0
2010.0,9.0,Cincinnati,Syracuse,-6.0,-110.0,-110.0,13.0
2010.0,9.0,Colorado State,New Mexico,-15.0,-110.0,-110.0,13.0
2010.0,9.0,Connecticut,West Virginia,4.5,-110.0,-110.0,13.0
2010.0,9.0,Eastern Michigan,Toledo,11.5,-110.0,-110.0,13.0
2010.0,9.0,Florida Atlantic,Florida International,4.5,-110.0,-110.0,13.0
2010.0,9.0,Georgia,Florida,1.0,-110.0,-110.0,13.0
2010.0,9.0,Illinois,Purdue,-16.5,-110.0,-110.0,13.0
2010.0,9.0,Indiana,Northwestern,3.5,-110.0,-110.0,13.0
2010.0,9.0,Iowa,Michigan State,-6.5,-110.0,-105.0,13.0
2010.0,9.0,Iowa State,Kansas,-17.5,-110.0,-110.0,13.0
2010.0,9.0,Kansas State,Oklahoma State,4.0,-110.0,-110.0,13.0
2010.0,9.0,Maryland,Wake Forest,-5.5,-110.0,-110.0,13.0
2010.0,9.0,Memphis,Houston,14.0,-110.0,-110.0,13.0
2010.0,9.0,Minnesota,Ohio State,25.0,-110.0,-110.0,13.0
2010.0,9.0,Mississippi State,Kentucky,-6.5,-110.0,-110.0,13.0
2010.0,9.0,Navy,Duke,-12.5,-110.0,-110.0,13.0
2010.0,9.0,Nebraska,Missouri,-8.0,-109.0,-110.0,13.0
2010.0,9.0,Nevada,Utah State,-27.5,-110.0,-110.0,13.0
2010.0,9.0,North Carolina,William & Mary,-20.0,-110.0,-110.0,6.0
2010.0,9.0,Notre Dame,Tulsa,-9.5,-110.0,-110.0,13.0
2010.0,9.0,Oklahoma,Colorado,-25.5,-110.0,-110.0,13.0
2010.0,9.0,Oregon State,California,-2.5,-110.0,-105.0,13.0
2010.0,9.0,Penn State,Michigan,3.0,-105.0,-110.0,13.0
2010.0,9.0,Pittsburgh,Louisville,-9.5,-110.0,-110.0,12.0
2010.0,9.0,South Carolina,Tennessee,-17.5,-110.0,-110.0,10.0
2010.0,9.0,Temple,Akron,-29.5,-110.0,-110.0,13.0
2010.0,9.0,Texas,Baylor,-7.5,-110.0,-110.0,13.0
2010.0,9.0,Texas A&M,Texas Tech,-7.0,-109.0,-110.0,13.0
2010.0,9.0,UCLA,Arizona,8.5,-110.0,-110.0,13.0
2010.0,9.0,Washington,Stanford,7.0,-110.0,-110.0,13.0
2010.0,9.0,Western Kentucky,North Texas,-6.0,-110.0,-110.0,12.0
2010.0,9.0,Western Michigan,Northern Illinois,7.0,-110.0,-110.0,13.0
2010.0,9.0,Wyoming,San Diego State,10.0,-110.0,-105.0,9.0
2010.0,10.0,Army,Air Force,6.5,-110.0,-110.0,13.0
2010.0,10.0,Auburn,Chattanooga,-44.0,-110.0,-110.0,10.0
2010.0,10.0,Ball State,Akron,-13.0,-110.0,-110.0,10.0
2010.0,10.0,Central Michigan,Western Michigan,-3.0,-105.0,-115.0,13.0
2010.0,10.0,Duke,Virginia,1.0,-110.0,-110.0,13.0
2010.0,10.0,East Carolina,Navy,-2.5,-110.0,-110.0,13.0
2010.0,10.0,Florida State,North Carolina,-10.5,-110.0,-110.0,13.0
2010.0,10.0,Georgia,Idaho State,-45.5,-110.0,-110.0,6.0
2010.0,10.0,Idaho,Nevada,12.0,-110.0,-110.0,13.0
2010.0,10.0,Indiana,Iowa,18.5,-110.0,-110.0,13.0
2010.0,10.0,Iowa State,Nebraska,15.5,-110.0,-110.0,13.0
2010.0,10.0,Kansas,Colorado,8.5,-110.0,-110.0,13.0
2010.0,10.0,Kansas State,Texas,3.5,-110.0,-109.0,13.0
2010.0,10.0,Louisiana Tech,Fresno State,-3.0,-105.0,-110.0,13.0
2010.0,10.0,Memphis,Tennessee,20.0,-110.0,-110.0,13.0
2010.0,10.0,Michigan,Illinois,-3.0,-105.0,-110.0,13.0
2010.0,10.0,Michigan State,Minnesota,-24.0,-110.0,-110.0,13.0
2010.0,10.0,New Mexico,Wyoming,9.0,-110.0,-110.0,13.0
2010.0,10.0,North Texas,Troy,9.0,-110.0,-110.0,13.0
2010.0,10.0,Ohio,Buffalo,-16.0,-110.0,-110.0,13.0
2010.0,10.0,Oklahoma State,Baylor,-10.0,-110.0,-110.0,13.0
2010.0,10.0,Oregon,Washington,-37.0,-110.0,-110.0,13.0
2010.0,10.0,Penn State,Northwestern,-6.5,-110.0,-105.0,13.0
2010.0,10.0,Purdue,Wisconsin,20.0,-110.0,-109.0,11.0
2010.0,10.0,San Diego State,Colorado State,-18.0,-110.0,-110.0,12.0
2010.0,10.0,South Carolina,Arkansas,-4.0,-110.0,-110.0,13.0
2010.0,10.0,South Florida,Rutgers,-10.5,-110.0,-110.0,13.0
2010.0,10.0,Stanford,Arizona,-7.5,-110.0,-110.0,13.0
2010.0,10.0,Syracuse,Louisville,-7.0,-110.0,-110.0,13.0
2010.0,10.0,Texas A&M,Oklahoma,4.5,-110.0,-110.0,13.0
2010.0,10.0,Texas Tech,Missouri,5.5,-110.0,-110.0,13.0
2010.0,10.0,Tulsa,Rice,-17.0,-110.0,-110.0,13.0
2010.0,10.0,UCLA,Oregon State,4.0,-110.0,-110.0,12.0
2010.0,10.0,Utah State,New Mexico State,-19.0,-110.0,-110.0,13.0
2010.0,10.0,Vanderbilt,Florida,14.5,-110.0,-110.0,13.0
2010.0,10.0,Virginia Tech,Georgia Tech,-13.0,-110.0,-110.0,13.0
2010.0,10.0,Wake Forest,Boston College,4.0,-110.0,-110.0,13.0
2010.0,10.0,Washington State,California,14.0,-109.0,-109.0,11.0
2010.0,10.0,Western Kentucky,Florida Atlantic,2.5,-107.5,-110.0,12.0
2010.0,11.0,Air Force,New Mexico,-35.0,-110.0,-110.0,13.0
2010.0,11.0,Alabama,Mississippi State,-13.0,-110.0,-110.0,13.0
2010.0,11.0,Arizona State,Stanford,4.0,-110.0,-110.0,13.0
2010.0,11.0,Arkansas State,Western Kentucky,-12.5,-110.0,-109.0,11.0
2010.0,11.0,Auburn,Georgia,-7.5,-110.0,-109.0,13.0
2010.0,11.0,Baylor,Texas A&M,3.0,-114.5,-104.5,12.0
2010.0,11.0,Buffalo,Ball State,-3.0,-2.0,-115.0,10.0
2010.0,11.0,California,Oregon,19.0,-110.0,-110.0,13.0
2010.0,11.0,Colorado,Iowa State,1.5,-110.0,-110.0,13.0
2010.0,11.0,Connecticut,Pittsburgh,6.0,-110.0,-110.0,13.0
2010.0,11.0,Duke,Boston College,3.0,-105.0,-110.0,12.0
2010.0,11.0,Florida,South Carolina,-6.5,-110.0,-110.0,12.0
2010.0,11.0,Florida State,Clemson,-6.0,-110.0,-110.0,13.0
2010.0,11.0,Fresno State,Nevada,8.0,-110.0,-110.0,13.0
2010.0,11.0,Houston,Tulsa,-2.5,-110.0,-109.0,13.0
2010.0,11.0,Idaho,Boise State,34.5,-110.0,-110.0,13.0
2010.0,11.0,Illinois,Minnesota,-21.0,-110.0,-110.0,11.0
2010.0,11.0,Kentucky,Vanderbilt,-17.0,-110.0,-110.0,13.0
2010.0,11.0,Louisville,South Florida,-2.0,-110.0,-110.0,13.0
2010.0,11.0,Marshall,Memphis,-16.0,-110.0,-110.0,13.0
2010.0,11.0,Missouri,Kansas State,-13.0,-110.0,-110.0,13.0
2010.0,11.0,Navy,Central Michigan,-14.0,-110.0,-110.0,13.0
2010.0,11.0,Nebraska,Kansas,-34.0,-110.0,-110.0,13.0
2010.0,11.0,New Mexico State,Louisiana Tech,16.0,-110.0,-110.0,13.0
2010.0,11.0,North Carolina,Virginia Tech,3.5,-110.0,-105.0,13.0
2010.0,11.0,Northern Illinois,Toledo,-11.5,-110.0,-110.0,13.0
2010.0,11.0,Northwestern,Iowa,10.0,-110.0,-110.0,13.0
2010.0,11.0,Notre Dame,Utah,5.5,-109.0,-110.0,13.0
2010.0,11.0,Ohio State,Penn State,-20.0,-110.0,-110.0,13.0
2010.0,11.0,Oklahoma,Texas Tech,-16.5,-110.0,-110.0,13.0
2010.0,11.0,Oregon State,Washington State,-24.0,-110.0,-110.0,13.0
2010.0,11.0,Purdue,Michigan,12.5,-110.0,-110.0,12.0
2010.0,11.0,Rutgers,Syracuse,2.5,-110.0,-109.0,13.0
2010.0,11.0,Texas,Oklahoma State,4.5,-110.0,-110.0,13.0
2010.0,11.0,Troy,Florida International,-8.5,-110.0,-110.0,11.0
2010.0,11.0,Tulane,Rice,-3.5,-110.0,-110.0,13.0
2010.0,11.0,UNLV,Wyoming,4.0,-110.0,-110.0,13.0
2010.0,11.0,Virginia,Maryland,3.0,-112.0,-105.0,13.0
2010.0,11.0,West Virginia,Cincinnati,-5.0,-110.0,-110.0,13.0
2010.0,11.0,Western Michigan,Eastern Michigan,-19.5,-110.0,-110.0,13.0
2010.0,11.0,Wisconsin,Indiana,-22.5,-110.0,-110.0,13.0
2010.0,12.0,Alabama,Georgia State,-44.0,-110.0,-110.0,8.0
2010.0,12.0,Ball State,Northern Illinois,15.5,-110.0,-110.0,13.0
2010.0,12.0,Baylor,Oklahoma,8.0,-110.0,-110.0,13.0
2010.0,12.0,Boise State,Fresno State,-28.5,-110.0,-110.0,13.0
2010.0,12.0,Boston College,Virginia,-7.0,-105.0,-115.0,13.0
2010.0,12.0,Buffalo,Eastern Michigan,-6.5,-107.0,-110.0,12.0
2010.0,12.0,California,Stanford,6.5,-110.0,-110.0,13.0
2010.0,12.0,Cincinnati,Rutgers,-10.5,-110.0,-110.0,13.0
2010.0,12.0,Colorado,Kansas State,2.0,-110.0,-109.5,12.0
2010.0,12.0,Florida,Appalachian State,-23.5,-110.0,-110.0,9.0
2010.0,12.0,Georgia Tech,Duke,-10.0,-110.0,-110.0,13.0
2010.0,12.0,Indiana,Penn State,10.0,-110.0,-110.0,13.0
2010.0,12.0,Iowa,Ohio State,3.0,-110.0,-105.0,13.0
2010.0,12.0,Iowa State,Missouri,11.0,-110.0,-110.0,13.0
2010.0,12.0,Kansas,Oklahoma State,24.5,-110.0,-110.0,13.0
2010.0,12.0,Louisville,West Virginia,3.5,-110.0,-110.0,13.0
2010.0,12.0,Maryland,Florida State,4.0,-110.0,-110.0,13.0
2010.0,12.0,Michigan,Wisconsin,3.5,-110.0,-110.0,13.0
2010.0,12.0,Michigan State,Purdue,-20.5,-110.0,-110.0,13.0
2010.0,12.0,Mississippi State,Arkansas,3.0,-104.0,-114.0,13.0
2010.0,12.0,Navy,Arkansas State,-13.0,-110.0,-110.0,11.0
2010.0,12.0,Nevada,New Mexico State,-37.5,-110.0,-110.0,13.0
2010.0,12.0,Northwestern,Illinois,7.5,-110.0,-110.0,13.0
2010.0,12.0,Notre Dame,Army,-8.5,-110.0,-110.0,13.0
2010.0,12.0,Rice,East Carolina,8.0,-110.0,-110.0,13.0
2010.0,12.0,San Diego State,Utah,2.5,-110.0,-110.0,13.0
2010.0,12.0,South Carolina,Troy,-21.0,-110.0,-110.0,13.0
2010.0,12.0,South Florida,Pittsburgh,3.0,-104.0,-115.0,13.0
2010.0,12.0,Syracuse,Connecticut,-4.0,-110.0,-109.0,13.0
2010.0,12.0,Temple,Ohio,-10.0,-110.0,-109.0,13.0
2010.0,12.0,Texas,Florida Atlantic,-21.5,-110.0,-110.0,12.0
2010.0,12.0,Texas A&M,Nebraska,2.0,-110.0,-110.0,13.0
2010.0,12.0,Texas Tech,Weber State,-24.5,-110.0,-110.0,5.0
2010.0,12.0,Toledo,Bowling Green,-10.0,-110.0,-110.0,13.0
2010.0,12.0,UNLV,Air Force,18.5,-110.0,-110.0,13.0
2010.0,12.0,Utah State,Idaho,-3.0,-105.0,-110.0,13.0
2010.0,12.0,Vanderbilt,Tennessee,7.5,-110.0,-110.0,13.0
2010.0,12.0,Wake Forest,Clemson,14.0,-110.0,-110.0,12.0
2010.0,12.0,Washington,UCLA,-2.0,-110.0,-110.0,13.0
2010.0,12.0,Wyoming,Colorado State,-2.5,-110.0,-110.0,11.0
2010.0,13.0,Akron,Buffalo,-1.0,-110.0,-110.0,13.0
2010.0,13.0,Alabama,Auburn,-4.5,-110.0,-110.0,13.0
2010.0,13.0,Arizona State,UCLA,-13.0,-110.0,-110.0,12.0
2010.0,13.0,Bowling Green,Western Michigan,7.0,-109.0,-110.0,13.0
2010.0,13.0,California,Washington,-7.0,-111.0,-105.0,13.0
2010.0,13.0,Clemson,South Carolina,2.5,-106.0,-110.0,13.0
2010.0,13.0,Connecticut,Cincinnati,-2.0,-109.0,-110.0,13.0
2010.0,13.0,Duke,North Carolina,8.5,-110.0,-110.0,13.0
2010.0,13.0,Eastern Michigan,Northern Illinois,25.0,-110.0,-110.0,13.0
2010.0,13.0,Florida International,Arkansas State,-5.0,-110.0,-110.0,11.0
2010.0,13.0,Florida State,Florida,-2.5,-110.0,-110.0,13.0
2010.0,13.0,Fresno State,Idaho,-10.5,-110.0,-110.0,13.0
2010.0,13.0,Georgia,Georgia Tech,-14.0,-110.0,-110.0,13.0
2010.0,13.0,Marshall,Tulane,-11.5,-110.0,-110.0,13.0
2010.0,13.0,Minnesota,Iowa,14.5,-110.0,-110.0,12.0
2010.0,13.0,Missouri,Kansas,-24.5,-109.5,-110.0,8.0
2010.0,13.0,Nebraska,Colorado,-18.0,-110.0,-110.0,13.0
2010.0,13.0,Nevada,Boise State,14.0,-109.0,-110.0,13.0
2010.0,13.0,North Texas,Kansas State,14.0,-110.0,-110.0,13.0
2010.0,13.0,Ohio State,Michigan,-17.0,-110.0,-110.0,13.0
2010.0,13.0,Oklahoma State,Oklahoma,-2.5,-110.0,-110.0,13.0
2010.0,13.0,Oregon,Arizona,-20.5,-110.0,-110.0,13.0
2010.0,13.0,Penn State,Michigan State,1.5,-109.0,-110.0,13.0
2010.0,13.0,Pittsburgh,West Virginia,-3.0,-105.0,-115.0,13.0
2010.0,13.0,Purdue,Indiana,-4.0,-110.0,-110.0,13.0
2010.0,13.0,Rutgers,Louisville,3.5,-106.0,-110.0,13.0
2010.0,13.0,San Diego State,UNLV,-24.0,-110.0,-107.0,11.0
2010.0,13.0,Stanford,Oregon State,-14.0,-110.0,-109.0,13.0
2010.0,13.0,Syracuse,Boston College,-3.5,-110.0,-110.0,13.0
2010.0,13.0,Tennessee,Kentucky,-2.5,-110.0,-105.0,13.0
2010.0,13.0,Texas,Texas A&M,3.0,-115.0,-105.0,13.0
2010.0,13.0,Texas Tech,Houston,-10.0,-110.0,-110.0,13.0
2010.0,13.0,Toledo,Central Michigan,-4.0,-110.0,-110.0,13.0
2010.0,13.0,Troy,Western Kentucky,-12.5,-110.0,-110.0,13.0
2010.0,13.0,Vanderbilt,Wake Forest,-4.5,-110.0,-110.0,13.0
2010.0,13.0,Virginia Tech,Virginia,-21.5,-110.0,-110.0,13.0
2010.0,13.0,Wisconsin,Northwestern,-23.5,-110.0,-110.0,13.0
2010.0,14.0,Arizona,Arizona State,-4.0,-110.0,-110.0,13.0
2010.0,14.0,Boise State,Utah State,-40.5,-110.0,-110.0,13.0
2010.0,14.0,Cincinnati,Pittsburgh,1.0,-110.0,-110.0,13.0
2010.0,14.0,Florida Atlantic,Troy,4.0,-110.0,-110.0,13.0
2010.0,14.0,Fresno State,Illinois,6.5,-110.0,-110.0,13.0
2010.0,14.0,Louisiana Tech,Nevada,7.5,-110.0,-110.0,13.0
2010.0,14.0,Oregon State,Oregon,16.5,-110.0,-110.0,13.0
2010.0,14.0,South Carolina,Auburn,3.5,-110.0,-110.0,13.0
2010.0,14.0,South Florida,Connecticut,-2.5,-110.0,-110.0,13.0
2010.0,14.0,Virginia Tech,Florida State,-4.5,-110.0,-110.0,13.0
2010.0,14.0,Washington State,Washington,5.5,-110.0,-110.0,13.0
2010.0,14.0,West Virginia,Rutgers,-21.0,-110.0,-109.0,13.0
2010.0,15.0,Army,Navy,7.5,-110.0,-110.0,13.0
2011.0,1.0,Air Force,South Dakota,-34.0,-110.0,-110.0,10.0
2011.0,1.0,Alabama,Kent State,-39.0,-110.0,-110.0,12.0
2011.0,1.0,Arizona,Northern Arizona,-27.5,-110.0,-110.0,12.0
2011.0,1.0,Arkansas,Missouri State,-42.5,-110.0,-110.0,11.0
2011.0,1.0,Auburn,Utah State,-24.0,-110.0,-110.0,12.0
2011.0,1.0,Boston College,Northwestern,-5.0,-110.0,-110.0,12.0
2011.0,1.0,California,Fresno State,-10.0,-110.0,-110.0,12.0
2011.0,1.0,Cincinnati,Austin Peay,-41.0,-110.0,-110.0,10.0
2011.0,1.0,Clemson,Troy,-14.75,-110.0,-110.0,12.0
2011.0,1.0,Connecticut,Fordham,-38.75,-110.0,-110.0,10.0
2011.0,1.0,Duke,Richmond,-11.5,-110.0,-110.0,11.0
2011.0,1.0,Eastern Michigan,Howard,-29.5,-110.0,-110.0,12.0
2011.0,1.0,Florida,Florida Atlantic,-34.5,-110.0,-110.0,12.0
2011.0,1.0,Florida International,North Texas,-13.5,-110.0,-110.0,12.0
2011.0,1.0,Georgia,Boise State,3.0,-107.5,-110.0,12.0
2011.0,1.0,Georgia Tech,Western Carolina,-33.75,-110.0,-110.0,4.0
2011.0,1.0,Houston,UCLA,-1.5,-110.0,-110.0,12.0
2011.0,1.0,Idaho,Bowling Green,-6.0,-110.0,-110.0,12.0
2011.0,1.0,Illinois,Arkansas State,-19.0,-110.0,-110.0,12.0
2011.0,1.0,Iowa,Tennessee Tech,-35.5,-110.0,-110.0,12.0
2011.0,1.0,Iowa State,Northern Iowa,-7.0,-110.0,-110.0,12.0
2011.0,1.0,Kansas State,Eastern Kentucky,-26.0,-110.0,-110.0,11.0
2011.0,1.0,Louisville,Murray State,-28.5,-110.0,-110.0,10.0
2011.0,1.0,Memphis,Mississippi State,30.5,-110.0,-110.0,12.0
2011.0,1.0,Michigan,Western Michigan,-14.5,-110.0,-110.0,12.0
2011.0,1.0,Michigan State,Youngstown State,-34.5,-110.0,-110.0,12.0
2011.0,1.0,Navy,Delaware,-7.5,-110.0,-110.0,12.0
2011.0,1.0,Nebraska,Chattanooga,-38.0,-110.0,-110.0,12.0
2011.0,1.0,New Mexico,Colorado State,6.5,-110.0,-110.0,12.0
2011.0,1.0,New Mexico State,Ohio,6.5,-110.0,-110.0,12.0
2011.0,1.0,North Carolina,James Madison,-18.0,-110.0,-110.0,12.0
2011.0,1.0,Northern Illinois,Army,-10.0,-110.0,-110.0,12.0
2011.0,1.0,Notre Dame,South Florida,-10.5,-110.0,-110.0,12.0
2011.0,1.0,Ohio State,Akron,-31.5,-110.0,-110.0,12.0
2011.0,1.0,Oklahoma,Tulsa,-24.5,-110.0,-110.0,12.0
2011.0,1.0,Oregon State,Sacramento State,-24.0,-110.0,-110.0,11.0
2011.0,1.0,Penn State,Indiana State,-38.0,-110.0,-110.0,12.0
2011.0,1.0,Pittsburgh,Buffalo,-30.5,-110.0,-110.0,11.0
2011.0,1.0,Purdue,Middle Tennessee,-14.5,-110.0,-110.0,12.0
2011.0,1.0,South Carolina,East Carolina,-21.0,-110.0,-110.0,11.0
2011.0,1.0,Syracuse,Wake Forest,-6.0,-110.0,-110.0,12.0
2011.0,1.0,Temple,Villanova,-7.5,-110.0,-110.0,12.0
2011.0,1.0,Tennessee,Montana,-25.5,-110.0,-110.0,11.0
2011.0,1.0,Texas,Rice,-23.5,-110.0,-110.0,12.0
2011.0,1.0,Texas Tech,Texas State,-39.5,-110.0,-110.0,10.0
2011.0,1.0,Toledo,New Hampshire,-10.75,-110.0,-110.0,12.0
2011.0,1.0,Tulane,Southeastern Louisiana,-18.5,-110.0,-110.0,12.0
2011.0,1.0,Utah,Montana State,-29.5,-110.0,-110.0,11.0
2011.0,1.0,Virginia,William & Mary,-8.0,-110.0,-110.0,11.0
2011.0,1.0,Virginia Tech,Appalachian State,-26.0,-110.0,-110.0,12.0
2011.0,1.0,Washington,Eastern Washington,-16.0,-110.0,-110.0,12.0
2011.0,1.0,Washington State,Idaho State,-29.5,-110.0,-110.0,12.0
2011.0,1.0,West Virginia,Marshall,-21.5,-110.0,-110.0,12.0
2011.0,1.0,Wisconsin,UNLV,-34.75,-110.0,-110.0,12.0
2011.0,1.0,Wyoming,Weber State,-12.5,-110.0,-110.0,12.0
2011.0,2.0,Akron,Temple,16.5,-110.0,-110.0,12.0
2011.0,2.0,Arizona State,Missouri,-10.0,-110.0,-110.0,12.0
2011.0,2.0,Arkansas,New Mexico,-37.0,-110.0,-110.0,12.0
2011.0,2.0,Arkansas State,Memphis,-18.0,-110.0,-110.0,12.0
2011.0,2.0,Army,San Diego State,8.5,-110.0,-110.0,12.0
2011.0,2.0,Auburn,Mississippi State,5.25,-110.0,-110.0,12.0
2011.0,2.0,Bowling Green,Morgan State,-37.5,-110.0,-110.0,11.0
2011.0,2.0,Buffalo,Stony Brook,-9.5,-110.0,-110.0,11.0
2011.0,2.0,Clemson,Wofford,-25.0,-110.0,-110.0,11.0
2011.0,2.0,Colorado,California,6.0,-110.0,-110.0,12.0
2011.0,2.0,Colorado State,Northern Colorado,-21.5,-110.0,-110.0,8.0
2011.0,2.0,Duke,Stanford,20.5,-110.0,-110.0,12.0
2011.0,2.0,East Carolina,Virginia Tech,17.0,-110.0,-110.0,12.0
2011.0,2.0,Eastern Michigan,Alabama State,-14.5,-110.0,-110.0,11.0
2011.0,2.0,Florida State,Charleston Southern,-55.5,-110.0,-110.0,9.0
2011.0,2.0,Georgia,South Carolina,2.5,-105.0,-114.5,12.0
2011.0,2.0,Idaho,North Dakota,-17.0,-110.0,-110.0,10.0
2011.0,2.0,Indiana,Virginia,7.0,-110.0,-107.5,12.0
2011.0,2.0,Iowa State,Iowa,6.5,-110.0,-110.0,12.0
2011.0,2.0,Kansas,Northern Illinois,4.5,-110.0,-110.0,12.0
2011.0,2.0,Kentucky,Central Michigan,-10.0,-110.0,-110.0,12.0
2011.0,2.0,Louisiana Tech,Central Arkansas,-17.0,-110.0,-110.0,9.0
2011.0,2.0,Louisville,Florida International,-3.0,-115.0,-105.0,12.0
2011.0,2.0,Michigan,Notre Dame,3.5,-110.0,-110.0,12.0
2011.0,2.0,Michigan State,Florida Atlantic,-31.0,-110.0,-110.0,12.0
2011.0,2.0,Middle Tennessee,Georgia Tech,13.0,-110.0,-110.0,12.0
2011.0,2.0,Minnesota,New Mexico State,-22.5,-110.0,-110.0,12.0
2011.0,2.0,Nebraska,Fresno State,-28.0,-110.0,-110.0,12.0
2011.0,2.0,North Carolina,Rutgers,-9.5,-110.0,-107.5,12.0
2011.0,2.0,North Texas,Houston,20.5,-110.0,-110.0,12.0
2011.0,2.0,Northwestern,Eastern Illinois,-32.0,-110.0,-110.0,10.0
2011.0,2.0,Ohio State,Toledo,-17.5,-110.0,-110.0,12.0
2011.0,2.0,Oklahoma State,Arizona,-14.0,-110.0,-110.0,12.0
2011.0,2.0,Oregon,Nevada,-27.0,-110.0,-110.0,12.0
2011.0,2.0,Penn State,Alabama,10.0,-110.0,-110.0,12.0
2011.0,2.0,Pittsburgh,Maine,-29.5,-110.0,-110.0,8.0
2011.0,2.0,Rice,Purdue,2.25,-110.0,-110.0,12.0
2011.0,2.0,South Florida,Ball State,-20.5,-110.0,-110.0,12.0
2011.0,2.0,Syracuse,Rhode Island,-26.5,-110.0,-110.0,9.0
2011.0,2.0,Tennessee,Cincinnati,-3.5,-110.0,-110.0,12.0
2011.0,2.0,Tulane,Tulsa,13.0,-110.0,-110.0,12.0
2011.0,2.0,Utah State,Weber State,-14.0,-110.0,-110.0,11.0
2011.0,2.0,Vanderbilt,Connecticut,-1.75,-110.0,-110.0,12.0
2011.0,2.0,Washington State,UNLV,-13.0,-110.0,-110.0,12.0
2011.0,2.0,West Virginia,Norfolk State,-45.0,-110.0,-110.0,11.0
2011.0,2.0,Western Kentucky,Navy,9.5,-110.0,-110.0,11.0
2011.0,2.0,Wisconsin,Oregon State,-20.5,-110.0,-110.0,12.0
2011.0,2.0,Wyoming,Texas State,-14.0,-110.0,-110.0,10.0
2011.0,3.0,Alabama,North Texas,-47.0,-110.0,-110.0,12.0
2011.0,3.0,Arizona,Stanford,9.5,-110.0,-110.0,12.0
2011.0,3.0,Arkansas,Troy,-23.0,-110.0,-110.0,12.0
2011.0,3.0,Army,Northwestern,5.5,-110.0,-110.0,12.0
2011.0,3.0,Ball State,Buffalo,-4.0,-110.0,-110.0,12.0
2011.0,3.0,Boston College,Duke,-7.0,-110.0,-110.0,12.0
2011.0,3.0,Bowling Green,Wyoming,-10.0,-110.0,-110.0,12.0
2011.0,3.0,Cincinnati,Akron,-34.0,-110.0,-110.0,12.0
2011.0,3.0,Clemson,Auburn,-4.5,-110.0,-110.0,12.0
2011.0,3.0,Colorado,Colorado State,-7.0,-114.0,-105.0,12.0
2011.0,3.0,Connecticut,Iowa State,-4.0,-110.0,-110.0,12.0
2011.0,3.0,Florida,Tennessee,-10.0,-110.0,-110.0,12.0
2011.0,3.0,Florida State,Oklahoma,3.5,-106.0,-110.0,12.0
2011.0,3.0,Fresno State,North Dakota,-28.0,-110.0,-110.0,9.0
2011.0,3.0,Georgia,Coastal Carolina,-40.0,-110.0,-110.0,11.0
2011.0,3.0,Georgia Tech,Kansas,-14.5,-110.0,-110.0,12.0
2011.0,3.0,Illinois,Arizona State,-2.5,-110.0,-107.5,12.0
2011.0,3.0,Iowa,Pittsburgh,-2.5,-110.0,-110.0,12.0
2011.0,3.0,Kansas State,Kent State,-17.5,-110.0,-110.0,11.0
2011.0,3.0,Kentucky,Louisville,-4.0,-110.0,-110.0,12.0
2011.0,3.0,Louisiana Tech,Houston,6.0,-110.0,-110.0,12.0
2011.0,3.0,Maryland,West Virginia,1.0,-110.0,-110.0,12.0
2011.0,3.0,Memphis,Austin Peay,-17.0,-110.0,-110.0,11.0
2011.0,3.0,Michigan,Eastern Michigan,-30.5,-110.0,-110.0,12.0
2011.0,3.0,Missouri,Western Illinois,-32.0,-110.0,-110.0,9.0
2011.0,3.0,Nebraska,Washington,-17.5,-110.0,-110.0,12.0
2011.0,3.0,New Mexico,Texas Tech,21.0,-110.0,-110.0,12.0
2011.0,3.0,North Carolina,Virginia,-10.0,-110.0,-110.0,12.0
2011.0,3.0,Notre Dame,Michigan State,-6.0,-110.0,-110.0,12.0
2011.0,3.0,Ohio,Marshall,-5.5,-110.0,-110.0,12.0
2011.0,3.0,Oregon,Missouri State,-57.0,-110.0,-110.0,10.0
2011.0,3.0,San Diego State,Washington State,-4.5,-110.0,-110.0,12.0
2011.0,3.0,South Carolina,Navy,-15.0,-110.0,-110.0,12.0
2011.0,3.0,South Florida,Florida A&M,-41.5,-110.0,-110.0,5.0
2011.0,3.0,Temple,Penn State,7.0,-110.0,-110.0,12.0
2011.0,3.0,Texas A&M,Idaho,-36.0,-110.0,-110.0,11.0
2011.0,3.0,Toledo,Boise State,20.5,-110.0,-110.0,12.0
2011.0,3.0,Tulsa,Oklahoma State,13.25,-110.0,-110.0,12.0
2011.0,3.0,UCLA,Texas,4.0,-110.0,-110.0,12.0
2011.0,3.0,Virginia Tech,Arkansas State,-24.0,-110.0,-110.0,12.0
2011.0,3.0,Western Kentucky,Indiana State,-14.5,-110.0,-110.0,10.0
2011.0,3.0,Western Michigan,Central Michigan,-6.5,-110.0,-110.0,12.0
2011.0,4.0,Air Force,Tennessee State,-40.0,-110.0,-110.0,8.0
2011.0,4.0,Alabama,Arkansas,-12.25,-110.0,-110.0,12.0
2011.0,4.0,Arizona,Oregon,15.5,-110.0,-110.0,12.0
2011.0,4.0,Arkansas State,Central Arkansas,-20.5,-110.0,-110.0,11.0
2011.0,4.0,Auburn,Florida Atlantic,-31.0,-110.0,-110.0,12.0
2011.0,4.0,Ball State,Army,4.0,-110.0,-110.0,11.0
2011.0,4.0,Baylor,Rice,-20.75,-110.0,-110.0,12.0
2011.0,4.0,Boise State,Tulsa,-27.5,-110.0,-110.0,12.0
2011.0,4.0,Buffalo,Connecticut,8.5,-110.0,-110.0,12.0
2011.0,4.0,Clemson,Florida State,-1.5,-110.0,-110.0,12.0
2011.0,4.0,Duke,Tulane,-10.0,-110.0,-110.0,12.0
2011.0,4.0,Georgia Tech,North Carolina,-6.5,-110.0,-107.5,12.0
2011.0,4.0,Houston,Georgia State,-40.5,-110.0,-110.0,10.0
2011.0,4.0,Idaho,Fresno State,0.0,-110.0,-110.0,12.0
2011.0,4.0,Illinois,Western Michigan,-14.0,-110.0,-110.0,12.0
2011.0,4.0,Kent State,South Alabama,-8.5,-110.0,-110.0,10.0
2011.0,4.0,Kentucky,Florida,17.5,-110.0,-110.0,12.0
2011.0,4.0,Marshall,Virginia Tech,20.5,-110.0,-110.0,12.0
2011.0,4.0,Maryland,Temple,-9.5,-110.0,-110.0,12.0
2011.0,4.0,Michigan,San Diego State,-10.0,-110.0,-110.0,12.0
2011.0,4.0,Michigan State,Central Michigan,-21.5,-110.0,-110.0,12.0
2011.0,4.0,Minnesota,North Dakota State,-9.5,-110.0,-110.0,9.0
2011.0,4.0,Mississippi State,Louisiana Tech,-19.5,-110.0,-110.0,12.0
2011.0,4.0,New Mexico,Sam Houston State,6.0,-110.0,-110.0,11.0
2011.0,4.0,North Texas,Indiana,5.5,-110.0,-110.0,11.0
2011.0,4.0,Ohio State,Colorado,-15.0,-110.0,-110.0,12.0
2011.0,4.0,Oklahoma,Missouri,-20.0,-110.0,-110.0,12.0
2011.0,4.0,Oregon State,UCLA,-4.0,-110.0,-110.0,12.0
2011.0,4.0,Penn State,Eastern Michigan,-28.75,-110.0,-110.0,12.0
2011.0,4.0,Pittsburgh,Notre Dame,6.75,-110.0,-110.0,12.0
2011.0,4.0,Rutgers,Ohio,-4.0,-110.0,-110.0,12.0
2011.0,4.0,South Carolina,Vanderbilt,-15.0,-110.0,-110.0,12.0
2011.0,4.0,Syracuse,Toledo,-2.5,-110.0,-110.0,12.0
2011.0,4.0,Texas A&M,Oklahoma State,-4.25,-110.0,-110.0,12.0
2011.0,4.0,Texas Tech,Nevada,-15.5,-110.0,-110.0,12.0
2011.0,4.0,Troy,Middle Tennessee,-12.5,-110.0,-110.0,11.0
2011.0,4.0,UNLV,Southern Utah,-9.5,-110.0,-110.0,11.0
2011.0,4.0,Utah State,Colorado State,-12.75,-110.0,-110.0,12.0
2011.0,4.0,Washington,California,1.5,-110.0,-110.0,12.0
2011.0,4.0,Wisconsin,South Dakota,-44.5,-110.0,-110.0,9.0
2011.0,4.0,Wyoming,Nebraska,21.0,-110.0,-110.0,12.0
2011.0,5.0,Arizona State,Oregon State,-17.5,-110.0,-110.0,12.0
2011.0,5.0,Arkansas,Texas A&M,2.5,-107.5,-110.0,12.0
2011.0,5.0,Army,Tulane,-7.0,-110.0,-110.0,12.0
2011.0,5.0,Boise State,Nevada,-27.5,-110.0,-110.0,12.0
2011.0,5.0,Boston College,Wake Forest,-1.0,-110.0,-110.0,12.0
2011.0,5.0,Central Michigan,Northern Illinois,8.0,-110.0,-110.0,12.0
2011.0,5.0,Colorado,Washington State,-3.0,-115.0,-105.0,9.0
2011.0,5.0,Connecticut,Western Michigan,-3.0,-110.0,-107.5,12.0
2011.0,5.0,East Carolina,North Carolina,6.5,-110.0,-110.0,12.0
2011.0,5.0,Eastern Michigan,Akron,-8.0,-110.0,-110.0,12.0
2011.0,5.0,Florida,Alabama,4.0,-110.0,-110.0,12.0
2011.0,5.0,Florida International,Duke,-3.5,-110.0,-110.0,11.0
2011.0,5.0,Georgia,Mississippi State,-7.0,-110.0,-105.0,12.0
2011.0,5.0,Illinois,Northwestern,-9.5,-110.0,-110.0,12.0
2011.0,5.0,Indiana,Penn State,14.0,-110.0,-110.0,12.0
2011.0,5.0,Iowa State,Texas,8.75,-110.0,-110.0,12.0
2011.0,5.0,Kansas,Texas Tech,6.5,-110.0,-110.0,12.0
2011.0,5.0,Kansas State,Baylor,3.5,-110.0,-107.5,12.0
2011.0,5.0,Louisville,Marshall,-11.0,-110.0,-110.0,12.0
2011.0,5.0,Maryland,Towson,-26.0,-110.0,-110.0,11.0
2011.0,5.0,Michigan,Minnesota,-21.0,-110.0,-110.0,12.0
2011.0,5.0,Middle Tennessee,Memphis,-22.5,-110.0,-110.0,11.0
2011.0,5.0,Navy,Air Force,-3.0,-115.0,-105.0,12.0
2011.0,5.0,New Mexico,New Mexico State,1.0,-110.0,-110.0,12.0
2011.0,5.0,Ohio,Kent State,-16.0,-110.0,-110.0,12.0
2011.0,5.0,Ohio State,Michigan State,-3.0,-115.0,-105.0,12.0
2011.0,5.0,Oklahoma,Ball State,-40.0,-110.0,-110.0,12.0
2011.0,5.0,Pittsburgh,South Florida,2.5,-105.0,-110.0,12.0
2011.0,5.0,Purdue,Notre Dame,12.0,-110.0,-110.0,12.0
2011.0,5.0,South Carolina,Auburn,-10.5,-110.0,-110.0,12.0
2011.0,5.0,Stanford,UCLA,-23.0,-110.0,-110.0,12.0
2011.0,5.0,Syracuse,Rutgers,-1.5,-110.0,-110.0,12.0
2011.0,5.0,Temple,Toledo,-8.25,-110.0,-110.0,12.0
2011.0,5.0,Tennessee,Buffalo,-28.5,-110.0,-110.0,12.0
2011.0,5.0,Tulsa,North Texas,-23.0,-110.0,-110.0,11.0
2011.0,5.0,Virginia,Idaho,-16.5,-110.0,-110.0,12.0
2011.0,5.0,Virginia Tech,Clemson,-7.0,-110.0,-110.0,12.0
2011.0,5.0,West Virginia,Bowling Green,-17.5,-110.0,-110.0,12.0
2011.0,5.0,Western Kentucky,Arkansas State,12.0,-110.0,-110.0,11.0
2011.0,5.0,Wisconsin,Nebraska,-10.0,-110.0,-110.0,12.0
2011.0,6.0,Akron,Florida International,17.0,-110.0,-110.0,12.0
2011.0,6.0,Alabama,Vanderbilt,-29.0,-110.0,-110.0,12.0
2011.0,6.0,Arkansas,Auburn,-10.0,-110.0,-110.0,12.0
2011.0,6.0,Ball State,Temple,9.5,-110.0,-110.0,12.0
2011.0,6.0,Baylor,Iowa State,-15.5,-110.0,-110.0,12.0
2011.0,6.0,Buffalo,Ohio,8.75,-110.0,-110.0,10.0
2011.0,6.0,Clemson,Boston College,-21.0,-110.0,-110.0,12.0
2011.0,6.0,Fresno State,Boise State,21.0,-110.0,-110.0,12.0
2011.0,6.0,Georgia Tech,Maryland,-15.5,-110.0,-110.0,12.0
2011.0,6.0,Houston,East Carolina,-11.5,-110.0,-110.0,12.0
2011.0,6.0,Idaho,Louisiana Tech,4.0,-110.0,-110.0,12.0
2011.0,6.0,Indiana,Illinois,14.0,-110.0,-110.0,12.0
2011.0,6.0,Kansas State,Missouri,4.0,-110.0,-110.0,12.0
2011.0,6.0,Middle Tennessee,Western Kentucky,-10.5,-110.0,-110.0,12.0
2011.0,6.0,Nebraska,Ohio State,-10.5,-110.0,-110.0,12.0
2011.0,6.0,Nevada,UNLV,-21.0,-110.0,-110.0,12.0
2011.0,6.0,North Carolina,Louisville,-14.0,-110.0,-109.5,12.0
2011.0,6.0,North Texas,Florida Atlantic,-3.5,-110.0,-110.0,11.0
2011.0,6.0,Northern Illinois,Kent State,-14.75,-110.0,-110.0,12.0
2011.0,6.0,Northwestern,Michigan,7.5,-110.0,-110.0,12.0
2011.0,6.0,Notre Dame,Air Force,-14.0,-110.0,-110.0,12.0
2011.0,6.0,Oklahoma State,Kansas,-31.0,-110.0,-110.0,12.0
2011.0,6.0,Oregon,California,-23.5,-110.0,-109.5,12.0
2011.0,6.0,Oregon State,Arizona,1.5,-110.0,-110.0,12.0
2011.0,6.0,Penn State,Iowa,-4.0,-110.0,-110.0,12.0
2011.0,6.0,Purdue,Minnesota,-14.0,-110.0,-110.0,12.0
2011.0,6.0,Rice,Memphis,-20.5,-110.0,-110.0,11.0
2011.0,6.0,Rutgers,Pittsburgh,6.5,-107.5,-110.0,12.0
2011.0,6.0,South Carolina,Kentucky,-20.5,-110.0,-110.0,12.0
2011.0,6.0,Stanford,Colorado,-29.5,-110.0,-110.0,12.0
2011.0,6.0,Tennessee,Georgia,2.5,-110.0,-110.0,12.0
2011.0,6.0,Texas,Oklahoma,11.0,-110.0,-110.0,12.0
2011.0,6.0,Texas Tech,Texas A&M,8.5,-110.0,-110.0,12.0
2011.0,6.0,Toledo,Eastern Michigan,-20.5,-110.0,-110.0,11.0
2011.0,6.0,Tulane,Syracuse,9.5,-110.0,-110.0,12.0
2011.0,6.0,UCLA,Washington State,-4.0,-110.0,-110.0,12.0
2011.0,6.0,Utah,Arizona State,3.5,-110.0,-107.5,12.0
2011.0,6.0,Utah State,Wyoming,-10.5,-110.0,-110.0,12.0
2011.0,6.0,Wake Forest,Florida State,10.0,-110.0,-110.0,12.0
2011.0,6.0,West Virginia,Connecticut,-19.5,-110.0,-107.5,12.0
2011.0,6.0,Western Michigan,Bowling Green,-10.5,-110.0,-110.0,12.0
2011.0,7.0,Air Force,San Diego State,-7.0,-110.0,-110.0,12.0
2011.0,7.0,Auburn,Florida,3.0,-115.0,100.0,12.0
2011.0,7.0,Bowling Green,Toledo,9.0,-107.5,-110.0,12.0
2011.0,7.0,Central Michigan,Eastern Michigan,-11.0,-110.0,-110.0,12.0
2011.0,7.0,Cincinnati,Louisville,-13.0,-110.0,-110.0,12.0
2011.0,7.0,Colorado State,Boise State,32.0,-110.0,-110.0,12.0
2011.0,7.0,Connecticut,South Florida,7.5,-110.0,-110.0,12.0
2011.0,7.0,Duke,Florida State,12.0,-110.0,-110.0,12.0
2011.0,7.0,Florida Atlantic,Western Kentucky,-2.0,-110.0,-110.0,12.0
2011.0,7.0,Fresno State,Utah State,2.5,-110.0,-108.0,12.0
2011.0,7.0,Illinois,Ohio State,-3.5,-110.0,-110.0,12.0
2011.0,7.0,Iowa,Northwestern,-6.5,-110.0,-110.0,12.0
2011.0,7.0,Kansas,Oklahoma,37.0,-110.0,-110.0,12.0
2011.0,7.0,Marshall,Rice,-5.5,-110.0,-110.0,12.0
2011.0,7.0,Maryland,Clemson,9.0,-110.0,-110.0,12.0
2011.0,7.0,Memphis,East Carolina,13.5,-110.0,-110.0,12.0
2011.0,7.0,Michigan State,Michigan,-3.0,-110.0,-110.0,12.0
2011.0,7.0,Mississippi State,South Carolina,3.5,-105.0,-111.0,12.0
2011.0,7.0,Missouri,Iowa State,-17.5,-110.0,-110.0,12.0
2011.0,7.0,Nevada,New Mexico,-30.0,-110.0,-110.0,11.0
2011.0,7.0,New Mexico State,Idaho,1.0,-110.0,-107.5,12.0
2011.0,7.0,Northern Illinois,Western Michigan,-1.5,-110.0,-110.0,12.0
2011.0,7.0,Ohio,Ball State,-14.5,-110.0,-110.0,12.0
2011.0,7.0,Oregon,Arizona State,-14.0,-110.0,-110.0,12.0
2011.0,7.0,Penn State,Purdue,-12.0,-110.0,-110.0,12.0
2011.0,7.0,Pittsburgh,Utah,-6.0,-110.0,-110.0,12.0
2011.0,7.0,Rutgers,Navy,-3.0,-110.0,-105.0,12.0
2011.0,7.0,Temple,Buffalo,-22.0,-110.0,-110.0,12.0
2011.0,7.0,Texas,Oklahoma State,7.0,-110.0,-110.0,12.0
2011.0,7.0,Texas A&M,Baylor,-8.0,-110.0,-110.0,12.0
2011.0,7.0,Texas Tech,Kansas State,-3.5,-110.0,-110.0,12.0
2011.0,7.0,Vanderbilt,Georgia,13.5,-110.0,-110.0,12.0
2011.0,7.0,Virginia,Georgia Tech,7.5,-110.0,-110.0,12.0
2011.0,7.0,Wake Forest,Virginia Tech,7.0,-110.0,-110.0,12.0
2011.0,7.0,Washington,Colorado,-17.5,-110.0,-109.0,12.0
2011.0,7.0,Washington State,Stanford,20.0,-110.0,-110.0,12.0
2011.0,7.0,Wisconsin,Indiana,-38.0,-110.0,-110.0,12.0
2011.0,7.0,Wyoming,UNLV,-10.5,-110.0,-110.0,12.0
2011.0,8.0,Akron,Ohio,14.0,-110.0,-110.0,12.0
2011.0,8.0,Alabama,Tennessee,-29.0,-110.0,-110.0,12.0
2011.0,8.0,Arizona,UCLA,-4.5,-110.0,-110.0,12.0
2011.0,8.0,Arkansas State,Florida International,-3.5,-110.0,-110.0,12.0
2011.0,8.0,Ball State,Central Michigan,-3.0,-105.0,-112.5,12.0
2011.0,8.0,Boise State,Air Force,-30.0,-110.0,-110.0,12.0
2011.0,8.0,Bowling Green,Temple,12.5,-110.0,-110.0,12.0
2011.0,8.0,Buffalo,Northern Illinois,14.0,-110.0,-110.0,12.0
2011.0,8.0,California,Utah,-2.0,-110.0,-110.0,12.0
2011.0,8.0,Clemson,North Carolina,-10.0,-110.0,-110.0,12.0
2011.0,8.0,Colorado,Oregon,31.0,-110.0,-110.0,12.0
2011.0,8.0,Duke,Wake Forest,3.25,-107.5,-110.0,12.0
2011.0,8.0,Eastern Michigan,Western Michigan,12.75,-110.0,-110.0,12.0
2011.0,8.0,Florida Atlantic,Middle Tennessee,4.0,-110.0,-110.0,12.0
2011.0,8.0,Florida State,Maryland,-19.5,-110.0,-110.0,12.0
2011.0,8.0,Houston,Marshall,-24.0,-110.0,-110.0,12.0
2011.0,8.0,Iowa,Indiana,-23.0,-110.0,-110.0,12.0
2011.0,8.0,Iowa State,Texas A&M,21.5,-110.0,-110.0,12.0
2011.0,8.0,Kansas,Kansas State,11.0,-110.0,-110.0,12.0
2011.0,8.0,Kentucky,Jacksonville State,-12.0,-110.0,-110.0,9.0
2011.0,8.0,Louisville,Rutgers,-1.0,-110.0,-110.0,12.0
2011.0,8.0,Michigan State,Wisconsin,7.0,-110.0,-110.0,12.0
2011.0,8.0,Minnesota,Nebraska,24.0,-110.0,-110.0,12.0
2011.0,8.0,Missouri,Oklahoma State,6.5,-110.0,-110.0,12.0
2011.0,8.0,Navy,East Carolina,-13.0,-110.0,-110.0,12.0
2011.0,8.0,Nevada,Fresno State,-12.25,-110.0,-110.0,12.0
2011.0,8.0,Northwestern,Penn State,4.0,-110.0,-110.0,12.0
2011.0,8.0,Oklahoma,Texas Tech,-29.0,-110.0,-110.0,12.0
2011.0,8.0,Purdue,Illinois,3.0,-105.0,-110.0,12.0
2011.0,8.0,Rice,Tulsa,10.0,-110.0,-110.0,12.0
2011.0,8.0,South Florida,Cincinnati,-3.0,-105.0,-115.0,12.0
2011.0,8.0,Stanford,Washington,-18.0,-110.0,-110.0,12.0
2011.0,8.0,Syracuse,West Virginia,14.0,-110.0,-110.0,12.0
2011.0,8.0,Tulane,Memphis,-12.5,-110.0,-110.0,12.0
2011.0,8.0,Utah State,Louisiana Tech,-6.5,-110.0,-110.0,12.0
2011.0,8.0,Vanderbilt,Army,-11.75,-110.0,-110.0,12.0
2011.0,8.0,Virginia Tech,Boston College,-21.0,-110.0,-110.0,12.0
2011.0,8.0,Washington State,Oregon State,-3.0,-115.0,-105.0,12.0
2011.0,9.0,Akron,Central Michigan,7.0,-110.0,-110.0,12.0
2011.0,9.0,Arizona State,Colorado,-32.0,-110.0,-110.0,12.0
2011.0,9.0,Arkansas State,North Texas,-17.5,-110.0,-110.0,11.0
2011.0,9.0,Army,Fordham,-29.0,-110.0,-110.0,10.0
2011.0,9.0,Duke,Virginia Tech,14.75,-110.0,-110.0,12.0
2011.0,9.0,East Carolina,Tulane,-16.0,-110.0,-110.0,12.0
2011.0,9.0,Florida International,Troy,-7.0,-105.0,-112.5,12.0
2011.0,9.0,Georgia Tech,Clemson,3.5,-110.0,-110.0,12.0
2011.0,9.0,Houston,Rice,-27.5,-110.0,-110.0,12.0
2011.0,9.0,Indiana,Northwestern,8.5,-110.0,-110.0,12.0
2011.0,9.0,Kansas State,Oklahoma,13.0,-110.0,-110.0,12.0
2011.0,9.0,Kent State,Bowling Green,3.5,-110.0,-110.0,12.0
2011.0,9.0,Kentucky,Mississippi State,10.0,-110.0,-110.0,11.0
2011.0,9.0,Louisville,Syracuse,-3.0,-105.0,-112.5,12.0
2011.0,9.0,Maryland,Boston College,-6.5,-110.0,-110.0,12.0
2011.0,9.0,Michigan,Purdue,-14.0,-110.0,-110.0,12.0
2011.0,9.0,Minnesota,Iowa,15.5,-110.0,-110.0,12.0
2011.0,9.0,Nebraska,Michigan State,-4.5,-110.0,-110.0,12.0
2011.0,9.0,New Mexico,Air Force,28.5,-110.0,-110.0,12.0
2011.0,9.0,New Mexico State,Nevada,14.5,-110.0,-110.0,11.0
2011.0,9.0,North Carolina,Wake Forest,-7.0,-105.0,-111.5,12.0
2011.0,9.0,Notre Dame,Navy,-23.5,-110.0,-110.0,12.0
2011.0,9.0,Ohio State,Wisconsin,8.5,-110.0,-110.0,12.0
2011.0,9.0,Oklahoma State,Baylor,-14.5,-110.0,-110.0,12.0
2011.0,9.0,Oregon,Washington State,-37.5,-110.0,-110.0,12.0
2011.0,9.0,Penn State,Illinois,-4.5,-110.0,-110.0,12.0
2011.0,9.0,Pittsburgh,Connecticut,-10.0,-110.0,-110.0,11.0
2011.0,9.0,Rutgers,West Virginia,6.0,-110.0,-110.0,12.0
2011.0,9.0,San Diego State,Wyoming,-19.0,-110.0,-110.0,12.0
2011.0,9.0,Tennessee,South Carolina,4.0,-110.0,-110.0,11.0
2011.0,9.0,Texas,Kansas,-28.0,-110.0,-110.0,12.0
2011.0,9.0,Texas A&M,Missouri,-10.5,-110.0,-106.5,12.0
2011.0,9.0,Texas Tech,Iowa State,-15.5,-110.0,-110.0,12.0
2011.0,9.0,UCLA,California,4.0,-110.0,-110.0,12.0
2011.0,9.0,UNLV,Colorado State,1.0,-110.0,-110.0,12.0
2011.0,9.0,Utah,Oregon State,-5.0,-110.0,-110.0,10.0
2011.0,9.0,Vanderbilt,Arkansas,8.25,-110.0,-110.0,12.0
2011.0,9.0,Washington,Arizona,-3.5,-110.0,-110.0,12.0
2011.0,9.0,Western Michigan,Ball State,-11.75,-110.0,-110.0,12.0
2011.0,10.0,Air Force,Army,-16.5,-110.0,-110.0,12.0
2011.0,10.0,Arizona,Utah,-4.0,-110.0,-110.0,12.0
2011.0,10.0,Arkansas,South Carolina,-5.0,-110.0,-110.0,13.0
2011.0,10.0,Baylor,Missouri,-2.5,-109.0,-110.0,12.0
2011.0,10.0,Boston College,Florida State,14.5,-110.0,-110.0,13.0
2011.0,10.0,California,Washington State,-8.25,-110.0,-110.0,12.0
2011.0,10.0,Connecticut,Syracuse,-1.5,-110.0,-110.0,12.0
2011.0,10.0,Eastern Michigan,Ball State,-2.0,-110.0,-110.0,12.0
2011.0,10.0,Florida,Vanderbilt,-13.0,-110.0,-110.0,13.0
2011.0,10.0,Florida Atlantic,Arkansas State,17.0,-110.0,-110.0,12.0
2011.0,10.0,Fresno State,Louisiana Tech,-3.5,-110.0,-110.0,12.0
2011.0,10.0,Georgia,New Mexico State,-34.5,-110.0,-110.0,13.0
2011.0,10.0,Iowa,Michigan,3.5,-110.0,-110.0,13.0
2011.0,10.0,Iowa State,Kansas,-14.0,-110.0,-110.0,12.0
2011.0,10.0,Kent State,Central Michigan,-2.5,-110.0,-110.0,12.0
2011.0,10.0,Maryland,Virginia,3.0,-105.0,-110.0,13.0
2011.0,10.0,Michigan State,Minnesota,-28.0,-110.0,-110.0,12.0
2011.0,10.0,Navy,Troy,-8.5,-110.0,-110.0,12.0
2011.0,10.0,Nebraska,Northwestern,-17.5,-110.0,-110.0,12.0
2011.0,10.0,Ohio,Temple,4.0,-107.5,-110.0,12.0
2011.0,10.0,Ohio State,Indiana,-27.5,-110.0,-110.0,12.0
2011.0,10.0,Oklahoma,Texas A&M,-14.0,-110.0,-109.0,12.0
2011.0,10.0,Oklahoma State,Kansas State,-20.5,-110.0,-110.0,12.0
2011.0,10.0,Oregon State,Stanford,20.5,-110.0,-110.0,12.0
2011.0,10.0,Pittsburgh,Cincinnati,3.5,-110.0,-110.0,12.0
2011.0,10.0,Rutgers,South Florida,2.5,-110.0,-110.0,12.0
2011.0,10.0,San Diego State,New Mexico,-35.5,-110.0,-110.0,12.0
2011.0,10.0,Tennessee,Middle Tennessee,-22.0,-110.0,-110.0,13.0
2011.0,10.0,Texas,Texas Tech,-14.0,-110.0,-110.0,12.0
2011.0,10.0,Toledo,Northern Illinois,-9.5,-110.0,-110.0,12.0
2011.0,10.0,UCLA,Arizona State,8.5,-110.0,-110.0,13.0
2011.0,10.0,UNLV,Boise State,43.0,-110.0,-110.0,13.0
2011.0,10.0,Wake Forest,Notre Dame,13.0,-110.0,-110.0,12.0
2011.0,10.0,Washington,Oregon,16.5,-110.0,-110.0,12.0
2011.0,10.0,West Virginia,Louisville,-13.0,-110.0,-110.0,12.0
2011.0,10.0,Western Kentucky,Florida International,3.0,-105.0,-115.0,11.0
2011.0,10.0,Wisconsin,Purdue,-27.5,-110.0,-110.0,12.0
2011.0,11.0,Air Force,Wyoming,-16.5,-110.0,-110.0,13.0
2011.0,11.0,Akron,Kent State,6.0,-110.0,-110.0,13.0
2011.0,11.0,Arkansas,Tennessee,-16.5,-110.0,-110.0,13.0
2011.0,11.0,Army,Rutgers,9.0,-110.0,-110.0,13.0
2011.0,11.0,Bowling Green,Northern Illinois,6.0,-110.0,-110.0,13.0
2011.0,11.0,California,Oregon State,-8.0,-110.0,-110.0,13.0
2011.0,11.0,Central Michigan,Ohio,7.5,-110.0,-110.0,13.0
2011.0,11.0,Cincinnati,West Virginia,-3.0,-111.0,-105.0,13.0
2011.0,11.0,Clemson,Wake Forest,-16.0,-110.0,-110.0,13.0
2011.0,11.0,Colorado,Arizona,10.5,-110.0,-110.0,13.0
2011.0,11.0,Colorado State,San Diego State,13.0,-110.0,-110.0,12.0
2011.0,11.0,Eastern Michigan,Buffalo,-3.5,-110.0,-110.0,13.0
2011.0,11.0,Florida International,Florida Atlantic,-17.0,-110.0,-110.0,12.0
2011.0,11.0,Georgia,Auburn,-11.5,-110.0,-110.0,13.0
2011.0,11.0,Georgia Tech,Virginia Tech,2.0,-110.0,-110.0,13.0
2011.0,11.0,Illinois,Michigan,1.0,-110.0,-110.0,13.0
2011.0,11.0,Iowa,Michigan State,2.5,-110.0,-110.0,13.0
2011.0,11.0,Kansas,Baylor,20.0,-110.0,-110.0,13.0
2011.0,11.0,Kansas State,Texas A&M,5.5,-110.0,-110.0,13.0
2011.0,11.0,Louisville,Pittsburgh,-3.0,-105.0,-115.0,13.0
2011.0,11.0,Minnesota,Wisconsin,30.0,-110.0,-110.0,13.0
2011.0,11.0,Mississippi State,Alabama,18.0,-110.0,-110.0,13.0
2011.0,11.0,Missouri,Texas,0.0,-110.0,-110.0,13.0
2011.0,11.0,New Mexico,UNLV,7.0,-110.0,-110.0,13.0
2011.0,11.0,New Mexico State,Fresno State,7.0,-110.0,-110.0,13.0
2011.0,11.0,Northwestern,Rice,-17.0,-110.0,-110.0,13.0
2011.0,11.0,Notre Dame,Maryland,-20.5,-110.0,-110.0,12.0
2011.0,11.0,Penn State,Nebraska,3.0,-115.0,-105.0,13.0
2011.0,11.0,Purdue,Ohio State,7.5,-110.0,-110.0,13.0
2011.0,11.0,South Carolina,Florida,-2.5,-110.0,-110.0,13.0
2011.0,11.0,Stanford,Oregon,-2.5,-110.0,-110.0,13.0
2011.0,11.0,Syracuse,South Florida,3.0,-115.0,-105.0,13.0
2011.0,11.0,Texas Tech,Oklahoma State,19.0,-110.0,-110.0,13.0
2011.0,11.0,Toledo,Western Michigan,-12.0,-110.0,-110.0,13.0
2011.0,11.0,Troy,North Texas,-8.0,-107.5,-108.5,6.0
2011.0,11.0,Tulane,Houston,34.0,-110.0,-110.0,13.0
2011.0,11.0,Tulsa,Marshall,-19.5,-110.0,-110.0,13.0
2011.0,11.0,Utah,UCLA,-7.0,-110.0,-110.0,12.0
2011.0,11.0,Vanderbilt,Kentucky,-13.0,-110.0,-110.0,13.0
2011.0,11.0,Virginia,Duke,-9.5,-110.0,-110.0,13.0
2011.0,11.0,Washington State,Arizona State,12.0,-110.0,-110.0,13.0
2011.0,12.0,Air Force,UNLV,-24.0,-110.0,-110.0,13.0
2011.0,12.0,Alabama,Georgia Southern,-42.5,-110.0,-110.0,10.0
2011.0,12.0,Arizona State,Arizona,-10.5,-110.0,-110.0,13.0
2011.0,12.0,Arkansas,Mississippi State,-13.5,-110.0,-110.0,13.0
2011.0,12.0,Auburn,Samford,-30.5,-110.0,-110.0,10.0
2011.0,12.0,Baylor,Oklahoma,17.0,-110.0,-110.0,13.0
2011.0,12.0,Bowling Green,Ohio,7.5,-110.0,-110.0,13.0
2011.0,12.0,Buffalo,Akron,-10.5,-110.0,-110.0,13.0
2011.0,12.0,Central Michigan,Toledo,14.0,-110.0,-110.0,13.0
2011.0,12.0,Connecticut,Louisville,-2.0,-110.0,-110.0,13.0
2011.0,12.0,Duke,Georgia Tech,10.0,-110.0,-110.0,13.0
2011.0,12.0,Florida,Furman,-32.0,-110.0,-110.0,9.0
2011.0,12.0,Florida State,Virginia,-17.0,-107.5,-110.0,12.0
2011.0,12.0,Georgia,Kentucky,-30.5,-110.0,-110.0,13.0
2011.0,12.0,Idaho,Utah State,7.5,-110.0,-110.0,13.0
2011.0,12.0,Illinois,Wisconsin,14.5,-110.0,-110.0,13.0
2011.0,12.0,Iowa State,Oklahoma State,27.0,-110.0,-110.0,13.0
2011.0,12.0,Kent State,Eastern Michigan,-3.0,-115.0,-105.0,12.0
2011.0,12.0,Memphis,Marshall,13.5,-110.0,-110.0,13.0
2011.0,12.0,Michigan,Nebraska,-4.5,-110.0,-110.0,13.0
2011.0,12.0,Michigan State,Indiana,-27.5,-110.0,-110.0,13.0
2011.0,12.0,Middle Tennessee,Arkansas State,13.5,-110.0,-110.0,13.0
2011.0,12.0,Missouri,Texas Tech,-18.0,-110.0,-110.0,11.0
2011.0,12.0,Nevada,Louisiana Tech,-7.0,-110.0,-110.0,13.0
2011.0,12.0,North Texas,Western Kentucky,2.0,-110.0,-110.0,13.0
2011.0,12.0,Northern Illinois,Ball State,-18.5,-110.0,-110.0,13.0
2011.0,12.0,Northwestern,Minnesota,-16.0,-110.0,-110.0,13.0
2011.0,12.0,Notre Dame,Boston College,-24.0,-110.0,-110.0,12.0
2011.0,12.0,Ohio State,Penn State,-6.5,-110.0,-110.0,13.0
2011.0,12.0,Oregon State,Washington,1.0,-110.0,-110.0,13.0
2011.0,12.0,Purdue,Iowa,1.5,-110.0,-110.0,13.0
2011.0,12.0,Rice,Tulane,-14.0,-110.0,-110.0,13.0
2011.0,12.0,Rutgers,Cincinnati,-1.0,-110.0,-110.0,13.0
2011.0,12.0,San Diego State,Boise State,18.5,-110.0,-110.0,13.0
2011.0,12.0,Stanford,California,-17.5,-110.0,-110.0,12.0
2011.0,12.0,Temple,Army,-10.5,-110.0,-110.0,13.0
2011.0,12.0,Tennessee,Vanderbilt,-1.0,-110.0,-110.0,13.0
2011.0,12.0,Texas,Kansas State,-7.0,-110.0,-110.0,13.0
2011.0,12.0,Texas A&M,Kansas,-31.5,-110.0,-110.0,13.0
2011.0,12.0,Troy,Florida Atlantic,-13.5,-110.0,-110.0,13.0
2011.0,12.0,UCLA,Colorado,-12.0,-110.0,-110.0,13.0
2011.0,12.0,Virginia Tech,North Carolina,-9.5,-110.0,-110.0,13.0
2011.0,12.0,Wake Forest,Maryland,-9.5,-110.0,-110.0,13.0
2011.0,12.0,Washington State,Utah,4.0,-110.0,-110.0,13.0
2011.0,12.0,Wyoming,New Mexico,-22.0,-110.0,-110.0,13.0
2011.0,13.0,Arizona State,California,-6.0,-110.0,-110.0,13.0
2011.0,13.0,Auburn,Alabama,21.5,-110.0,-110.0,13.0
2011.0,13.0,Ball State,Toledo,14.0,-110.0,-110.0,13.0
2011.0,13.0,Baylor,Texas Tech,-12.0,-110.0,-110.0,13.0
2011.0,13.0,Boise State,Wyoming,-32.0,-110.0,-110.0,13.0
2011.0,13.0,Buffalo,Bowling Green,-3.0,-110.0,-110.0,13.0
2011.0,13.0,Colorado State,Air Force,14.0,-110.0,-110.0,13.0
2011.0,13.0,Connecticut,Rutgers,3.5,-110.0,-110.0,13.0
2011.0,13.0,Florida,Florida State,3.0,-105.0,-115.0,13.0
2011.0,13.0,Georgia Tech,Georgia,4.5,-110.0,-110.0,13.0
2011.0,13.0,Indiana,Purdue,8.5,-110.0,-110.0,13.0
2011.0,13.0,Kansas,Missouri,26.0,-110.0,-110.0,13.0
2011.0,13.0,Kentucky,Tennessee,6.0,-110.0,-110.0,13.0
2011.0,13.0,Louisiana Tech,New Mexico State,-23.0,-110.0,-110.0,13.0
2011.0,13.0,Marshall,East Carolina,-1.5,-110.0,-110.0,13.0
2011.0,13.0,Michigan,Ohio State,-9.0,-110.0,-110.0,13.0
2011.0,13.0,Middle Tennessee,Florida International,8.0,-110.0,-110.0,12.0
2011.0,13.0,Minnesota,Illinois,10.0,-110.0,-110.0,13.0
2011.0,13.0,Nebraska,Iowa,-9.0,-110.0,-110.0,11.0
2011.0,13.0,North Carolina,Duke,-14.0,-110.0,-110.0,13.0
2011.0,13.0,Northern Illinois,Eastern Michigan,-17.5,-110.0,-110.0,13.0
2011.0,13.0,Northwestern,Michigan State,6.0,-110.0,-110.0,13.0
2011.0,13.0,Oklahoma,Iowa State,-29.0,-110.0,-110.0,13.0
2011.0,13.0,Oregon,Oregon State,-28.0,-110.0,-110.0,12.0
2011.0,13.0,South Carolina,Clemson,-3.5,-105.0,-110.0,13.0
2011.0,13.0,South Florida,Louisville,-5.5,-110.0,-110.0,13.0
2011.0,13.0,Stanford,Notre Dame,-7.0,-110.0,-110.0,13.0
2011.0,13.0,Syracuse,Cincinnati,1.0,-110.0,-110.0,13.0
2011.0,13.0,Temple,Kent State,-16.5,-110.0,-110.0,13.0
2011.0,13.0,Texas A&M,Texas,-7.5,-105.0,-110.0,13.0
2011.0,13.0,Tulsa,Houston,1.5,-110.0,-110.0,13.0
2011.0,13.0,UNLV,San Diego State,16.5,-110.0,-110.0,12.0
2011.0,13.0,Utah,Colorado,-22.5,-110.0,-110.0,13.0
2011.0,13.0,Utah State,Nevada,1.5,-110.0,-110.0,13.0
2011.0,13.0,Virginia,Virginia Tech,5.0,-110.0,-110.0,13.0
2011.0,13.0,Wake Forest,Vanderbilt,-1.5,-110.0,-110.0,13.0
2011.0,13.0,Washington,Washington State,-8.5,-110.0,-110.0,12.0
2011.0,13.0,West Virginia,Pittsburgh,-7.0,-110.0,-110.0,13.0
2011.0,13.0,Western Kentucky,Troy,-4.0,-110.0,-110.0,13.0
2011.0,13.0,Western Michigan,Akron,-28.0,-110.0,-110.0,13.0
2011.0,13.0,Wisconsin,Penn State,-17.0,-110.0,-110.0,13.0
2011.0,14.0,Arkansas State,Troy,-17.5,-110.0,-110.0,14.0
2011.0,14.0,Baylor,Texas,-1.5,-110.0,-110.0,14.0
2011.0,14.0,Boise State,New Mexico,-48.5,-110.0,-110.0,14.0
2011.0,14.0,Cincinnati,Connecticut,-7.5,-110.0,-110.0,14.0
2011.0,14.0,Clemson,Virginia Tech,7.0,-110.0,-110.0,14.0
2011.0,14.0,Colorado State,Wyoming,6.0,-110.0,-110.0,14.0
2011.0,14.0,Kansas State,Iowa State,-10.0,-110.0,-110.0,13.0
2011.0,14.0,Nevada,Idaho,-19.0,-110.0,-110.0,13.0
2011.0,14.0,New Mexico State,Utah State,14.0,-110.0,-110.0,14.0
2011.0,14.0,North Texas,Middle Tennessee,-4.75,-110.0,-110.0,14.0
2011.0,14.0,Northern Illinois,Ohio,-3.5,-110.0,-110.0,14.0
2011.0,14.0,Oklahoma State,Oklahoma,-3.5,-110.0,-110.0,14.0
2011.0,14.0,Oregon,UCLA,-31.0,-110.0,-110.0,14.0
2011.0,14.0,Pittsburgh,Syracuse,-8.5,-110.0,-110.0,14.0
2011.0,14.0,San Diego State,Fresno State,-7.5,-110.0,-110.0,13.0
2011.0,14.0,South Florida,West Virginia,1.5,-110.0,-110.0,14.0
2011.0,15.0,Navy,Army,-7.0,-110.0,-110.0,14.0
2012.0,1.0,Air Force,Idaho State,-31.5,-110.0,-110.0,13.0
2012.0,1.0,Alabama,Michigan,-13.0,-110.0,-110.0,15.0
2012.0,1.0,Arizona,Toledo,-10.0,-110.0,-110.0,15.0
2012.0,1.0,Arizona State,Northern Arizona,-24.5,-110.0,-110.0,13.0
2012.0,1.0,Arkansas,Jacksonville State,-41.0,-110.0,-110.0,9.0
2012.0,1.0,Auburn,Clemson,2.0,-110.0,-110.0,15.0
2012.0,1.0,Ball State,Eastern Michigan,-3.0,-105.0,-110.0,15.0
2012.0,1.0,California,Nevada,-12.0,-110.0,-110.0,15.0
2012.0,1.0,Colorado,Colorado State,-6.0,-110.0,-110.0,15.0
2012.0,1.0,Duke,Florida International,-3.0,-105.0,-115.0,15.0
2012.0,1.0,East Carolina,Appalachian State,-14.0,-110.0,-110.0,12.0
2012.0,1.0,Florida,Bowling Green,-28.5,-110.0,-110.0,15.0
2012.0,1.0,Florida Atlantic,Wagner,-17.0,-110.0,-110.0,12.0
2012.0,1.0,Florida State,Murray State,-44.0,-110.0,-110.0,9.0
2012.0,1.0,Fresno State,Weber State,-21.5,-110.0,-110.0,11.0
2012.0,1.0,Georgia,Buffalo,-38.0,-110.0,-110.0,15.0
2012.0,1.0,Houston,Texas State,-34.5,-110.0,-110.0,15.0
2012.0,1.0,Idaho,Eastern Washington,-5.5,-110.0,-110.0,10.0
2012.0,1.0,Illinois,Western Michigan,-10.0,-110.0,-110.0,15.0
2012.0,1.0,Indiana,Indiana State,-14.0,-110.0,-110.0,5.0
2012.0,1.0,Iowa State,Tulsa,2.0,-110.0,-110.0,15.0
2012.0,1.0,Kansas,South Dakota State,-22.5,-110.0,-110.0,13.0
2012.0,1.0,Kansas State,Missouri State,-34.0,-110.0,-110.0,10.0
2012.0,1.0,Kent State,Towson,-7.5,-110.0,-110.0,13.0
2012.0,1.0,Louisville,Kentucky,-14.0,-110.0,-110.0,15.0
2012.0,1.0,Maryland,William & Mary,-14.5,-110.0,-110.0,13.0
2012.0,1.0,Michigan State,Boise State,-8.5,-110.0,-110.0,15.0
2012.0,1.0,Mississippi State,Jackson State,-39.0,-110.0,-110.0,3.0
2012.0,1.0,Missouri,Southeastern Louisiana,-43.5,-120.0,-120.0,1.0
2012.0,1.0,Navy,Notre Dame,14.5,-110.0,-110.0,15.0
2012.0,1.0,New Mexico State,Sacramento State,-7.5,-110.0,-110.0,13.0
2012.0,1.0,Northern Illinois,Iowa,7.5,-110.0,-110.0,15.0
2012.0,1.0,Oklahoma State,Savannah State,-57.5,-110.0,-110.0,7.0
2012.0,1.0,Oregon,Arkansas State,-38.0,-110.0,-110.0,15.0
2012.0,1.0,Penn State,Ohio,-5.5,-110.0,-110.0,15.0
2012.0,1.0,Pittsburgh,Youngstown State,-18.0,-110.0,-110.0,11.0
2012.0,1.0,Purdue,Eastern Kentucky,-20.0,-110.0,-110.0,13.0
2012.0,1.0,Rice,UCLA,16.5,-110.0,-110.0,15.0
2012.0,1.0,South Florida,Chattanooga,-30.0,-110.0,-110.0,12.0
2012.0,1.0,Syracuse,Northwestern,-2.0,-110.0,-110.0,15.0
2012.0,1.0,Temple,Villanova,-18.0,-110.0,-110.0,12.0
2012.0,1.0,Texas,Wyoming,-31.0,-110.0,-110.0,15.0
2012.0,1.0,Texas Tech,Northwestern State,-36.0,-120.0,,1.0
2012.0,1.0,Tulane,Rutgers,19.5,-110.0,-110.0,15.0
2012.0,1.0,UNLV,Minnesota,9.5,-110.0,-110.0,15.0
2012.0,1.0,Utah,Northern Colorado,-43.0,-110.0,-110.0,13.0
2012.0,1.0,Utah State,Southern Utah,-21.0,-110.0,-110.0,12.0
2012.0,1.0,Vanderbilt,South Carolina,6.5,-110.0,-110.0,15.0
2012.0,1.0,Virginia,Richmond,-24.0,-110.0,-110.0,13.0
2012.0,1.0,Virginia Tech,Georgia Tech,-7.5,-110.0,-110.0,15.0
2012.0,1.0,Wake Forest,Liberty,-25.0,-110.0,-110.0,11.0
2012.0,1.0,Washington,San Diego State,-16.0,-110.0,-110.0,15.0
2012.0,1.0,West Virginia,Marshall,-26.5,-110.0,-110.0,15.0
2012.0,1.0,Western Kentucky,Austin Peay,-30.5,-110.0,-110.0,8.0
2012.0,1.0,Wisconsin,Northern Iowa,-32.5,-110.0,-110.0,13.0
2012.0,2.0,Alabama,Western Kentucky,-38.0,-110.0,-110.0,15.0
2012.0,2.0,Arizona,Oklahoma State,10.5,-110.0,-110.0,15.0
2012.0,2.0,Arizona State,Illinois,-6.0,-110.0,-110.0,15.0
2012.0,2.0,Arkansas State,Memphis,-23.5,-110.0,-110.0,15.0
2012.0,2.0,Boston College,Maine,-23.5,-110.0,-110.0,12.0
2012.0,2.0,Bowling Green,Idaho,-17.0,-110.0,-110.0,15.0
2012.0,2.0,Buffalo,Morgan State,-31.75,-110.0,-110.0,12.0
2012.0,2.0,California,Southern Utah,-36.0,-110.0,-110.0,10.0
2012.0,2.0,Central Michigan,Michigan State,17.5,-110.0,-110.0,15.0
2012.0,2.0,Cincinnati,Pittsburgh,-4.5,-110.0,-110.0,15.0
2012.0,2.0,Clemson,Ball State,-27.0,-110.0,-110.0,15.0
2012.0,2.0,Colorado,Sacramento State,-21.5,-110.0,-110.0,3.0
2012.0,2.0,Colorado State,North Dakota State,1.5,-110.0,-110.0,11.0
2012.0,2.0,Eastern Michigan,Illinois State,-3.0,-110.0,-110.0,10.0
2012.0,2.0,Florida International,Akron,-25.0,-110.0,-110.0,15.0
2012.0,2.0,Florida State,Savannah State,-67.0,-110.0,-110.0,8.0
2012.0,2.0,Houston,Louisiana Tech,3.0,-115.0,-105.0,15.0
2012.0,2.0,Iowa,Iowa State,-3.5,-110.0,-110.0,15.0
2012.0,2.0,Kansas,Rice,-12.5,-110.0,-110.0,15.0
2012.0,2.0,Kentucky,Kent State,-6.0,-110.0,-110.0,14.0
2012.0,2.0,Louisville,Missouri State,-35.0,-110.0,-110.0,7.0
2012.0,2.0,Marshall,Western Carolina,-33.25,-110.0,-110.0,12.0
2012.0,2.0,Michigan,Air Force,-21.5,-110.0,-110.0,15.0
2012.0,2.0,Middle Tennessee,Florida Atlantic,-7.0,-110.0,-110.0,15.0
2012.0,2.0,Minnesota,New Hampshire,-11.5,-110.0,-110.0,11.0
2012.0,2.0,Mississippi State,Auburn,-3.0,-105.0,-115.0,15.0
2012.0,2.0,Missouri,Georgia,1.0,-110.0,-110.0,15.0
2012.0,2.0,Nevada,South Florida,0.0,-110.0,-110.0,15.0
2012.0,2.0,North Texas,Texas Southern,-31.5,-110.0,-110.0,7.0
2012.0,2.0,Northwestern,Vanderbilt,3.0,-105.0,-115.0,15.0
2012.0,2.0,Notre Dame,Purdue,-14.0,-110.0,-110.0,15.0
2012.0,2.0,Ohio,New Mexico State,-21.0,-110.0,-110.0,14.0
2012.0,2.0,Oklahoma,Florida A&M,-54.5,-110.0,-110.0,7.0
2012.0,2.0,Oregon,Fresno State,-33.5,-110.0,-110.0,15.0
2012.0,2.0,Oregon State,Wisconsin,6.0,-110.0,-110.0,15.0
2012.0,2.0,Rutgers,Howard,-42.0,-110.0,-110.0,1.0
2012.0,2.0,San Diego State,Army,-5.5,-110.0,-110.0,15.0
2012.0,2.0,South Carolina,East Carolina,-21.0,-110.0,-110.0,15.0
2012.0,2.0,Stanford,Duke,-16.5,-110.0,-110.0,15.0
2012.0,2.0,Temple,Maryland,-8.0,-110.0,-110.0,15.0
2012.0,2.0,Tennessee,Georgia State,-46.0,-110.0,-110.0,6.0
2012.0,2.0,Texas,New Mexico,-39.0,-110.0,-110.0,15.0
2012.0,2.0,Texas A&M,Florida,0.0,-110.0,-110.0,15.0
2012.0,2.0,Texas State,Texas Tech,20.0,-110.0,-110.0,15.0
2012.0,2.0,Tulsa,Tulane,-21.5,-110.0,-110.0,15.0
2012.0,2.0,UCLA,Nebraska,3.5,-110.0,-110.0,15.0
2012.0,2.0,UNLV,Northern Arizona,-13.0,-110.0,-110.0,11.0
2012.0,2.0,Utah State,Utah,7.0,-110.0,-105.0,15.0
2012.0,2.0,Virginia,Penn State,-10.0,-110.0,-110.0,15.0
2012.0,2.0,Virginia Tech,Austin Peay,-53.0,-110.0,-110.0,11.0
2012.0,2.0,Wake Forest,North Carolina,10.0,-110.0,-110.0,15.0
2012.0,2.0,Washington State,Eastern Washington,-19.5,-110.0,-110.0,11.0
2012.0,2.0,Wyoming,Toledo,-3.0,-115.0,-105.0,15.0
2012.0,3.0,Akron,Morgan State,-13.5,-110.0,-110.0,12.0
2012.0,3.0,Arkansas,Alabama,20.5,-110.0,-110.0,15.0
2012.0,3.0,Army,Northern Illinois,3.0,-110.0,-110.0,15.0
2012.0,3.0,Baylor,Sam Houston State,-29.5,-110.0,-110.0,8.0
2012.0,3.0,Cincinnati,Delaware State,-45.0,-110.0,-110.0,13.0
2012.0,3.0,Clemson,Furman,-40.0,-110.0,-110.0,8.0
2012.0,3.0,Florida State,Wake Forest,-27.5,-110.0,-110.0,15.0
2012.0,3.0,Fresno State,Colorado,-14.5,-110.0,-110.0,15.0
2012.0,3.0,Georgia,Florida Atlantic,-41.5,-110.0,-110.0,15.0
2012.0,3.0,Georgia Tech,Virginia,-10.0,-110.0,-110.0,15.0
2012.0,3.0,Illinois,Charleston Southern,-42.5,-110.0,-110.0,7.0
2012.0,3.0,Indiana,Ball State,-2.5,-110.0,-110.0,15.0
2012.0,3.0,Iowa,Northern Iowa,-11.0,-110.0,-110.0,11.0
2012.0,3.0,Iowa State,Western Illinois,-35.0,-110.0,-110.0,9.0
2012.0,3.0,Kansas State,North Texas,-27.5,-110.0,-110.0,15.0
2012.0,3.0,Kentucky,Western Kentucky,-6.5,-110.0,-110.0,15.0
2012.0,3.0,Louisiana Tech,Rice,-21.0,-110.0,-110.0,15.0
2012.0,3.0,Louisville,North Carolina,-3.5,-105.0,-110.0,15.0
2012.0,3.0,Marshall,Ohio,5.5,-110.0,-110.0,15.0
2012.0,3.0,Maryland,Connecticut,3.0,-110.0,-109.0,15.0
2012.0,3.0,Memphis,Middle Tennessee,5.5,-110.0,-110.0,15.0
2012.0,3.0,Michigan State,Notre Dame,-5.5,-110.0,-110.0,15.0
2012.0,3.0,Minnesota,Western Michigan,-3.0,-110.0,-110.0,15.0
2012.0,3.0,Missouri,Arizona State,-4.0,-110.0,-110.0,15.0
2012.0,3.0,Nebraska,Arkansas State,-23.5,-110.0,-110.0,15.0
2012.0,3.0,Nevada,Northwestern State,-33.5,-110.0,-110.0,13.0
2012.0,3.0,Northwestern,Boston College,-4.0,-110.0,-110.0,15.0
2012.0,3.0,Ohio State,California,-17.0,-110.0,-110.0,15.0
2012.0,3.0,Oregon,Tennessee Tech,-53.5,-110.0,-110.0,12.0
2012.0,3.0,Penn State,Navy,-6.5,-110.0,-110.0,15.0
2012.0,3.0,Pittsburgh,Virginia Tech,10.0,-110.0,-110.0,15.0
2012.0,3.0,Purdue,Eastern Michigan,-23.5,-110.0,-110.0,15.0
2012.0,3.0,San Diego State,North Dakota,-24.5,-110.0,-110.0,11.0
2012.0,3.0,South Florida,Rutgers,-7.5,-110.0,-110.0,15.0
2012.0,3.0,Syracuse,Stony Brook,-22.0,-110.0,-110.0,9.0
2012.0,3.0,Tennessee,Florida,-3.5,-110.0,-110.0,15.0
2012.0,3.0,Texas Tech,New Mexico,-32.5,-110.0,-110.0,15.0
2012.0,3.0,Toledo,Bowling Green,-3.0,-105.0,-115.0,15.0
2012.0,3.0,Troy,Mississippi State,14.5,-110.0,-110.0,15.0
2012.0,3.0,UCLA,Houston,-17.5,-110.0,-110.0,15.0
2012.0,3.0,UNLV,Washington State,9.0,-110.0,-110.0,15.0
2012.0,3.0,Washington,Portland State,-32.5,-110.0,-110.0,6.0
2012.0,3.0,Wisconsin,Utah State,-14.0,-110.0,-110.0,15.0
2012.0,4.0,Alabama,Florida Atlantic,-48.5,-110.0,-110.0,15.0
2012.0,4.0,Arizona State,Utah,-7.0,-110.0,-110.0,15.0
2012.0,4.0,Arkansas,Rutgers,-8.5,-110.0,-110.0,15.0
2012.0,4.0,Arkansas State,Alcorn State,-39.0,-110.0,-110.0,8.0
2012.0,4.0,Ball State,South Florida,7.5,-110.0,-110.0,15.0
2012.0,4.0,Buffalo,Kent State,-3.0,-110.0,-110.0,15.0
2012.0,4.0,Colorado State,Utah State,12.0,-110.0,-110.0,15.0
2012.0,4.0,Duke,Memphis,-21.5,-110.0,-110.0,15.0
2012.0,4.0,Florida,Kentucky,-23.5,-110.0,-110.0,15.0
2012.0,4.0,Florida International,Louisville,10.5,-110.0,-110.0,15.0
2012.0,4.0,Florida State,Clemson,-14.5,-110.0,-110.0,15.0
2012.0,4.0,Georgia,Vanderbilt,-15.0,-110.0,-110.0,15.0
2012.0,4.0,Idaho,Wyoming,-2.5,-110.0,-110.0,15.0
2012.0,4.0,Illinois,Louisiana Tech,-3.0,-105.0,-115.0,15.0
2012.0,4.0,Iowa,Central Michigan,-14.5,-110.0,-110.0,15.0
2012.0,4.0,Michigan State,Eastern Michigan,-31.5,-110.0,-110.0,15.0
2012.0,4.0,Minnesota,Syracuse,3.0,-115.0,-105.0,15.0
2012.0,4.0,Mississippi State,South Alabama,-31.5,-110.0,-110.0,15.0
2012.0,4.0,New Mexico State,New Mexico,-5.0,-110.0,-110.0,15.0
2012.0,4.0,North Carolina,East Carolina,-15.0,-110.0,-110.0,15.0
2012.0,4.0,North Texas,Troy,0.0,-110.0,-110.0,15.0
2012.0,4.0,Northern Illinois,Kansas,-7.0,-110.0,-110.0,15.0
2012.0,4.0,Northwestern,South Dakota,-28.5,-110.0,-110.0,12.0
2012.0,4.0,Notre Dame,Michigan,-6.0,-110.0,-110.0,15.0
2012.0,4.0,Ohio,Norfolk State,-32.5,-110.0,-110.0,11.0
2012.0,4.0,Oklahoma,Kansas State,-15.5,-110.0,-110.0,15.0
2012.0,4.0,Oregon,Arizona,-20.5,-110.0,-110.0,15.0
2012.0,4.0,Penn State,Temple,-7.0,-110.0,-110.0,15.0
2012.0,4.0,Rice,Marshall,3.0,-105.0,-115.0,15.0
2012.0,4.0,South Carolina,Missouri,-10.0,-110.0,-110.0,15.0
2012.0,4.0,Tennessee,Akron,-32.0,-110.0,-110.0,15.0
2012.0,4.0,Texas State,Stephen F. Austin,-3.0,-110.0,-110.0,9.0
2012.0,4.0,Toledo,Coastal Carolina,-29.0,-110.0,-110.0,9.0
2012.0,4.0,Tulsa,Fresno State,-6.0,-110.0,-110.0,15.0
2012.0,4.0,UCLA,Oregon State,-8.0,-110.0,-110.0,15.0
2012.0,4.0,UNLV,Air Force,10.5,-110.0,-110.0,15.0
2012.0,4.0,Virginia Tech,Bowling Green,-17.0,-110.0,-110.0,15.0
2012.0,4.0,Wake Forest,Army,-7.0,-110.0,-105.0,15.0
2012.0,4.0,Washington State,Colorado,-18.5,-110.0,-110.0,15.0
2012.0,4.0,West Virginia,Maryland,-26.5,-110.0,-110.0,15.0
2012.0,4.0,Western Michigan,Connecticut,-1.5,-110.0,-110.0,15.0
2012.0,5.0,Air Force,Colorado State,-14.0,-110.0,-110.0,15.0
2012.0,5.0,Arizona,Oregon State,-2.5,-110.0,-110.0,15.0
2012.0,5.0,Arkansas State,Western Kentucky,-1.5,-110.0,-110.0,14.0
2012.0,5.0,Army,Stony Brook,-9.5,-110.0,-110.0,11.0
2012.0,5.0,Boston College,Clemson,7.0,-110.0,-110.0,15.0
2012.0,5.0,Bowling Green,Rhode Island,-29.0,-110.0,-110.0,11.0
2012.0,5.0,California,Arizona State,2.5,-110.0,-110.0,15.0
2012.0,5.0,Cincinnati,Virginia Tech,6.5,-110.0,-110.0,15.0
2012.0,5.0,Colorado,UCLA,17.5,-110.0,-110.0,15.0
2012.0,5.0,Connecticut,Buffalo,-16.5,-110.0,-110.0,15.0
2012.0,5.0,Florida Atlantic,North Texas,7.0,-110.0,-110.0,15.0
2012.0,5.0,Fresno State,San Diego State,-8.0,-110.0,-110.0,15.0
2012.0,5.0,Georgia,Tennessee,-14.0,-110.0,-110.0,15.0
2012.0,5.0,Georgia Tech,Middle Tennessee,-24.5,-110.0,-110.0,15.0
2012.0,5.0,Illinois,Penn State,-3.0,-105.0,-115.0,15.0
2012.0,5.0,Iowa,Minnesota,-6.5,-110.0,-110.0,15.0
2012.0,5.0,Iowa State,Texas Tech,1.0,-110.0,-110.0,15.0
2012.0,5.0,Kent State,Ball State,2.5,-110.0,-110.0,15.0
2012.0,5.0,Kentucky,South Carolina,20.0,-110.0,-110.0,14.0
2012.0,5.0,Michigan State,Ohio State,-2.5,-110.0,-110.0,15.0
2012.0,5.0,Nebraska,Wisconsin,-12.0,-110.0,-110.0,15.0
2012.0,5.0,New Mexico,Boise State,23.5,-110.0,-110.0,15.0
2012.0,5.0,North Carolina,Idaho,-27.0,-110.0,-110.0,15.0
2012.0,5.0,Northern Illinois,Central Michigan,-10.0,-110.0,-110.0,15.0
2012.0,5.0,Northwestern,Indiana,-12.5,-110.0,-110.0,15.0
2012.0,5.0,Oklahoma State,Texas,2.0,-105.0,-110.0,15.0
2012.0,5.0,Purdue,Marshall,-17.0,-110.0,-110.0,15.0
2012.0,5.0,Rice,Houston,9.5,-110.0,-110.0,15.0
2012.0,5.0,South Alabama,Troy,7.0,-110.0,-110.0,15.0
2012.0,5.0,South Florida,Florida State,16.5,-110.0,-110.0,15.0
2012.0,5.0,Texas A&M,Arkansas,-13.0,-110.0,-110.0,15.0
2012.0,5.0,Texas State,Nevada,18.0,-110.0,-110.0,15.0
2012.0,5.0,Utah State,UNLV,-21.5,-110.0,-110.0,15.0
2012.0,5.0,Virginia,Louisiana Tech,3.5,-110.0,-110.0,15.0
2012.0,5.0,Wake Forest,Duke,-2.5,-110.0,-110.0,15.0
2012.0,5.0,Washington,Stanford,7.0,-110.0,-110.0,15.0
2012.0,5.0,Washington State,Oregon,31.0,-110.0,-110.0,15.0
2012.0,5.0,West Virginia,Baylor,-11.5,-110.0,-110.0,15.0
2012.0,5.0,Western Michigan,Toledo,-1.0,-110.0,-110.0,15.0
2012.0,6.0,Air Force,Navy,-9.0,-110.0,-110.0,15.0
2012.0,6.0,Akron,Bowling Green,6.0,-110.0,-110.0,15.0
2012.0,6.0,Army,Boston College,7.0,-110.0,-110.0,15.0
2012.0,6.0,Auburn,Arkansas,-7.0,-110.0,-110.0,15.0
2012.0,6.0,Ball State,Northern Illinois,3.0,-110.0,-110.0,15.0
2012.0,6.0,California,UCLA,2.5,-110.0,-110.0,15.0
2012.0,6.0,Clemson,Georgia Tech,-11.0,-110.0,-110.0,15.0
2012.0,6.0,Colorado State,Fresno State,17.5,-110.0,-110.0,14.0
2012.0,6.0,Duke,Virginia,0.0,-110.0,-110.0,15.0
2012.0,6.0,Eastern Michigan,Kent State,3.0,-110.0,-110.0,15.0
2012.0,6.0,Florida International,Arkansas State,2.25,-110.0,-110.0,14.0
2012.0,6.0,Houston,North Texas,-9.5,-110.0,-110.0,14.0
2012.0,6.0,Idaho,New Mexico State,-8.5,-110.0,-110.0,14.0
2012.0,6.0,Indiana,Michigan State,15.0,-110.0,-110.0,15.0
2012.0,6.0,Kansas State,Kansas,-24.5,-110.0,-110.0,15.0
2012.0,6.0,Kentucky,Mississippi State,10.0,-110.0,-110.0,15.0
2012.0,6.0,Louisiana Tech,UNLV,-27.0,-110.0,-110.0,14.0
2012.0,6.0,Marshall,Tulsa,3.5,-110.0,-110.0,15.0
2012.0,6.0,Maryland,Wake Forest,-7.0,-110.0,-110.0,15.0
2012.0,6.0,Memphis,Rice,5.5,-110.0,-110.0,14.0
2012.0,6.0,Missouri,Vanderbilt,-7.0,-110.0,-110.0,14.0
2012.0,6.0,Nevada,Wyoming,-20.0,-110.0,-110.0,14.0
2012.0,6.0,New Mexico,Texas State,-3.0,-114.0,-105.0,14.0
2012.0,6.0,North Carolina,Virginia Tech,-6.5,-110.0,-110.0,15.0
2012.0,6.0,Ohio,Buffalo,-14.5,-110.0,-110.0,15.0
2012.0,6.0,Ohio State,Nebraska,-2.5,-110.0,-110.0,15.0
2012.0,6.0,Oregon,Washington,-25.5,-110.0,-110.0,15.0
2012.0,6.0,Oregon State,Washington State,-15.0,-110.0,-110.0,14.0
2012.0,6.0,Penn State,Northwestern,-3.0,-105.0,-115.0,15.0
2012.0,6.0,Purdue,Michigan,3.0,-105.0,-115.0,14.0
2012.0,6.0,Rutgers,Connecticut,-7.5,-110.0,-110.0,15.0
2012.0,6.0,South Carolina,Georgia,-1.0,-110.0,-110.0,14.0
2012.0,6.0,Stanford,Arizona,-10.0,-110.0,-110.0,15.0
2012.0,6.0,Syracuse,Pittsburgh,-2.0,-110.0,-110.0,14.0
2012.0,6.0,Temple,South Florida,4.5,-110.0,-110.0,15.0
2012.0,6.0,Texas,West Virginia,-7.5,-110.0,-110.0,14.0
2012.0,6.0,Texas Tech,Oklahoma,4.5,-110.0,-110.0,15.0
2012.0,6.0,Toledo,Central Michigan,-11.5,-110.0,-110.0,15.0
2012.0,6.0,Wisconsin,Illinois,-14.5,-110.0,-110.0,15.0
2012.0,7.0,Arkansas,Kentucky,-17.0,-110.0,-110.0,15.0
2012.0,7.0,Arkansas State,South Alabama,-20.5,-110.0,-110.0,15.0
2012.0,7.0,Army,Kent State,1.0,-110.0,-110.0,15.0
2012.0,7.0,Ball State,Western Michigan,-2.5,-110.0,-105.0,15.0
2012.0,7.0,Boise State,Fresno State,-7.0,-110.0,-110.0,15.0
2012.0,7.0,Central Michigan,Navy,-1.0,-110.0,-110.0,15.0
2012.0,7.0,Cincinnati,Fordham,-40.0,-110.0,-110.0,9.0
2012.0,7.0,Colorado,Arizona State,22.0,-110.0,-110.0,15.0
2012.0,7.0,Connecticut,Temple,-4.5,-110.0,-110.0,15.0
2012.0,7.0,East Carolina,Memphis,-17.0,-110.0,-110.0,15.0
2012.0,7.0,Eastern Michigan,Toledo,14.5,-110.0,-110.0,15.0
2012.0,7.0,Florida International,Middle Tennessee,1.0,-110.0,-110.0,15.0
2012.0,7.0,Florida State,Boston College,-29.0,-110.0,-110.0,15.0
2012.0,7.0,Indiana,Ohio State,19.0,-110.0,-110.0,15.0
2012.0,7.0,Iowa State,Kansas State,6.0,-110.0,-110.0,15.0
2012.0,7.0,Kansas,Oklahoma State,26.5,-110.0,-110.0,15.0
2012.0,7.0,Louisiana Tech,Texas A&M,9.5,-110.0,-110.0,15.0
2012.0,7.0,Michigan,Illinois,-24.0,-110.0,-110.0,15.0
2012.0,7.0,Michigan State,Iowa,-8.0,-110.0,-110.0,15.0
2012.0,7.0,Minnesota,Northwestern,3.0,-105.0,-110.0,15.0
2012.0,7.0,Mississippi State,Tennessee,-3.0,-105.0,-115.0,15.0
2012.0,7.0,Missouri,Alabama,21.0,-110.0,-110.0,15.0
2012.0,7.0,Northern Illinois,Buffalo,-14.0,-110.0,-110.0,15.0
2012.0,7.0,Notre Dame,Stanford,-9.0,-110.0,-110.0,15.0
2012.0,7.0,Ohio,Akron,-18.0,-110.0,-110.0,15.0
2012.0,7.0,Oklahoma,Texas,-3.0,-110.0,-110.0,15.0
2012.0,7.0,Pittsburgh,Louisville,2.0,-110.0,-110.0,15.0
2012.0,7.0,Purdue,Wisconsin,1.0,-110.0,-110.0,15.0
2012.0,7.0,Rutgers,Syracuse,-7.0,-110.0,-110.0,15.0
2012.0,7.0,San Diego State,Colorado State,-22.5,-110.0,-110.0,14.0
2012.0,7.0,Texas State,Idaho,-2.0,-110.0,-110.0,15.0
2012.0,7.0,Texas Tech,West Virginia,3.0,-110.0,-108.0,15.0
2012.0,7.0,Troy,Western Kentucky,-0.5,-110.0,-110.0,14.0
2012.0,7.0,UCLA,Utah,-9.5,-110.0,-110.0,15.0
2012.0,7.0,UNLV,Nevada,14.0,-110.0,-110.0,15.0
2012.0,7.0,Vanderbilt,Florida,9.5,-110.0,-110.0,15.0
2012.0,7.0,Virginia,Maryland,-2.0,-110.0,-110.0,15.0
2012.0,7.0,Virginia Tech,Duke,-9.0,-110.0,-110.0,15.0
2012.0,7.0,Washington State,California,7.0,-106.0,-110.0,15.0
2012.0,7.0,Wyoming,Air Force,6.5,-110.0,-110.0,15.0
2012.0,8.0,Air Force,New Mexico,-10.5,-110.0,-110.0,15.0
2012.0,8.0,Akron,Northern Illinois,17.0,-110.0,-110.0,15.0
2012.0,8.0,Arizona,Washington,-8.5,-110.0,-110.0,15.0
2012.0,8.0,Arizona State,Oregon,8.5,-110.0,-110.0,15.0
2012.0,8.0,Boise State,UNLV,-28.0,-110.0,-110.0,15.0
2012.0,8.0,Buffalo,Pittsburgh,9.5,-110.0,-110.0,15.0
2012.0,8.0,California,Stanford,1.0,-110.0,-110.0,15.0
2012.0,8.0,Central Michigan,Ball State,3.0,-105.0,-115.0,15.0
2012.0,8.0,Clemson,Virginia Tech,-7.5,-110.0,-110.0,15.0
2012.0,8.0,Duke,North Carolina,10.5,-110.0,-110.0,15.0
2012.0,8.0,Eastern Michigan,Army,2.5,-110.0,-110.0,15.0
2012.0,8.0,Florida,South Carolina,-3.5,-110.0,-110.0,15.0
2012.0,8.0,Fresno State,Wyoming,-17.0,-110.0,-110.0,15.0
2012.0,8.0,Georgia Tech,Boston College,-14.5,-110.0,-110.0,15.0
2012.0,8.0,Iowa,Penn State,-1.5,-110.0,-110.0,15.0
2012.0,8.0,Kent State,Western Michigan,-3.5,-110.0,-110.0,15.0
2012.0,8.0,Kentucky,Georgia,26.0,-110.0,-110.0,15.0
2012.0,8.0,Louisiana Tech,Idaho,-30.5,-110.0,-110.0,15.0
2012.0,8.0,Louisville,South Florida,-6.0,-110.0,-110.0,15.0
2012.0,8.0,Michigan,Michigan State,-8.5,-110.0,-110.0,15.0
2012.0,8.0,Mississippi State,Middle Tennessee,-18.0,-110.0,-110.0,15.0
2012.0,8.0,Navy,Indiana,-2.5,-110.0,-110.0,15.0
2012.0,8.0,Nevada,San Diego State,-6.5,-110.0,-110.0,15.0
2012.0,8.0,Northwestern,Nebraska,6.5,-110.0,-110.0,15.0
2012.0,8.0,Ohio State,Purdue,-17.5,-110.0,-110.0,15.0
2012.0,8.0,Oklahoma,Kansas,-34.5,-110.0,-110.0,15.0
2012.0,8.0,Oklahoma State,Iowa State,-14.0,-110.0,-110.0,15.0
2012.0,8.0,Oregon State,Utah,-10.0,-110.0,-110.0,15.0
2012.0,8.0,South Alabama,Florida Atlantic,-4.5,-110.0,-110.0,15.0
2012.0,8.0,Syracuse,Connecticut,-4.5,-110.0,-110.0,15.0
2012.0,8.0,Temple,Rutgers,3.5,-110.0,-110.0,15.0
2012.0,8.0,Tennessee,Alabama,19.5,-110.0,-110.0,15.0
2012.0,8.0,Texas,Baylor,-9.5,-110.0,-110.0,15.0
2012.0,8.0,Toledo,Cincinnati,5.0,-110.0,-110.0,15.0
2012.0,8.0,Troy,Florida International,-6.5,-110.0,-105.0,15.0
2012.0,8.0,Tulsa,Rice,-19.0,-110.0,-110.0,15.0
2012.0,8.0,Utah State,New Mexico State,-30.0,-110.0,-110.0,15.0
2012.0,8.0,Vanderbilt,Auburn,-6.0,-110.0,-110.0,15.0
2012.0,8.0,Virginia,Wake Forest,-3.0,-110.0,-105.0,15.0
2012.0,8.0,West Virginia,Kansas State,-3.0,-105.0,-115.0,15.0
2012.0,8.0,Wisconsin,Minnesota,-17.5,-110.0,-110.0,15.0
2012.0,9.0,Air Force,Nevada,3.5,-110.0,-110.0,15.0
2012.0,9.0,Alabama,Mississippi State,-22.0,-110.0,-110.0,15.0
2012.0,9.0,Arizona State,UCLA,-6.0,-110.0,-110.0,15.0
2012.0,9.0,Army,Ball State,3.0,-105.0,-110.0,15.0
2012.0,9.0,Auburn,Texas A&M,14.0,-110.0,-110.0,15.0
2012.0,9.0,Boston College,Maryland,-2.5,-110.0,-110.0,15.0
2012.0,9.0,Bowling Green,Eastern Michigan,-14.0,-110.0,-110.0,15.0
2012.0,9.0,Buffalo,Toledo,7.5,-110.0,-110.0,15.0
2012.0,9.0,Central Michigan,Akron,-7.5,-110.0,-110.0,15.0
2012.0,9.0,East Carolina,Navy,-3.0,-110.0,-110.0,15.0
2012.0,9.0,Florida Atlantic,Troy,7.0,-110.0,-110.0,15.0
2012.0,9.0,Florida International,Western Kentucky,6.0,-110.0,-110.0,15.0
2012.0,9.0,Florida State,Duke,-27.0,-110.0,-110.0,15.0
2012.0,9.0,Georgia,Florida,6.5,-110.0,-110.0,15.0
2012.0,9.0,Illinois,Indiana,-2.0,-110.0,-110.0,15.0
2012.0,9.0,Iowa State,Baylor,-2.5,-110.0,-110.0,15.0
2012.0,9.0,Kansas,Texas,18.0,-110.0,-110.0,15.0
2012.0,9.0,Kansas State,Texas Tech,-7.0,-110.0,-110.0,15.0
2012.0,9.0,Louisville,Cincinnati,-3.5,-105.0,-110.0,15.0
2012.0,9.0,Middle Tennessee,North Texas,-3.5,-110.0,-105.0,15.0
2012.0,9.0,Minnesota,Purdue,2.0,-110.0,-110.0,15.0
2012.0,9.0,Missouri,Kentucky,-14.0,-110.0,-110.0,15.0
2012.0,9.0,Nebraska,Michigan,-1.0,-110.0,-110.0,15.0
2012.0,9.0,New Mexico,Fresno State,15.0,-110.0,-110.0,15.0
2012.0,9.0,New Mexico State,Louisiana Tech,29.0,-110.0,-110.0,15.0
2012.0,9.0,Northwestern,Iowa,-4.5,-110.0,-110.0,15.0
2012.0,9.0,Oklahoma,Notre Dame,-11.5,-110.0,-110.0,15.0
2012.0,9.0,Oregon,Colorado,-47.0,-110.0,-110.0,15.0
2012.0,9.0,Penn State,Ohio State,1.5,-110.0,-110.0,15.0
2012.0,9.0,Pittsburgh,Temple,-6.5,-110.0,-110.0,15.0
2012.0,9.0,Rutgers,Kent State,-13.5,-110.0,-110.0,15.0
2012.0,9.0,San Diego State,UNLV,-17.5,-110.0,-110.0,15.0
2012.0,9.0,South Carolina,Tennessee,-13.5,-110.0,-110.0,15.0
2012.0,9.0,South Florida,Syracuse,-3.0,-110.0,-110.0,15.0
2012.0,9.0,Stanford,Washington State,-25.0,-110.0,-110.0,15.0
2012.0,9.0,Utah,California,-2.0,-110.0,-110.0,15.0
2012.0,9.0,Wake Forest,Clemson,11.5,-110.0,-110.0,15.0
2012.0,9.0,Washington,Oregon State,3.0,-105.0,-115.0,15.0
2012.0,9.0,Western Michigan,Northern Illinois,7.5,-110.0,-110.0,15.0
2012.0,9.0,Wisconsin,Michigan State,-5.0,-110.0,-110.0,15.0
2012.0,9.0,Wyoming,Boise State,16.0,-110.0,-110.0,15.0
2012.0,10.0,Arkansas,Tulsa,-9.0,-110.0,-110.0,15.0
2012.0,10.0,Army,Air Force,7.0,-110.0,-110.0,15.0
2012.0,10.0,Auburn,New Mexico State,-24.0,-110.0,-110.0,15.0
2012.0,10.0,Baylor,Kansas,-17.0,-110.0,-110.0,15.0
2012.0,10.0,Boise State,San Diego State,-16.5,-110.0,-110.0,15.0
2012.0,10.0,California,Washington,-4.0,-110.0,-110.0,15.0
2012.0,10.0,Central Michigan,Western Michigan,1.5,-110.0,-110.0,15.0
2012.0,10.0,Cincinnati,Syracuse,-5.0,-110.0,-110.0,15.0
2012.0,10.0,Colorado,Stanford,27.5,-110.0,-110.0,15.0
2012.0,10.0,Duke,Clemson,12.0,-110.0,-110.0,15.0
2012.0,10.0,East Carolina,Houston,3.0,-110.0,-110.0,15.0
2012.0,10.0,Florida,Missouri,-17.5,-110.0,-110.0,15.0
2012.0,10.0,Indiana,Iowa,-2.0,-110.0,-110.0,15.0
2012.0,10.0,Iowa State,Oklahoma,13.0,-110.0,-110.0,15.0
2012.0,10.0,Kansas State,Oklahoma State,-7.5,-110.0,-110.0,15.0
2012.0,10.0,Kent State,Akron,-18.5,-110.0,-110.0,15.0
2012.0,10.0,Kentucky,Vanderbilt,6.5,-110.0,-110.0,15.0
2012.0,10.0,Louisville,Temple,-16.0,-110.0,-110.0,15.0
2012.0,10.0,Marshall,Memphis,-20.0,-110.0,-110.0,15.0
2012.0,10.0,Maryland,Georgia Tech,7.5,-110.0,-110.0,15.0
2012.0,10.0,Michigan State,Nebraska,-1.0,-110.0,-110.0,15.0
2012.0,10.0,Minnesota,Michigan,8.5,-110.0,-110.0,15.0
2012.0,10.0,Mississippi State,Texas A&M,6.5,-110.0,-110.0,15.0
2012.0,10.0,Navy,Florida Atlantic,-17.0,-110.0,-110.0,15.0
2012.0,10.0,North Texas,Arkansas State,4.5,-110.0,-110.0,15.0
2012.0,10.0,Notre Dame,Pittsburgh,-16.5,-110.0,-110.0,15.0
2012.0,10.0,Ohio,Eastern Michigan,-16.0,-110.0,-110.0,15.0
2012.0,10.0,Ohio State,Illinois,-25.0,-110.0,-110.0,15.0
2012.0,10.0,Oregon State,Arizona State,-3.5,-105.0,-110.0,15.0
2012.0,10.0,Purdue,Penn State,3.5,-110.0,-110.0,14.0
2012.0,10.0,South Alabama,Florida International,3.5,-110.0,-110.0,15.0
2012.0,10.0,South Florida,Connecticut,-7.0,-110.0,-110.0,15.0
2012.0,10.0,Tennessee,Troy,-18.5,-110.0,-110.0,15.0
2012.0,10.0,Texas Tech,Texas,-6.5,-110.0,-110.0,15.0
2012.0,10.0,Tulane,Rice,6.5,-110.0,-110.0,15.0
2012.0,10.0,UCLA,Arizona,-3.0,-105.0,-110.0,15.0
2012.0,10.0,UNLV,New Mexico,-2.5,-110.0,-110.0,15.0
2012.0,10.0,Utah,Washington State,-10.5,-110.0,-110.0,15.0
2012.0,10.0,Utah State,Texas State,-26.5,-110.0,-110.0,15.0
2012.0,10.0,Wake Forest,Boston College,-3.5,-110.0,-110.0,15.0
2012.0,10.0,Western Kentucky,Middle Tennessee,-9.0,-110.0,-110.0,15.0
2012.0,10.0,Wyoming,Colorado State,-6.5,-110.0,-110.0,15.0
2012.0,11.0,Alabama,Texas A&M,-13.5,-110.0,-110.0,15.0
2012.0,11.0,Arizona,Colorado,-28.5,-110.0,-110.0,15.0
2012.0,11.0,Auburn,Georgia,15.5,-110.0,-110.0,15.0
2012.0,11.0,Boston College,Notre Dame,20.0,-110.0,-110.0,15.0
2012.0,11.0,Buffalo,Western Michigan,3.0,-110.0,-105.0,15.0
2012.0,11.0,California,Oregon,32.0,-110.0,-110.0,15.0
2012.0,11.0,Clemson,Maryland,-31.5,-110.0,-110.0,15.0
2012.0,11.0,Colorado State,UNLV,1.0,-110.0,-110.0,15.0
2012.0,11.0,Connecticut,Pittsburgh,3.5,-110.0,-110.0,15.0
2012.0,11.0,Eastern Michigan,Central Michigan,2.5,-110.0,-110.0,15.0
2012.0,11.0,Houston,Tulsa,3.5,-110.0,-110.0,15.0
2012.0,11.0,Illinois,Minnesota,2.5,-105.0,-110.0,15.0
2012.0,11.0,Indiana,Wisconsin,7.5,-110.0,-110.0,15.0
2012.0,11.0,Iowa,Purdue,-5.0,-110.0,-110.0,15.0
2012.0,11.0,Memphis,Tulane,-1.0,-110.0,-110.0,15.0
2012.0,11.0,Michigan,Northwestern,-8.5,-110.0,-110.0,15.0
2012.0,11.0,Nebraska,Penn State,-9.0,-110.0,-110.0,15.0
2012.0,11.0,Nevada,Fresno State,3.0,-105.0,-115.0,15.0
2012.0,11.0,New Mexico,Wyoming,2.5,-110.0,-110.0,15.0
2012.0,11.0,North Carolina,Georgia Tech,-8.0,-110.0,-110.0,15.0
2012.0,11.0,North Texas,South Alabama,-6.5,-110.0,-110.0,15.0
2012.0,11.0,Ohio,Bowling Green,-2.5,-110.0,-110.0,15.0
2012.0,11.0,Oklahoma,Baylor,-21.0,-110.0,-110.0,15.0
2012.0,11.0,Oklahoma State,West Virginia,-10.5,-110.0,-110.0,15.0
2012.0,11.0,Rutgers,Army,-17.5,-110.0,-110.0,15.0
2012.0,11.0,San Diego State,Air Force,-6.5,-110.0,-110.0,15.0
2012.0,11.0,South Carolina,Arkansas,-13.5,-110.0,-110.0,15.0
2012.0,11.0,Stanford,Oregon State,-3.5,-110.0,-110.0,15.0
2012.0,11.0,Syracuse,Louisville,1.0,-110.0,-110.0,15.0
2012.0,11.0,Temple,Cincinnati,8.0,-110.0,-110.0,15.0
2012.0,11.0,Tennessee,Missouri,-3.5,-110.0,-110.0,15.0
2012.0,11.0,Texas,Iowa State,-10.5,-110.0,-110.0,15.0
2012.0,11.0,Texas State,Louisiana Tech,19.5,-110.0,-110.0,15.0
2012.0,11.0,Texas Tech,Kansas,-24.5,-110.0,-110.0,15.0
2012.0,11.0,Toledo,Ball State,-6.0,-110.0,-110.0,15.0
2012.0,11.0,Troy,Navy,3.0,-110.0,-105.0,15.0
2012.0,11.0,Virginia Tech,Florida State,13.0,-110.0,-110.0,15.0
2012.0,11.0,Washington,Utah,1.0,-110.0,-110.0,15.0
2012.0,11.0,Washington State,UCLA,16.0,-110.0,-110.0,15.0
2012.0,11.0,Western Kentucky,Florida Atlantic,-16.0,-110.0,-110.0,15.0
2012.0,12.0,Alabama,Western Carolina,-55.5,-110.0,-110.0,13.0
2012.0,12.0,Arizona State,Washington State,-22.0,-110.0,-110.0,15.0
2012.0,12.0,Army,Temple,-3.5,-110.0,-110.0,15.0
2012.0,12.0,Auburn,Alabama A&M,-30.5,-110.0,-110.0,10.0
2012.0,12.0,Ball State,Ohio,-6.0,-110.0,-110.0,15.0
2012.0,12.0,Baylor,Kansas State,12.5,-110.0,-110.0,15.0
2012.0,12.0,Boise State,Colorado State,-29.5,-110.0,-110.0,15.0
2012.0,12.0,Boston College,Virginia Tech,10.0,-110.0,-110.0,15.0
2012.0,12.0,Bowling Green,Kent State,-3.0,-105.0,-110.0,15.0
2012.0,12.0,Cincinnati,Rutgers,-6.5,-110.0,-110.0,15.0
2012.0,12.0,Colorado,Washington,20.5,-110.0,-110.0,15.0
2012.0,12.0,Florida,Jacksonville State,-37.5,-110.0,-110.0,11.0
2012.0,12.0,Florida Atlantic,Florida International,-1.0,-110.0,-110.0,15.0
2012.0,12.0,Georgia,Georgia Southern,-32.0,-110.0,-110.0,13.0
2012.0,12.0,Georgia Tech,Duke,-12.0,-110.0,-110.0,15.0
2012.0,12.0,Illinois,Purdue,6.0,-110.0,-110.0,15.0
2012.0,12.0,Kansas,Iowa State,3.5,-110.0,-105.0,15.0
2012.0,12.0,Kentucky,Samford,-12.5,-110.0,-110.0,9.0
2012.0,12.0,Louisiana Tech,Utah State,3.0,-105.0,-110.0,15.0
2012.0,12.0,Marshall,Houston,-3.5,-110.0,-110.0,15.0
2012.0,12.0,Maryland,Florida State,31.5,-110.0,-110.0,15.0
2012.0,12.0,Michigan,Iowa,-17.0,-110.0,-110.0,15.0
2012.0,12.0,Michigan State,Northwestern,-7.0,-110.0,-110.0,15.0
2012.0,12.0,Mississippi State,Arkansas,-5.0,-110.0,-110.0,15.0
2012.0,12.0,Missouri,Syracuse,-6.0,-110.0,-110.0,15.0
2012.0,12.0,Navy,Texas State,-13.0,-110.0,-110.0,15.0
2012.0,12.0,Nebraska,Minnesota,-21.0,-110.0,-110.0,15.0
2012.0,12.0,New Mexico,Nevada,10.5,-110.0,-110.0,15.0
2012.0,12.0,Northern Illinois,Toledo,-10.0,-110.0,-110.0,15.0
2012.0,12.0,Notre Dame,Wake Forest,-23.5,-110.0,-110.0,15.0
2012.0,12.0,Oklahoma State,Texas Tech,-10.0,-110.0,-110.0,15.0
2012.0,12.0,Oregon,Stanford,-18.5,-110.0,-110.0,15.0
2012.0,12.0,Oregon State,California,-15.5,-110.0,-110.0,15.0
2012.0,12.0,Penn State,Indiana,-16.5,-110.0,-110.0,15.0
2012.0,12.0,South Alabama,Middle Tennessee,7.0,-110.0,-110.0,15.0
2012.0,12.0,South Carolina,Wofford,-30.5,-110.0,-110.0,11.0
2012.0,12.0,Texas A&M,Sam Houston State,-33.5,-110.0,-110.0,9.0
2012.0,12.0,Troy,Arkansas State,3.5,-110.0,-110.0,15.0
2012.0,12.0,Tulane,East Carolina,10.0,-110.0,-110.0,15.0
2012.0,12.0,UNLV,Wyoming,1.0,-110.0,-110.0,15.0
2012.0,12.0,Utah,Arizona,-3.0,-110.0,-110.0,15.0
2012.0,12.0,Vanderbilt,Tennessee,-2.5,-110.0,-105.0,15.0
2012.0,12.0,Virginia,North Carolina,3.5,-110.0,-110.0,15.0
2012.0,12.0,West Virginia,Oklahoma,10.5,-110.0,-110.0,15.0
2012.0,12.0,Western Michigan,Eastern Michigan,-14.0,-110.0,-110.0,14.0
2012.0,12.0,Wisconsin,Ohio State,-1.0,-110.0,-110.0,15.0
2012.0,13.0,Alabama,Auburn,-34.0,-110.0,-110.0,15.0
2012.0,13.0,Arizona,Arizona State,-2.5,-110.0,-110.0,15.0
2012.0,13.0,Bowling Green,Buffalo,-9.0,-110.0,-110.0,15.0
2012.0,13.0,Cincinnati,South Florida,-14.0,-110.0,-110.0,15.0
2012.0,13.0,Clemson,South Carolina,-6.5,-110.0,-110.0,15.0
2012.0,13.0,Colorado,Utah,23.5,-110.0,-110.0,15.0
2012.0,13.0,Colorado State,New Mexico,-4.0,-110.0,-110.0,15.0
2012.0,13.0,East Carolina,Marshall,-6.5,-110.0,-110.0,15.0
2012.0,13.0,Eastern Michigan,Northern Illinois,21.0,-110.0,-110.0,15.0
2012.0,13.0,Florida State,Florida,-7.0,-110.0,-110.0,15.0
2012.0,13.0,Fresno State,Air Force,-16.5,-110.0,-110.0,15.0
2012.0,13.0,Georgia,Georgia Tech,-14.5,-110.0,-110.0,15.0
2012.0,13.0,Houston,Tulane,-12.5,-110.0,-110.0,15.0
2012.0,13.0,Iowa,Nebraska,14.5,-110.0,-110.0,15.0
2012.0,13.0,Iowa State,West Virginia,3.0,-110.0,-110.0,15.0
2012.0,13.0,Kent State,Ohio,-9.5,-110.0,-110.0,15.0
2012.0,13.0,Louisville,Connecticut,-10.5,-110.0,-110.0,15.0
2012.0,13.0,Middle Tennessee,Troy,-3.0,-110.0,-110.0,15.0
2012.0,13.0,Minnesota,Michigan State,7.5,-110.0,-110.0,15.0
2012.0,13.0,North Carolina,Maryland,-25.0,-110.0,-110.0,15.0
2012.0,13.0,Northwestern,Illinois,-19.0,-110.0,-110.0,15.0
2012.0,13.0,Ohio State,Michigan,-4.0,-110.0,-110.0,15.0
2012.0,13.0,Oklahoma,Oklahoma State,-6.5,-110.0,-110.0,15.0
2012.0,13.0,Oregon State,Oregon,11.5,-110.0,-110.0,15.0
2012.0,13.0,Penn State,Wisconsin,-1.0,-110.0,-110.0,15.0
2012.0,13.0,Pittsburgh,Rutgers,-1.5,-110.0,-110.0,15.0
2012.0,13.0,Purdue,Indiana,-5.5,-110.0,-110.0,15.0
2012.0,13.0,Temple,Syracuse,7.0,-110.0,-110.0,15.0
2012.0,13.0,Tennessee,Kentucky,-14.0,-110.0,-110.0,15.0
2012.0,13.0,Texas A&M,Missouri,-23.0,-110.0,-110.0,15.0
2012.0,13.0,Texas Tech,Baylor,3.0,-105.0,-115.0,15.0
2012.0,13.0,Toledo,Akron,-17.5,-110.0,-110.0,15.0
2012.0,13.0,UCLA,Stanford,3.0,-115.0,-105.0,15.0
2012.0,13.0,Utah State,Idaho,-37.5,-110.0,-110.0,15.0
2012.0,13.0,Virginia Tech,Virginia,-10.0,-110.0,-110.0,15.0
2012.0,13.0,Wake Forest,Vanderbilt,13.0,-110.0,-110.0,15.0
2012.0,13.0,Washington State,Washington,14.0,-110.0,-110.0,15.0
2012.0,13.0,Western Kentucky,North Texas,-11.5,-110.0,-110.0,15.0
2012.0,13.0,Wyoming,San Diego State,7.0,-110.0,-110.0,15.0
2012.0,14.0,Arkansas State,Middle Tennessee,-13.5,-110.0,-110.0,15.0
2012.0,14.0,Baylor,Oklahoma State,4.0,-110.0,-110.0,15.0
2012.0,14.0,Connecticut,Cincinnati,3.5,-110.0,-110.0,15.0
2012.0,14.0,Georgia,Alabama,8.5,-110.0,-110.0,15.0
2012.0,14.0,Georgia Tech,Florida State,15.5,-110.0,-110.0,15.0
2012.0,14.0,Kansas State,Texas,-11.0,-110.0,-110.0,15.0
2012.0,14.0,Kent State,Northern Illinois,7.0,-105.0,-110.0,15.0
2012.0,14.0,Nevada,Boise State,7.5,-110.0,-110.0,15.0
2012.0,14.0,Rutgers,Louisville,-3.5,-110.0,-110.0,15.0
2012.0,14.0,South Florida,Pittsburgh,7.5,-113.0,-105.0,15.0
2012.0,14.0,Stanford,UCLA,-8.5,-110.0,-110.0,15.0
2012.0,14.0,Texas State,New Mexico State,-13.5,-110.0,-110.0,15.0
2012.0,14.0,West Virginia,Kansas,-21.5,-110.0,-110.0,15.0
2012.0,14.0,Wisconsin,Nebraska,3.0,-105.0,-110.0,15.0
2012.0,15.0,Army,Navy,7.0,-110.0,-105.0,15.0
2013.0,1.0,Air Force,Colgate,-26.5,-110.0,-110.0,10.0
2013.0,1.0,Arizona,Northern Arizona,-30.75,-110.0,-110.0,10.0
2013.0,1.0,Arkansas State,Arkansas-Pine Bluff,-38.5,-110.0,-110.0,9.0
2013.0,1.0,Army,Morgan State,-33.5,-110.0,-110.0,10.0
2013.0,1.0,Auburn,Washington State,-14.0,-110.0,-110.0,16.0
2013.0,1.0,Ball State,Illinois State,-13.0,-110.0,-110.0,10.0
2013.0,1.0,Baylor,Wofford,-29.0,-110.0,-110.0,9.0
2013.0,1.0,Boston College,Villanova,-15.0,-110.0,-110.0,10.0
2013.0,1.0,Bowling Green,Tulsa,-3.0,-107.5,-110.0,16.0
2013.0,1.0,California,Northwestern,5.75,-110.0,-110.0,16.0
2013.0,1.0,Cincinnati,Purdue,-10.5,-110.0,-110.0,16.0
2013.0,1.0,Clemson,Georgia,1.5,-110.0,-110.0,16.0
2013.0,1.0,Colorado State,Colorado,-3.0,-110.0,-110.0,16.0
2013.0,1.0,Connecticut,Towson,-16.5,-110.0,-110.0,10.0
2013.0,1.0,East Carolina,Old Dominion,-15.0,-110.0,-110.0,10.0
2013.0,1.0,Eastern Michigan,Howard,-21.5,-110.0,-110.0,10.0
2013.0,1.0,Florida,Toledo,-22.75,-110.0,-110.0,16.0
2013.0,1.0,Fresno State,Rutgers,-10.25,-110.0,-110.0,16.0
2013.0,1.0,Georgia State,Samford,10.0,-110.0,-110.0,10.0
2013.0,1.0,Georgia Tech,Elon,-44.0,-110.0,-110.0,10.0
2013.0,1.0,Illinois,Southern Illinois,-16.75,-110.0,-110.0,10.0
2013.0,1.0,Indiana,Indiana State,-24.75,-110.0,-110.0,10.0
2013.0,1.0,Iowa,Northern Illinois,-3.0,-105.0,-110.0,16.0
2013.0,1.0,Iowa State,Northern Iowa,-9.5,-110.0,-110.0,10.0
2013.0,1.0,Kansas State,North Dakota State,-12.5,-110.0,-110.0,10.0
2013.0,1.0,Kent State,Liberty,-20.0,-110.0,-110.0,10.0
2013.0,1.0,Louisville,Ohio,-21.0,-110.0,-110.0,16.0
2013.0,1.0,Marshall,Miami (OH),-20.5,-110.0,-110.0,16.0
2013.0,1.0,Maryland,Florida International,-21.0,-110.0,-110.0,16.0
2013.0,1.0,Michigan,Central Michigan,-31.5,-110.0,-110.0,16.0
2013.0,1.0,Michigan State,Western Michigan,-27.5,-110.0,-110.0,16.0
2013.0,1.0,Middle Tennessee,Western Carolina,-32.5,-110.0,-110.0,9.0
2013.0,1.0,Minnesota,UNLV,-13.5,-110.0,-110.0,16.0
2013.0,1.0,Missouri,Murray State,-38.0,-110.0,-110.0,10.0
2013.0,1.0,Nebraska,Wyoming,-31.0,-110.0,-110.0,16.0
2013.0,1.0,North Texas,Idaho,-16.5,-110.0,-110.0,16.0
2013.0,1.0,Notre Dame,Temple,-28.0,-110.0,-110.0,16.0
2013.0,1.0,Ohio State,Buffalo,-34.0,-110.0,-110.0,16.0
2013.0,1.0,Oklahoma State,Mississippi State,-12.5,-110.0,-110.0,16.0
2013.0,1.0,Oregon State,Eastern Washington,-25.75,-110.0,-110.0,10.0
2013.0,1.0,Pittsburgh,Florida State,11.5,-110.0,-110.0,15.0
2013.0,1.0,San Diego State,Eastern Illinois,-14.0,-110.0,-110.0,10.0
2013.0,1.0,South Alabama,Southern Utah,-14.5,-110.0,-110.0,10.0
2013.0,1.0,South Carolina,North Carolina,-11.0,-110.0,-110.0,16.0
2013.0,1.0,TCU,LSU,4.0,-110.0,-110.0,16.0
2013.0,1.0,Tennessee,Austin Peay,-49.0,-110.0,-110.0,10.0
2013.0,1.0,Texas,New Mexico State,-43.5,-110.0,-110.0,15.0
2013.0,1.0,Texas A&M,Rice,-28.0,-110.0,-110.0,15.0
2013.0,1.0,Tulane,Jackson State,-25.0,-110.0,-110.0,10.0
2013.0,1.0,UCF,Akron,-24.0,-110.0,-110.0,16.0
2013.0,1.0,UCLA,Nevada,-20.5,-110.0,-110.0,16.0
2013.0,1.0,Utah,Utah State,-1.0,-110.0,-110.0,16.0
2013.0,1.0,Vanderbilt,Ole Miss,3.0,-105.0,-115.0,16.0
2013.0,1.0,Virginia Tech,Alabama,21.5,-110.0,-110.0,16.0
2013.0,1.0,Washington,Boise State,-4.0,-110.0,-110.0,16.0
2013.0,1.0,West Virginia,William & Mary,-31.5,-110.0,-110.0,9.0
2013.0,1.0,Western Kentucky,Kentucky,5.5,-110.0,-110.0,16.0
2013.0,2.0,Air Force,Utah State,8.0,-110.0,-110.0,15.0
2013.0,2.0,Akron,James Madison,-3.0,-110.0,-110.0,12.0
2013.0,2.0,Arizona State,Sacramento State,-38.0,-110.0,-110.0,13.0
2013.0,2.0,Arkansas,Samford,-32.5,-110.0,-110.0,12.0
2013.0,2.0,Auburn,Arkansas State,-10.5,-110.0,-110.0,15.0
2013.0,2.0,Ball State,Army,-10.0,-110.0,-110.0,15.0
2013.0,2.0,Baylor,Buffalo,-28.5,-110.0,-110.0,15.0
2013.0,2.0,Boston College,Wake Forest,-3.0,-105.0,-110.0,15.0
2013.0,2.0,California,Portland State,-30.5,-110.0,-110.0,11.0
2013.0,2.0,Central Michigan,New Hampshire,-6.5,-110.0,-110.0,11.0
2013.0,2.0,Colorado,Central Arkansas,-13.5,-110.0,-110.0,12.0
2013.0,2.0,East Carolina,Florida Atlantic,-18.5,-110.0,-110.0,15.0
2013.0,2.0,Florida International,UCF,24.0,-110.0,-110.0,15.0
2013.0,2.0,Fresno State,Cal Poly,-28.5,-110.0,-110.0,12.0
2013.0,2.0,Georgia,South Carolina,-3.0,-110.0,-110.0,15.0
2013.0,2.0,Georgia State,Chattanooga,5.0,-110.0,-110.0,11.0
2013.0,2.0,Illinois,Cincinnati,7.5,-110.0,-110.0,15.0
2013.0,2.0,Indiana,Navy,-12.0,-110.0,-110.0,15.0
2013.0,2.0,Iowa,Missouri State,-26.5,-110.0,-110.0,11.0
2013.0,2.0,Kansas,South Dakota,-28.5,-110.0,-110.0,12.0
2013.0,2.0,Kent State,Bowling Green,6.5,-107.0,-112.0,15.0
2013.0,2.0,Kentucky,Miami (OH),-18.0,-110.0,-110.0,15.0
2013.0,2.0,Louisiana Tech,Lamar,-28.5,-110.0,-110.0,12.0
2013.0,2.0,Louisville,Eastern Kentucky,-41.0,-110.0,-110.0,11.0
2013.0,2.0,Marshall,Gardner-Webb,-41.25,-110.0,-110.0,12.0
2013.0,2.0,Maryland,Old Dominion,-20.5,-110.0,-110.0,11.0
2013.0,2.0,Memphis,Duke,3.5,-110.0,-110.0,15.0
2013.0,2.0,Michigan,Notre Dame,-4.5,-110.0,-110.0,15.0
2013.0,2.0,Michigan State,South Florida,-21.5,-110.0,-110.0,15.0
2013.0,2.0,Mississippi State,Alcorn State,-41.5,-110.0,-110.0,11.0
2013.0,2.0,Missouri,Toledo,-14.0,-110.0,-110.0,15.0
2013.0,2.0,Nevada,UC Davis,-19.5,-110.0,-110.0,12.0
2013.0,2.0,New Mexico State,Minnesota,16.0,-110.0,-110.0,15.0
2013.0,2.0,North Carolina,Middle Tennessee,-19.5,-110.0,-110.0,15.0
2013.0,2.0,Northwestern,Syracuse,-17.0,-110.0,-106.0,15.0
2013.0,2.0,Ohio,North Texas,-3.5,-110.0,-110.0,15.0
2013.0,2.0,Ohio State,San Diego State,-28.0,-110.0,-110.0,15.0
2013.0,2.0,Oklahoma,West Virginia,-21.0,-110.0,-110.0,15.0
2013.0,2.0,Ole Miss,Southeast Missouri State,-49.5,-110.0,-110.0,12.0
2013.0,2.0,Penn State,Eastern Michigan,-28.0,-110.0,-110.0,15.0
2013.0,2.0,Purdue,Indiana State,-17.5,-110.0,-110.0,11.0
2013.0,2.0,Rutgers,Norfolk State,-40.5,-110.0,-110.0,11.0
2013.0,2.0,TCU,Southeastern Louisiana,-40.0,-110.0,-110.0,11.0
2013.0,2.0,Temple,Houston,3.0,-112.0,-105.0,15.0
2013.0,2.0,Tennessee,Western Kentucky,-14.5,-110.0,-110.0,15.0
2013.0,2.0,Texas A&M,Sam Houston State,-35.0,-110.0,-110.0,11.0
2013.0,2.0,Texas Tech,Stephen F. Austin,-35.0,-110.0,-110.0,11.0
2013.0,2.0,Troy,Savannah State,-51.5,-110.0,-110.0,11.0
2013.0,2.0,Tulane,South Alabama,-4.5,-110.0,-110.0,15.0
2013.0,2.0,Tulsa,Colorado State,-14.0,-110.0,-110.0,15.0
2013.0,2.0,UNLV,Arizona,14.0,-110.0,-110.0,15.0
2013.0,2.0,USC,Washington State,-16.0,-110.0,-110.0,15.0
2013.0,2.0,UTEP,New Mexico,-7.0,-110.0,-110.0,15.0
2013.0,2.0,Utah,Weber State,-27.5,-110.0,-110.0,11.0
2013.0,2.0,Vanderbilt,Austin Peay,-47.5,-110.0,-110.0,11.0
2013.0,2.0,Virginia,Oregon,26.0,-110.0,-110.0,15.0
2013.0,2.0,Virginia Tech,Western Carolina,-42.0,-110.0,-110.0,11.0
2013.0,2.0,Wisconsin,Tennessee Tech,-44.5,-110.0,-110.0,11.0
2013.0,2.0,Wyoming,Idaho,-28.5,-110.0,-110.0,15.0
2013.0,3.0,Arizona State,Wisconsin,-7.0,-110.0,-110.0,15.0
2013.0,3.0,Arkansas State,Troy,-6.0,-110.0,-110.0,15.0
2013.0,3.0,Army,Stanford,30.5,-110.0,-110.0,15.0
2013.0,3.0,Auburn,Mississippi State,-6.5,-110.0,-110.0,15.0
2013.0,3.0,Boise State,Air Force,-23.0,-110.0,-110.0,15.0
2013.0,3.0,Buffalo,Stony Brook,-12.25,-110.0,-110.0,12.0
2013.0,3.0,California,Ohio State,13.0,-110.0,-110.0,15.0
2013.0,3.0,Cincinnati,Northwestern State,-30.0,-110.0,-110.0,11.0
2013.0,3.0,Colorado State,Cal Poly,-6.5,-117.5,-2.5,12.0
2013.0,3.0,Connecticut,Maryland,4.5,-110.0,-110.0,15.0
2013.0,3.0,Duke,Georgia Tech,8.5,-110.0,-110.0,15.0
2013.0,3.0,East Carolina,Virginia Tech,8.0,-110.0,-110.0,15.0
2013.0,3.0,Florida International,Bethune-Cookman,3.0,-110.0,-110.0,11.0
2013.0,3.0,Florida State,Nevada,-36.0,-110.0,-110.0,15.0
2013.0,3.0,Idaho,Northern Illinois,30.0,-110.0,-110.0,15.0
2013.0,3.0,Illinois,Washington,10.5,-110.0,-110.0,15.0
2013.0,3.0,Indiana,Bowling Green,-2.5,-110.0,-110.0,15.0
2013.0,3.0,Iowa State,Iowa,0.0,-110.0,-110.0,15.0
2013.0,3.0,Kentucky,Louisville,12.0,-110.0,-110.0,15.0
2013.0,3.0,LSU,Kent State,-36.0,-110.0,-110.0,15.0
2013.0,3.0,Louisiana Tech,Tulane,-7.0,-112.0,-105.0,15.0
2013.0,3.0,Michigan,Akron,-35.5,-110.0,-110.0,15.0
2013.0,3.0,Michigan State,Youngstown State,-22.5,-110.0,-110.0,12.0
2013.0,3.0,Middle Tennessee,Memphis,-8.0,-110.0,-110.0,15.0
2013.0,3.0,Minnesota,Western Illinois,-26.25,-110.0,-110.0,12.0
2013.0,3.0,Navy,Delaware,-17.0,-110.0,-110.0,12.0
2013.0,3.0,Nebraska,UCLA,0.0,-110.0,-110.0,15.0
2013.0,3.0,New Mexico State,UTEP,4.0,-110.0,-110.0,15.0
2013.0,3.0,North Texas,Ball State,3.0,-105.0,-115.0,15.0
2013.0,3.0,Northwestern,Western Michigan,-28.0,-110.0,-110.0,15.0
2013.0,3.0,Ohio,Marshall,7.5,-110.0,-110.0,15.0
2013.0,3.0,Oklahoma,Tulsa,-23.0,-110.0,-110.0,15.0
2013.0,3.0,Oklahoma State,Lamar,-47.0,-110.0,-110.0,11.0
2013.0,3.0,Oregon,Tennessee,-28.0,-110.0,-110.0,15.0
2013.0,3.0,Penn State,UCF,-4.5,-110.0,-110.0,15.0
2013.0,3.0,Pittsburgh,New Mexico,-21.5,-110.0,-110.0,15.0
2013.0,3.0,Purdue,Notre Dame,17.0,-110.0,-110.0,15.0
2013.0,3.0,Rice,Kansas,-6.0,-110.0,-110.0,15.0
2013.0,3.0,Rutgers,Eastern Michigan,-28.0,-110.0,-110.0,15.0
2013.0,3.0,South Alabama,Western Kentucky,7.0,-110.0,-110.0,15.0
2013.0,3.0,South Carolina,Vanderbilt,-11.0,-110.0,-110.0,15.0
2013.0,3.0,South Florida,Florida Atlantic,-12.0,-110.0,-110.0,15.0
2013.0,3.0,Syracuse,Wagner,-29.5,-110.0,-110.0,12.0
2013.0,3.0,Temple,Fordham,-20.5,-110.0,-110.0,12.0
2013.0,3.0,Texas,Ole Miss,-2.0,-110.0,-110.0,15.0
2013.0,3.0,Texas A&M,Alabama,8.5,-110.0,-110.0,15.0
2013.0,3.0,Texas Tech,TCU,3.0,-115.0,-105.0,15.0
2013.0,3.0,Toledo,Eastern Washington,-7.5,-110.0,-110.0,11.0
2013.0,3.0,UNLV,Central Michigan,-7.5,-110.0,-110.0,15.0
2013.0,3.0,USC,Boston College,-14.5,-110.0,-110.0,15.0
2013.0,3.0,Utah,Oregon State,-3.5,-110.0,-110.0,15.0
2013.0,3.0,Utah State,Weber State,-39.5,-110.0,-110.0,11.0
2013.0,3.0,Washington State,Southern Utah,-21.0,-110.0,-110.0,11.0
2013.0,3.0,West Virginia,Georgia State,-41.0,-110.0,-110.0,15.0
2013.0,3.0,Wyoming,Northern Colorado,-27.5,-110.0,-110.0,12.0
2013.0,4.0,Air Force,Wyoming,4.0,-110.0,-110.0,15.0
2013.0,4.0,Alabama,Colorado State,-39.5,-110.0,-110.0,15.0
2013.0,4.0,Army,Wake Forest,2.5,-110.0,-110.0,15.0
2013.0,4.0,Bowling Green,Murray State,-26.0,-110.0,-110.0,12.0
2013.0,4.0,Central Michigan,Toledo,13.5,-110.0,-110.0,15.0
2013.0,4.0,Connecticut,Michigan,18.5,-110.0,-110.0,15.0
2013.0,4.0,Duke,Pittsburgh,4.5,-110.0,-110.0,15.0
2013.0,4.0,Eastern Michigan,Ball State,10.0,-110.0,-110.0,15.0
2013.0,4.0,Florida,Tennessee,-16.0,-110.0,-110.0,15.0
2013.0,4.0,Florida Atlantic,Middle Tennessee,3.0,-110.0,-110.0,15.0
2013.0,4.0,Florida State,Bethune-Cookman,-40.0,-110.0,-110.0,11.0
2013.0,4.0,Fresno State,Boise State,-3.5,-110.0,-110.0,15.0
2013.0,4.0,Georgia,North Texas,-33.5,-110.0,-110.0,15.0
2013.0,4.0,Georgia State,Jacksonville State,10.0,-110.0,-110.0,12.0
2013.0,4.0,Georgia Tech,North Carolina,-6.5,-110.0,-110.0,15.0
2013.0,4.0,Indiana,Missouri,3.0,-110.0,-109.0,15.0
2013.0,4.0,Iowa,Western Michigan,-16.5,-110.0,-110.0,15.0
2013.0,4.0,Kansas,Louisiana Tech,-10.0,-110.0,-110.0,15.0
2013.0,4.0,LSU,Auburn,-17.5,-110.0,-110.0,15.0
2013.0,4.0,Louisville,Florida International,-41.0,-110.0,-110.0,15.0
2013.0,4.0,Maryland,West Virginia,-3.5,-110.0,-110.0,15.0
2013.0,4.0,Memphis,Arkansas State,3.5,-110.0,-110.0,15.0
2013.0,4.0,Miami (OH),Cincinnati,24.5,-110.0,-110.0,15.0
2013.0,4.0,Mississippi State,Troy,-13.0,-110.0,-110.0,15.0
2013.0,4.0,Nebraska,South Dakota State,-21.0,-110.0,-110.0,13.0
2013.0,4.0,Northern Illinois,Eastern Illinois,-14.0,-110.0,-110.0,11.0
2013.0,4.0,Northwestern,Maine,-28.0,-110.0,-110.0,13.0
2013.0,4.0,Notre Dame,Michigan State,-4.0,-110.0,-110.0,15.0
2013.0,4.0,Ohio,Austin Peay,-36.0,-110.0,-110.0,12.0
2013.0,4.0,Ohio State,Florida A&M,-51.5,-110.0,-110.0,12.0
2013.0,4.0,Penn State,Kent State,-23.5,-110.0,-110.0,15.0
2013.0,4.0,Rice,Houston,3.0,-110.0,-110.0,15.0
2013.0,4.0,Rutgers,Arkansas,-1.5,-110.0,-110.0,15.0
2013.0,4.0,San Diego State,Oregon State,7.0,-110.0,-110.0,15.0
2013.0,4.0,Stanford,Arizona State,-6.5,-112.0,-105.0,15.0
2013.0,4.0,Syracuse,Tulane,-17.5,-110.0,-110.0,15.0
2013.0,4.0,Texas,Kansas State,-6.0,-110.0,-110.0,15.0
2013.0,4.0,Texas Tech,Texas State,-27.0,-110.0,-110.0,15.0
2013.0,4.0,UCLA,New Mexico State,-44.0,-110.0,-110.0,15.0
2013.0,4.0,UNLV,Western Illinois,-14.0,-110.0,-110.0,13.0
2013.0,4.0,USC,Utah State,-6.5,-110.0,-110.0,15.0
2013.0,4.0,Virginia Tech,Marshall,-8.0,-110.0,-110.0,15.0
2013.0,4.0,Washington,Idaho State,-49.75,-110.0,-110.0,12.0
2013.0,4.0,Washington State,Idaho,-31.5,-110.0,-110.0,15.0
2013.0,4.0,Western Kentucky,Morgan State,-34.5,-110.0,-110.0,11.0
2013.0,4.0,Wisconsin,Purdue,-21.5,-110.0,-110.0,15.0
2013.0,5.0,Alabama,Ole Miss,-14.0,-110.0,-110.0,15.0
2013.0,5.0,Arizona State,USC,-3.5,-110.0,-110.0,15.0
2013.0,5.0,Arkansas,Texas A&M,13.5,-110.0,-110.0,15.0
2013.0,5.0,Ball State,Toledo,-1.5,-110.0,-110.0,15.0
2013.0,5.0,Boston College,Florida State,24.0,-110.0,-110.0,15.0
2013.0,5.0,Bowling Green,Akron,-14.0,-110.0,-110.0,15.0
2013.0,5.0,Buffalo,Connecticut,2.0,-110.0,-110.0,15.0
2013.0,5.0,Clemson,Wake Forest,-28.5,-110.0,-110.0,15.0
2013.0,5.0,Colorado State,UTEP,-13.5,-110.0,-110.0,15.0
2013.0,5.0,Duke,Troy,-13.5,-110.0,-110.0,15.0
2013.0,5.0,Georgia,LSU,-3.0,-110.0,-109.0,15.0
2013.0,5.0,Georgia Tech,Virginia Tech,-7.0,-110.0,-110.0,15.0
2013.0,5.0,Idaho,Temple,7.5,-110.0,-110.0,15.0
2013.0,5.0,Illinois,Miami (OH),-28.0,-110.0,-110.0,15.0
2013.0,5.0,Kentucky,Florida,11.0,-110.0,-110.0,15.0
2013.0,5.0,Louisiana Tech,Army,-3.5,-110.0,-110.0,15.0
2013.0,5.0,Minnesota,Iowa,2.5,-110.0,-110.0,15.0
2013.0,5.0,Missouri,Arkansas State,-23.0,-110.0,-110.0,15.0
2013.0,5.0,Nevada,Air Force,-11.5,-110.0,-110.0,15.0
2013.0,5.0,New Mexico,UNLV,-1.5,-110.0,-110.0,15.0
2013.0,5.0,New Mexico State,San Diego State,16.5,-110.0,-110.0,15.0
2013.0,5.0,North Carolina,East Carolina,-12.5,-110.0,-110.0,15.0
2013.0,5.0,Notre Dame,Oklahoma,3.5,-110.0,-110.0,15.0
2013.0,5.0,Ohio State,Wisconsin,-7.0,-110.0,-110.0,15.0
2013.0,5.0,Oregon,California,-39.0,-110.0,-110.0,15.0
2013.0,5.0,Oregon State,Colorado,-11.5,-110.0,-110.0,15.0
2013.0,5.0,Pittsburgh,Virginia,-6.0,-110.0,-110.0,15.0
2013.0,5.0,Purdue,Northern Illinois,3.5,-110.0,-110.0,15.0
2013.0,5.0,Rice,Florida Atlantic,-14.5,-110.0,-110.0,15.0
2013.0,5.0,Tennessee,South Alabama,-16.0,-110.0,-110.0,15.0
2013.0,5.0,Texas State,Wyoming,10.5,-110.0,-110.0,15.0
2013.0,5.0,Tulsa,Iowa State,-3.0,-115.0,100.0,15.0
2013.0,5.0,UCF,South Carolina,7.0,-110.0,-110.0,15.0
2013.0,5.0,Washington,Arizona,-8.5,-110.0,-110.0,15.0
2013.0,5.0,Washington State,Stanford,9.0,-110.0,-110.0,15.0
2013.0,5.0,West Virginia,Oklahoma State,19.5,-110.0,-110.0,15.0
2013.0,5.0,Western Kentucky,Navy,3.5,-110.0,-110.0,15.0
2013.0,5.0,Western Michigan,Kent State,2.5,-110.0,-110.0,15.0
2013.0,6.0,Akron,Ohio,3.0,-110.0,-110.0,15.0
2013.0,6.0,Alabama,Georgia State,-54.0,-110.0,-110.0,15.0
2013.0,6.0,Auburn,Ole Miss,2.5,-110.0,-110.0,15.0
2013.0,6.0,Baylor,West Virginia,-30.0,-110.0,-110.0,15.0
2013.0,6.0,Boston College,Army,-11.0,-110.0,-110.0,15.0
2013.0,6.0,Buffalo,Eastern Michigan,-13.0,-110.0,-110.0,15.0
2013.0,6.0,California,Washington State,1.5,-110.0,-110.0,15.0
2013.0,6.0,Colorado,Oregon,38.0,-110.0,-110.0,15.0
2013.0,6.0,Florida,Arkansas,-12.5,-110.0,-110.0,15.0
2013.0,6.0,Florida State,Maryland,-17.5,-110.0,-110.0,15.0
2013.0,6.0,Idaho,Fresno State,27.5,-110.0,-110.0,15.0
2013.0,6.0,Indiana,Penn State,3.5,-106.0,-110.0,15.0
2013.0,6.0,Iowa,Michigan State,-6.5,-110.0,-110.0,15.0
2013.0,6.0,Iowa State,Texas,7.0,-110.0,-110.0,15.0
2013.0,6.0,Kansas,Texas Tech,16.5,-110.0,-110.0,15.0
2013.0,6.0,Kent State,Northern Illinois,8.5,-110.0,-110.0,15.0
2013.0,6.0,Memphis,UCF,9.5,-110.0,-110.0,15.0
2013.0,6.0,Miami (OH),Central Michigan,3.0,-110.0,-110.0,15.0
2013.0,6.0,Michigan,Minnesota,-18.5,-110.0,-110.0,15.0
2013.0,6.0,Middle Tennessee,East Carolina,8.0,-110.0,-110.0,15.0
2013.0,6.0,Mississippi State,LSU,7.0,-109.0,-110.0,15.0
2013.0,6.0,Navy,Air Force,-13.5,-110.0,-110.0,15.0
2013.0,6.0,Nebraska,Illinois,-8.5,-110.0,-110.0,15.0
2013.0,6.0,New Mexico,New Mexico State,-12.0,-110.0,-110.0,15.0
2013.0,6.0,Northwestern,Ohio State,6.5,-105.0,-115.0,15.0
2013.0,6.0,Notre Dame,Arizona State,7.0,-115.0,-105.0,15.0
2013.0,6.0,Oklahoma,TCU,-10.5,-110.0,-110.0,15.0
2013.0,6.0,Oklahoma State,Kansas State,-13.0,-110.0,-110.0,15.0
2013.0,6.0,San Diego State,Nevada,-6.5,-110.0,-107.0,15.0
2013.0,6.0,South Carolina,Kentucky,-21.5,-110.0,-110.0,15.0
2013.0,6.0,South Florida,Cincinnati,10.5,-110.0,-110.0,15.0
2013.0,6.0,Stanford,Washington,-9.0,-110.0,-110.0,15.0
2013.0,6.0,Syracuse,Clemson,13.5,-110.0,-110.0,15.0
2013.0,6.0,Temple,Louisville,33.0,-110.0,-110.0,15.0
2013.0,6.0,Tennessee,Georgia,13.5,-110.0,-110.0,15.0
2013.0,6.0,Toledo,Western Michigan,-23.5,-110.0,-110.0,15.0
2013.0,6.0,Troy,South Alabama,-3.5,-110.0,-110.0,15.0
2013.0,6.0,Tulane,North Texas,3.0,-105.0,-115.0,15.0
2013.0,6.0,Tulsa,Rice,-3.0,-120.0,100.0,15.0
2013.0,6.0,UTEP,Louisiana Tech,1.5,-110.0,-110.0,15.0
2013.0,6.0,Utah,UCLA,5.0,-110.0,-110.0,15.0
2013.0,6.0,Vanderbilt,Missouri,2.5,-105.0,-115.0,15.0
2013.0,6.0,Virginia,Ball State,-3.5,-110.0,-110.0,15.0
2013.0,6.0,Virginia Tech,North Carolina,-8.0,-110.0,-110.0,15.0
2013.0,7.0,Air Force,San Diego State,3.5,-110.0,-110.0,15.0
2013.0,7.0,Arizona State,Colorado,-28.5,-110.0,-110.0,15.0
2013.0,7.0,Arkansas,South Carolina,5.0,-110.0,-110.0,15.0
2013.0,7.0,Arkansas State,Idaho,-27.0,-110.0,-110.0,15.0
2013.0,7.0,Army,Eastern Michigan,-10.0,-110.0,-110.0,15.0
2013.0,7.0,Auburn,Western Carolina,-41.5,-110.0,-110.0,12.0
2013.0,7.0,Ball State,Kent State,-13.5,-110.0,-110.0,15.0
2013.0,7.0,Cincinnati,Temple,-20.5,-110.0,-110.0,15.0
2013.0,7.0,Clemson,Boston College,-24.0,-110.0,-110.0,15.0
2013.0,7.0,Connecticut,South Florida,-4.0,-110.0,-110.0,15.0
2013.0,7.0,Duke,Navy,-4.0,-110.0,-110.0,15.0
2013.0,7.0,Florida Atlantic,Marshall,10.0,-110.0,-110.0,15.0
2013.0,7.0,Georgia,Missouri,-7.0,-109.0,-110.0,15.0
2013.0,7.0,Georgia State,Troy,15.0,-110.0,-110.0,15.0
2013.0,7.0,Houston,Memphis,-8.0,-110.0,-110.0,15.0
2013.0,7.0,Kansas State,Baylor,17.0,-105.0,-110.0,15.0
2013.0,7.0,Kentucky,Alabama,26.5,-110.0,-110.0,15.0
2013.0,7.0,LSU,Florida,-9.0,-110.0,-110.0,15.0
2013.0,7.0,Louisville,Rutgers,-19.0,-110.0,-110.0,15.0
2013.0,7.0,Maryland,Virginia,-6.0,-110.0,-110.0,15.0
2013.0,7.0,Michigan State,Indiana,-10.0,-110.0,-110.0,15.0
2013.0,7.0,Mississippi State,Bowling Green,-11.5,-110.0,-110.0,15.0
2013.0,7.0,North Texas,Middle Tennessee,-6.5,-110.0,-110.0,15.0
2013.0,7.0,Northern Illinois,Akron,-24.0,-110.0,-110.0,15.0
2013.0,7.0,Ohio,Central Michigan,-20.0,-110.0,-110.0,15.0
2013.0,7.0,Ole Miss,Texas A&M,7.0,-110.0,-110.0,15.0
2013.0,7.0,Penn State,Michigan,1.5,-110.0,-110.0,15.0
2013.0,7.0,Purdue,Nebraska,13.0,-110.0,-110.0,15.0
2013.0,7.0,TCU,Kansas,-24.0,-110.0,-110.0,15.0
2013.0,7.0,Texas,Oklahoma,13.5,-110.0,-110.0,15.0
2013.0,7.0,Texas Tech,Iowa State,-14.0,-110.0,-105.0,15.0
2013.0,7.0,Tulane,East Carolina,13.5,-110.0,-110.0,15.0
2013.0,7.0,UCLA,California,-26.5,-110.0,-110.0,15.0
2013.0,7.0,USC,Arizona,-5.5,-110.0,-110.0,15.0
2013.0,7.0,UTEP,Tulsa,10.0,-110.0,-110.0,15.0
2013.0,7.0,Utah,Stanford,7.5,-110.0,-110.0,15.0
2013.0,7.0,Utah State,Boise State,5.0,-110.0,-110.0,15.0
2013.0,7.0,Virginia Tech,Pittsburgh,-7.0,-111.0,-105.0,15.0
2013.0,7.0,Washington,Oregon,11.5,-110.0,-110.0,15.0
2013.0,7.0,Washington State,Oregon State,2.5,-110.0,-110.0,15.0
2013.0,7.0,Western Michigan,Buffalo,9.5,-110.0,-110.0,15.0
2013.0,7.0,Wisconsin,Northwestern,-11.0,-110.0,-110.0,15.0
2013.0,7.0,Wyoming,New Mexico,-12.5,-110.0,-110.0,15.0
2013.0,8.0,Alabama,Arkansas,-29.5,-110.0,-110.0,15.0
2013.0,8.0,Arizona,Utah,-3.5,-110.0,-110.0,15.0
2013.0,8.0,Arizona State,Washington,-3.5,-110.0,-110.0,15.0
2013.0,8.0,Baylor,Iowa State,-32.0,-110.0,-110.0,15.0
2013.0,8.0,Boise State,Nevada,-24.0,-110.0,-110.0,15.0
2013.0,8.0,California,Oregon State,11.5,-110.0,-110.0,15.0
2013.0,8.0,Central Michigan,Northern Illinois,14.5,-110.0,-110.0,15.0
2013.0,8.0,Cincinnati,Connecticut,-14.5,-110.0,-110.0,15.0
2013.0,8.0,Clemson,Florida State,4.5,-110.0,-110.0,15.0
2013.0,8.0,Colorado,Charleston Southern,-28.0,-110.0,-110.0,12.0
2013.0,8.0,Eastern Michigan,Ohio,13.5,-110.0,-110.0,15.0
2013.0,8.0,Fresno State,UNLV,-25.0,-110.0,-110.0,15.0
2013.0,8.0,Georgia Tech,Syracuse,-7.5,-110.0,-110.0,15.0
2013.0,8.0,Illinois,Wisconsin,14.5,-110.0,-110.0,15.0
2013.0,8.0,Kansas,Oklahoma,21.0,-110.0,-110.0,15.0
2013.0,8.0,Louisiana Tech,North Texas,3.5,-110.0,-110.0,15.0
2013.0,8.0,Louisville,UCF,-14.0,-110.0,-110.0,15.0
2013.0,8.0,Miami (OH),Akron,6.0,-110.0,-110.0,15.0
2013.0,8.0,Michigan,Indiana,-8.5,-110.0,-110.0,15.0
2013.0,8.0,Michigan State,Purdue,-28.0,-110.0,-110.0,15.0
2013.0,8.0,Missouri,Florida,3.0,-105.0,-110.0,15.0
2013.0,8.0,New Mexico,Utah State,13.5,-110.0,-110.0,15.0
2013.0,8.0,New Mexico State,Rice,18.0,-110.0,-110.0,15.0
2013.0,8.0,Northwestern,Minnesota,-12.5,-110.0,-110.0,15.0
2013.0,8.0,Notre Dame,USC,-2.5,-110.0,-110.0,15.0
2013.0,8.0,Ohio State,Iowa,-19.0,-110.0,-110.0,15.0
2013.0,8.0,Oklahoma State,TCU,-6.5,-110.0,-110.0,15.0
2013.0,8.0,Ole Miss,LSU,10.0,-110.0,-110.0,15.0
2013.0,8.0,Oregon,Washington State,-40.0,-110.0,-110.0,15.0
2013.0,8.0,Pittsburgh,Old Dominion,-17.0,-110.0,-110.0,12.0
2013.0,8.0,South Alabama,Kent State,-7.5,-110.0,-110.0,15.0
2013.0,8.0,Stanford,UCLA,-3.5,-110.0,-110.0,15.0
2013.0,8.0,Temple,Army,1.0,-110.0,-110.0,15.0
2013.0,8.0,Tennessee,South Carolina,7.5,-110.0,-110.0,15.0
2013.0,8.0,Texas A&M,Auburn,-12.5,-110.0,-110.0,15.0
2013.0,8.0,Texas State,Georgia State,-16.5,-110.0,-110.0,15.0
2013.0,8.0,Toledo,Navy,-9.5,-110.0,-110.0,15.0
2013.0,8.0,Vanderbilt,Georgia,6.5,-105.0,-110.0,15.0
2013.0,8.0,Virginia,Duke,-2.5,-110.0,-110.0,15.0
2013.0,8.0,Wake Forest,Maryland,4.5,-110.0,-110.0,15.0
2013.0,8.0,West Virginia,Texas Tech,4.0,-110.0,-110.0,15.0
2013.0,8.0,Western Michigan,Ball State,19.0,-110.0,-110.0,15.0
2013.0,8.0,Wyoming,Colorado State,-6.5,-115.0,-105.0,15.0
2013.0,9.0,Air Force,Notre Dame,19.5,-110.0,-110.0,15.0
2013.0,9.0,Akron,Ball State,10.0,-110.0,-110.0,15.0
2013.0,9.0,Alabama,Tennessee,-28.0,-110.0,-110.0,15.0
2013.0,9.0,Auburn,Florida Atlantic,-23.0,-110.0,-110.0,15.0
2013.0,9.0,Bowling Green,Toledo,-4.0,-110.0,-110.0,15.0
2013.0,9.0,Colorado,Arizona,12.5,-110.0,-110.0,15.0
2013.0,9.0,Florida International,Louisiana Tech,4.5,-110.0,-110.0,15.0
2013.0,9.0,Illinois,Michigan State,8.0,-110.0,-110.0,15.0
2013.0,9.0,Iowa,Northwestern,-3.5,-110.0,-110.0,15.0
2013.0,9.0,Iowa State,Oklahoma State,13.5,-110.0,-110.0,15.0
2013.0,9.0,Kansas,Baylor,35.0,-110.0,-110.0,15.0
2013.0,9.0,Kansas State,West Virginia,-13.0,-110.0,-110.0,15.0
2013.0,9.0,Kent State,Buffalo,3.0,-110.0,-110.0,15.0
2013.0,9.0,LSU,Furman,-46.5,-110.0,-110.0,12.0
2013.0,9.0,Maryland,Clemson,16.5,-110.0,-110.0,15.0
2013.0,9.0,Middle Tennessee,Marshall,10.0,-110.0,-110.0,15.0
2013.0,9.0,Minnesota,Nebraska,10.0,-110.0,-110.0,15.0
2013.0,9.0,Mississippi State,Kentucky,-12.0,-110.0,-110.0,15.0
2013.0,9.0,Missouri,South Carolina,-3.0,-115.0,-105.0,15.0
2013.0,9.0,Navy,Pittsburgh,4.0,-110.0,-110.0,15.0
2013.0,9.0,Nevada,UNLV,-6.5,-110.0,-110.0,15.0
2013.0,9.0,North Carolina,Boston College,-5.5,-110.0,-110.0,15.0
2013.0,9.0,Northern Illinois,Eastern Michigan,-31.5,-110.0,-110.0,15.0
2013.0,9.0,Ohio,Miami (OH),-26.0,-110.0,-110.0,15.0
2013.0,9.0,Ohio State,Penn State,-15.5,-110.0,-110.0,15.0
2013.0,9.0,Oklahoma,Texas Tech,-7.0,-110.0,-108.0,15.0
2013.0,9.0,Ole Miss,Idaho,-41.5,-110.0,-110.0,15.0
2013.0,9.0,Oregon,UCLA,-23.5,-110.0,-110.0,15.0
2013.0,9.0,Oregon State,Stanford,4.0,-110.0,-110.0,15.0
2013.0,9.0,Rice,UTEP,-19.0,-110.0,-110.0,15.0
2013.0,9.0,Rutgers,Houston,-6.0,-110.0,-110.0,15.0
2013.0,9.0,San Diego State,Fresno State,6.5,-110.0,-110.0,15.0
2013.0,9.0,South Florida,Louisville,20.0,-110.0,-110.0,15.0
2013.0,9.0,TCU,Texas,-3.0,-110.0,-106.0,15.0
2013.0,9.0,Texas A&M,Vanderbilt,-17.5,-110.0,-110.0,15.0
2013.0,9.0,Texas State,South Alabama,2.5,-105.0,-110.0,15.0
2013.0,9.0,Tulane,Tulsa,3.0,-110.0,-110.0,15.0
2013.0,9.0,UCF,Connecticut,-24.0,-110.0,-105.0,15.0
2013.0,9.0,USC,Utah,-4.5,-110.0,-110.0,15.0
2013.0,9.0,Virginia,Georgia Tech,10.5,-110.0,-110.0,15.0
2013.0,9.0,Virginia Tech,Duke,-12.5,-110.0,-110.0,15.0
2013.0,9.0,Washington,California,-28.0,-110.0,-110.0,15.0
2013.0,9.0,Western Kentucky,Troy,-10.0,-110.0,-110.0,15.0
2013.0,10.0,Air Force,Army,1.0,-110.0,-110.0,15.0
2013.0,10.0,Akron,Kent State,-2.0,-110.0,-110.0,15.0
2013.0,10.0,Arkansas,Auburn,9.5,-110.0,-110.0,15.0
2013.0,10.0,Boston College,Virginia Tech,4.0,-110.0,-110.0,15.0
2013.0,10.0,California,Arizona,14.5,-110.0,-110.0,15.0
2013.0,10.0,Colorado State,Boise State,7.0,-105.0,-112.0,15.0
2013.0,10.0,Florida,Georgia,3.5,-110.0,-110.0,15.0
2013.0,10.0,Florida Atlantic,Tulane,-3.0,-105.0,-115.0,15.0
2013.0,10.0,Florida International,East Carolina,27.0,-110.0,-110.0,15.0
2013.0,10.0,Fresno State,Nevada,-21.5,-110.0,-110.0,15.0
2013.0,10.0,Georgia State,Western Kentucky,18.5,-110.0,-110.0,15.0
2013.0,10.0,Georgia Tech,Pittsburgh,-11.5,-110.0,-110.0,15.0
2013.0,10.0,Houston,South Florida,-18.5,-110.0,-110.0,15.0
2013.0,10.0,Idaho,Texas State,11.0,-110.0,-110.0,15.0
2013.0,10.0,Indiana,Minnesota,-7.5,-110.0,-110.0,15.0
2013.0,10.0,Iowa,Wisconsin,8.5,-110.0,-110.0,15.0
2013.0,10.0,Kansas State,Iowa State,-17.5,-110.0,-110.0,15.0
2013.0,10.0,Kentucky,Alabama State,-27.5,-110.0,-110.0,13.0
2013.0,10.0,Memphis,Cincinnati,3.5,-110.0,-108.0,15.0
2013.0,10.0,Michigan State,Michigan,-4.0,-110.0,-110.0,15.0
2013.0,10.0,Missouri,Tennessee,-11.0,-110.0,-110.0,15.0
2013.0,10.0,Nebraska,Northwestern,-4.0,-110.0,-110.0,15.0
2013.0,10.0,North Texas,Rice,-2.5,-110.0,-110.0,15.0
2013.0,10.0,Notre Dame,Navy,-16.5,-110.0,-110.0,15.0
2013.0,10.0,Oregon State,USC,-5.5,-110.0,-110.0,15.0
2013.0,10.0,Penn State,Illinois,-13.0,-110.0,-110.0,15.0
2013.0,10.0,Purdue,Ohio State,31.5,-110.0,-110.0,15.0
2013.0,10.0,Rutgers,Temple,-11.5,-110.0,-110.0,15.0
2013.0,10.0,San Diego State,New Mexico,-14.0,-110.0,-110.0,15.0
2013.0,10.0,South Alabama,Arkansas State,-3.0,-111.0,-105.0,15.0
2013.0,10.0,South Carolina,Mississippi State,-13.0,-110.0,-110.0,15.0
2013.0,10.0,Syracuse,Wake Forest,-4.0,-110.0,-110.0,15.0
2013.0,10.0,TCU,West Virginia,-11.0,-110.0,-110.0,15.0
2013.0,10.0,Texas,Kansas,-27.0,-110.0,-110.0,15.0
2013.0,10.0,Texas A&M,UTEP,-47.5,-110.0,-110.0,15.0
2013.0,10.0,Texas Tech,Oklahoma State,2.0,-110.0,-110.0,15.0
2013.0,10.0,Toledo,Eastern Michigan,-30.5,-110.0,-110.0,15.0
2013.0,10.0,UCLA,Colorado,-30.5,-110.0,-110.0,15.0
2013.0,10.0,Virginia,Clemson,17.5,-110.0,-110.0,15.0
2013.0,10.0,Washington State,Arizona State,11.0,-110.0,-110.0,15.0
2013.0,11.0,Alabama,LSU,-14.0,-110.0,-110.0,15.0
2013.0,11.0,Arizona,UCLA,-1.5,-110.0,-110.0,15.0
2013.0,11.0,Army,Western Kentucky,5.5,-110.0,-110.0,15.0
2013.0,11.0,Ball State,Central Michigan,-20.5,-110.0,-110.0,15.0
2013.0,11.0,Baylor,Oklahoma,-16.5,-110.0,-110.0,15.0
2013.0,11.0,Buffalo,Ohio,-4.0,-110.0,-110.0,15.0
2013.0,11.0,California,USC,19.0,-110.0,-110.0,15.0
2013.0,11.0,Colorado State,Nevada,-8.5,-110.0,-110.0,15.0
2013.0,11.0,Connecticut,Louisville,28.0,-110.0,-110.0,15.0
2013.0,11.0,East Carolina,Tulsa,-16.0,-110.0,-110.0,15.0
2013.0,11.0,Eastern Michigan,Western Michigan,3.0,-107.0,-110.0,15.0
2013.0,11.0,Florida,Vanderbilt,-12.0,-110.0,-110.0,15.0
2013.0,11.0,Georgia,Appalachian State,-39.5,-110.0,-110.0,6.0
2013.0,11.0,Idaho,Old Dominion,14.0,-110.0,-110.0,3.0
2013.0,11.0,Indiana,Illinois,-9.5,-110.0,-110.0,15.0
2013.0,11.0,Iowa State,TCU,7.0,-110.0,-110.0,15.0
2013.0,11.0,Kentucky,Missouri,14.0,-110.0,-110.0,15.0
2013.0,11.0,Maryland,Syracuse,-6.0,-110.0,-110.0,15.0
2013.0,11.0,Miami (OH),Bowling Green,24.0,-110.0,-110.0,15.0
2013.0,11.0,Michigan,Nebraska,-6.0,-110.0,-110.0,15.0
2013.0,11.0,Middle Tennessee,Florida International,-19.5,-110.0,-110.0,15.0
2013.0,11.0,Minnesota,Penn State,-3.0,-115.0,-105.0,15.0
2013.0,11.0,New Mexico,Air Force,-3.0,-110.0,-110.0,15.0
2013.0,11.0,New Mexico State,Boston College,25.0,-110.0,-110.0,15.0
2013.0,11.0,North Carolina,Virginia,-12.5,-110.0,-110.0,15.0
2013.0,11.0,North Texas,UTEP,-26.5,-110.0,-110.0,15.0
2013.0,11.0,Oklahoma State,Kansas,-31.0,-110.0,-110.0,15.0
2013.0,11.0,Ole Miss,Arkansas,-17.0,-110.0,-110.0,15.0
2013.0,11.0,Pittsburgh,Notre Dame,4.0,-110.0,-110.0,15.0
2013.0,11.0,Purdue,Iowa,16.0,-110.0,-110.0,15.0
2013.0,11.0,Stanford,Oregon,10.0,-105.0,-110.0,15.0
2013.0,11.0,Tennessee,Auburn,7.5,-110.0,-110.0,15.0
2013.0,11.0,Texas A&M,Mississippi State,-19.5,-110.0,-110.0,15.0
2013.0,11.0,Texas Tech,Kansas State,-2.5,-110.0,-108.0,15.0
2013.0,11.0,UCF,Houston,-13.5,-110.0,-110.0,15.0
2013.0,11.0,UNLV,Utah State,16.0,-110.0,-110.0,15.0
2013.0,11.0,Utah,Arizona State,7.0,-105.0,-110.0,15.0
2013.0,11.0,Wake Forest,Florida State,34.0,-110.0,-110.0,15.0
2013.0,11.0,Washington,Colorado,-30.0,-110.0,-110.0,15.0
2013.0,11.0,West Virginia,Texas,6.5,-110.0,-110.0,15.0
2013.0,11.0,Wyoming,Fresno State,7.5,-110.0,-110.0,15.0
2013.0,12.0,Arizona,Washington State,-11.0,-110.0,-110.0,15.0
2013.0,12.0,Arizona State,Oregon State,-13.5,-110.0,-110.0,15.0
2013.0,12.0,Arkansas State,Texas State,-7.5,-110.0,-110.0,14.0
2013.0,12.0,Auburn,Georgia,-3.0,-110.0,-110.0,15.0
2013.0,12.0,Baylor,Texas Tech,-28.0,-110.0,-110.0,15.0
2013.0,12.0,Boise State,Wyoming,-24.0,-110.0,-110.0,15.0
2013.0,12.0,Bowling Green,Ohio,-8.0,-110.0,-110.0,15.0
2013.0,12.0,Clemson,Georgia Tech,-10.5,-110.0,-110.0,15.0
2013.0,12.0,Colorado,California,-1.0,-110.0,-110.0,15.0
2013.0,12.0,Florida State,Syracuse,-37.5,-110.0,-110.0,15.0
2013.0,12.0,Illinois,Ohio State,34.0,-110.0,-110.0,15.0
2013.0,12.0,Kansas,West Virginia,6.5,-110.0,-110.0,15.0
2013.0,12.0,Kansas State,TCU,-12.0,-110.0,-110.0,15.0
2013.0,12.0,Kent State,Miami (OH),-19.5,-110.0,-110.0,15.0
2013.0,12.0,Louisville,Houston,-17.0,-110.0,-110.0,15.0
2013.0,12.0,Mississippi State,Alabama,23.5,-110.0,-110.0,15.0
2013.0,12.0,Navy,South Alabama,-7.0,-110.0,-110.0,15.0
2013.0,12.0,Nebraska,Michigan State,5.5,-110.0,-110.0,15.0
2013.0,12.0,New Mexico,Colorado State,7.0,-110.0,-110.0,15.0
2013.0,12.0,Northern Illinois,Ball State,-8.5,-110.0,-110.0,15.0
2013.0,12.0,Northwestern,Michigan,7.5,-110.0,-110.0,15.0
2013.0,12.0,Oklahoma,Iowa State,-23.0,-110.0,-110.0,15.0
2013.0,12.0,Ole Miss,Troy,-28.0,-110.0,-110.0,15.0
2013.0,12.0,Oregon,Utah,-28.5,-110.0,-110.0,15.0
2013.0,12.0,Penn State,Purdue,-21.5,-110.0,-110.0,13.0
2013.0,12.0,Pittsburgh,North Carolina,-1.0,-110.0,-110.0,13.0
2013.0,12.0,Rice,Louisiana Tech,-14.5,-110.0,-110.0,15.0
2013.0,12.0,Rutgers,Cincinnati,0.0,-110.0,-110.0,15.0
2013.0,12.0,South Carolina,Florida,-16.0,-110.0,-110.0,15.0
2013.0,12.0,South Florida,Memphis,1.5,-110.0,-110.0,15.0
2013.0,12.0,Temple,UCF,17.5,-110.0,-110.0,15.0
2013.0,12.0,Texas,Oklahoma State,3.0,-105.0,-111.0,15.0
2013.0,12.0,Toledo,Buffalo,-5.5,-110.0,-110.0,15.0
2013.0,12.0,Tulsa,Marshall,13.5,-110.0,-110.0,15.0
2013.0,12.0,UCLA,Washington,-3.0,-115.0,-105.0,15.0
2013.0,12.0,UTEP,Florida International,-5.5,-110.0,-110.0,11.0
2013.0,12.0,Vanderbilt,Kentucky,-11.5,-110.0,-110.0,15.0
2013.0,12.0,Virginia Tech,Maryland,-14.5,-110.0,-110.0,15.0
2013.0,12.0,Western Michigan,Central Michigan,3.0,-104.0,-115.0,15.0
2013.0,12.0,Wisconsin,Indiana,-27.0,-110.0,-110.0,15.0
2013.0,13.0,Air Force,UNLV,-2.0,-110.0,-110.0,15.0
2013.0,13.0,Alabama,Chattanooga,-48.0,-110.0,-110.0,11.0
2013.0,13.0,Arizona,Oregon,20.0,-110.0,-110.0,15.0
2013.0,13.0,Arkansas,Mississippi State,2.5,-110.0,-109.0,15.0
2013.0,13.0,Arkansas State,Georgia State,-24.5,-110.0,-110.0,15.0
2013.0,13.0,Colorado,USC,20.5,-110.0,-110.0,15.0
2013.0,13.0,Eastern Michigan,Bowling Green,26.25,-110.0,-110.0,15.0
2013.0,13.0,Florida,Georgia Southern,-28.5,-110.0,-110.0,12.0
2013.0,13.0,Florida Atlantic,New Mexico State,-23.0,-110.0,-110.0,15.0
2013.0,13.0,Florida International,Marshall,31.5,-110.0,-110.0,14.0
2013.0,13.0,Florida State,Idaho,-58.75,-110.0,-110.0,15.0
2013.0,13.0,Fresno State,New Mexico,-34.5,-110.0,-110.0,15.0
2013.0,13.0,Georgia,Kentucky,-26.5,-110.0,-110.0,15.0
2013.0,13.0,Georgia Tech,Alabama A&M,-52.5,-110.0,-110.0,10.0
2013.0,13.0,Houston,Cincinnati,-2.5,-110.0,-110.0,15.0
2013.0,13.0,Iowa,Michigan,-6.0,-110.0,-110.0,15.0
2013.0,13.0,Iowa State,Kansas,-4.0,-110.0,-110.0,15.0
2013.0,13.0,Kansas State,Oklahoma,-5.25,-110.0,-110.0,15.0
2013.0,13.0,LSU,Texas A&M,-3.5,-110.0,-110.0,15.0
2013.0,13.0,Louisiana Tech,Tulsa,2.5,-110.0,-110.0,15.0
2013.0,13.0,Louisville,Memphis,-23.0,-110.0,-110.0,15.0
2013.0,13.0,Maryland,Boston College,-1.5,-110.0,-110.0,15.0
2013.0,13.0,Miami (OH),Buffalo,24.5,-110.0,-110.0,14.0
2013.0,13.0,Minnesota,Wisconsin,16.0,-110.0,-110.0,15.0
2013.0,13.0,North Carolina,Old Dominion,-17.0,-110.0,-110.0,5.0
2013.0,13.0,Northwestern,Michigan State,6.5,-110.0,-110.0,15.0
2013.0,13.0,Ohio,Kent State,-6.5,-110.0,-110.0,15.0
2013.0,13.0,Ohio State,Indiana,-33.0,-110.0,-110.0,15.0
2013.0,13.0,Oklahoma State,Baylor,7.5,-110.0,-110.0,15.0
2013.0,13.0,Ole Miss,Missouri,1.75,-110.0,-110.0,15.0
2013.0,13.0,Oregon State,Washington,-2.25,-110.0,-110.0,15.0
2013.0,13.0,Penn State,Nebraska,0.0,-110.0,-110.0,15.0
2013.0,13.0,Purdue,Illinois,6.5,-110.0,-110.0,15.0
2013.0,13.0,San Diego State,Boise State,7.0,-110.0,-107.5,15.0
2013.0,13.0,South Carolina,Coastal Carolina,-34.5,-110.0,-110.0,6.0
2013.0,13.0,Stanford,California,-31.5,-110.0,-110.0,15.0
2013.0,13.0,Syracuse,Pittsburgh,1.0,-110.0,-110.0,15.0
2013.0,13.0,Temple,Connecticut,-6.5,-110.0,-110.0,15.0
2013.0,13.0,Tennessee,Vanderbilt,-2.5,-110.0,-105.0,15.0
2013.0,13.0,Texas State,Western Kentucky,5.0,-110.0,-110.0,15.0
2013.0,13.0,Toledo,Northern Illinois,1.25,-110.0,-110.0,15.0
2013.0,13.0,Tulane,UTEP,-16.0,-110.0,-110.0,15.0
2013.0,13.0,UCF,Rutgers,-20.0,-110.0,-110.0,15.0
2013.0,13.0,UCLA,Arizona State,3.0,-110.0,-110.0,15.0
2013.0,13.0,Utah State,Colorado State,-11.0,-110.0,-110.0,14.0
2013.0,13.0,Wake Forest,Duke,6.5,-110.0,-110.0,15.0
2013.0,13.0,Washington State,Utah,-1.75,-110.0,-110.0,15.0
2013.0,14.0,Akron,Toledo,11.0,-110.0,-110.0,15.0
2013.0,14.0,Arizona State,Arizona,-10.0,-110.0,-110.0,15.0
2013.0,14.0,Auburn,Alabama,10.0,-110.0,-110.0,15.0
2013.0,14.0,Ball State,Miami (OH),-35.0,-110.0,-110.0,15.0
2013.0,14.0,Boise State,New Mexico,-37.5,-110.0,-110.0,15.0
2013.0,14.0,Buffalo,Bowling Green,3.5,-110.5,-105.0,15.0
2013.0,14.0,Central Michigan,Eastern Michigan,-17.5,-110.0,-110.0,15.0
2013.0,14.0,Colorado State,Air Force,-17.5,-110.0,-110.0,15.0
2013.0,14.0,Connecticut,Rutgers,2.5,-110.0,-110.0,15.0
2013.0,14.0,Florida,Florida State,28.0,-110.0,-110.0,15.0
2013.0,14.0,Florida Atlantic,Florida International,-28.0,-110.0,-110.0,15.0
2013.0,14.0,Georgia State,South Alabama,7.5,-110.0,-110.0,15.0
2013.0,14.0,Georgia Tech,Georgia,2.75,-110.0,-110.0,15.0
2013.0,14.0,Illinois,Northwestern,4.0,-110.0,-110.0,15.0
2013.0,14.0,Indiana,Purdue,-20.0,-110.0,-110.0,15.0
2013.0,14.0,Kansas,Kansas State,18.0,-110.0,-110.0,15.0
2013.0,14.0,Kentucky,Tennessee,3.5,-110.0,-110.0,15.0
2013.0,14.0,LSU,Arkansas,-28.0,-110.0,-110.0,15.0
2013.0,14.0,Marshall,East Carolina,-3.0,-112.5,-105.0,15.0
2013.0,14.0,Memphis,Temple,-8.0,-110.0,-110.0,15.0
2013.0,14.0,Michigan,Ohio State,17.0,-110.0,-110.0,15.0
2013.0,14.0,Michigan State,Minnesota,-17.0,-110.0,-110.0,15.0
2013.0,14.0,Middle Tennessee,UTEP,-24.0,-110.0,-110.0,15.0
2013.0,14.0,Mississippi State,Ole Miss,4.0,-110.0,-110.0,15.0
2013.0,14.0,Missouri,Texas A&M,-4.5,-110.0,-110.0,15.0
2013.0,14.0,Nebraska,Iowa,-3.0,-107.5,-110.0,15.0
2013.0,14.0,New Mexico State,Idaho,-3.0,-110.0,-110.0,15.0
2013.0,14.0,North Carolina,Duke,-4.5,-110.0,-110.0,15.0
2013.0,14.0,Northern Illinois,Western Michigan,-35.5,-110.0,-110.0,15.0
2013.0,14.0,Oregon,Oregon State,-24.0,-110.0,-110.0,15.0
2013.0,14.0,Rice,Tulane,-10.0,-110.0,-110.0,15.0
2013.0,14.0,South Carolina,Clemson,-2.25,-110.0,-110.0,15.0
2013.0,14.0,Stanford,Notre Dame,-16.5,-110.0,-110.0,15.0
2013.0,14.0,Syracuse,Boston College,2.5,-105.0,-110.0,14.0
2013.0,14.0,TCU,Baylor,14.0,-110.0,-110.0,15.0
2013.0,14.0,Texas,Texas Tech,-5.5,-110.0,-110.0,15.0
2013.0,14.0,Troy,Texas State,-8.5,-110.0,-110.0,15.0
2013.0,14.0,Tulsa,North Texas,4.0,-110.0,-110.0,15.0
2013.0,14.0,UCF,South Florida,-27.0,-110.0,-110.0,15.0
2013.0,14.0,UNLV,San Diego State,3.5,-115.0,-105.0,15.0
2013.0,14.0,USC,UCLA,-4.5,-110.0,-110.0,15.0
2013.0,14.0,Utah,Colorado,-16.5,-110.0,-110.0,15.0
2013.0,14.0,Utah State,Wyoming,-24.0,-110.0,-110.0,15.0
2013.0,14.0,Vanderbilt,Wake Forest,-14.25,-110.0,-110.0,15.0
2013.0,14.0,Virginia,Virginia Tech,11.0,-110.0,-110.0,15.0
2013.0,14.0,Washington,Washington State,-17.5,-110.0,-110.0,15.0
2013.0,14.0,West Virginia,Iowa State,-7.5,-110.0,-110.0,15.0
2013.0,14.0,Western Kentucky,Arkansas State,-6.0,-110.0,-110.0,15.0
2013.0,14.0,Wisconsin,Penn State,-25.0,-110.0,-110.0,15.0
2013.0,15.0,Arizona State,Stanford,-3.0,-110.0,-110.0,15.0
2013.0,15.0,Auburn,Missouri,1.5,-110.0,-110.0,15.0
2013.0,15.0,Baylor,Texas,-17.0,-110.0,-110.0,15.0
2013.0,15.0,Cincinnati,Louisville,3.0,-115.0,-105.0,15.0
2013.0,15.0,Connecticut,Memphis,1.5,-110.0,-110.0,15.0
2013.0,15.0,Florida State,Duke,-30.0,-110.0,-110.0,15.0
2013.0,15.0,Fresno State,Utah State,-2.5,-105.0,-110.0,15.0
2013.0,15.0,Michigan State,Ohio State,5.5,-110.0,-110.0,15.0
2013.0,15.0,Northern Illinois,Bowling Green,-3.0,-115.0,-105.0,15.0
2013.0,15.0,Oklahoma State,Oklahoma,-10.0,-110.0,-110.0,15.0
2013.0,15.0,Rice,Marshall,6.5,-110.0,-110.0,15.0
2013.0,15.0,Rutgers,South Florida,-4.0,-110.0,-110.0,15.0
2013.0,16.0,Navy,Army,-13.5,-110.0,-108.0,15.0
2014.0,1.0,Akron,Howard,-25.5,-110.0,-110.0,13.0
2014.0,1.0,Arizona,UNLV,-21.0,-110.0,-110.0,14.0
2014.0,1.0,Arizona State,Weber State,-46.0,-110.0,-110.0,13.0
2014.0,1.0,Arkansas State,Montana State,-12.5,-110.0,-110.0,13.0
2014.0,1.0,Auburn,Arkansas,-17.0,-110.0,-110.0,14.0
2014.0,1.0,Ball State,Colgate,-29.0,-110.0,-110.0,11.0
2014.0,1.0,Buffalo,Duquesne,-28.0,-110.0,-110.0,13.0
2014.0,1.0,Central Michigan,Chattanooga,-10.5,-110.0,-110.0,13.0
2014.0,1.0,Colorado,Colorado State,-2.5,-110.0,-110.0,14.0
2014.0,1.0,Duke,Elon,-39.0,-110.0,-110.0,13.0
2014.0,1.0,Eastern Michigan,Morgan State,-16.5,-110.0,-110.0,13.0
2014.0,1.0,Florida International,Bethune-Cookman,2.5,-110.0,-110.0,13.0
2014.0,1.0,Georgia,Clemson,-9.5,-110.0,-110.0,14.0
2014.0,1.0,Georgia State,Abilene Christian,-5.0,-110.0,-110.0,13.0
2014.0,1.0,Georgia Tech,Wofford,-29.0,-110.0,-110.0,13.0
2014.0,1.0,Illinois,Youngstown State,-17.0,-110.0,-110.0,13.0
2014.0,1.0,Indiana,Indiana State,-33.0,-110.0,-110.0,5.0
2014.0,1.0,Kansas State,Stephen F. Austin,-42.0,-110.0,-110.0,13.0
2014.0,1.0,Kent State,Ohio,-3.0,-115.0,-110.0,14.0
2014.0,1.0,Maryland,James Madison,-24.5,-110.0,-110.0,13.0
2014.0,1.0,Memphis,Austin Peay,-39.0,-110.0,-110.0,13.0
2014.0,1.0,Miami (OH),Marshall,24.5,-110.0,-110.0,14.0
2014.0,1.0,Michigan State,Jacksonville State,-34.5,-110.0,-110.0,13.0
2014.0,1.0,Minnesota,Eastern Illinois,-17.5,-110.0,-110.0,13.0
2014.0,1.0,Missouri,South Dakota State,-25.0,-110.0,-110.0,11.0
2014.0,1.0,Navy,Ohio State,13.5,-110.0,-110.0,14.0
2014.0,1.0,Nebraska,Florida Atlantic,-20.0,-110.0,-110.0,14.0
2014.0,1.0,Nevada,Southern Utah,-24.0,-110.0,-110.0,12.0
2014.0,1.0,New Mexico,UTEP,-9.75,-110.0,-110.0,14.0
2014.0,1.0,New Mexico State,Cal Poly,7.5,-110.0,-110.0,13.0
2014.0,1.0,North Carolina,Liberty,-31.5,-110.0,-110.0,13.0
2014.0,1.0,Northwestern,California,-8.0,-110.0,-110.0,14.0
2014.0,1.0,Notre Dame,Rice,-19.5,-110.0,-110.0,14.0
2014.0,1.0,Oklahoma,Louisiana Tech,-33.5,-110.0,-110.0,14.0
2014.0,1.0,Oklahoma State,Florida State,18.5,-110.0,-110.0,14.0
2014.0,1.0,Old Dominion,Hampton,-24.5,-110.0,-110.0,12.0
2014.0,1.0,Oregon,South Dakota,-53.0,-110.0,-110.0,13.0
2014.0,1.0,Oregon State,Portland State,-32.5,-110.0,-110.0,13.0
2014.0,1.0,Pittsburgh,Delaware,-24.0,-110.0,-110.0,13.0
2014.0,1.0,Purdue,Western Michigan,-7.25,-110.0,-110.0,14.0
2014.0,1.0,San Diego State,Northern Arizona,-17.5,-110.0,-110.0,13.0
2014.0,1.0,South Carolina,Texas A&M,-9.0,-110.0,-110.0,14.0
2014.0,1.0,South Florida,Western Carolina,-27.0,-110.0,-110.0,13.0
2014.0,1.0,Stanford,UC Davis,-42.5,-110.0,-110.0,13.0
2014.0,1.0,Syracuse,Villanova,-14.5,-110.0,-110.0,13.0
2014.0,1.0,TCU,Samford,-33.0,-110.0,-110.0,13.0
2014.0,1.0,Tennessee,Utah State,-3.5,-105.0,-115.0,14.0
2014.0,1.0,Texas,North Texas,-20.5,-110.0,-110.0,14.0
2014.0,1.0,Texas State,Arkansas-Pine Bluff,-31.0,-110.0,-110.0,13.0
2014.0,1.0,Texas Tech,Central Arkansas,-33.5,-110.0,-110.0,13.0
2014.0,1.0,Toledo,New Hampshire,-11.5,-110.0,-110.0,13.0
2014.0,1.0,Tulsa,Tulane,-4.5,-110.0,-110.0,14.0
2014.0,1.0,UCF,Penn State,-2.0,-110.0,-110.0,14.0
2014.0,1.0,USC,Fresno State,-18.5,-110.0,-110.0,14.0
2014.0,1.0,Utah,Idaho State,-41.0,-110.0,-110.0,13.0
2014.0,1.0,Vanderbilt,Temple,-8.5,-110.0,-110.0,14.0
2014.0,1.0,Virginia,UCLA,18.25,-110.0,-110.0,14.0
2014.0,1.0,Virginia Tech,William & Mary,-23.0,-110.0,-110.0,12.0
2014.0,1.0,Washington State,Rutgers,-7.5,-110.0,-110.0,14.0
2014.0,1.0,Western Kentucky,Bowling Green,7.0,-115.0,-105.0,14.0
2014.0,1.0,Wyoming,Montana,-6.0,-110.0,-110.0,12.0
2014.0,2.0,Alabama,Florida Atlantic,-42.0,-110.0,-110.0,14.0
2014.0,2.0,Army,Buffalo,-3.0,-112.5,-105.0,14.0
2014.0,2.0,Baylor,Northwestern State,-46.5,-110.0,-110.0,13.0
2014.0,2.0,Boise State,Colorado State,-8.0,-110.0,-110.0,14.0
2014.0,2.0,Boston College,Pittsburgh,5.5,-110.0,-110.0,14.0
2014.0,2.0,California,Sacramento State,-28.0,-110.0,-110.0,13.0
2014.0,2.0,Florida,Eastern Michigan,-40.75,-110.0,-110.0,14.0
2014.0,2.0,Florida International,Wagner,-15.5,-110.0,-110.0,13.0
2014.0,2.0,Georgia State,New Mexico State,-3.0,-115.0,-105.0,14.0
2014.0,2.0,Illinois,Western Kentucky,-3.5,-105.0,-115.0,14.0
2014.0,2.0,Iowa,Ball State,-17.75,-110.0,-110.0,14.0
2014.0,2.0,Iowa State,Kansas State,12.0,-110.0,-110.0,14.0
2014.0,2.0,Kansas,Southeast Missouri State,-24.0,-110.0,-110.0,13.0
2014.0,2.0,Kent State,South Alabama,2.0,-110.0,-110.0,14.0
2014.0,2.0,Kentucky,Ohio,-13.0,-110.0,-110.0,14.0
2014.0,2.0,Louisville,Murray State,-35.0,-110.0,-110.0,13.0
2014.0,2.0,Marshall,Rhode Island,-41.0,-110.0,-110.0,13.0
2014.0,2.0,Miami (OH),Eastern Kentucky,-5.5,-110.0,-110.0,13.0
2014.0,2.0,Minnesota,Middle Tennessee,-14.0,-110.0,-110.0,14.0
2014.0,2.0,Nevada,Washington State,3.0,-105.5,-110.0,14.0
2014.0,2.0,New Mexico,Arizona State,24.5,-110.0,-110.0,14.0
2014.0,2.0,North Carolina,San Diego State,-14.0,-110.0,-110.0,14.0
2014.0,2.0,Northwestern,Northern Illinois,-7.0,-105.0,-112.5,14.0
2014.0,2.0,Notre Dame,Michigan,-4.0,-110.0,-110.0,14.0
2014.0,2.0,Ohio State,Virginia Tech,-10.0,-110.0,-110.0,14.0
2014.0,2.0,Oklahoma State,Missouri State,-33.5,-110.0,-110.0,13.0
2014.0,2.0,Oregon,Michigan State,-14.0,-108.5,-110.0,14.0
2014.0,2.0,Penn State,Akron,-14.0,-110.0,-110.0,14.0
2014.0,2.0,Purdue,Central Michigan,-3.0,-110.0,-110.0,14.0
2014.0,2.0,Rutgers,Howard,-38.0,-110.0,-110.0,12.0
2014.0,2.0,South Carolina,East Carolina,-14.5,-110.0,-110.0,14.0
2014.0,2.0,South Florida,Maryland,10.75,-110.0,-110.0,14.0
2014.0,2.0,Stanford,USC,-3.0,-115.0,-105.0,14.0
2014.0,2.0,Temple,Navy,3.0,-105.0,-115.0,14.0
2014.0,2.0,Tennessee,Arkansas State,-16.25,-110.0,-110.0,14.0
2014.0,2.0,Texas A&M,Lamar,-47.0,-110.0,-110.0,13.0
2014.0,2.0,Toledo,Missouri,3.5,-110.5,-105.0,14.0
2014.0,2.0,Troy,Duke,18.0,-110.0,-110.0,14.0
2014.0,2.0,Tulane,Georgia Tech,7.5,-110.0,-110.0,14.0
2014.0,2.0,Tulsa,Oklahoma,24.0,-110.0,-110.0,14.0
2014.0,2.0,UCLA,Memphis,-22.25,-110.0,-110.0,14.0
2014.0,2.0,UNLV,Northern Colorado,-27.5,-110.0,-110.0,13.0
2014.0,2.0,UTEP,Texas Tech,21.0,-110.0,-110.0,14.0
2014.0,2.0,Utah,Fresno State,-13.0,-110.0,-110.0,14.0
2014.0,2.0,Utah State,Idaho State,-37.0,-110.0,-110.0,13.0
2014.0,2.0,Vanderbilt,Ole Miss,18.0,-110.0,-110.0,14.0
2014.0,2.0,Virginia,Richmond,-14.5,-110.0,-110.0,13.0
2014.0,2.0,Wake Forest,Gardner-Webb,-22.0,-110.0,-110.0,13.0
2014.0,2.0,Washington,Eastern Washington,-17.0,-110.0,-110.0,13.0
2014.0,2.0,West Virginia,Towson,-25.0,-110.0,-110.0,13.0
2014.0,2.0,Wisconsin,Western Illinois,-41.0,-110.0,-110.0,12.0
2014.0,2.0,Wyoming,Air Force,1.0,-110.0,-110.0,14.0
2014.0,3.0,Arizona,Nevada,-20.0,-110.0,-110.0,14.0
2014.0,3.0,Ball State,Indiana State,-18.5,-110.0,-110.0,13.0
2014.0,3.0,Boston College,USC,17.0,-110.0,-110.0,14.0
2014.0,3.0,Bowling Green,Indiana,8.5,-110.0,-110.0,14.0
2014.0,3.0,Buffalo,Baylor,33.25,-110.0,-110.0,14.0
2014.0,3.0,Central Michigan,Syracuse,5.0,-110.0,-110.0,14.0
2014.0,3.0,Cincinnati,Toledo,-9.5,-110.0,-110.0,14.0
2014.0,3.0,Colorado,Arizona State,16.5,-110.0,-110.0,14.0
2014.0,3.0,Colorado State,UC Davis,-21.5,-110.0,-110.0,13.0
2014.0,3.0,Duke,Kansas,-11.25,-110.0,-110.0,14.0
2014.0,3.0,Florida,Kentucky,-17.5,-110.0,-110.0,14.0
2014.0,3.0,Florida Atlantic,Tulsa,1.0,-110.0,-110.0,14.0
2014.0,3.0,Florida International,Pittsburgh,24.5,-110.0,-110.0,14.0
2014.0,3.0,Fresno State,Nebraska,11.0,-110.0,-110.0,14.0
2014.0,3.0,Georgia State,Air Force,12.0,-110.0,-110.0,14.0
2014.0,3.0,Georgia Tech,Georgia Southern,-15.75,-110.0,-110.0,14.0
2014.0,3.0,Idaho,Western Michigan,-3.0,-105.0,-115.0,14.0
2014.0,3.0,Iowa,Iowa State,-13.0,-110.0,-110.0,14.0
2014.0,3.0,Marshall,Ohio,-20.0,-110.0,-110.0,14.0
2014.0,3.0,Maryland,West Virginia,-3.25,-112.5,-105.0,14.0
2014.0,3.0,Michigan,Miami (OH),-32.0,-110.0,-110.0,14.0
2014.0,3.0,Middle Tennessee,Western Kentucky,-1.0,-110.0,-110.0,14.0
2014.0,3.0,Missouri,UCF,-10.5,-110.0,-110.0,14.0
2014.0,3.0,North Texas,Louisiana Tech,-3.0,-115.0,-105.0,14.0
2014.0,3.0,Notre Dame,Purdue,-30.0,-110.0,-110.0,14.0
2014.0,3.0,Ohio State,Kent State,-31.0,-110.0,-110.0,14.0
2014.0,3.0,Oklahoma,Tennessee,-21.0,-105.0,-111.0,14.0
2014.0,3.0,Old Dominion,Eastern Michigan,-20.5,-108.0,-110.0,14.0
2014.0,3.0,Oregon,Wyoming,-42.75,-110.0,-110.0,14.0
2014.0,3.0,Rutgers,Penn State,3.5,-113.5,-105.0,14.0
2014.0,3.0,South Alabama,Mississippi State,14.5,-110.0,-110.0,14.0
2014.0,3.0,South Carolina,Georgia,6.5,-110.0,-110.0,14.0
2014.0,3.0,Stanford,Army,-30.0,-110.0,-110.0,14.0
2014.0,3.0,TCU,Minnesota,-17.5,-110.0,-110.0,14.0
2014.0,3.0,Texas,UCLA,8.5,-110.0,-110.0,14.0
2014.0,3.0,Texas A&M,Rice,-31.0,-110.0,-110.0,14.0
2014.0,3.0,Texas State,Navy,6.0,-110.0,-107.5,14.0
2014.0,3.0,Texas Tech,Arkansas,0.0,-110.0,-110.0,14.0
2014.0,3.0,Troy,Abilene Christian,-11.5,-110.0,-110.0,13.0
2014.0,3.0,UNLV,Northern Illinois,10.0,-110.0,-110.0,14.0
2014.0,3.0,UTEP,New Mexico State,-10.25,-110.0,-110.0,14.0
2014.0,3.0,Utah State,Wake Forest,-15.5,-110.0,-110.0,14.0
2014.0,3.0,Virginia,Louisville,4.0,-110.0,-110.0,14.0
2014.0,3.0,Virginia Tech,East Carolina,-9.75,-110.0,-110.0,14.0
2014.0,3.0,Washington,Illinois,-13.0,-110.0,-110.0,14.0
2014.0,3.0,Washington State,Portland State,-23.0,-110.0,-110.0,13.0
2014.0,4.0,Akron,Marshall,10.0,-108.0,-110.0,14.0
2014.0,4.0,Alabama,Florida,-14.0,-108.0,-110.0,14.0
2014.0,4.0,Arizona,California,-7.25,-110.0,-110.0,14.0
2014.0,4.0,Arkansas,Northern Illinois,-13.5,-110.0,-105.0,14.0
2014.0,4.0,Arkansas State,Utah State,-3.0,-107.5,-110.0,14.0
2014.0,4.0,Boston College,Maine,-22.5,-110.0,-110.0,13.0
2014.0,4.0,Buffalo,Norfolk State,-23.0,-110.0,-110.0,12.0
2014.0,4.0,Cincinnati,Miami (OH),-30.0,-110.0,-110.0,14.0
2014.0,4.0,Duke,Tulane,-16.5,-110.0,-110.0,14.0
2014.0,4.0,East Carolina,North Carolina,1.0,-110.0,-110.0,14.0
2014.0,4.0,Florida International,Louisville,25.5,-110.0,-110.0,14.0
2014.0,4.0,Florida State,Clemson,-9.5,-107.5,-110.0,14.0
2014.0,4.0,Fresno State,Southern Utah,-18.5,-110.0,-110.0,12.0
2014.0,4.0,Georgia,Troy,-41.5,-110.0,-110.0,14.0
2014.0,4.0,Houston,UNLV,-20.0,-110.0,-110.0,14.0
2014.0,4.0,Illinois,Texas State,-10.5,-110.0,-110.0,14.0
2014.0,4.0,Kansas,Central Michigan,-5.5,-110.0,-110.0,14.0
2014.0,4.0,Kansas State,Auburn,7.0,-1.5,-116.0,14.0
2014.0,4.0,LSU,Mississippi State,-7.0,-110.0,-110.0,14.0
2014.0,4.0,Louisiana Tech,Northwestern State,-23.0,-110.0,-110.0,12.0
2014.0,4.0,Memphis,Middle Tennessee,-12.0,-110.0,-109.5,14.0
2014.0,4.0,Michigan,Utah,-3.0,-105.0,-115.0,14.0
2014.0,4.0,Michigan State,Eastern Michigan,-43.5,-110.0,-110.0,14.0
2014.0,4.0,Missouri,Indiana,-14.5,-111.5,-107.5,14.0
2014.0,4.0,Navy,Rutgers,-6.0,-105.0,-113.5,14.0
2014.0,4.0,New Mexico State,New Mexico,5.5,-110.0,-110.0,14.0
2014.0,4.0,Northwestern,Western Illinois,-26.25,-110.0,-110.0,12.0
2014.0,4.0,Ohio,Idaho,-10.5,-110.0,-110.0,14.0
2014.0,4.0,Oregon State,San Diego State,-10.5,-110.0,-110.0,14.0
2014.0,4.0,Pittsburgh,Iowa,-6.5,-111.0,-105.0,14.0
2014.0,4.0,Purdue,Southern Illinois,-3.0,-110.0,-110.0,12.0
2014.0,4.0,Rice,Old Dominion,-7.0,-110.0,-110.0,14.0
2014.0,4.0,South Alabama,Georgia Southern,2.25,-109.0,-110.0,14.0
2014.0,4.0,Syracuse,Maryland,-1.5,-110.0,-110.0,14.0
2014.0,4.0,Temple,Delaware State,-39.0,-110.0,-110.0,13.0
2014.0,4.0,Toledo,Ball State,-14.0,-110.0,-105.0,14.0
2014.0,4.0,UCF,Bethune-Cookman,-23.5,-110.0,-110.0,12.0
2014.0,4.0,Vanderbilt,South Carolina,21.5,-110.0,-110.0,14.0
2014.0,4.0,Virginia Tech,Georgia Tech,-7.5,-105.0,-111.0,14.0
2014.0,4.0,Wake Forest,Army,2.5,-105.0,-114.0,14.0
2014.0,4.0,Washington,Georgia State,-34.5,-110.0,-109.0,14.0
2014.0,4.0,Washington State,Oregon,21.5,-110.0,-110.0,14.0
2014.0,4.0,West Virginia,Oklahoma,7.5,-108.0,-110.0,14.0
2014.0,4.0,Western Michigan,Murray State,-13.0,-110.0,-110.0,12.0
2014.0,4.0,Wisconsin,Bowling Green,-26.0,-110.0,-110.0,14.0
2014.0,4.0,Wyoming,Florida Atlantic,-3.0,-105.0,-115.0,14.0
2014.0,5.0,Air Force,Boise State,12.5,-110.0,-110.0,14.0
2014.0,5.0,Arizona State,UCLA,3.5,-110.0,-110.0,14.0
2014.0,5.0,Auburn,Louisiana Tech,-32.5,-110.0,-110.0,14.0
2014.0,5.0,Boston College,Colorado State,-6.5,-107.0,-110.0,14.0
2014.0,5.0,Buffalo,Miami (OH),-7.0,-105.0,-111.5,14.0
2014.0,5.0,California,Colorado,-14.0,-110.0,-110.0,14.0
2014.0,5.0,Clemson,North Carolina,-14.0,-110.0,-110.0,14.0
2014.0,5.0,Georgia,Tennessee,-18.5,-110.0,-110.0,14.0
2014.0,5.0,Idaho,South Alabama,3.0,-108.0,-110.0,14.0
2014.0,5.0,Indiana,Maryland,-2.5,-110.0,-110.0,14.0
2014.0,5.0,Iowa State,Baylor,21.0,-110.0,-110.0,14.0
2014.0,5.0,Kansas,Texas,10.0,-110.0,-110.0,14.0
2014.0,5.0,Kansas State,UTEP,-27.5,-110.0,-110.0,14.0
2014.0,5.0,Kentucky,Vanderbilt,-17.0,-109.0,-110.0,14.0
2014.0,5.0,LSU,New Mexico State,-43.25,-110.0,-110.0,14.0
2014.0,5.0,Louisville,Wake Forest,-21.0,-107.0,-110.0,14.0
2014.0,5.0,Michigan,Minnesota,-10.25,-110.0,-110.0,14.0
2014.0,5.0,Michigan State,Wyoming,-28.0,-110.0,-110.0,14.0
2014.0,5.0,Navy,Western Kentucky,-7.5,-110.0,-110.0,14.0
2014.0,5.0,Nebraska,Illinois,-21.25,-110.0,-110.0,14.0
2014.0,5.0,New Mexico,Fresno State,6.0,-109.0,-110.0,14.0
2014.0,5.0,Ohio,Eastern Illinois,-7.5,-110.0,-110.0,12.0
2014.0,5.0,Ohio State,Cincinnati,-17.0,-110.0,-110.0,14.0
2014.0,5.0,Oklahoma State,Texas Tech,-14.5,-110.0,-110.0,14.0
2014.0,5.0,Old Dominion,Middle Tennessee,-1.0,-110.0,-110.0,14.0
2014.0,5.0,Ole Miss,Memphis,-20.5,-110.0,-110.0,14.0
2014.0,5.0,Penn State,Northwestern,-10.5,-110.0,-110.0,14.0
2014.0,5.0,Pittsburgh,Akron,-20.5,-110.0,-110.0,14.0
2014.0,5.0,Purdue,Iowa,7.75,-109.0,-110.0,14.0
2014.0,5.0,Rutgers,Tulane,-13.5,-110.0,-107.5,14.0
2014.0,5.0,San Diego State,UNLV,-18.0,-110.0,-110.0,14.0
2014.0,5.0,South Carolina,Missouri,-6.5,-113.5,-105.0,14.0
2014.0,5.0,Syracuse,Notre Dame,9.25,-110.0,-109.0,14.0
2014.0,5.0,Texas A&M,Arkansas,-8.5,-110.0,-110.0,14.0
2014.0,5.0,Toledo,Central Michigan,-10.5,-110.0,-110.0,14.0
2014.0,5.0,Tulsa,Texas State,-3.0,-110.0,-110.0,14.0
2014.0,5.0,USC,Oregon State,-7.5,-110.0,-110.0,14.0
2014.0,5.0,Utah,Washington State,-13.0,-110.0,-110.0,14.0
2014.0,5.0,Virginia,Kent State,-26.0,-110.0,-110.0,14.0
2014.0,5.0,Virginia Tech,Western Michigan,-20.5,-109.0,-110.0,14.0
2014.0,5.0,Washington,Stanford,7.5,-110.0,-110.0,14.0
2014.0,5.0,Wisconsin,South Florida,-33.0,-110.0,-110.0,14.0
2014.0,5.0,Yale,Army,14.5,-110.0,-110.0,12.0
2014.0,6.0,Air Force,Navy,3.5,-105.0,-112.5,14.0
2014.0,6.0,Akron,Eastern Michigan,-26.0,-110.0,-110.0,14.0
2014.0,6.0,Army,Ball State,-2.5,-109.0,-110.0,14.0
2014.0,6.0,Auburn,LSU,-7.0,-110.0,-110.0,14.0
2014.0,6.0,Bowling Green,Buffalo,-3.0,-105.5,-111.0,14.0
2014.0,6.0,Central Michigan,Ohio,-3.0,-110.0,-109.0,14.0
2014.0,6.0,Cincinnati,Memphis,-3.0,-102.0,-102.0,1.0
2014.0,6.0,Colorado,Oregon State,4.0,-110.0,-110.0,14.0
2014.0,6.0,Colorado State,Tulsa,-18.0,-107.5,-110.0,14.0
2014.0,6.0,Florida International,Florida Atlantic,6.5,-105.0,-111.5,14.0
2014.0,6.0,Florida State,Wake Forest,-37.0,-110.0,-110.0,14.0
2014.0,6.0,Fresno State,San Diego State,-3.5,-110.0,-110.0,14.0
2014.0,6.0,Georgia,Vanderbilt,-33.5,-110.0,-110.0,14.0
2014.0,6.0,Houston,UCF,-2.5,-110.0,-110.0,14.0
2014.0,6.0,Illinois,Purdue,-10.0,-106.5,-110.0,14.0
2014.0,6.0,Indiana,North Texas,-11.0,-110.0,-110.0,14.0
2014.0,6.0,Kansas State,Texas Tech,-14.0,-110.0,-109.0,14.0
2014.0,6.0,Kentucky,South Carolina,4.5,-110.0,-110.0,14.0
2014.0,6.0,Louisiana Tech,UTEP,-12.0,-108.0,-110.0,14.0
2014.0,6.0,Maryland,Ohio State,6.0,-110.0,-109.5,14.0
2014.0,6.0,Michigan State,Nebraska,-6.5,-110.0,-110.0,14.0
2014.0,6.0,Mississippi State,Texas A&M,-2.5,-110.0,-106.5,14.0
2014.0,6.0,Nevada,Boise State,3.0,-105.0,-112.5,14.0
2014.0,6.0,New Mexico State,Georgia Southern,17.5,-107.0,-110.0,14.0
2014.0,6.0,North Carolina,Virginia Tech,2.5,-105.0,-111.0,14.0
2014.0,6.0,Northern Illinois,Kent State,-25.5,-110.0,-110.0,14.0
2014.0,6.0,Northwestern,Wisconsin,7.5,-110.5,-105.0,14.0
2014.0,6.0,Notre Dame,Stanford,2.5,-110.0,-110.0,14.0
2014.0,6.0,Oklahoma State,Iowa State,-16.5,-110.0,-110.0,14.0
2014.0,6.0,Old Dominion,Marshall,18.5,-110.0,-110.0,14.0
2014.0,6.0,Ole Miss,Alabama,4.5,-110.0,-110.0,14.0
2014.0,6.0,Oregon,Arizona,-21.5,-110.0,-110.0,14.0
2014.0,6.0,Rutgers,Michigan,-3.0,-110.0,-110.0,14.0
2014.0,6.0,Syracuse,Louisville,1.5,-110.0,-110.0,14.0
2014.0,6.0,TCU,Oklahoma,3.25,-110.0,-108.0,14.0
2014.0,6.0,Tennessee,Florida,0.0,-110.0,-110.0,14.0
2014.0,6.0,Texas,Baylor,14.0,-109.0,-109.0,14.0
2014.0,6.0,Texas State,Idaho,-14.5,-110.0,-110.0,14.0
2014.0,6.0,UCLA,Utah,-13.0,-109.0,-110.0,14.0
2014.0,6.0,USC,Arizona State,-12.0,-110.0,-110.0,14.0
2014.0,6.0,Virginia,Pittsburgh,-5.0,-110.0,-110.0,14.0
2014.0,6.0,Washington State,California,-4.0,-110.0,-110.0,14.0
2014.0,6.0,West Virginia,Kansas,-27.0,-110.0,-110.0,14.0
2014.0,6.0,Western Michigan,Toledo,5.0,-110.0,-107.0,14.0
2014.0,7.0,Akron,Miami (OH),-14.5,-110.0,-108.0,14.0
2014.0,7.0,Arizona,USC,-1.5,-110.0,-110.0,14.0
2014.0,7.0,Arkansas,Alabama,9.0,-110.0,-109.0,14.0
2014.0,7.0,Army,Rice,3.0,-108.0,-110.0,14.0
2014.0,7.0,Ball State,Western Michigan,-1.0,-110.0,-110.0,14.0
2014.0,7.0,Baylor,TCU,-7.0,-111.5,-107.5,14.0
2014.0,7.0,California,Washington,-3.5,-105.0,-108.5,14.0
2014.0,7.0,Clemson,Louisville,-8.5,-107.0,-110.0,14.0
2014.0,7.0,Eastern Michigan,Buffalo,14.5,-110.0,-110.0,14.0
2014.0,7.0,Florida,LSU,2.5,-110.0,-109.0,14.0
2014.0,7.0,Georgia Southern,Idaho,-21.5,-110.0,-110.0,14.0
2014.0,7.0,Georgia State,Arkansas State,10.5,-105.0,-110.0,14.0
2014.0,7.0,Georgia Tech,Duke,-4.0,-110.0,-110.0,14.0
2014.0,7.0,Iowa,Indiana,-3.5,-107.5,-109.0,14.0
2014.0,7.0,Iowa State,Toledo,-3.5,-110.0,-110.0,14.0
2014.0,7.0,Kansas,Oklahoma State,19.5,-110.0,-110.0,14.0
2014.0,7.0,Marshall,Middle Tennessee,-23.75,-109.0,-110.0,14.0
2014.0,7.0,Memphis,Houston,-7.25,-115.0,-105.0,14.0
2014.0,7.0,Michigan,Penn State,-2.5,-110.0,-110.0,14.0
2014.0,7.0,Minnesota,Northwestern,-4.0,-110.0,-109.0,14.0
2014.0,7.0,Mississippi State,Auburn,2.5,-107.5,-110.0,14.0
2014.0,7.0,Missouri,Georgia,3.0,-105.0,-110.0,14.0
2014.0,7.0,Nevada,Colorado State,2.0,-110.0,-110.0,14.0
2014.0,7.0,New Mexico,San Diego State,3.0,-110.0,-109.0,14.0
2014.0,7.0,Northern Illinois,Central Michigan,-8.0,-108.5,-110.0,14.0
2014.0,7.0,Notre Dame,North Carolina,-16.5,-110.0,-110.0,14.0
2014.0,7.0,Ohio,Bowling Green,1.0,-110.0,-110.0,14.0
2014.0,7.0,Oklahoma,Texas,-16.75,-110.0,-110.0,14.0
2014.0,7.0,Purdue,Michigan State,21.5,-110.0,-110.0,14.0
2014.0,7.0,South Florida,East Carolina,16.75,-110.0,-109.5,14.0
2014.0,7.0,Stanford,Washington State,-16.5,-110.0,-109.0,14.0
2014.0,7.0,Syracuse,Florida State,23.5,-110.0,-110.0,14.0
2014.0,7.0,Temple,Tulsa,-17.0,-110.0,-106.0,14.0
2014.0,7.0,Tennessee,Chattanooga,-25.0,-110.0,-110.0,11.0
2014.0,7.0,Texas A&M,Ole Miss,-2.5,-115.0,-105.0,14.0
2014.0,7.0,Texas Tech,West Virginia,6.0,-110.0,-110.0,14.0
2014.0,7.0,Troy,New Mexico State,-8.0,-110.0,-110.0,14.0
2014.0,7.0,UCLA,Oregon,1.5,-110.0,-106.5,14.0
2014.0,7.0,UNLV,Fresno State,9.5,-110.0,-109.0,14.0
2014.0,7.0,UTEP,Old Dominion,-1.75,-110.0,-110.0,14.0
2014.0,7.0,Utah State,Air Force,-6.5,-110.0,-110.0,14.0
2014.0,7.0,Vanderbilt,Charleston Southern,-20.0,-110.0,-110.0,12.0
2014.0,7.0,Wisconsin,Illinois,-27.0,-110.0,-109.0,14.0
2014.0,8.0,Air Force,New Mexico,-7.25,-110.0,-110.0,14.0
2014.0,8.0,Alabama,Texas A&M,-11.5,-110.0,-110.0,14.0
2014.0,8.0,Arizona State,Stanford,3.5,-110.0,-110.0,14.0
2014.0,8.0,Arkansas,Georgia,3.0,-109.0,-110.0,14.0
2014.0,8.0,Boise State,Fresno State,-18.0,-110.0,-110.0,14.0
2014.0,8.0,Boston College,Clemson,5.5,-110.0,-106.5,14.0
2014.0,8.0,Bowling Green,Western Michigan,-3.0,-105.0,-115.0,14.0
2014.0,8.0,California,UCLA,6.5,-105.0,-110.5,14.0
2014.0,8.0,Central Michigan,Ball State,-10.25,-110.0,-110.0,14.0
2014.0,8.0,Colorado State,Utah State,-5.5,-110.0,-106.5,14.0
2014.0,8.0,Duke,Virginia,-3.0,-110.0,-105.0,14.0
2014.0,8.0,Florida,Missouri,-6.5,-110.0,-110.0,14.0
2014.0,8.0,Florida Atlantic,Western Kentucky,3.0,-105.0,-115.0,14.0
2014.0,8.0,Florida International,Marshall,21.0,-108.0,-110.0,14.0
2014.0,8.0,Florida State,Notre Dame,-9.25,-110.0,-109.0,14.0
2014.0,8.0,Houston,Temple,-9.0,-110.0,-110.0,14.0
2014.0,8.0,Idaho,New Mexico State,-6.0,-109.0,-110.0,14.0
2014.0,8.0,Indiana,Michigan State,16.0,-110.0,-110.0,14.0
2014.0,8.0,Kent State,Army,3.0,100.0,-117.0,14.0
2014.0,8.0,LSU,Kentucky,-11.5,-110.0,-109.0,14.0
2014.0,8.0,Maryland,Iowa,-4.0,-110.0,-110.0,14.0
2014.0,8.0,Minnesota,Purdue,-12.0,-110.0,-110.0,14.0
2014.0,8.0,North Carolina,Georgia Tech,-2.5,-110.0,-110.0,14.0
2014.0,8.0,Northern Illinois,Miami (OH),-13.5,-107.0,-110.0,14.0
2014.0,8.0,Northwestern,Nebraska,6.75,-110.0,-105.5,14.0
2014.0,8.0,Ohio,Akron,3.0,-111.5,-105.0,14.0
2014.0,8.0,Ohio State,Rutgers,-20.5,-110.0,-110.0,14.0
2014.0,8.0,Oklahoma,Kansas State,-7.0,-105.0,-115.0,14.0
2014.0,8.0,Ole Miss,Tennessee,-15.75,-110.0,-110.0,14.0
2014.0,8.0,Oregon,Washington,-21.0,-110.0,-109.0,14.0
2014.0,8.0,Oregon State,Utah,1.5,-110.0,-110.0,14.0
2014.0,8.0,Pittsburgh,Virginia Tech,1.0,-110.0,-110.0,14.0
2014.0,8.0,South Alabama,Georgia State,-19.5,-110.0,-109.0,14.0
2014.0,8.0,South Carolina,Furman,-37.5,-110.0,-110.0,12.0
2014.0,8.0,TCU,Oklahoma State,-10.5,-110.0,-110.0,14.0
2014.0,8.0,Texas,Iowa State,-10.5,-110.0,-110.0,14.0
2014.0,8.0,Texas Tech,Kansas,-12.0,-110.0,-110.0,14.0
2014.0,8.0,Tulsa,South Florida,2.0,-109.0,-110.0,14.0
2014.0,8.0,UCF,Tulane,-17.5,-110.0,-110.0,14.0
2014.0,8.0,USC,Colorado,-19.25,-106.5,-110.0,14.0
2014.0,8.0,Wake Forest,Syracuse,6.0,-110.0,-110.0,14.0
2014.0,8.0,West Virginia,Baylor,8.0,-110.0,-110.0,14.0
2014.0,9.0,Auburn,South Carolina,-18.0,-110.0,-110.0,14.0
2014.0,9.0,Ball State,Akron,3.5,-108.0,-110.0,14.0
2014.0,9.0,Buffalo,Central Michigan,4.0,-110.0,-110.0,14.0
2014.0,9.0,California,Oregon,17.0,-108.0,-110.0,14.0
2014.0,9.0,Cincinnati,South Florida,-10.0,-107.0,-110.0,14.0
2014.0,9.0,Clemson,Syracuse,-16.5,-109.0,-110.0,14.0
2014.0,9.0,Colorado,UCLA,14.0,-110.0,-110.0,14.0
2014.0,9.0,Colorado State,Wyoming,-19.5,-110.0,-110.0,14.0
2014.0,9.0,Eastern Michigan,Northern Illinois,18.0,-110.0,-110.0,14.0
2014.0,9.0,Georgia State,Georgia Southern,17.0,-110.0,-110.0,14.0
2014.0,9.0,Illinois,Minnesota,3.5,-105.0,-110.0,14.0
2014.0,9.0,Kansas State,Texas,-9.5,-110.0,-109.5,14.0
2014.0,9.0,Kentucky,Mississippi State,14.5,-109.5,-110.0,14.0
2014.0,9.0,LSU,Ole Miss,4.0,-107.0,-110.0,14.0
2014.0,9.0,Marshall,Florida Atlantic,-27.5,-110.0,-110.0,14.0
2014.0,9.0,Miami (OH),Kent State,-5.0,-110.0,-110.0,14.0
2014.0,9.0,Michigan State,Michigan,-16.5,-107.0,-110.0,14.0
2014.0,9.0,Missouri,Vanderbilt,-21.5,-110.0,-110.0,14.0
2014.0,9.0,Nebraska,Rutgers,-19.5,-109.0,-110.0,14.0
2014.0,9.0,Oklahoma State,West Virginia,3.0,-110.0,-108.0,14.0
2014.0,9.0,Penn State,Ohio State,14.0,-110.0,-110.0,14.0
2014.0,9.0,Pittsburgh,Georgia Tech,-4.0,-110.0,-110.0,14.0
2014.0,9.0,Rice,North Texas,-16.25,-110.0,-107.0,14.0
2014.0,9.0,South Alabama,Troy,-16.0,-110.0,-110.0,14.0
2014.0,9.0,Stanford,Oregon State,-12.5,-110.0,-110.0,14.0
2014.0,9.0,TCU,Texas Tech,-24.5,-110.0,-110.0,14.0
2014.0,9.0,Tennessee,Alabama,19.5,-109.0,-110.0,14.0
2014.0,9.0,UCF,Temple,-6.5,-108.0,-110.0,14.0
2014.0,9.0,Utah,USC,-1.0,-110.0,-110.0,14.0
2014.0,9.0,Utah State,UNLV,-17.0,-106.5,-110.0,14.0
2014.0,9.0,Virginia,North Carolina,-7.0,-110.0,-110.0,14.0
2014.0,9.0,Wake Forest,Boston College,13.25,-109.0,-110.0,14.0
2014.0,9.0,Washington,Arizona State,3.5,-110.0,-109.0,14.0
2014.0,9.0,Washington State,Arizona,2.5,-109.0,-108.0,14.0
2014.0,9.0,Western Kentucky,Old Dominion,-13.0,-110.0,-110.0,13.0
2014.0,9.0,Western Michigan,Ohio,-8.25,-110.0,-107.0,14.0
2014.0,9.0,Wisconsin,Maryland,-9.5,-109.0,-110.0,14.0
2014.0,10.0,Arizona State,Utah,-6.5,-110.0,-110.0,14.0
2014.0,10.0,Army,Air Force,3.5,-109.0,-112.0,14.0
2014.0,10.0,Baylor,Kansas,-34.5,-110.0,-110.0,14.0
2014.0,10.0,Colorado,Washington,2.5,-106.0,-113.0,14.0
2014.0,10.0,Eastern Michigan,Central Michigan,13.0,-109.0,-110.0,14.0
2014.0,10.0,Florida International,Rice,6.0,-110.0,-110.0,14.0
2014.0,10.0,Fresno State,Wyoming,-16.0,-110.0,-108.5,14.0
2014.0,10.0,Georgia,Florida,-11.5,-110.0,-110.0,14.0
2014.0,10.0,Georgia Southern,Troy,-24.0,-110.0,-109.5,14.0
2014.0,10.0,Georgia Tech,Virginia,-4.0,-110.0,-110.0,14.0
2014.0,10.0,Idaho,Arkansas State,15.5,-110.0,-110.0,14.0
2014.0,10.0,Iowa,Northwestern,-3.5,-110.0,-110.0,14.0
2014.0,10.0,Iowa State,Oklahoma,15.5,-110.0,-110.0,14.0
2014.0,10.0,Kansas State,Oklahoma State,-13.0,-110.0,-106.5,14.0
2014.0,10.0,Louisiana Tech,Western Kentucky,-7.5,-110.0,-110.0,14.0
2014.0,10.0,Louisville,Florida State,3.5,-110.0,-107.0,14.0
2014.0,10.0,Memphis,Tulsa,-24.0,-109.0,-110.0,14.0
2014.0,10.0,Miami (OH),Western Michigan,6.5,-110.0,-110.0,14.0
2014.0,10.0,Michigan,Indiana,-7.5,-110.0,-108.5,14.0
2014.0,10.0,Mississippi State,Arkansas,-10.0,-110.0,-110.0,14.0
2014.0,10.0,Missouri,Kentucky,-7.5,-105.0,-112.5,14.0
2014.0,10.0,Navy,Notre Dame,14.0,-108.0,-110.0,14.0
2014.0,10.0,Nebraska,Purdue,-21.5,-110.0,-109.0,14.0
2014.0,10.0,Nevada,San Diego State,-2.0,-110.0,-110.0,14.0
2014.0,10.0,New Mexico State,Texas State,7.0,-105.0,-110.0,14.0
2014.0,10.0,Ohio State,Illinois,-28.5,-110.0,-110.0,14.0
2014.0,10.0,Ole Miss,Auburn,-1.0,-110.0,-110.0,14.0
2014.0,10.0,Oregon,Stanford,-7.0,-114.5,-105.0,14.0
2014.0,10.0,Oregon State,California,-3.5,-110.0,-107.5,14.0
2014.0,10.0,Penn State,Maryland,-3.0,-110.0,-105.0,14.0
2014.0,10.0,Pittsburgh,Duke,-3.0,-113.0,-105.0,14.0
2014.0,10.0,Rutgers,Wisconsin,12.5,-108.0,-110.0,14.0
2014.0,10.0,South Carolina,Tennessee,-5.5,-110.0,-110.0,14.0
2014.0,10.0,South Florida,Houston,8.5,-110.0,-110.0,14.0
2014.0,10.0,Temple,East Carolina,10.0,-110.0,-105.0,14.0
2014.0,10.0,Texas Tech,Texas,4.0,-110.0,-110.0,14.0
2014.0,10.0,Tulane,Cincinnati,4.5,-109.0,-110.0,14.0
2014.0,10.0,UCLA,Arizona,-6.5,-110.0,-110.0,14.0
2014.0,10.0,UNLV,New Mexico,-1.0,-110.0,-109.0,14.0
2014.0,10.0,Vanderbilt,Old Dominion,-7.0,-112.5,-105.0,14.0
2014.0,10.0,Virginia Tech,Boston College,-2.75,-104.0,-111.5,14.0
2014.0,10.0,Washington State,USC,7.5,-110.0,-110.0,14.0
2014.0,10.0,West Virginia,TCU,3.5,-111.5,-105.0,14.0
2014.0,11.0,Akron,Bowling Green,-3.5,-110.0,-110.0,14.0
2014.0,11.0,Arizona,Colorado,-18.5,-110.0,-108.0,13.0
2014.0,11.0,Arizona State,Notre Dame,-3.0,-110.0,-110.0,14.0
2014.0,11.0,Arkansas State,South Alabama,-11.0,-110.0,-110.0,14.0
2014.0,11.0,Auburn,Texas A&M,-23.5,-110.0,-110.0,14.0
2014.0,11.0,Ball State,Northern Illinois,3.0,-108.5,-110.0,14.0
2014.0,11.0,Boston College,Louisville,3.0,-113.5,-105.0,14.0
2014.0,11.0,Florida State,Virginia,-21.0,-110.0,-108.5,14.0
2014.0,11.0,Houston,Tulane,-17.0,-110.0,-110.0,14.0
2014.0,11.0,Indiana,Penn State,6.0,-106.5,-110.0,14.0
2014.0,11.0,Kansas,Iowa State,2.0,-110.0,-110.0,14.0
2014.0,11.0,Kent State,Toledo,13.0,-110.0,-110.0,14.0
2014.0,11.0,Kentucky,Georgia,10.0,-110.0,-110.0,14.0
2014.0,11.0,LSU,Alabama,6.5,-105.5,-109.0,14.0
2014.0,11.0,Michigan State,Ohio State,-4.0,-112.5,-105.0,14.0
2014.0,11.0,Minnesota,Iowa,1.5,-110.0,-110.0,14.0
2014.0,11.0,New Mexico,Boise State,18.0,-110.0,-110.0,14.0
2014.0,11.0,North Texas,Florida Atlantic,2.5,-110.0,-110.0,14.0
2014.0,11.0,Northwestern,Michigan,1.5,-110.0,-110.0,14.0
2014.0,11.0,Ohio,Buffalo,-4.0,-110.0,-110.0,14.0
2014.0,11.0,Oklahoma,Baylor,-5.5,-110.0,-110.0,14.0
2014.0,11.0,Old Dominion,Florida International,-5.0,-110.0,-109.0,14.0
2014.0,11.0,Oregon State,Washington State,-8.5,-110.0,-110.0,14.0
2014.0,11.0,Purdue,Wisconsin,17.0,-110.0,-110.0,14.0
2014.0,11.0,San Diego State,Idaho,-20.5,-111.0,-105.0,14.0
2014.0,11.0,Syracuse,Duke,4.0,-110.0,-110.0,14.0
2014.0,11.0,TCU,Kansas State,-6.5,-110.0,-110.0,14.0
2014.0,11.0,Temple,Memphis,7.5,-109.0,-110.0,14.0
2014.0,11.0,Texas,West Virginia,3.0,-111.0,-105.0,14.0
2014.0,11.0,Texas State,Georgia Southern,12.0,-110.0,-110.0,14.0
2014.0,11.0,Troy,Georgia State,-7.0,-105.0,-111.5,14.0
2014.0,11.0,UNLV,Air Force,4.5,-110.0,-110.0,14.0
2014.0,11.0,Utah,Oregon,9.5,-109.0,-110.0,14.0
2014.0,11.0,Vanderbilt,Florida,14.5,-110.0,-110.0,14.0
2014.0,11.0,Wake Forest,Clemson,21.0,-110.0,-110.0,14.0
2014.0,11.0,Washington,UCLA,5.5,-110.0,-107.0,14.0
2014.0,11.0,Western Kentucky,UTEP,-9.5,-110.0,-110.0,14.0
2014.0,11.0,Wyoming,Utah State,7.5,-115.0,-105.0,14.0
2014.0,12.0,Air Force,Nevada,-3.0,-115.0,-105.0,14.0
2014.0,12.0,Alabama,Mississippi State,-10.0,-110.0,-110.0,14.0
2014.0,12.0,Arizona,Washington,-8.0,-107.0,-110.0,14.0
2014.0,12.0,Arkansas,LSU,-1.5,-110.0,-109.0,14.0
2014.0,12.0,Boise State,San Diego State,-14.0,-110.0,-110.0,14.0
2014.0,12.0,Bowling Green,Kent State,-14.0,-110.0,-110.0,14.0
2014.0,12.0,Buffalo,Akron,3.5,-110.0,-110.0,14.0
2014.0,12.0,Central Michigan,Miami (OH),-18.0,-110.0,-110.0,14.0
2014.0,12.0,Cincinnati,East Carolina,1.25,-110.0,-110.0,14.0
2014.0,12.0,Duke,Virginia Tech,-3.5,-106.5,-110.0,14.0
2014.0,12.0,Florida,South Carolina,-6.5,-110.0,-110.0,14.0
2014.0,12.0,Florida International,Middle Tennessee,5.0,-110.0,-110.0,14.0
2014.0,12.0,Georgia,Auburn,-2.5,-110.0,-106.5,14.0
2014.0,12.0,Georgia Tech,Clemson,2.0,-110.0,-109.0,14.0
2014.0,12.0,Idaho,Troy,-5.0,-110.0,-110.0,14.0
2014.0,12.0,Illinois,Iowa,5.5,-110.0,-110.0,14.0
2014.0,12.0,Kansas,TCU,28.0,-110.0,-110.0,14.0
2014.0,12.0,Marshall,Rice,-21.0,-110.0,-110.0,14.0
2014.0,12.0,Maryland,Michigan State,10.5,-110.0,-110.0,14.0
2014.0,12.0,Minnesota,Ohio State,11.5,-109.5,-110.0,14.0
2014.0,12.0,Navy,Georgia Southern,-3.0,-105.0,-115.0,14.0
2014.0,12.0,North Carolina,Pittsburgh,-2.5,-110.0,-105.0,14.0
2014.0,12.0,Northern Illinois,Toledo,-3.5,-106.5,-110.0,14.0
2014.0,12.0,Notre Dame,Northwestern,-17.0,-110.0,-110.0,14.0
2014.0,12.0,Oklahoma State,Texas,1.5,-110.0,-110.0,14.0
2014.0,12.0,Oregon State,Arizona State,7.0,-109.0,-110.0,14.0
2014.0,12.0,Penn State,Temple,-11.0,-110.0,-107.5,14.0
2014.0,12.0,Rutgers,Indiana,-9.0,-110.0,-110.0,14.0
2014.0,12.0,South Alabama,Texas State,-5.5,-110.0,-110.0,14.0
2014.0,12.0,Stanford,Utah,-10.0,-110.0,-110.0,14.0
2014.0,12.0,Tennessee,Kentucky,-11.0,-110.0,-110.0,14.0
2014.0,12.0,Texas A&M,Missouri,-3.5,-110.0,-110.0,14.0
2014.0,12.0,Texas Tech,Oklahoma,14.0,-110.0,-110.0,14.0
2014.0,12.0,Tulane,Memphis,7.5,-110.0,-110.0,14.0
2014.0,12.0,UCF,Tulsa,-19.5,-110.0,-110.0,14.0
2014.0,12.0,USC,California,-14.0,-105.0,-111.0,14.0
2014.0,12.0,UTEP,North Texas,-6.5,-110.0,-106.5,14.0
2014.0,12.0,Utah State,New Mexico,-20.0,-110.0,-110.0,14.0
2014.0,12.0,Western Kentucky,Army,-7.0,-110.0,-110.0,14.0
2014.0,12.0,Western Michigan,Eastern Michigan,-27.5,-106.5,-110.0,14.0
2014.0,12.0,Wisconsin,Nebraska,-5.0,-110.0,-110.0,14.0
2014.0,13.0,Alabama,Western Carolina,-51.5,-110.0,-110.0,13.0
2014.0,13.0,Arizona State,Washington State,-14.5,-110.0,-110.0,14.0
2014.0,13.0,Arkansas,Ole Miss,3.0,-110.0,-110.0,14.0
2014.0,13.0,Army,Fordham,3.5,-110.0,-110.0,12.0
2014.0,13.0,Auburn,Samford,-37.5,-110.0,-110.0,13.0
2014.0,13.0,Ball State,Eastern Michigan,-18.0,-110.0,-110.0,14.0
2014.0,13.0,Baylor,Oklahoma State,-32.75,-110.0,-110.0,14.0
2014.0,13.0,California,Stanford,5.5,-110.0,-110.0,14.0
2014.0,13.0,Central Michigan,Western Michigan,-1.0,-110.0,-110.0,14.0
2014.0,13.0,Clemson,Georgia State,-39.5,-110.0,-110.0,14.0
2014.0,13.0,Colorado State,New Mexico,-20.5,-110.0,-109.5,14.0
2014.0,13.0,Duke,North Carolina,-5.0,-109.0,-110.0,14.0
2014.0,13.0,East Carolina,Tulane,-19.5,-110.0,-110.0,14.0
2014.0,13.0,Florida,Eastern Kentucky,-30.5,-110.0,-110.0,12.0
2014.0,13.0,Florida State,Boston College,-16.5,-110.0,-110.0,14.0
2014.0,13.0,Georgia,Charleston Southern,-43.0,-110.0,-110.0,12.0
2014.0,13.0,Houston,Tulsa,-20.0,-110.0,-110.0,14.0
2014.0,13.0,Illinois,Penn State,5.5,-110.0,-110.0,14.0
2014.0,13.0,Iowa,Wisconsin,8.0,-110.0,-110.0,14.0
2014.0,13.0,Iowa State,Texas Tech,0.0,-110.0,-110.0,14.0
2014.0,13.0,Memphis,South Florida,-20.0,-110.0,-110.0,14.0
2014.0,13.0,Michigan,Maryland,-6.5,-109.0,-110.0,14.0
2014.0,13.0,Michigan State,Rutgers,-24.0,-110.0,-110.0,14.0
2014.0,13.0,Middle Tennessee,Florida Atlantic,-7.0,-112.5,-105.0,14.0
2014.0,13.0,Mississippi State,Vanderbilt,-29.5,-109.0,-110.0,14.0
2014.0,13.0,Nebraska,Minnesota,-8.5,-110.0,-110.0,14.0
2014.0,13.0,Nevada,Fresno State,-7.0,-111.0,-105.0,14.0
2014.0,13.0,North Texas,Florida International,-2.5,-110.0,-110.0,14.0
2014.0,13.0,Notre Dame,Louisville,-3.0,-110.0,-109.5,14.0
2014.0,13.0,Ohio,Northern Illinois,1.0,-110.0,-110.0,14.0
2014.0,13.0,Ohio State,Indiana,-36.25,-110.0,-110.0,14.0
2014.0,13.0,Oklahoma,Kansas,-26.0,-110.0,-110.0,14.0
2014.0,13.0,Old Dominion,Louisiana Tech,13.5,-110.0,-108.5,14.0
2014.0,13.0,Oregon,Colorado,-33.0,-110.0,-110.0,14.0
2014.0,13.0,Pittsburgh,Syracuse,-7.0,-110.0,-105.0,14.0
2014.0,13.0,Purdue,Northwestern,-0.5,-110.0,-110.0,14.0
2014.0,13.0,Rice,UTEP,-7.5,-106.5,-110.0,14.0
2014.0,13.0,San Diego State,Air Force,-5.75,-110.0,-110.0,14.0
2014.0,13.0,South Carolina,South Alabama,-24.0,-110.0,-110.0,14.0
2014.0,13.0,Tennessee,Missouri,-5.0,-110.0,-110.0,14.0
2014.0,13.0,Texas State,Arkansas State,6.5,-110.0,-110.0,14.0
2014.0,13.0,Toledo,Bowling Green,-7.0,-110.0,-110.0,14.0
2014.0,13.0,UCLA,USC,-3.5,-109.0,-110.0,14.0
2014.0,13.0,Utah,Arizona,-5.5,-110.0,-109.0,14.0
2014.0,13.0,Wake Forest,Virginia Tech,13.5,-110.0,-106.5,14.0
2014.0,13.0,Washington,Oregon State,-6.5,-110.0,-109.0,14.0
2014.0,13.0,West Virginia,Kansas State,-2.5,-112.5,-106.0,14.0
2014.0,13.0,Wyoming,Boise State,14.0,-110.0,-110.0,14.0
2014.0,14.0,Air Force,Colorado State,7.5,-114.0,-105.0,14.0
2014.0,14.0,Alabama,Auburn,-9.75,-110.0,-107.0,14.0
2014.0,14.0,Arizona,Arizona State,-2.0,-110.0,-110.0,13.0
2014.0,14.0,Arkansas State,New Mexico State,-23.5,-110.0,-110.0,14.0
2014.0,14.0,Boise State,Utah State,-10.0,-110.0,-110.0,14.0
2014.0,14.0,Boston College,Syracuse,-11.0,-110.0,-110.0,14.0
2014.0,14.0,Bowling Green,Ball State,-10.0,-105.0,-110.0,14.0
2014.0,14.0,Clemson,South Carolina,-4.5,-110.0,-110.0,14.0
2014.0,14.0,Colorado,Utah,7.0,-105.0,-110.0,14.0
2014.0,14.0,Duke,Wake Forest,-18.0,-110.0,-110.0,14.0
2014.0,14.0,Eastern Michigan,Toledo,23.0,-110.0,-110.0,14.0
2014.0,14.0,Florida Atlantic,Old Dominion,-3.0,-109.0,-110.0,14.0
2014.0,14.0,Florida State,Florida,-7.0,-110.0,-110.0,14.0
2014.0,14.0,Georgia,Georgia Tech,-10.5,-110.0,-110.0,14.0
2014.0,14.0,Georgia State,Texas State,13.25,-110.0,-109.0,14.0
2014.0,14.0,Indiana,Purdue,-2.5,-110.0,-109.0,14.0
2014.0,14.0,Iowa,Nebraska,-1.5,-110.0,-110.0,14.0
2014.0,14.0,Iowa State,West Virginia,10.0,-110.0,-110.0,14.0
2014.0,14.0,Kansas State,Kansas,-26.5,-112.5,-105.0,14.0
2014.0,14.0,Kent State,Akron,3.0,-105.0,-115.0,14.0
2014.0,14.0,Louisiana Tech,Rice,-7.5,-110.0,-110.0,14.0
2014.0,14.0,Louisville,Kentucky,-13.5,-110.0,-107.0,14.0
2014.0,14.0,Marshall,Western Kentucky,-23.5,-110.0,-110.0,14.0
2014.0,14.0,Maryland,Rutgers,-7.5,-110.0,-110.0,14.0
2014.0,14.0,Miami (OH),Ohio,3.0,-110.0,-106.5,14.0
2014.0,14.0,Missouri,Arkansas,2.0,-110.0,-110.0,14.0
2014.0,14.0,New Mexico,Wyoming,-3.5,-110.0,-110.0,14.0
2014.0,14.0,Northwestern,Illinois,-7.0,-110.0,-110.0,14.0
2014.0,14.0,Ohio State,Michigan,-21.0,-107.0,-110.0,14.0
2014.0,14.0,Ole Miss,Mississippi State,2.5,-110.0,-112.0,14.0
2014.0,14.0,Oregon State,Oregon,20.5,-110.0,-110.0,14.0
2014.0,14.0,Penn State,Michigan State,13.25,-109.5,-110.0,14.0
2014.0,14.0,South Alabama,Navy,7.5,-109.0,-110.0,14.0
2014.0,14.0,South Florida,UCF,10.0,-110.0,-110.0,14.0
2014.0,14.0,Temple,Cincinnati,7.0,-110.0,-110.0,14.0
2014.0,14.0,Texas,TCU,5.0,-110.0,-110.0,14.0
2014.0,14.0,Texas A&M,LSU,3.0,100.0,-120.0,14.0
2014.0,14.0,Texas Tech,Baylor,26.5,-109.0,-110.0,14.0
2014.0,14.0,Tulsa,East Carolina,19.0,-106.5,-110.0,14.0
2014.0,14.0,UCLA,Stanford,-6.5,-110.0,-105.0,14.0
2014.0,14.0,UNLV,Nevada,7.5,-110.0,-110.0,14.0
2014.0,14.0,USC,Notre Dame,-5.5,-109.0,-110.0,14.0
2014.0,14.0,UTEP,Middle Tennessee,-3.0,-107.5,-111.5,14.0
2014.0,14.0,Vanderbilt,Tennessee,15.0,-110.0,-110.0,14.0
2014.0,14.0,Virginia Tech,Virginia,2.0,-110.0,-110.0,14.0
2014.0,14.0,Washington State,Washington,4.0,-105.5,-110.0,14.0
2014.0,14.0,Western Michigan,Northern Illinois,-8.0,-110.0,-110.0,14.0
2014.0,14.0,Wisconsin,Minnesota,-16.75,-110.0,-110.0,14.0
2014.0,15.0,Baylor,Kansas State,-7.0,-106.5,-110.0,14.0
2014.0,15.0,Boise State,Fresno State,-23.0,-110.0,-110.0,14.0
2014.0,15.0,Bowling Green,Northern Illinois,5.0,-110.0,-110.0,14.0
2014.0,15.0,Cincinnati,Houston,-7.5,-112.5,-107.5,14.0
2014.0,15.0,East Carolina,UCF,-6.5,-109.5,-106.5,14.0
2014.0,15.0,Georgia Tech,Florida State,3.5,-110.0,-110.0,14.0
2014.0,15.0,Marshall,Louisiana Tech,-8.5,-110.0,-110.0,14.0
2014.0,15.0,Ohio State,Wisconsin,4.0,-110.0,-110.0,14.0
2014.0,15.0,Oklahoma,Oklahoma State,-19.5,-110.0,-110.0,14.0
2014.0,15.0,Oregon,Arizona,-14.5,-107.0,-109.0,14.0
2014.0,15.0,TCU,Iowa State,-35.0,-110.0,-110.0,14.0
2014.0,15.0,Tulane,Temple,2.25,-110.0,-110.0,14.0
2015.0,1.0,Air Force,Morgan State,-35.0,-110.0,-110.0,14.0
2015.0,1.0,Alabama,Wisconsin,-12.5,-110.0,-110.0,16.0
2015.0,1.0,Arkansas,UTEP,-31.5,-110.0,-110.0,16.0
2015.0,1.0,Army,Fordham,-14.0,-110.0,-110.0,12.0
2015.0,1.0,Auburn,Louisville,-10.5,-110.0,-110.0,16.0
2015.0,1.0,Boise State,Washington,-12.5,-110.0,-110.0,16.0
2015.0,1.0,Boston College,Maine,-26.5,-110.0,-110.0,14.0
2015.0,1.0,Central Michigan,Oklahoma State,21.0,-110.0,-110.0,16.0
2015.0,1.0,Cincinnati,Alabama A&M,-46.0,-110.0,-110.0,14.0
2015.0,1.0,Clemson,Wofford,-34.5,-110.0,-110.0,14.0
2015.0,1.0,East Carolina,Towson,-28.0,-110.0,-110.0,14.0
2015.0,1.0,Eastern Michigan,Old Dominion,6.5,-110.0,-110.0,16.0
2015.0,1.0,Florida,New Mexico State,-34.0,-110.0,-110.0,16.0
2015.0,1.0,Florida State,Texas State,-27.5,-110.0,-110.0,16.0
2015.0,1.0,Fresno State,Abilene Christian,-21.0,-110.0,-110.0,13.0
2015.0,1.0,Georgia State,Charlotte,-7.0,-110.0,-110.0,16.0
2015.0,1.0,Georgia Tech,Alcorn State,-41.0,-110.0,-110.0,13.0
2015.0,1.0,Houston,Tennessee Tech,-37.0,-110.0,-110.0,14.0
2015.0,1.0,Idaho,Ohio,6.75,-112.5,-105.0,16.0
2015.0,1.0,Illinois,Kent State,-13.5,-110.0,-110.0,16.0
2015.0,1.0,Indiana,Southern Illinois,-20.5,-110.0,-110.0,14.0
2015.0,1.0,Iowa,Illinois State,-10.0,-110.0,-110.0,14.0
2015.0,1.0,Iowa State,Northern Iowa,-14.0,-110.0,-110.0,14.0
2015.0,1.0,Kansas,South Dakota State,2.0,-110.0,-110.0,14.0
2015.0,1.0,Kansas State,South Dakota,-36.0,-110.0,-110.0,14.0
2015.0,1.0,Marshall,Purdue,-7.0,-105.0,-115.0,16.0
2015.0,1.0,Maryland,Richmond,-21.5,-110.0,-110.0,14.0
2015.0,1.0,Memphis,Missouri State,-24.0,-110.0,-110.0,14.0
2015.0,1.0,Middle Tennessee,Jackson State,-39.5,-110.0,-110.0,14.0
2015.0,1.0,Minnesota,TCU,16.0,-110.0,-110.0,16.0
2015.0,1.0,Missouri,Southeast Missouri State,-40.5,-110.0,-110.0,14.0
2015.0,1.0,Navy,Colgate,-26.5,-110.0,-110.0,14.0
2015.0,1.0,Nevada,UC Davis,-24.0,-110.0,-110.0,13.0
2015.0,1.0,New Mexico,Mississippi Valley State,-42.0,-110.0,-110.0,13.0
2015.0,1.0,Northern Illinois,UNLV,-21.5,-110.0,-110.0,16.0
2015.0,1.0,Northwestern,Stanford,10.0,-110.0,-110.0,16.0
2015.0,1.0,Notre Dame,Texas,-9.0,-110.0,-110.0,16.0
2015.0,1.0,Oklahoma,Akron,-31.0,-110.0,-110.0,16.0
2015.0,1.0,Oregon,Eastern Washington,-35.0,-110.0,-110.0,14.0
2015.0,1.0,Oregon State,Weber State,-28.0,-110.0,-110.0,12.0
2015.0,1.0,Pittsburgh,Youngstown State,-16.5,-110.0,-110.0,14.0
2015.0,1.0,Rice,Wagner,-28.0,-110.0,-110.0,14.0
2015.0,1.0,Rutgers,Norfolk State,-35.0,-110.0,-110.0,14.0
2015.0,1.0,San Diego State,San Diego,-36.5,-110.0,-110.0,14.0
2015.0,1.0,South Alabama,Gardner-Webb,-21.5,-110.0,-110.0,14.0
2015.0,1.0,South Florida,Florida A&M,-28.5,-110.0,-110.0,14.0
2015.0,1.0,Syracuse,Rhode Island,-33.5,-110.0,-110.0,12.0
2015.0,1.0,Temple,Penn State,6.0,-110.0,-105.0,16.0
2015.0,1.0,Tennessee,Bowling Green,-22.0,-110.0,-110.0,16.0
2015.0,1.0,Texas A&M,Arizona State,-3.0,-115.0,-105.0,16.0
2015.0,1.0,Tulane,Duke,5.5,-110.0,-110.0,16.0
2015.0,1.0,Tulsa,Florida Atlantic,-4.5,-110.0,-110.0,16.0
2015.0,1.0,UCF,Florida International,-11.0,-110.0,-110.0,16.0
2015.0,1.0,UCLA,Virginia,-17.5,-110.0,-110.0,16.0
2015.0,1.0,USC,Arkansas State,-27.0,-110.0,-110.0,16.0
2015.0,1.0,Utah,Michigan,-5.0,-110.0,-110.0,16.0
2015.0,1.0,Utah State,Southern Utah,-31.5,-110.0,-110.0,13.0
2015.0,1.0,Vanderbilt,Western Kentucky,2.0,-110.0,-110.0,16.0
2015.0,1.0,Virginia Tech,Ohio State,13.5,-110.0,-110.0,16.0
2015.0,1.0,Wake Forest,Elon,-27.0,-110.0,-110.0,13.0
2015.0,1.0,Washington State,Portland State,-31.0,-110.0,-110.0,14.0
2015.0,1.0,West Virginia,Georgia Southern,-16.0,-110.0,-110.0,16.0
2015.0,1.0,Western Michigan,Michigan State,16.5,-110.0,-110.0,16.0
2015.0,1.0,Wyoming,North Dakota,-18.0,-110.0,-110.0,14.0
2015.0,2.0,Akron,Pittsburgh,12.0,-110.0,-110.0,16.0
2015.0,2.0,Alabama,Middle Tennessee,-34.5,-110.0,-110.0,16.0
2015.0,2.0,Arizona State,Cal Poly,-35.5,-110.0,-110.0,14.0
2015.0,2.0,Arkansas,Toledo,-22.5,-110.0,-110.0,16.0
2015.0,2.0,Arkansas State,Missouri,10.0,-110.0,-110.0,16.0
2015.0,2.0,Auburn,Jacksonville State,-39.5,-110.0,-110.0,13.0
2015.0,2.0,Baylor,Lamar,-56.5,-110.0,-110.0,14.0
2015.0,2.0,Boston College,Howard,-44.0,-110.0,-110.0,14.0
2015.0,2.0,California,San Diego State,-13.0,-110.0,-110.0,16.0
2015.0,2.0,Central Michigan,Monmouth,-20.5,-110.0,-110.0,14.0
2015.0,2.0,Cincinnati,Temple,-6.0,-110.0,-110.0,16.0
2015.0,2.0,Colorado State,Minnesota,3.5,-110.0,-110.0,16.0
2015.0,2.0,Florida,East Carolina,-20.5,-110.0,-110.0,16.0
2015.0,2.0,Florida State,South Florida,-28.5,-110.0,-110.0,16.0
2015.0,2.0,Georgia Southern,Western Michigan,5.0,-110.0,-110.0,16.0
2015.0,2.0,Georgia Tech,Tulane,-33.0,-110.0,-110.0,16.0
2015.0,2.0,Illinois,Western Illinois,-23.0,-110.0,-110.0,13.0
2015.0,2.0,Indiana,Florida International,-8.5,-110.0,-110.0,16.0
2015.0,2.0,Iowa State,Iowa,3.0,-105.0,-115.0,16.0
2015.0,2.0,Kansas,Memphis,11.5,-110.0,-110.0,16.0
2015.0,2.0,Kent State,Delaware State,-29.5,-110.0,-110.0,14.0
2015.0,2.0,Louisville,Houston,-13.5,-110.0,-110.0,16.0
2015.0,2.0,Maryland,Bowling Green,-7.0,-110.0,-110.0,16.0
2015.0,2.0,Michigan,Oregon State,-13.5,-110.0,-110.0,16.0
2015.0,2.0,Michigan State,Oregon,-5.0,-110.0,-110.0,16.0
2015.0,2.0,Mississippi State,LSU,3.0,-105.0,-114.0,16.0
2015.0,2.0,Nebraska,South Alabama,-27.5,-110.0,-110.0,16.0
2015.0,2.0,Nevada,Arizona,9.5,-110.0,-110.0,16.0
2015.0,2.0,New Mexico,Tulsa,-6.5,-110.0,-110.0,16.0
2015.0,2.0,New Mexico State,Georgia State,-4.5,-110.0,-110.0,16.0
2015.0,2.0,Northern Illinois,Murray State,-29.0,-110.0,-110.0,14.0
2015.0,2.0,Northwestern,Eastern Illinois,-24.0,-110.0,-110.0,14.0
2015.0,2.0,Ohio,Marshall,3.0,-110.0,-110.0,16.0
2015.0,2.0,Oklahoma State,Central Arkansas,-37.0,-110.0,-110.0,13.0
2015.0,2.0,Old Dominion,Norfolk State,-24.0,-110.0,-110.0,12.0
2015.0,2.0,Ole Miss,Fresno State,-32.5,-110.0,-110.0,16.0
2015.0,2.0,Penn State,Buffalo,-17.0,-110.0,-110.0,16.0
2015.0,2.0,Purdue,Indiana State,-15.0,-110.0,-110.0,13.0
2015.0,2.0,Rutgers,Washington State,-5.5,-110.0,-110.0,16.0
2015.0,2.0,South Carolina,Kentucky,-7.0,-105.0,-110.0,16.0
2015.0,2.0,Stanford,UCF,-20.0,-110.0,-110.0,16.0
2015.0,2.0,Syracuse,Wake Forest,-4.0,-110.0,-110.0,16.0
2015.0,2.0,TCU,Stephen F. Austin,-46.0,-110.0,-110.0,14.0
2015.0,2.0,Tennessee,Oklahoma,2.5,-110.0,-110.0,16.0
2015.0,2.0,Texas,Rice,-14.5,-110.0,-110.0,16.0
2015.0,2.0,Texas A&M,Ball State,-31.0,-105.0,-110.0,16.0
2015.0,2.0,Texas Tech,UTEP,-20.5,-110.0,-110.0,16.0
2015.0,2.0,Troy,Charleston Southern,-4.5,-110.0,-110.0,11.0
2015.0,2.0,UNLV,UCLA,32.5,-110.0,-110.0,16.0
2015.0,2.0,USC,Idaho,-44.5,-110.0,-110.0,16.0
2015.0,2.0,Utah,Utah State,-11.5,-110.0,-110.0,16.0
2015.0,2.0,Vanderbilt,Georgia,18.0,-110.0,-110.0,16.0
2015.0,2.0,Virginia,Notre Dame,13.5,-110.0,-110.0,16.0
2015.0,2.0,Virginia Tech,Furman,-35.0,-110.0,-110.0,14.0
2015.0,2.0,Washington,Sacramento State,-30.5,-110.0,-110.0,14.0
2015.0,2.0,West Virginia,Liberty,-32.0,-110.0,-110.0,14.0
2015.0,2.0,Western Kentucky,Louisiana Tech,2.5,-110.0,-110.0,16.0
2015.0,2.0,Wisconsin,Miami (OH),-31.0,-110.0,-110.0,16.0
2015.0,2.0,Wyoming,Eastern Michigan,-11.5,-110.0,-110.0,16.0
2015.0,3.0,Alabama,Ole Miss,-8.0,-110.0,-110.0,16.0
2015.0,3.0,Arizona,Northern Arizona,-34.5,-110.0,-110.0,14.0
2015.0,3.0,Arizona State,New Mexico,-25.0,-110.0,-110.0,16.0
2015.0,3.0,Arkansas,Texas Tech,-10.0,-110.0,-110.0,16.0
2015.0,3.0,Arkansas State,Missouri State,-23.0,-110.0,-110.0,12.0
2015.0,3.0,Army,Wake Forest,7.0,-110.0,-110.0,16.0
2015.0,3.0,Boise State,Idaho State,-28.0,-110.0,-110.0,14.0
2015.0,3.0,Boston College,Florida State,9.0,-110.0,-110.0,16.0
2015.0,3.0,Bowling Green,Memphis,3.5,-110.0,-110.0,16.0
2015.0,3.0,Colorado State,Colorado,3.0,-110.0,-110.0,16.0
2015.0,3.0,Duke,Northwestern,-3.5,-110.0,-110.0,16.0
2015.0,3.0,Eastern Michigan,Ball State,4.5,-110.0,-110.0,16.0
2015.0,3.0,Florida Atlantic,Buffalo,-2.5,-115.0,-105.0,15.0
2015.0,3.0,Fresno State,Utah,12.0,-110.0,-110.0,15.0
2015.0,3.0,Georgia,South Carolina,-15.0,-110.0,-110.0,16.0
2015.0,3.0,Idaho,Wofford,0.0,-110.0,-110.0,12.0
2015.0,3.0,Indiana,Western Kentucky,-2.5,-115.0,-105.0,16.0
2015.0,3.0,Iowa,Pittsburgh,-4.0,-110.0,-110.0,16.0
2015.0,3.0,Kansas State,Louisiana Tech,-10.0,-110.0,-110.0,16.0
2015.0,3.0,Kentucky,Florida,3.5,-110.0,-110.0,16.0
2015.0,3.0,LSU,Auburn,-6.5,-110.0,-110.0,16.0
2015.0,3.0,Louisville,Clemson,5.0,-110.0,-110.0,16.0
2015.0,3.0,Marshall,Norfolk State,-40.0,-110.0,-110.0,14.0
2015.0,3.0,Maryland,South Florida,-6.0,-110.0,-110.0,16.0
2015.0,3.0,Miami (OH),Cincinnati,21.0,-110.0,-110.0,16.0
2015.0,3.0,Michigan,UNLV,-32.0,-110.0,-110.0,15.0
2015.0,3.0,Michigan State,Air Force,-24.5,-110.0,-110.0,15.0
2015.0,3.0,Middle Tennessee,Charlotte,-18.5,-110.0,-110.0,16.0
2015.0,3.0,Minnesota,Kent State,-24.0,-110.0,-110.0,16.0
2015.0,3.0,Mississippi State,Northwestern State,-38.5,-110.0,-110.0,14.0
2015.0,3.0,Navy,East Carolina,-4.5,-110.0,-110.0,16.0
2015.0,3.0,New Mexico State,UTEP,2.5,-105.0,-110.0,16.0
2015.0,3.0,North Carolina,Illinois,-6.5,-105.0,-110.0,16.0
2015.0,3.0,North Texas,Rice,7.0,-110.0,-110.0,16.0
2015.0,3.0,Notre Dame,Georgia Tech,-1.0,-110.0,-110.0,16.0
2015.0,3.0,Ohio State,Northern Illinois,-34.0,-110.0,-110.0,16.0
2015.0,3.0,Oklahoma,Tulsa,-33.0,-110.0,-110.0,16.0
2015.0,3.0,Oregon,Georgia State,-42.5,-110.0,-110.0,16.0
2015.0,3.0,Penn State,Rutgers,-9.0,-110.0,-110.0,16.0
2015.0,3.0,Purdue,Virginia Tech,5.5,-110.0,-110.0,16.0
2015.0,3.0,San Diego State,South Alabama,-17.5,-110.0,-110.0,16.0
2015.0,3.0,Syracuse,Central Michigan,-8.0,-110.0,-110.0,16.0
2015.0,3.0,Tennessee,Western Carolina,-37.0,-110.0,-110.0,12.0
2015.0,3.0,Texas,California,5.0,-110.0,-105.0,16.0
2015.0,3.0,Texas A&M,Nevada,-31.5,-110.0,-110.0,16.0
2015.0,3.0,Toledo,Iowa State,-7.5,-110.0,-105.0,16.0
2015.0,3.0,Tulane,Maine,-10.0,-110.0,-110.0,13.0
2015.0,3.0,UCF,Furman,-24.5,-110.0,-110.0,14.0
2015.0,3.0,USC,Stanford,-9.5,-110.0,-110.0,16.0
2015.0,3.0,Vanderbilt,Austin Peay,-47.0,-110.0,-110.0,14.0
2015.0,3.0,Virginia,William & Mary,-22.0,-110.0,-110.0,13.0
2015.0,3.0,Washington,Utah State,-7.0,-110.0,-110.0,16.0
2015.0,3.0,Washington State,Wyoming,-25.75,-110.0,-107.5,15.0
2015.0,3.0,Western Michigan,Murray State,-28.5,-110.0,-110.0,12.0
2015.0,3.0,Wisconsin,Troy,-29.0,-110.0,-110.0,16.0
2015.0,4.0,Arizona,UCLA,1.0,-110.0,-110.0,16.0
2015.0,4.0,Arizona State,USC,4.5,-110.0,-110.0,16.0
2015.0,4.0,Arkansas,Texas A&M,6.0,-110.0,-110.0,16.0
2015.0,4.0,Auburn,Mississippi State,-1.0,-110.0,-110.0,16.0
2015.0,4.0,Baylor,Rice,-33.0,-110.0,-110.0,16.0
2015.0,4.0,Boston College,Northern Illinois,-3.5,-105.0,-110.0,16.0
2015.0,4.0,Buffalo,Nevada,-3.0,-110.0,-110.0,16.0
2015.0,4.0,Charlotte,Florida Atlantic,10.0,-110.0,-110.0,16.0
2015.0,4.0,Duke,Georgia Tech,7.5,-115.0,-105.0,16.0
2015.0,4.0,East Carolina,Virginia Tech,10.0,-110.0,-110.0,16.0
2015.0,4.0,Eastern Michigan,Army,2.0,-110.0,-110.0,16.0
2015.0,4.0,Florida,Tennessee,1.0,-110.0,-110.0,16.0
2015.0,4.0,Houston,Texas State,-17.5,-110.0,-110.0,16.0
2015.0,4.0,Idaho,Georgia Southern,16.0,-110.0,-110.0,16.0
2015.0,4.0,Illinois,Middle Tennessee,-3.5,-110.0,-110.0,16.0
2015.0,4.0,Iowa,North Texas,-25.5,-110.0,-110.0,16.0
2015.0,4.0,Kent State,Marshall,6.5,-110.0,-107.0,16.0
2015.0,4.0,Kentucky,Missouri,-3.0,-110.0,-110.0,16.0
2015.0,4.0,Louisiana Tech,Florida International,-14.0,-110.0,-110.0,16.0
2015.0,4.0,Louisville,Samford,-29.0,-110.0,-110.0,14.0
2015.0,4.0,Memphis,Cincinnati,-7.5,-110.0,-110.0,15.0
2015.0,4.0,Michigan State,Central Michigan,-25.0,-110.0,-110.0,16.0
2015.0,4.0,Minnesota,Ohio,-7.5,-110.0,-110.0,16.0
2015.0,4.0,North Carolina,Delaware,-37.5,-110.0,-110.0,14.0
2015.0,4.0,Northwestern,Ball State,-17.5,-110.0,-110.0,16.0
2015.0,4.0,Ohio State,Western Michigan,-34.5,-110.0,-110.0,16.0
2015.0,4.0,Ole Miss,Vanderbilt,-27.0,-110.0,-110.0,16.0
2015.0,4.0,Oregon,Utah,-10.0,-110.0,-110.0,16.0
2015.0,4.0,Oregon State,Stanford,14.0,-110.0,-110.0,16.0
2015.0,4.0,Penn State,San Diego State,-14.0,-110.0,-110.0,16.0
2015.0,4.0,Purdue,Bowling Green,4.5,-110.0,-110.0,16.0
2015.0,4.0,Rutgers,Kansas,-13.5,-110.0,-110.0,16.0
2015.0,4.0,South Carolina,UCF,-14.0,-110.0,-110.0,16.0
2015.0,4.0,Syracuse,LSU,23.5,-110.0,-110.0,16.0
2015.0,4.0,Texas,Oklahoma State,2.5,-105.0,-112.0,16.0
2015.0,4.0,Texas Tech,TCU,5.0,-110.0,-110.0,16.0
2015.0,4.0,Toledo,Arkansas State,-4.0,-110.0,-110.0,16.0
2015.0,4.0,UNLV,Idaho State,-11.0,-110.0,-110.0,14.0
2015.0,4.0,UTEP,Incarnate Word,-27.0,-110.0,-110.0,14.0
2015.0,4.0,Virginia,Boise State,0.0,-110.0,-110.0,15.0
2015.0,4.0,Wake Forest,Indiana,3.5,-110.0,-110.0,16.0
2015.0,4.0,Washington,California,1.0,-110.0,-110.0,16.0
2015.0,4.0,West Virginia,Maryland,-16.5,-110.0,-110.0,16.0
2015.0,4.0,Western Kentucky,Miami (OH),-20.0,-110.0,-110.0,16.0
2015.0,4.0,Wyoming,New Mexico,4.0,-110.0,-110.0,16.0
2015.0,5.0,Akron,Ohio,2.5,-105.0,-110.0,16.0
2015.0,5.0,Arkansas State,Idaho,-22.0,-110.0,-110.0,16.0
2015.0,5.0,Ball State,Toledo,5.5,-110.0,-110.0,16.0
2015.0,5.0,Baylor,Texas Tech,-17.0,-110.0,-110.0,16.0
2015.0,5.0,Buffalo,Bowling Green,7.0,-105.0,-110.0,16.0
2015.0,5.0,California,Washington State,-17.0,-110.0,-110.0,16.0
2015.0,5.0,Central Michigan,Northern Illinois,1.0,-105.0,-110.0,16.0
2015.0,5.0,Charlotte,Temple,20.0,-110.0,-110.0,16.0
2015.0,5.0,Clemson,Notre Dame,-3.0,-105.0,-115.0,16.0
2015.0,5.0,Colorado,Oregon,7.0,-115.0,-105.0,16.0
2015.0,5.0,Duke,Boston College,-4.5,-110.0,-110.0,16.0
2015.0,5.0,Florida,Ole Miss,7.0,-105.0,-110.0,16.0
2015.0,5.0,Georgia,Alabama,-1.0,-110.0,-110.0,16.0
2015.0,5.0,Georgia State,Liberty,2.5,-110.0,-110.0,15.0
2015.0,5.0,Georgia Tech,North Carolina,-6.5,-110.0,-110.0,16.0
2015.0,5.0,Illinois,Nebraska,3.0,-110.0,-110.0,16.0
2015.0,5.0,Indiana,Ohio State,21.5,-110.0,-110.0,16.0
2015.0,5.0,Iowa State,Kansas,-20.0,-110.0,-110.0,16.0
2015.0,5.0,Kent State,Miami (OH),-10.5,-110.0,-110.0,16.0
2015.0,5.0,Kentucky,Eastern Kentucky,-27.5,-110.0,-110.0,15.0
2015.0,5.0,LSU,Eastern Michigan,-44.5,-110.0,-110.0,16.0
2015.0,5.0,Marshall,Old Dominion,-17.0,-110.0,-110.0,16.0
2015.0,5.0,Maryland,Michigan,13.5,-106.0,-110.0,16.0
2015.0,5.0,Michigan State,Purdue,-23.0,-110.0,-110.0,16.0
2015.0,5.0,Middle Tennessee,Vanderbilt,-2.0,-110.0,-105.0,16.0
2015.0,5.0,Missouri,South Carolina,-2.5,-110.0,-110.0,16.0
2015.0,5.0,Navy,Air Force,-4.5,-110.0,-110.0,16.0
2015.0,5.0,Nevada,UNLV,-6.0,-110.0,-110.0,16.0
2015.0,5.0,New Mexico,New Mexico State,-11.0,-110.0,-105.0,16.0
2015.0,5.0,Northwestern,Minnesota,-4.5,-110.0,-110.0,16.0
2015.0,5.0,Oklahoma,West Virginia,-6.0,-110.0,-110.0,16.0
2015.0,5.0,Oklahoma State,Kansas State,-7.0,-105.0,-115.0,16.0
2015.0,5.0,Penn State,Army,-26.0,-110.0,-110.0,16.0
2015.0,5.0,Rice,Western Kentucky,7.0,-110.0,-110.0,16.0
2015.0,5.0,San Diego State,Fresno State,-7.5,-110.0,-108.0,16.0
2015.0,5.0,South Florida,Memphis,7.5,-110.0,-110.0,16.0
2015.0,5.0,Stanford,Arizona,-12.5,-110.0,-110.0,16.0
2015.0,5.0,TCU,Texas,-14.0,-110.0,-110.0,16.0
2015.0,5.0,Tennessee,Arkansas,-5.5,-110.0,-110.0,16.0
2015.0,5.0,Texas A&M,Mississippi State,-4.0,-110.0,-110.0,16.0
2015.0,5.0,Troy,South Alabama,-6.0,-110.0,-108.0,16.0
2015.0,5.0,Tulane,UCF,1.5,-110.0,-110.0,16.0
2015.0,5.0,Tulsa,Houston,9.0,-110.0,-110.0,16.0
2015.0,5.0,UCLA,Arizona State,-13.0,-110.0,-110.0,16.0
2015.0,5.0,Utah State,Colorado State,-5.5,-110.0,-110.0,16.0
2015.0,5.0,Virginia Tech,Pittsburgh,-3.5,-110.0,-110.0,16.0
2015.0,5.0,Wake Forest,Florida State,19.0,-110.0,-110.0,16.0
2015.0,5.0,Wisconsin,Iowa,-5.0,-110.0,-110.0,16.0
2015.0,6.0,Air Force,Wyoming,-21.0,-110.0,-110.0,16.0
2015.0,6.0,Alabama,Arkansas,-15.5,-110.0,-110.0,16.0
2015.0,6.0,Arizona,Oregon State,-8.5,-110.0,-110.0,16.0
2015.0,6.0,Arizona State,Colorado,-16.5,-110.0,-110.0,16.0
2015.0,6.0,Army,Duke,13.5,-110.0,-110.0,16.0
2015.0,6.0,Boston College,Wake Forest,-9.5,-110.0,-110.0,16.0
2015.0,6.0,Clemson,Georgia Tech,-7.5,-110.0,-110.0,16.0
2015.0,6.0,Colorado State,Boise State,15.5,-110.0,-110.0,16.0
2015.0,6.0,Eastern Michigan,Akron,8.5,-110.0,-110.0,16.0
2015.0,6.0,Florida Atlantic,Rice,-3.5,-110.0,-110.0,16.0
2015.0,6.0,Florida International,UTEP,-14.0,-110.0,-110.0,16.0
2015.0,6.0,Fresno State,Utah State,12.5,-110.0,-110.0,16.0
2015.0,6.0,Iowa,Illinois,-10.5,-110.0,-110.0,16.0
2015.0,6.0,Kansas,Baylor,46.0,-110.0,-110.0,16.0
2015.0,6.0,Kansas State,TCU,9.0,-110.0,-110.0,16.0
2015.0,6.0,Michigan,Northwestern,-10.5,-110.0,-110.0,16.0
2015.0,6.0,Mississippi State,Troy,-31.5,-110.0,-110.0,16.0
2015.0,6.0,Missouri,Florida,6.5,-110.0,-105.0,16.0
2015.0,6.0,Nebraska,Wisconsin,2.5,-105.0,-115.0,16.0
2015.0,6.0,Nevada,New Mexico,-4.0,-110.0,-110.0,16.0
2015.0,6.0,North Texas,Portland State,3.5,-110.0,-110.0,14.0
2015.0,6.0,Northern Illinois,Ball State,-10.5,-108.0,-110.0,16.0
2015.0,6.0,Notre Dame,Navy,-14.0,-110.0,-110.0,16.0
2015.0,6.0,Ohio,Miami (OH),-15.5,-110.0,-110.0,16.0
2015.0,6.0,Ohio State,Maryland,-32.0,-110.0,-110.0,16.0
2015.0,6.0,Ole Miss,New Mexico State,-45.5,-110.0,-110.0,16.0
2015.0,6.0,Oregon,Washington State,-15.5,-110.0,-110.0,16.0
2015.0,6.0,Penn State,Indiana,-4.5,-110.0,-110.0,16.0
2015.0,6.0,Pittsburgh,Virginia,-8.0,-105.0,-110.0,16.0
2015.0,6.0,Purdue,Minnesota,3.5,-110.0,-105.0,16.0
2015.0,6.0,Rutgers,Michigan State,12.5,-110.0,-110.0,16.0
2015.0,6.0,South Florida,Syracuse,1.5,-110.0,-110.0,16.0
2015.0,6.0,Temple,Tulane,-14.5,-110.0,-110.0,16.0
2015.0,6.0,Tennessee,Georgia,2.5,-110.0,-110.0,16.0
2015.0,6.0,Texas,Oklahoma,16.0,-110.0,-110.0,16.0
2015.0,6.0,Texas Tech,Iowa State,-13.0,-110.0,-110.0,16.0
2015.0,6.0,Toledo,Kent State,-16.5,-110.0,-110.0,16.0
2015.0,6.0,USC,Washington,-17.0,-110.0,-110.0,16.0
2015.0,6.0,Utah,California,-7.5,-110.0,-110.0,16.0
2015.0,6.0,West Virginia,Oklahoma State,-5.0,-110.0,-110.0,16.0
2015.0,6.0,Western Kentucky,Middle Tennessee,-7.0,-110.0,-110.0,16.0
2015.0,6.0,Western Michigan,Central Michigan,-4.5,-110.0,-110.0,16.0
2015.0,7.0,Army,Bucknell,-26.5,-110.0,-110.0,15.0
2015.0,7.0,Ball State,Georgia State,-14.0,-110.0,-110.0,16.0
2015.0,7.0,Baylor,West Virginia,-20.5,-110.0,-110.0,16.0
2015.0,7.0,Bowling Green,Akron,-12.5,-110.0,-110.0,16.0
2015.0,7.0,Central Michigan,Buffalo,-7.0,-105.0,-110.0,16.0
2015.0,7.0,Clemson,Boston College,-18.0,-110.0,-110.0,16.0
2015.0,7.0,Colorado,Arizona,6.0,-110.0,-110.0,16.0
2015.0,7.0,Colorado State,Air Force,3.5,-110.0,-110.0,16.0
2015.0,7.0,East Carolina,Tulsa,-14.0,-110.0,-105.0,16.0
2015.0,7.0,Florida Atlantic,Marshall,3.5,-110.0,-110.0,16.0
2015.0,7.0,Florida State,Louisville,-6.5,-106.0,-110.0,16.0
2015.0,7.0,Fresno State,UNLV,5.5,-107.0,-110.0,16.0
2015.0,7.0,Georgia,Missouri,-15.5,-110.0,-110.0,16.0
2015.0,7.0,Georgia Southern,New Mexico State,-31.0,-110.0,-110.0,16.0
2015.0,7.0,Georgia Tech,Pittsburgh,-3.0,100.0,-116.0,16.0
2015.0,7.0,Indiana,Rutgers,-6.5,-110.0,-105.0,16.0
2015.0,7.0,Iowa State,TCU,20.5,-108.0,-110.0,16.0
2015.0,7.0,Kansas,Texas Tech,33.0,-110.0,-110.0,16.0
2015.0,7.0,Kansas State,Oklahoma,4.5,-110.0,-110.0,16.0
2015.0,7.0,Kentucky,Auburn,2.0,-110.0,-110.0,16.0
2015.0,7.0,LSU,Florida,-6.0,-110.0,-110.0,16.0
2015.0,7.0,Memphis,Ole Miss,10.0,-105.0,-112.0,16.0
2015.0,7.0,Miami (OH),Northern Illinois,18.0,-110.0,-110.0,16.0
2015.0,7.0,Michigan,Michigan State,-7.5,-108.0,-110.0,16.0
2015.0,7.0,Middle Tennessee,Florida International,-10.5,-110.0,-110.0,16.0
2015.0,7.0,Minnesota,Nebraska,0.0,-110.0,-110.0,16.0
2015.0,7.0,Mississippi State,Louisiana Tech,-11.0,-110.0,-110.0,16.0
2015.0,7.0,North Carolina,Wake Forest,-17.0,-105.0,-114.0,16.0
2015.0,7.0,North Texas,Western Kentucky,34.5,-110.0,-110.0,16.0
2015.0,7.0,Northwestern,Iowa,1.5,-110.0,-110.0,16.0
2015.0,7.0,Notre Dame,USC,-6.0,-110.0,-110.0,16.0
2015.0,7.0,Ohio,Western Michigan,-3.5,-110.0,-110.0,16.0
2015.0,7.0,Ohio State,Penn State,-18.5,-110.0,-110.0,16.0
2015.0,7.0,Old Dominion,Charlotte,-4.5,-110.0,-110.0,16.0
2015.0,7.0,South Alabama,Arkansas State,3.5,-105.0,-110.0,16.0
2015.0,7.0,South Carolina,Vanderbilt,-1.5,-110.0,-110.0,16.0
2015.0,7.0,Stanford,UCLA,-6.5,-109.0,-110.0,16.0
2015.0,7.0,Temple,UCF,-20.0,-110.0,-110.0,16.0
2015.0,7.0,Texas A&M,Alabama,5.0,-110.0,-110.0,16.0
2015.0,7.0,Toledo,Eastern Michigan,-28.5,-110.0,-110.0,16.0
2015.0,7.0,Troy,Idaho,-10.0,-110.0,-110.0,16.0
2015.0,7.0,Tulane,Houston,21.0,-110.0,-110.0,16.0
2015.0,7.0,Utah,Arizona State,-5.0,-110.0,-110.0,16.0
2015.0,7.0,Utah State,Boise State,7.5,-110.0,-110.0,16.0
2015.0,7.0,Virginia,Syracuse,-7.0,-110.0,-110.0,16.0
2015.0,7.0,Washington,Oregon,-3.0,-110.0,-105.0,16.0
2015.0,7.0,Washington State,Oregon State,-7.5,-110.0,-110.0,16.0
2015.0,7.0,Wisconsin,Purdue,-22.5,-110.0,-110.0,16.0
2015.0,7.0,Wyoming,Nevada,6.0,-110.0,-110.0,16.0
2015.0,8.0,Air Force,Fresno State,-17.0,-110.0,-110.0,17.0
2015.0,8.0,Alabama,Tennessee,-14.5,-110.0,-110.0,17.0
2015.0,8.0,Arizona,Washington State,-6.25,-110.0,-110.0,17.0
2015.0,8.0,Arkansas,Auburn,-7.0,-110.0,-110.0,17.0
2015.0,8.0,Ball State,Central Michigan,7.0,-105.0,-111.0,17.0
2015.0,8.0,Baylor,Iowa State,-35.5,-110.0,-110.0,17.0
2015.0,8.0,Boise State,Wyoming,-33.5,-110.0,-110.0,17.0
2015.0,8.0,Buffalo,Ohio,3.0,-110.0,-110.0,17.0
2015.0,8.0,East Carolina,Temple,-3.0,-105.0,-115.0,17.0
2015.0,8.0,Florida International,Old Dominion,-14.0,-110.0,-110.0,17.0
2015.0,8.0,Georgia Tech,Florida State,5.5,-110.0,-110.0,17.0
2015.0,8.0,Illinois,Wisconsin,4.5,-110.0,-110.0,17.0
2015.0,8.0,Kent State,Bowling Green,13.0,-110.0,-110.0,17.0
2015.0,8.0,LSU,Western Kentucky,-15.5,-110.0,-110.0,17.0
2015.0,8.0,Louisiana Tech,Middle Tennessee,-7.0,-107.5,-110.0,17.0
2015.0,8.0,Louisville,Boston College,-7.5,-110.0,-110.0,17.0
2015.0,8.0,Marshall,North Texas,-27.5,-110.0,-110.0,17.0
2015.0,8.0,Maryland,Penn State,6.0,-110.0,-110.0,17.0
2015.0,8.0,Michigan State,Indiana,-14.5,-110.0,-110.0,17.0
2015.0,8.0,Mississippi State,Kentucky,-13.25,-110.0,-110.0,17.0
2015.0,8.0,Navy,Tulane,-25.0,-110.0,-110.0,17.0
2015.0,8.0,Nebraska,Northwestern,-7.0,-107.5,-110.0,17.0
2015.0,8.0,New Mexico State,Troy,3.0,-105.0,-110.0,17.0
2015.0,8.0,North Carolina,Virginia,-16.5,-110.0,-110.0,17.0
2015.0,8.0,Northern Illinois,Eastern Michigan,-28.0,-110.0,-110.0,17.0
2015.0,8.0,Oklahoma,Texas Tech,-14.5,-110.0,-110.0,17.0
2015.0,8.0,Oklahoma State,Kansas,-33.5,-110.0,-110.0,17.0
2015.0,8.0,Ole Miss,Texas A&M,-6.0,-110.0,-110.0,17.0
2015.0,8.0,Oregon State,Colorado,-1.0,-110.0,-110.0,17.0
2015.0,8.0,Rice,Army,-7.0,-105.0,-110.0,17.0
2015.0,8.0,Rutgers,Ohio State,23.0,-105.0,-110.0,17.0
2015.0,8.0,San Diego State,Utah State,4.0,-110.0,-110.0,17.0
2015.0,8.0,Stanford,Washington,-14.5,-110.0,-110.0,17.0
2015.0,8.0,Syracuse,Pittsburgh,8.75,-110.0,-110.0,17.0
2015.0,8.0,Texas,Kansas State,-7.0,-110.0,-110.0,17.0
2015.0,8.0,Texas State,South Alabama,2.0,-110.0,-110.0,17.0
2015.0,8.0,Tulsa,Memphis,9.5,-110.0,-110.0,17.0
2015.0,8.0,UCF,Houston,20.5,-110.0,-110.0,17.0
2015.0,8.0,UCLA,California,-3.5,-105.0,-115.0,17.0
2015.0,8.0,USC,Utah,-6.0,-110.0,-110.0,17.0
2015.0,8.0,UTEP,Florida Atlantic,4.5,-110.0,-110.0,17.0
2015.0,8.0,Vanderbilt,Missouri,1.5,-110.0,-110.0,17.0
2015.0,8.0,Virginia Tech,Duke,-3.5,-110.0,-110.0,17.0
2015.0,8.0,Western Michigan,Miami (OH),-24.25,-110.0,-110.0,17.0
2015.0,9.0,Akron,Central Michigan,3.0,-115.0,-105.0,17.0
2015.0,9.0,Arizona State,Oregon,-2.5,-110.0,-110.0,17.0
2015.0,9.0,Arkansas State,Georgia State,-17.0,-110.0,-105.5,17.0
2015.0,9.0,Auburn,Ole Miss,8.5,-110.0,-110.0,17.0
2015.0,9.0,Boston College,Virginia Tech,3.5,-110.0,-110.0,17.0
2015.0,9.0,California,USC,4.5,-110.0,-110.0,17.0
2015.0,9.0,Charlotte,Marshall,17.0,-110.0,-110.0,17.0
2015.0,9.0,Cincinnati,UCF,-25.5,-110.0,-110.0,17.0
2015.0,9.0,Colorado State,San Diego State,3.0,-110.0,-110.0,17.0
2015.0,9.0,Eastern Michigan,Western Michigan,18.5,-110.0,-110.0,17.0
2015.0,9.0,Florida Atlantic,Florida International,2.5,-110.0,-110.0,17.0
2015.0,9.0,Florida State,Syracuse,-16.0,-110.0,-110.0,17.0
2015.0,9.0,Georgia Southern,Texas State,-20.5,-110.0,-110.0,17.0
2015.0,9.0,Houston,Vanderbilt,-11.0,-110.0,-110.0,17.0
2015.0,9.0,Iowa,Maryland,-18.0,-110.0,-110.0,17.0
2015.0,9.0,Iowa State,Texas,3.5,-110.0,-110.0,17.0
2015.0,9.0,Kansas,Oklahoma,39.5,-110.0,-110.0,17.0
2015.0,9.0,Kentucky,Tennessee,10.5,-105.0,-112.0,17.0
2015.0,9.0,Memphis,Tulane,-30.25,-110.0,-110.0,17.0
2015.0,9.0,Miami (OH),Buffalo,7.0,-115.0,-105.0,17.0
2015.0,9.0,Minnesota,Michigan,11.0,-110.0,-110.0,17.0
2015.0,9.0,Navy,South Florida,-6.0,-110.0,-110.0,17.0
2015.0,9.0,New Mexico State,Idaho,7.0,-110.0,-110.0,17.0
2015.0,9.0,Old Dominion,Western Kentucky,25.0,-110.0,-110.0,17.0
2015.0,9.0,Penn State,Illinois,-4.0,-110.0,-110.0,17.0
2015.0,9.0,Pittsburgh,North Carolina,1.0,-110.0,-110.0,17.0
2015.0,9.0,Purdue,Nebraska,8.0,-110.0,-110.0,17.0
2015.0,9.0,Rice,Louisiana Tech,10.5,-110.0,-110.0,17.0
2015.0,9.0,TCU,West Virginia,-12.0,-110.0,-110.0,17.0
2015.0,9.0,Temple,Notre Dame,11.75,-110.0,-110.0,17.0
2015.0,9.0,Texas A&M,South Carolina,-14.0,-110.0,-110.0,17.0
2015.0,9.0,Texas Tech,Oklahoma State,2.5,-110.0,-110.0,17.0
2015.0,9.0,UCLA,Colorado,-23.5,-110.0,-110.0,17.0
2015.0,9.0,UNLV,Boise State,21.0,-110.0,-110.0,17.0
2015.0,9.0,Utah,Oregon State,-26.0,-110.0,-110.0,17.0
2015.0,9.0,Utah State,Wyoming,-25.5,-110.0,-110.0,17.0
2015.0,9.0,Virginia,Georgia Tech,4.5,-110.0,-110.0,17.0
2015.0,9.0,Wake Forest,Louisville,11.75,-110.0,-110.0,17.0
2015.0,9.0,Washington,Arizona,-6.0,-110.0,-110.0,17.0
2015.0,9.0,Washington State,Stanford,10.0,-110.0,-110.0,17.0
2015.0,9.0,Wisconsin,Rutgers,-18.5,-110.0,-110.0,17.0
2015.0,10.0,Air Force,Army,-16.5,-110.0,-110.0,17.0
2015.0,10.0,Alabama,LSU,-7.5,-107.5,-110.0,17.0
2015.0,10.0,Bowling Green,Ohio,-20.5,-110.0,-110.0,17.0
2015.0,10.0,Clemson,Florida State,-12.5,-110.0,-110.0,17.0
2015.0,10.0,Colorado,Stanford,15.25,-110.0,-110.0,17.0
2015.0,10.0,East Carolina,South Florida,-5.0,-110.0,-110.0,17.0
2015.0,10.0,Florida,Vanderbilt,-21.0,-110.0,-110.0,17.0
2015.0,10.0,Florida International,Charlotte,-17.0,-110.0,-110.0,17.0
2015.0,10.0,Fresno State,Nevada,4.0,-110.0,-110.0,17.0
2015.0,10.0,Georgia,Kentucky,-17.0,-110.0,-110.0,17.0
2015.0,10.0,Houston,Cincinnati,-8.0,-110.0,-110.0,17.0
2015.0,10.0,Indiana,Iowa,7.0,-110.0,-110.0,17.0
2015.0,10.0,Kansas State,Baylor,17.0,-110.0,-110.0,17.0
2015.0,10.0,Kent State,Buffalo,-1.0,-110.0,-110.0,17.0
2015.0,10.0,Louisiana Tech,North Texas,-29.0,-110.0,-110.0,17.0
2015.0,10.0,Louisville,Syracuse,-17.0,-110.0,-110.0,17.0
2015.0,10.0,Maryland,Wisconsin,10.0,-110.0,-110.0,17.0
2015.0,10.0,Memphis,Navy,-10.5,-110.0,-110.0,17.0
2015.0,10.0,Miami (OH),Eastern Michigan,-4.5,-110.0,-110.0,17.0
2015.0,10.0,Michigan,Rutgers,-24.5,-110.0,-110.0,17.0
2015.0,10.0,Middle Tennessee,Marshall,-2.0,-110.0,-110.0,17.0
2015.0,10.0,Missouri,Mississippi State,7.5,-110.0,-107.5,17.0
2015.0,10.0,Nebraska,Michigan State,4.0,-110.0,-110.0,17.0
2015.0,10.0,New Mexico,Utah State,20.5,-110.0,-110.0,17.0
2015.0,10.0,North Carolina,Duke,-7.0,-110.0,-107.5,17.0
2015.0,10.0,Northwestern,Penn State,2.5,-110.0,-110.0,17.0
2015.0,10.0,Ohio State,Minnesota,-23.5,-110.0,-110.0,17.0
2015.0,10.0,Oklahoma,Iowa State,-25.0,-110.0,-105.0,17.0
2015.0,10.0,Oklahoma State,TCU,6.25,-110.0,-110.0,17.0
2015.0,10.0,Ole Miss,Arkansas,-7.5,-110.0,-110.0,17.0
2015.0,10.0,Oregon,California,-3.5,-105.0,-115.0,17.0
2015.0,10.0,Oregon State,UCLA,16.5,-108.0,-110.0,17.0
2015.0,10.0,Pittsburgh,Notre Dame,9.0,-110.0,-110.0,17.0
2015.0,10.0,Purdue,Illinois,4.0,-110.0,-110.0,17.0
2015.0,10.0,South Alabama,Idaho,-8.0,-110.0,-110.0,17.0
2015.0,10.0,Tennessee,South Carolina,-17.0,-110.0,-105.0,17.0
2015.0,10.0,Texas,Kansas,-28.5,-110.0,-110.0,17.0
2015.0,10.0,Texas A&M,Auburn,-7.0,-110.0,-110.0,17.0
2015.0,10.0,Texas State,New Mexico State,-16.5,-108.0,-110.0,17.0
2015.0,10.0,Toledo,Northern Illinois,-7.0,-110.0,-110.0,17.0
2015.0,10.0,Tulsa,UCF,-17.0,-110.0,-110.0,17.0
2015.0,10.0,USC,Arizona,-19.0,-110.0,-110.0,17.0
2015.0,10.0,UTEP,Rice,4.5,-110.0,-110.0,17.0
2015.0,10.0,Washington,Utah,-3.0,-105.0,-115.0,17.0
2015.0,10.0,Washington State,Arizona State,-2.5,-105.0,-112.5,17.0
2015.0,10.0,West Virginia,Texas Tech,-9.0,-110.0,-110.0,17.0
2015.0,10.0,Western Kentucky,Florida Atlantic,-25.5,-110.0,-110.0,17.0
2015.0,10.0,Western Michigan,Ball State,-15.25,-110.0,-110.0,17.0
2015.0,10.0,Wyoming,Colorado State,9.5,-110.0,-110.0,17.0
2015.0,11.0,Air Force,Utah State,2.25,-107.5,-110.0,17.0
2015.0,11.0,Arizona,Utah,6.0,-110.0,-110.0,17.0
2015.0,11.0,Arizona State,Washington,-2.5,-110.0,-110.0,17.0
2015.0,11.0,Army,Tulane,-3.0,-110.0,-110.0,17.0
2015.0,11.0,Auburn,Georgia,1.0,-110.0,-110.0,17.0
2015.0,11.0,Baylor,Oklahoma,-2.0,-110.0,-110.0,17.0
2015.0,11.0,Boise State,New Mexico,-30.5,-110.0,-110.0,17.0
2015.0,11.0,Buffalo,Northern Illinois,7.0,-110.0,-110.0,17.0
2015.0,11.0,California,Oregon State,-21.0,-110.0,-110.0,17.0
2015.0,11.0,Central Michigan,Toledo,3.0,-115.0,-2.5,17.0
2015.0,11.0,Cincinnati,Tulsa,-22.5,-110.0,-110.0,17.0
2015.0,11.0,Colorado,USC,17.0,-110.0,-110.0,17.0
2015.0,11.0,Colorado State,UNLV,-7.5,-115.0,-105.0,17.0
2015.0,11.0,Duke,Pittsburgh,2.25,-105.5,-114.0,17.0
2015.0,11.0,Florida Atlantic,Middle Tennessee,5.5,-110.0,-110.0,17.0
2015.0,11.0,Georgia Tech,Virginia Tech,-1.5,-110.0,-110.0,17.0
2015.0,11.0,Houston,Memphis,-5.5,-110.0,-110.0,17.0
2015.0,11.0,Illinois,Ohio State,17.5,-110.0,-110.0,17.0
2015.0,11.0,Indiana,Michigan,12.5,-110.0,-110.0,17.0
2015.0,11.0,Iowa,Minnesota,-9.0,-110.0,-110.0,17.0
2015.0,11.0,Iowa State,Oklahoma State,12.0,-110.0,-110.0,17.0
2015.0,11.0,LSU,Arkansas,-6.5,-110.0,-110.0,17.0
2015.0,11.0,Louisville,Virginia,-13.5,-110.0,-110.0,17.0
2015.0,11.0,Marshall,Florida International,-9.5,-110.0,-110.0,17.0
2015.0,11.0,Miami (OH),Akron,6.5,-110.0,-110.0,17.0
2015.0,11.0,Michigan State,Maryland,-14.5,-110.0,-110.0,17.0
2015.0,11.0,Mississippi State,Alabama,7.0,-105.0,-112.0,17.0
2015.0,11.0,Northwestern,Purdue,-14.0,-110.0,-110.0,17.0
2015.0,11.0,Notre Dame,Wake Forest,-25.5,-110.0,-110.0,17.0
2015.0,11.0,Ohio,Kent State,-6.5,-115.0,-105.0,17.0
2015.0,11.0,Old Dominion,UTEP,-7.5,-110.0,-110.0,17.0
2015.0,11.0,Rutgers,Nebraska,7.5,-110.0,-105.0,17.0
2015.0,11.0,San Diego State,Wyoming,-23.5,-110.0,-110.0,17.0
2015.0,11.0,South Carolina,Florida,7.0,-105.0,-115.0,17.0
2015.0,11.0,South Florida,Temple,3.0,-105.0,-105.0,14.0
2015.0,11.0,Stanford,Oregon,-10.0,-107.5,-110.0,17.0
2015.0,11.0,Syracuse,Clemson,30.0,-110.0,-110.0,17.0
2015.0,11.0,TCU,Kansas,-46.75,-110.0,-110.0,17.0
2015.0,11.0,Tennessee,North Texas,-41.0,-110.0,-110.0,17.0
2015.0,11.0,Texas A&M,Western Carolina,-34.0,-110.0,-110.0,16.0
2015.0,11.0,Texas State,Georgia State,-1.5,-109.0,-110.0,17.0
2015.0,11.0,Texas Tech,Kansas State,-5.0,-110.0,-110.0,17.0
2015.0,11.0,Troy,Georgia Southern,4.5,-110.0,-110.0,17.0
2015.0,11.0,UCLA,Washington State,-11.5,-110.0,-110.0,17.0
2015.0,11.0,Vanderbilt,Kentucky,-3.0,-113.0,-105.0,17.0
2015.0,11.0,West Virginia,Texas,-9.0,-110.0,-110.0,17.0
2015.0,11.0,Western Michigan,Bowling Green,3.5,-110.0,-110.0,17.0
2015.0,12.0,Akron,Buffalo,-4.5,-110.0,-110.0,17.0
2015.0,12.0,Alabama,Charleston Southern,-40.5,-110.0,-110.0,16.0
2015.0,12.0,Arizona State,Arizona,-6.0,-110.0,-110.0,17.0
2015.0,12.0,Arkansas,Mississippi State,-6.0,-110.0,-110.0,17.0
2015.0,12.0,Army,Rutgers,3.5,-110.0,-110.0,17.0
2015.0,12.0,Auburn,Idaho,-33.0,-110.0,-110.0,17.0
2015.0,12.0,Boise State,Air Force,-10.5,-110.0,-110.0,17.0
2015.0,12.0,Bowling Green,Toledo,-8.0,-110.0,-110.0,17.0
2015.0,12.0,Clemson,Wake Forest,-28.5,-110.0,-110.0,17.0
2015.0,12.0,Florida,Florida Atlantic,-28.5,-110.0,-110.0,17.0
2015.0,12.0,Florida International,Western Kentucky,20.0,-110.0,-110.0,17.0
2015.0,12.0,Florida State,Chattanooga,-28.0,-110.0,-110.0,15.0
2015.0,12.0,Georgia,Georgia Southern,-13.0,-110.0,-110.0,17.0
2015.0,12.0,Georgia State,South Alabama,-3.0,-105.0,-115.0,17.0
2015.0,12.0,Iowa,Purdue,-23.5,-110.0,-110.0,17.0
2015.0,12.0,Kansas,West Virginia,30.0,-110.0,-110.0,17.0
2015.0,12.0,Kansas State,Iowa State,-3.5,-110.0,-111.0,17.0
2015.0,12.0,Kent State,Central Michigan,8.5,-110.0,-110.0,17.0
2015.0,12.0,Kentucky,Charlotte,-24.0,-110.0,-110.0,17.0
2015.0,12.0,Maryland,Indiana,1.5,-110.0,-110.0,17.0
2015.0,12.0,Middle Tennessee,North Texas,-22.5,-110.0,-110.0,17.0
2015.0,12.0,Minnesota,Illinois,-4.5,-110.0,-110.0,17.0
2015.0,12.0,Missouri,Tennessee,6.0,-110.0,-110.0,17.0
2015.0,12.0,New Mexico,Colorado State,3.0,-115.0,-105.0,17.0
2015.0,12.0,Northern Illinois,Western Michigan,-3.0,-110.0,-110.0,17.0
2015.0,12.0,Ohio,Ball State,-10.0,-110.0,-110.0,17.0
2015.0,12.0,Ohio State,Michigan State,-14.5,-110.0,-110.0,17.0
2015.0,12.0,Oklahoma,TCU,-18.5,-110.0,-110.0,17.0
2015.0,12.0,Oklahoma State,Baylor,3.0,-115.0,-105.0,17.0
2015.0,12.0,Ole Miss,LSU,-7.0,-110.0,-110.0,17.0
2015.0,12.0,Oregon,USC,-3.0,-110.0,-107.5,17.0
2015.0,12.0,Oregon State,Washington,14.5,-110.0,-110.0,17.0
2015.0,12.0,Penn State,Michigan,3.5,-113.5,-105.0,17.0
2015.0,12.0,Pittsburgh,Louisville,1.0,-110.0,-110.0,17.0
2015.0,12.0,South Florida,Cincinnati,1.0,-110.0,-110.0,17.0
2015.0,12.0,Stanford,California,-10.0,-110.0,-110.0,17.0
2015.0,12.0,Temple,Memphis,3.5,-110.0,-110.0,17.0
2015.0,12.0,Tulsa,Navy,13.0,-110.0,-110.0,17.0
2015.0,12.0,UCF,East Carolina,16.0,-110.0,-110.0,17.0
2015.0,12.0,UNLV,San Diego State,15.0,-110.0,-110.0,17.0
2015.0,12.0,UTEP,Louisiana Tech,25.0,-110.0,-110.0,17.0
2015.0,12.0,Utah,UCLA,0.0,-110.0,-110.0,17.0
2015.0,12.0,Utah State,Nevada,-14.0,-110.0,-110.0,17.0
2015.0,12.0,Vanderbilt,Texas A&M,5.0,-110.0,-110.0,17.0
2015.0,12.0,Virginia,Duke,2.5,-110.0,-110.0,17.0
2015.0,12.0,Virginia Tech,North Carolina,4.0,-110.0,-110.0,17.0
2015.0,12.0,Washington State,Colorado,-14.0,-110.0,-110.0,17.0
2015.0,12.0,Wisconsin,Northwestern,-12.25,-110.0,-110.0,17.0
2015.0,13.0,Akron,Kent State,-10.5,-105.0,-110.0,17.0
2015.0,13.0,Arkansas,Missouri,-15.5,-110.0,-110.0,17.0
2015.0,13.0,Auburn,Alabama,14.5,-110.0,-110.0,17.0
2015.0,13.0,Ball State,Bowling Green,23.5,-110.0,-110.0,17.0
2015.0,13.0,California,Arizona State,-3.5,-110.0,-110.0,17.0
2015.0,13.0,Central Michigan,Eastern Michigan,-24.0,-110.0,-110.0,17.0
2015.0,13.0,East Carolina,Cincinnati,2.0,-110.0,-110.0,17.0
2015.0,13.0,Florida,Florida State,3.0,-110.0,-106.0,17.0
2015.0,13.0,Fresno State,Colorado State,10.5,-107.0,-110.0,17.0
2015.0,13.0,Georgia Southern,South Alabama,-21.5,-110.0,-110.0,17.0
2015.0,13.0,Georgia State,Troy,1.0,-110.0,-110.0,17.0
2015.0,13.0,Georgia Tech,Georgia,4.0,-110.0,-110.0,17.0
2015.0,13.0,Houston,Navy,1.25,-110.0,-110.0,16.0
2015.0,13.0,Idaho,Texas State,-4.5,-110.0,-110.0,17.0
2015.0,13.0,Illinois,Northwestern,2.0,-110.0,-110.0,17.0
2015.0,13.0,Kansas,Kansas State,21.0,-105.0,-110.0,17.0
2015.0,13.0,Kentucky,Louisville,6.5,-110.0,-110.0,17.0
2015.0,13.0,LSU,Texas A&M,-6.5,-110.0,-110.0,17.0
2015.0,13.0,Michigan,Ohio State,1.5,-110.0,-110.0,17.0
2015.0,13.0,Michigan State,Penn State,-7.5,-110.0,-110.0,17.0
2015.0,13.0,Minnesota,Wisconsin,2.0,-110.0,-110.0,17.0
2015.0,13.0,Mississippi State,Ole Miss,2.0,-110.0,-110.0,17.0
2015.0,13.0,Nebraska,Iowa,2.5,-110.0,-110.0,17.0
2015.0,13.0,New Mexico,Air Force,11.0,-110.0,-110.0,17.0
2015.0,13.0,New Mexico State,Arkansas State,17.5,-110.0,-110.0,17.0
2015.0,13.0,North Texas,UTEP,-2.5,-115.0,-105.0,17.0
2015.0,13.0,Northern Illinois,Ohio,-11.5,-110.0,-110.0,17.0
2015.0,13.0,Oklahoma State,Oklahoma,7.5,-110.0,-110.0,17.0
2015.0,13.0,Old Dominion,Florida Atlantic,4.0,-110.0,-110.0,16.0
2015.0,13.0,Oregon,Oregon State,-34.5,-110.0,-110.0,17.0
2015.0,13.0,Purdue,Indiana,9.5,-110.0,-110.0,17.0
2015.0,13.0,Rice,Charlotte,-11.0,-110.0,-110.0,17.0
2015.0,13.0,Rutgers,Maryland,-1.0,-110.0,-110.0,17.0
2015.0,13.0,San Diego State,Nevada,-17.0,-110.0,-110.0,17.0
2015.0,13.0,South Carolina,Clemson,20.5,-110.0,-110.0,17.0
2015.0,13.0,Stanford,Notre Dame,-4.0,-110.0,-110.0,17.0
2015.0,13.0,Syracuse,Boston College,2.5,-110.0,-110.0,17.0
2015.0,13.0,TCU,Baylor,2.0,-110.0,-110.0,16.0
2015.0,13.0,Tennessee,Vanderbilt,-18.0,-110.0,-110.0,17.0
2015.0,13.0,Texas,Texas Tech,0.0,-110.0,-110.0,17.0
2015.0,13.0,Toledo,Western Michigan,-7.0,-110.0,-105.0,17.0
2015.0,13.0,Tulane,Tulsa,9.0,-110.0,-110.0,17.0
2015.0,13.0,UCF,South Florida,24.5,-110.0,-110.0,17.0
2015.0,13.0,USC,UCLA,-3.0,-105.0,-115.0,17.0
2015.0,13.0,Utah,Colorado,-16.5,-110.0,-110.0,17.0
2015.0,13.0,Virginia,Virginia Tech,3.5,-115.0,-105.0,17.0
2015.0,13.0,Wake Forest,Duke,4.0,-110.0,-110.0,17.0
2015.0,13.0,Washington,Washington State,-7.5,-107.5,-110.0,16.0
2015.0,13.0,West Virginia,Iowa State,-13.5,-110.0,-110.0,17.0
2015.0,13.0,Western Kentucky,Marshall,-12.5,-110.0,-110.0,17.0
2015.0,13.0,Wyoming,UNLV,2.0,-110.0,-110.0,17.0
2015.0,14.0,Alabama,Florida,-17.0,-110.0,-110.0,16.0
2015.0,14.0,Arkansas State,Texas State,-24.5,-110.0,-110.0,16.0
2015.0,14.0,Baylor,Texas,-21.0,-110.0,-110.0,16.0
2015.0,14.0,Clemson,North Carolina,-6.5,-110.0,-110.0,16.0
2015.0,14.0,Georgia Southern,Georgia State,-20.5,-110.0,-110.0,16.0
2015.0,14.0,Houston,Temple,-5.5,-110.0,-110.0,16.0
2015.0,14.0,Iowa,Michigan State,3.25,-2.5,-114.5,16.0
2015.0,14.0,Kansas State,West Virginia,6.5,-105.0,-110.0,16.0
2015.0,14.0,San Diego State,Air Force,-3.5,-110.0,-110.0,16.0
2015.0,15.0,Navy,Army,-21.5,-110.0,-105.0,16.0
2016.0,1.0,Air Force,Abilene Christian,-42.5,-110.0,-110.0,15.0
2016.0,1.0,Alabama,USC,-13.5,-110.0,-110.0,17.0
2016.0,1.0,Arizona State,Northern Arizona,-27.0,-110.0,-110.0,15.0
2016.0,1.0,Arkansas,Louisiana Tech,-21.0,-110.0,-110.0,17.0
2016.0,1.0,Arkansas State,Toledo,-4.5,-110.0,-110.0,17.0
2016.0,1.0,Auburn,Clemson,8.5,-110.0,-110.0,17.0
2016.0,1.0,Baylor,Northwestern State,-50.5,-110.0,-110.0,15.0
2016.0,1.0,Boston College,Georgia Tech,3.0,-105.0,-110.0,17.0
2016.0,1.0,Colorado,Colorado State,-7.0,-110.0,-110.0,17.0
2016.0,1.0,Duke,North Carolina Central,-34.5,-110.0,-110.0,8.0
2016.0,1.0,East Carolina,Western Carolina,-18.0,-110.0,-110.0,15.0
2016.0,1.0,Eastern Michigan,Mississippi Valley State,-39.0,-110.0,-110.0,15.0
2016.0,1.0,Florida Atlantic,Southern Illinois,-9.5,-110.0,-110.0,15.0
2016.0,1.0,Florida International,Indiana,10.0,-110.0,-110.0,17.0
2016.0,1.0,Florida State,Ole Miss,-4.5,-110.0,-110.0,17.0
2016.0,1.0,Georgia State,Ball State,-6.5,-110.0,-110.0,17.0
2016.0,1.0,Houston,Oklahoma,13.5,-110.0,-110.0,17.0
2016.0,1.0,Idaho,Montana State,-14.5,-110.0,-110.0,15.0
2016.0,1.0,Illinois,Murray State,-33.0,-110.0,-110.0,14.0
2016.0,1.0,Iowa,Miami (OH),-27.5,-110.0,-110.0,17.0
2016.0,1.0,Iowa State,Northern Iowa,-9.5,-110.0,-110.0,15.0
2016.0,1.0,Kansas,Rhode Island,-28.0,-110.0,-110.0,15.0
2016.0,1.0,Louisville,Charlotte,-38.5,-110.0,-110.0,17.0
2016.0,1.0,Maryland,Howard,-50.0,-110.0,-110.0,15.0
2016.0,1.0,Memphis,Southeast Missouri State,-30.5,-110.0,-110.0,15.0
2016.0,1.0,Michigan State,Furman,-38.5,-110.0,-110.0,15.0
2016.0,1.0,Middle Tennessee,Alabama A&M,-47.5,-110.0,-110.0,15.0
2016.0,1.0,Minnesota,Oregon State,-13.0,-110.0,-108.0,17.0
2016.0,1.0,Mississippi State,South Alabama,-28.0,-110.0,-110.0,17.0
2016.0,1.0,Navy,Fordham,-17.0,-110.0,-110.0,15.0
2016.0,1.0,Nebraska,Fresno State,-29.0,-110.0,-110.0,17.0
2016.0,1.0,Nevada,Cal Poly,-22.0,-110.0,-110.0,15.0
2016.0,1.0,New Mexico,South Dakota,-17.0,-110.0,-110.0,15.0
2016.0,1.0,Northwestern,Western Michigan,-3.5,-110.0,-110.0,17.0
2016.0,1.0,Ohio,Texas State,-17.5,-110.0,-110.0,17.0
2016.0,1.0,Ohio State,Bowling Green,-27.5,-110.0,-110.0,17.0
2016.0,1.0,Oregon,UC Davis,-48.5,-110.0,-110.0,15.0
2016.0,1.0,Penn State,Kent State,-24.0,-110.0,-110.0,17.0
2016.0,1.0,Pittsburgh,Villanova,-28.0,-110.0,-110.0,15.0
2016.0,1.0,Purdue,Eastern Kentucky,-22.0,-110.0,-110.0,15.0
2016.0,1.0,San Diego State,New Hampshire,-31.0,-110.0,-110.0,15.0
2016.0,1.0,South Florida,Towson,-27.0,-110.0,-110.0,15.0
2016.0,1.0,Stanford,Kansas State,-12.5,-110.0,-110.0,17.0
2016.0,1.0,Syracuse,Colgate,-23.5,-110.0,-110.0,15.0
2016.0,1.0,TCU,South Dakota State,-35.0,-110.0,-110.0,15.0
2016.0,1.0,Temple,Army,-14.0,-110.0,-110.0,17.0
2016.0,1.0,Texas,Notre Dame,3.5,-110.0,-105.0,17.0
2016.0,1.0,Texas A&M,UCLA,-4.5,-110.0,-110.0,16.0
2016.0,1.0,Texas Tech,Stephen F. Austin,-38.0,-110.0,-110.0,15.0
2016.0,1.0,Troy,Austin Peay,-41.0,-110.0,-110.0,15.0
2016.0,1.0,UNLV,Jackson State,-40.0,-110.0,-110.0,15.0
2016.0,1.0,UTEP,New Mexico State,-9.0,-110.0,-110.0,17.0
2016.0,1.0,Utah,Southern Utah,-28.0,-110.0,-110.0,15.0
2016.0,1.0,Utah State,Weber State,-21.0,-110.0,-110.0,15.0
2016.0,1.0,Vanderbilt,South Carolina,-5.0,-110.0,-110.0,17.0
2016.0,1.0,Virginia,Richmond,-11.5,-110.0,-110.0,15.0
2016.0,1.0,Virginia Tech,Liberty,-32.0,-110.0,-110.0,15.0
2016.0,1.0,Wake Forest,Tulane,-14.0,-110.0,-110.0,17.0
2016.0,1.0,Washington,Rutgers,-25.0,-110.0,-110.0,17.0
2016.0,1.0,Washington State,Eastern Washington,-27.5,-110.0,-110.0,13.0
2016.0,1.0,West Virginia,Missouri,-10.0,-110.0,-110.0,17.0
2016.0,1.0,Western Kentucky,Rice,-19.0,-110.0,-110.0,17.0
2016.0,1.0,Wisconsin,LSU,12.5,-110.0,-110.0,17.0
2016.0,1.0,Wyoming,Northern Illinois,7.0,-110.0,-110.0,17.0
2016.0,2.0,Air Force,Georgia State,-23.5,-110.0,-110.0,17.0
2016.0,2.0,Alabama,Western Kentucky,-27.0,-110.0,-110.0,17.0
2016.0,2.0,Arizona State,Texas Tech,1.5,-110.0,-110.0,17.0
2016.0,2.0,Army,Rice,-8.5,-110.0,-110.0,17.0
2016.0,2.0,Auburn,Arkansas State,-20.5,-110.0,-110.0,17.0
2016.0,2.0,Boise State,Washington State,-13.0,-110.0,-110.0,17.0
2016.0,2.0,Bowling Green,North Dakota,-18.0,-110.0,-110.0,16.0
2016.0,2.0,Charlotte,Elon,-21.75,-110.0,-110.0,16.0
2016.0,2.0,Clemson,Troy,-35.0,-110.0,-110.0,17.0
2016.0,2.0,Colorado,Idaho State,-45.0,-110.0,-110.0,16.0
2016.0,2.0,Duke,Wake Forest,-6.5,-109.0,-110.0,17.0
2016.0,2.0,Florida,Kentucky,-14.0,-110.0,-110.0,17.0
2016.0,2.0,Florida International,Maryland,12.0,-110.0,-110.0,17.0
2016.0,2.0,Houston,Lamar,-42.5,-110.0,-110.0,16.0
2016.0,2.0,Illinois,North Carolina,7.0,-115.0,-105.0,17.0
2016.0,2.0,Indiana,Ball State,-17.0,-110.0,-110.0,17.0
2016.0,2.0,Iowa,Iowa State,-15.5,-110.0,-110.0,17.0
2016.0,2.0,Kansas,Ohio,-2.5,-110.0,-110.0,17.0
2016.0,2.0,Kent State,North Carolina A&T,-11.5,-110.0,-110.0,15.0
2016.0,2.0,LSU,Jacksonville State,-31.0,-110.0,-110.0,16.0
2016.0,2.0,Louisiana Tech,South Carolina State,-34.5,-110.0,-110.0,13.0
2016.0,2.0,Marshall,Morgan State,-42.5,-110.0,-110.0,16.0
2016.0,2.0,Miami (OH),Eastern Illinois,-10.0,-110.0,-110.0,16.0
2016.0,2.0,Michigan,UCF,-36.0,-110.0,-110.0,17.0
2016.0,2.0,Minnesota,Indiana State,-24.5,-110.0,-110.0,16.0
2016.0,2.0,Mississippi State,South Carolina,-7.5,-110.0,-110.0,17.0
2016.0,2.0,Missouri,Eastern Michigan,-23.0,-110.0,-110.0,17.0
2016.0,2.0,Nebraska,Wyoming,-26.0,-110.0,-110.0,17.0
2016.0,2.0,New Mexico State,New Mexico,11.0,-110.0,-110.0,17.0
2016.0,2.0,North Texas,Bethune-Cookman,-10.5,-110.0,-110.0,16.0
2016.0,2.0,Northwestern,Illinois State,-12.0,-110.0,-110.0,16.0
2016.0,2.0,Notre Dame,Nevada,-27.5,-110.0,-110.0,17.0
2016.0,2.0,Ohio State,Tulsa,-28.0,-110.0,-110.0,17.0
2016.0,2.0,Oklahoma State,Central Michigan,-17.5,-110.0,-110.0,17.0
2016.0,2.0,Ole Miss,Wofford,-44.0,-110.0,-110.0,16.0
2016.0,2.0,Oregon,Virginia,-24.0,-110.0,-110.0,17.0
2016.0,2.0,Pittsburgh,Penn State,-3.0,-115.0,-105.0,17.0
2016.0,2.0,Purdue,Cincinnati,3.0,-104.0,-115.0,17.0
2016.0,2.0,Rutgers,Howard,-43.0,-110.0,-110.0,16.0
2016.0,2.0,San Diego State,California,-5.5,-110.0,-110.0,17.0
2016.0,2.0,South Alabama,Georgia Southern,13.5,-110.0,-110.0,17.0
2016.0,2.0,South Florida,Northern Illinois,-14.5,-110.0,-110.0,17.0
2016.0,2.0,Syracuse,Louisville,17.0,-110.0,-110.0,17.0
2016.0,2.0,TCU,Arkansas,-10.5,-110.0,-110.0,17.0
2016.0,2.0,Temple,Stony Brook,-23.5,-110.0,-110.0,16.0
2016.0,2.0,Tennessee,Virginia Tech,-11.0,-110.0,-110.0,17.0
2016.0,2.0,Texas,UTEP,-31.0,-110.0,-110.0,17.0
2016.0,2.0,Toledo,Maine,-31.0,-110.0,-110.0,16.0
2016.0,2.0,UCLA,UNLV,-27.0,-110.0,-110.0,17.0
2016.0,2.0,USC,Utah State,-16.5,-110.0,-110.0,17.0
2016.0,2.0,Vanderbilt,Middle Tennessee,-3.0,100.0,-114.0,17.0
2016.0,2.0,Washington,Idaho,-36.5,-110.0,-110.0,17.0
2016.0,2.0,West Virginia,Youngstown State,-17.5,-110.0,-110.0,16.0
2016.0,2.0,Western Michigan,North Carolina Central,-36.5,-110.0,-110.0,16.0
2016.0,2.0,Wisconsin,Akron,-21.5,-110.0,-110.0,17.0
2016.0,3.0,Arkansas,Texas State,-28.5,-110.0,-110.0,17.0
2016.0,3.0,Auburn,Texas A&M,-1.0,-110.0,-110.0,17.0
2016.0,3.0,Ball State,Eastern Kentucky,-13.0,-110.0,-110.0,16.0
2016.0,3.0,Bowling Green,Middle Tennessee,6.0,-110.0,-110.0,17.0
2016.0,3.0,California,Texas,7.5,-110.0,-105.0,17.0
2016.0,3.0,Central Michigan,UNLV,-12.0,-110.0,-110.0,17.0
2016.0,3.0,Charlotte,Eastern Michigan,1.5,-110.0,-110.0,17.0
2016.0,3.0,Cincinnati,Houston,7.5,-115.0,-105.0,17.0
2016.0,3.0,Clemson,South Carolina State,-53.5,-110.0,-110.0,13.0
2016.0,3.0,Colorado State,Northern Colorado,-21.5,-110.0,-110.0,16.0
2016.0,3.0,Florida,North Texas,-33.0,-110.0,-110.0,17.0
2016.0,3.0,Georgia Tech,Vanderbilt,-6.0,-110.0,-110.0,17.0
2016.0,3.0,Illinois,Western Michigan,3.0,-105.0,-115.0,17.0
2016.0,3.0,Iowa,North Dakota State,-14.5,-110.0,-110.0,16.0
2016.0,3.0,Kansas State,Florida Atlantic,-23.5,-110.0,-110.0,17.0
2016.0,3.0,Kent State,Monmouth,-14.5,-110.0,-110.0,16.0
2016.0,3.0,Kentucky,New Mexico State,-22.0,-110.0,-110.0,17.0
2016.0,3.0,LSU,Mississippi State,-13.0,-110.0,-110.0,17.0
2016.0,3.0,Louisville,Florida State,-2.0,-110.0,-110.0,17.0
2016.0,3.0,Marshall,Akron,-17.5,-110.0,-110.0,17.0
2016.0,3.0,Memphis,Kansas,-20.0,-110.0,-110.0,17.0
2016.0,3.0,Miami (OH),Western Kentucky,17.5,-110.0,-110.0,17.0
2016.0,3.0,Michigan,Colorado,-17.5,-110.0,-110.0,17.0
2016.0,3.0,Missouri,Georgia,7.0,-115.0,-105.0,17.0
2016.0,3.0,Nebraska,Oregon,-3.0,-110.0,-105.0,17.0
2016.0,3.0,Nevada,Buffalo,-12.0,-110.0,-110.0,17.0
2016.0,3.0,North Carolina,James Madison,-24.5,-110.0,-110.0,16.0
2016.0,3.0,Northern Illinois,San Diego State,13.0,-110.0,-110.0,17.0
2016.0,3.0,Northwestern,Duke,-4.0,-110.0,-110.0,17.0
2016.0,3.0,Notre Dame,Michigan State,-7.5,-105.0,-110.0,17.0
2016.0,3.0,Oklahoma,Ohio State,2.0,-110.0,-110.0,17.0
2016.0,3.0,Oklahoma State,Pittsburgh,-2.5,-110.0,-110.0,17.0
2016.0,3.0,Ole Miss,Alabama,10.5,-110.0,-110.0,17.0
2016.0,3.0,Oregon State,Idaho State,-43.5,-110.0,-110.0,16.0
2016.0,3.0,Penn State,Temple,-8.5,-110.0,-110.0,17.0
2016.0,3.0,Rice,Baylor,34.0,-110.0,-110.0,17.0
2016.0,3.0,Rutgers,New Mexico,-7.5,-110.0,-110.0,17.0
2016.0,3.0,South Carolina,East Carolina,-1.5,-110.0,-110.0,17.0
2016.0,3.0,Stanford,USC,-7.5,-105.0,-110.0,17.0
2016.0,3.0,Syracuse,South Florida,12.5,-110.0,-110.0,17.0
2016.0,3.0,TCU,Iowa State,-24.5,-110.0,-105.0,17.0
2016.0,3.0,Tennessee,Ohio,-27.0,-110.0,-110.0,17.0
2016.0,3.0,Texas Tech,Louisiana Tech,-11.0,-110.0,-110.0,17.0
2016.0,3.0,Toledo,Fresno State,-22.0,-110.0,-110.0,17.0
2016.0,3.0,Tulane,Navy,7.0,-115.0,-105.0,17.0
2016.0,3.0,Tulsa,North Carolina A&T,-31.5,-110.0,-110.0,16.0
2016.0,3.0,UCF,Maryland,10.5,-110.0,-110.0,17.0
2016.0,3.0,UTEP,Army,3.5,-110.0,-110.0,17.0
2016.0,3.0,Utah State,Arkansas State,-9.5,-105.0,-110.0,17.0
2016.0,3.0,Virginia Tech,Boston College,-6.5,-110.0,-110.0,17.0
2016.0,3.0,Wake Forest,Delaware,-24.0,-110.0,-110.0,16.0
2016.0,3.0,Washington,Portland State,-42.5,-110.0,-110.0,16.0
2016.0,3.0,Washington State,Idaho,-28.5,-110.0,-110.0,17.0
2016.0,3.0,Wisconsin,Georgia State,-35.5,-110.0,-110.0,17.0
2016.0,3.0,Wyoming,UC Davis,-23.5,-110.0,-110.0,16.0
2016.0,4.0,Alabama,Kent State,-42.5,-110.0,-110.0,17.0
2016.0,4.0,Arizona,Washington,17.0,-110.0,-110.0,17.0
2016.0,4.0,Arizona State,California,-3.5,-110.0,-109.0,17.0
2016.0,4.0,Arkansas State,Central Arkansas,-17.0,-110.0,-110.0,16.0
2016.0,4.0,Auburn,LSU,3.5,-110.0,-110.0,17.0
2016.0,4.0,Baylor,Oklahoma State,-7.0,-107.0,-110.0,17.0
2016.0,4.0,Boston College,Wagner,-44.5,-110.0,-110.0,16.0
2016.0,4.0,Buffalo,Army,13.0,-110.0,-110.0,17.0
2016.0,4.0,Cincinnati,Miami (OH),-13.5,-110.0,-107.5,17.0
2016.0,4.0,Eastern Michigan,Wyoming,6.0,-110.0,-105.0,17.0
2016.0,4.0,Florida Atlantic,Ball State,3.0,-110.0,-110.0,17.0
2016.0,4.0,Florida International,UCF,10.0,-110.0,-110.0,17.0
2016.0,4.0,Fresno State,Tulsa,16.5,-110.0,-110.0,17.0
2016.0,4.0,Georgia Tech,Clemson,10.5,-110.0,-110.0,17.0
2016.0,4.0,Indiana,Wake Forest,-7.0,-110.0,-110.0,17.0
2016.0,4.0,Kansas State,Missouri State,-51.0,-110.0,-110.0,16.0
2016.0,4.0,Kentucky,South Carolina,-2.5,-110.0,-110.0,17.0
2016.0,4.0,Marshall,Louisville,31.0,-110.0,-110.0,17.0
2016.0,4.0,Memphis,Bowling Green,-17.5,-110.0,-110.0,17.0
2016.0,4.0,Michigan,Penn State,-15.75,-110.0,-110.0,17.0
2016.0,4.0,Michigan State,Wisconsin,-3.5,-110.0,-110.0,17.0
2016.0,4.0,Middle Tennessee,Louisiana Tech,-4.5,-110.0,-110.0,17.0
2016.0,4.0,Minnesota,Colorado State,-17.0,-110.0,-110.0,17.0
2016.0,4.0,Missouri,Delaware State,-52.5,-110.0,-110.0,16.0
2016.0,4.0,North Carolina,Pittsburgh,-7.5,-105.0,-114.0,17.0
2016.0,4.0,Northern Illinois,Western Illinois,-7.75,-112.5,-107.5,11.0
2016.0,4.0,Northwestern,Nebraska,8.0,-110.0,-110.0,17.0
2016.0,4.0,Notre Dame,Duke,-21.0,-110.0,-110.0,17.0
2016.0,4.0,Ohio,Gardner-Webb,-30.5,-110.0,-110.0,16.0
2016.0,4.0,Ole Miss,Georgia,-7.0,-107.5,-110.0,17.0
2016.0,4.0,Oregon,Colorado,-13.5,-110.0,-110.0,17.0
2016.0,4.0,Oregon State,Boise State,16.5,-110.0,-110.0,17.0
2016.0,4.0,Purdue,Nevada,-3.5,-110.0,-110.0,17.0
2016.0,4.0,Rice,North Texas,-7.0,-105.0,-114.0,17.0
2016.0,4.0,Rutgers,Iowa,15.0,-110.0,-110.0,17.0
2016.0,4.0,South Florida,Florida State,4.0,-110.0,-110.0,17.0
2016.0,4.0,Temple,Charlotte,-24.5,-110.0,-110.0,17.0
2016.0,4.0,Tennessee,Florida,-4.0,-110.0,-110.0,17.0
2016.0,4.0,Texas A&M,Arkansas,-7.0,-105.0,-110.0,17.0
2016.0,4.0,Texas State,Houston,31.0,-110.0,-110.0,17.0
2016.0,4.0,Troy,New Mexico State,-20.0,-110.0,-110.0,17.0
2016.0,4.0,UCLA,Stanford,3.0,-110.0,-106.5,17.0
2016.0,4.0,UNLV,Idaho,-14.5,-110.0,-110.0,17.0
2016.0,4.0,Utah,USC,-3.0,-110.0,-110.0,17.0
2016.0,4.0,Utah State,Air Force,5.5,-110.0,-110.0,17.0
2016.0,4.0,Virginia,Central Michigan,5.0,-110.0,-110.0,17.0
2016.0,4.0,Virginia Tech,East Carolina,-14.5,-110.0,-110.0,17.0
2016.0,4.0,Western Kentucky,Vanderbilt,-9.0,-110.0,-110.0,17.0
2016.0,4.0,Western Michigan,Georgia Southern,-9.25,-110.0,-110.0,17.0
2016.0,5.0,Air Force,Navy,-7.0,-110.0,-105.0,17.0
2016.0,5.0,Alabama,Kentucky,-37.0,-110.0,-105.0,17.0
2016.0,5.0,Arkansas,Alcorn State,-50.0,-110.0,-110.0,14.0
2016.0,5.0,Ball State,Northern Illinois,-3.0,-115.0,-105.0,17.0
2016.0,5.0,Boise State,Utah State,-24.5,-110.0,-110.0,17.0
2016.0,5.0,Boston College,Buffalo,-18.0,-110.0,-110.0,17.0
2016.0,5.0,Bowling Green,Eastern Michigan,1.0,-110.0,-110.0,17.0
2016.0,5.0,California,Utah,2.0,-109.0,-110.0,17.0
2016.0,5.0,Central Michigan,Western Michigan,3.0,-105.0,-115.0,17.0
2016.0,5.0,Charlotte,Old Dominion,9.0,-110.0,-110.0,17.0
2016.0,5.0,Cincinnati,South Florida,7.5,-110.0,-110.0,17.0
2016.0,5.0,Clemson,Louisville,1.0,-110.0,-110.0,17.0
2016.0,5.0,Colorado,Oregon State,-20.0,-110.0,-110.0,17.0
2016.0,5.0,Colorado State,Wyoming,-5.5,-109.5,-110.0,17.0
2016.0,5.0,Duke,Virginia,-3.0,-110.0,-110.0,17.0
2016.0,5.0,East Carolina,UCF,-3.0,-115.0,100.0,17.0
2016.0,5.0,Florida International,Florida Atlantic,3.0,-0.5,-118.0,17.0
2016.0,5.0,Florida State,North Carolina,-10.5,-110.0,-110.0,17.0
2016.0,5.0,Georgia,Tennessee,3.5,-110.0,-110.0,17.0
2016.0,5.0,Idaho,Troy,15.0,-110.0,-110.0,17.0
2016.0,5.0,Indiana,Michigan State,5.0,-110.0,-110.0,17.0
2016.0,5.0,Iowa,Northwestern,-11.0,-110.0,-110.0,17.0
2016.0,5.0,Iowa State,Baylor,17.0,-110.0,-110.0,17.0
2016.0,5.0,Kent State,Akron,8.5,-110.0,-110.0,17.0
2016.0,5.0,LSU,Missouri,-12.0,-110.0,-110.0,17.0
2016.0,5.0,Louisiana Tech,UTEP,-22.5,-110.0,-110.0,17.0
2016.0,5.0,Maryland,Purdue,-11.0,-110.0,-110.0,17.0
2016.0,5.0,Miami (OH),Ohio,2.0,-110.0,-110.0,17.0
2016.0,5.0,Michigan,Wisconsin,-11.5,-110.0,-110.0,17.0
2016.0,5.0,Nebraska,Illinois,-20.5,-110.0,-110.0,17.0
2016.0,5.0,North Texas,Middle Tennessee,17.0,-105.0,-110.0,17.0
2016.0,5.0,Ohio State,Rutgers,-39.0,-110.0,-110.0,17.0
2016.0,5.0,Oklahoma State,Texas,-2.0,-110.0,-110.0,17.0
2016.0,5.0,Ole Miss,Memphis,-15.5,-110.0,-110.0,17.0
2016.0,5.0,Penn State,Minnesota,-3.5,-110.0,-110.0,17.0
2016.0,5.0,Pittsburgh,Marshall,-16.5,-110.0,-110.0,17.0
2016.0,5.0,South Alabama,San Diego State,19.0,-110.0,-110.0,17.0
2016.0,5.0,South Carolina,Texas A&M,20.0,-110.0,-110.0,17.0
2016.0,5.0,Syracuse,Notre Dame,13.5,-110.0,-110.0,17.0
2016.0,5.0,TCU,Oklahoma,3.5,-110.0,-108.0,17.0
2016.0,5.0,Texas State,Incarnate Word,-16.0,-110.0,-110.0,15.0
2016.0,5.0,Texas Tech,Kansas,-27.5,-110.0,-107.5,17.0
2016.0,5.0,UCLA,Arizona,-11.0,-110.0,-110.0,17.0
2016.0,5.0,UNLV,Fresno State,-9.25,-110.0,-110.0,17.0
2016.0,5.0,USC,Arizona State,-9.0,-110.0,-110.0,17.0
2016.0,5.0,Vanderbilt,Florida,14.0,-110.0,-110.0,17.0
2016.0,5.0,Washington,Stanford,-3.5,-110.0,-107.5,17.0
2016.0,5.0,Washington State,Oregon,2.5,-105.0,-115.0,17.0
2016.0,5.0,West Virginia,Kansas State,-3.5,-105.0,-110.0,17.0
2016.0,6.0,Akron,Miami (OH),-11.5,-110.0,-110.0,17.0
2016.0,6.0,Arizona State,UCLA,8.0,-110.0,-110.0,17.0
2016.0,6.0,Arkansas,Alabama,14.5,-110.0,-110.0,17.0
2016.0,6.0,Arkansas State,Georgia Southern,6.5,-114.0,-105.0,17.0
2016.0,6.0,Boston College,Clemson,18.0,-105.0,-110.0,17.0
2016.0,6.0,Buffalo,Kent State,3.0,-106.0,-110.0,17.0
2016.0,6.0,Central Michigan,Ball State,-12.5,-110.0,-110.0,17.0
2016.0,6.0,Colorado State,Utah State,6.0,-110.0,-110.0,17.0
2016.0,6.0,Duke,Army,-5.5,-110.0,-110.0,17.0
2016.0,6.0,Eastern Michigan,Toledo,20.5,-110.0,-110.0,17.0
2016.0,6.0,Florida Atlantic,Charlotte,-13.0,-110.0,-110.0,17.0
2016.0,6.0,Georgia State,Texas State,-10.0,-110.0,-110.0,17.0
2016.0,6.0,Illinois,Purdue,-9.0,-110.0,-110.0,17.0
2016.0,6.0,Kansas,TCU,30.0,-110.0,-110.0,17.0
2016.0,6.0,Kansas State,Texas Tech,-9.5,-110.0,-110.0,17.0
2016.0,6.0,Kentucky,Vanderbilt,-3.0,-110.0,-110.0,17.0
2016.0,6.0,Louisiana Tech,Western Kentucky,2.5,-110.0,-110.0,17.0
2016.0,6.0,Memphis,Temple,-9.5,-110.0,-110.0,17.0
2016.0,6.0,Minnesota,Iowa,-2.5,-110.0,-110.0,17.0
2016.0,6.0,Mississippi State,Auburn,4.0,-110.0,-110.0,17.0
2016.0,6.0,Navy,Houston,15.5,-106.0,-110.0,17.0
2016.0,6.0,Nevada,Fresno State,-8.0,-110.0,-110.0,17.0
2016.0,6.0,New Mexico,Boise State,19.0,-110.0,-110.0,17.0
2016.0,6.0,North Carolina,Virginia Tech,3.0,-115.0,-105.0,17.0
2016.0,6.0,North Texas,Marshall,13.5,-110.0,-110.0,17.0
2016.0,6.0,Ohio,Bowling Green,-11.5,-110.0,-110.0,17.0
2016.0,6.0,Ohio State,Indiana,-28.0,-110.0,-110.0,17.0
2016.0,6.0,Oklahoma State,Iowa State,-14.0,-110.0,-110.0,17.0
2016.0,6.0,Oregon,Washington,10.5,-110.0,-110.0,17.0
2016.0,6.0,Oregon State,California,13.5,-110.0,-110.0,17.0
2016.0,6.0,Penn State,Maryland,2.0,-110.0,-110.0,17.0
2016.0,6.0,Pittsburgh,Georgia Tech,-6.5,-110.0,-110.0,17.0
2016.0,6.0,Rutgers,Michigan,30.5,-110.0,-110.0,17.0
2016.0,6.0,San Diego State,UNLV,-16.5,-110.0,-110.0,17.0
2016.0,6.0,South Carolina,Georgia,8.5,-110.0,-110.0,17.0
2016.0,6.0,South Florida,East Carolina,-14.0,-110.0,-110.0,17.0
2016.0,6.0,Stanford,Washington State,-7.5,-110.0,-110.0,17.0
2016.0,6.0,Texas A&M,Tennessee,-8.0,-110.0,-110.0,17.0
2016.0,6.0,USC,Colorado,-5.0,-110.0,-110.0,17.0
2016.0,6.0,UTEP,Florida International,-5.0,-110.0,-110.0,17.0
2016.0,6.0,Utah,Arizona,-9.5,-110.0,-105.0,17.0
2016.0,6.0,Wake Forest,Syracuse,-4.5,-110.0,-110.0,17.0
2016.0,6.0,Western Michigan,Northern Illinois,-17.5,-110.0,-110.0,17.0
2016.0,6.0,Wyoming,Air Force,13.0,-110.0,-110.0,17.0
2016.0,7.0,Akron,Western Michigan,14.0,-110.0,-105.0,17.0
2016.0,7.0,Arizona,USC,14.0,-110.0,-107.0,17.0
2016.0,7.0,Arkansas,Ole Miss,10.0,-115.0,-105.0,17.0
2016.0,7.0,Arkansas State,South Alabama,-4.5,-110.0,-110.0,17.0
2016.0,7.0,Army,Lafayette,-33.5,-110.0,-110.0,14.0
2016.0,7.0,Baylor,Kansas,-33.5,-110.0,-110.0,17.0
2016.0,7.0,Boise State,Colorado State,-28.5,-110.0,-110.0,17.0
2016.0,7.0,Buffalo,Ball State,11.0,-110.0,-110.0,17.0
2016.0,7.0,Charlotte,Florida International,1.0,-110.0,-110.0,17.0
2016.0,7.0,Colorado,Arizona State,-10.5,-110.0,-110.0,17.0
2016.0,7.0,Florida,Missouri,-13.5,-115.0,-105.0,17.0
2016.0,7.0,Florida State,Wake Forest,-23.5,-110.0,-110.0,17.0
2016.0,7.0,Fresno State,San Diego State,19.0,-110.0,-110.0,17.0
2016.0,7.0,Georgia,Vanderbilt,-14.0,-110.0,-110.0,17.0
2016.0,7.0,Georgia Tech,Georgia Southern,-10.5,-110.0,-110.0,17.0
2016.0,7.0,Houston,Tulsa,-22.5,-110.0,-110.0,17.0
2016.0,7.0,Idaho,New Mexico State,-4.0,-110.0,-110.0,17.0
2016.0,7.0,Indiana,Nebraska,3.5,-110.0,-110.0,17.0
2016.0,7.0,Louisville,Duke,-35.0,-110.0,-110.0,17.0
2016.0,7.0,Marshall,Florida Atlantic,-12.0,-110.0,-110.0,17.0
2016.0,7.0,Maryland,Minnesota,-3.5,-110.0,-110.0,17.0
2016.0,7.0,Miami (OH),Kent State,1.5,-110.0,-110.0,17.0
2016.0,7.0,Michigan State,Northwestern,-6.0,-110.0,-110.0,17.0
2016.0,7.0,Middle Tennessee,Western Kentucky,1.5,-110.0,-110.0,17.0
2016.0,7.0,Northern Illinois,Central Michigan,-2.0,-110.0,-110.0,17.0
2016.0,7.0,Notre Dame,Stanford,-3.0,-115.0,-105.0,17.0
2016.0,7.0,Ohio,Eastern Michigan,-7.0,-110.0,-110.0,17.0
2016.0,7.0,Oklahoma,Kansas State,-14.0,-110.0,-110.0,17.0
2016.0,7.0,Oregon State,Utah,7.0,-110.0,-110.0,17.0
2016.0,7.0,Purdue,Iowa,11.0,-110.0,-110.0,17.0
2016.0,7.0,Rutgers,Illinois,4.0,-110.0,-110.0,17.0
2016.0,7.0,Syracuse,Virginia Tech,22.5,-110.0,-110.0,17.0
2016.0,7.0,Tennessee,Alabama,13.5,-110.0,-110.0,17.0
2016.0,7.0,Texas,Iowa State,-17.0,-105.0,-110.0,17.0
2016.0,7.0,Texas Tech,West Virginia,3.0,-115.0,-105.0,17.0
2016.0,7.0,Toledo,Bowling Green,-32.0,-110.0,-110.0,17.0
2016.0,7.0,Troy,Georgia State,-19.5,-110.0,-110.0,17.0
2016.0,7.0,Tulane,Memphis,12.0,-110.0,-110.0,17.0
2016.0,7.0,UCF,Temple,-3.5,-110.0,-110.0,17.0
2016.0,7.0,Virginia,Pittsburgh,3.5,-115.0,-105.0,17.0
2016.0,7.0,Washington State,UCLA,-10.0,-110.0,-110.0,17.0
2016.0,7.0,Wisconsin,Ohio State,10.5,-110.0,-110.0,17.0
2016.0,8.0,Alabama,Texas A&M,-18.0,-110.0,-110.0,17.0
2016.0,8.0,Arizona State,Washington State,7.5,-110.0,-106.0,17.0
2016.0,8.0,Army,North Texas,-17.5,-110.0,-110.0,17.0
2016.0,8.0,Auburn,Arkansas,-10.5,-110.0,-110.0,17.0
2016.0,8.0,Ball State,Akron,-3.5,-110.0,-110.0,17.0
2016.0,8.0,Boston College,Syracuse,-3.5,-110.0,-107.0,17.0
2016.0,8.0,Bowling Green,Miami (OH),-1.0,-110.0,-110.0,17.0
2016.0,8.0,California,Oregon,2.5,-105.0,-115.0,17.0
2016.0,8.0,Cincinnati,East Carolina,1.0,-110.0,-110.0,17.0
2016.0,8.0,Florida International,Louisiana Tech,18.0,-110.0,-110.0,17.0
2016.0,8.0,Iowa,Wisconsin,4.0,-110.0,-110.0,17.0
2016.0,8.0,Kansas,Oklahoma State,23.0,-110.0,-110.0,17.0
2016.0,8.0,Kansas State,Texas,1.0,-110.0,-110.0,17.0
2016.0,8.0,Kent State,Ohio,1.0,-110.0,-110.0,17.0
2016.0,8.0,Kentucky,Mississippi State,6.0,-110.0,-110.0,17.0
2016.0,8.0,LSU,Ole Miss,-8.5,-110.0,-110.0,17.0
2016.0,8.0,Marshall,Charlotte,-8.0,-110.0,-110.0,17.0
2016.0,8.0,Maryland,Michigan State,3.0,-108.0,-110.0,17.0
2016.0,8.0,Michigan,Illinois,-40.0,-110.0,-110.0,17.0
2016.0,8.0,Minnesota,Rutgers,-17.5,-110.0,-110.0,17.0
2016.0,8.0,Missouri,Middle Tennessee,-8.5,-110.0,-110.0,17.0
2016.0,8.0,Navy,Memphis,-1.5,-110.0,-110.0,17.0
2016.0,8.0,Nebraska,Purdue,-24.5,-110.0,-110.0,17.0
2016.0,8.0,Nevada,Wyoming,8.0,-105.0,-110.0,17.0
2016.0,8.0,New Mexico State,Georgia Southern,14.0,-110.0,-110.0,17.0
2016.0,8.0,Northern Illinois,Buffalo,-24.0,-110.0,-110.0,17.0
2016.0,8.0,Northwestern,Indiana,-3.0,-119.0,-101.0,17.0
2016.0,8.0,Penn State,Ohio State,17.5,-110.0,-110.0,17.0
2016.0,8.0,South Alabama,Troy,9.5,-110.0,-110.0,17.0
2016.0,8.0,Stanford,Colorado,-1.5,-110.0,-110.0,17.0
2016.0,8.0,Temple,South Florida,6.0,-110.0,-110.0,17.0
2016.0,8.0,Texas Tech,Oklahoma,16.5,-110.0,-110.0,17.0
2016.0,8.0,Toledo,Central Michigan,-10.0,-110.0,-110.0,17.0
2016.0,8.0,Tulsa,Tulane,-10.5,-110.0,-110.0,17.0
2016.0,8.0,UCLA,Utah,-3.5,-110.0,-110.0,17.0
2016.0,8.0,UNLV,Colorado State,-1.5,-110.0,-110.0,17.0
2016.0,8.0,Utah State,Fresno State,-20.5,-110.0,-105.0,17.0
2016.0,8.0,Vanderbilt,Tennessee State,-28.0,-110.0,-110.0,16.0
2016.0,8.0,Virginia,North Carolina,10.5,-105.0,-110.0,17.0
2016.0,8.0,Washington,Oregon State,-37.0,-110.0,-110.0,17.0
2016.0,8.0,West Virginia,TCU,-5.5,-110.0,-110.0,17.0
2016.0,8.0,Western Kentucky,Old Dominion,-15.5,-110.0,-110.0,17.0
2016.0,8.0,Western Michigan,Eastern Michigan,-25.5,-110.0,-110.0,17.0
2016.0,9.0,Arizona,Stanford,4.0,-110.0,-110.0,17.0
2016.0,9.0,Buffalo,Akron,19.5,-110.0,-110.0,17.0
2016.0,9.0,Central Michigan,Kent State,-12.0,-110.0,-110.0,17.0
2016.0,9.0,Eastern Michigan,Miami (OH),-7.0,-105.0,-115.0,17.0
2016.0,9.0,Florida Atlantic,Western Kentucky,21.0,-110.0,-110.0,17.0
2016.0,9.0,Florida International,Middle Tennessee,17.5,-110.0,-110.0,17.0
2016.0,9.0,Florida State,Clemson,5.0,-110.0,-110.0,17.0
2016.0,9.0,Fresno State,Air Force,16.0,-110.0,-110.0,17.0
2016.0,9.0,Georgia,Florida,6.5,-110.0,-110.0,16.0
2016.0,9.0,Georgia Tech,Duke,-6.5,-110.0,-105.0,17.0
2016.0,9.0,Houston,UCF,-9.5,-110.0,-110.0,17.0
2016.0,9.0,Illinois,Minnesota,8.5,-110.0,-110.0,17.0
2016.0,9.0,Indiana,Maryland,-3.5,-110.0,-105.0,17.0
2016.0,9.0,Iowa State,Kansas State,6.0,-110.0,-106.0,17.0
2016.0,9.0,Louisiana Tech,Rice,-29.5,-110.0,-110.0,17.0
2016.0,9.0,Memphis,Tulsa,-6.0,-110.0,-110.0,17.0
2016.0,9.0,Michigan State,Michigan,24.5,-110.0,-110.0,17.0
2016.0,9.0,Mississippi State,Samford,-21.5,-110.0,-110.0,16.0
2016.0,9.0,Missouri,Kentucky,-7.0,-110.0,-110.0,17.0
2016.0,9.0,Ohio State,Northwestern,-26.0,-110.0,-110.0,17.0
2016.0,9.0,Oklahoma,Kansas,-39.5,-110.0,-110.0,17.0
2016.0,9.0,Oklahoma State,West Virginia,4.5,-110.0,-110.0,17.0
2016.0,9.0,Ole Miss,Auburn,4.5,-110.0,-110.0,17.0
2016.0,9.0,Oregon,Arizona State,-10.0,-110.0,-110.0,17.0
2016.0,9.0,Oregon State,Washington State,14.5,-110.0,-110.0,17.0
2016.0,9.0,Pittsburgh,Virginia Tech,3.5,-110.0,-110.0,17.0
2016.0,9.0,Purdue,Penn State,14.5,-110.0,-110.0,17.0
2016.0,9.0,South Alabama,Georgia State,-4.5,-110.0,-110.0,17.0
2016.0,9.0,South Carolina,Tennessee,14.5,-110.0,-110.0,17.0
2016.0,9.0,South Florida,Navy,-6.0,-110.0,-110.0,17.0
2016.0,9.0,TCU,Texas Tech,-9.5,-110.0,-110.0,17.0
2016.0,9.0,Temple,Cincinnati,-9.0,-110.0,-110.0,17.0
2016.0,9.0,Texas,Baylor,4.0,-110.0,-110.0,17.0
2016.0,9.0,Texas A&M,New Mexico State,-43.0,-110.0,-110.0,17.0
2016.0,9.0,Toledo,Ohio,-15.5,-110.0,-110.0,17.0
2016.0,9.0,USC,California,-20.0,-110.0,-110.0,17.0
2016.0,9.0,UTEP,Old Dominion,5.0,-110.0,-110.0,17.0
2016.0,9.0,Utah,Washington,10.5,-110.0,-110.0,17.0
2016.0,9.0,Utah State,San Diego State,4.5,-110.0,-110.0,17.0
2016.0,9.0,Virginia,Louisville,32.0,-110.0,-110.0,17.0
2016.0,9.0,Wake Forest,Army,-7.0,-110.0,-105.0,17.0
2016.0,9.0,Wisconsin,Nebraska,-8.5,-110.0,-110.0,17.0
2016.0,9.0,Wyoming,Boise State,14.5,-110.0,-110.0,17.0
2016.0,10.0,Akron,Toledo,10.0,-110.0,-110.0,17.0
2016.0,10.0,Arkansas,Florida,3.5,-110.0,-110.0,17.0
2016.0,10.0,Army,Air Force,-1.0,-110.0,-110.0,17.0
2016.0,10.0,Auburn,Vanderbilt,-22.5,-110.0,-110.0,17.0
2016.0,10.0,Ball State,Western Michigan,17.5,-110.0,-110.0,17.0
2016.0,10.0,Baylor,TCU,-7.0,-110.0,-110.0,17.0
2016.0,10.0,Boston College,Louisville,25.0,-110.0,-110.0,17.0
2016.0,10.0,California,Washington,19.0,-110.0,-110.0,17.0
2016.0,10.0,Clemson,Syracuse,-28.0,-110.0,-110.0,17.0
2016.0,10.0,Colorado,UCLA,-13.5,-110.0,-105.0,17.0
2016.0,10.0,Colorado State,Fresno State,-17.0,-110.0,-110.0,17.0
2016.0,10.0,Duke,Virginia Tech,13.0,-110.0,-110.0,17.0
2016.0,10.0,Georgia State,Arkansas State,4.0,-110.0,-110.0,17.0
2016.0,10.0,Illinois,Michigan State,9.5,-105.0,-115.0,17.0
2016.0,10.0,Iowa State,Oklahoma,21.0,-110.0,-110.0,17.0
2016.0,10.0,Kansas State,Oklahoma State,-1.0,-105.0,-110.0,17.0
2016.0,10.0,Kentucky,Georgia,2.5,-105.0,-115.0,17.0
2016.0,10.0,LSU,Alabama,7.0,-110.0,-110.0,17.0
2016.0,10.0,Miami (OH),Central Michigan,-1.0,-110.0,-110.0,17.0
2016.0,10.0,Michigan,Maryland,-30.0,-110.0,-110.0,17.0
2016.0,10.0,Minnesota,Purdue,-18.5,-110.0,-110.0,17.0
2016.0,10.0,Mississippi State,Texas A&M,10.0,-110.0,-105.0,17.0
2016.0,10.0,Navy,Notre Dame,7.5,-110.0,-110.0,17.0
2016.0,10.0,New Mexico,Nevada,-14.5,-110.0,-110.0,17.0
2016.0,10.0,North Carolina,Georgia Tech,-12.5,-110.0,-110.0,17.0
2016.0,10.0,North Texas,Louisiana Tech,19.0,-110.0,-110.0,17.0
2016.0,10.0,Northern Illinois,Bowling Green,-17.0,-105.0,-115.0,17.0
2016.0,10.0,Northwestern,Wisconsin,6.0,-110.0,-110.0,17.0
2016.0,10.0,Ohio,Buffalo,-18.0,-110.0,-110.0,17.0
2016.0,10.0,Ohio State,Nebraska,-17.5,-110.0,-110.0,17.0
2016.0,10.0,Old Dominion,Marshall,-8.5,-110.0,-110.0,17.0
2016.0,10.0,Ole Miss,Georgia Southern,-28.0,-110.0,-106.0,17.0
2016.0,10.0,Penn State,Iowa,-6.5,-110.0,-110.0,17.0
2016.0,10.0,Rice,Florida Atlantic,-3.5,-110.0,-110.0,17.0
2016.0,10.0,Rutgers,Indiana,13.5,-110.0,-110.0,17.0
2016.0,10.0,South Carolina,Missouri,-4.5,-110.0,-110.0,17.0
2016.0,10.0,Stanford,Oregon State,-16.5,-111.0,-105.0,17.0
2016.0,10.0,Tennessee,Tennessee Tech,-41.0,-110.0,-110.0,16.0
2016.0,10.0,Texas Tech,Texas,2.5,-110.0,-110.0,17.0
2016.0,10.0,Tulsa,East Carolina,-10.0,-110.0,-110.0,17.0
2016.0,10.0,UCF,Tulane,-16.5,-110.0,-110.0,17.0
2016.0,10.0,USC,Oregon,-16.5,-110.0,-110.0,17.0
2016.0,10.0,Wake Forest,Virginia,-2.0,-110.0,-110.0,17.0
2016.0,10.0,Washington State,Arizona,-16.0,-110.0,-110.0,17.0
2016.0,10.0,West Virginia,Kansas,-31.5,-110.0,-105.0,17.0
2016.0,10.0,Western Kentucky,Florida International,-34.5,-110.0,-110.0,17.0
2016.0,10.0,Wyoming,Utah State,-4.0,-110.0,-110.0,17.0
2016.0,11.0,Air Force,Colorado State,-7.0,-105.0,-115.0,17.0
2016.0,11.0,Akron,Bowling Green,-10.5,-110.0,-110.0,17.0
2016.0,11.0,Alabama,Mississippi State,-29.5,-110.0,-110.0,17.0
2016.0,11.0,Arizona,Colorado,17.5,-110.0,-110.0,17.0
2016.0,11.0,Arizona State,Utah,4.0,-110.0,-110.0,17.0
2016.0,11.0,Arkansas,LSU,7.0,-110.0,-105.0,17.0
2016.0,11.0,Arkansas State,New Mexico State,-18.5,-110.0,-110.0,17.0
2016.0,11.0,Ball State,Eastern Michigan,-1.5,-114.0,-106.0,17.0
2016.0,11.0,Buffalo,Miami (OH),10.0,-110.0,-110.0,17.0
2016.0,11.0,Charlotte,Rice,-11.5,-110.0,-110.0,17.0
2016.0,11.0,Clemson,Pittsburgh,-21.5,-110.0,-110.0,17.0
2016.0,11.0,Duke,North Carolina,11.0,-110.0,-110.0,17.0
2016.0,11.0,Florida,South Carolina,-12.5,-110.0,-110.0,17.0
2016.0,11.0,Florida Atlantic,UTEP,-4.5,-110.0,-110.0,17.0
2016.0,11.0,Florida State,Boston College,-21.0,-110.0,-110.0,17.0
2016.0,11.0,Georgia,Auburn,9.5,-110.0,-110.0,17.0
2016.0,11.0,Houston,Tulane,-26.5,-110.0,-110.0,17.0
2016.0,11.0,Indiana,Penn State,6.5,-110.0,-110.0,17.0
2016.0,11.0,Iowa,Michigan,24.0,-108.0,-110.0,17.0
2016.0,11.0,Kansas,Iowa State,10.0,-110.0,-110.0,17.0
2016.0,11.0,Kent State,Western Michigan,21.0,-110.0,-110.0,17.0
2016.0,11.0,Louisville,Wake Forest,-34.5,-110.0,-110.0,17.0
2016.0,11.0,Marshall,Middle Tennessee,8.0,-115.0,-105.0,17.0
2016.0,11.0,Maryland,Ohio State,27.5,-110.0,-110.0,17.0
2016.0,11.0,Memphis,South Florida,3.5,-110.0,-110.0,17.0
2016.0,11.0,Michigan State,Rutgers,-16.5,-110.0,-110.0,17.0
2016.0,11.0,Missouri,Vanderbilt,-3.5,-110.0,-110.0,17.0
2016.0,11.0,Navy,Tulsa,-3.0,-110.0,-110.0,17.0
2016.0,11.0,Nebraska,Minnesota,-7.0,-105.0,-115.0,17.0
2016.0,11.0,Nevada,San Diego State,21.5,-110.0,-110.0,17.0
2016.0,11.0,Northern Illinois,Toledo,7.0,-110.0,-106.0,17.0
2016.0,11.0,Notre Dame,Army,-14.0,-110.0,-110.0,17.0
2016.0,11.0,Oklahoma,Baylor,-18.5,-110.0,-110.0,17.0
2016.0,11.0,Oklahoma State,Texas Tech,-10.5,-110.0,-110.0,17.0
2016.0,11.0,Oregon,Stanford,3.0,-120.0,100.0,17.0
2016.0,11.0,Purdue,Northwestern,13.5,-110.0,-110.0,17.0
2016.0,11.0,Tennessee,Kentucky,-14.0,-110.0,-110.0,17.0
2016.0,11.0,Texas,West Virginia,1.0,-110.0,-110.0,17.0
2016.0,11.0,Texas A&M,Ole Miss,-7.0,-110.0,-110.0,17.0
2016.0,11.0,Texas State,Idaho,9.5,-110.0,-110.0,17.0
2016.0,11.0,UCF,Cincinnati,-10.5,-110.0,-110.0,17.0
2016.0,11.0,UCLA,Oregon State,-11.5,-110.0,-110.0,17.0
2016.0,11.0,UNLV,Wyoming,7.5,-110.0,-105.0,17.0
2016.0,11.0,Utah State,New Mexico,1.5,-110.0,-110.0,17.0
2016.0,11.0,Virginia Tech,Georgia Tech,-14.0,-110.0,-110.0,17.0
2016.0,11.0,Washington,USC,-9.0,-110.0,-110.0,17.0
2016.0,11.0,Washington State,California,-17.5,-110.0,-110.0,17.0
2016.0,11.0,Western Kentucky,North Texas,-28.5,-110.0,-110.0,17.0
2016.0,11.0,Wisconsin,Illinois,-24.5,-110.0,-110.0,17.0
2016.0,12.0,Alabama,Chattanooga,-48.5,-110.0,-110.0,9.0
2016.0,12.0,Army,Morgan State,-43.5,-110.0,-110.0,16.0
2016.0,12.0,Auburn,Alabama A&M,-54.0,-110.0,-110.0,16.0
2016.0,12.0,Baylor,Kansas State,-2.5,-110.0,-110.0,17.0
2016.0,12.0,Boise State,UNLV,-29.0,-110.0,-110.0,17.0
2016.0,12.0,Bowling Green,Kent State,2.5,-105.0,-110.0,17.0
2016.0,12.0,California,Stanford,10.0,-110.0,-110.0,17.0
2016.0,12.0,Central Michigan,Ohio,-1.5,-110.0,-110.0,17.0
2016.0,12.0,Charlotte,Middle Tennessee,4.5,-110.0,-110.0,17.0
2016.0,12.0,Cincinnati,Memphis,7.0,-109.0,-110.0,17.0
2016.0,12.0,Colorado,Washington State,-6.0,-110.0,-110.0,17.0
2016.0,12.0,Colorado State,New Mexico,-7.0,-105.0,-112.0,17.0
2016.0,12.0,East Carolina,Navy,8.5,-110.0,-110.0,17.0
2016.0,12.0,Eastern Michigan,Northern Illinois,1.0,-110.0,-110.0,17.0
2016.0,12.0,Florida Atlantic,Old Dominion,8.5,-110.0,-110.0,17.0
2016.0,12.0,Florida International,Marshall,2.5,-105.0,-110.0,17.0
2016.0,12.0,Georgia State,Georgia Southern,3.0,-110.0,-105.0,17.0
2016.0,12.0,Georgia Tech,Virginia,-10.5,-110.0,-110.0,17.0
2016.0,12.0,Houston,Louisville,17.0,-110.0,-110.0,17.0
2016.0,12.0,Illinois,Iowa,8.0,-110.0,-110.0,17.0
2016.0,12.0,Iowa State,Texas Tech,3.5,-110.0,-110.0,17.0
2016.0,12.0,Kansas,Texas,23.5,-110.0,-110.0,17.0
2016.0,12.0,Kentucky,Austin Peay,-46.0,-110.0,-110.0,16.0
2016.0,12.0,LSU,Florida,-14.0,-110.0,-110.0,17.0
2016.0,12.0,Michigan,Indiana,-24.0,-110.0,-110.0,17.0
2016.0,12.0,Michigan State,Ohio State,20.5,-110.0,-110.0,17.0
2016.0,12.0,Minnesota,Northwestern,1.0,-110.0,-110.0,17.0
2016.0,12.0,Mississippi State,Arkansas,-1.0,-110.0,-110.0,17.0
2016.0,12.0,Nebraska,Maryland,-13.0,-110.0,-110.0,17.0
2016.0,12.0,Nevada,Utah State,7.0,-115.0,-105.0,17.0
2016.0,12.0,New Mexico State,Texas State,-9.5,-110.0,-108.0,17.0
2016.0,12.0,Notre Dame,Virginia Tech,-1.0,-110.0,-110.0,17.0
2016.0,12.0,Oregon State,Arizona,-3.0,-110.0,-110.0,17.0
2016.0,12.0,Pittsburgh,Duke,-8.0,-105.0,-115.0,17.0
2016.0,12.0,Purdue,Wisconsin,27.5,-110.0,-110.0,17.0
2016.0,12.0,Rice,UTEP,-2.0,-110.0,-110.0,17.0
2016.0,12.0,Rutgers,Penn State,25.0,-110.0,-110.0,17.0
2016.0,12.0,South Carolina,Western Carolina,-30.5,-110.0,-110.0,16.0
2016.0,12.0,Syracuse,Florida State,23.0,-110.0,-110.0,17.0
2016.0,12.0,TCU,Oklahoma State,-6.0,-107.0,-113.0,17.0
2016.0,12.0,Tennessee,Missouri,-17.5,-110.0,-105.0,17.0
2016.0,12.0,Toledo,Ball State,-20.0,-110.0,-110.0,17.0
2016.0,12.0,Troy,Arkansas State,-10.0,-110.0,-110.0,17.0
2016.0,12.0,Tulane,Temple,15.0,-110.0,-110.0,17.0
2016.0,12.0,UCF,Tulsa,-1.0,-110.0,-110.0,17.0
2016.0,12.0,UCLA,USC,13.0,-105.0,-115.0,17.0
2016.0,12.0,Utah,Oregon,-12.0,-110.0,-110.0,17.0
2016.0,12.0,Vanderbilt,Ole Miss,9.5,-110.0,-110.0,17.0
2016.0,12.0,Wake Forest,Clemson,23.5,-110.0,-110.0,17.0
2016.0,12.0,Washington,Arizona State,-27.0,-110.0,-110.0,17.0
2016.0,12.0,West Virginia,Oklahoma,3.5,-110.0,-110.0,17.0
2016.0,12.0,Western Michigan,Buffalo,-35.0,-105.0,-110.0,17.0
2016.0,12.0,Wyoming,San Diego State,9.5,-105.0,-110.0,17.0
2016.0,13.0,Air Force,Boise State,7.0,-115.0,-105.0,17.0
2016.0,13.0,Alabama,Auburn,-20.5,-110.0,-110.0,17.0
2016.0,13.0,Arizona,Arizona State,1.0,-110.0,-110.0,15.0
2016.0,13.0,Bowling Green,Buffalo,-11.5,-110.0,-110.0,17.0
2016.0,13.0,California,UCLA,3.0,-110.0,-110.0,17.0
2016.0,13.0,Clemson,South Carolina,-27.0,-110.0,-110.0,17.0
2016.0,13.0,Colorado,Utah,-11.0,-110.0,-110.0,17.0
2016.0,13.0,Eastern Michigan,Central Michigan,1.0,-110.0,-105.0,17.0
2016.0,13.0,Florida State,Florida,-8.5,-110.0,-110.0,17.0
2016.0,13.0,Georgia,Georgia Tech,-4.5,-110.0,-105.0,17.0
2016.0,13.0,Idaho,South Alabama,-7.0,-105.0,-110.0,17.0
2016.0,13.0,Indiana,Purdue,-21.5,-110.0,-110.0,17.0
2016.0,13.0,Iowa,Nebraska,-3.0,-115.0,-105.0,17.0
2016.0,13.0,Iowa State,West Virginia,7.5,-110.0,-105.0,17.0
2016.0,13.0,Kansas State,Kansas,-24.0,-110.0,-110.0,16.0
2016.0,13.0,Kent State,Northern Illinois,7.0,-105.0,-110.0,17.0
2016.0,13.0,Louisville,Kentucky,-28.5,-110.0,-110.0,17.0
2016.0,13.0,Marshall,Western Kentucky,28.0,-110.0,-110.0,17.0
2016.0,13.0,Maryland,Rutgers,-15.5,-110.0,-110.0,17.0
2016.0,13.0,Memphis,Houston,5.0,-110.0,-110.0,17.0
2016.0,13.0,Miami (OH),Ball State,-7.5,-110.0,-110.0,17.0
2016.0,13.0,Middle Tennessee,Florida Atlantic,-16.5,-110.0,-110.0,17.0
2016.0,13.0,Missouri,Arkansas,8.0,-110.0,-110.0,17.0
2016.0,13.0,New Mexico,Wyoming,3.0,100.0,-120.0,17.0
2016.0,13.0,Northwestern,Illinois,-16.5,-110.0,-110.0,17.0
2016.0,13.0,Ohio,Akron,-11.0,-110.0,-110.0,17.0
2016.0,13.0,Ohio State,Michigan,-3.5,-110.0,-110.0,17.0
2016.0,13.0,Old Dominion,Florida International,-14.0,-110.0,-106.0,17.0
2016.0,13.0,Ole Miss,Mississippi State,-10.0,-110.0,-110.0,11.0
2016.0,13.0,Oregon State,Oregon,2.5,-105.0,-110.5,16.0
2016.0,13.0,Penn State,Michigan State,-11.0,-110.0,-110.0,17.0
2016.0,13.0,Pittsburgh,Syracuse,-26.0,-110.0,-110.0,17.0
2016.0,13.0,San Diego State,Colorado State,-11.5,-110.0,-110.0,17.0
2016.0,13.0,South Florida,UCF,-12.0,-110.0,-110.0,17.0
2016.0,13.0,Stanford,Rice,-34.0,-110.0,-110.0,17.0
2016.0,13.0,Temple,East Carolina,-23.0,-110.0,-110.0,17.0
2016.0,13.0,Texas,TCU,-3.0,-105.0,-115.0,17.0
2016.0,13.0,Texas A&M,LSU,6.5,-110.0,-110.0,17.0
2016.0,13.0,Texas State,Troy,28.5,-110.0,-110.0,17.0
2016.0,13.0,Texas Tech,Baylor,4.0,-110.0,-110.0,17.0
2016.0,13.0,Tulsa,Cincinnati,-22.5,-110.0,-110.0,17.0
2016.0,13.0,UNLV,Nevada,-9.5,-110.0,-110.0,17.0
2016.0,13.0,USC,Notre Dame,-17.5,-110.0,-110.0,17.0
2016.0,13.0,UTEP,North Texas,4.0,-110.0,-110.0,17.0
2016.0,13.0,Vanderbilt,Tennessee,7.0,-110.0,-110.0,17.0
2016.0,13.0,Virginia Tech,Virginia,-19.5,-110.0,-110.0,17.0
2016.0,13.0,Wake Forest,Boston College,-3.0,-110.0,-110.0,17.0
2016.0,13.0,Washington State,Washington,6.0,-110.0,-110.0,16.0
2016.0,13.0,Western Michigan,Toledo,-7.0,-115.0,-105.0,17.0
2016.0,13.0,Wisconsin,Minnesota,-14.5,-108.0,-110.0,17.0
2016.0,14.0,Florida,Alabama,23.5,-110.0,-110.0,20.0
2016.0,14.0,Georgia Southern,Troy,7.0,-110.0,-105.0,20.0
2016.0,14.0,Idaho,Georgia State,-4.0,-110.0,-110.0,20.0
2016.0,14.0,Navy,Temple,-1.5,-110.0,-110.0,20.0
2016.0,14.0,Ohio,Western Michigan,16.5,-110.0,-110.0,20.0
2016.0,14.0,Oklahoma,Oklahoma State,-12.0,-110.0,-107.0,19.0
2016.0,14.0,Penn State,Wisconsin,3.0,-110.0,-109.0,20.0
2016.0,14.0,South Alabama,New Mexico State,-11.5,-110.0,-110.0,20.0
2016.0,14.0,TCU,Kansas State,-4.0,-110.0,-110.0,20.0
2016.0,14.0,Texas State,Arkansas State,25.5,-110.0,-110.0,20.0
2016.0,14.0,Virginia Tech,Clemson,11.0,-110.0,-110.0,20.0
2016.0,14.0,Washington,Colorado,-8.5,-110.0,-110.0,20.0
2016.0,14.0,West Virginia,Baylor,-17.5,-110.0,-110.0,20.0
2016.0,14.0,Western Kentucky,Louisiana Tech,-12.0,-110.0,-110.0,20.0
2016.0,14.0,Wyoming,San Diego State,7.0,-105.0,-112.5,20.0
2016.0,15.0,Army,Navy,6.0,-110.0,-110.0,20.0
2017.0,1.0,Alabama,Florida State,-7.5,-110.0,-110.0,20.0
2017.0,1.0,Arizona,Northern Arizona,-26.5,-110.0,-110.0,19.0
2017.0,1.0,Arizona State,New Mexico State,-26.0,-110.0,-110.0,20.0
2017.0,1.0,Arkansas,Florida A&M,-47.0,-110.0,-110.0,18.0
2017.0,1.0,Army,Fordham,-18.0,-110.0,-110.0,19.0
2017.0,1.0,Auburn,Georgia Southern,-34.5,-110.0,-110.0,20.0
2017.0,1.0,Baylor,Liberty,-33.0,-110.0,-110.0,19.0
2017.0,1.0,Boise State,Troy,-10.5,-110.0,-110.0,20.0
2017.0,1.0,Central Michigan,Rhode Island,-34.0,-110.0,-110.0,19.0
2017.0,1.0,Cincinnati,Austin Peay,-43.0,-110.0,-110.0,19.0
2017.0,1.0,Clemson,Kent State,-38.0,-110.0,-110.0,20.0
2017.0,1.0,Colorado State,Oregon State,-3.0,-114.5,-105.0,20.0
2017.0,1.0,Duke,North Carolina Central,-35.5,-110.0,-110.0,19.0
2017.0,1.0,East Carolina,James Madison,2.5,-110.0,-110.0,19.0
2017.0,1.0,Eastern Michigan,Charlotte,-14.0,-110.0,-110.0,20.0
2017.0,1.0,Florida,Michigan,4.5,-110.0,-110.0,20.0
2017.0,1.0,Florida Atlantic,Navy,9.0,-110.0,-110.0,20.0
2017.0,1.0,Fresno State,Incarnate Word,-35.0,-110.0,-110.0,19.0
2017.0,1.0,Georgia State,Tennessee State,-15.0,-110.0,-110.0,19.0
2017.0,1.0,Georgia Tech,Tennessee,4.0,-110.0,-110.0,20.0
2017.0,1.0,Idaho,Sacramento State,-22.5,-110.0,-110.0,19.0
2017.0,1.0,Illinois,Ball State,-5.0,-110.0,-110.0,20.0
2017.0,1.0,Indiana,Ohio State,20.5,-110.0,-110.0,20.0
2017.0,1.0,Iowa,Wyoming,-12.5,-110.0,-110.0,20.0
2017.0,1.0,Iowa State,Northern Iowa,-10.0,-110.0,-110.0,19.0
2017.0,1.0,Kansas State,Central Arkansas,-27.0,-110.0,-110.0,19.0
2017.0,1.0,Louisiana Tech,Northwestern State,-39.5,-110.0,-110.0,19.0
2017.0,1.0,Marshall,Miami (OH),3.5,-107.5,-110.0,20.0
2017.0,1.0,Michigan State,Bowling Green,-17.0,-110.0,-110.0,20.0
2017.0,1.0,Middle Tennessee,Vanderbilt,2.5,-108.0,-110.0,20.0
2017.0,1.0,Minnesota,Buffalo,-22.25,-110.0,-110.0,20.0
2017.0,1.0,Mississippi State,Charleston Southern,-21.5,-110.0,-110.0,19.0
2017.0,1.0,Missouri,Missouri State,-36.0,-110.0,-110.0,18.0
2017.0,1.0,Nebraska,Arkansas State,-14.5,-110.0,-110.0,20.0
2017.0,1.0,New Mexico,Abilene Christian,-34.0,-110.0,-110.0,19.0
2017.0,1.0,North Carolina,California,-13.25,-110.0,-110.0,20.0
2017.0,1.0,North Texas,Lamar,-17.5,-110.0,-110.0,19.0
2017.0,1.0,Northern Illinois,Boston College,3.5,-112.5,-105.0,20.0
2017.0,1.0,Northwestern,Nevada,-24.0,-110.0,-110.0,20.0
2017.0,1.0,Notre Dame,Temple,-19.5,-110.0,-110.0,20.0
2017.0,1.0,Ohio,Hampton,-36.0,-110.0,-110.0,19.0
2017.0,1.0,Oklahoma,UTEP,-42.0,-110.0,-110.0,20.0
2017.0,1.0,Oklahoma State,Tulsa,-19.5,-110.0,-110.0,20.0
2017.0,1.0,Ole Miss,South Alabama,-21.5,-110.0,-110.0,20.0
2017.0,1.0,Oregon,Southern Utah,-39.5,-110.0,-110.0,19.0
2017.0,1.0,Oregon State,Portland State,-26.0,-110.0,-110.0,19.0
2017.0,1.0,Penn State,Akron,-30.0,-110.0,-110.0,20.0
2017.0,1.0,Pittsburgh,Youngstown State,-13.0,-110.0,-110.0,19.0
2017.0,1.0,Purdue,Louisville,25.5,-110.0,-110.0,20.0
2017.0,1.0,Rice,Stanford,29.5,-110.0,-110.0,20.0
2017.0,1.0,Rutgers,Washington,28.0,-110.0,-110.0,20.0
2017.0,1.0,San Diego State,UC Davis,-35.0,-110.0,-110.0,19.0
2017.0,1.0,South Florida,Stony Brook,-35.5,-110.0,-110.0,19.0
2017.0,1.0,TCU,Jackson State,-59.5,-110.0,-110.0,19.0
2017.0,1.0,Texas,Maryland,-18.5,-110.0,-110.0,20.0
2017.0,1.0,Texas Tech,Eastern Washington,-12.5,-110.0,-110.0,19.0
2017.0,1.0,Toledo,Elon,-44.5,-110.0,-110.0,19.0
2017.0,1.0,UCF,Florida International,-17.0,-110.0,-110.0,20.0
2017.0,1.0,UCLA,Texas A&M,-6.5,-110.0,-110.0,20.0
2017.0,1.0,UNLV,Howard,-45.0,-110.0,-110.0,19.0
2017.0,1.0,USC,Western Michigan,-28.0,-110.0,-110.0,20.0
2017.0,1.0,Utah,North Dakota,-20.5,-110.0,-110.0,19.0
2017.0,1.0,Virginia,William & Mary,-28.0,-110.0,-110.0,19.0
2017.0,1.0,Virginia Tech,West Virginia,-5.0,-110.0,-110.0,20.0
2017.0,1.0,Washington State,Montana State,-41.0,-110.0,-110.0,19.0
2017.0,1.0,Western Kentucky,Eastern Kentucky,-39.0,-110.0,-110.0,19.0
2017.0,1.0,Wisconsin,Utah State,-27.0,-110.0,-110.0,20.0
2017.0,2.0,Akron,Arkansas-Pine Bluff,-48.5,-110.0,-110.0,19.0
2017.0,2.0,Alabama,Fresno State,-42.5,-110.0,-110.0,20.0
2017.0,2.0,Arizona,Houston,1.5,-110.0,-110.0,20.0
2017.0,2.0,Arizona State,San Diego State,-3.0,-109.0,-110.0,20.0
2017.0,2.0,Arkansas,TCU,3.0,-110.0,-110.0,20.0
2017.0,2.0,Army,Buffalo,-15.5,-110.0,-110.0,20.0
2017.0,2.0,Ball State,UAB,-13.5,-110.0,,20.0
2017.0,2.0,Boston College,Wake Forest,0.0,-110.0,-110.0,20.0
2017.0,2.0,Bowling Green,South Dakota,-4.0,-110.0,-110.0,19.0
2017.0,2.0,California,Weber State,-25.5,-110.0,-110.0,19.0
2017.0,2.0,Clemson,Auburn,-6.0,-110.0,-110.0,20.0
2017.0,2.0,Colorado,Texas State,-36.0,-110.0,-110.0,20.0
2017.0,2.0,Colorado State,Abilene Christian,-43.0,-110.0,-110.0,19.0
2017.0,2.0,Duke,Northwestern,1.5,-110.0,-110.0,20.0
2017.0,2.0,Florida International,Alcorn State,-19.0,-110.0,-110.0,19.0
2017.0,2.0,Georgia Southern,New Hampshire,-7.5,-110.0,-110.0,19.0
2017.0,2.0,Georgia Tech,Jacksonville State,-14.5,-110.0,-110.0,19.0
2017.0,2.0,Idaho,UNLV,-4.5,-110.0,-110.0,20.0
2017.0,2.0,Illinois,Western Kentucky,5.0,-110.0,-110.0,20.0
2017.0,2.0,Iowa State,Iowa,3.5,-110.0,-110.0,20.0
2017.0,2.0,Kansas,Central Michigan,-3.0,-109.0,-110.0,20.0
2017.0,2.0,Kansas State,Charlotte,-33.5,-110.0,-110.0,20.0
2017.0,2.0,Kent State,Howard,-24.5,-110.0,-110.0,19.0
2017.0,2.0,Kentucky,Eastern Kentucky,-33.0,-110.0,-110.0,19.0
2017.0,2.0,LSU,Chattanooga,-36.0,-110.0,-110.0,19.0
2017.0,2.0,Louisiana Tech,Mississippi State,10.0,-110.0,-110.0,20.0
2017.0,2.0,Maryland,Towson,-34.0,-110.0,-110.0,19.0
2017.0,2.0,Miami (OH),Austin Peay,-34.5,-110.0,-110.0,19.0
2017.0,2.0,Michigan,Cincinnati,-32.5,-110.0,-110.0,20.0
2017.0,2.0,Michigan State,Western Michigan,-7.0,-108.5,-110.0,20.0
2017.0,2.0,Missouri,South Carolina,-2.5,-110.0,-110.0,20.0
2017.0,2.0,Navy,Tulane,-8.0,-110.0,-110.0,20.0
2017.0,2.0,Nevada,Toledo,10.5,-110.0,-110.0,20.0
2017.0,2.0,New Mexico,New Mexico State,-7.5,-110.0,-110.0,20.0
2017.0,2.0,North Carolina,Louisville,11.5,-110.0,-110.0,20.0
2017.0,2.0,Northern Illinois,Eastern Illinois,-14.5,-110.0,-110.0,19.0
2017.0,2.0,Notre Dame,Georgia,-5.5,-110.0,-110.0,20.0
2017.0,2.0,Ohio State,Oklahoma,-7.5,-110.0,-110.0,20.0
2017.0,2.0,Oregon,Nebraska,-10.5,-110.0,-110.0,20.0
2017.0,2.0,Oregon State,Minnesota,-2.5,-114.5,-105.0,20.0
2017.0,2.0,Penn State,Pittsburgh,-19.0,-110.0,-110.0,20.0
2017.0,2.0,Purdue,Ohio,-3.0,-110.0,-110.0,20.0
2017.0,2.0,Rutgers,Eastern Michigan,-5.5,-110.0,-110.0,20.0
2017.0,2.0,South Alabama,Oklahoma State,28.0,-110.0,-110.0,20.0
2017.0,2.0,Syracuse,Middle Tennessee,-7.5,-110.0,-110.0,20.0
2017.0,2.0,Temple,Villanova,-17.0,-110.0,-110.0,19.0
2017.0,2.0,Tennessee,Indiana State,-36.5,-110.0,-110.0,19.0
2017.0,2.0,Troy,Alabama State,-43.5,-110.0,-110.0,19.0
2017.0,2.0,USC,Stanford,-4.0,-110.0,-110.0,20.0
2017.0,2.0,UTEP,Rice,-1.5,-110.0,-110.0,20.0
2017.0,2.0,Utah State,Idaho State,-34.5,-110.0,-110.0,19.0
2017.0,2.0,Vanderbilt,Alabama A&M,-48.5,-110.0,-110.0,19.0
2017.0,2.0,Virginia,Indiana,4.0,-110.0,-109.0,20.0
2017.0,2.0,Virginia Tech,Delaware,-39.5,-110.0,-110.0,19.0
2017.0,2.0,Washington,Montana,-38.5,-110.0,-110.0,19.0
2017.0,2.0,Washington State,Boise State,-7.5,-107.0,-110.0,20.0
2017.0,2.0,West Virginia,East Carolina,-25.0,-110.0,-110.0,20.0
2017.0,2.0,Wisconsin,Florida Atlantic,-34.5,-110.0,-110.0,20.0
2017.0,2.0,Wyoming,Gardner-Webb,-38.5,-110.0,-110.0,19.0
2017.0,3.0,Akron,Iowa State,10.0,-110.0,-108.5,20.0
2017.0,3.0,Alabama,Colorado State,-31.0,-110.0,-110.0,20.0
2017.0,3.0,Arkansas State,Arkansas-Pine Bluff,-52.0,-110.0,-110.0,19.0
2017.0,3.0,Auburn,Mercer,-40.5,-110.0,-110.0,19.0
2017.0,3.0,Ball State,Tennessee Tech,-22.5,-110.0,-110.0,19.0
2017.0,3.0,Boise State,New Mexico,-16.5,-110.0,-106.0,20.0
2017.0,3.0,Boston College,Notre Dame,14.0,-110.0,-110.0,19.0
2017.0,3.0,Buffalo,Colgate,-22.0,-110.0,-110.0,19.0
2017.0,3.0,California,Ole Miss,7.0,-105.5,-110.0,20.0
2017.0,3.0,Charlotte,North Carolina A&T,-11.5,-110.0,-110.0,19.0
2017.0,3.0,Colorado,Northern Colorado,-38.0,-110.0,-110.0,17.0
2017.0,3.0,Duke,Baylor,-10.5,-110.0,-110.0,20.0
2017.0,3.0,East Carolina,Virginia Tech,27.0,-110.0,-110.0,19.0
2017.0,3.0,Florida,Tennessee,-6.5,-114.0,-106.0,17.0
2017.0,3.0,Florida Atlantic,Bethune-Cookman,-20.0,-110.0,-110.0,19.0
2017.0,3.0,Georgia,Samford,-33.0,-110.0,-110.0,19.0
2017.0,3.0,Houston,Rice,-23.0,-110.0,-110.0,20.0
2017.0,3.0,Iowa,North Texas,-19.5,-110.0,-110.0,19.0
2017.0,3.0,Louisville,Clemson,3.0,-2.0,-115.5,20.0
2017.0,3.0,Marshall,Kent State,-14.0,-110.0,-110.0,20.0
2017.0,3.0,Memphis,UCLA,3.0,-106.0,-112.0,20.0
2017.0,3.0,Miami (OH),Cincinnati,-3.5,-105.0,-114.0,20.0
2017.0,3.0,Michigan,Air Force,-23.0,-110.0,-110.0,20.0
2017.0,3.0,Minnesota,Middle Tennessee,-13.5,-110.0,-110.0,19.0
2017.0,3.0,Mississippi State,LSU,7.5,-110.0,-110.0,20.0
2017.0,3.0,Missouri,Purdue,-5.5,-110.0,-110.0,15.0
2017.0,3.0,Nebraska,Northern Illinois,-10.5,-110.0,-110.0,20.0
2017.0,3.0,Nevada,Idaho State,-33.0,-110.0,-110.0,19.0
2017.0,3.0,New Mexico State,Troy,9.5,-110.0,-110.0,20.0
2017.0,3.0,Northwestern,Bowling Green,-21.0,-110.0,-110.0,20.0
2017.0,3.0,Ohio,Kansas,-7.5,-105.0,-115.0,20.0
2017.0,3.0,Ohio State,Army,-31.5,-110.0,-110.0,20.0
2017.0,3.0,Oklahoma,Tulane,-33.0,-110.0,-110.0,20.0
2017.0,3.0,Old Dominion,North Carolina,11.0,-110.0,-110.0,20.0
2017.0,3.0,Penn State,Georgia State,-37.5,-110.0,-110.0,20.0
2017.0,3.0,Pittsburgh,Oklahoma State,10.75,-110.0,-110.0,20.0
2017.0,3.0,Rutgers,Morgan State,-41.0,-110.0,-110.0,19.0
2017.0,3.0,San Diego State,Stanford,8.5,-110.0,-110.0,20.0
2017.0,3.0,South Alabama,Alabama A&M,-36.0,-110.0,-110.0,19.0
2017.0,3.0,South Carolina,Kentucky,-6.0,-105.5,-110.0,20.0
2017.0,3.0,South Florida,Illinois,-16.5,-110.0,-110.0,20.0
2017.0,3.0,Syracuse,Central Michigan,-7.5,-110.0,-110.0,20.0
2017.0,3.0,Texas Tech,Arizona State,-7.0,-110.0,-110.0,20.0
2017.0,3.0,Toledo,Tulsa,-7.0,-110.0,-106.0,20.0
2017.0,3.0,USC,Texas,-17.0,-110.0,-110.0,20.0
2017.0,3.0,UTEP,Arizona,25.5,-110.0,-110.0,20.0
2017.0,3.0,Vanderbilt,Kansas State,4.5,-110.0,-110.0,20.0
2017.0,3.0,Wake Forest,Utah State,-15.5,-110.0,-110.0,20.0
2017.0,3.0,Washington,Fresno State,-35.0,-110.0,-110.0,20.0
2017.0,3.0,Washington State,Oregon State,-17.5,-110.0,-110.0,20.0
2017.0,3.0,West Virginia,Delaware State,-62.0,-110.0,-110.0,19.0
2017.0,3.0,Western Kentucky,Louisiana Tech,-4.0,-110.0,-110.0,20.0
2017.0,3.0,Western Michigan,Idaho,-17.0,-110.0,-110.0,20.0
2017.0,3.0,Wyoming,Oregon,13.5,-110.0,-110.0,20.0
2017.0,4.0,Air Force,San Diego State,1.0,-110.0,-110.0,20.0
2017.0,4.0,Arizona,Utah,4.5,-109.0,-110.0,20.0
2017.0,4.0,Arizona State,Oregon,14.5,-110.0,-110.0,20.0
2017.0,4.0,Baylor,Oklahoma,28.0,-110.0,-110.0,20.0
2017.0,4.0,Boise State,Virginia,-13.5,-110.0,-110.0,20.0
2017.0,4.0,Buffalo,Florida Atlantic,-1.5,-110.0,-110.0,20.0
2017.0,4.0,California,USC,17.0,-110.0,-110.0,20.0
2017.0,4.0,Central Michigan,Miami (OH),-1.0,-105.0,-115.0,20.0
2017.0,4.0,Charlotte,Georgia State,-1.0,-106.0,-110.0,20.0
2017.0,4.0,Clemson,Boston College,-33.0,-110.0,-110.0,20.0
2017.0,4.0,Coastal Carolina,Western Illinois,3.25,-112.5,-107.5,18.0
2017.0,4.0,Colorado,Washington,11.0,-110.0,-110.0,20.0
2017.0,4.0,Eastern Michigan,Ohio,-1.5,-108.5,-110.0,20.0
2017.0,4.0,Georgia,Mississippi State,-2.5,-115.0,-105.0,20.0
2017.0,4.0,Georgia Tech,Pittsburgh,-7.5,-107.5,-110.0,20.0
2017.0,4.0,Houston,Texas Tech,-7.0,-105.0,-110.0,20.0
2017.0,4.0,Indiana,Georgia Southern,-21.5,-110.0,-110.0,20.0
2017.0,4.0,Iowa,Penn State,13.0,-110.0,-110.0,20.0
2017.0,4.0,Kansas,West Virginia,24.0,-105.0,-110.0,20.0
2017.0,4.0,Kentucky,Florida,3.0,-110.0,-107.5,20.0
2017.0,4.0,LSU,Syracuse,-21.5,-110.0,-110.0,20.0
2017.0,4.0,Louisville,Kent State,-41.5,-110.0,-110.0,20.0
2017.0,4.0,Maryland,UCF,-4.5,-110.0,-110.0,20.0
2017.0,4.0,Memphis,Southern Illinois,-29.5,-110.0,-110.0,19.0
2017.0,4.0,Michigan State,Notre Dame,3.5,-110.0,-110.0,20.0
2017.0,4.0,Middle Tennessee,Bowling Green,-7.0,-110.0,-110.0,20.0
2017.0,4.0,Missouri,Auburn,18.5,-110.0,-110.0,20.0
2017.0,4.0,Navy,Cincinnati,-7.5,-110.0,-110.0,20.0
2017.0,4.0,Nebraska,Rutgers,-11.75,-110.0,-110.0,20.0
2017.0,4.0,New Mexico State,UTEP,-17.0,-110.0,-110.0,20.0
2017.0,4.0,North Carolina,Duke,-2.0,-110.0,-110.0,20.0
2017.0,4.0,North Texas,UAB,-10.0,-110.0,,20.0
2017.0,4.0,Ohio State,UNLV,-40.0,-110.0,-110.0,20.0
2017.0,4.0,Oklahoma State,TCU,-9.5,-110.0,-106.0,20.0
2017.0,4.0,Purdue,Michigan,13.5,-110.0,-110.0,20.0
2017.0,4.0,Rice,Florida International,-1.0,-110.0,-110.0,20.0
2017.0,4.0,South Alabama,Idaho,-7.0,-105.0,-110.0,20.0
2017.0,4.0,South Carolina,Louisiana Tech,-9.0,-110.0,-110.0,20.0
2017.0,4.0,South Florida,Temple,-17.75,-110.0,-110.0,20.0
2017.0,4.0,Stanford,UCLA,-6.5,-108.0,-110.0,20.0
2017.0,4.0,Troy,Akron,-17.0,-110.0,-110.0,20.0
2017.0,4.0,Tulane,Army,-3.0,-108.0,-110.0,20.0
2017.0,4.0,Tulsa,New Mexico,-8.0,-108.0,-110.0,20.0
2017.0,4.0,Vanderbilt,Alabama,19.5,-110.0,-110.0,20.0
2017.0,4.0,Virginia Tech,Old Dominion,-28.5,-110.0,-110.0,20.0
2017.0,4.0,Washington State,Nevada,-28.5,-110.0,-110.0,20.0
2017.0,4.0,Western Kentucky,Ball State,-12.5,-110.0,-110.0,20.0
2017.0,4.0,Western Michigan,Wagner,-37.5,-110.0,-110.0,19.0
2017.0,5.0,Alabama,Ole Miss,-29.0,-110.0,-110.0,20.0
2017.0,5.0,Arkansas,New Mexico State,-18.5,-110.0,-110.0,20.0
2017.0,5.0,Army,UTEP,-22.0,-110.0,-110.0,20.0
2017.0,5.0,Auburn,Mississippi State,-7.25,-110.0,-106.5,20.0
2017.0,5.0,Boston College,Central Michigan,-10.5,-110.0,-110.0,20.0
2017.0,5.0,Bowling Green,Akron,3.0,-115.0,-105.0,20.0
2017.0,5.0,Cincinnati,Marshall,-3.0,-115.0,-105.0,20.0
2017.0,5.0,East Carolina,South Florida,22.5,-110.0,-110.0,20.0
2017.0,5.0,Florida,Vanderbilt,-9.0,-110.0,-110.0,20.0
2017.0,5.0,Florida Atlantic,Middle Tennessee,-2.5,-110.0,-110.0,20.0
2017.0,5.0,Florida International,Charlotte,-10.0,-110.0,-110.0,20.0
2017.0,5.0,Fresno State,Nevada,-7.5,-110.0,-110.0,20.0
2017.0,5.0,Georgia Tech,North Carolina,-10.0,-110.0,-109.5,20.0
2017.0,5.0,Illinois,Nebraska,7.0,-118.0,101.0,5.0
2017.0,5.0,Kansas State,Baylor,-14.5,-107.5,-110.0,20.0
2017.0,5.0,Kent State,Buffalo,7.5,-110.0,-110.0,20.0
2017.0,5.0,Kentucky,Eastern Michigan,-14.0,-110.0,-110.0,20.0
2017.0,5.0,LSU,Troy,-20.5,-110.0,-110.0,19.0
2017.0,5.0,Louisiana Tech,South Alabama,-11.5,-110.0,-110.0,20.0
2017.0,5.0,Louisville,Murray State,-49.0,-110.0,-110.0,19.0
2017.0,5.0,Michigan State,Iowa,-3.5,-105.0,-115.0,20.0
2017.0,5.0,Minnesota,Maryland,-13.5,-110.0,-110.0,20.0
2017.0,5.0,New Mexico,Air Force,3.0,-106.5,-110.0,20.0
2017.0,5.0,Notre Dame,Miami (OH),-21.0,-110.0,-110.0,20.0
2017.0,5.0,Oregon,California,-17.0,-110.0,-110.0,20.0
2017.0,5.0,Oregon State,Washington,26.5,-110.0,-110.0,20.0
2017.0,5.0,Penn State,Indiana,-19.75,-110.0,-110.0,20.0
2017.0,5.0,Pittsburgh,Rice,-20.0,-110.0,-110.0,20.0
2017.0,5.0,Rutgers,Ohio State,28.5,-110.0,-110.0,20.0
2017.0,5.0,San Diego State,Northern Illinois,-9.5,-110.0,-110.0,20.0
2017.0,5.0,Stanford,Arizona State,-17.0,-110.0,-110.0,20.0
2017.0,5.0,Temple,Houston,11.0,-110.0,-110.0,20.0
2017.0,5.0,Tennessee,Georgia,10.0,-107.5,-110.0,20.0
2017.0,5.0,Texas A&M,South Carolina,-8.0,-110.0,-110.0,20.0
2017.0,5.0,Texas Tech,Oklahoma State,11.0,-108.0,-110.0,20.0
2017.0,5.0,Tulsa,Navy,8.5,-110.0,-110.0,20.0
2017.0,5.0,UCF,Memphis,-4.0,-110.0,-110.0,20.0
2017.0,5.0,UCLA,Colorado,-7.5,-110.0,-110.0,20.0
2017.0,5.0,Virginia Tech,Clemson,7.0,-105.5,-110.0,20.0
2017.0,5.0,Wake Forest,Florida State,7.0,-103.0,-115.0,20.0
2017.0,5.0,Washington State,USC,4.5,-105.0,140.0,1.0
2017.0,5.0,Western Michigan,Ball State,-12.5,-110.0,-110.0,20.0
2017.0,5.0,Wisconsin,Northwestern,-16.5,-110.0,-110.0,20.0
2017.0,5.0,Wyoming,Texas State,-16.5,-110.0,-110.0,20.0
2017.0,6.0,Akron,Ball State,-4.5,-110.0,-110.0,20.0
2017.0,6.0,Auburn,Ole Miss,-21.0,-110.0,-109.5,20.0
2017.0,6.0,Boston College,Virginia Tech,15.25,-110.0,-110.0,20.0
2017.0,6.0,Buffalo,Western Michigan,7.0,-110.0,-110.0,20.0
2017.0,6.0,Charlotte,Marshall,14.5,-110.0,-110.0,20.0
2017.0,6.0,Cincinnati,UCF,15.0,-110.0,-110.0,20.0
2017.0,6.0,Clemson,Wake Forest,-21.0,-110.0,-110.0,20.0
2017.0,6.0,Coastal Carolina,Georgia State,1.0,-110.0,-110.0,20.0
2017.0,6.0,Colorado,Arizona,-7.0,-110.0,-110.0,20.0
2017.0,6.0,East Carolina,Temple,3.5,-110.0,-105.0,20.0
2017.0,6.0,Florida,LSU,1.5,-110.0,-110.0,20.0
2017.0,6.0,Georgia Southern,Arkansas State,8.0,-110.0,-110.0,20.0
2017.0,6.0,Indiana,Charleston Southern,-28.0,-110.0,-110.0,19.0
2017.0,6.0,Iowa,Illinois,-16.0,-110.0,-110.0,20.0
2017.0,6.0,Kansas,Texas Tech,14.5,-110.0,-110.0,20.0
2017.0,6.0,Kentucky,Missouri,-8.5,-110.0,-110.0,20.0
2017.0,6.0,Miami (OH),Bowling Green,-16.5,-110.0,-110.0,20.0
2017.0,6.0,Michigan,Michigan State,-13.0,-110.0,-110.0,20.0
2017.0,6.0,Middle Tennessee,Florida International,-8.0,-110.0,-110.0,20.0
2017.0,6.0,Navy,Air Force,-9.5,-110.0,-110.0,20.0
2017.0,6.0,Nebraska,Wisconsin,12.5,-110.0,-110.0,20.0
2017.0,6.0,North Carolina,Notre Dame,13.0,-110.0,-110.0,20.0
2017.0,6.0,Northern Illinois,Kent State,-23.0,-110.0,-110.0,20.0
2017.0,6.0,Northwestern,Penn State,14.5,-110.0,-110.0,20.0
2017.0,6.0,Ohio,Central Michigan,-10.5,-110.0,-110.0,20.0
2017.0,6.0,Ohio State,Maryland,-30.0,-110.0,-110.0,20.0
2017.0,6.0,Oklahoma,Iowa State,-31.0,-110.0,-110.0,20.0
2017.0,6.0,Old Dominion,Florida Atlantic,5.5,-110.0,-110.0,20.0
2017.0,6.0,Oregon,Washington State,1.5,-110.0,-110.0,20.0
2017.0,6.0,Purdue,Minnesota,-3.5,-105.0,-115.0,20.0
2017.0,6.0,Rice,Army,13.0,-110.0,-110.0,20.0
2017.0,6.0,South Carolina,Arkansas,3.0,-104.5,-110.0,20.0
2017.0,6.0,Syracuse,Pittsburgh,-3.0,-115.0,-105.0,20.0
2017.0,6.0,TCU,West Virginia,-12.5,-110.0,-110.0,20.0
2017.0,6.0,Texas,Kansas State,-5.0,-110.0,-110.0,20.0
2017.0,6.0,Texas A&M,Alabama,25.5,-110.0,-110.0,20.0
2017.0,6.0,Toledo,Eastern Michigan,-13.5,-110.0,-110.0,20.0
2017.0,6.0,Tulane,Tulsa,-6.0,-110.0,-110.0,20.0
2017.0,6.0,UNLV,San Diego State,10.0,-110.0,-110.0,20.0
2017.0,6.0,USC,Oregon State,-33.0,-110.0,-110.0,20.0
2017.0,6.0,UTEP,Western Kentucky,16.5,-110.0,-110.0,20.0
2017.0,6.0,Utah,Stanford,3.0,-115.0,-105.0,20.0
2017.0,6.0,Utah State,Colorado State,9.5,-110.0,-110.0,20.0
2017.0,6.0,Vanderbilt,Georgia,17.0,-110.0,-110.0,20.0
2017.0,6.0,Virginia,Duke,1.75,-110.0,-110.0,20.0
2017.0,6.0,Washington,California,-28.5,-110.0,-110.0,20.0
2017.0,7.0,Air Force,UNLV,-10.0,-110.0,-110.0,20.0
2017.0,7.0,Alabama,Arkansas,-37.0,-110.0,-110.0,20.0
2017.0,7.0,Arizona,UCLA,3.0,-110.0,-106.0,20.0
2017.0,7.0,Arizona State,Washington,17.5,-110.0,-110.0,20.0
2017.0,7.0,Arkansas State,Coastal Carolina,-16.25,-110.0,-110.0,20.0
2017.0,7.0,Army,Eastern Michigan,-4.25,-110.0,-110.0,20.0
2017.0,7.0,Bowling Green,Ohio,9.5,-110.0,-110.0,20.0
2017.0,7.0,Buffalo,Northern Illinois,8.0,-110.0,-110.0,20.0
2017.0,7.0,California,Washington State,16.5,-110.0,-110.0,20.0
2017.0,7.0,Central Michigan,Toledo,9.5,-110.0,-110.0,20.0
2017.0,7.0,Colorado State,Nevada,-24.5,-110.0,-110.0,20.0
2017.0,7.0,Duke,Florida State,7.0,-109.0,-110.0,20.0
2017.0,7.0,Florida,Texas A&M,-3.5,-110.0,-110.0,20.0
2017.0,7.0,Florida International,Tulane,12.5,-110.0,-110.0,20.0
2017.0,7.0,Fresno State,New Mexico,2.5,-105.0,-110.0,20.0
2017.0,7.0,Georgia,Missouri,-28.5,-110.0,-110.0,20.0
2017.0,7.0,Georgia Southern,New Mexico State,5.0,-110.0,-110.0,20.0
2017.0,7.0,Illinois,Rutgers,-0.5,-110.0,-110.0,20.0
2017.0,7.0,Indiana,Michigan,7.0,-113.0,-105.5,20.0
2017.0,7.0,Iowa State,Kansas,-22.75,-110.0,-110.0,20.0
2017.0,7.0,Kansas State,TCU,7.5,-110.0,-110.0,20.0
2017.0,7.0,Kent State,Miami (OH),8.5,-110.0,-110.0,20.0
2017.0,7.0,LSU,Auburn,6.5,-110.0,-109.0,20.0
2017.0,7.0,Louisville,Boston College,-19.0,-110.0,-110.0,20.0
2017.0,7.0,Marshall,Old Dominion,-12.5,-110.0,-110.0,20.0
2017.0,7.0,Maryland,Northwestern,2.5,-110.0,-110.0,20.0
2017.0,7.0,Memphis,Navy,-3.5,-110.0,-110.0,20.0
2017.0,7.0,Minnesota,Michigan State,4.0,-110.0,-110.0,20.0
2017.0,7.0,Nebraska,Ohio State,24.0,-110.0,-110.0,20.0
2017.0,7.0,North Carolina,Virginia,3.0,-105.0,-112.0,20.0
2017.0,7.0,Oklahoma State,Baylor,-26.5,-110.0,-110.0,20.0
2017.0,7.0,Ole Miss,Vanderbilt,-3.25,-110.0,-108.5,20.0
2017.0,7.0,Oregon State,Colorado,9.5,-110.0,-110.0,20.0
2017.0,7.0,San Diego State,Boise State,-4.5,-110.0,-110.0,20.0
2017.0,7.0,South Florida,Cincinnati,-24.0,-110.0,-110.0,20.0
2017.0,7.0,Stanford,Oregon,-9.75,-110.0,-110.0,20.0
2017.0,7.0,Syracuse,Clemson,24.0,-110.0,-110.0,20.0
2017.0,7.0,Tennessee,South Carolina,-2.5,-110.0,-110.0,20.0
2017.0,7.0,Texas,Oklahoma,9.0,-110.0,-110.0,20.0
2017.0,7.0,Troy,South Alabama,-18.0,-110.0,-110.0,20.0
2017.0,7.0,Tulsa,Houston,14.0,-110.0,-110.0,20.0
2017.0,7.0,UCF,East Carolina,-35.0,-110.0,-110.0,20.0
2017.0,7.0,USC,Utah,-13.5,-110.0,-110.0,20.0
2017.0,7.0,Utah State,Wyoming,1.0,-110.0,-110.0,20.0
2017.0,7.0,West Virginia,Texas Tech,-5.5,-110.0,-110.0,20.0
2017.0,7.0,Western Kentucky,Charlotte,-18.0,-110.0,-110.0,20.0
2017.0,7.0,Western Michigan,Akron,-13.0,-110.0,-110.0,20.0
2017.0,7.0,Wisconsin,Purdue,-17.0,-110.0,-110.0,20.0
2017.0,8.0,Alabama,Tennessee,-36.5,-110.0,-110.0,20.0
2017.0,8.0,Arkansas,Auburn,17.0,-110.0,-110.0,20.0
2017.0,8.0,Army,Temple,-7.0,-107.5,-110.0,20.0
2017.0,8.0,Ball State,Central Michigan,3.0,-105.0,-111.0,20.0
2017.0,8.0,Baylor,West Virginia,10.5,-110.0,-110.0,20.0
2017.0,8.0,Boise State,Wyoming,-15.5,-110.0,-110.0,20.0
2017.0,8.0,Bowling Green,Northern Illinois,15.0,-110.0,-110.0,20.0
2017.0,8.0,California,Arizona,5.0,-110.0,-110.0,20.0
2017.0,8.0,Charlotte,UAB,9.5,-110.0,,20.0
2017.0,8.0,Duke,Pittsburgh,-9.5,-110.0,-110.0,20.0
2017.0,8.0,Eastern Michigan,Western Michigan,2.0,-110.0,-110.0,20.0
2017.0,8.0,Florida Atlantic,North Texas,-3.5,-105.0,-115.0,20.0
2017.0,8.0,Florida State,Louisville,-6.5,-110.0,-106.0,20.0
2017.0,8.0,Georgia State,Troy,7.0,-110.0,-106.0,20.0
2017.0,8.0,Georgia Tech,Wake Forest,-3.5,-110.0,-110.0,20.0
2017.0,8.0,Houston,Memphis,-1.0,-110.0,-110.0,20.0
2017.0,8.0,Kansas State,Oklahoma,15.0,-110.0,-110.0,20.0
2017.0,8.0,Miami (OH),Buffalo,-3.0,-110.0,-110.0,20.0
2017.0,8.0,Michigan State,Indiana,-6.5,-111.5,-105.0,20.0
2017.0,8.0,Middle Tennessee,Marshall,2.0,-110.0,-110.0,20.0
2017.0,8.0,Minnesota,Illinois,-14.5,-110.0,-110.0,20.0
2017.0,8.0,Mississippi State,Kentucky,-14.5,-110.0,-110.0,20.0
2017.0,8.0,Missouri,Idaho,-14.0,-110.0,-110.0,20.0
2017.0,8.0,Navy,UCF,10.0,-110.0,-110.0,20.0
2017.0,8.0,Nevada,Air Force,6.0,-110.0,-110.0,20.0
2017.0,8.0,New Mexico,Colorado State,10.0,-110.0,-110.0,20.0
2017.0,8.0,Northwestern,Iowa,-2.5,-110.0,-110.0,20.0
2017.0,8.0,Notre Dame,USC,-4.0,-110.0,-107.5,20.0
2017.0,8.0,Ohio,Kent State,-17.0,-110.0,-110.0,20.0
2017.0,8.0,Old Dominion,Western Kentucky,6.5,-110.0,-109.5,20.0
2017.0,8.0,Ole Miss,LSU,6.5,-105.0,-113.5,20.0
2017.0,8.0,Penn State,Michigan,-7.5,-105.0,-110.0,20.0
2017.0,8.0,Rutgers,Purdue,8.5,-110.0,-110.0,20.0
2017.0,8.0,San Diego State,Fresno State,-6.5,-110.0,-110.0,20.0
2017.0,8.0,TCU,Kansas,-37.0,-110.0,-110.0,20.0
2017.0,8.0,Texas,Oklahoma State,7.0,-110.0,-106.5,20.0
2017.0,8.0,Texas Tech,Iowa State,-6.5,-110.0,-110.0,20.0
2017.0,8.0,Toledo,Akron,-15.0,-110.0,-110.0,20.0
2017.0,8.0,Tulane,South Florida,10.0,-110.0,-110.0,20.0
2017.0,8.0,UCLA,Oregon,-6.5,-110.0,-105.0,20.0
2017.0,8.0,UNLV,Utah State,-3.5,-108.5,-110.0,20.0
2017.0,8.0,Utah,Arizona State,-10.0,-110.0,-110.0,20.0
2017.0,8.0,Virginia,Boston College,-7.0,-105.5,-110.0,20.0
2017.0,8.0,Virginia Tech,North Carolina,-20.5,-110.0,-110.0,20.0
2017.0,8.0,Washington State,Colorado,-9.0,-106.0,-110.0,20.0
2017.0,8.0,Wisconsin,Maryland,-24.0,-110.0,-110.0,20.0
2017.0,9.0,Akron,Buffalo,3.0,-110.0,-110.0,20.0
2017.0,9.0,Arizona,Washington State,-1.0,-107.0,-110.0,20.0
2017.0,9.0,Arizona State,USC,5.0,-110.0,-110.0,20.0
2017.0,9.0,Ball State,Toledo,26.5,-110.0,-110.0,20.0
2017.0,9.0,Baylor,Texas,10.0,-110.0,-110.0,20.0
2017.0,9.0,Boston College,Florida State,6.0,-110.0,-110.0,20.0
2017.0,9.0,Clemson,Georgia Tech,-14.0,-110.0,-110.0,20.0
2017.0,9.0,Coastal Carolina,Texas State,-10.0,-110.0,-110.0,20.0
2017.0,9.0,Colorado,California,-4.0,-110.0,-110.0,20.0
2017.0,9.0,Colorado State,Air Force,-9.5,-110.0,-110.0,20.0
2017.0,9.0,Florida,Georgia,13.0,-110.0,-110.0,20.0
2017.0,9.0,Fresno State,UNLV,-22.0,-110.0,-110.0,20.0
2017.0,9.0,Georgia State,South Alabama,-1.0,-110.0,-110.0,20.0
2017.0,9.0,Illinois,Wisconsin,28.5,-110.0,-110.0,20.0
2017.0,9.0,Iowa,Minnesota,-7.0,-110.0,-105.0,20.0
2017.0,9.0,Iowa State,TCU,7.0,-110.0,-110.0,20.0
2017.0,9.0,Kansas,Kansas State,25.0,-110.0,-110.0,20.0
2017.0,9.0,Kentucky,Tennessee,-4.0,-110.0,-110.0,20.0
2017.0,9.0,Marshall,Florida International,-15.0,-110.0,-110.0,20.0
2017.0,9.0,Maryland,Indiana,6.5,-110.0,-110.0,20.0
2017.0,9.0,Memphis,Tulane,-10.5,-110.0,-110.0,20.0
2017.0,9.0,Michigan,Rutgers,-22.0,-110.0,-110.0,20.0
2017.0,9.0,New Mexico State,Arkansas State,3.5,-110.0,-108.0,20.0
2017.0,9.0,North Texas,Old Dominion,-11.0,-110.0,-110.0,20.0
2017.0,9.0,Northern Illinois,Eastern Michigan,-7.5,-110.0,-110.0,20.0
2017.0,9.0,Northwestern,Michigan State,1.5,-110.0,-110.0,20.0
2017.0,9.0,Ohio State,Penn State,-7.0,-115.0,-105.0,20.0
2017.0,9.0,Oklahoma,Texas Tech,-20.0,-110.0,-110.0,20.0
2017.0,9.0,Ole Miss,Arkansas,-2.5,-110.0,-110.0,20.0
2017.0,9.0,Oregon,Utah,2.0,-110.0,-110.0,20.0
2017.0,9.0,Oregon State,Stanford,17.5,-110.0,-110.0,20.0
2017.0,9.0,Pittsburgh,Virginia,-1.0,-110.0,-110.0,20.0
2017.0,9.0,Purdue,Nebraska,-4.0,-110.0,-110.0,20.0
2017.0,9.0,Rice,Louisiana Tech,12.0,-110.0,-110.0,20.0
2017.0,9.0,South Carolina,Vanderbilt,-7.0,-110.0,-105.0,20.0
2017.0,9.0,South Florida,Houston,-10.0,-110.0,-110.0,20.0
2017.0,9.0,Texas A&M,Mississippi State,3.5,-110.0,-110.0,20.0
2017.0,9.0,Troy,Georgia Southern,-23.5,-110.0,-110.0,20.0
2017.0,9.0,UCF,Austin Peay,-43.5,-110.0,-110.0,19.0
2017.0,9.0,Utah State,Boise State,13.0,-110.0,-110.0,20.0
2017.0,9.0,Virginia Tech,Duke,-17.0,-110.0,-110.0,20.0
2017.0,9.0,Wake Forest,Louisville,2.5,-2.5,-115.0,20.0
2017.0,9.0,Washington,UCLA,-18.0,-110.0,-110.0,20.0
2017.0,9.0,West Virginia,Oklahoma State,9.0,-110.0,-110.0,20.0
2017.0,9.0,Western Kentucky,Florida Atlantic,6.5,-110.0,-110.0,20.0
2017.0,9.0,Wyoming,New Mexico,-2.5,-110.0,-110.0,20.0
2017.0,10.0,Air Force,Army,-6.5,-110.0,-110.0,20.0
2017.0,10.0,Alabama,LSU,-20.5,-110.0,-110.0,20.0
2017.0,10.0,Arizona State,Colorado,-6.5,-110.0,-110.0,20.0
2017.0,10.0,Arkansas,Coastal Carolina,-24.5,-110.0,-110.0,20.0
2017.0,10.0,Boise State,Nevada,-20.0,-110.0,-110.0,20.0
2017.0,10.0,California,Oregon State,-7.0,-115.0,-105.0,20.0
2017.0,10.0,Eastern Michigan,Ball State,-24.5,-110.0,-110.0,20.0
2017.0,10.0,Florida Atlantic,Marshall,-6.5,-110.0,-106.0,20.0
2017.0,10.0,Florida State,Syracuse,-8.5,-110.0,-110.0,20.0
2017.0,10.0,Georgia,South Carolina,-23.5,-110.0,-110.0,20.0
2017.0,10.0,Georgia Southern,Georgia State,5.0,-110.0,-110.0,20.0
2017.0,10.0,Houston,East Carolina,-23.0,-110.0,-110.0,20.0
2017.0,10.0,Indiana,Wisconsin,11.0,-110.0,-110.0,20.0
2017.0,10.0,Iowa,Ohio State,21.0,-110.0,-110.0,20.0
2017.0,10.0,Kansas,Baylor,7.0,-110.0,-110.0,20.0
2017.0,10.0,Kent State,Bowling Green,1.5,-110.0,-110.0,20.0
2017.0,10.0,Kentucky,Ole Miss,-3.5,-105.0,-115.0,20.0
2017.0,10.0,Louisiana Tech,North Texas,-1.5,-110.0,-110.0,20.0
2017.0,10.0,Michigan,Minnesota,-15.5,-110.0,-110.0,20.0
2017.0,10.0,Michigan State,Penn State,10.0,-110.0,-110.0,20.0
2017.0,10.0,Middle Tennessee,UTEP,-20.0,-110.0,-110.0,20.0
2017.0,10.0,Missouri,Florida,-1.5,-110.0,-110.0,20.0
2017.0,10.0,Nebraska,Northwestern,-1.0,-110.0,-110.0,20.0
2017.0,10.0,New Mexico,Utah State,-3.0,-115.0,-105.0,20.0
2017.0,10.0,Notre Dame,Wake Forest,-16.0,-110.0,-110.0,20.0
2017.0,10.0,Ohio,Miami (OH),-6.5,-110.0,-110.0,20.0
2017.0,10.0,Oklahoma State,Oklahoma,-2.0,-110.0,-110.0,20.0
2017.0,10.0,Old Dominion,Charlotte,-10.0,-110.0,-110.0,20.0
2017.0,10.0,Purdue,Illinois,-14.0,-110.0,-110.0,20.0
2017.0,10.0,Rutgers,Maryland,4.5,-110.0,-110.0,20.0
2017.0,10.0,TCU,Texas,-7.5,-110.0,-110.0,20.0
2017.0,10.0,Temple,Navy,6.5,-110.0,-110.0,20.0
2017.0,10.0,Texas A&M,Auburn,14.5,-110.0,-110.0,20.0
2017.0,10.0,Texas State,New Mexico State,9.0,-110.0,-110.0,20.0
2017.0,10.0,Texas Tech,Kansas State,-3.5,-110.0,-110.0,20.0
2017.0,10.0,Toledo,Northern Illinois,-7.5,-105.0,-110.0,20.0
2017.0,10.0,Troy,Idaho,-18.0,-110.0,-110.0,20.0
2017.0,10.0,Tulane,Cincinnati,-5.5,-110.0,-110.0,20.0
2017.0,10.0,Tulsa,Memphis,14.5,-110.0,-110.0,20.0
2017.0,10.0,USC,Arizona,-6.5,-110.0,-110.0,20.0
2017.0,10.0,Utah,UCLA,-9.5,-110.0,-110.0,20.0
2017.0,10.0,Vanderbilt,Western Kentucky,-12.5,-110.0,-110.0,20.0
2017.0,10.0,Virginia,Georgia Tech,8.0,-110.0,-110.0,20.0
2017.0,10.0,Washington,Oregon,-17.25,-110.0,-110.0,20.0
2017.0,10.0,Washington State,Stanford,2.0,-110.0,-110.0,20.0
2017.0,10.0,West Virginia,Iowa State,-3.5,-110.0,-110.0,20.0
2017.0,10.0,Western Michigan,Central Michigan,-3.5,-110.0,-105.0,20.0
2017.0,10.0,Wyoming,Colorado State,4.0,-110.0,-110.0,20.0
2017.0,11.0,Air Force,Wyoming,-2.5,-110.0,-110.0,20.0
2017.0,11.0,Arizona,Oregon State,-21.0,-110.0,-110.0,20.0
2017.0,11.0,Army,Duke,3.5,-110.0,-110.0,20.0
2017.0,11.0,Auburn,Georgia,2.5,-105.0,-115.0,20.0
2017.0,11.0,Baylor,Texas Tech,10.0,-110.0,-110.0,20.0
2017.0,11.0,Buffalo,Bowling Green,-7.0,-110.0,-110.0,20.0
2017.0,11.0,Central Michigan,Eastern Michigan,1.5,-110.0,-110.0,20.0
2017.0,11.0,Charlotte,Middle Tennessee,16.0,-110.0,-110.0,20.0
2017.0,11.0,Cincinnati,Temple,3.0,-109.0,-110.0,20.0
2017.0,11.0,Clemson,Florida State,-16.5,-110.0,-110.0,20.0
2017.0,11.0,Coastal Carolina,Troy,17.0,-110.0,-110.0,20.0
2017.0,11.0,Colorado,USC,14.0,-110.0,-110.0,20.0
2017.0,11.0,Colorado State,Boise State,6.5,-105.0,-112.0,20.0
2017.0,11.0,East Carolina,Tulane,6.5,-108.0,-110.0,20.0
2017.0,11.0,Florida International,Old Dominion,-10.0,-110.0,-110.0,20.0
2017.0,11.0,Georgia Tech,Virginia Tech,3.0,-110.0,-108.5,20.0
2017.0,11.0,Illinois,Indiana,10.5,-110.0,-110.0,20.0
2017.0,11.0,Iowa State,Oklahoma State,7.5,-110.0,-110.0,20.0
2017.0,11.0,Kansas State,West Virginia,3.0,-105.0,-115.0,20.0
2017.0,11.0,LSU,Arkansas,-19.0,-110.0,-110.0,20.0
2017.0,11.0,Louisiana Tech,Florida Atlantic,3.5,-109.5,-110.0,20.0
2017.0,11.0,Louisville,Virginia,-14.0,-110.0,-110.0,20.0
2017.0,11.0,Marshall,Western Kentucky,-10.0,-110.0,-110.0,20.0
2017.0,11.0,Maryland,Michigan,14.5,-110.0,-110.0,20.0
2017.0,11.0,Miami (OH),Akron,-11.5,-110.0,-110.0,20.0
2017.0,11.0,Minnesota,Nebraska,-1.0,-110.0,-110.0,20.0
2017.0,11.0,Mississippi State,Alabama,14.0,-110.0,-110.0,20.0
2017.0,11.0,Missouri,Tennessee,-12.0,-110.0,-110.0,20.0
2017.0,11.0,North Texas,UTEP,-24.0,-110.0,-110.0,20.0
2017.0,11.0,Northern Illinois,Ball State,-29.0,-110.0,-110.0,20.0
2017.0,11.0,Northwestern,Purdue,-6.5,-110.0,-110.0,20.0
2017.0,11.0,Ohio,Toledo,3.0,-110.0,-106.0,20.0
2017.0,11.0,Ohio State,Michigan State,-18.0,-110.0,-110.0,20.0
2017.0,11.0,Oklahoma,TCU,-6.0,-110.0,-110.0,20.0
2017.0,11.0,Penn State,Rutgers,-31.0,-110.0,-110.0,20.0
2017.0,11.0,Pittsburgh,North Carolina,-9.5,-110.0,-110.0,20.0
2017.0,11.0,South Alabama,Arkansas State,12.5,-110.0,-110.0,20.0
2017.0,11.0,South Carolina,Florida,-4.5,-110.0,-110.0,20.0
2017.0,11.0,Stanford,Washington,7.0,-110.0,-110.0,20.0
2017.0,11.0,Syracuse,Wake Forest,2.5,-107.5,-110.0,20.0
2017.0,11.0,Texas,Kansas,-32.0,-110.0,-110.0,20.0
2017.0,11.0,Texas A&M,New Mexico,-18.5,-110.0,-110.0,20.0
2017.0,11.0,Texas State,Georgia State,5.5,-110.0,-110.0,20.0
2017.0,11.0,UCLA,Arizona State,-3.0,-105.0,-115.0,20.0
2017.0,11.0,Utah,Washington State,0.0,-110.0,-110.0,20.0
2017.0,11.0,Vanderbilt,Kentucky,-2.5,-110.0,-105.0,20.0
2017.0,11.0,Western Michigan,Kent State,-20.5,-110.0,-110.0,20.0
2017.0,11.0,Wisconsin,Iowa,-12.5,-110.0,-110.0,20.0
2017.0,12.0,Akron,Ohio,15.0,-110.0,-110.0,20.0
2017.0,12.0,Alabama,Mercer,-48.5,-110.0,-110.0,19.0
2017.0,12.0,Arkansas,Mississippi State,14.0,-110.0,-110.0,20.0
2017.0,12.0,Arkansas State,Texas State,-26.5,-110.0,-110.0,20.0
2017.0,12.0,Ball State,Buffalo,17.5,-110.0,-110.0,20.0
2017.0,12.0,Baylor,Iowa State,7.5,-110.0,-107.0,20.0
2017.0,12.0,Boise State,Air Force,-17.5,-110.0,-110.0,20.0
2017.0,12.0,Bowling Green,Toledo,17.5,-110.0,-110.0,20.0
2017.0,12.0,Duke,Georgia Tech,7.0,-110.0,-110.0,20.0
2017.0,12.0,East Carolina,Cincinnati,4.5,-110.0,-110.0,20.0
2017.0,12.0,Florida,UAB,-10.5,-110.0,,20.0
2017.0,12.0,Florida Atlantic,Florida International,-14.5,-110.0,-110.0,20.0
2017.0,12.0,Florida State,Delaware State,-51.5,-110.0,-110.0,19.0
2017.0,12.0,Georgia,Kentucky,-23.5,-110.0,-110.0,20.0
2017.0,12.0,Georgia Southern,South Alabama,6.0,-110.0,-110.0,20.0
2017.0,12.0,Idaho,Coastal Carolina,-7.0,-105.0,-110.0,20.0
2017.0,12.0,Indiana,Rutgers,-12.0,-110.0,-110.0,20.0
2017.0,12.0,Iowa,Purdue,-6.0,-110.0,-110.0,20.0
2017.0,12.0,Kansas,Oklahoma,39.5,-110.0,-110.0,20.0
2017.0,12.0,Kent State,Central Michigan,17.0,-110.0,-110.0,20.0
2017.0,12.0,Louisville,Syracuse,-15.0,-110.0,-110.0,20.0
2017.0,12.0,Miami (OH),Eastern Michigan,-1.5,-110.0,-110.0,20.0
2017.0,12.0,Michigan State,Maryland,-13.5,-110.0,-110.0,20.0
2017.0,12.0,New Mexico,UNLV,-3.0,-105.0,-115.0,20.0
2017.0,12.0,North Carolina,Western Carolina,-20.25,-110.0,-110.0,19.0
2017.0,12.0,North Texas,Army,-1.5,-110.0,-110.0,20.0
2017.0,12.0,Northern Illinois,Western Michigan,-9.0,-110.0,-110.0,20.0
2017.0,12.0,Northwestern,Minnesota,-7.0,-105.0,-110.0,20.0
2017.0,12.0,Notre Dame,Navy,-21.0,-110.0,-110.0,20.0
2017.0,12.0,Ohio State,Illinois,-41.5,-110.0,-110.0,20.0
2017.0,12.0,Oklahoma State,Kansas State,-19.5,-110.0,-110.0,20.0
2017.0,12.0,Old Dominion,Rice,-7.0,-115.0,-105.0,20.0
2017.0,12.0,Ole Miss,Texas A&M,3.0,-115.0,-105.0,20.0
2017.0,12.0,Oregon,Arizona,-3.0,-105.0,-110.0,20.0
2017.0,12.0,Oregon State,Arizona State,7.0,-105.0,-114.0,20.0
2017.0,12.0,Penn State,Nebraska,-27.5,-110.0,-110.0,20.0
2017.0,12.0,San Diego State,Nevada,-17.0,-110.0,-110.0,20.0
2017.0,12.0,South Carolina,Wofford,-23.5,-110.0,-110.0,19.0
2017.0,12.0,South Florida,Tulsa,-23.5,-110.0,-106.0,20.0
2017.0,12.0,Stanford,California,-14.0,-110.0,-110.0,20.0
2017.0,12.0,Temple,UCF,12.5,-110.0,-110.0,20.0
2017.0,12.0,Tennessee,LSU,17.0,-110.0,-110.0,20.0
2017.0,12.0,Texas Tech,TCU,7.0,-110.0,-110.0,20.0
2017.0,12.0,Tulane,Houston,9.0,-110.0,-110.0,20.0
2017.0,12.0,USC,UCLA,-14.5,-110.0,-110.0,20.0
2017.0,12.0,UTEP,Louisiana Tech,16.5,-110.0,-110.0,20.0
2017.0,12.0,Vanderbilt,Missouri,8.0,-110.0,-110.0,20.0
2017.0,12.0,Virginia Tech,Pittsburgh,-14.0,-110.0,-110.0,20.0
2017.0,12.0,Washington,Utah,-17.5,-110.0,-110.0,20.0
2017.0,12.0,West Virginia,Texas,-3.0,-110.0,-105.0,20.0
2017.0,12.0,Western Kentucky,Middle Tennessee,0.0,-110.0,-110.0,20.0
2017.0,12.0,Wisconsin,Michigan,-6.5,-110.0,-107.0,20.0
2017.0,12.0,Wyoming,Fresno State,2.0,-110.0,-110.0,20.0
2017.0,13.0,Air Force,Utah State,-2.25,-110.0,-107.5,20.0
2017.0,13.0,Akron,Kent State,-14.5,-110.0,-110.0,20.0
2017.0,13.0,Arizona State,Arizona,2.5,-110.0,-110.0,20.0
2017.0,13.0,Arkansas,Missouri,10.0,-108.0,-110.0,20.0
2017.0,13.0,Auburn,Alabama,5.0,-110.0,-110.0,20.0
2017.0,13.0,Ball State,Miami (OH),17.5,-110.0,-110.0,20.0
2017.0,13.0,Buffalo,Ohio,7.0,-110.0,-107.0,20.0
2017.0,13.0,Central Michigan,Northern Illinois,2.5,-110.0,-110.0,20.0
2017.0,13.0,Charlotte,Florida Atlantic,24.5,-110.0,-110.0,20.0
2017.0,13.0,Eastern Michigan,Bowling Green,-14.5,-110.0,-110.0,20.0
2017.0,13.0,Florida,Florida State,5.0,-110.0,-110.0,20.0
2017.0,13.0,Florida International,Western Kentucky,3.0,-110.0,-110.0,20.0
2017.0,13.0,Fresno State,Boise State,6.5,-110.0,-110.0,20.0
2017.0,13.0,Georgia Tech,Georgia,11.5,-110.0,-110.0,20.0
2017.0,13.0,Houston,Navy,-6.0,-110.0,-110.0,20.0
2017.0,13.0,Illinois,Northwestern,16.5,-110.0,-110.0,20.0
2017.0,13.0,Kansas State,Iowa State,-2.5,-110.0,-105.0,20.0
2017.0,13.0,Kentucky,Louisville,10.0,-110.0,-110.0,20.0
2017.0,13.0,LSU,Texas A&M,-11.0,-110.0,-110.0,20.0
2017.0,13.0,Maryland,Penn State,23.5,-110.0,-110.0,20.0
2017.0,13.0,Memphis,East Carolina,-30.0,-110.0,-110.0,20.0
2017.0,13.0,Michigan,Ohio State,12.5,-110.0,-110.0,20.0
2017.0,13.0,Middle Tennessee,Old Dominion,-13.0,-110.0,-110.0,20.0
2017.0,13.0,Minnesota,Wisconsin,19.0,-110.0,-110.0,20.0
2017.0,13.0,Mississippi State,Ole Miss,-14.0,-110.0,-107.0,20.0
2017.0,13.0,Nebraska,Iowa,5.0,-110.0,-110.0,20.0
2017.0,13.0,Nevada,UNLV,-3.0,-110.0,-110.0,20.0
2017.0,13.0,New Mexico State,Idaho,-10.0,-110.0,-110.0,20.0
2017.0,13.0,Oklahoma,West Virginia,-23.0,-110.0,-110.0,20.0
2017.0,13.0,Oklahoma State,Kansas,-41.0,-110.0,-110.0,20.0
2017.0,13.0,Oregon,Oregon State,-25.5,-110.0,-110.0,20.0
2017.0,13.0,Purdue,Indiana,-1.0,-110.0,-110.0,20.0
2017.0,13.0,Rice,North Texas,12.5,-110.0,-110.0,20.0
2017.0,13.0,Rutgers,Michigan State,14.0,-110.0,-110.0,20.0
2017.0,13.0,San Diego State,New Mexico,-20.5,-110.0,-110.0,20.0
2017.0,13.0,South Carolina,Clemson,12.0,-110.0,-110.0,20.0
2017.0,13.0,Stanford,Notre Dame,3.0,-110.0,-105.0,20.0
2017.0,13.0,Syracuse,Boston College,4.0,-105.0,-110.0,20.0
2017.0,13.0,TCU,Baylor,-25.5,-110.0,-110.0,20.0
2017.0,13.0,Tennessee,Vanderbilt,-2.5,-110.0,-105.0,20.0
2017.0,13.0,Texas,Texas Tech,-7.5,-105.0,-110.0,20.0
2017.0,13.0,Toledo,Western Michigan,-11.5,-110.0,-110.0,20.0
2017.0,13.0,Troy,Texas State,-23.0,-110.0,-110.0,20.0
2017.0,13.0,Tulsa,Temple,5.0,-110.0,-110.0,20.0
2017.0,13.0,UCF,South Florida,-10.5,-110.0,-110.0,20.0
2017.0,13.0,UCLA,California,-7.0,-110.0,-110.0,20.0
2017.0,13.0,Utah,Colorado,-9.0,-110.0,-110.0,20.0
2017.0,13.0,Virginia,Virginia Tech,7.0,-114.0,-105.0,20.0
2017.0,13.0,Wake Forest,Duke,-10.5,-110.0,-110.0,20.0
2017.0,13.0,Washington,Washington State,-9.5,-110.0,-110.0,19.0
2017.0,14.0,Arkansas State,Troy,1.0,-110.0,-110.0,20.0
2017.0,14.0,Auburn,Georgia,1.75,-110.0,-110.0,20.0
2017.0,14.0,Boise State,Fresno State,-9.5,-110.0,-110.0,20.0
2017.0,14.0,Coastal Carolina,Georgia Southern,3.0,-105.0,-115.0,20.0
2017.0,14.0,Florida Atlantic,North Texas,-11.0,-110.0,-110.0,20.0
2017.0,14.0,Georgia State,Idaho,-7.5,-110.0,-110.0,20.0
2017.0,14.0,New Mexico State,South Alabama,-12.5,-110.0,-110.0,20.0
2017.0,14.0,Oklahoma,TCU,-7.5,-106.5,-110.0,20.0
2017.0,14.0,Toledo,Akron,-20.5,-110.0,-110.0,20.0
2017.0,14.0,UCF,Memphis,-6.5,-113.5,-105.0,20.0
2017.0,14.0,USC,Stanford,-3.5,-110.0,-110.0,20.0
2017.0,14.0,Wisconsin,Ohio State,3.5,-110.0,-110.0,20.0
2017.0,15.0,Navy,Army,-2.0,-110.0,-110.0,20.0
2018.0,1.0,Air Force,Stony Brook,-15.0,-110.0,-110.0,20.0
2018.0,1.0,Alabama,Louisville,-23.5,-110.0,-110.0,21.0
2018.0,1.0,Arkansas,Eastern Illinois,-35.0,-110.0,-110.0,20.0
2018.0,1.0,Arkansas State,Southeast Missouri State,-32.0,-110.0,-110.0,20.0
2018.0,1.0,Auburn,Washington,-1.5,-110.0,-110.0,21.0
2018.0,1.0,Baylor,Abilene Christian,-41.0,-110.0,-110.0,20.0
2018.0,1.0,Buffalo,Delaware State,-44.5,-110.0,-110.0,19.0
2018.0,1.0,California,North Carolina,-7.0,-105.0,-115.0,21.0
2018.0,1.0,Charlotte,Fordham,-16.5,-110.0,-110.0,20.0
2018.0,1.0,Clemson,Furman,-50.5,-110.0,-110.0,20.0
2018.0,1.0,Duke,Army,-14.0,-105.0,-110.0,21.0
2018.0,1.0,East Carolina,North Carolina A&T,-7.0,-110.0,-110.0,20.0
2018.0,1.0,Eastern Michigan,Monmouth,-22.5,-110.0,-110.0,20.0
2018.0,1.0,Florida,Charleston Southern,-43.0,-110.0,-110.0,20.0
2018.0,1.0,Florida International,Indiana,13.0,-110.0,-110.0,21.0
2018.0,1.0,Florida State,Virginia Tech,-7.5,-110.0,-110.0,21.0
2018.0,1.0,Fresno State,Idaho,-25.25,-110.0,-110.0,20.0
2018.0,1.0,Georgia,Austin Peay,-48.0,-110.0,-110.0,20.0
2018.0,1.0,Georgia Southern,South Carolina State,-28.0,-110.0,-110.0,20.0
2018.0,1.0,Georgia State,Kennesaw State,-2.5,-110.0,-110.0,20.0
2018.0,1.0,Georgia Tech,Alcorn State,-42.5,-110.0,-110.0,20.0
2018.0,1.0,Illinois,Kent State,-18.0,-110.0,-110.0,21.0
2018.0,1.0,Iowa,Northern Illinois,-9.5,-110.0,-110.0,21.0
2018.0,1.0,Kansas State,South Dakota,-24.0,-110.0,-110.0,20.0
2018.0,1.0,Kentucky,Central Michigan,-17.0,-110.0,-110.0,21.0
2018.0,1.0,Liberty,Old Dominion,5.0,-110.0,-110.0,21.0
2018.0,1.0,Maryland,Texas,12.0,-110.0,-110.0,21.0
2018.0,1.0,Memphis,Mercer,-31.0,-110.0,-110.0,20.0
2018.0,1.0,Miami (OH),Marshall,-1.0,-110.0,-110.0,21.0
2018.0,1.0,Michigan State,Utah State,-23.5,-110.0,-110.0,21.0
2018.0,1.0,Minnesota,New Mexico State,-22.0,-110.0,-110.0,21.0
2018.0,1.0,Mississippi State,Stephen F. Austin,-47.5,-110.0,-110.0,20.0
2018.0,1.0,New Mexico,Incarnate Word,-36.0,-110.0,-110.0,19.0
2018.0,1.0,New Mexico State,Wyoming,5.5,-110.0,-110.0,21.0
2018.0,1.0,Notre Dame,Michigan,3.0,-108.0,-110.0,21.0
2018.0,1.0,Ohio,Howard,-31.5,-110.0,-110.0,20.0
2018.0,1.0,Ohio State,Oregon State,-39.5,-110.0,-110.0,21.0
2018.0,1.0,Oklahoma,Florida Atlantic,-18.5,-110.0,-110.0,21.0
2018.0,1.0,Oklahoma State,Missouri State,-45.25,-110.0,-110.0,20.0
2018.0,1.0,Oregon,Bowling Green,-34.0,-110.0,-110.0,21.0
2018.0,1.0,Purdue,Northwestern,-1.0,-110.0,-110.0,21.0
2018.0,1.0,Rice,Houston,25.5,-110.0,-110.0,21.0
2018.0,1.0,Rutgers,Texas State,-16.5,-110.0,-110.0,21.0
2018.0,1.0,South Alabama,Louisiana Tech,10.5,-110.0,-110.0,21.0
2018.0,1.0,South Carolina,Coastal Carolina,-30.5,-110.0,-110.0,21.0
2018.0,1.0,South Florida,Elon,-28.0,-110.0,-110.0,20.0
2018.0,1.0,Temple,Villanova,-14.5,-110.0,-110.0,20.0
2018.0,1.0,Tennessee,West Virginia,10.0,-110.0,-110.0,21.0
2018.0,1.0,Texas A&M,Northwestern State,-46.5,-110.0,-110.0,20.0
2018.0,1.0,Texas Tech,Ole Miss,2.5,-105.0,-110.0,21.0
2018.0,1.0,Troy,Boise State,9.0,-110.0,-110.0,21.0
2018.0,1.0,Tulane,Wake Forest,7.5,-110.0,-110.0,21.0
2018.0,1.0,Tulsa,Central Arkansas,-11.5,-110.0,-110.0,20.0
2018.0,1.0,UCLA,Cincinnati,-14.0,-110.0,-110.0,21.0
2018.0,1.0,USC,UNLV,-24.5,-110.0,-110.0,21.0
2018.0,1.0,UTEP,Northern Arizona,7.0,-110.0,-110.0,20.0
2018.0,1.0,Utah,Weber State,-30.25,-110.0,-110.0,20.0
2018.0,1.0,Vanderbilt,Middle Tennessee,-3.0,-110.0,-110.0,21.0
2018.0,1.0,Virginia,Richmond,-14.5,-110.0,-110.0,19.0
2018.0,1.0,Western Michigan,Syracuse,4.5,-110.0,-110.0,21.0
2018.0,1.0,Wyoming,Washington State,3.0,-108.0,-110.0,21.0
2018.0,2.0,Akron,Morgan State,-42.5,-110.0,-110.0,20.0
2018.0,2.0,Alabama,Arkansas State,-36.5,-110.0,-110.0,21.0
2018.0,2.0,Arizona State,Michigan State,4.5,-110.0,-110.0,21.0
2018.0,2.0,Army,Liberty,-7.5,-105.0,-110.0,21.0
2018.0,2.0,Auburn,Alabama State,-61.5,-110.0,-110.0,20.0
2018.0,2.0,Boston College,Holy Cross,-45.0,-110.0,-110.0,20.0
2018.0,2.0,Bowling Green,Maryland,13.5,-110.0,-110.0,21.0
2018.0,2.0,Central Michigan,Kansas,-3.0,-110.0,-105.0,21.0
2018.0,2.0,Coastal Carolina,UAB,8.5,-110.0,,21.0
2018.0,2.0,Colorado State,Arkansas,14.0,-110.0,-110.0,21.0
2018.0,2.0,East Carolina,North Carolina,15.5,-110.0,-110.0,21.0
2018.0,2.0,Florida,Kentucky,-13.5,-110.0,-110.0,21.0
2018.0,2.0,Florida Atlantic,Air Force,-7.5,-110.0,-110.0,21.0
2018.0,2.0,Florida State,Samford,-31.0,-110.0,-110.0,20.0
2018.0,2.0,Houston,Arizona,-3.0,-110.0,-110.0,21.0
2018.0,2.0,Illinois,Western Illinois,-7.5,-110.0,-110.0,20.0
2018.0,2.0,Indiana,Virginia,-5.0,-110.0,-110.0,21.0
2018.0,2.0,Iowa,Iowa State,-3.5,-107.0,-110.0,21.0
2018.0,2.0,Kansas State,Mississippi State,7.0,-110.0,-107.0,21.0
2018.0,2.0,Kent State,Howard,-9.0,-110.0,-110.0,19.0
2018.0,2.0,Louisville,Indiana State,-42.0,-110.0,-110.0,20.0
2018.0,2.0,Marshall,Eastern Kentucky,-32.0,-110.0,-110.0,20.0
2018.0,2.0,Miami (OH),Cincinnati,-1.0,-110.0,-110.0,21.0
2018.0,2.0,Michigan,Western Michigan,-28.0,-110.0,-110.0,21.0
2018.0,2.0,Minnesota,Fresno State,1.0,-110.0,-110.0,21.0
2018.0,2.0,Missouri,Wyoming,-19.5,-110.0,-110.0,21.0
2018.0,2.0,Navy,Memphis,7.0,-109.0,-110.0,21.0
2018.0,2.0,Nebraska,Colorado,-3.0,-113.0,-107.0,21.0
2018.0,2.0,North Texas,Incarnate Word,-43.5,-110.0,-110.0,20.0
2018.0,2.0,Northern Illinois,Utah,13.0,-110.0,-110.0,21.0
2018.0,2.0,Northwestern,Duke,-2.5,-115.0,-105.0,21.0
2018.0,2.0,Notre Dame,Ball State,-34.0,-110.0,-110.0,21.0
2018.0,2.0,Ohio State,Rutgers,-34.5,-110.0,-110.0,21.0
2018.0,2.0,Oklahoma,UCLA,-31.0,-110.0,-110.0,21.0
2018.0,2.0,Oklahoma State,South Alabama,-30.5,-110.0,-110.0,21.0
2018.0,2.0,Old Dominion,Florida International,3.0,-110.0,-110.0,21.0
2018.0,2.0,Ole Miss,Southern Illinois,-28.0,-110.0,-110.0,19.0
2018.0,2.0,Oregon,Portland State,-50.0,-110.0,-110.0,20.0
2018.0,2.0,Oregon State,Southern Utah,-13.0,-110.0,-110.0,20.0
2018.0,2.0,Pittsburgh,Penn State,7.5,-110.0,-110.0,21.0
2018.0,2.0,Purdue,Eastern Michigan,-15.0,-110.0,-110.0,21.0
2018.0,2.0,San Diego State,Sacramento State,-25.0,-110.0,-110.0,20.0
2018.0,2.0,South Carolina,Georgia,8.5,-110.0,-110.0,21.0
2018.0,2.0,South Florida,Georgia Tech,3.0,-105.0,-114.0,21.0
2018.0,2.0,Stanford,USC,-4.5,-110.0,-110.0,21.0
2018.0,2.0,Syracuse,Wagner,-45.0,-110.0,-110.0,20.0
2018.0,2.0,Temple,Buffalo,-4.0,-110.0,-110.0,21.0
2018.0,2.0,Tennessee,East Tennessee State,-37.5,-110.0,-110.0,19.0
2018.0,2.0,Texas,Tulsa,-21.5,-110.0,-110.0,21.0
2018.0,2.0,Texas A&M,Clemson,12.0,-110.0,-110.0,21.0
2018.0,2.0,Texas State,Texas Southern,-33.0,-110.0,-110.0,20.0
2018.0,2.0,Texas Tech,Lamar,-48.5,-110.0,-110.0,19.0
2018.0,2.0,Troy,Florida A&M,-34.0,-110.0,-110.0,19.0
2018.0,2.0,UCF,South Carolina State,-52.0,-110.0,-110.0,20.0
2018.0,2.0,UNLV,UTEP,-22.5,-110.0,-110.0,21.0
2018.0,2.0,Utah State,New Mexico State,-21.5,-110.0,-110.0,21.0
2018.0,2.0,Vanderbilt,Nevada,-10.0,-110.0,-110.0,21.0
2018.0,2.0,Virginia Tech,William & Mary,-42.0,-110.0,-110.0,20.0
2018.0,2.0,Wake Forest,Towson,-33.5,-110.0,-110.0,19.0
2018.0,2.0,Washington,North Dakota,-45.5,-110.0,-110.0,20.0
2018.0,2.0,West Virginia,Youngstown State,-32.5,-110.0,-110.0,20.0
2018.0,2.0,Western Kentucky,Maine,-10.0,-110.0,-110.0,20.0
2018.0,2.0,Wisconsin,New Mexico,-36.0,-110.0,-110.0,21.0
2018.0,3.0,Arizona,Southern Utah,-26.0,-110.0,-110.0,20.0
2018.0,3.0,Arkansas,North Texas,-5.5,-110.0,-110.0,21.0
2018.0,3.0,Auburn,LSU,-10.0,-110.0,-110.0,21.0
2018.0,3.0,Baylor,Duke,-2.0,-110.0,-110.0,21.0
2018.0,3.0,Bowling Green,Eastern Kentucky,-14.0,-110.0,-110.0,20.0
2018.0,3.0,Buffalo,Eastern Michigan,-3.0,-110.0,-110.0,21.0
2018.0,3.0,California,Idaho State,-37.5,-110.0,-110.0,20.0
2018.0,3.0,Charlotte,Old Dominion,1.5,-110.0,-110.0,21.0
2018.0,3.0,Cincinnati,Alabama A&M,-43.0,-110.0,-110.0,20.0
2018.0,3.0,Clemson,Georgia Southern,-32.0,-110.0,-110.0,21.0
2018.0,3.0,Colorado,New Hampshire,-37.5,-110.0,-110.0,20.0
2018.0,3.0,Florida,Colorado State,-21.5,-110.0,-110.0,21.0
2018.0,3.0,Florida Atlantic,Bethune-Cookman,-41.0,-110.0,-110.0,19.0
2018.0,3.0,Georgia,Middle Tennessee,-34.0,-110.0,-110.0,21.0
2018.0,3.0,Illinois,South Florida,14.0,-109.0,-110.0,21.0
2018.0,3.0,Indiana,Ball State,-15.0,-110.0,-110.0,21.0
2018.0,3.0,Iowa,Northern Iowa,-21.0,-115.0,-105.0,19.0
2018.0,3.0,Iowa State,Oklahoma,18.5,-110.0,-110.0,21.0
2018.0,3.0,Kansas,Rutgers,0.0,-110.0,-110.0,21.0
2018.0,3.0,Kentucky,Murray State,-41.0,-110.0,-110.0,20.0
2018.0,3.0,Louisville,Western Kentucky,-23.5,-110.0,-110.0,21.0
2018.0,3.0,Maryland,Temple,-15.5,-110.0,-110.0,21.0
2018.0,3.0,Memphis,Georgia State,-29.0,-110.0,-110.0,21.0
2018.0,3.0,Minnesota,Miami (OH),-14.0,-110.0,-110.0,21.0
2018.0,3.0,Navy,Lehigh,-33.5,-110.0,-110.0,20.0
2018.0,3.0,Nebraska,Troy,-10.0,-110.0,-110.0,21.0
2018.0,3.0,Nevada,Oregon State,-4.0,-110.0,-110.0,21.0
2018.0,3.0,New Mexico State,New Mexico,3.0,-105.0,-115.0,21.0
2018.0,3.0,Northern Illinois,Central Michigan,-13.5,-110.0,-110.0,21.0
2018.0,3.0,Northwestern,Akron,-21.5,-110.0,-110.0,21.0
2018.0,3.0,Notre Dame,Vanderbilt,-13.5,-110.0,-110.0,21.0
2018.0,3.0,Oklahoma State,Boise State,1.5,-110.0,-110.0,21.0
2018.0,3.0,Ole Miss,Alabama,22.5,-110.0,-110.0,21.0
2018.0,3.0,Penn State,Kent State,-35.0,-110.0,-110.0,21.0
2018.0,3.0,Pittsburgh,Georgia Tech,3.5,-108.0,-112.0,21.0
2018.0,3.0,Purdue,Missouri,5.5,-110.0,-110.0,21.0
2018.0,3.0,San Diego State,Arizona State,5.0,-110.0,-110.0,21.0
2018.0,3.0,South Alabama,Texas State,-10.0,-110.0,-110.0,21.0
2018.0,3.0,Stanford,UC Davis,-30.5,-115.0,-110.0,19.0
2018.0,3.0,Syracuse,Florida State,3.5,-109.0,-110.0,21.0
2018.0,3.0,TCU,Ohio State,12.5,-110.0,-110.0,21.0
2018.0,3.0,Tennessee,UTEP,-33.5,-110.0,-110.0,20.0
2018.0,3.0,Texas,USC,-3.0,-110.0,-110.0,21.0
2018.0,3.0,Texas Tech,Houston,-1.0,-110.0,-110.0,21.0
2018.0,3.0,Tulsa,Arkansas State,-1.5,-110.0,-110.0,21.0
2018.0,3.0,UCLA,Fresno State,2.5,-105.0,-115.0,21.0
2018.0,3.0,Utah,Washington,4.0,-110.0,-110.0,21.0
2018.0,3.0,Utah State,Tennessee Tech,-47.0,-110.0,-110.0,20.0
2018.0,3.0,Virginia,Ohio,-4.5,-110.0,-110.0,21.0
2018.0,3.0,Wake Forest,Boston College,6.5,-110.0,-110.0,21.0
2018.0,3.0,Washington State,Eastern Washington,-20.0,-110.0,-110.0,17.0
2018.0,3.0,Western Michigan,Delaware State,-46.5,-110.0,-110.0,20.0
2018.0,3.0,Wyoming,Wofford,-14.0,-110.0,-110.0,20.0
2018.0,4.0,Alabama,Texas A&M,-24.0,-110.0,-110.0,21.0
2018.0,4.0,Arkansas State,UNLV,-7.5,-110.0,-110.0,21.0
2018.0,4.0,Auburn,Arkansas,-29.5,-110.0,-110.0,21.0
2018.0,4.0,Ball State,Western Kentucky,-3.0,-107.0,-110.0,21.0
2018.0,4.0,Baylor,Kansas,-7.5,-105.0,-112.0,21.0
2018.0,4.0,Bowling Green,Miami (OH),6.5,-110.0,-110.0,21.0
2018.0,4.0,Central Michigan,Maine,-7.5,-110.0,-110.0,19.0
2018.0,4.0,Cincinnati,Ohio,-7.0,-110.0,-106.0,21.0
2018.0,4.0,Colorado State,Illinois State,-4.5,-110.0,-110.0,19.0
2018.0,4.0,Duke,North Carolina Central,-44.5,-110.0,-110.0,19.0
2018.0,4.0,Florida State,Northern Illinois,-10.0,-110.0,-110.0,21.0
2018.0,4.0,Georgia State,Western Michigan,8.5,-110.0,-110.0,21.0
2018.0,4.0,Georgia Tech,Clemson,16.0,-110.0,-110.0,21.0
2018.0,4.0,Houston,Texas Southern,-55.5,-110.0,-110.0,16.0
2018.0,4.0,Illinois,Penn State,27.0,-108.0,-110.0,21.0
2018.0,4.0,Indiana,Michigan State,6.5,-110.0,-110.0,21.0
2018.0,4.0,Iowa,Wisconsin,3.0,-115.0,-105.0,21.0
2018.0,4.0,Iowa State,Akron,-19.5,-110.0,-110.0,21.0
2018.0,4.0,Kentucky,Mississippi State,10.0,-110.0,-110.0,21.0
2018.0,4.0,LSU,Louisiana Tech,-19.0,-110.0,-110.0,21.0
2018.0,4.0,Liberty,North Texas,11.0,-110.0,-110.0,21.0
2018.0,4.0,Maryland,Minnesota,-2.0,-110.0,-110.0,21.0
2018.0,4.0,Memphis,South Alabama,-31.5,-110.0,-110.0,21.0
2018.0,4.0,Michigan,Nebraska,-18.0,-110.0,-110.0,21.0
2018.0,4.0,Missouri,Georgia,14.5,-110.0,-110.0,21.0
2018.0,4.0,North Carolina,Pittsburgh,3.0,-107.0,-110.0,21.0
2018.0,4.0,Ohio State,Tulane,-37.5,-110.0,-110.0,21.0
2018.0,4.0,Oklahoma,Army,-28.5,-110.0,-110.0,21.0
2018.0,4.0,Oklahoma State,Texas Tech,-14.5,-110.0,-110.0,21.0
2018.0,4.0,Old Dominion,Virginia Tech,28.5,-110.0,-110.0,21.0
2018.0,4.0,Ole Miss,Kent State,-28.5,-110.0,-110.0,21.0
2018.0,4.0,Oregon,Stanford,3.0,-102.0,-115.0,21.0
2018.0,4.0,Oregon State,Arizona,4.5,-107.0,-110.0,21.0
2018.0,4.0,Purdue,Boston College,6.5,-110.0,-110.0,21.0
2018.0,4.0,Rutgers,Buffalo,6.0,-110.0,-110.0,21.0
2018.0,4.0,San Diego State,Eastern Michigan,-10.5,-110.0,-110.0,21.0
2018.0,4.0,South Florida,East Carolina,-19.5,-110.0,-110.0,21.0
2018.0,4.0,Temple,Tulsa,-6.5,-110.0,-110.0,20.0
2018.0,4.0,Tennessee,Florida,4.0,-110.0,-110.0,21.0
2018.0,4.0,Texas,TCU,2.5,-105.0,-115.0,21.0
2018.0,4.0,Toledo,Nevada,-11.0,-110.0,-110.0,21.0
2018.0,4.0,UCF,Florida Atlantic,-14.0,-108.0,-110.0,21.0
2018.0,4.0,USC,Washington State,-4.5,-110.0,-110.0,21.0
2018.0,4.0,UTEP,New Mexico State,5.5,-110.0,-110.0,21.0
2018.0,4.0,Utah State,Air Force,-9.5,-110.0,-110.0,21.0
2018.0,4.0,Vanderbilt,South Carolina,1.5,-110.0,-110.0,21.0
2018.0,4.0,Virginia,Louisville,-4.5,-110.0,-110.0,21.0
2018.0,4.0,Wake Forest,Notre Dame,6.5,-110.0,-110.0,21.0
2018.0,4.0,Washington,Arizona State,-18.5,-110.0,-110.0,21.0
2018.0,4.0,West Virginia,Kansas State,-15.5,-110.0,-110.0,21.0
2018.0,5.0,Air Force,Nevada,-3.5,-110.0,-109.0,21.0
2018.0,5.0,Arizona,USC,3.5,-110.0,-110.0,21.0
2018.0,5.0,Arizona State,Oregon State,-22.0,-110.0,-110.0,21.0
2018.0,5.0,Ball State,Kent State,-7.0,-110.0,-105.0,21.0
2018.0,5.0,Boston College,Temple,-13.0,-110.0,-110.0,21.0
2018.0,5.0,Buffalo,Army,-7.0,-110.0,-107.0,21.0
2018.0,5.0,California,Oregon,2.5,-110.0,-110.0,21.0
2018.0,5.0,Clemson,Syracuse,-24.5,-110.0,-110.0,21.0
2018.0,5.0,Colorado,UCLA,-9.5,-110.0,-110.0,21.0
2018.0,5.0,Duke,Virginia Tech,-6.5,-110.0,-105.0,21.0
2018.0,5.0,East Carolina,Old Dominion,-7.0,-112.0,-105.0,21.0
2018.0,5.0,Eastern Michigan,Northern Illinois,-3.5,-107.0,-110.0,21.0
2018.0,5.0,Florida International,Arkansas-Pine Bluff,-57.0,-110.0,-110.0,20.0
2018.0,5.0,Fresno State,Toledo,-10.5,-110.0,-110.0,21.0
2018.0,5.0,Georgia,Tennessee,-30.5,-110.0,-110.0,21.0
2018.0,5.0,Georgia Southern,Arkansas State,3.0,-110.0,-105.0,21.0
2018.0,5.0,Georgia Tech,Bowling Green,-28.0,-110.0,-110.0,21.0
2018.0,5.0,Kansas,Oklahoma State,17.0,-110.0,-110.0,21.0
2018.0,5.0,Kansas State,Texas,8.5,-110.0,-110.0,21.0
2018.0,5.0,Kentucky,South Carolina,-1.0,-109.0,-110.0,21.0
2018.0,5.0,LSU,Ole Miss,-11.0,-110.0,-110.0,21.0
2018.0,5.0,Louisville,Florida State,5.0,-110.0,-110.0,21.0
2018.0,5.0,Miami (OH),Western Michigan,3.0,-110.0,-107.0,21.0
2018.0,5.0,Michigan State,Central Michigan,-28.0,-110.0,-110.0,21.0
2018.0,5.0,Middle Tennessee,Florida Atlantic,2.5,-105.0,-110.0,21.0
2018.0,5.0,Mississippi State,Florida,-6.5,-110.0,-110.0,21.0
2018.0,5.0,Nebraska,Purdue,3.5,-110.0,-110.0,21.0
2018.0,5.0,New Mexico,Liberty,-7.0,-105.0,-115.0,21.0
2018.0,5.0,North Texas,Louisiana Tech,-7.0,-110.0,-106.0,21.0
2018.0,5.0,Northwestern,Michigan,14.5,-110.0,-110.0,21.0
2018.0,5.0,Notre Dame,Stanford,-4.5,-110.0,-110.0,21.0
2018.0,5.0,Oklahoma,Baylor,-21.5,-110.0,-110.0,21.0
2018.0,5.0,Penn State,Ohio State,3.5,-107.0,-111.0,21.0
2018.0,5.0,Rutgers,Indiana,14.5,-110.0,-110.0,21.0
2018.0,5.0,TCU,Iowa State,-11.5,-110.0,-110.0,21.0
2018.0,5.0,Texas A&M,Arkansas,-19.5,-110.0,-110.0,21.0
2018.0,5.0,Texas Tech,West Virginia,3.5,-110.0,-110.0,21.0
2018.0,5.0,Troy,Coastal Carolina,-14.0,-110.0,-110.0,21.0
2018.0,5.0,Tulane,Memphis,14.5,-110.0,-110.0,21.0
2018.0,5.0,UCF,Pittsburgh,-13.5,-110.0,-110.0,21.0
2018.0,5.0,Vanderbilt,Tennessee State,-28.5,-110.0,-110.0,20.0
2018.0,5.0,Wake Forest,Rice,-28.0,-110.0,-110.0,21.0
2018.0,5.0,Washington State,Utah,1.5,-110.0,-110.0,21.0
2018.0,5.0,Western Kentucky,Marshall,3.5,-110.0,-110.0,21.0
2018.0,5.0,Wyoming,Boise State,15.5,-110.0,-110.0,21.0
2018.0,6.0,Air Force,Navy,2.5,-110.0,-109.0,21.0
2018.0,6.0,Akron,Miami (OH),-5.0,-110.0,-110.0,21.0
2018.0,6.0,Arizona,California,1.5,-110.0,-110.0,21.0
2018.0,6.0,Arkansas,Alabama,35.0,-110.0,-110.0,21.0
2018.0,6.0,Ball State,Northern Illinois,3.0,-110.0,-105.0,21.0
2018.0,6.0,Baylor,Kansas State,-3.5,-110.0,-110.0,21.0
2018.0,6.0,Boise State,San Diego State,-13.0,-110.0,-110.0,21.0
2018.0,6.0,Central Michigan,Buffalo,6.5,-109.0,-110.0,21.0
2018.0,6.0,Cincinnati,Tulane,-7.0,-110.0,-110.0,21.0
2018.0,6.0,Colorado,Arizona State,-2.5,-110.0,-109.0,21.0
2018.0,6.0,Florida,LSU,1.0,-110.0,-109.0,21.0
2018.0,6.0,Florida Atlantic,Old Dominion,-13.5,-110.0,-110.0,21.0
2018.0,6.0,Georgia,Vanderbilt,-26.0,-110.0,-110.0,21.0
2018.0,6.0,Georgia Southern,South Alabama,-12.5,-109.0,-110.0,21.0
2018.0,6.0,Houston,Tulsa,-17.5,-110.0,-110.0,21.0
2018.0,6.0,Kent State,Ohio,11.5,-110.0,-110.0,21.0
2018.0,6.0,Louisiana Tech,UAB,-7.0,-110.0,,21.0
2018.0,6.0,Louisville,Georgia Tech,5.5,-110.0,-110.0,21.0
2018.0,6.0,Marshall,Middle Tennessee,-3.0,-106.0,-110.0,21.0
2018.0,6.0,Michigan,Maryland,-17.5,-110.0,-110.0,21.0
2018.0,6.0,Michigan State,Northwestern,-10.5,-110.0,-109.0,21.0
2018.0,6.0,Minnesota,Iowa,7.0,-113.0,-105.0,21.0
2018.0,6.0,Mississippi State,Auburn,3.0,-109.0,-110.0,21.0
2018.0,6.0,Nevada,Fresno State,16.5,-110.0,-110.0,21.0
2018.0,6.0,New Mexico State,Liberty,3.5,-110.0,-106.0,21.0
2018.0,6.0,Ohio State,Indiana,-27.5,-110.0,-109.0,21.0
2018.0,6.0,Oklahoma State,Iowa State,-10.0,-110.0,-110.0,21.0
2018.0,6.0,Oregon State,Washington State,18.5,-110.0,-110.0,21.0
2018.0,6.0,Pittsburgh,Syracuse,3.5,-110.0,-107.0,21.0
2018.0,6.0,Rutgers,Illinois,4.5,-110.0,-110.0,21.0
2018.0,6.0,South Carolina,Missouri,0.0,-109.0,-110.0,21.0
2018.0,6.0,Stanford,Utah,-4.0,-110.0,-110.0,21.0
2018.0,6.0,Temple,East Carolina,-10.0,-110.0,-110.0,21.0
2018.0,6.0,Texas A&M,Kentucky,-5.0,-110.0,-110.0,21.0
2018.0,6.0,Toledo,Bowling Green,-23.0,-110.0,-110.0,21.0
2018.0,6.0,Troy,Georgia State,-17.0,-110.0,-110.0,21.0
2018.0,6.0,UCLA,Washington,21.0,-109.0,-110.0,21.0
2018.0,6.0,UNLV,New Mexico,-8.5,-110.0,-110.0,21.0
2018.0,6.0,UTEP,North Texas,25.5,-110.0,-110.0,21.0
2018.0,6.0,Virginia Tech,Notre Dame,6.5,-110.0,-110.0,21.0
2018.0,6.0,Wake Forest,Clemson,20.5,-110.0,-110.0,21.0
2018.0,6.0,West Virginia,Kansas,-27.5,-110.0,-110.0,21.0
2018.0,6.0,Western Michigan,Eastern Michigan,-4.5,-110.0,-110.0,21.0
2018.0,6.0,Wisconsin,Nebraska,-18.0,-110.0,-110.0,21.0
2018.0,7.0,Alabama,Missouri,-28.0,-110.0,-110.0,21.0
2018.0,7.0,Arkansas,Ole Miss,6.5,-110.0,-110.0,21.0
2018.0,7.0,Auburn,Tennessee,-15.5,-110.0,-110.0,21.0
2018.0,7.0,Boston College,Louisville,-12.0,-110.0,-110.0,21.0
2018.0,7.0,Bowling Green,Western Michigan,14.5,-110.0,-110.0,21.0
2018.0,7.0,Buffalo,Akron,-11.5,-110.0,-110.0,21.0
2018.0,7.0,California,UCLA,-7.0,-110.0,-110.0,21.0
2018.0,7.0,Central Michigan,Ball State,-2.5,-110.0,-110.0,21.0
2018.0,7.0,Charlotte,Western Kentucky,9.5,-110.0,-110.0,21.0
2018.0,7.0,Colorado State,New Mexico,1.5,-110.0,-110.0,21.0
2018.0,7.0,East Carolina,Houston,16.0,-110.0,-110.0,21.0
2018.0,7.0,Eastern Michigan,Toledo,2.0,-110.0,-110.0,21.0
2018.0,7.0,Florida International,Middle Tennessee,-1.5,-110.0,-110.0,21.0
2018.0,7.0,Fresno State,Wyoming,-17.5,-110.0,-110.0,21.0
2018.0,7.0,Georgia Tech,Duke,-1.5,-110.0,-109.0,21.0
2018.0,7.0,Illinois,Purdue,10.5,-110.0,-110.0,21.0
2018.0,7.0,Indiana,Iowa,3.5,-109.0,-110.0,21.0
2018.0,7.0,Iowa State,West Virginia,4.5,-110.0,-110.0,21.0
2018.0,7.0,Kansas State,Oklahoma State,8.0,-110.0,-110.0,21.0
2018.0,7.0,LSU,Georgia,7.0,-108.0,-110.0,21.0
2018.0,7.0,Liberty,Troy,11.0,-110.0,-110.0,21.0
2018.0,7.0,Maryland,Rutgers,-24.0,-110.0,-110.0,21.0
2018.0,7.0,Memphis,UCF,5.0,-110.0,-110.0,21.0
2018.0,7.0,Miami (OH),Kent State,-11.5,-110.0,-110.0,21.0
2018.0,7.0,Michigan,Wisconsin,-10.0,-107.0,-110.0,21.0
2018.0,7.0,Navy,Temple,6.5,-109.0,-110.0,21.0
2018.0,7.0,Nevada,Boise State,14.0,-110.0,-110.0,21.0
2018.0,7.0,North Carolina,Virginia Tech,6.5,-110.0,-110.0,21.0
2018.0,7.0,Northern Illinois,Ohio,-5.5,-110.0,-110.0,21.0
2018.0,7.0,Northwestern,Nebraska,-3.5,-110.0,-110.0,21.0
2018.0,7.0,Notre Dame,Pittsburgh,-21.0,-110.0,-110.0,21.0
2018.0,7.0,Ohio State,Minnesota,-30.0,-110.0,-110.0,21.0
2018.0,7.0,Old Dominion,Marshall,3.5,-110.0,-110.0,21.0
2018.0,7.0,Oregon,Washington,3.5,-110.0,-110.0,21.0
2018.0,7.0,Penn State,Michigan State,-13.5,-110.0,-109.0,21.0
2018.0,7.0,Rice,UAB,17.0,-110.0,,21.0
2018.0,7.0,San Diego State,Air Force,-11.0,-110.0,-110.0,21.0
2018.0,7.0,South Alabama,Alabama State,-27.5,-110.0,-110.0,20.0
2018.0,7.0,South Carolina,Texas A&M,2.5,-108.0,-110.0,21.0
2018.0,7.0,TCU,Texas Tech,-7.5,-109.0,-110.0,21.0
2018.0,7.0,Texas,Baylor,-14.0,-110.0,-110.0,21.0
2018.0,7.0,Texas State,Georgia Southern,17.0,-110.0,-110.0,21.0
2018.0,7.0,Tulsa,South Florida,9.5,-109.0,-110.0,21.0
2018.0,7.0,USC,Colorado,-7.0,-105.0,-115.0,21.0
2018.0,7.0,Utah,Arizona,-13.5,-109.0,-110.0,21.0
2018.0,7.0,Utah State,UNLV,-27.0,-110.0,-110.0,21.0
2018.0,7.0,Vanderbilt,Florida,9.5,-110.0,-110.0,21.0
2018.0,8.0,Arizona State,Stanford,2.0,-110.0,-110.0,21.0
2018.0,8.0,Arkansas,Tulsa,-7.0,-111.0,-106.0,21.0
2018.0,8.0,Arkansas State,Georgia State,-13.0,-110.0,-110.0,21.0
2018.0,8.0,Army,Miami (OH),-6.5,-110.0,-106.0,21.0
2018.0,8.0,Ball State,Eastern Michigan,2.5,-105.0,-112.0,21.0
2018.0,8.0,Boise State,Colorado State,-23.5,-110.0,-110.0,21.0
2018.0,8.0,Central Michigan,Western Michigan,6.5,-110.0,-110.0,21.0
2018.0,8.0,Duke,Virginia,-6.5,-115.0,-105.0,21.0
2018.0,8.0,East Carolina,UCF,22.0,-110.0,-110.0,21.0
2018.0,8.0,Florida International,Rice,-23.0,-110.0,-110.0,21.0
2018.0,8.0,Florida State,Wake Forest,-10.5,-110.0,-110.0,21.0
2018.0,8.0,Indiana,Penn State,14.0,-110.0,-110.0,21.0
2018.0,8.0,Iowa,Maryland,-9.5,-110.0,-105.0,21.0
2018.0,8.0,Kent State,Akron,4.5,-110.0,-110.0,21.0
2018.0,8.0,Kentucky,Vanderbilt,-10.5,-110.0,-110.0,21.0
2018.0,8.0,LSU,Mississippi State,-5.5,-110.0,-110.0,21.0
2018.0,8.0,Liberty,Idaho State,-7.0,-110.0,-110.0,17.0
2018.0,8.0,Louisiana Tech,UTEP,-21.5,-110.0,-110.0,21.0
2018.0,8.0,Marshall,Florida Atlantic,2.5,-110.0,-110.0,21.0
2018.0,8.0,Michigan State,Michigan,7.5,-110.0,-110.0,21.0
2018.0,8.0,Middle Tennessee,Charlotte,-15.5,-110.0,-110.0,21.0
2018.0,8.0,Missouri,Memphis,-8.5,-110.0,-110.0,21.0
2018.0,8.0,Navy,Houston,11.0,-110.0,-110.0,21.0
2018.0,8.0,Nebraska,Minnesota,-4.5,-110.0,-110.0,21.0
2018.0,8.0,New Mexico,Fresno State,14.5,-108.0,-110.0,21.0
2018.0,8.0,New Mexico State,Georgia Southern,9.5,-110.0,-110.0,21.0
2018.0,8.0,Ohio,Bowling Green,-16.0,-110.0,-110.0,21.0
2018.0,8.0,Ole Miss,Auburn,5.0,-110.0,-110.0,21.0
2018.0,8.0,Oregon State,California,9.0,-107.0,-110.0,21.0
2018.0,8.0,Purdue,Ohio State,12.5,-110.0,-110.0,21.0
2018.0,8.0,Rutgers,Northwestern,20.0,-110.0,-110.0,21.0
2018.0,8.0,Syracuse,North Carolina,-9.5,-110.0,-109.0,21.0
2018.0,8.0,TCU,Oklahoma,8.0,-110.0,-110.0,21.0
2018.0,8.0,Temple,Cincinnati,-2.5,-110.0,-110.0,21.0
2018.0,8.0,Tennessee,Alabama,29.5,-110.0,-110.0,21.0
2018.0,8.0,Texas Tech,Kansas,-17.5,-110.0,-110.0,21.0
2018.0,8.0,Toledo,Buffalo,-3.0,-110.0,-109.0,21.0
2018.0,8.0,UCLA,Arizona,-10.0,-110.0,-110.0,21.0
2018.0,8.0,UNLV,Air Force,9.5,-110.0,-110.0,21.0
2018.0,8.0,Utah,USC,-7.0,-105.0,-108.0,21.0
2018.0,8.0,Washington,Colorado,-17.5,-110.0,-110.0,21.0
2018.0,8.0,Washington State,Oregon,-3.0,-115.0,-105.0,21.0
2018.0,8.0,Western Kentucky,Old Dominion,-4.0,-109.0,-110.0,21.0
2018.0,8.0,Wisconsin,Illinois,-24.0,-109.0,-110.0,21.0
2018.0,8.0,Wyoming,Utah State,13.5,-110.0,-110.0,21.0
2018.0,9.0,Air Force,Boise State,10.0,-110.0,-110.0,21.0
2018.0,9.0,Akron,Central Michigan,-4.0,-110.0,-108.0,21.0
2018.0,9.0,Arizona,Oregon,7.5,-110.0,-110.0,21.0
2018.0,9.0,Arkansas,Vanderbilt,-1.0,-110.0,-110.0,21.0
2018.0,9.0,California,Washington,12.0,-110.0,-110.0,21.0
2018.0,9.0,Colorado,Oregon State,-26.0,-110.0,-110.0,21.0
2018.0,9.0,Colorado State,Wyoming,3.5,-110.0,-106.0,21.0
2018.0,9.0,Eastern Michigan,Army,1.5,-110.0,-110.0,21.0
2018.0,9.0,Florida Atlantic,Louisiana Tech,-3.5,-110.0,-110.0,21.0
2018.0,9.0,Florida State,Clemson,18.0,-110.0,-110.0,21.0
2018.0,9.0,Georgia State,Coastal Carolina,2.5,-110.0,-110.0,21.0
2018.0,9.0,Houston,South Florida,-10.0,-111.0,-106.0,21.0
2018.0,9.0,Iowa State,Texas Tech,-6.0,-110.0,-109.0,21.0
2018.0,9.0,Kansas,TCU,13.0,-110.0,-110.0,21.0
2018.0,9.0,Louisville,Wake Forest,-3.0,-109.0,-111.0,21.0
2018.0,9.0,Maryland,Illinois,-16.5,-109.0,-110.0,21.0
2018.0,9.0,Michigan State,Purdue,2.5,-108.0,-110.0,21.0
2018.0,9.0,Minnesota,Indiana,2.5,-105.0,-110.0,21.0
2018.0,9.0,Mississippi State,Texas A&M,-1.0,-107.0,-110.0,21.0
2018.0,9.0,Missouri,Kentucky,-7.5,-110.0,-110.0,21.0
2018.0,9.0,Nebraska,Bethune-Cookman,-47.25,-110.0,-110.0,20.0
2018.0,9.0,Nevada,San Diego State,1.0,-110.0,-110.0,21.0
2018.0,9.0,North Texas,Rice,-30.0,-110.0,-110.0,21.0
2018.0,9.0,Northwestern,Wisconsin,4.5,-110.0,-110.0,21.0
2018.0,9.0,Ohio,Ball State,-10.5,-110.0,-110.0,21.0
2018.0,9.0,Oklahoma,Kansas State,-23.5,-110.0,-110.0,21.0
2018.0,9.0,Oklahoma State,Texas,2.5,-110.0,-109.0,21.0
2018.0,9.0,Old Dominion,Middle Tennessee,4.0,-110.0,-110.0,21.0
2018.0,9.0,Penn State,Iowa,-5.0,-108.0,-110.0,21.0
2018.0,9.0,Pittsburgh,Duke,3.0,-110.0,-110.0,21.0
2018.0,9.0,South Alabama,Troy,11.0,-110.0,-110.0,21.0
2018.0,9.0,South Carolina,Tennessee,-10.5,-110.0,-110.0,21.0
2018.0,9.0,Stanford,Washington State,-2.5,-115.0,-105.0,21.0
2018.0,9.0,Texas State,New Mexico State,0.0,-110.0,-110.0,21.0
2018.0,9.0,Tulsa,Tulane,1.5,-110.0,-110.0,21.0
2018.0,9.0,UCLA,Utah,11.0,-107.0,-110.0,21.0
2018.0,9.0,USC,Arizona State,-3.0,-105.0,-114.0,21.0
2018.0,9.0,UTEP,UAB,15.0,-110.0,,21.0
2018.0,9.0,Utah State,New Mexico,-20.0,-109.0,-110.0,21.0
2018.0,9.0,Virginia,North Carolina,-8.0,-115.0,-104.0,21.0
2018.0,9.0,Virginia Tech,Georgia Tech,-3.0,-110.0,-110.0,21.0
2018.0,9.0,West Virginia,Baylor,-14.5,-109.0,-110.0,21.0
2018.0,9.0,Western Kentucky,Florida International,3.0,-105.0,-111.0,21.0
2018.0,9.0,Western Michigan,Toledo,-4.0,-110.0,-109.0,21.0
2018.0,10.0,Akron,Northern Illinois,6.0,-110.0,-110.0,21.0
2018.0,10.0,Arizona,Colorado,-3.5,-110.0,-110.0,21.0
2018.0,10.0,Arizona State,Utah,7.5,-114.0,-105.0,21.0
2018.0,10.0,Arkansas State,South Alabama,-14.0,-110.0,-110.0,21.0
2018.0,10.0,Army,Air Force,-4.5,-110.0,-106.0,21.0
2018.0,10.0,Auburn,Texas A&M,-3.5,-110.0,-110.0,21.0
2018.0,10.0,Baylor,Oklahoma State,6.5,-110.0,-109.0,21.0
2018.0,10.0,Bowling Green,Kent State,0.0,-105.0,-110.0,21.0
2018.0,10.0,Buffalo,Miami (OH),-7.0,-115.0,-105.0,21.0
2018.0,10.0,Cincinnati,Navy,-13.0,-110.0,-107.0,21.0
2018.0,10.0,Clemson,Louisville,-38.5,-110.0,-110.0,21.0
2018.0,10.0,East Carolina,Memphis,10.5,-109.0,-110.0,21.0
2018.0,10.0,Eastern Michigan,Central Michigan,-14.0,-109.0,-110.0,21.0
2018.0,10.0,Florida,Missouri,-5.0,-110.0,-110.0,21.0
2018.0,10.0,Florida International,Florida Atlantic,-2.0,-110.0,-110.0,21.0
2018.0,10.0,Georgia State,Texas State,-7.0,-110.0,-105.0,21.0
2018.0,10.0,Illinois,Minnesota,9.0,-110.0,-110.0,21.0
2018.0,10.0,Kansas,Iowa State,18.5,-110.0,-110.0,21.0
2018.0,10.0,Kentucky,Georgia,9.5,-110.0,-110.0,21.0
2018.0,10.0,LSU,Alabama,14.0,-110.0,-110.0,21.0
2018.0,10.0,Maryland,Michigan State,3.5,-113.0,-105.0,21.0
2018.0,10.0,Michigan,Penn State,-12.5,-110.0,-110.0,21.0
2018.0,10.0,Middle Tennessee,Western Kentucky,-12.0,-110.0,-110.0,21.0
2018.0,10.0,Mississippi State,Louisiana Tech,-23.0,-110.0,-110.0,21.0
2018.0,10.0,New Mexico,San Diego State,12.5,-110.0,-110.0,21.0
2018.0,10.0,New Mexico State,Alcorn State,-12.5,-110.0,-110.0,14.0
2018.0,10.0,North Carolina,Georgia Tech,4.0,-109.0,-110.0,21.0
2018.0,10.0,Northwestern,Notre Dame,10.0,-110.0,-110.0,21.0
2018.0,10.0,Ohio State,Nebraska,-17.0,-109.0,-110.0,21.0
2018.0,10.0,Ole Miss,South Carolina,-2.0,-110.0,-110.0,21.0
2018.0,10.0,Oregon,UCLA,-10.5,-110.0,-110.0,21.0
2018.0,10.0,Oregon State,USC,15.0,-109.0,-110.0,21.0
2018.0,10.0,Purdue,Iowa,-1.5,-110.0,-109.0,21.0
2018.0,10.0,Rice,UTEP,2.0,-110.0,-110.0,21.0
2018.0,10.0,South Florida,Tulane,-6.0,-110.0,-110.0,21.0
2018.0,10.0,TCU,Kansas State,-10.0,-106.0,-110.0,21.0
2018.0,10.0,Tennessee,Charlotte,-21.0,-105.0,-110.0,21.0
2018.0,10.0,Texas,West Virginia,1.0,-110.0,-110.0,21.0
2018.0,10.0,Texas Tech,Oklahoma,14.0,-110.0,-110.0,21.0
2018.0,10.0,Toledo,Ball State,-20.0,-110.0,-105.0,21.0
2018.0,10.0,UCF,Temple,-10.0,-109.0,-110.0,21.0
2018.0,10.0,UNLV,Fresno State,27.0,-110.0,-110.0,21.0
2018.0,10.0,Virginia,Pittsburgh,-7.0,-110.0,-110.0,21.0
2018.0,10.0,Virginia Tech,Boston College,2.0,-110.0,-110.0,21.0
2018.0,10.0,Wake Forest,Syracuse,6.0,-109.0,-110.0,21.0
2018.0,10.0,Washington,Stanford,-9.5,-110.0,-110.0,21.0
2018.0,10.0,Washington State,California,-7.5,-105.0,-111.0,21.0
2018.0,10.0,Western Michigan,Ohio,3.5,-110.0,-110.0,21.0
2018.0,10.0,Wisconsin,Rutgers,-29.0,-110.0,-110.0,21.0
2018.0,11.0,Air Force,New Mexico,-13.5,-110.0,-110.0,21.0
2018.0,11.0,Alabama,Mississippi State,-22.0,-110.0,-110.0,21.0
2018.0,11.0,Arizona State,UCLA,-12.0,-110.0,-110.0,21.0
2018.0,11.0,Arkansas,LSU,13.0,-110.0,-110.0,21.0
2018.0,11.0,Army,Lafayette,-46.0,-110.0,-110.0,17.0
2018.0,11.0,Boise State,Fresno State,2.5,-105.0,-112.0,21.0
2018.0,11.0,Boston College,Clemson,17.5,-110.0,-110.0,21.0
2018.0,11.0,Buffalo,Kent State,-17.0,-110.0,-109.0,21.0
2018.0,11.0,Central Michigan,Bowling Green,-7.5,-105.0,-114.0,21.0
2018.0,11.0,Cincinnati,South Florida,-16.0,-110.0,-109.0,21.0
2018.0,11.0,Coastal Carolina,Arkansas State,6.5,-110.0,-110.0,21.0
2018.0,11.0,Colorado,Washington State,5.5,-110.0,-110.0,21.0
2018.0,11.0,Duke,North Carolina,-7.5,-105.0,-112.0,21.0
2018.0,11.0,Eastern Michigan,Akron,-12.0,-110.0,-110.0,21.0
2018.0,11.0,Florida,South Carolina,-6.5,-110.0,-107.0,21.0
2018.0,11.0,Florida Atlantic,Western Kentucky,-18.0,-110.0,-110.0,21.0
2018.0,11.0,Georgia,Auburn,-13.5,-110.0,-110.0,21.0
2018.0,11.0,Georgia Southern,Troy,2.5,-110.0,-110.0,21.0
2018.0,11.0,Houston,Temple,-3.5,-108.0,-110.0,21.0
2018.0,11.0,Indiana,Maryland,-1.0,-110.0,-110.0,21.0
2018.0,11.0,Iowa,Northwestern,-10.5,-110.0,-110.0,21.0
2018.0,11.0,Iowa State,Baylor,-17.0,-110.0,-110.0,21.0
2018.0,11.0,Kansas State,Kansas,-10.0,-110.0,-110.0,21.0
2018.0,11.0,Louisiana Tech,Rice,-24.0,-110.0,-110.0,21.0
2018.0,11.0,Marshall,Charlotte,-13.0,-110.0,-110.0,21.0
2018.0,11.0,Memphis,Tulsa,-16.5,-109.0,-110.0,21.0
2018.0,11.0,Miami (OH),Ohio,4.5,-110.0,-110.0,21.0
2018.0,11.0,Michigan State,Ohio State,3.5,-111.0,-106.0,21.0
2018.0,11.0,Minnesota,Purdue,10.5,-110.0,-109.0,21.0
2018.0,11.0,Missouri,Vanderbilt,-14.5,-110.0,-110.0,21.0
2018.0,11.0,Nebraska,Illinois,-17.0,-110.0,-110.0,21.0
2018.0,11.0,Nevada,Colorado State,-14.0,-110.0,-110.0,21.0
2018.0,11.0,Northern Illinois,Toledo,-3.5,-110.0,-110.0,21.0
2018.0,11.0,Notre Dame,Florida State,-17.0,-108.0,-110.0,21.0
2018.0,11.0,Oklahoma,Oklahoma State,-21.5,-110.0,-110.0,21.0
2018.0,11.0,Old Dominion,North Texas,14.5,-110.0,-110.0,21.0
2018.0,11.0,Penn State,Wisconsin,-7.5,-109.0,-110.0,21.0
2018.0,11.0,Pittsburgh,Virginia Tech,-4.0,-110.0,-109.0,21.0
2018.0,11.0,Rutgers,Michigan,37.0,-110.0,-110.0,21.0
2018.0,11.0,San Diego State,UNLV,-24.0,-110.0,-110.0,21.0
2018.0,11.0,Stanford,Oregon State,-24.5,-110.0,-110.0,21.0
2018.0,11.0,Syracuse,Louisville,-20.5,-110.0,-109.0,21.0
2018.0,11.0,Tennessee,Kentucky,5.0,-110.0,-110.0,21.0
2018.0,11.0,Texas A&M,Ole Miss,-13.5,-110.0,-110.0,21.0
2018.0,11.0,Texas Tech,Texas,2.0,-109.0,-110.0,21.0
2018.0,11.0,Tulane,East Carolina,-10.5,-110.0,-110.0,21.0
2018.0,11.0,UCF,Navy,-23.5,-110.0,-110.0,21.0
2018.0,11.0,USC,California,-4.5,-109.0,-110.0,21.0
2018.0,11.0,UTEP,Middle Tennessee,13.5,-109.0,-110.0,21.0
2018.0,11.0,Utah,Oregon,-6.0,-110.0,-110.0,21.0
2018.0,11.0,Virginia,Liberty,-24.0,-110.0,-110.0,21.0
2018.0,11.0,West Virginia,TCU,-13.0,-110.0,-110.0,21.0
2018.0,12.0,Akron,Bowling Green,-6.0,-109.0,-110.0,21.0
2018.0,12.0,Army,Colgate,-10.75,-110.0,-110.0,20.0
2018.0,12.0,Auburn,Liberty,-29.5,-110.0,-110.0,21.0
2018.0,12.0,Ball State,Western Michigan,9.75,-110.0,-110.0,18.0
2018.0,12.0,Baylor,TCU,0.0,-110.0,-108.0,21.0
2018.0,12.0,Charlotte,Florida International,3.5,-109.0,-110.0,21.0
2018.0,12.0,Clemson,Duke,-30.0,-110.0,-110.0,21.0
2018.0,12.0,Coastal Carolina,Georgia Southern,7.5,-110.0,-107.0,21.0
2018.0,12.0,Colorado,Utah,7.0,-105.0,-110.0,21.0
2018.0,12.0,Colorado State,Utah State,29.5,-110.0,-110.0,21.0
2018.0,12.0,Florida,Idaho,-41.5,-110.0,-110.0,20.0
2018.0,12.0,Florida State,Boston College,3.0,100.0,-120.0,21.0
2018.0,12.0,Fresno State,San Diego State,-10.0,-110.0,-110.0,21.0
2018.0,12.0,Georgia Tech,Virginia,-6.5,-110.0,-110.0,21.0
2018.0,12.0,Houston,Tulane,-7.5,-110.0,-110.0,21.0
2018.0,12.0,Illinois,Iowa,15.5,-109.0,-110.0,21.0
2018.0,12.0,Kansas State,Texas Tech,6.5,-105.0,-115.0,21.0
2018.0,12.0,Kent State,Toledo,11.5,-110.0,-110.0,21.0
2018.0,12.0,Kentucky,Middle Tennessee,-16.5,-110.0,-110.0,21.0
2018.0,12.0,LSU,Rice,-41.5,-106.0,-110.0,21.0
2018.0,12.0,Maryland,Ohio State,13.5,-109.0,-110.0,21.0
2018.0,12.0,Michigan,Indiana,-28.0,-110.0,-109.0,21.0
2018.0,12.0,Minnesota,Northwestern,-3.0,-105.0,-110.0,21.0
2018.0,12.0,Mississippi State,Arkansas,-22.5,-110.0,-110.0,21.0
2018.0,12.0,Navy,Tulsa,-5.0,-110.0,-110.0,21.0
2018.0,12.0,Nebraska,Michigan State,-1.5,-109.0,-110.0,21.0
2018.0,12.0,New Mexico,Boise State,21.5,-109.0,-110.0,21.0
2018.0,12.0,North Carolina,Western Carolina,-30.5,-110.0,-110.0,20.0
2018.0,12.0,North Texas,Florida Atlantic,-4.0,-110.0,-110.0,21.0
2018.0,12.0,Northern Illinois,Miami (OH),-6.0,-110.0,-110.0,21.0
2018.0,12.0,Notre Dame,Syracuse,-10.0,-109.0,-110.0,21.0
2018.0,12.0,Ohio,Buffalo,-2.5,-110.0,-110.0,21.0
2018.0,12.0,Oklahoma,Kansas,-35.0,-109.0,-110.0,21.0
2018.0,12.0,Oklahoma State,West Virginia,6.0,-110.0,-110.0,21.0
2018.0,12.0,Oregon,Arizona State,-3.5,-105.0,-110.0,21.0
2018.0,12.0,Purdue,Wisconsin,-3.5,-110.0,-110.0,21.0
2018.0,12.0,Rutgers,Penn State,28.0,-109.0,-110.0,21.0
2018.0,12.0,South Carolina,Chattanooga,-31.0,-110.0,-110.0,17.0
2018.0,12.0,Temple,South Florida,-14.0,-105.0,-110.0,21.0
2018.0,12.0,Tennessee,Missouri,6.0,-110.0,-110.0,21.0
2018.0,12.0,Texas,Iowa State,-1.5,-110.0,-109.0,21.0
2018.0,12.0,Texas A&M,UAB,-17.0,-110.0,,21.0
2018.0,12.0,Troy,Texas State,-22.5,-110.0,-110.0,21.0
2018.0,12.0,UCF,Cincinnati,-6.5,-110.0,-105.0,21.0
2018.0,12.0,UCLA,USC,2.5,-104.0,-115.0,21.0
2018.0,12.0,Vanderbilt,Ole Miss,-3.0,-111.0,-105.0,21.0
2018.0,12.0,Wake Forest,Pittsburgh,5.5,-110.0,-110.0,21.0
2018.0,12.0,Washington,Oregon State,-32.5,-110.0,-110.0,21.0
2018.0,12.0,Washington State,Arizona,-10.5,-110.0,-109.0,21.0
2018.0,12.0,Western Kentucky,UTEP,-6.5,-110.0,-109.0,21.0
2018.0,12.0,Wyoming,Air Force,-3.0,-110.0,-110.0,21.0
2018.0,13.0,Air Force,Colorado State,-14.5,-110.0,-110.0,18.0
2018.0,13.0,Alabama,Auburn,-26.5,-110.0,-110.0,18.0
2018.0,13.0,Arizona,Arizona State,1.25,-110.0,-109.5,18.0
2018.0,13.0,Boise State,Utah State,-2.5,-111.5,-106.0,18.0
2018.0,13.0,Boston College,Syracuse,-5.5,-110.0,-110.0,18.0
2018.0,13.0,Bowling Green,Buffalo,16.0,-110.0,-110.0,17.0
2018.0,13.0,California,Colorado,-10.5,-110.0,-110.0,18.0
2018.0,13.0,Cincinnati,East Carolina,-16.0,-110.0,-110.0,18.0
2018.0,13.0,Clemson,South Carolina,-25.75,-110.0,-110.0,18.0
2018.0,13.0,Duke,Wake Forest,-9.5,-110.0,-110.0,18.0
2018.0,13.0,Florida Atlantic,Charlotte,-16.5,-110.0,-110.0,18.0
2018.0,13.0,Florida International,Marshall,3.5,-110.0,-110.0,18.0
2018.0,13.0,Florida State,Florida,8.0,-107.5,-110.0,18.0
2018.0,13.0,Georgia,Georgia Tech,-17.0,-110.0,-109.5,18.0
2018.0,13.0,Georgia State,Georgia Southern,10.0,-110.0,-110.0,18.0
2018.0,13.0,Indiana,Purdue,3.5,-106.0,-110.0,18.0
2018.0,13.0,Iowa,Nebraska,-8.0,-110.0,-110.0,17.0
2018.0,13.0,Iowa State,Kansas State,-10.5,-110.0,-110.0,18.0
2018.0,13.0,Kansas,Texas,15.5,-110.0,-110.0,17.0
2018.0,13.0,Kent State,Eastern Michigan,12.5,-110.0,-110.0,18.0
2018.0,13.0,Liberty,New Mexico State,-7.0,-108.0,-110.0,18.0
2018.0,13.0,Louisiana Tech,Western Kentucky,-10.5,-110.0,-110.0,18.0
2018.0,13.0,Louisville,Kentucky,17.0,-110.0,-109.5,18.0
2018.0,13.0,Memphis,Houston,-9.5,-110.0,-109.5,18.0
2018.0,13.0,Miami (OH),Ball State,-15.0,-110.0,-110.0,18.0
2018.0,13.0,Michigan State,Rutgers,-24.5,-110.0,-109.0,18.0
2018.0,13.0,Middle Tennessee,UAB,3.0,-110.0,,18.0
2018.0,13.0,Missouri,Arkansas,-24.0,-110.0,-110.0,18.0
2018.0,13.0,New Mexico,Wyoming,7.0,-110.0,-110.0,18.0
2018.0,13.0,Northwestern,Illinois,-15.5,-110.0,-110.0,18.0
2018.0,13.0,Ohio,Akron,-24.0,-110.0,-110.0,18.0
2018.0,13.0,Ohio State,Michigan,4.25,-108.0,-110.0,18.0
2018.0,13.0,Ole Miss,Mississippi State,12.5,-110.0,-110.0,18.0
2018.0,13.0,Oregon State,Oregon,18.0,-110.0,-110.0,18.0
2018.0,13.0,Penn State,Maryland,-12.0,-110.0,-110.0,18.0
2018.0,13.0,Rice,Old Dominion,7.5,-110.0,-110.0,18.0
2018.0,13.0,South Alabama,Coastal Carolina,1.0,-110.0,-110.0,18.0
2018.0,13.0,South Florida,UCF,16.0,-110.0,-110.0,17.0
2018.0,13.0,TCU,Oklahoma State,5.5,-110.0,-110.0,18.0
2018.0,13.0,Texas A&M,LSU,-3.0,-105.0,-114.0,18.0
2018.0,13.0,Texas State,Arkansas State,13.5,-110.0,-110.0,18.0
2018.0,13.0,Toledo,Central Michigan,-19.25,-110.0,-110.0,18.0
2018.0,13.0,Tulane,Navy,-6.0,-109.5,-110.0,18.0
2018.0,13.0,UCLA,Stanford,7.0,-109.0,-110.0,18.0
2018.0,13.0,UNLV,Nevada,14.0,-110.0,-110.0,18.0
2018.0,13.0,USC,Notre Dame,14.0,-108.0,-110.0,18.0
2018.0,13.0,Vanderbilt,Tennessee,-3.0,-110.0,-110.0,18.0
2018.0,13.0,Virginia Tech,Virginia,5.25,-109.5,-110.0,18.0
2018.0,13.0,Washington State,Washington,-3.0,-113.0,-106.0,18.0
2018.0,13.0,West Virginia,Oklahoma,3.0,-110.0,-109.0,18.0
2018.0,13.0,Western Michigan,Northern Illinois,6.5,-109.5,-110.0,18.0
2018.0,13.0,Wisconsin,Minnesota,-11.5,-110.0,-110.0,18.0
2018.0,14.0,Boise State,Fresno State,-1.5,-110.0,-110.0,18.0
2018.0,14.0,California,Stanford,3.0,-105.0,-114.5,18.0
2018.0,14.0,Iowa State,Drake,-40.5,-115.0,-106.0,17.0
2018.0,14.0,Liberty,Norfolk State,-30.0,-110.0,-110.0,17.0
2018.0,14.0,Middle Tennessee,UAB,-1.5,-110.0,,18.0
2018.0,14.0,Ohio State,Northwestern,-16.5,-110.0,-110.0,18.0
2018.0,14.0,Oklahoma,Texas,-9.5,-110.0,-107.5,18.0
2018.0,14.0,South Carolina,Akron,-28.5,-110.0,-110.0,18.0
2018.0,14.0,UCF,Memphis,-1.0,-110.0,-110.0,18.0
2018.0,14.0,Virginia Tech,Marshall,-3.5,-110.0,-109.5,18.0
2018.0,15.0,Army,Navy,-7.5,-110.0,-110.0,18.0
2019.0,1.0,Air Force,Colgate,-20.5,-110.0,-110.0,9.0
2019.0,1.0,Arizona State,Kent State,-24.5,-110.0,-110.0,22.0
2019.0,1.0,Arkansas,Portland State,-30.0,-110.0,-110.0,8.0
2019.0,1.0,Arkansas State,SMU,-1.5,-110.0,-110.0,22.0
2019.0,1.0,Army,Rice,-23.5,-108.0,-110.0,22.0
2019.0,1.0,Baylor,Stephen F. Austin,-43.0,-110.0,-110.0,18.0
2019.0,1.0,Boston College,Virginia Tech,4.5,-109.0,-110.0,22.0
2019.0,1.0,Bowling Green,Morgan State,-24.0,-110.0,-110.0,21.0
2019.0,1.0,Buffalo,Robert Morris,-41.5,-110.0,-110.0,20.0
2019.0,1.0,California,UC Davis,-15.5,-110.0,-110.0,20.0
2019.0,1.0,Charlotte,Gardner-Webb,-31.5,-110.0,-110.0,20.0
2019.0,1.0,Cincinnati,UCLA,-2.5,-110.0,-110.0,22.0
2019.0,1.0,Clemson,Georgia Tech,-36.5,-110.0,-110.0,22.0
2019.0,1.0,Coastal Carolina,Eastern Michigan,6.0,-110.0,-110.0,22.0
2019.0,1.0,Colorado,Colorado State,-11.5,-110.0,-110.0,22.0
2019.0,1.0,Florida State,Boise State,-6.5,-110.0,-108.0,22.0
2019.0,1.0,Illinois,Akron,-18.0,-110.0,-110.0,22.0
2019.0,1.0,Iowa,Miami (OH),-25.5,-110.0,-110.0,22.0
2019.0,1.0,Iowa State,Northern Iowa,-20.5,-110.0,-110.0,9.0
2019.0,1.0,Kansas,Indiana State,-7.5,-110.0,-110.0,8.0
2019.0,1.0,Kentucky,Toledo,-10.0,-110.0,-110.0,22.0
2019.0,1.0,LSU,Georgia Southern,-27.0,-108.0,-110.0,22.0
2019.0,1.0,Liberty,Syracuse,19.5,-110.0,-110.0,22.0
2019.0,1.0,Louisville,Notre Dame,19.0,-110.0,-110.0,22.0
2019.0,1.0,Maryland,Howard,-30.5,-110.0,-110.0,8.0
2019.0,1.0,Memphis,Ole Miss,-4.5,-110.0,-110.0,22.0
2019.0,1.0,Michigan,Middle Tennessee,-36.0,-110.0,-110.0,22.0
2019.0,1.0,Michigan State,Tulsa,-23.5,-110.0,-110.0,22.0
2019.0,1.0,Minnesota,South Dakota State,-14.5,-110.0,-110.0,20.0
2019.0,1.0,Navy,Holy Cross,-21.5,-110.0,-110.0,8.0
2019.0,1.0,Nebraska,South Alabama,-36.0,-110.0,-110.0,22.0
2019.0,1.0,Nevada,Purdue,11.0,-109.0,-110.0,22.0
2019.0,1.0,North Carolina,South Carolina,11.0,-110.0,-110.0,22.0
2019.0,1.0,North Texas,Abilene Christian,-23.5,-110.0,-110.0,19.0
2019.0,1.0,Northern Illinois,Illinois State,-6.5,-110.0,-110.0,21.0
2019.0,1.0,Ohio,Rhode Island,-26.0,-110.0,-110.0,9.0
2019.0,1.0,Ohio State,Florida Atlantic,-27.5,-110.0,-108.0,22.0
2019.0,1.0,Oklahoma,Houston,-22.0,-110.0,-110.0,22.0
2019.0,1.0,Old Dominion,Norfolk State,-25.5,-110.0,-110.0,21.0
2019.0,1.0,Oregon State,Oklahoma State,13.5,-110.0,-110.0,22.0
2019.0,1.0,Penn State,Idaho,-47.5,-110.0,-110.0,8.0
2019.0,1.0,Pittsburgh,Virginia,2.5,-107.5,-110.0,22.0
2019.0,1.0,South Florida,Wisconsin,10.0,-110.0,-109.0,22.0
2019.0,1.0,Stanford,Northwestern,-6.0,-109.0,-110.0,22.0
2019.0,1.0,Temple,Bucknell,-40.5,-110.0,-110.0,9.0
2019.0,1.0,Tennessee,Georgia State,-26.0,-110.0,-109.0,21.0
2019.0,1.0,Texas A&M,Texas State,-34.0,-110.0,-110.0,21.0
2019.0,1.0,Texas Tech,Montana State,-28.5,-110.0,-110.0,8.0
2019.0,1.0,Troy,Campbell,-37.0,-110.0,-110.0,16.0
2019.0,1.0,Tulane,Florida International,-3.0,-106.0,-110.0,21.0
2019.0,1.0,UCF,Florida A&M,-44.0,-110.0,-110.0,20.0
2019.0,1.0,Vanderbilt,Georgia,22.5,-110.0,-110.0,22.0
2019.0,1.0,Wake Forest,Utah State,-5.0,-110.0,-108.0,22.0
2019.0,1.0,Washington,Eastern Washington,-22.5,-110.0,-110.0,7.0
2019.0,1.0,West Virginia,James Madison,-8.0,-110.0,-110.0,9.0
2019.0,1.0,Western Kentucky,Central Arkansas,-10.5,-110.0,-110.0,20.0
2019.0,1.0,Western Michigan,Monmouth,-25.5,-110.0,-110.0,21.0
2019.0,1.0,Wyoming,Missouri,15.75,-110.0,-109.0,22.0
2019.0,2.0,Akron,UAB,7.5,-110.0,,22.0
2019.0,2.0,Alabama,New Mexico State,-55.0,-110.0,-110.0,22.0
2019.0,2.0,Arizona,Northern Arizona,-28.0,-110.0,-110.0,20.0
2019.0,2.0,Arizona State,Sacramento State,-35.0,-110.0,-110.0,20.0
2019.0,2.0,Auburn,Tulane,-16.0,-110.0,-110.0,22.0
2019.0,2.0,Ball State,Fordham,-29.5,-110.0,-110.0,20.0
2019.0,2.0,Boise State,Marshall,-14.0,-108.0,-110.0,22.0
2019.0,2.0,Boston College,Richmond,-33.5,-110.0,-110.0,20.0
2019.0,2.0,Clemson,Texas A&M,-16.0,-110.0,-110.0,22.0
2019.0,2.0,Colorado,Nebraska,4.0,-108.5,-110.0,22.0
2019.0,2.0,Colorado State,Western Illinois,-13.0,-115.0,-105.0,21.0
2019.0,2.0,Duke,North Carolina A&T,-27.5,-110.0,-110.0,21.0
2019.0,2.0,East Carolina,Gardner-Webb,-31.0,-110.0,-110.0,20.0
2019.0,2.0,Florida Atlantic,UCF,14.0,-110.0,-110.0,22.0
2019.0,2.0,Florida International,Western Kentucky,-8.5,-110.0,-110.0,22.0
2019.0,2.0,Fresno State,Minnesota,3.0,-110.0,-105.0,22.0
2019.0,2.0,Georgia,Murray State,-49.5,-110.0,-110.0,20.0
2019.0,2.0,Georgia Southern,Maine,-8.5,-110.0,-110.0,18.0
2019.0,2.0,Georgia State,Furman,-6.0,-110.0,-110.0,20.0
2019.0,2.0,Georgia Tech,South Florida,-5.0,-108.0,-110.0,22.0
2019.0,2.0,Indiana,Eastern Illinois,-35.5,-110.0,-110.0,20.0
2019.0,2.0,Iowa,Rutgers,-18.0,-110.0,-110.0,22.0
2019.0,2.0,Kansas,Coastal Carolina,-7.0,-105.0,-112.0,22.0
2019.0,2.0,Kansas State,Bowling Green,-24.5,-110.0,-110.0,22.0
2019.0,2.0,Kent State,Kennesaw State,-4.5,-110.0,-110.0,20.0
2019.0,2.0,Kentucky,Eastern Michigan,-15.5,-110.0,-110.0,22.0
2019.0,2.0,Louisville,Eastern Kentucky,-21.0,-110.0,-110.0,20.0
2019.0,2.0,Maryland,Syracuse,-1.25,-109.5,-110.0,22.0
2019.0,2.0,Miami (OH),Tennessee Tech,-37.0,-110.0,-110.0,20.0
2019.0,2.0,Michigan,Army,-22.0,-110.0,-108.5,22.0
2019.0,2.0,Michigan State,Western Michigan,-15.0,-110.0,-110.0,22.0
2019.0,2.0,Middle Tennessee,Tennessee State,-26.75,-107.5,-117.5,12.0
2019.0,2.0,Missouri,West Virginia,-13.5,-110.0,-110.0,22.0
2019.0,2.0,Ohio State,Cincinnati,-14.5,-110.0,-109.5,22.0
2019.0,2.0,Oklahoma,South Dakota,-46.0,-110.0,-110.0,20.0
2019.0,2.0,Ole Miss,Arkansas,-5.0,-110.0,-110.0,22.0
2019.0,2.0,Oregon,Nevada,-24.0,-109.0,-110.0,22.0
2019.0,2.0,Penn State,Buffalo,-31.5,-110.0,-109.5,22.0
2019.0,2.0,Pittsburgh,Ohio,-4.0,-110.0,-110.0,22.0
2019.0,2.0,Purdue,Vanderbilt,-7.0,-111.5,-105.0,22.0
2019.0,2.0,Rice,Wake Forest,20.0,-110.0,-110.0,22.0
2019.0,2.0,SMU,North Texas,-4.0,-110.0,-110.0,22.0
2019.0,2.0,South Alabama,Jackson State,-27.0,-110.0,-110.0,19.0
2019.0,2.0,South Carolina,Charleston Southern,-36.0,-110.0,-110.0,20.0
2019.0,2.0,Texas,LSU,6.5,-109.5,-110.0,22.0
2019.0,2.0,Texas State,Wyoming,7.5,-109.5,-110.0,22.0
2019.0,2.0,Texas Tech,UTEP,-34.5,-110.0,-109.5,22.0
2019.0,2.0,UCLA,San Diego State,-7.5,-105.0,-115.0,22.0
2019.0,2.0,UNLV,Arkansas State,1.0,-110.0,-110.0,22.0
2019.0,2.0,USC,Stanford,-3.0,-113.0,-105.0,22.0
2019.0,2.0,Utah,Northern Illinois,-23.0,-110.0,-110.0,22.0
2019.0,2.0,Utah State,Stony Brook,-31.5,-110.0,-110.0,20.0
2019.0,2.0,Virginia,William & Mary,-32.5,-110.0,-110.0,20.0
2019.0,2.0,Virginia Tech,Old Dominion,-29.0,-110.0,-109.5,22.0
2019.0,2.0,Washington,California,-13.5,-109.5,-110.0,22.0
2019.0,2.0,Washington State,Northern Colorado,-43.0,-110.0,-110.0,20.0
2019.0,2.0,Wisconsin,Central Michigan,-35.0,-110.0,-110.0,22.0
2019.0,3.0,Arizona,Texas Tech,2.0,-106.5,-110.0,22.0
2019.0,3.0,Arkansas,Colorado State,-9.75,-107.5,-110.0,22.0
2019.0,3.0,Auburn,Kent State,-36.0,-110.0,-110.0,22.0
2019.0,3.0,Ball State,Florida Atlantic,2.5,-109.0,-110.0,22.0
2019.0,3.0,Boise State,Portland State,-34.5,-110.0,-109.5,20.0
2019.0,3.0,Boston College,Kansas,-19.5,-110.0,-110.0,22.0
2019.0,3.0,Bowling Green,Louisiana Tech,13.0,-108.0,-110.0,22.0
2019.0,3.0,California,North Texas,-14.0,-111.0,-105.0,22.0
2019.0,3.0,Central Michigan,Akron,-2.5,-110.0,-106.0,22.0
2019.0,3.0,Cincinnati,Miami (OH),-17.5,-109.0,-109.5,22.0
2019.0,3.0,Coastal Carolina,Norfolk State,-26.5,-110.0,-110.0,21.0
2019.0,3.0,Colorado,Air Force,-3.0,-105.0,-114.5,22.0
2019.0,3.0,Florida International,New Hampshire,-13.5,-110.0,-110.0,20.0
2019.0,3.0,Georgia,Arkansas State,-32.5,-110.0,-110.0,22.0
2019.0,3.0,Houston,Washington State,8.5,-110.0,-107.5,22.0
2019.0,3.0,Illinois,Eastern Michigan,-7.0,-110.0,-109.5,22.0
2019.0,3.0,Indiana,Ohio State,17.5,-110.0,-110.0,22.0
2019.0,3.0,Iowa State,Iowa,1.5,-110.0,-110.0,22.0
2019.0,3.0,Kentucky,Florida,10.0,-110.0,-110.0,22.0
2019.0,3.0,LSU,Northwestern State,-51.5,-110.0,-110.0,19.0
2019.0,3.0,Liberty,Buffalo,6.0,-110.0,-105.0,22.0
2019.0,3.0,Marshall,Ohio,-4.0,-110.0,-109.5,22.0
2019.0,3.0,Michigan State,Arizona State,-15.5,-110.0,-110.0,22.0
2019.0,3.0,Middle Tennessee,Duke,6.5,-106.0,-110.0,22.0
2019.0,3.0,Minnesota,Georgia Southern,-17.0,-108.0,-110.0,22.0
2019.0,3.0,Mississippi State,Kansas State,-7.0,-108.0,-110.0,22.0
2019.0,3.0,Missouri,Southeast Missouri State,-34.5,-110.0,-110.0,20.0
2019.0,3.0,Navy,East Carolina,-7.5,-107.0,-110.0,22.0
2019.0,3.0,Nebraska,Northern Illinois,-14.0,-110.0,-107.5,22.0
2019.0,3.0,Nevada,Weber State,-7.5,-110.0,-113.0,21.0
2019.0,3.0,New Mexico State,San Diego State,17.0,-109.5,-109.5,22.0
2019.0,3.0,Northwestern,UNLV,-18.75,-110.0,-110.0,22.0
2019.0,3.0,Notre Dame,New Mexico,-34.5,-110.0,-110.0,22.0
2019.0,3.0,Oregon,Montana,-39.5,-110.0,-110.0,20.0
2019.0,3.0,Oregon State,Cal Poly,-16.25,-110.0,-110.0,20.0
2019.0,3.0,Penn State,Pittsburgh,-17.0,-110.0,-110.0,22.0
2019.0,3.0,Purdue,TCU,3.5,-110.0,-110.0,22.0
2019.0,3.0,Rice,Texas,32.0,-110.0,-110.0,22.0
2019.0,3.0,SMU,Texas State,-17.5,-110.0,-110.0,22.0
2019.0,3.0,South Alabama,Memphis,20.5,-108.5,-110.0,22.0
2019.0,3.0,South Carolina,Alabama,26.0,-110.0,-110.0,22.0
2019.0,3.0,South Florida,South Carolina State,-26.5,-110.0,-110.0,20.0
2019.0,3.0,Syracuse,Clemson,28.0,-108.5,-110.0,22.0
2019.0,3.0,Temple,Maryland,5.0,-110.0,-109.0,22.0
2019.0,3.0,Tennessee,Chattanooga,-30.0,-110.0,-110.0,19.0
2019.0,3.0,Texas A&M,Lamar,-45.0,-110.0,-110.0,20.0
2019.0,3.0,Toledo,Murray State,-36.0,-110.0,-110.0,18.0
2019.0,3.0,Tulane,Missouri State,-31.5,-110.0,-110.0,21.0
2019.0,3.0,Tulsa,Oklahoma State,14.0,-110.0,-110.0,22.0
2019.0,3.0,UCF,Stanford,-9.5,-110.0,-110.0,22.0
2019.0,3.0,UCLA,Oklahoma,23.0,-110.0,-110.0,22.0
2019.0,3.0,Utah,Idaho State,-37.0,-110.0,-110.0,20.0
2019.0,3.0,Virginia,Florida State,-7.0,-114.5,-104.5,22.0
2019.0,3.0,Virginia Tech,Furman,-23.5,-110.0,-110.0,20.0
2019.0,3.0,Wake Forest,North Carolina,-3.0,-110.0,-106.0,22.0
2019.0,3.0,Western Michigan,Georgia State,-9.0,-110.0,-110.0,22.0
2019.0,3.0,Wyoming,Idaho,-27.0,-110.0,-110.0,21.0
2019.0,4.0,Akron,Troy,19.0,-110.0,-110.0,22.0
2019.0,4.0,Arizona State,Colorado,-8.0,-110.0,-110.0,22.0
2019.0,4.0,Arkansas State,Southern Illinois,-23.0,-110.0,-110.0,20.0
2019.0,4.0,Army,Morgan State,-45.5,-110.0,-110.0,20.0
2019.0,4.0,Boise State,Air Force,-7.5,-110.0,-109.5,22.0
2019.0,4.0,Buffalo,Temple,14.0,-110.0,-105.0,22.0
2019.0,4.0,Clemson,Charlotte,-41.5,-110.0,-110.0,22.0
2019.0,4.0,Colorado State,Toledo,5.5,-110.0,-110.0,22.0
2019.0,4.0,East Carolina,William & Mary,-14.0,-110.0,-110.0,20.0
2019.0,4.0,Florida,Tennessee,-13.0,-110.0,-110.0,22.0
2019.0,4.0,Florida Atlantic,Wagner,-38.5,-110.0,-110.0,21.0
2019.0,4.0,Florida State,Louisville,-6.5,-110.0,-109.5,22.0
2019.0,4.0,Fresno State,Sacramento State,-24.5,-110.0,-110.0,20.0
2019.0,4.0,Georgia,Notre Dame,-16.0,-110.0,-109.5,22.0
2019.0,4.0,Illinois,Nebraska,13.0,-110.0,-110.0,22.0
2019.0,4.0,Kansas,West Virginia,4.5,-110.0,-110.0,22.0
2019.0,4.0,Kent State,Bowling Green,-12.0,-109.5,-110.0,22.0
2019.0,4.0,Liberty,Hampton,-25.5,-110.0,-110.0,18.0
2019.0,4.0,Louisiana Tech,Florida International,-7.0,-110.0,-105.0,22.0
2019.0,4.0,Mississippi State,Kentucky,-6.0,-110.0,-110.0,22.0
2019.0,4.0,Missouri,South Carolina,-9.5,-110.0,-108.0,22.0
2019.0,4.0,New Mexico,New Mexico State,-4.0,-110.0,-110.0,22.0
2019.0,4.0,Northwestern,Michigan State,7.5,-110.0,-110.0,22.0
2019.0,4.0,Ohio State,Miami (OH),-38.5,-110.0,-110.0,22.0
2019.0,4.0,Ole Miss,California,-3.0,-110.0,-110.0,22.0
2019.0,4.0,Pittsburgh,UCF,10.0,-110.0,-109.0,22.0
2019.0,4.0,Rice,Baylor,27.0,-106.5,-110.0,22.0
2019.0,4.0,Rutgers,Boston College,7.5,-110.0,-108.5,22.0
2019.0,4.0,San Diego State,Utah State,4.0,-110.0,-109.5,22.0
2019.0,4.0,Stanford,Oregon,12.5,-110.0,-110.0,22.0
2019.0,4.0,Syracuse,Western Michigan,-3.5,-109.5,-110.0,22.0
2019.0,4.0,TCU,SMU,-8.0,-110.0,-107.0,22.0
2019.0,4.0,Texas,Oklahoma State,-7.0,-114.5,-104.5,22.0
2019.0,4.0,Texas A&M,Auburn,-4.0,-110.0,-110.0,22.0
2019.0,4.0,Texas State,Georgia State,-3.0,-109.5,-110.0,22.0
2019.0,4.0,Tulane,Houston,-4.0,-109.5,-110.0,22.0
2019.0,4.0,Tulsa,Wyoming,-5.0,-110.0,-108.5,22.0
2019.0,4.0,USC,Utah,3.5,-109.5,-110.0,22.0
2019.0,4.0,UTEP,Nevada,14.0,-110.0,-107.5,22.0
2019.0,4.0,Vanderbilt,LSU,24.0,-107.0,-110.0,22.0
2019.0,4.0,Virginia,Old Dominion,-27.0,-109.5,-110.0,22.0
2019.0,4.0,Wake Forest,Elon,-28.5,-110.0,-110.0,20.0
2019.0,4.0,Washington State,UCLA,-18.0,-110.0,-109.5,22.0
2019.0,4.0,Wisconsin,Michigan,-3.0,-114.0,-105.0,22.0
2019.0,5.0,Alabama,Ole Miss,-37.5,-110.0,-110.0,22.0
2019.0,5.0,Arizona,UCLA,-3.0,-110.0,-108.0,22.0
2019.0,5.0,Auburn,Mississippi State,-7.5,-105.0,-113.5,22.0
2019.0,5.0,Baylor,Iowa State,2.5,-110.0,-109.5,22.0
2019.0,5.0,Boston College,Wake Forest,5.0,-110.0,-110.0,22.0
2019.0,5.0,California,Arizona State,-4.0,-109.0,-110.0,22.0
2019.0,5.0,Charlotte,Florida Atlantic,1.5,-110.0,-110.0,22.0
2019.0,5.0,Florida,Towson,-38.0,-110.0,-110.0,20.0
2019.0,5.0,Iowa,Middle Tennessee,-23.5,-110.0,-110.0,22.0
2019.0,5.0,Liberty,New Mexico,-7.5,-105.0,-113.0,22.0
2019.0,5.0,Marshall,Cincinnati,4.0,-110.0,-110.0,22.0
2019.0,5.0,Maryland,Penn State,6.5,-109.5,-110.0,22.0
2019.0,5.0,Memphis,Navy,-10.5,-110.0,-110.0,22.0
2019.0,5.0,Miami (OH),Buffalo,2.5,-110.0,-110.0,22.0
2019.0,5.0,Michigan,Rutgers,-27.5,-110.0,-110.0,22.0
2019.0,5.0,Michigan State,Indiana,-14.0,-110.0,-110.0,22.0
2019.0,5.0,Nebraska,Ohio State,17.0,-109.0,-110.0,22.0
2019.0,5.0,New Mexico State,Fresno State,21.0,-110.0,-110.0,22.0
2019.0,5.0,North Carolina,Clemson,27.5,-105.0,-111.5,22.0
2019.0,5.0,North Texas,Houston,-8.5,-110.0,-110.0,22.0
2019.0,5.0,Notre Dame,Virginia,-10.5,-109.5,-110.0,22.0
2019.0,5.0,Oklahoma,Texas Tech,-27.0,-110.0,-110.0,22.0
2019.0,5.0,Oklahoma State,Kansas State,-4.0,-110.0,-110.0,22.0
2019.0,5.0,Old Dominion,East Carolina,-3.0,-110.0,-110.0,22.0
2019.0,5.0,Oregon State,Stanford,3.5,-114.0,-105.0,22.0
2019.0,5.0,Pittsburgh,Delaware,-28.5,-110.0,-110.0,20.0
2019.0,5.0,Purdue,Minnesota,-1.5,-110.0,-110.0,22.0
2019.0,5.0,Rice,Louisiana Tech,8.5,-109.5,-110.0,22.0
2019.0,5.0,South Carolina,Kentucky,-3.5,-110.0,-109.0,22.0
2019.0,5.0,South Florida,SMU,7.5,-111.0,-105.0,22.0
2019.0,5.0,Syracuse,Holy Cross,-40.5,-110.0,-110.0,20.0
2019.0,5.0,TCU,Kansas,-14.5,-110.0,-110.0,21.0
2019.0,5.0,Temple,Georgia Tech,-9.0,-110.0,-110.0,22.0
2019.0,5.0,Troy,Arkansas State,-7.0,-110.0,-107.0,22.0
2019.0,5.0,Utah,Washington State,-5.5,-110.0,-110.0,22.0
2019.0,5.0,Utah State,Colorado State,-24.0,-110.0,-110.0,22.0
2019.0,5.0,Vanderbilt,Northern Illinois,-7.0,-111.5,-105.0,22.0
2019.0,5.0,Virginia Tech,Duke,-2.5,-113.5,-105.0,22.0
2019.0,5.0,Washington,USC,-11.5,-110.0,-110.0,22.0
2019.0,5.0,Western Kentucky,UAB,3.25,-107.5,,22.0
2019.0,5.0,Western Michigan,Central Michigan,-16.0,-110.0,-110.0,22.0
2019.0,5.0,Wisconsin,Northwestern,-23.5,-108.5,-110.0,22.0
2019.0,5.0,Wyoming,UNLV,-8.0,-110.0,-110.0,22.0
2019.0,6.0,Army,Tulane,2.0,-110.0,-110.0,22.0
2019.0,6.0,Buffalo,Ohio,3.0,-105.0,-110.0,22.0
2019.0,6.0,Central Michigan,Eastern Michigan,4.0,-110.0,-110.0,22.0
2019.0,6.0,Cincinnati,UCF,3.5,-110.0,-109.5,22.0
2019.0,6.0,Colorado,Arizona,-2.5,-110.0,-110.0,22.0
2019.0,6.0,Colorado State,San Diego State,6.5,-110.0,-107.5,22.0
2019.0,6.0,Duke,Pittsburgh,-3.5,-105.0,-115.0,22.0
2019.0,6.0,East Carolina,Temple,12.0,-110.0,-110.0,22.0
2019.0,6.0,Florida,Auburn,2.5,-108.0,-110.0,22.0
2019.0,6.0,Georgia State,Arkansas State,6.5,-110.0,-110.0,22.0
2019.0,6.0,Georgia Tech,North Carolina,9.5,-110.0,-108.5,22.0
2019.0,6.0,Iowa State,TCU,-3.0,-110.0,-106.0,22.0
2019.0,6.0,Kansas,Oklahoma,32.5,-110.0,-110.0,22.0
2019.0,6.0,Kansas State,Baylor,1.0,-110.0,-110.0,22.0
2019.0,6.0,LSU,Utah State,-27.25,-110.0,-110.0,22.0
2019.0,6.0,Louisville,Boston College,-4.0,-108.0,-110.0,22.0
2019.0,6.0,Michigan,Iowa,-4.0,-110.0,-110.0,22.0
2019.0,6.0,Middle Tennessee,Marshall,4.5,-110.0,-110.0,22.0
2019.0,6.0,Minnesota,Illinois,-14.0,-110.0,-110.0,22.0
2019.0,6.0,Missouri,Troy,-25.5,-110.0,-109.5,22.0
2019.0,6.0,Navy,Air Force,3.0,-109.5,-110.0,22.0
2019.0,6.0,Nebraska,Northwestern,-7.5,-108.0,-110.0,22.0
2019.0,6.0,New Mexico State,Liberty,4.0,-110.0,-109.5,22.0
2019.0,6.0,Northern Illinois,Ball State,-4.0,-109.5,-110.0,22.0
2019.0,6.0,Notre Dame,Bowling Green,-45.5,-109.5,-110.0,22.0
2019.0,6.0,Ohio State,Michigan State,-20.0,-110.0,-110.0,22.0
2019.0,6.0,Old Dominion,Western Kentucky,2.5,-107.5,-110.0,22.0
2019.0,6.0,Ole Miss,Vanderbilt,-7.0,-105.0,-110.0,22.0
2019.0,6.0,Oregon,California,-21.5,-108.5,-110.0,22.0
2019.0,6.0,Penn State,Purdue,-28.5,-110.0,-110.0,22.0
2019.0,6.0,Rutgers,Maryland,14.5,-105.5,-110.0,22.0
2019.0,6.0,SMU,Tulsa,-12.0,-107.0,-110.0,22.0
2019.0,6.0,South Alabama,Georgia Southern,10.0,-110.0,-110.0,22.0
2019.0,6.0,Stanford,Washington,12.5,-110.0,-110.0,22.0
2019.0,6.0,Tennessee,Georgia,24.5,-110.0,-110.0,22.0
2019.0,6.0,Texas Tech,Oklahoma State,9.5,-110.0,-110.0,22.0
2019.0,6.0,Toledo,Western Michigan,-1.5,-110.0,-109.5,22.0
2019.0,6.0,UCLA,Oregon State,-4.5,-110.0,-110.0,22.0
2019.0,6.0,UNLV,Boise State,24.5,-110.0,-110.0,22.0
2019.0,6.0,West Virginia,Texas,10.5,-110.0,-110.0,22.0
2019.0,6.0,Wisconsin,Kent State,-35.0,-110.0,-110.0,22.0
2019.0,7.0,Air Force,Fresno State,-3.0,-107.0,-110.5,22.0
2019.0,7.0,Akron,Kent State,14.5,-110.0,-110.0,22.0
2019.0,7.0,Arizona,Washington,6.0,-109.5,-110.0,22.0
2019.0,7.0,Arizona State,Washington State,2.0,-109.5,-110.0,22.0
2019.0,7.0,Baylor,Texas Tech,-10.5,-110.0,-109.0,22.0
2019.0,7.0,Bowling Green,Toledo,27.0,-110.0,-110.0,22.0
2019.0,7.0,Central Michigan,New Mexico State,-10.5,-110.0,-110.0,22.0
2019.0,7.0,Clemson,Florida State,-25.5,-110.0,-110.0,22.0
2019.0,7.0,Coastal Carolina,Georgia State,-3.5,-106.5,-110.0,22.0
2019.0,7.0,Duke,Georgia Tech,-18.0,-110.0,-110.0,22.0
2019.0,7.0,Eastern Michigan,Ball State,-2.0,-108.5,-110.0,22.0
2019.0,7.0,Florida Atlantic,Middle Tennessee,-12.5,-110.0,-110.0,22.0
2019.0,7.0,Florida International,Charlotte,-6.0,-110.0,-109.0,22.0
2019.0,7.0,Georgia,South Carolina,-21.0,-110.0,-110.0,22.0
2019.0,7.0,Houston,Cincinnati,9.5,-110.0,-110.0,22.0
2019.0,7.0,Illinois,Michigan,24.0,-110.0,-108.5,22.0
2019.0,7.0,Indiana,Rutgers,-27.5,-108.0,-110.0,22.0
2019.0,7.0,Iowa,Penn State,3.5,-109.5,-109.5,22.0
2019.0,7.0,Kentucky,Arkansas,-3.5,-110.0,-110.0,22.0
2019.0,7.0,LSU,Florida,-14.0,-110.0,-108.0,22.0
2019.0,7.0,Marshall,Old Dominion,-16.5,-110.0,-110.0,22.0
2019.0,7.0,Minnesota,Nebraska,-7.5,-107.5,-110.0,22.0
2019.0,7.0,Missouri,Ole Miss,-12.5,-110.0,-110.0,22.0
2019.0,7.0,New Mexico,Colorado State,5.0,-110.0,-110.0,22.0
2019.0,7.0,Notre Dame,USC,-10.5,-110.0,-110.0,22.0
2019.0,7.0,Ohio,Northern Illinois,-4.5,-110.0,-109.0,22.0
2019.0,7.0,Oregon,Colorado,-23.0,-110.0,-109.5,22.0
2019.0,7.0,Oregon State,Utah,14.5,-110.0,-107.0,22.0
2019.0,7.0,Purdue,Maryland,4.0,-108.0,-110.0,22.0
2019.0,7.0,San Diego State,Wyoming,-3.5,-110.0,-110.0,22.0
2019.0,7.0,Temple,Memphis,4.0,-110.0,-106.0,22.0
2019.0,7.0,Tennessee,Mississippi State,5.0,-110.0,-110.0,22.0
2019.0,7.0,Texas,Oklahoma,11.0,-109.5,-110.0,22.0
2019.0,7.0,Texas A&M,Alabama,17.0,-110.0,-109.0,22.0
2019.0,7.0,Tulsa,Navy,-1.0,-109.5,-110.0,22.0
2019.0,7.0,Vanderbilt,UNLV,-15.5,-110.0,-110.0,22.0
2019.0,7.0,Virginia Tech,Rhode Island,-27.5,-110.0,-110.0,21.0
2019.0,7.0,Wake Forest,Louisville,-7.0,-110.0,-108.0,22.0
2019.0,7.0,West Virginia,Iowa State,9.5,-110.0,-110.0,22.0
2019.0,7.0,Western Kentucky,Army,5.0,-110.0,-110.0,22.0
2019.0,7.0,Western Michigan,Miami (OH),-12.5,-110.0,-110.0,22.0
2019.0,7.0,Wisconsin,Michigan State,-8.0,-110.0,-110.0,22.0
2019.0,8.0,Akron,Buffalo,17.5,-110.0,-110.0,22.0
2019.0,8.0,Alabama,Tennessee,-34.5,-110.0,-109.0,22.0
2019.0,8.0,Arkansas,Auburn,20.0,-108.0,-110.0,22.0
2019.0,8.0,Ball State,Toledo,-3.0,-110.0,-110.0,22.0
2019.0,8.0,Bowling Green,Central Michigan,11.5,-110.0,-110.0,22.0
2019.0,8.0,California,Oregon State,-10.5,-110.0,-110.0,22.0
2019.0,8.0,Cincinnati,Tulsa,-16.0,-108.0,-110.0,22.0
2019.0,8.0,Eastern Michigan,Western Michigan,9.0,-110.0,-110.0,22.0
2019.0,8.0,Florida Atlantic,Marshall,-3.5,-107.5,-110.0,22.0
2019.0,8.0,Florida International,UTEP,-24.5,-110.0,-110.0,22.0
2019.0,8.0,Fresno State,UNLV,-16.0,-110.0,-109.5,22.0
2019.0,8.0,Georgia,Kentucky,-24.0,-110.0,-109.5,22.0
2019.0,8.0,Georgia Southern,Coastal Carolina,-7.0,-110.0,-110.0,22.0
2019.0,8.0,Georgia State,Army,4.0,-115.0,-105.0,22.0
2019.0,8.0,Illinois,Wisconsin,29.5,-109.5,-110.0,22.0
2019.0,8.0,Iowa,Purdue,-17.5,-110.0,-110.0,22.0
2019.0,8.0,Kansas State,TCU,4.5,-110.0,-110.0,22.0
2019.0,8.0,Liberty,Maine,-15.5,-110.0,-110.0,18.0
2019.0,8.0,Louisville,Clemson,24.5,-110.0,-110.0,22.0
2019.0,8.0,Maryland,Indiana,6.5,-105.0,-113.0,22.0
2019.0,8.0,Memphis,Tulane,-2.5,-110.0,-109.5,22.0
2019.0,8.0,Miami (OH),Northern Illinois,2.0,-107.0,-111.0,22.0
2019.0,8.0,Mississippi State,LSU,18.5,-110.0,-108.0,22.0
2019.0,8.0,Navy,South Florida,-15.5,-110.0,-109.5,22.0
2019.0,8.0,North Texas,Middle Tennessee,-7.0,-110.0,-110.0,22.0
2019.0,8.0,Northwestern,Ohio State,27.0,-106.0,-110.0,22.0
2019.0,8.0,Ohio,Kent State,-9.0,-110.0,-110.0,22.0
2019.0,8.0,Oklahoma,West Virginia,-32.5,-110.0,-108.5,22.0
2019.0,8.0,Oklahoma State,Baylor,-6.0,-110.0,-108.0,22.0
2019.0,8.0,Ole Miss,Texas A&M,6.0,-110.0,-110.0,22.0
2019.0,8.0,Penn State,Michigan,-7.5,-109.0,-110.0,22.0
2019.0,8.0,Rutgers,Minnesota,28.5,-109.0,-110.0,22.0
2019.0,8.0,SMU,Temple,-9.5,-110.0,-108.5,22.0
2019.0,8.0,South Carolina,Florida,3.5,-112.0,-105.0,22.0
2019.0,8.0,Stanford,UCLA,-4.0,-110.0,-110.0,22.0
2019.0,8.0,Syracuse,Pittsburgh,3.5,-109.0,-110.0,22.0
2019.0,8.0,Texas,Kansas,-21.0,-108.0,-110.0,22.0
2019.0,8.0,Texas Tech,Iowa State,8.75,-107.5,-110.5,22.0
2019.0,8.0,Troy,South Alabama,-17.5,-110.0,-107.0,22.0
2019.0,8.0,UCF,East Carolina,-34.5,-110.5,-106.0,22.0
2019.0,8.0,USC,Arizona,-10.5,-110.0,-110.0,22.0
2019.0,8.0,Utah,Arizona State,-15.5,-110.0,-109.5,22.0
2019.0,8.0,Utah State,Nevada,-22.5,-110.0,-109.5,22.0
2019.0,8.0,Vanderbilt,Missouri,21.0,-106.5,-110.0,22.0
2019.0,8.0,Virginia,Duke,-3.5,-110.0,-108.5,22.0
2019.0,8.0,Virginia Tech,North Carolina,4.5,-110.0,-110.0,21.0
2019.0,8.0,Wake Forest,Florida State,3.0,-110.0,-105.0,22.0
2019.0,8.0,Washington,Oregon,2.5,-105.0,-115.0,22.0
2019.0,8.0,Washington State,Colorado,-13.5,-110.0,-110.0,22.0
2019.0,8.0,Western Kentucky,Charlotte,-9.5,-110.0,-107.0,22.0
2019.0,8.0,Wyoming,New Mexico,-17.25,-107.0,-110.0,22.0
2019.0,9.0,Air Force,Utah State,-3.5,-110.0,-110.0,22.0
2019.0,9.0,Alabama,Arkansas,-31.75,-110.0,-110.0,22.0
2019.0,9.0,Arkansas State,Texas State,-11.0,-110.0,-110.0,22.0
2019.0,9.0,Ball State,Ohio,-2.5,-110.0,-110.0,22.0
2019.0,9.0,Buffalo,Central Michigan,-2.5,-110.0,-110.0,22.0
2019.0,9.0,Charlotte,North Texas,4.0,-110.0,-110.0,22.0
2019.0,9.0,Clemson,Boston College,-35.0,-110.0,-110.0,22.0
2019.0,9.0,Colorado,USC,10.5,-109.0,-110.0,22.0
2019.0,9.0,East Carolina,South Florida,1.0,-110.0,-109.5,22.0
2019.0,9.0,Florida State,Syracuse,-12.0,-110.0,-110.0,22.0
2019.0,9.0,Fresno State,Colorado State,-13.5,-110.0,-110.0,22.0
2019.0,9.0,Georgia Southern,New Mexico State,-13.5,-110.0,-110.0,22.0
2019.0,9.0,Georgia State,Troy,-1.0,-110.0,-110.0,22.0
2019.0,9.0,Houston,SMU,12.0,-110.0,-108.5,22.0
2019.0,9.0,Iowa State,Oklahoma State,-11.0,-110.0,-110.0,22.0
2019.0,9.0,Kansas,Texas Tech,6.0,-110.0,-109.0,22.0
2019.0,9.0,Kansas State,Oklahoma,23.5,-110.0,-110.0,22.0
2019.0,9.0,Kent State,Miami (OH),-2.5,-110.0,-109.5,22.0
2019.0,9.0,Kentucky,Missouri,9.5,-110.0,-110.0,22.0
2019.0,9.0,LSU,Auburn,-11.5,-110.0,-110.0,22.0
2019.0,9.0,Louisville,Virginia,4.0,-110.0,-110.0,22.0
2019.0,9.0,Marshall,Western Kentucky,-3.5,-110.0,-110.0,22.0
2019.0,9.0,Michigan,Notre Dame,-1.0,-110.0,-109.5,22.0
2019.0,9.0,Michigan State,Penn State,5.5,-110.0,-110.0,22.0
2019.0,9.0,Middle Tennessee,Florida International,1.0,-110.0,-109.5,22.0
2019.0,9.0,Minnesota,Maryland,-14.0,-110.0,-108.5,22.0
2019.0,9.0,Navy,Tulane,-4.5,-110.0,-110.0,22.0
2019.0,9.0,Nebraska,Indiana,-2.5,-110.0,-109.0,22.0
2019.0,9.0,North Carolina,Duke,-3.0,-110.0,-110.0,22.0
2019.0,9.0,Northern Illinois,Akron,-22.0,-110.0,-110.0,22.0
2019.0,9.0,Northwestern,Iowa,8.0,-110.0,-110.0,22.0
2019.0,9.0,Ohio State,Wisconsin,-14.5,-110.0,-109.0,22.0
2019.0,9.0,Old Dominion,Florida Atlantic,14.0,-110.5,-105.0,22.0
2019.0,9.0,Oregon,Washington State,-14.5,-110.0,-110.0,22.0
2019.0,9.0,Purdue,Illinois,-9.5,-110.0,-110.0,22.0
2019.0,9.0,Rutgers,Liberty,7.5,-110.0,-110.0,22.0
2019.0,9.0,Stanford,Arizona,-3.0,-110.0,-106.0,22.0
2019.0,9.0,TCU,Texas,-1.5,-109.5,-110.0,22.0
2019.0,9.0,Temple,UCF,11.0,-110.0,-110.0,22.0
2019.0,9.0,Tennessee,South Carolina,4.0,-110.0,-109.0,22.0
2019.0,9.0,Texas A&M,Mississippi State,-11.0,-110.0,-110.0,22.0
2019.0,9.0,Toledo,Eastern Michigan,-2.5,-110.0,-107.5,22.0
2019.0,9.0,Tulsa,Memphis,9.5,-110.0,-110.0,22.0
2019.0,9.0,UCLA,Arizona State,3.0,-108.0,-108.5,22.0
2019.0,9.0,UNLV,San Diego State,11.5,-110.0,-110.0,22.0
2019.0,9.0,UTEP,Louisiana Tech,18.5,-110.0,-110.0,22.0
2019.0,9.0,Utah,California,-21.0,-109.5,-110.0,22.0
2019.0,9.0,Western Michigan,Bowling Green,-27.0,-110.0,-109.5,22.0
2019.0,9.0,Wyoming,Nevada,-13.25,-109.5,-110.0,22.0
2019.0,10.0,Air Force,Army,-17.0,-110.0,-110.0,22.0
2019.0,10.0,Arizona,Oregon State,-4.5,-109.5,-110.0,22.0
2019.0,10.0,Arkansas,Mississippi State,7.0,-109.5,-110.0,22.0
2019.0,10.0,Auburn,Ole Miss,-17.5,-110.0,-110.0,22.0
2019.0,10.0,Bowling Green,Akron,-4.0,-110.0,-110.0,22.0
2019.0,10.0,Central Michigan,Northern Illinois,1.5,-110.0,-110.0,22.0
2019.0,10.0,Charlotte,Middle Tennessee,5.0,-110.0,-110.0,22.0
2019.0,10.0,Clemson,Wofford,-48.5,-110.0,-110.0,21.0
2019.0,10.0,Coastal Carolina,Troy,2.0,-110.0,-110.0,22.0
2019.0,10.0,Colorado State,UNLV,-7.5,-110.0,-110.0,22.0
2019.0,10.0,East Carolina,Cincinnati,24.5,-110.0,-109.5,22.0
2019.0,10.0,Eastern Michigan,Buffalo,1.5,-110.0,-110.0,21.0
2019.0,10.0,Florida,Georgia,6.5,-110.0,-110.0,22.0
2019.0,10.0,Florida International,Old Dominion,-17.5,-110.0,-110.0,22.0
2019.0,10.0,Georgia Tech,Pittsburgh,9.5,-110.0,-110.0,22.0
2019.0,10.0,Illinois,Rutgers,-18.5,-110.0,-110.0,22.0
2019.0,10.0,Indiana,Northwestern,-8.0,-110.0,-110.0,22.0
2019.0,10.0,Kansas,Kansas State,5.0,-110.0,-110.0,22.0
2019.0,10.0,Maryland,Michigan,21.5,-110.0,-108.5,22.0
2019.0,10.0,Memphis,SMU,-5.5,-110.0,-110.0,22.0
2019.0,10.0,Nevada,New Mexico,-3.5,-105.0,-112.0,22.0
2019.0,10.0,North Carolina,Virginia,-1.0,-110.0,-110.0,22.0
2019.0,10.0,North Texas,UTEP,-22.0,-110.0,-109.5,22.0
2019.0,10.0,Notre Dame,Virginia Tech,-17.5,-110.0,-110.0,22.0
2019.0,10.0,Oklahoma State,TCU,-1.0,-110.0,-109.5,22.0
2019.0,10.0,Purdue,Nebraska,4.0,-110.0,-110.0,22.0
2019.0,10.0,Rice,Marshall,11.5,-110.0,-110.0,22.0
2019.0,10.0,South Carolina,Vanderbilt,-15.0,-110.0,-110.0,22.0
2019.0,10.0,Syracuse,Boston College,-3.0,-110.0,-110.0,22.0
2019.0,10.0,Tennessee,UAB,-13.5,-108.5,,22.0
2019.0,10.0,Tulane,Tulsa,-10.0,-110.0,-110.0,22.0
2019.0,10.0,UCF,Houston,-21.5,-110.0,-110.0,21.0
2019.0,10.0,UCLA,Colorado,-6.5,-111.0,-105.0,22.0
2019.0,10.0,USC,Oregon,3.5,-115.0,-2.0,22.0
2019.0,10.0,Washington,Utah,3.0,-110.0,-110.0,22.0
2019.0,10.0,Western Kentucky,Florida Atlantic,1.0,-110.0,-110.0,22.0
2019.0,11.0,Alabama,LSU,-5.0,-110.0,-110.0,22.0
2019.0,11.0,Arizona State,USC,5.0,-110.0,-110.0,22.0
2019.0,11.0,Arkansas,Western Kentucky,0.0,-110.0,-110.0,22.0
2019.0,11.0,Boise State,Wyoming,-16.5,-110.0,-110.0,22.0
2019.0,11.0,Boston College,Florida State,-1.0,-110.0,-110.0,22.0
2019.0,11.0,California,Washington State,9.0,-110.0,-110.0,22.0
2019.0,11.0,Colorado,Stanford,4.0,-110.0,-110.0,22.0
2019.0,11.0,Duke,Notre Dame,7.0,-110.0,-110.0,22.0
2019.0,11.0,Florida,Vanderbilt,-27.0,-110.0,-110.0,22.0
2019.0,11.0,Florida Atlantic,Florida International,-12.0,-110.0,-110.0,22.0
2019.0,11.0,Fresno State,Utah State,-5.0,-110.0,-110.0,22.0
2019.0,11.0,Georgia,Missouri,-19.0,-110.0,-110.0,22.0
2019.0,11.0,Kentucky,Tennessee,-1.5,-110.0,-110.0,22.0
2019.0,11.0,Louisiana Tech,North Texas,-5.5,-109.5,-110.0,22.0
2019.0,11.0,Michigan State,Illinois,-15.5,-110.0,-110.0,22.0
2019.0,11.0,Minnesota,Penn State,6.5,-110.0,-108.5,22.0
2019.0,11.0,Northwestern,Purdue,-1.0,-110.0,-110.0,22.0
2019.0,11.0,Ohio,Miami (OH),-7.0,-110.0,-109.5,22.0
2019.0,11.0,Ohio State,Maryland,-42.5,-110.0,-110.0,22.0
2019.0,11.0,Oklahoma,Iowa State,-14.5,-108.5,-110.5,22.0
2019.0,11.0,Ole Miss,New Mexico State,-28.5,-110.0,-110.0,22.0
2019.0,11.0,Oregon State,Washington,11.0,-110.0,-110.0,22.0
2019.0,11.0,SMU,East Carolina,-22.5,-110.0,-110.0,22.0
2019.0,11.0,San Diego State,Nevada,-17.0,-110.0,-110.0,22.0
2019.0,11.0,South Florida,Temple,-1.0,-110.0,-110.0,22.0
2019.0,11.0,TCU,Baylor,1.5,-110.0,-110.0,22.0
2019.0,11.0,Texas,Kansas State,-7.0,-112.0,-106.0,22.0
2019.0,11.0,Texas State,South Alabama,-7.0,-110.0,-110.0,22.0
2019.0,11.0,Toledo,Kent State,-3.5,-110.0,-110.0,22.0
2019.0,11.0,Troy,Georgia Southern,2.0,-110.0,-110.0,22.0
2019.0,11.0,Tulsa,UCF,16.5,-110.0,-110.0,22.0
2019.0,11.0,UTEP,Charlotte,12.0,-110.0,-110.0,22.0
2019.0,11.0,Virginia,Georgia Tech,-15.5,-110.0,-110.0,22.0
2019.0,11.0,Virginia Tech,Wake Forest,2.5,-105.0,-115.0,22.0
2019.0,11.0,West Virginia,Texas Tech,2.5,-105.0,-112.0,22.0
2019.0,11.0,Western Michigan,Ball State,-6.5,-110.0,-107.5,22.0
2019.0,11.0,Wisconsin,Iowa,-7.5,-110.0,-110.0,22.0
2019.0,12.0,Akron,Eastern Michigan,17.0,-110.0,-110.0,21.0
2019.0,12.0,Arkansas State,Coastal Carolina,-14.0,-110.0,-107.0,21.0
2019.0,12.0,Auburn,Georgia,3.0,-110.0,-109.0,21.0
2019.0,12.0,Ball State,Central Michigan,-1.5,-110.0,-110.0,21.0
2019.0,12.0,Baylor,Oklahoma,10.5,-110.0,-110.0,21.0
2019.0,12.0,Boise State,New Mexico,-26.0,-110.0,-110.0,21.0
2019.0,12.0,California,USC,4.0,-110.0,-109.0,21.0
2019.0,12.0,Clemson,Wake Forest,-34.5,-110.0,-110.0,21.0
2019.0,12.0,Colorado State,Air Force,10.5,-110.0,-110.0,21.0
2019.0,12.0,Duke,Syracuse,-9.0,-110.0,-110.0,21.0
2019.0,12.0,Florida State,Alabama State,-41.0,-110.0,-110.0,20.0
2019.0,12.0,Georgia Tech,Virginia Tech,6.0,-109.0,-110.0,21.0
2019.0,12.0,Houston,Memphis,9.5,-110.0,-110.0,21.0
2019.0,12.0,Iowa,Minnesota,-3.0,-110.0,-105.0,21.0
2019.0,12.0,Iowa State,Texas,-7.0,-110.0,-110.0,21.0
2019.0,12.0,Kansas State,West Virginia,-14.0,-110.0,-109.0,21.0
2019.0,12.0,Kent State,Buffalo,6.0,-107.0,-110.0,21.0
2019.0,12.0,Marshall,Louisiana Tech,-6.5,-110.0,-110.0,21.0
2019.0,12.0,Miami (OH),Bowling Green,-17.0,-110.0,-110.0,21.0
2019.0,12.0,Michigan,Michigan State,-13.5,-110.0,-109.0,21.0
2019.0,12.0,Middle Tennessee,Rice,-13.0,-110.0,-110.0,21.0
2019.0,12.0,Mississippi State,Alabama,19.5,-110.0,-108.0,21.0
2019.0,12.0,Missouri,Florida,6.5,-110.0,-110.0,21.0
2019.0,12.0,Nebraska,Wisconsin,14.0,-105.0,-112.0,21.0
2019.0,12.0,New Mexico State,Incarnate Word,-7.5,-110.5,-110.0,20.0
2019.0,12.0,Notre Dame,Navy,-7.0,-107.0,-110.0,21.0
2019.0,12.0,Ohio,Western Michigan,-1.5,-110.0,-110.0,21.0
2019.0,12.0,Oklahoma State,Kansas,-17.5,-110.0,-109.0,21.0
2019.0,12.0,Ole Miss,LSU,21.0,-108.0,-110.0,21.0
2019.0,12.0,Oregon,Arizona,-27.5,-110.0,-110.0,21.0
2019.0,12.0,Oregon State,Arizona State,1.5,-110.0,-110.0,21.0
2019.0,12.0,Penn State,Indiana,-15.0,-110.0,-110.0,21.0
2019.0,12.0,Pittsburgh,North Carolina,-4.0,-110.0,-109.0,21.0
2019.0,12.0,Rutgers,Ohio State,52.0,-110.0,-110.0,21.0
2019.0,12.0,San Diego State,Fresno State,-2.0,-110.0,-110.0,21.0
2019.0,12.0,South Florida,Cincinnati,12.5,-110.0,-109.0,21.0
2019.0,12.0,Temple,Tulane,6.5,-110.0,-110.0,21.0
2019.0,12.0,Texas A&M,South Carolina,-10.5,-110.0,-110.0,21.0
2019.0,12.0,Texas State,Troy,7.0,-110.0,-110.0,21.0
2019.0,12.0,Texas Tech,TCU,3.5,-110.0,-109.0,21.0
2019.0,12.0,Toledo,Northern Illinois,-1.5,-110.0,-110.0,21.0
2019.0,12.0,Utah,UCLA,-21.0,-110.0,-110.0,21.0
2019.0,12.0,Utah State,Wyoming,-4.5,-110.0,-110.0,21.0
2019.0,12.0,Vanderbilt,Kentucky,8.5,-110.0,-110.0,21.0
2019.0,12.0,Washington State,Stanford,-10.5,-110.0,-110.0,21.0
2019.0,13.0,Alabama,Western Carolina,-58.0,-110.0,-110.0,18.0
2019.0,13.0,Arizona,Utah,24.0,-110.0,-110.0,22.0
2019.0,13.0,Arizona State,Oregon,13.0,-109.0,-110.0,22.0
2019.0,13.0,Arkansas State,Georgia Southern,-1.0,-110.0,-110.0,22.0
2019.0,13.0,Auburn,Samford,-45.5,-110.0,-110.0,18.0
2019.0,13.0,Baylor,Texas,-3.5,-110.0,-110.0,22.0
2019.0,13.0,Bowling Green,Ohio,21.0,-110.0,-110.0,22.0
2019.0,13.0,Buffalo,Toledo,-10.0,-110.5,-108.0,22.0
2019.0,13.0,Charlotte,Marshall,6.5,-110.0,-110.0,22.0
2019.0,13.0,Cincinnati,Temple,-8.5,-109.5,-110.0,22.0
2019.0,13.0,Colorado,Washington,14.0,-110.0,-110.0,22.0
2019.0,13.0,Fresno State,Nevada,-13.0,-110.0,-110.0,22.0
2019.0,13.0,Georgia,Texas A&M,-12.0,-110.0,-110.0,22.0
2019.0,13.0,Georgia State,South Alabama,-9.0,-110.0,-110.0,22.0
2019.0,13.0,Indiana,Michigan,9.5,-109.5,-110.0,22.0
2019.0,13.0,Iowa,Illinois,-15.5,-110.0,-109.0,22.0
2019.0,13.0,Iowa State,Kansas,-26.5,-110.0,-110.0,22.0
2019.0,13.0,Kent State,Ball State,3.0,-109.5,-110.0,22.0
2019.0,13.0,LSU,Arkansas,-41.0,-110.0,-110.0,22.0
2019.0,13.0,Louisville,Syracuse,-7.5,-109.5,-110.0,22.0
2019.0,13.0,Maryland,Nebraska,6.5,-110.0,-110.0,22.0
2019.0,13.0,Miami (OH),Akron,-28.5,-110.0,-110.0,22.0
2019.0,13.0,Middle Tennessee,Old Dominion,-13.5,-110.0,-109.5,22.0
2019.0,13.0,Mississippi State,Abilene Christian,-37.0,-110.0,-110.0,19.0
2019.0,13.0,Missouri,Tennessee,-2.5,-109.5,-110.0,22.0
2019.0,13.0,Navy,SMU,-3.5,-106.0,-110.0,22.0
2019.0,13.0,New Mexico,Air Force,22.0,-110.0,-110.0,22.0
2019.0,13.0,New Mexico State,UTEP,-7.0,-109.5,-110.0,22.0
2019.0,13.0,North Carolina,Mercer,-38.5,-110.0,-110.0,18.0
2019.0,13.0,Northern Illinois,Eastern Michigan,-3.5,-105.0,-114.0,22.0
2019.0,13.0,Northwestern,Minnesota,16.0,-110.0,-110.0,22.0
2019.0,13.0,Notre Dame,Boston College,-20.5,-110.0,-110.0,22.0
2019.0,13.0,Ohio State,Penn State,-20.0,-110.0,-110.0,22.0
2019.0,13.0,Oklahoma,TCU,-18.5,-110.0,-110.0,22.0
2019.0,13.0,Rice,North Texas,6.5,-110.0,-110.0,22.0
2019.0,13.0,Rutgers,Michigan State,21.5,-109.5,-110.0,22.0
2019.0,13.0,South Florida,Memphis,15.0,-109.5,-110.0,22.0
2019.0,13.0,Stanford,California,0.0,-110.0,-110.0,22.0
2019.0,13.0,Texas Tech,Kansas State,0.0,-109.5,-110.0,22.0
2019.0,13.0,Tulane,UCF,7.0,-108.5,-110.0,22.0
2019.0,13.0,Tulsa,Houston,-6.5,-110.0,-108.0,22.0
2019.0,13.0,USC,UCLA,-13.5,-109.5,-110.0,22.0
2019.0,13.0,Utah State,Boise State,4.0,-110.0,-109.0,22.0
2019.0,13.0,Vanderbilt,East Tennessee State,-20.5,-110.0,-110.0,18.0
2019.0,13.0,Virginia,Liberty,-16.0,-110.0,-110.0,22.0
2019.0,13.0,Virginia Tech,Pittsburgh,-3.5,-110.0,-110.0,22.0
2019.0,13.0,Wake Forest,Duke,-6.5,-109.5,-110.0,22.0
2019.0,13.0,Washington State,Oregon State,-10.5,-110.0,-109.5,22.0
2019.0,13.0,West Virginia,Oklahoma State,6.75,-110.0,-109.5,22.0
2019.0,13.0,Wisconsin,Purdue,-24.5,-110.0,-110.0,22.0
2019.0,13.0,Wyoming,Colorado State,-4.5,-109.0,-110.0,22.0
2019.0,14.0,Air Force,Wyoming,-13.0,-110.0,-109.5,22.0
2019.0,14.0,Akron,Ohio,27.5,-110.0,-110.0,22.0
2019.0,14.0,Arkansas,Missouri,15.0,-109.5,-110.0,22.0
2019.0,14.0,Auburn,Alabama,3.5,-110.0,-110.0,22.0
2019.0,14.0,Ball State,Miami (OH),-3.0,-112.0,-105.0,22.0
2019.0,14.0,Buffalo,Bowling Green,-28.0,-110.0,-110.0,22.0
2019.0,14.0,Central Michigan,Toledo,-14.5,-110.0,-109.5,22.0
2019.0,14.0,Coastal Carolina,Texas State,-7.0,-110.0,-108.0,22.0
2019.0,14.0,Colorado State,Boise State,13.5,-110.0,-110.0,22.0
2019.0,14.0,East Carolina,Tulsa,7.0,-110.0,-107.5,22.0
2019.0,14.0,Eastern Michigan,Kent State,-3.5,-110.0,-110.0,22.0
2019.0,14.0,Georgia Southern,Georgia State,-6.5,-110.0,-109.5,22.0
2019.0,14.0,Georgia Tech,Georgia,28.5,-110.0,-109.5,22.0
2019.0,14.0,Illinois,Northwestern,-6.0,-110.0,-110.0,22.0
2019.0,14.0,Kansas,Baylor,14.0,-108.0,-110.0,21.0
2019.0,14.0,Kentucky,Louisville,-3.5,-105.5,-111.5,22.0
2019.0,14.0,Liberty,New Mexico State,-15.0,-110.0,-110.0,22.0
2019.0,14.0,Marshall,Florida International,-10.0,-110.0,-110.0,22.0
2019.0,14.0,Memphis,Cincinnati,-14.0,-109.5,-110.0,22.0
2019.0,14.0,Michigan,Ohio State,8.5,-110.0,-109.5,22.0
2019.0,14.0,Michigan State,Maryland,-21.5,-110.0,-110.0,22.0
2019.0,14.0,Minnesota,Wisconsin,3.0,-105.0,-115.0,22.0
2019.0,14.0,Mississippi State,Ole Miss,1.5,-110.0,-110.0,22.0
2019.0,14.0,Nebraska,Iowa,4.0,-110.0,-110.0,22.0
2019.0,14.0,Nevada,UNLV,-7.0,-110.0,-109.0,22.0
2019.0,14.0,New Mexico,Utah State,12.0,-110.0,-110.0,22.0
2019.0,14.0,North Texas,UAB,3.5,-110.0,,22.0
2019.0,14.0,Northern Illinois,Western Michigan,10.0,-110.0,-109.0,22.0
2019.0,14.0,Old Dominion,Charlotte,10.5,-109.5,-110.0,22.0
2019.0,14.0,Oregon,Oregon State,-20.5,-110.0,-110.0,22.0
2019.0,14.0,Penn State,Rutgers,-39.0,-110.0,-110.0,22.0
2019.0,14.0,Pittsburgh,Boston College,-8.5,-110.0,-110.0,22.0
2019.0,14.0,Purdue,Indiana,7.0,-107.5,-110.0,22.0
2019.0,14.0,SMU,Tulane,-3.0,-111.0,-105.0,22.0
2019.0,14.0,South Alabama,Arkansas State,10.5,-110.0,-110.0,22.0
2019.0,14.0,South Carolina,Clemson,27.5,-110.0,-110.0,22.0
2019.0,14.0,Stanford,Notre Dame,17.5,-110.0,-110.0,22.0
2019.0,14.0,Syracuse,Wake Forest,6.5,-109.0,-110.0,22.0
2019.0,14.0,TCU,West Virginia,-13.75,-110.0,-110.0,22.0
2019.0,14.0,Tennessee,Vanderbilt,-23.5,-110.0,-110.0,22.0
2019.0,14.0,Texas,Texas Tech,-8.0,-110.0,-110.0,22.0
2019.0,14.0,UCF,South Florida,-24.0,-110.0,-110.0,22.0
2019.0,14.0,UTEP,Rice,6.5,-109.0,-110.0,22.0
2019.0,14.0,Virginia,Virginia Tech,2.5,-110.0,-110.0,22.0
2019.0,14.0,Washington,Washington State,-7.0,-110.0,-110.0,22.0
2019.0,14.0,Western Kentucky,Middle Tennessee,-10.0,-110.0,-110.0,22.0
2019.0,15.0,Central Michigan,Miami (OH),-6.0,-110.0,-110.0,22.0
2019.0,15.0,Clemson,Virginia,-29.0,-110.0,-110.0,22.0
2019.0,15.0,Florida Atlantic,UAB,-8.0,-109.5,,22.0
2019.0,15.0,LSU,Georgia,-7.0,-112.5,-105.0,22.0
2019.0,15.0,Memphis,Cincinnati,-8.5,-110.0,-110.0,22.0
2019.0,15.0,Navy,Army,-11.5,-110.0,-110.0,21.0
2019.0,15.0,Oklahoma,Baylor,-9.0,-110.0,-106.0,22.0
2020.0,1.0,Army,Middle Tennessee,-3.5,,,5.0
2020.0,1.0,Marshall,Eastern Kentucky,-25.75,,,2.0
2020.0,1.0,Memphis,Arkansas State,-18.5,,,5.0
2020.0,1.0,Navy,BYU,1.0,,,5.0
2020.0,1.0,North Texas,Houston Christian,-23.0,,,2.0
2020.0,1.0,Southern Miss,South Alabama,-12.5,,,5.0
2020.0,1.0,Texas State,SMU,24.5,,,5.0
2020.0,1.0,UAB,Central Arkansas,-21.0,,,2.0
2020.0,1.0,UTEP,Stephen F. Austin,-4.0,,,2.0
2020.0,2.0,App State,Charlotte,-16.5,,,5.0
2020.0,2.0,Army,UL Monroe,-24.0,,,5.0
2020.0,2.0,Florida State,Georgia Tech,-13.25,,,4.0
2020.0,2.0,Georgia Southern,Campbell,-29.25,,,2.0
2020.0,2.0,Iowa State,Louisiana,-13.0,,,5.0
2020.0,2.0,Kansas,Coastal Carolina,-6.0,,,5.0
2020.0,2.0,Kansas State,Arkansas State,-15.0,,,5.0
2020.0,2.0,Louisville,Western Kentucky,-13.0,,,5.0
2020.0,2.0,Miami,UAB,-15.5,,,5.0
2020.0,2.0,North Carolina,Syracuse,-24.0,,,5.0
2020.0,2.0,Notre Dame,Duke,-21.5,,,5.0
2020.0,2.0,Oklahoma,Missouri State,-49.25,,,2.0
2020.0,2.0,Pittsburgh,Austin Peay,-30.75,,,2.0
2020.0,2.0,South Alabama,Tulane,11.5,,,5.0
2020.0,2.0,South Florida,The Citadel,-17.5,,,2.0
2020.0,2.0,Texas,UTEP,-44.5,,,5.0
2020.0,2.0,Texas State,UTSA,-6.0,,,5.0
2020.0,2.0,Texas Tech,Houston Christian,-40.0,,,2.0
2020.0,2.0,Wake Forest,Clemson,34.5,,,5.0
2020.0,2.0,West Virginia,Eastern Kentucky,-41.0,,,2.0
2020.0,3.0,Cincinnati,Austin Peay,-39.5,,,1.0
2020.0,3.0,Clemson,The Citadel,-50.5,,,1.0
2020.0,3.0,Coastal Carolina,Campbell,-27.5,,,1.0
2020.0,3.0,Duke,Boston College,-3.5,,,5.0
2020.0,3.0,Georgia State,Louisiana,17.0,,,4.0
2020.0,3.0,Georgia Tech,UCF,9.5,,,5.0
2020.0,3.0,Louisville,Miami,2.5,,,5.0
2020.0,3.0,Marshall,App State,6.0,,,5.0
2020.0,3.0,Middle Tennessee,Troy,2.5,,,5.0
2020.0,3.0,NC State,Wake Forest,2.0,,,5.0
2020.0,3.0,North Texas,SMU,14.5,,,5.0
2020.0,3.0,Notre Dame,South Florida,-23.0,,,5.0
2020.0,3.0,Oklahoma State,Tulsa,-24.0,,,5.0
2020.0,3.0,Pittsburgh,Syracuse,-21.0,,,5.0
2020.0,3.0,Southern Miss,Louisiana Tech,-7.0,,,5.0
2020.0,3.0,Tulane,Navy,-5.5,,,5.0
2020.0,3.0,UL Monroe,Texas State,3.0,,,5.0
2020.0,3.0,UTEP,Abilene Christian,-8.5,,,1.0
2020.0,3.0,UTSA,Stephen F. Austin,-18.0,,,1.0
2020.0,3.0,Western Kentucky,Liberty,-14.5,,,5.0
2020.0,4.0,App State,Campbell,-33.5,,,1.0
2020.0,4.0,Arkansas,Georgia,28.0,,,5.0
2020.0,4.0,Auburn,Kentucky,-6.0,,,5.0
2020.0,4.0,Baylor,Kansas,-17.0,,,5.0
2020.0,4.0,Boston College,Texas State,-21.5,,,5.0
2020.0,4.0,Cincinnati,Army,-12.5,,,5.0
2020.0,4.0,East Carolina,UCF,28.0,,,5.0
2020.0,4.0,LSU,Mississippi State,-14.5,,,5.0
2020.0,4.0,Liberty,Florida International,-9.5,,,5.0
2020.0,4.0,Louisiana,Georgia Southern,-11.5,,,4.0
2020.0,4.0,Louisiana Tech,Houston Christian,-23.5,,,1.0
2020.0,4.0,Miami,Florida State,-12.0,,,5.0
2020.0,4.0,Missouri,Alabama,29.0,,,5.0
2020.0,4.0,Oklahoma,Kansas State,-27.5,,,5.0
2020.0,4.0,Oklahoma State,West Virginia,-6.0,,,5.0
2020.0,4.0,Ole Miss,Florida,14.0,,,5.0
2020.0,4.0,Pittsburgh,Louisville,-2.5,,,5.0
2020.0,4.0,SMU,Stephen F. Austin,-38.5,,,1.0
2020.0,4.0,South Alabama,UAB,7.5,,,5.0
2020.0,4.0,South Carolina,Tennessee,4.0,,,5.0
2020.0,4.0,Southern Miss,Tulane,3.5,,,5.0
2020.0,4.0,Syracuse,Georgia Tech,7.5,,,5.0
2020.0,4.0,TCU,Iowa State,4.0,,,5.0
2020.0,4.0,Texas A&M,Vanderbilt,-31.5,,,5.0
2020.0,4.0,Texas Tech,Texas,17.5,,,5.0
2020.0,4.0,UL Monroe,UTEP,-9.5,,,5.0
2020.0,4.0,UTSA,Middle Tennessee,-6.0,,,4.0
2020.0,4.0,Virginia,Duke,-4.0,,,4.0
2020.0,4.0,Virginia Tech,NC State,-6.0,,,4.0
2020.0,5.0,Air Force,Navy,6.5,,,5.0
2020.0,5.0,Alabama,Texas A&M,-18.0,,,5.0
2020.0,5.0,Army,Abilene Christian,-31.0,,,1.0
2020.0,5.0,Boston College,North Carolina,14.5,,,5.0
2020.0,5.0,Cincinnati,South Florida,-22.0,,,5.0
2020.0,5.0,Clemson,Virginia,-28.0,,,5.0
2020.0,5.0,Coastal Carolina,Arkansas State,3.5,,,5.0
2020.0,5.0,Duke,Virginia Tech,11.0,,,5.0
2020.0,5.0,Florida,South Carolina,-14.5,,,5.0
2020.0,5.0,Florida Atlantic,Charlotte,-5.0,,,5.0
2020.0,5.0,Florida State,Jacksonville State,-27.0,,,1.0
2020.0,5.0,Georgia,Auburn,-7.5,,,5.0
2020.0,5.0,Georgia State,East Carolina,1.5,,,5.0
2020.0,5.0,Iowa State,Oklahoma,8.0,,,5.0
2020.0,5.0,Kansas,Oklahoma State,21.5,,,5.0
2020.0,5.0,Kansas State,Texas Tech,-1.0,,,5.0
2020.0,5.0,Kentucky,Ole Miss,-7.0,,,5.0
2020.0,5.0,Liberty,North Alabama,-33.0,,,1.0
2020.0,5.0,Middle Tennessee,Western Kentucky,7.0,,,5.0
2020.0,5.0,Mississippi State,Arkansas,-16.5,,,5.0
2020.0,5.0,North Texas,Southern Miss,-1.5,,,5.0
2020.0,5.0,Pittsburgh,NC State,-14.0,,,5.0
2020.0,5.0,SMU,Memphis,-2.0,,,5.0
2020.0,5.0,Tennessee,Missouri,-10.0,,,5.0
2020.0,5.0,Texas,TCU,-10.5,,,5.0
2020.0,5.0,UAB,UTSA,-21.5,,,4.0
2020.0,5.0,UCF,Tulsa,-20.5,,,4.0
2020.0,5.0,UL Monroe,Georgia Southern,19.5,,,5.0
2020.0,5.0,Vanderbilt,LSU,21.0,,,5.0
2020.0,5.0,Wake Forest,Campbell,-34.5,,,1.0
2020.0,5.0,West Virginia,Baylor,1.5,,,5.0
2020.0,6.0,Arkansas State,Central Arkansas,-15.5,,,1.0
2020.0,6.0,Army,The Citadel,-30.75,,,2.0
2020.0,6.0,Auburn,Arkansas,-13.5,,,6.0
2020.0,6.0,Boston College,Pittsburgh,6.5,,,6.0
2020.0,6.0,Clemson,Miami,-14.25,,,6.0
2020.0,6.0,Florida International,Middle Tennessee,-6.5,,,6.0
2020.0,6.0,Georgia,Tennessee,-12.0,,,5.0
2020.0,6.0,Georgia Tech,Louisville,4.5,,,6.0
2020.0,6.0,Houston,Tulane,-6.5,,,6.0
2020.0,6.0,Iowa State,Texas Tech,-10.0,,,5.0
2020.0,6.0,Kentucky,Mississippi State,-3.5,,,6.0
2020.0,6.0,LSU,Missouri,-14.0,,,5.0
2020.0,6.0,Liberty,UL Monroe,-17.0,,,5.0
2020.0,6.0,Louisiana Tech,UTEP,-14.5,,,6.0
2020.0,6.0,Navy,Temple,4.0,,,4.0
2020.0,6.0,North Carolina,Virginia Tech,-3.5,,,6.0
2020.0,6.0,North Texas,Charlotte,3.0,,,5.0
2020.0,6.0,Notre Dame,Florida State,-20.5,,,6.0
2020.0,6.0,Oklahoma,Texas,-3.0,,,6.0
2020.0,6.0,Ole Miss,Alabama,24.0,,,6.0
2020.0,6.0,South Florida,East Carolina,-5.5,,,5.0
2020.0,6.0,Syracuse,Duke,2.5,,,6.0
2020.0,6.0,TCU,Kansas State,-10.75,,,6.0
2020.0,6.0,Texas A&M,Florida,6.0,,,5.0
2020.0,6.0,Troy,Texas State,-7.0,,,5.0
2020.0,6.0,Vanderbilt,South Carolina,14.0,,,5.0
2020.0,6.0,Virginia,NC State,-7.0,,,6.0
2020.0,6.0,Western Kentucky,Marshall,6.5,,,6.0
2020.0,7.0,Alabama,Georgia,-6.0,,,6.0
2020.0,7.0,Arkansas,Ole Miss,-1.0,,,5.0
2020.0,7.0,Arkansas State,Georgia State,-3.5,,,6.0
2020.0,7.0,East Carolina,Navy,3.5,,,5.0
2020.0,7.0,Florida State,North Carolina,13.5,,,5.0
2020.0,7.0,Georgia Southern,Massachusetts,-30.5,,,5.0
2020.0,7.0,Georgia Tech,Clemson,26.5,,,5.0
2020.0,7.0,Houston,BYU,3.0,,,5.0
2020.0,7.0,Louisiana,Coastal Carolina,-9.0,,,5.0
2020.0,7.0,Louisiana Tech,Marshall,12.0,,,5.0
2020.0,7.0,Memphis,UCF,3.0,,,6.0
2020.0,7.0,Miami,Pittsburgh,-12.0,,,6.0
2020.0,7.0,Middle Tennessee,North Texas,-3.5,,,5.0
2020.0,7.0,Mississippi State,Texas A&M,4.5,,,6.0
2020.0,7.0,NC State,Duke,-3.5,,,5.0
2020.0,7.0,Notre Dame,Louisville,-16.0,,,5.0
2020.0,7.0,South Alabama,Texas State,-4.5,,,5.0
2020.0,7.0,South Carolina,Auburn,2.5,,,5.0
2020.0,7.0,Syracuse,Liberty,3.0,,,6.0
2020.0,7.0,Temple,South Florida,-14.0,,,6.0
2020.0,7.0,Tennessee,Kentucky,-6.5,,,6.0
2020.0,7.0,Troy,Eastern Kentucky,-29.25,,,2.0
2020.0,7.0,Tulane,SMU,6.5,,,6.0
2020.0,7.0,UAB,Western Kentucky,-11.5,,,6.0
2020.0,7.0,UTSA,Army,8.5,,,4.0
2020.0,7.0,Virginia Tech,Boston College,-13.0,,,6.0
2020.0,7.0,Wake Forest,Virginia,-2.5,,,6.0
2020.0,7.0,West Virginia,Kansas,-21.0,,,5.0
2020.0,8.0,App State,Arkansas State,-13.5,,,6.0
2020.0,8.0,Boise State,Utah State,-17.0,,,5.0
2020.0,8.0,Boston College,Georgia Tech,-3.5,,,6.0
2020.0,8.0,Charlotte,UTEP,-17.5,,,6.0
2020.0,8.0,Clemson,Syracuse,-47.5,,,6.0
2020.0,8.0,Coastal Carolina,Georgia Southern,-1.25,,,6.0
2020.0,8.0,Florida International,Jacksonville State,-10.5,,,1.0
2020.0,8.0,Fresno State,Hawai'i,-2.75,,,6.0
2020.0,8.0,Indiana,Penn State,6.5,,,6.0
2020.0,8.0,Kansas State,Kansas,-19.0,,,6.0
2020.0,8.0,LSU,South Carolina,-4.5,,,5.0
2020.0,8.0,Liberty,Southern Miss,-14.0,,,6.0
2020.0,8.0,Louisville,Florida State,-5.5,,,6.0
2020.0,8.0,Marshall,Florida Atlantic,-19.0,,,6.0
2020.0,8.0,Memphis,Temple,-14.0,,,6.0
2020.0,8.0,Miami,Virginia,-13.5,,,5.0
2020.0,8.0,Michigan State,Rutgers,-9.5,,,4.0
2020.0,8.0,Minnesota,Michigan,3.0,,,6.0
2020.0,8.0,Missouri,Kentucky,3.0,,,5.0
2020.0,8.0,Navy,Houston,15.5,,,6.0
2020.0,8.0,Nevada,Wyoming,3.0,,,5.0
2020.0,8.0,North Carolina,NC State,-14.75,,,6.0
2020.0,8.0,Northwestern,Maryland,-13.0,,,6.0
2020.0,8.0,Ohio State,Nebraska,-27.75,,,6.0
2020.0,8.0,Oklahoma State,Iowa State,-2.75,,,6.0
2020.0,8.0,Ole Miss,Auburn,3.5,,,6.0
2020.0,8.0,Pittsburgh,Notre Dame,10.0,,,6.0
2020.0,8.0,Purdue,Iowa,3.5,,,6.0
2020.0,8.0,Rice,Middle Tennessee,-3.75,,,6.0
2020.0,8.0,SMU,Cincinnati,-1.0,,,5.0
2020.0,8.0,San Diego State,UNLV,-14.0,,,5.0
2020.0,8.0,San José State,Air Force,7.5,,,5.0
2020.0,8.0,South Alabama,UL Monroe,-14.5,,,4.0
2020.0,8.0,South Florida,Tulsa,11.75,,,6.0
2020.0,8.0,TCU,Oklahoma,6.5,,,6.0
2020.0,8.0,Tennessee,Alabama,21.5,,,6.0
2020.0,8.0,Texas,Baylor,-11.0,,,6.0
2020.0,8.0,Texas Tech,West Virginia,2.5,,,5.0
2020.0,8.0,Troy,Georgia State,-2.5,,,6.0
2020.0,8.0,UAB,Louisiana,2.5,,,6.0
2020.0,8.0,UCF,Tulane,-21.0,,,5.0
2020.0,8.0,UTSA,Louisiana Tech,2.5,,,5.0
2020.0,8.0,Wake Forest,Virginia Tech,10.5,,,6.0
2020.0,8.0,Western Kentucky,Chattanooga,-14.0,,,2.0
2020.0,8.0,Wisconsin,Illinois,-20.5,,,5.0
2020.0,9.0,Air Force,Boise State,13.5,,,6.0
2020.0,9.0,Alabama,Mississippi State,-29.5,,,6.0
2020.0,9.0,Arkansas State,Troy,-3.5,,,6.0
2020.0,9.0,Auburn,LSU,-0.5,,,5.0
2020.0,9.0,Baylor,TCU,2.5,,,6.0
2020.0,9.0,Cincinnati,Memphis,-6.5,,,6.0
2020.0,9.0,Clemson,Boston College,-26.5,,,6.0
2020.0,9.0,Duke,Charlotte,-10.75,,,6.0
2020.0,9.0,Florida,Missouri,-13.5,,,5.0
2020.0,9.0,Florida Atlantic,UTSA,-4.5,,,5.0
2020.0,9.0,Fresno State,Colorado State,2.5,,,5.0
2020.0,9.0,Georgia Southern,South Alabama,-3.5,,,5.0
2020.0,9.0,Georgia State,Coastal Carolina,3.5,,,6.0
2020.0,9.0,Georgia Tech,Notre Dame,20.5,,,6.0
2020.0,9.0,Houston,UCF,3.0,,,6.0
2020.0,9.0,Illinois,Purdue,9.5,,,6.0
2020.0,9.0,Iowa,Northwestern,1.0,,,5.0
2020.0,9.0,Kansas,Iowa State,27.5,,,6.0
2020.0,9.0,Kentucky,Georgia,17.0,,,6.0
2020.0,9.0,Louisiana Tech,UAB,12.75,,,6.0
2020.0,9.0,Louisville,Virginia Tech,4.0,,,5.0
2020.0,9.0,Maryland,Minnesota,18.5,,,6.0
2020.0,9.0,Michigan,Michigan State,-21.5,,,6.0
2020.0,9.0,New Mexico,San José State,-13.5,,,6.0
2020.0,9.0,Oklahoma State,Texas,-3.5,,,6.0
2020.0,9.0,Penn State,Ohio State,10.25,,,6.0
2020.0,9.0,Rutgers,Indiana,11.5,,,4.0
2020.0,9.0,SMU,Navy,-13.25,,,6.0
2020.0,9.0,Southern Miss,Rice,1.0,,,5.0
2020.0,9.0,Syracuse,Wake Forest,14.0,,,6.0
2020.0,9.0,Texas A&M,Arkansas,-14.5,,,5.0
2020.0,9.0,Texas State,Louisiana,16.5,,,5.0
2020.0,9.0,Texas Tech,Oklahoma,16.0,,,5.0
2020.0,9.0,Tulane,Temple,-6.75,,,6.0
2020.0,9.0,Tulsa,East Carolina,-17.0,,,6.0
2020.0,9.0,UL Monroe,App State,29.0,,,5.0
2020.0,9.0,UNLV,Nevada,13.5,,,6.0
2020.0,9.0,Utah State,San Diego State,8.75,,,6.0
2020.0,9.0,Vanderbilt,Ole Miss,17.0,,,5.0
2020.0,9.0,Virginia,North Carolina,7.5,,,5.0
2020.0,9.0,West Virginia,Kansas State,-5.0,,,6.0
2020.0,9.0,Wyoming,Hawai'i,2.5,,,5.0
2020.0,10.0,Akron,Western Michigan,20.5,,,5.0
2020.0,10.0,Arkansas,Tennessee,2.0,,,5.0
2020.0,10.0,Boise State,BYU,4.5,,,5.0
2020.0,10.0,Central Michigan,Ohio,2.5,,,5.0
2020.0,10.0,Cincinnati,Houston,-12.5,,,5.0
2020.0,10.0,Coastal Carolina,South Alabama,-17.0,,,5.0
2020.0,10.0,Colorado,UCLA,6.5,,,5.0
2020.0,10.0,Colorado State,Wyoming,3.5,,,5.0
2020.0,10.0,Duke,North Carolina,11.5,,,5.0
2020.0,10.0,East Carolina,Tulane,3.5,,,5.0
2020.0,10.0,Florida Atlantic,Western Kentucky,-7.0,,,5.0
2020.0,10.0,Florida State,Pittsburgh,1.5,,,5.0
2020.0,10.0,Georgia,Florida,-3.0,,,5.0
2020.0,10.0,Georgia Southern,Troy,3.0,,,5.0
2020.0,10.0,Georgia State,UL Monroe,-18.5,,,5.0
2020.0,10.0,Hawai'i,New Mexico,-14.5,,,5.0
2020.0,10.0,Illinois,Minnesota,7.5,,,5.0
2020.0,10.0,Indiana,Michigan,4.5,,,5.0
2020.0,10.0,Iowa,Michigan State,-5.5,,,5.0
2020.0,10.0,Iowa State,Baylor,-14.0,,,5.0
2020.0,10.0,Kansas State,Oklahoma State,14.0,,,5.0
2020.0,10.0,Kent State,Eastern Michigan,-4.5,,,5.0
2020.0,10.0,Louisiana,Arkansas State,-14.25,,,4.0
2020.0,10.0,Marshall,Massachusetts,-44.5,,,5.0
2020.0,10.0,Memphis,South Florida,-17.5,,,5.0
2020.0,10.0,Miami (OH),Ball State,1.0,,,5.0
2020.0,10.0,Mississippi State,Vanderbilt,-18.0,,,5.0
2020.0,10.0,NC State,Miami,10.0,,,5.0
2020.0,10.0,Nevada,Utah State,-17.0,,,5.0
2020.0,10.0,Northern Illinois,Buffalo,14.5,,,5.0
2020.0,10.0,Northwestern,Nebraska,-4.0,,,5.0
2020.0,10.0,Notre Dame,Clemson,5.0,,,5.0
2020.0,10.0,Ohio State,Rutgers,-37.5,,,4.0
2020.0,10.0,Oklahoma,Kansas,-38.5,,,5.0
2020.0,10.0,Oregon,Stanford,-11.5,,,5.0
2020.0,10.0,Oregon State,Washington State,-3.0,,,5.0
2020.0,10.0,Penn State,Maryland,-27.5,,,5.0
2020.0,10.0,San Diego State,San José State,-10.5,,,5.0
2020.0,10.0,South Carolina,Texas A&M,9.5,,,5.0
2020.0,10.0,Southern Miss,North Alabama,-17.5,,,1.0
2020.0,10.0,Syracuse,Boston College,14.5,,,5.0
2020.0,10.0,TCU,Texas Tech,-9.5,,,5.0
2020.0,10.0,Temple,SMU,17.25,,,4.0
2020.0,10.0,Texas,West Virginia,-6.5,,,5.0
2020.0,10.0,Texas State,App State,21.5,,,5.0
2020.0,10.0,Toledo,Bowling Green,-24.0,,,5.0
2020.0,10.0,UNLV,Fresno State,11.5,,,5.0
2020.0,10.0,USC,Arizona State,-11.5,,,5.0
2020.0,10.0,Virginia Tech,Liberty,-17.0,,,5.0
2020.0,11.0,App State,Georgia State,-18.0,,,5.0
2020.0,11.0,Arizona,USC,15.0,,,5.0
2020.0,11.0,Ball State,Eastern Michigan,-8.5,,,5.0
2020.0,11.0,Boise State,Colorado State,-14.0,,,5.0
2020.0,11.0,Boston College,Notre Dame,13.0,,,5.0
2020.0,11.0,Bowling Green,Kent State,20.5,,,5.0
2020.0,11.0,Buffalo,Miami (OH),-7.5,,,5.0
2020.0,11.0,Cincinnati,East Carolina,-27.5,,,5.0
2020.0,11.0,Florida,Arkansas,-17.0,,,5.0
2020.0,11.0,Florida International,Florida Atlantic,9.5,,,5.0
2020.0,11.0,Georgia Southern,Texas State,-12.0,,,5.0
2020.0,11.0,Houston,South Florida,-14.5,,,5.0
2020.0,11.0,Kentucky,Vanderbilt,-17.5,,,5.0
2020.0,11.0,Liberty,Western Carolina,-39.0,,,1.0
2020.0,11.0,Louisiana,South Alabama,-14.0,,,5.0
2020.0,11.0,Marshall,Middle Tennessee,-23.5,,,5.0
2020.0,11.0,Michigan,Wisconsin,7.0,,,5.0
2020.0,11.0,Michigan State,Indiana,7.5,,,5.0
2020.0,11.0,Minnesota,Iowa,3.0,,,5.0
2020.0,11.0,NC State,Florida State,-11.5,,,5.0
2020.0,11.0,Nebraska,Penn State,2.5,,,5.0
2020.0,11.0,New Mexico,Nevada,17.5,,,5.0
2020.0,11.0,North Carolina,Wake Forest,-13.0,,,5.0
2020.0,11.0,Northern Illinois,Central Michigan,6.0,,,5.0
2020.0,11.0,Ohio,Akron,-27.0,,,5.0
2020.0,11.0,Ole Miss,South Carolina,-12.5,,,5.0
2020.0,11.0,Purdue,Northwestern,3.5,,,5.0
2020.0,11.0,Rutgers,Illinois,-5.5,,,4.0
2020.0,11.0,San Diego State,Hawai'i,-10.0,,,5.0
2020.0,11.0,San José State,UNLV,-17.0,,,5.0
2020.0,11.0,Stanford,Colorado,-9.5,,,5.0
2020.0,11.0,Texas Tech,Baylor,-1.0,,,5.0
2020.0,11.0,Tulane,Army,-3.0,,,5.0
2020.0,11.0,Tulsa,SMU,1.0,,,5.0
2020.0,11.0,UCF,Temple,-29.0,,,5.0
2020.0,11.0,UCLA,California,3.5,,,5.0
2020.0,11.0,UTSA,UTEP,-6.0,,,5.0
2020.0,11.0,Utah State,Fresno State,11.0,,,5.0
2020.0,11.0,Virginia,Louisville,-5.75,,,4.0
2020.0,11.0,Virginia Tech,Miami,-2.0,,,5.0
2020.0,11.0,Washington,Oregon State,-13.5,,,5.0
2020.0,11.0,Washington State,Oregon,10.5,,,5.0
2020.0,11.0,West Virginia,TCU,-3.0,,,5.0
2020.0,11.0,Western Kentucky,Southern Miss,-7.5,,,5.0
2020.0,11.0,Western Michigan,Toledo,-1.5,,,5.0
2020.0,12.0,Air Force,New Mexico,-8.0,,,5.0
2020.0,12.0,Alabama,Kentucky,-31.5,,,5.0
2020.0,12.0,Arkansas,LSU,1.5,,,5.0
2020.0,12.0,Army,Georgia Southern,-3.5,,,5.0
2020.0,12.0,Auburn,Tennessee,-10.5,,,5.0
2020.0,12.0,Ball State,Northern Illinois,-14.5,,,5.0
2020.0,12.0,Bowling Green,Buffalo,31.5,,,5.0
2020.0,12.0,Central Michigan,Western Michigan,1.0,,,5.0
2020.0,12.0,Coastal Carolina,App State,-3.0,,,5.0
2020.0,12.0,Eastern Michigan,Toledo,6.5,,,5.0
2020.0,12.0,Florida Atlantic,Massachusetts,-34.0,,,5.0
2020.0,12.0,Georgia,Mississippi State,-26.0,,,5.0
2020.0,12.0,Hawai'i,Boise State,13.5,,,5.0
2020.0,12.0,Iowa State,Kansas State,-13.5,,,5.0
2020.0,12.0,Kent State,Akron,-26.0,,,5.0
2020.0,12.0,Louisville,Syracuse,-19.5,,,5.0
2020.0,12.0,Memphis,Stephen F. Austin,-31.0,,,1.0
2020.0,12.0,Minnesota,Purdue,2.25,,,4.0
2020.0,12.0,NC State,Liberty,-4.0,,,5.0
2020.0,12.0,Nebraska,Illinois,-16.5,,,5.0
2020.0,12.0,Nevada,San Diego State,1.5,,,5.0
2020.0,12.0,North Texas,Rice,-2.5,,,4.0
2020.0,12.0,Northwestern,Wisconsin,7.5,,,5.0
2020.0,12.0,Ohio State,Indiana,-21.0,,,5.0
2020.0,12.0,Oklahoma,Oklahoma State,-6.5,,,5.0
2020.0,12.0,Oregon,UCLA,-17.5,,,5.0
2020.0,12.0,Oregon State,California,1.0,,,5.0
2020.0,12.0,Penn State,Iowa,0.5,,,5.0
2020.0,12.0,Pittsburgh,Virginia Tech,6.5,,,5.0
2020.0,12.0,Rutgers,Michigan,12.25,,,4.0
2020.0,12.0,South Alabama,Georgia State,3.5,,,5.0
2020.0,12.0,South Carolina,Missouri,4.5,,,5.0
2020.0,12.0,Southern Miss,UTSA,9.0,,,5.0
2020.0,12.0,Temple,East Carolina,7.0,,,5.0
2020.0,12.0,Texas State,Arkansas State,4.5,,,5.0
2020.0,12.0,Troy,Middle Tennessee,-11.0,,,5.0
2020.0,12.0,Tulsa,Tulane,-5.0,,,5.0
2020.0,12.0,UCF,Cincinnati,4.5,,,5.0
2020.0,12.0,Utah,USC,1.0,,,5.0
2020.0,12.0,Vanderbilt,Florida,31.5,,,5.0
2020.0,12.0,Virginia,Abilene Christian,-38.5,,,1.0
2020.0,12.0,Washington,Arizona,-11.5,,,5.0
2020.0,12.0,Western Kentucky,Florida International,-7.0,,,5.0
2020.0,13.0,Akron,Miami (OH),14.0,,,5.0
2020.0,13.0,Alabama,Auburn,-24.5,,,5.0
2020.0,13.0,App State,Troy,-14.0,,,5.0
2020.0,13.0,Arkansas State,South Alabama,-7.5,,,5.0
2020.0,13.0,Baylor,Kansas State,-5.5,,,5.0
2020.0,13.0,Boston College,Louisville,-1.0,,,5.0
2020.0,13.0,Buffalo,Kent State,-7.5,,,5.0
2020.0,13.0,California,Stanford,2.0,,,5.0
2020.0,13.0,Clemson,Pittsburgh,-24.0,,,5.0
2020.0,13.0,Colorado,San Diego State,-6.0,,,5.0
2020.0,13.0,East Carolina,SMU,12.0,,,5.0
2020.0,13.0,Eastern Michigan,Central Michigan,6.5,,,5.0
2020.0,13.0,Florida,Kentucky,-24.0,,,5.0
2020.0,13.0,Georgia State,Georgia Southern,-2.5,,,5.0
2020.0,13.0,Georgia Tech,Duke,2.5,,,5.0
2020.0,13.0,Hawai'i,Nevada,7.0,,,5.0
2020.0,13.0,Indiana,Maryland,-11.5,,,5.0
2020.0,13.0,Iowa,Nebraska,-12.5,,,5.0
2020.0,13.0,Kansas,TCU,23.0,,,5.0
2020.0,13.0,Liberty,Massachusetts,-35.5,,,5.0
2020.0,13.0,Michigan,Penn State,-0.5,,,5.0
2020.0,13.0,Michigan State,Northwestern,13.5,,,5.0
2020.0,13.0,Missouri,Vanderbilt,-14.0,,,5.0
2020.0,13.0,Navy,Memphis,13.5,,,5.0
2020.0,13.0,North Carolina,Notre Dame,4.5,,,5.0
2020.0,13.0,Ohio,Bowling Green,-22.5,,,5.0
2020.0,13.0,Oklahoma State,Texas Tech,-12.0,,,5.0
2020.0,13.0,Ole Miss,Mississippi State,-9.5,,,5.0
2020.0,13.0,Oregon State,Oregon,13.0,,,5.0
2020.0,13.0,Purdue,Rutgers,-12.5,,,4.0
2020.0,13.0,South Carolina,Georgia,22.0,,,5.0
2020.0,13.0,South Florida,UCF,25.5,,,5.0
2020.0,13.0,Syracuse,NC State,17.0,,,5.0
2020.0,13.0,Texas,Iowa State,1.5,,,5.0
2020.0,13.0,Texas A&M,LSU,-15.5,,,5.0
2020.0,13.0,Texas State,Coastal Carolina,16.5,,,5.0
2020.0,13.0,Toledo,Ball State,-10.0,,,5.0
2020.0,13.0,UCLA,Arizona,-10.0,,,5.0
2020.0,13.0,UL Monroe,Louisiana,29.5,,,5.0
2020.0,13.0,UNLV,Wyoming,16.5,,,5.0
2020.0,13.0,UTSA,North Texas,-1.5,,,5.0
2020.0,13.0,Utah State,New Mexico,6.0,,,5.0
2020.0,13.0,Washington,Utah,-8.5,,,5.0
2020.0,13.0,Western Michigan,Northern Illinois,-18.5,,,5.0
2020.0,14.0,Akron,Bowling Green,-2.5,,,5.0
2020.0,14.0,App State,Louisiana,-3.0,,,5.0
2020.0,14.0,Arizona,Colorado,9.5,,,5.0
2020.0,14.0,Arizona State,UCLA,-2.5,,,5.0
2020.0,14.0,Arkansas State,UL Monroe,-20.25,,,4.0
2020.0,14.0,Auburn,Texas A&M,6.0,,,5.0
2020.0,14.0,California,Oregon,9.5,,,5.0
2020.0,14.0,Central Michigan,Ball State,2.5,,,5.0
2020.0,14.0,Charlotte,Western Kentucky,-2.5,,,5.0
2020.0,14.0,Coastal Carolina,BYU,10.5,,,5.0
2020.0,14.0,Duke,Miami,15.0,,,5.0
2020.0,14.0,Georgia Southern,Florida Atlantic,2.5,,,5.0
2020.0,14.0,Illinois,Iowa,14.0,,,5.0
2020.0,14.0,Iowa State,West Virginia,-6.0,,,5.0
2020.0,14.0,Kansas State,Texas,7.0,,,5.0
2020.0,14.0,Kentucky,South Carolina,-11.5,,,5.0
2020.0,14.0,LSU,Alabama,29.0,,,5.0
2020.0,14.0,Marshall,Rice,-24.5,,,5.0
2020.0,14.0,Michigan State,Ohio State,22.5,,,5.0
2020.0,14.0,Missouri,Arkansas,-2.5,,,5.0
2020.0,14.0,NC State,Georgia Tech,-7.0,,,5.0
2020.0,14.0,Navy,Tulsa,12.0,,,5.0
2020.0,14.0,Nevada,Fresno State,-6.5,,,5.0
2020.0,14.0,New Mexico,Wyoming,16.0,,,5.0
2020.0,14.0,North Carolina,Western Carolina,-49.25,,,2.0
2020.0,14.0,North Texas,Louisiana Tech,1.0,,,5.0
2020.0,14.0,Northern Illinois,Toledo,9.5,,,5.0
2020.0,14.0,Notre Dame,Syracuse,-34.0,,,5.0
2020.0,14.0,Oklahoma,Baylor,-23.0,,,5.0
2020.0,14.0,Purdue,Nebraska,-1.0,,,5.0
2020.0,14.0,Rutgers,Penn State,13.0,,,4.0
2020.0,14.0,San Diego State,Colorado State,-7.5,,,5.0
2020.0,14.0,San José State,Hawai'i,2.5,,,5.0
2020.0,14.0,South Alabama,Troy,4.0,,,3.0
2020.0,14.0,TCU,Oklahoma State,2.5,,,5.0
2020.0,14.0,Tennessee,Florida,18.5,,,5.0
2020.0,14.0,Texas Tech,Kansas,-26.5,,,5.0
2020.0,14.0,Tulane,Memphis,-3.0,,,4.0
2020.0,14.0,USC,Washington State,-11.0,,,5.0
2020.0,14.0,Utah,Oregon State,-13.5,,,5.0
2020.0,14.0,Utah State,Air Force,13.5,,,5.0
2020.0,14.0,Virginia,Boston College,-6.5,,,5.0
2020.0,14.0,Virginia Tech,Clemson,23.5,,,5.0
2020.0,14.0,Washington,Stanford,-12.0,,,5.0
2020.0,14.0,Western Michigan,Eastern Michigan,-13.5,,,5.0
2020.0,14.0,Wisconsin,Indiana,-13.0,,,5.0
2020.0,15.0,Arizona,Arizona State,9.0,,,5.0
2020.0,15.0,Arkansas,Alabama,29.5,,,5.0
2020.0,15.0,Army,Navy,-7.5,,,5.0
2020.0,15.0,Ball State,Western Michigan,2.0,,,5.0
2020.0,15.0,Baylor,Oklahoma State,6.0,,,5.0
2020.0,15.0,Buffalo,Akron,-33.0,,,5.0
2020.0,15.0,Colorado,Utah,2.5,,,5.0
2020.0,15.0,Eastern Michigan,Northern Illinois,-6.5,,,5.0
2020.0,15.0,Florida,LSU,-23.0,,,5.0
2020.0,15.0,Florida State,Duke,-3.0,,,5.0
2020.0,15.0,Georgia Southern,App State,9.5,,,5.0
2020.0,15.0,Georgia Tech,Pittsburgh,7.5,,,4.0
2020.0,15.0,Hawai'i,UNLV,-19.5,,,5.0
2020.0,15.0,Iowa,Wisconsin,1.0,,,5.0
2020.0,15.0,Louisville,Wake Forest,-0.25,,,4.0
2020.0,15.0,Maryland,Rutgers,-3.0,,,5.0
2020.0,15.0,Memphis,Houston,6.5,,,4.0
2020.0,15.0,Miami,North Carolina,-3.0,,,5.0
2020.0,15.0,Mississippi State,Auburn,5.5,,,4.0
2020.0,15.0,Missouri,Georgia,14.0,,,5.0
2020.0,15.0,Nebraska,Minnesota,-9.5,,,5.0
2020.0,15.0,New Mexico,Fresno State,14.5,,,5.0
2020.0,15.0,Northwestern,Illinois,-13.5,,,5.0
2020.0,15.0,Oregon State,Stanford,2.5,,,5.0
2020.0,15.0,Penn State,Michigan State,-14.5,,,5.0
2020.0,15.0,Rice,UAB,7.0,,,5.0
2020.0,15.0,San José State,Nevada,2.5,,,5.0
2020.0,15.0,Southern Miss,Florida Atlantic,9.5,,,5.0
2020.0,15.0,TCU,Louisiana Tech,-21.5,,,5.0
2020.0,15.0,Toledo,Central Michigan,-10.5,,,5.0
2020.0,15.0,Troy,Coastal Carolina,12.75,,,4.0
2020.0,15.0,UCLA,USC,3.5,,,5.0
2020.0,15.0,UTEP,North Texas,10.0,,,4.0
2020.0,15.0,Vanderbilt,Tennessee,15.0,,,5.0
2020.0,15.0,Virginia Tech,Virginia,-3.0,,,5.0
2020.0,15.0,Wyoming,Boise State,9.5,,,5.0
2020.0,16.0,Army,Air Force,2.5,,,5.0
2020.0,16.0,Buffalo,Ball State,-12.5,,,4.0
2020.0,16.0,Cincinnati,Tulsa,-14.0,,,5.0
2020.0,16.0,Florida,Alabama,16.5,,,5.0
2020.0,16.0,Iowa State,Oklahoma,5.5,,,5.0
2020.0,16.0,LSU,Ole Miss,0.5,,,5.0
2020.0,16.0,Marshall,UAB,-4.5,,,4.0
2020.0,16.0,Mississippi State,Missouri,1.5,,,5.0
2020.0,16.0,Notre Dame,Clemson,11.0,,,5.0
2020.0,16.0,Ohio State,Northwestern,-16.5,,,5.0
2020.0,16.0,Oregon State,Arizona State,7.5,,,5.0
2020.0,16.0,Penn State,Illinois,-16.0,,,5.0
2020.0,16.0,Rutgers,Nebraska,6.5,,,4.0
2020.0,16.0,San José State,Boise State,6.5,,,5.0
2020.0,16.0,Tennessee,Texas A&M,13.5,,,5.0
2020.0,16.0,UCLA,Stanford,-6.5,,,5.0
2020.0,16.0,USC,Oregon,-3.0,,,4.0
2020.0,16.0,Utah,Washington State,-11.5,,,5.0
2020.0,16.0,Wisconsin,Minnesota,-11.0,,,5.0
2021.0,1.0,Air Force,Lafayette,-40.5,,,3.0
2021.0,1.0,App State,East Carolina,-9.0,,,5.0
2021.0,1.0,Arizona,BYU,13.5,,,5.0
2021.0,1.0,Arizona State,Southern Utah,-44.5,,,3.0
2021.0,1.0,Arkansas,Rice,-19.5,,,5.0
2021.0,1.0,Arkansas State,Central Arkansas,-13.5,,,3.0
2021.0,1.0,Auburn,Akron,-37.5,,,5.0
2021.0,1.0,Ball State,Western Illinois,-31.0,,,3.0
2021.0,1.0,Boston College,Colgate,-42.5,,,3.0
2021.0,1.0,Buffalo,Wagner,-43.5,,,3.0
2021.0,1.0,California,Nevada,-3.0,,,5.0
2021.0,1.0,Charlotte,Duke,6.5,,,5.0
2021.0,1.0,Cincinnati,Miami (OH),-22.5,,,5.0
2021.0,1.0,Clemson,Georgia,-2.5,,,5.0
2021.0,1.0,Coastal Carolina,The Citadel,-33.5,,,3.0
2021.0,1.0,Colorado,Northern Colorado,-37.5,,,3.0
2021.0,1.0,Colorado State,South Dakota State,-2.5,,,3.0
2021.0,1.0,Eastern Michigan,St. Francis (PA),-34.0,,,2.0
2021.0,1.0,Florida,Florida Atlantic,-23.5,,,5.0
2021.0,1.0,Florida International,Long Island University,-35.0,,,2.0
2021.0,1.0,Florida State,Notre Dame,7.5,,,5.0
2021.0,1.0,Fresno State,UConn,-27.5,,,5.0
2021.0,1.0,Georgia Southern,Gardner-Webb,-27.5,,,1.0
2021.0,1.0,Georgia State,Army,-2.5,,,5.0
2021.0,1.0,Georgia Tech,Northern Illinois,-19.0,,,5.0
2021.0,1.0,Hawai'i,Portland State,-26.0,,,1.0
2021.0,1.0,Houston,Texas Tech,-2.5,,,5.0
2021.0,1.0,Illinois,Nebraska,6.5,,,5.0
2021.0,1.0,Illinois,UTSA,-4.5,,,5.0
2021.0,1.0,Iowa,Indiana,-3.5,,,5.0
2021.0,1.0,Iowa State,Northern Iowa,-28.5,,,3.0
2021.0,1.0,Jacksonville State,UAB,16.0,,,3.0
2021.0,1.0,Kansas,South Dakota,-11.5,,,3.0
2021.0,1.0,Kansas State,Stanford,-3.0,,,5.0
2021.0,1.0,Kentucky,UL Monroe,-31.0,,,5.0
2021.0,1.0,Liberty,Campbell,-35.0,,,3.0
2021.0,1.0,Maryland,West Virginia,2.5,,,5.0
2021.0,1.0,Memphis,Nicholls,-22.5,,,3.0
2021.0,1.0,Miami,Alabama,19.5,,,5.0
2021.0,1.0,Michigan,Western Michigan,-16.5,,,5.0
2021.0,1.0,Middle Tennessee,Monmouth,-8.5,,,2.0
2021.0,1.0,Minnesota,Ohio State,14.0,,,5.0
2021.0,1.0,Mississippi State,Louisiana Tech,-20.5,,,5.0
2021.0,1.0,Missouri,Central Michigan,-14.0,,,5.0
2021.0,1.0,NC State,South Florida,-20.0,,,5.0
2021.0,1.0,Navy,Marshall,3.0,,,5.0
2021.0,1.0,Nebraska,Fordham,-42.0,,,3.0
2021.0,1.0,New Mexico,Houston Christian,-25.5,,,3.0
2021.0,1.0,New Mexico State,UTEP,9.5,,,5.0
2021.0,1.0,North Texas,Northwestern State,-20.0,,,3.0
2021.0,1.0,Northwestern,Michigan State,-3.0,,,5.0
2021.0,1.0,Ohio,Syracuse,-2.0,,,5.0
2021.0,1.0,Oklahoma,Tulane,-31.25,,,4.0
2021.0,1.0,Oklahoma State,Missouri State,-38.0,,,1.0
2021.0,1.0,Ole Miss,Louisville,-9.0,,,5.0
2021.0,1.0,Oregon,Fresno State,-19.5,,,5.0
2021.0,1.0,Pittsburgh,Massachusetts,-37.5,,,5.0
2021.0,1.0,Purdue,Oregon State,-7.0,,,5.0
2021.0,1.0,Rutgers,Temple,-14.0,,,5.0
2021.0,1.0,SMU,Abilene Christian,-32.0,,,3.0
2021.0,1.0,San Diego State,New Mexico State,-31.0,,,5.0
2021.0,1.0,San José State,Southern Utah,-28.0,,,3.0
2021.0,1.0,South Alabama,Southern Miss,-2.0,,,5.0
2021.0,1.0,South Carolina,Eastern Illinois,-31.5,,,3.0
2021.0,1.0,TCU,Duquesne,-42.0,,,3.0
2021.0,1.0,Tennessee,Bowling Green,-37.0,,,5.0
2021.0,1.0,Texas,Louisiana,-8.5,,,5.0
2021.0,1.0,Texas A&M,Kent State,-29.5,,,5.0
2021.0,1.0,Texas State,Baylor,13.5,,,5.0
2021.0,1.0,Toledo,Norfolk State,-39.5,,,3.0
2021.0,1.0,Troy,Southern,-25.0,,,3.0
2021.0,1.0,Tulsa,UC Davis,-22.0,,,3.0
2021.0,1.0,UCF,Boise State,-6.5,,,5.0
2021.0,1.0,UCLA,Hawai'i,-17.5,,,5.0
2021.0,1.0,UCLA,LSU,2.0,,,5.0
2021.0,1.0,UConn,Holy Cross,-3.0,,,3.0
2021.0,1.0,UNLV,Eastern Washington,2.0,,,3.0
2021.0,1.0,USC,San José State,-14.0,,,5.0
2021.0,1.0,UTEP,Bethune-Cookman,-20.5,,,1.0
2021.0,1.0,Utah,Weber State,-29.5,,,3.0
2021.0,1.0,Vanderbilt,East Tennessee State,-21.0,,,3.0
2021.0,1.0,Virginia,William & Mary,-30.5,,,3.0
2021.0,1.0,Virginia Tech,North Carolina,5.5,,,5.0
2021.0,1.0,Wake Forest,Old Dominion,-32.5,,,5.0
2021.0,1.0,Washington,Montana,-22.5,,,3.0
2021.0,1.0,Washington State,Utah State,-17.5,,,5.0
2021.0,1.0,Western Kentucky,UT Martin,-24.0,,,1.0
2021.0,1.0,Wisconsin,Penn State,-5.5,,,5.0
2021.0,1.0,Wyoming,Montana State,-19.0,,,3.0
2021.0,2.0,Akron,Temple,6.5,,,5.0
2021.0,2.0,Alabama,Mercer,-54.0,,,1.0
2021.0,2.0,Arizona,San Diego State,-1.5,,,5.0
2021.0,2.0,Arizona State,UNLV,-34.5,,,5.0
2021.0,2.0,Arkansas,Texas,6.0,,,5.0
2021.0,2.0,Arkansas State,Memphis,5.5,,,5.0
2021.0,2.0,Army,Western Kentucky,-6.0,,,5.0
2021.0,2.0,Auburn,Alabama State,-49.5,,,3.0
2021.0,2.0,Baylor,Texas Southern,-44.5,,,3.0
2021.0,2.0,Boise State,UTEP,-25.0,,,5.0
2021.0,2.0,Bowling Green,South Alabama,14.5,,,5.0
2021.0,2.0,Central Michigan,Robert Morris,-37.5,,,3.0
2021.0,2.0,Charlotte,Gardner-Webb,-23.0,,,1.0
2021.0,2.0,Cincinnati,Murray State,-36.5,,,3.0
2021.0,2.0,Clemson,South Carolina State,-50.5,,,3.0
2021.0,2.0,Coastal Carolina,Kansas,-27.0,,,5.0
2021.0,2.0,Colorado,Texas A&M,17.0,,,5.0
2021.0,2.0,Colorado State,Vanderbilt,-6.5,,,5.0
2021.0,2.0,Duke,North Carolina A&T,-22.5,,,3.0
2021.0,2.0,East Carolina,South Carolina,3.0,,,5.0
2021.0,2.0,Florida Atlantic,Georgia Southern,-7.0,,,5.0
2021.0,2.0,Florida International,Texas State,-2.0,,,5.0
2021.0,2.0,Florida State,Jacksonville State,-27.5,,,3.0
2021.0,2.0,Fresno State,Cal Poly,-32.5,,,3.0
2021.0,2.0,Georgia,UAB,-22.5,,,5.0
2021.0,2.0,Georgia Tech,Kennesaw State,-20.0,,,1.0
2021.0,2.0,Indiana,Idaho,-31.5,,,1.0
2021.0,2.0,Iowa State,Iowa,-4.0,,,5.0
2021.0,2.0,Kansas State,Southern Illinois,-17.0,,,3.0
2021.0,2.0,Kent State,VMI,-20.0,,,3.0
2021.0,2.0,Kentucky,Missouri,-5.5,,,5.0
2021.0,2.0,LSU,McNeese,-39.0,,,3.0
2021.0,2.0,Louisiana,Nicholls,-26.0,,,1.0
2021.0,2.0,Louisiana Tech,SE Louisiana,-11.5,,,3.0
2021.0,2.0,Louisville,Eastern Kentucky,-30.0,,,3.0
2021.0,2.0,Marshall,North Carolina Central,-43.0,,,3.0
2021.0,2.0,Maryland,Howard,-48.5,,,3.0
2021.0,2.0,Massachusetts,Boston College,39.0,,,5.0
2021.0,2.0,Miami,App State,-7.5,,,5.0
2021.0,2.0,Michigan,Washington,-6.5,,,5.0
2021.0,2.0,Michigan State,Youngstown State,-28.5,,,3.0
2021.0,2.0,Minnesota,Miami (OH),-19.0,,,5.0
2021.0,2.0,Mississippi State,NC State,1.5,,,5.0
2021.0,2.0,Navy,Air Force,6.0,,,5.0
2021.0,2.0,Nebraska,Buffalo,-13.5,,,5.0
2021.0,2.0,Nevada,Idaho State,-35.0,,,3.0
2021.0,2.0,New Mexico,New Mexico State,-19.5,,,5.0
2021.0,2.0,North Carolina,Georgia State,-26.0,,,5.0
2021.0,2.0,Northern Illinois,Wyoming,7.0,,,5.0
2021.0,2.0,Northwestern,Indiana State,-28.5,,,3.0
2021.0,2.0,Notre Dame,Toledo,-16.5,,,5.0
2021.0,2.0,Ohio,Duquesne,-28.5,,,3.0
2021.0,2.0,Ohio State,Oregon,-14.5,,,5.0
2021.0,2.0,Oklahoma,Western Carolina,-52.5,,,3.0
2021.0,2.0,Oklahoma State,Tulsa,-11.5,,,5.0
2021.0,2.0,Old Dominion,Hampton,-21.5,,,3.0
2021.0,2.0,Ole Miss,Austin Peay,-37.0,,,3.0
2021.0,2.0,Oregon State,Hawai'i,-11.0,,,5.0
2021.0,2.0,Penn State,Ball State,-22.5,,,5.0
2021.0,2.0,Rice,Houston,7.5,,,5.0
2021.0,2.0,SMU,North Texas,-22.5,,,5.0
2021.0,2.0,South Florida,Florida,29.0,,,5.0
2021.0,2.0,Southern Miss,Grambling,-23.0,,,3.0
2021.0,2.0,Syracuse,Rutgers,2.5,,,5.0
2021.0,2.0,TCU,California,-11.5,,,5.0
2021.0,2.0,Tennessee,Pittsburgh,3.5,,,5.0
2021.0,2.0,Texas Tech,Stephen F. Austin,-32.0,,,3.0
2021.0,2.0,Troy,Liberty,3.0,,,5.0
2021.0,2.0,Tulane,Morgan State,-47.5,,,3.0
2021.0,2.0,UCF,Bethune-Cookman,-46.0,,,1.0
2021.0,2.0,UConn,Purdue,35.0,,,5.0
2021.0,2.0,USC,Stanford,-17.5,,,5.0
2021.0,2.0,UTSA,Lamar,-38.0,,,3.0
2021.0,2.0,Utah State,North Dakota,-6.5,,,3.0
2021.0,2.0,Virginia,Illinois,-10.5,,,5.0
2021.0,2.0,Virginia Tech,Middle Tennessee,-20.0,,,5.0
2021.0,2.0,Wake Forest,Norfolk State,-43.0,,,3.0
2021.0,2.0,Washington State,Portland State,-31.0,,,3.0
2021.0,2.0,West Virginia,Long Island University,-49.5,,,2.0
2021.0,2.0,Western Michigan,Illinois State,-12.5,,,3.0
2021.0,2.0,Wisconsin,Eastern Michigan,-26.0,,,5.0
2021.0,3.0,Air Force,Utah State,-9.0,,,5.0
2021.0,3.0,Akron,Bryant,-13.0,,,3.0
2021.0,3.0,App State,Elon,-35.5,,,3.0
2021.0,3.0,Arizona,Northern Arizona,-26.5,,,3.0
2021.0,3.0,Arkansas,Georgia Southern,-23.0,,,5.0
2021.0,3.0,Army,UConn,-34.5,,,5.0
2021.0,3.0,Boise State,Oklahoma State,-3.5,,,5.0
2021.0,3.0,Bowling Green,Murray State,2.5,,,3.0
2021.0,3.0,Buffalo,Coastal Carolina,14.0,,,5.0
2021.0,3.0,California,Sacramento State,-24.5,,,3.0
2021.0,3.0,Clemson,Georgia Tech,-27.5,,,5.0
2021.0,3.0,Colorado,Minnesota,-2.5,,,5.0
2021.0,3.0,Duke,Northwestern,2.5,,,5.0
2021.0,3.0,Florida,Alabama,14.0,,,5.0
2021.0,3.0,Florida Atlantic,Fordham,-31.0,,,3.0
2021.0,3.0,Georgia,South Carolina,-31.5,,,5.0
2021.0,3.0,Georgia State,Charlotte,-4.5,,,5.0
2021.0,3.0,Hawai'i,San José State,8.0,,,5.0
2021.0,3.0,Houston,Grambling,-41.0,,,3.0
2021.0,3.0,Illinois,Maryland,7.0,,,5.0
2021.0,3.0,Indiana,Cincinnati,4.0,,,4.0
2021.0,3.0,Iowa,Kent State,-22.5,,,5.0
2021.0,3.0,Kansas,Baylor,17.0,,,5.0
2021.0,3.0,Kansas State,Nevada,1.5,,,5.0
2021.0,3.0,Kentucky,Chattanooga,-33.5,,,3.0
2021.0,3.0,LSU,Central Michigan,-19.5,,,5.0
2021.0,3.0,Liberty,Old Dominion,-27.5,,,5.0
2021.0,3.0,Louisiana,Ohio,-19.0,,,4.0
2021.0,3.0,Louisiana Tech,SMU,11.0,,,5.0
2021.0,3.0,Louisville,UCF,7.0,,,5.0
2021.0,3.0,Marshall,East Carolina,-10.0,,,5.0
2021.0,3.0,Massachusetts,Eastern Michigan,22.0,,,5.0
2021.0,3.0,Memphis,Mississippi State,3.5,,,5.0
2021.0,3.0,Miami,Michigan State,-7.0,,,4.0
2021.0,3.0,Miami (OH),Long Island University,-39.25,,,2.0
2021.0,3.0,Michigan,Northern Illinois,-27.5,,,5.0
2021.0,3.0,Missouri,Southeast Missouri State,-35.0,,,2.0
2021.0,3.0,NC State,Furman,-27.5,,,3.0
2021.0,3.0,New Mexico State,South Carolina State,-3.5,,,3.0
2021.0,3.0,North Carolina,Virginia,-7.5,,,5.0
2021.0,3.0,North Texas,UAB,12.5,,,5.0
2021.0,3.0,Notre Dame,Purdue,-7.5,,,5.0
2021.0,3.0,Ohio State,Tulsa,-24.5,,,5.0
2021.0,3.0,Oklahoma,Nebraska,-22.5,,,5.0
2021.0,3.0,Ole Miss,Tulane,-14.0,,,5.0
2021.0,3.0,Oregon,Stony Brook,-42.0,,,3.0
2021.0,3.0,Oregon State,Idaho,-28.0,,,1.0
2021.0,3.0,Penn State,Auburn,-4.0,,,5.0
2021.0,3.0,Pittsburgh,Western Michigan,-14.5,,,5.0
2021.0,3.0,Rutgers,Delaware,-20.0,,,3.0
2021.0,3.0,San Diego State,Utah,8.0,,,5.0
2021.0,3.0,South Alabama,Alcorn State,-21.5,,,3.0
2021.0,3.0,South Florida,Florida A&M,-22.5,,,3.0
2021.0,3.0,Southern Miss,Troy,11.0,,,5.0
2021.0,3.0,Syracuse,UAlbany,-21.5,,,3.0
2021.0,3.0,Temple,Boston College,15.0,,,5.0
2021.0,3.0,Tennessee,Tennessee Tech,-38.0,,,3.0
2021.0,3.0,Texas,Rice,-26.0,,,5.0
2021.0,3.0,Texas A&M,New Mexico,-30.0,,,5.0
2021.0,3.0,Texas State,Incarnate Word,-11.0,,,3.0
2021.0,3.0,Texas Tech,Florida International,-20.5,,,5.0
2021.0,3.0,Toledo,Colorado State,-14.5,,,5.0
2021.0,3.0,UCLA,Fresno State,-11.0,,,5.0
2021.0,3.0,UL Monroe,Jackson State,-4.5,,,3.0
2021.0,3.0,UNLV,Iowa State,32.0,,,5.0
2021.0,3.0,UTSA,Middle Tennessee,-11.5,,,5.0
2021.0,3.0,Vanderbilt,Stanford,13.0,,,5.0
2021.0,3.0,Wake Forest,Florida State,-4.5,,,5.0
2021.0,3.0,Washington,Arkansas State,-17.5,,,5.0
2021.0,3.0,Washington State,USC,7.0,,,5.0
2021.0,3.0,West Virginia,Virginia Tech,-2.0,,,5.0
2021.0,3.0,Wyoming,Ball State,-6.5,,,5.0
2021.0,4.0,Air Force,Florida Atlantic,-3.5,,,4.0
2021.0,4.0,Alabama,Southern Miss,-45.0,,,4.0
2021.0,4.0,App State,Marshall,-7.0,,,4.0
2021.0,4.0,Arizona State,Colorado,-14.0,,,4.0
2021.0,4.0,Arkansas,Texas A&M,4.5,,,4.0
2021.0,4.0,Army,Miami (OH),-7.5,,,4.0
2021.0,4.0,Auburn,Georgia State,-27.5,,,4.0
2021.0,4.0,Ball State,Toledo,4.5,,,4.0
2021.0,4.0,Baylor,Iowa State,7.0,,,4.0
2021.0,4.0,Boston College,Missouri,-1.0,,,4.0
2021.0,4.0,Central Michigan,Florida International,-12.0,,,4.0
2021.0,4.0,Charlotte,Middle Tennessee,-2.5,,,4.0
2021.0,4.0,Coastal Carolina,Massachusetts,-36.0,,,4.0
2021.0,4.0,Duke,Kansas,-16.25,,,4.0
2021.0,4.0,East Carolina,Charleston Southern,-24.5,,,3.0
2021.0,4.0,Eastern Michigan,Texas State,-7.5,,,4.0
2021.0,4.0,Florida,Tennessee,-19.0,,,4.0
2021.0,4.0,Florida State,Louisville,-1.25,,,4.0
2021.0,4.0,Fresno State,UNLV,-30.0,,,4.0
2021.0,4.0,Georgia Southern,Louisiana,14.5,,,4.0
2021.0,4.0,Georgia Tech,North Carolina,14.5,,,4.0
2021.0,4.0,Houston,Navy,-20.0,,,4.0
2021.0,4.0,Iowa,Colorado State,-23.5,,,4.0
2021.0,4.0,Louisiana Tech,North Texas,-10.0,,,4.0
2021.0,4.0,Maryland,Kent State,-13.0,,,4.0
2021.0,4.0,Memphis,UTSA,-3.0,,,4.0
2021.0,4.0,Miami,Central Connecticut,-46.0,,,3.0
2021.0,4.0,Michigan,Rutgers,-20.25,,,4.0
2021.0,4.0,Michigan State,Nebraska,-3.5,,,4.0
2021.0,4.0,Minnesota,Bowling Green,-30.5,,,4.0
2021.0,4.0,Mississippi State,LSU,1.5,,,4.0
2021.0,4.0,NC State,Clemson,10.5,,,4.0
2021.0,4.0,New Mexico State,Hawai'i,17.0,,,4.0
2021.0,4.0,Northern Illinois,Maine,-21.5,,,3.0
2021.0,4.0,Northwestern,Ohio,-13.5,,,4.0
2021.0,4.0,Ohio State,Akron,-48.25,,,4.0
2021.0,4.0,Oklahoma,West Virginia,-17.5,,,4.0
2021.0,4.0,Oklahoma State,Kansas State,-6.0,,,4.0
2021.0,4.0,Old Dominion,Buffalo,13.0,,,4.0
2021.0,4.0,Oregon,Arizona,-29.5,,,4.0
2021.0,4.0,Penn State,Villanova,-29.5,,,3.0
2021.0,4.0,Pittsburgh,New Hampshire,-29.0,,,3.0
2021.0,4.0,Purdue,Illinois,-10.5,,,4.0
2021.0,4.0,Rice,Texas Southern,-37.0,,,3.0
2021.0,4.0,San Diego State,Towson,-23.0,,,3.0
2021.0,4.0,South Carolina,Kentucky,4.5,,,4.0
2021.0,4.0,Stanford,UCLA,4.0,,,4.0
2021.0,4.0,Syracuse,Liberty,6.5,,,4.0
2021.0,4.0,TCU,SMU,-9.5,,,4.0
2021.0,4.0,Temple,Wagner,-36.5,,,3.0
2021.0,4.0,Texas,Texas Tech,-9.0,,,4.0
2021.0,4.0,Tulane,UAB,-2.5,,,4.0
2021.0,4.0,Tulsa,Arkansas State,-14.5,,,4.0
2021.0,4.0,UConn,Wyoming,31.5,,,4.0
2021.0,4.0,UL Monroe,Troy,23.5,,,4.0
2021.0,4.0,USC,Oregon State,-11.0,,,4.0
2021.0,4.0,UTEP,New Mexico,2.5,,,4.0
2021.0,4.0,Utah,Washington State,-15.0,,,4.0
2021.0,4.0,Utah State,Boise State,9.5,,,4.0
2021.0,4.0,Vanderbilt,Georgia,36.0,,,4.0
2021.0,4.0,Virginia,Wake Forest,-3.5,,,4.0
2021.0,4.0,Virginia Tech,Richmond,-29.0,,,3.0
2021.0,4.0,Washington,California,-7.5,,,4.0
2021.0,4.0,Western Kentucky,Indiana,9.5,,,4.0
2021.0,4.0,Western Michigan,San José State,-2.5,,,4.0
2021.0,4.0,Wisconsin,Notre Dame,-6.0,,,4.0
2021.0,5.0,Akron,Ohio,9.75,,,4.0
2021.0,5.0,Alabama,Ole Miss,-15.0,,,4.0
2021.0,5.0,Ball State,Army,10.25,,,4.0
2021.0,5.0,Boise State,Nevada,-3.5,,,4.0
2021.0,5.0,Buffalo,Western Michigan,7.0,,,4.0
2021.0,5.0,California,Washington State,-7.5,,,4.0
2021.0,5.0,Clemson,Boston College,-14.5,,,4.0
2021.0,5.0,Coastal Carolina,UL Monroe,-33.5,,,4.0
2021.0,5.0,Colorado,USC,9.0,,,4.0
2021.0,5.0,East Carolina,Tulane,3.0,,,4.0
2021.0,5.0,Florida Atlantic,Florida International,-10.5,,,4.0
2021.0,5.0,Florida State,Syracuse,-5.5,,,4.0
2021.0,5.0,Georgia,Arkansas,-16.5,,,4.0
2021.0,5.0,Georgia Southern,Arkansas State,-2.0,,,4.0
2021.0,5.0,Georgia State,App State,10.0,,,4.0
2021.0,5.0,Georgia Tech,Pittsburgh,3.0,,,4.0
2021.0,5.0,Hawai'i,Fresno State,10.75,,,4.0
2021.0,5.0,Illinois,Charlotte,-10.0,,,4.0
2021.0,5.0,Iowa State,Kansas,-34.5,,,4.0
2021.0,5.0,Kansas State,Oklahoma,12.5,,,4.0
2021.0,5.0,Kent State,Bowling Green,-16.5,,,4.0
2021.0,5.0,Kentucky,Florida,7.5,,,4.0
2021.0,5.0,LSU,Auburn,-3.0,,,4.0
2021.0,5.0,Maryland,Iowa,3.0,,,4.0
2021.0,5.0,Massachusetts,Toledo,27.0,,,4.0
2021.0,5.0,Miami,Virginia,-3.5,,,4.0
2021.0,5.0,Miami (OH),Central Michigan,1.75,,,4.0
2021.0,5.0,Michigan State,Western Kentucky,-10.5,,,4.0
2021.0,5.0,Middle Tennessee,Marshall,11.0,,,4.0
2021.0,5.0,Missouri,Tennessee,-2.5,,,4.0
2021.0,5.0,NC State,Louisiana Tech,-17.75,,,4.0
2021.0,5.0,Navy,UCF,15.0,,,4.0
2021.0,5.0,Nebraska,Northwestern,-11.25,,,4.0
2021.0,5.0,New Mexico,Air Force,11.5,,,4.0
2021.0,5.0,North Carolina,Duke,-19.5,,,4.0
2021.0,5.0,Northern Illinois,Eastern Michigan,0.0,,,4.0
2021.0,5.0,Notre Dame,Cincinnati,2.0,,,4.0
2021.0,5.0,Oklahoma State,Baylor,-4.0,,,4.0
2021.0,5.0,Oregon State,Washington,-2.5,,,4.0
2021.0,5.0,Penn State,Indiana,-12.25,,,4.0
2021.0,5.0,Purdue,Minnesota,-2.5,,,4.0
2021.0,5.0,Rice,Southern Miss,-1.25,,,4.0
2021.0,5.0,Rutgers,Ohio State,15.0,,,4.0
2021.0,5.0,SMU,South Florida,-21.25,,,4.0
2021.0,5.0,San José State,New Mexico State,-25.5,,,4.0
2021.0,5.0,South Alabama,Louisiana,12.0,,,4.0
2021.0,5.0,South Carolina,Troy,-6.5,,,4.0
2021.0,5.0,Stanford,Oregon,8.5,,,4.0
2021.0,5.0,TCU,Texas,4.0,,,4.0
2021.0,5.0,Temple,Memphis,11.0,,,4.0
2021.0,5.0,Texas A&M,Mississippi State,-7.0,,,4.0
2021.0,5.0,Tulsa,Houston,-3.5,,,4.0
2021.0,5.0,UAB,Liberty,-3.0,,,4.0
2021.0,5.0,UCLA,Arizona State,-3.0,,,4.0
2021.0,5.0,UTEP,Old Dominion,-5.5,,,4.0
2021.0,5.0,UTSA,UNLV,-21.5,,,4.0
2021.0,5.0,Utah State,BYU,8.5,,,4.0
2021.0,5.0,Vanderbilt,UConn,-14.5,,,4.0
2021.0,5.0,Wake Forest,Louisville,-7.0,,,4.0
2021.0,5.0,West Virginia,Texas Tech,-7.5,,,4.0
2021.0,5.0,Wisconsin,Michigan,-2.0,,,4.0
2021.0,6.0,Air Force,Wyoming,-5.5,,,4.0
2021.0,6.0,Arizona,UCLA,16.0,,,4.0
2021.0,6.0,Arizona State,Stanford,-13.5,,,4.0
2021.0,6.0,Arkansas State,Coastal Carolina,20.0,,,4.0
2021.0,6.0,Auburn,Georgia,14.5,,,4.0
2021.0,6.0,Baylor,West Virginia,-1.0,,,4.0
2021.0,6.0,Bowling Green,Akron,-14.0,,,4.0
2021.0,6.0,Cincinnati,Temple,-30.0,,,4.0
2021.0,6.0,Colorado State,San José State,-3.5,,,4.0
2021.0,6.0,Duke,Georgia Tech,4.5,,,4.0
2021.0,6.0,Eastern Michigan,Miami (OH),2.5,,,4.0
2021.0,6.0,Florida,Vanderbilt,-39.0,,,4.0
2021.0,6.0,Florida International,Charlotte,3.5,,,4.0
2021.0,6.0,Illinois,Wisconsin,12.0,,,4.0
2021.0,6.0,Iowa,Penn State,-2.5,,,4.0
2021.0,6.0,Kent State,Buffalo,-7.0,,,4.0
2021.0,6.0,Kentucky,LSU,-2.0,,,4.0
2021.0,6.0,Liberty,Middle Tennessee,-20.0,,,4.0
2021.0,6.0,Louisville,Virginia,-2.5,,,4.0
2021.0,6.0,Marshall,Old Dominion,-21.0,,,4.0
2021.0,6.0,Massachusetts,UConn,3.0,,,4.0
2021.0,6.0,Missouri,North Texas,-18.5,,,4.0
2021.0,6.0,Navy,SMU,13.5,,,4.0
2021.0,6.0,Nebraska,Michigan,2.5,,,4.0
2021.0,6.0,Nevada,New Mexico State,-28.5,,,4.0
2021.0,6.0,North Carolina,Florida State,-17.5,,,4.0
2021.0,6.0,Ohio,Central Michigan,5.0,,,4.0
2021.0,6.0,Ohio State,Maryland,-21.75,,,4.0
2021.0,6.0,Ole Miss,Arkansas,-5.0,,,4.0
2021.0,6.0,Rutgers,Michigan State,4.0,,,4.0
2021.0,6.0,San Diego State,New Mexico,-19.5,,,4.0
2021.0,6.0,Southern Miss,UTEP,1.25,,,4.0
2021.0,6.0,Syracuse,Wake Forest,6.0,,,4.0
2021.0,6.0,Tennessee,South Carolina,-10.5,,,4.0
2021.0,6.0,Texas,Oklahoma,4.0,,,4.0
2021.0,6.0,Texas A&M,Alabama,18.5,,,4.0
2021.0,6.0,Texas State,South Alabama,4.0,,,4.0
2021.0,6.0,Texas Tech,TCU,2.5,,,4.0
2021.0,6.0,Toledo,Northern Illinois,-13.0,,,4.0
2021.0,6.0,Troy,Georgia Southern,-5.5,,,4.0
2021.0,6.0,Tulane,Houston,6.5,,,4.0
2021.0,6.0,Tulsa,Memphis,-3.0,,,4.0
2021.0,6.0,UAB,Florida Atlantic,-3.5,,,4.0
2021.0,6.0,UCF,East Carolina,-10.0,,,4.0
2021.0,6.0,UL Monroe,Georgia State,16.0,,,4.0
2021.0,6.0,USC,Utah,-3.0,,,4.0
2021.0,6.0,Virginia Tech,Notre Dame,-1.0,,,4.0
2021.0,6.0,Washington State,Oregon State,4.0,,,4.0
2021.0,6.0,Western Kentucky,UTSA,-3.5,,,4.0
2021.0,6.0,Western Michigan,Ball State,-12.5,,,4.0
2021.0,7.0,Arkansas,Auburn,-4.5,,,4.0
2021.0,7.0,Baylor,BYU,-5.5,,,4.0
2021.0,7.0,Boise State,Air Force,-3.0,,,4.0
2021.0,7.0,Boston College,NC State,3.0,,,4.0
2021.0,7.0,Buffalo,Ohio,-7.5,,,4.0
2021.0,7.0,Central Michigan,Toledo,5.0,,,4.0
2021.0,7.0,Cincinnati,UCF,-21.5,,,4.0
2021.0,7.0,Colorado,Arizona,-6.0,,,4.0
2021.0,7.0,Eastern Michigan,Ball State,1.0,,,4.0
2021.0,7.0,Georgia,Kentucky,-21.5,,,4.0
2021.0,7.0,Indiana,Michigan State,3.5,,,4.0
2021.0,7.0,Iowa,Purdue,-11.0,,,4.0
2021.0,7.0,Kansas,Texas Tech,18.5,,,4.0
2021.0,7.0,Kansas State,Iowa State,6.5,,,4.0
2021.0,7.0,LSU,Florida,12.5,,,4.0
2021.0,7.0,Louisiana,App State,4.25,,,4.0
2021.0,7.0,Memphis,Navy,-11.0,,,4.0
2021.0,7.0,Miami (OH),Akron,-20.0,,,4.0
2021.0,7.0,Minnesota,Nebraska,4.5,,,4.0
2021.0,7.0,Mississippi State,Alabama,17.5,,,4.0
2021.0,7.0,Missouri,Texas A&M,11.5,,,4.0
2021.0,7.0,Nevada,Hawai'i,-14.0,,,4.0
2021.0,7.0,New Mexico,Colorado State,13.0,,,4.0
2021.0,7.0,North Carolina,Miami,-7.5,,,4.0
2021.0,7.0,North Texas,Marshall,11.0,,,4.0
2021.0,7.0,Northern Illinois,Bowling Green,-9.0,,,4.0
2021.0,7.0,Northwestern,Rutgers,2.5,,,4.0
2021.0,7.0,Oklahoma,TCU,-12.5,,,4.0
2021.0,7.0,Old Dominion,Western Kentucky,13.5,,,4.0
2021.0,7.0,Oregon,California,-13.5,,,4.0
2021.0,7.0,San José State,San Diego State,9.75,,,4.0
2021.0,7.0,South Alabama,Georgia Southern,-2.5,,,4.0
2021.0,7.0,South Carolina,Vanderbilt,-18.75,,,4.0
2021.0,7.0,South Florida,Tulsa,7.0,,,4.0
2021.0,7.0,Southern Miss,UAB,17.0,,,4.0
2021.0,7.0,Syracuse,Clemson,13.5,,,4.0
2021.0,7.0,Tennessee,Ole Miss,1.0,,,4.0
2021.0,7.0,Texas,Oklahoma State,-3.25,,,4.0
2021.0,7.0,Texas State,Troy,7.5,,,4.0
2021.0,7.0,UConn,Yale,3.5,,,3.0
2021.0,7.0,UL Monroe,Liberty,32.5,,,4.0
2021.0,7.0,UNLV,Utah State,7.25,,,4.0
2021.0,7.0,UTEP,Louisiana Tech,6.5,,,4.0
2021.0,7.0,UTSA,Rice,-17.0,,,4.0
2021.0,7.0,Utah,Arizona State,-1.5,,,4.0
2021.0,7.0,Virginia,Duke,-10.5,,,4.0
2021.0,7.0,Virginia Tech,Pittsburgh,6.25,,,4.0
2021.0,7.0,Washington,UCLA,-1.5,,,4.0
2021.0,7.0,Washington State,Stanford,-1.0,,,4.0
2021.0,7.0,Western Michigan,Kent State,-6.75,,,4.0
2021.0,7.0,Wisconsin,Army,-14.0,,,4.0
2021.0,7.0,Wyoming,Fresno State,3.0,,,4.0
2021.0,8.0,Air Force,San Diego State,-3.0,,,4.0
2021.0,8.0,Akron,Buffalo,13.25,,,4.0
2021.0,8.0,Alabama,Tennessee,-25.5,,,4.0
2021.0,8.0,App State,Coastal Carolina,4.5,,,4.0
2021.0,8.0,Arizona,Washington,17.25,,,4.0
2021.0,8.0,Arkansas,Arkansas-Pine Bluff,-50.5,,,2.0
2021.0,8.0,Arkansas State,Louisiana,18.0,,,4.0
2021.0,8.0,Army,Wake Forest,3.0,,,4.0
2021.0,8.0,Ball State,Miami (OH),-3.5,,,4.0
2021.0,8.0,Bowling Green,Eastern Michigan,4.0,,,4.0
2021.0,8.0,California,Colorado,-8.25,,,4.0
2021.0,8.0,Central Michigan,Northern Illinois,-6.0,,,4.0
2021.0,8.0,Charlotte,Florida Atlantic,6.5,,,4.0
2021.0,8.0,Florida International,Western Kentucky,16.5,,,4.0
2021.0,8.0,Florida State,Massachusetts,-35.25,,,4.0
2021.0,8.0,Fresno State,Nevada,-3.5,,,4.0
2021.0,8.0,Georgia State,Texas State,-10.5,,,4.0
2021.0,8.0,Hawai'i,New Mexico State,-18.5,,,2.0
2021.0,8.0,Houston,East Carolina,-13.5,,,4.0
2021.0,8.0,Indiana,Ohio State,21.0,,,4.0
2021.0,8.0,Iowa State,Oklahoma State,-7.0,,,4.0
2021.0,8.0,Kansas,Oklahoma,38.5,,,4.0
2021.0,8.0,Louisiana Tech,UTSA,5.5,,,4.0
2021.0,8.0,Louisville,Boston College,-4.0,,,4.0
2021.0,8.0,Miami,NC State,3.5,,,4.0
2021.0,8.0,Michigan,Northwestern,-23.5,,,4.0
2021.0,8.0,Minnesota,Maryland,-4.0,,,4.0
2021.0,8.0,Navy,Cincinnati,28.5,,,4.0
2021.0,8.0,North Texas,Liberty,21.0,,,4.0
2021.0,8.0,Notre Dame,USC,-7.5,,,4.0
2021.0,8.0,Ohio,Kent State,5.0,,,4.0
2021.0,8.0,Ole Miss,LSU,-9.0,,,4.0
2021.0,8.0,Oregon State,Utah,3.0,,,4.0
2021.0,8.0,Penn State,Illinois,-24.5,,,4.0
2021.0,8.0,Pittsburgh,Clemson,-3.5,,,4.0
2021.0,8.0,Purdue,Wisconsin,3.5,,,4.0
2021.0,8.0,SMU,Tulane,-14.0,,,4.0
2021.0,8.0,South Florida,Temple,-1.5,,,4.0
2021.0,8.0,TCU,West Virginia,-4.5,,,4.0
2021.0,8.0,Texas A&M,South Carolina,-19.5,,,4.0
2021.0,8.0,Texas Tech,Kansas State,1.0,,,4.0
2021.0,8.0,Toledo,Western Michigan,1.5,,,4.0
2021.0,8.0,UAB,Rice,-23.75,,,4.0
2021.0,8.0,UCF,Memphis,-1.25,,,4.0
2021.0,8.0,UCLA,Oregon,-1.0,,,4.0
2021.0,8.0,UConn,Middle Tennessee,14.0,,,4.0
2021.0,8.0,UL Monroe,South Alabama,13.5,,,4.0
2021.0,8.0,UNLV,San José State,6.0,,,4.0
2021.0,8.0,Utah State,Colorado State,3.0,,,4.0
2021.0,8.0,Vanderbilt,Mississippi State,20.5,,,4.0
2021.0,8.0,Virginia,Georgia Tech,-6.5,,,4.0
2021.0,8.0,Virginia Tech,Syracuse,-3.5,,,4.0
2021.0,8.0,Washington State,BYU,3.5,,,4.0
2021.0,8.0,Wyoming,New Mexico,-20.0,,,4.0
2021.0,9.0,App State,UL Monroe,-27.0,,,4.0
2021.0,9.0,Arizona State,Washington State,-16.5,,,4.0
2021.0,9.0,Auburn,Ole Miss,-3.0,,,4.0
2021.0,9.0,Baylor,Texas,-2.25,,,4.0
2021.0,9.0,Buffalo,Bowling Green,-13.5,,,4.0
2021.0,9.0,California,Oregon State,2.0,,,4.0
2021.0,9.0,Clemson,Florida State,-9.5,,,4.0
2021.0,9.0,Coastal Carolina,Troy,-17.0,,,4.0
2021.0,9.0,Colorado State,Boise State,2.0,,,4.0
2021.0,9.0,East Carolina,South Florida,-9.5,,,4.0
2021.0,9.0,Florida,Georgia,14.0,,,4.0
2021.0,9.0,Florida Atlantic,UTEP,-11.0,,,4.0
2021.0,9.0,Georgia Southern,Georgia State,6.0,,,4.0
2021.0,9.0,Georgia Tech,Virginia Tech,-3.5,,,4.0
2021.0,9.0,Houston,SMU,1.0,,,4.0
2021.0,9.0,Illinois,Rutgers,1.5,,,4.0
2021.0,9.0,Kansas State,TCU,-3.5,,,4.0
2021.0,9.0,Liberty,Massachusetts,-35.5,,,4.0
2021.0,9.0,Louisiana,Texas State,-21.0,,,4.0
2021.0,9.0,Marshall,Florida International,-21.5,,,4.0
2021.0,9.0,Maryland,Indiana,-3.5,,,4.0
2021.0,9.0,Michigan State,Michigan,4.0,,,4.0
2021.0,9.0,Middle Tennessee,Southern Miss,-12.5,,,4.0
2021.0,9.0,Mississippi State,Kentucky,-1.0,,,4.0
2021.0,9.0,NC State,Louisville,-6.0,,,4.0
2021.0,9.0,Nebraska,Purdue,-7.5,,,4.0
2021.0,9.0,Nevada,UNLV,-19.0,,,4.0
2021.0,9.0,Northwestern,Minnesota,7.5,,,4.0
2021.0,9.0,Notre Dame,North Carolina,-3.5,,,4.0
2021.0,9.0,Ohio State,Penn State,-18.5,,,4.0
2021.0,9.0,Oklahoma,Texas Tech,-19.0,,,4.0
2021.0,9.0,Oklahoma State,Kansas,-29.0,,,4.0
2021.0,9.0,Old Dominion,Louisiana Tech,4.0,,,4.0
2021.0,9.0,Oregon,Colorado,-24.5,,,4.0
2021.0,9.0,Pittsburgh,Miami,-9.5,,,4.0
2021.0,9.0,Rice,North Texas,-1.5,,,4.0
2021.0,9.0,San Diego State,Fresno State,2.0,,,4.0
2021.0,9.0,San José State,Wyoming,-3.0,,,4.0
2021.0,9.0,South Alabama,Arkansas State,-9.0,,,4.0
2021.0,9.0,Stanford,Washington,-2.5,,,4.0
2021.0,9.0,Syracuse,Boston College,-6.5,,,4.0
2021.0,9.0,Temple,UCF,11.75,,,4.0
2021.0,9.0,Tulane,Cincinnati,28.0,,,4.0
2021.0,9.0,Tulsa,Navy,-11.0,,,4.0
2021.0,9.0,USC,Arizona,-21.5,,,4.0
2021.0,9.0,Utah,UCLA,-6.25,,,4.0
2021.0,9.0,Utah State,Hawai'i,-4.0,,,4.0
2021.0,9.0,Vanderbilt,Missouri,16.0,,,4.0
2021.0,9.0,Wake Forest,Duke,-16.5,,,4.0
2021.0,9.0,West Virginia,Iowa State,7.5,,,4.0
2021.0,9.0,Western Kentucky,Charlotte,-19.5,,,4.0
2021.0,9.0,Wisconsin,Iowa,-3.0,,,4.0
2021.0,10.0,Air Force,Army,-2.5,,,4.0
2021.0,10.0,Akron,Ball State,20.0,,,4.0
2021.0,10.0,Alabama,LSU,-29.0,,,4.0
2021.0,10.0,Arizona,California,7.0,,,4.0
2021.0,10.0,Arizona State,USC,-9.75,,,4.0
2021.0,10.0,Arkansas,Mississippi State,-4.0,,,4.0
2021.0,10.0,Arkansas State,App State,21.5,,,4.0
2021.0,10.0,Boston College,Virginia Tech,1.0,,,4.0
2021.0,10.0,Charlotte,Rice,-6.5,,,4.0
2021.0,10.0,Cincinnati,Tulsa,-22.5,,,4.0
2021.0,10.0,Colorado,Oregon State,11.5,,,4.0
2021.0,10.0,Duke,Pittsburgh,21.0,,,4.0
2021.0,10.0,East Carolina,Temple,-15.5,,,4.0
2021.0,10.0,Florida Atlantic,Marshall,1.5,,,4.0
2021.0,10.0,Florida International,Old Dominion,3.0,,,4.0
2021.0,10.0,Florida State,NC State,3.0,,,4.0
2021.0,10.0,Fresno State,Boise State,-4.0,,,4.0
2021.0,10.0,Georgia,Missouri,-40.0,,,4.0
2021.0,10.0,Georgia Southern,Coastal Carolina,16.0,,,4.0
2021.0,10.0,Hawai'i,San Diego State,7.0,,,4.0
2021.0,10.0,Iowa State,Texas,-6.0,,,4.0
2021.0,10.0,Kansas,Kansas State,24.0,,,4.0
2021.0,10.0,Kent State,Northern Illinois,-3.5,,,4.0
2021.0,10.0,Kentucky,Tennessee,1.0,,,4.0
2021.0,10.0,Louisiana,Georgia State,-13.5,,,4.0
2021.0,10.0,Louisville,Clemson,3.5,,,4.0
2021.0,10.0,Maryland,Penn State,10.0,,,4.0
2021.0,10.0,Massachusetts,Rhode Island,-2.5,,,3.0
2021.0,10.0,Memphis,SMU,3.5,,,4.0
2021.0,10.0,Miami,Georgia Tech,-10.0,,,4.0
2021.0,10.0,Michigan,Indiana,-20.5,,,4.0
2021.0,10.0,Minnesota,Illinois,-14.5,,,4.0
2021.0,10.0,Nebraska,Ohio State,14.0,,,4.0
2021.0,10.0,Nevada,San José State,-11.5,,,4.0
2021.0,10.0,New Mexico,UNLV,-1.5,,,4.0
2021.0,10.0,New Mexico State,Utah State,18.5,,,4.0
2021.0,10.0,North Carolina,Wake Forest,-2.5,,,4.0
2021.0,10.0,Northwestern,Iowa,11.75,,,4.0
2021.0,10.0,Notre Dame,Navy,-21.0,,,4.0
2021.0,10.0,Ohio,Miami (OH),7.0,,,4.0
2021.0,10.0,Ole Miss,Liberty,-7.5,,,4.0
2021.0,10.0,Purdue,Michigan State,2.5,,,4.0
2021.0,10.0,Rutgers,Wisconsin,13.0,,,4.0
2021.0,10.0,South Carolina,Florida,20.5,,,4.0
2021.0,10.0,South Florida,Houston,13.5,,,4.0
2021.0,10.0,Southern Miss,North Texas,5.25,,,4.0
2021.0,10.0,Stanford,Utah,10.25,,,4.0
2021.0,10.0,TCU,Baylor,7.5,,,4.0
2021.0,10.0,Texas A&M,Auburn,-4.5,,,4.0
2021.0,10.0,Texas State,UL Monroe,-3.0,,,4.0
2021.0,10.0,Toledo,Eastern Michigan,-9.25,,,4.0
2021.0,10.0,Troy,South Alabama,-3.5,,,4.0
2021.0,10.0,UAB,Louisiana Tech,-13.75,,,4.0
2021.0,10.0,UCF,Tulane,-13.5,,,4.0
2021.0,10.0,UTEP,UTSA,11.5,,,4.0
2021.0,10.0,Washington,Oregon,7.0,,,4.0
2021.0,10.0,West Virginia,Oklahoma State,3.5,,,4.0
2021.0,10.0,Western Kentucky,Middle Tennessee,-17.5,,,4.0
2021.0,10.0,Western Michigan,Central Michigan,-9.0,,,4.0
2021.0,10.0,Wyoming,Colorado State,3.0,,,4.0
2021.0,11.0,Alabama,New Mexico State,-50.25,,,4.0
2021.0,11.0,App State,South Alabama,-21.5,,,4.0
2021.0,11.0,Arizona,Utah,24.0,,,4.0
2021.0,11.0,Army,Bucknell,-51.5,,,3.0
2021.0,11.0,Auburn,Mississippi State,-5.75,,,4.0
2021.0,11.0,Baylor,Oklahoma,4.0,,,4.0
2021.0,11.0,Boise State,Wyoming,-13.75,,,4.0
2021.0,11.0,Bowling Green,Toledo,10.5,,,4.0
2021.0,11.0,Central Michigan,Kent State,-2.5,,,4.0
2021.0,11.0,Clemson,UConn,-40.5,,,4.0
2021.0,11.0,Coastal Carolina,Georgia State,-12.5,,,4.0
2021.0,11.0,Colorado State,Air Force,3.0,,,4.0
2021.0,11.0,Eastern Michigan,Ohio,-6.0,,,4.0
2021.0,11.0,Florida,Samford,-36.5,,,3.0
2021.0,11.0,Florida State,Miami,2.5,,,4.0
2021.0,11.0,Fresno State,New Mexico,-24.0,,,4.0
2021.0,11.0,Georgia Tech,Boston College,1.75,,,4.0
2021.0,11.0,Indiana,Rutgers,-6.5,,,4.0
2021.0,11.0,Iowa,Minnesota,-4.0,,,4.0
2021.0,11.0,Kansas State,West Virginia,-6.0,,,4.0
2021.0,11.0,LSU,Arkansas,3.0,,,4.0
2021.0,11.0,Louisiana Tech,Charlotte,-7.0,,,4.0
2021.0,11.0,Louisville,Syracuse,-3.0,,,4.0
2021.0,11.0,Marshall,UAB,-4.5,,,4.0
2021.0,11.0,Massachusetts,Maine,5.0,,,3.0
2021.0,11.0,Memphis,East Carolina,-4.0,,,4.0
2021.0,11.0,Miami (OH),Buffalo,-7.0,,,4.0
2021.0,11.0,Michigan State,Maryland,-11.5,,,4.0
2021.0,11.0,Middle Tennessee,Florida International,-10.5,,,4.0
2021.0,11.0,Missouri,South Carolina,0.75,,,4.0
2021.0,11.0,North Texas,UTEP,-0.5,,,4.0
2021.0,11.0,Northern Illinois,Ball State,3.0,,,4.0
2021.0,11.0,Ohio State,Purdue,-19.0,,,4.0
2021.0,11.0,Oklahoma State,TCU,-11.0,,,4.0
2021.0,11.0,Old Dominion,Florida Atlantic,6.5,,,4.0
2021.0,11.0,Ole Miss,Texas A&M,1.25,,,4.0
2021.0,11.0,Oregon,Washington State,-13.25,,,4.0
2021.0,11.0,Oregon State,Stanford,-12.5,,,4.0
2021.0,11.0,Penn State,Michigan,2.5,,,4.0
2021.0,11.0,Pittsburgh,North Carolina,-6.5,,,4.0
2021.0,11.0,Rice,Western Kentucky,19.0,,,4.0
2021.0,11.0,SMU,UCF,-7.0,,,4.0
2021.0,11.0,San Diego State,Nevada,-2.5,,,4.0
2021.0,11.0,San José State,Utah State,-4.5,,,4.0
2021.0,11.0,South Florida,Cincinnati,24.0,,,4.0
2021.0,11.0,Temple,Houston,25.5,,,4.0
2021.0,11.0,Tennessee,Georgia,19.5,,,4.0
2021.0,11.0,Texas,Kansas,-31.0,,,4.0
2021.0,11.0,Texas State,Georgia Southern,-2.0,,,4.0
2021.0,11.0,Texas Tech,Iowa State,12.5,,,4.0
2021.0,11.0,Troy,Louisiana,6.5,,,4.0
2021.0,11.0,Tulane,Tulsa,3.0,,,4.0
2021.0,11.0,UCLA,Colorado,-18.0,,,4.0
2021.0,11.0,UL Monroe,Arkansas State,-3.0,,,4.0
2021.0,11.0,UNLV,Hawai'i,3.5,,,4.0
2021.0,11.0,UTSA,Southern Miss,-32.5,,,4.0
2021.0,11.0,Vanderbilt,Kentucky,21.5,,,4.0
2021.0,11.0,Virginia,Notre Dame,8.0,,,4.0
2021.0,11.0,Virginia Tech,Duke,-13.0,,,4.0
2021.0,11.0,Wake Forest,NC State,-1.0,,,4.0
2021.0,11.0,Washington,Arizona State,6.0,,,4.0
2021.0,11.0,Western Michigan,Akron,-24.5,,,4.0
2021.0,11.0,Wisconsin,Northwestern,-25.5,,,4.0
2021.0,12.0,Akron,Kent State,13.5,,,4.0
2021.0,12.0,Alabama,Arkansas,-20.5,,,4.0
2021.0,12.0,Army,Massachusetts,-37.0,,,4.0
2021.0,12.0,Ball State,Central Michigan,2.5,,,4.0
2021.0,12.0,Boise State,New Mexico,-27.5,,,4.0
2021.0,12.0,Boston College,Florida State,-3.0,,,4.0
2021.0,12.0,Buffalo,Northern Illinois,1.75,,,4.0
2021.0,12.0,Charlotte,Marshall,14.5,,,4.0
2021.0,12.0,Cincinnati,SMU,-9.75,,,4.0
2021.0,12.0,Clemson,Wake Forest,-3.5,,,4.0
2021.0,12.0,Coastal Carolina,Texas State,-24.5,,,4.0
2021.0,12.0,Colorado,Washington,6.5,,,4.0
2021.0,12.0,Duke,Louisville,20.0,,,4.0
2021.0,12.0,Eastern Michigan,Western Michigan,6.0,,,4.0
2021.0,12.0,Florida International,North Texas,10.0,,,4.0
2021.0,12.0,Georgia,Charleston Southern,-52.5,,,3.0
2021.0,12.0,Georgia Southern,BYU,20.0,,,4.0
2021.0,12.0,Georgia State,Arkansas State,-15.5,,,4.0
2021.0,12.0,Hawai'i,Colorado State,3.0,,,4.0
2021.0,12.0,Houston,Memphis,-9.5,,,4.0
2021.0,12.0,Indiana,Minnesota,7.5,,,4.0
2021.0,12.0,Iowa,Illinois,-12.0,,,4.0
2021.0,12.0,Kansas State,Baylor,-2.5,,,4.0
2021.0,12.0,Kentucky,New Mexico State,-35.5,,,4.0
2021.0,12.0,LSU,UL Monroe,-29.0,,,4.0
2021.0,12.0,Liberty,Louisiana,-4.25,,,4.0
2021.0,12.0,Louisiana Tech,Southern Miss,-15.5,,,4.0
2021.0,12.0,Maryland,Michigan,16.0,,,4.0
2021.0,12.0,Miami,Virginia Tech,-7.0,,,4.0
2021.0,12.0,Miami (OH),Bowling Green,-17.0,,,4.0
2021.0,12.0,Middle Tennessee,Old Dominion,-3.0,,,4.0
2021.0,12.0,Mississippi State,Tennessee State,-44.0,,,3.0
2021.0,12.0,Missouri,Florida,9.0,,,4.0
2021.0,12.0,NC State,Syracuse,-11.5,,,4.0
2021.0,12.0,Navy,East Carolina,3.5,,,4.0
2021.0,12.0,Nevada,Air Force,1.75,,,4.0
2021.0,12.0,North Carolina,Wofford,-37.0,,,3.0
2021.0,12.0,Northwestern,Purdue,11.0,,,4.0
2021.0,12.0,Notre Dame,Georgia Tech,-18.0,,,4.0
2021.0,12.0,Ohio,Toledo,7.5,,,4.0
2021.0,12.0,Ohio State,Michigan State,-19.5,,,4.0
2021.0,12.0,Oklahoma,Iowa State,-3.0,,,4.0
2021.0,12.0,Ole Miss,Vanderbilt,-35.75,,,4.0
2021.0,12.0,Oregon State,Arizona State,3.0,,,4.0
2021.0,12.0,Penn State,Rutgers,-14.0,,,4.0
2021.0,12.0,Pittsburgh,Virginia,-13.0,,,4.0
2021.0,12.0,South Carolina,Auburn,7.0,,,4.0
2021.0,12.0,Stanford,California,2.5,,,4.0
2021.0,12.0,TCU,Kansas,-21.0,,,4.0
2021.0,12.0,Tennessee,South Alabama,-28.25,,,4.0
2021.0,12.0,Texas A&M,Prairie View A&M,-41.5,,,3.0
2021.0,12.0,Texas Tech,Oklahoma State,10.0,,,4.0
2021.0,12.0,Troy,App State,10.0,,,4.0
2021.0,12.0,Tulane,South Florida,-5.5,,,4.0
2021.0,12.0,Tulsa,Temple,-22.0,,,4.0
2021.0,12.0,UCF,UConn,-30.0,,,4.0
2021.0,12.0,UNLV,San Diego State,11.0,,,4.0
2021.0,12.0,USC,UCLA,3.5,,,4.0
2021.0,12.0,UTEP,Rice,-9.0,,,4.0
2021.0,12.0,UTSA,UAB,-3.75,,,4.0
2021.0,12.0,Utah,Oregon,-3.0,,,4.0
2021.0,12.0,Utah State,Wyoming,-5.75,,,4.0
2021.0,12.0,Washington State,Arizona,-14.75,,,4.0
2021.0,12.0,West Virginia,Texas,-2.25,,,4.0
2021.0,12.0,Western Kentucky,Florida Atlantic,-11.25,,,4.0
2021.0,12.0,Wisconsin,Nebraska,-10.0,,,4.0
2021.0,13.0,Air Force,UNLV,-18.5,,,4.0
2021.0,13.0,App State,Georgia Southern,-24.5,,,4.0
2021.0,13.0,Arizona State,Arizona,-20.0,,,4.0
2021.0,13.0,Arkansas,Missouri,-14.5,,,4.0
2021.0,13.0,Arkansas State,Texas State,-2.0,,,4.0
2021.0,13.0,Auburn,Alabama,20.5,,,4.0
2021.0,13.0,Ball State,Buffalo,-6.0,,,4.0
2021.0,13.0,Baylor,Texas Tech,-14.0,,,4.0
2021.0,13.0,Boston College,Wake Forest,6.5,,,4.0
2021.0,13.0,Bowling Green,Ohio,6.25,,,4.0
2021.0,13.0,Central Michigan,Eastern Michigan,-8.5,,,4.0
2021.0,13.0,Colorado State,Nevada,3.0,,,4.0
2021.0,13.0,Duke,Miami,20.5,,,4.0
2021.0,13.0,East Carolina,Cincinnati,14.5,,,4.0
2021.0,13.0,Florida,Florida State,-4.0,,,4.0
2021.0,13.0,Florida Atlantic,Middle Tennessee,-3.5,,,4.0
2021.0,13.0,Georgia State,Troy,-6.5,,,4.0
2021.0,13.0,Georgia Tech,Georgia,35.5,,,4.0
2021.0,13.0,Illinois,Northwestern,-7.0,,,4.0
2021.0,13.0,Iowa State,TCU,-15.5,,,4.0
2021.0,13.0,Kansas,West Virginia,15.5,,,4.0
2021.0,13.0,Kent State,Miami (OH),0.5,,,4.0
2021.0,13.0,LSU,Texas A&M,6.25,,,4.0
2021.0,13.0,Liberty,Army,-3.0,,,4.0
2021.0,13.0,Louisiana,UL Monroe,-21.5,,,4.0
2021.0,13.0,Louisville,Kentucky,-3.0,,,4.0
2021.0,13.0,Marshall,Western Kentucky,-0.75,,,4.0
2021.0,13.0,Memphis,Tulane,-5.5,,,4.0
2021.0,13.0,Michigan,Ohio State,6.5,,,4.0
2021.0,13.0,Michigan State,Penn State,4.5,,,4.0
2021.0,13.0,Minnesota,Wisconsin,7.0,,,4.0
2021.0,13.0,Mississippi State,Ole Miss,-2.0,,,4.0
2021.0,13.0,NC State,North Carolina,-6.0,,,4.0
2021.0,13.0,Nebraska,Iowa,-1.25,,,4.0
2021.0,13.0,New Mexico,Utah State,17.0,,,4.0
2021.0,13.0,New Mexico State,Massachusetts,-7.0,,,4.0
2021.0,13.0,North Texas,UTSA,8.5,,,4.0
2021.0,13.0,Northern Illinois,Western Michigan,7.0,,,4.0
2021.0,13.0,Oklahoma State,Oklahoma,-4.0,,,4.0
2021.0,13.0,Old Dominion,Charlotte,-8.5,,,4.0
2021.0,13.0,Oregon,Oregon State,-7.5,,,4.0
2021.0,13.0,Purdue,Indiana,-17.5,,,4.0
2021.0,13.0,Rice,Louisiana Tech,4.0,,,4.0
2021.0,13.0,Rutgers,Maryland,-2.0,,,4.0
2021.0,13.0,SMU,Tulsa,-6.5,,,4.0
2021.0,13.0,San Diego State,Boise State,3.0,,,4.0
2021.0,13.0,San José State,Fresno State,7.0,,,4.0
2021.0,13.0,South Alabama,Coastal Carolina,15.0,,,4.0
2021.0,13.0,South Carolina,Clemson,11.5,,,4.0
2021.0,13.0,Southern Miss,Florida International,-14.5,,,4.0
2021.0,13.0,Stanford,Notre Dame,20.75,,,4.0
2021.0,13.0,Syracuse,Pittsburgh,12.25,,,4.0
2021.0,13.0,Temple,Navy,13.5,,,4.0
2021.0,13.0,Tennessee,Vanderbilt,-32.0,,,4.0
2021.0,13.0,Texas,Kansas State,-3.0,,,4.0
2021.0,13.0,Toledo,Akron,-28.5,,,4.0
2021.0,13.0,UAB,UTEP,-13.5,,,4.0
2021.0,13.0,UCF,South Florida,-17.0,,,4.0
2021.0,13.0,UCLA,California,-6.5,,,4.0
2021.0,13.0,UConn,Houston,32.0,,,4.0
2021.0,13.0,USC,BYU,8.5,,,4.0
2021.0,13.0,Utah,Colorado,-24.0,,,4.0
2021.0,13.0,Virginia,Virginia Tech,-7.0,,,4.0
2021.0,13.0,Washington,Washington State,1.0,,,4.0
2021.0,13.0,Wyoming,Hawai'i,-13.0,,,4.0
2021.0,14.0,Alabama,Georgia,6.25,,,4.0
2021.0,14.0,California,USC,-4.5,,,3.0
2021.0,14.0,Cincinnati,Houston,-10.5,,,4.0
2021.0,14.0,Iowa,Michigan,12.0,,,4.0
2021.0,14.0,Louisiana,App State,2.5,,,4.0
2021.0,14.0,Northern Illinois,Kent State,3.75,,,4.0
2021.0,14.0,Oklahoma State,Baylor,-7.0,,,4.0
2021.0,14.0,San Diego State,Utah State,-6.5,,,4.0
2021.0,14.0,UTSA,Western Kentucky,3.25,,,4.0
2021.0,14.0,Utah,Oregon,-3.0,,,4.0
2021.0,14.0,Wake Forest,Pittsburgh,3.5,,,4.0
2021.0,15.0,Army,Navy,7.0,,,4.0
2022.0,1.0,Abilene Christian,Lamar,-16.5,,,3.0
2022.0,1.0,Air Force,Northern Iowa,-15.0,,,3.0
2022.0,1.0,Alabama,Utah State,-42.0,,,4.0
2022.0,1.0,Alabama State,Howard,-1.0,,,3.0
2022.0,1.0,Alcorn State,Stephen F. Austin,14.75,,,2.0
2022.0,1.0,App State,North Carolina,-3.0,,,4.0
2022.0,1.0,Arizona State,Northern Arizona,-25.5,,,3.0
2022.0,1.0,Arkansas,Cincinnati,-6.5,,,4.0
2022.0,1.0,Arkansas State,Grambling,-25.5,,,3.0
2022.0,1.0,Auburn,Mercer,-30.0,,,3.0
2022.0,1.0,Austin Peay,Presbyterian,-36.0,,,2.0
2022.0,1.0,Baylor,UAlbany,-42.5,,,3.0
2022.0,1.0,Boston College,Rutgers,-9.0,,,4.0
2022.0,1.0,Bucknell,Towson,18.0,,,2.0
2022.0,1.0,California,UC Davis,-14.0,,,3.0
2022.0,1.0,Campbell,The Citadel,-9.5,,,3.0
2022.0,1.0,Central Arkansas,Missouri State,16.0,,,3.0
2022.0,1.0,Charleston Southern,Western Carolina,3.0,,,2.0
2022.0,1.0,Charlotte,William & Mary,-4.5,,,3.0
2022.0,1.0,Chattanooga,Wofford,-18.75,,,2.0
2022.0,1.0,Coastal Carolina,Army,-1.5,,,4.0
2022.0,1.0,Colorado,TCU,13.5,,,4.0
2022.0,1.0,Duke,Temple,-9.5,,,4.0
2022.0,1.0,East Carolina,NC State,12.5,,,4.0
2022.0,1.0,Eastern Michigan,Eastern Kentucky,-10.5,,,3.0
2022.0,1.0,Eastern Washington,Tennessee State,-22.5,,,1.0
2022.0,1.0,Florida,Utah,2.5,,,4.0
2022.0,1.0,Florida Atlantic,Charlotte,-7.0,,,1.0
2022.0,1.0,Florida International,Bryant,-10.5,,,3.0
2022.0,1.0,Florida State,Duquesne,-42.0,,,3.0
2022.0,1.0,Florida State,LSU,4.5,,,1.0
2022.0,1.0,Fresno State,Cal Poly,-42.5,,,3.0
2022.0,1.0,Georgia,Oregon,-16.0,,,4.0
2022.0,1.0,Georgia Southern,Morgan State,-39.5,,,3.0
2022.0,1.0,Georgia Tech,Clemson,24.5,,,4.0
2022.0,1.0,Hampton,Howard,-9.0,,,2.0
2022.0,1.0,Hawai'i,Vanderbilt,9.25,,,4.0
2022.0,1.0,Hawai'i,Western Kentucky,16.5,,,4.0
2022.0,1.0,Illinois,Wyoming,-14.0,,,4.0
2022.0,1.0,Incarnate Word,Southern Illinois,4.75,,,2.0
2022.0,1.0,Indiana,Illinois,-1.0,,,4.0
2022.0,1.0,Indiana State,North Alabama,-3.5,,,3.0
2022.0,1.0,Iowa,South Dakota State,-10.5,,,3.0
2022.0,1.0,Iowa State,Southeast Missouri State,-33.5,,,2.0
2022.0,1.0,Jacksonville State,Davidson,-26.5,,,1.0
2022.0,1.0,Jacksonville State,Stephen F. Austin,7.5,,,3.0
2022.0,1.0,James Madison,Middle Tennessee,-4.5,,,4.0
2022.0,1.0,Kansas,Tennessee Tech,-30.5,,,3.0
2022.0,1.0,Kansas State,South Dakota,-27.0,,,3.0
2022.0,1.0,Kentucky,Miami (OH),-15.5,,,4.0
2022.0,1.0,Lafayette,Sacred Heart,6.5,,,2.0
2022.0,1.0,Louisiana,SE Louisiana,-13.0,,,3.0
2022.0,1.0,Marist,Georgetown,0.0,,,1.0
2022.0,1.0,Marshall,Norfolk State,-40.5,,,3.0
2022.0,1.0,Maryland,Buffalo,-24.0,,,4.0
2022.0,1.0,Mercer,Morehead State,-29.5,,,3.0
2022.0,1.0,Merrimack,Holy Cross,23.5,,,3.0
2022.0,1.0,Miami,Bethune-Cookman,-49.5,,,2.0
2022.0,1.0,Michigan,Colorado State,-31.0,,,4.0
2022.0,1.0,Michigan State,Western Michigan,-21.75,,,4.0
2022.0,1.0,Minnesota,New Mexico State,-36.0,,,4.0
2022.0,1.0,Mississippi State,Memphis,-17.0,,,4.0
2022.0,1.0,Missouri,Louisiana Tech,-20.5,,,4.0
2022.0,1.0,Montana,Northwestern State,-33.5,,,2.0
2022.0,1.0,Montana State,McNeese,-19.5,,,1.0
2022.0,1.0,Navy,Delaware,-13.0,,,3.0
2022.0,1.0,Nebraska,North Dakota,-28.5,,,3.0
2022.0,1.0,Nevada,Texas State,2.0,,,4.0
2022.0,1.0,New Hampshire,Monmouth,1.5,,,3.0
2022.0,1.0,New Mexico,Maine,-6.0,,,3.0
2022.0,1.0,New Mexico State,Nevada,7.0,,,4.0
2022.0,1.0,North Carolina,Florida A&M,-45.0,,,3.0
2022.0,1.0,North Carolina Central,North Carolina A&T,0.0,,,2.0
2022.0,1.0,North Dakota State,Drake,-48.0,,,2.0
2022.0,1.0,North Texas,SMU,9.5,,,4.0
2022.0,1.0,Northern Colorado,Houston Christian,-16.0,,,1.0
2022.0,1.0,Northern Illinois,Eastern Illinois,-35.0,,,3.0
2022.0,1.0,Northwestern,Nebraska,12.25,,,4.0
2022.0,1.0,Ohio,Florida Atlantic,6.0,,,4.0
2022.0,1.0,Ohio State,Notre Dame,-17.0,,,4.0
2022.0,1.0,Oklahoma,UTEP,-31.0,,,4.0
2022.0,1.0,Oklahoma State,Central Michigan,-20.5,,,4.0
2022.0,1.0,Old Dominion,Virginia Tech,6.0,,,4.0
2022.0,1.0,Ole Miss,Troy,-21.5,,,4.0
2022.0,1.0,Oregon State,Boise State,-1.5,,,4.0
2022.0,1.0,Pittsburgh,West Virginia,-7.5,,,4.0
2022.0,1.0,Prairie View A&M,Texas Southern,-11.0,,,2.0
2022.0,1.0,Purdue,Penn State,3.5,,,4.0
2022.0,1.0,Robert Morris,Dayton,-1.5,,,1.0
2022.0,1.0,Samford,Kennesaw State,13.5,,,1.0
2022.0,1.0,San Diego State,Arizona,-6.25,,,4.0
2022.0,1.0,San José State,Portland State,-22.0,,,3.0
2022.0,1.0,South Alabama,Nicholls,-13.5,,,3.0
2022.0,1.0,South Carolina,Georgia State,-12.5,,,4.0
2022.0,1.0,South Florida,BYU,11.5,,,4.0
2022.0,1.0,Southern Miss,Liberty,3.5,,,4.0
2022.0,1.0,Southern Utah,St. Thomas (MN),-3.0,,,2.0
2022.0,1.0,Stanford,Colgate,-40.0,,,3.0
2022.0,1.0,Stony Brook,Rhode Island,0.0,,,3.0
2022.0,1.0,Syracuse,Louisville,6.0,,,1.0
2022.0,1.0,Tarleton State,Mississippi Valley State,-13.0,,,2.0
2022.0,1.0,Tennessee,Ball State,-36.25,,,4.0
2022.0,1.0,Texas,UL Monroe,-37.5,,,4.0
2022.0,1.0,Texas A&M,Sam Houston,-36.5,,,3.0
2022.0,1.0,Texas Tech,Murray State,-38.0,,,3.0
2022.0,1.0,Toledo,Long Island University,-47.0,,,3.0
2022.0,1.0,Tulane,Massachusetts,-28.5,,,4.0
2022.0,1.0,UAB,Alabama A&M,-40.5,,,3.0
2022.0,1.0,UCF,South Carolina State,-43.5,,,3.0
2022.0,1.0,UCLA,Bowling Green,-24.0,,,4.0
2022.0,1.0,UConn,Central Connecticut,-20.5,,,3.0
2022.0,1.0,UNLV,Idaho State,-22.5,,,3.0
2022.0,1.0,USC,Rice,-33.0,,,4.0
2022.0,1.0,UT Martin,Western Illinois,-17.0,,,2.0
2022.0,1.0,UTEP,North Texas,1.5,,,4.0
2022.0,1.0,UTSA,Houston,3.5,,,4.0
2022.0,1.0,Utah State,UConn,-24.0,,,4.0
2022.0,1.0,Vanderbilt,Elon,-18.5,,,3.0
2022.0,1.0,Villanova,Lehigh,-27.5,,,3.0
2022.0,1.0,Virginia,Richmond,-21.5,,,3.0
2022.0,1.0,Wagner,Fordham,27.5,,,3.0
2022.0,1.0,Wake Forest,VMI,-33.5,,,3.0
2022.0,1.0,Washington,Kent State,-23.5,,,4.0
2022.0,1.0,Washington State,Idaho,-28.5,,,3.0
2022.0,1.0,Western Kentucky,Austin Peay,-32.5,,,3.0
2022.0,1.0,Wisconsin,Illinois State,-36.5,,,3.0
2022.0,1.0,Wyoming,Tulsa,6.5,,,4.0
2022.0,1.0,Youngstown State,Duquesne,-16.5,,,2.0
2022.0,2.0,Air Force,Colorado,-17.5,,,4.0
2022.0,2.0,Arizona,Mississippi State,12.5,,,4.0
2022.0,2.0,Arkansas,South Carolina,-9.0,,,4.0
2022.0,2.0,Army,UTSA,2.0,,,4.0
2022.0,2.0,Auburn,San José State,-24.0,,,4.0
2022.0,2.0,Ball State,Western Michigan,6.5,,,4.0
2022.0,2.0,Bowling Green,Eastern Kentucky,-7.5,,,2.0
2022.0,2.0,Buffalo,Holy Cross,-6.0,,,2.0
2022.0,2.0,California,UNLV,-12.5,,,4.0
2022.0,2.0,Central Michigan,South Alabama,-6.0,,,4.0
2022.0,2.0,Charlotte,Maryland,28.0,,,4.0
2022.0,2.0,Clemson,Furman,-45.5,,,2.0
2022.0,2.0,Coastal Carolina,Gardner-Webb,-32.5,,,2.0
2022.0,2.0,Colorado State,Middle Tennessee,-13.5,,,4.0
2022.0,2.0,East Carolina,Old Dominion,-13.0,,,4.0
2022.0,2.0,Florida,Kentucky,-6.0,,,4.0
2022.0,2.0,Florida Atlantic,SE Louisiana,-11.5,,,2.0
2022.0,2.0,Fresno State,Oregon State,-1.0,,,4.0
2022.0,2.0,Georgia,Samford,-53.0,,,2.0
2022.0,2.0,Georgia State,North Carolina,7.0,,,4.0
2022.0,2.0,Georgia Tech,Western Carolina,-24.25,,,2.0
2022.0,2.0,Illinois,Virginia,-4.0,,,4.0
2022.0,2.0,Indiana,Idaho,-24.5,,,2.0
2022.0,2.0,Iowa,Iowa State,-3.5,,,4.0
2022.0,2.0,James Madison,Norfolk State,-42.0,,,2.0
2022.0,2.0,Kansas State,Missouri,-7.0,,,4.0
2022.0,2.0,LSU,Southern,-44.5,,,2.0
2022.0,2.0,Liberty,UAB,6.0,,,4.0
2022.0,2.0,Louisiana,Eastern Michigan,-11.0,,,4.0
2022.0,2.0,Louisiana Tech,Stephen F. Austin,-6.5,,,2.0
2022.0,2.0,Miami,Southern Miss,-27.5,,,4.0
2022.0,2.0,Miami (OH),Robert Morris,-30.0,,,2.0
2022.0,2.0,Michigan,Hawai'i,-52.75,,,4.0
2022.0,2.0,Michigan State,Akron,-34.5,,,4.0
2022.0,2.0,Minnesota,Western Illinois,-41.0,,,2.0
2022.0,2.0,Missouri State,UT Martin,-14.0,,,1.0
2022.0,2.0,NC State,Charleston Southern,-45.5,,,2.0
2022.0,2.0,Navy,Memphis,4.5,,,4.0
2022.0,2.0,Nebraska,Georgia Southern,-23.5,,,4.0
2022.0,2.0,Nevada,Incarnate Word,-4.0,,,2.0
2022.0,2.0,New Mexico,Boise State,17.0,,,4.0
2022.0,2.0,North Texas,Texas Southern,-38.5,,,2.0
2022.0,2.0,Northwestern,Duke,-10.0,,,4.0
2022.0,2.0,Notre Dame,Marshall,-20.5,,,4.0
2022.0,2.0,Ohio State,Arkansas State,-44.5,,,4.0
2022.0,2.0,Oklahoma,Kent State,-33.25,,,4.0
2022.0,2.0,Oklahoma State,Arizona State,-11.75,,,4.0
2022.0,2.0,Ole Miss,Central Arkansas,-36.5,,,2.0
2022.0,2.0,Oregon,Eastern Washington,-27.0,,,2.0
2022.0,2.0,Penn State,Ohio,-28.0,,,4.0
2022.0,2.0,Pittsburgh,Tennessee,6.0,,,4.0
2022.0,2.0,Purdue,Indiana State,-37.0,,,2.0
2022.0,2.0,Rice,McNeese,-7.25,,,2.0
2022.0,2.0,Rutgers,Wagner,-48.5,,,2.0
2022.0,2.0,SMU,Lamar,-48.5,,,2.0
2022.0,2.0,San Diego State,Idaho State,-33.25,,,2.0
2022.0,2.0,South Florida,Howard,-40.0,,,2.0
2022.0,2.0,Stanford,USC,9.5,,,4.0
2022.0,2.0,TCU,Tarleton State,-40.0,,,2.0
2022.0,2.0,Temple,Lafayette,-14.0,,,2.0
2022.0,2.0,Texas,Alabama,21.25,,,4.0
2022.0,2.0,Texas A&M,App State,-18.0,,,4.0
2022.0,2.0,Texas State,Florida International,-13.5,,,4.0
2022.0,2.0,Texas Tech,Houston,-4.0,,,4.0
2022.0,2.0,Toledo,Massachusetts,-28.0,,,4.0
2022.0,2.0,Troy,Alabama A&M,-37.5,,,2.0
2022.0,2.0,Tulane,Alcorn State,-35.5,,,2.0
2022.0,2.0,Tulsa,Northern Illinois,-6.5,,,4.0
2022.0,2.0,UCF,Louisville,-5.5,,,4.0
2022.0,2.0,UCLA,Alabama State,-48.5,,,2.0
2022.0,2.0,UConn,Syracuse,23.5,,,4.0
2022.0,2.0,UL Monroe,Nicholls,-4.5,,,2.0
2022.0,2.0,UTEP,New Mexico State,-17.0,,,4.0
2022.0,2.0,Utah,Southern Utah,-45.5,,,2.0
2022.0,2.0,Utah State,Weber State,-6.5,,,2.0
2022.0,2.0,Vanderbilt,Wake Forest,13.5,,,4.0
2022.0,2.0,Virginia Tech,Boston College,-3.0,,,4.0
2022.0,2.0,Washington,Portland State,-31.0,,,2.0
2022.0,2.0,West Virginia,Kansas,-14.0,,,4.0
2022.0,2.0,Wisconsin,Washington State,-17.5,,,4.0
2022.0,2.0,Wyoming,Northern Colorado,-23.5,,,2.0
2022.0,3.0,Alabama,UL Monroe,-49.5,,,4.0
2022.0,3.0,Alabama A&M,Austin Peay,19.5,,,2.0
2022.0,3.0,App State,Troy,-14.0,,,4.0
2022.0,3.0,Arizona,North Dakota State,3.0,,,2.0
2022.0,3.0,Arizona State,Eastern Michigan,-20.5,,,4.0
2022.0,3.0,Arkansas,Missouri State,-26.0,,,2.0
2022.0,3.0,Army,Villanova,-14.0,,,3.0
2022.0,3.0,Auburn,Penn State,2.5,,,4.0
2022.0,3.0,Ball State,Murray State,-21.0,,,3.0
2022.0,3.0,Baylor,Texas State,-30.0,,,4.0
2022.0,3.0,Boise State,UT Martin,-24.75,,,2.0
2022.0,3.0,Boston College,Maine,-31.0,,,2.0
2022.0,3.0,Bowling Green,Marshall,17.0,,,4.0
2022.0,3.0,Brown,Bryant,4.5,,,3.0
2022.0,3.0,Central Michigan,Bucknell,-41.0,,,3.0
2022.0,3.0,Chattanooga,North Alabama,-20.75,,,2.0
2022.0,3.0,Clemson,Louisiana Tech,-33.5,,,4.0
2022.0,3.0,Coastal Carolina,Buffalo,-12.0,,,4.0
2022.0,3.0,Dartmouth,Valparaiso,-31.75,,,2.0
2022.0,3.0,Duke,North Carolina A&T,-30.5,,,2.0
2022.0,3.0,East Carolina,Campbell,-32.5,,,2.0
2022.0,3.0,East Tennessee State,Furman,-2.5,,,2.0
2022.0,3.0,Eastern Kentucky,Charleston Southern,-18.0,,,2.0
2022.0,3.0,Elon,Gardner-Webb,-13.5,,,2.0
2022.0,3.0,Florida,South Florida,-23.5,,,4.0
2022.0,3.0,Florida Atlantic,UCF,7.5,,,4.0
2022.0,3.0,Fordham,UAlbany,-8.0,,,2.0
2022.0,3.0,Georgia State,Charlotte,-19.5,,,4.0
2022.0,3.0,Georgia Tech,Ole Miss,17.0,,,4.0
2022.0,3.0,Harvard,Merrimack,-28.5,,,3.0
2022.0,3.0,Holy Cross,Yale,-8.5,,,2.0
2022.0,3.0,Houston,Kansas,-8.5,,,4.0
2022.0,3.0,Idaho,Drake,-31.0,,,2.0
2022.0,3.0,Idaho State,Central Arkansas,7.0,,,1.0
2022.0,3.0,Illinois State,Eastern Illinois,-15.5,,,2.0
2022.0,3.0,Indiana,Western Kentucky,-7.0,,,4.0
2022.0,3.0,Indiana State,Montana,24.5,,,3.0
2022.0,3.0,Iowa,Nevada,-24.0,,,4.0
2022.0,3.0,Iowa State,Ohio,-20.0,,,4.0
2022.0,3.0,Jackson State,Grambling,-28.5,,,2.0
2022.0,3.0,Kansas State,Tulane,-13.5,,,4.0
2022.0,3.0,Kent State,Long Island University,-40.0,,,3.0
2022.0,3.0,Kentucky,Youngstown State,-30.0,,,3.0
2022.0,3.0,LSU,Mississippi State,3.0,,,4.0
2022.0,3.0,Lafayette,William & Mary,21.0,,,2.0
2022.0,3.0,Lamar,Northern Colorado,3.0,,,2.0
2022.0,3.0,Lehigh,Richmond,16.0,,,3.0
2022.0,3.0,Louisville,Florida State,2.5,,,4.0
2022.0,3.0,Marist,Columbia,20.0,,,2.0
2022.0,3.0,Maryland,SMU,-3.0,,,4.0
2022.0,3.0,Massachusetts,Stony Brook,-1.0,,,3.0
2022.0,3.0,McNeese,Alcorn State,-7.0,,,1.0
2022.0,3.0,Memphis,Arkansas State,-14.5,,,4.0
2022.0,3.0,Mercer,The Citadel,-18.5,,,2.0
2022.0,3.0,Miami (OH),Cincinnati,24.0,,,4.0
2022.0,3.0,Michigan,UConn,-47.5,,,4.0
2022.0,3.0,Middle Tennessee,Tennessee State,-19.5,,,2.0
2022.0,3.0,Minnesota,Colorado,-28.0,,,4.0
2022.0,3.0,Missouri,Abilene Christian,-31.5,,,3.0
2022.0,3.0,Monmouth,Georgetown,-17.5,,,2.0
2022.0,3.0,Morgan State,Sacred Heart,14.5,,,3.0
2022.0,3.0,NC State,Texas Tech,-10.5,,,4.0
2022.0,3.0,Nebraska,Oklahoma,10.5,,,4.0
2022.0,3.0,New Hampshire,North Carolina Central,-13.25,,,2.0
2022.0,3.0,New Mexico,UTEP,2.0,,,4.0
2022.0,3.0,Norfolk State,Hampton,2.5,,,1.0
2022.0,3.0,Northern Arizona,North Dakota,6.0,,,1.0
2022.0,3.0,Northern Illinois,Vanderbilt,-2.5,,,4.0
2022.0,3.0,Northern Iowa,Sacramento State,-2.25,,,2.0
2022.0,3.0,Northwestern,Southern Illinois,-13.5,,,3.0
2022.0,3.0,Notre Dame,California,-13.5,,,4.0
2022.0,3.0,Ohio State,Toledo,-31.5,,,4.0
2022.0,3.0,Oklahoma State,Arkansas-Pine Bluff,-54.5,,,2.0
2022.0,3.0,Oregon,BYU,-3.5,,,4.0
2022.0,3.0,Oregon State,Montana State,-17.0,,,2.0
2022.0,3.0,Pennsylvania,Colgate,-3.0,,,3.0
2022.0,3.0,Prairie View A&M,Incarnate Word,19.0,,,2.0
2022.0,3.0,Rhode Island,Delaware,-3.0,,,3.0
2022.0,3.0,Rice,Louisiana,11.5,,,4.0
2022.0,3.0,SE Louisiana,Central Connecticut,-21.25,,,2.0
2022.0,3.0,South Carolina,Georgia,25.5,,,4.0
2022.0,3.0,South Dakota,Cal Poly,-18.0,,,2.0
2022.0,3.0,South Dakota State,Butler,-51.5,,,2.0
2022.0,3.0,Southeast Missouri State,Nicholls,-5.5,,,2.0
2022.0,3.0,Southern,Texas Southern,7.0,,,2.0
2022.0,3.0,Southern Miss,Northwestern State,-32.75,,,2.0
2022.0,3.0,Stetson,Princeton,33.5,,,2.0
2022.0,3.0,Syracuse,Purdue,-1.5,,,4.0
2022.0,3.0,Temple,Rutgers,18.0,,,4.0
2022.0,3.0,Tennessee,Akron,-47.5,,,4.0
2022.0,3.0,Tennessee Tech,Samford,16.0,,,2.0
2022.0,3.0,Texas,UTSA,-13.0,,,4.0
2022.0,3.0,Texas A&M,Miami,-6.5,,,4.0
2022.0,3.0,Tulsa,Jacksonville State,-12.0,,,2.0
2022.0,3.0,UAB,Georgia Southern,-11.5,,,4.0
2022.0,3.0,UC Davis,San Diego,-24.0,,,2.0
2022.0,3.0,UCLA,South Alabama,-15.5,,,4.0
2022.0,3.0,UNLV,North Texas,-2.5,,,4.0
2022.0,3.0,USC,Fresno State,-11.75,,,4.0
2022.0,3.0,Utah,San Diego State,-22.5,,,4.0
2022.0,3.0,Virginia,Old Dominion,-8.25,,,4.0
2022.0,3.0,Virginia Tech,Wofford,-39.0,,,3.0
2022.0,3.0,Wagner,St. Francis (PA),17.0,,,1.0
2022.0,3.0,Wake Forest,Liberty,-17.5,,,4.0
2022.0,3.0,Washington,Michigan State,-3.5,,,4.0
2022.0,3.0,Washington State,Colorado State,-17.0,,,4.0
2022.0,3.0,West Virginia,Towson,-41.0,,,3.0
2022.0,3.0,Western Carolina,Presbyterian,-39.0,,,2.0
2022.0,3.0,Western Michigan,Pittsburgh,10.0,,,4.0
2022.0,3.0,Wisconsin,New Mexico State,-37.5,,,4.0
2022.0,3.0,Wyoming,Air Force,16.5,,,4.0
2022.0,4.0,Air Force,Nevada,-24.0,,,4.0
2022.0,4.0,Alabama,Vanderbilt,-40.5,,,4.0
2022.0,4.0,Alabama State,Prairie View A&M,6.5,,,1.0
2022.0,4.0,Alcorn State,Arkansas-Pine Bluff,-18.25,,,2.0
2022.0,4.0,App State,James Madison,-6.25,,,4.0
2022.0,4.0,Arizona State,Utah,16.75,,,4.0
2022.0,4.0,Auburn,Missouri,-7.5,,,4.0
2022.0,4.0,Austin Peay,Eastern Kentucky,-1.5,,,2.0
2022.0,4.0,Bethune-Cookman,Grambling,-2.5,,,1.0
2022.0,4.0,Brown,Harvard,16.5,,,2.0
2022.0,4.0,California,Arizona,-3.5,,,4.0
2022.0,4.0,Charleston Southern,Furman,16.0,,,1.0
2022.0,4.0,Cincinnati,Indiana,-16.5,,,4.0
2022.0,4.0,Colgate,Holy Cross,20.5,,,2.0
2022.0,4.0,Colorado,UCLA,22.0,,,4.0
2022.0,4.0,Colorado State,Sacramento State,4.5,,,2.0
2022.0,4.0,Cornell,Yale,9.0,,,2.0
2022.0,4.0,Delaware,Hampton,-24.5,,,2.0
2022.0,4.0,Delaware State,Merrimack,6.0,,,2.0
2022.0,4.0,Drake,Marist,-7.0,,,2.0
2022.0,4.0,East Carolina,Navy,-16.5,,,4.0
2022.0,4.0,Eastern Michigan,Buffalo,-6.5,,,4.0
2022.0,4.0,Eastern Washington,Montana State,6.0,,,2.0
2022.0,4.0,Florida A&M,Alabama A&M,-10.0,,,1.0
2022.0,4.0,Florida State,Boston College,-18.5,,,4.0
2022.0,4.0,Gardner-Webb,Mercer,7.0,,,2.0
2022.0,4.0,Georgetown,Columbia,10.25,,,2.0
2022.0,4.0,Georgia,Kent State,-45.0,,,4.0
2022.0,4.0,Georgia Southern,Ball State,-9.5,,,4.0
2022.0,4.0,Georgia State,Coastal Carolina,2.5,,,4.0
2022.0,4.0,Houston,Rice,-17.5,,,4.0
2022.0,4.0,Illinois,Chattanooga,-20.0,,,2.0
2022.0,4.0,Iowa State,Baylor,-2.5,,,4.0
2022.0,4.0,Jackson State,Mississippi Valley State,-40.0,,,2.0
2022.0,4.0,Kansas,Duke,-7.0,,,4.0
2022.0,4.0,Kentucky,Northern Illinois,-26.75,,,4.0
2022.0,4.0,LSU,New Mexico,-31.5,,,4.0
2022.0,4.0,Liberty,Akron,-26.5,,,4.0
2022.0,4.0,Long Island University,Bryant,14.0,,,1.0
2022.0,4.0,Louisville,South Florida,-15.5,,,4.0
2022.0,4.0,Memphis,North Texas,-12.75,,,4.0
2022.0,4.0,Miami,Middle Tennessee,-25.5,,,4.0
2022.0,4.0,Michigan,Maryland,-17.0,,,4.0
2022.0,4.0,Michigan State,Minnesota,3.0,,,4.0
2022.0,4.0,Mississippi State,Bowling Green,-31.0,,,4.0
2022.0,4.0,Missouri State,South Dakota State,2.0,,,1.0
2022.0,4.0,Montana,Portland State,-22.5,,,1.0
2022.0,4.0,Murray State,Eastern Illinois,-4.5,,,1.0
2022.0,4.0,NC State,UConn,-38.5,,,4.0
2022.0,4.0,New Mexico State,Hawai'i,-4.5,,,4.0
2022.0,4.0,Nicholls,Jacksonville State,8.75,,,2.0
2022.0,4.0,Norfolk State,St. Francis (PA),9.5,,,2.0
2022.0,4.0,North Alabama,Tarleton State,-2.0,,,1.0
2022.0,4.0,North Carolina,Notre Dame,-2.5,,,4.0
2022.0,4.0,North Carolina A&T,South Carolina State,-2.5,,,1.0
2022.0,4.0,Northern Arizona,Idaho,-2.5,,,1.0
2022.0,4.0,Northern Colorado,Idaho State,-3.5,,,2.0
2022.0,4.0,Northwestern,Miami (OH),-7.5,,,4.0
2022.0,4.0,Northwestern State,Lamar,2.0,,,1.0
2022.0,4.0,Ohio,Fordham,-16.5,,,2.0
2022.0,4.0,Ohio State,Wisconsin,-19.0,,,4.0
2022.0,4.0,Oklahoma,Kansas State,-13.5,,,4.0
2022.0,4.0,Old Dominion,Arkansas State,-5.0,,,4.0
2022.0,4.0,Ole Miss,Tulsa,-21.0,,,4.0
2022.0,4.0,Oregon State,USC,5.5,,,4.0
2022.0,4.0,Penn State,Central Michigan,-28.0,,,4.0
2022.0,4.0,Pennsylvania,Lafayette,-11.5,,,1.0
2022.0,4.0,Pittsburgh,Rhode Island,-32.5,,,2.0
2022.0,4.0,Presbyterian,Davidson,28.25,,,2.0
2022.0,4.0,Princeton,Lehigh,-24.0,,,2.0
2022.0,4.0,Purdue,Florida Atlantic,-16.25,,,4.0
2022.0,4.0,Richmond,Stony Brook,-14.5,,,1.0
2022.0,4.0,Robert Morris,East Tennessee State,16.0,,,1.0
2022.0,4.0,Rutgers,Iowa,7.5,,,4.0
2022.0,4.0,SMU,TCU,2.5,,,4.0
2022.0,4.0,Samford,Western Carolina,-3.5,,,2.0
2022.0,4.0,San Diego State,Toledo,3.0,,,4.0
2022.0,4.0,San José State,Western Michigan,-6.5,,,4.0
2022.0,4.0,South Alabama,Louisiana Tech,-13.0,,,4.0
2022.0,4.0,South Carolina,Charlotte,-23.5,,,4.0
2022.0,4.0,South Dakota,North Dakota State,16.5,,,1.0
2022.0,4.0,Southeast Missouri State,Central Arkansas,-4.0,,,1.0
2022.0,4.0,Southern Illinois,North Dakota,-4.0,,,2.0
2022.0,4.0,Stetson,Morehead State,2.5,,,2.0
2022.0,4.0,Syracuse,Virginia,-9.5,,,4.0
2022.0,4.0,Temple,Massachusetts,-10.0,,,4.0
2022.0,4.0,Tennessee,Florida,-11.0,,,4.0
2022.0,4.0,Texas A&M,Arkansas,-1.5,,,4.0
2022.0,4.0,Texas State,Houston Christian,-26.5,,,2.0
2022.0,4.0,Texas Tech,Texas,7.0,,,4.0
2022.0,4.0,Towson,New Hampshire,6.0,,,2.0
2022.0,4.0,Troy,Marshall,3.25,,,4.0
2022.0,4.0,Tulane,Southern Miss,-11.75,,,4.0
2022.0,4.0,UAlbany,Central Connecticut,-17.0,,,2.0
2022.0,4.0,UC Davis,Weber State,2.75,,,2.0
2022.0,4.0,UCF,Georgia Tech,-21.0,,,4.0
2022.0,4.0,UL Monroe,Louisiana,9.5,,,4.0
2022.0,4.0,UT Martin,Lindenwood,-27.5,,,1.0
2022.0,4.0,UTEP,Boise State,16.25,,,4.0
2022.0,4.0,UTSA,Texas Southern,-42.0,,,2.0
2022.0,4.0,Utah State,UNLV,3.0,,,4.0
2022.0,4.0,Valparaiso,San Diego,7.5,,,2.0
2022.0,4.0,Villanova,Monmouth,-10.5,,,1.0
2022.0,4.0,Virginia Tech,West Virginia,2.0,,,4.0
2022.0,4.0,Wake Forest,Clemson,7.5,,,4.0
2022.0,4.0,Washington,Stanford,-14.0,,,4.0
2022.0,4.0,Washington State,Oregon,6.5,,,4.0
2022.0,4.0,Western Illinois,Northern Iowa,15.75,,,2.0
2022.0,4.0,Western Kentucky,Florida International,-31.0,,,4.0
2022.0,4.0,William & Mary,Elon,-6.5,,,2.0
2022.0,5.0,Air Force,Navy,-14.0,,,4.0
2022.0,5.0,Akron,Bowling Green,9.0,,,4.0
2022.0,5.0,Alabama A&M,Bethune-Cookman,-6.5,,,2.0
2022.0,5.0,App State,The Citadel,-39.5,,,2.0
2022.0,5.0,Arizona,Colorado,-17.75,,,4.0
2022.0,5.0,Arkansas,Alabama,17.0,,,4.0
2022.0,5.0,Arkansas State,UL Monroe,-7.5,,,4.0
2022.0,5.0,Army,Georgia State,-8.5,,,4.0
2022.0,5.0,Auburn,LSU,8.0,,,4.0
2022.0,5.0,Ball State,Northern Illinois,3.25,,,4.0
2022.0,5.0,Baylor,Oklahoma State,-2.5,,,4.0
2022.0,5.0,Boise State,San Diego State,-6.0,,,4.0
2022.0,5.0,Boston College,Louisville,13.5,,,4.0
2022.0,5.0,Bucknell,Lafayette,3.0,,,2.0
2022.0,5.0,Buffalo,Miami (OH),-3.0,,,4.0
2022.0,5.0,Cal Poly,Sacramento State,25.0,,,2.0
2022.0,5.0,Campbell,North Carolina Central,-4.75,,,2.0
2022.0,5.0,Central Arkansas,Austin Peay,6.5,,,2.0
2022.0,5.0,Charlotte,UTEP,3.5,,,4.0
2022.0,5.0,Clemson,NC State,-6.5,,,4.0
2022.0,5.0,Coastal Carolina,Georgia Southern,-10.0,,,4.0
2022.0,5.0,Colgate,Cornell,-4.0,,,2.0
2022.0,5.0,Columbia,Princeton,4.0,,,2.0
2022.0,5.0,Dartmouth,Pennsylvania,-13.75,,,2.0
2022.0,5.0,Davidson,Butler,-21.5,,,2.0
2022.0,5.0,Dayton,Drake,-16.0,,,2.0
2022.0,5.0,Delaware,Towson,-26.25,,,2.0
2022.0,5.0,Delaware State,Robert Morris,3.0,,,2.0
2022.0,5.0,Duke,Virginia,-2.0,,,4.0
2022.0,5.0,East Tennessee State,Chattanooga,6.5,,,2.0
2022.0,5.0,Eastern Kentucky,Southern Utah,-14.5,,,2.0
2022.0,5.0,Eastern Michigan,Massachusetts,-20.0,,,4.0
2022.0,5.0,Elon,Richmond,2.0,,,2.0
2022.0,5.0,Florida,Eastern Washington,-32.0,,,3.0
2022.0,5.0,Florida A&M,Mississippi Valley State,-24.5,,,2.0
2022.0,5.0,Florida State,Wake Forest,-6.0,,,4.0
2022.0,5.0,Fordham,Georgetown,-24.0,,,2.0
2022.0,5.0,Furman,Samford,-2.0,,,2.0
2022.0,5.0,Grambling,Prairie View A&M,13.0,,,2.0
2022.0,5.0,Harvard,Holy Cross,6.5,,,2.0
2022.0,5.0,Houston,Tulane,-5.5,,,4.0
2022.0,5.0,Idaho,Northern Colorado,-15.5,,,2.0
2022.0,5.0,Idaho State,Montana,33.0,,,2.0
2022.0,5.0,Illinois State,Southern Illinois,7.5,,,2.0
2022.0,5.0,Incarnate Word,McNeese,-24.5,,,2.0
2022.0,5.0,Iowa,Michigan,10.5,,,4.0
2022.0,5.0,James Madison,Texas State,-21.75,,,4.0
2022.0,5.0,Kansas,Iowa State,3.5,,,4.0
2022.0,5.0,Kansas State,Texas Tech,-7.5,,,4.0
2022.0,5.0,Kent State,Ohio,-13.0,,,4.0
2022.0,5.0,Lamar,Houston Christian,-1.5,,,2.0
2022.0,5.0,Lehigh,Monmouth,17.0,,,2.0
2022.0,5.0,Lindenwood,Southeast Missouri State,18.5,,,2.0
2022.0,5.0,Louisiana,South Alabama,8.5,,,4.0
2022.0,5.0,Maine,Villanova,8.5,,,2.0
2022.0,5.0,Marist,St. Thomas (MN),9.0,,,2.0
2022.0,5.0,Marshall,Gardner-Webb,-31.0,,,2.0
2022.0,5.0,Maryland,Michigan State,-7.5,,,4.0
2022.0,5.0,Memphis,Temple,-18.5,,,4.0
2022.0,5.0,Merrimack,Long Island University,-13.0,,,2.0
2022.0,5.0,Middle Tennessee,UTSA,4.5,,,4.0
2022.0,5.0,Minnesota,Purdue,-9.0,,,4.0
2022.0,5.0,Mississippi State,Texas A&M,-4.0,,,4.0
2022.0,5.0,Missouri,Georgia,30.75,,,4.0
2022.0,5.0,Montana State,UC Davis,-3.5,,,2.0
2022.0,5.0,Morehead State,Presbyterian,-17.5,,,2.0
2022.0,5.0,Nebraska,Indiana,-6.5,,,4.0
2022.0,5.0,New Mexico State,Florida International,-16.0,,,4.0
2022.0,5.0,North Carolina,Virginia Tech,-9.5,,,4.0
2022.0,5.0,North Carolina A&T,Bryant,-5.5,,,2.0
2022.0,5.0,North Dakota,Missouri State,5.5,,,2.0
2022.0,5.0,North Dakota State,Youngstown State,-23.0,,,1.0
2022.0,5.0,North Texas,Florida Atlantic,3.0,,,4.0
2022.0,5.0,Northern Iowa,Indiana State,-23.5,,,2.0
2022.0,5.0,Northwestern State,Nicholls,8.0,,,2.0
2022.0,5.0,Ohio State,Rutgers,-39.0,,,1.0
2022.0,5.0,Old Dominion,Liberty,3.5,,,4.0
2022.0,5.0,Ole Miss,Kentucky,-6.5,,,4.0
2022.0,5.0,Oregon,Stanford,-17.5,,,4.0
2022.0,5.0,Penn State,Northwestern,-25.5,,,4.0
2022.0,5.0,Pittsburgh,Georgia Tech,-21.5,,,4.0
2022.0,5.0,Portland State,Northern Arizona,-2.5,,,2.0
2022.0,5.0,Rhode Island,Brown,-16.5,,,2.0
2022.0,5.0,Rice,UAB,10.5,,,4.0
2022.0,5.0,SE Louisiana,Murray State,-24.5,,,2.0
2022.0,5.0,Sacred Heart,Norfolk State,-13.75,,,2.0
2022.0,5.0,Sam Houston,Stephen F. Austin,-6.25,,,2.0
2022.0,5.0,South Carolina,South Carolina State,-40.5,,,2.0
2022.0,5.0,South Dakota State,Western Illinois,-34.5,,,2.0
2022.0,5.0,South Florida,East Carolina,9.5,,,4.0
2022.0,5.0,Southern,Arkansas-Pine Bluff,-14.0,,,2.0
2022.0,5.0,St. Francis (PA),Central Connecticut,-19.0,,,2.0
2022.0,5.0,Stony Brook,William & Mary,17.0,,,1.0
2022.0,5.0,Syracuse,Wagner,-54.0,,,2.0
2022.0,5.0,TCU,Oklahoma,5.0,,,4.0
2022.0,5.0,Texas,West Virginia,-7.5,,,4.0
2022.0,5.0,Texas Southern,Alabama State,-5.5,,,2.0
2022.0,5.0,Toledo,Central Michigan,-6.5,,,4.0
2022.0,5.0,Tulsa,Cincinnati,10.0,,,4.0
2022.0,5.0,UCLA,Washington,2.5,,,4.0
2022.0,5.0,UConn,Fresno State,23.25,,,4.0
2022.0,5.0,UNLV,New Mexico,-14.0,,,4.0
2022.0,5.0,USC,Arizona State,-24.5,,,4.0
2022.0,5.0,UT Martin,Tennessee Tech,-21.5,,,2.0
2022.0,5.0,Utah,Oregon State,-10.5,,,4.0
2022.0,5.0,Washington State,California,-4.0,,,4.0
2022.0,5.0,Western Carolina,VMI,-7.5,,,2.0
2022.0,5.0,Western Kentucky,Troy,-5.0,,,4.0
2022.0,5.0,Western Michigan,New Hampshire,-15.0,,,2.0
2022.0,5.0,Wisconsin,Illinois,-6.5,,,4.0
2022.0,5.0,Wofford,Mercer,15.25,,,2.0
2022.0,5.0,Wyoming,San José State,2.5,,,4.0
2022.0,5.0,Yale,Howard,-21.5,,,2.0
2022.0,6.0,Alabama,Texas A&M,-24.0,,,4.0
2022.0,6.0,Alabama A&M,Grambling,-8.0,,,1.0
2022.0,6.0,Alabama State,Jackson State,26.75,,,2.0
2022.0,6.0,Arizona,Oregon,13.5,,,4.0
2022.0,6.0,Arizona State,Washington,13.5,,,4.0
2022.0,6.0,Arkansas State,James Madison,11.5,,,4.0
2022.0,6.0,Arkansas-Pine Bluff,Texas Southern,13.0,,,2.0
2022.0,6.0,Boise State,Fresno State,-10.5,,,4.0
2022.0,6.0,Boston College,Clemson,21.0,,,4.0
2022.0,6.0,Bowling Green,Buffalo,2.0,,,4.0
2022.0,6.0,Butler,Dayton,9.5,,,2.0
2022.0,6.0,Campbell,Charleston Southern,-14.0,,,2.0
2022.0,6.0,Central Arkansas,Lindenwood,-22.0,,,2.0
2022.0,6.0,Central Connecticut,Brown,7.0,,,2.0
2022.0,6.0,Central Michigan,Ball State,-7.5,,,4.0
2022.0,6.0,Cincinnati,South Florida,-27.0,,,4.0
2022.0,6.0,Columbia,Wagner,-29.5,,,2.0
2022.0,6.0,Cornell,Harvard,11.5,,,1.0
2022.0,6.0,Drake,San Diego,7.5,,,2.0
2022.0,6.0,Duquesne,Merrimack,-4.5,,,2.0
2022.0,6.0,Eastern Illinois,Northwestern State,-9.5,,,2.0
2022.0,6.0,Elon,Towson,-23.0,,,1.0
2022.0,6.0,Florida,Missouri,-10.75,,,4.0
2022.0,6.0,Florida International,UConn,5.5,,,4.0
2022.0,6.0,Georgetown,Pennsylvania,15.0,,,2.0
2022.0,6.0,Georgia,Auburn,-27.5,,,4.0
2022.0,6.0,Georgia State,Georgia Southern,-2.5,,,4.0
2022.0,6.0,Georgia Tech,Duke,3.5,,,4.0
2022.0,6.0,Hampton,Maine,5.5,,,1.0
2022.0,6.0,Holy Cross,Bucknell,-34.0,,,2.0
2022.0,6.0,Houston Christian,Nicholls,7.0,,,2.0
2022.0,6.0,Illinois,Iowa,-3.5,,,4.0
2022.0,6.0,Indiana,Michigan,23.5,,,4.0
2022.0,6.0,Indiana State,North Dakota State,30.0,,,1.0
2022.0,6.0,Iowa State,Kansas State,1.0,,,4.0
2022.0,6.0,Kansas,TCU,7.0,,,4.0
2022.0,6.0,Kentucky,South Carolina,-4.5,,,4.0
2022.0,6.0,LSU,Tennessee,2.5,,,4.0
2022.0,6.0,Lafayette,Princeton,16.0,,,2.0
2022.0,6.0,Lehigh,Fordham,16.0,,,2.0
2022.0,6.0,Louisiana Tech,UTEP,-1.75,,,4.0
2022.0,6.0,Maryland,Purdue,-3.0,,,4.0
2022.0,6.0,Massachusetts,Liberty,22.5,,,4.0
2022.0,6.0,Memphis,Houston,-1.5,,,4.0
2022.0,6.0,Mercer,Western Carolina,-11.25,,,2.0
2022.0,6.0,Miami,North Carolina,-4.0,,,4.0
2022.0,6.0,Miami (OH),Kent State,5.0,,,4.0
2022.0,6.0,Michigan State,Ohio State,27.0,,,4.0
2022.0,6.0,Mississippi State,Arkansas,-8.5,,,4.0
2022.0,6.0,Mississippi Valley State,Alcorn State,15.5,,,2.0
2022.0,6.0,Missouri State,Southern Illinois,-3.5,,,1.0
2022.0,6.0,Monmouth,UAlbany,-11.5,,,1.0
2022.0,6.0,Montana State,Idaho State,-25.5,,,2.0
2022.0,6.0,Morgan State,Norfolk State,-3.5,,,1.0
2022.0,6.0,Murray State,UT Martin,15.5,,,2.0
2022.0,6.0,NC State,Florida State,-3.5,,,4.0
2022.0,6.0,Navy,Tulsa,4.5,,,4.0
2022.0,6.0,Nevada,Colorado State,-3.5,,,4.0
2022.0,6.0,New Hampshire,Stony Brook,-8.5,,,2.0
2022.0,6.0,New Mexico,Wyoming,3.0,,,4.0
2022.0,6.0,Northern Arizona,Cal Poly,-10.5,,,1.0
2022.0,6.0,Northern Illinois,Toledo,6.5,,,4.0
2022.0,6.0,Northern Iowa,Illinois State,-8.0,,,2.0
2022.0,6.0,Northwestern,Wisconsin,10.0,,,4.0
2022.0,6.0,Notre Dame,BYU,-3.5,,,4.0
2022.0,6.0,Ohio,Akron,-10.0,,,4.0
2022.0,6.0,Oklahoma,Texas,7.5,,,4.0
2022.0,6.0,Oklahoma State,Texas Tech,-11.5,,,4.0
2022.0,6.0,Pittsburgh,Virginia Tech,-14.5,,,4.0
2022.0,6.0,Prairie View A&M,Southern,-4.5,,,2.0
2022.0,6.0,Presbyterian,Valparaiso,16.5,,,2.0
2022.0,6.0,Robert Morris,Gardner-Webb,16.5,,,2.0
2022.0,6.0,Rutgers,Nebraska,3.0,,,4.0
2022.0,6.0,Sacramento State,Northern Colorado,-29.5,,,2.0
2022.0,6.0,Samford,Wofford,-20.0,,,2.0
2022.0,6.0,San Diego State,Hawai'i,-23.75,,,4.0
2022.0,6.0,San José State,UNLV,-6.5,,,4.0
2022.0,6.0,South Carolina State,Florida A&M,2.5,,,2.0
2022.0,6.0,South Dakota State,South Dakota,-14.5,,,2.0
2022.0,6.0,Southeast Missouri State,Tennessee Tech,-17.0,,,2.0
2022.0,6.0,Southern Utah,Tarleton State,-2.5,,,2.0
2022.0,6.0,St. Thomas (MN),Davidson,6.0,,,2.0
2022.0,6.0,Stanford,Oregon State,4.5,,,4.0
2022.0,6.0,Stephen F. Austin,Abilene Christian,-3.75,,,2.0
2022.0,6.0,Stetson,Marist,-5.5,,,2.0
2022.0,6.0,Tennessee State,Bethune-Cookman,-7.5,,,1.0
2022.0,6.0,Texas State,App State,19.5,,,4.0
2022.0,6.0,The Citadel,Furman,10.5,,,2.0
2022.0,6.0,Troy,Southern Miss,-7.0,,,4.0
2022.0,6.0,Tulane,East Carolina,-2.5,,,4.0
2022.0,6.0,UAB,Middle Tennessee,-10.0,,,4.0
2022.0,6.0,UCF,SMU,-3.0,,,4.0
2022.0,6.0,UCLA,Utah,3.0,,,4.0
2022.0,6.0,UL Monroe,Coastal Carolina,12.5,,,4.0
2022.0,6.0,USC,Washington State,-12.5,,,4.0
2022.0,6.0,UTSA,Western Kentucky,-6.5,,,4.0
2022.0,6.0,Utah State,Air Force,11.5,,,4.0
2022.0,6.0,Vanderbilt,Ole Miss,17.0,,,4.0
2022.0,6.0,Virginia,Louisville,-1.5,,,4.0
2022.0,6.0,Wake Forest,Army,-16.0,,,4.0
2022.0,6.0,Weber State,Eastern Washington,-16.0,,,2.0
2022.0,6.0,Western Michigan,Eastern Michigan,-4.5,,,4.0
2022.0,6.0,William & Mary,Delaware,-2.5,,,1.0
2022.0,6.0,Yale,Dartmouth,-4.5,,,2.0
2022.0,6.0,Youngstown State,North Dakota,-1.5,,,1.0
2022.0,7.0,Abilene Christian,Southern Utah,-7.0,,,1.0
2022.0,7.0,Akron,Central Michigan,12.0,,,4.0
2022.0,7.0,Alabama State,Mississippi Valley State,-18.0,,,1.0
2022.0,7.0,Arkansas-Pine Bluff,Alabama A&M,10.5,,,1.0
2022.0,7.0,Army,Colgate,-31.0,,,2.0
2022.0,7.0,Austin Peay,Murray State,-23.5,,,1.0
2022.0,7.0,Ball State,UConn,-9.5,,,4.0
2022.0,7.0,Bethune-Cookman,Jackson State,28.5,,,2.0
2022.0,7.0,Bowling Green,Miami (OH),7.0,,,4.0
2022.0,7.0,Bryant,Charleston Southern,-3.0,,,1.0
2022.0,7.0,Campbell,Robert Morris,-27.25,,,2.0
2022.0,7.0,Chattanooga,VMI,-25.0,,,2.0
2022.0,7.0,Coastal Carolina,Old Dominion,-11.25,,,4.0
2022.0,7.0,Colorado,California,15.0,,,4.0
2022.0,7.0,Colorado State,Utah State,14.0,,,4.0
2022.0,7.0,Cornell,Lehigh,-7.5,,,2.0
2022.0,7.0,Dartmouth,New Hampshire,-3.0,,,2.0
2022.0,7.0,Davidson,Morehead State,-22.5,,,2.0
2022.0,7.0,Duke,North Carolina,7.0,,,4.0
2022.0,7.0,East Carolina,Memphis,-5.5,,,4.0
2022.0,7.0,Eastern Illinois,Lindenwood,-6.5,,,1.0
2022.0,7.0,Eastern Kentucky,Sam Houston,-6.25,,,2.0
2022.0,7.0,Eastern Michigan,Northern Illinois,-3.5,,,4.0
2022.0,7.0,Eastern Washington,Sacramento State,14.5,,,2.0
2022.0,7.0,Florida,LSU,-2.0,,,4.0
2022.0,7.0,Florida Atlantic,Rice,-5.0,,,4.0
2022.0,7.0,Florida International,UTSA,33.5,,,4.0
2022.0,7.0,Florida State,Clemson,4.5,,,4.0
2022.0,7.0,Fordham,Stony Brook,-15.5,,,2.0
2022.0,7.0,Fresno State,San José State,7.0,,,4.0
2022.0,7.0,Furman,Western Carolina,-9.5,,,2.0
2022.0,7.0,Georgia,Vanderbilt,-37.5,,,4.0
2022.0,7.0,Georgia Southern,James Madison,13.0,,,4.0
2022.0,7.0,Grambling,Florida A&M,17.0,,,2.0
2022.0,7.0,Hawai'i,Nevada,6.25,,,2.0
2022.0,7.0,Houston Christian,Northwestern State,-2.5,,,1.0
2022.0,7.0,Howard,Harvard,17.25,,,2.0
2022.0,7.0,Idaho State,Cal Poly,3.5,,,2.0
2022.0,7.0,Illinois,Minnesota,4.5,,,4.0
2022.0,7.0,Illinois State,South Dakota,1.5,,,2.0
2022.0,7.0,Indiana,Maryland,11.0,,,4.0
2022.0,7.0,Kentucky,Mississippi State,3.5,,,4.0
2022.0,7.0,Liberty,Gardner-Webb,-24.5,,,2.0
2022.0,7.0,Long Island University,St. Francis (PA),14.0,,,1.0
2022.0,7.0,Maine,Monmouth,11.0,,,2.0
2022.0,7.0,Marist,Dayton,4.0,,,2.0
2022.0,7.0,Marshall,Louisiana,-10.5,,,4.0
2022.0,7.0,Massachusetts,Buffalo,17.0,,,4.0
2022.0,7.0,Mercer,East Tennessee State,-14.0,,,2.0
2022.0,7.0,Merrimack,Wagner,-19.5,,,1.0
2022.0,7.0,Michigan,Penn State,-7.0,,,4.0
2022.0,7.0,Michigan State,Wisconsin,7.0,,,4.0
2022.0,7.0,Middle Tennessee,Western Kentucky,7.5,,,4.0
2022.0,7.0,Montana,Idaho,-17.5,,,1.0
2022.0,7.0,New Mexico State,New Mexico,7.0,,,4.0
2022.0,7.0,Nicholls,Incarnate Word,25.5,,,2.0
2022.0,7.0,North Alabama,Jacksonville State,15.5,,,2.0
2022.0,7.0,North Carolina Central,Morgan State,-14.5,,,2.0
2022.0,7.0,North Dakota State,South Dakota State,-4.0,,,2.0
2022.0,7.0,North Texas,Louisiana Tech,-6.5,,,4.0
2022.0,7.0,Northern Colorado,Montana State,21.75,,,2.0
2022.0,7.0,Notre Dame,Stanford,-16.5,,,4.0
2022.0,7.0,Oklahoma,Kansas,-10.5,,,4.0
2022.0,7.0,Ole Miss,Auburn,-15.5,,,4.0
2022.0,7.0,Oregon State,Washington State,-3.0,,,4.0
2022.0,7.0,Pennsylvania,Columbia,-7.0,,,2.0
2022.0,7.0,Portland State,Weber State,12.5,,,1.0
2022.0,7.0,Princeton,Brown,-22.0,,,2.0
2022.0,7.0,Purdue,Nebraska,-14.0,,,4.0
2022.0,7.0,Rhode Island,Elon,-4.0,,,2.0
2022.0,7.0,Richmond,Villanova,-5.0,,,2.0
2022.0,7.0,SMU,Navy,-12.5,,,4.0
2022.0,7.0,San Diego,Presbyterian,-27.75,,,2.0
2022.0,7.0,South Alabama,UL Monroe,-17.0,,,4.0
2022.0,7.0,South Florida,Tulane,12.0,,,4.0
2022.0,7.0,Southern,Alcorn State,-8.0,,,2.0
2022.0,7.0,Southern Illinois,Western Illinois,-25.0,,,1.0
2022.0,7.0,Southern Miss,Arkansas State,-4.5,,,4.0
2022.0,7.0,St. Thomas (MN),Drake,-16.5,,,2.0
2022.0,7.0,Stephen F. Austin,Tarleton State,-7.25,,,2.0
2022.0,7.0,Syracuse,NC State,-3.0,,,4.0
2022.0,7.0,TCU,Oklahoma State,-5.0,,,4.0
2022.0,7.0,Tennessee,Alabama,9.0,,,4.0
2022.0,7.0,Tennessee Tech,Tennessee State,-2.5,,,1.0
2022.0,7.0,Texas,Iowa State,-15.5,,,4.0
2022.0,7.0,Toledo,Kent State,-7.0,,,4.0
2022.0,7.0,Troy,Texas State,-16.5,,,4.0
2022.0,7.0,UAB,Charlotte,-22.25,,,4.0
2022.0,7.0,UAlbany,Hampton,-14.0,,,1.0
2022.0,7.0,UC Davis,Northern Arizona,-14.5,,,2.0
2022.0,7.0,UCF,Temple,-23.5,,,4.0
2022.0,7.0,UNLV,Air Force,10.0,,,4.0
2022.0,7.0,Utah,USC,-3.5,,,4.0
2022.0,7.0,Valparaiso,Butler,-10.5,,,2.0
2022.0,7.0,Virginia Tech,Miami,9.0,,,4.0
2022.0,7.0,Washington,Arizona,-14.5,,,4.0
2022.0,7.0,West Virginia,Baylor,3.0,,,4.0
2022.0,7.0,Western Michigan,Ohio,-2.0,,,4.0
2022.0,7.0,Wofford,The Citadel,-3.5,,,2.0
2022.0,7.0,Yale,Bucknell,-29.0,,,2.0
2022.0,7.0,Youngstown State,Indiana State,-12.25,,,2.0
2022.0,8.0,Air Force,Boise State,-2.25,,,4.0
2022.0,8.0,Alabama,Mississippi State,-21.25,,,4.0
2022.0,8.0,Alcorn State,Texas Southern,-9.5,,,2.0
2022.0,8.0,App State,Georgia State,-9.5,,,4.0
2022.0,8.0,Army,UL Monroe,-6.5,,,4.0
2022.0,8.0,Ball State,Eastern Michigan,-2.5,,,4.0
2022.0,8.0,Baylor,Kansas,-10.5,,,4.0
2022.0,8.0,Brown,Cornell,-2.5,,,2.0
2022.0,8.0,Buffalo,Toledo,7.0,,,4.0
2022.0,8.0,Butler,Marist,-7.0,,,2.0
2022.0,8.0,Cal Poly,Eastern Washington,10.0,,,2.0
2022.0,8.0,California,Washington,7.5,,,4.0
2022.0,8.0,Central Connecticut,Duquesne,5.0,,,2.0
2022.0,8.0,Central Michigan,Bowling Green,-6.0,,,4.0
2022.0,8.0,Charleston Southern,Gardner-Webb,11.5,,,2.0
2022.0,8.0,Charlotte,Florida International,-14.0,,,4.0
2022.0,8.0,Chattanooga,Mercer,1.5,,,2.0
2022.0,8.0,Clemson,Syracuse,-14.0,,,4.0
2022.0,8.0,Colgate,Georgetown,-13.0,,,2.0
2022.0,8.0,Colorado State,Hawai'i,-6.0,,,4.0
2022.0,8.0,Columbia,Dartmouth,-2.5,,,2.0
2022.0,8.0,Dayton,Stetson,-13.5,,,2.0
2022.0,8.0,Delaware,Morgan State,-33.25,,,2.0
2022.0,8.0,Drake,Davidson,12.5,,,2.0
2022.0,8.0,East Carolina,UCF,5.5,,,4.0
2022.0,8.0,East Tennessee State,Samford,2.5,,,1.0
2022.0,8.0,Eastern Kentucky,North Alabama,-13.5,,,2.0
2022.0,8.0,Georgia Tech,Virginia,-3.5,,,1.0
2022.0,8.0,Hampton,Richmond,20.0,,,2.0
2022.0,8.0,Harvard,Princeton,2.0,,,2.0
2022.0,8.0,Howard,Delaware State,-7.5,,,2.0
2022.0,8.0,Idaho,Portland State,-12.25,,,2.0
2022.0,8.0,Idaho State,Northern Arizona,3.5,,,2.0
2022.0,8.0,Indiana State,Illinois State,4.5,,,2.0
2022.0,8.0,Jackson State,Campbell,-17.0,,,2.0
2022.0,8.0,Jacksonville State,SE Louisiana,-7.5,,,2.0
2022.0,8.0,James Madison,Marshall,-9.5,,,4.0
2022.0,8.0,Kent State,Akron,-15.75,,,4.0
2022.0,8.0,LSU,Ole Miss,0.0,,,4.0
2022.0,8.0,Lafayette,Holy Cross,24.75,,,2.0
2022.0,8.0,Lamar,Prairie View A&M,10.0,,,2.0
2022.0,8.0,Lehigh,Bucknell,-9.25,,,2.0
2022.0,8.0,Liberty,BYU,7.0,,,4.0
2022.0,8.0,Lindenwood,Murray State,-10.5,,,2.0
2022.0,8.0,Louisiana,Arkansas State,-6.25,,,4.0
2022.0,8.0,Louisiana Tech,Rice,3.0,,,1.0
2022.0,8.0,Louisville,Pittsburgh,-1.5,,,4.0
2022.0,8.0,Maryland,Northwestern,-14.25,,,4.0
2022.0,8.0,Merrimack,Sacred Heart,-1.5,,,2.0
2022.0,8.0,Miami,Duke,-10.0,,,4.0
2022.0,8.0,Miami (OH),Western Michigan,-7.0,,,1.0
2022.0,8.0,Mississippi Valley State,Bethune-Cookman,4.0,,,2.0
2022.0,8.0,Missouri,Vanderbilt,-14.0,,,4.0
2022.0,8.0,Monmouth,Rhode Island,1.0,,,2.0
2022.0,8.0,Montana State,Weber State,3.0,,,2.0
2022.0,8.0,Morehead State,Valparaiso,3.5,,,2.0
2022.0,8.0,Navy,Houston,3.0,,,4.0
2022.0,8.0,Nevada,San Diego State,7.25,,,4.0
2022.0,8.0,New Hampshire,Elon,2.5,,,2.0
2022.0,8.0,New Mexico,Fresno State,9.75,,,4.0
2022.0,8.0,Nicholls,McNeese,-2.5,,,2.0
2022.0,8.0,North Dakota,South Dakota State,10.0,,,2.0
2022.0,8.0,Northern Colorado,UC Davis,19.0,,,2.0
2022.0,8.0,Northern Iowa,Missouri State,-1.5,,,2.0
2022.0,8.0,Northwestern State,Southeast Missouri State,16.5,,,2.0
2022.0,8.0,Notre Dame,UNLV,-26.0,,,4.0
2022.0,8.0,Ohio,Northern Illinois,2.5,,,4.0
2022.0,8.0,Ohio State,Iowa,-29.75,,,4.0
2022.0,8.0,Oklahoma State,Texas,6.5,,,4.0
2022.0,8.0,Old Dominion,Georgia Southern,-1.5,,,4.0
2022.0,8.0,Oregon,UCLA,-7.0,,,4.0
2022.0,8.0,Oregon State,Colorado,-23.0,,,4.0
2022.0,8.0,Penn State,Minnesota,-5.5,,,1.0
2022.0,8.0,Pennsylvania,Yale,-4.75,,,2.0
2022.0,8.0,Presbyterian,St. Thomas (MN),23.0,,,2.0
2022.0,8.0,Robert Morris,North Carolina A&T,16.5,,,2.0
2022.0,8.0,Rutgers,Indiana,-3.0,,,4.0
2022.0,8.0,SMU,Cincinnati,3.5,,,4.0
2022.0,8.0,Sacramento State,Montana,-5.0,,,2.0
2022.0,8.0,South Alabama,Troy,-3.0,,,4.0
2022.0,8.0,South Carolina,Texas A&M,3.0,,,4.0
2022.0,8.0,South Carolina State,North Carolina Central,-0.5,,,2.0
2022.0,8.0,South Dakota,Southern Illinois,3.75,,,2.0
2022.0,8.0,Southern Utah,Stephen F. Austin,4.5,,,2.0
2022.0,8.0,Stanford,Arizona State,-3.0,,,4.0
2022.0,8.0,Stony Brook,Maine,3.5,,,2.0
2022.0,8.0,TCU,Kansas State,-3.5,,,4.0
2022.0,8.0,Temple,Tulsa,13.5,,,4.0
2022.0,8.0,Tennessee,UT Martin,-38.75,,,2.0
2022.0,8.0,Tennessee State,Eastern Illinois,-7.5,,,2.0
2022.0,8.0,Texas State,Southern Miss,2.5,,,4.0
2022.0,8.0,Texas Tech,West Virginia,-5.0,,,4.0
2022.0,8.0,Towson,William & Mary,18.5,,,2.0
2022.0,8.0,Tulane,Memphis,-7.0,,,4.0
2022.0,8.0,UTEP,Florida Atlantic,3.0,,,4.0
2022.0,8.0,UTSA,North Texas,-10.0,,,4.0
2022.0,8.0,Villanova,UAlbany,-16.25,,,2.0
2022.0,8.0,Wagner,Long Island University,3.25,,,2.0
2022.0,8.0,Wake Forest,Boston College,-20.0,,,4.0
2022.0,8.0,Western Carolina,The Citadel,-15.0,,,2.0
2022.0,8.0,Western Illinois,Youngstown State,11.75,,,2.0
2022.0,8.0,Western Kentucky,UAB,-1.25,,,4.0
2022.0,8.0,Wisconsin,Purdue,-1.5,,,4.0
2022.0,8.0,Wyoming,Utah State,-5.25,,,4.0
2022.0,9.0,Akron,Miami (OH),9.0,,,4.0
2022.0,9.0,Alabama State,Alabama A&M,2.5,,,2.0
2022.0,9.0,App State,Robert Morris,-50.0,,,2.0
2022.0,9.0,Arizona,USC,14.0,,,4.0
2022.0,9.0,Arkansas State,South Alabama,9.0,,,4.0
2022.0,9.0,Auburn,Arkansas,4.0,,,4.0
2022.0,9.0,Austin Peay,Jacksonville State,-4.5,,,2.0
2022.0,9.0,Boise State,Colorado State,-25.0,,,4.0
2022.0,9.0,Brown,Pennsylvania,13.0,,,2.0
2022.0,9.0,Bucknell,Colgate,7.5,,,2.0
2022.0,9.0,Butler,Morehead State,-8.5,,,2.0
2022.0,9.0,California,Oregon,16.75,,,4.0
2022.0,9.0,Central Connecticut,Wagner,-8.75,,,2.0
2022.0,9.0,Colorado,Arizona State,13.0,,,4.0
2022.0,9.0,Columbia,Yale,4.0,,,2.0
2022.0,9.0,Dartmouth,Harvard,2.5,,,1.0
2022.0,9.0,Dayton,Valparaiso,-3.0,,,2.0
2022.0,9.0,Delaware State,North Carolina Central,13.0,,,1.0
2022.0,9.0,Duquesne,Long Island University,-13.0,,,1.0
2022.0,9.0,Eastern Michigan,Toledo,4.0,,,4.0
2022.0,9.0,Eastern Washington,Portland State,-10.5,,,1.0
2022.0,9.0,Elon,Delaware,3.0,,,1.0
2022.0,9.0,Florida A&M,Arkansas-Pine Bluff,-18.5,,,1.0
2022.0,9.0,Florida Atlantic,UAB,4.75,,,4.0
2022.0,9.0,Florida International,Louisiana Tech,6.5,,,4.0
2022.0,9.0,Florida State,Georgia Tech,-23.5,,,4.0
2022.0,9.0,Fresno State,San Diego State,-10.75,,,4.0
2022.0,9.0,Furman,Chattanooga,7.0,,,1.0
2022.0,9.0,Gardner-Webb,Bryant,-17.0,,,1.0
2022.0,9.0,Georgia,Florida,-23.0,,,4.0
2022.0,9.0,Georgia State,Old Dominion,-3.5,,,4.0
2022.0,9.0,Grambling,Alcorn State,8.0,,,1.0
2022.0,9.0,Hawai'i,Wyoming,11.5,,,4.0
2022.0,9.0,Holy Cross,Fordham,-10.25,,,2.0
2022.0,9.0,Houston,South Florida,-17.5,,,4.0
2022.0,9.0,Houston Christian,UT Martin,24.0,,,2.0
2022.0,9.0,Iowa,Northwestern,-11.5,,,4.0
2022.0,9.0,Iowa State,Oklahoma,1.5,,,4.0
2022.0,9.0,Jackson State,Southern,-17.75,,,2.0
2022.0,9.0,Kansas State,Oklahoma State,-2.5,,,4.0
2022.0,9.0,Lafayette,Georgetown,-10.25,,,2.0
2022.0,9.0,Lamar,Nicholls,7.5,,,1.0
2022.0,9.0,Louisville,Wake Forest,3.0,,,4.0
2022.0,9.0,Maine,Richmond,14.5,,,1.0
2022.0,9.0,Marist,Presbyterian,-13.0,,,1.0
2022.0,9.0,Marshall,Coastal Carolina,-2.5,,,4.0
2022.0,9.0,Massachusetts,New Mexico State,1.0,,,4.0
2022.0,9.0,McNeese,SE Louisiana,18.0,,,2.0
2022.0,9.0,Michigan,Michigan State,-22.25,,,4.0
2022.0,9.0,Minnesota,Rutgers,-14.0,,,4.0
2022.0,9.0,Missouri State,Western Illinois,-17.5,,,1.0
2022.0,9.0,Monmouth,Towson,-19.5,,,1.0
2022.0,9.0,Morgan State,South Carolina State,10.5,,,2.0
2022.0,9.0,Murray State,Tennessee State,14.0,,,1.0
2022.0,9.0,NC State,Virginia Tech,-13.25,,,4.0
2022.0,9.0,Navy,Temple,-14.5,,,4.0
2022.0,9.0,Nebraska,Illinois,7.5,,,4.0
2022.0,9.0,Norfolk State,Howard,7.0,,,2.0
2022.0,9.0,North Carolina,Pittsburgh,-2.5,,,4.0
2022.0,9.0,North Carolina A&T,Campbell,3.0,,,2.0
2022.0,9.0,North Dakota,Abilene Christian,-11.5,,,2.0
2022.0,9.0,North Dakota State,Illinois State,-18.0,,,1.0
2022.0,9.0,Penn State,Ohio State,15.5,,,4.0
2022.0,9.0,Prairie View A&M,Bethune-Cookman,-16.5,,,1.0
2022.0,9.0,Rice,Charlotte,-15.0,,,4.0
2022.0,9.0,Sacramento State,Idaho,-13.75,,,2.0
2022.0,9.0,Sacred Heart,St. Francis (PA),6.0,,,2.0
2022.0,9.0,San José State,Nevada,-24.5,,,4.0
2022.0,9.0,South Carolina,Missouri,-3.5,,,4.0
2022.0,9.0,South Dakota State,Indiana State,-26.5,,,2.0
2022.0,9.0,Southeast Missouri State,Eastern Kentucky,-6.0,,,1.0
2022.0,9.0,Southern Illinois,Northern Iowa,-5.5,,,2.0
2022.0,9.0,Southern Miss,Louisiana,2.5,,,4.0
2022.0,9.0,St. Thomas (MN),San Diego,-6.5,,,1.0
2022.0,9.0,Stetson,Drake,-7.0,,,1.0
2022.0,9.0,Syracuse,Notre Dame,0.5,,,4.0
2022.0,9.0,Tarleton State,Sam Houston,7.5,,,2.0
2022.0,9.0,Tennessee,Kentucky,-10.5,,,4.0
2022.0,9.0,Texas A&M,Ole Miss,3.0,,,4.0
2022.0,9.0,Texas Tech,Baylor,-1.5,,,4.0
2022.0,9.0,The Citadel,Samford,15.5,,,1.0
2022.0,9.0,Tulsa,SMU,1.0,,,4.0
2022.0,9.0,UAlbany,Stony Brook,-9.5,,,1.0
2022.0,9.0,UC Davis,Cal Poly,-24.5,,,2.0
2022.0,9.0,UCF,Cincinnati,-1.5,,,4.0
2022.0,9.0,UCLA,Stanford,-16.5,,,4.0
2022.0,9.0,UConn,Boston College,8.0,,,4.0
2022.0,9.0,UTEP,Middle Tennessee,-2.5,,,4.0
2022.0,9.0,Villanova,Hampton,-22.5,,,1.0
2022.0,9.0,Virginia,Miami,3.0,,,4.0
2022.0,9.0,Washington State,Utah,7.25,,,4.0
2022.0,9.0,Weber State,Montana,-3.5,,,2.0
2022.0,9.0,West Virginia,TCU,7.0,,,4.0
2022.0,9.0,Western Kentucky,North Texas,-10.0,,,4.0
2022.0,9.0,William & Mary,Rhode Island,-6.5,,,2.0
2022.0,9.0,Wofford,East Tennessee State,7.5,,,2.0
2022.0,9.0,Youngstown State,South Dakota,-3.5,,,1.0
2022.0,10.0,Arizona State,UCLA,11.0,,,4.0
2022.0,10.0,Arkansas,Liberty,-14.5,,,4.0
2022.0,10.0,Army,Air Force,7.0,,,4.0
2022.0,10.0,Bethune-Cookman,Alabama State,6.25,,,2.0
2022.0,10.0,Boise State,BYU,-9.5,,,4.0
2022.0,10.0,Boston College,Duke,12.0,,,4.0
2022.0,10.0,Bowling Green,Western Michigan,-5.0,,,4.0
2022.0,10.0,Bryant,Campbell,8.75,,,2.0
2022.0,10.0,Bucknell,Fordham,24.5,,,2.0
2022.0,10.0,Charleston Southern,Robert Morris,-17.5,,,2.0
2022.0,10.0,Charlotte,Western Kentucky,14.5,,,4.0
2022.0,10.0,Cincinnati,Navy,-18.5,,,4.0
2022.0,10.0,Coastal Carolina,App State,3.0,,,4.0
2022.0,10.0,Colgate,Lafayette,-4.5,,,2.0
2022.0,10.0,Colorado,Oregon,31.0,,,4.0
2022.0,10.0,Cornell,Pennsylvania,10.5,,,2.0
2022.0,10.0,Davidson,Stetson,-19.5,,,1.0
2022.0,10.0,Delaware,Monmouth,-10.0,,,1.0
2022.0,10.0,Duquesne,Sacred Heart,-2.25,,,2.0
2022.0,10.0,Eastern Kentucky,Central Arkansas,-1.0,,,2.0
2022.0,10.0,Elon,UAlbany,-11.0,,,2.0
2022.0,10.0,Florida A&M,Southern,-3.5,,,2.0
2022.0,10.0,Fresno State,Hawai'i,-27.5,,,4.0
2022.0,10.0,Georgetown,St. Francis (PA),17.0,,,2.0
2022.0,10.0,Georgia,Tennessee,-9.75,,,4.0
2022.0,10.0,Georgia Southern,South Alabama,3.5,,,4.0
2022.0,10.0,Grambling,Arkansas-Pine Bluff,-9.75,,,2.0
2022.0,10.0,Hampton,William & Mary,20.5,,,2.0
2022.0,10.0,Harvard,Columbia,-10.5,,,2.0
2022.0,10.0,Holy Cross,Lehigh,-29.5,,,2.0
2022.0,10.0,Idaho,Eastern Washington,-17.0,,,1.0
2022.0,10.0,Illinois,Michigan State,-16.0,,,4.0
2022.0,10.0,Illinois State,Youngstown State,-1.5,,,1.0
2022.0,10.0,Incarnate Word,Houston Christian,-38.75,,,2.0
2022.0,10.0,Indiana,Penn State,13.5,,,4.0
2022.0,10.0,Indiana State,North Dakota,11.25,,,2.0
2022.0,10.0,Iowa State,West Virginia,-6.5,,,4.0
2022.0,10.0,Kansas,Oklahoma State,-3.0,,,4.0
2022.0,10.0,Kansas State,Texas,3.0,,,4.0
2022.0,10.0,Kent State,Ball State,-7.0,,,4.0
2022.0,10.0,LSU,Alabama,13.5,,,4.0
2022.0,10.0,Lamar,SE Louisiana,24.5,,,2.0
2022.0,10.0,Long Island University,Central Connecticut,1.5,,,2.0
2022.0,10.0,Louisiana,Troy,3.5,,,4.0
2022.0,10.0,Louisiana Tech,Middle Tennessee,2.5,,,4.0
2022.0,10.0,Louisville,James Madison,-6.5,,,4.0
2022.0,10.0,McNeese,Eastern Illinois,-4.75,,,2.0
2022.0,10.0,Memphis,UCF,3.0,,,4.0
2022.0,10.0,Miami,Florida State,6.5,,,4.0
2022.0,10.0,Mississippi State,Auburn,-12.5,,,4.0
2022.0,10.0,Missouri,Kentucky,-1.0,,,4.0
2022.0,10.0,Montana,Cal Poly,-31.0,,,2.0
2022.0,10.0,Morehead State,Marist,3.0,,,2.0
2022.0,10.0,NC State,Wake Forest,3.0,,,4.0
2022.0,10.0,Nebraska,Minnesota,14.5,,,4.0
2022.0,10.0,North Alabama,Austin Peay,13.0,,,2.0
2022.0,10.0,North Carolina A&T,Norfolk State,-23.5,,,1.0
2022.0,10.0,North Carolina Central,Howard,-6.5,,,2.0
2022.0,10.0,North Texas,Florida International,-21.5,,,4.0
2022.0,10.0,Northern Arizona,Montana State,16.0,,,2.0
2022.0,10.0,Northern Illinois,Central Michigan,-4.5,,,4.0
2022.0,10.0,Northern Iowa,South Dakota State,10.5,,,2.0
2022.0,10.0,Northwestern,Ohio State,37.5,,,4.0
2022.0,10.0,Notre Dame,Clemson,3.5,,,4.0
2022.0,10.0,Ohio,Buffalo,2.5,,,4.0
2022.0,10.0,Oklahoma,Baylor,-3.0,,,4.0
2022.0,10.0,Old Dominion,Marshall,3.5,,,4.0
2022.0,10.0,Pittsburgh,Syracuse,-3.5,,,4.0
2022.0,10.0,Portland State,Northern Colorado,-13.0,,,2.0
2022.0,10.0,Prairie View A&M,Alcorn State,-9.25,,,2.0
2022.0,10.0,Presbyterian,Dayton,20.25,,,2.0
2022.0,10.0,Princeton,Dartmouth,-16.5,,,1.0
2022.0,10.0,Purdue,Iowa,-3.5,,,4.0
2022.0,10.0,Rhode Island,Maine,-15.5,,,1.0
2022.0,10.0,Rice,UTEP,-3.5,,,4.0
2022.0,10.0,Richmond,New Hampshire,-12.5,,,1.0
2022.0,10.0,Rutgers,Michigan,26.5,,,4.0
2022.0,10.0,SMU,Houston,-3.5,,,4.0
2022.0,10.0,Samford,VMI,-28.5,,,1.0
2022.0,10.0,San Diego,Butler,-6.0,,,2.0
2022.0,10.0,San Diego State,UNLV,-5.0,,,4.0
2022.0,10.0,San José State,Colorado State,-24.0,,,4.0
2022.0,10.0,South Carolina State,Delaware State,-7.5,,,1.0
2022.0,10.0,South Dakota,Missouri State,3.5,,,2.0
2022.0,10.0,Southern Miss,Georgia State,-2.0,,,4.0
2022.0,10.0,Stanford,Washington State,3.0,,,4.0
2022.0,10.0,Stony Brook,Morgan State,-10.5,,,1.0
2022.0,10.0,TCU,Texas Tech,-8.5,,,4.0
2022.0,10.0,Tarleton State,Abilene Christian,4.0,,,2.0
2022.0,10.0,Temple,South Florida,3.5,,,4.0
2022.0,10.0,Tennessee State,Southeast Missouri State,11.25,,,2.0
2022.0,10.0,Tennessee Tech,Lindenwood,-4.0,,,2.0
2022.0,10.0,Texas A&M,Florida,-1.5,,,4.0
2022.0,10.0,Texas Southern,Jackson State,23.5,,,2.0
2022.0,10.0,The Citadel,Chattanooga,19.5,,,1.0
2022.0,10.0,Towson,Villanova,10.5,,,1.0
2022.0,10.0,Tulsa,Tulane,6.5,,,4.0
2022.0,10.0,UAB,UTSA,2.5,,,4.0
2022.0,10.0,UC Davis,Idaho State,-28.0,,,2.0
2022.0,10.0,UConn,Massachusetts,-15.0,,,4.0
2022.0,10.0,UL Monroe,Texas State,-2.5,,,4.0
2022.0,10.0,USC,California,-21.0,,,4.0
2022.0,10.0,Utah,Arizona,-17.75,,,4.0
2022.0,10.0,Utah State,New Mexico,-14.5,,,4.0
2022.0,10.0,Valparaiso,St. Thomas (MN),6.0,,,2.0
2022.0,10.0,Vanderbilt,South Carolina,6.5,,,4.0
2022.0,10.0,Virginia,North Carolina,7.25,,,4.0
2022.0,10.0,Virginia Tech,Georgia Tech,-4.0,,,4.0
2022.0,10.0,Washington,Oregon State,-4.5,,,4.0
2022.0,10.0,Weber State,Sacramento State,-2.0,,,1.0
2022.0,10.0,Western Carolina,Wofford,-10.0,,,1.0
2022.0,10.0,Western Illinois,North Dakota State,29.5,,,2.0
2022.0,10.0,Wisconsin,Maryland,-5.0,,,4.0
2022.0,10.0,Yale,Brown,-12.75,,,2.0
2022.0,11.0,Air Force,New Mexico,-21.0,,,4.0
2022.0,11.0,Akron,Eastern Michigan,6.25,,,4.0
2022.0,11.0,Alabama State,Florida A&M,4.5,,,2.0
2022.0,11.0,Alcorn State,Bethune-Cookman,-11.0,,,1.0
2022.0,11.0,Arkansas,LSU,5.25,,,4.0
2022.0,11.0,Arkansas State,Massachusetts,-17.25,,,4.0
2022.0,11.0,Arkansas-Pine Bluff,Prairie View A&M,17.0,,,1.0
2022.0,11.0,Auburn,Texas A&M,-1.5,,,4.0
2022.0,11.0,Baylor,Kansas State,-2.5,,,4.0
2022.0,11.0,Bowling Green,Kent State,2.75,,,4.0
2022.0,11.0,Brown,Columbia,4.0,,,2.0
2022.0,11.0,Cal Poly,Montana State,25.5,,,1.0
2022.0,11.0,Campbell,Gardner-Webb,2.0,,,1.0
2022.0,11.0,Central Connecticut,Merrimack,8.0,,,2.0
2022.0,11.0,Central Michigan,Buffalo,-2.75,,,4.0
2022.0,11.0,Chattanooga,Samford,-4.5,,,2.0
2022.0,11.0,Cincinnati,East Carolina,-4.5,,,4.0
2022.0,11.0,Clemson,Louisville,-7.0,,,4.0
2022.0,11.0,Coastal Carolina,Southern Miss,-5.0,,,4.0
2022.0,11.0,Colorado State,Wyoming,8.5,,,4.0
2022.0,11.0,Cornell,Dartmouth,6.0,,,1.0
2022.0,11.0,Dayton,Morehead State,-14.0,,,1.0
2022.0,11.0,Delaware,Richmond,-4.0,,,1.0
2022.0,11.0,Delaware State,Morgan State,-2.5,,,1.0
2022.0,11.0,Drake,Butler,7.5,,,1.0
2022.0,11.0,Duke,Virginia Tech,-10.0,,,4.0
2022.0,11.0,East Tennessee State,Western Carolina,-5.5,,,2.0
2022.0,11.0,Eastern Illinois,Southeast Missouri State,20.0,,,1.0
2022.0,11.0,Florida,South Carolina,-8.0,,,4.0
2022.0,11.0,Florida International,Florida Atlantic,15.25,,,4.0
2022.0,11.0,Fordham,Lafayette,-21.5,,,1.0
2022.0,11.0,Georgetown,Bucknell,-6.5,,,1.0
2022.0,11.0,Georgia State,UL Monroe,-13.5,,,4.0
2022.0,11.0,Georgia Tech,Miami,-2.0,,,4.0
2022.0,11.0,Hampton,Elon,17.5,,,1.0
2022.0,11.0,Hawai'i,Utah State,10.5,,,4.0
2022.0,11.0,Holy Cross,Bryant,-21.0,,,2.0
2022.0,11.0,Houston,Temple,-20.0,,,4.0
2022.0,11.0,Howard,South Carolina State,-2.5,,,1.0
2022.0,11.0,Idaho,UC Davis,-2.75,,,2.0
2022.0,11.0,Illinois,Purdue,-6.0,,,1.0
2022.0,11.0,Iowa,Wisconsin,0.0,,,4.0
2022.0,11.0,Jackson State,Alabama A&M,-28.5,,,1.0
2022.0,11.0,Jacksonville State,Eastern Kentucky,-4.0,,,1.0
2022.0,11.0,Kentucky,Vanderbilt,-17.0,,,4.0
2022.0,11.0,Lehigh,Colgate,3.0,,,1.0
2022.0,11.0,Louisiana,Georgia Southern,-3.5,,,4.0
2022.0,11.0,Marist,Valparaiso,2.0,,,1.0
2022.0,11.0,Marshall,App State,2.0,,,1.0
2022.0,11.0,Memphis,Tulsa,-6.5,,,4.0
2022.0,11.0,Mercer,Furman,-11.0,,,1.0
2022.0,11.0,Miami (OH),Ohio,2.5,,,4.0
2022.0,11.0,Michigan,Nebraska,-30.5,,,4.0
2022.0,11.0,Michigan State,Rutgers,-10.0,,,4.0
2022.0,11.0,Middle Tennessee,Charlotte,-10.0,,,4.0
2022.0,11.0,Minnesota,Northwestern,-17.0,,,4.0
2022.0,11.0,Mississippi State,Georgia,16.25,,,4.0
2022.0,11.0,Missouri State,Youngstown State,-4.0,,,1.0
2022.0,11.0,Montana,Eastern Washington,-24.0,,,1.0
2022.0,11.0,Murray State,Robert Morris,-7.0,,,1.0
2022.0,11.0,NC State,Boston College,-18.0,,,4.0
2022.0,11.0,Navy,Notre Dame,17.0,,,4.0
2022.0,11.0,Nevada,Boise State,21.0,,,4.0
2022.0,11.0,New Hampshire,Rhode Island,1.0,,,1.0
2022.0,11.0,New Mexico State,Lamar,-22.0,,,2.0
2022.0,11.0,Norfolk State,North Carolina Central,18.5,,,1.0
2022.0,11.0,North Alabama,Tennessee Tech,-3.0,,,1.0
2022.0,11.0,North Carolina A&T,Charleston Southern,-9.5,,,1.0
2022.0,11.0,North Dakota,South Dakota,-8.5,,,2.0
2022.0,11.0,Northern Colorado,Northern Arizona,11.0,,,1.0
2022.0,11.0,Ohio State,Indiana,-40.0,,,4.0
2022.0,11.0,Oklahoma State,Iowa State,2.75,,,4.0
2022.0,11.0,Old Dominion,James Madison,7.5,,,4.0
2022.0,11.0,Ole Miss,Alabama,11.0,,,4.0
2022.0,11.0,Oregon,Washington,-12.0,,,4.0
2022.0,11.0,Oregon State,California,-11.5,,,4.0
2022.0,11.0,Penn State,Maryland,-10.5,,,4.0
2022.0,11.0,Pennsylvania,Harvard,-2.5,,,1.0
2022.0,11.0,Portland State,Sacramento State,21.0,,,2.0
2022.0,11.0,SE Louisiana,Northwestern State,-24.0,,,1.0
2022.0,11.0,Sam Houston,Abilene Christian,-8.0,,,1.0
2022.0,11.0,San Diego,Davidson,4.5,,,1.0
2022.0,11.0,San Diego State,San José State,2.25,,,4.0
2022.0,11.0,South Alabama,Texas State,-16.0,,,4.0
2022.0,11.0,South Dakota State,Illinois State,-21.0,,,1.0
2022.0,11.0,South Florida,SMU,17.5,,,4.0
2022.0,11.0,Southern,Mississippi Valley State,-20.5,,,1.0
2022.0,11.0,Southern Illinois,North Dakota State,7.0,,,1.0
2022.0,11.0,St. Francis (PA),Duquesne,-13.0,,,1.0
2022.0,11.0,St. Thomas (MN),Stetson,-16.0,,,1.0
2022.0,11.0,Stephen F. Austin,Central Arkansas,0.0,,,1.0
2022.0,11.0,Stony Brook,Towson,5.5,,,2.0
2022.0,11.0,Syracuse,Florida State,7.0,,,4.0
2022.0,11.0,Tennessee,Missouri,-19.0,,,4.0
2022.0,11.0,Tennessee State,UT Martin,13.5,,,1.0
2022.0,11.0,Texas,TCU,-7.5,,,4.0
2022.0,11.0,Texas Southern,Grambling,-6.5,,,1.0
2022.0,11.0,Texas Tech,Kansas,-3.5,,,4.0
2022.0,11.0,Toledo,Ball State,-13.5,,,4.0
2022.0,11.0,Troy,Army,-8.5,,,4.0
2022.0,11.0,Tulane,UCF,-1.0,,,4.0
2022.0,11.0,UAB,North Texas,-6.5,,,4.0
2022.0,11.0,UAlbany,Maine,-5.0,,,1.0
2022.0,11.0,UCLA,Arizona,-20.0,,,4.0
2022.0,11.0,UConn,Liberty,13.5,,,4.0
2022.0,11.0,UNLV,Fresno State,8.5,,,4.0
2022.0,11.0,USC,Colorado,-34.5,,,4.0
2022.0,11.0,UTSA,Louisiana Tech,-17.0,,,4.0
2022.0,11.0,Utah,Stanford,-24.0,,,4.0
2022.0,11.0,Virginia,Pittsburgh,5.5,,,4.0
2022.0,11.0,Wagner,Sacred Heart,17.0,,,1.0
2022.0,11.0,Wake Forest,North Carolina,-4.5,,,4.0
2022.0,11.0,Washington State,Arizona State,-9.5,,,4.0
2022.0,11.0,Weber State,Idaho State,-32.0,,,1.0
2022.0,11.0,West Virginia,Oklahoma,8.5,,,4.0
2022.0,11.0,Western Illinois,Indiana State,3.5,,,1.0
2022.0,11.0,Western Kentucky,Rice,-13.5,,,4.0
2022.0,11.0,Western Michigan,Northern Illinois,0.5,,,4.0
2022.0,11.0,William & Mary,Villanova,-10.5,,,2.0
2022.0,11.0,Wofford,VMI,-9.0,,,1.0
2022.0,11.0,Yale,Princeton,3.0,,,1.0
2022.0,12.0,Abilene Christian,Stephen F. Austin,-8.5,,,1.0
2022.0,12.0,Air Force,Colorado State,-21.5,,,4.0
2022.0,12.0,Alabama,Austin Peay,-44.75,,,2.0
2022.0,12.0,Alabama A&M,Texas Southern,2.5,,,1.0
2022.0,12.0,Alcorn State,Jackson State,19.5,,,2.0
2022.0,12.0,App State,Old Dominion,-16.0,,,4.0
2022.0,12.0,Arizona,Washington State,4.0,,,4.0
2022.0,12.0,Arizona State,Oregon State,7.5,,,4.0
2022.0,12.0,Arkansas,Ole Miss,0.0,,,4.0
2022.0,12.0,Army,UConn,-10.5,,,4.0
2022.0,12.0,Auburn,Western Kentucky,-5.0,,,4.0
2022.0,12.0,Ball State,Ohio,3.5,,,4.0
2022.0,12.0,Baylor,TCU,2.0,,,4.0
2022.0,12.0,Bucknell,Marist,-8.0,,,1.0
2022.0,12.0,Butler,St. Thomas (MN),7.5,,,2.0
2022.0,12.0,Cal Poly,Portland State,10.5,,,2.0
2022.0,12.0,California,Stanford,-5.0,,,4.0
2022.0,12.0,Central Arkansas,Jacksonville State,3.5,,,2.0
2022.0,12.0,Central Michigan,Western Michigan,-10.0,,,4.0
2022.0,12.0,Charlotte,Louisiana Tech,2.0,,,4.0
2022.0,12.0,Clemson,Miami,-19.0,,,4.0
2022.0,12.0,Columbia,Cornell,-5.0,,,1.0
2022.0,12.0,Dartmouth,Brown,-10.5,,,1.0
2022.0,12.0,Davidson,Dayton,-8.5,,,1.0
2022.0,12.0,Delaware State,Campbell,18.0,,,1.0
2022.0,12.0,Duquesne,Wagner,-20.0,,,1.0
2022.0,12.0,East Carolina,Houston,-6.0,,,4.0
2022.0,12.0,Eastern Washington,Northern Colorado,-10.5,,,2.0
2022.0,12.0,Florida A&M,Bethune-Cookman,14.0,,,1.0
2022.0,12.0,Florida State,Louisiana,-25.0,,,4.0
2022.0,12.0,Fordham,Colgate,-22.5,,,1.0
2022.0,12.0,Furman,Wofford,-18.25,,,2.0
2022.0,12.0,Gardner-Webb,North Carolina A&T,-10.5,,,1.0
2022.0,12.0,Georgetown,Holy Cross,28.0,,,2.0
2022.0,12.0,Georgia Southern,Marshall,6.0,,,4.0
2022.0,12.0,Harvard,Yale,-1.5,,,2.0
2022.0,12.0,Hawai'i,UNLV,11.0,,,4.0
2022.0,12.0,Idaho State,Idaho,24.5,,,1.0
2022.0,12.0,Illinois State,Western Illinois,-21.0,,,1.0
2022.0,12.0,Indiana State,Missouri State,10.5,,,1.0
2022.0,12.0,Iowa State,Texas Tech,-3.5,,,4.0
2022.0,12.0,James Madison,Georgia State,-10.0,,,4.0
2022.0,12.0,Kansas,Texas,9.0,,,4.0
2022.0,12.0,Kent State,Eastern Michigan,-7.5,,,4.0
2022.0,12.0,Kentucky,Georgia,22.5,,,4.0
2022.0,12.0,LSU,UAB,-15.25,,,4.0
2022.0,12.0,Lafayette,Lehigh,-3.0,,,1.0
2022.0,12.0,Liberty,Virginia Tech,-10.5,,,4.0
2022.0,12.0,Louisville,NC State,-4.0,,,4.0
2022.0,12.0,Maine,New Hampshire,5.5,,,1.0
2022.0,12.0,Maryland,Ohio State,26.25,,,4.0
2022.0,12.0,McNeese,Lamar,-14.5,,,1.0
2022.0,12.0,Memphis,North Alabama,-36.0,,,2.0
2022.0,12.0,Merrimack,St. Francis (PA),9.0,,,1.0
2022.0,12.0,Michigan,Illinois,-17.0,,,4.0
2022.0,12.0,Michigan State,Indiana,-12.0,,,4.0
2022.0,12.0,Middle Tennessee,Florida Atlantic,5.5,,,4.0
2022.0,12.0,Minnesota,Iowa,-2.0,,,4.0
2022.0,12.0,Mississippi State,East Tennessee State,-39.0,,,2.0
2022.0,12.0,Mississippi Valley State,Prairie View A&M,19.5,,,1.0
2022.0,12.0,Missouri,New Mexico State,-29.0,,,4.0
2022.0,12.0,Monmouth,Stony Brook,-14.5,,,1.0
2022.0,12.0,Montana State,Montana,1.5,,,2.0
2022.0,12.0,Morehead State,San Diego,14.25,,,2.0
2022.0,12.0,Morgan State,Howard,5.0,,,1.0
2022.0,12.0,Nebraska,Wisconsin,10.0,,,4.0
2022.0,12.0,Nevada,Fresno State,22.5,,,4.0
2022.0,12.0,New Mexico,San Diego State,14.5,,,4.0
2022.0,12.0,Nicholls,SE Louisiana,13.5,,,2.0
2022.0,12.0,North Carolina,Georgia Tech,-21.25,,,4.0
2022.0,12.0,North Dakota State,North Dakota,-12.5,,,1.0
2022.0,12.0,Northern Arizona,Weber State,17.0,,,1.0
2022.0,12.0,Northern Illinois,Miami (OH),-0.5,,,4.0
2022.0,12.0,Northwestern State,Incarnate Word,28.5,,,1.0
2022.0,12.0,Notre Dame,Boston College,-20.0,,,4.0
2022.0,12.0,Oklahoma,Oklahoma State,-7.0,,,4.0
2022.0,12.0,Oregon,Utah,-1.0,,,4.0
2022.0,12.0,Pittsburgh,Duke,-6.5,,,4.0
2022.0,12.0,Princeton,Pennsylvania,-11.5,,,1.0
2022.0,12.0,Purdue,Northwestern,-17.5,,,4.0
2022.0,12.0,Rhode Island,UAlbany,-10.0,,,1.0
2022.0,12.0,Rice,UTSA,14.0,,,4.0
2022.0,12.0,Richmond,William & Mary,-1.5,,,1.0
2022.0,12.0,Robert Morris,Bryant,18.5,,,1.0
2022.0,12.0,Rutgers,Penn State,18.5,,,4.0
2022.0,12.0,Sacramento State,UC Davis,-8.25,,,2.0
2022.0,12.0,Sacred Heart,Long Island University,-10.0,,,1.0
2022.0,12.0,Sam Houston,Southern Utah,-11.0,,,1.0
2022.0,12.0,Samford,Mercer,0.0,,,1.0
2022.0,12.0,South Carolina,Tennessee,22.5,,,4.0
2022.0,12.0,South Carolina State,Norfolk State,-15.5,,,1.0
2022.0,12.0,South Dakota,Northern Iowa,5.0,,,1.0
2022.0,12.0,Southeast Missouri State,Murray State,-27.5,,,1.0
2022.0,12.0,Southern Miss,South Alabama,7.5,,,4.0
2022.0,12.0,Stetson,Presbyterian,-20.5,,,1.0
2022.0,12.0,Tarleton State,Houston Christian,-18.0,,,1.0
2022.0,12.0,Temple,Cincinnati,17.0,,,4.0
2022.0,12.0,Tennessee Tech,North Carolina Central,2.5,,,1.0
2022.0,12.0,Texas A&M,Massachusetts,-32.0,,,4.0
2022.0,12.0,Texas State,Arkansas State,-6.0,,,4.0
2022.0,12.0,Toledo,Bowling Green,-14.5,,,4.0
2022.0,12.0,Towson,Hampton,-7.5,,,1.0
2022.0,12.0,Troy,UL Monroe,-15.0,,,4.0
2022.0,12.0,Tulane,SMU,-3.5,,,4.0
2022.0,12.0,Tulsa,South Florida,-13.75,,,4.0
2022.0,12.0,UCF,Navy,-15.25,,,4.0
2022.0,12.0,UCLA,USC,2.5,,,4.0
2022.0,12.0,UT Martin,Eastern Illinois,-22.0,,,1.0
2022.0,12.0,UTEP,Florida International,-14.0,,,4.0
2022.0,12.0,Utah State,San José State,-1.0,,,4.0
2022.0,12.0,Valparaiso,Drake,-7.5,,,1.0
2022.0,12.0,Vanderbilt,Florida,14.0,,,4.0
2022.0,12.0,Villanova,Delaware,7.75,,,2.0
2022.0,12.0,Wake Forest,Syracuse,-9.5,,,4.0
2022.0,12.0,Washington,Colorado,-30.5,,,4.0
2022.0,12.0,West Virginia,Kansas State,8.0,,,4.0
2022.0,12.0,Western Carolina,Chattanooga,7.5,,,1.0
2022.0,12.0,Wyoming,Boise State,14.5,,,4.0
2022.0,12.0,Youngstown State,Southern Illinois,3.0,,,2.0
2022.0,13.0,Alabama,Auburn,-22.0,,,4.0
2022.0,13.0,Alabama State,Arkansas-Pine Bluff,-18.0,,,1.0
2022.0,13.0,Arizona,Arizona State,-4.0,,,4.0
2022.0,13.0,Arkansas State,Troy,13.5,,,4.0
2022.0,13.0,Boise State,Utah State,-16.5,,,4.0
2022.0,13.0,Boston College,Syracuse,10.5,,,4.0
2022.0,13.0,Buffalo,Kent State,-4.5,,,4.0
2022.0,13.0,California,UCLA,11.5,,,4.0
2022.0,13.0,Cincinnati,Tulane,1.0,,,4.0
2022.0,13.0,Clemson,South Carolina,-14.0,,,4.0
2022.0,13.0,Colorado,Utah,30.0,,,4.0
2022.0,13.0,Colorado State,New Mexico,-7.25,,,4.0
2022.0,13.0,Delaware,St. Francis (PA),-7.0,,,2.0
2022.0,13.0,Duke,Wake Forest,3.0,,,4.0
2022.0,13.0,Eastern Kentucky,Gardner-Webb,-3.5,,,2.0
2022.0,13.0,Eastern Michigan,Central Michigan,-1.0,,,4.0
2022.0,13.0,Florida Atlantic,Western Kentucky,7.5,,,4.0
2022.0,13.0,Florida International,Middle Tennessee,19.5,,,4.0
2022.0,13.0,Florida State,Florida,-10.0,,,4.0
2022.0,13.0,Fresno State,Wyoming,-14.0,,,4.0
2022.0,13.0,Furman,Elon,-4.5,,,2.0
2022.0,13.0,Georgia,Georgia Tech,-36.5,,,4.0
2022.0,13.0,Georgia Southern,App State,6.5,,,4.0
2022.0,13.0,Houston,Tulsa,-13.0,,,4.0
2022.0,13.0,Indiana,Purdue,10.0,,,4.0
2022.0,13.0,Iowa,Nebraska,-10.5,,,4.0
2022.0,13.0,James Madison,Coastal Carolina,-15.5,,,4.0
2022.0,13.0,Kansas State,Kansas,-12.0,,,4.0
2022.0,13.0,Kentucky,Louisville,-3.5,,,4.0
2022.0,13.0,Liberty,New Mexico State,-24.0,,,4.0
2022.0,13.0,Louisiana Tech,UAB,18.0,,,4.0
2022.0,13.0,Marshall,Georgia State,-6.5,,,4.0
2022.0,13.0,Maryland,Rutgers,-14.5,,,4.0
2022.0,13.0,Massachusetts,Army,20.0,,,4.0
2022.0,13.0,Miami,Pittsburgh,4.25,,,4.0
2022.0,13.0,Miami (OH),Ball State,-2.5,,,4.0
2022.0,13.0,Missouri,Arkansas,3.0,,,4.0
2022.0,13.0,Montana,Southeast Missouri State,-13.0,,,2.0
2022.0,13.0,New Hampshire,Fordham,0.5,,,2.0
2022.0,13.0,North Carolina,NC State,-6.5,,,4.0
2022.0,13.0,North Texas,Rice,-14.5,,,4.0
2022.0,13.0,Northern Illinois,Akron,-9.5,,,4.0
2022.0,13.0,Northwestern,Illinois,14.75,,,4.0
2022.0,13.0,Ohio,Bowling Green,-5.5,,,4.0
2022.0,13.0,Ohio State,Michigan,-9.0,,,4.0
2022.0,13.0,Oklahoma State,West Virginia,-5.5,,,4.0
2022.0,13.0,Ole Miss,Mississippi State,-2.5,,,4.0
2022.0,13.0,Oregon State,Oregon,-1.0,,,4.0
2022.0,13.0,Penn State,Michigan State,-19.0,,,4.0
2022.0,13.0,Richmond,Davidson,-22.0,,,2.0
2022.0,13.0,SE Louisiana,Idaho,4.0,,,2.0
2022.0,13.0,SMU,Memphis,-4.5,,,4.0
2022.0,13.0,San Diego State,Air Force,2.0,,,4.0
2022.0,13.0,San José State,Hawai'i,-15.25,,,4.0
2022.0,13.0,South Alabama,Old Dominion,-16.5,,,4.0
2022.0,13.0,South Florida,UCF,20.0,,,4.0
2022.0,13.0,Southern,Grambling,-10.0,,,2.0
2022.0,13.0,Stanford,BYU,6.5,,,4.0
2022.0,13.0,TCU,Iowa State,-9.5,,,4.0
2022.0,13.0,Temple,East Carolina,9.5,,,4.0
2022.0,13.0,Texas,Baylor,-10.0,,,4.0
2022.0,13.0,Texas A&M,LSU,10.0,,,4.0
2022.0,13.0,Texas State,Louisiana,5.0,,,4.0
2022.0,13.0,Texas Tech,Oklahoma,1.5,,,4.0
2022.0,13.0,UL Monroe,Southern Miss,3.0,,,4.0
2022.0,13.0,UNLV,Nevada,-12.5,,,4.0
2022.0,13.0,USC,Notre Dame,-4.25,,,4.0
2022.0,13.0,UTSA,UTEP,-16.5,,,4.0
2022.0,13.0,Vanderbilt,Tennessee,14.0,,,4.0
2022.0,13.0,Washington State,Washington,2.5,,,4.0
2022.0,13.0,Weber State,North Dakota,-11.0,,,1.0
2022.0,13.0,Western Michigan,Toledo,8.5,,,4.0
2022.0,13.0,Wisconsin,Minnesota,-3.0,,,4.0
2022.0,14.0,Boise State,Fresno State,-3.0,,,4.0
2022.0,14.0,Buffalo,Akron,-12.0,,,4.0
2022.0,14.0,Georgia,LSU,-17.0,,,4.0
2022.0,14.0,Holy Cross,New Hampshire,-7.0,,,1.0
2022.0,14.0,Incarnate Word,Furman,-9.5,,,1.0
2022.0,14.0,Jackson State,Southern,-20.5,,,3.0
2022.0,14.0,Michigan,Purdue,-15.75,,,4.0
2022.0,14.0,Montana State,Weber State,-6.5,,,1.0
2022.0,14.0,New Mexico State,Valparaiso,-31.5,,,1.0
2022.0,14.0,North Carolina,Clemson,7.25,,,4.0
2022.0,14.0,North Dakota State,Montana,-9.0,,,1.0
2022.0,14.0,Ohio,Toledo,3.5,,,4.0
2022.0,14.0,Sacramento State,Richmond,-14.5,,,1.0
2022.0,14.0,Samford,SE Louisiana,-7.0,,,1.0
2022.0,14.0,South Dakota State,Delaware,-17.0,,,1.0
2022.0,14.0,TCU,Kansas State,1.0,,,4.0
2022.0,14.0,Troy,Coastal Carolina,-6.5,,,4.0
2022.0,14.0,Tulane,UCF,-3.5,,,4.0
2022.0,14.0,USC,Utah,-2.75,,,4.0
2022.0,14.0,UTSA,North Texas,-8.5,,,4.0
2022.0,14.0,William & Mary,Gardner-Webb,-10.0,,,1.0
2022.0,15.0,Army,Navy,2.5,,,4.0
2022.0,15.0,Montana State,William & Mary,-9.25,,,2.0
2022.0,15.0,North Dakota State,Samford,-19.25,,,2.0
2022.0,15.0,Sacramento State,Incarnate Word,-6.25,,,2.0
2022.0,15.0,South Dakota State,Holy Cross,-19.0,,,2.0
2023.0,1.0,Abilene Christian,Northern Colorado,-13.5,,,1.0
2023.0,1.0,Air Force,James Madison,-2.5,,,2.0
2023.0,1.0,Air Force,Robert Morris,-46.5,,,2.0
2023.0,1.0,Alabama,Middle Tennessee,-39.5,,,4.0
2023.0,1.0,Alabama State,Southern,2.5,,,1.0
2023.0,1.0,App State,Gardner-Webb,-22.5,,,2.0
2023.0,1.0,App State,Miami (OH),-6.5,,,3.0
2023.0,1.0,Arizona,Northern Arizona,-28.5,,,2.0
2023.0,1.0,Arizona State,Southern Utah,-34.0,,,3.0
2023.0,1.0,Arkansas,Western Carolina,-38.0,,,2.0
2023.0,1.0,Auburn,Massachusetts,-35.0,,,5.0
2023.0,1.0,Baylor,Texas State,-26.75,,,4.0
2023.0,1.0,Boise State,UCLA,6.5,,,3.0
2023.0,1.0,Boston College,Northern Illinois,-8.5,,,5.0
2023.0,1.0,Boston College,SMU,13.5,,,2.0
2023.0,1.0,Campbell,William & Mary,17.5,,,1.0
2023.0,1.0,Charlotte,South Carolina State,-23.75,,,2.0
2023.0,1.0,Cincinnati,Eastern Kentucky,-21.5,,,2.0
2023.0,1.0,Colorado State,Washington State,10.25,,,4.0
2023.0,1.0,Duke,Clemson,12.5,,,5.0
2023.0,1.0,Duke,Troy,6.75,,,2.0
2023.0,1.0,Eastern Michigan,Howard,-20.0,,,1.0
2023.0,1.0,Eastern Michigan,South Alabama,17.75,,,2.0
2023.0,1.0,Florida A&M,Howard,-7.5,,,1.0
2023.0,1.0,Florida A&M,Jackson State,3.5,,,2.0
2023.0,1.0,Florida Atlantic,Monmouth,-26.25,,,2.0
2023.0,1.0,Florida International,Maine,-15.0,,,2.0
2023.0,1.0,Florida State,Georgia,23.5,,,3.0
2023.0,1.0,Florida State,LSU,2.5,,,5.0
2023.0,1.0,Fordham,Wagner,-28.0,,,1.0
2023.0,1.0,Fresno State,New Mexico State,3.0,,,3.0
2023.0,1.0,Furman,Tennessee Tech,-27.0,,,1.0
2023.0,1.0,Georgetown,Marist,-6.75,,,2.0
2023.0,1.0,Georgia,UT Martin,-50.5,,,2.0
2023.0,1.0,Georgia Southern,The Citadel,-34.25,,,2.0
2023.0,1.0,Georgia State,Rhode Island,-17.5,,,3.0
2023.0,1.0,Georgia Tech,Louisville,7.5,,,5.0
2023.0,1.0,Hawai'i,Stanford,2.75,,,4.0
2023.0,1.0,Houston,UTSA,1.5,,,5.0
2023.0,1.0,Illinois,Toledo,-9.0,,,5.0
2023.0,1.0,Illinois State,Dayton,-19.0,,,2.0
2023.0,1.0,Indiana,Ohio State,30.0,,,5.0
2023.0,1.0,Iowa,Utah State,-23.75,,,4.0
2023.0,1.0,Iowa State,Memphis,-10.5,,,3.0
2023.0,1.0,Iowa State,Northern Iowa,-7.25,,,2.0
2023.0,1.0,Jackson State,South Carolina State,-9.5,,,1.0
2023.0,1.0,Jacksonville State,East Tennessee State,-20.25,,,2.0
2023.0,1.0,Jacksonville State,UTEP,1.0,,,3.0
2023.0,1.0,James Madison,Bucknell,-47.25,,,2.0
2023.0,1.0,Kansas,Missouri State,-32.5,,,1.0
2023.0,1.0,Kansas State,NC State,-3.5,,,3.0
2023.0,1.0,Kansas State,Southeast Missouri State,-28.5,,,1.0
2023.0,1.0,Kentucky,Ball State,-26.0,,,4.0
2023.0,1.0,Kentucky,Clemson,3.5,,,3.0
2023.0,1.0,LSU,Wisconsin,-9.5,,,3.0
2023.0,1.0,Lamar,Idaho,25.5,,,1.0
2023.0,1.0,Lehigh,Villanova,19.0,,,1.0
2023.0,1.0,Liberty,Bowling Green,-9.0,,,4.0
2023.0,1.0,Louisiana,Jacksonville State,3.5,,,3.0
2023.0,1.0,Louisiana,Northwestern State,-35.0,,,2.0
2023.0,1.0,Louisiana Tech,Florida International,-10.0,,,5.0
2023.0,1.0,Marshall,UAlbany,-22.0,,,2.0
2023.0,1.0,Marshall,UTSA,7.5,,,3.0
2023.0,1.0,Maryland,Auburn,4.0,,,3.0
2023.0,1.0,Maryland,Towson,-38.5,,,2.0
2023.0,1.0,McNeese,Tarleton State,3.5,,,1.0
2023.0,1.0,Memphis,Bethune-Cookman,-49.0,,,1.0
2023.0,1.0,Mercer,North Alabama,-23.5,,,1.0
2023.0,1.0,Miami,Miami (OH),-16.5,,,4.0
2023.0,1.0,Miami,Rutgers,2.75,,,2.0
2023.0,1.0,Michigan,Alabama,-2.0,,,3.0
2023.0,1.0,Michigan,East Carolina,-35.5,,,5.0
2023.0,1.0,Michigan,Washington,-5.0,,,2.0
2023.0,1.0,Michigan State,Central Michigan,-14.0,,,5.0
2023.0,1.0,Minnesota,Bowling Green,-2.5,,,2.0
2023.0,1.0,Minnesota,Nebraska,-7.5,,,5.0
2023.0,1.0,Mississippi State,SE Louisiana,-31.5,,,2.0
2023.0,1.0,Missouri,South Dakota,-27.0,,,3.0
2023.0,1.0,Montana,North Dakota State,1.5,,,1.0
2023.0,1.0,Murray State,Presbyterian,-28.5,,,1.0
2023.0,1.0,New Mexico State,Massachusetts,-8.0,,,5.0
2023.0,1.0,New Mexico State,Western Illinois,-21.0,,,2.0
2023.0,1.0,Nicholls,Sacramento State,23.5,,,1.0
2023.0,1.0,North Alabama,Chattanooga,19.5,,,1.0
2023.0,1.0,North Carolina,South Carolina,2.5,,,5.0
2023.0,1.0,North Dakota,Drake,-34.5,,,1.0
2023.0,1.0,North Dakota State,Eastern Washington,-23.75,,,2.0
2023.0,1.0,North Texas,California,6.5,,,5.0
2023.0,1.0,Northern Illinois,Arkansas State,2.5,,,2.0
2023.0,1.0,Northwestern,Utah,6.5,,,2.0
2023.0,1.0,Notre Dame,Navy,-20.5,,,5.0
2023.0,1.0,Notre Dame,Oregon State,-5.5,,,2.0
2023.0,1.0,Notre Dame,Tennessee State,-48.25,,,2.0
2023.0,1.0,Ohio,Georgia Southern,1.5,,,3.0
2023.0,1.0,Ohio,Long Island University,-35.0,,,2.0
2023.0,1.0,Ohio State,Missouri,-4.0,,,3.0
2023.0,1.0,Oklahoma,Arizona,2.5,,,3.0
2023.0,1.0,Oklahoma,Arkansas State,-36.0,,,4.0
2023.0,1.0,Oklahoma State,Central Arkansas,-26.0,,,2.0
2023.0,1.0,Oklahoma State,Texas A&M,-4.0,,,3.0
2023.0,1.0,Old Dominion,Western Kentucky,-4.0,,,3.0
2023.0,1.0,Ole Miss,Mercer,-34.5,,,2.0
2023.0,1.0,Oregon,Liberty,-18.5,,,3.0
2023.0,1.0,Oregon,Portland State,-48.25,,,2.0
2023.0,1.0,Penn State,Ole Miss,-5.5,,,3.0
2023.0,1.0,Penn State,West Virginia,-20.5,,,5.0
2023.0,1.0,Pittsburgh,Wofford,-37.5,,,2.0
2023.0,1.0,Purdue,Fresno State,-4.0,,,5.0
2023.0,1.0,Rice,Texas State,3.5,,,2.0
2023.0,1.0,Richmond,Morgan State,-25.5,,,1.0
2023.0,1.0,Rutgers,Northwestern,-6.5,,,5.0
2023.0,1.0,SMU,Louisiana Tech,-20.5,,,4.0
2023.0,1.0,Sacred Heart,Lafayette,-5.5,,,1.0
2023.0,1.0,San Diego State,Idaho State,-34.5,,,2.0
2023.0,1.0,San Diego State,Ohio,-3.0,,,5.0
2023.0,1.0,San José State,Coastal Carolina,-7.5,,,3.0
2023.0,1.0,San José State,Oregon State,15.25,,,4.0
2023.0,1.0,South Dakota State,Montana,-13.5,,,2.0
2023.0,1.0,South Dakota State,UAlbany,-17.5,,,1.0
2023.0,1.0,Southern Illinois,Austin Peay,-7.5,,,1.0
2023.0,1.0,Southern Miss,Alcorn State,-24.25,,,2.0
2023.0,1.0,Stonehill,New Hampshire,21.0,,,1.0
2023.0,1.0,Stony Brook,Delaware,15.0,,,1.0
2023.0,1.0,Syracuse,Colgate,-40.0,,,2.0
2023.0,1.0,Syracuse,South Florida,-4.25,,,2.0
2023.0,1.0,TCU,Colorado,-20.5,,,5.0
2023.0,1.0,Temple,Akron,-9.75,,,4.0
2023.0,1.0,Tennessee,Iowa,-4.5,,,3.0
2023.0,1.0,Tennessee,Virginia,-28.0,,,5.0
2023.0,1.0,Texas,Rice,-35.25,,,4.0
2023.0,1.0,Texas A&M,New Mexico,-38.0,,,4.0
2023.0,1.0,Texas Tech,California,-3.5,,,3.0
2023.0,1.0,Troy,Stephen F. Austin,-26.0,,,2.0
2023.0,1.0,Tulane,South Alabama,-6.25,,,4.0
2023.0,1.0,Tulane,Virginia Tech,13.0,,,2.0
2023.0,1.0,Tulsa,Arkansas-Pine Bluff,-40.5,,,3.0
2023.0,1.0,UAB,North Carolina A&T,-24.0,,,3.0
2023.0,1.0,UAlbany,Fordham,-4.5,,,1.0
2023.0,1.0,UCF,Georgia Tech,-6.25,,,2.0
2023.0,1.0,UCF,Kent State,-35.0,,,5.0
2023.0,1.0,UCLA,Coastal Carolina,-15.5,,,4.0
2023.0,1.0,UConn,NC State,14.5,,,5.0
2023.0,1.0,UL Monroe,Army,8.5,,,4.0
2023.0,1.0,UNLV,Bryant,-16.75,,,2.0
2023.0,1.0,UNLV,Kansas,8.5,,,3.0
2023.0,1.0,USC,Louisville,4.5,,,2.0
2023.0,1.0,USC,Nevada,-38.0,,,4.0
2023.0,1.0,USC,San José State,-30.5,,,5.0
2023.0,1.0,UTEP,Incarnate Word,-7.5,,,2.0
2023.0,1.0,Utah,Florida,-5.5,,,5.0
2023.0,1.0,Utah State,Georgia State,-1.75,,,2.0
2023.0,1.0,Vanderbilt,Alabama A&M,-35.0,,,2.0
2023.0,1.0,Vanderbilt,Hawai'i,-17.75,,,4.0
2023.0,1.0,Virginia Tech,Old Dominion,-16.0,,,4.0
2023.0,1.0,Wake Forest,Elon,-32.5,,,3.0
2023.0,1.0,Washington,Boise State,-14.5,,,5.0
2023.0,1.0,Washington,Texas,3.5,,,3.0
2023.0,1.0,West Virginia,North Carolina,-4.0,,,2.0
2023.0,1.0,Western Kentucky,South Florida,-13.25,,,4.0
2023.0,1.0,Western Michigan,St. Francis (PA),-14.0,,,1.0
2023.0,1.0,Wisconsin,Buffalo,-28.0,,,5.0
2023.0,1.0,Wyoming,Texas Tech,13.5,,,5.0
2023.0,1.0,Wyoming,Toledo,-4.5,,,2.0
2023.0,1.0,Youngstown State,Valparaiso,-36.0,,,1.0
2023.0,2.0,Akron,Morgan State,-25.0,,,1.0
2023.0,2.0,Alabama,Texas,-7.0,,,3.0
2023.0,2.0,Arizona State,Oklahoma State,2.5,,,3.0
2023.0,2.0,Arkansas,Kent State,-38.5,,,3.0
2023.0,2.0,Arkansas State,Memphis,21.0,,,3.0
2023.0,2.0,Army,Delaware State,-39.5,,,2.0
2023.0,2.0,Baylor,Utah,7.0,,,3.0
2023.0,2.0,Boise State,UCF,3.0,,,3.0
2023.0,2.0,Boston College,Holy Cross,-10.0,,,2.0
2023.0,2.0,Bowling Green,Eastern Illinois,-17.0,,,2.0
2023.0,2.0,Buffalo,Fordham,-23.5,,,1.0
2023.0,2.0,California,Auburn,5.0,,,3.0
2023.0,2.0,Central Michigan,New Hampshire,-7.0,,,1.0
2023.0,2.0,Clemson,Charleston Southern,-50.5,,,1.0
2023.0,2.0,Coastal Carolina,Jacksonville State,-13.5,,,3.0
2023.0,2.0,Colorado,Nebraska,-3.0,,,3.0
2023.0,2.0,Duke,Lafayette,-41.75,,,2.0
2023.0,2.0,East Carolina,Marshall,3.0,,,3.0
2023.0,2.0,Florida,McNeese,-48.5,,,1.0
2023.0,2.0,Florida Atlantic,Ohio,-3.5,,,3.0
2023.0,2.0,Florida International,North Texas,10.5,,,3.0
2023.0,2.0,Florida State,Southern Miss,-31.0,,,3.0
2023.0,2.0,Fresno State,Eastern Washington,-31.5,,,1.0
2023.0,2.0,Georgia,Ball State,-42.0,,,3.0
2023.0,2.0,Georgia Southern,UAB,-7.0,,,3.0
2023.0,2.0,Georgia State,UConn,-3.0,,,3.0
2023.0,2.0,Georgia Tech,South Carolina State,-43.0,,,3.0
2023.0,2.0,Hawai'i,UAlbany,-10.5,,,1.0
2023.0,2.0,Indiana,Indiana State,-31.0,,,2.0
2023.0,2.0,Iowa State,Iowa,3.5,,,3.0
2023.0,2.0,Kansas,Illinois,-3.5,,,3.0
2023.0,2.0,Kansas State,Troy,-15.0,,,3.0
2023.0,2.0,Kentucky,Eastern Kentucky,-35.25,,,2.0
2023.0,2.0,LSU,Grambling,-56.5,,,1.0
2023.0,2.0,Liberty,New Mexico State,-9.5,,,3.0
2023.0,2.0,Louisiana Tech,Northwestern State,-23.0,,,1.0
2023.0,2.0,Louisville,Murray State,-43.5,,,1.0
2023.0,2.0,Maryland,Charlotte,-24.5,,,3.0
2023.0,2.0,Massachusetts,Miami (OH),7.0,,,3.0
2023.0,2.0,Miami,Texas A&M,3.0,,,3.0
2023.0,2.0,Michigan,UNLV,-38.0,,,3.0
2023.0,2.0,Michigan State,Richmond,-29.5,,,2.0
2023.0,2.0,Minnesota,Eastern Michigan,-19.5,,,3.0
2023.0,2.0,Mississippi State,Arizona,-9.0,,,3.0
2023.0,2.0,Missouri,Middle Tennessee,-21.0,,,3.0
2023.0,2.0,NC State,Notre Dame,7.0,,,3.0
2023.0,2.0,Navy,Wagner,-42.75,,,2.0
2023.0,2.0,Nevada,Idaho,4.0,,,2.0
2023.0,2.0,New Mexico,Tennessee Tech,-16.0,,,1.0
2023.0,2.0,North Carolina,App State,-19.5,,,3.0
2023.0,2.0,North Carolina A&T,North Carolina Central,-6.5,,,1.0
2023.0,2.0,North Dakota State,Maine,-35.5,,,1.0
2023.0,2.0,Northern Illinois,Southern Illinois,-6.75,,,2.0
2023.0,2.0,Northern Iowa,Weber State,-7.5,,,1.0
2023.0,2.0,Northwestern,UTEP,-1.0,,,3.0
2023.0,2.0,Ohio State,Youngstown State,-45.25,,,2.0
2023.0,2.0,Oklahoma,SMU,-16.5,,,3.0
2023.0,2.0,Old Dominion,Louisiana,6.0,,,3.0
2023.0,2.0,Oregon State,UC Davis,-23.5,,,2.0
2023.0,2.0,Penn State,Delaware,-43.75,,,2.0
2023.0,2.0,Pittsburgh,Cincinnati,-6.5,,,3.0
2023.0,2.0,Rhode Island,Stony Brook,-24.5,,,1.0
2023.0,2.0,Rice,Houston,7.0,,,3.0
2023.0,2.0,Rutgers,Temple,-7.5,,,3.0
2023.0,2.0,Sacramento State,East Texas A&M,-34.5,,,1.0
2023.0,2.0,Sam Houston,Air Force,13.5,,,3.0
2023.0,2.0,San Diego State,UCLA,13.5,,,3.0
2023.0,2.0,San José State,Cal Poly,-23.0,,,2.0
2023.0,2.0,South Alabama,SE Louisiana,-24.0,,,1.0
2023.0,2.0,South Carolina,Furman,-18.0,,,1.0
2023.0,2.0,South Florida,Florida A&M,-20.0,,,1.0
2023.0,2.0,Syracuse,Western Michigan,-24.5,,,3.0
2023.0,2.0,TCU,Nicholls,-41.5,,,1.0
2023.0,2.0,Tennessee,Austin Peay,-46.75,,,2.0
2023.0,2.0,Texas Tech,Oregon,4.5,,,3.0
2023.0,2.0,Toledo,Texas Southern,-39.25,,,2.0
2023.0,2.0,Tulane,Ole Miss,8.5,,,3.0
2023.0,2.0,UL Monroe,Lamar,-26.0,,,1.0
2023.0,2.0,USC,Stanford,-28.5,,,3.0
2023.0,2.0,UTSA,Texas State,-14.0,,,3.0
2023.0,2.0,Utah State,Idaho State,-24.0,,,1.0
2023.0,2.0,Virginia,James Madison,6.0,,,3.0
2023.0,2.0,Virginia Tech,Purdue,-1.0,,,3.0
2023.0,2.0,Wake Forest,Vanderbilt,-9.5,,,3.0
2023.0,2.0,Washington,Tulsa,-34.0,,,3.0
2023.0,2.0,Washington State,Wisconsin,5.5,,,3.0
2023.0,2.0,West Virginia,Duquesne,-38.5,,,1.0
2023.0,2.0,Western Kentucky,Houston Christian,-41.5,,,1.0
2023.0,2.0,Wyoming,Portland State,-28.0,,,2.0
2023.0,3.0,Air Force,Utah State,-8.75,,,2.0
2023.0,3.0,App State,East Carolina,-7.5,,,2.0
2023.0,3.0,Arizona,UTEP,-18.25,,,2.0
2023.0,3.0,Arizona State,Fresno State,3.75,,,2.0
2023.0,3.0,Arkansas,BYU,-8.25,,,2.0
2023.0,3.0,Arkansas State,Stony Brook,-24.0,,,1.0
2023.0,3.0,Auburn,Samford,-37.5,,,1.0
2023.0,3.0,Ball State,Indiana State,-26.0,,,1.0
2023.0,3.0,Baylor,Long Island University,-44.0,,,1.0
2023.0,3.0,Boise State,North Dakota,-15.0,,,1.0
2023.0,3.0,Boston College,Florida State,25.25,,,2.0
2023.0,3.0,Buffalo,Liberty,2.75,,,2.0
2023.0,3.0,California,Idaho,-14.5,,,1.0
2023.0,3.0,Charlotte,Georgia State,6.25,,,2.0
2023.0,3.0,Cincinnati,Miami (OH),-14.25,,,2.0
2023.0,3.0,Clemson,Florida Atlantic,-25.0,,,2.0
2023.0,3.0,Coastal Carolina,Duquesne,-35.0,,,1.0
2023.0,3.0,Colgate,Pennsylvania,9.5,,,1.0
2023.0,3.0,Colorado,Colorado State,-23.0,,,3.0
2023.0,3.0,Duke,Northwestern,-17.0,,,2.0
2023.0,3.0,Eastern Illinois,Illinois State,11.5,,,1.0
2023.0,3.0,Eastern Michigan,Massachusetts,-7.5,,,2.0
2023.0,3.0,Florida,Tennessee,5.0,,,3.0
2023.0,3.0,Georgia,South Carolina,-26.5,,,3.0
2023.0,3.0,Houston,TCU,7.25,,,2.0
2023.0,3.0,Illinois,Penn State,14.0,,,3.0
2023.0,3.0,Indiana,Louisville,10.0,,,2.0
2023.0,3.0,Iowa,Western Michigan,-28.5,,,2.0
2023.0,3.0,Kent State,Central Connecticut,-21.5,,,1.0
2023.0,3.0,Kentucky,Akron,-25.25,,,2.0
2023.0,3.0,Lafayette,Columbia,5.5,,,1.0
2023.0,3.0,Lehigh,Cornell,3.5,,,1.0
2023.0,3.0,Louisiana Tech,North Texas,-4.5,,,2.0
2023.0,3.0,Maine,Rhode Island,11.0,,,1.0
2023.0,3.0,Marist,Davidson,8.0,,,1.0
2023.0,3.0,Maryland,Virginia,-16.25,,,2.0
2023.0,3.0,Memphis,Navy,-12.25,,,2.0
2023.0,3.0,Miami,Bethune-Cookman,-54.0,,,1.0
2023.0,3.0,Michigan,Bowling Green,-40.75,,,2.0
2023.0,3.0,Michigan State,Washington,15.0,,,3.0
2023.0,3.0,Middle Tennessee,Murray State,-34.5,,,1.0
2023.0,3.0,Mississippi State,LSU,9.5,,,3.0
2023.0,3.0,Missouri,Kansas State,3.5,,,3.0
2023.0,3.0,Monmouth,Campbell,-3.0,,,1.0
2023.0,3.0,Montana State,Stetson,-45.5,,,1.0
2023.0,3.0,NC State,VMI,-42.5,,,1.0
2023.0,3.0,Nebraska,Northern Illinois,-11.5,,,2.0
2023.0,3.0,Nevada,Kansas,28.5,,,2.0
2023.0,3.0,New Mexico,New Mexico State,-2.75,,,2.0
2023.0,3.0,North Carolina,Minnesota,-7.0,,,3.0
2023.0,3.0,Notre Dame,Central Michigan,-34.75,,,2.0
2023.0,3.0,Ohio,Iowa State,2.0,,,2.0
2023.0,3.0,Ohio State,Western Kentucky,-29.5,,,2.0
2023.0,3.0,Oklahoma State,South Alabama,-7.0,,,2.0
2023.0,3.0,Old Dominion,Wake Forest,13.75,,,2.0
2023.0,3.0,Ole Miss,Georgia Tech,-17.0,,,2.0
2023.0,3.0,Oregon,Hawai'i,-38.25,,,2.0
2023.0,3.0,Oregon State,San Diego State,-24.5,,,2.0
2023.0,3.0,Purdue,Syracuse,1.0,,,2.0
2023.0,3.0,Rice,Texas Southern,-35.5,,,1.0
2023.0,3.0,Rutgers,Virginia Tech,-6.5,,,2.0
2023.0,3.0,SMU,Prairie View A&M,-42.5,,,1.0
2023.0,3.0,Sacred Heart,Wagner,-11.5,,,1.0
2023.0,3.0,South Dakota,Lamar,-24.0,,,1.0
2023.0,3.0,South Florida,Alabama,34.25,,,2.0
2023.0,3.0,Southern Miss,Tulane,7.75,,,2.0
2023.0,3.0,Stanford,Sacramento State,-7.0,,,1.0
2023.0,3.0,Temple,Norfolk State,-30.5,,,1.0
2023.0,3.0,Texas,Wyoming,-31.0,,,2.0
2023.0,3.0,Texas A&M,UL Monroe,-36.5,,,2.0
2023.0,3.0,Texas State,Jackson State,-17.5,,,1.0
2023.0,3.0,Texas Tech,Tarleton State,-36.5,,,1.0
2023.0,3.0,Toledo,San José State,-9.0,,,2.0
2023.0,3.0,Troy,James Madison,-2.5,,,3.0
2023.0,3.0,Tulsa,Oklahoma,28.0,,,2.0
2023.0,3.0,UAB,Louisiana,-2.0,,,2.0
2023.0,3.0,UCF,Villanova,-26.5,,,1.0
2023.0,3.0,UCLA,North Carolina Central,-35.0,,,1.0
2023.0,3.0,UConn,Florida International,-7.0,,,2.0
2023.0,3.0,UNLV,Vanderbilt,4.5,,,2.0
2023.0,3.0,UTSA,Army,-7.0,,,2.0
2023.0,3.0,Utah,Weber State,-26.5,,,1.0
2023.0,3.0,Washington State,Northern Colorado,-48.0,,,1.0
2023.0,3.0,West Virginia,Pittsburgh,-2.5,,,3.0
2023.0,3.0,Wisconsin,Georgia Southern,-20.5,,,2.0
2023.0,3.0,Yale,Holy Cross,2.5,,,1.0
2023.0,3.0,Youngstown State,Robert Morris,-28.5,,,1.0
2023.0,4.0,Alabama,Ole Miss,-7.0,,,3.0
2023.0,4.0,Alabama A&M,Arkansas-Pine Bluff,-9.5,,,1.0
2023.0,4.0,Alcorn State,Prairie View A&M,-6.5,,,1.0
2023.0,4.0,Arizona State,USC,34.5,,,3.0
2023.0,4.0,Arkansas State,Southern Miss,7.0,,,3.0
2023.0,4.0,Ball State,Georgia Southern,6.0,,,3.0
2023.0,4.0,Baylor,Texas,17.5,,,3.0
2023.0,4.0,Bowling Green,Ohio,13.0,,,3.0
2023.0,4.0,Bucknell,Pennsylvania,12.0,,,1.0
2023.0,4.0,Campbell,Elon,-4.5,,,1.0
2023.0,4.0,Central Arkansas,Abilene Christian,-7.0,,,1.0
2023.0,4.0,Cincinnati,Oklahoma,14.0,,,3.0
2023.0,4.0,Clemson,Florida State,2.0,,,3.0
2023.0,4.0,Coastal Carolina,Georgia State,-6.5,,,3.0
2023.0,4.0,Columbia,Georgetown,-6.5,,,1.0
2023.0,4.0,Dartmouth,Lehigh,-17.0,,,1.0
2023.0,4.0,Delaware,New Hampshire,2.5,,,1.0
2023.0,4.0,East Carolina,Gardner-Webb,-13.0,,,1.0
2023.0,4.0,Eastern Illinois,McNeese,-12.0,,,1.0
2023.0,4.0,Eastern Kentucky,Southeast Missouri State,3.5,,,1.0
2023.0,4.0,Florida,Charlotte,-28.0,,,3.0
2023.0,4.0,Florida A&M,Alabama State,-17.0,,,1.0
2023.0,4.0,Florida International,Liberty,10.0,,,3.0
2023.0,4.0,Fresno State,Kent State,-27.5,,,3.0
2023.0,4.0,Furman,Mercer,-10.5,,,1.0
2023.0,4.0,Georgia,UAB,-41.0,,,3.0
2023.0,4.0,Grambling,Texas Southern,-3.0,,,1.0
2023.0,4.0,Harvard,Brown,-15.5,,,2.0
2023.0,4.0,Hawai'i,New Mexico State,-4.0,,,3.0
2023.0,4.0,Holy Cross,Colgate,-31.0,,,1.0
2023.0,4.0,Houston,Sam Houston,-11.5,,,3.0
2023.0,4.0,Idaho,Sacramento State,-2.5,,,1.0
2023.0,4.0,Idaho State,Northern Colorado,-6.5,,,1.0
2023.0,4.0,Illinois,Florida Atlantic,-16.0,,,3.0
2023.0,4.0,Illinois State,Lindenwood,-21.0,,,1.0
2023.0,4.0,Indiana,Akron,-16.5,,,3.0
2023.0,4.0,Iowa State,Oklahoma State,-3.5,,,3.0
2023.0,4.0,Jackson State,Bethune-Cookman,-20.5,,,1.0
2023.0,4.0,Jacksonville State,Eastern Michigan,-6.5,,,3.0
2023.0,4.0,Kansas,BYU,-9.5,,,3.0
2023.0,4.0,Kansas State,UCF,-6.0,,,3.0
2023.0,4.0,LSU,Arkansas,-17.5,,,3.0
2023.0,4.0,Lafayette,Monmouth,7.0,,,1.0
2023.0,4.0,Louisiana,Buffalo,-10.5,,,3.0
2023.0,4.0,Louisville,Boston College,-14.0,,,3.0
2023.0,4.0,Marshall,Virginia Tech,-5.5,,,3.0
2023.0,4.0,Massachusetts,New Mexico,-3.5,,,3.0
2023.0,4.0,Miami (OH),Delaware State,-40.5,,,1.0
2023.0,4.0,Michigan,Rutgers,-24.0,,,3.0
2023.0,4.0,Michigan State,Maryland,7.5,,,3.0
2023.0,4.0,Middle Tennessee,Colorado State,-3.5,,,3.0
2023.0,4.0,Missouri,Memphis,-6.5,,,3.0
2023.0,4.0,Morgan State,UAlbany,13.0,,,1.0
2023.0,4.0,Nebraska,Louisiana Tech,-20.5,,,3.0
2023.0,4.0,North Alabama,UT Martin,12.0,,,1.0
2023.0,4.0,North Carolina Central,Mississippi Valley State,-24.5,,,1.0
2023.0,4.0,Northern Arizona,Montana,17.0,,,1.0
2023.0,4.0,Northern Illinois,Tulsa,-4.0,,,3.0
2023.0,4.0,Northwestern,Minnesota,11.5,,,3.0
2023.0,4.0,Notre Dame,Ohio State,3.0,,,3.0
2023.0,4.0,Oregon,Colorado,-21.0,,,3.0
2023.0,4.0,Penn State,Iowa,-14.0,,,3.0
2023.0,4.0,Pittsburgh,North Carolina,7.0,,,3.0
2023.0,4.0,Portland State,Cal Poly,-10.5,,,1.0
2023.0,4.0,Princeton,Bryant,-10.5,,,1.0
2023.0,4.0,Purdue,Wisconsin,6.0,,,3.0
2023.0,4.0,SE Louisiana,Houston Christian,-28.5,,,1.0
2023.0,4.0,Samford,Chattanooga,-6.5,,,1.0
2023.0,4.0,San Diego,Dayton,-3.5,,,1.0
2023.0,4.0,San Diego State,Boise State,6.5,,,3.0
2023.0,4.0,San José State,Air Force,6.0,,,3.0
2023.0,4.0,South Alabama,Central Michigan,-16.0,,,3.0
2023.0,4.0,South Carolina,Mississippi State,-6.0,,,3.0
2023.0,4.0,South Carolina State,The Citadel,-4.5,,,1.0
2023.0,4.0,South Florida,Rice,2.5,,,3.0
2023.0,4.0,Southern Utah,Western Illinois,-18.5,,,1.0
2023.0,4.0,St. Francis (PA),Sacred Heart,-9.5,,,1.0
2023.0,4.0,St. Thomas (MN),Morehead State,-16.0,,,1.0
2023.0,4.0,Stanford,Arizona,13.0,,,3.0
2023.0,4.0,Stephen F. Austin,Austin Peay,1.5,,,1.0
2023.0,4.0,Stetson,Butler,9.0,,,1.0
2023.0,4.0,Stony Brook,Richmond,13.0,,,1.0
2023.0,4.0,Syracuse,Army,-13.0,,,3.0
2023.0,4.0,TCU,SMU,-7.0,,,3.0
2023.0,4.0,Temple,Miami,23.5,,,3.0
2023.0,4.0,Tennessee,UTSA,-24.0,,,3.0
2023.0,4.0,Texas A&M,Auburn,-9.0,,,3.0
2023.0,4.0,Texas State,Nevada,-17.0,,,3.0
2023.0,4.0,Toledo,Western Michigan,-21.5,,,3.0
2023.0,4.0,Towson,Norfolk State,-17.5,,,1.0
2023.0,4.0,Troy,Western Kentucky,-3.5,,,3.0
2023.0,4.0,Tulane,Nicholls,-38.0,,,1.0
2023.0,4.0,UC Davis,Eastern Washington,-7.0,,,1.0
2023.0,4.0,UConn,Duke,22.0,,,3.0
2023.0,4.0,UTEP,UNLV,-1.0,,,3.0
2023.0,4.0,Utah,UCLA,-3.0,,,3.0
2023.0,4.0,Utah State,James Madison,5.0,,,3.0
2023.0,4.0,Valparaiso,Marist,-9.0,,,1.0
2023.0,4.0,Vanderbilt,Kentucky,13.5,,,3.0
2023.0,4.0,Villanova,Rhode Island,-3.5,,,1.0
2023.0,4.0,Virginia,NC State,8.0,,,3.0
2023.0,4.0,Wagner,Merrimack,11.5,,,1.0
2023.0,4.0,Wake Forest,Georgia Tech,-3.5,,,3.0
2023.0,4.0,Washington,California,-20.5,,,3.0
2023.0,4.0,Washington State,Oregon State,3.0,,,3.0
2023.0,4.0,Weber State,Montana State,7.0,,,1.0
2023.0,4.0,West Virginia,Texas Tech,6.0,,,3.0
2023.0,4.0,Western Carolina,Charleston Southern,-22.0,,,1.0
2023.0,4.0,William & Mary,Maine,-17.5,,,1.0
2023.0,4.0,Wyoming,App State,-3.0,,,3.0
2023.0,4.0,Yale,Cornell,-14.5,,,1.0
2023.0,5.0,Air Force,San Diego State,-10.5,,,3.0
2023.0,5.0,Akron,Buffalo,-2.5,,,3.0
2023.0,5.0,Alabama State,Alcorn State,-2.0,,,1.0
2023.0,5.0,Arizona,Washington,20.0,,,3.0
2023.0,5.0,Arkansas,Texas A&M,6.5,,,3.0
2023.0,5.0,Auburn,Georgia,14.0,,,3.0
2023.0,5.0,Boston College,Virginia,-3.5,,,3.0
2023.0,5.0,Brown,Central Connecticut,-14.5,,,1.0
2023.0,5.0,Butler,Presbyterian,-21.0,,,1.0
2023.0,5.0,Cal Poly,UC Davis,23.0,,,1.0
2023.0,5.0,California,Arizona State,-12.5,,,3.0
2023.0,5.0,Central Michigan,Eastern Michigan,-7.5,,,3.0
2023.0,5.0,Colorado,USC,21.5,,,3.0
2023.0,5.0,Davidson,San Diego,-6.0,,,1.0
2023.0,5.0,Dayton,St. Thomas (MN),4.0,,,1.0
2023.0,5.0,Duke,Notre Dame,5.5,,,3.0
2023.0,5.0,Eastern Washington,Idaho,7.5,,,1.0
2023.0,5.0,Fresno State,Nevada,-24.5,,,3.0
2023.0,5.0,Georgia Southern,Coastal Carolina,-6.0,,,3.0
2023.0,5.0,Georgia State,Troy,-1.0,,,3.0
2023.0,5.0,Georgia Tech,Bowling Green,-22.0,,,3.0
2023.0,5.0,Houston Christian,Lamar,-2.5,,,1.0
2023.0,5.0,Iowa,Michigan State,-12.0,,,3.0
2023.0,5.0,James Madison,South Alabama,-3.0,,,3.0
2023.0,5.0,Kent State,Miami (OH),14.5,,,3.0
2023.0,5.0,Kentucky,Florida,-1.5,,,3.0
2023.0,5.0,Lafayette,Bucknell,-13.0,,,1.0
2023.0,5.0,Long Island University,Duquesne,-3.5,,,1.0
2023.0,5.0,Maine,Stony Brook,-6.0,,,1.0
2023.0,5.0,Marist,Stetson,2.5,,,1.0
2023.0,5.0,Marshall,Old Dominion,-14.0,,,3.0
2023.0,5.0,Maryland,Indiana,-14.0,,,3.0
2023.0,5.0,Massachusetts,Arkansas State,-1.5,,,3.0
2023.0,5.0,McNeese,Nicholls,7.0,,,1.0
2023.0,5.0,Memphis,Boise State,-3.5,,,3.0
2023.0,5.0,Mercer,VMI,-20.0,,,1.0
2023.0,5.0,Minnesota,Louisiana,-10.0,,,3.0
2023.0,5.0,Mississippi State,Alabama,14.5,,,3.0
2023.0,5.0,Mississippi Valley State,Florida A&M,30.5,,,1.0
2023.0,5.0,Monmouth,Lehigh,-15.5,,,1.0
2023.0,5.0,Montana,Idaho State,-21.0,,,1.0
2023.0,5.0,Montana State,Portland State,-24.5,,,1.0
2023.0,5.0,Murray State,Indiana State,2.0,,,1.0
2023.0,5.0,NC State,Louisville,3.5,,,3.0
2023.0,5.0,Navy,South Florida,-4.0,,,3.0
2023.0,5.0,Nebraska,Michigan,17.0,,,3.0
2023.0,5.0,New Hampshire,Towson,-20.0,,,1.0
2023.0,5.0,North Alabama,Eastern Kentucky,7.0,,,1.0
2023.0,5.0,North Carolina Central,Campbell,2.5,,,1.0
2023.0,5.0,North Texas,Abilene Christian,-15.5,,,1.0
2023.0,5.0,Northern Colorado,Weber State,22.5,,,1.0
2023.0,5.0,Northwestern,Penn State,27.0,,,3.0
2023.0,5.0,Northwestern State,Eastern Illinois,6.5,,,1.0
2023.0,5.0,Oklahoma,Iowa State,-20.0,,,3.0
2023.0,5.0,Ole Miss,LSU,3.0,,,3.0
2023.0,5.0,Oregon State,Utah,-3.5,,,3.0
2023.0,5.0,Pennsylvania,Dartmouth,-2.0,,,1.0
2023.0,5.0,Prairie View A&M,Grambling,2.0,,,1.0
2023.0,5.0,Princeton,Columbia,-6.5,,,1.0
2023.0,5.0,Purdue,Illinois,-1.0,,,3.0
2023.0,5.0,Rhode Island,Bryant,-11.5,,,1.0
2023.0,5.0,Rice,East Carolina,-3.5,,,3.0
2023.0,5.0,Robert Morris,Howard,9.5,,,1.0
2023.0,5.0,Rutgers,Wagner,-46.0,,,1.0
2023.0,5.0,SE Louisiana,Tarleton State,-3.5,,,1.0
2023.0,5.0,SMU,Charlotte,-23.5,,,3.0
2023.0,5.0,Sacramento State,Northern Arizona,-20.0,,,1.0
2023.0,5.0,Sacred Heart,Merrimack,-2.5,,,1.0
2023.0,5.0,Sam Houston,Jacksonville State,6.5,,,3.0
2023.0,5.0,Samford,East Tennessee State,-17.5,,,1.0
2023.0,5.0,South Dakota State,North Dakota,-18.5,,,1.0
2023.0,5.0,Southern Miss,Texas State,6.5,,,3.0
2023.0,5.0,Southern Utah,Central Arkansas,8.0,,,1.0
2023.0,5.0,Stanford,Oregon,27.0,,,3.0
2023.0,5.0,Syracuse,Clemson,7.0,,,3.0
2023.0,5.0,TCU,West Virginia,-12.5,,,3.0
2023.0,5.0,Tennessee,South Carolina,-12.5,,,3.0
2023.0,5.0,Texas,Kansas,-16.5,,,3.0
2023.0,5.0,Texas Tech,Houston,-8.5,,,3.0
2023.0,5.0,Toledo,Northern Illinois,-13.0,,,3.0
2023.0,5.0,Tulane,UAB,-22.0,,,3.0
2023.0,5.0,Tulsa,Temple,-3.0,,,3.0
2023.0,5.0,UAlbany,Villanova,4.0,,,1.0
2023.0,5.0,UCF,Baylor,-11.5,,,3.0
2023.0,5.0,UConn,Utah State,4.5,,,3.0
2023.0,5.0,UL Monroe,App State,13.5,,,3.0
2023.0,5.0,UNLV,Hawai'i,-11.0,,,3.0
2023.0,5.0,UT Martin,Tennessee State,-20.5,,,1.0
2023.0,5.0,UTEP,Louisiana Tech,1.0,,,3.0
2023.0,5.0,Vanderbilt,Missouri,13.5,,,3.0
2023.0,5.0,Virginia Tech,Pittsburgh,2.5,,,3.0
2023.0,5.0,Western Kentucky,Middle Tennessee,-6.5,,,3.0
2023.0,5.0,Western Michigan,Ball State,-1.5,,,3.0
2023.0,5.0,Wofford,Chattanooga,17.5,,,1.0
2023.0,5.0,Wyoming,New Mexico,-14.0,,,3.0
2023.0,5.0,Yale,Morgan State,-15.5,,,1.0
2023.0,6.0,Akron,Northern Illinois,4.0,,,3.0
2023.0,6.0,Alabama A&M,Jackson State,10.0,,,1.0
2023.0,6.0,Alabama State,Bethune-Cookman,-7.0,,,1.0
2023.0,6.0,Alcorn State,Grambling,-1.5,,,1.0
2023.0,6.0,Arizona State,Colorado,3.0,,,3.0
2023.0,6.0,Army,Boston College,-2.5,,,3.0
2023.0,6.0,Baylor,Texas Tech,2.5,,,3.0
2023.0,6.0,Boise State,San José State,-8.0,,,3.0
2023.0,6.0,Brown,Rhode Island,10.0,,,1.0
2023.0,6.0,Bucknell,Holy Cross,29.0,,,1.0
2023.0,6.0,Buffalo,Central Michigan,2.5,,,3.0
2023.0,6.0,Cal Poly,Idaho,28.0,,,1.0
2023.0,6.0,California,Oregon State,7.5,,,3.0
2023.0,6.0,Central Arkansas,Southeast Missouri State,-3.5,,,1.0
2023.0,6.0,Central Connecticut,Delaware State,-4.5,,,1.0
2023.0,6.0,Chattanooga,Western Carolina,3.5,,,1.0
2023.0,6.0,Clemson,Wake Forest,-21.0,,,3.0
2023.0,6.0,Columbia,Marist,-21.5,,,1.0
2023.0,6.0,Dartmouth,Yale,4.5,,,1.0
2023.0,6.0,Delaware,Duquesne,-21.5,,,1.0
2023.0,6.0,Drake,Valparaiso,-4.5,,,1.0
2023.0,6.0,East Tennessee State,Mercer,14.5,,,1.0
2023.0,6.0,Eastern Illinois,UT Martin,14.0,,,1.0
2023.0,6.0,Eastern Michigan,Ball State,-2.5,,,3.0
2023.0,6.0,Elon,North Carolina Central,-6.5,,,1.0
2023.0,6.0,Florida,Vanderbilt,-18.5,,,3.0
2023.0,6.0,Florida Atlantic,Tulsa,-3.0,,,3.0
2023.0,6.0,Florida State,Virginia Tech,-24.0,,,3.0
2023.0,6.0,Fordham,Lehigh,-20.5,,,1.0
2023.0,6.0,Furman,The Citadel,-34.5,,,1.0
2023.0,6.0,Gardner-Webb,Robert Morris,-21.0,,,1.0
2023.0,6.0,Georgia,Kentucky,-14.5,,,3.0
2023.0,6.0,Hampton,Campbell,7.5,,,1.0
2023.0,6.0,Harvard,Cornell,-12.5,,,1.0
2023.0,6.0,Illinois,Nebraska,-3.0,,,3.0
2023.0,6.0,Illinois State,South Dakota State,21.0,,,1.0
2023.0,6.0,Incarnate Word,SE Louisiana,-19.5,,,1.0
2023.0,6.0,Indiana State,Northern Iowa,17.5,,,1.0
2023.0,6.0,Iowa,Purdue,-2.5,,,3.0
2023.0,6.0,Iowa State,TCU,6.5,,,3.0
2023.0,6.0,Kansas,UCF,2.0,,,3.0
2023.0,6.0,Lamar,Northwestern State,-3.0,,,1.0
2023.0,6.0,Liberty,Sam Houston,-21.0,,,3.0
2023.0,6.0,Lindenwood,Tennessee Tech,2.5,,,1.0
2023.0,6.0,Long Island University,Sacred Heart,-7.5,,,1.0
2023.0,6.0,Louisiana,Texas State,-1.0,,,3.0
2023.0,6.0,Louisiana Tech,Western Kentucky,6.0,,,3.0
2023.0,6.0,Louisville,Notre Dame,6.0,,,3.0
2023.0,6.0,Massachusetts,Toledo,19.0,,,3.0
2023.0,6.0,Miami,Georgia Tech,-19.0,,,3.0
2023.0,6.0,Miami (OH),Bowling Green,-7.5,,,3.0
2023.0,6.0,Middle Tennessee,Jacksonville State,-3.0,,,3.0
2023.0,6.0,Minnesota,Michigan,18.5,,,3.0
2023.0,6.0,Mississippi State,Western Michigan,-21.0,,,3.0
2023.0,6.0,Missouri,LSU,6.0,,,3.0
2023.0,6.0,Missouri State,North Dakota State,15.5,,,1.0
2023.0,6.0,Morehead State,Dayton,4.0,,,1.0
2023.0,6.0,NC State,Marshall,-6.5,,,3.0
2023.0,6.0,Navy,North Texas,-6.5,,,3.0
2023.0,6.0,New Mexico State,Florida International,-6.5,,,3.0
2023.0,6.0,Nicholls,Houston Christian,-14.5,,,1.0
2023.0,6.0,North Carolina,Syracuse,-9.5,,,3.0
2023.0,6.0,North Carolina A&T,Villanova,15.0,,,1.0
2023.0,6.0,North Dakota,Western Illinois,-27.0,,,1.0
2023.0,6.0,Northwestern,Howard,-23.0,,,1.0
2023.0,6.0,Ohio,Kent State,-24.5,,,3.0
2023.0,6.0,Ohio State,Maryland,-17.0,,,3.0
2023.0,6.0,Oklahoma State,Kansas State,11.5,,,3.0
2023.0,6.0,Ole Miss,Arkansas,-13.0,,,3.0
2023.0,6.0,Pennsylvania,Georgetown,-15.5,,,1.0
2023.0,6.0,Prairie View A&M,Mississippi Valley State,-18.5,,,1.0
2023.0,6.0,Presbyterian,Stetson,-1.5,,,1.0
2023.0,6.0,Princeton,Lafayette,-5.5,,,1.0
2023.0,6.0,Rice,UConn,-10.0,,,3.0
2023.0,6.0,Richmond,Maine,-3.5,,,1.0
2023.0,6.0,South Dakota,Murray State,-20.0,,,1.0
2023.0,6.0,Southern,Florida A&M,8.0,,,1.0
2023.0,6.0,Southern Miss,Old Dominion,-3.0,,,3.0
2023.0,6.0,St. Thomas (MN),Butler,-2.0,,,1.0
2023.0,6.0,Tarleton State,Southern Utah,1.0,,,1.0
2023.0,6.0,Temple,UTSA,14.0,,,3.0
2023.0,6.0,Texas,Oklahoma,-4.0,,,3.0
2023.0,6.0,Texas A&M,Alabama,2.5,,,3.0
2023.0,6.0,Towson,UAlbany,9.5,,,1.0
2023.0,6.0,Troy,Arkansas State,-15.5,,,3.0
2023.0,6.0,UAB,South Florida,3.0,,,3.0
2023.0,6.0,UC Davis,Montana,-7.5,,,1.0
2023.0,6.0,UCLA,Washington State,-3.5,,,3.0
2023.0,6.0,UL Monroe,South Alabama,11.0,,,3.0
2023.0,6.0,USC,Arizona,-21.0,,,3.0
2023.0,6.0,Utah State,Colorado State,3.0,,,3.0
2023.0,6.0,Virginia,William & Mary,-10.0,,,1.0
2023.0,6.0,Weber State,Northern Arizona,-8.5,,,1.0
2023.0,6.0,Wisconsin,Rutgers,-13.0,,,3.0
2023.0,6.0,Wofford,Samford,12.5,,,1.0
2023.0,6.0,Wyoming,Fresno State,6.0,,,3.0
2023.0,6.0,Youngstown State,Southern Illinois,4.0,,,1.0
2023.0,7.0,Abilene Christian,North Alabama,-7.5,,,1.0
2023.0,7.0,Air Force,Wyoming,-12.5,,,3.0
2023.0,7.0,Alabama,Arkansas,-19.5,,,3.0
2023.0,7.0,App State,Coastal Carolina,-4.5,,,3.0
2023.0,7.0,Army,Troy,6.5,,,3.0
2023.0,7.0,Austin Peay,Gardner-Webb,-14.0,,,1.0
2023.0,7.0,Ball State,Toledo,17.5,,,3.0
2023.0,7.0,Bethune-Cookman,Texas Southern,-3.5,,,1.0
2023.0,7.0,Brown,Princeton,3.0,,,1.0
2023.0,7.0,Bryant,Robert Morris,-10.5,,,1.0
2023.0,7.0,Buffalo,Bowling Green,-3.0,,,3.0
2023.0,7.0,Butler,Davidson,4.0,,,1.0
2023.0,7.0,Central Arkansas,Stephen F. Austin,-7.5,,,1.0
2023.0,7.0,Central Michigan,Akron,-10.5,,,3.0
2023.0,7.0,Charleston Southern,Lindenwood,-2.5,,,1.0
2023.0,7.0,Charlotte,Navy,3.0,,,3.0
2023.0,7.0,Cincinnati,Iowa State,-5.0,,,3.0
2023.0,7.0,Colgate,Dartmouth,10.5,,,1.0
2023.0,7.0,Colorado,Stanford,-13.0,,,3.0
2023.0,7.0,Colorado State,Boise State,7.5,,,3.0
2023.0,7.0,Columbia,Pennsylvania,3.0,,,1.0
2023.0,7.0,Cornell,Bucknell,-11.0,,,1.0
2023.0,7.0,Dayton,Presbyterian,-8.0,,,1.0
2023.0,7.0,Delaware,North Carolina A&T,-21.0,,,1.0
2023.0,7.0,Drake,St. Thomas (MN),6.0,,,1.0
2023.0,7.0,Duke,NC State,-3.5,,,3.0
2023.0,7.0,Duquesne,Central Connecticut,-9.0,,,1.0
2023.0,7.0,East Carolina,SMU,11.5,,,3.0
2023.0,7.0,East Tennessee State,Wofford,-4.0,,,1.0
2023.0,7.0,Eastern Kentucky,Tarleton State,-8.0,,,1.0
2023.0,7.0,Eastern Michigan,Kent State,-7.5,,,3.0
2023.0,7.0,Florida International,UTEP,-3.5,,,3.0
2023.0,7.0,Florida State,Syracuse,-18.5,,,3.0
2023.0,7.0,Georgia State,Marshall,-1.5,,,3.0
2023.0,7.0,Grambling,Alabama A&M,-4.5,,,1.0
2023.0,7.0,Harvard,Howard,-8.0,,,1.0
2023.0,7.0,Hawai'i,San Diego State,6.0,,,3.0
2023.0,7.0,Houston,West Virginia,3.0,,,3.0
2023.0,7.0,Houston Christian,Prairie View A&M,2.0,,,1.0
2023.0,7.0,Idaho,Montana,-13.0,,,1.0
2023.0,7.0,Idaho State,Eastern Washington,12.5,,,1.0
2023.0,7.0,Illinois State,Indiana State,-15.5,,,1.0
2023.0,7.0,Jackson State,Alabama State,-11.5,,,1.0
2023.0,7.0,Jacksonville State,Liberty,7.0,,,3.0
2023.0,7.0,James Madison,Georgia Southern,-6.0,,,3.0
2023.0,7.0,Kentucky,Missouri,-2.0,,,3.0
2023.0,7.0,LSU,Auburn,-11.0,,,3.0
2023.0,7.0,Lehigh,Georgetown,3.5,,,1.0
2023.0,7.0,Maine,Long Island University,-7.5,,,1.0
2023.0,7.0,Marist,San Diego,3.0,,,1.0
2023.0,7.0,Maryland,Illinois,-13.5,,,3.0
2023.0,7.0,Memphis,Tulane,4.5,,,3.0
2023.0,7.0,Mercer,Chattanooga,-1.0,,,1.0
2023.0,7.0,Michigan,Indiana,-33.5,,,3.0
2023.0,7.0,Middle Tennessee,Louisiana Tech,-3.0,,,3.0
2023.0,7.0,Mississippi Valley State,Arkansas-Pine Bluff,2.0,,,1.0
2023.0,7.0,Monmouth,Hampton,-8.5,,,1.0
2023.0,7.0,Montana State,Cal Poly,-39.0,,,1.0
2023.0,7.0,Murray State,Southern Illinois,21.0,,,1.0
2023.0,7.0,Nevada,UNLV,7.5,,,3.0
2023.0,7.0,New Hampshire,UAlbany,-2.5,,,1.0
2023.0,7.0,New Mexico,San José State,6.5,,,3.0
2023.0,7.0,New Mexico State,Sam Houston,-4.0,,,3.0
2023.0,7.0,North Carolina,Miami,-2.5,,,3.0
2023.0,7.0,North Dakota,North Dakota State,7.0,,,1.0
2023.0,7.0,North Texas,Temple,-6.5,,,3.0
2023.0,7.0,Northern Arizona,Portland State,-7.0,,,1.0
2023.0,7.0,Northern Colorado,Sacramento State,24.0,,,1.0
2023.0,7.0,Northern Illinois,Ohio,5.5,,,3.0
2023.0,7.0,Notre Dame,USC,-3.0,,,3.0
2023.0,7.0,Oklahoma State,Kansas,3.0,,,3.0
2023.0,7.0,Oregon State,UCLA,-3.5,,,3.0
2023.0,7.0,Penn State,Massachusetts,-42.0,,,3.0
2023.0,7.0,Pittsburgh,Louisville,7.0,,,3.0
2023.0,7.0,Purdue,Ohio State,17.5,,,3.0
2023.0,7.0,Rhode Island,Richmond,-8.5,,,1.0
2023.0,7.0,Rutgers,Michigan State,-4.5,,,3.0
2023.0,7.0,SE Louisiana,Lamar,-15.0,,,1.0
2023.0,7.0,Samford,Furman,6.0,,,1.0
2023.0,7.0,South Carolina,Florida,0.0,,,3.0
2023.0,7.0,South Carolina State,Tennessee Tech,-4.0,,,1.0
2023.0,7.0,South Dakota,Youngstown State,-1.0,,,1.0
2023.0,7.0,South Dakota State,Northern Iowa,-24.0,,,1.0
2023.0,7.0,South Florida,Florida Atlantic,-2.5,,,3.0
2023.0,7.0,Southeast Missouri State,Eastern Illinois,-12.0,,,1.0
2023.0,7.0,St. Francis (PA),Wagner,-11.0,,,1.0
2023.0,7.0,Stony Brook,Fordham,10.5,,,1.0
2023.0,7.0,TCU,BYU,-5.0,,,3.0
2023.0,7.0,Tennessee,Texas A&M,-3.0,,,3.0
2023.0,7.0,Tennessee State,Norfolk State,-9.5,,,1.0
2023.0,7.0,Texas State,UL Monroe,-18.5,,,3.0
2023.0,7.0,Texas Tech,Kansas State,-1.0,,,3.0
2023.0,7.0,The Citadel,VMI,2.0,,,1.0
2023.0,7.0,UTSA,UAB,-9.0,,,3.0
2023.0,7.0,Utah,California,-9.5,,,3.0
2023.0,7.0,Utah State,Fresno State,5.5,,,3.0
2023.0,7.0,Valparaiso,Morehead State,1.5,,,1.0
2023.0,7.0,Vanderbilt,Georgia,32.5,,,3.0
2023.0,7.0,Villanova,Elon,-7.5,,,1.0
2023.0,7.0,Virginia Tech,Wake Forest,-1.5,,,3.0
2023.0,7.0,Washington,Oregon,-3.0,,,3.0
2023.0,7.0,Washington State,Arizona,-7.5,,,3.0
2023.0,7.0,Weber State,UC Davis,2.0,,,1.0
2023.0,7.0,Western Illinois,Missouri State,17.0,,,1.0
2023.0,7.0,Western Michigan,Miami (OH),7.5,,,3.0
2023.0,7.0,Wisconsin,Iowa,-8.5,,,3.0
2023.0,7.0,Yale,Sacred Heart,-22.5,,,1.0
2023.0,8.0,Alabama,Tennessee,-8.5,,,3.0
2023.0,8.0,Arkansas,Mississippi State,-7.0,,,3.0
2023.0,8.0,Arkansas State,Coastal Carolina,8.5,,,3.0
2023.0,8.0,Arkansas-Pine Bluff,Alcorn State,14.0,,,1.0
2023.0,8.0,Auburn,Ole Miss,6.5,,,3.0
2023.0,8.0,Ball State,Central Michigan,5.0,,,3.0
2023.0,8.0,Bethune-Cookman,Southern,7.5,,,1.0
2023.0,8.0,Bowling Green,Akron,-7.0,,,3.0
2023.0,8.0,Bucknell,Lehigh,-3.0,,,1.0
2023.0,8.0,Cal Poly,Northern Colorado,2.5,,,1.0
2023.0,8.0,Campbell,Maine,-13.0,,,1.0
2023.0,8.0,Chattanooga,East Tennessee State,-18.0,,,1.0
2023.0,8.0,Cincinnati,Baylor,-2.5,,,3.0
2023.0,8.0,Cornell,Brown,5.5,,,1.0
2023.0,8.0,Dartmouth,Columbia,-6.0,,,1.0
2023.0,8.0,Davidson,Valparaiso,-15.5,,,1.0
2023.0,8.0,Dayton,Butler,7.0,,,1.0
2023.0,8.0,Delaware State,South Carolina State,7.0,,,1.0
2023.0,8.0,Duquesne,St. Francis (PA),-3.0,,,1.0
2023.0,8.0,East Carolina,Charlotte,-6.0,,,3.0
2023.0,8.0,Eastern Illinois,Bryant,-4.0,,,1.0
2023.0,8.0,Eastern Washington,Weber State,-5.0,,,1.0
2023.0,8.0,Elon,Monmouth,3.0,,,1.0
2023.0,8.0,Florida Atlantic,UTSA,2.5,,,3.0
2023.0,8.0,Florida State,Duke,-14.0,,,3.0
2023.0,8.0,Gardner-Webb,Eastern Kentucky,4.0,,,1.0
2023.0,8.0,Georgetown,Colgate,-4.0,,,1.0
2023.0,8.0,Georgia Southern,UL Monroe,-16.5,,,3.0
2023.0,8.0,Georgia Tech,Boston College,-6.0,,,3.0
2023.0,8.0,Hampton,Delaware,14.0,,,1.0
2023.0,8.0,Holy Cross,Lafayette,-14.5,,,1.0
2023.0,8.0,Houston,Texas,23.5,,,3.0
2023.0,8.0,Howard,Norfolk State,-10.0,,,1.0
2023.0,8.0,Illinois,Wisconsin,3.0,,,3.0
2023.0,8.0,Indiana,Rutgers,6.0,,,3.0
2023.0,8.0,Indiana State,South Dakota,20.0,,,1.0
2023.0,8.0,Iowa,Minnesota,-3.5,,,3.0
2023.0,8.0,Jacksonville State,Western Kentucky,7.5,,,3.0
2023.0,8.0,Kansas State,TCU,-5.5,,,3.0
2023.0,8.0,Kent State,Buffalo,6.5,,,3.0
2023.0,8.0,LSU,Army,-33.0,,,3.0
2023.0,8.0,Liberty,Middle Tennessee,-16.0,,,3.0
2023.0,8.0,Long Island University,Merrimack,-2.5,,,1.0
2023.0,8.0,Louisiana,Georgia State,-3.0,,,3.0
2023.0,8.0,Marshall,James Madison,5.0,,,3.0
2023.0,8.0,McNeese,Incarnate Word,22.0,,,1.0
2023.0,8.0,Mercer,Wofford,-18.5,,,1.0
2023.0,8.0,Miami,Clemson,6.0,,,3.0
2023.0,8.0,Miami (OH),Toledo,2.0,,,3.0
2023.0,8.0,Michigan State,Michigan,25.5,,,3.0
2023.0,8.0,Mississippi Valley State,Jackson State,19.5,,,1.0
2023.0,8.0,Missouri,South Carolina,-7.5,,,3.0
2023.0,8.0,Missouri State,Murray State,-19.0,,,1.0
2023.0,8.0,Morgan State,North Carolina Central,14.0,,,1.0
2023.0,8.0,Navy,Air Force,11.0,,,3.0
2023.0,8.0,Nebraska,Northwestern,-10.5,,,3.0
2023.0,8.0,New Mexico,Hawai'i,1.5,,,3.0
2023.0,8.0,North Carolina,Virginia,-24.0,,,3.0
2023.0,8.0,North Carolina A&T,Richmond,8.0,,,1.0
2023.0,8.0,North Dakota State,Western Illinois,-36.5,,,1.0
2023.0,8.0,Northern Illinois,Eastern Michigan,-12.0,,,3.0
2023.0,8.0,Northern Iowa,North Dakota,4.5,,,1.0
2023.0,8.0,Northwestern State,SE Louisiana,12.5,,,2.0
2023.0,8.0,Ohio,Western Michigan,-16.5,,,3.0
2023.0,8.0,Ohio State,Penn State,-4.0,,,3.0
2023.0,8.0,Oklahoma,UCF,-17.0,,,3.0
2023.0,8.0,Old Dominion,App State,6.0,,,3.0
2023.0,8.0,Oregon,Washington State,-19.5,,,3.0
2023.0,8.0,Portland State,Idaho State,-12.0,,,1.0
2023.0,8.0,Presbyterian,Marist,1.0,,,1.0
2023.0,8.0,Princeton,Harvard,8.0,,,1.0
2023.0,8.0,Sacramento State,Montana State,10.0,,,1.0
2023.0,8.0,Sam Houston,Florida International,-5.5,,,3.0
2023.0,8.0,San Diego,Drake,4.0,,,1.0
2023.0,8.0,San Diego State,Nevada,-11.0,,,3.0
2023.0,8.0,San José State,Utah State,-4.0,,,3.0
2023.0,8.0,South Alabama,Southern Miss,-18.5,,,3.0
2023.0,8.0,Southern Illinois,South Dakota State,14.0,,,1.0
2023.0,8.0,Southern Utah,Austin Peay,8.0,,,1.0
2023.0,8.0,Stanford,UCLA,17.0,,,3.0
2023.0,8.0,Stephen F. Austin,Abilene Christian,-7.5,,,1.0
2023.0,8.0,Stetson,St. Thomas (MN),6.0,,,1.0
2023.0,8.0,Stony Brook,New Hampshire,17.5,,,1.0
2023.0,8.0,Tarleton State,Morehead State,-22.0,,,1.0
2023.0,8.0,Temple,SMU,24.0,,,3.0
2023.0,8.0,Tennessee Tech,Southeast Missouri State,17.5,,,1.0
2023.0,8.0,Texas Southern,Florida A&M,17.5,,,1.0
2023.0,8.0,Tulane,North Texas,-20.0,,,3.0
2023.0,8.0,Tulsa,Rice,-3.0,,,3.0
2023.0,8.0,UAB,Memphis,7.5,,,3.0
2023.0,8.0,UAlbany,Rhode Island,-3.5,,,1.0
2023.0,8.0,UConn,South Florida,-1.0,,,3.0
2023.0,8.0,UNLV,Colorado State,-6.5,,,3.0
2023.0,8.0,USC,Utah,-7.0,,,3.0
2023.0,8.0,UT Martin,Charleston Southern,-20.0,,,1.0
2023.0,8.0,UTEP,New Mexico State,3.0,,,3.0
2023.0,8.0,Wagner,Central Connecticut,2.5,,,1.0
2023.0,8.0,Wake Forest,Pittsburgh,3.0,,,3.0
2023.0,8.0,Washington,Arizona State,-28.0,,,3.0
2023.0,8.0,West Virginia,Oklahoma State,-3.0,,,3.0
2023.0,8.0,Western Carolina,Furman,-3.0,,,1.0
2023.0,8.0,William & Mary,Towson,-12.5,,,1.0
2023.0,8.0,Yale,Pennsylvania,-6.0,,,1.0
2023.0,8.0,Youngstown State,Illinois State,-8.0,,,1.0
2023.0,9.0,Alabama State,Alabama A&M,-2.5,,,1.0
2023.0,9.0,Alcorn State,Mississippi Valley State,-19.5,,,1.0
2023.0,9.0,App State,Southern Miss,-16.0,,,3.0
2023.0,9.0,Arizona,Oregon State,3.0,,,3.0
2023.0,9.0,Arizona State,Washington State,4.5,,,3.0
2023.0,9.0,Arkansas-Pine Bluff,Jackson State,21.0,,,1.0
2023.0,9.0,Army,Massachusetts,-10.0,,,3.0
2023.0,9.0,Auburn,Mississippi State,-6.5,,,3.0
2023.0,9.0,Austin Peay,North Alabama,-21.0,,,1.0
2023.0,9.0,Baylor,Iowa State,3.0,,,3.0
2023.0,9.0,Boise State,Wyoming,-4.5,,,3.0
2023.0,9.0,Boston College,UConn,-14.5,,,3.0
2023.0,9.0,Butler,Valparaiso,-13.0,,,1.0
2023.0,9.0,California,USC,10.5,,,3.0
2023.0,9.0,Central Arkansas,Tarleton State,-11.0,,,1.0
2023.0,9.0,Central Connecticut,Long Island University,2.5,,,1.0
2023.0,9.0,Charleston Southern,Bryant,1.5,,,1.0
2023.0,9.0,Charlotte,Florida Atlantic,3.5,,,3.0
2023.0,9.0,Coastal Carolina,Marshall,3.5,,,3.0
2023.0,9.0,Colgate,Bucknell,-7.5,,,1.0
2023.0,9.0,Colorado State,Air Force,14.5,,,3.0
2023.0,9.0,Cornell,Princeton,5.5,,,1.0
2023.0,9.0,Davidson,Presbyterian,-20.5,,,1.0
2023.0,9.0,Delaware State,Howard,19.0,,,1.0
2023.0,9.0,Drake,Stetson,-14.0,,,1.0
2023.0,9.0,Eastern Michigan,Western Michigan,3.0,,,3.0
2023.0,9.0,Florida,Georgia,14.0,,,3.0
2023.0,9.0,Florida A&M,Prairie View A&M,-20.0,,,1.0
2023.0,9.0,Florida International,Jacksonville State,9.0,,,3.0
2023.0,9.0,Fordham,Holy Cross,10.0,,,1.0
2023.0,9.0,Fresno State,UNLV,-10.5,,,3.0
2023.0,9.0,Furman,East Tennessee State,-24.0,,,1.0
2023.0,9.0,Gardner-Webb,UT Martin,6.0,,,1.0
2023.0,9.0,Georgetown,Lafayette,9.5,,,1.0
2023.0,9.0,Georgia Southern,Georgia State,0.0,,,3.0
2023.0,9.0,Georgia Tech,North Carolina,12.0,,,3.0
2023.0,9.0,Grambling,Bethune-Cookman,-7.0,,,1.0
2023.0,9.0,Hampton,North Carolina A&T,-4.0,,,1.0
2023.0,9.0,Harvard,Dartmouth,-8.5,,,1.0
2023.0,9.0,Hawai'i,San José State,10.0,,,3.0
2023.0,9.0,Idaho,Montana State,6.0,,,1.0
2023.0,9.0,Illinois State,Northern Iowa,1.5,,,1.0
2023.0,9.0,James Madison,Old Dominion,-19.5,,,3.0
2023.0,9.0,Kansas,Oklahoma,7.0,,,3.0
2023.0,9.0,Kansas State,Houston,-17.5,,,3.0
2023.0,9.0,Kentucky,Tennessee,3.5,,,3.0
2023.0,9.0,Lamar,Incarnate Word,15.0,,,1.0
2023.0,9.0,Louisiana Tech,New Mexico State,-3.0,,,3.0
2023.0,9.0,Louisville,Duke,-5.0,,,3.0
2023.0,9.0,Maine,UAlbany,11.0,,,1.0
2023.0,9.0,Miami,Virginia,-18.5,,,3.0
2023.0,9.0,Minnesota,Michigan State,-6.5,,,3.0
2023.0,9.0,Montana,Northern Colorado,-23.5,,,1.0
2023.0,9.0,NC State,Clemson,10.0,,,3.0
2023.0,9.0,Nebraska,Purdue,1.0,,,3.0
2023.0,9.0,Nevada,New Mexico,0.0,,,3.0
2023.0,9.0,Nicholls,Southeast Missouri State,3.5,,,1.0
2023.0,9.0,Norfolk State,Morgan State,0.0,,,1.0
2023.0,9.0,North Carolina Central,South Carolina State,-14.5,,,1.0
2023.0,9.0,North Dakota,Indiana State,-26.0,,,1.0
2023.0,9.0,North Dakota State,Murray State,-32.5,,,1.0
2023.0,9.0,North Texas,Memphis,6.5,,,3.0
2023.0,9.0,Northern Arizona,UC Davis,3.0,,,1.0
2023.0,9.0,Northwestern,Maryland,14.0,,,3.0
2023.0,9.0,Notre Dame,Pittsburgh,-21.0,,,3.0
2023.0,9.0,Ohio,Miami (OH),-7.5,,,3.0
2023.0,9.0,Oklahoma State,Cincinnati,-7.5,,,3.0
2023.0,9.0,Ole Miss,Vanderbilt,-24.0,,,3.0
2023.0,9.0,Penn State,Indiana,-31.0,,,3.0
2023.0,9.0,Pennsylvania,Brown,-10.0,,,1.0
2023.0,9.0,Portland State,Eastern Washington,2.5,,,1.0
2023.0,9.0,Rhode Island,New Hampshire,4.5,,,1.0
2023.0,9.0,Rice,Tulane,10.0,,,3.0
2023.0,9.0,Richmond,Campbell,-2.0,,,1.0
2023.0,9.0,Robert Morris,Tennessee Tech,0.0,,,1.0
2023.0,9.0,SMU,Tulsa,-20.5,,,3.0
2023.0,9.0,Sacramento State,Idaho State,-16.5,,,1.0
2023.0,9.0,Sacred Heart,Duquesne,5.5,,,1.0
2023.0,9.0,Sam Houston,UTEP,-4.0,,,3.0
2023.0,9.0,Samford,The Citadel,-24.0,,,1.0
2023.0,9.0,San Diego,Morehead State,-4.5,,,1.0
2023.0,9.0,South Alabama,Louisiana,-11.5,,,3.0
2023.0,9.0,South Dakota,South Dakota State,14.5,,,1.0
2023.0,9.0,Southern,Texas Southern,-11.0,,,1.0
2023.0,9.0,Southern Utah,Abilene Christian,-3.5,,,1.0
2023.0,9.0,St. Francis (PA),Merrimack,-1.5,,,1.0
2023.0,9.0,St. Thomas (MN),Marist,-10.5,,,1.0
2023.0,9.0,Stanford,Washington,27.5,,,3.0
2023.0,9.0,Tennessee State,Lindenwood,-11.5,,,1.0
2023.0,9.0,Texas,BYU,-20.5,,,3.0
2023.0,9.0,Texas A&M,South Carolina,-17.0,,,3.0
2023.0,9.0,Texas State,Troy,6.5,,,3.0
2023.0,9.0,Towson,Delaware,9.5,,,1.0
2023.0,9.0,UCF,West Virginia,-6.5,,,3.0
2023.0,9.0,UCLA,Colorado,-14.0,,,3.0
2023.0,9.0,UL Monroe,Arkansas State,-1.0,,,3.0
2023.0,9.0,UTSA,East Carolina,-17.5,,,3.0
2023.0,9.0,Utah,Oregon,6.5,,,3.0
2023.0,9.0,Villanova,Stony Brook,-27.5,,,1.0
2023.0,9.0,Virginia Tech,Syracuse,-2.5,,,3.0
2023.0,9.0,Wake Forest,Florida State,21.0,,,3.0
2023.0,9.0,Western Carolina,Mercer,-8.0,,,1.0
2023.0,9.0,Western Illinois,Southern Illinois,28.0,,,1.0
2023.0,9.0,Western Kentucky,Liberty,4.0,,,3.0
2023.0,9.0,William & Mary,Monmouth,-2.5,,,1.0
2023.0,9.0,Wisconsin,Ohio State,14.5,,,3.0
2023.0,9.0,Yale,Columbia,-7.5,,,1.0
2023.0,9.0,Youngstown State,Missouri State,-10.0,,,1.0
2023.0,10.0,Abilene Christian,Utah Tech,-9.0,,,1.0
2023.0,10.0,Air Force,Army,-18.0,,,3.0
2023.0,10.0,Akron,Kent State,-3.5,,,3.0
2023.0,10.0,Alabama,LSU,-3.0,,,3.0
2023.0,10.0,Alabama A&M,Florida A&M,13.5,,,1.0
2023.0,10.0,Alabama State,Grambling,-1.5,,,1.0
2023.0,10.0,Alcorn State,Southern,-3.0,,,1.0
2023.0,10.0,App State,Marshall,-3.0,,,3.0
2023.0,10.0,Arizona,UCLA,2.5,,,3.0
2023.0,10.0,Arkansas State,Louisiana,7.0,,,3.0
2023.0,10.0,Baylor,Houston,-2.5,,,3.0
2023.0,10.0,Bethune-Cookman,Mississippi Valley State,-10.5,,,1.0
2023.0,10.0,Bowling Green,Ball State,-4.5,,,3.0
2023.0,10.0,Brown,Yale,5.5,,,1.0
2023.0,10.0,Bryant,Gardner-Webb,2.0,,,1.0
2023.0,10.0,Central Michigan,Northern Illinois,4.75,,,2.0
2023.0,10.0,Charleston Southern,Tennessee State,8.0,,,1.0
2023.0,10.0,Chattanooga,Furman,1.5,,,1.0
2023.0,10.0,Cincinnati,UCF,3.5,,,3.0
2023.0,10.0,Clemson,Notre Dame,3.0,,,3.0
2023.0,10.0,Colorado,Oregon State,13.5,,,3.0
2023.0,10.0,Columbia,Harvard,13.5,,,1.0
2023.0,10.0,Dartmouth,Princeton,2.5,,,1.0
2023.0,10.0,Delaware,Elon,-14.5,,,1.0
2023.0,10.0,Duke,Wake Forest,-6.5,,,3.0
2023.0,10.0,East Carolina,Tulane,17.0,,,3.0
2023.0,10.0,East Tennessee State,VMI,-3.5,,,1.0
2023.0,10.0,Eastern Washington,Cal Poly,-21.5,,,1.0
2023.0,10.0,Florida,Arkansas,-3.5,,,3.0
2023.0,10.0,Fordham,Bucknell,-18.5,,,1.0
2023.0,10.0,Fresno State,Boise State,-2.5,,,3.0
2023.0,10.0,Georgia,Missouri,-14.5,,,3.0
2023.0,10.0,Georgia State,James Madison,6.0,,,3.0
2023.0,10.0,Idaho State,Weber State,8.0,,,1.0
2023.0,10.0,Incarnate Word,Nicholls,-7.5,,,1.0
2023.0,10.0,Indiana,Wisconsin,9.5,,,3.0
2023.0,10.0,Indiana State,Youngstown State,19.5,,,1.0
2023.0,10.0,Iowa State,Kansas,-2.5,,,3.0
2023.0,10.0,Jackson State,Texas Southern,-15.5,,,1.0
2023.0,10.0,Lafayette,Colgate,-15.5,,,1.0
2023.0,10.0,Lamar,East Texas A&M,-3.5,,,1.0
2023.0,10.0,Lehigh,Holy Cross,22.0,,,1.0
2023.0,10.0,Liberty,Louisiana Tech,-14.5,,,3.0
2023.0,10.0,Lindenwood,Eastern Illinois,10.0,,,1.0
2023.0,10.0,Louisville,Virginia Tech,-9.75,,,2.0
2023.0,10.0,Marist,Drake,8.0,,,1.0
2023.0,10.0,Maryland,Penn State,8.5,,,3.0
2023.0,10.0,Massachusetts,Merrimack,-16.5,,,1.0
2023.0,10.0,Memphis,South Florida,-13.5,,,3.0
2023.0,10.0,Michigan,Purdue,-32.5,,,3.0
2023.0,10.0,Michigan State,Nebraska,3.0,,,3.0
2023.0,10.0,Minnesota,Illinois,-2.0,,,3.0
2023.0,10.0,Mississippi State,Kentucky,5.5,,,3.0
2023.0,10.0,Missouri State,Illinois State,1.5,,,1.0
2023.0,10.0,Monmouth,Stony Brook,-24.5,,,1.0
2023.0,10.0,Montana,Sacramento State,-2.5,,,1.0
2023.0,10.0,Montana State,Northern Arizona,-23.5,,,1.0
2023.0,10.0,Morehead State,Butler,7.5,,,1.0
2023.0,10.0,Morgan State,Delaware State,-17.5,,,1.0
2023.0,10.0,Murray State,North Dakota,19.5,,,1.0
2023.0,10.0,NC State,Miami,6.0,,,3.0
2023.0,10.0,Nevada,Hawai'i,-3.5,,,3.0
2023.0,10.0,New Hampshire,Villanova,1.5,,,1.0
2023.0,10.0,New Mexico,UNLV,14.5,,,3.0
2023.0,10.0,New Mexico State,Middle Tennessee,-3.5,,,3.0
2023.0,10.0,North Alabama,Central Arkansas,13.5,,,1.0
2023.0,10.0,North Carolina,Campbell,-45.5,,,1.0
2023.0,10.0,North Carolina A&T,Towson,6.0,,,1.0
2023.0,10.0,North Carolina Central,Norfolk State,-18.0,,,1.0
2023.0,10.0,North Texas,UTSA,7.5,,,3.0
2023.0,10.0,Northern Colorado,Idaho,27.5,,,1.0
2023.0,10.0,Northwestern,Iowa,5.0,,,3.0
2023.0,10.0,Oklahoma State,Oklahoma,6.0,,,3.0
2023.0,10.0,Old Dominion,Coastal Carolina,-0.5,,,3.0
2023.0,10.0,Ole Miss,Texas A&M,-3.0,,,3.0
2023.0,10.0,Oregon,California,-25.5,,,3.0
2023.0,10.0,Pennsylvania,Cornell,-10.5,,,1.0
2023.0,10.0,Pittsburgh,Florida State,21.5,,,3.0
2023.0,10.0,Prairie View A&M,Arkansas-Pine Bluff,-12.0,,,1.0
2023.0,10.0,Presbyterian,San Diego,5.0,,,1.0
2023.0,10.0,Rice,SMU,12.5,,,3.0
2023.0,10.0,Rutgers,Ohio State,19.0,,,3.0
2023.0,10.0,SE Louisiana,McNeese,-15.0,,,1.0
2023.0,10.0,Sacred Heart,Central Connecticut,-3.0,,,1.0
2023.0,10.0,Sam Houston,Kennesaw State,-16.5,,,1.0
2023.0,10.0,San Diego State,Utah State,2.25,,,2.0
2023.0,10.0,South Carolina,Jacksonville State,-15.5,,,3.0
2023.0,10.0,South Carolina State,Howard,6.5,,,1.0
2023.0,10.0,South Dakota State,North Dakota State,-14.0,,,1.0
2023.0,10.0,Southern Illinois,South Dakota,-8.0,,,1.0
2023.0,10.0,Southern Miss,UL Monroe,-3.0,,,3.0
2023.0,10.0,Stetson,Davidson,16.5,,,1.0
2023.0,10.0,Syracuse,Boston College,-0.5,,,3.0
2023.0,10.0,Tarleton State,Stephen F. Austin,-1.0,,,1.0
2023.0,10.0,Temple,Navy,7.0,,,3.0
2023.0,10.0,Tennessee,UConn,-35.5,,,3.0
2023.0,10.0,Tennessee Tech,UT Martin,16.5,,,1.0
2023.0,10.0,Texas,Kansas State,-3.75,,,2.0
2023.0,10.0,Texas State,Georgia Southern,-0.25,,,2.0
2023.0,10.0,Texas Tech,TCU,-2.5,,,3.0
2023.0,10.0,The Citadel,Mercer,20.0,,,1.0
2023.0,10.0,Toledo,Buffalo,-14.5,,,3.0
2023.0,10.0,Troy,South Alabama,-6.5,,,3.0
2023.0,10.0,Tulsa,Charlotte,-4.5,,,3.0
2023.0,10.0,UAB,Florida Atlantic,1.0,,,3.0
2023.0,10.0,UAlbany,William & Mary,-5.0,,,1.0
2023.0,10.0,UC Davis,Portland State,-6.5,,,1.0
2023.0,10.0,USC,Washington,3.0,,,3.0
2023.0,10.0,UTEP,Western Kentucky,9.5,,,3.0
2023.0,10.0,Utah,Arizona State,-10.5,,,3.0
2023.0,10.0,Valparaiso,Dayton,-3.0,,,1.0
2023.0,10.0,Vanderbilt,Auburn,12.5,,,2.0
2023.0,10.0,Virginia,Georgia Tech,-1.5,,,3.0
2023.0,10.0,Wagner,Duquesne,13.5,,,1.0
2023.0,10.0,Washington State,Stanford,-13.5,,,3.0
2023.0,10.0,West Virginia,BYU,-12.5,,,3.0
2023.0,10.0,Wofford,Western Carolina,20.5,,,1.0
2023.0,10.0,Wyoming,Colorado State,-6.0,,,3.0
2023.0,11.0,Abilene Christian,Tarleton State,6.0,,,1.0
2023.0,11.0,Arkansas,Auburn,-2.5,,,3.0
2023.0,11.0,Arkansas-Pine Bluff,Grambling,15.5,,,1.0
2023.0,11.0,Army,Holy Cross,-11.5,,,1.0
2023.0,11.0,Bethune-Cookman,Alabama A&M,3.5,,,1.0
2023.0,11.0,Boise State,New Mexico,-27.5,,,3.0
2023.0,11.0,Boston College,Virginia Tech,2.5,,,3.0
2023.0,11.0,Bucknell,Georgetown,2.0,,,1.0
2023.0,11.0,Buffalo,Ohio,9.5,,,3.0
2023.0,11.0,California,Washington State,-1.5,,,3.0
2023.0,11.0,Campbell,Delaware,11.5,,,1.0
2023.0,11.0,Central Arkansas,Eastern Kentucky,-9.5,,,1.0
2023.0,11.0,Charlotte,Memphis,10.0,,,3.0
2023.0,11.0,Clemson,Georgia Tech,-15.5,,,3.0
2023.0,11.0,Coastal Carolina,Texas State,2.75,,,2.0
2023.0,11.0,Colgate,Lehigh,-3.5,,,1.0
2023.0,11.0,Colorado,Arizona,8.0,,,3.0
2023.0,11.0,Colorado State,San Diego State,-3.5,,,3.0
2023.0,11.0,Columbia,Brown,-2.0,,,1.0
2023.0,11.0,Dartmouth,Cornell,-7.5,,,1.0
2023.0,11.0,Dayton,Marist,-1.5,,,1.0
2023.0,11.0,Delaware State,Norfolk State,7.0,,,1.0
2023.0,11.0,Drake,Presbyterian,-14.5,,,1.0
2023.0,11.0,Duquesne,Stonehill,-12.5,,,1.0
2023.0,11.0,East Texas A&M,SE Louisiana,10.0,,,1.0
2023.0,11.0,Eastern Illinois,Tennessee State,-4.0,,,1.0
2023.0,11.0,Florida Atlantic,East Carolina,-7.5,,,3.0
2023.0,11.0,Florida State,Miami,-14.5,,,3.0
2023.0,11.0,Furman,VMI,-21.5,,,1.0
2023.0,11.0,Georgia,Ole Miss,-11.0,,,3.0
2023.0,11.0,Georgia State,App State,-2.5,,,3.0
2023.0,11.0,Hampton,William & Mary,11.5,,,1.0
2023.0,11.0,Harvard,Pennsylvania,-7.0,,,1.0
2023.0,11.0,Hawai'i,Air Force,20.5,,,3.0
2023.0,11.0,Houston,Cincinnati,-3.0,,,3.0
2023.0,11.0,Howard,North Carolina Central,7.5,,,1.0
2023.0,11.0,Idaho State,UC Davis,11.5,,,1.0
2023.0,11.0,Illinois,Indiana,-4.5,,,3.0
2023.0,11.0,Illinois State,Murray State,-16.5,,,1.0
2023.0,11.0,Indiana State,Western Illinois,-14.5,,,1.0
2023.0,11.0,Iowa,Rutgers,-1.0,,,3.0
2023.0,11.0,James Madison,UConn,-25.0,,,3.0
2023.0,11.0,Kansas,Texas Tech,-3.5,,,3.0
2023.0,11.0,Kansas State,Baylor,-20.5,,,3.0
2023.0,11.0,Kent State,Bowling Green,10.5,,,3.0
2023.0,11.0,Kentucky,Alabama,10.5,,,3.0
2023.0,11.0,LSU,Florida,-16.0,,,3.0
2023.0,11.0,Lafayette,Fordham,-2.5,,,1.0
2023.0,11.0,Liberty,Old Dominion,-13.5,,,3.0
2023.0,11.0,Lindenwood,Bryant,10.0,,,1.0
2023.0,11.0,Louisiana,Southern Miss,-8.5,,,3.0
2023.0,11.0,Louisiana Tech,Sam Houston,-8.5,,,3.0
2023.0,11.0,Louisville,Virginia,-20.0,,,3.0
2023.0,11.0,Marshall,Georgia Southern,1.5,,,3.0
2023.0,11.0,Mercer,Samford,-2.5,,,1.0
2023.0,11.0,Miami (OH),Akron,-17.0,,,3.0
2023.0,11.0,Middle Tennessee,Florida International,-10.5,,,3.0
2023.0,11.0,Mississippi Valley State,Alabama State,14.0,,,1.0
2023.0,11.0,Missouri,Tennessee,2.0,,,3.0
2023.0,11.0,Missouri State,Northern Iowa,6.5,,,1.0
2023.0,11.0,Monmouth,New Hampshire,-3.5,,,1.0
2023.0,11.0,Montana State,Eastern Washington,-19.5,,,1.0
2023.0,11.0,Morehead State,Davidson,14.0,,,1.0
2023.0,11.0,Navy,UAB,3.5,,,3.0
2023.0,11.0,Nebraska,Maryland,1.5,,,3.0
2023.0,11.0,Nicholls,Lamar,-14.5,,,1.0
2023.0,11.0,North Carolina,Duke,-10.0,,,3.0
2023.0,11.0,North Dakota State,Southern Illinois,-8.0,,,1.0
2023.0,11.0,Northern Illinois,Ball State,-9.5,,,3.0
2023.0,11.0,Ohio State,Michigan State,-32.0,,,3.0
2023.0,11.0,Oklahoma,West Virginia,-13.0,,,3.0
2023.0,11.0,Oregon,USC,-16.5,,,3.0
2023.0,11.0,Oregon State,Stanford,-21.5,,,3.0
2023.0,11.0,Penn State,Michigan,4.5,,,3.0
2023.0,11.0,Portland State,Montana,10.5,,,1.0
2023.0,11.0,Princeton,Yale,2.5,,,1.0
2023.0,11.0,Purdue,Minnesota,1.5,,,3.0
2023.0,11.0,Rhode Island,North Carolina A&T,-17.0,,,1.0
2023.0,11.0,Richmond,Elon,-3.0,,,1.0
2023.0,11.0,Robert Morris,Charleston Southern,2.0,,,1.0
2023.0,11.0,SMU,North Texas,-20.5,,,3.0
2023.0,11.0,San José State,Fresno State,-2.5,,,3.0
2023.0,11.0,South Alabama,Arkansas State,-14.5,,,3.0
2023.0,11.0,South Carolina,Vanderbilt,-13.5,,,3.0
2023.0,11.0,South Carolina State,Morgan State,-2.0,,,1.0
2023.0,11.0,South Dakota,North Dakota,-2.0,,,1.0
2023.0,11.0,South Florida,Temple,-7.5,,,3.0
2023.0,11.0,Southern,Prairie View A&M,-9.5,,,1.0
2023.0,11.0,Stephen F. Austin,Southern Utah,2.0,,,1.0
2023.0,11.0,Stony Brook,UAlbany,23.5,,,1.0
2023.0,11.0,Syracuse,Pittsburgh,3.0,,,3.0
2023.0,11.0,TCU,Texas,12.5,,,3.0
2023.0,11.0,Texas A&M,Mississippi State,-16.5,,,3.0
2023.0,11.0,Texas Southern,Alcorn State,5.5,,,1.0
2023.0,11.0,The Citadel,Wofford,3.5,,,1.0
2023.0,11.0,Toledo,Eastern Michigan,-19.5,,,3.0
2023.0,11.0,Tulane,Tulsa,-24.5,,,3.0
2023.0,11.0,UCF,Oklahoma State,2.5,,,3.0
2023.0,11.0,UCLA,Arizona State,-14.0,,,3.0
2023.0,11.0,UL Monroe,Troy,21.5,,,3.0
2023.0,11.0,UNLV,Wyoming,-2.5,,,3.0
2023.0,11.0,UT Martin,Southeast Missouri State,-3.0,,,1.0
2023.0,11.0,UTSA,Rice,-13.5,,,3.0
2023.0,11.0,Utah State,Nevada,-14.5,,,3.0
2023.0,11.0,Valparaiso,Stetson,-7.5,,,1.0
2023.0,11.0,Villanova,Towson,-18.0,,,1.0
2023.0,11.0,Wake Forest,NC State,2.0,,,3.0
2023.0,11.0,Washington,Utah,-9.5,,,3.0
2023.0,11.0,Weber State,Idaho,10.5,,,1.0
2023.0,11.0,Western Carolina,East Tennessee State,-17.0,,,1.0
2023.0,11.0,Western Kentucky,New Mexico State,-5.0,,,3.0
2023.0,11.0,Western Michigan,Central Michigan,-3.5,,,3.0
2023.0,11.0,Wisconsin,Northwestern,-12.0,,,3.0
2023.0,11.0,Youngstown State,South Dakota State,16.0,,,1.0
2023.0,12.0,Air Force,UNLV,-3.0,,,3.0
2023.0,12.0,Alabama,Chattanooga,-44.5,,,1.0
2023.0,12.0,Alabama A&M,Mississippi Valley State,-14.0,,,1.0
2023.0,12.0,Arizona,Utah,-2.5,,,3.0
2023.0,12.0,Arizona State,Oregon,22.0,,,3.0
2023.0,12.0,Arkansas,Florida International,-27.5,,,3.0
2023.0,12.0,Arkansas State,Texas State,3.25,,,2.0
2023.0,12.0,Army,Coastal Carolina,1.5,,,3.0
2023.0,12.0,Auburn,New Mexico State,-25.0,,,3.0
2023.0,12.0,Austin Peay,Central Arkansas,-6.0,,,1.0
2023.0,12.0,Ball State,Kent State,-10.5,,,3.0
2023.0,12.0,Bowling Green,Toledo,10.0,,,3.0
2023.0,12.0,Bryant,Southeast Missouri State,-1.0,,,1.0
2023.0,12.0,Butler,Drake,-5.5,,,1.0
2023.0,12.0,Cal Poly,Weber State,16.5,,,1.0
2023.0,12.0,Central Connecticut,St. Francis (PA),7.0,,,1.0
2023.0,12.0,Charlotte,Rice,1.0,,,3.0
2023.0,12.0,Clemson,North Carolina,-7.5,,,3.0
2023.0,12.0,Colgate,Fordham,6.0,,,1.0
2023.0,12.0,Colorado State,Nevada,-12.5,,,3.0
2023.0,12.0,Cornell,Columbia,-2.0,,,1.0
2023.0,12.0,Delaware,Villanova,-1.5,,,1.0
2023.0,12.0,East Tennessee State,The Citadel,-9.5,,,1.0
2023.0,12.0,Eastern Kentucky,Stephen F. Austin,-7.0,,,1.0
2023.0,12.0,Eastern Michigan,Akron,-3.5,,,3.0
2023.0,12.0,Eastern Washington,Northern Arizona,-3.5,,,1.0
2023.0,12.0,Elon,Hampton,-14.5,,,1.0
2023.0,12.0,Florida A&M,Bethune-Cookman,16.5,,,1.0
2023.0,12.0,Florida Atlantic,Tulane,9.0,,,3.0
2023.0,12.0,Fresno State,New Mexico,-22.5,,,3.0
2023.0,12.0,Gardner-Webb,Charleston Southern,-14.0,,,1.0
2023.0,12.0,Georgia Southern,Old Dominion,-5.5,,,3.0
2023.0,12.0,Georgia Tech,Syracuse,-6.0,,,3.0
2023.0,12.0,Holy Cross,Georgetown,-21.0,,,1.0
2023.0,12.0,Houston,Oklahoma State,6.5,,,3.0
2023.0,12.0,Howard,Morgan State,-7.5,,,1.0
2023.0,12.0,Idaho,Idaho State,-22.0,,,1.0
2023.0,12.0,Indiana,Michigan State,-3.5,,,3.0
2023.0,12.0,Iowa,Illinois,-3.0,,,3.0
2023.0,12.0,Iowa State,Texas,7.5,,,3.0
2023.0,12.0,Jacksonville State,Louisiana Tech,-9.0,,,3.0
2023.0,12.0,James Madison,App State,-10.75,,,2.0
2023.0,12.0,Kansas,Kansas State,7.5,,,3.0
2023.0,12.0,LSU,Georgia State,-32.0,,,3.0
2023.0,12.0,Lamar,McNeese,-10.0,,,1.0
2023.0,12.0,Lehigh,Lafayette,10.5,,,1.0
2023.0,12.0,Liberty,Massachusetts,-26.5,,,3.0
2023.0,12.0,Maryland,Michigan,17.5,,,3.0
2023.0,12.0,Memphis,SMU,9.5,,,3.0
2023.0,12.0,Merrimack,Duquesne,-2.5,,,1.0
2023.0,12.0,Miami,Louisville,-1.0,,,3.0
2023.0,12.0,Miami (OH),Buffalo,-7.5,,,3.0
2023.0,12.0,Middle Tennessee,UTEP,-8.0,,,3.0
2023.0,12.0,Mississippi State,Southern Miss,-18.5,,,3.0
2023.0,12.0,Missouri,Florida,-12.5,,,3.0
2023.0,12.0,Montana,Montana State,6.5,,,1.0
2023.0,12.0,Navy,East Carolina,-2.5,,,3.0
2023.0,12.0,New Hampshire,Maine,-18.0,,,1.0
2023.0,12.0,Norfolk State,South Carolina State,-4.5,,,1.0
2023.0,12.0,North Carolina A&T,Campbell,3.0,,,1.0
2023.0,12.0,North Carolina Central,Delaware State,-25.0,,,1.0
2023.0,12.0,Northern Colorado,Portland State,11.5,,,1.0
2023.0,12.0,Northern Illinois,Western Michigan,-4.0,,,3.0
2023.0,12.0,Northern Iowa,North Dakota State,8.5,,,1.0
2023.0,12.0,Northwestern,Purdue,-2.5,,,3.0
2023.0,12.0,Notre Dame,Wake Forest,-23.5,,,3.0
2023.0,12.0,Ohio,Central Michigan,-10.5,,,3.0
2023.0,12.0,Ohio State,Minnesota,-27.5,,,3.0
2023.0,12.0,Ole Miss,UL Monroe,-36.0,,,3.0
2023.0,12.0,Oregon State,Washington,-1.0,,,3.0
2023.0,12.0,Penn State,Rutgers,-19.5,,,3.0
2023.0,12.0,Pennsylvania,Princeton,-3.0,,,1.0
2023.0,12.0,Pittsburgh,Boston College,-1.75,,,2.0
2023.0,12.0,Prairie View A&M,Alabama State,6.0,,,1.0
2023.0,12.0,Presbyterian,Morehead State,1.5,,,1.0
2023.0,12.0,Robert Morris,Eastern Illinois,10.5,,,1.0
2023.0,12.0,SE Louisiana,Nicholls,-2.5,,,1.0
2023.0,12.0,Samford,UT Martin,5.5,,,1.0
2023.0,12.0,San José State,San Diego State,-16.5,,,3.0
2023.0,12.0,South Alabama,Marshall,-10.0,,,3.0
2023.0,12.0,South Carolina,Kentucky,-2.5,,,3.0
2023.0,12.0,Southern Illinois,Indiana State,-24.0,,,1.0
2023.0,12.0,Stanford,California,6.5,,,3.0
2023.0,12.0,Stetson,San Diego,6.0,,,1.0
2023.0,12.0,TCU,Baylor,-13.0,,,3.0
2023.0,12.0,Tennessee,Georgia,9.0,,,3.0
2023.0,12.0,Tennessee State,Tennessee Tech,-8.0,,,1.0
2023.0,12.0,Texas A&M,Abilene Christian,-40.5,,,1.0
2023.0,12.0,Texas Southern,Arkansas-Pine Bluff,-20.0,,,1.0
2023.0,12.0,Texas Tech,UCF,-2.5,,,2.0
2023.0,12.0,Towson,Rhode Island,3.5,,,1.0
2023.0,12.0,Troy,Louisiana,-15.5,,,3.0
2023.0,12.0,Tulsa,North Texas,2.0,,,3.0
2023.0,12.0,UAB,Temple,-8.0,,,3.0
2023.0,12.0,UAlbany,Monmouth,-3.5,,,1.0
2023.0,12.0,UC Davis,Sacramento State,-2.0,,,1.0
2023.0,12.0,UConn,Sacred Heart,-25.5,,,1.0
2023.0,12.0,USC,UCLA,-5.0,,,3.0
2023.0,12.0,UTSA,South Florida,-14.5,,,3.0
2023.0,12.0,Utah State,Boise State,5.0,,,3.0
2023.0,12.0,Utah Tech,Southern Utah,12.0,,,1.0
2023.0,12.0,Virginia,Duke,3.5,,,2.0
2023.0,12.0,Virginia Tech,NC State,-2.5,,,3.0
2023.0,12.0,Washington State,Colorado,-4.5,,,3.0
2023.0,12.0,West Virginia,Cincinnati,-5.0,,,3.0
2023.0,12.0,Western Kentucky,Sam Houston,-11.0,,,2.0
2023.0,12.0,William & Mary,Richmond,-3.5,,,1.0
2023.0,12.0,Wisconsin,Nebraska,-7.0,,,3.0
2023.0,12.0,Wofford,Furman,20.0,,,1.0
2023.0,12.0,Wyoming,Hawai'i,-13.5,,,3.0
2023.0,12.0,Yale,Harvard,-3.0,,,1.0
2023.0,13.0,Akron,Ohio,14.5,,,3.0
2023.0,13.0,App State,Georgia Southern,-10.5,,,3.0
2023.0,13.0,Arizona State,Arizona,12.5,,,3.0
2023.0,13.0,Arkansas,Missouri,9.5,,,3.0
2023.0,13.0,Auburn,Alabama,14.5,,,3.0
2023.0,13.0,Ball State,Miami (OH),4.0,,,3.0
2023.0,13.0,Baylor,West Virginia,8.5,,,3.0
2023.0,13.0,Boise State,Air Force,-6.5,,,3.0
2023.0,13.0,Boston College,Miami,10.0,,,3.0
2023.0,13.0,Buffalo,Eastern Michigan,-6.5,,,3.0
2023.0,13.0,Central Michigan,Toledo,10.0,,,3.0
2023.0,13.0,Cincinnati,Kansas,7.5,,,3.0
2023.0,13.0,Coastal Carolina,James Madison,4.0,,,3.0
2023.0,13.0,Duke,Pittsburgh,-4.5,,,3.0
2023.0,13.0,East Carolina,Tulsa,-3.0,,,3.0
2023.0,13.0,Florida,Florida State,6.5,,,3.0
2023.0,13.0,Florida International,Western Kentucky,11.5,,,3.0
2023.0,13.0,Georgia Tech,Georgia,24.5,,,3.0
2023.0,13.0,Grambling,Southern,-1.5,,,1.0
2023.0,13.0,Hawai'i,Colorado State,5.5,,,3.0
2023.0,13.0,Illinois,Northwestern,-5.5,,,3.0
2023.0,13.0,Kansas State,Iowa State,-9.5,,,3.0
2023.0,13.0,Kent State,Northern Illinois,20.5,,,3.0
2023.0,13.0,LSU,Texas A&M,-10.5,,,3.0
2023.0,13.0,Louisiana,UL Monroe,-12.5,,,3.0
2023.0,13.0,Louisville,Kentucky,-7.5,,,3.0
2023.0,13.0,Marshall,Arkansas State,-1.5,,,3.0
2023.0,13.0,Massachusetts,UConn,-2.5,,,3.0
2023.0,13.0,Michigan,Ohio State,-3.0,,,3.0
2023.0,13.0,Michigan State,Penn State,21.75,,,2.0
2023.0,13.0,Minnesota,Wisconsin,2.25,,,2.0
2023.0,13.0,Mississippi State,Ole Miss,10.5,,,3.0
2023.0,13.0,NC State,North Carolina,2.5,,,2.0
2023.0,13.0,Nebraska,Iowa,-3.0,,,3.0
2023.0,13.0,Nevada,Wyoming,11.0,,,3.0
2023.0,13.0,New Mexico,Utah State,4.5,,,3.0
2023.0,13.0,New Mexico State,Jacksonville State,0.25,,,2.0
2023.0,13.0,North Texas,UAB,-2.5,,,3.0
2023.0,13.0,Oklahoma,TCU,-11.5,,,3.0
2023.0,13.0,Oklahoma State,BYU,-16.5,,,3.0
2023.0,13.0,Old Dominion,Georgia State,-2.0,,,3.0
2023.0,13.0,Oregon,Oregon State,-14.0,,,3.0
2023.0,13.0,Purdue,Indiana,-6.5,,,3.0
2023.0,13.0,Rice,Florida Atlantic,-3.5,,,3.0
2023.0,13.0,Rutgers,Maryland,2.0,,,2.0
2023.0,13.0,SMU,Navy,-20.25,,,2.0
2023.0,13.0,Sam Houston,Middle Tennessee,3.5,,,3.0
2023.0,13.0,San Diego State,Fresno State,5.5,,,3.0
2023.0,13.0,South Carolina,Clemson,7.5,,,3.0
2023.0,13.0,South Florida,Charlotte,-7.0,,,3.0
2023.0,13.0,Southern Miss,Troy,17.0,,,2.0
2023.0,13.0,Stanford,Notre Dame,26.0,,,3.0
2023.0,13.0,Syracuse,Wake Forest,-2.0,,,3.0
2023.0,13.0,Temple,Memphis,13.5,,,3.0
2023.0,13.0,Tennessee,Vanderbilt,-27.0,,,3.0
2023.0,13.0,Texas,Texas Tech,-16.0,,,3.0
2023.0,13.0,Texas State,South Alabama,5.5,,,3.0
2023.0,13.0,Tulane,UTSA,-3.5,,,3.0
2023.0,13.0,UCF,Houston,-15.5,,,3.0
2023.0,13.0,UCLA,California,-9.5,,,3.0
2023.0,13.0,UNLV,San José State,-1.5,,,3.0
2023.0,13.0,UTEP,Liberty,17.5,,,3.0
2023.0,13.0,Utah,Colorado,-21.5,,,3.0
2023.0,13.0,Virginia,Virginia Tech,1.75,,,2.0
2023.0,13.0,Washington,Washington State,-15.5,,,3.0
2023.0,13.0,Western Michigan,Bowling Green,2.5,,,3.0
2023.0,14.0,Alabama,Georgia,5.0,,,3.0
2023.0,14.0,Florida State,Louisville,1.5,,,3.0
2023.0,14.0,Iowa,Michigan,21.0,,,3.0
2023.0,14.0,Liberty,New Mexico State,-10.5,,,3.0
2023.0,14.0,Texas,Oklahoma State,-14.5,,,3.0
2023.0,14.0,Toledo,Miami (OH),-7.0,,,3.0
2023.0,14.0,Troy,App State,-5.5,,,3.0
2023.0,14.0,Tulane,SMU,-2.5,,,3.0
2023.0,14.0,UNLV,Boise State,2.5,,,3.0
2023.0,14.0,Washington,Oregon,9.5,,,3.0
2023.0,15.0,Army,Navy,-2.0,,,3.0
2024.0,1.0,Air Force,Merrimack,-30.5,,,1.0
2024.0,1.0,Alabama,Western Kentucky,-34.0,,,3.0
2024.0,1.0,Alabama State,North Carolina Central,4.5,,,1.0
2024.0,1.0,App State,East Tennessee State,-35.5,,,1.0
2024.0,1.0,Arizona,New Mexico,-29.0,,,3.0
2024.0,1.0,Arizona State,Texas,13.5,,,3.0
2024.0,1.0,Arizona State,Wyoming,-6.5,,,3.0
2024.0,1.0,Arkansas,Arkansas-Pine Bluff,-50.5,,,1.0
2024.0,1.0,Arkansas,Texas Tech,3.5,,,3.0
2024.0,1.0,Army,Louisiana Tech,-14.5,,,3.0
2024.0,1.0,Auburn,Alabama A&M,-48.5,,,1.0
2024.0,1.0,Baylor,Tarleton State,-33.5,,,1.0
2024.0,1.0,Boise State,Penn State,12.0,,,3.0
2024.0,1.0,Bowling Green,Arkansas State,-10.5,,,3.0
2024.0,1.0,Bowling Green,Fordham,-15.5,,,1.0
2024.0,1.0,Buffalo,Lafayette,-3.5,,,1.0
2024.0,1.0,California,UC Davis,-20.5,,,1.0
2024.0,1.0,Central Michigan,Central Connecticut,-33.5,,,1.0
2024.0,1.0,Charleston Southern,The Citadel,-6.5,,,1.0
2024.0,1.0,Charlotte,James Madison,7.0,,,2.0
2024.0,1.0,Cincinnati,Towson,-33.5,,,1.0
2024.0,1.0,Colorado,BYU,-3.0,,,3.0
2024.0,1.0,Colorado,North Dakota State,-9.5,,,3.0
2024.0,1.0,Colorado State,Miami (OH),1.5,,,3.0
2024.0,1.0,Dayton,St. Francis (PA),6.5,,,1.0
2024.0,1.0,Delaware,Bryant,-18.5,,,1.0
2024.0,1.0,Duke,Elon,-24.5,,,1.0
2024.0,1.0,East Carolina,Norfolk State,-31.5,,,1.0
2024.0,1.0,Eastern Washington,Monmouth,-14.5,,,1.0
2024.0,1.0,Florida,Miami,2.5,,,3.0
2024.0,1.0,Florida,Tulane,-10.0,,,3.0
2024.0,1.0,Florida A&M,South Carolina State,-11.5,,,1.0
2024.0,1.0,Florida State,Boston College,-16.5,,,3.0
2024.0,1.0,Fresno State,Northern Illinois,2.5,,,3.0
2024.0,1.0,Gardner-Webb,Wofford,-3.5,,,1.0
2024.0,1.0,Georgetown,Davidson,-5.5,,,1.0
2024.0,1.0,Georgia,Clemson,-10.5,,,3.0
2024.0,1.0,Georgia,Notre Dame,1.0,,,3.0
2024.0,1.0,Georgia Southern,Boise State,12.5,,,3.0
2024.0,1.0,Georgia Tech,Florida State,10.5,,,3.0
2024.0,1.0,Georgia Tech,Georgia State,-20.5,,,2.0
2024.0,1.0,Hampton,Morgan State,-2.5,,,1.0
2024.0,1.0,Hawai'i,Delaware State,-38.5,,,3.0
2024.0,1.0,Hawai'i,UCLA,13.5,,,3.0
2024.0,1.0,Houston,UNLV,-2.25,,,2.0
2024.0,1.0,Illinois,Eastern Illinois,-28.5,,,1.0
2024.0,1.0,Illinois,South Carolina,9.5,,,3.0
2024.0,1.0,Incarnate Word,Northern Colorado,-22.5,,,1.0
2024.0,1.0,Indiana,Florida International,-25.5,,,3.0
2024.0,1.0,Iowa State,North Dakota,-30.5,,,1.0
2024.0,1.0,Jacksonville State,Coastal Carolina,-3.5,,,3.0
2024.0,1.0,Jacksonville State,Ohio,6.5,,,3.0
2024.0,1.0,James Madison,Western Kentucky,-7.5,,,3.0
2024.0,1.0,Kansas,Lindenwood,-48.5,,,1.0
2024.0,1.0,Kansas State,Rutgers,-7.25,,,2.0
2024.0,1.0,Kansas State,UT Martin,-36.5,,,1.0
2024.0,1.0,Kentucky,Southern Miss,-25.5,,,3.0
2024.0,1.0,LSU,Baylor,3.0,,,3.0
2024.0,1.0,LSU,USC,-4.0,,,3.0
2024.0,1.0,Liberty,Buffalo,4.0,,,3.0
2024.0,1.0,Liberty,Campbell,-41.5,,,1.0
2024.0,1.0,Louisville,Austin Peay,-38.5,,,1.0
2024.0,1.0,Maine,Colgate,-3.5,,,1.0
2024.0,1.0,Marshall,Stony Brook,-32.5,,,1.0
2024.0,1.0,Maryland,UConn,-19.0,,,3.0
2024.0,1.0,Massachusetts,Eastern Michigan,-2.5,,,3.0
2024.0,1.0,McNeese,Southern,-8.0,,,1.0
2024.0,1.0,Memphis,North Alabama,-38.5,,,1.0
2024.0,1.0,Mercer,Presbyterian,-27.5,,,1.0
2024.0,1.0,Miami,Iowa State,-5.0,,,3.0
2024.0,1.0,Michigan,Alabama,16.5,,,3.0
2024.0,1.0,Michigan,Fresno State,-21.0,,,2.0
2024.0,1.0,Michigan State,Florida Atlantic,-12.0,,,3.0
2024.0,1.0,Minnesota,North Carolina,1.5,,,3.0
2024.0,1.0,Mississippi State,Eastern Kentucky,-26.5,,,1.0
2024.0,1.0,Missouri,Iowa,-1.5,,,3.0
2024.0,1.0,Missouri,Murray State,-50.5,,,1.0
2024.0,1.0,Montana,Missouri State,-13.5,,,1.0
2024.0,1.0,Montana State,North Dakota State,-5.25,,,2.0
2024.0,1.0,Montana State,South Dakota,-9.5,,,1.0
2024.0,1.0,NC State,East Carolina,-7.5,,,3.0
2024.0,1.0,NC State,Western Carolina,-32.5,,,1.0
2024.0,1.0,Navy,Bucknell,-31.5,,,1.0
2024.0,1.0,Navy,Oklahoma,2.5,,,3.0
2024.0,1.0,Nebraska,Boston College,-3.5,,,3.0
2024.0,1.0,Nebraska,UTEP,-27.5,,,2.0
2024.0,1.0,Nevada,SMU,27.5,,,3.0
2024.0,1.0,New Mexico,Montana State,10.5,,,3.0
2024.0,1.0,New Mexico State,Southeast Missouri State,-9.5,,,1.0
2024.0,1.0,Norfolk State,Florida A&M,13.5,,,1.0
2024.0,1.0,North Carolina,UConn,-2.0,,,3.0
2024.0,1.0,North Dakota State,South Dakota State,3.5,,,1.0
2024.0,1.0,Northern Illinois,Western Illinois,-36.5,,,1.0
2024.0,1.0,Northwestern,Miami (OH),-3.5,,,3.0
2024.0,1.0,Notre Dame,Indiana,-7.0,,,3.0
2024.0,1.0,Notre Dame,Ohio State,8.5,,,3.0
2024.0,1.0,Ohio State,Akron,-49.5,,,3.0
2024.0,1.0,Ohio State,Tennessee,-7.5,,,3.0
2024.0,1.0,Oklahoma,Temple,-43.0,,,3.0
2024.0,1.0,Oklahoma State,South Dakota State,-9.5,,,3.0
2024.0,1.0,Ole Miss,Duke,-17.0,,,3.0
2024.0,1.0,Ole Miss,Furman,-45.5,,,1.0
2024.0,1.0,Oregon,Ohio State,2.5,,,3.0
2024.0,1.0,Oregon State,Idaho State,-29.5,,,1.0
2024.0,1.0,Penn State,Notre Dame,-1.5,,,3.0
2024.0,1.0,Penn State,SMU,-7.5,,,3.0
2024.0,1.0,Pittsburgh,Kent State,-23.5,,,3.0
2024.0,1.0,Prairie View A&M,Texas Southern,-1.5,,,1.0
2024.0,1.0,Purdue,Indiana State,-35.5,,,1.0
2024.0,1.0,Rhode Island,Holy Cross,-2.5,,,1.0
2024.0,1.0,Rice,Sam Houston,-9.5,,,3.0
2024.0,1.0,Rutgers,Howard,-38.5,,,1.0
2024.0,1.0,Sacred Heart,Delaware State,-5.5,,,1.0
2024.0,1.0,Sam Houston,Georgia Southern,3.5,,,3.0
2024.0,1.0,San José State,Sacramento State,-2.5,,,1.0
2024.0,1.0,San José State,South Florida,1.5,,,3.0
2024.0,1.0,South Alabama,North Texas,-6.0,,,3.0
2024.0,1.0,South Carolina,Old Dominion,-20.5,,,3.0
2024.0,1.0,South Carolina State,Jackson State,-3.5,,,1.0
2024.0,1.0,Southeast Missouri State,North Alabama,-7.5,,,1.0
2024.0,1.0,Stanford,TCU,8.5,,,3.0
2024.0,1.0,Syracuse,Ohio,-17.5,,,3.0
2024.0,1.0,TCU,Louisiana,-9.5,,,3.0
2024.0,1.0,Tarleton State,McNeese,-15.5,,,1.0
2024.0,1.0,Tennessee,Chattanooga,-38.5,,,1.0
2024.0,1.0,Tennessee State,Mississippi Valley State,-20.0,,,1.0
2024.0,1.0,Texas,Clemson,-13.5,,,3.0
2024.0,1.0,Texas,Colorado State,-35.0,,,3.0
2024.0,1.0,Texas,Ohio State,5.5,,,3.0
2024.0,1.0,Texas A&M,Notre Dame,-2.5,,,3.0
2024.0,1.0,Texas State,North Texas,-15.5,,,3.0
2024.0,1.0,Texas Tech,Abilene Christian,-34.5,,,1.0
2024.0,1.0,Toledo,Duquesne,-27.5,,,1.0
2024.0,1.0,Toledo,Pittsburgh,6.5,,,3.0
2024.0,1.0,Troy,Nevada,-7.5,,,3.0
2024.0,1.0,Tulane,SE Louisiana,-28.5,,,1.0
2024.0,1.0,Tulsa,Northwestern State,-37.5,,,1.0
2024.0,1.0,UAB,Alcorn State,-29.5,,,1.0
2024.0,1.0,UAlbany,Long Island University,-23.5,,,1.0
2024.0,1.0,UCF,New Hampshire,-38.5,,,1.0
2024.0,1.0,UL Monroe,Jackson State,-4.5,,,1.0
2024.0,1.0,UNLV,California,-3.0,,,3.0
2024.0,1.0,USC,Texas A&M,3.5,,,3.0
2024.0,1.0,UTSA,Coastal Carolina,-12.5,,,3.0
2024.0,1.0,UTSA,Kennesaw State,-24.0,,,2.0
2024.0,1.0,Utah,Southern Utah,-37.5,,,1.0
2024.0,1.0,Utah Tech,Montana State,30.5,,,1.0
2024.0,1.0,Vanderbilt,Georgia Tech,3.0,,,3.0
2024.0,1.0,Vanderbilt,Virginia Tech,13.5,,,3.0
2024.0,1.0,Villanova,Youngstown State,-11.5,,,1.0
2024.0,1.0,Virginia Tech,Minnesota,10.0,,,3.0
2024.0,1.0,Washington,Louisville,-1.0,,,3.0
2024.0,1.0,Washington,Weber State,-29.0,,,1.0
2024.0,1.0,Washington State,Portland State,-26.5,,,1.0
2024.0,1.0,Washington State,Syracuse,19.0,,,3.0
2024.0,1.0,West Virginia,Memphis,5.0,,,3.0
2024.0,1.0,West Virginia,Penn State,7.5,,,3.0
2024.0,1.0,Western Michigan,South Alabama,6.0,,,3.0
2024.0,1.0,William & Mary,VMI,-17.5,,,1.0
2024.0,1.0,Wisconsin,Western Michigan,-24.0,,,3.0
2024.0,2.0,Air Force,San José State,-3.0,,,3.0
2024.0,2.0,Alabama,South Florida,-31.0,,,3.0
2024.0,2.0,Arizona,Northern Arizona,-39.75,,,2.0
2024.0,2.0,Arizona State,Mississippi State,-6.5,,,3.0
2024.0,2.0,Arkansas State,Tulsa,-9.0,,,3.0
2024.0,2.0,Auburn,California,-12.5,,,3.0
2024.0,2.0,Austin Peay,Southern Illinois,9.5,,,1.0
2024.0,2.0,Ball State,Missouri State,-2.5,,,1.0
2024.0,2.0,Bethune-Cookman,Mercer,21.5,,,1.0
2024.0,2.0,Boston College,Duquesne,-33.5,,,1.0
2024.0,2.0,Central Connecticut,Fordham,23.5,,,1.0
2024.0,2.0,Cincinnati,Pittsburgh,-2.0,,,3.0
2024.0,2.0,Clemson,App State,-16.5,,,3.0
2024.0,2.0,Coastal Carolina,William & Mary,-17.5,,,1.0
2024.0,2.0,Colgate,Villanova,19.0,,,1.0
2024.0,2.0,Colorado State,Northern Colorado,-31.0,,,1.0
2024.0,2.0,Eastern Illinois,Indiana State,-8.5,,,1.0
2024.0,2.0,Eastern Washington,Drake,-35.0,,,1.0
2024.0,2.0,Florida,Samford,-38.5,,,1.0
2024.0,2.0,Florida Atlantic,Army,-1.5,,,3.0
2024.0,2.0,Florida International,Central Michigan,3.5,,,3.0
2024.0,2.0,Fresno State,Sacramento State,-18.5,,,1.0
2024.0,2.0,Furman,Charleston Southern,-20.0,,,1.0
2024.0,2.0,Georgia,Tennessee Tech,-54.5,,,2.0
2024.0,2.0,Georgia State,Chattanooga,-9.5,,,1.0
2024.0,2.0,Holy Cross,New Hampshire,-3.0,,,1.0
2024.0,2.0,Houston Christian,Tarleton State,14.0,,,1.0
2024.0,2.0,Illinois,Kansas,4.5,,,3.0
2024.0,2.0,Indiana,Western Illinois,-44.5,,,1.0
2024.0,2.0,Iowa,Iowa State,-3.0,,,3.0
2024.0,2.0,James Madison,Gardner-Webb,-35.5,,,1.0
2024.0,2.0,Kennesaw State,Louisiana,14.5,,,3.0
2024.0,2.0,Kent State,St. Francis (PA),-17.5,,,1.0
2024.0,2.0,Kentucky,South Carolina,-9.5,,,3.0
2024.0,2.0,LSU,Nicholls,-48.5,,,2.0
2024.0,2.0,Lamar,Mississippi Valley State,-27.0,,,1.0
2024.0,2.0,Lehigh,Wagner,-13.5,,,1.0
2024.0,2.0,Lindenwood,Central Arkansas,20.5,,,1.0
2024.0,2.0,Louisville,Jacksonville State,-29.0,,,3.0
2024.0,2.0,Marist,Georgetown,17.5,,,1.0
2024.0,2.0,Maryland,Michigan State,-8.0,,,3.0
2024.0,2.0,Memphis,Troy,-18.5,,,3.0
2024.0,2.0,Miami,Florida A&M,-46.5,,,1.0
2024.0,2.0,Michigan,Texas,6.5,,,3.0
2024.0,2.0,Minnesota,Rhode Island,-27.5,,,1.0
2024.0,2.0,Missouri,Buffalo,-34.5,,,3.0
2024.0,2.0,Montana State,Maine,-30.5,,,1.0
2024.0,2.0,Murray State,Butler,-7.5,,,1.0
2024.0,2.0,NC State,Tennessee,10.0,,,3.0
2024.0,2.0,Navy,Temple,-11.5,,,3.0
2024.0,2.0,Nebraska,Colorado,-6.5,,,3.0
2024.0,2.0,Nevada,Georgia Southern,-1.0,,,3.0
2024.0,2.0,New Mexico State,Liberty,22.0,,,3.0
2024.0,2.0,North Alabama,Illinois State,13.5,,,1.0
2024.0,2.0,North Carolina,Charlotte,-21.5,,,3.0
2024.0,2.0,North Carolina Central,Elon,7.0,,,1.0
2024.0,2.0,North Dakota,Montana,7.0,,,1.0
2024.0,2.0,North Dakota State,Tennessee State,-35.5,,,1.0
2024.0,2.0,North Texas,Stephen F. Austin,-21.5,,,1.0
2024.0,2.0,Northwestern,Duke,-2.5,,,3.0
2024.0,2.0,Northwestern State,Prairie View A&M,2.0,,,1.0
2024.0,2.0,Notre Dame,Northern Illinois,-28.0,,,3.0
2024.0,2.0,Ohio,South Alabama,1.5,,,3.0
2024.0,2.0,Ohio State,Western Michigan,-37.5,,,3.0
2024.0,2.0,Oklahoma,Houston,-27.5,,,3.0
2024.0,2.0,Oklahoma State,Arkansas,-10.0,,,3.0
2024.0,2.0,Old Dominion,East Carolina,-1.5,,,3.0
2024.0,2.0,Ole Miss,Middle Tennessee,-42.5,,,3.0
2024.0,2.0,Oregon,Boise State,-18.0,,,3.0
2024.0,2.0,Penn State,Bowling Green,-35.0,,,3.0
2024.0,2.0,Rice,Texas Southern,-30.0,,,1.0
2024.0,2.0,Richmond,Wofford,-17.5,,,1.0
2024.0,2.0,Rutgers,Akron,-24.5,,,2.0
2024.0,2.0,SMU,BYU,-12.5,,,3.0
2024.0,2.0,San Diego State,Oregon State,5.5,,,3.0
2024.0,2.0,South Dakota State,Incarnate Word,-25.0,,,1.0
2024.0,2.0,Southeast Missouri State,UT Martin,-3.0,,,1.0
2024.0,2.0,Southern Miss,SE Louisiana,-17.5,,,1.0
2024.0,2.0,Stanford,Cal Poly,-33.5,,,1.0
2024.0,2.0,Stony Brook,Stonehill,-10.5,,,1.0
2024.0,2.0,Syracuse,Georgia Tech,3.0,,,3.0
2024.0,2.0,TCU,Long Island University,-45.5,,,1.0
2024.0,2.0,Texas A&M,McNeese,-48.5,,,1.0
2024.0,2.0,Texas State,UTSA,-2.5,,,3.0
2024.0,2.0,The Citadel,South Carolina State,3.5,,,1.0
2024.0,2.0,Toledo,Massachusetts,-17.5,,,3.0
2024.0,2.0,Towson,Morgan State,-11.0,,,1.0
2024.0,2.0,Tulane,Kansas State,9.0,,,3.0
2024.0,2.0,UC Davis,East Texas A&M,-28.0,,,1.0
2024.0,2.0,UCF,Sam Houston,-21.5,,,3.0
2024.0,2.0,UConn,Merrimack,-14.5,,,1.0
2024.0,2.0,UL Monroe,UAB,11.0,,,3.0
2024.0,2.0,UNLV,Utah Tech,-41.5,,,1.0
2024.0,2.0,USC,Utah State,-29.5,,,3.0
2024.0,2.0,UTEP,Southern Utah,-6.5,,,1.0
2024.0,2.0,Utah,Baylor,-14.5,,,3.0
2024.0,2.0,Vanderbilt,Alcorn State,-32.5,,,1.0
2024.0,2.0,Virginia Tech,Marshall,-20.5,,,3.0
2024.0,2.0,Wake Forest,Virginia,1.0,,,3.0
2024.0,2.0,Washington,Eastern Michigan,-25.0,,,3.0
2024.0,2.0,Washington State,Texas Tech,2.5,,,3.0
2024.0,2.0,Weber State,Portland State,-9.0,,,1.0
2024.0,2.0,West Virginia,UAlbany,-38.5,,,1.0
2024.0,2.0,Western Carolina,Campbell,-14.0,,,1.0
2024.0,2.0,Western Kentucky,Eastern Kentucky,-18.5,,,1.0
2024.0,2.0,Wisconsin,South Dakota,-17.5,,,1.0
2024.0,2.0,Wyoming,Idaho,-6.5,,,1.0
2024.0,2.0,Youngstown State,Valparaiso,-35.5,,,1.0
2024.0,3.0,Akron,Colgate,-13.5,,,1.0
2024.0,3.0,Arkansas,UAB,-23.5,,,3.0
2024.0,3.0,Auburn,New Mexico,-25.5,,,3.0
2024.0,3.0,Baylor,Air Force,-17.0,,,3.0
2024.0,3.0,Bryant,Holy Cross,11.5,,,1.0
2024.0,3.0,Buffalo,Massachusetts,-3.5,,,3.0
2024.0,3.0,California,San Diego State,-18.5,,,3.0
2024.0,3.0,Central Arkansas,Austin Peay,-15.5,,,1.0
2024.0,3.0,Charlotte,Gardner-Webb,-14.0,,,1.0
2024.0,3.0,Chattanooga,Mercer,-5.5,,,1.0
2024.0,3.0,Colorado State,Colorado,7.5,,,3.0
2024.0,3.0,Delaware State,Wagner,-9.5,,,1.0
2024.0,3.0,Duke,UConn,-17.0,,,3.0
2024.0,3.0,East Carolina,App State,1.5,,,3.0
2024.0,3.0,East Tennessee State,North Dakota State,27.0,,,1.0
2024.0,3.0,East Texas A&M,Grambling,-3.5,,,1.0
2024.0,3.0,Eastern Kentucky,West Georgia,-12.5,,,1.0
2024.0,3.0,Eastern Michigan,Jacksonville State,2.5,,,3.0
2024.0,3.0,Elon,Western Carolina,-6.0,,,1.0
2024.0,3.0,Florida,Texas A&M,3.5,,,3.0
2024.0,3.0,Florida Atlantic,Florida International,-3.5,,,3.0
2024.0,3.0,Florida State,Memphis,-7.0,,,3.0
2024.0,3.0,Fordham,Stony Brook,-9.5,,,1.0
2024.0,3.0,Fresno State,New Mexico State,-20.0,,,3.0
2024.0,3.0,Furman,Stetson,-30.5,,,1.0
2024.0,3.0,Georgia Southern,South Carolina State,-27.5,,,1.0
2024.0,3.0,Georgia State,Vanderbilt,9.0,,,3.0
2024.0,3.0,Georgia Tech,VMI,-42.5,,,1.0
2024.0,3.0,Houston,Rice,-4.5,,,3.0
2024.0,3.0,Idaho,UAlbany,-15.0,,,1.0
2024.0,3.0,Illinois,Central Michigan,-21.0,,,3.0
2024.0,3.0,Illinois State,Western Illinois,-36.0,,,1.0
2024.0,3.0,Indiana State,Dayton,-10.5,,,1.0
2024.0,3.0,Iowa,Troy,-23.5,,,3.0
2024.0,3.0,Jackson State,Southern,-10.0,,,1.0
2024.0,3.0,Kansas,UNLV,-9.5,,,3.0
2024.0,3.0,Kansas State,Arizona,-7.0,,,3.0
2024.0,3.0,Kentucky,Georgia,22.0,,,3.0
2024.0,3.0,Lafayette,Marist,-33.0,,,1.0
2024.0,3.0,Lamar,Weber State,10.5,,,1.0
2024.0,3.0,Liberty,UTEP,-23.5,,,3.0
2024.0,3.0,Long Island University,Lehigh,-2.5,,,1.0
2024.0,3.0,Maine,Monmouth,-2.5,,,1.0
2024.0,3.0,McNeese,Stephen F. Austin,4.5,,,1.0
2024.0,3.0,Miami,Ball State,-36.5,,,3.0
2024.0,3.0,Miami (OH),Cincinnati,3.0,,,3.0
2024.0,3.0,Michigan,Arkansas State,-22.0,,,3.0
2024.0,3.0,Michigan State,Prairie View A&M,-42.5,,,1.0
2024.0,3.0,Middle Tennessee,Western Kentucky,7.5,,,3.0
2024.0,3.0,Minnesota,Nevada,-17.0,,,3.0
2024.0,3.0,Mississippi State,Toledo,-10.5,,,3.0
2024.0,3.0,Missouri,Boston College,-14.5,,,3.0
2024.0,3.0,Missouri State,Lindenwood,-26.5,,,1.0
2024.0,3.0,Montana,Morehead State,-37.0,,,1.0
2024.0,3.0,Murray State,Mississippi Valley State,-14.5,,,1.0
2024.0,3.0,NC State,Louisiana Tech,-20.5,,,3.0
2024.0,3.0,Nebraska,Northern Iowa,-30.5,,,1.0
2024.0,3.0,New Hampshire,Stonehill,-27.5,,,1.0
2024.0,3.0,Norfolk State,Hampton,-2.5,,,1.0
2024.0,3.0,North Carolina,North Carolina Central,-37.5,,,1.0
2024.0,3.0,North Carolina A&T,Delaware,14.0,,,1.0
2024.0,3.0,North Dakota,Idaho State,-10.0,,,1.0
2024.0,3.0,Northern Colorado,Abilene Christian,14.5,,,1.0
2024.0,3.0,Northwestern,Eastern Illinois,-26.5,,,1.0
2024.0,3.0,Ohio,Morgan State,-24.5,,,1.0
2024.0,3.0,Oklahoma,Tulane,-13.5,,,3.0
2024.0,3.0,Old Dominion,Virginia Tech,15.5,,,3.0
2024.0,3.0,Oregon State,Oregon,18.0,,,3.0
2024.0,3.0,Pittsburgh,West Virginia,2.0,,,3.0
2024.0,3.0,Purdue,Notre Dame,7.5,,,3.0
2024.0,3.0,Richmond,Charleston Southern,-13.5,,,1.0
2024.0,3.0,SE Louisiana,Eastern Washington,7.5,,,1.0
2024.0,3.0,Sacramento State,Nicholls,-8.5,,,1.0
2024.0,3.0,Sacred Heart,Georgetown,10.5,,,1.0
2024.0,3.0,Sam Houston,Hawai'i,-4.0,,,3.0
2024.0,3.0,Samford,Alabama State,-12.5,,,1.0
2024.0,3.0,San José State,Kennesaw State,-17.0,,,3.0
2024.0,3.0,South Alabama,Northwestern State,-36.5,,,1.0
2024.0,3.0,South Carolina,LSU,6.5,,,3.0
2024.0,3.0,Southern Illinois,Incarnate Word,-3.5,,,1.0
2024.0,3.0,Southern Miss,South Florida,11.5,,,3.0
2024.0,3.0,Southern Utah,UC Davis,6.5,,,1.0
2024.0,3.0,St. Francis (PA),Central Connecticut,-7.0,,,1.0
2024.0,3.0,TCU,UCF,-2.5,,,3.0
2024.0,3.0,Temple,Coastal Carolina,17.5,,,3.0
2024.0,3.0,Tennessee,Kent State,-49.5,,,3.0
2024.0,3.0,Tennessee State,Arkansas-Pine Bluff,-20.0,,,1.0
2024.0,3.0,Texas,UTSA,-35.5,,,3.0
2024.0,3.0,Texas State,Arizona State,-2.5,,,3.0
2024.0,3.0,Texas Tech,North Texas,-10.5,,,3.0
2024.0,3.0,Tulsa,Oklahoma State,17.5,,,3.0
2024.0,3.0,UCLA,Indiana,3.5,,,3.0
2024.0,3.0,UT Martin,North Alabama,-13.5,,,1.0
2024.0,3.0,Utah State,Utah,20.5,,,3.0
2024.0,3.0,Utah Tech,Northern Arizona,20.0,,,1.0
2024.0,3.0,Villanova,Towson,-19.5,,,1.0
2024.0,3.0,Virginia,Maryland,-2.5,,,3.0
2024.0,3.0,Wake Forest,Ole Miss,20.5,,,3.0
2024.0,3.0,Washington,Washington State,-5.5,,,3.0
2024.0,3.0,Western Michigan,Bethune-Cookman,-33.5,,,1.0
2024.0,3.0,Wisconsin,Alabama,15.5,,,3.0
2024.0,3.0,Wofford,William & Mary,9.5,,,1.0
2024.0,3.0,Wyoming,BYU,9.5,,,3.0
2024.0,3.0,Youngstown State,Duquesne,-17.5,,,1.0
2024.0,4.0,App State,South Alabama,-7.5,,,3.0
2024.0,4.0,Arkansas-Pine Bluff,Central Arkansas,33.0,,,1.0
2024.0,4.0,Army,Rice,-7.5,,,3.0
2024.0,4.0,Auburn,Arkansas,-2.5,,,3.0
2024.0,4.0,Austin Peay,Alabama A&M,-13.5,,,1.0
2024.0,4.0,Boise State,Portland State,-42.75,,,2.0
2024.0,4.0,Boston College,Michigan State,-4.5,,,3.0
2024.0,4.0,Bucknell,Marist,-17.0,,,1.0
2024.0,4.0,Campbell,Stony Brook,-7.5,,,1.0
2024.0,4.0,Central Michigan,Ball State,-6.5,,,3.0
2024.0,4.0,Cincinnati,Houston,-4.0,,,3.0
2024.0,4.0,Clemson,NC State,-17.5,,,3.0
2024.0,4.0,Coastal Carolina,Virginia,3.5,,,3.0
2024.0,4.0,Colgate,Cornell,-2.5,,,1.0
2024.0,4.0,Colorado,Baylor,-2.5,,,3.0
2024.0,4.0,Colorado State,UTEP,-8.5,,,3.0
2024.0,4.0,Columbia,Lafayette,8.0,,,1.0
2024.0,4.0,Dartmouth,Fordham,-8.0,,,1.0
2024.0,4.0,Delaware,Pennsylvania,-13.0,,,1.0
2024.0,4.0,Delaware State,Richmond,23.5,,,1.0
2024.0,4.0,East Texas A&M,Sacramento State,19.5,,,1.0
2024.0,4.0,Eastern Kentucky,Morehead State,-28.0,,,1.0
2024.0,4.0,Eastern Michigan,St. Francis (PA),-25.5,,,1.0
2024.0,4.0,Elon,East Tennessee State,-7.5,,,1.0
2024.0,4.0,Florida International,Monmouth,-12.5,,,1.0
2024.0,4.0,Florida State,California,-3.0,,,3.0
2024.0,4.0,Georgetown,Brown,3.0,,,1.0
2024.0,4.0,Hampton,Howard,-4.0,,,1.0
2024.0,4.0,Harvard,Stetson,-34.5,,,1.0
2024.0,4.0,Hawai'i,Northern Iowa,-10.25,,,2.0
2024.0,4.0,Holy Cross,Yale,-2.5,,,1.0
2024.0,4.0,Idaho State,Southern Utah,2.5,,,1.0
2024.0,4.0,Indiana,Charlotte,-28.5,,,3.0
2024.0,4.0,Iowa State,Arkansas State,-20.5,,,3.0
2024.0,4.0,Jacksonville State,Southern Miss,-6.0,,,3.0
2024.0,4.0,Kentucky,Ohio,-21.5,,,3.0
2024.0,4.0,LSU,UCLA,-21.5,,,3.0
2024.0,4.0,Lamar,Texas Southern,-12.0,,,1.0
2024.0,4.0,Lehigh,Princeton,12.5,,,1.0
2024.0,4.0,Liberty,East Carolina,-7.5,,,3.0
2024.0,4.0,Lindenwood,St. Thomas (MN),-4.5,,,1.0
2024.0,4.0,Long Island University,Rhode Island,10.5,,,1.0
2024.0,4.0,Louisiana,Tulane,1.5,,,3.0
2024.0,4.0,Louisiana Tech,Tulsa,-2.5,,,3.0
2024.0,4.0,Louisville,Georgia Tech,-8.5,,,3.0
2024.0,4.0,Maryland,Villanova,-22.25,,,2.0
2024.0,4.0,Massachusetts,Central Connecticut,-19.5,,,2.0
2024.0,4.0,Mercer,The Citadel,-20.5,,,1.0
2024.0,4.0,Merrimack,Maine,-0.5,,,1.0
2024.0,4.0,Michigan,USC,4.0,,,3.0
2024.0,4.0,Middle Tennessee,Duke,14.5,,,3.0
2024.0,4.0,Minnesota,Iowa,3.0,,,3.0
2024.0,4.0,Mississippi State,Florida,6.5,,,3.0
2024.0,4.0,Missouri,Vanderbilt,-18.0,,,3.0
2024.0,4.0,Montana,Western Carolina,-18.5,,,1.0
2024.0,4.0,Montana State,Mercyhurst,-49.5,,,1.0
2024.0,4.0,Navy,Memphis,8.5,,,3.0
2024.0,4.0,Nebraska,Illinois,-9.0,,,3.0
2024.0,4.0,Nevada,Eastern Washington,-13.5,,,2.0
2024.0,4.0,New Mexico,Fresno State,12.0,,,3.0
2024.0,4.0,Nicholls,Mississippi Valley State,-30.0,,,1.0
2024.0,4.0,North Carolina,James Madison,-11.0,,,3.0
2024.0,4.0,North Dakota,San Diego,-27.5,,,1.0
2024.0,4.0,North Dakota State,Towson,-25.0,,,1.0
2024.0,4.0,North Texas,Wyoming,-7.0,,,3.0
2024.0,4.0,Northern Illinois,Buffalo,-13.0,,,3.0
2024.0,4.0,Northwestern State,Weber State,31.5,,,1.0
2024.0,4.0,Notre Dame,Miami (OH),-27.5,,,3.0
2024.0,4.0,Ohio State,Marshall,-39.0,,,3.0
2024.0,4.0,Oklahoma,Tennessee,6.0,,,3.0
2024.0,4.0,Oklahoma State,Utah,1.0,,,3.0
2024.0,4.0,Ole Miss,Georgia Southern,-35.0,,,3.0
2024.0,4.0,Oregon State,Purdue,-1.5,,,3.0
2024.0,4.0,Penn State,Kent State,-49.0,,,3.0
2024.0,4.0,Pittsburgh,Youngstown State,-28.25,,,2.0
2024.0,4.0,Prairie View A&M,Southern,3.0,,,1.0
2024.0,4.0,SMU,TCU,1.5,,,3.0
2024.0,4.0,Sam Houston,New Mexico State,-15.0,,,3.0
2024.0,4.0,South Carolina,Akron,-25.0,,,3.0
2024.0,4.0,South Dakota,Drake,-28.0,,,1.0
2024.0,4.0,South Florida,Miami,16.5,,,3.0
2024.0,4.0,Southern Illinois,Southeast Missouri State,-6.5,,,1.0
2024.0,4.0,Stonehill,Sacred Heart,6.5,,,1.0
2024.0,4.0,Syracuse,Stanford,-9.5,,,3.0
2024.0,4.0,Temple,Utah State,6.5,,,3.0
2024.0,4.0,Tennessee Tech,Tennessee State,-6.5,,,1.0
2024.0,4.0,Texas,UL Monroe,-43.5,,,3.0
2024.0,4.0,Texas A&M,Bowling Green,-21.0,,,3.0
2024.0,4.0,Texas Tech,Arizona State,-4.5,,,3.0
2024.0,4.0,Troy,Florida A&M,-21.5,,,2.0
2024.0,4.0,UConn,Florida Atlantic,-1.0,,,3.0
2024.0,4.0,UTSA,Houston Christian,-36.0,,,2.0
2024.0,4.0,Virginia Tech,Rutgers,-3.25,,,2.0
2024.0,4.0,Wagner,Robert Morris,6.5,,,1.0
2024.0,4.0,Washington,Northwestern,-12.0,,,3.0
2024.0,4.0,Washington State,San José State,-13.0,,,3.0
2024.0,4.0,West Virginia,Kansas,-1.5,,,3.0
2024.0,4.0,Western Kentucky,Toledo,2.5,,,3.0
2024.0,4.0,William & Mary,Furman,-10.0,,,1.0
2024.0,5.0,Alabama,Georgia,2.0,,,3.0
2024.0,5.0,Auburn,Oklahoma,-2.0,,,3.0
2024.0,5.0,Austin Peay,Southern Utah,-1.0,,,1.0
2024.0,5.0,Baylor,BYU,-3.0,,,3.0
2024.0,5.0,Bethune-Cookman,Alabama State,6.5,,,1.0
2024.0,5.0,Boise State,Washington State,-6.5,,,3.0
2024.0,5.0,Boston College,Western Kentucky,-7.5,,,3.0
2024.0,5.0,Bowling Green,Old Dominion,-11.0,,,3.0
2024.0,5.0,Brown,Harvard,7.0,,,1.0
2024.0,5.0,Campbell,Delaware State,-18.0,,,1.0
2024.0,5.0,Central Arkansas,Lamar,-17.5,,,1.0
2024.0,5.0,Central Michigan,San Diego State,-2.5,,,3.0
2024.0,5.0,Chattanooga,Portland State,-11.5,,,1.0
2024.0,5.0,Clemson,Stanford,-24.0,,,3.0
2024.0,5.0,Cornell,Yale,12.0,,,1.0
2024.0,5.0,Delaware,Sacred Heart,-31.0,,,1.0
2024.0,5.0,Drake,San Diego,-3.5,,,1.0
2024.0,5.0,Duke,North Carolina,1.5,,,3.0
2024.0,5.0,East Carolina,UTSA,-2.0,,,3.0
2024.0,5.0,Eastern Illinois,Lindenwood,-3.0,,,1.0
2024.0,5.0,Eastern Kentucky,Robert Morris,-14.0,,,1.0
2024.0,5.0,Eastern Washington,Montana,16.5,,,1.0
2024.0,5.0,Elon,Richmond,0.0,,,1.0
2024.0,5.0,Florida Atlantic,Wagner,-34.75,,,2.0
2024.0,5.0,Florida International,Louisiana Tech,2.0,,,3.0
2024.0,5.0,Gardner-Webb,Tennessee Tech,-4.0,,,1.0
2024.0,5.0,Georgetown,Columbia,7.5,,,1.0
2024.0,5.0,Georgia State,Georgia Southern,-3.5,,,3.0
2024.0,5.0,Houston,Iowa State,16.5,,,3.0
2024.0,5.0,Idaho State,Montana State,17.5,,,1.0
2024.0,5.0,Illinois State,North Dakota State,10.0,,,1.0
2024.0,5.0,Indiana,Maryland,-7.5,,,3.0
2024.0,5.0,Indiana State,Houston Christian,-9.5,,,1.0
2024.0,5.0,James Madison,Ball State,-22.0,,,3.0
2024.0,5.0,Kansas,TCU,-1.5,,,3.0
2024.0,5.0,Kansas State,Oklahoma State,-6.0,,,3.0
2024.0,5.0,Kennesaw State,UT Martin,1.75,,,2.0
2024.0,5.0,Kent State,Eastern Michigan,14.0,,,3.0
2024.0,5.0,LSU,South Alabama,-21.0,,,3.0
2024.0,5.0,Lehigh,Bucknell,-6.0,,,1.0
2024.0,5.0,Marist,Dayton,9.5,,,1.0
2024.0,5.0,Marshall,Western Michigan,-3.5,,,3.0
2024.0,5.0,Memphis,Middle Tennessee,-27.0,,,3.0
2024.0,5.0,Merrimack,Dartmouth,11.5,,,1.0
2024.0,5.0,Miami,Virginia Tech,-17.5,,,3.0
2024.0,5.0,Miami (OH),Massachusetts,-15.5,,,3.0
2024.0,5.0,Michigan,Minnesota,-10.5,,,3.0
2024.0,5.0,Michigan State,Ohio State,23.5,,,3.0
2024.0,5.0,Mississippi Valley State,Alcorn State,14.5,,,1.0
2024.0,5.0,Missouri State,Youngstown State,-10.0,,,1.0
2024.0,5.0,Monmouth,Fordham,-16.0,,,1.0
2024.0,5.0,Morehead State,Valparaiso,-1.0,,,1.0
2024.0,5.0,NC State,Northern Illinois,-7.0,,,3.0
2024.0,5.0,New Mexico State,New Mexico,9.5,,,3.0
2024.0,5.0,Norfolk State,North Carolina Central,10.0,,,1.0
2024.0,5.0,North Dakota,Murray State,-21.0,,,1.0
2024.0,5.0,North Texas,Tulsa,-7.0,,,3.0
2024.0,5.0,Northern Arizona,Sacramento State,7.5,,,1.0
2024.0,5.0,Northern Colorado,Cal Poly,2.5,,,1.0
2024.0,5.0,Notre Dame,Louisville,-6.5,,,3.0
2024.0,5.0,Ohio,Akron,-8.0,,,3.0
2024.0,5.0,Ole Miss,Kentucky,-15.0,,,3.0
2024.0,5.0,Penn State,Illinois,-19.5,,,3.0
2024.0,5.0,Pennsylvania,Colgate,-10.5,,,1.0
2024.0,5.0,Prairie View A&M,Grambling,-7.0,,,1.0
2024.0,5.0,Presbyterian,Davidson,-12.5,,,1.0
2024.0,5.0,Princeton,Howard,-13.5,,,1.0
2024.0,5.0,Purdue,Nebraska,10.0,,,3.0
2024.0,5.0,Rice,Charlotte,-4.0,,,3.0
2024.0,5.0,Rutgers,Washington,-1.25,,,2.0
2024.0,5.0,SMU,Florida State,-6.0,,,3.0
2024.0,5.0,Sam Houston,Texas State,11.0,,,3.0
2024.0,5.0,South Carolina State,North Carolina A&T,-3.5,,,1.0
2024.0,5.0,South Dakota,Southern Illinois,-13.5,,,1.0
2024.0,5.0,Southeast Missouri State,Northwestern State,-33.5,,,1.0
2024.0,5.0,Stony Brook,Morgan State,-2.5,,,1.0
2024.0,5.0,Syracuse,Holy Cross,-30.75,,,2.0
2024.0,5.0,Tarleton State,SE Louisiana,-8.5,,,1.0
2024.0,5.0,Temple,Army,11.0,,,3.0
2024.0,5.0,Tennessee State,Charleston Southern,-4.0,,,1.0
2024.0,5.0,Texas,Mississippi State,-37.0,,,3.0
2024.0,5.0,Texas A&M,Arkansas,-6.5,,,3.0
2024.0,5.0,Texas Southern,Jackson State,6.5,,,1.0
2024.0,5.0,Texas Tech,Cincinnati,-3.0,,,3.0
2024.0,5.0,The Citadel,East Tennessee State,13.0,,,1.0
2024.0,5.0,Troy,UL Monroe,-6.0,,,3.0
2024.0,5.0,Tulane,South Florida,-4.0,,,3.0
2024.0,5.0,UAB,Navy,4.5,,,3.0
2024.0,5.0,UAlbany,Maine,-10.0,,,1.0
2024.0,5.0,UC Davis,Idaho,4.0,,,1.0
2024.0,5.0,UCF,Colorado,-12.5,,,3.0
2024.0,5.0,UCLA,Oregon,23.5,,,3.0
2024.0,5.0,UConn,Buffalo,-6.0,,,3.0
2024.0,5.0,UNLV,Fresno State,-2.5,,,3.0
2024.0,5.0,USC,Wisconsin,-13.5,,,3.0
2024.0,5.0,Utah,Arizona,-7.5,,,3.0
2024.0,5.0,Villanova,Long Island University,-24.0,,,1.0
2024.0,5.0,Wake Forest,Louisiana,-3.0,,,3.0
2024.0,5.0,Weber State,McNeese,-13.5,,,1.0
2024.0,5.0,West Georgia,North Alabama,3.0,,,1.0
2024.0,5.0,William & Mary,Hampton,-14.0,,,1.0
2024.0,5.0,Wofford,Mercer,6.5,,,1.0
2024.0,5.0,Wyoming,Air Force,4.0,,,3.0
2024.0,6.0,Abilene Christian,Central Arkansas,3.0,,,1.0
2024.0,6.0,Air Force,Navy,10.0,,,3.0
2024.0,6.0,Akron,Bowling Green,16.5,,,3.0
2024.0,6.0,Alabama State,Florida A&M,7.5,,,1.0
2024.0,6.0,Alcorn State,Arkansas-Pine Bluff,-14.5,,,1.0
2024.0,6.0,Arizona,Texas Tech,-6.0,,,3.0
2024.0,6.0,Arizona State,Kansas,-2.5,,,3.0
2024.0,6.0,Arkansas,Tennessee,14.0,,,3.0
2024.0,6.0,Arkansas State,South Alabama,2.5,,,3.0
2024.0,6.0,Ball State,Western Michigan,10.0,,,3.0
2024.0,6.0,Boise State,Utah State,-28.0,,,3.0
2024.0,6.0,Brown,Bryant,-13.0,,,1.0
2024.0,6.0,Butler,Morehead State,-14.5,,,1.0
2024.0,6.0,Cal Poly,Idaho State,3.5,,,1.0
2024.0,6.0,California,Miami,10.0,,,3.0
2024.0,6.0,Campbell,North Carolina Central,4.5,,,1.0
2024.0,6.0,Charleston Southern,Western Illinois,-14.0,,,1.0
2024.0,6.0,Charlotte,East Carolina,9.5,,,3.0
2024.0,6.0,Coastal Carolina,Old Dominion,-4.0,,,3.0
2024.0,6.0,Colgate,Holy Cross,3.0,,,1.0
2024.0,6.0,Columbia,Princeton,1.5,,,1.0
2024.0,6.0,Cornell,UAlbany,-2.0,,,1.0
2024.0,6.0,Dartmouth,Pennsylvania,3.0,,,1.0
2024.0,6.0,Davidson,Marist,-20.5,,,1.0
2024.0,6.0,Delaware State,St. Francis (PA),2.5,,,1.0
2024.0,6.0,Duquesne,Long Island University,-4.5,,,1.0
2024.0,6.0,East Tennessee State,Chattanooga,-1.5,,,1.0
2024.0,6.0,Eastern Illinois,Southeast Missouri State,10.5,,,1.0
2024.0,6.0,Florida,UCF,1.0,,,3.0
2024.0,6.0,Florida State,Clemson,16.5,,,3.0
2024.0,6.0,Fordham,Lafayette,17.5,,,1.0
2024.0,6.0,Georgia,Auburn,-21.0,,,3.0
2024.0,6.0,Georgia Tech,Duke,-10.0,,,2.0
2024.0,6.0,Hampton,Rhode Island,7.5,,,1.0
2024.0,6.0,Harvard,New Hampshire,1.5,,,1.0
2024.0,6.0,Houston Christian,McNeese,10.5,,,1.0
2024.0,6.0,Idaho,Northern Arizona,-10.5,,,1.0
2024.0,6.0,Incarnate Word,Prairie View A&M,-23.5,,,1.0
2024.0,6.0,Iowa State,Baylor,-13.0,,,3.0
2024.0,6.0,Jackson State,Alabama A&M,-15.0,,,1.0
2024.0,6.0,Kennesaw State,Jacksonville State,17.5,,,3.0
2024.0,6.0,Lindenwood,Tennessee State,-7.5,,,1.0
2024.0,6.0,Louisville,SMU,-6.5,,,3.0
2024.0,6.0,Marshall,App State,-3.0,,,3.0
2024.0,6.0,Minnesota,USC,8.5,,,3.0
2024.0,6.0,Monmouth,Delaware,5.5,,,1.0
2024.0,6.0,Montana,Weber State,-13.0,,,1.0
2024.0,6.0,Montana State,Northern Colorado,-37.5,,,1.0
2024.0,6.0,Murray State,South Dakota,27.5,,,1.0
2024.0,6.0,NC State,Wake Forest,-4.0,,,3.0
2024.0,6.0,Nebraska,Rutgers,-6.25,,,2.0
2024.0,6.0,North Alabama,Utah Tech,-10.0,,,1.0
2024.0,6.0,North Carolina,Pittsburgh,2.5,,,3.0
2024.0,6.0,North Dakota State,North Dakota,-14.5,,,1.0
2024.0,6.0,Northern Illinois,Massachusetts,-14.0,,,3.0
2024.0,6.0,Northern Iowa,South Dakota State,24.5,,,1.0
2024.0,6.0,Northwestern,Indiana,12.5,,,3.0
2024.0,6.0,Ohio State,Iowa,-17.0,,,3.0
2024.0,6.0,Oklahoma State,West Virginia,-2.5,,,3.0
2024.0,6.0,Oregon,Michigan State,-22.5,,,3.0
2024.0,6.0,Oregon State,Colorado State,-10.5,,,3.0
2024.0,6.0,Penn State,UCLA,-29.5,,,3.0
2024.0,6.0,Portland State,UC Davis,10.5,,,1.0
2024.0,6.0,Richmond,North Carolina A&T,-22.5,,,1.0
2024.0,6.0,Sacred Heart,Norfolk State,3.5,,,1.0
2024.0,6.0,Samford,VMI,-17.0,,,1.0
2024.0,6.0,San Diego,Presbyterian,-18.0,,,1.0
2024.0,6.0,San Diego State,Hawai'i,-1.5,,,3.0
2024.0,6.0,San José State,Nevada,-7.0,,,3.0
2024.0,6.0,South Carolina,Ole Miss,10.0,,,3.0
2024.0,6.0,Southern,Nicholls,18.5,,,1.0
2024.0,6.0,Southern Illinois,Illinois State,-2.5,,,1.0
2024.0,6.0,Southern Miss,Louisiana,17.5,,,3.0
2024.0,6.0,Southern Utah,Tarleton State,-1.5,,,1.0
2024.0,6.0,St. Thomas (MN),Stetson,-10.5,,,1.0
2024.0,6.0,Stanford,Virginia Tech,9.5,,,3.0
2024.0,6.0,Stephen F. Austin,Northwestern State,-35.0,,,1.0
2024.0,6.0,Stonehill,Wagner,-3.0,,,1.0
2024.0,6.0,Stony Brook,Villanova,16.5,,,1.0
2024.0,6.0,TCU,Houston,-16.5,,,3.0
2024.0,6.0,Tennessee Tech,South Carolina State,-8.0,,,1.0
2024.0,6.0,Texas A&M,Missouri,-2.5,,,3.0
2024.0,6.0,The Citadel,Furman,12.5,,,1.0
2024.0,6.0,Toledo,Miami (OH),-4.5,,,3.0
2024.0,6.0,Towson,William & Mary,4.5,,,1.0
2024.0,6.0,Troy,Texas State,14.5,,,3.0
2024.0,6.0,Tulsa,Army,13.5,,,3.0
2024.0,6.0,UAB,Tulane,19.5,,,3.0
2024.0,6.0,UConn,Temple,-17.5,,,3.0
2024.0,6.0,UL Monroe,James Madison,16.5,,,3.0
2024.0,6.0,UNLV,Syracuse,-5.5,,,3.0
2024.0,6.0,UT Martin,Gardner-Webb,-10.5,,,1.0
2024.0,6.0,UTEP,Sam Houston,10.0,,,3.0
2024.0,6.0,Valparaiso,Drake,11.5,,,1.0
2024.0,6.0,Vanderbilt,Alabama,23.0,,,3.0
2024.0,6.0,Virginia,Boston College,-2.0,,,3.0
2024.0,6.0,Washington,Michigan,-1.5,,,3.0
2024.0,6.0,West Georgia,Austin Peay,9.5,,,1.0
2024.0,6.0,Western Carolina,Wofford,-13.0,,,1.0
2024.0,6.0,Wisconsin,Purdue,-12.0,,,3.0
2024.0,6.0,Yale,Central Connecticut,-14.0,,,1.0
2024.0,6.0,Youngstown State,Indiana State,-14.0,,,1.0
2024.0,7.0,Alabama,South Carolina,-21.0,,,3.0
2024.0,7.0,Alabama A&M,Bethune-Cookman,-3.5,,,1.0
2024.0,7.0,Arizona State,Utah,5.5,,,3.0
2024.0,7.0,Arkansas-Pine Bluff,Prairie View A&M,8.5,,,1.0
2024.0,7.0,Army,UAB,-27.0,,,3.0
2024.0,7.0,Bowling Green,Northern Illinois,-3.0,,,3.0
2024.0,7.0,Bryant,UAlbany,7.0,,,1.0
2024.0,7.0,Buffalo,Toledo,10.5,,,3.0
2024.0,7.0,Central Arkansas,West Georgia,-23.5,,,1.0
2024.0,7.0,Central Connecticut,Mercyhurst,-16.5,,,1.0
2024.0,7.0,Central Michigan,Ohio,3.0,,,3.0
2024.0,7.0,Colorado,Kansas State,3.5,,,3.0
2024.0,7.0,Colorado State,San José State,-2.5,,,3.0
2024.0,7.0,Cornell,Harvard,8.5,,,1.0
2024.0,7.0,Dayton,Davidson,-1.5,,,1.0
2024.0,7.0,Delaware,Maine,-19.5,,,1.0
2024.0,7.0,Drake,Butler,-2.5,,,1.0
2024.0,7.0,East Tennessee State,Samford,-9.5,,,1.0
2024.0,7.0,Eastern Michigan,Miami (OH),3.0,,,3.0
2024.0,7.0,Elon,New Hampshire,-1.0,,,1.0
2024.0,7.0,Florida Atlantic,North Texas,5.5,,,3.0
2024.0,7.0,Fresno State,Washington State,3.5,,,3.0
2024.0,7.0,Furman,Chattanooga,6.5,,,1.0
2024.0,7.0,Georgia,Mississippi State,-34.0,,,3.0
2024.0,7.0,Georgia Southern,Marshall,-1.0,,,3.0
2024.0,7.0,Georgia State,Old Dominion,-3.0,,,3.0
2024.0,7.0,Grambling,Alcorn State,-4.5,,,1.0
2024.0,7.0,Hawai'i,Boise State,21.0,,,3.0
2024.0,7.0,Holy Cross,Fordham,-16.5,,,1.0
2024.0,7.0,Howard,Sacred Heart,-7.5,,,1.0
2024.0,7.0,Idaho State,Portland State,-7.0,,,1.0
2024.0,7.0,Illinois,Purdue,-22.5,,,3.0
2024.0,7.0,Illinois State,Missouri State,-2.5,,,1.0
2024.0,7.0,Incarnate Word,Nicholls,-3.5,,,1.0
2024.0,7.0,Indiana State,Murray State,-6.5,,,1.0
2024.0,7.0,Iowa,Washington,-2.5,,,3.0
2024.0,7.0,Jacksonville State,New Mexico State,-21.0,,,3.0
2024.0,7.0,James Madison,Coastal Carolina,-7.0,,,3.0
2024.0,7.0,Kent State,Ball State,3.0,,,3.0
2024.0,7.0,Kentucky,Vanderbilt,-12.5,,,3.0
2024.0,7.0,LSU,Ole Miss,4.0,,,3.0
2024.0,7.0,Lafayette,Georgetown,-13.5,,,1.0
2024.0,7.0,Lamar,Stephen F. Austin,7.5,,,1.0
2024.0,7.0,Liberty,Florida International,-15.5,,,3.0
2024.0,7.0,Lindenwood,Charleston Southern,-8.5,,,1.0
2024.0,7.0,Long Island University,Stonehill,-9.5,,,1.0
2024.0,7.0,Louisiana,App State,-10.0,,,3.0
2024.0,7.0,Louisiana Tech,Middle Tennessee,-5.0,,,3.0
2024.0,7.0,Marist,St. Thomas (MN),7.0,,,1.0
2024.0,7.0,Maryland,Northwestern,-11.0,,,3.0
2024.0,7.0,Massachusetts,Missouri,27.0,,,3.0
2024.0,7.0,Mercer,Princeton,-13.0,,,1.0
2024.0,7.0,Montana,Northern Arizona,-12.5,,,1.0
2024.0,7.0,Montana State,Idaho,-9.5,,,1.0
2024.0,7.0,Morehead State,Presbyterian,2.5,,,1.0
2024.0,7.0,Morgan State,Merrimack,-2.5,,,1.0
2024.0,7.0,NC State,Syracuse,1.0,,,3.0
2024.0,7.0,Nevada,Oregon State,3.0,,,3.0
2024.0,7.0,New Mexico,Air Force,-7.0,,,3.0
2024.0,7.0,Norfolk State,Towson,18.0,,,1.0
2024.0,7.0,North Alabama,Abilene Christian,7.5,,,1.0
2024.0,7.0,North Carolina,Georgia Tech,3.5,,,3.0
2024.0,7.0,Northwestern State,East Texas A&M,11.5,,,1.0
2024.0,7.0,Notre Dame,Stanford,-22.5,,,3.0
2024.0,7.0,Oklahoma,Texas,17.0,,,3.0
2024.0,7.0,Oregon,Ohio State,3.5,,,3.0
2024.0,7.0,Pennsylvania,Bucknell,-19.0,,,1.0
2024.0,7.0,Pittsburgh,California,-3.5,,,3.0
2024.0,7.0,Rhode Island,Brown,-3.5,,,1.0
2024.0,7.0,Rice,UTSA,3.5,,,3.0
2024.0,7.0,Robert Morris,Delaware State,-7.5,,,1.0
2024.0,7.0,Rutgers,Wisconsin,-1.25,,,2.0
2024.0,7.0,Sacramento State,Eastern Washington,-11.5,,,1.0
2024.0,7.0,South Dakota,Northern Iowa,-21.5,,,1.0
2024.0,7.0,South Dakota State,Youngstown State,-33.0,,,1.0
2024.0,7.0,South Florida,Memphis,10.0,,,3.0
2024.0,7.0,Southeast Missouri State,Tennessee Tech,-13.0,,,1.0
2024.0,7.0,Southern Illinois,North Dakota State,22.5,,,1.0
2024.0,7.0,Southern Utah,Eastern Kentucky,-3.5,,,1.0
2024.0,7.0,St. Francis (PA),Duquesne,3.0,,,1.0
2024.0,7.0,Tarleton State,Utah Tech,-24.0,,,1.0
2024.0,7.0,Tennessee,Florida,-14.0,,,3.0
2024.0,7.0,Tennessee State,Eastern Illinois,2.5,,,1.0
2024.0,7.0,Texas Southern,Southern,1.5,,,1.0
2024.0,7.0,Texas State,Arkansas State,-13.5,,,3.0
2024.0,7.0,UC Davis,Cal Poly,-17.0,,,1.0
2024.0,7.0,UCF,Cincinnati,-2.5,,,3.0
2024.0,7.0,UCLA,Minnesota,3.5,,,3.0
2024.0,7.0,UL Monroe,Southern Miss,-4.5,,,3.0
2024.0,7.0,USC,Penn State,3.5,,,3.0
2024.0,7.0,Utah State,UNLV,18.5,,,3.0
2024.0,7.0,Virginia,Louisville,7.0,,,3.0
2024.0,7.0,Wagner,Columbia,14.5,,,1.0
2024.0,7.0,Wake Forest,Clemson,21.0,,,3.0
2024.0,7.0,Weber State,Northern Colorado,-27.0,,,1.0
2024.0,7.0,West Virginia,Iowa State,3.0,,,3.0
2024.0,7.0,Western Carolina,The Citadel,-17.5,,,1.0
2024.0,7.0,Western Illinois,UT Martin,21.5,,,1.0
2024.0,7.0,Western Kentucky,UTEP,-19.0,,,3.0
2024.0,7.0,Western Michigan,Akron,-9.5,,,3.0
2024.0,7.0,Wofford,VMI,-17.5,,,1.0
2024.0,7.0,Wyoming,San Diego State,-1.5,,,3.0
2024.0,7.0,Yale,Dartmouth,3.0,,,1.0
2024.0,8.0,Abilene Christian,Eastern Kentucky,-7.5,,,1.0
2024.0,8.0,Air Force,Colorado State,6.0,,,3.0
2024.0,8.0,Arizona,Colorado,-2.5,,,3.0
2024.0,8.0,Arkansas,LSU,3.0,,,3.0
2024.0,8.0,Army,East Carolina,-17.5,,,3.0
2024.0,8.0,Bowling Green,Kent State,-24.0,,,3.0
2024.0,8.0,Bucknell,Cornell,1.5,,,1.0
2024.0,8.0,Buffalo,Western Michigan,1.5,,,3.0
2024.0,8.0,Butler,Dayton,-5.5,,,1.0
2024.0,8.0,California,NC State,-9.5,,,3.0
2024.0,8.0,Charleston Southern,Southeast Missouri State,19.0,,,1.0
2024.0,8.0,Chattanooga,Wofford,-15.5,,,1.0
2024.0,8.0,Cincinnati,Arizona State,-5.0,,,3.0
2024.0,8.0,Clemson,Virginia,-20.0,,,3.0
2024.0,8.0,Coastal Carolina,Louisiana,6.5,,,3.0
2024.0,8.0,Colgate,Georgetown,1.5,,,1.0
2024.0,8.0,Dartmouth,Central Connecticut,-12.5,,,1.0
2024.0,8.0,Davidson,Stetson,-18.5,,,1.0
2024.0,8.0,Duke,Florida State,-2.5,,,3.0
2024.0,8.0,East Texas A&M,Lamar,6.5,,,1.0
2024.0,8.0,Eastern Michigan,Central Michigan,-3.5,,,3.0
2024.0,8.0,Eastern Washington,UC Davis,4.0,,,1.0
2024.0,8.0,Florida,Kentucky,2.5,,,3.0
2024.0,8.0,Furman,Western Carolina,6.5,,,1.0
2024.0,8.0,Gardner-Webb,Lindenwood,-2.5,,,1.0
2024.0,8.0,Georgia Southern,James Madison,9.5,,,3.0
2024.0,8.0,Georgia Tech,Notre Dame,14.0,,,3.0
2024.0,8.0,Grambling,Arkansas-Pine Bluff,-13.0,,,1.0
2024.0,8.0,Harvard,Holy Cross,-6.5,,,1.0
2024.0,8.0,Howard,Tennessee State,2.5,,,1.0
2024.0,8.0,Idaho,Cal Poly,-22.0,,,1.0
2024.0,8.0,Illinois,Michigan,6.0,,,3.0
2024.0,8.0,Incarnate Word,McNeese,-14.5,,,1.0
2024.0,8.0,Indiana,Nebraska,-6.5,,,3.0
2024.0,8.0,Iowa State,UCF,-13.0,,,3.0
2024.0,8.0,Jackson State,Florida A&M,-4.0,,,1.0
2024.0,8.0,Kansas,Houston,-4.5,,,3.0
2024.0,8.0,Lafayette,Sacred Heart,-17.0,,,1.0
2024.0,8.0,Louisville,Miami,4.5,,,3.0
2024.0,8.0,Maine,Villanova,13.5,,,1.0
2024.0,8.0,Marshall,Georgia State,-9.5,,,3.0
2024.0,8.0,Maryland,USC,6.5,,,3.0
2024.0,8.0,Memphis,North Texas,-10.5,,,3.0
2024.0,8.0,Merrimack,Stonehill,-17.5,,,1.0
2024.0,8.0,Miami (OH),Ohio,-3.5,,,3.0
2024.0,8.0,Michigan State,Iowa,6.5,,,3.0
2024.0,8.0,Middle Tennessee,Kennesaw State,-8.5,,,3.0
2024.0,8.0,Mississippi State,Texas A&M,21.0,,,3.0
2024.0,8.0,Mississippi Valley State,Bethune-Cookman,8.5,,,1.0
2024.0,8.0,Missouri,Auburn,-3.5,,,3.0
2024.0,8.0,Missouri State,Indiana State,-27.0,,,1.0
2024.0,8.0,Murray State,Illinois State,19.5,,,1.0
2024.0,8.0,Navy,Charlotte,-16.5,,,3.0
2024.0,8.0,Nevada,Fresno State,3.0,,,3.0
2024.0,8.0,New Hampshire,Rhode Island,-5.0,,,1.0
2024.0,8.0,New Mexico State,Louisiana Tech,12.5,,,3.0
2024.0,8.0,Nicholls,Northwestern State,-30.0,,,1.0
2024.0,8.0,North Carolina A&T,Hampton,1.5,,,1.0
2024.0,8.0,North Dakota,Northern Iowa,-16.0,,,1.0
2024.0,8.0,North Dakota State,South Dakota State,1.5,,,1.0
2024.0,8.0,Northern Arizona,Idaho State,-7.5,,,1.0
2024.0,8.0,Northern Illinois,Toledo,-3.0,,,3.0
2024.0,8.0,Northwestern,Wisconsin,9.5,,,3.0
2024.0,8.0,Oklahoma,South Carolina,1.0,,,3.0
2024.0,8.0,Old Dominion,Texas State,10.5,,,3.0
2024.0,8.0,Oregon State,UNLV,6.5,,,3.0
2024.0,8.0,Pennsylvania,Columbia,-3.5,,,1.0
2024.0,8.0,Portland State,Montana State,21.5,,,1.0
2024.0,8.0,Presbyterian,Drake,11.5,,,1.0
2024.0,8.0,Princeton,Brown,-2.5,,,1.0
2024.0,8.0,Purdue,Oregon,29.5,,,3.0
2024.0,8.0,Richmond,Delaware,10.5,,,1.0
2024.0,8.0,Robert Morris,Long Island University,-2.5,,,1.0
2024.0,8.0,Rutgers,UCLA,-4.25,,,2.0
2024.0,8.0,SE Louisiana,Stephen F. Austin,3.0,,,1.0
2024.0,8.0,Sacramento State,Weber State,-5.0,,,1.0
2024.0,8.0,Sam Houston,Western Kentucky,-1.5,,,3.0
2024.0,8.0,Samford,Mercer,9.0,,,1.0
2024.0,8.0,San Diego,Marist,-16.5,,,1.0
2024.0,8.0,San José State,Wyoming,-13.0,,,3.0
2024.0,8.0,South Alabama,Troy,-10.0,,,3.0
2024.0,8.0,South Florida,UAB,-14.0,,,3.0
2024.0,8.0,Southern,Alcorn State,-2.5,,,1.0
2024.0,8.0,Southern Miss,Arkansas State,7.0,,,3.0
2024.0,8.0,Stanford,SMU,16.5,,,3.0
2024.0,8.0,Temple,Tulsa,-3.0,,,3.0
2024.0,8.0,Tennessee,Alabama,3.5,,,3.0
2024.0,8.0,Texas,Georgia,-4.0,,,3.0
2024.0,8.0,Texas Tech,Baylor,-4.5,,,3.0
2024.0,8.0,Towson,Stony Brook,-10.0,,,1.0
2024.0,8.0,Tulane,Rice,-21.5,,,3.0
2024.0,8.0,UAlbany,Elon,-2.5,,,1.0
2024.0,8.0,UConn,Wake Forest,2.5,,,3.0
2024.0,8.0,UTEP,Florida International,7.0,,,3.0
2024.0,8.0,UTSA,Florida Atlantic,-4.0,,,3.0
2024.0,8.0,Utah,TCU,-3.0,,,3.0
2024.0,8.0,Utah State,New Mexico,1.0,,,3.0
2024.0,8.0,Utah Tech,Austin Peay,15.5,,,1.0
2024.0,8.0,Vanderbilt,Ball State,-27.5,,,3.0
2024.0,8.0,Virginia Tech,Boston College,-8.5,,,3.0
2024.0,8.0,Wagner,St. Francis (PA),3.5,,,1.0
2024.0,8.0,Washington State,Hawai'i,-18.5,,,3.0
2024.0,8.0,West Virginia,Kansas State,2.5,,,3.0
2024.0,8.0,Western Illinois,Tennessee Tech,10.0,,,1.0
2024.0,8.0,William & Mary,Campbell,-17.0,,,1.0
2024.0,8.0,Yale,Lehigh,-7.0,,,1.0
2024.0,8.0,Youngstown State,South Dakota,23.5,,,1.0
2024.0,9.0,Akron,Eastern Michigan,2.5,,,3.0
2024.0,9.0,Alabama,Missouri,-16.0,,,3.0
2024.0,9.0,Alabama A&M,Alabama State,2.0,,,1.0
2024.0,9.0,App State,Georgia State,-7.5,,,3.0
2024.0,9.0,Arizona,West Virginia,-5.5,,,3.0
2024.0,9.0,Arkansas State,Troy,-8.5,,,3.0
2024.0,9.0,Arkansas-Pine Bluff,Mississippi Valley State,-11.0,,,1.0
2024.0,9.0,Austin Peay,Tarleton State,7.5,,,1.0
2024.0,9.0,Ball State,Northern Illinois,13.5,,,3.0
2024.0,9.0,Baylor,Oklahoma State,-7.0,,,3.0
2024.0,9.0,Bethune-Cookman,Jackson State,17.5,,,1.0
2024.0,9.0,Boston College,Louisville,7.0,,,3.0
2024.0,9.0,Brown,Cornell,-3.5,,,1.0
2024.0,9.0,Bryant,Richmond,16.0,,,1.0
2024.0,9.0,California,Oregon State,-13.0,,,3.0
2024.0,9.0,Campbell,North Carolina A&T,-10.0,,,1.0
2024.0,9.0,Central Arkansas,North Alabama,-10.0,,,1.0
2024.0,9.0,Chattanooga,VMI,-30.5,,,1.0
2024.0,9.0,Colorado,Cincinnati,-6.0,,,3.0
2024.0,9.0,Colorado State,New Mexico,-3.5,,,3.0
2024.0,9.0,Columbia,Dartmouth,-3.5,,,1.0
2024.0,9.0,Davidson,Butler,1.0,,,1.0
2024.0,9.0,Dayton,Morehead State,-14.5,,,1.0
2024.0,9.0,Delaware,UAlbany,-14.0,,,1.0
2024.0,9.0,Duke,SMU,11.5,,,3.0
2024.0,9.0,East Carolina,Temple,-8.5,,,3.0
2024.0,9.0,Eastern Kentucky,Utah Tech,-20.0,,,1.0
2024.0,9.0,Florida A&M,Southern,-10.5,,,1.0
2024.0,9.0,Florida International,Sam Houston,5.0,,,3.0
2024.0,9.0,Fresno State,San José State,-6.5,,,3.0
2024.0,9.0,Georgetown,Bucknell,-5.5,,,1.0
2024.0,9.0,Hampton,Elon,7.0,,,1.0
2024.0,9.0,Harvard,Princeton,-9.5,,,1.0
2024.0,9.0,Hawai'i,Nevada,-2.5,,,3.0
2024.0,9.0,Houston,Utah,4.5,,,3.0
2024.0,9.0,Idaho,Eastern Washington,-9.0,,,1.0
2024.0,9.0,Idaho State,Sacramento State,7.5,,,1.0
2024.0,9.0,Indiana,Washington,-5.5,,,3.0
2024.0,9.0,Indiana State,Southern Illinois,9.5,,,1.0
2024.0,9.0,Iowa,Northwestern,-16.5,,,3.0
2024.0,9.0,Jacksonville State,Middle Tennessee,-20.5,,,3.0
2024.0,9.0,James Madison,Southern Miss,-24.0,,,3.0
2024.0,9.0,Kansas State,Kansas,-10.0,,,3.0
2024.0,9.0,Kennesaw State,Liberty,27.0,,,3.0
2024.0,9.0,Kentucky,Auburn,-2.0,,,3.0
2024.0,9.0,Lafayette,Holy Cross,2.5,,,1.0
2024.0,9.0,Lehigh,Fordham,-8.5,,,1.0
2024.0,9.0,Lindenwood,Western Illinois,-8.5,,,1.0
2024.0,9.0,Long Island University,Central Connecticut,2.5,,,1.0
2024.0,9.0,Louisiana Tech,UTEP,-6.5,,,3.0
2024.0,9.0,Marist,Valparaiso,1.0,,,1.0
2024.0,9.0,Massachusetts,Wagner,-23.25,,,2.0
2024.0,9.0,Memphis,Charlotte,-17.0,,,3.0
2024.0,9.0,Mercer,Western Carolina,-3.5,,,1.0
2024.0,9.0,Merrimack,Colgate,-2.5,,,1.0
2024.0,9.0,Miami,Florida State,-22.5,,,3.0
2024.0,9.0,Miami (OH),Central Michigan,-10.5,,,3.0
2024.0,9.0,Michigan,Michigan State,-3.5,,,3.0
2024.0,9.0,Minnesota,Maryland,-6.0,,,3.0
2024.0,9.0,Mississippi State,Arkansas,7.5,,,3.0
2024.0,9.0,Monmouth,Towson,-9.5,,,1.0
2024.0,9.0,Murray State,North Dakota State,35.0,,,1.0
2024.0,9.0,Navy,Notre Dame,14.0,,,3.0
2024.0,9.0,Nicholls,McNeese,-6.5,,,1.0
2024.0,9.0,Norfolk State,Howard,-1.0,,,1.0
2024.0,9.0,North Carolina Central,Morgan State,-11.0,,,1.0
2024.0,9.0,North Texas,Tulane,7.5,,,3.0
2024.0,9.0,Northern Colorado,Montana,24.0,,,1.0
2024.0,9.0,Northern Iowa,Missouri State,10.5,,,1.0
2024.0,9.0,Northwestern State,Lamar,17.5,,,1.0
2024.0,9.0,Ohio,Buffalo,-4.0,,,3.0
2024.0,9.0,Ohio State,Nebraska,-25.0,,,3.0
2024.0,9.0,Old Dominion,Georgia Southern,1.0,,,3.0
2024.0,9.0,Ole Miss,Oklahoma,-19.5,,,3.0
2024.0,9.0,Oregon,Illinois,-22.5,,,3.0
2024.0,9.0,Pennsylvania,Yale,-3.0,,,1.0
2024.0,9.0,Pittsburgh,Syracuse,-5.0,,,3.0
2024.0,9.0,Prairie View A&M,East Texas A&M,3.0,,,1.0
2024.0,9.0,Rhode Island,Maine,-4.5,,,1.0
2024.0,9.0,Robert Morris,St. Francis (PA),-6.5,,,1.0
2024.0,9.0,SE Louisiana,Incarnate Word,6.5,,,1.0
2024.0,9.0,Sacred Heart,Mercyhurst,-7.5,,,1.0
2024.0,9.0,San Diego State,Washington State,17.0,,,3.0
2024.0,9.0,South Alabama,UL Monroe,-7.0,,,3.0
2024.0,9.0,South Carolina State,Delaware State,-14.5,,,1.0
2024.0,9.0,South Dakota State,South Dakota,-8.5,,,1.0
2024.0,9.0,Southeast Missouri State,Gardner-Webb,-18.0,,,1.0
2024.0,9.0,Southern Utah,West Georgia,10.5,,,1.0
2024.0,9.0,Stanford,Wake Forest,3.0,,,3.0
2024.0,9.0,Stephen F. Austin,Houston Christian,-14.5,,,1.0
2024.0,9.0,Stetson,Presbyterian,4.5,,,1.0
2024.0,9.0,Stonehill,Duquesne,21.0,,,1.0
2024.0,9.0,Stony Brook,William & Mary,7.5,,,1.0
2024.0,9.0,TCU,Texas Tech,-5.0,,,3.0
2024.0,9.0,Tennessee Tech,Charleston Southern,-7.0,,,1.0
2024.0,9.0,Texas A&M,LSU,-2.0,,,3.0
2024.0,9.0,Texas Southern,Grambling,-1.0,,,1.0
2024.0,9.0,The Citadel,Samford,8.5,,,1.0
2024.0,9.0,Toledo,Bowling Green,-2.0,,,3.0
2024.0,9.0,Tulsa,UTSA,9.5,,,3.0
2024.0,9.0,UCF,BYU,-2.5,,,3.0
2024.0,9.0,UConn,Rice,-6.5,,,3.0
2024.0,9.0,UNLV,Boise State,4.0,,,3.0
2024.0,9.0,USC,Rutgers,-13.75,,,2.0
2024.0,9.0,UT Martin,Eastern Illinois,-17.0,,,1.0
2024.0,9.0,Vanderbilt,Texas,17.0,,,3.0
2024.0,9.0,Villanova,New Hampshire,-8.5,,,1.0
2024.0,9.0,Virginia,North Carolina,-3.5,,,3.0
2024.0,9.0,Virginia Tech,Georgia Tech,-11.0,,,3.0
2024.0,9.0,Western Michigan,Kent State,-19.0,,,3.0
2024.0,9.0,Wisconsin,Penn State,6.5,,,3.0
2024.0,9.0,Wofford,East Tennessee State,9.5,,,1.0
2024.0,9.0,Wyoming,Utah State,2.0,,,3.0
2024.0,9.0,Youngstown State,North Dakota,9.5,,,1.0
2024.0,10.0,Abilene Christian,Southern Utah,-3.5,,,1.0
2024.0,10.0,Akron,Buffalo,1.0,,,3.0
2024.0,10.0,Alabama A&M,Southern,-2.5,,,1.0
2024.0,10.0,Alabama State,Alcorn State,-4.0,,,1.0
2024.0,10.0,App State,Old Dominion,2.5,,,3.0
2024.0,10.0,Arkansas,Ole Miss,8.0,,,3.0
2024.0,10.0,Army,Air Force,-18.0,,,3.0
2024.0,10.0,Auburn,Vanderbilt,-7.5,,,3.0
2024.0,10.0,Baylor,TCU,-2.5,,,3.0
2024.0,10.0,Bethune-Cookman,Grambling,5.5,,,1.0
2024.0,10.0,Boise State,San Diego State,-24.5,,,3.0
2024.0,10.0,Brown,Pennsylvania,1.5,,,1.0
2024.0,10.0,Bryant,Stony Brook,14.0,,,1.0
2024.0,10.0,Bucknell,Lafayette,6.0,,,1.0
2024.0,10.0,Butler,Stetson,-26.5,,,1.0
2024.0,10.0,Cal Poly,Montana,20.5,,,1.0
2024.0,10.0,Central Connecticut,Wagner,-8.0,,,1.0
2024.0,10.0,Charlotte,Tulane,14.5,,,3.0
2024.0,10.0,Clemson,Louisville,-11.0,,,3.0
2024.0,10.0,Columbia,Yale,-1.5,,,1.0
2024.0,10.0,Dartmouth,Harvard,3.0,,,1.0
2024.0,10.0,Duquesne,Mercyhurst,-26.5,,,1.0
2024.0,10.0,Eastern Illinois,Western Illinois,-4.0,,,1.0
2024.0,10.0,Eastern Michigan,Toledo,10.0,,,3.0
2024.0,10.0,Eastern Washington,Montana State,17.0,,,1.0
2024.0,10.0,Florida A&M,Texas Southern,-14.5,,,1.0
2024.0,10.0,Florida Atlantic,South Florida,1.5,,,3.0
2024.0,10.0,Florida International,New Mexico State,-7.0,,,3.0
2024.0,10.0,Florida State,North Carolina,2.5,,,3.0
2024.0,10.0,Fordham,Colgate,-1.5,,,1.0
2024.0,10.0,Fresno State,Hawai'i,-12.5,,,3.0
2024.0,10.0,Georgetown,Lehigh,-0.5,,,1.0
2024.0,10.0,Georgia,Florida,-14.5,,,3.0
2024.0,10.0,Hampton,Villanova,8.5,,,1.0
2024.0,10.0,Houston,Kansas State,12.5,,,3.0
2024.0,10.0,Howard,Delaware State,-11.5,,,1.0
2024.0,10.0,Illinois,Minnesota,2.5,,,3.0
2024.0,10.0,Illinois State,Youngstown State,-7.5,,,1.0
2024.0,10.0,Incarnate Word,Houston Christian,-23.5,,,1.0
2024.0,10.0,Indiana State,North Dakota,17.0,,,1.0
2024.0,10.0,Iowa,Wisconsin,-2.5,,,3.0
2024.0,10.0,Iowa State,Texas Tech,-13.5,,,3.0
2024.0,10.0,Jackson State,Arkansas-Pine Bluff,-24.5,,,1.0
2024.0,10.0,Lamar,SE Louisiana,2.0,,,1.0
2024.0,10.0,Liberty,Jacksonville State,-2.5,,,3.0
2024.0,10.0,Marshall,UL Monroe,-10.5,,,2.0
2024.0,10.0,McNeese,East Texas A&M,-12.0,,,1.0
2024.0,10.0,Mercer,East Tennessee State,-6.0,,,1.0
2024.0,10.0,Miami,Duke,-21.0,,,3.0
2024.0,10.0,Michigan,Oregon,14.5,,,3.0
2024.0,10.0,Michigan State,Indiana,7.5,,,3.0
2024.0,10.0,Mississippi State,Massachusetts,-19.5,,,3.0
2024.0,10.0,Mississippi Valley State,Prairie View A&M,14.0,,,1.0
2024.0,10.0,Missouri State,Southern Illinois,-14.5,,,1.0
2024.0,10.0,Morehead State,St. Thomas (MN),6.0,,,1.0
2024.0,10.0,Morgan State,Norfolk State,-6.5,,,1.0
2024.0,10.0,NC State,Stanford,-9.5,,,3.0
2024.0,10.0,Nebraska,UCLA,-7.5,,,3.0
2024.0,10.0,Nevada,Colorado State,2.0,,,3.0
2024.0,10.0,New Mexico,Wyoming,-7.5,,,3.0
2024.0,10.0,Nicholls,Stephen F. Austin,2.0,,,1.0
2024.0,10.0,North Alabama,Austin Peay,-7.5,,,1.0
2024.0,10.0,North Carolina A&T,William & Mary,16.5,,,1.0
2024.0,10.0,North Dakota State,Northern Iowa,-30.0,,,1.0
2024.0,10.0,Northern Arizona,Weber State,-1.5,,,1.0
2024.0,10.0,Oklahoma,Maine,-37.5,,,2.0
2024.0,10.0,Oklahoma State,Arizona State,5.0,,,3.0
2024.0,10.0,Penn State,Ohio State,3.0,,,3.0
2024.0,10.0,Presbyterian,Dayton,5.5,,,1.0
2024.0,10.0,Princeton,Cornell,-3.5,,,1.0
2024.0,10.0,Purdue,Northwestern,-3.0,,,3.0
2024.0,10.0,Rhode Island,Monmouth,2.0,,,1.0
2024.0,10.0,Rice,Navy,12.5,,,3.0
2024.0,10.0,Robert Morris,Merrimack,1.5,,,1.0
2024.0,10.0,SMU,Pittsburgh,-7.0,,,3.0
2024.0,10.0,Sacramento State,Portland State,-12.5,,,1.0
2024.0,10.0,Sam Houston,Louisiana Tech,-10.5,,,3.0
2024.0,10.0,Samford,Wofford,-9.0,,,1.0
2024.0,10.0,San Diego,Davidson,-3.0,,,1.0
2024.0,10.0,South Alabama,Georgia Southern,-5.5,,,3.0
2024.0,10.0,South Carolina,Texas A&M,3.0,,,3.0
2024.0,10.0,South Carolina State,North Carolina Central,3.5,,,1.0
2024.0,10.0,South Dakota State,Murray State,-42.0,,,1.0
2024.0,10.0,St. Francis (PA),Stonehill,-10.0,,,1.0
2024.0,10.0,Syracuse,Virginia Tech,3.5,,,3.0
2024.0,10.0,Tarleton State,Eastern Kentucky,-13.0,,,1.0
2024.0,10.0,Tennessee,Kentucky,-17.5,,,3.0
2024.0,10.0,Tennessee State,UT Martin,14.5,,,1.0
2024.0,10.0,Tennessee Tech,Lindenwood,-2.5,,,1.0
2024.0,10.0,Texas State,Louisiana,-4.0,,,3.0
2024.0,10.0,Troy,Coastal Carolina,4.0,,,3.0
2024.0,10.0,UAB,Tulsa,-2.5,,,3.0
2024.0,10.0,UAlbany,New Hampshire,-0.5,,,1.0
2024.0,10.0,UC Davis,Northern Colorado,-23.5,,,1.0
2024.0,10.0,UCF,Arizona,-6.5,,,3.0
2024.0,10.0,UConn,Georgia State,-7.0,,,3.0
2024.0,10.0,UTEP,Middle Tennessee,-2.0,,,3.0
2024.0,10.0,UTSA,Memphis,7.0,,,3.0
2024.0,10.0,Utah Tech,Central Arkansas,24.5,,,1.0
2024.0,10.0,Washington,USC,2.0,,,3.0
2024.0,10.0,Western Carolina,Chattanooga,2.0,,,1.0
2024.0,10.0,Western Kentucky,Kennesaw State,-23.5,,,3.0
2024.0,11.0,Air Force,Fresno State,9.5,,,3.0
2024.0,11.0,Alcorn State,Texas Southern,-5.0,,,1.0
2024.0,11.0,Arizona State,UCF,-2.5,,,3.0
2024.0,11.0,Arkansas-Pine Bluff,Alabama A&M,8.0,,,1.0
2024.0,11.0,Austin Peay,Abilene Christian,4.0,,,1.0
2024.0,11.0,Ball State,Miami (OH),13.0,,,3.0
2024.0,11.0,Boise State,Nevada,-23.5,,,3.0
2024.0,11.0,Boston College,Syracuse,-3.0,,,3.0
2024.0,11.0,Bucknell,Fordham,-3.0,,,1.0
2024.0,11.0,Cal Poly,Northern Arizona,13.5,,,1.0
2024.0,11.0,Campbell,Richmond,9.5,,,1.0
2024.0,11.0,Central Michigan,Bowling Green,15.5,,,3.0
2024.0,11.0,Charleston Southern,UT Martin,17.5,,,1.0
2024.0,11.0,Cincinnati,West Virginia,-5.5,,,3.0
2024.0,11.0,Coastal Carolina,App State,2.5,,,3.0
2024.0,11.0,Colgate,Lafayette,3.5,,,1.0
2024.0,11.0,Cornell,Pennsylvania,2.5,,,1.0
2024.0,11.0,Davidson,Morehead State,-7.0,,,1.0
2024.0,11.0,Dayton,San Diego,3.5,,,1.0
2024.0,11.0,Delaware,Rhode Island,-6.0,,,1.0
2024.0,11.0,Delaware State,Morgan State,14.5,,,1.0
2024.0,11.0,Duquesne,Robert Morris,-4.5,,,1.0
2024.0,11.0,East Carolina,Florida Atlantic,-7.5,,,3.0
2024.0,11.0,East Tennessee State,Western Carolina,-6.5,,,1.0
2024.0,11.0,East Texas A&M,Stephen F. Austin,16.5,,,1.0
2024.0,11.0,Eastern Kentucky,Central Arkansas,4.0,,,1.0
2024.0,11.0,Furman,Wofford,-4.5,,,1.0
2024.0,11.0,Gardner-Webb,Eastern Illinois,-5.5,,,1.0
2024.0,11.0,Georgia Tech,Miami,9.5,,,3.0
2024.0,11.0,Grambling,Alabama State,3.5,,,1.0
2024.0,11.0,Harvard,Columbia,-7.0,,,1.0
2024.0,11.0,Hawai'i,UNLV,12.5,,,3.0
2024.0,11.0,Holy Cross,Lehigh,-6.5,,,1.0
2024.0,11.0,Houston Christian,Nicholls,11.5,,,1.0
2024.0,11.0,Howard,South Carolina State,4.5,,,1.0
2024.0,11.0,Incarnate Word,Lamar,-15.5,,,1.0
2024.0,11.0,Indiana,Michigan,-14.5,,,3.0
2024.0,11.0,Jackson State,Mississippi Valley State,-31.5,,,1.0
2024.0,11.0,James Madison,Georgia State,-14.5,,,3.0
2024.0,11.0,Kansas,Iowa State,2.5,,,3.0
2024.0,11.0,Kent State,Ohio,20.5,,,3.0
2024.0,11.0,LSU,Alabama,2.5,,,3.0
2024.0,11.0,Lindenwood,Southeast Missouri State,17.0,,,1.0
2024.0,11.0,Louisiana,Arkansas State,-14.0,,,3.0
2024.0,11.0,Louisiana Tech,Jacksonville State,10.0,,,3.0
2024.0,11.0,Maine,Bryant,-13.5,,,1.0
2024.0,11.0,Memphis,Rice,-7.0,,,3.0
2024.0,11.0,Middle Tennessee,Liberty,12.5,,,3.0
2024.0,11.0,Missouri,Oklahoma,3.5,,,3.0
2024.0,11.0,Montana,UC Davis,-5.5,,,1.0
2024.0,11.0,Montana State,Sacramento State,-17.5,,,1.0
2024.0,11.0,Murray State,Missouri State,24.0,,,1.0
2024.0,11.0,NC State,Duke,-3.0,,,3.0
2024.0,11.0,New Hampshire,Monmouth,1.5,,,1.0
2024.0,11.0,New Mexico State,Western Kentucky,18.0,,,3.0
2024.0,11.0,North Alabama,Southern Utah,-7.5,,,1.0
2024.0,11.0,North Dakota,South Dakota State,17.0,,,1.0
2024.0,11.0,North Texas,Army,6.5,,,3.0
2024.0,11.0,Northern Colorado,Eastern Washington,13.5,,,1.0
2024.0,11.0,Northern Iowa,Illinois State,2.5,,,1.0
2024.0,11.0,Notre Dame,Florida State,-25.5,,,3.0
2024.0,11.0,Ohio State,Purdue,-37.5,,,3.0
2024.0,11.0,Ole Miss,Georgia,2.0,,,3.0
2024.0,11.0,Oregon,Maryland,-24.0,,,3.0
2024.0,11.0,Oregon State,San José State,-3.0,,,3.0
2024.0,11.0,Penn State,Washington,-13.5,,,3.0
2024.0,11.0,Pittsburgh,Virginia,-7.5,,,3.0
2024.0,11.0,Portland State,Idaho,11.0,,,1.0
2024.0,11.0,Prairie View A&M,Florida A&M,17.0,,,1.0
2024.0,11.0,Princeton,Dartmouth,9.5,,,1.0
2024.0,11.0,Rutgers,Minnesota,6.5,,,2.0
2024.0,11.0,SE Louisiana,Northwestern State,-28.0,,,1.0
2024.0,11.0,Sacred Heart,Long Island University,3.0,,,1.0
2024.0,11.0,Samford,Tennessee Tech,-2.5,,,1.0
2024.0,11.0,San Diego State,New Mexico,-1.5,,,3.0
2024.0,11.0,South Dakota,Indiana State,-31.0,,,1.0
2024.0,11.0,South Florida,Navy,4.5,,,3.0
2024.0,11.0,Southern,Bethune-Cookman,-7.0,,,1.0
2024.0,11.0,Southern Illinois,Youngstown State,-0.5,,,1.0
2024.0,11.0,Southern Miss,Marshall,13.5,,,3.0
2024.0,11.0,St. Thomas (MN),Drake,4.5,,,1.0
2024.0,11.0,Stetson,Marist,-0.5,,,1.0
2024.0,11.0,Stonehill,Central Connecticut,15.0,,,1.0
2024.0,11.0,Stony Brook,UAlbany,-2.5,,,1.0
2024.0,11.0,TCU,Oklahoma State,-10.5,,,3.0
2024.0,11.0,Tennessee,Mississippi State,-26.5,,,3.0
2024.0,11.0,Texas,Florida,-23.0,,,3.0
2024.0,11.0,Texas Tech,Colorado,4.5,,,3.0
2024.0,11.0,The Citadel,Chattanooga,14.0,,,1.0
2024.0,11.0,Towson,Hampton,-5.5,,,1.0
2024.0,11.0,Tulane,Temple,-25.5,,,3.0
2024.0,11.0,UAB,UConn,7.5,,,3.0
2024.0,11.0,UCLA,Iowa,6.5,,,3.0
2024.0,11.0,UL Monroe,Texas State,9.5,,,3.0
2024.0,11.0,UTEP,Kennesaw State,-4.5,,,3.0
2024.0,11.0,Utah,BYU,3.0,,,3.0
2024.0,11.0,Valparaiso,Butler,14.5,,,1.0
2024.0,11.0,Vanderbilt,South Carolina,6.0,,,3.0
2024.0,11.0,Villanova,North Carolina A&T,-25.5,,,1.0
2024.0,11.0,Virginia Tech,Clemson,5.5,,,3.0
2024.0,11.0,Wake Forest,California,7.0,,,3.0
2024.0,11.0,Washington State,Utah State,-20.5,,,3.0
2024.0,11.0,Weber State,Idaho State,-6.5,,,1.0
2024.0,11.0,West Georgia,Tarleton State,8.5,,,1.0
2024.0,11.0,Western Illinois,Tennessee State,4.0,,,1.0
2024.0,11.0,Western Michigan,Northern Illinois,2.0,,,3.0
2024.0,11.0,William & Mary,Elon,-7.5,,,1.0
2024.0,11.0,Yale,Brown,-10.0,,,1.0
2024.0,12.0,Air Force,Oregon State,2.5,,,3.0
2024.0,12.0,Alabama,Mercer,-42.25,,,2.0
2024.0,12.0,Alabama A&M,Grambling,-6.0,,,1.0
2024.0,12.0,Alabama State,Jackson State,7.5,,,1.0
2024.0,12.0,Arizona,Houston,-1.0,,,3.0
2024.0,12.0,Arkansas,Texas,13.0,,,3.0
2024.0,12.0,Auburn,UL Monroe,-24.5,,,3.0
2024.0,12.0,Austin Peay,Eastern Kentucky,-1.0,,,1.0
2024.0,12.0,Bowling Green,Western Michigan,-9.5,,,3.0
2024.0,12.0,Brown,Columbia,5.0,,,1.0
2024.0,12.0,Buffalo,Ball State,-3.5,,,3.0
2024.0,12.0,Butler,St. Thomas (MN),-6.5,,,1.0
2024.0,12.0,Cal Poly,Sacramento State,7.5,,,1.0
2024.0,12.0,California,Syracuse,-10.5,,,3.0
2024.0,12.0,Central Connecticut,Robert Morris,-1.0,,,1.0
2024.0,12.0,Charlotte,South Florida,-1.5,,,3.0
2024.0,12.0,Chattanooga,Samford,-16.5,,,1.0
2024.0,12.0,Colorado,Utah,-13.5,,,3.0
2024.0,12.0,Colorado State,Wyoming,-8.5,,,3.0
2024.0,12.0,Cornell,Dartmouth,9.5,,,1.0
2024.0,12.0,Dayton,Valparaiso,-13.0,,,1.0
2024.0,12.0,Delaware,Campbell,-16.5,,,1.0
2024.0,12.0,Drake,Morehead State,-14.5,,,1.0
2024.0,12.0,Duquesne,Wagner,-14.5,,,1.0
2024.0,12.0,East Tennessee State,Furman,-15.0,,,1.0
2024.0,12.0,East Texas A&M,Houston Christian,-3.0,,,1.0
2024.0,12.0,Eastern Illinois,Charleston Southern,-5.0,,,1.0
2024.0,12.0,Eastern Washington,Idaho State,-5.0,,,1.0
2024.0,12.0,Elon,Maine,-4.0,,,1.0
2024.0,12.0,Florida,LSU,3.0,,,3.0
2024.0,12.0,Florida A&M,Mississippi Valley State,-31.0,,,1.0
2024.0,12.0,Fordham,Georgetown,-3.5,,,1.0
2024.0,12.0,Gardner-Webb,Tennessee State,-2.0,,,1.0
2024.0,12.0,Georgia,Tennessee,-8.5,,,3.0
2024.0,12.0,Georgia Southern,Troy,-7.0,,,3.0
2024.0,12.0,Georgia State,Arkansas State,-2.5,,,3.0
2024.0,12.0,Hampton,Richmond,7.0,,,1.0
2024.0,12.0,Holy Cross,Bucknell,-14.0,,,1.0
2024.0,12.0,Idaho,Weber State,-10.5,,,1.0
2024.0,12.0,Illinois,Michigan State,-2.0,,,3.0
2024.0,12.0,Indiana State,Illinois State,14.5,,,1.0
2024.0,12.0,Iowa State,Cincinnati,-7.0,,,3.0
2024.0,12.0,Jacksonville State,Florida International,-12.5,,,3.0
2024.0,12.0,Kansas State,Arizona State,-7.5,,,3.0
2024.0,12.0,Kennesaw State,Sam Houston,21.0,,,3.0
2024.0,12.0,Kentucky,Murray State,-41.5,,,2.0
2024.0,12.0,Lafayette,Stonehill,-22.0,,,1.0
2024.0,12.0,Lamar,Nicholls,1.5,,,1.0
2024.0,12.0,Lehigh,Colgate,-10.5,,,1.0
2024.0,12.0,Long Island University,St. Francis (PA),-3.5,,,1.0
2024.0,12.0,Louisiana,South Alabama,-6.5,,,3.0
2024.0,12.0,Marist,Presbyterian,10.0,,,1.0
2024.0,12.0,Marshall,Coastal Carolina,-7.5,,,3.0
2024.0,12.0,Maryland,Rutgers,-4.5,,,2.0
2024.0,12.0,Massachusetts,Liberty,16.5,,,3.0
2024.0,12.0,Memphis,UAB,-16.5,,,3.0
2024.0,12.0,Merrimack,Sacred Heart,-15.5,,,1.0
2024.0,12.0,Miami (OH),Kent State,-30.5,,,3.0
2024.0,12.0,Monmouth,Villanova,3.0,,,1.0
2024.0,12.0,Montana,Portland State,-15.5,,,1.0
2024.0,12.0,Morgan State,South Carolina State,8.0,,,1.0
2024.0,12.0,Navy,Tulane,7.5,,,3.0
2024.0,12.0,New Hampshire,Stony Brook,-5.5,,,1.0
2024.0,12.0,New Mexico,Washington State,10.5,,,3.0
2024.0,12.0,Norfolk State,Delaware State,-13.5,,,1.0
2024.0,12.0,North Carolina,Wake Forest,-10.5,,,3.0
2024.0,12.0,North Carolina Central,Howard,-15.5,,,1.0
2024.0,12.0,North Dakota,South Dakota,14.0,,,1.0
2024.0,12.0,North Dakota State,Missouri State,-13.5,,,1.0
2024.0,12.0,Northern Colorado,Northern Arizona,19.5,,,1.0
2024.0,12.0,Northern Illinois,Akron,-14.0,,,3.0
2024.0,12.0,Northwestern,Ohio State,28.5,,,3.0
2024.0,12.0,Northwestern State,McNeese,25.5,,,1.0
2024.0,12.0,Notre Dame,Virginia,-21.5,,,3.0
2024.0,12.0,Ohio,Eastern Michigan,-10.5,,,3.0
2024.0,12.0,Old Dominion,James Madison,1.5,,,3.0
2024.0,12.0,Pennsylvania,Harvard,8.5,,,1.0
2024.0,12.0,Pittsburgh,Clemson,12.0,,,3.0
2024.0,12.0,Prairie View A&M,Alcorn State,2.5,,,1.0
2024.0,12.0,Purdue,Penn State,30.0,,,3.0
2024.0,12.0,Rhode Island,UAlbany,-13.0,,,1.0
2024.0,12.0,SMU,Boston College,-19.0,,,3.0
2024.0,12.0,San Diego,Stetson,-27.5,,,1.0
2024.0,12.0,San José State,Boise State,14.5,,,3.0
2024.0,12.0,South Carolina,Missouri,-10.5,,,3.0
2024.0,12.0,South Dakota State,Southern Illinois,-30.5,,,1.0
2024.0,12.0,Southeast Missouri State,Western Illinois,-24.0,,,1.0
2024.0,12.0,Southern,Arkansas-Pine Bluff,-14.0,,,1.0
2024.0,12.0,Stanford,Louisville,21.0,,,3.0
2024.0,12.0,Stephen F. Austin,Incarnate Word,8.0,,,1.0
2024.0,12.0,Tarleton State,Abilene Christian,-3.0,,,1.0
2024.0,12.0,Temple,Florida Atlantic,-2.0,,,3.0
2024.0,12.0,Texas A&M,New Mexico State,-38.5,,,3.0
2024.0,12.0,Texas Southern,Bethune-Cookman,-2.5,,,1.0
2024.0,12.0,Texas State,Southern Miss,-27.5,,,3.0
2024.0,12.0,Toledo,Central Michigan,-15.0,,,3.0
2024.0,12.0,Towson,North Carolina A&T,-22.0,,,1.0
2024.0,12.0,Tulsa,East Carolina,16.5,,,3.0
2024.0,12.0,UC Davis,Montana State,7.0,,,1.0
2024.0,12.0,UNLV,San Diego State,-21.5,,,3.0
2024.0,12.0,USC,Nebraska,-6.5,,,3.0
2024.0,12.0,UT Martin,Tennessee Tech,-13.0,,,1.0
2024.0,12.0,UTSA,North Texas,-1.5,,,3.0
2024.0,12.0,Utah State,Hawai'i,2.5,,,3.0
2024.0,12.0,Utah Tech,West Georgia,4.5,,,1.0
2024.0,12.0,Washington,UCLA,-5.0,,,3.0
2024.0,12.0,West Virginia,Baylor,2.0,,,3.0
2024.0,12.0,Western Carolina,VMI,-24.5,,,1.0
2024.0,12.0,Western Kentucky,Louisiana Tech,-11.5,,,3.0
2024.0,12.0,William & Mary,Bryant,-21.0,,,1.0
2024.0,12.0,Wisconsin,Oregon,13.5,,,3.0
2024.0,12.0,Wofford,The Citadel,-6.5,,,1.0
2024.0,12.0,Yale,Princeton,-12.5,,,1.0
2024.0,12.0,Youngstown State,Northern Iowa,-4.5,,,1.0
2024.0,13.0,Alabama State,Prairie View A&M,-9.0,,,1.0
2024.0,13.0,Alcorn State,Jackson State,9.5,,,1.0
2024.0,13.0,App State,James Madison,7.0,,,3.0
2024.0,13.0,Arizona State,BYU,-3.5,,,3.0
2024.0,13.0,Arkansas,Louisiana Tech,-23.5,,,3.0
2024.0,13.0,Arkansas State,UL Monroe,-3.0,,,3.0
2024.0,13.0,Arkansas-Pine Bluff,Texas Southern,3.5,,,1.0
2024.0,13.0,Auburn,Texas A&M,2.5,,,3.0
2024.0,13.0,Austin Peay,Chattanooga,4.0,,,1.0
2024.0,13.0,Ball State,Bowling Green,12.5,,,3.0
2024.0,13.0,Bethune-Cookman,Florida A&M,10.5,,,1.0
2024.0,13.0,Boston College,North Carolina,2.0,,,3.0
2024.0,13.0,Bryant,Rhode Island,12.0,,,1.0
2024.0,13.0,Bucknell,Colgate,-5.5,,,1.0
2024.0,13.0,California,Stanford,-15.0,,,3.0
2024.0,13.0,Campbell,Towson,4.5,,,1.0
2024.0,13.0,Central Connecticut,Duquesne,5.5,,,1.0
2024.0,13.0,Central Michigan,Western Michigan,6.0,,,3.0
2024.0,13.0,Clemson,The Citadel,-49.0,,,2.0
2024.0,13.0,Coastal Carolina,Georgia Southern,-2.0,,,3.0
2024.0,13.0,Columbia,Cornell,-7.5,,,1.0
2024.0,13.0,Dartmouth,Brown,-13.5,,,1.0
2024.0,13.0,Delaware State,North Carolina Central,23.5,,,1.0
2024.0,13.0,Duke,Virginia Tech,2.5,,,3.0
2024.0,13.0,East Texas A&M,Incarnate Word,21.5,,,1.0
2024.0,13.0,Eastern Kentucky,North Alabama,-4.0,,,1.0
2024.0,13.0,Eastern Michigan,Buffalo,-1.0,,,3.0
2024.0,13.0,Florida,Ole Miss,13.0,,,3.0
2024.0,13.0,Florida Atlantic,Charlotte,3.0,,,3.0
2024.0,13.0,Florida State,Charleston Southern,-33.25,,,2.0
2024.0,13.0,Fordham,Merrimack,-3.0,,,1.0
2024.0,13.0,Fresno State,Colorado State,-3.5,,,3.0
2024.0,13.0,Georgetown,Holy Cross,13.5,,,1.0
2024.0,13.0,Georgia,Massachusetts,-42.5,,,3.0
2024.0,13.0,Georgia Tech,NC State,-7.5,,,3.0
2024.0,13.0,Harvard,Yale,-3.5,,,1.0
2024.0,13.0,Houston,Baylor,7.0,,,3.0
2024.0,13.0,Houston Christian,Northwestern State,-17.5,,,1.0
2024.0,13.0,Idaho State,Idaho,10.5,,,1.0
2024.0,13.0,Illinois State,North Dakota,-3.5,,,1.0
2024.0,13.0,Jacksonville State,Sam Houston,-5.5,,,3.0
2024.0,13.0,Kansas,Colorado,1.5,,,3.0
2024.0,13.0,Kansas State,Cincinnati,-7.5,,,3.0
2024.0,13.0,Kennesaw State,Florida International,9.0,,,3.0
2024.0,13.0,Kent State,Akron,10.5,,,3.0
2024.0,13.0,LSU,Vanderbilt,-9.5,,,3.0
2024.0,13.0,Lehigh,Lafayette,-6.0,,,1.0
2024.0,13.0,Liberty,Western Kentucky,-1.0,,,3.0
2024.0,13.0,Louisiana,Troy,-7.5,,,3.0
2024.0,13.0,Louisville,Pittsburgh,-7.5,,,3.0
2024.0,13.0,Maine,New Hampshire,3.0,,,1.0
2024.0,13.0,Maryland,Iowa,4.0,,,3.0
2024.0,13.0,McNeese,Lamar,-3.0,,,1.0
2024.0,13.0,Mercer,Furman,-14.0,,,1.0
2024.0,13.0,Mercyhurst,St. Francis (PA),10.0,,,1.0
2024.0,13.0,Miami,Wake Forest,-23.5,,,3.0
2024.0,13.0,Miami (OH),Northern Illinois,-1.5,,,3.0
2024.0,13.0,Michigan,Northwestern,-10.5,,,3.0
2024.0,13.0,Michigan State,Purdue,-14.0,,,3.0
2024.0,13.0,Middle Tennessee,New Mexico State,-3.5,,,3.0
2024.0,13.0,Minnesota,Penn State,11.0,,,3.0
2024.0,13.0,Mississippi State,Missouri,9.5,,,3.0
2024.0,13.0,Mississippi Valley State,Alabama A&M,14.0,,,1.0
2024.0,13.0,Missouri State,South Dakota State,14.5,,,1.0
2024.0,13.0,Montana State,Montana,-16.5,,,1.0
2024.0,13.0,Morehead State,San Diego,6.5,,,1.0
2024.0,13.0,Morgan State,Howard,-1.5,,,1.0
2024.0,13.0,Nebraska,Wisconsin,-1.5,,,3.0
2024.0,13.0,Nevada,Air Force,-2.5,,,3.0
2024.0,13.0,Nicholls,SE Louisiana,4.5,,,1.0
2024.0,13.0,North Carolina A&T,Elon,17.0,,,1.0
2024.0,13.0,North Texas,East Carolina,-2.5,,,3.0
2024.0,13.0,Northern Arizona,Eastern Washington,-5.5,,,1.0
2024.0,13.0,Northern Iowa,Indiana State,-8.5,,,1.0
2024.0,13.0,Notre Dame,Army,-14.5,,,3.0
2024.0,13.0,Ohio State,Indiana,-10.5,,,3.0
2024.0,13.0,Oklahoma,Alabama,14.0,,,3.0
2024.0,13.0,Oklahoma State,Texas Tech,5.0,,,3.0
2024.0,13.0,Old Dominion,Marshall,-3.0,,,3.0
2024.0,13.0,Oregon State,Washington State,11.0,,,3.0
2024.0,13.0,Portland State,Northern Colorado,-16.5,,,1.0
2024.0,13.0,Presbyterian,Butler,9.5,,,1.0
2024.0,13.0,Princeton,Pennsylvania,4.5,,,1.0
2024.0,13.0,Richmond,William & Mary,-5.5,,,1.0
2024.0,13.0,Robert Morris,Stonehill,-14.0,,,1.0
2024.0,13.0,Rutgers,Illinois,-2.25,,,2.0
2024.0,13.0,Sacramento State,UC Davis,13.5,,,1.0
2024.0,13.0,Samford,Western Carolina,2.5,,,1.0
2024.0,13.0,San José State,UNLV,7.5,,,3.0
2024.0,13.0,South Carolina,Wofford,-42.5,,,2.0
2024.0,13.0,South Carolina State,Norfolk State,-18.0,,,1.0
2024.0,13.0,South Dakota,North Dakota State,3.0,,,1.0
2024.0,13.0,South Florida,Tulsa,-17.0,,,3.0
2024.0,13.0,Southern Illinois,Murray State,-17.0,,,1.0
2024.0,13.0,Southern Miss,South Alabama,24.0,,,3.0
2024.0,13.0,Southern Utah,Utah Tech,-19.0,,,1.0
2024.0,13.0,St. Thomas (MN),Dayton,-2.5,,,1.0
2024.0,13.0,Stephen F. Austin,Abilene Christian,-1.0,,,1.0
2024.0,13.0,Stetson,Drake,19.5,,,1.0
2024.0,13.0,Stony Brook,Monmouth,3.0,,,1.0
2024.0,13.0,Syracuse,UConn,-10.0,,,3.0
2024.0,13.0,TCU,Arizona,-10.5,,,3.0
2024.0,13.0,Tarleton State,Central Arkansas,-3.0,,,1.0
2024.0,13.0,Tennessee,UTEP,-41.5,,,3.0
2024.0,13.0,Tennessee State,Southeast Missouri State,6.5,,,1.0
2024.0,13.0,Tennessee Tech,Eastern Illinois,-13.0,,,1.0
2024.0,13.0,Texas,Kentucky,-18.5,,,3.0
2024.0,13.0,Texas State,Georgia State,-23.0,,,3.0
2024.0,13.0,Toledo,Ohio,-1.5,,,3.0
2024.0,13.0,UAB,Rice,7.0,,,3.0
2024.0,13.0,UAlbany,Hampton,-3.0,,,1.0
2024.0,13.0,UCLA,USC,4.5,,,3.0
2024.0,13.0,UT Martin,Lindenwood,-19.5,,,1.0
2024.0,13.0,UTSA,Temple,-16.5,,,3.0
2024.0,13.0,Utah,Iowa State,6.5,,,3.0
2024.0,13.0,Utah State,San Diego State,-5.0,,,3.0
2024.0,13.0,Valparaiso,Davidson,8.0,,,1.0
2024.0,13.0,Villanova,Delaware,1.5,,,1.0
2024.0,13.0,Virginia,SMU,10.5,,,3.0
2024.0,13.0,Wagner,Long Island University,4.5,,,1.0
2024.0,13.0,Weber State,Cal Poly,-14.0,,,1.0
2024.0,13.0,West Virginia,UCF,3.0,,,3.0
2024.0,13.0,Western Illinois,Gardner-Webb,7.0,,,1.0
2024.0,13.0,Wyoming,Boise State,22.0,,,3.0
2024.0,14.0,Abilene Christian,Northern Arizona,2.5,,,1.0
2024.0,14.0,Akron,Toledo,9.5,,,3.0
2024.0,14.0,Alabama,Auburn,-11.0,,,3.0
2024.0,14.0,Arizona,Arizona State,7.5,,,3.0
2024.0,14.0,Arkansas State,Old Dominion,5.5,,,3.0
2024.0,14.0,Army,UTSA,-6.5,,,3.0
2024.0,14.0,Baylor,Kansas,1.5,,,3.0
2024.0,14.0,Boise State,Oregon State,-17.5,,,3.0
2024.0,14.0,Boston College,Pittsburgh,-3.5,,,3.0
2024.0,14.0,Bowling Green,Miami (OH),-3.0,,,3.0
2024.0,14.0,Buffalo,Kent State,-23.5,,,3.0
2024.0,14.0,Charlotte,UAB,-1.0,,,3.0
2024.0,14.0,Cincinnati,TCU,2.5,,,3.0
2024.0,14.0,Clemson,South Carolina,-2.5,,,3.0
2024.0,14.0,Colorado,Oklahoma State,-15.0,,,3.0
2024.0,14.0,Colorado State,Utah State,-5.5,,,3.0
2024.0,14.0,East Carolina,Navy,-2.75,,,2.0
2024.0,14.0,Florida A&M,Alabama A&M,-5.0,,,1.0
2024.0,14.0,Florida International,Middle Tennessee,-9.5,,,3.0
2024.0,14.0,Florida State,Florida,17.0,,,3.0
2024.0,14.0,Georgia,Georgia Tech,-17.5,,,3.0
2024.0,14.0,Georgia Southern,App State,-2.5,,,3.0
2024.0,14.0,Georgia State,Coastal Carolina,-0.5,,,3.0
2024.0,14.0,Hawai'i,New Mexico,6.5,,,3.0
2024.0,14.0,Indiana,Purdue,-28.5,,,3.0
2024.0,14.0,Iowa,Nebraska,-3.0,,,3.0
2024.0,14.0,Iowa State,Kansas State,-2.0,,,3.0
2024.0,14.0,James Madison,Marshall,-3.5,,,3.0
2024.0,14.0,Kentucky,Louisville,4.0,,,3.0
2024.0,14.0,LSU,Oklahoma,-6.0,,,3.0
2024.0,14.0,Louisiana Tech,Kennesaw State,-10.5,,,3.0
2024.0,14.0,Massachusetts,UConn,9.5,,,3.0
2024.0,14.0,Michigan State,Rutgers,-1.5,,,2.0
2024.0,14.0,Missouri,Arkansas,-3.0,,,3.0
2024.0,14.0,Montana,Tennessee State,-18.0,,,1.0
2024.0,14.0,New Hampshire,UT Martin,-0.5,,,1.0
2024.0,14.0,New Mexico State,UTEP,-3.5,,,3.0
2024.0,14.0,North Carolina,NC State,-2.0,,,3.0
2024.0,14.0,Northern Illinois,Central Michigan,-13.5,,,3.0
2024.0,14.0,Northwestern,Illinois,9.0,,,3.0
2024.0,14.0,Ohio,Ball State,-17.5,,,3.0
2024.0,14.0,Ohio State,Michigan,-20.0,,,3.0
2024.0,14.0,Ole Miss,Mississippi State,-26.0,,,3.0
2024.0,14.0,Oregon,Washington,-17.5,,,3.0
2024.0,14.0,Penn State,Maryland,-26.0,,,3.0
2024.0,14.0,Rhode Island,Central Connecticut,-15.0,,,1.0
2024.0,14.0,Rice,South Florida,5.5,,,3.0
2024.0,14.0,Richmond,Lehigh,-10.5,,,1.0
2024.0,14.0,SMU,California,-12.5,,,3.0
2024.0,14.0,Sam Houston,Liberty,2.5,,,3.0
2024.0,14.0,San Diego State,Air Force,6.0,,,3.0
2024.0,14.0,San José State,Stanford,-2.5,,,3.0
2024.0,14.0,South Alabama,Texas State,2.5,,,3.0
2024.0,14.0,Southeast Missouri State,Illinois State,3.0,,,1.0
2024.0,14.0,Southern,Grambling,-3.0,,,1.0
2024.0,14.0,Syracuse,Miami,12.0,,,3.0
2024.0,14.0,Tarleton State,Drake,-18.5,,,1.0
2024.0,14.0,Temple,North Texas,11.0,,,3.0
2024.0,14.0,Texas A&M,Texas,4.5,,,3.0
2024.0,14.0,Texas Tech,West Virginia,-2.5,,,3.0
2024.0,14.0,Troy,Southern Miss,-17.5,,,3.0
2024.0,14.0,Tulane,Memphis,-12.5,,,3.0
2024.0,14.0,Tulsa,Florida Atlantic,-1.0,,,3.0
2024.0,14.0,UCF,Utah,-10.0,,,3.0
2024.0,14.0,UCLA,Fresno State,-7.5,,,3.0
2024.0,14.0,UL Monroe,Louisiana,8.5,,,3.0
2024.0,14.0,UNLV,Nevada,-17.5,,,3.0
2024.0,14.0,USC,Notre Dame,7.0,,,3.0
2024.0,14.0,Vanderbilt,Tennessee,9.5,,,3.0
2024.0,14.0,Villanova,Eastern Kentucky,-9.0,,,1.0
2024.0,14.0,Virginia Tech,Virginia,-4.5,,,3.0
2024.0,14.0,Wake Forest,Duke,3.5,,,3.0
2024.0,14.0,Washington State,Wyoming,-18.5,,,3.0
2024.0,14.0,Western Kentucky,Jacksonville State,0.5,,,3.0
2024.0,14.0,Western Michigan,Eastern Michigan,-6.5,,,3.0
2024.0,14.0,Wisconsin,Minnesota,1.5,,,3.0
2024.0,15.0,Arizona State,Iowa State,1.5,,,3.0
2024.0,15.0,Army,Tulane,5.0,,,3.0
2024.0,15.0,Boise State,UNLV,-4.0,,,3.0
2024.0,15.0,Incarnate Word,Villanova,-11.5,,,1.0
2024.0,15.0,Jackson State,Southern,-13.5,,,1.0
2024.0,15.0,Jacksonville State,Western Kentucky,-4.5,,,3.0
2024.0,15.0,Louisiana,Marshall,-5.0,,,3.0
2024.0,15.0,Mercer,Rhode Island,-7.5,,,1.0
2024.0,15.0,Miami (OH),Ohio,-2.5,,,3.0
2024.0,15.0,Montana State,UT Martin,-19.0,,,1.0
2024.0,15.0,North Dakota State,Abilene Christian,-21.5,,,1.0
2024.0,15.0,Oregon,Penn State,-3.5,,,3.0
2024.0,15.0,SMU,Clemson,-2.5,,,3.0
2024.0,15.0,South Dakota,Tarleton State,-18.5,,,1.0
2024.0,15.0,South Dakota State,Montana,-22.5,,,1.0
2024.0,15.0,Texas,Georgia,-3.0,,,3.0
2024.0,15.0,UC Davis,Illinois State,-10.5,,,1.0
2024.0,16.0,Army,Navy,-6.5,,,3.0
2024.0,16.0,Montana State,Idaho,-14.5,,,2.0
2024.0,16.0,North Dakota State,Mercer,-23.5,,,1.0
2024.0,16.0,South Dakota,UC Davis,-7.0,,,1.0
2024.0,16.0,South Dakota State,Incarnate Word,-20.5,,,1.0
2025.0,1.0,Air Force,Bucknell,-30.75,,,2.0
2025.0,1.0,Akron,Wyoming,5.0,,,3.0
2025.0,1.0,App State,Georgia Southern,10.0,,,3.0
2025.0,1.0,Arizona,Hawai'i,-15.5,,,3.0
2025.0,1.0,Arizona State,Northern Arizona,-30.0,,,2.0
2025.0,1.0,Arkansas,Alabama A&M,-47.0,,,2.0
2025.0,1.0,Arkansas State,Missouri State,-1.5,,,3.0
2025.0,1.0,Arkansas State,Southeast Missouri State,-15.5,,,1.0
2025.0,1.0,Army,Tarleton State,-14.25,,,2.0
2025.0,1.0,Army,UConn,-7.5,,,3.0
2025.0,1.0,Baylor,Auburn,1.0,,,3.0
2025.0,1.0,Boston College,Fordham,-34.75,,,2.0
2025.0,1.0,Bowling Green,Lafayette,-21.25,,,2.0
2025.0,1.0,Charlotte,App State,8.5,,,3.0
2025.0,1.0,Cincinnati,Navy,7.5,,,3.0
2025.0,1.0,Cincinnati,Nebraska,6.0,,,3.0
2025.0,1.0,Clemson,LSU,-5.5,,,3.0
2025.0,1.0,Clemson,Penn State,-2.5,,,3.0
2025.0,1.0,Colgate,Monmouth,14.5,,,1.0
2025.0,1.0,Colorado,Georgia Tech,3.5,,,3.0
2025.0,1.0,Davidson,Georgetown,3.5,,,1.0
2025.0,1.0,Delaware,Delaware State,-30.5,,,2.0
2025.0,1.0,Delaware,Louisiana,1.5,,,3.0
2025.0,1.0,Duke,Arizona State,-4.0,,,3.0
2025.0,1.0,Duke,Elon,-36.5,,,1.0
2025.0,1.0,East Carolina,Pittsburgh,12.5,,,3.0
2025.0,1.0,East Tennessee State,Murray State,-31.0,,,1.0
2025.0,1.0,Eastern Illinois,Dayton,-9.5,,,1.0
2025.0,1.0,Florida,Long Island University,-46.75,,,2.0
2025.0,1.0,Florida A&M,Howard,-7.5,,,1.0
2025.0,1.0,Florida International,Bethune-Cookman,-26.5,,,1.0
2025.0,1.0,Florida State,Alabama,13.5,,,3.0
2025.0,1.0,Fresno State,Georgia Southern,-2.0,,,3.0
2025.0,1.0,Fresno State,Miami (OH),-5.5,,,3.0
2025.0,1.0,Furman,William & Mary,-2.5,,,1.0
2025.0,1.0,Georgia,Marshall,-38.5,,,3.0
2025.0,1.0,Georgia,Ole Miss,-6.0,,,3.0
2025.0,1.0,Hawai'i,California,-1.5,,,3.0
2025.0,1.0,Hawai'i,Stanford,-1.5,,,3.0
2025.0,1.0,Houston,LSU,-1.5,,,3.0
2025.0,1.0,Houston,Stephen F. Austin,-24.0,,,2.0
2025.0,1.0,Illinois,Tennessee,3.0,,,3.0
2025.0,1.0,Illinois,Western Illinois,-48.5,,,2.0
2025.0,1.0,Incarnate Word,Eastern Washington,-10.0,,,1.0
2025.0,1.0,Indiana,Alabama,-7.5,,,3.0
2025.0,1.0,Indiana,Miami,-7.5,,,3.0
2025.0,1.0,Indiana,Old Dominion,-23.5,,,3.0
2025.0,1.0,Indiana,Oregon,-3.0,,,3.0
2025.0,1.0,Iowa,UAlbany,-39.5,,,1.0
2025.0,1.0,Iowa State,South Dakota,-15.0,,,2.0
2025.0,1.0,Jackson State,Hampton,-18.5,,,1.0
2025.0,1.0,Jacksonville State,Troy,-3.0,,,3.0
2025.0,1.0,James Madison,Weber State,-27.0,,,2.0
2025.0,1.0,Kansas,Fresno State,-14.0,,,3.0
2025.0,1.0,Kansas,Wagner,-46.0,,,2.0
2025.0,1.0,Kansas State,Iowa State,-3.0,,,3.0
2025.0,1.0,Kansas State,North Dakota,-27.5,,,2.0
2025.0,1.0,Kent State,Merrimack,-5.5,,,1.0
2025.0,1.0,Kentucky,Toledo,-10.0,,,3.0
2025.0,1.0,Liberty,Maine,-25.5,,,2.0
2025.0,1.0,Louisiana,Rice,-9.5,,,3.0
2025.0,1.0,Louisiana Tech,Coastal Carolina,-10.0,,,3.0
2025.0,1.0,Louisiana Tech,SE Louisiana,-14.5,,,2.0
2025.0,1.0,Louisville,Eastern Kentucky,-37.75,,,2.0
2025.0,1.0,Louisville,Toledo,-11.5,,,3.0
2025.0,1.0,Marist,New Haven,3.5,,,1.0
2025.0,1.0,Maryland,Florida Atlantic,-13.5,,,3.0
2025.0,1.0,Massachusetts,Temple,2.5,,,3.0
2025.0,1.0,Memphis,Chattanooga,-30.5,,,2.0
2025.0,1.0,Mercer,Presbyterian,-22.5,,,1.0
2025.0,1.0,Miami,Notre Dame,2.5,,,3.0
2025.0,1.0,Michigan,New Mexico,-34.5,,,3.0
2025.0,1.0,Michigan State,Western Michigan,-21.5,,,3.0
2025.0,1.0,Middle Tennessee,Austin Peay,-15.5,,,2.0
2025.0,1.0,Minnesota,Buffalo,-16.5,,,3.0
2025.0,1.0,Minnesota,New Mexico,-1.5,,,3.0
2025.0,1.0,Mississippi State,Wake Forest,-3.0,,,3.0
2025.0,1.0,Mississippi Valley State,Southern,12.5,,,1.0
2025.0,1.0,Missouri,Central Arkansas,-39.0,,,2.0
2025.0,1.0,Missouri,Virginia,-4.0,,,3.0
2025.0,1.0,Montana State,Illinois State,-10.5,,,1.0
2025.0,1.0,Montana State,Montana,-5.5,,,2.0
2025.0,1.0,NC State,East Carolina,-13.5,,,3.0
2025.0,1.0,NC State,Memphis,-3.5,,,3.0
2025.0,1.0,Navy,VMI,-42.25,,,2.0
2025.0,1.0,New Mexico State,Bryant,-19.5,,,2.0
2025.0,1.0,Nicholls,Incarnate Word,13.5,,,2.0
2025.0,1.0,Norfolk State,Towson,8.5,,,1.0
2025.0,1.0,North Carolina,TCU,3.5,,,3.0
2025.0,1.0,North Carolina Central,New Hampshire,-4.5,,,1.0
2025.0,1.0,North Texas,Lamar,-27.5,,,2.0
2025.0,1.0,Northern Illinois,Holy Cross,-13.5,,,2.0
2025.0,1.0,Northern Iowa,Butler,-16.5,,,1.0
2025.0,1.0,Northwestern,Central Michigan,-13.5,,,3.0
2025.0,1.0,Northwestern State,Alcorn State,10.5,,,1.0
2025.0,1.0,Ohio,UNLV,6.5,,,3.0
2025.0,1.0,Ohio State,Miami,-7.5,,,3.0
2025.0,1.0,Ohio State,Texas,-2.0,,,3.0
2025.0,1.0,Oklahoma,Alabama,-1.5,,,3.0
2025.0,1.0,Oklahoma,Illinois State,-39.0,,,2.0
2025.0,1.0,Oklahoma State,UT Martin,-26.0,,,1.0
2025.0,1.0,Ole Miss,Georgia State,-33.5,,,3.0
2025.0,1.0,Ole Miss,Miami,3.0,,,3.0
2025.0,1.0,Ole Miss,Tulane,-16.5,,,3.0
2025.0,1.0,Oregon,James Madison,-20.5,,,3.0
2025.0,1.0,Oregon,Montana State,-28.25,,,2.0
2025.0,1.0,Oregon State,California,2.5,,,3.0
2025.0,1.0,Penn State,Nevada,-43.5,,,3.0
2025.0,1.0,Pittsburgh,Duquesne,-39.25,,,2.0
2025.0,1.0,Portland State,Tarleton State,17.0,,,2.0
2025.0,1.0,Prairie View A&M,South Carolina State,-3.0,,,1.0
2025.0,1.0,Purdue,Ball State,-16.5,,,3.0
2025.0,1.0,Rhode Island,Campbell,-11.5,,,1.0
2025.0,1.0,Rutgers,Ohio,-15.5,,,3.0
2025.0,1.0,SMU,Arizona,-2.5,,,3.0
2025.0,1.0,SMU,East Texas A&M,-50.75,,,2.0
2025.0,1.0,Sacred Heart,Stonehill,-6.5,,,1.0
2025.0,1.0,Sam Houston,UNLV,9.0,,,3.0
2025.0,1.0,Samford,West Georgia,-6.5,,,1.0
2025.0,1.0,San Diego,Cal Poly,-1.5,,,1.0
2025.0,1.0,San Diego State,North Texas,7.5,,,3.0
2025.0,1.0,San Diego State,Stony Brook,-19.5,,,1.0
2025.0,1.0,San José State,Central Michigan,-14.5,,,3.0
2025.0,1.0,South Alabama,Morgan State,-28.5,,,2.0
2025.0,1.0,South Carolina,Virginia Tech,-7.5,,,3.0
2025.0,1.0,South Carolina State,Wofford,-9.5,,,1.0
2025.0,1.0,South Dakota State,Sacramento State,-11.5,,,1.0
2025.0,1.0,South Florida,Boise State,5.5,,,3.0
2025.0,1.0,South Florida,Old Dominion,-4.0,,,3.0
2025.0,1.0,Southern,North Carolina Central,10.5,,,1.0
2025.0,1.0,Southern Miss,Mississippi State,14.5,,,3.0
2025.0,1.0,Southern Miss,Western Kentucky,-3.0,,,3.0
2025.0,1.0,Southern Utah,Idaho State,-4.5,,,2.0
2025.0,1.0,St. Thomas (MN),Lindenwood,6.5,,,1.0
2025.0,1.0,TCU,USC,4.5,,,3.0
2025.0,1.0,Tennessee,Syracuse,-13.5,,,3.0
2025.0,1.0,Tennessee State,North Carolina A&T,-6.5,,,1.0
2025.0,1.0,Texas,Michigan,-4.5,,,3.0
2025.0,1.0,Texas A&M,Miami,-3.0,,,3.0
2025.0,1.0,Texas A&M,UTSA,-23.5,,,3.0
2025.0,1.0,Texas Southern,Prairie View A&M,-1.5,,,1.0
2025.0,1.0,Texas State,Eastern Michigan,-14.0,,,3.0
2025.0,1.0,Texas State,Rice,-19.5,,,3.0
2025.0,1.0,Texas Tech,Arkansas-Pine Bluff,-54.5,,,1.0
2025.0,1.0,Texas Tech,Oregon,-1.5,,,3.0
2025.0,1.0,Troy,Nicholls,-18.0,,,2.0
2025.0,1.0,Tulane,Northwestern,-6.5,,,3.0
2025.0,1.0,Tulsa,Abilene Christian,-5.25,,,2.0
2025.0,1.0,UAB,Alabama State,-21.25,,,2.0
2025.0,1.0,UCF,Jacksonville State,-20.5,,,3.0
2025.0,1.0,UCLA,Utah,6.5,,,3.0
2025.0,1.0,UConn,Central Connecticut,-28.75,,,2.0
2025.0,1.0,UL Monroe,St. Francis (PA),-30.75,,,2.0
2025.0,1.0,UNLV,Idaho State,-30.5,,,2.0
2025.0,1.0,USC,Missouri State,-36.5,,,3.0
2025.0,1.0,UTSA,Florida International,-7.0,,,3.0
2025.0,1.0,Utah,Nebraska,-13.5,,,3.0
2025.0,1.0,Utah State,UTEP,-4.5,,,3.0
2025.0,1.0,Utah State,Washington State,-1.5,,,3.0
2025.0,1.0,Utah Tech,UC Davis,18.5,,,1.0
2025.0,1.0,Vanderbilt,Charleston Southern,-38.0,,,2.0
2025.0,1.0,Vanderbilt,Iowa,-3.0,,,3.0
2025.0,1.0,Villanova,Illinois State,-1.5,,,1.0
2025.0,1.0,Virginia,Coastal Carolina,-13.5,,,3.0
2025.0,1.0,Wake Forest,Kennesaw State,-18.5,,,3.0
2025.0,1.0,Washington,Boise State,-10.0,,,3.0
2025.0,1.0,Washington,Colorado State,-22.5,,,3.0
2025.0,1.0,Washington State,Idaho,-16.75,,,2.0
2025.0,1.0,West Virginia,Robert Morris,-41.75,,,2.0
2025.0,1.0,Western Carolina,Gardner-Webb,-6.5,,,1.0
2025.0,1.0,Western Kentucky,North Alabama,-27.5,,,2.0
2025.0,1.0,Western Kentucky,Sam Houston,-9.5,,,3.0
2025.0,1.0,Western Michigan,Kennesaw State,-3.5,,,3.0
2025.0,1.0,Wisconsin,Miami (OH),-18.0,,,3.0
2025.0,1.0,Youngstown State,Mercyhurst,-24.0,,,1.0
2025.0,2.0,Abilene Christian,Stephen F. Austin,2.5,,,1.0
2025.0,2.0,Alabama,UL Monroe,-34.25,,,2.0
2025.0,2.0,Alabama A&M,Alcorn State,-3.5,,,1.0
2025.0,2.0,App State,Lindenwood,-30.5,,,2.0
2025.0,2.0,Arizona,Weber State,-31.5,,,2.0
2025.0,2.0,Arkansas,Arkansas State,-24.0,,,2.0
2025.0,2.0,Auburn,Ball State,-42.75,,,2.0
2025.0,2.0,Boise State,Eastern Washington,-33.25,,,2.0
2025.0,2.0,Buffalo,St. Francis (PA),-37.25,,,2.0
2025.0,2.0,California,Texas Southern,-44.5,,,2.0
2025.0,2.0,Central Arkansas,Arkansas-Pine Bluff,-27.0,,,1.0
2025.0,2.0,Charlotte,North Carolina,15.75,,,2.0
2025.0,2.0,Cincinnati,Bowling Green,-22.0,,,2.0
2025.0,2.0,Clemson,Troy,-30.25,,,2.0
2025.0,2.0,Coastal Carolina,Charleston Southern,-28.0,,,2.0
2025.0,2.0,Colorado,Delaware,-23.5,,,2.0
2025.0,2.0,Colorado State,Northern Colorado,-34.75,,,2.0
2025.0,2.0,Delaware State,UAlbany,12.5,,,1.0
2025.0,2.0,Duke,Illinois,2.5,,,2.0
2025.0,2.0,East Carolina,Campbell,-30.25,,,2.0
2025.0,2.0,Eastern Kentucky,Houston Christian,-18.0,,,1.0
2025.0,2.0,Eastern Michigan,Long Island University,-22.0,,,2.0
2025.0,2.0,Elon,Davidson,-27.5,,,1.0
2025.0,2.0,Florida,South Florida,-18.5,,,2.0
2025.0,2.0,Florida Atlantic,Florida A&M,-21.25,,,2.0
2025.0,2.0,Florida State,East Texas A&M,-44.5,,,2.0
2025.0,2.0,Fordham,Monmouth,14.5,,,1.0
2025.0,2.0,Furman,Presbyterian,-8.5,,,1.0
2025.0,2.0,Georgetown,Wagner,-16.0,,,1.0
2025.0,2.0,Georgia,Austin Peay,-46.75,,,2.0
2025.0,2.0,Georgia State,Memphis,15.0,,,2.0
2025.0,2.0,Georgia Tech,Gardner-Webb,-37.5,,,2.0
2025.0,2.0,Hawai'i,Sam Houston,-7.25,,,2.0
2025.0,2.0,Idaho,St. Thomas (MN),-21.5,,,1.0
2025.0,2.0,Illinois State,Morehead State,-31.5,,,1.0
2025.0,2.0,Indiana,Kennesaw State,-35.5,,,2.0
2025.0,2.0,Indiana State,Eastern Illinois,-3.5,,,1.0
2025.0,2.0,Iowa State,Iowa,-3.0,,,3.0
2025.0,2.0,Jacksonville State,Liberty,6.25,,,2.0
2025.0,2.0,Kansas State,Army,-16.75,,,2.0
2025.0,2.0,Kentucky,Ole Miss,7.75,,,2.0
2025.0,2.0,LSU,Louisiana Tech,-36.5,,,2.0
2025.0,2.0,Lamar,South Dakota,17.0,,,1.0
2025.0,2.0,Lehigh,Sacred Heart,-20.0,,,1.0
2025.0,2.0,Louisiana,McNeese,-19.25,,,2.0
2025.0,2.0,Louisville,James Madison,-15.25,,,2.0
2025.0,2.0,Marist,Bucknell,12.0,,,1.0
2025.0,2.0,Marshall,Missouri State,-7.25,,,2.0
2025.0,2.0,Maryland,Northern Illinois,-16.75,,,2.0
2025.0,2.0,Massachusetts,Bryant,-15.5,,,2.0
2025.0,2.0,Mercyhurst,New Haven,-12.5,,,1.0
2025.0,2.0,Miami,Bethune-Cookman,-54.5,,,1.0
2025.0,2.0,Michigan State,Boston College,-3.5,,,2.0
2025.0,2.0,Minnesota,Northwestern State,-43.0,,,1.0
2025.0,2.0,Mississippi State,Arizona State,5.75,,,2.0
2025.0,2.0,Missouri,Kansas,-6.5,,,3.0
2025.0,2.0,Montana State,South Dakota State,3.0,,,1.0
2025.0,2.0,Morgan State,Towson,10.0,,,1.0
2025.0,2.0,Murray State,SE Louisiana,21.5,,,1.0
2025.0,2.0,NC State,Virginia,-2.75,,,2.0
2025.0,2.0,Navy,UAB,-21.5,,,2.0
2025.0,2.0,Nebraska,Akron,-33.75,,,2.0
2025.0,2.0,Nevada,Sacramento State,-8.75,,,2.0
2025.0,2.0,New Hampshire,Holy Cross,-1.5,,,1.0
2025.0,2.0,New Mexico,Idaho State,-17.5,,,2.0
2025.0,2.0,New Mexico State,Tulsa,3.25,,,2.0
2025.0,2.0,Nicholls,West Georgia,-6.5,,,1.0
2025.0,2.0,North Dakota,Portland State,-36.5,,,1.0
2025.0,2.0,Northern Arizona,Utah Tech,-21.0,,,1.0
2025.0,2.0,Northwestern,Western Illinois,-31.0,,,2.0
2025.0,2.0,Ohio,West Virginia,3.5,,,2.0
2025.0,2.0,Ohio State,Grambling,-53.5,,,2.0
2025.0,2.0,Oklahoma,Michigan,-3.5,,,3.0
2025.0,2.0,Old Dominion,North Carolina Central,-21.75,,,2.0
2025.0,2.0,Oregon,Oklahoma State,-28.5,,,2.0
2025.0,2.0,Oregon State,Fresno State,-1.25,,,2.0
2025.0,2.0,Penn State,Florida International,-41.75,,,2.0
2025.0,2.0,Pittsburgh,Central Michigan,-21.5,,,2.0
2025.0,2.0,Purdue,Southern Illinois,-21.0,,,2.0
2025.0,2.0,Rice,Houston,13.5,,,2.0
2025.0,2.0,Rutgers,Miami (OH),-15.5,,,2.0
2025.0,2.0,SMU,Baylor,-2.75,,,2.0
2025.0,2.0,Samford,The Citadel,-2.5,,,1.0
2025.0,2.0,San Diego,Southern Utah,20.5,,,1.0
2025.0,2.0,South Alabama,Tulane,13.5,,,2.0
2025.0,2.0,South Carolina,South Carolina State,-42.75,,,2.0
2025.0,2.0,Southeast Missouri State,North Alabama,-15.5,,,1.0
2025.0,2.0,Southern,Alabama State,6.5,,,1.0
2025.0,2.0,Southern Miss,Jackson State,-13.5,,,2.0
2025.0,2.0,Stonehill,Lafayette,14.0,,,1.0
2025.0,2.0,Stony Brook,Rhode Island,7.0,,,1.0
2025.0,2.0,Syracuse,UConn,-7.25,,,2.0
2025.0,2.0,Tarleton State,Mississippi Valley State,-44.5,,,1.0
2025.0,2.0,Temple,Howard,-27.75,,,2.0
2025.0,2.0,Tennessee,East Tennessee State,-40.0,,,2.0
2025.0,2.0,Tennessee State,North Dakota State,32.5,,,1.0
2025.0,2.0,Tennessee Tech,Chattanooga,-5.5,,,1.0
2025.0,2.0,Texas,San José State,-36.75,,,2.0
2025.0,2.0,Texas A&M,Utah State,-34.5,,,2.0
2025.0,2.0,Texas Tech,Kent State,-48.0,,,2.0
2025.0,2.0,Toledo,Western Kentucky,-8.0,,,2.0
2025.0,2.0,UCF,North Carolina A&T,-37.5,,,2.0
2025.0,2.0,UNLV,UCLA,2.5,,,2.0
2025.0,2.0,USC,Georgia Southern,-28.75,,,2.0
2025.0,2.0,UTEP,UT Martin,-7.5,,,2.0
2025.0,2.0,UTSA,Texas State,-4.5,,,2.0
2025.0,2.0,Utah,Cal Poly,-42.5,,,2.0
2025.0,2.0,Villanova,Colgate,-20.0,,,1.0
2025.0,2.0,Virginia Tech,Vanderbilt,-2.0,,,2.0
2025.0,2.0,Wake Forest,Western Carolina,-17.5,,,2.0
2025.0,2.0,Washington,UC Davis,-28.75,,,2.0
2025.0,2.0,Washington State,San Diego State,-2.25,,,2.0
2025.0,2.0,Western Michigan,North Texas,12.25,,,2.0
2025.0,2.0,William & Mary,Maine,-7.0,,,1.0
2025.0,2.0,Wisconsin,Middle Tennessee,-28.5,,,2.0
2025.0,2.0,Wofford,Richmond,6.5,,,1.0
2025.0,2.0,Wyoming,Northern Iowa,-13.75,,,2.0
2025.0,2.0,Youngstown State,Robert Morris,-19.5,,,1.0
2025.0,3.0,Alabama,Wisconsin,-18.5,,,3.0
2025.0,3.0,Arizona,Kansas State,1.5,,,3.0
2025.0,3.0,Arizona State,Texas State,-18.5,,,3.0
2025.0,3.0,Arkansas State,Iowa State,21.0,,,3.0
2025.0,3.0,Auburn,South Alabama,-26.5,,,3.0
2025.0,3.0,Austin Peay,Morehead State,-25.5,,,1.0
2025.0,3.0,Ball State,New Hampshire,-3.0,,,3.0
2025.0,3.0,Baylor,Samford,-52.0,,,3.0
2025.0,3.0,Bowling Green,Liberty,6.0,,,3.0
2025.0,3.0,Bucknell,VMI,-8.5,,,1.0
2025.0,3.0,California,Minnesota,3.0,,,3.0
2025.0,3.0,Campbell,Furman,1.5,,,1.0
2025.0,3.0,Central Arkansas,Tarleton State,13.0,,,1.0
2025.0,3.0,Central Connecticut,St. Francis (PA),-11.5,,,1.0
2025.0,3.0,Charleston Southern,Lindenwood,2.5,,,1.0
2025.0,3.0,Charlotte,Monmouth,-2.5,,,3.0
2025.0,3.0,Chattanooga,Stetson,-27.5,,,1.0
2025.0,3.0,Cincinnati,Northwestern State,-48.5,,,2.0
2025.0,3.0,Coastal Carolina,East Carolina,7.0,,,3.0
2025.0,3.0,Delaware,UConn,8.5,,,3.0
2025.0,3.0,Duquesne,Lehigh,7.5,,,1.0
2025.0,3.0,Eastern Illinois,Illinois State,20.5,,,1.0
2025.0,3.0,Florida International,Florida Atlantic,-2.0,,,3.0
2025.0,3.0,Fresno State,Southern,-37.5,,,3.0
2025.0,3.0,Gardner-Webb,The Citadel,-3.5,,,1.0
2025.0,3.0,Georgetown,Lafayette,-1.5,,,1.0
2025.0,3.0,Georgia Southern,Jacksonville State,-3.0,,,3.0
2025.0,3.0,Georgia State,Murray State,-31.5,,,3.0
2025.0,3.0,Georgia Tech,Clemson,3.0,,,3.0
2025.0,3.0,Hawai'i,Portland State,-36.5,,,3.0
2025.0,3.0,Holy Cross,Rhode Island,3.5,,,1.0
2025.0,3.0,Houston,Colorado,-4.0,,,3.0
2025.0,3.0,Idaho,Utah Tech,-16.5,,,1.0
2025.0,3.0,Illinois,Western Michigan,-27.5,,,3.0
2025.0,3.0,Indiana,Indiana State,-47.5,,,2.0
2025.0,3.0,Iowa,Massachusetts,-35.5,,,3.0
2025.0,3.0,Kennesaw State,Merrimack,-17.5,,,3.0
2025.0,3.0,Kent State,Buffalo,24.0,,,3.0
2025.0,3.0,Kentucky,Eastern Michigan,-26.5,,,3.0
2025.0,3.0,LSU,Florida,-5.0,,,3.0
2025.0,3.0,Long Island University,Sacred Heart,-13.5,,,1.0
2025.0,3.0,Louisiana Tech,New Mexico State,-10.0,,,3.0
2025.0,3.0,Maine,Stonehill,-21.0,,,1.0
2025.0,3.0,Marshall,Eastern Kentucky,-15.0,,,3.0
2025.0,3.0,Maryland,Towson,-28.5,,,3.0
2025.0,3.0,McNeese,Weber State,3.0,,,1.0
2025.0,3.0,Mercer,Wofford,-10.5,,,1.0
2025.0,3.0,Miami,South Florida,-17.5,,,3.0
2025.0,3.0,Michigan,Central Michigan,-27.5,,,3.0
2025.0,3.0,Michigan State,Youngstown State,-23.5,,,3.0
2025.0,3.0,Mississippi State,Alcorn State,-42.75,,,2.0
2025.0,3.0,Missouri,Louisiana,-27.5,,,3.0
2025.0,3.0,Missouri State,SMU,28.5,,,3.0
2025.0,3.0,Montana,North Dakota,-1.5,,,1.0
2025.0,3.0,Montana State,San Diego,-31.0,,,1.0
2025.0,3.0,Nebraska,Houston Christian,-48.5,,,3.0
2025.0,3.0,Nevada,Middle Tennessee,-9.5,,,3.0
2025.0,3.0,North Carolina,Richmond,-24.5,,,3.0
2025.0,3.0,North Carolina A&T,Hampton,3.0,,,1.0
2025.0,3.0,North Dakota State,Southeast Missouri State,-31.5,,,1.0
2025.0,3.0,North Texas,Washington State,-6.5,,,3.0
2025.0,3.0,Northern Iowa,Eastern Washington,-4.5,,,1.0
2025.0,3.0,Northwestern,Oregon,25.5,,,3.0
2025.0,3.0,Notre Dame,Texas A&M,-6.5,,,3.0
2025.0,3.0,Ohio State,Ohio,-28.5,,,3.0
2025.0,3.0,Ole Miss,Arkansas,-3.5,,,3.0
2025.0,3.0,Penn State,Villanova,-47.5,,,3.0
2025.0,3.0,Purdue,USC,20.5,,,3.0
2025.0,3.0,Rice,Prairie View A&M,-29.5,,,3.0
2025.0,3.0,Rutgers,Norfolk State,-44.5,,,3.0
2025.0,3.0,SE Louisiana,Mississippi Valley State,-32.5,,,1.0
2025.0,3.0,Sacramento State,Mercyhurst,-21.5,,,1.0
2025.0,3.0,South Carolina,Vanderbilt,-3.0,,,3.0
2025.0,3.0,South Carolina State,Bethune-Cookman,-18.0,,,1.0
2025.0,3.0,South Dakota,Northern Colorado,-21.5,,,1.0
2025.0,3.0,South Dakota State,Drake,-34.0,,,1.0
2025.0,3.0,Southern Miss,App State,3.0,,,3.0
2025.0,3.0,Southern Utah,Northern Arizona,3.5,,,1.0
2025.0,3.0,Stanford,Boston College,14.0,,,3.0
2025.0,3.0,Stony Brook,Fordham,-4.0,,,1.0
2025.0,3.0,Syracuse,Colgate,-36.5,,,3.0
2025.0,3.0,TCU,Abilene Christian,-42.0,,,3.0
2025.0,3.0,Temple,Oklahoma,23.5,,,3.0
2025.0,3.0,Tennessee,Georgia,3.5,,,3.0
2025.0,3.0,Tennessee State,Alabama A&M,1.0,,,1.0
2025.0,3.0,Tennessee Tech,Davidson,-40.5,,,1.0
2025.0,3.0,Texas,UTEP,-39.5,,,3.0
2025.0,3.0,Texas Southern,Lamar,9.5,,,1.0
2025.0,3.0,Texas Tech,Oregon State,-24.0,,,3.0
2025.0,3.0,Toledo,Morgan State,-33.5,,,3.0
2025.0,3.0,Troy,Memphis,4.5,,,3.0
2025.0,3.0,Tulane,Duke,-1.5,,,3.0
2025.0,3.0,Tulsa,Navy,13.5,,,3.0
2025.0,3.0,UAB,Akron,-12.5,,,3.0
2025.0,3.0,UAlbany,New Haven,-19.5,,,1.0
2025.0,3.0,UCLA,New Mexico,-15.5,,,3.0
2025.0,3.0,UT Martin,Southern Illinois,3.0,,,1.0
2025.0,3.0,UTSA,Incarnate Word,-21.0,,,3.0
2025.0,3.0,Utah State,Air Force,4.0,,,3.0
2025.0,3.0,Virginia,William & Mary,-30.5,,,3.0
2025.0,3.0,Virginia Tech,Old Dominion,-5.5,,,3.0
2025.0,3.0,Wagner,Marist,-7.5,,,1.0
2025.0,3.0,Wake Forest,NC State,7.5,,,3.0
2025.0,3.0,West Georgia,East Tennessee State,-5.5,,,1.0
2025.0,3.0,West Virginia,Pittsburgh,7.0,,,3.0
2025.0,3.0,Western Carolina,Elon,2.5,,,1.0
2025.0,3.0,Western Illinois,Valparaiso,-17.0,,,1.0
2025.0,3.0,Wyoming,Utah,24.5,,,3.0
2025.0,4.0,Abilene Christian,Austin Peay,2.0,,,1.0
2025.0,4.0,Air Force,Boise State,11.0,,,3.0
2025.0,4.0,Akron,Duquesne,-10.5,,,3.0
2025.0,4.0,Army,North Texas,2.5,,,3.0
2025.0,4.0,Baylor,Arizona State,-3.0,,,3.0
2025.0,4.0,Brown,Georgetown,3.5,,,1.0
2025.0,4.0,Bucknell,Lehigh,14.0,,,1.0
2025.0,4.0,Buffalo,Troy,-5.5,,,3.0
2025.0,4.0,Campbell,Bryant,1.5,,,1.0
2025.0,4.0,Central Michigan,Wagner,-29.5,,,3.0
2025.0,4.0,Charlotte,Rice,1.5,,,3.0
2025.0,4.0,Clemson,Syracuse,-17.5,,,3.0
2025.0,4.0,Colgate,Fordham,-7.0,,,1.0
2025.0,4.0,Colorado,Wyoming,-12.5,,,3.0
2025.0,4.0,Colorado State,UTSA,5.0,,,3.0
2025.0,4.0,Dartmouth,New Hampshire,2.0,,,1.0
2025.0,4.0,Duke,NC State,-3.0,,,3.0
2025.0,4.0,East Carolina,BYU,6.5,,,3.0
2025.0,4.0,East Tennessee State,Elon,-2.0,,,1.0
2025.0,4.0,Eastern Michigan,Louisiana,2.5,,,3.0
2025.0,4.0,Eastern Washington,Western Illinois,-13.0,,,1.0
2025.0,4.0,Florida International,Delaware,-4.0,,,3.0
2025.0,4.0,Florida State,Kent State,-45.0,,,3.0
2025.0,4.0,Georgia Southern,Maine,-22.0,,,3.0
2025.0,4.0,Georgia Tech,Temple,-24.5,,,3.0
2025.0,4.0,Grambling,East Texas A&M,3.5,,,1.0
2025.0,4.0,Hawai'i,Fresno State,2.5,,,3.0
2025.0,4.0,Houston Christian,Northern Colorado,-1.5,,,1.0
2025.0,4.0,Howard,Hampton,3.0,,,1.0
2025.0,4.0,Illinois State,North Alabama,-17.0,,,1.0
2025.0,4.0,Indiana,Illinois,-7.0,,,3.0
2025.0,4.0,Jacksonville State,Murray State,-35.5,,,3.0
2025.0,4.0,Kansas,West Virginia,-12.5,,,3.0
2025.0,4.0,Kennesaw State,Arkansas State,4.5,,,3.0
2025.0,4.0,LSU,SE Louisiana,-48.75,,,2.0
2025.0,4.0,Lafayette,Columbia,-3.5,,,1.0
2025.0,4.0,Liberty,James Madison,7.5,,,3.0
2025.0,4.0,Lindenwood,Stony Brook,3.5,,,1.0
2025.0,4.0,Louisiana Tech,Southern Miss,-3.0,,,3.0
2025.0,4.0,Louisville,Bowling Green,-26.5,,,3.0
2025.0,4.0,Memphis,Arkansas,7.0,,,3.0
2025.0,4.0,Merrimack,Central Connecticut,-1.5,,,1.0
2025.0,4.0,Miami,Florida,-8.5,,,3.0
2025.0,4.0,Miami (OH),UNLV,1.5,,,3.0
2025.0,4.0,Middle Tennessee,Marshall,2.5,,,3.0
2025.0,4.0,Mississippi State,Northern Illinois,-24.0,,,3.0
2025.0,4.0,Missouri,South Carolina,-10.0,,,3.0
2025.0,4.0,Missouri State,UT Martin,-14.5,,,3.0
2025.0,4.0,Monmouth,Villanova,-3.5,,,1.0
2025.0,4.0,Montana,Indiana State,-21.0,,,1.0
2025.0,4.0,Montana State,Mercyhurst,-29.5,,,1.0
2025.0,4.0,Nebraska,Michigan,1.5,,,3.0
2025.0,4.0,Norfolk State,Sacred Heart,-1.0,,,1.0
2025.0,4.0,North Carolina A&T,North Carolina Central,13.0,,,1.0
2025.0,4.0,North Dakota,Valparaiso,-44.0,,,1.0
2025.0,4.0,Northern Arizona,Incarnate Word,-5.5,,,1.0
2025.0,4.0,Notre Dame,Purdue,-24.5,,,3.0
2025.0,4.0,Ohio,Gardner-Webb,-30.5,,,3.0
2025.0,4.0,Oklahoma,Auburn,-6.5,,,3.0
2025.0,4.0,Oklahoma State,Tulsa,-10.0,,,3.0
2025.0,4.0,Ole Miss,Tulane,-12.5,,,3.0
2025.0,4.0,Oregon,Oregon State,-34.0,,,3.0
2025.0,4.0,Prairie View A&M,Northwestern State,-10.5,,,1.0
2025.0,4.0,Princeton,San Diego,-7.5,,,1.0
2025.0,4.0,Rhode Island,Long Island University,-16.5,,,1.0
2025.0,4.0,Richmond,VMI,-17.0,,,1.0
2025.0,4.0,Robert Morris,Dayton,-2.5,,,1.0
2025.0,4.0,Rutgers,Iowa,2.5,,,3.0
2025.0,4.0,Sacramento State,Central Arkansas,-15.5,,,1.0
2025.0,4.0,San Diego State,California,14.0,,,3.0
2025.0,4.0,San José State,Idaho,-14.0,,,3.0
2025.0,4.0,South Alabama,Coastal Carolina,-14.5,,,3.0
2025.0,4.0,South Dakota,Drake,-17.0,,,1.0
2025.0,4.0,South Florida,South Carolina State,-36.0,,,3.0
2025.0,4.0,Southeast Missouri State,Southern Illinois,5.5,,,1.0
2025.0,4.0,St. Francis (PA),Delaware State,7.5,,,1.0
2025.0,4.0,Stephen F. Austin,Cal Poly,-10.5,,,1.0
2025.0,4.0,Stetson,Harvard,35.5,,,1.0
2025.0,4.0,Stonehill,Pennsylvania,17.5,,,1.0
2025.0,4.0,TCU,SMU,-6.5,,,3.0
2025.0,4.0,Tarleton State,Chattanooga,-27.0,,,1.0
2025.0,4.0,Tennessee,UAB,-39.0,,,3.0
2025.0,4.0,Texas,Sam Houston,-39.5,,,3.0
2025.0,4.0,Texas State,Nicholls,-32.5,,,3.0
2025.0,4.0,The Citadel,Mercer,2.5,,,1.0
2025.0,4.0,Towson,Youngstown State,3.0,,,1.0
2025.0,4.0,UAlbany,Cornell,3.0,,,1.0
2025.0,4.0,UC Davis,Southern Utah,-6.5,,,1.0
2025.0,4.0,UCF,North Carolina,-7.0,,,3.0
2025.0,4.0,UConn,Ball State,-21.0,,,3.0
2025.0,4.0,USC,Michigan State,-18.5,,,3.0
2025.0,4.0,UTEP,UL Monroe,-5.5,,,3.0
2025.0,4.0,Utah,Texas Tech,-3.5,,,3.0
2025.0,4.0,Utah State,McNeese,-23.5,,,3.0
2025.0,4.0,Utah Tech,Northern Iowa,6.5,,,1.0
2025.0,4.0,Vanderbilt,Georgia State,-27.5,,,3.0
2025.0,4.0,Virginia,Stanford,-16.5,,,3.0
2025.0,4.0,Virginia Tech,Wofford,-35.0,,,2.0
2025.0,4.0,Washington State,Washington,21.0,,,3.0
2025.0,4.0,Weber State,Butler,-16.0,,,1.0
2025.0,4.0,West Georgia,Eastern Kentucky,-10.5,,,1.0
2025.0,4.0,Western Carolina,Samford,-10.5,,,1.0
2025.0,4.0,Western Kentucky,Nevada,-7.5,,,3.0
2025.0,4.0,Western Michigan,Toledo,13.0,,,3.0
2025.0,4.0,William & Mary,Charleston Southern,-11.5,,,1.0
2025.0,4.0,Wisconsin,Maryland,-10.5,,,3.0
2025.0,4.0,Yale,Holy Cross,-6.5,,,1.0
2025.0,5.0,Air Force,Hawai'i,-7.0,,,3.0
2025.0,5.0,Alcorn State,Arkansas-Pine Bluff,7.0,,,1.0
2025.0,5.0,Arizona State,TCU,-3.0,,,3.0
2025.0,5.0,Arkansas,Notre Dame,5.5,,,3.0
2025.0,5.0,Austin Peay,Utah Tech,-14.0,,,1.0
2025.0,5.0,Bethune-Cookman,Alabama A&M,4.5,,,1.0
2025.0,5.0,Boise State,App State,-16.5,,,3.0
2025.0,5.0,Boston College,California,-6.0,,,3.0
2025.0,5.0,Bryant,Towson,9.5,,,1.0
2025.0,5.0,Bucknell,St. Francis (PA),-18.5,,,1.0
2025.0,5.0,Buffalo,UConn,3.0,,,3.0
2025.0,5.0,Butler,Marist,-6.5,,,1.0
2025.0,5.0,Campbell,Western Carolina,6.5,,,1.0
2025.0,5.0,Central Connecticut,Dartmouth,7.5,,,1.0
2025.0,5.0,Central Michigan,Eastern Michigan,-3.0,,,3.0
2025.0,5.0,Charleston Southern,South Carolina State,10.5,,,1.0
2025.0,5.0,Chattanooga,The Citadel,-15.5,,,1.0
2025.0,5.0,Colorado,BYU,6.5,,,3.0
2025.0,5.0,Colorado State,Washington State,-4.5,,,3.0
2025.0,5.0,Columbia,Georgetown,-11.5,,,1.0
2025.0,5.0,Dayton,Stetson,-25.5,,,1.0
2025.0,5.0,Duquesne,New Haven,-18.0,,,1.0
2025.0,5.0,East Carolina,Army,-3.5,,,3.0
2025.0,5.0,East Tennessee State,Mercer,2.0,,,1.0
2025.0,5.0,East Texas A&M,North Carolina Central,14.5,,,1.0
2025.0,5.0,Eastern Kentucky,Nicholls,-2.5,,,1.0
2025.0,5.0,Elon,Hampton,-17.5,,,1.0
2025.0,5.0,Florida A&M,Alabama State,4.0,,,1.0
2025.0,5.0,Florida Atlantic,Memphis,14.0,,,3.0
2025.0,5.0,Fordham,Holy Cross,14.5,,,1.0
2025.0,5.0,Georgia,Alabama,-2.5,,,3.0
2025.0,5.0,Harvard,Brown,-16.5,,,1.0
2025.0,5.0,Illinois,USC,6.5,,,3.0
2025.0,5.0,Incarnate Word,Abilene Christian,-2.0,,,1.0
2025.0,5.0,Iowa,Indiana,9.5,,,3.0
2025.0,5.0,Iowa State,Arizona,-4.0,,,3.0
2025.0,5.0,James Madison,Georgia Southern,-15.0,,,3.0
2025.0,5.0,Kansas,Cincinnati,-5.5,,,3.0
2025.0,5.0,Kansas State,UCF,-6.0,,,3.0
2025.0,5.0,Kennesaw State,Middle Tennessee,-7.0,,,3.0
2025.0,5.0,Lafayette,Princeton,-7.0,,,1.0
2025.0,5.0,Lamar,Central Arkansas,-6.5,,,1.0
2025.0,5.0,Lehigh,Pennsylvania,-9.5,,,1.0
2025.0,5.0,Louisiana,Marshall,2.5,,,3.0
2025.0,5.0,Maine,North Carolina A&T,-13.5,,,1.0
2025.0,5.0,Miami (OH),Lindenwood,-22.5,,,3.0
2025.0,5.0,Minnesota,Rutgers,-3.5,,,3.0
2025.0,5.0,Mississippi State,Tennessee,7.5,,,3.0
2025.0,5.0,Mississippi Valley State,Texas Southern,13.5,,,1.0
2025.0,5.0,Missouri,Massachusetts,-44.5,,,3.0
2025.0,5.0,Missouri State,Western Kentucky,3.5,,,3.0
2025.0,5.0,Montana,Idaho,-7.5,,,1.0
2025.0,5.0,Montana State,Eastern Washington,-21.0,,,1.0
2025.0,5.0,NC State,Virginia Tech,-10.0,,,3.0
2025.0,5.0,Navy,Rice,-14.0,,,3.0
2025.0,5.0,New Hampshire,UAlbany,-13.0,,,1.0
2025.0,5.0,New Mexico,New Mexico State,-16.5,,,3.0
2025.0,5.0,North Dakota State,South Dakota,-25.5,,,1.0
2025.0,5.0,North Texas,South Alabama,-13.0,,,3.0
2025.0,5.0,Northern Colorado,Idaho State,3.5,,,1.0
2025.0,5.0,Northern Illinois,San Diego State,1.5,,,3.0
2025.0,5.0,Northwestern,UCLA,-6.0,,,3.0
2025.0,5.0,Ohio,Bowling Green,-7.5,,,3.0
2025.0,5.0,Oklahoma State,Baylor,21.0,,,3.0
2025.0,5.0,Old Dominion,Liberty,-14.5,,,3.0
2025.0,5.0,Ole Miss,LSU,-2.5,,,3.0
2025.0,5.0,Oregon State,Houston,11.5,,,3.0
2025.0,5.0,Penn State,Oregon,-4.0,,,3.0
2025.0,5.0,Pittsburgh,Louisville,3.0,,,3.0
2025.0,5.0,Portland State,Northern Arizona,21.0,,,1.0
2025.0,5.0,Prairie View A&M,Grambling,3.0,,,1.0
2025.0,5.0,Presbyterian,Morehead State,-23.5,,,1.0
2025.0,5.0,Richmond,Howard,-16.0,,,1.0
2025.0,5.0,SE Louisiana,UT Rio Grande Valley,-18.0,,,1.0
2025.0,5.0,Sacramento State,Cal Poly,-18.0,,,1.0
2025.0,5.0,Sacred Heart,Delaware State,5.0,,,1.0
2025.0,5.0,Samford,Furman,7.0,,,1.0
2025.0,5.0,San Diego,St. Thomas (MN),-1.0,,,1.0
2025.0,5.0,South Carolina,Kentucky,-5.5,,,3.0
2025.0,5.0,South Dakota State,Mercyhurst,-32.5,,,1.0
2025.0,5.0,Southern,Jackson State,9.5,,,1.0
2025.0,5.0,Southern Miss,Jacksonville State,-4.5,,,3.0
2025.0,5.0,Southern Utah,West Georgia,1.0,,,1.0
2025.0,5.0,Stanford,San José State,-3.0,,,3.0
2025.0,5.0,Stephen F. Austin,McNeese,-13.5,,,1.0
2025.0,5.0,Stonehill,Long Island University,6.0,,,1.0
2025.0,5.0,Stony Brook,Merrimack,-7.0,,,1.0
2025.0,5.0,Syracuse,Duke,4.0,,,3.0
2025.0,5.0,Tennessee State,Tennessee Tech,31.5,,,1.0
2025.0,5.0,Texas A&M,Auburn,-6.5,,,3.0
2025.0,5.0,Toledo,Akron,-21.5,,,3.0
2025.0,5.0,Tulsa,Tulane,14.5,,,3.0
2025.0,5.0,UC Davis,Weber State,-16.5,,,1.0
2025.0,5.0,UL Monroe,Arkansas State,-1.5,,,3.0
2025.0,5.0,UT Martin,Southeast Missouri State,3.0,,,1.0
2025.0,5.0,UTEP,Louisiana Tech,3.5,,,3.0
2025.0,5.0,Vanderbilt,Utah State,-23.5,,,3.0
2025.0,5.0,Villanova,William & Mary,-6.5,,,1.0
2025.0,5.0,Virginia,Florida State,7.0,,,3.0
2025.0,5.0,Wagner,Norfolk State,2.5,,,1.0
2025.0,5.0,Wake Forest,Georgia Tech,13.0,,,3.0
2025.0,5.0,Washington,Ohio State,9.5,,,3.0
2025.0,5.0,West Virginia,Utah,13.5,,,3.0
2025.0,5.0,Western Illinois,Eastern Illinois,-2.5,,,1.0
2025.0,5.0,Western Michigan,Rhode Island,-7.5,,,3.0
2025.0,5.0,Yale,Cornell,-19.5,,,1.0
2025.0,6.0,Abilene Christian,North Alabama,-11.5,,,1.0
2025.0,6.0,Akron,Central Michigan,7.0,,,3.0
2025.0,6.0,Alabama,Vanderbilt,-13.5,,,3.0
2025.0,6.0,Alabama A&M,Jackson State,14.5,,,1.0
2025.0,6.0,Alabama State,Bethune-Cookman,-13.0,,,1.0
2025.0,6.0,Alcorn State,Prairie View A&M,3.0,,,1.0
2025.0,6.0,App State,Oregon State,-2.0,,,3.0
2025.0,6.0,Arizona,Oklahoma State,-21.5,,,3.0
2025.0,6.0,Arkansas State,Texas State,14.0,,,3.0
2025.0,6.0,Ball State,Ohio,14.0,,,3.0
2025.0,6.0,Baylor,Kansas State,-4.5,,,3.0
2025.0,6.0,Brown,Rhode Island,14.5,,,1.0
2025.0,6.0,Bryant,Maine,-2.5,,,1.0
2025.0,6.0,Bucknell,Richmond,5.0,,,1.0
2025.0,6.0,Buffalo,Eastern Michigan,-9.5,,,3.0
2025.0,6.0,California,Duke,3.5,,,3.0
2025.0,6.0,Central Connecticut,Sacred Heart,-5.5,,,1.0
2025.0,6.0,Cincinnati,Iowa State,-1.5,,,3.0
2025.0,6.0,Cornell,Colgate,1.5,,,1.0
2025.0,6.0,Delaware,Western Kentucky,-2.5,,,3.0
2025.0,6.0,Drake,Valparaiso,-25.0,,,1.0
2025.0,6.0,Duquesne,Stonehill,-7.5,,,1.0
2025.0,6.0,Eastern Illinois,Tennessee State,-5.0,,,1.0
2025.0,6.0,Eastern Washington,Portland State,-11.0,,,1.0
2025.0,6.0,Florida,Texas,4.5,,,3.0
2025.0,6.0,Florida State,Miami,3.5,,,3.0
2025.0,6.0,Fresno State,Nevada,-12.5,,,3.0
2025.0,6.0,Furman,East Tennessee State,-0.5,,,1.0
2025.0,6.0,Gardner-Webb,Charleston Southern,-13.5,,,1.0
2025.0,6.0,Georgetown,Morgan State,2.5,,,1.0
2025.0,6.0,Georgia,Kentucky,-19.5,,,3.0
2025.0,6.0,Georgia State,James Madison,19.5,,,3.0
2025.0,6.0,Hampton,Norfolk State,-4.5,,,1.0
2025.0,6.0,Holy Cross,Harvard,14.0,,,1.0
2025.0,6.0,Houston,Texas Tech,13.0,,,3.0
2025.0,6.0,Idaho State,Montana,13.5,,,1.0
2025.0,6.0,Lafayette,Fordham,-15.5,,,1.0
2025.0,6.0,Lamar,Nicholls,-3.5,,,1.0
2025.0,6.0,Lehigh,Yale,-4.5,,,1.0
2025.0,6.0,Lindenwood,UT Martin,1.5,,,1.0
2025.0,6.0,Louisville,Virginia,-6.5,,,3.0
2025.0,6.0,Marist,San Diego,8.5,,,1.0
2025.0,6.0,Maryland,Washington,5.5,,,3.0
2025.0,6.0,Massachusetts,Western Michigan,12.5,,,3.0
2025.0,6.0,Memphis,Tulsa,-21.0,,,3.0
2025.0,6.0,Mercyhurst,Long Island University,-3.5,,,1.0
2025.0,6.0,Merrimack,Robert Morris,-8.0,,,1.0
2025.0,6.0,Michigan,Wisconsin,-17.5,,,3.0
2025.0,6.0,Monmouth,Delaware State,-21.5,,,1.0
2025.0,6.0,Morehead State,Dayton,9.5,,,1.0
2025.0,6.0,NC State,Campbell,-42.5,,,3.0
2025.0,6.0,Navy,Air Force,-13.5,,,3.0
2025.0,6.0,Nebraska,Michigan State,-12.5,,,3.0
2025.0,6.0,New Hampshire,Villanova,5.5,,,1.0
2025.0,6.0,New Mexico State,Sam Houston,2.0,,,3.0
2025.0,6.0,North Carolina,Clemson,15.5,,,3.0
2025.0,6.0,Northern Arizona,Montana State,7.5,,,1.0
2025.0,6.0,Northern Illinois,Miami (OH),4.5,,,3.0
2025.0,6.0,Northern Iowa,North Dakota,15.0,,,1.0
2025.0,6.0,Northwestern,UL Monroe,-12.5,,,3.0
2025.0,6.0,Northwestern State,East Texas A&M,7.0,,,1.0
2025.0,6.0,Notre Dame,Boise State,-21.5,,,3.0
2025.0,6.0,Ohio State,Minnesota,-23.5,,,3.0
2025.0,6.0,Oklahoma,Kent State,-46.5,,,3.0
2025.0,6.0,Old Dominion,Coastal Carolina,-18.5,,,3.0
2025.0,6.0,Pennsylvania,Dartmouth,3.0,,,1.0
2025.0,6.0,Pittsburgh,Boston College,-6.5,,,3.0
2025.0,6.0,Princeton,Columbia,-3.5,,,1.0
2025.0,6.0,Purdue,Illinois,7.0,,,3.0
2025.0,6.0,Rice,Florida Atlantic,-4.5,,,3.0
2025.0,6.0,SMU,Syracuse,-17.5,,,3.0
2025.0,6.0,San Diego State,Colorado State,-4.5,,,3.0
2025.0,6.0,San José State,New Mexico,-2.0,,,3.0
2025.0,6.0,South Florida,Charlotte,-28.0,,,3.0
2025.0,6.0,St. Thomas (MN),Butler,-6.5,,,1.0
2025.0,6.0,Stetson,Davidson,6.5,,,1.0
2025.0,6.0,TCU,Colorado,-13.5,,,3.0
2025.0,6.0,Tarleton State,Southern Utah,-20.5,,,1.0
2025.0,6.0,Temple,UTSA,6.5,,,3.0
2025.0,6.0,Tennessee Tech,Western Illinois,-35.5,,,1.0
2025.0,6.0,Texas A&M,Mississippi State,-17.5,,,3.0
2025.0,6.0,Texas Southern,Arkansas-Pine Bluff,-6.0,,,1.0
2025.0,6.0,Troy,South Alabama,2.5,,,3.0
2025.0,6.0,UAB,Army,6.5,,,3.0
2025.0,6.0,UAlbany,Stony Brook,7.0,,,1.0
2025.0,6.0,UCF,Kansas,4.0,,,3.0
2025.0,6.0,UCLA,Penn State,24.5,,,3.0
2025.0,6.0,UConn,Florida International,-7.0,,,3.0
2025.0,6.0,Virginia Tech,Wake Forest,-4.5,,,3.0
2025.0,6.0,William & Mary,North Carolina A&T,-20.5,,,1.0
2025.0,6.0,Wofford,Western Carolina,10.5,,,1.0
2025.0,6.0,Wyoming,UNLV,4.5,,,3.0
2025.0,6.0,Youngstown State,South Dakota State,15.0,,,1.0
2025.0,7.0,Akron,Miami (OH),11.5,,,3.0
2025.0,7.0,Alabama A&M,Mississippi Valley State,-21.0,,,1.0
2025.0,7.0,Arizona,BYU,2.5,,,3.0
2025.0,7.0,Army,Charlotte,-17.5,,,3.0
2025.0,7.0,Auburn,Georgia,4.5,,,3.0
2025.0,7.0,Bethune-Cookman,Southern,-1.0,,,1.0
2025.0,7.0,Boise State,New Mexico,-14.5,,,3.0
2025.0,7.0,Boston College,Clemson,14.0,,,3.0
2025.0,7.0,Bowling Green,Toledo,10.5,,,3.0
2025.0,7.0,Bryant,Brown,4.5,,,1.0
2025.0,7.0,Butler,Presbyterian,10.5,,,1.0
2025.0,7.0,Charleston Southern,Tennessee Tech,30.5,,,1.0
2025.0,7.0,Cincinnati,UCF,-10.5,,,3.0
2025.0,7.0,Coastal Carolina,UL Monroe,3.0,,,3.0
2025.0,7.0,Colgate,Richmond,-1.5,,,1.0
2025.0,7.0,Colorado,Iowa State,3.0,,,3.0
2025.0,7.0,Colorado State,Fresno State,5.5,,,3.0
2025.0,7.0,Columbia,Lehigh,12.5,,,1.0
2025.0,7.0,Dartmouth,Yale,-2.5,,,1.0
2025.0,7.0,Davidson,St. Thomas (MN),21.5,,,1.0
2025.0,7.0,Duquesne,St. Francis (PA),-14.5,,,1.0
2025.0,7.0,East Tennessee State,VMI,-16.5,,,1.0
2025.0,7.0,East Texas A&M,Lamar,7.5,,,1.0
2025.0,7.0,Eastern Illinois,Gardner-Webb,4.5,,,1.0
2025.0,7.0,Eastern Kentucky,Austin Peay,10.0,,,1.0
2025.0,7.0,Eastern Michigan,Northern Illinois,1.5,,,3.0
2025.0,7.0,Elon,Villanova,6.5,,,1.0
2025.0,7.0,Florida A&M,North Carolina Central,12.0,,,1.0
2025.0,7.0,Florida Atlantic,UAB,-4.5,,,3.0
2025.0,7.0,Florida State,Pittsburgh,-10.5,,,3.0
2025.0,7.0,Georgia Southern,Southern Miss,3.0,,,3.0
2025.0,7.0,Georgia State,App State,3.0,,,3.0
2025.0,7.0,Georgia Tech,Virginia Tech,-14.0,,,3.0
2025.0,7.0,Grambling,Texas Southern,-3.5,,,1.0
2025.0,7.0,Hampton,Campbell,3.5,,,1.0
2025.0,7.0,Harvard,Cornell,-32.5,,,1.0
2025.0,7.0,Hawai'i,Utah State,1.5,,,3.0
2025.0,7.0,Houston Christian,Northwestern State,-12.5,,,1.0
2025.0,7.0,Idaho,Northern Colorado,-18.5,,,1.0
2025.0,7.0,Illinois,Ohio State,15.0,,,3.0
2025.0,7.0,Indiana State,South Dakota,15.5,,,1.0
2025.0,7.0,Jackson State,Alabama State,-8.5,,,1.0
2025.0,7.0,James Madison,Louisiana,-18.5,,,3.0
2025.0,7.0,Kansas State,TCU,3.0,,,3.0
2025.0,7.0,Kennesaw State,Louisiana Tech,4.5,,,3.0
2025.0,7.0,Kent State,Massachusetts,-1.5,,,3.0
2025.0,7.0,LSU,South Carolina,-8.5,,,3.0
2025.0,7.0,Lafayette,Bucknell,-10.0,,,1.0
2025.0,7.0,Marshall,Old Dominion,14.5,,,3.0
2025.0,7.0,Maryland,Nebraska,7.0,,,3.0
2025.0,7.0,Merrimack,Maine,2.5,,,1.0
2025.0,7.0,Michigan State,UCLA,-7.0,,,3.0
2025.0,7.0,Middle Tennessee,Missouri State,3.0,,,3.0
2025.0,7.0,Minnesota,Purdue,-7.5,,,3.0
2025.0,7.0,Missouri,Alabama,3.0,,,3.0
2025.0,7.0,Montana,Cal Poly,-17.5,,,1.0
2025.0,7.0,Montana State,Idaho State,-22.5,,,1.0
2025.0,7.0,Murray State,Illinois State,23.5,,,1.0
2025.0,7.0,Nevada,San Diego State,6.5,,,3.0
2025.0,7.0,North Alabama,Central Arkansas,4.0,,,1.0
2025.0,7.0,North Carolina A&T,South Carolina State,9.5,,,1.0
2025.0,7.0,North Dakota,Youngstown State,-9.0,,,1.0
2025.0,7.0,North Dakota State,Southern Illinois,-20.0,,,1.0
2025.0,7.0,North Texas,South Florida,-2.5,,,3.0
2025.0,7.0,Notre Dame,NC State,-23.5,,,3.0
2025.0,7.0,Oklahoma State,Houston,14.5,,,3.0
2025.0,7.0,Ole Miss,Washington State,-33.0,,,3.0
2025.0,7.0,Oregon,Indiana,-7.0,,,3.0
2025.0,7.0,Oregon State,Wake Forest,1.5,,,3.0
2025.0,7.0,Penn State,Northwestern,-20.5,,,3.0
2025.0,7.0,Pennsylvania,Marist,-16.5,,,1.0
2025.0,7.0,Princeton,Mercer,9.5,,,1.0
2025.0,7.0,Rhode Island,New Hampshire,-9.5,,,1.0
2025.0,7.0,Robert Morris,Central Connecticut,9.5,,,1.0
2025.0,7.0,SMU,Stanford,-19.5,,,3.0
2025.0,7.0,Sacred Heart,Howard,-2.5,,,1.0
2025.0,7.0,Sam Houston,Jacksonville State,7.0,,,3.0
2025.0,7.0,San Diego,Drake,-1.5,,,1.0
2025.0,7.0,South Dakota State,Northern Iowa,-28.5,,,1.0
2025.0,7.0,Southeast Missouri State,Tennessee State,-16.5,,,1.0
2025.0,7.0,Stetson,Morehead State,7.0,,,1.0
2025.0,7.0,Temple,Navy,10.0,,,3.0
2025.0,7.0,Tennessee,Arkansas,-10.0,,,3.0
2025.0,7.0,Texas,Oklahoma,-2.5,,,3.0
2025.0,7.0,Texas A&M,Florida,-7.0,,,3.0
2025.0,7.0,Texas State,Troy,-7.5,,,3.0
2025.0,7.0,Texas Tech,Kansas,-13.5,,,3.0
2025.0,7.0,Towson,Monmouth,7.0,,,1.0
2025.0,7.0,Tulane,East Carolina,-7.0,,,3.0
2025.0,7.0,UC Davis,Northern Arizona,-7.0,,,1.0
2025.0,7.0,UNLV,Air Force,-7.0,,,3.0
2025.0,7.0,USC,Michigan,-3.0,,,3.0
2025.0,7.0,UT Martin,Western Illinois,-14.5,,,1.0
2025.0,7.0,UTEP,Liberty,1.5,,,3.0
2025.0,7.0,UTSA,Rice,-9.5,,,3.0
2025.0,7.0,Utah,Arizona State,-9.5,,,3.0
2025.0,7.0,Utah Tech,Tarleton State,28.0,,,1.0
2025.0,7.0,Valparaiso,Dayton,15.0,,,1.0
2025.0,7.0,Wagner,Mercyhurst,6.0,,,1.0
2025.0,7.0,Washington,Rutgers,-9.5,,,3.0
2025.0,7.0,Weber State,Sacramento State,8.5,,,1.0
2025.0,7.0,West Georgia,Abilene Christian,-1.5,,,1.0
2025.0,7.0,Western Carolina,Furman,-3.5,,,1.0
2025.0,7.0,Western Michigan,Ball State,-9.5,,,3.0
2025.0,7.0,Wisconsin,Iowa,5.0,,,3.0
2025.0,7.0,Wofford,Norfolk State,-7.5,,,1.0
2025.0,7.0,Wyoming,San José State,1.5,,,3.0
2025.0,8.0,Air Force,Wyoming,-4.0,,,3.0
2025.0,8.0,Alabama,Tennessee,-8.5,,,3.0
2025.0,8.0,App State,Coastal Carolina,-10.5,,,3.0
2025.0,8.0,Arizona State,Texas Tech,8.0,,,3.0
2025.0,8.0,Arkansas,Texas A&M,7.5,,,3.0
2025.0,8.0,Arkansas-Pine Bluff,Grambling,8.0,,,1.0
2025.0,8.0,Auburn,Missouri,1.5,,,3.0
2025.0,8.0,Ball State,Akron,2.0,,,3.0
2025.0,8.0,Boise State,UNLV,-13.0,,,3.0
2025.0,8.0,Boston College,UConn,2.5,,,3.0
2025.0,8.0,Bowling Green,Central Michigan,-3.0,,,3.0
2025.0,8.0,Brown,Princeton,-3.5,,,1.0
2025.0,8.0,California,North Carolina,-7.5,,,3.0
2025.0,8.0,Campbell,New Hampshire,2.5,,,1.0
2025.0,8.0,Charlotte,Temple,9.5,,,3.0
2025.0,8.0,Chattanooga,East Tennessee State,4.5,,,1.0
2025.0,8.0,Clemson,SMU,-3.5,,,3.0
2025.0,8.0,Colorado State,Hawai'i,-2.5,,,3.0
2025.0,8.0,Columbia,Pennsylvania,7.5,,,1.0
2025.0,8.0,Cornell,Bucknell,-4.0,,,1.0
2025.0,8.0,Dayton,Butler,-2.5,,,1.0
2025.0,8.0,Drake,Davidson,-33.5,,,1.0
2025.0,8.0,Duke,Georgia Tech,-3.5,,,3.0
2025.0,8.0,East Carolina,Tulsa,-16.5,,,3.0
2025.0,8.0,Eastern Washington,Idaho,7.5,,,1.0
2025.0,8.0,Florida,Mississippi State,-9.5,,,3.0
2025.0,8.0,Florida A&M,Alcorn State,-4.5,,,1.0
2025.0,8.0,Fordham,Dartmouth,12.5,,,1.0
2025.0,8.0,Gardner-Webb,UT Martin,-8.0,,,1.0
2025.0,8.0,Georgetown,Colgate,7.0,,,1.0
2025.0,8.0,Georgia,Ole Miss,-7.5,,,3.0
2025.0,8.0,Georgia Southern,Georgia State,-6.5,,,3.0
2025.0,8.0,Harvard,Merrimack,-27.5,,,1.0
2025.0,8.0,Houston,Arizona,2.0,,,3.0
2025.0,8.0,Illinois State,Youngstown State,-2.0,,,1.0
2025.0,8.0,Incarnate Word,East Texas A&M,-18.5,,,1.0
2025.0,8.0,Indiana,Michigan State,-26.5,,,3.0
2025.0,8.0,Indiana State,North Dakota State,33.5,,,1.0
2025.0,8.0,Iowa,Penn State,-3.0,,,3.0
2025.0,8.0,Jacksonville State,Delaware,3.0,,,3.0
2025.0,8.0,James Madison,Old Dominion,-3.0,,,3.0
2025.0,8.0,Kentucky,Texas,12.5,,,3.0
2025.0,8.0,Lamar,UT Rio Grande Valley,-3.5,,,1.0
2025.0,8.0,Liberty,New Mexico State,-10.5,,,3.0
2025.0,8.0,Lindenwood,Tennessee Tech,16.5,,,1.0
2025.0,8.0,Long Island University,Robert Morris,-9.5,,,1.0
2025.0,8.0,Louisiana,Southern Miss,4.5,,,3.0
2025.0,8.0,Marshall,Texas State,3.0,,,3.0
2025.0,8.0,Massachusetts,Buffalo,16.5,,,3.0
2025.0,8.0,McNeese,Houston Christian,-6.5,,,1.0
2025.0,8.0,Mercyhurst,Duquesne,3.0,,,1.0
2025.0,8.0,Miami,Louisville,-10.5,,,3.0
2025.0,8.0,Miami (OH),Eastern Michigan,-12.5,,,3.0
2025.0,8.0,Michigan,Washington,-4.0,,,3.0
2025.0,8.0,Minnesota,Nebraska,7.0,,,3.0
2025.0,8.0,Monmouth,Stony Brook,-9.0,,,1.0
2025.0,8.0,Montana,Sacred Heart,-26.5,,,1.0
2025.0,8.0,Morehead State,Marist,8.5,,,1.0
2025.0,8.0,Murray State,South Dakota State,37.5,,,1.0
2025.0,8.0,New Mexico,Nevada,-14.0,,,3.0
2025.0,8.0,North Alabama,Eastern Kentucky,11.5,,,1.0
2025.0,8.0,North Texas,UTSA,-4.0,,,3.0
2025.0,8.0,Northern Iowa,South Dakota,6.5,,,1.0
2025.0,8.0,Northwestern,Purdue,-3.5,,,3.0
2025.0,8.0,Notre Dame,USC,-10.5,,,3.0
2025.0,8.0,Ohio,Northern Illinois,-10.5,,,3.0
2025.0,8.0,Oklahoma State,Cincinnati,23.5,,,3.0
2025.0,8.0,Oregon State,Lafayette,-21.0,,,3.0
2025.0,8.0,Portland State,Weber State,6.0,,,1.0
2025.0,8.0,Presbyterian,Stetson,-34.5,,,1.0
2025.0,8.0,Richmond,Holy Cross,-5.5,,,1.0
2025.0,8.0,Rutgers,Oregon,17.5,,,3.0
2025.0,8.0,SE Louisiana,Northwestern State,-31.0,,,1.0
2025.0,8.0,Sacramento State,Northern Colorado,-15.0,,,1.0
2025.0,8.0,Sam Houston,UTEP,3.5,,,3.0
2025.0,8.0,South Alabama,Arkansas State,-8.5,,,3.0
2025.0,8.0,South Carolina,Oklahoma,4.5,,,3.0
2025.0,8.0,South Florida,Florida Atlantic,-20.5,,,3.0
2025.0,8.0,Southeast Missouri State,Eastern Illinois,-7.5,,,1.0
2025.0,8.0,Southern,Prairie View A&M,8.5,,,1.0
2025.0,8.0,Southern Illinois,North Dakota,3.0,,,1.0
2025.0,8.0,Southern Utah,Abilene Christian,3.0,,,1.0
2025.0,8.0,St. Thomas (MN),Valparaiso,-27.5,,,1.0
2025.0,8.0,Stanford,Florida State,17.5,,,3.0
2025.0,8.0,Stephen F. Austin,Nicholls,-13.5,,,1.0
2025.0,8.0,Syracuse,Pittsburgh,9.5,,,3.0
2025.0,8.0,TCU,Baylor,-3.5,,,3.0
2025.0,8.0,Tarleton State,West Georgia,-20.0,,,1.0
2025.0,8.0,Tennessee State,Howard,2.0,,,1.0
2025.0,8.0,Toledo,Kent State,-25.5,,,3.0
2025.0,8.0,Tulane,Army,-10.0,,,3.0
2025.0,8.0,UAB,Memphis,23.5,,,3.0
2025.0,8.0,UAlbany,Rhode Island,13.5,,,1.0
2025.0,8.0,UCF,West Virginia,-6.5,,,3.0
2025.0,8.0,UCLA,Maryland,-4.0,,,3.0
2025.0,8.0,UL Monroe,Troy,4.5,,,3.0
2025.0,8.0,Utah State,San José State,-3.0,,,3.0
2025.0,8.0,Vanderbilt,LSU,-1.5,,,3.0
2025.0,8.0,Villanova,Hampton,-24.5,,,1.0
2025.0,8.0,Virginia,Washington State,-16.5,,,3.0
2025.0,8.0,Western Illinois,Charleston Southern,2.0,,,1.0
2025.0,8.0,Western Kentucky,Florida International,-10.0,,,3.0
2025.0,8.0,William & Mary,Elon,1.5,,,1.0
2025.0,8.0,Wisconsin,Ohio State,24.5,,,3.0
2025.0,8.0,Wofford,Furman,-2.5,,,1.0
2025.0,8.0,Yale,Stonehill,-21.5,,,1.0
2025.0,9.0,Alabama A&M,Alabama State,14.0,,,1.0
2025.0,9.0,Alcorn State,Mississippi Valley State,-10.5,,,1.0
2025.0,9.0,Arizona State,Houston,-7.5,,,3.0
2025.0,9.0,Arkansas,Auburn,-2.5,,,3.0
2025.0,9.0,Arkansas State,Georgia Southern,1.0,,,3.0
2025.0,9.0,Austin Peay,North Alabama,-19.5,,,1.0
2025.0,9.0,Bethune-Cookman,Arkansas-Pine Bluff,-13.5,,,1.0
2025.0,9.0,Bucknell,Georgetown,-1.5,,,1.0
2025.0,9.0,Buffalo,Akron,-10.0,,,3.0
2025.0,9.0,Cal Poly,Montana State,21.5,,,1.0
2025.0,9.0,Central Michigan,Massachusetts,-16.5,,,3.0
2025.0,9.0,Charleston Southern,Eastern Illinois,-3.0,,,1.0
2025.0,9.0,Charlotte,North Texas,25.5,,,3.0
2025.0,9.0,Cincinnati,Baylor,-3.5,,,3.0
2025.0,9.0,Cornell,Brown,2.5,,,1.0
2025.0,9.0,Dartmouth,Columbia,-12.5,,,1.0
2025.0,9.0,Davidson,San Diego,28.5,,,1.0
2025.0,9.0,Dayton,Presbyterian,8.5,,,1.0
2025.0,9.0,Delaware,Middle Tennessee,-8.5,,,3.0
2025.0,9.0,East Tennessee State,Wofford,-9.0,,,1.0
2025.0,9.0,East Texas A&M,Stephen F. Austin,14.0,,,1.0
2025.0,9.0,Eastern Kentucky,Tarleton State,24.0,,,1.0
2025.0,9.0,Eastern Michigan,Ohio,12.0,,,3.0
2025.0,9.0,Florida International,Kennesaw State,3.0,,,3.0
2025.0,9.0,Fordham,Lehigh,24.5,,,1.0
2025.0,9.0,Fresno State,San Diego State,3.0,,,3.0
2025.0,9.0,Furman,The Citadel,-2.5,,,1.0
2025.0,9.0,Georgia State,South Alabama,6.0,,,3.0
2025.0,9.0,Georgia Tech,Syracuse,-17.5,,,3.0
2025.0,9.0,Grambling,Jackson State,21.0,,,1.0
2025.0,9.0,Hampton,Monmouth,25.0,,,1.0
2025.0,9.0,Holy Cross,Colgate,-3.0,,,1.0
2025.0,9.0,Houston Christian,SE Louisiana,21.5,,,1.0
2025.0,9.0,Howard,Morgan State,1.0,,,1.0
2025.0,9.0,Idaho,Portland State,-21.5,,,1.0
2025.0,9.0,Idaho State,Northern Arizona,3.0,,,1.0
2025.0,9.0,Indiana,UCLA,-27.5,,,3.0
2025.0,9.0,Iowa,Minnesota,-7.5,,,3.0
2025.0,9.0,Iowa State,BYU,-2.5,,,3.0
2025.0,9.0,Kansas,Kansas State,-3.5,,,3.0
2025.0,9.0,Kent State,Bowling Green,7.5,,,3.0
2025.0,9.0,Kentucky,Tennessee,7.5,,,3.0
2025.0,9.0,LSU,Texas A&M,1.5,,,3.0
2025.0,9.0,Lindenwood,Gardner-Webb,1.5,,,1.0
2025.0,9.0,Long Island University,New Haven,-10.0,,,1.0
2025.0,9.0,Louisiana Tech,Western Kentucky,-5.0,,,3.0
2025.0,9.0,Louisville,Boston College,-25.5,,,3.0
2025.0,9.0,Maine,Elon,4.5,,,1.0
2025.0,9.0,Marist,Drake,12.5,,,1.0
2025.0,9.0,Memphis,South Florida,3.5,,,3.0
2025.0,9.0,Mercer,VMI,-27.5,,,1.0
2025.0,9.0,Mercyhurst,Stonehill,-7.5,,,1.0
2025.0,9.0,Miami,Stanford,-28.5,,,3.0
2025.0,9.0,Miami (OH),Western Michigan,-2.5,,,3.0
2025.0,9.0,Michigan State,Michigan,13.5,,,3.0
2025.0,9.0,Mississippi State,Texas,8.5,,,3.0
2025.0,9.0,Navy,Florida Atlantic,-14.5,,,3.0
2025.0,9.0,Nebraska,Northwestern,-7.0,,,3.0
2025.0,9.0,Nevada,Boise State,21.0,,,3.0
2025.0,9.0,New Hampshire,William & Mary,-1.5,,,1.0
2025.0,9.0,New Mexico,Utah State,-3.0,,,3.0
2025.0,9.0,New Mexico State,Missouri State,2.5,,,3.0
2025.0,9.0,Nicholls,McNeese,-5.5,,,1.0
2025.0,9.0,Norfolk State,South Carolina State,14.5,,,1.0
2025.0,9.0,North Carolina,Virginia,11.5,,,3.0
2025.0,9.0,North Carolina A&T,Campbell,3.0,,,1.0
2025.0,9.0,North Carolina Central,Delaware State,-18.0,,,1.0
2025.0,9.0,North Dakota,Indiana State,-30.0,,,1.0
2025.0,9.0,Northern Colorado,UC Davis,8.5,,,1.0
2025.0,9.0,Northern Illinois,Ball State,-6.5,,,3.0
2025.0,9.0,Northwestern State,Lamar,24.5,,,1.0
2025.0,9.0,Oklahoma,Ole Miss,-5.5,,,3.0
2025.0,9.0,Old Dominion,App State,-13.5,,,3.0
2025.0,9.0,Oregon,Wisconsin,-31.5,,,3.0
2025.0,9.0,Pittsburgh,NC State,-5.0,,,3.0
2025.0,9.0,Princeton,Harvard,17.5,,,1.0
2025.0,9.0,Purdue,Rutgers,-2.5,,,3.0
2025.0,9.0,Rhode Island,Bryant,-18.5,,,1.0
2025.0,9.0,Rice,UConn,10.0,,,3.0
2025.0,9.0,Sacramento State,Montana,6.0,,,1.0
2025.0,9.0,Samford,Chattanooga,10.0,,,1.0
2025.0,9.0,South Carolina,Alabama,11.5,,,3.0
2025.0,9.0,South Dakota,Illinois State,-3.5,,,1.0
2025.0,9.0,South Dakota State,North Dakota State,9.0,,,1.0
2025.0,9.0,Southern,Florida A&M,3.0,,,1.0
2025.0,9.0,Southern Illinois,Northern Iowa,-15.0,,,1.0
2025.0,9.0,Southern Miss,UL Monroe,-14.0,,,3.0
2025.0,9.0,St. Francis (PA),Robert Morris,2.5,,,1.0
2025.0,9.0,Stetson,St. Thomas (MN),25.5,,,1.0
2025.0,9.0,Stony Brook,Towson,-3.0,,,1.0
2025.0,9.0,Tennessee State,Western Illinois,-3.0,,,1.0
2025.0,9.0,Tennessee Tech,Southeast Missouri State,-21.5,,,1.0
2025.0,9.0,Texas Tech,Oklahoma State,-37.5,,,3.0
2025.0,9.0,Troy,Louisiana,-7.0,,,3.0
2025.0,9.0,Tulsa,Temple,4.5,,,3.0
2025.0,9.0,UT Rio Grande Valley,Incarnate Word,4.5,,,1.0
2025.0,9.0,Utah,Colorado,-14.0,,,3.0
2025.0,9.0,Utah Tech,Southern Utah,9.5,,,1.0
2025.0,9.0,Valparaiso,Morehead State,6.5,,,1.0
2025.0,9.0,Vanderbilt,Missouri,-3.0,,,3.0
2025.0,9.0,Villanova,UAlbany,-31.5,,,1.0
2025.0,9.0,Virginia Tech,California,-6.0,,,3.0
2025.0,9.0,Wagner,Duquesne,23.5,,,1.0
2025.0,9.0,Wake Forest,SMU,5.5,,,3.0
2025.0,9.0,Washington,Illinois,-3.5,,,3.0
2025.0,9.0,Washington State,Toledo,1.5,,,3.0
2025.0,9.0,Weber State,Eastern Washington,1.5,,,1.0
2025.0,9.0,West Georgia,Central Arkansas,-5.5,,,1.0
2025.0,9.0,West Virginia,TCU,16.5,,,3.0
2025.0,9.0,Wyoming,Colorado State,-5.5,,,3.0
2025.0,9.0,Yale,Pennsylvania,-6.5,,,1.0
2025.0,9.0,Youngstown State,Murray State,-24.5,,,1.0
2025.0,10.0,Abilene Christian,Tarleton State,13.5,,,1.0
2025.0,10.0,Air Force,Army,1.5,,,3.0
2025.0,10.0,Arkansas,Mississippi State,-5.5,,,3.0
2025.0,10.0,Arkansas-Pine Bluff,Southern,1.0,,,1.0
2025.0,10.0,Auburn,Kentucky,-11.5,,,3.0
2025.0,10.0,Baylor,UCF,-3.0,,,3.0
2025.0,10.0,Bethune-Cookman,Mississippi Valley State,-22.0,,,1.0
2025.0,10.0,Boise State,Fresno State,-17.5,,,3.0
2025.0,10.0,Boston College,Notre Dame,31.0,,,3.0
2025.0,10.0,Bowling Green,Buffalo,-2.5,,,3.0
2025.0,10.0,Bryant,Monmouth,14.0,,,1.0
2025.0,10.0,Butler,Drake,6.5,,,1.0
2025.0,10.0,Cal Poly,Portland State,-18.0,,,1.0
2025.0,10.0,California,Virginia,6.5,,,3.0
2025.0,10.0,Central Arkansas,Eastern Kentucky,-6.5,,,1.0
2025.0,10.0,Central Connecticut,Long Island University,-5.5,,,1.0
2025.0,10.0,Chattanooga,Western Carolina,3.5,,,1.0
2025.0,10.0,Clemson,Duke,-4.0,,,3.0
2025.0,10.0,Coastal Carolina,Marshall,7.0,,,3.0
2025.0,10.0,Colgate,Merrimack,-7.0,,,1.0
2025.0,10.0,Colorado,Arizona,3.5,,,3.0
2025.0,10.0,Cornell,Princeton,3.5,,,1.0
2025.0,10.0,Delaware State,Norfolk State,-17.5,,,1.0
2025.0,10.0,Eastern Illinois,UT Martin,4.5,,,1.0
2025.0,10.0,Eastern Washington,Sacramento State,8.5,,,1.0
2025.0,10.0,Florida,Georgia,7.0,,,3.0
2025.0,10.0,Florida A&M,Jackson State,17.0,,,1.0
2025.0,10.0,Florida State,Wake Forest,-12.5,,,3.0
2025.0,10.0,Furman,Mercer,15.5,,,1.0
2025.0,10.0,Grambling,Alabama A&M,-3.5,,,1.0
2025.0,10.0,Harvard,Dartmouth,-11.5,,,1.0
2025.0,10.0,Holy Cross,Lafayette,3.0,,,1.0
2025.0,10.0,Houston,West Virginia,-13.0,,,3.0
2025.0,10.0,Howard,North Carolina Central,15.0,,,1.0
2025.0,10.0,Illinois,Rutgers,-13.0,,,3.0
2025.0,10.0,Illinois State,Northern Iowa,-12.5,,,1.0
2025.0,10.0,Incarnate Word,Lamar,-2.5,,,1.0
2025.0,10.0,Iowa State,Arizona State,-7.5,,,3.0
2025.0,10.0,Kansas,Oklahoma State,-24.5,,,3.0
2025.0,10.0,Kansas State,Texas Tech,7.5,,,3.0
2025.0,10.0,Kennesaw State,UTEP,-12.5,,,3.0
2025.0,10.0,Lehigh,Georgetown,-24.0,,,1.0
2025.0,10.0,Liberty,Delaware,-3.5,,,3.0
2025.0,10.0,Louisiana Tech,Sam Houston,-16.5,,,3.0
2025.0,10.0,Maine,Stony Brook,-1.0,,,1.0
2025.0,10.0,Maryland,Indiana,21.0,,,3.0
2025.0,10.0,McNeese,Northwestern State,-16.5,,,1.0
2025.0,10.0,Michigan,Purdue,-21.0,,,3.0
2025.0,10.0,Middle Tennessee,Jacksonville State,4.5,,,3.0
2025.0,10.0,Minnesota,Michigan State,-4.5,,,3.0
2025.0,10.0,Missouri State,Florida International,-3.0,,,3.0
2025.0,10.0,Morehead State,Davidson,-10.5,,,1.0
2025.0,10.0,Murray State,Southern Illinois,24.5,,,1.0
2025.0,10.0,NC State,Georgia Tech,4.5,,,3.0
2025.0,10.0,Nebraska,USC,4.5,,,3.0
2025.0,10.0,Nicholls,Houston Christian,-11.5,,,1.0
2025.0,10.0,North Carolina A&T,Towson,7.5,,,1.0
2025.0,10.0,North Dakota State,Youngstown State,-26.5,,,1.0
2025.0,10.0,North Texas,Navy,-6.5,,,3.0
2025.0,10.0,Northern Arizona,Idaho,-5.5,,,1.0
2025.0,10.0,Northern Colorado,Montana State,23.5,,,1.0
2025.0,10.0,Ohio State,Penn State,-17.5,,,3.0
2025.0,10.0,Ole Miss,South Carolina,-13.0,,,3.0
2025.0,10.0,Oregon State,Washington State,3.5,,,3.0
2025.0,10.0,Pennsylvania,Brown,-11.5,,,1.0
2025.0,10.0,Prairie View A&M,Alabama State,10.5,,,1.0
2025.0,10.0,Presbyterian,Valparaiso,-31.5,,,1.0
2025.0,10.0,Rice,Memphis,14.0,,,3.0
2025.0,10.0,Richmond,Fordham,-13.5,,,1.0
2025.0,10.0,SE Louisiana,East Texas A&M,-17.5,,,1.0
2025.0,10.0,SMU,Miami,8.5,,,3.0
2025.0,10.0,Sacred Heart,New Haven,-15.5,,,1.0
2025.0,10.0,San Diego,Dayton,-3.5,,,1.0
2025.0,10.0,San Diego State,Wyoming,-10.0,,,3.0
2025.0,10.0,San José State,Hawai'i,-2.5,,,3.0
2025.0,10.0,South Alabama,Louisiana,-3.5,,,3.0
2025.0,10.0,South Carolina State,Morgan State,-11.5,,,1.0
2025.0,10.0,South Dakota,North Dakota,13.5,,,1.0
2025.0,10.0,South Dakota State,Indiana State,-31.0,,,1.0
2025.0,10.0,Southeast Missouri State,Charleston Southern,-10.5,,,1.0
2025.0,10.0,Southern Utah,Austin Peay,1.5,,,1.0
2025.0,10.0,St. Francis (PA),Wagner,6.5,,,1.0
2025.0,10.0,St. Thomas (MN),Marist,-14.0,,,1.0
2025.0,10.0,Stanford,Pittsburgh,13.5,,,3.0
2025.0,10.0,Stephen F. Austin,UT Rio Grande Valley,-10.0,,,1.0
2025.0,10.0,Stonehill,Robert Morris,-6.5,,,1.0
2025.0,10.0,Syracuse,North Carolina,-1.5,,,3.0
2025.0,10.0,Temple,East Carolina,5.5,,,3.0
2025.0,10.0,Tennessee,Oklahoma,-3.0,,,3.0
2025.0,10.0,Tennessee State,Lindenwood,3.5,,,1.0
2025.0,10.0,Tennessee Tech,Gardner-Webb,-19.0,,,1.0
2025.0,10.0,Texas,Vanderbilt,-3.5,,,3.0
2025.0,10.0,Texas Southern,Alcorn State,-6.5,,,1.0
2025.0,10.0,Texas State,James Madison,7.5,,,3.0
2025.0,10.0,The Citadel,VMI,-14.0,,,1.0
2025.0,10.0,Troy,Arkansas State,-7.5,,,3.0
2025.0,10.0,UC Davis,Idaho State,-11.5,,,1.0
2025.0,10.0,UConn,UAB,-10.5,,,3.0
2025.0,10.0,UL Monroe,Old Dominion,16.5,,,3.0
2025.0,10.0,UNLV,New Mexico,-3.5,,,3.0
2025.0,10.0,UTSA,Tulane,6.0,,,3.0
2025.0,10.0,Utah,Cincinnati,-11.0,,,3.0
2025.0,10.0,Utah Tech,North Alabama,-3.5,,,1.0
2025.0,10.0,Virginia Tech,Louisville,10.5,,,3.0
2025.0,10.0,Weber State,Montana,19.5,,,1.0
2025.0,10.0,Western Kentucky,New Mexico State,-7.5,,,3.0
2025.0,10.0,Western Michigan,Central Michigan,-5.5,,,3.0
2025.0,10.0,William & Mary,UAlbany,-19.0,,,1.0
2025.0,10.0,Wofford,Samford,-12.5,,,1.0
2025.0,10.0,Yale,Columbia,-21.5,,,1.0
2025.0,11.0,Abilene Christian,Utah Tech,-20.5,,,1.0
2025.0,11.0,Akron,Massachusetts,-12.5,,,3.0
2025.0,11.0,Alabama,LSU,-10.0,,,3.0
2025.0,11.0,Alabama A&M,Prairie View A&M,3.5,,,1.0
2025.0,11.0,Alabama State,Texas Southern,-17.5,,,1.0
2025.0,11.0,Alcorn State,Southern,-11.0,,,1.0
2025.0,11.0,App State,Georgia Southern,-4.5,,,3.0
2025.0,11.0,Arizona,Kansas,-5.5,,,3.0
2025.0,11.0,Arkansas State,Southern Miss,6.5,,,3.0
2025.0,11.0,Arkansas-Pine Bluff,Florida A&M,3.5,,,1.0
2025.0,11.0,Army,Temple,-7.0,,,3.0
2025.0,11.0,Austin Peay,Central Arkansas,-13.5,,,1.0
2025.0,11.0,Ball State,Kent State,-3.0,,,3.0
2025.0,11.0,Boston College,SMU,10.5,,,3.0
2025.0,11.0,Brown,Yale,13.5,,,1.0
2025.0,11.0,Campbell,William & Mary,6.5,,,1.0
2025.0,11.0,Central Connecticut,Stonehill,-10.0,,,1.0
2025.0,11.0,Chattanooga,Furman,-6.0,,,1.0
2025.0,11.0,Clemson,Florida State,-1.5,,,3.0
2025.0,11.0,Coastal Carolina,Georgia State,-7.0,,,3.0
2025.0,11.0,Colorado State,UNLV,5.5,,,3.0
2025.0,11.0,Columbia,Harvard,29.5,,,1.0
2025.0,11.0,Dartmouth,Princeton,-10.5,,,1.0
2025.0,11.0,Davidson,Presbyterian,22.5,,,1.0
2025.0,11.0,Delaware,Louisiana Tech,5.5,,,3.0
2025.0,11.0,Drake,St. Thomas (MN),-2.5,,,1.0
2025.0,11.0,East Carolina,Charlotte,-28.0,,,3.0
2025.0,11.0,East Texas A&M,McNeese,-2.5,,,1.0
2025.0,11.0,Eastern Illinois,Tennessee Tech,24.5,,,1.0
2025.0,11.0,Eastern Kentucky,Southern Utah,6.5,,,1.0
2025.0,11.0,Eastern Michigan,Bowling Green,-3.0,,,3.0
2025.0,11.0,Elon,Rhode Island,4.5,,,1.0
2025.0,11.0,Florida Atlantic,Tulsa,-4.5,,,3.0
2025.0,11.0,Fordham,Bucknell,-3.5,,,1.0
2025.0,11.0,Gardner-Webb,Southeast Missouri State,-4.5,,,1.0
2025.0,11.0,Georgetown,Richmond,5.5,,,1.0
2025.0,11.0,Grambling,Bethune-Cookman,-1.5,,,1.0
2025.0,11.0,Hampton,Maine,14.5,,,1.0
2025.0,11.0,Hawai'i,San Diego State,6.5,,,3.0
2025.0,11.0,Houston Christian,Stephen F. Austin,24.5,,,1.0
2025.0,11.0,Idaho,UC Davis,2.5,,,1.0
2025.0,11.0,Idaho State,Cal Poly,-7.5,,,1.0
2025.0,11.0,Indiana State,Illinois State,10.5,,,1.0
2025.0,11.0,Iowa,Oregon,4.5,,,3.0
2025.0,11.0,Kentucky,Florida,4.5,,,3.0
2025.0,11.0,Lafayette,Colgate,-6.5,,,1.0
2025.0,11.0,Lamar,SE Louisiana,8.0,,,1.0
2025.0,11.0,Lehigh,Holy Cross,-20.0,,,1.0
2025.0,11.0,Liberty,Missouri State,-7.5,,,3.0
2025.0,11.0,Long Island University,Duquesne,7.0,,,1.0
2025.0,11.0,Louisiana,Texas State,3.5,,,3.0
2025.0,11.0,Louisville,California,-18.5,,,3.0
2025.0,11.0,Marist,Stetson,-12.5,,,1.0
2025.0,11.0,Marshall,James Madison,13.5,,,3.0
2025.0,11.0,Memphis,Tulane,-3.0,,,3.0
2025.0,11.0,Miami,Syracuse,-28.5,,,3.0
2025.0,11.0,Middle Tennessee,Florida International,-1.5,,,3.0
2025.0,11.0,Mississippi State,Georgia,9.5,,,3.0
2025.0,11.0,Mississippi Valley State,Jackson State,27.5,,,1.0
2025.0,11.0,Missouri,Texas A&M,7.0,,,3.0
2025.0,11.0,Monmouth,New Hampshire,-12.5,,,1.0
2025.0,11.0,Montana,Eastern Washington,-27.0,,,1.0
2025.0,11.0,Montana State,Weber State,-28.5,,,1.0
2025.0,11.0,Morehead State,Butler,12.5,,,1.0
2025.0,11.0,Morgan State,Delaware State,3.5,,,1.0
2025.0,11.0,New Haven,Merrimack,9.5,,,1.0
2025.0,11.0,New Mexico State,Kennesaw State,11.5,,,3.0
2025.0,11.0,North Alabama,West Georgia,9.5,,,1.0
2025.0,11.0,North Carolina,Stanford,-8.5,,,3.0
2025.0,11.0,North Carolina Central,Norfolk State,-25.5,,,1.0
2025.0,11.0,North Dakota,North Dakota State,10.5,,,1.0
2025.0,11.0,Northern Arizona,Northern Colorado,-12.5,,,1.0
2025.0,11.0,Northern Iowa,Murray State,-12.5,,,1.0
2025.0,11.0,Northwestern State,Incarnate Word,24.5,,,1.0
2025.0,11.0,Notre Dame,Navy,-30.5,,,3.0
2025.0,11.0,Ohio,Miami (OH),-2.5,,,3.0
2025.0,11.0,Ole Miss,The Citadel,-51.5,,,3.0
2025.0,11.0,Oregon State,Sam Houston,-21.0,,,3.0
2025.0,11.0,Penn State,Indiana,14.0,,,3.0
2025.0,11.0,Pennsylvania,Cornell,-8.0,,,1.0
2025.0,11.0,Portland State,Sacramento State,20.5,,,1.0
2025.0,11.0,Purdue,Ohio State,29.5,,,3.0
2025.0,11.0,Rice,UAB,-1.0,,,3.0
2025.0,11.0,Robert Morris,Wagner,-2.5,,,1.0
2025.0,11.0,Rutgers,Maryland,-1.5,,,3.0
2025.0,11.0,Samford,East Tennessee State,18.5,,,1.0
2025.0,11.0,San José State,Air Force,-6.0,,,3.0
2025.0,11.0,South Carolina State,Howard,-15.5,,,1.0
2025.0,11.0,South Dakota,South Dakota State,7.5,,,1.0
2025.0,11.0,South Florida,UTSA,-14.0,,,3.0
2025.0,11.0,St. Francis (PA),Mercyhurst,10.0,,,1.0
2025.0,11.0,Stony Brook,North Carolina A&T,-18.5,,,1.0
2025.0,11.0,TCU,Iowa State,-7.5,,,3.0
2025.0,11.0,Texas Tech,BYU,-13.5,,,3.0
2025.0,11.0,Toledo,Northern Illinois,-15.5,,,3.0
2025.0,11.0,Towson,Villanova,3.5,,,1.0
2025.0,11.0,UAlbany,Bryant,3.5,,,1.0
2025.0,11.0,UCF,Houston,-1.5,,,3.0
2025.0,11.0,UCLA,Nebraska,-2.0,,,3.0
2025.0,11.0,UConn,Duke,7.5,,,3.0
2025.0,11.0,USC,Northwestern,-14.5,,,3.0
2025.0,11.0,UT Martin,Tennessee State,-14.5,,,1.0
2025.0,11.0,UTEP,Jacksonville State,1.5,,,3.0
2025.0,11.0,Utah State,Nevada,-10.0,,,3.0
2025.0,11.0,Valparaiso,San Diego,23.5,,,1.0
2025.0,11.0,Vanderbilt,Auburn,-6.0,,,3.0
2025.0,11.0,Virginia,Wake Forest,-7.0,,,3.0
2025.0,11.0,West Virginia,Colorado,-6.5,,,3.0
2025.0,11.0,Western Carolina,Mercer,8.0,,,1.0
2025.0,11.0,Western Illinois,Lindenwood,7.5,,,1.0
2025.0,11.0,Wisconsin,Washington,10.5,,,3.0
2025.0,11.0,Youngstown State,Southern Illinois,-5.0,,,1.0
2025.0,12.0,Akron,Kent State,-7.5,,,3.0
2025.0,12.0,Alabama,Oklahoma,-6.5,,,3.0
2025.0,12.0,Alabama A&M,Florida A&M,2.5,,,1.0
2025.0,12.0,Alcorn State,Grambling,1.5,,,1.0
2025.0,12.0,Arizona State,West Virginia,-10.0,,,3.0
2025.0,12.0,Austin Peay,Samford,-25.5,,,1.0
2025.0,12.0,Ball State,Eastern Michigan,2.5,,,3.0
2025.0,12.0,Baylor,Utah,9.5,,,3.0
2025.0,12.0,Boston College,Georgia Tech,16.5,,,3.0
2025.0,12.0,Bryant,New Hampshire,11.0,,,1.0
2025.0,12.0,Bucknell,Holy Cross,-2.5,,,1.0
2025.0,12.0,Campbell,Elon,4.0,,,1.0
2025.0,12.0,Central Michigan,Buffalo,-2.5,,,3.0
2025.0,12.0,Charlotte,UTSA,17.0,,,3.0
2025.0,12.0,Cincinnati,Arizona,-6.0,,,3.0
2025.0,12.0,Colgate,Lehigh,18.5,,,1.0
2025.0,12.0,Columbia,Brown,2.5,,,1.0
2025.0,12.0,Dartmouth,Cornell,-10.0,,,1.0
2025.0,12.0,Dayton,Drake,3.5,,,1.0
2025.0,12.0,Delaware State,Howard,-13.5,,,1.0
2025.0,12.0,Duke,Virginia,-5.5,,,3.0
2025.0,12.0,Duquesne,Central Connecticut,1.5,,,1.0
2025.0,12.0,East Carolina,Memphis,-3.0,,,3.0
2025.0,12.0,East Texas A&M,Houston Christian,-9.5,,,1.0
2025.0,12.0,Eastern Kentucky,Abilene Christian,9.0,,,1.0
2025.0,12.0,Eastern Washington,Northern Colorado,-3.5,,,1.0
2025.0,12.0,Florida International,Liberty,2.5,,,3.0
2025.0,12.0,Florida State,Virginia Tech,-14.0,,,3.0
2025.0,12.0,Fresno State,Wyoming,-3.0,,,3.0
2025.0,12.0,Furman,VMI,-20.5,,,1.0
2025.0,12.0,Georgetown,Fordham,-5.5,,,1.0
2025.0,12.0,Georgia,Texas,-3.5,,,3.0
2025.0,12.0,Georgia Southern,Coastal Carolina,-3.0,,,3.0
2025.0,12.0,Georgia State,Marshall,9.5,,,3.0
2025.0,12.0,Hampton,William & Mary,18.5,,,1.0
2025.0,12.0,Harvard,Pennsylvania,-23.0,,,1.0
2025.0,12.0,Idaho State,Weber State,-13.5,,,1.0
2025.0,12.0,Illinois,Maryland,-16.5,,,3.0
2025.0,12.0,Incarnate Word,SE Louisiana,5.5,,,1.0
2025.0,12.0,Indiana,Wisconsin,-28.0,,,3.0
2025.0,12.0,Jackson State,Bethune-Cookman,-23.5,,,1.0
2025.0,12.0,Jacksonville State,Kennesaw State,3.5,,,3.0
2025.0,12.0,James Madison,App State,-21.0,,,3.0
2025.0,12.0,Kentucky,Tennessee Tech,-22.5,,,3.0
2025.0,12.0,LSU,Arkansas,-4.0,,,3.0
2025.0,12.0,Lindenwood,Eastern Illinois,-5.5,,,1.0
2025.0,12.0,Louisville,Clemson,-1.5,,,3.0
2025.0,12.0,Maine,Rhode Island,4.0,,,1.0
2025.0,12.0,Marist,Davidson,-14.0,,,1.0
2025.0,12.0,Massachusetts,Northern Illinois,9.5,,,3.0
2025.0,12.0,Mercer,Chattanooga,-15.5,,,1.0
2025.0,12.0,Mercyhurst,Robert Morris,-4.5,,,1.0
2025.0,12.0,Miami,NC State,-16.5,,,3.0
2025.0,12.0,Miami (OH),Toledo,5.5,,,3.0
2025.0,12.0,Michigan State,Penn State,7.0,,,3.0
2025.0,12.0,Mississippi Valley State,Alabama State,29.5,,,1.0
2025.0,12.0,Missouri,Mississippi State,-7.5,,,3.0
2025.0,12.0,Missouri State,UTEP,-6.5,,,3.0
2025.0,12.0,Montana State,UC Davis,-19.0,,,1.0
2025.0,12.0,Murray State,North Dakota,34.0,,,1.0
2025.0,12.0,Navy,South Florida,8.5,,,3.0
2025.0,12.0,Nevada,San José State,9.5,,,3.0
2025.0,12.0,New Mexico,Colorado State,-15.5,,,3.0
2025.0,12.0,Nicholls,Northwestern State,-23.5,,,1.0
2025.0,12.0,Norfolk State,Morgan State,5.5,,,1.0
2025.0,12.0,North Carolina A&T,Monmouth,21.5,,,1.0
2025.0,12.0,North Carolina Central,South Carolina State,-7.0,,,1.0
2025.0,12.0,North Dakota State,Northern Iowa,-34.0,,,1.0
2025.0,12.0,Northern Arizona,Cal Poly,-11.5,,,1.0
2025.0,12.0,Northwestern,Michigan,10.0,,,3.0
2025.0,12.0,Ohio State,UCLA,-33.0,,,3.0
2025.0,12.0,Oklahoma State,Kansas State,19.5,,,3.0
2025.0,12.0,Old Dominion,Troy,-9.5,,,3.0
2025.0,12.0,Ole Miss,Florida,-10.5,,,3.0
2025.0,12.0,Oregon,Minnesota,-26.5,,,3.0
2025.0,12.0,Pittsburgh,Notre Dame,12.5,,,3.0
2025.0,12.0,Portland State,Montana,30.5,,,1.0
2025.0,12.0,Prairie View A&M,Arkansas-Pine Bluff,-21.0,,,1.0
2025.0,12.0,Princeton,Yale,8.5,,,1.0
2025.0,12.0,Richmond,Lafayette,3.5,,,1.0
2025.0,12.0,Sacramento State,Idaho,-7.0,,,1.0
2025.0,12.0,Sacred Heart,Merrimack,-6.5,,,1.0
2025.0,12.0,Sam Houston,Delaware,11.5,,,3.0
2025.0,12.0,San Diego,Butler,-7.5,,,1.0
2025.0,12.0,San Diego State,Boise State,-2.0,,,3.0
2025.0,12.0,South Dakota State,Illinois State,-3.5,,,1.0
2025.0,12.0,Southern,Texas Southern,6.5,,,1.0
2025.0,12.0,Southern Illinois,South Dakota,-4.5,,,1.0
2025.0,12.0,Southern Miss,Texas State,-3.0,,,3.0
2025.0,12.0,Southern Utah,Central Arkansas,-12.5,,,1.0
2025.0,12.0,St. Francis (PA),Long Island University,14.0,,,1.0
2025.0,12.0,St. Thomas (MN),Presbyterian,-5.5,,,1.0
2025.0,12.0,Stephen F. Austin,Lamar,-11.0,,,1.0
2025.0,12.0,Tarleton State,North Alabama,-33.5,,,1.0
2025.0,12.0,Tennessee,New Mexico State,-41.5,,,3.0
2025.0,12.0,Tennessee State,Gardner-Webb,15.0,,,1.0
2025.0,12.0,Texas A&M,South Carolina,-16.5,,,3.0
2025.0,12.0,Texas Tech,UCF,-24.5,,,3.0
2025.0,12.0,The Citadel,Wofford,3.5,,,1.0
2025.0,12.0,Tulane,Florida Atlantic,-16.5,,,3.0
2025.0,12.0,Tulsa,Oregon State,-1.5,,,3.0
2025.0,12.0,UAB,North Texas,17.5,,,3.0
2025.0,12.0,UAlbany,Towson,13.5,,,1.0
2025.0,12.0,UConn,Air Force,-7.5,,,3.0
2025.0,12.0,UL Monroe,South Alabama,4.0,,,3.0
2025.0,12.0,UNLV,Utah State,-4.5,,,3.0
2025.0,12.0,USC,Iowa,-6.5,,,3.0
2025.0,12.0,UT Martin,Charleston Southern,-10.0,,,1.0
2025.0,12.0,Valparaiso,Stetson,-2.5,,,1.0
2025.0,12.0,Villanova,Stony Brook,-10.5,,,1.0
2025.0,12.0,Wagner,Stonehill,-1.0,,,1.0
2025.0,12.0,Wake Forest,North Carolina,-3.5,,,3.0
2025.0,12.0,Washington,Purdue,-14.5,,,3.0
2025.0,12.0,Washington State,Louisiana Tech,-10.0,,,3.0
2025.0,12.0,West Georgia,Utah Tech,-15.0,,,1.0
2025.0,12.0,Western Carolina,East Tennessee State,-6.0,,,1.0
2025.0,12.0,Western Illinois,Southeast Missouri State,8.0,,,1.0
2025.0,12.0,Western Kentucky,Middle Tennessee,-13.5,,,3.0
2025.0,12.0,Western Michigan,Ohio,-1.5,,,3.0
2025.0,12.0,Youngstown State,Indiana State,-20.5,,,1.0
2025.0,13.0,Air Force,New Mexico,3.5,,,3.0
2025.0,13.0,Alabama,Eastern Illinois,-50.5,,,3.0
2025.0,13.0,Alabama State,Arkansas-Pine Bluff,-26.5,,,1.0
2025.0,13.0,Alcorn State,Jackson State,-19.5,,,1.0
2025.0,13.0,App State,Marshall,4.0,,,3.0
2025.0,13.0,Arizona,Baylor,-6.5,,,3.0
2025.0,13.0,Arkansas State,Louisiana,-2.5,,,3.0
2025.0,13.0,Army,Tulsa,-10.0,,,3.0
2025.0,13.0,Auburn,Mercer,-26.5,,,3.0
2025.0,13.0,Boise State,Colorado State,-17.5,,,3.0
2025.0,13.0,Bowling Green,Akron,-2.5,,,3.0
2025.0,13.0,Brown,Dartmouth,8.0,,,1.0
2025.0,13.0,Buffalo,Miami (OH),2.5,,,3.0
2025.0,13.0,Butler,Valparaiso,-16.5,,,1.0
2025.0,13.0,Cal Poly,Eastern Washington,-2.5,,,1.0
2025.0,13.0,Central Arkansas,Abilene Christian,9.5,,,1.0
2025.0,13.0,Central Connecticut,Mercyhurst,-10.5,,,1.0
2025.0,13.0,Charleston Southern,Tennessee State,-12.5,,,1.0
2025.0,13.0,Cincinnati,BYU,2.5,,,3.0
2025.0,13.0,Clemson,Furman,-41.5,,,3.0
2025.0,13.0,Colgate,Bucknell,-9.5,,,1.0
2025.0,13.0,Colorado,Arizona State,7.0,,,3.0
2025.0,13.0,Cornell,Columbia,-9.5,,,1.0
2025.0,13.0,Davidson,Dayton,17.5,,,1.0
2025.0,13.0,Delaware State,South Carolina State,5.5,,,1.0
2025.0,13.0,Drake,Morehead State,-21.5,,,1.0
2025.0,13.0,East Tennessee State,The Citadel,-11.5,,,1.0
2025.0,13.0,Elon,North Carolina A&T,-21.0,,,1.0
2025.0,13.0,Florida,Tennessee,3.5,,,3.0
2025.0,13.0,Florida A&M,Bethune-Cookman,-2.5,,,1.0
2025.0,13.0,Florida Atlantic,UConn,6.0,,,3.0
2025.0,13.0,Florida International,Jacksonville State,-2.5,,,3.0
2025.0,13.0,Fresno State,Utah State,-1.5,,,3.0
2025.0,13.0,Gardner-Webb,Western Illinois,-13.5,,,1.0
2025.0,13.0,Georgia,Charlotte,-42.5,,,3.0
2025.0,13.0,Georgia Southern,Old Dominion,10.0,,,3.0
2025.0,13.0,Georgia Tech,Pittsburgh,-2.5,,,3.0
2025.0,13.0,Holy Cross,Georgetown,-5.5,,,1.0
2025.0,13.0,Houston,TCU,1.5,,,3.0
2025.0,13.0,Houston Christian,Incarnate Word,17.5,,,1.0
2025.0,13.0,Howard,Norfolk State,-3.5,,,1.0
2025.0,13.0,Idaho,Idaho State,-2.5,,,1.0
2025.0,13.0,Illinois State,Southern Illinois,-4.5,,,1.0
2025.0,13.0,Indiana State,Murray State,-13.0,,,1.0
2025.0,13.0,Iowa,Michigan State,-17.5,,,3.0
2025.0,13.0,Iowa State,Kansas,-3.5,,,3.0
2025.0,13.0,James Madison,Washington State,-15.5,,,3.0
2025.0,13.0,Kennesaw State,Missouri State,-6.5,,,3.0
2025.0,13.0,Kent State,Central Michigan,7.5,,,3.0
2025.0,13.0,LSU,Western Kentucky,-24.5,,,3.0
2025.0,13.0,Lafayette,Lehigh,10.0,,,1.0
2025.0,13.0,Lamar,McNeese,-13.5,,,1.0
2025.0,13.0,Long Island University,Wagner,-10.0,,,1.0
2025.0,13.0,Louisiana Tech,Liberty,1.5,,,3.0
2025.0,13.0,Maryland,Michigan,14.0,,,3.0
2025.0,13.0,Merrimack,Fordham,-5.5,,,1.0
2025.0,13.0,Middle Tennessee,Sam Houston,-6.5,,,3.0
2025.0,13.0,Monmouth,UAlbany,-29.5,,,1.0
2025.0,13.0,Montana,Montana State,4.5,,,1.0
2025.0,13.0,Morgan State,North Carolina Central,9.5,,,1.0
2025.0,13.0,NC State,Florida State,6.5,,,3.0
2025.0,13.0,New Hampshire,Maine,-7.5,,,1.0
2025.0,13.0,North Alabama,Southern Utah,18.0,,,1.0
2025.0,13.0,North Carolina,Duke,7.0,,,3.0
2025.0,13.0,North Dakota,South Dakota State,-9.5,,,1.0
2025.0,13.0,North Dakota State,St. Thomas (MN),-33.5,,,1.0
2025.0,13.0,Northern Colorado,Portland State,-10.5,,,1.0
2025.0,13.0,Northern Illinois,Western Michigan,7.0,,,3.0
2025.0,13.0,Northern Iowa,Youngstown State,14.0,,,1.0
2025.0,13.0,Northwestern,Minnesota,-4.0,,,3.0
2025.0,13.0,Northwestern State,Stephen F. Austin,37.5,,,1.0
2025.0,13.0,Notre Dame,Syracuse,-36.5,,,3.0
2025.0,13.0,Ohio,Massachusetts,-33.5,,,3.0
2025.0,13.0,Ohio State,Rutgers,-28.5,,,3.0
2025.0,13.0,Oklahoma,Missouri,-4.5,,,3.0
2025.0,13.0,Oregon,USC,-11.0,,,3.0
2025.0,13.0,Penn State,Nebraska,-7.0,,,3.0
2025.0,13.0,Pennsylvania,Princeton,-3.5,,,1.0
2025.0,13.0,Prairie View A&M,Mississippi Valley State,-29.5,,,1.0
2025.0,13.0,Presbyterian,Marist,-17.5,,,1.0
2025.0,13.0,Rhode Island,Hampton,-31.5,,,1.0
2025.0,13.0,Rice,North Texas,18.5,,,3.0
2025.0,13.0,Robert Morris,Duquesne,13.5,,,1.0
2025.0,13.0,SE Louisiana,Nicholls,-17.5,,,1.0
2025.0,13.0,SMU,Louisville,-4.0,,,3.0
2025.0,13.0,San Diego State,San José State,-10.0,,,3.0
2025.0,13.0,South Alabama,Southern Miss,2.5,,,3.0
2025.0,13.0,South Carolina,Coastal Carolina,-24.0,,,3.0
2025.0,13.0,Southeast Missouri State,Lindenwood,1.5,,,1.0
2025.0,13.0,Stanford,California,4.5,,,3.0
2025.0,13.0,Stetson,San Diego,22.0,,,1.0
2025.0,13.0,Stonehill,St. Francis (PA),-7.5,,,1.0
2025.0,13.0,Stony Brook,Bryant,-18.5,,,1.0
2025.0,13.0,Tarleton State,Austin Peay,-18.5,,,1.0
2025.0,13.0,Temple,Tulane,7.5,,,3.0
2025.0,13.0,Tennessee Tech,UT Martin,-17.5,,,1.0
2025.0,13.0,Texas,Arkansas,-8.5,,,3.0
2025.0,13.0,Texas A&M,Samford,-54.5,,,3.0
2025.0,13.0,Texas Southern,Alabama A&M,-3.5,,,1.0
2025.0,13.0,Texas State,UL Monroe,-20.5,,,3.0
2025.0,13.0,Toledo,Ball State,-29.5,,,3.0
2025.0,13.0,Towson,Campbell,-8.5,,,1.0
2025.0,13.0,Troy,Georgia State,-9.5,,,3.0
2025.0,13.0,UAB,South Florida,21.5,,,3.0
2025.0,13.0,UC Davis,Sacramento State,-5.0,,,1.0
2025.0,13.0,UCF,Oklahoma State,-13.5,,,3.0
2025.0,13.0,UCLA,Washington,10.5,,,3.0
2025.0,13.0,UNLV,Hawai'i,-2.5,,,3.0
2025.0,13.0,UTEP,New Mexico State,-4.0,,,3.0
2025.0,13.0,UTSA,East Carolina,2.0,,,3.0
2025.0,13.0,Utah,Kansas State,-17.5,,,3.0
2025.0,13.0,Utah Tech,Eastern Kentucky,6.5,,,1.0
2025.0,13.0,Vanderbilt,Kentucky,-7.0,,,3.0
2025.0,13.0,Villanova,Sacred Heart,-16.0,,,1.0
2025.0,13.0,Virginia Tech,Miami,17.5,,,3.0
2025.0,13.0,Wake Forest,Delaware,-17.5,,,3.0
2025.0,13.0,Weber State,Northern Arizona,14.0,,,1.0
2025.0,13.0,William & Mary,Richmond,-6.5,,,1.0
2025.0,13.0,Wisconsin,Illinois,8.5,,,3.0
2025.0,13.0,Wofford,Chattanooga,-4.5,,,1.0
2025.0,13.0,Wyoming,Nevada,-6.5,,,3.0
2025.0,13.0,Yale,Harvard,6.5,,,1.0
2025.0,14.0,Abilene Christian,Lamar,-12.5,,,1.0
2025.0,14.0,App State,Arkansas State,1.5,,,3.0
2025.0,14.0,Arizona State,Arizona,2.0,,,3.0
2025.0,14.0,Arkansas,Missouri,4.5,,,3.0
2025.0,14.0,Auburn,Alabama,7.0,,,3.0
2025.0,14.0,Baylor,Houston,-2.5,,,3.0
2025.0,14.0,Buffalo,Ohio,7.0,,,3.0
2025.0,14.0,California,SMU,13.5,,,3.0
2025.0,14.0,Central Michigan,Toledo,11.5,,,3.0
2025.0,14.0,Coastal Carolina,James Madison,24.0,,,3.0
2025.0,14.0,Colorado State,Air Force,2.5,,,3.0
2025.0,14.0,Delaware,UTEP,-4.5,,,3.0
2025.0,14.0,Duke,Wake Forest,-2.5,,,3.0
2025.0,14.0,Eastern Michigan,Western Michigan,10.0,,,3.0
2025.0,14.0,Florida,Florida State,1.5,,,3.0
2025.0,14.0,Florida Atlantic,East Carolina,7.0,,,3.0
2025.0,14.0,Georgia Tech,Georgia,16.5,,,3.0
2025.0,14.0,Hawai'i,Wyoming,-8.5,,,3.0
2025.0,14.0,Illinois,Northwestern,-7.0,,,3.0
2025.0,14.0,Jacksonville State,Western Kentucky,1.5,,,3.0
2025.0,14.0,Kansas,Utah,10.0,,,3.0
2025.0,14.0,Kansas State,Colorado,-16.5,,,3.0
2025.0,14.0,Liberty,Kennesaw State,2.5,,,3.0
2025.0,14.0,Louisiana,UL Monroe,-11.0,,,3.0
2025.0,14.0,Louisville,Kentucky,1.5,,,3.0
2025.0,14.0,Marshall,Georgia Southern,-10.5,,,3.0
2025.0,14.0,Massachusetts,Bowling Green,14.0,,,3.0
2025.0,14.0,Memphis,Navy,-3.5,,,3.0
2025.0,14.0,Miami (OH),Ball State,-16.5,,,3.0
2025.0,14.0,Michigan,Ohio State,9.5,,,3.0
2025.0,14.0,Michigan State,Maryland,-4.0,,,3.0
2025.0,14.0,Minnesota,Wisconsin,2.5,,,3.0
2025.0,14.0,Mississippi State,Ole Miss,7.5,,,3.0
2025.0,14.0,Mississippi Valley State,Florida A&M,13.5,,,1.0
2025.0,14.0,Missouri State,Louisiana Tech,-2.5,,,3.0
2025.0,14.0,NC State,North Carolina,-7.0,,,3.0
2025.0,14.0,Nebraska,Iowa,5.5,,,3.0
2025.0,14.0,Nevada,UNLV,7.5,,,3.0
2025.0,14.0,New Mexico,San Diego State,1.5,,,3.0
2025.0,14.0,New Mexico State,Middle Tennessee,-3.5,,,3.0
2025.0,14.0,North Texas,Temple,-20.5,,,3.0
2025.0,14.0,Northern Illinois,Kent State,-5.0,,,3.0
2025.0,14.0,Oklahoma,LSU,-11.5,,,3.0
2025.0,14.0,Oklahoma State,Iowa State,14.0,,,3.0
2025.0,14.0,Old Dominion,Georgia State,-28.5,,,3.0
2025.0,14.0,Pittsburgh,Miami,6.5,,,3.0
2025.0,14.0,Purdue,Indiana,28.5,,,3.0
2025.0,14.0,Rhode Island,Central Connecticut,-19.5,,,1.0
2025.0,14.0,Rutgers,Penn State,14.0,,,3.0
2025.0,14.0,SE Louisiana,Illinois State,-2.5,,,1.0
2025.0,14.0,Sam Houston,Florida International,10.5,,,3.0
2025.0,14.0,San José State,Fresno State,3.5,,,3.0
2025.0,14.0,South Carolina,Clemson,-2.5,,,3.0
2025.0,14.0,South Dakota,Drake,-21.0,,,1.0
2025.0,14.0,South Dakota State,New Hampshire,-11.0,,,1.0
2025.0,14.0,South Florida,Rice,-28.5,,,3.0
2025.0,14.0,Southern,Grambling,-13.5,,,1.0
2025.0,14.0,Southern Miss,Troy,-7.0,,,3.0
2025.0,14.0,Stanford,Notre Dame,32.5,,,3.0
2025.0,14.0,Syracuse,Boston College,3.0,,,3.0
2025.0,14.0,TCU,Cincinnati,-3.0,,,3.0
2025.0,14.0,Tennessee,Vanderbilt,-2.5,,,3.0
2025.0,14.0,Tennessee Tech,North Dakota,2.0,,,1.0
2025.0,14.0,Texas,Texas A&M,2.5,,,3.0
2025.0,14.0,Texas State,South Alabama,-9.5,,,3.0
2025.0,14.0,Tulane,Charlotte,-31.0,,,3.0
2025.0,14.0,Tulsa,UAB,-9.5,,,3.0
2025.0,14.0,USC,UCLA,-21.5,,,3.0
2025.0,14.0,UTSA,Army,-8.5,,,3.0
2025.0,14.0,Utah State,Boise State,1.5,,,3.0
2025.0,14.0,Villanova,Harvard,2.0,,,1.0
2025.0,14.0,Virginia,Virginia Tech,-8.5,,,3.0
2025.0,14.0,Washington,Oregon,6.5,,,3.0
2025.0,14.0,Washington State,Oregon State,-14.0,,,3.0
2025.0,14.0,West Virginia,Texas Tech,24.5,,,3.0
2025.0,14.0,Youngstown State,Yale,-4.5,,,1.0
2025.0,15.0,Alabama,Georgia,1.5,,,4.0
2025.0,15.0,Boise State,UNLV,-6.0,,,4.0
2025.0,15.0,Jacksonville State,Kennesaw State,3.0,,,4.0
2025.0,15.0,James Madison,Troy,-24.5,,,4.0
2025.0,15.0,Ohio State,Indiana,-3.5,,,4.0
2025.0,15.0,Texas Tech,BYU,-12.5,,,4.0
2025.0,15.0,Tulane,North Texas,1.5,,,4.0
2025.0,15.0,Virginia,Duke,-3.5,,,3.0
2025.0,15.0,Western Michigan,Miami (OH),-2.5,,,4.0
2025.0,16.0,Montana,South Dakota,-7.5,,,1.0
2025.0,16.0,Montana State,Stephen F. Austin,-15.5,,,1.0
2025.0,16.0,Navy,Army,-6.0,,,4.0
2025.0,16.0,Tarleton State,Villanova,-14.5,,,1.0
2025.0,16.0,UC Davis,Illinois State,-3.0,,,1.0
