{
 "asof": "2026-01-21",
 "mu": 0.17666272042492626,
 "hfa": 0.02192982026712826,
 "c0": 10.364046589467087,
 "c1": 92.74763766697095,
 "sigma": 16.651424862334927,
 "sigma_total": 16.940773497128795,
 "teams": {
  "Air Force": {
   "off": 0.028381071403559707,
   "def": -0.09015403339955225
  },
  "Akron": {
   "off": -0.10886192873702098,
   "def": -0.04490372484078144
  },
  "Alabama": {
   "off": 0.06519700793616429,
   "def": 0.0990677020058092
  },
  "App State": {
   "off": -0.027955812377389935,
   "def": -0.04819207978110084
  },
  "Arizona": {
   "off": 0.015584886065645093,
   "def": 0.017222549647506354
  },
  "Arizona State": {
   "off": 0.01048816614954427,
   "def": 0.02772600461578919
  },
  "Arkansas": {
   "off": 0.07380259990026412,
   "def": 0.0013457142944409972
  },
  "Arkansas State": {
   "off": -0.06223765692410865,
   "def": -0.06191133813227273
  },
  "Army": {
   "off": 0.003209852047922259,
   "def": -0.005709529273507163
  },
  "Auburn": {
   "off": 0.01679715022688835,
   "def": 0.07424871348615666
  },
  "BYU": {
   "off": 0.01720394147156519,
   "def": 0.04697163210748139
  },
  "Ball State": {
   "off": -0.10075476816588605,
   "def": -0.06394206171595425
  },
  "Baylor": {
   "off": 0.023805354946415197,
   "def": -0.011936622540295594
  },
  "Boise State": {
   "off": 0.034855921176984724,
   "def": 0.036617777186677594
  },
  "Boston College": {
   "off": -0.007242451806754702,
   "def": -0.029202885735087173
  },
  "Bowling Green": {
   "off": -0.060118181265953835,
   "def": -0.0003896812045095805
  },
  "Buffalo": {
   "off": -0.08576164270601672,
   "def": 0.0024504316738954424
  },
  "California": {
   "off": -0.020166545297981925,
   "def": 9.127606032391985e-05
  },
  "Central Michigan": {
   "off": -0.04130236406409508,
   "def": -0.030942607410764548
  },
  "Charlotte": {
   "off": -0.12429292685715035,
   "def": -0.03790659374685788
  },
  "Cincinnati": {
   "off": 0.055222302583984056,
   "def": -0.020100600674231056
  },
  "Clemson": {
   "off": 0.016400723812643264,
   "def": 0.06431385248822684
  },
  "Coastal Carolina": {
   "off": -0.0444728267633927,
   "def": -0.04598905728038116
  },
  "Colorado": {
   "off": -0.02132740744862257,
   "def": 0.0015445602544615945
  },
  "Colorado State": {
   "off": -0.05195290431912428,
   "def": -0.04020095876951011
  },
  "Delaware": {
   "off": -0.006660299163468587,
   "def": -0.05017502408908314
  },
  "Duke": {
   "off": 0.014219148705310852,
   "def": 0.0072527918995593035
  },
  "East Carolina": {
   "off": -0.018624517583451836,
   "def": 0.023221010952197578
  },
  "Eastern Michigan": {
   "off": -0.04674116915459581,
   "def": -0.06516250794444159
  },
  "FCS": {
   "off": -2.393918396847994e-16,
   "def": -0.17104486625688958
  },
  "Florida": {
   "off": 0.03121800448534373,
   "def": 0.017130444744099603
  },
  "Florida Atlantic": {
   "off": -0.02640112856124234,
   "def": -0.04300170284943647
  },
  "Florida International": {
   "off": -0.05942371511884456,
   "def": -0.01079513581144734
  },
  "Florida State": {
   "off": 0.033210150502455925,
   "def": 0.012303795687698696
  },
  "Fresno State": {
   "off": -0.05623574996943669,
   "def": 0.0438895447647309
  },
  "Georgia": {
   "off": 0.08993177287432547,
   "def": 0.08896252158444982
  },
  "Georgia Southern": {
   "off": -0.0015418496734905668,
   "def": -0.08163685537982769
  },
  "Georgia State": {
   "off": -0.034877700946793606,
   "def": -0.05850253715167052
  },
  "Georgia Tech": {
   "off": 0.049583852294409037,
   "def": -0.00787614260312749
  },
  "Hawai'i": {
   "off": -0.04588452125999551,
   "def": -0.055466886592912774
  },
  "Houston": {
   "off": -0.05393327858855939,
   "def": 0.01879131923053874
  },
  "Illinois": {
   "off": 0.02353585276782762,
   "def": 0.01100249180742251
  },
  "Indiana": {
   "off": 0.09612002380111619,
   "def": 0.08298379986250701
  },
  "Iowa": {
   "off": -0.06580356782916698,
   "def": 0.10083568123290708
  },
  "Iowa State": {
   "off": 0.008745514351626136,
   "def": 0.042882897982175094
  },
  "Jacksonville State": {
   "off": -0.0022396657050362465,
   "def": -0.0035480223780918457
  },
  "James Madison": {
   "off": 0.0021633909633366755,
   "def": 0.0999564709445856
  },
  "Kansas": {
   "off": 0.09437398836756568,
   "def": -0.0392176191972319
  },
  "Kansas State": {
   "off": 0.04837241411985858,
   "def": 0.05135183636143505
  },
  "Kennesaw State": {
   "off": -0.0791047317946424,
   "def": -0.038212833848239
  },
  "Kent State": {
   "off": -0.10036802153989785,
   "def": -0.08822338717518796
  },
  "Kentucky": {
   "off": -0.03451724478450055,
   "def": 0.037986797249063634
  },
  "LSU": {
   "off": 0.04212757499998048,
   "def": 0.04527188904415404
  },
  "Liberty": {
   "off": 0.0026404344639687563,
   "def": -0.018855935399490955
  },
  "Louisiana": {
   "off": -0.019022008114786756,
   "def": -0.03970049114863175
  },
  "Louisiana Tech": {
   "off": -0.08542805653150991,
   "def": 0.010281929481650704
  },
  "Louisville": {
   "off": 0.03931535107475253,
   "def": 0.0679035614267733
  },
  "Marshall": {
   "off": -0.031347499862861464,
   "def": 0.01961773723964559
  },
  "Maryland": {
   "off": -0.02262216998164357,
   "def": 0.029087724138269405
  },
  "Massachusetts": {
   "off": -0.10674139137182348,
   "def": -0.10438910859586473
  },
  "Memphis": {
   "off": 0.044065145590581584,
   "def": -0.011260820391896482
  },
  "Miami": {
   "off": 0.07418523763208074,
   "def": 0.0823710045432423
  },
  "Miami (OH)": {
   "off": -0.062275991214116,
   "def": 0.02217075763352789
  },
  "Michigan": {
   "off": 0.038991220513307466,
   "def": 0.09379811490608395
  },
  "Michigan State": {
   "off": -0.0381847902382524,
   "def": -0.0014719566699540124
  },
  "Middle Tennessee": {
   "off": -0.045839925628798905,
   "def": -0.058853734301773625
  },
  "Minnesota": {
   "off": -0.024118447252936236,
   "def": 0.011684651008875183
  },
  "Mississippi State": {
   "off": -0.0018126314327785928,
   "def": -0.017491803817790627
  },
  "Missouri": {
   "off": 0.020054662047386037,
   "def": 0.07379162246683087
  },
  "Missouri State": {
   "off": -0.015292948754587088,
   "def": -0.056798386869996005
  },
  "NC State": {
   "off": 0.024865249378716436,
   "def": 0.00423459888058322
  },
  "Navy": {
   "off": 0.015550753199193296,
   "def": 0.012361097992083127
  },
  "Nebraska": {
   "off": -0.0061752340642672945,
   "def": 0.001620009776321197
  },
  "Nevada": {
   "off": -0.08594853259994739,
   "def": -0.03683532868070593
  },
  "New Mexico": {
   "off": -0.0012772553688560825,
   "def": -0.054579674521972196
  },
  "New Mexico State": {
   "off": -0.08149153654305616,
   "def": -0.03212666411300211
  },
  "North Carolina": {
   "off": -0.00983766485947054,
   "def": -0.013480690704756798
  },
  "North Texas": {
   "off": 0.0787473640555365,
   "def": -0.04995164136408792
  },
  "Northern Illinois": {
   "off": -0.05489508014022565,
   "def": -0.02077856114441603
  },
  "Northwestern": {
   "off": -0.06619103616753283,
   "def": 0.02150379680358981
  },
  "Notre Dame": {
   "off": 0.11596336663652712,
   "def": 0.1297057094961204
  },
  "Ohio": {
   "off": 0.004316044834435186,
   "def": 0.027010792710980225
  },
  "Ohio State": {
   "off": 0.14701482214292394,
   "def": 0.15113811335159272
  },
  "Oklahoma": {
   "off": -0.007536652123715706,
   "def": 0.11768495146720108
  },
  "Oklahoma State": {
   "off": -0.06254213558466845,
   "def": -0.05792275644313016
  },
  "Old Dominion": {
   "off": 0.006411446762404863,
   "def": 0.04420697737542464
  },
  "Ole Miss": {
   "off": 0.11505281355370434,
   "def": 0.06198365943252944
  },
  "Oregon": {
   "off": 0.1422408271035317,
   "def": 0.08920435096575278
  },
  "Oregon State": {
   "off": -0.03184881021687337,
   "def": -0.012355220192329923
  },
  "Penn State": {
   "off": 0.07707992899632066,
   "def": 0.10214066042535494
  },
  "Pittsburgh": {
   "off": -0.025358328154920645,