{
 "asof": "2026-01-21",
 "mu": 26.738025236061652,
 "hfa": 3.3277836711778477,
 "sigma": 15.914986918753943,
 "sigma_total": 15.48458034643307,
 "total_bias": -1.0690206388930061,
 "total_mean": 53.476050472123305,
 "total_shrink": 0.8,
 "teams": {
  "Air Force": {
   "off": -2.91890159514968,
   "def": 0.3325913903290054
  },
  "Akron": {
   "off": -7.516604409744775,
   "def": -4.48686614816809
  },
  "Alabama": {
   "off": 5.819117522181633,
   "def": 8.876497111299892
  },
  "App State": {
   "off": -2.3425341247130955,
   "def": -3.5698199531119297
  },
  "Arizona": {
   "off": 1.0264932830480795,
   "def": 2.3409893731859768
  },
  "Arizona State": {
   "off": -0.6708749454790546,
   "def": 2.25716001762161
  },
  "Arkansas": {
   "off": 3.808785571223781,
   "def": -0.26775462991124144
  },
  "Arkansas State": {
   "off": -3.7700226262943914,
   "def": -3.6966047428738404
  },
  "Army": {
   "off": -3.9777057507851796,
   "def": 4.659913775087013
  },
  "Auburn": {
   "off": -0.35384168757219886,
   "def": 5.0272370071478285
  },
  "BYU": {
   "off": 1.8921061667122705,
   "def": 4.913187342731812
  },
  "Ball State": {
   "off": -7.837590642827563,
   "def": -5.503346096130171
  },
  "Baylor": {
   "off": 2.818656006116429,
   "def": -1.7590073066434675
  },
  "Boise State": {
   "off": 2.233298380505804,
   "def": 2.5013880582992063
  },
  "Boston College": {
   "off": -1.9840623899233236,
   "def": -1.043148065623583
  },
  "Bowling Green": {
   "off": -5.153347057157298,
   "def": -0.213177337654042
  },
  "Buffalo": {
   "off": -4.509557275279953,
   "def": -2.0332611445731295
  },
  "California": {
   "off": -1.5662247070695976,
   "def": 0.2822614746452583
  },
  "Central Michigan": {
   "off": -5.70643279057193,
   "def": -2.3084205689588564
  },
  "Charlotte": {
   "off": -8.837651540689386,
   "def": -6.375565518853465
  },
  "Cincinnati": {
   "off": -0.08409464768892239,
   "def": 1.3361665529638107
  },
  "Clemson": {
   "off": 2.9881184387019353,
   "def": 5.43600022606336
  },
  "Coastal Carolina": {
   "off": -3.4632969169705863,
   "def": -4.205495107724033
  },
  "Colorado": {
   "off": -1.3473802379266697,
   "def": -1.7433265527656019
  },
  "Colorado State": {
   "off": -7.027309395009394,
   "def": -2.9104160661619582
  },
  "Delaware": {
   "off": -1.3866667852713164,
   "def": -4.602893045749193
  },
  "Duke": {
   "off": 2.808899679300958,
   "def": 1.1719261971431782
  },
  "East Carolina": {
   "off": -0.24365411465394105,
   "def": 2.244587492960101
  },
  "Eastern Michigan": {
   "off": -5.180559196394558,
   "def": -4.0306594534125315
  },
  "FCS": {
   "off": -13.673616684835064,
   "def": -14.450934661399762
  },
  "Florida": {
   "off": 0.3692032351589276,
   "def": 4.276266187954119
  },
  "Florida Atlantic": {
   "off": -2.6907876808462845,
   "def": -4.632061158086858
  },
  "Florida International": {
   "off": -4.166531827441064,
   "def": -4.091750143356672
  },
  "Florida State": {
   "off": 0.9921859807059668,
   "def": 3.9796821553576804
  },
  "Fresno State": {
   "off": -2.4426223348444207,
   "def": 2.4557290209441236
  },
  "Georgia": {
   "off": 6.768975600327977,
   "def": 9.319083961024468
  },
  "Georgia Southern": {
   "off": -1.1668343656283584,
   "def": -3.970235236506812
  },
  "Georgia State": {
   "off": -5.013106169704737,
   "def": -6.022343786646194
  },
  "Georgia Tech": {
   "off": 1.9082102172595827,
   "def": 1.4067677725995946
  },
  "Hawai'i": {
   "off": -4.576762777204037,
   "def": -2.351870767228446
  },
  "Houston": {
   "off": -2.265414005468637,
   "def": 2.2668062544775562
  },
  "Illinois": {
   "off": 1.3046079901972218,
   "def": 4.090028339539901
  },
  "Indiana": {
   "off": 9.392553179739796,
   "def": 8.565545087723228
  },
  "Iowa": {
   "off": -0.8427007996466482,
   "def": 9.181806139068906
  },
  "Iowa State": {
   "off": 0.10468052172519893,
   "def": 5.039104643593466
  },
  "Jacksonville State": {
   "off": -0.01218613576487293,
   "def": -0.7106074486260079
  },
  "James Madison": {
   "off": 4.000583933379689,
   "def": 5.119220335861902
  },
  "Kansas": {
   "off": 2.6330082393943277,
   "def": 0.5692810463469544
  },
  "Kansas State": {
   "off": 3.2616175113452286,
   "def": 3.1321131102653146
  },
  "Kennesaw State": {
   "off": -5.798217814936373,
   "def": -2.0883821765338704
  },
  "Kent State": {
   "off": -8.365860231905152,
   "def": -9.041377584838862
  },
  "Kentucky": {
   "off": -2.236096334122015,
   "def": 3.9159739477535704
  },
  "LSU": {
   "off": 3.0159943768362556,
   "def": 4.758286674954018
  },
  "Liberty": {
   "off": -1.6035488446975203,
   "def": -1.1755794733855138
  },
  "Louisiana": {
   "off": -1.728151414054121,
   "def": -1.6558070339564963
  },
  "Louisiana Tech": {
   "off": -4.668827342384008,
   "def": -0.25877212242180336
  },
  "Louisville": {
   "off": 3.8360504924942367,
   "def": 5.110556395294502
  },
  "Marshall": {
   "off": -1.1772625543788457,
   "def": -0.22593918264870094
  },
  "Maryland": {
   "off": -0.8406297403614493,
   "def": 0.7255399636668391
  },
  "Massachusetts": {
   "off": -10.458508389098993,
   "def": -9.997309791056274
  },
  "Memphis": {
   "off": 3.5792093050220397,
   "def": 1.0525329280401294
  },
  "Miami": {
   "off": 5.566624852909301,
   "def": 7.209089055333623
  },
  "Miami (OH)": {
   "off": -4.669603652286227,
   "def": 3.371390785730589
  },
  "Michigan": {
   "off": 3.6900444019207677,
   "def": 9.496523836227212
  },
  "Michigan State": {
   "off": -3.043669246722037,
   "def": 0.24607156848793288
  },
  "Middle Tennessee": {
   "off": -6.610625618010937,
   "def": -5.137698903213335
  },
  "Minnesota": {
   "off": -2.052718631852059,
   "def": 4.443024413430175
  },
  "Mississippi State": {
   "off": 1.2110021987262405,
   "def": -0.9712736943147791
  },
  "Missouri": {
   "off": 1.8100900089142433,
   "def": 6.147879749688004
  },
  "Missouri State": {
   "off": -3.2706806968045568,
   "def": -2.513760321223904
  },
  "NC State": {
   "off": 0.7387271575114269,
   "def": 1.4943773015085922
  },
  "Navy": {
   "off": -1.087801009743699,
   "def": 2.550376154878684
  },
  "Nebraska": {
   "off": -1.332039050649127,
   "def": 3.5055530803609596
  },
  "Nevada": {
   "off": -8.33596689340936,
   "def": -2.7380596763311074
  },
  "New Mexico": {
   "off": -1.821961351366018,
   "def": -3.287713007061031
  },
  "New Mexico State": {
   "off": -6.407337848719452,
   "def": -3.62314869051202
  },
  "North Carolina": {
   "off": -1.234454306144376,
   "def": 0.08106668479290002
  },
  "North Texas": {
   "off": 7.393414465871189,
   "def": -3.9722995173273126
  },
  "Northern Illinois": {
   "off": -7.092911203622064,
   "def": 0.5300991002269795
  },
  "Northwestern": {
   "off": -3.7112744831988165,
   "def": 3.6391010774641583
  },
  "Notre Dame": {
   "off": 10.147197405500872,
   "def": 9.669551764096047
  },
  "Ohio": {
   "off": -1.590896331874354,
   "def": 2.8348965293319135
  },
  "Ohio State": {
   "off": 8.216957458630484,
   "def": 14.330175219217775
  },
  "Oklahoma": {
   "off": 2.3632262398582453,
   "def": 7.068227418158521
  },
  "Oklahoma State": {
   "off": -4.25509615956316,
   "def": -3.187229015606457
  },
  "Old Dominion": {
   "off": -1.384315687215111,
   "def": 2.474016484034082
  },
  "Ole Miss": {
   "off": 8.326042316114396,
   "def": 6.892690546861946
  },
  "Oregon": {
   "off": 9.911255538162198,
   "def": 7.755070006704817
  },
  "Oregon State": {
   "off": -3.955523380585992,
   "def": -0.5021391601156389
  },
  "Penn State": {
   "off": 6.035914098189236,
   "def": 8.527102674677618
  },
  "Pittsburgh": {
   "off": 2.0865738375452136,
   "def": 1.0245993478935245
  },
  "Purdue": {
   "off": -3.8069293255213656,
   "def": -3.052591308640558
  },
  "Rice": {
   "off": -6.913910372953794,
   "def": -2.7990038953046397
  },
  "Rutgers": {
   "off": 0.6689339015653775,
   "def": -0.08209294798652023
  },
  "SMU": {
   "off": 5.675704447592347,