{"mu": 0.18526458877510196, "gamma": 0.2546977888464685, "rho": -0.04499999999999982, "teams": {"Abkhazia": [0.12072552481520392, 0.2763902879679447], "Afghanistan": [-0.7168032485793547, -0.3825307082159002], "Albania": [-0.056391685793325354, 0.5244038726600844], "Alderney": [-0.16249944449636256, -0.4355451541297685], "Algeria": [0.75050708305628, 0.6181422323374458], "American Samoa": [-0.8985191416018954, -1.8377908356623442], "Andorra": [-0.9645438482554635, -0.09709412424196295], "Angola": [0.046120999809979246, 0.45810264991761473], "Anguilla": [-1.1735205608249681, -1.2121027084465044], "Antigua and Barbuda": [-0.7889037680652328, -0.700443318881952], "Argentina": [1.0036019575052275, 1.27326752769133], "Armenia": [-0.03473994702380933, -0.22137708604058087], "Artsakh": [0.04327516270233518, -0.016864599362685563], "Aruba": [-0.3229208291294368, -0.5836990444967052], "Australia": [0.5663331993954069, 0.8072486725297794], "Austria": [0.618474913915281, 0.630761982286408], "Aymara": [-0.09240990717383103, -0.11893969096105486], "Azerbaijan": [-0.2101346428066067, -0.06267042909738094], "Bahamas": [-0.7718275116448249, -1.2394517406733059], "Bahrain": [0.0517713359391073, 0.2074899418008578], "Bangladesh": [-0.7744970095087965, -0.4872218091224609], "Barawa": [-0.07691033151472078, -0.4837122510990949], "Barbados": [-0.39598449122194285, -0.7528273994513371], "Basque Country": [0.3796379570858609, 0.3472194283946288], "Belarus": [0.07846185912490507, 0.06862646097434286], "Belgium": [0.8835162634741633, 0.7794478510253388], "Belize": [-0.45840738649365426, -0.41558978039644], "Benin": [0.07263838514590445, 0.15453580128712352], "Bermuda": [-0.028851903611942543, -0.6038162347395205], "Bhutan": [-1.0192431808135778, -1.104084018184745], "Biafra": [-0.11531854262447151, 0.15612867992757837], "Bolivia": [0.16929371148061315, 0.15827550808626786], "Bonaire": [-0.6253341589879526, -0.7378788460953947], "Bosnia and Herzegovina": [0.159300796741706, 0.27281039624938347], "Botswana": [-0.2645479189810664, 0.07254455531179821], "Brazil": [1.0520624682430322, 0.9697085284057666], "British Virgin Islands": [-0.6894681533553546, -0.7985880744506494], "Brunei": [-0.8990961755185904, -1.0542272409857687], "Bulgaria": [0.028571203631900716, 0.057574907264700326], "Burkina Faso": [0.3993203301261079, 0.3264495857364906], "Burundi": [-0.10179386563323742, -0.02632328756939774], "Cambodia": [-0.44062902730995857, -0.6213766115542798], "Cameroon": [0.2530700181897643, 0.6160374094018314], "Canada": [0.5772279770907978, 0.7204484043369159], "Cape Verde": [0.15365932251459713, 0.4179094448163307], "Cascadia": [0.2859720668081652, -0.093964305996131], "Catalonia": [0.06272606178694778, 0.027355979983898483], "Cayman Islands": [-0.8802316492898873, -0.8368180504368189], "Central African Republic": [0.04178268588669574, -0.2427232578928224], "Chad": [-0.480400786343399, -0.21163153591733436], "Chagos Islands": [-0.0030302949833027892, -0.7282059270976465], "Chameria": [0.1905898375013377, 0.016906145193918115], "Chile": [0.5137153875625979, 0.5446738911233616], "China": [0.005647057715701007, 0.2525813789230419], "Colombia": [0.8759868373745442, 0.9304036366324112], "Comoros": [0.018725939863719343, 0.06693279622320429], "Congo": [-0.1851152276564532, -0.19696630983635569], "Cook Islands": [-0.8634416930835679, -1.0137296740413755], "Corsica": [-0.0012966791503163674, 0.05556832577432365], "Costa Rica": [0.3622642440688204, 0.311488411649308], "County of Nice": [0.07800572966857883, -0.018745065815369538], "Croatia": [0.6752471718625712, 0.66623326130578], "Cuba": [-0.2977492598507604, -0.23885372008918945], "Cura\u00e7ao": [0.13755707990052235, 0.050721553331598286], "Cyprus": [-0.12334534367750286, -0.1421769540171102], "Czech Republic": [0.4901736691370815, 0.3836215972649173], "DR Congo": [0.2261300458030584, 0.7005128824691486], "Denmark": [0.6586009462898036, 0.75864083128575], "Djibouti": [-0.4087382942720335, -0.6514690652879667], "Dominica": [-0.7031419717321601, -0.5245005762020125], "Dominican Republic": [0.07997365911516262, -0.08528034022946167], "Donetsk PR": [0.012688279749886117, 0.041891195517056494], "D\u00e9lvid\u00e9k": [0.02352412028845426, -0.0010374517671079564], "East Turkestan": [0.36101357730410616, -0.5649912904796243], "Ecuador": [0.4388012135324816, 1.0260410654607828], "Egypt": [0.3809281181079846, 0.7637296662568257], "El Salvador": [-0.33936075243395747, 0.21085543876188206], "Elba Island": [0.3186937026656546, 0.0663320360523815], "Ellan Vannin": [0.14501503065884971, 0.01665508783243089], "England": [0.8285776993124908, 1.0515022591086134], "Equatorial Guinea": [-0.1844010004497632, 0.1599892250184821], "Eritrea": [-0.07519057378552448, -0.10900321657605037], "Estonia": [-0.22266519311961117, -4.106937904035086e-05], "Eswatini": [-0.1981832993024789, -0.12615640067068495], "Ethiopia": [-0.1095860318872422, -0.026018211639725498], "Falkland Islands": [-0.1738210182576154, -0.38570650650949817], "Faroe Islands": [-0.3047254565334453, 0.11051344673698241], "Felvid\u00e9k": [-0.023625322737363168, 0.0074472829235366], "Fiji": [-0.16509339819333957, -0.3777797503717908], "Finland": [0.10651239003888817, 0.2869569116333269], "France": [0.9461475605323675, 0.8742406732712573], "Franconia": [0.05960073827266758, -0.08510790343100293], "French Guiana": [-0.14755787119502256, -0.12074174962889903], "Fr\u00f8ya": [-0.37309680589221156, -0.8461592524573782], "Gabon": [0.2153467381629323, 0.027801579673948938], "Galicia": [-0.1509694037073986, -0.01833052462536563], "Gambia": [0.2772195482850199, 0.041438445375768296], "Georgia": [0.3621541601143108, 0.3350971073715978], "Germany": [0.9805828986588186, 0.6297513653258535], "Ghana": [0.21702446591448024, 0.4304809872348604], "Gibraltar": [-0.6355488936012074, -0.5306012050422765], "Gotland": [0.14063051280396638, -0.060303215429601854], "Gozo": [-0.1500774746173301, 0.21609542686692673], "Greece": [0.375949908273923, 0.643750465918451], "Greenland": [-0.11708823611392767, -0.48827023298416494], "Grenada": [-0.4332567382514661, -0.5316770780881714], "Guadeloupe": [-0.07663447884247908, -0.03552239529431811], "Guam": [-0.6330432444033076, -0.986511352804253], "Guatemala": [0.14229012696240037, 0.08328218704018306], "Guernsey": [0.16945648855083875, 0.36003575909800073], "Guinea": [0.2033275794913288, 0.29978832301207725], "Guinea-Bissau": [-0.3083997702890498, 0.0564744077099455], "Guyana": [0.06455625972841687, -0.3333279527476185], "Haiti": [0.45922953281773915, 0.1481211965958008], "Hitra": [0.3425836010822699, -0.39203612369212293], "Hmong": [0.12941624643124175, -0.3813069457291655], "Honduras": [0.08791640362521198, 0.2799770152619551], "Hong Kong": [-0.2786054637857306, -0.10684459704544705], "Hungary": [0.28901584650676343, 0.4589806169231803], "Iceland": [0.3318228288341021, 0.19980977414600326], "India": [-0.4881157002603285, -0.05870596125271804], "Indonesia": [0.022612677054411962, -0.045168070789253105], "Iran": [0.655533938793506, 0.7303761376377297], "Iraq": [0.14414489867083863, 0.399477181249262], "Iraqi Kurdistan": [0.05245238539729755, 0.06583236199930732], "Isle of Man": [0.8753054473092778, 0.11170438946501067], "Isle of Wight": [0.17488595005556862, 0.17941151682706455], "Israel": [0.47596070307779703, 0.10514558275896368], "Italy": [0.6535383043693846, 0.7230066832795335], "Ivory Coast": [0.45413598689152895, 0.7615330172040519], "Jamaica": [0.05215008194098271, 0.3407567343347464], "Japan": [0.859315588836855, 0.8503022785731893], "Jersey": [0.6421270081251483, 0.29941843242154553], "Jordan": [0.42057990443951077, 0.25387260043835197], "Kabylia": [-0.003082627596782481, -0.15811081228545915], "Kazakhstan": [-0.1162196512929738, 0.006769765617081676], "Kenya": [-0.051025753885796866, 0.030793687957255414], "Kernow": [0.09552385699586605, 0.061139662337013165], "Kosovo": [0.3050255674501398, 0.37263207162606427], "Kuwait": [0.02804109230769733, -0.07129396064898871],