{"mu": 0.18330347999161972, "gamma": 0.2575819637845767, "rho": -0.04499999999999982, "teams": {"Abkhazia": [0.12185768716208394, 0.2782253653224868], "Afghanistan": [-0.709876532269632, -0.37392746596853277], "Albania": [-0.06155364083677632, 0.5222789082387849], "Alderney": [-0.16344120982404328, -0.437797570413753], "Algeria": [0.7351930514482343, 0.6546670757447042], "American Samoa": [-0.9012961942680467, -1.8405228939194036], "Andorra": [-0.9714250594363305, -0.10062384299357437], "Angola": [0.039587694121460855, 0.4534324132038627], "Anguilla": [-1.1761849119452679, -1.2130634331916565], "Antigua and Barbuda": [-0.790374191454547, -0.7010085257164417], "Argentina": [0.9941319662791333, 1.27284018581949], "Armenia": [-0.04138788670020911, -0.22900672142868875], "Artsakh": [0.04347432897984534, -0.01713148449506914], "Aruba": [-0.32131345841347386, -0.5839922007253552], "Australia": [0.5972971733823288, 0.7902297130054607], "Austria": [0.6010269626551545, 0.66758777598924], "Aymara": [-0.09295529027744912, -0.12044170282960924], "Azerbaijan": [-0.21200685173299824, -0.07161847319097661], "Bahamas": [-0.7727392049699799, -1.240657774819717], "Bahrain": [0.06361908376660966, 0.2167922394284401], "Bangladesh": [-0.769547727522477, -0.4785878206799626], "Barawa": [-0.07802228200346273, -0.48707281493712506], "Barbados": [-0.39540957351481376, -0.7524852323160022], "Basque Country": [0.38886027970752474, 0.35291819633676946], "Belarus": [0.07579702184448883, 0.06454501493676006], "Belgium": [0.8644098443754946, 0.7514922560430384], "Belize": [-0.4587523425509035, -0.41484279369832444], "Benin": [0.06864323068566883, 0.14340743900830907], "Bermuda": [-0.028493846119563775, -0.6047955838981407], "Bhutan": [-1.015683948455744, -1.0993109322670491], "Biafra": [-0.11611877814325168, 0.15712735489491877], "Bolivia": [0.17310975294260605, 0.16269296877728992], "Bonaire": [-0.626367233381134, -0.7399605099216054], "Bosnia and Herzegovina": [0.11938058702743023, 0.2618999430893127], "Botswana": [-0.26832719745525613, 0.06333019789492099], "Brazil": [1.036980344147304, 0.9522329876053411], "British Virgin Islands": [-0.6906275068125515, -0.7999008636780555], "Brunei": [-0.8953466078986136, -1.049847497434285], "Bulgaria": [0.0227124906401297, 0.05095849729654617], "Burkina Faso": [0.39735644841939227, 0.3178730486943431], "Burundi": [-0.10242750906117593, -0.03560093027572046], "Cambodia": [-0.43457482458959246, -0.6141943244692533], "Cameroon": [0.2501753440489615, 0.6093737736998712], "Canada": [0.5922764608368437, 0.7217364103235395], "Cape Verde": [0.13814253921220324, 0.4046697565773782], "Cascadia": [0.2881197734758612, -0.09493620174015112], "Catalonia": [0.06486660868416368, 0.02844942565003401], "Cayman Islands": [-0.8830302052351928, -0.8380558641703888], "Central African Republic": [0.03880131840481117, -0.24834588122441767], "Chad": [-0.4864946718866675, -0.21467312397780264], "Chagos Islands": [-0.002753494031529829, -0.7319021541941146], "Chameria": [0.1921656508007309, 0.017103345100457447], "Chile": [0.5134469430102848, 0.5456449876362289], "China": [0.01728135046580405, 0.26429489663122563], "Colombia": [0.9077660315442747, 0.8886680394959919], "Comoros": [0.018030445720070978, 0.06341955798655136], "Congo": [-0.19070828541638465, -0.20695944964413088], "Cook Islands": [-0.867287805827431, -1.0154519860620075], "Corsica": [-0.0014765901063892464, 0.056054513117734545], "Costa Rica": [0.3659655014610778, 0.3184247188535242], "County of Nice": [0.07903080711464784, -0.018917835188499595], "Croatia": [0.6718970404636809, 0.6423223662336038], "Cuba": [-0.2955744564233767, -0.2377296078888189], "Cura\u00e7ao": [0.1609847977227242, 0.020490223413699726], "Cyprus": [-0.1273633343892528, -0.15033430244209622], "Czech Republic": [0.49600588283681096, 0.39799287981146025], "DR Congo": [0.19570193372069214, 0.6846206281196985], "Denmark": [0.6540684792843902, 0.7515776757254832], "Djibouti": [-0.4114327296553189, -0.6584292032398265], "Dominica": [-0.7040125811979023, -0.5244031005219533], "Dominican Republic": [0.08085770817631727, -0.08312641881898858], "Donetsk PR": [0.012944767250616013, 0.04247691714801713], "D\u00e9lvid\u00e9k": [0.023863843165410965, -0.0011084073082718413], "East Turkestan": [0.36328467522447494, -0.5683704334447091], "Ecuador": [0.45929593868311247, 1.009869443022903], "Egypt": [0.3550584067238921, 0.7588133200144584], "El Salvador": [-0.3380303315023213, 0.2155068305341474], "Elba Island": [0.3203868171758028, 0.06652555952150124], "Ellan Vannin": [0.14663173124364134, 0.016795205994587784], "England": [0.8444596868795353, 1.0108886753156578], "Equatorial Guinea": [-0.18258785944355077, 0.15543650551428806], "Eritrea": [-0.07660411416720243, -0.1105935266665978], "Estonia": [-0.22481618755297758, -0.006998628161161755], "Eswatini": [-0.2029679797024867, -0.13391218419042258], "Ethiopia": [-0.11595198702539737, -0.03383836865749492], "Falkland Islands": [-0.1745344828670438, -0.38773948965668137], "Faroe Islands": [-0.30921831229595886, 0.10566524048287225], "Felvid\u00e9k": [-0.02350777357083861, 0.007517189024817714], "Fiji": [-0.16048893683932783, -0.37486929497697663], "Finland": [0.10381844608473732, 0.27753056132278175], "France": [0.9074585052375275, 0.8505499215900997], "Franconia": [0.06024305715452233, -0.08602045665345014], "French Guiana": [-0.14623362645960927, -0.12029506328029431], "Fr\u00f8ya": [-0.3747537048041561, -0.8482852966785781], "Gabon": [0.21407139358174582, 0.020440694270908836], "Galicia": [-0.15378751402591814, -0.014375388364782114], "Gambia": [0.2775270978388255, 0.036630471664635345], "Georgia": [0.3588593977033953, 0.3260659454391945], "Germany": [0.9732163163624286, 0.6391992602807297], "Ghana": [0.22103792952551854, 0.39884932492117353], "Gibraltar": [-0.640518916521934, -0.5417644246151799], "Gotland": [0.14133167277218583, -0.061136781661325454], "Gozo": [-0.1503454225868639, 0.2170226576769644], "Greece": [0.37247041511701773, 0.639838041516169], "Greenland": [-0.11613597096867155, -0.49026396489434865], "Grenada": [-0.4340840259413195, -0.5308307105004887], "Guadeloupe": [-0.07635854719219623, -0.03360883603999236], "Guam": [-0.631354094625613, -0.9818039473952682], "Guatemala": [0.14487985644681134, 0.08667190498895769], "Guernsey": [0.16987158851671813, 0.3618894300324573], "Guinea": [0.20093189064745226, 0.28985213036824437], "Guinea-Bissau": [-0.31368730175122206, 0.04973377593057052], "Guyana": [0.06671461598549101, -0.33326223245421194], "Haiti": [0.445030416035812, 0.19364495277264074], "Hitra": [0.34400186439159647, -0.3938928483363322], "Hmong": [0.13070488151314924, -0.38451720271718565], "Honduras": [0.09070295671028282, 0.2809171504335351], "Hong Kong": [-0.2708732227321094, -0.09505369600631194], "Hungary": [0.282585192477235, 0.4493427826041852], "Iceland": [0.3273948143003019, 0.19082246754174495], "India": [-0.4792565523422509, -0.04989351684536468], "Indonesia": [0.030605772448534914, -0.03446386443509759], "Iran": [0.6930391363745511, 0.6984075219955239], "Iraq": [0.17625270827315878, 0.48877267480672315], "Iraqi Kurdistan": [0.053256106850641326, 0.06648128260499227], "Isle of Man": [0.8775638143225225, 0.11149500251546655], "Isle of Wight": [0.17674560082243884, 0.18057279289916098], "Israel": [0.47383753128761885, 0.0957767145467556], "Italy": [0.6467323162349901, 0.712221169869201], "Ivory Coast": [0.4495940100355369, 0.7513756121696936], "Jamaica": [0.0542773627596107, 0.3429628827110801], "Japan": [0.8520267718147032, 0.8509139054127648], "Jersey": [0.6442956766603621, 0.30019354124314523], "Jordan": [0.4313316640334235, 0.26909936479240687], "Kabylia": [-0.0028425290822680976, -0.1597693317108368], "Kazakhstan": [-0.11923788247314532, -0.000985298046661187], "Kenya": [-0.05345658521461227, 0.025939600592980373], "Kernow": [0.09573898330330982, 0.06152358684073164], "Kosovo": [0.301330019363827, 0.36778640794942297],