{"mu": 0.18273853256486172, "gamma": 0.2575240171177428, "rho": -0.04499999999999982, "teams": {"Abkhazia": [0.12238708727402436, 0.2790927901658701], "Afghanistan": [-0.7045878866026604, -0.36848177751560884], "Albania": [-0.060714588706555814, 0.5208470844729164], "Alderney": [-0.1637537481615182, -0.4386549046522067], "Algeria": [0.7433453487509823, 0.6868790621762345], "American Samoa": [-0.9050970270825599, -1.84467329628686], "Andorra": [-0.9726949691237062, -0.10463377216731219], "Angola": [0.0372938794671363, 0.4527930702403529], "Anguilla": [-1.1795700375848384, -1.2158669317081356], "Antigua and Barbuda": [-0.7931714371398392, -0.7042807020819376], "Argentina": [0.9759862800858432, 1.242461439923555], "Armenia": [-0.0411471652312632, -0.22942968844119235], "Artsakh": [0.04380366153050804, -0.017205964791408613], "Aruba": [-0.32303850744688506, -0.5859220676070758], "Australia": [0.6199860131629372, 0.8027581880563929], "Austria": [0.5835927419355253, 0.6659452531373187], "Aymara": [-0.0932489607257629, -0.12107045482847852], "Azerbaijan": [-0.2118387035086596, -0.07374193286999461], "Bahamas": [-0.7755901149515368, -1.2440756006924443], "Bahrain": [0.07132324889502506, 0.22230263297114097], "Bangladesh": [-0.7658373780416403, -0.47243736790978985], "Barawa": [-0.07822908654339483, -0.4885442116979416], "Barbados": [-0.39778304459257674, -0.7561936925968393], "Basque Country": [0.39150783420746343, 0.35528650948106943], "Belarus": [0.07541640144573233, 0.06424584101627899], "Belgium": [0.8679794257496541, 0.7520125082477066], "Belize": [-0.4610429995342213, -0.4171678289756454], "Benin": [0.07066972101283743, 0.14327005779118102], "Bermuda": [-0.03195882861253772, -0.6072404329084222], "Bhutan": [-1.0134078365651482, -1.0960775795219877], "Biafra": [-0.11655795357854079, 0.1576076730767265], "Bolivia": [0.17088764759406486, 0.15827259518154455], "Bonaire": [-0.6287544914367967, -0.7429113109243578], "Bosnia and Herzegovina": [0.11229371889920055, 0.2961282389381852], "Botswana": [-0.2682853464879073, 0.06423094371983691], "Brazil": [1.0307088265614592, 0.930412349083473], "British Virgin Islands": [-0.6937321722390549, -0.8031320633045291], "Brunei": [-0.8932915912105869, -1.0471061592006983], "Bulgaria": [0.023028182619763964, 0.05236187980237066], "Burkina Faso": [0.3983737648702128, 0.31898168848689135], "Burundi": [-0.10050178968819623, -0.03468856294513936], "Cambodia": [-0.4307099716243791, -0.6112327794128475], "Cameroon": [0.248381914352191, 0.608572799283553], "Canada": [0.5445308168822683, 0.7015091990126763], "Cape Verde": [0.15027849769972199, 0.3481234630333452], "Cascadia": [0.2891282616991217, -0.09536476241771868], "Catalonia": [0.06504045260282856, 0.02852490339634768], "Cayman Islands": [-0.8860825777900165, -0.8426402127488417], "Central African Republic": [0.036562148696042275, -0.24801470649162863], "Chad": [-0.4878043270590246, -0.21473913596553443], "Chagos Islands": [-0.0027302143932527562, -0.7338067107580252], "Chameria": [0.192692374632753, 0.01704404505755742], "Chile": [0.5069058723035837, 0.5405395356280017], "China": [0.02405966302860082, 0.27020573063370895], "Colombia": [0.8840817645014238, 0.8915929747403272], "Comoros": [0.0170675662233385, 0.06419833758288063], "Congo": [-0.19014269194021918, -0.20660027723562852], "Cook Islands": [-0.8720547572559394, -1.0199097751488977], "Corsica": [-0.0013538134397696145, 0.05637343260257503], "Costa Rica": [0.36462494459014466, 0.3152073522979673], "County of Nice": [0.07947854384776187, -0.019017492323218605], "Croatia": [0.6565538595122709, 0.6920742808321279], "Cuba": [-0.2980969296785065, -0.24268685868788933], "Cura\u00e7ao": [0.15896494724097687, 0.017188455796272716], "Cyprus": [-0.12710695660089058, -0.15239566531336254], "Czech Republic": [0.4997831401043864, 0.39816836373203085], "DR Congo": [0.19055578312980842, 0.6700893548813577], "Denmark": [0.6540457403253173, 0.7491786981599072], "Djibouti": [-0.41052148089400625, -0.6579807376666155], "Dominica": [-0.7064392254906515, -0.5284870767263115], "Dominican Republic": [0.07863938645291177, -0.08421957868290954], "Donetsk PR": [0.013085062725132242, 0.042660268675976186], "D\u00e9lvid\u00e9k": [0.02400278374329523, -0.0011247180123987238], "East Turkestan": [0.36413162329682636, -0.5698824496394794], "Ecuador": [0.45382873162320997, 1.0029814363434761], "Egypt": [0.35294541439888505, 0.7526128884532859], "El Salvador": [-0.3403183796753687, 0.21253920488335065], "Elba Island": [0.32147063713938684, 0.06671328026928307], "Ellan Vannin": [0.14730385712135727, 0.01684665139546662], "England": [0.8177888526030284, 1.0433310555347675], "Equatorial Guinea": [-0.1807887476766799, 0.1569679076249148], "Eritrea": [-0.07689714619397728, -0.11115500890701317], "Estonia": [-0.22578144368277223, -0.010890480587942248], "Eswatini": [-0.20483189889046344, -0.13349677333250964], "Ethiopia": [-0.1166765871023107, -0.034134782691675025], "Falkland Islands": [-0.17496664893700756, -0.38853770898235257], "Faroe Islands": [-0.3094561070443466, 0.10345092236974698], "Felvid\u00e9k": [-0.023519614007227817, 0.00755081418382794], "Fiji": [-0.1636098711182424, -0.3790540761219048], "Finland": [0.10363495241183213, 0.2734432553941418], "France": [0.8915349906616634, 0.8504888554999094], "Franconia": [0.06049186295667655, -0.08652828550683349], "French Guiana": [-0.14810741340371902, -0.1243307977246213], "Fr\u00f8ya": [-0.37565655256510083, -0.8492101385272407], "Gabon": [0.21484301548014498, 0.02057750137009778], "Galicia": [-0.1554561304138217, -0.012109435851799256], "Gambia": [0.2803341262559446, 0.03707201169085706], "Georgia": [0.3572152114178012, 0.3311333996651904], "Germany": [0.9733040418193829, 0.6373992754291489], "Ghana": [0.222533753199365, 0.3730766027564361], "Gibraltar": [-0.6413535347052808, -0.5449874302330387], "Gotland": [0.14188843903830137, -0.06146056088030548], "Gozo": [-0.15063842558725746, 0.21750075166395796], "Greece": [0.37108734034484214, 0.6372183591579058], "Greenland": [-0.11598067874880785, -0.49088096711700957], "Grenada": [-0.4364862385827851, -0.53279619688973], "Guadeloupe": [-0.07916511190657192, -0.03757910959872649], "Guam": [-0.6314041274556722, -0.9801178408508561], "Guatemala": [0.1422562221938724, 0.08330852970717606], "Guernsey": [0.1703764321126075, 0.36261501803001], "Guinea": [0.2020843576913177, 0.2904692477178823], "Guinea-Bissau": [-0.3131075066648577, 0.0496717398578646], "Guyana": [0.06413419209991907, -0.3347812424107788], "Haiti": [0.45359123334644197, 0.1942045929593728], "Hitra": [0.34444296732977214, -0.394723505632827], "Hmong": [0.13117029597099125, -0.3859675988091636], "Honduras": [0.08703026669236774, 0.2753401177239543], "Hong Kong": [-0.2657853279305092, -0.09153318524185257], "Hungary": [0.2834676996038933, 0.44884199132807506], "Iceland": [0.3269053865392685, 0.18749748088712706], "India": [-0.47287314696335486, -0.04420941613885178], "Indonesia": [0.03596740513020427, -0.030434431603618306], "Iran": [0.696882595569645, 0.7359604312345233], "Iraq": [0.18005207921440225, 0.5435225742513742], "Iraqi Kurdistan": [0.053593491043858646, 0.06679118222246751], "Isle of Man": [0.8783453230669876, 0.11152821188658969], "Isle of Wight": [0.17744545399884037, 0.18108578343482384], "Israel": [0.47285004206324316, 0.09168699670755226], "Italy": [0.6492570461269518, 0.7082433240288274], "Ivory Coast": [0.4507323250775697, 0.7495916662451287], "Jamaica": [0.05080428542012928, 0.3383572776840532], "Japan": [0.8537813739330595, 0.8505853148179335], "Jersey": [0.6451656117533512, 0.3005529043066206], "Jordan": [0.4382524176460435, 0.29207336914874993], "Kabylia": [-0.002800764504491689, -0.16049231954222276], "Kazakhstan": [-0.11927836061499822, -0.0038651869923074095], "Kenya": [-0.051586207160085926, 0.026514893007274488], "Kernow": [0.09608922014539137, 0.06175201384758806], "Kosovo": [0.30083602371621904, 0.3643618162258782],