{"mu": 0.18555268031609207, "gamma": 0.2543513989389184, "rho": -0.04499999999999982, "teams": {"Abkhazia": [0.12054976793356349, 0.276180188158838], "Afghanistan": [-0.7166171506294277, -0.38224068935954564], "Albania": [-0.05581835599908667, 0.5252034463988243], "Alderney": [-0.16238763542697046, -0.4352324043990707], "Algeria": [0.7493636562414184, 0.617596583287785], "American Samoa": [-0.8976666865349575, -1.8367117909125439], "Andorra": [-0.9638727644187377, -0.09581872423204987], "Angola": [0.045211736105006776, 0.4575217915771851], "Anguilla": [-1.172578867585051, -1.2111191320510428], "Antigua and Barbuda": [-0.7880236457111152, -0.6995126933865189], "Argentina": [1.0024329572661181, 1.2719196280710994], "Armenia": [-0.03380840290995305, -0.22092717214211482], "Artsakh": [0.04322662568180838, -0.01680529755411165], "Aruba": [-0.32237669546977527, -0.5828872433882111], "Australia": [0.566837297231893, 0.8074561638676501], "Austria": [0.6190071879043193, 0.6313855903609703], "Aymara": [-0.09232758661380426, -0.11871410426806035], "Azerbaijan": [-0.20989267596273814, -0.06177043405814082], "Bahamas": [-0.7710852905024002, -1.238420486981895], "Bahrain": [0.051686972215261, 0.20762483251920896], "Bangladesh": [-0.7742916788139461, -0.4868081184357576], "Barawa": [-0.07680168757119056, -0.4832324657578594], "Barbados": [-0.3953403672321365, -0.7519458784768415], "Basque Country": [0.3792818939721339, 0.3470020610377564], "Belarus": [0.0788627887354595, 0.06941226942639778], "Belgium": [0.8999635928056938, 0.760091781703581], "Belize": [-0.45769538438230833, -0.4146666398882843], "Benin": [0.06986668586885589, 0.15490021272467772], "Bermuda": [-0.028462051359118192, -0.602462614542588], "Bhutan": [-1.018730618560554, -1.1036336300385197], "Biafra": [-0.11520732804598803, 0.15600600227921108], "Bolivia": [0.16833812306662155, 0.1571762887446686], "Bonaire": [-0.6245917450311109, -0.7369907315268424], "Bosnia and Herzegovina": [0.14341252483157935, 0.27812171998347307], "Botswana": [-0.26580625185675694, 0.0722965194795536], "Brazil": [1.0502941997266784, 0.9693174794666057], "British Virgin Islands": [-0.6887479450255841, -0.7976193636115604], "Brunei": [-0.898610242606753, -1.0537423588501373], "Bulgaria": [0.029126276413255693, 0.058314627799930685], "Burkina Faso": [0.397199095486322, 0.3266070713392744], "Burundi": [-0.10406725061705624, -0.02650227897592579], "Cambodia": [-0.44033216087433885, -0.6209586911028713], "Cameroon": [0.25150894437057614, 0.6159540279865966], "Canada": [0.5784195295169092, 0.720810380646717], "Cape Verde": [0.15299820441800702, 0.41740823059097054], "Cascadia": [0.28568488769159117, -0.09382887279398326], "Catalonia": [0.06257880813229874, 0.027255130744349487], "Cayman Islands": [-0.8792740402260903, -0.8358607941550398], "Central African Republic": [0.04109445652289974, -0.2436683557793473], "Chad": [-0.48126747878624565, -0.21274768481757161], "Chagos Islands": [-0.003086675903921578, -0.7276728595001762], "Chameria": [0.19038356877980442, 0.016923479683597104], "Chile": [0.5123803302977312, 0.5438092336487749], "China": [0.005515194203839097, 0.2541808501250317], "Colombia": [0.8753681767996868, 0.9299359620871076], "Comoros": [0.01794340783948488, 0.06596869008903151], "Congo": [-0.1865046879339243, -0.19704152622802457], "Cook Islands": [-0.8625604100917604, -1.0128038217739557], "Corsica": [-0.001301554292072743, 0.055449809672535905], "Costa Rica": [0.36340699926787945, 0.3123456785556717], "County of Nice": [0.07783973832829913, -0.018704588464745712], "Croatia": [0.6755848106013961, 0.6680201911237399], "Cuba": [-0.2970738715577297, -0.23808981852014005], "Cura\u00e7ao": [0.13775201850964952, 0.050814720041501824], "Cyprus": [-0.12277118602076688, -0.14153044498557674], "Czech Republic": [0.4906567036971345, 0.38500800995716844], "DR Congo": [0.23293159288819185, 0.6844961519797449], "Denmark": [0.6587302459428185, 0.7597703969365719], "Djibouti": [-0.4090339170142755, -0.6524168608593494], "Dominica": [-0.7023269149567056, -0.5236351638753681], "Dominican Republic": [0.08073629501273356, -0.08419441226590135], "Donetsk PR": [0.012650636133661205, 0.04183431617797431], "D\u00e9lvid\u00e9k": [0.02346192796414271, -0.0009964741571926062], "East Turkestan": [0.3606958728933723, -0.5645018352888853], "Ecuador": [0.42214769303887384, 1.0020979866614244], "Egypt": [0.3790085395964429, 0.7644443419944765], "El Salvador": [-0.3384801212300158, 0.2115695905416352], "Elba Island": [0.3184358826696433, 0.06632480259108574], "Ellan Vannin": [0.14482448404979129, 0.01666027153659128], "England": [0.8345730149785952, 1.0393030662162275], "Equatorial Guinea": [-0.18530998756403158, 0.15923980144137276], "Eritrea": [-0.07512877391326045, -0.10895692695373058], "Estonia": [-0.22311543131856199, 0.0007491177379463248], "Eswatini": [-0.1995202656717862, -0.12642939777383463], "Ethiopia": [-0.11055055601706579, -0.0266307133474878], "Falkland Islands": [-0.17374196819707166, -0.38541465720589924], "Faroe Islands": [-0.30392480090524593, 0.11120382690903778], "Felvid\u00e9k": [-0.023647092175424943, 0.007465991163756934], "Fiji": [-0.16479576309999203, -0.3773321424669129], "Finland": [0.10705538332118636, 0.28758650690295023], "France": [0.9527932593446989, 0.8946649061528487], "Franconia": [0.059480087771583715, -0.08495672952922445], "French Guiana": [-0.1469674163745723, -0.11996987672200331], "Fr\u00f8ya": [-0.37287206187131955, -0.845822061014138], "Gabon": [0.21328925297839707, 0.027320012505082623], "Galicia": [-0.15060746301142286, -0.01793005269846235], "Gambia": [0.27511107854067024, 0.04141999434921677], "Georgia": [0.3626884187676322, 0.33558290619741576], "Germany": [0.9814217200740339, 0.6301381408610461], "Ghana": [0.216742763378385, 0.43082480739940426], "Gibraltar": [-0.6345054673271017, -0.5293112822563392], "Gotland": [0.1405287691220255, -0.06018464617274292], "Gozo": [-0.1500495155972866, 0.21599846713440424], "Greece": [0.3763013287933825, 0.6442098634596126], "Greenland": [-0.11704380671729683, -0.48778635339601295], "Grenada": [-0.4324139601338793, -0.5311583126164877], "Guadeloupe": [-0.0759870054371392, -0.03465042007422341], "Guam": [-0.632506287329222, -0.9859243200501103], "Guatemala": [0.14282020034287027, 0.08358994110478732], "Guernsey": [0.169357869615478, 0.35982786934795247], "Guinea": [0.20157511366741776, 0.2996471515216687], "Guinea-Bissau": [-0.3092259324244207, 0.055380125358520695], "Guyana": [0.06512229664690511, -0.3325601897976571], "Haiti": [0.45991865777071816, 0.14853593578971352], "Hitra": [0.3424055109058056, -0.3917541997379934], "Hmong": [0.1292287859564307, -0.38084128539477174], "Honduras": [0.08916827292183896, 0.281648953008175], "Hong Kong": [-0.27829199277492117, -0.10661443626683804], "Hungary": [0.2894499032723579, 0.45925388091980024], "Iceland": [0.3328499385296412, 0.2014199605608558], "India": [-0.4879486517489586, -0.05844551602833836], "Indonesia": [0.022794853134557622, -0.04500812164986433], "Iran": [0.6550720861413352, 0.7309035792392398], "Iraq": [0.14380658920301204, 0.4002073343623024], "Iraqi Kurdistan": [0.05233266878035105, 0.0657649055957624], "Isle of Man": [0.8750006694592762, 0.11176780685926571], "Isle of Wight": [0.17463070561664293, 0.17926703228654498], "Israel": [0.4764091434047421, 0.10756421980944868], "Italy": [0.6538236010381148, 0.7247091860226689], "Ivory Coast": [0.45187736293269537, 0.7423602760639807], "Jamaica": [0.05319431297749299, 0.34161849665940625], "Japan": [0.8592628343756058, 0.8503250834664818], "Jersey": [0.6418226857597034, 0.29935408060536844], "Jordan": [0.42055852785428016, 0.25400182698730656], "Kabylia": [-0.0031238164426538708, -0.1578717671105389], "Kazakhstan": [-0.11603625458014401, 0.009343029220271585], "Kenya": [-0.05249133952190797, 0.030474146813576103], "Kernow": [0.09549248840534236, 0.061100222657164104], "Kosovo": [0.30482956791903676, 0.37228084329659045],