{"mu": 0.1972316763367748, "gamma": 0.2645193718517826, "rho": -0.04499999999999982, "teams": {"Abkhazia": [0.12353149903697633, 0.2807835000190111], "Afghanistan": [-0.7069299302154249, -0.3697243241857675], "Albania": [-0.0635773122960103, 0.518738764525404], "Alderney": [-0.16557363460479332, -0.43528508253072734], "Algeria": [0.7431833401298157, 0.6903397787111678], "American Samoa": [-0.9057016400832282, -1.8391835673596266], "Andorra": [-0.9774035929741925, -0.10882932553665428], "Angola": [0.040559074234762786, 0.4555869495120486], "Anguilla": [-1.1827584237662425, -1.2129765659572755], "Antigua and Barbuda": [-0.7959402533964102, -0.7028146502295975], "Argentina": [0.9729845779181001, 1.2444906433340066], "Armenia": [-0.0440363102692115, -0.22967577063071823], "Artsakh": [0.04572280933323012, -0.019207882749913533], "Aruba": [-0.3214314728964354, -0.5858184421039825], "Australia": [0.6195603315036703, 0.8068161416718151], "Austria": [0.5817800172177101, 0.6658944506644552], "Aymara": [-0.0943153941085299, -0.12112754918523456], "Azerbaijan": [-0.21526983777292197, -0.07544917041831543], "Bahamas": [-0.7763069368637517, -1.2412275421294818], "Bahrain": [0.07353694106734197, 0.22089361283071368], "Bangladesh": [-0.7676023929262257, -0.47416880224848457], "Barawa": [-0.07636921769501025, -0.4850898206901128], "Barbados": [-0.395699026771306, -0.7550391644528022], "Basque Country": [0.39188625220411466, 0.35544981527096103], "Belarus": [0.07493969512051733, 0.06074847206246965], "Belgium": [0.8609215498462327, 0.7481290449865025], "Belize": [-0.45930659952804087, -0.4182341693762245], "Benin": [0.07152927713604022, 0.14276070393548665], "Bermuda": [-0.029486520855316792, -0.6064241549832852], "Bhutan": [-1.0160650751294358, -1.0926527535837907], "Biafra": [-0.11558474467146937, 0.15983066459348488], "Bolivia": [0.16701261730260308, 0.1588458623588291], "Bonaire": [-0.6270319331862194, -0.7415350948281296], "Bosnia and Herzegovina": [0.11116206524782707, 0.29220895840154476], "Botswana": [-0.26769050102095593, 0.06365105570823755], "Brazil": [1.0279492000470742, 0.9312561942318941], "British Virgin Islands": [-0.6917341641146619, -0.8030506715681984], "Brunei": [-0.8953640205387622, -1.0439340115701408], "Bulgaria": [0.02100607408501226, 0.04710032254848618], "Burkina Faso": [0.4019004421845272, 0.319406128192242], "Burundi": [-0.09909048250328868, -0.034997144879743626], "Cambodia": [-0.42836459148378925, -0.6105935848149514], "Cameroon": [0.2538615066992405, 0.6109033994576767], "Canada": [0.5451118991516721, 0.7023223152929681], "Cape Verde": [0.14118107483361791, 0.4066512012097313], "Cascadia": [0.28596675221891255, -0.09407785657628194], "Catalonia": [0.06678340388793222, 0.026408730104884207], "Cayman Islands": [-0.8885408077970047, -0.8412947016082255], "Central African Republic": [0.04008075524923226, -0.2467527656464526], "Chad": [-0.4899214907803041, -0.21353805410106272], "Chagos Islands": [-0.00063520433923288, -0.7300787942761767], "Chameria": [0.1904485656498673, 0.015013042155090566], "Chile": [0.5074716460290445, 0.5374058239097476], "China": [0.024993635397476163, 0.26927471877436937], "Colombia": [0.8818189416730382, 0.8915566626836828], "Comoros": [0.020059331843060593, 0.06315144528782837], "Congo": [-0.19114773342129499, -0.20523687990633296], "Cook Islands": [-0.8721169155804805, -1.0149368577016495], "Corsica": [0.0005557332042844271, 0.054459445990785865], "Costa Rica": [0.3644517919323618, 0.31167670501990846], "County of Nice": [0.08182887837919481, -0.020909982127394047], "Croatia": [0.6552873270762283, 0.6894598249468928], "Cuba": [-0.2965405804572383, -0.24462013500802296], "Cura\u00e7ao": [0.15894861752860395, 0.014799535496992422], "Cyprus": [-0.12973123217185287, -0.15576239311963733], "Czech Republic": [0.4986923958271667, 0.39412466426720627], "DR Congo": [0.1931275926551019, 0.6742466881822529], "Denmark": [0.6528139698511742, 0.7480316540873907], "Djibouti": [-0.4120199347007923, -0.6532267128230165], "Dominica": [-0.7064945991578638, -0.5290469639493817], "Dominican Republic": [0.07846044310802701, -0.08682953455328196], "Donetsk PR": [0.015060962297132273, 0.040642379622978016], "D\u00e9lvid\u00e9k": [0.02595664527392435, -0.0031146282673808643], "East Turkestan": [0.3609582542848309, -0.566329868295984], "Ecuador": [0.45330019540124283, 1.0050230307463015], "Egypt": [0.36114300414261313, 0.7630900508511337], "El Salvador": [-0.3420753442979701, 0.20985675423147515], "Elba Island": [0.3186725080760846, 0.0647795287106099], "Ellan Vannin": [0.14712688937101098, 0.014719238155233138], "England": [0.8145673773439384, 1.0458871016740883], "Equatorial Guinea": [-0.18034306544758272, 0.1561967924536166], "Eritrea": [-0.07597926491638361, -0.11272072069676255], "Estonia": [-0.22981230255135882, -0.01386214404895805], "Eswatini": [-0.2021667127415254, -0.13466687196419666], "Ethiopia": [-0.1152752287709307, -0.0342345644891826], "Falkland Islands": [-0.17601560291524607, -0.3852279557138945], "Faroe Islands": [-0.3134173532447771, 0.09935383461845336], "Felvid\u00e9k": [-0.021439714630295335, 0.0053941619081315445], "Fiji": [-0.16012304114354758, -0.375843367485087], "Finland": [0.10294102543775419, 0.27022034244369636], "France": [0.8885204109392254, 0.8493798840996833], "Franconia": [0.0612365135089887, -0.08524176885863681], "French Guiana": [-0.14668509804294047, -0.126502456923543], "Fr\u00f8ya": [-0.3767662326508449, -0.8458104956905197], "Gabon": [0.21793417559479772, 0.019564152587195262], "Galicia": [-0.15821100098045682, -0.012499547916147113], "Gambia": [0.2817037575955723, 0.03661901122219494], "Georgia": [0.3588788889432346, 0.3228201887600229], "Germany": [0.9696985936717873, 0.6334935498280512], "Ghana": [0.22581459760500885, 0.37144985787250906], "Gibraltar": [-0.6457506448513713, -0.5442101810836405], "Gotland": [0.14005991344672353, -0.06335720902061504], "Gozo": [-0.14905997053670905, 0.21521582404246958], "Greece": [0.3713450981812468, 0.6374156828171859], "Greenland": [-0.11362097698084081, -0.48795232647106845], "Grenada": [-0.43544921306292017, -0.5326223014911144], "Guadeloupe": [-0.07834936495555408, -0.039754298552585506], "Guam": [-0.6281253535774823, -0.9770087567554444], "Guatemala": [0.14360312938854997, 0.08033850294533242], "Guernsey": [0.1714382786624665, 0.36318019506703936], "Guinea": [0.20521430113830047, 0.29111389954379874], "Guinea-Bissau": [-0.3139326360038726, 0.049452844703545155], "Guyana": [0.0630409533707903, -0.33701681216365803], "Haiti": [0.4511373024674382, 0.1930603262900515], "Hitra": [0.34134529508331546, -0.3917396910696494], "Hmong": [0.12913169334261695, -0.38231759767429635], "Honduras": [0.0881574126928016, 0.27242821012201457], "Hong Kong": [-0.26387736158223607, -0.09224963913678212], "Hungary": [0.2831171517271195, 0.44530576699538266], "Iceland": [0.32717652115825197, 0.1842763485369844], "India": [-0.4740111627824986, -0.04529899259170771], "Indonesia": [0.038155729391271466, -0.03188931289841118], "Iran": [0.7020431688567272, 0.7061461462469786], "Iraq": [0.18198367011604252, 0.5441085607763921], "Iraqi Kurdistan": [0.055577930688101795, 0.06478093514870151], "Isle of Man": [0.8750521481890974, 0.10930005709235141], "Isle of Wight": [0.1766662381169956, 0.1799384565238954], "Israel": [0.4721065278862187, 0.08802072929174294], "Italy": [0.6474364382383032, 0.7052188930408326], "Ivory Coast": [0.45206003968045777, 0.7530843398092614], "Jamaica": [0.05260895869397183, 0.33723185676887363], "Japan": [0.8514870931833213, 0.8537910789828856], "Jersey": [0.6423617732123234, 0.30004330104997734], "Jordan": [0.4404248932644516, 0.2902036559778506], "Kabylia": [-0.0006757739532244223, -0.15776640340949705], "Kazakhstan": [-0.12165105962474149, -0.0075768584586130535], "Kenya": [-0.049037761865597065, 0.025821462184249137], "Kernow": [0.09551338839559029, 0.05983079859790891], "Kosovo": [0.300792017300105, 0.36064699870884004],