{"mu": 0.18361274419866827, "gamma": 0.2558556945902652, "rho": -0.04499999999999982, "teams": {"Abkhazia": [0.1215900700300511, 0.27790861853128596], "Afghanistan": [-0.7096081477670898, -0.3741076639902574], "Albania": [-0.060585368715774475, 0.5236328357474072], "Alderney": [-0.16315582170255274, -0.43730802371679184], "Algeria": [0.7322584598107086, 0.655475838394149], "American Samoa": [-0.900843615600604, -1.840254322602916], "Andorra": [-0.9697780931422951, -0.09932170101801902], "Angola": [0.03923016763529266, 0.4539520564629253], "Anguilla": [-1.175441958565082, -1.2122790076387537], "Antigua and Barbuda": [-0.7892928940105144, -0.7002142337091857], "Argentina": [0.992756856824744, 1.2690113396158589], "Armenia": [-0.040321273847254965, -0.22805376816761844], "Artsakh": [0.04354160890020302, -0.016963549712203634], "Aruba": [-0.3195736215850469, -0.5847451940254089], "Australia": [0.594684072623553, 0.7904665346604232], "Austria": [0.6004560793367224, 0.6682371301746521], "Aymara": [-0.09288361371071466, -0.12009244788287732], "Azerbaijan": [-0.21271885169103427, -0.07214264319113538], "Bahamas": [-0.7722570437876183, -1.239845953290564], "Bahrain": [0.06308747433249415, 0.21791408346164412], "Bangladesh": [-0.7692323800992731, -0.4785002152423637], "Barawa": [-0.07767966534996824, -0.4864628374663471], "Barbados": [-0.39470001650850756, -0.7522678782426663], "Basque Country": [0.38438724915721023, 0.35329640828280023], "Belarus": [0.07611568201493112, 0.06577559416590598], "Belgium": [0.8491255063514483, 0.7792047965716585], "Belize": [-0.45833059714315777, -0.41432425178796795], "Benin": [0.06765456462394241, 0.14307070659669682], "Bermuda": [-0.026788737007038283, -0.603871383687701], "Bhutan": [-1.0152667872315704, -1.0990850300722022], "Biafra": [-0.11606104569040658, 0.1569332583993903], "Bolivia": [0.17143324632772583, 0.1593819777456439], "Bonaire": [-0.6259321200828758, -0.7388672032688627], "Bosnia and Herzegovina": [0.12099222896477313, 0.2652365286653976], "Botswana": [-0.26968934222767954, 0.06465180775199346], "Brazil": [1.0338353706906853, 0.9508362066225418], "British Virgin Islands": [-0.6899671464707531, -0.7993817164142931], "Brunei": [-0.8945092010596866, -1.049278254300061], "Bulgaria": [0.024760929413099847, 0.053333668212946925], "Burkina Faso": [0.39607306692065736, 0.31781829582812665], "Burundi": [-0.1038359679113334, -0.03687795900049571], "Cambodia": [-0.4337583961483556, -0.6140018336553189], "Cameroon": [0.24889561607050337, 0.6101371045942631], "Canada": [0.5925942249772362, 0.7217474991758914], "Cape Verde": [0.16855085546012843, 0.39178939283112246], "Cascadia": [0.2878091515915961, -0.09474970794531666], "Catalonia": [0.06378385488447867, 0.027842072493329147], "Cayman Islands": [-0.8817948945670326, -0.8371801122914905], "Central African Republic": [0.037416384303054655, -0.2488726514020157], "Chad": [-0.4872098716295178, -0.2156642765005738], "Chagos Islands": [-0.002962472944844552, -0.7314470620849417], "Chameria": [0.19177336110381535, 0.017066634852868346], "Chile": [0.5090194059570979, 0.5433918934047856], "China": [0.017491715741002715, 0.2665959995087942], "Colombia": [0.9037340663334225, 0.8872779837709984], "Comoros": [0.015112688420482004, 0.0625624978525463], "Congo": [-0.19110443674729827, -0.207788200685885], "Cook Islands": [-0.8669241945392678, -1.0158046335515993], "Corsica": [-0.0014952375810221264, 0.05585533260317076], "Costa Rica": [0.3659579170576647, 0.3171843037773536], "County of Nice": [0.07875909486182135, -0.01883636010595532], "Croatia": [0.6731891696869958, 0.6435801065737417], "Cuba": [-0.2955431095947014, -0.23731374435296634], "Cura\u00e7ao": [0.15190861189214078, 0.05791856650365002], "Cyprus": [-0.12567784150453737, -0.14936306418519446], "Czech Republic": [0.496984871306163, 0.39928615526240574], "DR Congo": [0.19423479578658434, 0.6839150025290505], "Denmark": [0.6544877962855854, 0.7529960298358812], "Djibouti": [-0.41170131039969243, -0.6565896708566804], "Dominica": [-0.7036487012113132, -0.5236999142667346], "Dominican Republic": [0.08096762590674214, -0.08269162564928446], "Donetsk PR": [0.012846359416875175, 0.042372299969526774], "D\u00e9lvid\u00e9k": [0.023727346558320598, -0.0010234021681061703], "East Turkestan": [0.36279309499172985, -0.5677448357338483], "Ecuador": [0.4177568902573183, 1.0239674471981546], "Egypt": [0.3777078478596358, 0.7564416784665724], "El Salvador": [-0.33664972726552783, 0.21537900951229974], "Elba Island": [0.3203533234873671, 0.06663156061794845], "Ellan Vannin": [0.14626094990903965, 0.016853850234034372], "England": [0.8454706646369515, 1.0144452906460018], "Equatorial Guinea": [-0.18615781771053627, 0.15352939337076313], "Eritrea": [-0.07660186785915923, -0.11062846212143711], "Estonia": [-0.22562800200304256, -0.007378675725400675], "Eswatini": [-0.2041971951444782, -0.13167348298773884], "Ethiopia": [-0.11643628626608984, -0.03138166356810024], "Falkland Islands": [-0.1744742295233243, -0.38731286598929127], "Faroe Islands": [-0.30802949041991856, 0.10650767032332695], "Felvid\u00e9k": [-0.023651023104124966, 0.007594571704810607], "Fiji": [-0.16186817359800892, -0.37550321716780655], "Finland": [0.10351025341472611, 0.2807775527046762], "France": [0.9072964749450904, 0.8537677153066149], "Franconia": [0.06006408808150193, -0.08593463620796596], "French Guiana": [-0.1461164880460399, -0.11974632069742226], "Fr\u00f8ya": [-0.37453546183665914, -0.8478791608782216], "Gabon": [0.21262201860207988, 0.020211877499093717], "Galicia": [-0.15344245002227533, -0.014253266466628719], "Gambia": [0.2750084517133656, 0.03418652079059772], "Georgia": [0.3603049708351172, 0.33109494688986657], "Germany": [0.9813191502295631, 0.643174146127904], "Ghana": [0.22009603486019527, 0.40065403214635775], "Gibraltar": [-0.6390112252907565, -0.5380860198755658], "Gotland": [0.14143073434791822, -0.06088508194112252], "Gozo": [-0.1504950849516613, 0.2170011590318629], "Greece": [0.37261798908996546, 0.6407675241879517], "Greenland": [-0.11644250279146368, -0.4894130695622414], "Grenada": [-0.432567041977091, -0.5306582441905405], "Guadeloupe": [-0.07607264904118378, -0.03248535302292056], "Guam": [-0.6309496000728506, -0.9816224145474813], "Guatemala": [0.14482608341953873, 0.0851775296363512], "Guernsey": [0.16995029711348617, 0.36149110260387873], "Guinea": [0.19980657713483593, 0.28973892972493454], "Guinea-Bissau": [-0.3138016848163259, 0.050404686338026944], "Guyana": [0.06663111045525776, -0.3319720731417195], "Haiti": [0.44358132670853057, 0.19319438812489897], "Hitra": [0.34364464986887444, -0.3935612162688594], "Hmong": [0.13042237166321732, -0.38395886837627297], "Honduras": [0.0913174924909198, 0.279869034984988], "Hong Kong": [-0.26952091947623946, -0.09584361269861828], "Hungary": [0.2832211560913173, 0.4526507520360471], "Iceland": [0.32781344296486503, 0.19272447456294853], "India": [-0.47889275522180597, -0.04978419822283176], "Indonesia": [0.03166119522720451, -0.03309155422032321], "Iran": [0.6771542576608672, 0.7387697794250403], "Iraq": [0.17570232206846456, 0.48843849803320766], "Iraqi Kurdistan": [0.05302742897718332, 0.06644588095462725], "Isle of Man": [0.8770215726501254, 0.11174529049585306], "Isle of Wight": [0.1762942472990733, 0.18041644743805912], "Israel": [0.475584783970444, 0.0956999517988629], "Italy": [0.6499167382594803, 0.7142857505765488], "Ivory Coast": [0.44791848861576883, 0.7379906655506864], "Jamaica": [0.05524983406907745, 0.3419254792563346], "Japan": [0.8742855354104367, 0.8685332651230522], "Jersey": [0.643836932367187, 0.3001298415598427], "Jordan": [0.42899794996154894, 0.26933685236890154], "Kabylia": [-0.003007750545756381, -0.1594883948441712], "Kazakhstan": [-0.11704092935976453, -0.002428983716162587], "Kenya": [-0.05444293016436907, 0.02531740847125551], "Kernow": [0.09588088894714507, 0.06155385884261202], "Kosovo": [0.30030677976182935, 0.36838023096638906],