{"mu": 0.18368408117475105, "gamma": 0.25646393779770776, "rho": -0.04499999999999982, "teams": {"Abkhazia": [0.12177925481446476, 0.27809038424935856], "Afghanistan": [-0.7087999269134682, -0.3726224767908368], "Albania": [-0.06114186354370388, 0.522288681550802], "Alderney": [-0.1632757572170716, -0.43748116344873], "Algeria": [0.7317418069099351, 0.6543708779679298], "American Samoa": [-0.9006276528484598, -1.8395305902889132], "Andorra": [-0.9704909084637758, -0.10080383611488637], "Angola": [0.037656420619174534, 0.4514627144916826], "Anguilla": [-1.1753338577939703, -1.2119297438896048], "Antigua and Barbuda": [-0.7892401074618198, -0.6997654489591065], "Argentina": [0.9950336540192655, 1.270486598106794], "Armenia": [-0.04076817347669708, -0.22879072578831736], "Artsakh": [0.04361682793787269, -0.017060925361960355], "Aruba": [-0.3189247395678458, -0.5841338952208074], "Australia": [0.6003479618590415, 0.7919427460205521], "Austria": [0.5996081927196087, 0.6682485060943821], "Aymara": [-0.09293272505759306, -0.12026975519811399], "Azerbaijan": [-0.21338135447446785, -0.07199277656875919], "Bahamas": [-0.7718884045425148, -1.2394368792515023], "Bahrain": [0.0651765576331897, 0.21931110990851918], "Bangladesh": [-0.7684558639769805, -0.4773858469723114], "Barawa": [-0.0777237705250599, -0.486724024991069], "Barbados": [-0.39419773791343443, -0.751789302818807], "Basque Country": [0.3882490842363738, 0.35262129841165163], "Belarus": [0.07584948561600287, 0.06524212944826155], "Belgium": [0.8629557179583299, 0.7524364898515981], "Belize": [-0.4578432817504655, -0.4138516755225599], "Benin": [0.066240455834017, 0.14113360746104725], "Bermuda": [-0.02591816259669687, -0.6046807469042897], "Bhutan": [-1.0146183779361173, -1.09833218033472], "Biafra": [-0.11607911260555433, 0.157073918581094], "Bolivia": [0.17422779330602145, 0.16098767058392313], "Bonaire": [-0.6255886467639192, -0.7388063116362611], "Bosnia and Herzegovina": [0.12037178660613813, 0.2646368312262755], "Botswana": [-0.2709186462960436, 0.0605414600515638], "Brazil": [1.0361586769800817, 0.951271723164274], "British Virgin Islands": [-0.6895321985205409, -0.7991662102392204], "Brunei": [-0.8938745166785207, -1.0485373325969385], "Bulgaria": [0.02356465192898731, 0.05123599315904099], "Burkina Faso": [0.394223202168668, 0.31550964391092257], "Burundi": [-0.10470638569153963, -0.03776909021946327], "Cambodia": [-0.4328234941038483, -0.6125385166605235], "Cameroon": [0.24815748075613142, 0.6080435035850946], "Canada": [0.5938628410497512, 0.7228034282657645], "Cape Verde": [0.1365055003893576, 0.40262136498701084], "Cascadia": [0.2879483506172785, -0.09483407479051795], "Catalonia": [0.06393851979336139, 0.028110298447069717], "Cayman Islands": [-0.8817609900056077, -0.8368577419601957], "Central African Republic": [0.0369001865729318, -0.2506513490271687], "Chad": [-0.4884473467781412, -0.2168989210077401], "Chagos Islands": [-0.0028366298212058063, -0.7317081190739041], "Chameria": [0.19192078442878654, 0.017015041756605218], "Chile": [0.5129822217982349, 0.5439899483578994], "China": [0.020599668946515066, 0.2684434485791827], "Colombia": [0.9077870942620889, 0.8881744761986062], "Comoros": [0.014914929583857147, 0.06090911862690144], "Congo": [-0.19241999776989918, -0.20924711430649695], "Cook Islands": [-0.8667233859785365, -1.0147885820737022], "Corsica": [-0.0015157793379974992, 0.05583701420058603], "Costa Rica": [0.3672585458127022, 0.319206068215574], "County of Nice": [0.0789261354738046, -0.0189087330949393], "Croatia": [0.6720202550692788, 0.642771523594102], "Cuba": [-0.2946982569028382, -0.23689880523014387], "Cura\u00e7ao": [0.15284025697265288, 0.05885281649316358], "Cyprus": [-0.12660699237323803, -0.15081517437268915], "Czech Republic": [0.49662002555572454, 0.3984470657791849], "DR Congo": [0.19336271959360954, 0.6826861578545939], "Denmark": [0.6533052537600152, 0.7519144187769347], "Djibouti": [-0.4131507776079618, -0.6606932843705524], "Dominica": [-0.7033267844498378, -0.5233177436814154], "Dominican Republic": [0.08180830340777429, -0.08233667737570281], "Donetsk PR": [0.01293865412942317, 0.042368350936210955], "D\u00e9lvid\u00e9k": [0.0238252824655788, -0.001088262398401766], "East Turkestan": [0.3629848367966719, -0.5679942613256131], "Ecuador": [0.42242566398213205, 1.0249494996303676], "Egypt": [0.3525516007085135, 0.7571792152102798], "El Salvador": [-0.3358456876941029, 0.21638044368654175], "Elba Island": [0.32043573542964643, 0.0665701712693119], "Ellan Vannin": [0.1464518018440692, 0.01678604877023899], "England": [0.8455121165905364, 1.0139702104691173], "Equatorial Guinea": [-0.1873561374089972, 0.15191679009725279], "Eritrea": [-0.0768583977998182, -0.11095129051792618], "Estonia": [-0.22685941935187715, -0.007018277278009901], "Eswatini": [-0.20527978354675008, -0.1362525914167159], "Ethiopia": [-0.117891400544116, -0.03604161343573137], "Falkland Islands": [-0.17452953753286082, -0.3874643825406918], "Faroe Islands": [-0.3085489038173657, 0.10543574723726803], "Felvid\u00e9k": [-0.023551939104414474, 0.007525489706599424], "Fiji": [-0.15986645340423267, -0.374297625589231], "Finland": [0.10413929751616263, 0.279719854225953], "France": [0.9071360142295989, 0.8526246348935954], "Franconia": [0.06015841692225163, -0.08599143598487366], "French Guiana": [-0.1455213244605767, -0.11931563630680808], "Fr\u00f8ya": [-0.37466907523114, -0.8480359503866428], "Gabon": [0.21168998992384272, 0.018583685212006998], "Galicia": [-0.1534948574393054, -0.01399572381463988], "Gambia": [0.2737173842692857, 0.0340981251588294], "Georgia": [0.3594309474539144, 0.32643034535799176], "Germany": [0.9804152129025627, 0.6420755983460779], "Ghana": [0.21962363019257572, 0.3994830872202589], "Gibraltar": [-0.6395490145443047, -0.5386093618536473], "Gotland": [0.14145632289298926, -0.06102020627129373], "Gozo": [-0.1504157118516827, 0.21697867511310495], "Greece": [0.3724668283990681, 0.6399932378016163], "Greenland": [-0.11607673176292371, -0.4897152351443983], "Grenada": [-0.4321426020649358, -0.530362167698677], "Guadeloupe": [-0.0753658272349781, -0.0326477579328136], "Guam": [-0.6301462553755122, -0.9805057889503297], "Guatemala": [0.14591902877016757, 0.08591131744262143], "Guernsey": [0.17005864288463066, 0.3616516360831745], "Guinea": [0.19855381133261857, 0.2877512210118854], "Guinea-Bissau": [-0.31576234019107946, 0.04716447035702546], "Guyana": [0.06734162480255834, -0.33231189618873813], "Haiti": [0.4456094156851141, 0.19406503230766617], "Hitra": [0.34377128813105196, -0.39370359106702746], "Hmong": [0.130526399517436, -0.3841769718816811], "Honduras": [0.09275927016776579, 0.28083734641143654], "Hong Kong": [-0.269039720388825, -0.09296444380879132], "Hungary": [0.28269204114639235, 0.4519035870227489], "Iceland": [0.3277327137373026, 0.19271973827580385], "India": [-0.4779121927092012, -0.048882457252384603], "Indonesia": [0.0331473685944256, -0.030976999516679177], "Iran": [0.6934689181566214, 0.6990581941916635], "Iraq": [0.17735677971305136, 0.48955944994008316], "Iraqi Kurdistan": [0.05316881464399058, 0.06644350199482722], "Isle of Man": [0.8772334124846877, 0.11160667889513963], "Isle of Wight": [0.17649409105416297, 0.18046224878275863], "Israel": [0.4743482301614976, 0.09551840885367163], "Italy": [0.6476925642668198, 0.7134199035497568], "Ivory Coast": [0.44798172322150615, 0.7369648186676735], "Jamaica": [0.05627369999324307, 0.3429622533255231], "Japan": [0.8765197893795693, 0.8700756796283738], "Jersey": [0.6440445225271079, 0.30013573297783397], "Jordan": [0.4317531431736252, 0.2695886725740478], "Kabylia": [-0.002897868342045293, -0.1595824210683839], "Kazakhstan": [-0.1180434776129664, -0.0015623962392541215], "Kenya": [-0.05527655975828227, 0.02417964743878107], "Kernow": [0.09588613883184335, 0.061519915440520614], "Kosovo": [0.2993217800862539, 0.36717024552205413], "Kuwait": [0.04267757615043188, -0.06008328788263092],