{"mu": 0.18454348785327482, "gamma": 0.2559482727430126, "rho": -0.04499999999999982, "teams": {"Abkhazia": [0.12122488558814938, 0.27703299345603455], "Afghanistan": [-0.7139335853520542, -0.3792457475351021], "Albania": [-0.057766683382120425, 0.5240170458965239], "Alderney": [-0.16283363456791128, -0.4363893488716136], "Algeria": [0.7324574008828796, 0.6562690601767379], "American Samoa": [-0.8990819334259113, -1.8379742498935494], "Andorra": [-0.9658897368496508, -0.09724060973115371], "Angola": [0.043295350174321415, 0.45416714654406243], "Anguilla": [-1.1744921569634534, -1.212489355774859], "Antigua and Barbuda": [-0.7893073761146333, -0.7010225346651975], "Argentina": [0.9992304891811362, 1.2901185522822007], "Armenia": [-0.036382814180605336, -0.22112705632946109], "Artsakh": [0.04339489376670257, -0.01701700736213997], "Aruba": [-0.3226299397733529, -0.58365134889505], "Australia": [0.5741075174800289, 0.8097403252485474], "Austria": [0.5961843054858105, 0.6662156735139273], "Aymara": [-0.0925995050347494, -0.1195163907393854], "Azerbaijan": [-0.21049631274539723, -0.06717584838645059], "Bahamas": [-0.7721138892034773, -1.2400722129375765], "Bahrain": [0.05706096435977461, 0.21142489330657022], "Bangladesh": [-0.7725097232713933, -0.4842550261762824], "Barawa": [-0.07725691248554523, -0.48495324996249833], "Barbados": [-0.39581556895608266, -0.7528797271699974], "Basque Country": [0.38126930411057364, 0.35103635136877087], "Belarus": [0.07809662675930631, 0.06772454942808456], "Belgium": [0.8526861028559898, 0.7810447457271779], "Belize": [-0.45833172462271454, -0.4154015067588885], "Benin": [0.06849274239910812, 0.14597104333953712], "Bermuda": [-0.02876823126931017, -0.6049402926586462], "Bhutan": [-1.0177631997872505, -1.102032494068109], "Biafra": [-0.11556100069654872, 0.1565023262963537], "Bolivia": [0.17243514497033038, 0.15990081726975944], "Bonaire": [-0.6257058709765273, -0.7389038008558174], "Bosnia and Herzegovina": [0.16044119748238653, 0.27216060014548676], "Botswana": [-0.2679588593555473, 0.0659704221518192], "Brazil": [1.0439636118081712, 0.9682575762915614], "British Virgin Islands": [-0.6896951006630551, -0.7992859418975141], "Brunei": [-0.8973403347066792, -1.0520326480306994], "Bulgaria": [0.028021999188810952, 0.057352755900128075], "Burkina Faso": [0.39608371604369436, 0.31944283766128506], "Burundi": [-0.10449857234676922, -0.0333708393724144], "Cambodia": [-0.4376625373830657, -0.6183998896485114], "Cameroon": [0.2498717084821139, 0.6125630456338519], "Canada": [0.5828277120359113, 0.7056019534303402], "Cape Verde": [0.16937884208339737, 0.39320124255682526], "Cascadia": [0.28675170517906956, -0.0943297101674894], "Catalonia": [0.06311741626333814, 0.02755728950037944], "Cayman Islands": [-0.8812362648024383, -0.8373732452831824], "Central African Republic": [0.03963242229517267, -0.2458184912646093], "Chad": [-0.48307454570964503, -0.21495912514664553], "Chagos Islands": [-0.0028486589296633706, -0.7295568852933705], "Chameria": [0.1912048430957332, 0.01691462491482218], "Chile": [0.5142324474724477, 0.5464333004374261], "China": [0.011552475405812822, 0.2567050460028054], "Colombia": [0.8973630877121127, 0.9016515631899216], "Comoros": [0.016075232776123778, 0.0649798830290831], "Congo": [-0.19034995185861808, -0.2031174611002012], "Cook Islands": [-0.8642177415525711, -1.0133226904288433], "Corsica": [-0.0013746711688232458, 0.055584317601082095], "Costa Rica": [0.36324592825692187, 0.31425001282415227], "County of Nice": [0.07840797719485651, -0.018843508943495076], "Croatia": [0.6670596783853451, 0.6680592916397047], "Cuba": [-0.29732374353455165, -0.23804416791682864], "Cura\u00e7ao": [0.1382366057018892, 0.051888956741409364], "Cyprus": [-0.12263626035250316, -0.14458281597804604], "Czech Republic": [0.48897012382851057, 0.3835774394542], "DR Congo": [0.18268671168017708, 0.7009845232026601], "Denmark": [0.6580259854297918, 0.7565035083053993], "Djibouti": [-0.4110950988586896, -0.6557319075043263], "Dominica": [-0.7033691558616088, -0.5246049750847466], "Dominican Republic": [0.08044839960059638, -0.08400594214666442], "Donetsk PR": [0.012828665196804305, 0.04206147930159135], "D\u00e9lvid\u00e9k": [0.02368577967607308, -0.001098225178302208], "East Turkestan": [0.3618820480664789, -0.5662290061533375], "Ecuador": [0.43985401809741176, 1.0288938571191666], "Egypt": [0.37731477323104623, 0.7572304367934317], "El Salvador": [-0.338580599728831, 0.21202966402493803], "Elba Island": [0.3192936217443075, 0.06634389825057535], "Ellan Vannin": [0.14564963793935323, 0.016634640980927064], "England": [0.8295408988818189, 1.0313174042611597], "Equatorial Guinea": [-0.18678073166023784, 0.154715723172546], "Eritrea": [-0.07600553568098257, -0.10992013601601318], "Estonia": [-0.22197648520882932, -0.002729622865670282], "Eswatini": [-0.20302250950861506, -0.1295855077062169], "Ethiopia": [-0.11333285029775741, -0.031442148955750045], "Falkland Islands": [-0.1740450149695191, -0.3864691856325329], "Faroe Islands": [-0.3049974886903837, 0.1091396328811218], "Felvid\u00e9k": [-0.023515936129728555, 0.007413863569830414], "Fiji": [-0.16191254007279102, -0.37558294910795853], "Finland": [0.10697229359770039, 0.2867657255115437], "France": [0.922672475477238, 0.8703164116062029], "Franconia": [0.0598343895239785, -0.08541910265951694], "French Guiana": [-0.1470626741812806, -0.1207142729849855], "Fr\u00f8ya": [-0.3736324279134949, -0.846986943113739], "Gabon": [0.21273594281889532, 0.02212343664826414], "Galicia": [-0.15147815514539925, -0.01674772290149924], "Gambia": [0.2744080624504965, 0.035210780646311265], "Georgia": [0.3615312120360333, 0.3360464509467141], "Germany": [0.9847064075965895, 0.6307044684542469], "Ghana": [0.21028684304203857, 0.4389861944681481], "Gibraltar": [-0.6365267238398041, -0.5333405751287189], "Gotland": [0.1409110282980437, -0.06064979739408144], "Gozo": [-0.15007619231344865, 0.2163385234512875], "Greece": [0.3759590288278152, 0.6424170410749575], "Greenland": [-0.11675142085296335, -0.4889452524070675], "Grenada": [-0.4334615430964467, -0.5320285488062596], "Guadeloupe": [-0.0764716304086286, -0.03468272048100392], "Guam": [-0.6317666290581914, -0.9844123872297849], "Guatemala": [0.14367708212431465, 0.08404355547337623], "Guernsey": [0.16970438233753046, 0.360675945843253], "Guinea": [0.20100777947299803, 0.2916478211448971], "Guinea-Bissau": [-0.31262446099640545, 0.05240056369269221], "Guyana": [0.0649583470091713, -0.3326326428728586], "Haiti": [0.46123260887562695, 0.14789541859272], "Hitra": [0.3431496976977328, -0.39274292620301376], "Hmong": [0.1299084880159374, -0.3824619731389114], "Honduras": [0.08812584705398156, 0.2804742569183949], "Hong Kong": [-0.2746050158988041, -0.10271696323026354], "Hungary": [0.28709366471000014, 0.46026631143708735], "Iceland": [0.3305329426828336, 0.19799484183582072], "India": [-0.4845129700757121, -0.055548451368005534], "Indonesia": [0.026786844449317188, -0.04036306588548769], "Iran": [0.6650853976723952, 0.7329267995011101], "Iraq": [0.1596020481604556, 0.46250582217278347], "Iraqi Kurdistan": [0.05279203981288039, 0.06602795762673393], "Isle of Man": [0.8762025586591508, 0.11151548934122153], "Isle of Wight": [0.1756134357963421, 0.17978374335011596], "Israel": [0.4777977069053121, 0.10101012301804456], "Italy": [0.6537610405680337, 0.7204011431380408], "Ivory Coast": [0.45162516181311657, 0.7575829347294618], "Jamaica": [0.052788321620188594, 0.341050178642478], "Japan": [0.8622436381958389, 0.8667687572475283], "Jersey": [0.6429930771674246, 0.29962641938938167], "Jordan": [0.422045678454489, 0.26360538700647373], "Kabylia": [-0.0029306752317083094, -0.15870068797806824], "Kazakhstan": [-0.1150570140031086, 0.0015449272943198367], "Kenya": [-0.053760894368287446, 0.02598571824474264], "Kernow": [0.09560878357605578, 0.061225286172987954], "Kosovo": [0.3046789132714282, 0.3727155319968467], "Kuwait": [0.03403300094279401, -0.06765653437327761],