{"mu": 0.19099998927791276, "gamma": 0.2566296070455476, "rho": -0.04499999999999982, "teams": {"Abkhazia": [0.12125187038686987, 0.2774497709169975], "Afghanistan": [-0.7181039902993432, -0.38333089568698764], "Albania": [-0.056357337456845166, 0.5250756857440023], "Alderney": [-0.16331274890323222, -0.43434436987089037], "Algeria": [0.7502841984501274, 0.6193318547994555], "American Samoa": [-0.9003434665907738, -1.837063736176672], "Andorra": [-0.9658477515494723, -0.09727485933062746], "Angola": [0.04669871569050078, 0.45945705832039047], "Anguilla": [-1.1755839451046453, -1.21158997840526], "Antigua and Barbuda": [-0.7903799805663227, -0.7003449432942062], "Argentina": [1.0015374837512876, 1.2735845451687102], "Armenia": [-0.034566043049491534, -0.22037926825901394], "Artsakh": [0.0441661262493031, -0.01750976405155087], "Aruba": [-0.3231392670003275, -0.584068823079278], "Australia": [0.5667844019615694, 0.8082941508218943], "Austria": [0.619056900341885, 0.6315248372955904], "Aymara": [-0.09281352697679096, -0.11908379285961707], "Azerbaijan": [-0.21049425179932532, -0.06223710978749282], "Bahamas": [-0.7728157031925896, -1.2388914099393817], "Bahrain": [0.052640388644416905, 0.20706485822027929], "Bangladesh": [-0.7754027908375112, -0.48801838481350346], "Barawa": [-0.07619676377149352, -0.4826446009343632], "Barbados": [-0.3957741345367079, -0.7528119872489486], "Basque Country": [0.38032907275132566, 0.34778638423777386], "Belarus": [0.07914635090660646, 0.06831634604392944], "Belgium": [0.8832724400356889, 0.7807359638766924], "Belize": [-0.45819797514926786, -0.41632382850469535], "Benin": [0.07279034903493459, 0.15451825881510206], "Bermuda": [-0.028703979376548127, -0.6036751096209596], "Bhutan": [-1.020925765309894, -1.1031586155456077], "Biafra": [-0.11513887355668136, 0.15713822299284075], "Bolivia": [0.1674981010633219, 0.1573649937918575], "Bonaire": [-0.6253191249174859, -0.7376960857060595], "Bosnia and Herzegovina": [0.16014742482762184, 0.2728058581274508], "Botswana": [-0.2652203108153503, 0.07286071659760285], "Brazil": [1.0435858184283977, 0.9681065032764353], "British Virgin Islands": [-0.689435108250772, -0.7991019727984452], "Brunei": [-0.9003448525331799, -1.0532731808528832], "Bulgaria": [0.028828254102816347, 0.05715931945584505], "Burkina Faso": [0.39999453472211494, 0.32666552220152756], "Burundi": [-0.10150235482679064, -0.026491768425059077], "Cambodia": [-0.43987631096169805, -0.6214526218261812], "Cameroon": [0.25417781383316435, 0.6172813627481021], "Canada": [0.5811509272440277, 0.7056041076990441], "Cape Verde": [0.15448223523466317, 0.4184079449157433], "Cascadia": [0.28502324002871327, -0.09351836399659746], "Catalonia": [0.06346012245870968, 0.026641656385475578], "Cayman Islands": [-0.8815598100257127, -0.8367693161275689], "Central African Republic": [0.04251701018672619, -0.24225126516327108], "Chad": [-0.48138241047114355, -0.21123751881550984], "Chagos Islands": [-0.0023616851702491243, -0.727275015173821], "Chameria": [0.1896452338693962, 0.016171529623864093], "Chile": [0.5124169478212346, 0.5434484968513087], "China": [0.006477363893591052, 0.25191906236745015], "Colombia": [0.8748610066611686, 0.930683153117661], "Comoros": [0.019623672311633724, 0.06664906339293214], "Congo": [-0.1857445730772692, -0.19575463620853145], "Cook Islands": [-0.8653060341908462, -1.0132815213923405], "Corsica": [-0.0005262232564961292, 0.0549396339757329], "Costa Rica": [0.3624152210113768, 0.31014001809352787], "County of Nice": [0.07844392096389016, -0.01947135985626185], "Croatia": [0.6757455530648645, 0.6660710822180895], "Cuba": [-0.2977445004790299, -0.23988104520463083], "Cura\u00e7ao": [0.13729654730841667, 0.05029060270949216], "Cyprus": [-0.12322665219073113, -0.1419391506448561], "Czech Republic": [0.4909410937875298, 0.3835264501045165], "DR Congo": [0.22700382041552236, 0.7020479252045936], "Denmark": [0.6594487054556335, 0.7599436474511464], "Djibouti": [-0.4096698265667297, -0.6502319605786508], "Dominica": [-0.703865754708216, -0.5250643507205852], "Dominican Republic": [0.07969528561248009, -0.08663547104132778], "Donetsk PR": [0.01344438202168479, 0.04123253981631929], "D\u00e9lvid\u00e9k": [0.024177556204490896, -0.0016256085411796523], "East Turkestan": [0.35982504983960717, -0.5638788625897477], "Ecuador": [0.43755589924728666, 1.0261736280613971], "Egypt": [0.3819895671526427, 0.7650395712798643], "El Salvador": [-0.340516793371806, 0.20973534067359487], "Elba Island": [0.31804709593250646, 0.06578208191153655], "Ellan Vannin": [0.14502807092107414, 0.016021218268317317], "England": [0.828852426922741, 1.0532667084147695], "Equatorial Guinea": [-0.18445674200096676, 0.15970158883326602], "Eritrea": [-0.07491047035835156, -0.10979549172700295], "Estonia": [-0.2230821035994773, 1.254625215336481e-05], "Eswatini": [-0.1988450047760105, -0.12600433882806863], "Ethiopia": [-0.10943843576804305, -0.026168614606740172], "Falkland Islands": [-0.174482489752107, -0.3845071148883992], "Faroe Islands": [-0.30517597685501624, 0.11002992945728302], "Felvid\u00e9k": [-0.022953361649658676, 0.006774618000340203], "Fiji": [-0.16533210364388676, -0.3783352757389697], "Finland": [0.10707087518497992, 0.2868325899900594], "France": [0.945810305873063, 0.8757872314195364], "Franconia": [0.05973902315599679, -0.08489769255293445], "French Guiana": [-0.14753067193389746, -0.12185922366168823], "Fr\u00f8ya": [-0.37410621546703415, -0.844992582798042], "Gabon": [0.21654904608553635, 0.02741427521329652], "Galicia": [-0.1521568182960803, -0.019020735940367725], "Gambia": [0.2777450008252796, 0.04102592455146029], "Georgia": [0.3633544432210136, 0.3347615427243802], "Germany": [0.9860875939551476, 0.631617596544954], "Ghana": [0.21819173147537016, 0.43050640051828176], "Gibraltar": [-0.6365898594517816, -0.5294461303789444], "Gotland": [0.14017121052042245, -0.06104125771854223], "Gozo": [-0.14974773378074094, 0.2155039149998236], "Greece": [0.37694473812914525, 0.6446136622989596], "Greenland": [-0.11649826455851027, -0.4873110601946193], "Grenada": [-0.433104689408155, -0.5318374107910891], "Guadeloupe": [-0.07689770858250676, -0.03623491334417176], "Guam": [-0.6328374783000928, -0.9858440841769527], "Guatemala": [0.1423908872793831, 0.08212370023054351], "Guernsey": [0.17009427929283716, 0.36054981623588217], "Guinea": [0.20404568643743054, 0.299859200757789], "Guinea-Bissau": [-0.30877220548094225, 0.05608337228913282], "Guyana": [0.06349722507930212, -0.33455947294487], "Haiti": [0.4578078902003087, 0.14669435058381594], "Hitra": [0.3413158461219082, -0.39100461184855634], "Hmong": [0.12858656659775838, -0.38016558402730305], "Honduras": [0.08776286787968955, 0.27880953771661704], "Hong Kong": [-0.2777681261893728, -0.10749588464860244], "Hungary": [0.29029621189803967, 0.45949922420146166], "Iceland": [0.33277455729278366, 0.19972594201153973], "India": [-0.4886562733558761, -0.05919998379589097], "Indonesia": [0.023682283188612478, -0.0457865222744334], "Iran": [0.655333451445483, 0.7316238674318658], "Iraq": [0.1448300627839882, 0.3991391176751458], "Iraqi Kurdistan": [0.05327048452245981, 0.06520386165002122], "Isle of Man": [0.8740259597481707, 0.1110882724458972], "Isle of Wight": [0.17460018135028002, 0.17919351396111172], "Israel": [0.476859312911561, 0.10506861466145485], "Italy": [0.6543762371276346, 0.7242218702101834], "Ivory Coast": [0.4548056492706758, 0.7633644375375854], "Jamaica": [0.052239792105369026, 0.3404000946443169], "Japan": [0.8588705563895771, 0.8650428427230415], "Jersey": [0.6411092914348893, 0.2994843254223717], "Jordan": [0.4213416912612334, 0.2532398926837987], "Kabylia": [-0.002358255217287344, -0.1571801538324296], "Kazakhstan": [-0.11609057291785603, 0.006398234972147383], "Kenya": [-0.05002669478758882, 0.030396541610277546], "Kernow": [0.0954769968751053, 0.06058672044394241], "Kosovo": [0.3062466258132058, 0.37248064178222484],