{"mu": 0.1834867403070063, "gamma": 0.2564607595585427, "rho": -0.04499999999999982, "teams": {"Abkhazia": [0.12210948441461442, 0.27886998351840164], "Afghanistan": [-0.7063504516690597, -0.3702161527621363], "Albania": [-0.059026239200429584, 0.5217603773810933], "Alderney": [-0.16359482291834165, -0.438091380181509], "Algeria": [0.7346622013789692, 0.6536816924636573], "American Samoa": [-0.9031316267600982, -1.8420448915576262], "Andorra": [-0.970634789501845, -0.10357307336998497], "Angola": [0.03704683273166132, 0.4522366942450703], "Anguilla": [-1.1787450771010488, -1.2149944749357873], "Antigua and Barbuda": [-0.7925322398682494, -0.7031986298840645], "Argentina": [0.9908372028102744, 1.2679317741926577], "Armenia": [-0.03907647428466632, -0.2268045860991836], "Artsakh": [0.04383373688873329, -0.01707568794524756], "Aruba": [-0.32270421100120555, -0.5852463543588734], "Australia": [0.6182005170346025, 0.8046633178815933], "Austria": [0.6033680618365526, 0.6688909022543126], "Aymara": [-0.0932024164891695, -0.12072885537717594], "Azerbaijan": [-0.2102775164751429, -0.06962796996293653], "Bahamas": [-0.7749848738477786, -1.2433056830968519], "Bahrain": [0.06771483886064027, 0.2207353829275155], "Bangladesh": [-0.7669480569954098, -0.4740065965848429], "Barawa": [-0.07796436565086241, -0.48781084603883973], "Barbados": [-0.3974308721504628, -0.7554462198765414], "Basque Country": [0.3901286550983244, 0.35376775530640625], "Belarus": [0.07671863409885511, 0.06564023319135766], "Belgium": [0.86658483666804, 0.7506901992219566], "Belize": [-0.46051869916249905, -0.4166491028053375], "Benin": [0.06672524345495186, 0.14171534353738982], "Bermuda": [-0.03065709570317684, -0.6074019304585057], "Bhutan": [-1.0141180040533493, -1.0973817804493473], "Biafra": [-0.11647110918015316, 0.15750826784435284], "Bolivia": [0.1685313599425347, 0.15897717962270902], "Bonaire": [-0.6282301293996603, -0.7420563250920202], "Bosnia and Herzegovina": [0.11375928892545184, 0.2988608781773466], "Botswana": [-0.269630050153236, 0.06176092705029917], "Brazil": [1.0305012365278938, 0.931340463435037], "British Virgin Islands": [-0.6931068522731932, -0.8022528453215968], "Brunei": [-0.8938051825960274, -1.0481044977100382], "Bulgaria": [0.024750696757176602, 0.052635534847952754], "Burkina Faso": [0.3960066058244152, 0.31711313026652754], "Burundi": [-0.10366999568405194, -0.036483393697072646], "Cambodia": [-0.43210359772778595, -0.6120701697553624], "Cameroon": [0.24862231272992472, 0.6066612061199289], "Canada": [0.5451706442921058, 0.7026574185078722], "Cape Verde": [0.13703316758667053, 0.4043841247478301], "Cascadia": [0.2886979739403092, -0.0951256938625427], "Catalonia": [0.06493918749174821, 0.02839946266622299], "Cayman Islands": [-0.8849284445654474, -0.8415566756930484], "Central African Republic": [0.03577206824534974, -0.2496530548557375], "Chad": [-0.4890143312270746, -0.21619657953327204], "Chagos Islands": [-0.0028700019925482064, -0.7331251698650789], "Chameria": [0.19227310022272143, 0.01705306888265145], "Chile": [0.5091449261295273, 0.5427940271743218], "China": [0.02270302011168086, 0.2694576591231082], "Colombia": [0.8828930544234637, 0.8928174286409197], "Comoros": [0.016146775867959984, 0.06285739181287327], "Congo": [-0.19267663855742068, -0.208219883169364], "Cook Islands": [-0.8692294732254289, -1.0170024210445971], "Corsica": [-0.001408214653988076, 0.05613956644713857], "Costa Rica": [0.36299243805212295, 0.31503037899497105], "County of Nice": [0.07927321429579114, -0.018970881455684537], "Croatia": [0.6586123987873392, 0.6942483279293041], "Cuba": [-0.29793553120280564, -0.24237953878171617], "Cura\u00e7ao": [0.15927718129672794, 0.01840014038010898], "Cyprus": [-0.12472718400863908, -0.14911281220375128], "Czech Republic": [0.5018921536709647, 0.3997253288538319], "DR Congo": [0.1869775237344698, 0.6689822234526558], "Denmark": [0.6563285006428136, 0.7513016574801208], "Djibouti": [-0.41235459381267253, -0.6594071933001223], "Dominica": [-0.7059845151449867, -0.5277300280292069], "Dominican Republic": [0.07881589223709556, -0.0840778415385877], "Donetsk PR": [0.013027673387306095, 0.042542903735242416], "D\u00e9lvid\u00e9k": [0.023928778539798613, -0.001090755206501258], "East Turkestan": [0.36358382015289104, -0.5690874545236648], "Ecuador": [0.45460438988425156, 1.0057185527845909], "Egypt": [0.3550883147029663, 0.7584908409133093], "El Salvador": [-0.33996248579251287, 0.21289787141704417], "Elba Island": [0.3212362913871728, 0.06675199822720351], "Ellan Vannin": [0.1469284514007375, 0.016897693059566697], "England": [0.8183847351019511, 1.0458035979563707], "Equatorial Guinea": [-0.18335261403473394, 0.15450351503689838], "Eritrea": [-0.07694489629907629, -0.11116676487316822], "Estonia": [-0.2236457611142829, -0.006464754364607585], "Eswatini": [-0.2042735397601555, -0.13562089262979082], "Ethiopia": [-0.1177089789797672, -0.03557616816938107], "Falkland Islands": [-0.17494166582216594, -0.38802357738166066], "Faroe Islands": [-0.30720300290601255, 0.10672041155562925], "Felvid\u00e9k": [-0.023596687364548175, 0.007603026928134067], "Fiji": [-0.16046938865353616, -0.3749292663915314], "Finland": [0.10647282442642643, 0.27763770432719015], "France": [0.9107289397193093, 0.8497893892041447], "Franconia": [0.060345375814428455, -0.08637937433372213], "French Guiana": [-0.14800644635448482, -0.12373983898710542], "Fr\u00f8ya": [-0.3755104206041673, -0.8486736971121566], "Gabon": [0.21296353042348787, 0.019034511615622557], "Galicia": [-0.15507049937968542, -0.011906942121346143], "Gambia": [0.2764936932168632, 0.03599349273422475], "Georgia": [0.36056973024306355, 0.32909801852987663], "Germany": [0.9753888163125546, 0.6394217251282922], "Ghana": [0.22169128775062424, 0.37270253106716084], "Gibraltar": [-0.6395902214986031, -0.5410034365922887], "Gotland": [0.1418447327103737, -0.061253545777718715], "Gozo": [-0.15074005055861753, 0.21743996813906644], "Greece": [0.3735769745272194, 0.6408113836634486], "Greenland": [-0.11620356506972607, -0.4903584004611071], "Grenada": [-0.43584706371004683, -0.5324174168049309], "Guadeloupe": [-0.07836715860226415, -0.03732757227744567], "Guam": [-0.6312567796079906, -0.9806473093487171], "Guatemala": [0.1421275987931425, 0.08396707455492942], "Guernsey": [0.17033469859122602, 0.3623250248686876], "Guinea": [0.19897014655065084, 0.28846439181174], "Guinea-Bissau": [-0.3147704427885333, 0.04826476696510835], "Guyana": [0.0647725717696265, -0.33462796349495727], "Haiti": [0.4534096480463443, 0.19545701068621318], "Hitra": [0.344007205315945, -0.39427680609855015], "Hmong": [0.13084944990700237, -0.3852558113763883], "Honduras": [0.0878200167090862, 0.27684605672108153], "Hong Kong": [-0.26781376991261524, -0.09191219194551817], "Hungary": [0.285683779106796, 0.45088857573779945], "Iceland": [0.32876675250360926, 0.19041688259049305], "India": [-0.4747259009388655, -0.04597845539742046], "Indonesia": [0.033381505648545313, -0.030926123097636996], "Iran": [0.7001213190942704, 0.701799802838249], "Iraq": [0.18046502492820127, 0.4922609575484675], "Iraqi Kurdistan": [0.053423297818420694, 0.06671532079062477], "Isle of Man": [0.877714758022413, 0.11172637131613376], "Isle of Wight": [0.17697961074118565, 0.18093204365024088], "Israel": [0.47440555763621495, 0.09708561853432474], "Italy": [0.6512780282296167, 0.7108414687596872], "Ivory Coast": [0.4481338618018766, 0.7497850536518658], "Jamaica": [0.0508326082684945, 0.3387518569524371], "Japan": [0.8523556783337762, 0.8510758235621324], "Jersey": [0.6445959922977578, 0.3005279001223001], "Jordan": [0.4354114470292253, 0.27094473849040746], "Kabylia": [-0.002894883283605668, -0.16011499588446762], "Kazakhstan": [-0.11772634869009727, 0.0005885121863906172], "Kenya": [-0.05379667153137843, 0.025419052318923854], "Kernow": [0.09611348917833122, 0.0617322790842727], "Kosovo": [0.30270442311082, 0.36612244620256307],