asof,team,player,pos,mins_7d,mins_14d,mins_30d,mins_season,starts_season
2026-07-02,1. FSV Mainz 05,A. Sieb,FW,0.0,0.0,0.0,0,0
2026-07-02,1. FSV Mainz 05,D. Kohr,MF,0.0,0.0,0.0,0,0
2026-07-02,1. FSV Mainz 05,A. Caci,DF,0.0,0.0,0.0,0,0
2026-07-02,1. FSV Mainz 05,L. Maloney,MF,0.0,0.0,0.0,0,0
2026-07-02,1. FSV Mainz 05,N. Weiper,FW,0.0,0.0,0.0,0,0
2026-07-02,1. FSV Mainz 05,R. Zentner,GK,0.0,0.0,0.0,0,0
2026-07-02,1. FSV Mainz 05,N. Veratschnig,DF,0.0,0.0,0.0,0,0
2026-07-02,1. FSV Mainz 05,S. Kawasaki,MF,0.0,0.0,0.0,0,0
2026-07-02,AC Milan,Z. Athekame,DF,0.0,0.0,0.0,0,0
2026-07-02,AC Milan,R. Loftus-Cheek,MF,0.0,0.0,0.0,0,0
2026-07-02,AC Milan,S. Giménez,FW,0.0,0.0,0.0,0,0
2026-07-02,AC Milan,C. Pulišić,MF,0.0,0.0,0.0,0,0
2026-07-02,AC Milan,S. Ricci,MF,0.0,0.0,0.0,0,0
2026-07-02,AC Milan,M. Pittarella,GK,0.0,0.0,0.0,0,0
2026-07-02,AC Milan,P. Terracciano,GK,0.0,0.0,0.0,0,0
2026-07-02,AC Milan,K. De Winter,DF,0.0,0.0,0.0,0,0
2026-07-02,AC Milan,D. Bartesaghi,DF,0.0,0.0,0.0,0,0
2026-07-02,AC Milan,N. Füllkrug,FW,0.0,0.0,0.0,0,0
2026-07-02,AC Oulu,S. Sipola,DF,0.0,0.0,0.0,0,0
2026-07-02,AC Oulu,J. Mäkeläinen,MF,0.0,0.0,0.0,0,0
2026-07-02,AC Oulu,N. Jokelainen,MF,0.0,0.0,0.0,0,0
2026-07-02,AC Oulu,K. Jatta,FW,0.0,0.0,0.0,0,0
2026-07-02,AC Oulu,N. Schulz,GK,0.0,0.0,0.0,0,0
2026-07-02,AC Oulu,A. Lietsa,DF,0.0,0.0,0.0,0,0
2026-07-02,AC Oulu,A. Cassama,DF,0.0,0.0,0.0,0,0
2026-07-02,AC Oulu,S. Silander,DF,0.0,0.0,0.0,0,0
2026-07-02,AC Oulu,M. Ojala,MF,0.0,0.0,0.0,0,0
2026-07-02,AD Ceuta,S. Sánchez,FW,0.0,0.0,0.0,0,0
2026-07-02,AD Ceuta,M. Domenech,FW,0.0,0.0,0.0,0,0
2026-07-02,AD Ceuta,J. Matos,DF,0.0,0.0,0.0,0,0
2026-07-02,AD Ceuta,G. Almenara,DF,0.0,0.0,0.0,0,0
2026-07-02,AD Ceuta,J. Campaña,MF,0.0,0.0,0.0,0,0
2026-07-02,AD Ceuta,Y. Cantero,DF,0.0,0.0,0.0,0,0
2026-07-02,AD Ceuta,A. Betancourt,MF,0.0,0.0,0.0,0,0
2026-07-02,AD Ceuta,Anuar,MF,0.0,0.0,0.0,0,0
2026-07-02,AD Ceuta,A. Caparrós,DF,0.0,0.0,0.0,0,0
2026-07-02,AD Ceuta,‪I. Schor,FW,0.0,0.0,0.0,0,0
2026-07-02,AE Kifisia,K. Roukounakis,MF,0.0,0.0,0.0,0,0
2026-07-02,AE Kifisia,M. Tavares,FW,0.0,0.0,0.0,0,0
2026-07-02,AE Kifisia,D. Theodoridis,FW,0.0,0.0,0.0,0,0
2026-07-02,AE Kifisia,H. Sousa,DF,0.0,0.0,0.0,0,0
2026-07-02,AE Kifisia,D. Simón,DF,0.0,0.0,0.0,0,0
2026-07-02,AE Kifisia,A. Tsilingiris,GK,0.0,0.0,0.0,0,0
2026-07-02,AE Kifisia,V. Xenopoulos,GK,0.0,0.0,0.0,0,0
2026-07-02,AE Kifisia,T. Faitakis,DF,0.0,0.0,0.0,0,0
2026-07-02,AE Kifisia,A. Pothas,MF,0.0,0.0,0.0,0,0
2026-07-02,AE Kifisia,L. Villafáñez,MF,0.0,0.0,0.0,0,0
2026-07-02,AE Kifisia,C. Nunnely,FW,0.0,0.0,0.0,0,0
2026-07-02,AE Kifisia,P. Mijić,FW,0.0,0.0,0.0,0,0
2026-07-02,AEK Athens,J. Penrice,DF,0.0,0.0,0.0,0,0
2026-07-02,AEK Athens,J. Mário,MF,0.0,0.0,0.0,0,0
2026-07-02,AEK Athens,L. Jović,FW,0.0,0.0,0.0,0,0
2026-07-02,AEK Athens,N. Eliasson,MF,0.0,0.0,0.0,0,0
2026-07-02,AEK Athens,A. Brignoli,GK,0.0,0.0,0.0,0,0
2026-07-02,AEK Athens,D. Vida,DF,0.0,0.0,0.0,0,0
2026-07-02,AEK Athens,M. Grujić,MF,0.0,0.0,0.0,0,0
2026-07-02,AEK Athens,P. Mantalos,MF,0.0,0.0,0.0,0,0
2026-07-02,AEK Athens,R. Ljubičić,MF,0.0,0.0,0.0,0,0
2026-07-02,AEK Athens,D. Kutesa,MF,0.0,0.0,0.0,0,0
2026-07-02,AEK Athens,M. Gaćinović,MF,0.0,0.0,0.0,0,0
2026-07-02,AEL Novibet,J. Atanasov,MF,0.0,0.0,0.0,0,0
2026-07-02,AEL Novibet,D. K. Ólafsson,DF,0.0,0.0,0.0,0,0
2026-07-02,AEL Novibet,P. Sisto,FW,0.0,0.0,0.0,0,0
2026-07-02,AEL Novibet,L. Garate,FW,0.0,0.0,0.0,0,0
2026-07-02,AEL Novibet,G. Kakuta,MF,0.0,0.0,0.0,0,0
2026-07-02,AEL Novibet,N. Melissas,GK,0.0,0.0,0.0,0,0
2026-07-02,AEL Novibet,K. Grozos,DF,0.0,0.0,0.0,0,0
2026-07-02,AEL Novibet,E. Pantelakis,DF,0.0,0.0,0.0,0,0
2026-07-02,AEL Novibet,L. Andrada,MF,0.0,0.0,0.0,0,0
2026-07-02,AEL Novibet,P. Staikos,MF,0.0,0.0,0.0,0,0
2026-07-02,AEL Novibet,Z. Chatzistravos,MF,0.0,0.0,0.0,0,0
2026-07-02,AEL Novibet,J. Ngoy,FW,0.0,0.0,0.0,0,0
2026-07-02,AFC Unirea 04 Slobozia,O. Safronov,DF,0.0,0.0,0.0,0,0
2026-07-02,AFC Unirea 04 Slobozia,D. Yanakov,FW,0.0,0.0,0.0,0,0
2026-07-02,AFC Unirea 04 Slobozia,V. Pop,MF,0.0,0.0,0.0,0,0
2026-07-02,AFC Unirea 04 Slobozia,G. Dahan,FW,0.0,0.0,0.0,0,0
2026-07-02,AFC Unirea 04 Slobozia,E. Orozco,DF,0.0,0.0,0.0,0,0
2026-07-02,AFC Unirea 04 Slobozia,D. Rusu,GK,0.0,0.0,0.0,0,0
2026-07-02,AFC Unirea 04 Slobozia,A. Dorobanțu,DF,0.0,0.0,0.0,0,0
2026-07-02,AFC Unirea 04 Slobozia,A. Dragu,DF,0.0,0.0,0.0,0,0
2026-07-02,AFC Unirea 04 Slobozia,C. Toma,DF,0.0,0.0,0.0,0,0
2026-07-02,AFC Unirea 04 Slobozia,L. Vlasceanu,DF,0.0,0.0,0.0,0,0
2026-07-02,AFC Unirea 04 Slobozia,M. Lemnaru,MF,0.0,0.0,0.0,0,0
2026-07-02,AFC Unirea 04 Slobozia,N. Carnat,FW,0.0,0.0,0.0,0,0
2026-07-02,AIK,M. Thychosen,DF,0.0,0.0,0.0,0,0
2026-07-02,AIK,Y. Geiger,MF,0.0,0.0,0.0,0,0
2026-07-02,AIK,K. Filling,FW,0.0,0.0,0.0,0,0
2026-07-02,AIK,A. Kouame,MF,0.0,0.0,0.0,0,0
2026-07-02,AIK,K. Joelsson,GK,0.0,0.0,0.0,0,0
2026-07-02,AIK,S. Papagiannopoulos,DF,0.0,0.0,0.0,0,0
2026-07-02,AIK,V. Andersson,MF,0.0,0.0,0.0,0,0
2026-07-02,AIK,T. Ayari,MF,0.0,0.0,0.0,0,0
2026-07-02,AIK,S. Gustafsson,FW,0.0,0.0,0.0,0,0
2026-07-02,AIK,A. Mujanić,MF,0.0,0.0,0.0,0,0
2026-07-02,AIK,C. Pavey,DF,0.0,0.0,0.0,0,0
2026-07-02,AIK,A. Faqa,DF,0.0,0.0,0.0,0,0
2026-07-02,AIK,A. Ali,MF,0.0,0.0,0.0,0,0
2026-07-02,APO Levadiakos,E. Çokaj,MF,0.0,0.0,0.0,0,0
2026-07-02,APO Levadiakos,O. Ozegović,FW,0.0,0.0,0.0,0,0
2026-07-02,APO Levadiakos,T. Filon,DF,0.0,0.0,0.0,0,0
2026-07-02,APO Levadiakos,C. Papadopoulos,MF,0.0,0.0,0.0,0,0
2026-07-02,APO Levadiakos,G. Manthatis,MF,0.0,0.0,0.0,0,0
2026-07-02,APO Levadiakos,Y. Lodygin,GK,0.0,0.0,0.0,0,0
2026-07-02,APO Levadiakos,H. Magnússon,DF,0.0,0.0,0.0,0,0
2026-07-02,APO Levadiakos,G. Balzi,MF,0.0,0.0,0.0,0,0
2026-07-02,APO Levadiakos,P. Symelidis,MF,0.0,0.0,0.0,0,0
2026-07-02,APO Levadiakos,B. Verbič,MF,0.0,0.0,0.0,0,0
2026-07-02,APO Levadiakos,G. Kosti,MF,0.0,0.0,0.0,0,0
2026-07-02,APO Levadiakos,F. Pedrozo,FW,0.0,0.0,0.0,0,0
2026-07-02,APS Atromitos Athinon,Quini,DF,0.0,0.0,0.0,0,0
2026-07-02,APS Atromitos Athinon,G. Tzovaras,FW,0.0,0.0,0.0,0,0
2026-07-02,APS Atromitos Athinon,P. Tsantilas,FW,0.0,0.0,0.0,0,0
2026-07-02,APS Atromitos Athinon,T. v. Weert,FW,0.0,0.0,0.0,0,0
2026-07-02,APS Atromitos Athinon,S. Abartzidis,MF,0.0,0.0,0.0,0,0
2026-07-02,APS Atromitos Athinon,L. Gugeshashvili,GK,0.0,0.0,0.0,0,0
2026-07-02,APS Atromitos Athinon,L. Choutesiotis,GK,0.0,0.0,0.0,0,0
2026-07-02,APS Atromitos Athinon,D. Tsakmakis,DF,0.0,0.0,0.0,0,0
2026-07-02,APS Atromitos Athinon,Mansur,DF,0.0,0.0,0.0,0,0
2026-07-02,APS Atromitos Athinon,T. Tsingaras,MF,0.0,0.0,0.0,0,0
2026-07-02,APS Atromitos Athinon,A. Karamanis,DF,0.0,0.0,0.0,0,0
2026-07-02,APS Atromitos Athinon,K. Batos,MF,0.0,0.0,0.0,0,0
2026-07-02,AS FAR Rabat,J. Ech-Chammakh,DF,0.0,0.0,0.0,0,0
2026-07-02,AS FAR Rabat,J. E. Khfiyef,FW,0.0,0.0,0.0,0,0
2026-07-02,AS FAR Rabat,N. Mbemba,MF,0.0,0.0,0.0,0,0
2026-07-02,AS FAR Rabat,H. Khabba,FW,0.0,0.0,0.0,0,0
2026-07-02,AS FAR Rabat,T. Razko,MF,0.0,0.0,0.0,0,0
2026-07-02,AS FAR Rabat,H. Mesbahi,GK,0.0,0.0,0.0,0,0
2026-07-02,AS FAR Rabat,A. A. Khassou,DF,0.0,0.0,0.0,0,0
2026-07-02,AS FAR Rabat,N. M. E. Abd,DF,0.0,0.0,0.0,0,0
2026-07-02,AS FAR Rabat,R. Coutinho,FW,0.0,0.0,0.0,0,0
2026-07-02,AS FAR Rabat,A. Hadraf,MF,0.0,0.0,0.0,0,0
2026-07-02,AS FAR Rabat,Y. E. Fahli,FW,0.0,0.0,0.0,0,0
2026-07-02,AS Roma,S. El Shaarawy,FW,0.0,0.0,0.0,0,0
2026-07-02,AS Roma,D. Ghilardi,DF,0.0,0.0,0.0,0,0
2026-07-02,AS Roma,P. Dybala,FW,0.0,0.0,0.0,0,0
2026-07-02,AS Roma,J. Ziółkowski,DF,0.0,0.0,0.0,0,0
2026-07-02,AS Roma,R. Vaz,FW,0.0,0.0,0.0,0,0
2026-07-02,AS Roma,G. D. Marzi,GK,0.0,0.0,0.0,0,0
2026-07-02,AS Roma,P. Gollini,GK,0.0,0.0,0.0,0,0
2026-07-02,AS Roma,K. Tsimikas,DF,0.0,0.0,0.0,0,0
2026-07-02,AS Roma,D. Rensch,DF,0.0,0.0,0.0,0,0
2026-07-02,AS Roma,Angeliño,DF,0.0,0.0,0.0,0,0
2026-07-02,AS Roma,L. Venturino,FW,0.0,0.0,0.0,0,0
2026-07-02,AS Soliman,R. Rabeh,GK,0.0,0.0,0.0,0,0
2026-07-02,AS Soliman,J. Khmiri,DF,0.0,0.0,0.0,0,0
2026-07-02,AS Soliman,A. Mosbahi,DF,0.0,0.0,0.0,0,0
2026-07-02,AS Soliman,I. E. Abed,MF,0.0,0.0,0.0,0,0
2026-07-02,AS Soliman,D. B. Yahmed,FW,0.0,0.0,0.0,0,0
2026-07-02,AS Soliman,M. B. Cherifia,GK,0.0,0.0,0.0,0,0
2026-07-02,AS Soliman,M. F. Amri,DF,0.0,0.0,0.0,0,0
2026-07-02,AS Soliman,M. Kamoun,MF,0.0,0.0,0.0,0,0
2026-07-02,AS Soliman,A. Mesbah,MF,0.0,0.0,0.0,0,0
2026-07-02,AS Soliman,F. Belaili,FW,0.0,0.0,0.0,0,0
2026-07-02,AS Soliman,A. Mouati,MF,0.0,0.0,0.0,0,0
2026-07-02,AZ Alkmaar,P. Koopmeiners,MF,0.0,0.0,0.0,0,0
2026-07-02,AZ Alkmaar,W. Patati,FW,0.0,0.0,0.0,0,0
2026-07-02,AZ Alkmaar,B. Kovács,FW,0.0,0.0,0.0,0,0
2026-07-02,AZ Alkmaar,M. Meerdink,FW,0.0,0.0,0.0,0,0
2026-07-02,AZ Alkmaar,H. Verhulst,GK,0.0,0.0,0.0,0,0
2026-07-02,AZ Alkmaar,S. Maikuma,DF,0.0,0.0,0.0,0,0
2026-07-02,AZ Alkmaar,M. Chávez,DF,0.0,0.0,0.0,0,0
2026-07-02,AZ Alkmaar,R. Ichihara,DF,0.0,0.0,0.0,0,0
2026-07-02,AZ Alkmaar,K. Boogaard,MF,0.0,0.0,0.0,0,0
2026-07-02,AZ Alkmaar,A. Oufkir,FW,0.0,0.0,0.0,0,0
2026-07-02,AZ Alkmaar,M. Šín,MF,0.0,0.0,0.0,0,0
2026-07-02,AZ Alkmaar,I. Sadiq,FW,0.0,0.0,0.0,0,0
2026-07-02,Aalesunds FK,U. Syversen,DF,0.0,0.0,0.0,0,0
2026-07-02,Aalesunds FK,D. S. Jóhannsson,MF,0.0,0.0,0.0,0,0
2026-07-02,Aalesunds FK,M. Andresen,DF,0.0,0.0,0.0,0,0
2026-07-02,Aalesunds FK,H. B. Hammer,MF,0.0,0.0,0.0,0,0
2026-07-02,Aalesunds FK,E. H. Myrlid,FW,0.0,0.0,0.0,0,0
2026-07-02,Aalesunds FK,T. E. Larsen,GK,0.0,0.0,0.0,0,0
2026-07-02,Aalesunds FK,S. Haram,DF,0.0,0.0,0.0,0,0
2026-07-02,Aalesunds FK,E. H. Osenbroch,MF,0.0,0.0,0.0,0,0
2026-07-02,Aberdeen,M. Frame,DF,0.0,0.0,0.0,0,0
2026-07-02,Aberdeen,G. Shinnie,MF,0.0,0.0,0.0,0,0
2026-07-02,Aberdeen,N. Devlin,DF,0.0,0.0,0.0,0,0
2026-07-02,Aberdeen,L. Cameron,MF,0.0,0.0,0.0,0,0
2026-07-02,Aberdeen,A. Palaversa,MF,0.0,0.0,0.0,0,0
2026-07-02,Aberdeen,N. Suman,GK,0.0,0.0,0.0,0,0
2026-07-02,Aberdeen,E. Bwomono,DF,0.0,0.0,0.0,0,0
2026-07-02,Aberdeen,K. Bilalovic,MF,0.0,0.0,0.0,0,0
2026-07-02,Aberdeen,T. Keskinen,FW,0.0,0.0,0.0,0,0
2026-07-02,Abia Warriors,J. Nmecha,GK,0.0,0.0,0.0,0,0
2026-07-02,Abia Warriors,A. Abalogu,DF,0.0,0.0,0.0,0,0
2026-07-02,Abia Warriors,A. Somiari,DF,0.0,0.0,0.0,0,0
2026-07-02,Abia Warriors,S. Asiegbu,MF,0.0,0.0,0.0,0,0
2026-07-02,Abia Warriors,Y. Hameed,MF,0.0,0.0,0.0,0,0
2026-07-02,Abia Warriors,O. Osoboh,MF,0.0,0.0,0.0,0,0
2026-07-02,Abia Warriors,C. Merpring,FW,0.0,0.0,0.0,0,0
2026-07-02,Abia Warriors,I. Alonge,FW,0.0,0.0,0.0,0,0
2026-07-02,Abia Warriors,C. Azubuike,MF,0.0,0.0,0.0,0,0
2026-07-02,Academia Puerto Cabello,E. Pernia,FW,0.0,0.0,0.0,0,0
2026-07-02,Academia Puerto Cabello,P. Lima,MF,0.0,0.0,0.0,0,0
2026-07-02,Academia Puerto Cabello,H. Linares,DF,0.0,0.0,0.0,0,0
2026-07-02,Academia Puerto Cabello,G. Meléndez,DF,0.0,0.0,0.0,0,0
2026-07-02,Academia Puerto Cabello,L. Casiani,DF,0.0,0.0,0.0,0,0
2026-07-02,Academia Puerto Cabello,G. Bortagaray,DF,0.0,0.0,0.0,0,0
2026-07-02,Academia Puerto Cabello,J. H. Chávez,FW,0.0,0.0,0.0,0,0
2026-07-02,Academia Puerto Cabello,J. Marchán,MF,0.0,0.0,0.0,0,0
2026-07-02,Academia Puerto Cabello,H. Contreras,MF,0.0,0.0,0.0,0,0
2026-07-02,Academia Puerto Cabello,J. Barros,FW,0.0,0.0,0.0,0,0
2026-07-02,Al-Ahli,M. Bakor,DF,0.0,0.0,0.0,0,0
2026-07-02,Al-Ahli,M. Abdulrahman,DF,0.0,0.0,0.0,0,0
2026-07-02,Al-Ahli,E. A. Muwallad,MF,0.0,0.0,0.0,0,0
2026-07-02,Al-Ahli,R. Mathias,FW,0.0,0.0,0.0,0,0
2026-07-02,Al-Ahli,S. Abdullah,FW,0.0,0.0,0.0,0,0
2026-07-02,Al-Ahli,A. A. Sanbi,GK,0.0,0.0,0.0,0,0
2026-07-02,Al-Ahli,A. Abdo,GK,0.0,0.0,0.0,0,0
2026-07-02,Al-Ahli,Y. Madani,DF,0.0,0.0,0.0,0,0
2026-07-02,Al-Ahli,M. Dams,DF,0.0,0.0,0.0,0,0
2026-07-02,Al-Ahli,M. Gonçalves,FW,0.0,0.0,0.0,0,0
2026-07-02,Al-Ahli,S. Aboulshamat,FW,0.0,0.0,0.0,0,0
2026-07-02,Al-Ahli,Z. Aljohani,MF,0.0,0.0,0.0,0,0
2026-07-02,Al-Ettifaq,A. Hawsawi,GK,0.0,0.0,0.0,0,0
2026-07-02,Al-Ettifaq,A. Mukhtar,MF,0.0,0.0,0.0,0,0
2026-07-02,Al-Ettifaq,M. A. Khayrallah,DF,0.0,0.0,0.0,0,0
2026-07-02,Al-Ettifaq,A. Hindi,DF,0.0,0.0,0.0,0,0
2026-07-02,Al-Ettifaq,A. Madu,DF,0.0,0.0,0.0,0,0
2026-07-02,Al-Ettifaq,A. Maghfori,FW,0.0,0.0,0.0,0,0
2026-07-02,Al-Ettifaq,A. A. Ghamdi,FW,0.0,0.0,0.0,0,0
2026-07-02,Al-Ettifaq,F. A. Ghamdi,MF,0.0,0.0,0.0,0,0
2026-07-02,Al-Ettifaq,J. A. Al-Salem,FW,0.0,0.0,0.0,0,0
2026-07-02,Al-Ettifaq,R. Al-Oteibi,DF,0.0,0.0,0.0,0,0
2026-07-02,Al-Fateh,J. Fernandes,DF,0.0,0.0,0.0,0,0
2026-07-02,Al-Fateh,Z. Youssef,MF,0.0,0.0,0.0,0,0
2026-07-02,Al-Fateh,F. Zubaidi,FW,0.0,0.0,0.0,0,0
2026-07-02,Al-Fateh,M. A. Obod,FW,0.0,0.0,0.0,0,0
2026-07-02,Al-Fateh,S. A. Tumbukti,DF,0.0,0.0,0.0,0,0
2026-07-02,Al-Fateh,A. Al-Anazi,MF,0.0,0.0,0.0,0,0
2026-07-02,Al-Fateh,A. Al-Bukhari,GK,0.0,0.0,0.0,0,0
2026-07-02,Al-Fateh,H. Qasim,DF,0.0,0.0,0.0,0,0
2026-07-02,Al-Fateh,O. Al-Othman,MF,0.0,0.0,0.0,0,0
2026-07-02,Al-Fayha,S. A. Dahal,FW,0.0,0.0,0.0,0,0
2026-07-02,Al-Fayha,S. Ganvoula,FW,0.0,0.0,0.0,0,0
2026-07-02,Al-Fayha,J. Kanon,DF,0.0,0.0,0.0,0,0
2026-07-02,Al-Fayha,S. Vrontis,MF,0.0,0.0,0.0,0,0
2026-07-02,Al-Fayha,M. Al-Beshe,MF,0.0,0.0,0.0,0,0
2026-07-02,Al-Fayha,S. A. Shammari,GK,0.0,0.0,0.0,0,0
2026-07-02,Al-Fayha,Z. Al-Sahafi,DF,0.0,0.0,0.0,0,0
2026-07-02,Al-Fayha,A. Al-Khaibari,FW,0.0,0.0,0.0,0,0
2026-07-02,Al-Fayha,N. Al-Harthi,MF,0.0,0.0,0.0,0,0
2026-07-02,Al-Fayha,A. A. Anzi,DF,0.0,0.0,0.0,0,0
2026-07-02,Al-Fayha,Jason,FW,0.0,0.0,0.0,0,0
2026-07-02,Al-Hazem,M. Al-Yami,DF,0.0,0.0,0.0,0,0
2026-07-02,Al-Hazem,E. Mokwana,FW,0.0,0.0,0.0,0,0
2026-07-02,Al-Hazem,Y. Al-Shammari,FW,0.0,0.0,0.0,0,0
2026-07-02,Al-Hazem,A. B. Dieng,MF,0.0,0.0,0.0,0,0
2026-07-02,Al-Hazem,M. Carvalho,MF,0.0,0.0,0.0,0,0
2026-07-02,Al-Hazem,A. Al-Harajin,MF,0.0,0.0,0.0,0,0
2026-07-02,Al-Hazem,I. Zaied,GK,0.0,0.0,0.0,0,0
2026-07-02,Al-Hazem,A. Boutouil,DF,0.0,0.0,0.0,0,0
2026-07-02,Al-Hazem,A. Al-Harbi,DF,0.0,0.0,0.0,0,0
2026-07-02,Al-Hilal,M. Al-Harbi,DF,0.0,0.0,0.0,0,0
2026-07-02,Al-Hilal,H. Altambakti,DF,0.0,0.0,0.0,0,0
2026-07-02,Al-Hilal,A. Darisi,FW,0.0,0.0,0.0,0,0
2026-07-02,Al-Hilal,S. Al-Dawsari,MF,0.0,0.0,0.0,0,0
2026-07-02,Al-Hilal,K. Benzema,FW,0.0,0.0,0.0,0,0
2026-07-02,Al-Hilal,A. A. Rasen,GK,0.0,0.0,0.0,0,0
2026-07-02,Al-Hilal,M. A. Hawsawi,MF,0.0,0.0,0.0,0,0
2026-07-02,Al-Ittihad,M. Shanqeeti,DF,0.0,0.0,0.0,0,0
2026-07-02,Al-Ittihad,M. Diaby,FW,0.0,0.0,0.0,0,0
2026-07-02,Al-Ittihad,A. Al Bishi,FW,0.0,0.0,0.0,0,0
2026-07-02,Al-Ittihad,F. Al-Ghamdi,MF,0.0,0.0,0.0,0,0
2026-07-02,Al-Ittihad,A. Al-Ghamdi,FW,0.0,0.0,0.0,0,0
2026-07-02,Al-Ittihad,M. Al-Absi,GK,0.0,0.0,0.0,0,0
2026-07-02,Al-Ittihad,O. A. Mermesh,GK,0.0,0.0,0.0,0,0
2026-07-02,Al-Ittihad,M. Barnawi,DF,0.0,0.0,0.0,0,0
2026-07-02,Al-Ittihad,H. Al-Ghamdi,MF,0.0,0.0,0.0,0,0
2026-07-02,Al-Khaleej,H. Al-Jayzani,DF,0.0,0.0,0.0,0,0
2026-07-02,Al-Khaleej,H. A. A. Issa,FW,0.0,0.0,0.0,0,0
2026-07-02,Al-Khaleej,B. Munshi,MF,0.0,0.0,0.0,0,0
2026-07-02,Al-Khaleej,T. A. Khaibri,FW,0.0,0.0,0.0,0,0
2026-07-02,Al-Khaleej,M. Al-Haidari,GK,0.0,0.0,0.0,0,0
2026-07-02,Al-Khaleej,B. A. Mutairi,DF,0.0,0.0,0.0,0,0
2026-07-02,Al-Khaleej,A. Al-Haydar,DF,0.0,0.0,0.0,0,0
2026-07-02,Al-Khaleej,A. Al-Salem,DF,0.0,0.0,0.0,0,0
2026-07-02,Al-Khaleej,S. Al-Amri,FW,0.0,0.0,0.0,0,0
2026-07-02,Al-Khaleej,B. Schenkeveld,DF,0.0,0.0,0.0,0,0
2026-07-02,Al-Khaleej,A. Mboge,MF,0.0,0.0,0.0,0,0
2026-07-02,Al-Khaleej,M. Alghanem,GK,0.0,0.0,0.0,0,0
2026-07-02,Al-Khaleej,S. A. Hamsal,DF,0.0,0.0,0.0,0,0
2026-07-02,Al-Kholood,M. Sawan,MF,0.0,0.0,0.0,0,0
2026-07-02,Al-Kholood,A. Al-Safri,MF,0.0,0.0,0.0,0,0
2026-07-02,Al-Kholood,M. M. Alshammari,GK,0.0,0.0,0.0,0,0
2026-07-02,Al-Kholood,R. A. Mutairi,DF,0.0,0.0,0.0,0,0
2026-07-02,Al-Kholood,J. A. Dawsari,DF,0.0,0.0,0.0,0,0
2026-07-02,Al-Kholood,H. Al-Asmari,DF,0.0,0.0,0.0,0,0
2026-07-02,Al-Kholood,R. A. b. Jaman,MF,0.0,0.0,0.0,0,0
2026-07-02,Al-Kholood,Adi,MF,0.0,0.0,0.0,0,0
2026-07-02,Al-Najma SC,A. Al-Hawsawi,DF,0.0,0.0,0.0,0,0
2026-07-02,Al-Najma SC,D. Tijanič,MF,0.0,0.0,0.0,0,0
2026-07-02,Al-Najma SC,R. Al-Tulayhi,MF,0.0,0.0,0.0,0,0
2026-07-02,Al-Najma SC,W. A. Enazi,GK,0.0,0.0,0.0,0,0
2026-07-02,Al-Najma SC,K. Al-Shammari,MF,0.0,0.0,0.0,0,0
2026-07-02,Al-Najma SC,M. Dawran,MF,0.0,0.0,0.0,0,0
2026-07-02,Al-Najma SC,G. Rodrigues,MF,0.0,0.0,0.0,0,0
2026-07-02,Al-Najma SC,M. M. Sharrahi,MF,0.0,0.0,0.0,0,0
2026-07-02,Al-Najma SC,H. Al-Dubais,FW,0.0,0.0,0.0,0,0
2026-07-02,Al-Najma SC,Lázaro,FW,0.0,0.0,0.0,0,0
2026-07-02,Al-Najma SC,N. Al-Hawsawi,DF,0.0,0.0,0.0,0,0
2026-07-02,Al-Nassr,A. Yahya,MF,0.0,0.0,0.0,0,0
2026-07-02,Al-Nassr,S. Al-Nasser,DF,0.0,0.0,0.0,0,0
2026-07-02,Al-Nassr,S. Al-Ghannam,DF,0.0,0.0,0.0,0,0
2026-07-02,Al-Nassr,A. Al-Hamdan,FW,0.0,0.0,0.0,0,0
2026-07-02,Al-Nassr,A. Ghareeb,FW,0.0,0.0,0.0,0,0
2026-07-02,Al-Nassr,A. Al-Otaibi,GK,0.0,0.0,0.0,0,0
2026-07-02,Al-Nassr,N. A. Sharari,DF,0.0,0.0,0.0,0,0
2026-07-02,Al-Nassr,A. Al-Hassan,MF,0.0,0.0,0.0,0,0
2026-07-02,Al-Nassr,M. Marran,FW,0.0,0.0,0.0,0,0
2026-07-02,Al-Nassr,N. Boushal,DF,0.0,0.0,0.0,0,0
2026-07-02,Al-Nassr,S. Alnajdi,DF,0.0,0.0,0.0,0,0
2026-07-02,Al-Okhdood,M. A. Abd,DF,0.0,0.0,0.0,0,0
2026-07-02,Al-Okhdood,M. A. Jahif,MF,0.0,0.0,0.0,0,0
2026-07-02,Al-Okhdood,M. Alqaydhi,DF,0.0,0.0,0.0,0,0
2026-07-02,Al-Okhdood,G. Hawsawi,DF,0.0,0.0,0.0,0,0
2026-07-02,Al-Okhdood,K. Al-Lazam,FW,0.0,0.0,0.0,0,0
2026-07-02,Al-Okhdood,R. Najjar,GK,0.0,0.0,0.0,0,0
2026-07-02,Al-Okhdood,S. Salem,MF,0.0,0.0,0.0,0,0
2026-07-02,Al-Okhdood,A. Majrashi,MF,0.0,0.0,0.0,0,0
2026-07-02,Al-Okhdood,S. Al-Harthi,MF,0.0,0.0,0.0,0,0
2026-07-02,Al-Qadsiah,G. Carvalho,FW,0.0,0.0,0.0,0,0
2026-07-02,Al-Qadsiah,A. Hazazi,MF,0.0,0.0,0.0,0,0
2026-07-02,Al-Qadsiah,A. Al-Kassar,GK,0.0,0.0,0.0,0,0
2026-07-02,Al-Qadsiah,M. Qasem,DF,0.0,0.0,0.0,0,0
2026-07-02,Al-Qadsiah,Y. Al-Shahrani,DF,0.0,0.0,0.0,0,0
2026-07-02,Al-Qadsiah,A. H. A. Yuhaybi,MF,0.0,0.0,0.0,0,0
2026-07-02,Al-Qadsiah,E. Houssa,MF,0.0,0.0,0.0,0,0
2026-07-02,Al-Qadsiah,I. Mahnashi,MF,0.0,0.0,0.0,0,0
2026-07-02,Al-Qadsiah,H. Asiri,FW,0.0,0.0,0.0,0,0
2026-07-02,Al-Qadsiah,A. Vergaz,DF,0.0,0.0,0.0,0,0
2026-07-02,Al-Riyadh,A. A. Harfi,DF,0.0,0.0,0.0,0,0
2026-07-02,Al-Riyadh,E. Bahri,DF,0.0,0.0,0.0,0,0
2026-07-02,Al-Riyadh,M. Sylla,FW,0.0,0.0,0.0,0,0
2026-07-02,Al-Riyadh,Y. Al Shehri,MF,0.0,0.0,0.0,0,0
2026-07-02,Al-Riyadh,K. Al-Absi,FW,0.0,0.0,0.0,0,0
2026-07-02,Al-Riyadh,A. Al Shammari,GK,0.0,0.0,0.0,0,0
2026-07-02,Al-Riyadh,O. Al-Boardi,DF,0.0,0.0,0.0,0,0
2026-07-02,Al-Riyadh,S. H. Hazazi,DF,0.0,0.0,0.0,0,0
2026-07-02,Al-Riyadh,T. Al-Shubili,MF,0.0,0.0,0.0,0,0
2026-07-02,Al-Shabab,H. Alsebyani,DF,0.0,0.0,0.0,0,0
2026-07-02,Al-Shabab,V. Sierro,MF,0.0,0.0,0.0,0,0
2026-07-02,Al-Shabab,A. Al-Othman,FW,0.0,0.0,0.0,0,0
2026-07-02,Al-Shabab,H. Al-Hammami,FW,0.0,0.0,0.0,0,0
2026-07-02,Al-Shabab,M. Al-Mahasneh,GK,0.0,0.0,0.0,0,0
2026-07-02,Al-Shabab,A. Makki,DF,0.0,0.0,0.0,0,0
2026-07-02,Al-Shabab,U. Hernández,MF,0.0,0.0,0.0,0,0
2026-07-02,Al-Shabab,B. Y. Al-Sayyali,MF,0.0,0.0,0.0,0,0
2026-07-02,Al-Shabab,H. Camara,FW,0.0,0.0,0.0,0,0
2026-07-02,Al-Shabab,A. Rahma,GK,0.0,0.0,0.0,0,0
2026-07-02,Al-Shabab,M. A. Shwirekh,DF,0.0,0.0,0.0,0,0
2026-07-02,Al-Shabab,A. Matuq,FW,0.0,0.0,0.0,0,0
2026-07-02,Al-Shabab,F. Al-Sibyani,MF,0.0,0.0,0.0,0,0
2026-07-02,Al-Taawoun,A. Bahusayn,MF,0.0,0.0,0.0,0,0
2026-07-02,Al-Taawoun,Biel,FW,0.0,0.0,0.0,0,0
2026-07-02,Al-Taawoun,M. H. Alqahtani,FW,0.0,0.0,0.0,0,0
2026-07-02,Al-Taawoun,F. Al-Rashidi,FW,0.0,0.0,0.0,0,0
2026-07-02,Al-Taawoun,A. Atiah,GK,0.0,0.0,0.0,0,0
2026-07-02,Al-Taawoun,B. Al-Hurayji,DF,0.0,0.0,0.0,0,0
2026-07-02,Al-Taawoun,M. Alaeli,DF,0.0,0.0,0.0,0,0
2026-07-02,Al-Taawoun,S. R. Mohamed,FW,0.0,0.0,0.0,0,0
2026-07-02,Alanyaspor,N. Janvier,MF,0.0,0.0,0.0,0,0
2026-07-02,Alanyaspor,İ. Kaya,FW,0.0,0.0,0.0,0,0
2026-07-02,Alanyaspor,I. Hagi,MF,0.0,0.0,0.0,0,0
2026-07-02,Alanyaspor,İ. Çelik,MF,0.0,0.0,0.0,0,0
2026-07-02,Alanyaspor,E. Keskin,MF,0.0,0.0,0.0,0,0
2026-07-02,Alanyaspor,E. Taşkıran,GK,0.0,0.0,0.0,0,0
2026-07-02,Alanyaspor,B. Viana,DF,0.0,0.0,0.0,0,0
2026-07-02,Alanyaspor,F. Aksoy,DF,0.0,0.0,0.0,0,0
2026-07-02,Alanyaspor,B. Mogultay,DF,0.0,0.0,0.0,0,0
2026-07-02,Alanyaspor,E. Karaca,MF,0.0,0.0,0.0,0,0
2026-07-02,Alanyaspor,G. Yalçın,FW,0.0,0.0,0.0,0,0
2026-07-02,Alanyaspor,B. Yavuz,DF,0.0,0.0,0.0,0,0
2026-07-02,Alanyaspor,B. Bulut,MF,0.0,0.0,0.0,0,0
2026-07-02,Albacete Balompié,J. Moreno,DF,0.0,0.0,0.0,0,0
2026-07-02,Albacete Balompié,D. Bernabeu,DF,0.0,0.0,0.0,0,0
2026-07-02,Albacete Balompié,A. Rubio,FW,0.0,0.0,0.0,0,0
2026-07-02,Albacete Balompié,F. Gámez,DF,0.0,0.0,0.0,0,0
2026-07-02,Albacete Balompié,Capi,MF,0.0,0.0,0.0,0,0
2026-07-02,Albacete Balompié,M. Ramos,GK,0.0,0.0,0.0,0,0
2026-07-02,Albacete Balompié,J. Villar,MF,0.0,0.0,0.0,0,0
2026-07-02,Albacete Balompié,S. Obeng,FW,0.0,0.0,0.0,0,0
2026-07-02,Alhama Club de Fútbol,M. Diaz,FW,0.0,0.0,0.0,0,0
2026-07-02,Alhama Club de Fútbol,R. P. Saez,FW,0.0,0.0,0.0,0,0
2026-07-02,Alhama Club de Fútbol,M. Gestera,MF,0.0,0.0,0.0,0,0
2026-07-02,Alhama Club de Fútbol,E. d. T. Aldaria,GK,0.0,0.0,0.0,0,0
2026-07-02,Alhama Club de Fútbol,C. Castiñeyras,DF,0.0,0.0,0.0,0,0
2026-07-02,Alhama Club de Fútbol,N. Martinez,DF,0.0,0.0,0.0,0,0
2026-07-02,Alhama Club de Fútbol,A. Santamaría,DF,0.0,0.0,0.0,0,0
2026-07-02,Alhama Club de Fútbol,J. Toro,DF,0.0,0.0,0.0,0,0
2026-07-02,Alhama Club de Fútbol,E. J. Navarro,MF,0.0,0.0,0.0,0,0
2026-07-02,Alhama Club de Fútbol,P. Miñano,FW,0.0,0.0,0.0,0,0
2026-07-02,Alhama Club de Fútbol,M. R. González,MF,0.0,0.0,0.0,0,0
2026-07-02,Alianza Atlético de Sullana,F. Coronel,FW,0.0,0.0,0.0,0,0
2026-07-02,Alianza Atlético de Sullana,C. Valladolid,FW,0.0,0.0,0.0,0,0
2026-07-02,Alianza Atlético de Sullana,S. Quiroga,FW,0.0,0.0,0.0,0,0
2026-07-02,Alianza Atlético de Sullana,H. Lupú,MF,0.0,0.0,0.0,0,0
2026-07-02,Alianza Atlético de Sullana,E. Hermoza,GK,0.0,0.0,0.0,0,0
2026-07-02,Alianza Atlético de Sullana,L. Alburqueque,DF,0.0,0.0,0.0,0,0
2026-07-02,Alianza Atlético de Sullana,J. Quiñones,DF,0.0,0.0,0.0,0,0
2026-07-02,Alianza Atlético de Sullana,J. Luján,DF,0.0,0.0,0.0,0,0
2026-07-02,Alianza Atlético de Sullana,W. Guzmán,DF,0.0,0.0,0.0,0,0
2026-07-02,Alianza Atlético de Sullana,S. Fernández,MF,0.0,0.0,0.0,0,0
2026-07-02,Alianza Atlético de Sullana,A. Antilef,MF,0.0,0.0,0.0,0,0
2026-07-02,Almere City FC,J. Rijkhoff,FW,0.0,0.0,0.0,0,0
2026-07-02,Almere City FC,O. D. Nijs,MF,0.0,0.0,0.0,0,0
2026-07-02,Almere City FC,E. Cornelisse,DF,0.0,0.0,0.0,0,0
2026-07-02,Almere City FC,R. Providence,FW,0.0,0.0,0.0,0,0
2026-07-02,Almere City FC,J. Jacobs,DF,0.0,0.0,0.0,0,0
2026-07-02,Almere City FC,J. Wendlinger,GK,0.0,0.0,0.0,0,0
2026-07-02,Almere City FC,J. v. d. Wilt,GK,0.0,0.0,0.0,0,0
2026-07-02,Almere City FC,A. Foah-Sam,DF,0.0,0.0,0.0,0,0
2026-07-02,Almere City FC,M. Engel,DF,0.0,0.0,0.0,0,0
2026-07-02,Almere City FC,J. Kalisvaart,MF,0.0,0.0,0.0,0,0
2026-07-02,Almere City FC,I. Goghli,FW,0.0,0.0,0.0,0,0
2026-07-02,Almere City FC,B. Huisman,MF,0.0,0.0,0.0,0,0
2026-07-02,Almere City FC,T. Bijleveld,DF,0.0,0.0,0.0,0,0
2026-07-02,Almería,A. Puigmal,MF,0.0,0.0,0.0,0,0
2026-07-02,Almería,A. Horta,MF,0.0,0.0,0.0,0,0
2026-07-02,Almería,B. Iribarne,GK,0.0,0.0,0.0,0,0
2026-07-02,Almería,F. Martínez,GK,0.0,0.0,0.0,0,0
2026-07-02,Almería,Chumi,DF,0.0,0.0,0.0,0,0
2026-07-02,Almería,Á. Centelles,DF,0.0,0.0,0.0,0,0
2026-07-02,Almería,N. Monte,DF,0.0,0.0,0.0,0,0
2026-07-02,Almería,Gui,MF,0.0,0.0,0.0,0,0
2026-07-02,Almería,N. Melamed,MF,0.0,0.0,0.0,0,0
2026-07-02,Almería,P. Soko,FW,0.0,0.0,0.0,0,0
2026-07-02,Almería,D. Chirino,DF,0.0,0.0,0.0,0,0
2026-07-02,América Mineiro,Alê,MF,0.0,0.0,0.0,0,0
2026-07-02,América Mineiro,Y. Souza,MF,0.0,0.0,0.0,0,0
2026-07-02,América Mineiro,K. Z. M. Dorna,MF,0.0,0.0,0.0,0,0
2026-07-02,América Mineiro,W. Bigode,FW,0.0,0.0,0.0,0,0
2026-07-02,América Mineiro,J. J. J. d. Lima,FW,0.0,0.0,0.0,0,0
2026-07-02,América Mineiro,William,GK,0.0,0.0,0.0,0,0
2026-07-02,América Mineiro,L. Carneiro,DF,0.0,0.0,0.0,0,0
2026-07-02,América Mineiro,Thallyson,DF,0.0,0.0,0.0,0,0
2026-07-02,América Mineiro,O. Gonçalves,MF,0.0,0.0,0.0,0,0
2026-07-02,América de Cali,N. Hernández,DF,0.0,0.0,0.0,0,0
2026-07-02,América de Cali,T. Palacios,FW,0.0,0.0,0.0,0,0
2026-07-02,América de Cali,J. Romero,MF,0.0,0.0,0.0,0,0
2026-07-02,América de Cali,A. Ramos,FW,0.0,0.0,0.0,0,0
2026-07-02,América de Cali,C. Sierra,MF,0.0,0.0,0.0,0,0
2026-07-02,América de Cali,J. Soto,GK,0.0,0.0,0.0,0,0
2026-07-02,América de Cali,B. Correa,DF,0.0,0.0,0.0,0,0
2026-07-02,América de Cali,D. Borrero,FW,0.0,0.0,0.0,0,0
2026-07-02,América de Cali,J. Cavadia,MF,0.0,0.0,0.0,0,0
2026-07-02,América de Cali,D. Machís,FW,0.0,0.0,0.0,0,0
2026-07-02,América de Cali,Y. Garcés,FW,0.0,0.0,0.0,0,0
2026-07-02,América de Cali,K. Angulo,FW,0.0,0.0,0.0,0,0
2026-07-02,Angers,L. Mouton,MF,0.0,0.0,0.0,0,0
2026-07-02,Angers,G. Koyalipou,FW,0.0,0.0,0.0,0,0
2026-07-02,Angers,L. Machine,FW,0.0,0.0,0.0,0,0
2026-07-02,Angers,F. Hanin,DF,0.0,0.0,0.0,0,0
2026-07-02,Angers,C. Arcus,DF,0.0,0.0,0.0,0,0
2026-07-02,Angers,M. Zinga,GK,0.0,0.0,0.0,0,0
2026-07-02,Angers,D. Sinaté,MF,0.0,0.0,0.0,0,0
2026-07-02,Angers,M. Gernigon,DF,0.0,0.0,0.0,0,0
2026-07-02,Antalyaspor,B. Guèye,FW,0.0,0.0,0.0,0,0
2026-07-02,Antalyaspor,N. Storm,FW,0.0,0.0,0.0,0,0
2026-07-02,Antalyaspor,K. Paal,DF,0.0,0.0,0.0,0,0
2026-07-02,Antalyaspor,L. Giannetti,DF,0.0,0.0,0.0,0,0
2026-07-02,Antalyaspor,D. Šarić,MF,0.0,0.0,0.0,0,0
2026-07-02,Antalyaspor,Y. Boli,FW,0.0,0.0,0.0,0,0
2026-07-02,Antalyaspor,A. Yiğiter,GK,0.0,0.0,0.0,0,0
2026-07-02,Antalyaspor,B. Öztürk,DF,0.0,0.0,0.0,0,0
2026-07-02,Antalyaspor,G. Dzhikiya,DF,0.0,0.0,0.0,0,0
2026-07-02,Antalyaspor,S. Karakoç,DF,0.0,0.0,0.0,0,0
2026-07-02,Antalyaspor,A. Ömür,MF,0.0,0.0,0.0,0,0
2026-07-02,Antalyaspor,R. Safouri,MF,0.0,0.0,0.0,0,0
2026-07-02,Antalyaspor,S. van de Streek,MF,0.0,0.0,0.0,0,0
2026-07-02,Antalyaspor,E. Yeşilyurt,MF,0.0,0.0,0.0,0,0
2026-07-02,Antalyaspor,J. Cuesta,GK,0.0,0.0,0.0,0,0
2026-07-02,Antalyaspor,K. Kayaarasi,FW,0.0,0.0,0.0,0,0
2026-07-02,Arbroath,S. Robinson,MF,0.0,0.0,0.0,0,0
2026-07-02,Arbroath,J. Pettigrew,GK,0.0,0.0,0.0,0,0
2026-07-02,Arbroath,A. Muirhead,DF,0.0,0.0,0.0,0,0
2026-07-02,Arbroath,V. Enem,DF,0.0,0.0,0.0,0,0
2026-07-02,Arbroath,T. Beadling,DF,0.0,0.0,0.0,0,0
2026-07-02,Arbroath,D. Gold,MF,0.0,0.0,0.0,0,0
2026-07-02,Arbroath,D. Mebude,FW,0.0,0.0,0.0,0,0
2026-07-02,Arbroath,G. Reilly,FW,0.0,0.0,0.0,0,0
2026-07-02,Arbroath,L. Gillie,DF,0.0,0.0,0.0,0,0
2026-07-02,Arda Kardzhali,A. Shinyashiki,MF,0.0,0.0,0.0,0,0
2026-07-02,Arda Kardzhali,P. Luan,FW,0.0,0.0,0.0,0,0
2026-07-02,Arda Kardzhali,P. Krachunov,DF,0.0,0.0,0.0,0,0
2026-07-02,Arda Kardzhali,I. Nedelchev,GK,0.0,0.0,0.0,0,0
2026-07-02,Arda Kardzhali,M. Paskalev,DF,0.0,0.0,0.0,0,0
2026-07-02,Arda Kardzhali,V. Velev,DF,0.0,0.0,0.0,0,0
2026-07-02,Arda Kardzhali,B. Akandzh,MF,0.0,0.0,0.0,0,0
2026-07-02,Arda Kardzhali,I. D. Akintola,MF,0.0,0.0,0.0,0,0
2026-07-02,Arda Kardzhali,S. Kovachev,MF,0.0,0.0,0.0,0,0
2026-07-02,Arda Kardzhali,A. Kabov,MF,0.0,0.0,0.0,0,0
2026-07-02,Arda Kardzhali,A. Vutov,MF,0.0,0.0,0.0,0,0
2026-07-02,Aris Thessaloniki,Á. Tejero,DF,0.0,0.0,0.0,0,0
2026-07-02,Aris Thessaloniki,C. Kouamé,FW,0.0,0.0,0.0,0,0
2026-07-02,Aris Thessaloniki,G. Gianniotas,FW,0.0,0.0,0.0,0,0
2026-07-02,Aris Thessaloniki,M. Gning,FW,0.0,0.0,0.0,0,0
2026-07-02,Aris Thessaloniki,K. Galanopoulos,MF,0.0,0.0,0.0,0,0
2026-07-02,Aris Thessaloniki,L. Majkić,GK,0.0,0.0,0.0,0,0
2026-07-02,Aris Thessaloniki,S. Dioudis,GK,0.0,0.0,0.0,0,0
2026-07-02,Aris Thessaloniki,N. Sonko Sundberg,DF,0.0,0.0,0.0,0,0
2026-07-02,Aris Thessaloniki,O. Boussaid,MF,0.0,0.0,0.0,0,0
2026-07-02,Aris Thessaloniki,M. Voriazidis,MF,0.0,0.0,0.0,0,0
2026-07-02,Aris Thessaloniki,A. Donis,FW,0.0,0.0,0.0,0,0
2026-07-02,Arsenal,P. Hincapié,DF,0.0,0.0,0.0,0,0
2026-07-02,Arsenal,N. Madueke,FW,0.0,0.0,0.0,0,0
2026-07-02,Arsenal,M. Ødegaard,MF,0.0,0.0,0.0,0,0
2026-07-02,Arsenal,M. Zubimendi,MF,0.0,0.0,0.0,0,0
2026-07-02,Arsenal,G. Martinelli,FW,0.0,0.0,0.0,0,0
2026-07-02,Arsenal,K. Arrizabalaga,GK,0.0,0.0,0.0,0,0
2026-07-02,Arsenal,T. Setford,GK,0.0,0.0,0.0,0,0
2026-07-02,Arsenal,C. Mosquera,DF,0.0,0.0,0.0,0,0
2026-07-02,Arsenal,C. Nørgaard,MF,0.0,0.0,0.0,0,0
2026-07-02,Arsenal,M. Dowman,MF,0.0,0.0,0.0,0,0
2026-07-02,Arsenal,G. Jesus,FW,0.0,0.0,0.0,0,0
2026-07-02,Arsenal,K. Havertz,FW,0.0,0.0,0.0,0,0
2026-07-02,Asteras Aktor,B. Pérez,MF,0.0,0.0,0.0,0,0
2026-07-02,Asteras Aktor,C. Okoh,FW,0.0,0.0,0.0,0,0
2026-07-02,Asteras Aktor,N. Kaltsas,FW,0.0,0.0,0.0,0,0
2026-07-02,Asteras Aktor,T. Tzandaris,MF,0.0,0.0,0.0,0,0
2026-07-02,Asteras Aktor,V. Archontakakis,GK,0.0,0.0,0.0,0,0
2026-07-02,Asteras Aktor,V. Chatziemmanouil,GK,0.0,0.0,0.0,0,0
2026-07-02,Asteras Aktor,A. Tereziou,DF,0.0,0.0,0.0,0,0
2026-07-02,Asteras Aktor,D. Laskaris,DF,0.0,0.0,0.0,0,0
2026-07-02,Asteras Aktor,D. Grammenos,MF,0.0,0.0,0.0,0,0
2026-07-02,Asteras Aktor,J. Mendieta,MF,0.0,0.0,0.0,0,0
2026-07-02,Asteras Aktor,A. Simoni,FW,0.0,0.0,0.0,0,0
2026-07-02,Aston Villa,O. Watkins,FW,0.0,0.0,0.0,0,0
2026-07-02,Aston Villa,E. Buendía,MF,0.0,0.0,0.0,0,0
2026-07-02,Aston Villa,L. Bailey,FW,0.0,0.0,0.0,0,0
2026-07-02,Aston Villa,M. Bizot,GK,0.0,0.0,0.0,0,0
2026-07-02,Aston Villa,E. Konsa,DF,0.0,0.0,0.0,0,0
2026-07-02,Aston Villa,L. Digne,DF,0.0,0.0,0.0,0,0
2026-07-02,Aston Villa,P. Torres,DF,0.0,0.0,0.0,0,0
2026-07-02,Aston Villa,D. Luiz,MF,0.0,0.0,0.0,0,0
2026-07-02,Aston Villa,L. Bogarde,MF,0.0,0.0,0.0,0,0
2026-07-02,Aston Villa,J. Sancho,FW,0.0,0.0,0.0,0,0
2026-07-02,Aston Villa,T. Mings,DF,0.0,0.0,0.0,0,0
2026-07-02,Aston Villa,J. Wright,GK,0.0,0.0,0.0,0,0
2026-07-02,Aston Villa,I. Maatsen,DF,0.0,0.0,0.0,0,0
2026-07-02,Aston Villa,H. Elliott,MF,0.0,0.0,0.0,0,0
2026-07-02,Aston Villa,T. Abraham,FW,0.0,0.0,0.0,0,0
2026-07-02,Athletic Club,E. Arana,DF,0.0,0.0,0.0,0,0
2026-07-02,Athletic Club,P. Oliveira,DF,0.0,0.0,0.0,0,0
2026-07-02,Athletic Club,G. Moyses,FW,0.0,0.0,0.0,0,0
2026-07-02,Athletic Club,F. Vieira,DF,0.0,0.0,0.0,0,0
2026-07-02,Athletic Club,D. B. d. Souza,DF,0.0,0.0,0.0,0,0
2026-07-02,Athletic Club,Bruninho,FW,0.0,0.0,0.0,0,0
2026-07-02,Athletic Club,Jhonatan,GK,0.0,0.0,0.0,0,0
2026-07-02,Athletic Club,G. M. Melo,DF,0.0,0.0,0.0,0,0
2026-07-02,Athletic Club,Gustavinho,FW,0.0,0.0,0.0,0,0
2026-07-02,Athletic Club,G. Cabezas,MF,0.0,0.0,0.0,0,0
2026-07-02,Athletic Club,D. Vera,FW,0.0,0.0,0.0,0,0
2026-07-02,Athletic Club,A. Pena,MF,0.0,0.0,0.0,0,0
2026-07-02,Athletic Club,J. A. Martinez,FW,0.0,0.0,0.0,0,0
2026-07-02,Athletic Club,N. Nevado,DF,0.0,0.0,0.0,0,0
2026-07-02,Athletic Club,C. Pinedo,MF,0.0,0.0,0.0,0,0
2026-07-02,Athletic Club,P. Zugasti,FW,0.0,0.0,0.0,0,0
2026-07-02,Athletic Club,L. Baños,MF,0.0,0.0,0.0,0,0
2026-07-02,Athletic Club,O. Santana,GK,0.0,0.0,0.0,0,0
2026-07-02,Athletic Club,M. Torre,DF,0.0,0.0,0.0,0,0
2026-07-02,Athletic Club,A. Campos,FW,0.0,0.0,0.0,0,0
2026-07-02,Athletic Club,O. Otusanya,FW,0.0,0.0,0.0,0,0
2026-07-02,Athletic Club,G. Tadeu,GK,0.0,0.0,0.0,0,0
2026-07-02,Athletic Club,Douglas,DF,0.0,0.0,0.0,0,0
2026-07-02,Athletic Club,K. Lindes,MF,0.0,0.0,0.0,0,0
2026-07-02,Atlanta United,A. Fortune,MF,0.0,0.0,0.0,0,0
2026-07-02,Atlanta United,L. Brennan,MF,0.0,0.0,0.0,0,0
2026-07-02,Atlanta United,C. Togashi,FW,0.0,0.0,0.0,0,0
2026-07-02,Atlanta United,E. Mihaj,DF,0.0,0.0,0.0,0,0
2026-07-02,Atlanta United,S. Santos,FW,0.0,0.0,0.0,0,0
2026-07-02,Atlanta United,J. Hibbert,GK,0.0,0.0,0.0,0,0
2026-07-02,Atlanta United,P. Amador,DF,0.0,0.0,0.0,0,0
2026-07-02,Atlanta United,M. Edwards,DF,0.0,0.0,0.0,0,0
2026-07-02,Atlanta United,W. Reilly,MF,0.0,0.0,0.0,0,0
2026-07-02,Atlas FC,L. Gamboa,FW,0.0,0.0,0.0,0,0
2026-07-02,Atlas FC,A. Rodríguez,FW,0.0,0.0,0.0,0,0
2026-07-02,Atlas FC,A. Mora,DF,0.0,0.0,0.0,0,0
2026-07-02,Atlas FC,R. Pier,DF,0.0,0.0,0.0,0,0
2026-07-02,Atlas FC,G. Aguirre,DF,0.0,0.0,0.0,0,0
2026-07-02,Atlas FC,J. Lozano,DF,0.0,0.0,0.0,0,0
2026-07-02,Atlas FC,G. d. Prete,FW,0.0,0.0,0.0,0,0
2026-07-02,Atlas FC,M. García,DF,0.0,0.0,0.0,0,0
2026-07-02,Atlas FC,D. González,FW,0.0,0.0,0.0,0,0
2026-07-02,Atlas FC,E. Zaldívar,MF,0.0,0.0,0.0,0,0
2026-07-02,Atlético Goianiense,I. Henrique,MF,0.0,0.0,0.0,0,0
2026-07-02,Atlético Goianiense,Guilherme Marques,MF,0.0,0.0,0.0,0,0
2026-07-02,Atlético Goianiense,J. Gentil,FW,0.0,0.0,0.0,0,0
2026-07-02,Atlético Goianiense,B. José,MF,0.0,0.0,0.0,0,0
2026-07-02,Atlético Goianiense,L. Jacó,FW,0.0,0.0,0.0,0,0
2026-07-02,Atlético Goianiense,Adriano Martins,DF,0.0,0.0,0.0,0,0
2026-07-02,Atlético Goianiense,F. Guimarães,DF,0.0,0.0,0.0,0,0
2026-07-02,Atlético Goianiense,L. Tocantins,FW,0.0,0.0,0.0,0,0
2026-07-02,Atlético Goianiense,Paulo,GK,0.0,0.0,0.0,0,0
2026-07-02,Atlético Goianiense,Natã,DF,0.0,0.0,0.0,0,0
2026-07-02,Atlético Goianiense,Assis,MF,0.0,0.0,0.0,0,0
2026-07-02,Atlético Madrid,J. Morcillo,FW,0.0,0.0,0.0,0,0
2026-07-02,Atlético Madrid,N. Molina,DF,0.0,0.0,0.0,0,0
2026-07-02,Atlético Madrid,J. Cardoso,MF,0.0,0.0,0.0,0,0
2026-07-02,Atlético Madrid,A. Sørloth,FW,0.0,0.0,0.0,0,0
2026-07-02,Atlético Madrid,A. Baena,MF,0.0,0.0,0.0,0,0
2026-07-02,Atlético Madrid,T. Almada,MF,0.0,0.0,0.0,0,0
2026-07-02,Atlético Madrid,J. Musso,GK,0.0,0.0,0.0,0,0
2026-07-02,Atlético Madrid,J. M. Giménez,DF,0.0,0.0,0.0,0,0
2026-07-02,Atlético Madrid,C. Lenglet,DF,0.0,0.0,0.0,0,0
2026-07-02,Atlético Madrid,J. Boñar,DF,0.0,0.0,0.0,0,0
2026-07-02,Atlético Madrid,R. Mendoza,MF,0.0,0.0,0.0,0,0
2026-07-02,Atlético Madrid,O. Vargas,MF,0.0,0.0,0.0,0,0
2026-07-02,Atlético Madrid,R. Le Normand,DF,0.0,0.0,0.0,0,0
2026-07-02,Atlético Madrid,M. Llorente,FW,0.0,0.0,0.0,0,0
2026-07-02,Atlético Madrid,S. Esquivel,GK,0.0,0.0,0.0,0,0
2026-07-02,Atlético Madrid,I. Luque,FW,0.0,0.0,0.0,0,0
2026-07-02,Atlético Mineiro,Reinier,MF,0.0,0.0,0.0,0,0
2026-07-02,Atlético Mineiro,K. P. Resende,DF,0.0,0.0,0.0,0,0
2026-07-02,Atlético Mineiro,C. C. Soares,FW,0.0,0.0,0.0,0,0
2026-07-02,Atlético Mineiro,G. Delfim,GK,0.0,0.0,0.0,0,0
2026-07-02,Atlético Mineiro,I. Román,DF,0.0,0.0,0.0,0,0
2026-07-02,Atlético Mineiro,Alexsander,MF,0.0,0.0,0.0,0,0
2026-07-02,Atlético Mineiro,I. Gomes,MF,0.0,0.0,0.0,0,0
2026-07-02,Atlético Mineiro,Á. Preciado,DF,0.0,0.0,0.0,0,0
2026-07-02,Atlético Mineiro,M. Iseppe,MF,0.0,0.0,0.0,0,0
2026-07-02,Atlético Mineiro,G. Scarpa,MF,0.0,0.0,0.0,0,0
2026-07-02,Atlético Mineiro,Dudu,FW,0.0,0.0,0.0,0,0
2026-07-02,Atlético Mineiro,J. Alonso,DF,0.0,0.0,0.0,0,0
2026-07-02,Audax Italiano,O. Rojas,MF,0.0,0.0,0.0,0,0
2026-07-02,Audax Italiano,I. Fuenzalida,FW,0.0,0.0,0.0,0,0
2026-07-02,Audax Italiano,R. Cabral,FW,0.0,0.0,0.0,0,0
2026-07-02,Audax Italiano,F. Loyola,MF,0.0,0.0,0.0,0,0
2026-07-02,Audax Italiano,D. Coelho,FW,0.0,0.0,0.0,0,0
2026-07-02,Audax Italiano,P. Garrido,GK,0.0,0.0,0.0,0,0
2026-07-02,Audax Italiano,D. Monreal,DF,0.0,0.0,0.0,0,0
2026-07-02,Audax Italiano,M. Jiménez,DF,0.0,0.0,0.0,0,0
2026-07-02,Audax Italiano,T. Cayuqueo,DF,0.0,0.0,0.0,0,0
2026-07-02,Audax Italiano,T. Leyton,MF,0.0,0.0,0.0,0,0
2026-07-02,Audax Italiano,M. Valdes,MF,0.0,0.0,0.0,0,0
2026-07-02,Audax Italiano,J. Ahumada,FW,0.0,0.0,0.0,0,0
2026-07-02,Austin FC,D. Pereira,MF,0.0,0.0,0.0,0,0
2026-07-02,Austin FC,J. Bell,DF,0.0,0.0,0.0,0,0
2026-07-02,Austin FC,O. Wolff,MF,0.0,0.0,0.0,0,0
2026-07-02,Austin FC,C. Fodrey,MF,0.0,0.0,0.0,0,0
2026-07-02,Austin FC,B. Vázquez,FW,0.0,0.0,0.0,0,0
2026-07-02,Austin FC,D. Las,GK,0.0,0.0,0.0,0,0
2026-07-02,Austin FC,B. Sabović,MF,0.0,0.0,0.0,0,0
2026-07-02,Austin FC,N. Dubersarsky,MF,0.0,0.0,0.0,0,0
2026-07-02,Auxerre,C. Akpa,DF,0.0,0.0,0.0,0,0
2026-07-02,Auxerre,J. Casimir,FW,0.0,0.0,0.0,0,0
2026-07-02,Auxerre,L. Coulibaly,MF,0.0,0.0,0.0,0,0
2026-07-02,Auxerre,A. Dioussé,MF,0.0,0.0,0.0,0,0
2026-07-02,Auxerre,M. Cissokho,FW,0.0,0.0,0.0,0,0
2026-07-02,Auxerre,T. Negrel,GK,0.0,0.0,0.0,0,0
2026-07-02,Auxerre,M. Senaya,DF,0.0,0.0,0.0,0,0
2026-07-02,Auxerre,T. Siwe,DF,0.0,0.0,0.0,0,0
2026-07-02,Auxerre,F. Sierralta,DF,0.0,0.0,0.0,0,0
2026-07-02,Avaí,G. Aquino,DF,0.0,0.0,0.0,0,0
2026-07-02,Avaí,Sorriso,FW,0.0,0.0,0.0,0,0
2026-07-02,Avaí,P. Vitor,MF,0.0,0.0,0.0,0,0
2026-07-02,Avaí,Rafael Bilú,FW,0.0,0.0,0.0,0,0
2026-07-02,Avaí,Wesley Gasolina,DF,0.0,0.0,0.0,0,0
2026-07-02,Avaí,F. Avenatti,FW,0.0,0.0,0.0,0,0
2026-07-02,Avaí,Igor,GK,0.0,0.0,0.0,0,0
2026-07-02,Avaí,Wenderson,MF,0.0,0.0,0.0,0,0
2026-07-02,Avaí,Hyan,MF,0.0,0.0,0.0,0,0
2026-07-02,Avaí,Del Piage,MF,0.0,0.0,0.0,0,0
2026-07-02,Avaí,M. Vitor,FW,0.0,0.0,0.0,0,0
2026-07-02,Avenir Sportif De Gabes,H. Teka,FW,0.0,0.0,0.0,0,0
2026-07-02,Avenir Sportif De Gabes,A. Chouaya,GK,0.0,0.0,0.0,0,0
2026-07-02,Avenir Sportif De Gabes,N. Khedher,DF,0.0,0.0,0.0,0,0
2026-07-02,Avenir Sportif De Gabes,M. Bidani,DF,0.0,0.0,0.0,0,0
2026-07-02,Avenir Sportif De Gabes,O. Letifi,MF,0.0,0.0,0.0,0,0
2026-07-02,Avenir Sportif De Gabes,A. Mechri,FW,0.0,0.0,0.0,0,0
2026-07-02,Avenir Sportif De Gabes,O. Naffati,FW,0.0,0.0,0.0,0,0
2026-07-02,Avenir Sportif De Gabes,M. A. Khelifi,FW,0.0,0.0,0.0,0,0
2026-07-02,Avenir Sportif De La Marsa,M. H. Moslem,DF,0.0,0.0,0.0,0,0
2026-07-02,Avenir Sportif De La Marsa,A. Soltani,GK,0.0,0.0,0.0,0,0
2026-07-02,Avenir Sportif De La Marsa,K. Hammemi,DF,0.0,0.0,0.0,0,0
2026-07-02,Avenir Sportif De La Marsa,F. Neji,MF,0.0,0.0,0.0,0,0
2026-07-02,Avenir Sportif De La Marsa,M. A. Traidi,MF,0.0,0.0,0.0,0,0
2026-07-02,Avenir Sportif De La Marsa,H. Mansour,MF,0.0,0.0,0.0,0,0
2026-07-02,Avenir Sportif De La Marsa,V. Polaco,FW,0.0,0.0,0.0,0,0
2026-07-02,Avenir Sportif De La Marsa,A. B. Hamida,FW,0.0,0.0,0.0,0,0
2026-07-02,Avenir Sportif De La Marsa,H. Hichri,MF,0.0,0.0,0.0,0,0
2026-07-02,Avenir Sportif De La Marsa,M. A. Telli,GK,0.0,0.0,0.0,0,0
2026-07-02,Avenir Sportif De La Marsa,M. A. Chaouch,DF,0.0,0.0,0.0,0,0
2026-07-02,Avenir Sportif De La Marsa,M. A. Khaloui,MF,0.0,0.0,0.0,0,0
2026-07-02,Avenir Sportif De La Marsa,R. H. Gneba,MF,0.0,0.0,0.0,0,0
2026-07-02,Avenir Sportif De La Marsa,O. Adejoh,MF,0.0,0.0,0.0,0,0
2026-07-02,Avenir Sportif De La Marsa,Y. Dao,FW,0.0,0.0,0.0,0,0
2026-07-02,Avenir Sportif De La Marsa,G. Kalu,FW,0.0,0.0,0.0,0,0
2026-07-02,Avenir Sportif De La Marsa,F. Ifia,FW,0.0,0.0,0.0,0,0
2026-07-02,Avispa Fukuoka,P. O. Obi,GK,0.0,0.0,0.0,0,0
2026-07-02,Avispa Fukuoka,N. Tatsuki,DF,0.0,0.0,0.0,0,0
2026-07-02,Avispa Fukuoka,M. Yota,DF,0.0,0.0,0.0,0,0
2026-07-02,Avispa Fukuoka,D. Miya,DF,0.0,0.0,0.0,0,0
2026-07-02,Avispa Fukuoka,K. Yamawaki,DF,0.0,0.0,0.0,0,0
2026-07-02,Avispa Fukuoka,K. Fukushima,MF,0.0,0.0,0.0,0,0
2026-07-02,Avispa Fukuoka,K. Shiihashi,MF,0.0,0.0,0.0,0,0
2026-07-02,Avispa Fukuoka,Y. Michiwaki,FW,0.0,0.0,0.0,0,0
2026-07-02,Avispa Fukuoka,A. Sani Brown,FW,0.0,0.0,0.0,0,0
2026-07-02,Avispa Fukuoka,Y. Tsujioka,DF,0.0,0.0,0.0,0,0
2026-07-02,Avispa Fukuoka,M. Shigemi,MF,0.0,0.0,0.0,0,0
2026-07-02,Avispa Fukuoka,S. Sato,FW,0.0,0.0,0.0,0,0
2026-07-02,Avispa Fukuoka,K. Takumi,DF,0.0,0.0,0.0,0,0
2026-07-02,Avispa Fukuoka,K. Okuno,MF,0.0,0.0,0.0,0,0
2026-07-02,Avispa Fukuoka,Y. Kitajima,MF,0.0,0.0,0.0,0,0
2026-07-02,Avispa Fukuoka,K. Moon-Hyeon,DF,0.0,0.0,0.0,0,0
2026-07-02,BSC Young Boys,E. Colley,FW,0.0,0.0,0.0,0,0
2026-07-02,BSC Young Boys,S. Janko,DF,0.0,0.0,0.0,0,0
2026-07-02,BSC Young Boys,D. Maleš,MF,0.0,0.0,0.0,0,0
2026-07-02,BSC Young Boys,C. Bedia,FW,0.0,0.0,0.0,0,0
2026-07-02,BSC Young Boys,D. Pech,MF,0.0,0.0,0.0,0,0
2026-07-02,BSC Young Boys,H. Lindner,GK,0.0,0.0,0.0,0,0
2026-07-02,BSC Young Boys,T. Zoukrou,DF,0.0,0.0,0.0,0,0
2026-07-02,BSC Young Boys,J. Hadjam,DF,0.0,0.0,0.0,0,0
2026-07-02,BSC Young Boys,R. Raveloson,MF,0.0,0.0,0.0,0,0
2026-07-02,Bahia,M. Sanabria,FW,0.0,0.0,0.0,0,0
2026-07-02,Bahia,R. Nestor,MF,0.0,0.0,0.0,0,0
2026-07-02,Bahia,M. Araújo,MF,0.0,0.0,0.0,0,0
2026-07-02,Bahia,Ademir,FW,0.0,0.0,0.0,0,0
2026-07-02,Bahia,Everaldo,FW,0.0,0.0,0.0,0,0
2026-07-02,Bahia,J. Paulo,GK,0.0,0.0,0.0,0,0
2026-07-02,Bahia,Gilberto,DF,0.0,0.0,0.0,0,0
2026-07-02,Bahia,M. Victor,DF,0.0,0.0,0.0,0,0
2026-07-02,Bahia,G. Xavier,DF,0.0,0.0,0.0,0,0
2026-07-02,Bahia,Kanu,DF,0.0,0.0,0.0,0,0
2026-07-02,Bahia,R. Gómez,DF,0.0,0.0,0.0,0,0
2026-07-02,Bahia,I. Borduchi,DF,0.0,0.0,0.0,0,0
2026-07-02,Bahia,C. Olivera,FW,0.0,0.0,0.0,0,0
2026-07-02,Bahia,L. Gustavo,DF,0.0,0.0,0.0,0,0
2026-07-02,Bahia,Dell,FW,0.0,0.0,0.0,0,0
2026-07-02,Barcelona SC Guayaquil,J. Intriago,MF,0.0,0.0,0.0,0,0
2026-07-02,Barcelona SC Guayaquil,H. Villalba,FW,0.0,0.0,0.0,0,0
2026-07-02,Barcelona SC Guayaquil,M. Parrales,FW,0.0,0.0,0.0,0,0
2026-07-02,Barcelona SC Guayaquil,J. C. Montaño,MF,0.0,0.0,0.0,0,0
2026-07-02,Barcelona SC Guayaquil,W. Vargas,DF,0.0,0.0,0.0,0,0
2026-07-02,Barcelona SC Guayaquil,J. Cevallos,GK,0.0,0.0,0.0,0,0
2026-07-02,Barcelona SC Guayaquil,J. Mina,DF,0.0,0.0,0.0,0,0
2026-07-02,Barcelona SC Guayaquil,J. Perlaza,FW,0.0,0.0,0.0,0,0
2026-07-02,Barcelona SC Guayaquil,L. Sosa,DF,0.0,0.0,0.0,0,0
2026-07-02,Barcelona SC Guayaquil,T. Martínez,MF,0.0,0.0,0.0,0,0
2026-07-02,Barcelona SC Guayaquil,R. Perlaza,FW,0.0,0.0,0.0,0,0
2026-07-02,Barracas Central,D. Miloc,MF,0.0,0.0,0.0,0,0
2026-07-02,Barracas Central,K. Jappert,MF,0.0,0.0,0.0,0,0
2026-07-02,Barracas Central,E. Taborda,FW,0.0,0.0,0.0,0,0
2026-07-02,Barracas Central,F. Bruera,FW,0.0,0.0,0.0,0,0
2026-07-02,Barracas Central,G. Maroni,MF,0.0,0.0,0.0,0,0
2026-07-02,Barracas Central,M. A. Miño,GK,0.0,0.0,0.0,0,0
2026-07-02,Barracas Central,R. Barrios,DF,0.0,0.0,0.0,0,0
2026-07-02,Barracas Central,G. Campi,DF,0.0,0.0,0.0,0,0
2026-07-02,Barracas Central,Y. Rak,DF,0.0,0.0,0.0,0,0
2026-07-02,Barracas Central,I. Guaraz,FW,0.0,0.0,0.0,0,0
2026-07-02,Barracas Central,M. Duarte,MF,0.0,0.0,0.0,0,0
2026-07-02,Barracas Central,N. Briasco,FW,0.0,0.0,0.0,0,0
2026-07-02,Bayelsa United FC,S. Loveday,DF,0.0,0.0,0.0,0,0
2026-07-02,Bayelsa United FC,G. Biriduba ,DF,0.0,0.0,0.0,0,0
2026-07-02,Bayelsa United FC,A. Edwin,MF,0.0,0.0,0.0,0,0
2026-07-02,Bayelsa United FC,N. Godstime,MF,0.0,0.0,0.0,0,0
2026-07-02,Bayelsa United FC,S. Garba,MF,0.0,0.0,0.0,0,0
2026-07-02,Bayelsa United FC,E. N. Ofem,FW,0.0,0.0,0.0,0,0
2026-07-02,Bayelsa United FC,C. Onyinjekwu,FW,0.0,0.0,0.0,0,0
2026-07-02,Bayelsa United FC,P. Ebimobowei,FW,0.0,0.0,0.0,0,0
2026-07-02,Bayer 04 Leverkusen,Arthur,DF,0.0,0.0,0.0,0,0
2026-07-02,Bayer 04 Leverkusen,M. Tillman,MF,0.0,0.0,0.0,0,0
2026-07-02,Bayer 04 Leverkusen,E. Poku,FW,0.0,0.0,0.0,0,0
2026-07-02,Bayer 04 Leverkusen,E. Ben Seghir,FW,0.0,0.0,0.0,0,0
2026-07-02,Bayer 04 Leverkusen,J. Blaswich,GK,0.0,0.0,0.0,0,0
2026-07-02,Bayer 04 Leverkusen,L. Badé,DF,0.0,0.0,0.0,0,0
2026-07-02,Bayer 04 Leverkusen,L. Vázquez,DF,0.0,0.0,0.0,0,0
2026-07-02,Bayer 04 Leverkusen,E. Fernández,MF,0.0,0.0,0.0,0,0
2026-07-02,Bayer 04 Leverkusen,J. Hofmann,MF,0.0,0.0,0.0,0,0
2026-07-02,Başakşehir FK,D. Selke,FW,0.0,0.0,0.0,0,0
2026-07-02,Başakşehir FK,A. Fayzullaev,MF,0.0,0.0,0.0,0,0
2026-07-02,Başakşehir FK,O. Ba,DF,0.0,0.0,0.0,0,0
2026-07-02,Başakşehir FK,O. Ergün,MF,0.0,0.0,0.0,0,0
2026-07-02,Başakşehir FK,I. Brnić,FW,0.0,0.0,0.0,0,0
2026-07-02,Başakşehir FK,D. Alemdar,GK,0.0,0.0,0.0,0,0
2026-07-02,Başakşehir FK,O. Bulut,DF,0.0,0.0,0.0,0,0
2026-07-02,Başakşehir FK,C. Operi,DF,0.0,0.0,0.0,0,0
2026-07-02,Başakşehir FK,U. Güneş,MF,0.0,0.0,0.0,0,0
2026-07-02,Başakşehir FK,N. Da Costa,FW,0.0,0.0,0.0,0,0
2026-07-02,Beijing Guoan,L. Liangming,FW,0.0,0.0,0.0,0,0
2026-07-02,Beijing Guoan,F. Abreu,FW,0.0,0.0,0.0,0,0
2026-07-02,Beijing Guoan,A. Abduhamit,DF,0.0,0.0,0.0,0,0
2026-07-02,Beijing Guoan,W. Yu,MF,0.0,0.0,0.0,0,0
2026-07-02,Beijing Guoan,D. Jiefu,DF,0.0,0.0,0.0,0,0
2026-07-02,Beijing Guoan,Z. Jianzhi,GK,0.0,0.0,0.0,0,0
2026-07-02,Beijing Guoan,L. Lei,DF,0.0,0.0,0.0,0,0
2026-07-02,Beijing Guoan,F. Shuangjie,DF,0.0,0.0,0.0,0,0
2026-07-02,Beijing Guoan,F. Boxuan,DF,0.0,0.0,0.0,0,0
2026-07-02,Beijing Guoan,W. Jiaao,MF,0.0,0.0,0.0,0,0
2026-07-02,Beijing Guoan,F. Jia,MF,0.0,0.0,0.0,0,0
2026-07-02,Beijing Guoan,C. Zhongguo,MF,0.0,0.0,0.0,0,0
2026-07-02,Beijing Guoan,J. Wenhao,DF,0.0,0.0,0.0,0,0
2026-07-02,Beroe Stara Zagora,F. Alarcón,FW,0.0,0.0,0.0,0,0
2026-07-02,Beroe Stara Zagora,S. Gavrilov,MF,0.0,0.0,0.0,0,0
2026-07-02,Beroe Stara Zagora,S. Brunelli,DF,0.0,0.0,0.0,0,0
2026-07-02,Beroe Stara Zagora,W. Dual,MF,0.0,0.0,0.0,0,0
2026-07-02,Beroe Stara Zagora,V. Quintero,GK,0.0,0.0,0.0,0,0
2026-07-02,Beroe Stara Zagora,J. Sérgio,DF,0.0,0.0,0.0,0,0
2026-07-02,Beroe Stara Zagora,S. Rusenov,MF,0.0,0.0,0.0,0,0
2026-07-02,Beroe Stara Zagora,Y. Valbuena,FW,0.0,0.0,0.0,0,0
2026-07-02,Beşiktaş JK,D. Sahin,FW,0.0,0.0,0.0,0,0
2026-07-02,Beşiktaş JK,J. Silva,FW,0.0,0.0,0.0,0,0
2026-07-02,Beşiktaş JK,D. Vásquez,GK,0.0,0.0,0.0,0,0
2026-07-02,Beşiktaş JK,Y. Özcan,DF,0.0,0.0,0.0,0,0
2026-07-02,Beşiktaş JK,T. Bulut,DF,0.0,0.0,0.0,0,0
2026-07-02,Beşiktaş JK,F. Uduokhai,DF,0.0,0.0,0.0,0,0
2026-07-02,Beşiktaş JK,W. Ndidi,MF,0.0,0.0,0.0,0,0
2026-07-02,Beşiktaş JK,S. Uçan,MF,0.0,0.0,0.0,0,0
2026-07-02,Beşiktaş JK,M. Hekimoğlu,FW,0.0,0.0,0.0,0,0
2026-07-02,Beşiktaş JK,C. Ünder,FW,0.0,0.0,0.0,0,0
2026-07-02,Birmingham Legion FC,P. Kavita,DF,0.0,0.0,0.0,0,0
2026-07-02,Birmingham Legion FC,P. Vassell,MF,0.0,0.0,0.0,0,0
2026-07-02,Birmingham Legion FC,S. Saucedo,FW,0.0,0.0,0.0,0,0
2026-07-02,Birmingham Legion FC,S. Ngoma,FW,0.0,0.0,0.0,0,0
2026-07-02,Birmingham Legion FC,T. McMullen,GK,0.0,0.0,0.0,0,0
2026-07-02,Birmingham Legion FC,L. Duru,DF,0.0,0.0,0.0,0,0
2026-07-02,Birmingham Legion FC,K. Cole,MF,0.0,0.0,0.0,0,0
2026-07-02,Blooming,J. Mercado,DF,0.0,0.0,0.0,0,0
2026-07-02,Blooming,M. Cabral,FW,0.0,0.0,0.0,0,0
2026-07-02,Blooming,G. Centella,MF,0.0,0.0,0.0,0,0
2026-07-02,Blooming,C. Menacho,FW,0.0,0.0,0.0,0,0
2026-07-02,Blooming,J. Carrasco,DF,0.0,0.0,0.0,0,0
2026-07-02,Blooming,G. Almada,GK,0.0,0.0,0.0,0,0
2026-07-02,Blooming,S. Severiche,DF,0.0,0.0,0.0,0,0
2026-07-02,Blooming,E. Álvarez,DF,0.0,0.0,0.0,0,0
2026-07-02,Blooming,A. Oliveros,MF,0.0,0.0,0.0,0,0
2026-07-02,Blooming,P. Loza,FW,0.0,0.0,0.0,0,0
2026-07-02,Blooming,J. Chura,FW,0.0,0.0,0.0,0,0
2026-07-02,Blooming,R. M. Simoes,MF,0.0,0.0,0.0,0,0
2026-07-02,Boca Juniors,A. Velasco,DF,0.0,0.0,0.0,0,0
2026-07-02,Boca Juniors,E. Zeballos,FW,0.0,0.0,0.0,0,0
2026-07-02,Boca Juniors,M. Pellegrino,DF,0.0,0.0,0.0,0,0
2026-07-02,Boca Juniors,J. Barinaga,DF,0.0,0.0,0.0,0,0
2026-07-02,Boca Juniors,N. Figal,DF,0.0,0.0,0.0,0,0
2026-07-02,Boca Juniors,K. Zenón,MF,0.0,0.0,0.0,0,0
2026-07-02,Boca Juniors,M. Braida,MF,0.0,0.0,0.0,0,0
2026-07-02,Boca Juniors,T. Belmonte,MF,0.0,0.0,0.0,0,0
2026-07-02,Boca Juniors,W. Alarcón,MF,0.0,0.0,0.0,0,0
2026-07-02,Boca Juniors,L. Janson,FW,0.0,0.0,0.0,0,0
2026-07-02,Bodø/Glimt,S. Fet,MF,0.0,0.0,0.0,0,0
2026-07-02,Bodø/Glimt,A. Helmersen,FW,0.0,0.0,0.0,0,0
2026-07-02,Bodø/Glimt,I. D. Määttä,DF,0.0,0.0,0.0,0,0
2026-07-02,Bodø/Glimt,O. Brynhildsen,FW,0.0,0.0,0.0,0,0
2026-07-02,Bodø/Glimt,J. Lund,GK,0.0,0.0,0.0,0,0
2026-07-02,Bodø/Glimt,J. Gundersen,DF,0.0,0.0,0.0,0,0
2026-07-02,Bodø/Glimt,F. Klynge,MF,0.0,0.0,0.0,0,0
2026-07-02,Bodø/Glimt,M. Riisnaes,MF,0.0,0.0,0.0,0,0
2026-07-02,Bodø/Glimt,D. Bassi,FW,0.0,0.0,0.0,0,0
2026-07-02,Bologna,J. Rowe,FW,0.0,0.0,0.0,0,0
2026-07-02,Bologna,R. Orsolini,FW,0.0,0.0,0.0,0,0
2026-07-02,Bologna,S. Castro,FW,0.0,0.0,0.0,0,0
2026-07-02,Bologna,L. Ferguson,MF,0.0,0.0,0.0,0,0
2026-07-02,Bologna,N. Zortea,DF,0.0,0.0,0.0,0,0
2026-07-02,Bologna,F. Ravaglia,GK,0.0,0.0,0.0,0,0
2026-07-02,Bologna,R. Gnudi,GK,0.0,0.0,0.0,0,0
2026-07-02,Bologna,T. Heggem,DF,0.0,0.0,0.0,0,0
2026-07-02,Bologna,M. Vitík,DF,0.0,0.0,0.0,0,0
2026-07-02,Bologna,C. Lykogiannīs,DF,0.0,0.0,0.0,0,0
2026-07-02,Bologna,T. Pobega,MF,0.0,0.0,0.0,0,0
2026-07-02,Bolívar,S. Echeverria,DF,0.0,0.0,0.0,0,0
2026-07-02,Bolívar,L. Chávez,MF,0.0,0.0,0.0,0,0
2026-07-02,Bolívar,M. Cauteruccio,FW,0.0,0.0,0.0,0,0
2026-07-02,Bolívar,D. Méndez,GK,0.0,0.0,0.0,0,0
2026-07-02,Bolívar,J. Sagredo,DF,0.0,0.0,0.0,0,0
2026-07-02,Bolívar,E. Rivero,DF,0.0,0.0,0.0,0,0
2026-07-02,Bolívar,F. Mena,DF,0.0,0.0,0.0,0,0
2026-07-02,Bolívar,E. Vaca,MF,0.0,0.0,0.0,0,0
2026-07-02,Bolívar,C. Sejas,MF,0.0,0.0,0.0,0,0
2026-07-02,Bolívar,E. Saavedra,MF,0.0,0.0,0.0,0,0
2026-07-02,Bolívar,J. Velásquez,FW,0.0,0.0,0.0,0,0
2026-07-02,Borussia Dortmund,D. Svensson,DF,0.0,0.0,0.0,0,0
2026-07-02,Borussia Dortmund,S. Özcan,MF,0.0,0.0,0.0,0,0
2026-07-02,Borussia Dortmund,F. Silva,FW,0.0,0.0,0.0,0,0
2026-07-02,Borussia Dortmund,Y. Couto,DF,0.0,0.0,0.0,0,0
2026-07-02,Borussia Dortmund,C. Chukwuemeka,MF,0.0,0.0,0.0,0,0
2026-07-02,Borussia Dortmund,A. Meyer,GK,0.0,0.0,0.0,0,0
2026-07-02,Borussia Dortmund,F. Mané,DF,0.0,0.0,0.0,0,0
2026-07-02,Borussia Dortmund,M. Albert,FW,0.0,0.0,0.0,0,0
2026-07-02,Borussia Dortmund,F. Nmecha,MF,0.0,0.0,0.0,0,0
2026-07-02,Borussia Dortmund,K. Adeyemi,FW,0.0,0.0,0.0,0,0
2026-07-02,Borussia Dortmund,N. Süle,DF,0.0,0.0,0.0,0,0
2026-07-02,Borussia M'gladbach,H. Bolin,MF,0.0,0.0,0.0,0,0
2026-07-02,Borussia M'gladbach,K. Diks,DF,0.0,0.0,0.0,0,0
2026-07-02,Borussia M'gladbach,G. Reyna,MF,0.0,0.0,0.0,0,0
2026-07-02,Borussia M'gladbach,R. Hack,MF,0.0,0.0,0.0,0,0
2026-07-02,Borussia M'gladbach,S. Machino,FW,0.0,0.0,0.0,0,0
2026-07-02,Borussia M'gladbach,J. Olschowsky,GK,0.0,0.0,0.0,0,0
2026-07-02,Borussia M'gladbach,L. Ullrich,DF,0.0,0.0,0.0,0,0
2026-07-02,Borussia M'gladbach,K. Takai,DF,0.0,0.0,0.0,0,0
2026-07-02,Borussia M'gladbach,F. Neuhaus,MF,0.0,0.0,0.0,0,0
2026-07-02,Borussia M'gladbach,A. Sarco,FW,0.0,0.0,0.0,0,0
2026-07-02,Borussia M'gladbach,T. Sippel,GK,0.0,0.0,0.0,0,0
2026-07-02,Boston River,F. Bonfiglio,FW,0.0,0.0,0.0,0,0
2026-07-02,Boston River,F. Muñoa,MF,0.0,0.0,0.0,0,0
2026-07-02,Boston River,A. Amado,MF,0.0,0.0,0.0,0,0
2026-07-02,Boston River,Y. González,FW,0.0,0.0,0.0,0,0
2026-07-02,Boston River,F. Dafonte,MF,0.0,0.0,0.0,0,0
2026-07-02,Boston River,J. I. González,GK,0.0,0.0,0.0,0,0
2026-07-02,Boston River,K. Sotto,DF,0.0,0.0,0.0,0,0
2026-07-02,Boston River,J. Acosta,DF,0.0,0.0,0.0,0,0
2026-07-02,Boston River,A. Granja,DF,0.0,0.0,0.0,0,0
2026-07-02,Boston River,M. Rivero,DF,0.0,0.0,0.0,0,0
2026-07-02,Boston River,F. Martinicorena,FW,0.0,0.0,0.0,0,0
2026-07-02,Botafogo,A. Cabral,FW,0.0,0.0,0.0,0,0
2026-07-02,Botafogo,Edenilson,MF,0.0,0.0,0.0,0,0
2026-07-02,Botafogo,Marçal,DF,0.0,0.0,0.0,0,0
2026-07-02,Botafogo,Raúl,GK,0.0,0.0,0.0,0,0
2026-07-02,Botafogo,M. Ponte,DF,0.0,0.0,0.0,0,0
2026-07-02,Botafogo,Bastos,DF,0.0,0.0,0.0,0,0
2026-07-02,Botafogo,J. Barrera,MF,0.0,0.0,0.0,0,0
2026-07-02,Botafogo,Huguinho,MF,0.0,0.0,0.0,0,0
2026-07-02,Botafogo,Á. Montoro,MF,0.0,0.0,0.0,0,0
2026-07-02,Botafogo,J. Correa,FW,0.0,0.0,0.0,0,0
2026-07-02,Botafogo,C. Ramos,FW,0.0,0.0,0.0,0,0
2026-07-02,Botev Plovdiv,F. Mascote,FW,0.0,0.0,0.0,0,0
2026-07-02,Botev Plovdiv,W. C. Oluebube,FW,0.0,0.0,0.0,0,0
2026-07-02,Botev Plovdiv,Z. Tindano,DF,0.0,0.0,0.0,0,0
2026-07-02,Botev Plovdiv,E. Silva,MF,0.0,0.0,0.0,0,0
2026-07-02,Botev Plovdiv,H. Slavkov,GK,0.0,0.0,0.0,0,0
2026-07-02,Botev Plovdiv,B. Chibuike Hein,DF,0.0,0.0,0.0,0,0
2026-07-02,Botev Plovdiv,I. Videv,DF,0.0,0.0,0.0,0,0
2026-07-02,Botev Plovdiv,H. Jocu,MF,0.0,0.0,0.0,0,0
2026-07-02,Botev Plovdiv,C. Meotti,FW,0.0,0.0,0.0,0,0
2026-07-02,Botev Plovdiv,I. Dorgu,FW,0.0,0.0,0.0,0,0
2026-07-02,Botev Vratsa,D. Genov,MF,0.0,0.0,0.0,0,0
2026-07-02,Botev Vratsa,V. Naydenov,MF,0.0,0.0,0.0,0,0
2026-07-02,Botev Vratsa,Đ. Jovičić,DF,0.0,0.0,0.0,0,0
2026-07-02,Botev Vratsa,A. Stoyanov,MF,0.0,0.0,0.0,0,0
2026-07-02,Botev Vratsa,Y. Bornosuzov,FW,0.0,0.0,0.0,0,0
2026-07-02,Botev Vratsa,M. Orlinov,GK,0.0,0.0,0.0,0,0
2026-07-02,Botev Vratsa,L. Boyanov,DF,0.0,0.0,0.0,0,0
2026-07-02,Botev Vratsa,K. Hadji,MF,0.0,0.0,0.0,0,0
2026-07-02,Bournemouth,R. Christie,MF,0.0,0.0,0.0,0,0
2026-07-02,Bournemouth,D. Brooks,MF,0.0,0.0,0.0,0,0
2026-07-02,Bournemouth,E. Ünal,FW,0.0,0.0,0.0,0,0
2026-07-02,Bournemouth,B. Doak,FW,0.0,0.0,0.0,0,0
2026-07-02,Bournemouth,A. Adli,FW,0.0,0.0,0.0,0,0
2026-07-02,Bournemouth,C. Mandas,GK,0.0,0.0,0.0,0,0
2026-07-02,Bournemouth,A. Smith,DF,0.0,0.0,0.0,0,0
2026-07-02,Bournemouth,B. Diakité,DF,0.0,0.0,0.0,0,0
2026-07-02,Bournemouth,A. Tóth,MF,0.0,0.0,0.0,0,0
2026-07-02,Bournemouth,T. Adams,MF,0.0,0.0,0.0,0,0
2026-07-02,Bournemouth,J. Kluivert,FW,0.0,0.0,0.0,0,0
2026-07-02,Brentford,V. Janelt,MF,0.0,0.0,0.0,0,0
2026-07-02,Brentford,D. Ouattara,FW,0.0,0.0,0.0,0,0
2026-07-02,Brentford,J. Henderson,MF,0.0,0.0,0.0,0,0
2026-07-02,Brentford,H. R. Valdimarsson,GK,0.0,0.0,0.0,0,0
2026-07-02,Brentford,S. van den Berg,DF,0.0,0.0,0.0,0,0
2026-07-02,Brentford,E. Pinnock,DF,0.0,0.0,0.0,0,0
2026-07-02,Brentford,J. Dasilva,MF,0.0,0.0,0.0,0,0
2026-07-02,Brentford,R. Nelson,FW,0.0,0.0,0.0,0,0
2026-07-02,Brentford,K. I. Furo,FW,0.0,0.0,0.0,0,0
2026-07-02,Brighton & Hove Albion,J. Veltman,DF,0.0,0.0,0.0,0,0
2026-07-02,Brighton & Hove Albion,G. Rutter,FW,0.0,0.0,0.0,0,0
2026-07-02,Brighton & Hove Albion,Y. Ayari,MF,0.0,0.0,0.0,0,0
2026-07-02,Brighton & Hove Albion,S. March,MF,0.0,0.0,0.0,0,0
2026-07-02,Brighton & Hove Albion,C. Kostoulas,FW,0.0,0.0,0.0,0,0
2026-07-02,Brighton & Hove Albion,J. Steele,GK,0.0,0.0,0.0,0,0
2026-07-02,Brighton & Hove Albion,O. Boscagli,DF,0.0,0.0,0.0,0,0
2026-07-02,Brighton & Hove Albion,J. Milner,MF,0.0,0.0,0.0,0,0
2026-07-02,Brighton & Hove Albion,M. O'Riley,MF,0.0,0.0,0.0,0,0
2026-07-02,Brisbane City,A. Simmons,DF,0.0,0.0,0.0,0,0
2026-07-02,Brisbane City,L. Calleja,MF,0.0,0.0,0.0,0,0
2026-07-02,Brisbane City,Z. Rossi,MF,0.0,0.0,0.0,0,0
2026-07-02,Brisbane City,A. Marsh,MF,0.0,0.0,0.0,0,0
2026-07-02,Brisbane City,F. Brock,MF,0.0,0.0,0.0,0,0
2026-07-02,Brisbane City,B. Rose,MF,0.0,0.0,0.0,0,0
2026-07-02,Brisbane Roar Youth,C. Parkin,DF,0.0,0.0,0.0,0,0
2026-07-02,Brisbane Roar Youth,K. Abdulkarim,MF,0.0,0.0,0.0,0,0
2026-07-02,Brisbane Roar Youth,N. Thom,FW,0.0,0.0,0.0,0,0
2026-07-02,Brisbane Roar Youth,J. Flanagan,MF,0.0,0.0,0.0,0,0
2026-07-02,Brisbane Roar Youth,H. Marshall,DF,0.0,0.0,0.0,0,0
2026-07-02,Brisbane Roar Youth,G. Plusnin,GK,0.0,0.0,0.0,0,0
2026-07-02,Brooklyn FC,S. Stojanović,FW,0.0,0.0,0.0,0,0
2026-07-02,Brooklyn FC,J. Servania,FW,0.0,0.0,0.0,0,0
2026-07-02,Brooklyn FC,T. McNamara,MF,0.0,0.0,0.0,0,0
2026-07-02,Brooklyn FC,R. McLaughlin,DF,0.0,0.0,0.0,0,0
2026-07-02,Brooklyn FC,S. Hundal,FW,0.0,0.0,0.0,0,0
2026-07-02,Brooklyn FC,P. Mangione,MF,0.0,0.0,0.0,0,0
2026-07-02,Bruk-Bet Termalica Nieciecza,A. Putivtsev,DF,0.0,0.0,0.0,0,0
2026-07-02,Bruk-Bet Termalica Nieciecza,Mini,MF,0.0,0.0,0.0,0,0
2026-07-02,Bruk-Bet Termalica Nieciecza,R. Kurzawa,MF,0.0,0.0,0.0,0,0
2026-07-02,Bruk-Bet Termalica Nieciecza,I. Durdov,FW,0.0,0.0,0.0,0,0
2026-07-02,Bruk-Bet Termalica Nieciecza,A. Trubeha,FW,0.0,0.0,0.0,0,0
2026-07-02,Bruk-Bet Termalica Nieciecza,M. Mleczko,GK,0.0,0.0,0.0,0,0
2026-07-02,Bruk-Bet Termalica Nieciecza,D. Biniek,MF,0.0,0.0,0.0,0,0
2026-07-02,Bruk-Bet Termalica Nieciecza,W. Jakubik,MF,0.0,0.0,0.0,0,0
2026-07-02,Bruk-Bet Termalica Nieciecza,M. Wolski,DF,0.0,0.0,0.0,0,0
2026-07-02,Bucheon FC 1995,K. Takahashi,MF,0.0,0.0,0.0,0,0
2026-07-02,Bucheon FC 1995,Rodrigo,FW,0.0,0.0,0.0,0,0
2026-07-02,Bucheon FC 1995,Gabriel,FW,0.0,0.0,0.0,0,0
2026-07-02,Bucheon FC 1995,B. G. Yoon,MF,0.0,0.0,0.0,0,0
2026-07-02,Bucheon FC 1995,M. J. Kim,MF,0.0,0.0,0.0,0,0
2026-07-02,Bucheon FC 1995,C. Kim,GK,0.0,0.0,0.0,0,0
2026-07-02,Bucheon FC 1995,L. Yechan,DF,0.0,0.0,0.0,0,0
2026-07-02,Bucheon FC 1995,H. Jeong,MF,0.0,0.0,0.0,0,0
2026-07-02,Bucheon FC 1995,L. Eui-Hyeong,FW,0.0,0.0,0.0,0,0
2026-07-02,Bucheon FC 1995,D. Kim,GK,0.0,0.0,0.0,0,0
2026-07-02,Bucheon FC 1995,S. Kim,MF,0.0,0.0,0.0,0,0
2026-07-02,Bucheon FC 1995,K. Jong-Min,DF,0.0,0.0,0.0,0,0
2026-07-02,Bucheon FC 1995,J. W. Shin,DF,0.0,0.0,0.0,0,0
2026-07-02,Bucheon FC 1995,L. Jae-Won,DF,0.0,0.0,0.0,0,0
2026-07-02,Bucheon FC 1995,S. Seong,MF,0.0,0.0,0.0,0,0
2026-07-02,Burgos Club de Fútbol,V. Mollejo,FW,0.0,0.0,0.0,0,0
2026-07-02,Burgos Club de Fútbol,P. Galdames,MF,0.0,0.0,0.0,0,0
2026-07-02,Burgos Club de Fútbol,K. Appin,MF,0.0,0.0,0.0,0,0
2026-07-02,Burgos Club de Fútbol,M. Monedero,GK,0.0,0.0,0.0,0,0
2026-07-02,Burgos Club de Fútbol,J. Ruiz Suarez,GK,0.0,0.0,0.0,0,0
2026-07-02,Burgos Club de Fútbol,S. d. Cerro,MF,0.0,0.0,0.0,0,0
2026-07-02,Burgos Club de Fútbol,B. Martínez,DF,0.0,0.0,0.0,0,0
2026-07-02,Burgos Club de Fútbol,O. Luengo,DF,0.0,0.0,0.0,0,0
2026-07-02,Burgos Club de Fútbol,M. Cantero,MF,0.0,0.0,0.0,0,0
2026-07-02,Burgos Club de Fútbol,M. Mejia,FW,0.0,0.0,0.0,0,0
2026-07-02,Burgos Club de Fútbol,M. Expósito,MF,0.0,0.0,0.0,0,0
2026-07-02,Burgos Club de Fútbol,M. González,FW,0.0,0.0,0.0,0,0
2026-07-02,Burgos Club de Fútbol,A. Buñuel,DF,0.0,0.0,0.0,0,0
2026-07-02,CA Bizertin,A. Amri,FW,0.0,0.0,0.0,0,0
2026-07-02,CA Bizertin,M. Hanzouli,GK,0.0,0.0,0.0,0,0
2026-07-02,CA Bizertin,H. Amamou,DF,0.0,0.0,0.0,0,0
2026-07-02,CA Bizertin,Y. Kchouk,DF,0.0,0.0,0.0,0,0
2026-07-02,CA Bizertin,I. Kane,MF,0.0,0.0,0.0,0,0
2026-07-02,CA Bizertin,I. Midani,MF,0.0,0.0,0.0,0,0
2026-07-02,CA Bizertin,M. A. Chaabane,MF,0.0,0.0,0.0,0,0
2026-07-02,CA Bizertin,M. Nourani,FW,0.0,0.0,0.0,0,0
2026-07-02,CA Bizertin,M. D. Seydi,FW,0.0,0.0,0.0,0,0
2026-07-02,CA Bizertin,M. Glo,FW,0.0,0.0,0.0,0,0
2026-07-02,CA Bizertin,M. A. Allela,DF,0.0,0.0,0.0,0,0
2026-07-02,CA Bizertin,A. Mouelhi,DF,0.0,0.0,0.0,0,0
2026-07-02,CA Bizertin,H. Hammami,FW,0.0,0.0,0.0,0,0
2026-07-02,CA Lanús,D. Aquino,FW,0.0,0.0,0.0,0,0
2026-07-02,CA Lanús,F. Watson,MF,0.0,0.0,0.0,0,0
2026-07-02,CA Lanús,Y. Valois,FW,0.0,0.0,0.0,0,0
2026-07-02,CA Lanús,A. Medina,MF,0.0,0.0,0.0,0,0
2026-07-02,CA Lanús,R. De Jesus,DF,0.0,0.0,0.0,0,0
2026-07-02,CA Lanús,F. Petroli,GK,0.0,0.0,0.0,0,0
2026-07-02,CA Lanús,G. Perez,DF,0.0,0.0,0.0,0,0
2026-07-02,CA Lanús,N. Morgantini,DF,0.0,0.0,0.0,0,0
2026-07-02,CA Lanús,F. Sánchez,DF,0.0,0.0,0.0,0,0
2026-07-02,CA Lanús,L. Besozzi,FW,0.0,0.0,0.0,0,0
2026-07-02,CA Lanús,B. Cabrera,FW,0.0,0.0,0.0,0,0
2026-07-02,CA Lanús,W. Bou,FW,0.0,0.0,0.0,0,0
2026-07-02,CD Castellón,O. Camara,FW,0.0,0.0,0.0,0,0
2026-07-02,CD Castellón,A. Mabil,MF,0.0,0.0,0.0,0,0
2026-07-02,CD Castellón,D. Barri,MF,0.0,0.0,0.0,0,0
2026-07-02,CD Castellón,A. Sienra,DF,0.0,0.0,0.0,0,0
2026-07-02,CD Castellón,A. Abedzadeh,GK,0.0,0.0,0.0,0,0
2026-07-02,CD Castellón,S. Ruiz,DF,0.0,0.0,0.0,0,0
2026-07-02,CD Castellón,T. Conde,DF,0.0,0.0,0.0,0,0
2026-07-02,CD Castellón,I. Suero,MF,0.0,0.0,0.0,0,0
2026-07-02,CD Castellón,M. Doué,MF,0.0,0.0,0.0,0,0
2026-07-02,CD Castellón,D. Aurélio,FW,0.0,0.0,0.0,0,0
2026-07-02,CD Guadalajara,Á. Sepúlveda,FW,0.0,0.0,0.0,0,0
2026-07-02,CD Guadalajara,M. Gómez,DF,0.0,0.0,0.0,0,0
2026-07-02,CD Guadalajara,Y. Padilla,FW,0.0,0.0,0.0,0,0
2026-07-02,CD Guadalajara,S. A. A. Castillo,FW,0.0,0.0,0.0,0,0
2026-07-02,CD Guadalajara,J. Liceaga,GK,0.0,0.0,0.0,0,0
2026-07-02,CD Guadalajara,G. Sepúlveda,DF,0.0,0.0,0.0,0,0
2026-07-02,CD Guadalajara,Á. Chávez,DF,0.0,0.0,0.0,0,0
2026-07-02,CD Guadalajara,J. Perez,GK,0.0,0.0,0.0,0,0
2026-07-02,CD Guadalajara,C. Inda,MF,0.0,0.0,0.0,0,0
2026-07-02,CD Guadalajara,H. Mata,MF,0.0,0.0,0.0,0,0
2026-07-02,CD Guadalajara,M. Tapias,DF,0.0,0.0,0.0,0,0
2026-07-02,CD Guadalajara,H. Camberos,MF,0.0,0.0,0.0,0,0
2026-07-02,CD Guadalajara,D. Reyes,MF,0.0,0.0,0.0,0,0
2026-07-02,CD Toluca,S. Simón,MF,0.0,0.0,0.0,0,0
2026-07-02,CD Toluca,N. Castro,MF,0.0,0.0,0.0,0,0
2026-07-02,CD Toluca,F. Rossi,FW,0.0,0.0,0.0,0,0
2026-07-02,CD Toluca,M. Isais,DF,0.0,0.0,0.0,0,0
2026-07-02,CD Toluca,H. Gonzalez,GK,0.0,0.0,0.0,0,0
2026-07-02,CD Toluca,E. Orta,DF,0.0,0.0,0.0,0,0
2026-07-02,CD Toluca,V. Arteaga,MF,0.0,0.0,0.0,0,0
2026-07-02,CD Toluca,F. Arce Jr.,MF,0.0,0.0,0.0,0,0
2026-07-02,CF Montréal,N. Streit,MF,0.0,0.0,0.0,0,0
2026-07-02,CF Montréal,D. Rios,FW,0.0,0.0,0.0,0,0
2026-07-02,CF Montréal,O. Escobar,FW,0.0,0.0,0.0,0,0
2026-07-02,CF Montréal,D. D. Þórhallsson,MF,0.0,0.0,0.0,0,0
2026-07-02,CF Montréal,S. Breza,GK,0.0,0.0,0.0,0,0
2026-07-02,CF Montréal,T. Avilés,DF,0.0,0.0,0.0,0,0
2026-07-02,CF Montréal,Y. A. Guboglo,DF,0.0,0.0,0.0,0,0
2026-07-02,CF Montréal,F. Amaya,MF,0.0,0.0,0.0,0,0
2026-07-02,CF Montréal,K. Opoku,FW,0.0,0.0,0.0,0,0
2026-07-02,CF Pachuca,J. Berlanga,DF,0.0,0.0,0.0,0,0
2026-07-02,CF Pachuca,S. Rodríguez,MF,0.0,0.0,0.0,0,0
2026-07-02,CF Pachuca,J. Eulogio,GK,0.0,0.0,0.0,0,0
2026-07-02,CF Pachuca,C. Alfaro,DF,0.0,0.0,0.0,0,0
2026-07-02,CF Pachuca,G. Álvarez,FW,0.0,0.0,0.0,0,0
2026-07-02,CF Pachuca,P. Pedraza,MF,0.0,0.0,0.0,0,0
2026-07-02,CF Pachuca,L. Quiñones,FW,0.0,0.0,0.0,0,0
2026-07-02,CF Pachuca,J. Ramirez,FW,0.0,0.0,0.0,0,0
2026-07-02,CFR 1907 Cluj,A. Șfaiț,MF,0.0,0.0,0.0,0,0
2026-07-02,CFR 1907 Cluj,A. Aliev,FW,0.0,0.0,0.0,0,0
2026-07-02,CFR 1907 Cluj,A. Păun,MF,0.0,0.0,0.0,0,0
2026-07-02,CFR 1907 Cluj,D. Djoković,MF,0.0,0.0,0.0,0,0
2026-07-02,CFR 1907 Cluj,M. Ilie,DF,0.0,0.0,0.0,0,0
2026-07-02,CFR 1907 Cluj,O. Vâlceanu,GK,0.0,0.0,0.0,0,0
2026-07-02,CFR 1907 Cluj,V. Kun,MF,0.0,0.0,0.0,0,0
2026-07-02,CFR 1907 Cluj,A. Abeid,DF,0.0,0.0,0.0,0,0
2026-07-02,CFR 1907 Cluj,A. Fica,MF,0.0,0.0,0.0,0,0
2026-07-02,CFR 1907 Cluj,O. Perianu,MF,0.0,0.0,0.0,0,0
2026-07-02,CFR 1907 Cluj,R. Gligor,MF,0.0,0.0,0.0,0,0
2026-07-02,CFR 1907 Cluj,C. Deac,MF,0.0,0.0,0.0,0,0
2026-07-02,CFR 1907 Cluj,C. Braun,FW,0.0,0.0,0.0,0,0
2026-07-02,CFR 1907 Cluj,L. Biliboc,FW,0.0,0.0,0.0,0,0
2026-07-02,CODM Meknès,A. Lakhlifi,DF,0.0,0.0,0.0,0,0
2026-07-02,CODM Meknès,Y. Anouar,FW,0.0,0.0,0.0,0,0
2026-07-02,CODM Meknès,O. Daoui,DF,0.0,0.0,0.0,0,0
2026-07-02,CODM Meknès,K. L'Koucha,FW,0.0,0.0,0.0,0,0
2026-07-02,CODM Meknès,M. Goulouss,FW,0.0,0.0,0.0,0,0
2026-07-02,CODM Meknès,S. Taher,GK,0.0,0.0,0.0,0,0
2026-07-02,CODM Meknès,A. Berdad,MF,0.0,0.0,0.0,0,0
2026-07-02,CODM Meknès,Y. E. Id,MF,0.0,0.0,0.0,0,0
2026-07-02,CODM Meknès,M. Gharmal ,MF,0.0,0.0,0.0,0,0
2026-07-02,CS Sfaxien,M. H. Gaaloul,GK,0.0,0.0,0.0,0,0
2026-07-02,CS Sfaxien,M. A. Jamiaa,GK,0.0,0.0,0.0,0,0
2026-07-02,CS Sfaxien,A. Akid,DF,0.0,0.0,0.0,0,0
2026-07-02,CS Sfaxien,M. S. Mhadhebi,DF,0.0,0.0,0.0,0,0
2026-07-02,CS Sfaxien,R. Derbali,DF,0.0,0.0,0.0,0,0
2026-07-02,CS Sfaxien,A. Taifour,MF,0.0,0.0,0.0,0,0
2026-07-02,CS Sfaxien,N. Karoui,MF,0.0,0.0,0.0,0,0
2026-07-02,CS Sfaxien,R. Chaaben,MF,0.0,0.0,0.0,0,0
2026-07-02,CS Sfaxien,W. Onana,FW,0.0,0.0,0.0,0,0
2026-07-02,CS Sfaxien,B. Diarra,MF,0.0,0.0,0.0,0,0
2026-07-02,CSKA Sofia,L. Dellova,DF,0.0,0.0,0.0,0,0
2026-07-02,CSKA Sofia,L. Pereira,MF,0.0,0.0,0.0,0,0
2026-07-02,CSKA Sofia,P. Panayotov,MF,0.0,0.0,0.0,0,0
2026-07-02,CSKA Sofia,I. Turitsov,DF,0.0,0.0,0.0,0,0
2026-07-02,CSKA Sofia,A. Yordanov,DF,0.0,0.0,0.0,0,0
2026-07-02,CSKA Sofia,D. Evtimov,GK,0.0,0.0,0.0,0,0
2026-07-02,CSKA Sofia,A. Lapeña,DF,0.0,0.0,0.0,0,0
2026-07-02,CSKA Sofia,I. Solet,MF,0.0,0.0,0.0,0,0
2026-07-02,CSKA Sofia,L. Godoy,FW,0.0,0.0,0.0,0,0
2026-07-02,CSKA Sofia,I. Pittas,FW,0.0,0.0,0.0,0,0
2026-07-02,CSKA Sofia,A. Piedrahita,MF,0.0,0.0,0.0,0,0
2026-07-02,CSKA Sofia,I. Iliev,MF,0.0,0.0,0.0,0,0
2026-07-02,CSKA Sofia,O. Skarsem,MF,0.0,0.0,0.0,0,0
2026-07-02,Cagliari,I. Sulemana,MF,0.0,0.0,0.0,0,0
2026-07-02,Cagliari,P. Mendy,FW,0.0,0.0,0.0,0,0
2026-07-02,Cagliari,G. Zappa,DF,0.0,0.0,0.0,0,0
2026-07-02,Cagliari,A. Sherri,GK,0.0,0.0,0.0,0,0
2026-07-02,Cagliari,G. Ciocci,GK,0.0,0.0,0.0,0,0
2026-07-02,Cagliari,J. Rodríguez,DF,0.0,0.0,0.0,0,0
2026-07-02,Cagliari,A. Albarracín,FW,0.0,0.0,0.0,0,0
2026-07-02,Cagliari,Y. Trepy,FW,0.0,0.0,0.0,0,0
2026-07-02,Cagliari,S. Kilicsoy,FW,0.0,0.0,0.0,0,0
2026-07-02,Cagliari,A. Belotti,FW,0.0,0.0,0.0,0,0
2026-07-02,Cagliari,O. Raterink,DF,0.0,0.0,0.0,0,0
2026-07-02,Cagliari,Y. Mina,DF,0.0,0.0,0.0,0,0
2026-07-02,Cagliari,A. Deiola,MF,0.0,0.0,0.0,0,0
2026-07-02,Cagliari,R. Malfitano,MF,0.0,0.0,0.0,0,0
2026-07-02,Carabobo FC,F. López,DF,0.0,0.0,0.0,0,0
2026-07-02,Carabobo FC,J. Fuentes,DF,0.0,0.0,0.0,0,0
2026-07-02,Carabobo FC,M. Cova,MF,0.0,0.0,0.0,0,0
2026-07-02,Carabobo FC,J. Berríos,FW,0.0,0.0,0.0,0,0
2026-07-02,Carabobo FC,K. Roa,GK,0.0,0.0,0.0,0,0
2026-07-02,Carabobo FC,F. Oliveros,DF,0.0,0.0,0.0,0,0
2026-07-02,Carabobo FC,M. Guaramato,DF,0.0,0.0,0.0,0,0
2026-07-02,Carabobo FC,S. Mendoza,MF,0.0,0.0,0.0,0,0
2026-07-02,Carabobo FC,D. Meza,MF,0.0,0.0,0.0,0,0
2026-07-02,Carabobo FC,J. Obando,MF,0.0,0.0,0.0,0,0
2026-07-02,Carabobo FC,A. Bahachille,MF,0.0,0.0,0.0,0,0
2026-07-02,Carabobo FC,J. Riasco,FW,0.0,0.0,0.0,0,0
2026-07-02,Caracas F.C.,L. Reinoso,FW,0.0,0.0,0.0,0,0
2026-07-02,Caracas F.C.,R. Lezama,FW,0.0,0.0,0.0,0,0
2026-07-02,Caracas F.C.,M. Márquez,FW,0.0,0.0,0.0,0,0
2026-07-02,Caracas F.C.,S. González,FW,0.0,0.0,0.0,0,0
2026-07-02,Caracas F.C.,F. L. Mantía,DF,0.0,0.0,0.0,0,0
2026-07-02,Caracas F.C.,J. Vegas,GK,0.0,0.0,0.0,0,0
2026-07-02,Caracas F.C.,L. Pagano,DF,0.0,0.0,0.0,0,0
2026-07-02,Caracas F.C.,M. Vegas,MF,0.0,0.0,0.0,0,0
2026-07-02,Caracas F.C.,Á. Figueroa,MF,0.0,0.0,0.0,0,0
2026-07-02,Caracas F.C.,L. Maestre,MF,0.0,0.0,0.0,0,0
2026-07-02,Caracas F.C.,C. Vegas,FW,0.0,0.0,0.0,0,0
2026-07-02,Casa Pia,D. R. Livramento,FW,0.0,0.0,0.0,0,0
2026-07-02,Casa Pia,L. Ofori,MF,0.0,0.0,0.0,0,0
2026-07-02,Casa Pia,T. Morais,FW,0.0,0.0,0.0,0,0
2026-07-02,Casa Pia,K. Prieto,FW,0.0,0.0,0.0,0,0
2026-07-02,Casa Pia,I. Mandić,GK,0.0,0.0,0.0,0,0
2026-07-02,Casa Pia,Kaly,DF,0.0,0.0,0.0,0,0
2026-07-02,Casa Pia,S. Pérez,MF,0.0,0.0,0.0,0,0
2026-07-02,Casa Pia,C. Mendes,FW,0.0,0.0,0.0,0,0
2026-07-02,Ceará,Sánchez,DF,0.0,0.0,0.0,0,0
2026-07-02,Ceará,J. Alano,FW,0.0,0.0,0.0,0,0
2026-07-02,Ceará,P. Henrique,FW,0.0,0.0,0.0,0,0
2026-07-02,Ceará,Giulio,FW,0.0,0.0,0.0,0,0
2026-07-02,Ceará,G. D. Martins,GK,0.0,0.0,0.0,0,0
2026-07-02,Ceará,Júlio César,DF,0.0,0.0,0.0,0,0
2026-07-02,Ceará,P. Gilmar,DF,0.0,0.0,0.0,0,0
2026-07-02,Ceará,Richardson,MF,0.0,0.0,0.0,0,0
2026-07-02,Ceará,J. Gabriel,MF,0.0,0.0,0.0,0,0
2026-07-02,Ceará,G. Prado,MF,0.0,0.0,0.0,0,0
2026-07-02,Ceará,Fernando,DF,0.0,0.0,0.0,0,0
2026-07-02,Ceará,Rafael Ramos,DF,0.0,0.0,0.0,0,0
2026-07-02,Ceará,Vina,MF,0.0,0.0,0.0,0,0
2026-07-02,Ceará,Fernandinho,FW,0.0,0.0,0.0,0,0
2026-07-02,Celta Vigo,M. Fernández,DF,0.0,0.0,0.0,0,0
2026-07-02,Celta Vigo,J. El-Abdellaoui,FW,0.0,0.0,0.0,0,0
2026-07-02,Celta Vigo,W. Swedberg,MF,0.0,0.0,0.0,0,0
2026-07-02,Celta Vigo,B. Iglesias,FW,0.0,0.0,0.0,0,0
2026-07-02,Celta Vigo,Ó. Mingueza,DF,0.0,0.0,0.0,0,0
2026-07-02,Celta Vigo,I. Villar,GK,0.0,0.0,0.0,0,0
2026-07-02,Celta Vigo,J. Aidoo,DF,0.0,0.0,0.0,0,0
2026-07-02,Celta Vigo,M. Ristić,DF,0.0,0.0,0.0,0,0
2026-07-02,Celta Vigo,C. Domínguez,DF,0.0,0.0,0.0,0,0
2026-07-02,Celta Vigo,A. Antañón,MF,0.0,0.0,0.0,0,0
2026-07-02,Celta Vigo,H. Sotelo,MF,0.0,0.0,0.0,0,0
2026-07-02,Celta Vigo,P. Durán,FW,0.0,0.0,0.0,0,0
2026-07-02,Celta Vigo,S. Carreira,DF,0.0,0.0,0.0,0,0
2026-07-02,Celta Vigo,F. Jutglà,FW,0.0,0.0,0.0,0,0
2026-07-02,Celta Vigo,I. Aspas,FW,0.0,0.0,0.0,0,0
2026-07-02,Celta Vigo,H. Álvarez,MF,0.0,0.0,0.0,0,0
2026-07-02,Celtic,J. Forrest,MF,0.0,0.0,0.0,0,0
2026-07-02,Celtic,L. McCowan,MF,0.0,0.0,0.0,0,0
2026-07-02,Celtic,K. Iheanacho,FW,0.0,0.0,0.0,0,0
2026-07-02,Celtic,T. Ralston,DF,0.0,0.0,0.0,0,0
2026-07-02,Celtic,R. Doohan,GK,0.0,0.0,0.0,0,0
2026-07-02,Celtic,D. Murray,DF,0.0,0.0,0.0,0,0
2026-07-02,Celtic,M. Saracchi,DF,0.0,0.0,0.0,0,0
2026-07-02,Celtic,A. Oxlade-Chamberlain,MF,0.0,0.0,0.0,0,0
2026-07-02,Celtic,R. Hatate,MF,0.0,0.0,0.0,0,0
2026-07-02,Celtic,S. Tounekti,FW,0.0,0.0,0.0,0,0
2026-07-02,Cercle Brugge,F. Nazinho,DF,0.0,0.0,0.0,0,0
2026-07-02,Cercle Brugge,G. Magnee,DF,0.0,0.0,0.0,0,0
2026-07-02,Cercle Brugge,C. Ravych,DF,0.0,0.0,0.0,0,0
2026-07-02,Cercle Brugge,O. Adewumi,FW,0.0,0.0,0.0,0,0
2026-07-02,Cercle Brugge,K. Kouassi,FW,0.0,0.0,0.0,0,0
2026-07-02,Cercle Brugge,Warleson,GK,0.0,0.0,0.0,0,0
2026-07-02,Cercle Brugge,S. Gheerardyns,DF,0.0,0.0,0.0,0,0
2026-07-02,Cercle Brugge,H. V. D. Bruggen,MF,0.0,0.0,0.0,0,0
2026-07-02,Cercle Brugge,N. D. Wilde,DF,0.0,0.0,0.0,0,0
2026-07-02,Cerezo Osaka,J. H. Kim,GK,0.0,0.0,0.0,0,0
2026-07-02,Cerezo Osaka,D. Cools,DF,0.0,0.0,0.0,0,0
2026-07-02,Cerezo Osaka,E. Kubo,MF,0.0,0.0,0.0,0,0
2026-07-02,Cerezo Osaka,Y. Yokoyama,MF,0.0,0.0,0.0,0,0
2026-07-02,Cerezo Osaka,S. Kagawa,MF,0.0,0.0,0.0,0,0
2026-07-02,Cerezo Osaka,H. Kida,MF,0.0,0.0,0.0,0,0
2026-07-02,Cerezo Osaka,S. Uejo,MF,0.0,0.0,0.0,0,0
2026-07-02,Cerezo Osaka,S. Sakuragawa,FW,0.0,0.0,0.0,0,0
2026-07-02,Cerezo Osaka,H. Okuda,DF,0.0,0.0,0.0,0,0
2026-07-02,Cerezo Osaka,T. Andrade,FW,0.0,0.0,0.0,0,0
2026-07-02,Cerezo Osaka,M. Nakajima,FW,0.0,0.0,0.0,0,0
2026-07-02,Cerezo Osaka,S. Homma,MF,0.0,0.0,0.0,0,0
2026-07-02,Cerezo Osaka,K. Nakamura,GK,0.0,0.0,0.0,0,0
2026-07-02,Cerezo Osaka,R. Osako,MF,0.0,0.0,0.0,0,0
2026-07-02,Cerezo Osaka,K. Noborizato,DF,0.0,0.0,0.0,0,0
2026-07-02,Cerezo Osaka,T. Nakamura,DF,0.0,0.0,0.0,0,0
2026-07-02,Cerro Porteño,M. Klimowicz,FW,0.0,0.0,0.0,0,0
2026-07-02,Cerro Porteño,F. Peralta,MF,0.0,0.0,0.0,0,0
2026-07-02,Cerro Porteño,J. Iturbe,FW,0.0,0.0,0.0,0,0
2026-07-02,Cerro Porteño,L. Quintana,DF,0.0,0.0,0.0,0,0
2026-07-02,Cerro Porteño,R. Melgarejo,DF,0.0,0.0,0.0,0,0
2026-07-02,Cerro Porteño,V. Sánchez,DF,0.0,0.0,0.0,0,0
2026-07-02,Cerro Porteño,W. Viera,MF,0.0,0.0,0.0,0,0
2026-07-02,Cerro Porteño,C. Paredes,MF,0.0,0.0,0.0,0,0
2026-07-02,Cerro Porteño,A. Cristaldo,MF,0.0,0.0,0.0,0,0
2026-07-02,Cerro Porteño,E. R. P. Torales,FW,0.0,0.0,0.0,0,0
2026-07-02,Chapecoense,M. Vinícius,DF,0.0,0.0,0.0,0,0
2026-07-02,Chapecoense,G. Augusto,MF,0.0,0.0,0.0,0,0
2026-07-02,Chapecoense,Italo,FW,0.0,0.0,0.0,0,0
2026-07-02,Chapecoense,Maurício Garcez,FW,0.0,0.0,0.0,0,0
2026-07-02,Chapecoense,V. Balieiro,MF,0.0,0.0,0.0,0,0
2026-07-02,Chapecoense,R. Carvalheira,FW,0.0,0.0,0.0,0,0
2026-07-02,Chapecoense,W. Clar,DF,0.0,0.0,0.0,0,0
2026-07-02,Chapecoense,H. Meritão,MF,0.0,0.0,0.0,0,0
2026-07-02,Chapecoense,N. Pessoa,FW,0.0,0.0,0.0,0,0
2026-07-02,Charlotte FC,L. Abada,FW,0.0,0.0,0.0,0,0
2026-07-02,Charlotte FC,A. Goodwin,FW,0.0,0.0,0.0,0,0
2026-07-02,Charlotte FC,T. Miller,GK,0.0,0.0,0.0,0,0
2026-07-02,Charlotte FC,A. Privett,DF,0.0,0.0,0.0,0,0
2026-07-02,Charlotte FC,B. Bronico,MF,0.0,0.0,0.0,0,0
2026-07-02,Charlotte FC,L. D. L. Torre,MF,0.0,0.0,0.0,0,0
2026-07-02,Charlotte FC,A. John,MF,0.0,0.0,0.0,0,0
2026-07-02,Charlotte FC,T. Smalls,FW,0.0,0.0,0.0,0,0
2026-07-02,Charlotte FC,R. Aloko,FW,0.0,0.0,0.0,0,0
2026-07-02,Chelsea,L. Delap,FW,0.0,0.0,0.0,0,0
2026-07-02,Chelsea,L. Colwill,DF,0.0,0.0,0.0,0,0
2026-07-02,Chelsea,A. Santos,MF,0.0,0.0,0.0,0,0
2026-07-02,Chelsea,F. Jørgensen,GK,0.0,0.0,0.0,0,0
2026-07-02,Chelsea,J. Acheampong,DF,0.0,0.0,0.0,0,0
2026-07-02,Chelsea,W. Fofana,DF,0.0,0.0,0.0,0,0
2026-07-02,Chelsea,R. James,DF,0.0,0.0,0.0,0,0
2026-07-02,Chelsea,J. Hato,DF,0.0,0.0,0.0,0,0
2026-07-02,Chelsea,D. Essugo,MF,0.0,0.0,0.0,0,0
2026-07-02,Chelsea,G. Słonina,GK,0.0,0.0,0.0,0,0
2026-07-02,Chelsea,T. Adarabioyo,DF,0.0,0.0,0.0,0,0
2026-07-02,Chelsea,T. Chalobah,DF,0.0,0.0,0.0,0,0
2026-07-02,Chelsea,R. Lavia,MF,0.0,0.0,0.0,0,0
2026-07-02,Chelsea,M. Eboue,MF,0.0,0.0,0.0,0,0
2026-07-02,Chelsea,R. K.-McQueen,FW,0.0,0.0,0.0,0,0
2026-07-02,Chengdu Rongcheng,Y. Li,DF,0.0,0.0,0.0,0,0
2026-07-02,Chengdu Rongcheng,H. Pengfei,DF,0.0,0.0,0.0,0,0
2026-07-02,Chengdu Rongcheng,H. Yiran,DF,0.0,0.0,0.0,0,0
2026-07-02,Chengdu Rongcheng,B. Abuduwaili,FW,0.0,0.0,0.0,0,0
2026-07-02,Chengdu Rongcheng,R. Weifeng,GK,0.0,0.0,0.0,0,0
2026-07-02,Chengdu Rongcheng,T. Jian,GK,0.0,0.0,0.0,0,0
2026-07-02,Chengdu Rongcheng,A. Jojo,DF,0.0,0.0,0.0,0,0
2026-07-02,Chengdu Rongcheng,L. Rongxiang,MF,0.0,0.0,0.0,0,0
2026-07-02,Chengdu Rongcheng,M. Muzepper,MF,0.0,0.0,0.0,0,0
2026-07-02,Chengdu Rongcheng,L. Moyu,FW,0.0,0.0,0.0,0,0
2026-07-02,Chengdu Rongcheng,G. Chao,MF,0.0,0.0,0.0,0,0
2026-07-02,Chengdu Rongcheng,M. Iminqari,MF,0.0,0.0,0.0,0,0
2026-07-02,Chengdu Rongcheng,W. Ziming,FW,0.0,0.0,0.0,0,0
2026-07-02,Chengdu Rongcheng,W. Dongsheng,DF,0.0,0.0,0.0,0,0
2026-07-02,Cherno More Varna,G. Lazarov,FW,0.0,0.0,0.0,0,0
2026-07-02,Cherno More Varna,R. Stefanov,DF,0.0,0.0,0.0,0,0
2026-07-02,Cherno More Varna,A. Calcan,MF,0.0,0.0,0.0,0,0
2026-07-02,Cherno More Varna,T. Panov,DF,0.0,0.0,0.0,0,0
2026-07-02,Cherno More Varna,A. Manasiev,GK,0.0,0.0,0.0,0,0
2026-07-02,Cherno More Varna,E. Nyagolov,DF,0.0,0.0,0.0,0,0
2026-07-02,Cherno More Varna,G. Paskov,DF,0.0,0.0,0.0,0,0
2026-07-02,Cherno More Varna,G. Ventsislavov,DF,0.0,0.0,0.0,0,0
2026-07-02,Cherno More Varna,N. P. Kostadinov,MF,0.0,0.0,0.0,0,0
2026-07-02,Cherno More Varna,A. Donchev,DF,0.0,0.0,0.0,0,0
2026-07-02,Cherno More Varna,N. Zlatev,MF,0.0,0.0,0.0,0,0
2026-07-02,Cherno More Varna,D. Teles,MF,0.0,0.0,0.0,0,0
2026-07-02,Cherno More Varna,K. Mihaylov,MF,0.0,0.0,0.0,0,0
2026-07-02,Chicago Fire,J. Bamba,FW,0.0,0.0,0.0,0,0
2026-07-02,Chicago Fire,J. Shokalook,FW,0.0,0.0,0.0,0,0
2026-07-02,Chicago Fire,J. Cohen,GK,0.0,0.0,0.0,0,0
2026-07-02,Chicago Fire,J. Waterman,DF,0.0,0.0,0.0,0,0
2026-07-02,Chicago Fire,V. Radojević,DF,0.0,0.0,0.0,0,0
2026-07-02,Chicago Fire,P. Dithejane,FW,0.0,0.0,0.0,0,0
2026-07-02,Chicago Fire,M. Pineda,DF,0.0,0.0,0.0,0,0
2026-07-02,Chicago Fire,D. Borso,FW,0.0,0.0,0.0,0,0
2026-07-02,Chicago Fire,S. Oregel,MF,0.0,0.0,0.0,0,0
2026-07-02,Chicago Fire,M. Mbokazi,DF,0.0,0.0,0.0,0,0
2026-07-02,Chicago Fire,C. Mueller,FW,0.0,0.0,0.0,0,0
2026-07-02,Chongqing Tonglianglong FC,Y. Wu,MF,0.0,0.0,0.0,0,0
2026-07-02,Chongqing Tonglianglong FC,M. Liu,DF,0.0,0.0,0.0,0,0
2026-07-02,Chongqing Tonglianglong FC,Y. Ng,FW,0.0,0.0,0.0,0,0
2026-07-02,Chongqing Tonglianglong FC,A. G. Cîmpanu,FW,0.0,0.0,0.0,0,0
2026-07-02,Chongqing Tonglianglong FC,W. Suowei,DF,0.0,0.0,0.0,0,0
2026-07-02,Chongqing Tonglianglong FC,Z. Wu,GK,0.0,0.0,0.0,0,0
2026-07-02,Chongqing Tonglianglong FC,Y. Ruijie,DF,0.0,0.0,0.0,0,0
2026-07-02,Chongqing Tonglianglong FC,X. Huang,DF,0.0,0.0,0.0,0,0
2026-07-02,Chongqing Tonglianglong FC,P. Jin,DF,0.0,0.0,0.0,0,0
2026-07-02,Chongqing Tonglianglong FC,Y. Bai,FW,0.0,0.0,0.0,0,0
2026-07-02,Chongqing Tonglianglong FC,D. Yuezheng,FW,0.0,0.0,0.0,0,0
2026-07-02,Chongqing Tonglianglong FC,H. Wang,DF,0.0,0.0,0.0,0,0
2026-07-02,Chongqing Tonglianglong FC,Q. Ruan,DF,0.0,0.0,0.0,0,0
2026-07-02,Chongqing Tonglianglong FC,Y. Xiang,FW,0.0,0.0,0.0,0,0
2026-07-02,Chongqing Tonglianglong FC,M. Yujun,FW,0.0,0.0,0.0,0,0
2026-07-02,Cienciano,J. Romagnoli,FW,0.0,0.0,0.0,0,0
2026-07-02,Cienciano,H. Caparó,MF,0.0,0.0,0.0,0,0
2026-07-02,Cienciano,M. Succar,FW,0.0,0.0,0.0,0,0
2026-07-02,Cienciano,S. Cavero,DF,0.0,0.0,0.0,0,0
2026-07-02,Cienciano,R. Sandoval,FW,0.0,0.0,0.0,0,0
2026-07-02,Cienciano,G. Falcón,GK,0.0,0.0,0.0,0,0
2026-07-02,Cienciano,J. F. Roncal,GK,0.0,0.0,0.0,0,0
2026-07-02,Cienciano,K. Becerra,DF,0.0,0.0,0.0,0,0
2026-07-02,Cienciano,A. Yovera,DF,0.0,0.0,0.0,0,0
2026-07-02,Cienciano,A. Rojas,MF,0.0,0.0,0.0,0,0
2026-07-02,Cienciano,N. Colunga,FW,0.0,0.0,0.0,0,0
2026-07-02,Club Africain,G. Yeferni,GK,0.0,0.0,0.0,0,0
2026-07-02,Club Africain,H. B. Ali,DF,0.0,0.0,0.0,0,0
2026-07-02,Club Africain,Y. Bouabid,DF,0.0,0.0,0.0,0,0
2026-07-02,Club Africain,O. Bouguerra,MF,0.0,0.0,0.0,0,0
2026-07-02,Club Africain,A. Kanté,MF,0.0,0.0,0.0,0,0
2026-07-02,Club Africain,M. S. Mahmoud,MF,0.0,0.0,0.0,0,0
2026-07-02,Club Africain,F. A. Mesmari,FW,0.0,0.0,0.0,0,0
2026-07-02,Club Africain,S. Kadida,FW,0.0,0.0,0.0,0,0
2026-07-02,Club Africain,P. Kinzumbi,FW,0.0,0.0,0.0,0,0
2026-07-02,Club Always Ready,E. Rodríguez,GK,0.0,0.0,0.0,0,0
2026-07-02,Club Always Ready,F. Nava,FW,0.0,0.0,0.0,0,0
2026-07-02,Club Always Ready,M. Suárez,DF,0.0,0.0,0.0,0,0
2026-07-02,Club Always Ready,J. Godoy,FW,0.0,0.0,0.0,0,0
2026-07-02,Club Always Ready,M. Mamani,MF,0.0,0.0,0.0,0,0
2026-07-02,Club Always Ready,R. Lima,MF,0.0,0.0,0.0,0,0
2026-07-02,Club Always Ready,S. Paz,GK,0.0,0.0,0.0,0,0
2026-07-02,Club Always Ready,D. Medina,DF,0.0,0.0,0.0,0,0
2026-07-02,Club Always Ready,F. Pasadore,FW,0.0,0.0,0.0,0,0
2026-07-02,Club Always Ready,C. Collazo,FW,0.0,0.0,0.0,0,0
2026-07-02,Club América,R. Juárez,DF,0.0,0.0,0.0,0,0
2026-07-02,Club América,R. Veiga,MF,0.0,0.0,0.0,0,0
2026-07-02,Club América,T. Espinosa,DF,0.0,0.0,0.0,0,0
2026-07-02,Club América,H. Martín,FW,0.0,0.0,0.0,0,0
2026-07-02,Club América,Jonathan,MF,0.0,0.0,0.0,0,0
2026-07-02,Club América,Lima,MF,0.0,0.0,0.0,0,0
2026-07-02,Club América,F. Tapia,GK,0.0,0.0,0.0,0,0
2026-07-02,Club América,N. Araujo,DF,0.0,0.0,0.0,0,0
2026-07-02,Club América,D. Espinoza,MF,0.0,0.0,0.0,0,0
2026-07-02,Club América,A. Cervantes,MF,0.0,0.0,0.0,0,0
2026-07-02,Club Atlético Platense,A. Lotti,FW,0.0,0.0,0.0,0,0
2026-07-02,Club Atlético Platense,I. Gómez,MF,0.0,0.0,0.0,0,0
2026-07-02,Club Atlético Platense,G. Lencina,FW,0.0,0.0,0.0,0,0
2026-07-02,Club Atlético Platense,M. Mendía,DF,0.0,0.0,0.0,0,0
2026-07-02,Club Atlético Platense,J. Gauto,FW,0.0,0.0,0.0,0,0
2026-07-02,Club Atlético Platense,M. Barrios,MF,0.0,0.0,0.0,0,0
2026-07-02,Club Atlético Platense,N. Sumavil,GK,0.0,0.0,0.0,0,0
2026-07-02,Club Atlético Platense,S. Quirós,DF,0.0,0.0,0.0,0,0
2026-07-02,Club Atlético Platense,J. I. Saborido,DF,0.0,0.0,0.0,0,0
2026-07-02,Club Atlético Platense,E. Raggio,DF,0.0,0.0,0.0,0,0
2026-07-02,Club Atlético Platense,B. Merlini,FW,0.0,0.0,0.0,0,0
2026-07-02,Club Atlético Platense,L. Heredia,MF,0.0,0.0,0.0,0,0
2026-07-02,Club Atlético de Madrid,Luany,FW,0.0,0.0,0.0,0,0
2026-07-02,Club Atlético de Madrid,G. Garbelini,FW,0.0,0.0,0.0,0,0
2026-07-02,Club Atlético de Madrid,J. Bartel,MF,0.0,0.0,0.0,0,0
2026-07-02,Club Atlético de Madrid,C. Menayo,DF,0.0,0.0,0.0,0,0
2026-07-02,Club Atlético de Madrid,N. Peñalvo,MF,0.0,0.0,0.0,0,0
2026-07-02,Club Atlético de Madrid,P. Larqué Juste,GK,0.0,0.0,0.0,0,0
2026-07-02,Club Atlético de Madrid,S. G. Gómez,FW,0.0,0.0,0.0,0,0
2026-07-02,Club Atlético de Madrid,M. Portales,FW,0.0,0.0,0.0,0,0
2026-07-02,Club Brugge KV,D. v. d. Heuvel,GK,0.0,0.0,0.0,0,0
2026-07-02,Club Brugge KV,J. Spileers,DF,0.0,0.0,0.0,0,0
2026-07-02,Club Brugge KV,C. Sandra,MF,0.0,0.0,0.0,0,0
2026-07-02,Club Brugge KV,R. Vermant,FW,0.0,0.0,0.0,0,0
2026-07-02,Club Brugge KV,R. Onyedika,MF,0.0,0.0,0.0,0,0
2026-07-02,Club Brugge KV,B. Meijer,DF,0.0,0.0,0.0,0,0
2026-07-02,Club Brugge KV,L. Audoor,MF,0.0,0.0,0.0,0,0
2026-07-02,Club Brugge KV,G. Nilsson,FW,0.0,0.0,0.0,0,0
2026-07-02,Club Brugge KV,M. Diakhon,FW,0.0,0.0,0.0,0,0
2026-07-02,Club Brugge KV,S. Mignolet,GK,0.0,0.0,0.0,0,0
2026-07-02,Club Brugge KV,L. Reis,MF,0.0,0.0,0.0,0,0
2026-07-02,Club Brugge KV,F. Lemaréchal,MF,0.0,0.0,0.0,0,0
2026-07-02,Club Independiente Petrolero,L. Montenegro,DF,0.0,0.0,0.0,0,0
2026-07-02,Club Independiente Petrolero,Wagner,FW,0.0,0.0,0.0,0,0
2026-07-02,Club Independiente Petrolero,R. R. González,FW,0.0,0.0,0.0,0,0
2026-07-02,Club Independiente Petrolero,R. Lutkowski,FW,0.0,0.0,0.0,0,0
2026-07-02,Club Independiente Petrolero,A. S. D. Silva,MF,0.0,0.0,0.0,0,0
2026-07-02,Club Independiente Petrolero,J. Vera,GK,0.0,0.0,0.0,0,0
2026-07-02,Club Independiente Petrolero,H. Leanos,DF,0.0,0.0,0.0,0,0
2026-07-02,Club Independiente Petrolero,P. Grass,DF,0.0,0.0,0.0,0,0
2026-07-02,Club Independiente Petrolero,M. Somoya,MF,0.0,0.0,0.0,0,0
2026-07-02,Club Independiente Petrolero,D. Navarro,FW,0.0,0.0,0.0,0,0
2026-07-02,Club Independiente Petrolero,D. Vargas,DF,0.0,0.0,0.0,0,0
2026-07-02,Club Independiente Petrolero,D. Sejas,FW,0.0,0.0,0.0,0,0
2026-07-02,Club Sporting Cristal,F. Vizeu,FW,0.0,0.0,0.0,0,0
2026-07-02,Club Sporting Cristal,G. Santana,MF,0.0,0.0,0.0,0,0
2026-07-02,Club Sporting Cristal,C. Cabellos,MF,0.0,0.0,0.0,0,0
2026-07-02,Club Sporting Cristal,I. Wisdom,MF,0.0,0.0,0.0,0,0
2026-07-02,Club Sporting Cristal,C. Bautista,GK,0.0,0.0,0.0,0,0
2026-07-02,Club Sporting Cristal,L. Abram,DF,0.0,0.0,0.0,0,0
2026-07-02,Club Sporting Cristal,A. Pósito,DF,0.0,0.0,0.0,0,0
2026-07-02,Club Sporting Cristal,J. Cuenca,DF,0.0,0.0,0.0,0,0
2026-07-02,Club Sporting Cristal,J. Lara,MF,0.0,0.0,0.0,0,0
2026-07-02,Club Sporting Cristal,C. Benavente,FW,0.0,0.0,0.0,0,0
2026-07-02,Club Sporting Cristal,D. Otoya,FW,0.0,0.0,0.0,0,0
2026-07-02,Clube De Regatas Brasil,Luizão,DF,0.0,0.0,0.0,0,0
2026-07-02,Clube De Regatas Brasil,Geovane,FW,0.0,0.0,0.0,0,0
2026-07-02,Clube De Regatas Brasil,Thiaguinho,FW,0.0,0.0,0.0,0,0
2026-07-02,Clube De Regatas Brasil,G. Estrella,MF,0.0,0.0,0.0,0,0
2026-07-02,Clube De Regatas Brasil,L. Phellype,FW,0.0,0.0,0.0,0,0
2026-07-02,Clube De Regatas Brasil,Guilherme Pato,FW,0.0,0.0,0.0,0,0
2026-07-02,Clube De Regatas Brasil,V. Caetano,GK,0.0,0.0,0.0,0,0
2026-07-02,Clube De Regatas Brasil,Maycon,DF,0.0,0.0,0.0,0,0
2026-07-02,Clube De Regatas Brasil,Lyncon,DF,0.0,0.0,0.0,0,0
2026-07-02,Clube De Regatas Brasil,Bressan,DF,0.0,0.0,0.0,0,0
2026-07-02,Clube De Regatas Brasil,G. Kauan,FW,0.0,0.0,0.0,0,0
2026-07-02,Clube De Regatas Brasil,Reverson,DF,0.0,0.0,0.0,0,0
2026-07-02,Clube De Regatas Brasil,D. Baggio,FW,0.0,0.0,0.0,0,0
2026-07-02,Clube De Regatas Brasil,D. Braw,MF,0.0,0.0,0.0,0,0
2026-07-02,Colorado Rapids,N. Cobb,DF,0.0,0.0,0.0,0,0
2026-07-02,Colorado Rapids,P. Aaronson,MF,0.0,0.0,0.0,0,0
2026-07-02,Colorado Rapids,G. Minoungou,FW,0.0,0.0,0.0,0,0
2026-07-02,Colorado Rapids,J. Travis,DF,0.0,0.0,0.0,0,0
2026-07-02,Colorado Rapids,K. Stewart-Baynes,FW,0.0,0.0,0.0,0,0
2026-07-02,Colorado Rapids,M. B. Diop,FW,0.0,0.0,0.0,0,0
2026-07-02,Colorado Rapids,N. Defreitas-Hansen,GK,0.0,0.0,0.0,0,0
2026-07-02,Colorado Rapids,K. Rosenberry,DF,0.0,0.0,0.0,0,0
2026-07-02,Colorado Rapids,R. Cannon,DF,0.0,0.0,0.0,0,0
2026-07-02,Colorado Rapids,C. Ronan,MF,0.0,0.0,0.0,0,0
2026-07-02,Colorado Rapids,A. Harris,FW,0.0,0.0,0.0,0,0
2026-07-02,Colorado Rapids,Z. Campagnolo,GK,0.0,0.0,0.0,0,0
2026-07-02,Colorado Rapids,A. Manyoma,MF,0.0,0.0,0.0,0,0
2026-07-02,Colorado Rapids,S. Wathuta,FW,0.0,0.0,0.0,0,0
2026-07-02,Colorado Springs Switchbacks FC,F. Daroma,MF,0.0,0.0,0.0,0,0
2026-07-02,Colorado Springs Switchbacks FC,K. Bennett,FW,0.0,0.0,0.0,0,0
2026-07-02,Colorado Springs Switchbacks FC,T. Magee,MF,0.0,0.0,0.0,0,0
2026-07-02,Colorado Springs Switchbacks FC,C. Shutler,GK,0.0,0.0,0.0,0,0
2026-07-02,Colorado Springs Switchbacks FC,G. Metusala,DF,0.0,0.0,0.0,0,0
2026-07-02,Colorado Springs Switchbacks FC,J. Fjellberg,FW,0.0,0.0,0.0,0,0
2026-07-02,Colorado Springs Switchbacks FC,L. Johnson,FW,0.0,0.0,0.0,0,0
2026-07-02,Colorado Springs Switchbacks FC,A. Rocha,DF,0.0,0.0,0.0,0,0
2026-07-02,Colorado Springs Switchbacks FC,S. Williams,MF,0.0,0.0,0.0,0,0
2026-07-02,Colorado Springs Switchbacks FC,J. Maples,DF,0.0,0.0,0.0,0,0
2026-07-02,Colorado Springs Switchbacks FC,D. Valenti,MF,0.0,0.0,0.0,0,0
2026-07-02,Colorado Springs Switchbacks FC,Price,FW,0.0,0.0,0.0,0,0
2026-07-02,Como,A. Moreno,DF,0.0,0.0,0.0,0,0
2026-07-02,Como,I. Smolčić,DF,0.0,0.0,0.0,0,0
2026-07-02,Como,M. Caqueret,MF,0.0,0.0,0.0,0,0
2026-07-02,Como,M. Baturina,MF,0.0,0.0,0.0,0,0
2026-07-02,Como,I. V. d. Brempt,DF,0.0,0.0,0.0,0,0
2026-07-02,Como,M. Vigorito,GK,0.0,0.0,0.0,0,0
2026-07-02,Como,N. Čavlina,GK,0.0,0.0,0.0,0,0
2026-07-02,Como,N. Törnqvist,GK,0.0,0.0,0.0,0,0
2026-07-02,Como,E. Goldaniga,DF,0.0,0.0,0.0,0,0
2026-07-02,Como,A. Lahdo,MF,0.0,0.0,0.0,0,0
2026-07-02,Como,S. Roberto,MF,0.0,0.0,0.0,0,0
2026-07-02,Como,N. Kühn,FW,0.0,0.0,0.0,0,0
2026-07-02,Como,Á. Morata,FW,0.0,0.0,0.0,0,0
2026-07-02,Coquimbo Unido,S. Cordero,MF,0.0,0.0,0.0,0,0
2026-07-02,Coquimbo Unido,A. Azócar,FW,0.0,0.0,0.0,0,0
2026-07-02,Coquimbo Unido,L. Pratto,FW,0.0,0.0,0.0,0,0
2026-07-02,Coquimbo Unido,D. Glaby,MF,0.0,0.0,0.0,0,0
2026-07-02,Coquimbo Unido,C. Dorador,GK,0.0,0.0,0.0,0,0
2026-07-02,Coquimbo Unido,L. Soza,DF,0.0,0.0,0.0,0,0
2026-07-02,Coquimbo Unido,S. Cabrera,DF,0.0,0.0,0.0,0,0
2026-07-02,Coquimbo Unido,E. Hernández,DF,0.0,0.0,0.0,0,0
2026-07-02,Coquimbo Unido,D. Escobar,DF,0.0,0.0,0.0,0,0
2026-07-02,Coquimbo Unido,M. Mundaca,FW,0.0,0.0,0.0,0,0
2026-07-02,Coquimbo Unido,L. Riveros,FW,0.0,0.0,0.0,0,0
2026-07-02,Corinthians,Dieguinho,DF,0.0,0.0,0.0,0,0
2026-07-02,Corinthians,Kaio César,FW,0.0,0.0,0.0,0,0
2026-07-02,Corinthians,Z. Labyad,FW,0.0,0.0,0.0,0,0
2026-07-02,Corinthians,P. Raul,FW,0.0,0.0,0.0,0,0
2026-07-02,Corinthians,A. Santana,MF,0.0,0.0,0.0,0,0
2026-07-02,Corinthians,F. Longo,GK,0.0,0.0,0.0,0,0
2026-07-02,Corinthians,Kauê,GK,0.0,0.0,0.0,0,0
2026-07-02,Corinthians,F. Angileri,DF,0.0,0.0,0.0,0,0
2026-07-02,Corinthians,I. Machado,DF,0.0,0.0,0.0,0,0
2026-07-02,Corinthians,P. Milans,DF,0.0,0.0,0.0,0,0
2026-07-02,Corinthians,Nícollas,FW,0.0,0.0,0.0,0,0
2026-07-02,Corinthians,G. Negão,FW,0.0,0.0,0.0,0,0
2026-07-02,Corinthians,M. Pereira,DF,0.0,0.0,0.0,0,0
2026-07-02,Corinthians,A. Carrillo,MF,0.0,0.0,0.0,0,0
2026-07-02,Corinthians,A. Ramalho,DF,0.0,0.0,0.0,0,0
2026-07-02,Coritiba,D. Alves,FW,0.0,0.0,0.0,0,0
2026-07-02,Coritiba,Enzo,FW,0.0,0.0,0.0,0,0
2026-07-02,Coritiba,R. Moledo,DF,0.0,0.0,0.0,0,0
2026-07-02,Coritiba,Wallisson Luiz,MF,0.0,0.0,0.0,0,0
2026-07-02,Coritiba,Gustavo,MF,0.0,0.0,0.0,0,0
2026-07-02,Coritiba,Renato Marques,FW,0.0,0.0,0.0,0,0
2026-07-02,Coritiba,F. Sobral,MF,0.0,0.0,0.0,0,0
2026-07-02,Coritiba,G. Leite,GK,0.0,0.0,0.0,0,0
2026-07-02,Coritiba,Benassi,GK,0.0,0.0,0.0,0,0
2026-07-02,Coritiba,J.P. Chermont,DF,0.0,0.0,0.0,0,0
2026-07-02,Coritiba,L. Taverna,DF,0.0,0.0,0.0,0,0
2026-07-02,Coritiba,W. Oliveira,MF,0.0,0.0,0.0,0,0
2026-07-02,Cracovia,M. Minchev,MF,0.0,0.0,0.0,0,0
2026-07-02,Cracovia,M. Praszelik,MF,0.0,0.0,0.0,0,0
2026-07-02,Cracovia,D. Kameri,MF,0.0,0.0,0.0,0,0
2026-07-02,Cracovia,G. Charpentier,FW,0.0,0.0,0.0,0,0
2026-07-02,Cracovia,H. Ravas,GK,0.0,0.0,0.0,0,0
2026-07-02,Cracovia,K. Glik,DF,0.0,0.0,0.0,0,0
2026-07-02,Cracovia,B. Selan,MF,0.0,0.0,0.0,0,0
2026-07-02,Cracovia,K. Knap,MF,0.0,0.0,0.0,0,0
2026-07-02,Cracovia,M. Tabisz,MF,0.0,0.0,0.0,0,0
2026-07-02,Cracovia,P. Sans,FW,0.0,0.0,0.0,0,0
2026-07-02,Cracovia,J. Batoum,FW,0.0,0.0,0.0,0,0
2026-07-02,Cremonese,M. Bianchetti,DF,0.0,0.0,0.0,0,0
2026-07-02,Cremonese,M. Payero,MF,0.0,0.0,0.0,0,0
2026-07-02,Cremonese,W. Bondo,MF,0.0,0.0,0.0,0,0
2026-07-02,Cremonese,J. Vardy,FW,0.0,0.0,0.0,0,0
2026-07-02,Cremonese,T. Barbieri,DF,0.0,0.0,0.0,0,0
2026-07-02,Cremonese,M. Silvestri,GK,0.0,0.0,0.0,0,0
2026-07-02,Cremonese,L. Nava,GK,0.0,0.0,0.0,0,0
2026-07-02,Cremonese,M. Faye,DF,0.0,0.0,0.0,0,0
2026-07-02,Cremonese,F. Ceccherini,DF,0.0,0.0,0.0,0,0
2026-07-02,Cremonese,F. Folino,DF,0.0,0.0,0.0,0,0
2026-07-02,Cremonese,M. Collocolo,MF,0.0,0.0,0.0,0,0
2026-07-02,Cremonese,M. Thorsby,MF,0.0,0.0,0.0,0,0
2026-07-02,Cremonese,M. Đurić,FW,0.0,0.0,0.0,0,0
2026-07-02,Cremonese,D. Okereke,FW,0.0,0.0,0.0,0,0
2026-07-02,Criciúma,Pedro,GK,0.0,0.0,0.0,0,0
2026-07-02,Criciúma,Nicolas,FW,0.0,0.0,0.0,0,0
2026-07-02,Criciúma,Diego Gonçalves,FW,0.0,0.0,0.0,0,0
2026-07-02,Criciúma,Jean Irmer,MF,0.0,0.0,0.0,0,0
2026-07-02,Criciúma,Cauê,FW,0.0,0.0,0.0,0,0
2026-07-02,Criciúma,W. Lepo,DF,0.0,0.0,0.0,0,0
2026-07-02,Criciúma,R. Otero,MF,0.0,0.0,0.0,0,0
2026-07-02,Criciúma,H. Alves,MF,0.0,0.0,0.0,0,0
2026-07-02,Criciúma,E. Biasi,MF,0.0,0.0,0.0,0,0
2026-07-02,Criciúma,T. R. S. Modesto,MF,0.0,0.0,0.0,0,0
2026-07-02,Criciúma,João Carlos,FW,0.0,0.0,0.0,0,0
2026-07-02,Cruz Azul,J. Márquez,MF,0.0,0.0,0.0,0,0
2026-07-02,Cruz Azul,A. Montaño,MF,0.0,0.0,0.0,0,0
2026-07-02,Cruz Azul,L. Romero,FW,0.0,0.0,0.0,0,0
2026-07-02,Cruz Azul,B. Gamboa,FW,0.0,0.0,0.0,0,0
2026-07-02,Cruz Azul,A. Gudiño,GK,0.0,0.0,0.0,0,0
2026-07-02,Cruz Azul,J. Díaz,DF,0.0,0.0,0.0,0,0
2026-07-02,Cruz Azul,A. C. Sevilla,MF,0.0,0.0,0.0,0,0
2026-07-02,Cruz Azul,I. Silva,MF,0.0,0.0,0.0,0,0
2026-07-02,Cruz Azul,A. Morales,MF,0.0,0.0,0.0,0,0
2026-07-02,Cruz Azul,M. Levy,FW,0.0,0.0,0.0,0,0
2026-07-02,Cruz Azul,G. Fernández,FW,0.0,0.0,0.0,0,0
2026-07-02,Cruzeiro,N. Villarreal,MF,0.0,0.0,0.0,0,0
2026-07-02,Cruzeiro,Wanderson,FW,0.0,0.0,0.0,0,0
2026-07-02,Cruzeiro,B. Rodrigues,FW,0.0,0.0,0.0,0,0
2026-07-02,Cruzeiro,J. Marcelo,DF,0.0,0.0,0.0,0,0
2026-07-02,Cruzeiro,M. Henrique,MF,0.0,0.0,0.0,0,0
2026-07-02,Cruzeiro,M. Cunha,GK,0.0,0.0,0.0,0,0
2026-07-02,Cruzeiro,Fagner,DF,0.0,0.0,0.0,0,0
2026-07-02,Cruzeiro,L. Villalba,DF,0.0,0.0,0.0,0,0
2026-07-02,Cruzeiro,W. Furtado,DF,0.0,0.0,0.0,0,0
2026-07-02,Cruzeiro,K. Kenji,FW,0.0,0.0,0.0,0,0
2026-07-02,Cruzeiro,L. Silva,FW,0.0,0.0,0.0,0,0
2026-07-02,Cruzeiro,L. Sinisterra,FW,0.0,0.0,0.0,0,0
2026-07-02,Cruzeiro,K. Moraes,DF,0.0,0.0,0.0,0,0
2026-07-02,Cruzeiro,Chico da Costa,FW,0.0,0.0,0.0,0,0
2026-07-02,Cruzeiro,K. Jorge,FW,0.0,0.0,0.0,0,0
2026-07-02,Cruzeiro,B. Alves,DF,0.0,0.0,0.0,0,0
2026-07-02,Cruzeiro,Marquinhos,FW,0.0,0.0,0.0,0,0
2026-07-02,Cruzeiro,Christian,MF,0.0,0.0,0.0,0,0
2026-07-02,Cruzeiro,Japa,MF,0.0,0.0,0.0,0,0
2026-07-02,Crystal Palace,T. Mitchell,DF,0.0,0.0,0.0,0,0
2026-07-02,Crystal Palace,A. Wharton,MF,0.0,0.0,0.0,0,0
2026-07-02,Crystal Palace,I. Sarr,FW,0.0,0.0,0.0,0,0
2026-07-02,Crystal Palace,J. Mateta,FW,0.0,0.0,0.0,0,0
2026-07-02,Crystal Palace,C. Richards,DF,0.0,0.0,0.0,0,0
2026-07-02,Crystal Palace,W. Benítez,GK,0.0,0.0,0.0,0,0
2026-07-02,Crystal Palace,R. Matthews,GK,0.0,0.0,0.0,0,0
2026-07-02,Crystal Palace,N. Clyne,DF,0.0,0.0,0.0,0,0
2026-07-02,Crystal Palace,R. Cardines,MF,0.0,0.0,0.0,0,0
2026-07-02,Cuiabá,J. Carlos,GK,0.0,0.0,0.0,0,0
2026-07-02,Cuiabá,Luisão,DF,0.0,0.0,0.0,0,0
2026-07-02,Cuiabá,Y. Asad,FW,0.0,0.0,0.0,0,0
2026-07-02,Cuiabá,V. Peixoto,FW,0.0,0.0,0.0,0,0
2026-07-02,Cuiabá,Weverson,MF,0.0,0.0,0.0,0,0
2026-07-02,Cuiabá,Araújo,MF,0.0,0.0,0.0,0,0
2026-07-02,Cuiabá,Victor,MF,0.0,0.0,0.0,0,0
2026-07-02,Cuiabá,M. Criciuma,FW,0.0,0.0,0.0,0,0
2026-07-02,Cultural Leonesa,P. Rodríguez,DF,0.0,0.0,0.0,0,0
2026-07-02,Cultural Leonesa,R. Tresaco,FW,0.0,0.0,0.0,0,0
2026-07-02,Cultural Leonesa,L. Ribeiro,FW,0.0,0.0,0.0,0,0
2026-07-02,Cultural Leonesa,M. Barzić,DF,0.0,0.0,0.0,0,0
2026-07-02,Cultural Leonesa,S. Maestre,MF,0.0,0.0,0.0,0,0
2026-07-02,Cultural Leonesa,D. Collado,FW,0.0,0.0,0.0,0,0
2026-07-02,Cultural Leonesa,M. Bañuz,GK,0.0,0.0,0.0,0,0
2026-07-02,Cultural Leonesa,A. Rafús,GK,0.0,0.0,0.0,0,0
2026-07-02,Cultural Leonesa,R. Hinojo,DF,0.0,0.0,0.0,0,0
2026-07-02,Cultural Leonesa,E. Satrustegui,DF,0.0,0.0,0.0,0,0
2026-07-02,Cultural Leonesa,S. Diallo,MF,0.0,0.0,0.0,0,0
2026-07-02,Cultural Leonesa,Yayo,MF,0.0,0.0,0.0,0,0
2026-07-02,Cusco FC,G. Choi,DF,0.0,0.0,0.0,0,0
2026-07-02,Cusco FC,N. Silva,FW,0.0,0.0,0.0,0,0
2026-07-02,Cusco FC,J. Tévez,FW,0.0,0.0,0.0,0,0
2026-07-02,Cusco FC,G. Carabajal,MF,0.0,0.0,0.0,0,0
2026-07-02,Cusco FC,J. Bolivar,DF,0.0,0.0,0.0,0,0
2026-07-02,Cusco FC,A. Vidal,GK,0.0,0.0,0.0,0,0
2026-07-02,Cusco FC,C. Gamarra,DF,0.0,0.0,0.0,0,0
2026-07-02,Cusco FC,J. Astudillo,DF,0.0,0.0,0.0,0,0
2026-07-02,Cusco FC,J. A. Gutiérrez,MF,0.0,0.0,0.0,0,0
2026-07-02,Cusco FC,M. Aucca,MF,0.0,0.0,0.0,0,0
2026-07-02,Cusco FC,C. Diez,MF,0.0,0.0,0.0,0,0
2026-07-02,Cádiz,M. Diakité,MF,0.0,0.0,0.0,0,0
2026-07-02,Cádiz,B. Ocampo,FW,0.0,0.0,0.0,0,0
2026-07-02,Cádiz,J. A. d. l. Rosa,FW,0.0,0.0,0.0,0,0
2026-07-02,Cádiz,R. Martí,FW,0.0,0.0,0.0,0,0
2026-07-02,Cádiz,V. W. Aznar,GK,0.0,0.0,0.0,0,0
2026-07-02,Cádiz,S. Arribas,DF,0.0,0.0,0.0,0,0
2026-07-02,Cádiz,A. Caicedo,DF,0.0,0.0,0.0,0,0
2026-07-02,Cádiz,R. Kouamé,MF,0.0,0.0,0.0,0,0
2026-07-02,Cádiz,J. Domina,FW,0.0,0.0,0.0,0,0
2026-07-02,Cádiz,D. Camara,FW,0.0,0.0,0.0,0,0
2026-07-02,DC United,A. Herrera,DF,0.0,0.0,0.0,0,0
2026-07-02,DC United,N. Markovic,DF,0.0,0.0,0.0,0,0
2026-07-02,DC United,J. Murrell,FW,0.0,0.0,0.0,0,0
2026-07-02,DC United,C. Antley,DF,0.0,0.0,0.0,0,0
2026-07-02,DC United,J. Farr,GK,0.0,0.0,0.0,0,0
2026-07-02,DC United,A. Bono,GK,0.0,0.0,0.0,0,0
2026-07-02,DC United,C. Clark,MF,0.0,0.0,0.0,0,0
2026-07-02,DC United,H. Kijima,MF,0.0,0.0,0.0,0,0
2026-07-02,DC United,G. Turner,MF,0.0,0.0,0.0,0,0
2026-07-02,DC United,T. Baribo,FW,0.0,0.0,0.0,0,0
2026-07-02,DUX Logroño,L. Martínez,DF,0.0,0.0,0.0,0,0
2026-07-02,DUX Logroño,L. V. Martínez,DF,0.0,0.0,0.0,0,0
2026-07-02,DUX Logroño,I. Castro,DF,0.0,0.0,0.0,0,0
2026-07-02,DUX Logroño,M. Asenjo,FW,0.0,0.0,0.0,0,0
2026-07-02,DUX Logroño,W. Fon,FW,0.0,0.0,0.0,0,0
2026-07-02,DUX Logroño,C. L. Ashurst,GK,0.0,0.0,0.0,0,0
2026-07-02,DUX Logroño,C. Soto,GK,0.0,0.0,0.0,0,0
2026-07-02,DUX Logroño,A. Colomina,DF,0.0,0.0,0.0,0,0
2026-07-02,DUX Logroño,C. Yeboah,DF,0.0,0.0,0.0,0,0
2026-07-02,DUX Logroño,M. Martín,DF,0.0,0.0,0.0,0,0
2026-07-02,DUX Logroño,M. Giménez,FW,0.0,0.0,0.0,0,0
2026-07-02,DUX Logroño,I. Toledo,FW,0.0,0.0,0.0,0,0
2026-07-02,Daejeon Hana Citizen,G. Ludwigson,MF,0.0,0.0,0.0,0,0
2026-07-02,Daejeon Hana Citizen,J. S. Seo,FW,0.0,0.0,0.0,0,0
2026-07-02,Daejeon Hana Citizen,M. K. Ju,FW,0.0,0.0,0.0,0,0
2026-07-02,Daejeon Hana Citizen,M. J. Lee,DF,0.0,0.0,0.0,0,0
2026-07-02,Daejeon Hana Citizen,L. Jun-Seo,GK,0.0,0.0,0.0,0,0
2026-07-02,Daejeon Hana Citizen,M. D. Kim,DF,0.0,0.0,0.0,0,0
2026-07-02,Daejeon Hana Citizen,H. U. Kim,MF,0.0,0.0,0.0,0,0
2026-07-02,Daejeon Hana Citizen,K. H. Yu,FW,0.0,0.0,0.0,0,0
2026-07-02,Daejeon Hana Citizen,Y. Kang,DF,0.0,0.0,0.0,0,0
2026-07-02,Daejeon Hana Citizen,Diogo Oliveira,FW,0.0,0.0,0.0,0,0
2026-07-02,Daejeon Hana Citizen,V. Bobsin,MF,0.0,0.0,0.0,0,0
2026-07-02,Daejeon Hana Citizen,J. Victor,FW,0.0,0.0,0.0,0,0
2026-07-02,Dalian Yingbo FC,C. Zhang,DF,0.0,0.0,0.0,0,0
2026-07-02,Dalian Yingbo FC,L. Zhuoyi,MF,0.0,0.0,0.0,0,0
2026-07-02,Dalian Yingbo FC,S. Huang,MF,0.0,0.0,0.0,0,0
2026-07-02,Dalian Yingbo FC,P. Lü,MF,0.0,0.0,0.0,0,0
2026-07-02,Dalian Yingbo FC,P. Shunjie,DF,0.0,0.0,0.0,0,0
2026-07-02,Dalian Yingbo FC,W. Liu,GK,0.0,0.0,0.0,0,0
2026-07-02,Dalian Yingbo FC,G. Peng,GK,0.0,0.0,0.0,0,0
2026-07-02,Dalian Yingbo FC,J. Wen,DF,0.0,0.0,0.0,0,0
2026-07-02,Dalian Yingbo FC,Y. Song,DF,0.0,0.0,0.0,0,0
2026-07-02,Dalian Yingbo FC,M. Traoré,DF,0.0,0.0,0.0,0,0
2026-07-02,Dalian Yingbo FC,H. Zhang,MF,0.0,0.0,0.0,0,0
2026-07-02,Dalian Yingbo FC,Y. Yihan,MF,0.0,0.0,0.0,0,0
2026-07-02,Dalian Yingbo FC,S. Kangbo,DF,0.0,0.0,0.0,0,0
2026-07-02,Dalian Yingbo FC,Z. Pengyu,FW,0.0,0.0,0.0,0,0
2026-07-02,De Graafschap,F. De Jong,MF,0.0,0.0,0.0,0,0
2026-07-02,De Graafschap,K. Symons,DF,0.0,0.0,0.0,0,0
2026-07-02,De Graafschap,M. Smits,MF,0.0,0.0,0.0,0,0
2026-07-02,De Graafschap,I. E. Kadiri,FW,0.0,0.0,0.0,0,0
2026-07-02,De Graafschap,K. Kwint,FW,0.0,0.0,0.0,0,0
2026-07-02,De Graafschap,S. Kremers,GK,0.0,0.0,0.0,0,0
2026-07-02,De Graafschap,R. Jonkers,GK,0.0,0.0,0.0,0,0
2026-07-02,De Graafschap,T. Grotenhuis,MF,0.0,0.0,0.0,0,0
2026-07-02,De Graafschap,N. Hartgers,MF,0.0,0.0,0.0,0,0
2026-07-02,De Graafschap,D. Eijken,MF,0.0,0.0,0.0,0,0
2026-07-02,De Graafschap,J. Simons,MF,0.0,0.0,0.0,0,0
2026-07-02,De Graafschap,T. Braem,MF,0.0,0.0,0.0,0,0
2026-07-02,De Graafschap,N. Eggens,FW,0.0,0.0,0.0,0,0
2026-07-02,De Graafschap,J. Hardeman,DF,0.0,0.0,0.0,0,0
2026-07-02,De Graafschap,N. Kaninda,FW,0.0,0.0,0.0,0,0
2026-07-02,De Graafschap,R. Niemeijer,FW,0.0,0.0,0.0,0,0
2026-07-02,Degerfors IF,J. Hernández,DF,0.0,0.0,0.0,0,0
2026-07-02,Degerfors IF,D. Vukojevic,FW,0.0,0.0,0.0,0,0
2026-07-02,Degerfors IF,E. Lindell,DF,0.0,0.0,0.0,0,0
2026-07-02,Degerfors IF,O. Leonardsson,FW,0.0,0.0,0.0,0,0
2026-07-02,Degerfors IF,Z. Salifu,FW,0.0,0.0,0.0,0,0
2026-07-02,Degerfors IF,R. Forsell,GK,0.0,0.0,0.0,0,0
2026-07-02,Degerfors IF,J. Pikkarainen,DF,0.0,0.0,0.0,0,0
2026-07-02,Degerfors IF,A. Berisson,FW,0.0,0.0,0.0,0,0
2026-07-02,Degerfors IF,A. Taranis,FW,0.0,0.0,0.0,0,0
2026-07-02,Deportes Tolima,J. Mosquera,DF,0.0,0.0,0.0,0,0
2026-07-02,Deportes Tolima,C. Trujillo,MF,0.0,0.0,0.0,0,0
2026-07-02,Deportes Tolima,J. Nieto,MF,0.0,0.0,0.0,0,0
2026-07-02,Deportes Tolima,J. Valencia,FW,0.0,0.0,0.0,0,0
2026-07-02,Deportes Tolima,L. Marquinez,GK,0.0,0.0,0.0,0,0
2026-07-02,Deportes Tolima,D. Pedrozo,DF,0.0,0.0,0.0,0,0
2026-07-02,Deportes Tolima,S. Barbosa,DF,0.0,0.0,0.0,0,0
2026-07-02,Deportes Tolima,E. Valencia,FW,0.0,0.0,0.0,0,0
2026-07-02,Deportes Tolima,N. Sánchez,FW,0.0,0.0,0.0,0,0
2026-07-02,Deportes Tolima,Y. Moreno,MF,0.0,0.0,0.0,0,0
2026-07-02,Deportivo Alavés,R. Fernández,GK,0.0,0.0,0.0,0,0
2026-07-02,Deportivo Alavés,D. Suárez,MF,0.0,0.0,0.0,0,0
2026-07-02,Deportivo Alavés,Y. Enriquez,DF,0.0,0.0,0.0,0,0
2026-07-02,Deportivo Alavés,C. Benavídez,MF,0.0,0.0,0.0,0,0
2026-07-02,Deportivo Alavés,A. Guevara,MF,0.0,0.0,0.0,0,0
2026-07-02,Deportivo Alavés,A. Mañas,FW,0.0,0.0,0.0,0,0
2026-07-02,Deportivo Alavés,G. Swiderski,GK,0.0,0.0,0.0,0,0
2026-07-02,Deportivo Alavés,E. Muñoz,DF,0.0,0.0,0.0,0,0
2026-07-02,Deportivo Alavés,V. Koski,DF,0.0,0.0,0.0,0,0
2026-07-02,Deportivo Alavés,J. Pacheco,DF,0.0,0.0,0.0,0,0
2026-07-02,Deportivo Alavés,Calebe,MF,0.0,0.0,0.0,0,0
2026-07-02,Deportivo Cuenca,I. Mosquera,DF,0.0,0.0,0.0,0,0
2026-07-02,Deportivo Cuenca,J. Mejía,MF,0.0,0.0,0.0,0,0
2026-07-02,Deportivo Cuenca,E. Minda,GK,0.0,0.0,0.0,0,0
2026-07-02,Deportivo Cuenca,E. Guevara,DF,0.0,0.0,0.0,0,0
2026-07-02,Deportivo Cuenca,J. Chacon,MF,0.0,0.0,0.0,0,0
2026-07-02,Deportivo Cuenca,C. Arboleda,FW,0.0,0.0,0.0,0,0
2026-07-02,Deportivo Cuenca,S. Morocho,DF,0.0,0.0,0.0,0,0
2026-07-02,Deportivo Cuenca,M. Sigüenza,FW,0.0,0.0,0.0,0,0
2026-07-02,Deportivo Cuenca,N. Leguizamón,FW,0.0,0.0,0.0,0,0
2026-07-02,Deportivo La Guaira,R. Arace,FW,0.0,0.0,0.0,0,0
2026-07-02,Deportivo La Guaira,A. Uribe,FW,0.0,0.0,0.0,0,0
2026-07-02,Deportivo La Guaira,F. Cáceres,MF,0.0,0.0,0.0,0,0
2026-07-02,Deportivo La Guaira,C. D. Silva,MF,0.0,0.0,0.0,0,0
2026-07-02,Deportivo La Guaira,D. Osío,DF,0.0,0.0,0.0,0,0
2026-07-02,Deportivo La Guaira,G. Ascanio,DF,0.0,0.0,0.0,0,0
2026-07-02,Deportivo La Guaira,Y. Rivas,FW,0.0,0.0,0.0,0,0
2026-07-02,Deportivo La Guaira,M. Sulbarán,MF,0.0,0.0,0.0,0,0
2026-07-02,Deportivo Riestra,P. Ramírez,DF,0.0,0.0,0.0,0,0
2026-07-02,Deportivo Riestra,M. Smarra,MF,0.0,0.0,0.0,0,0
2026-07-02,Deportivo Riestra,N. Sansotre,DF,0.0,0.0,0.0,0,0
2026-07-02,Deportivo Riestra,R. Sayavedra,FW,0.0,0.0,0.0,0,0
2026-07-02,Deportivo Riestra,P. Madero,MF,0.0,0.0,0.0,0,0
2026-07-02,Deportivo Riestra,A. Alonso,FW,0.0,0.0,0.0,0,0
2026-07-02,Deportivo Riestra,G. Obredor,MF,0.0,0.0,0.0,0,0
2026-07-02,Deportivo Riestra,L. Duarte,FW,0.0,0.0,0.0,0,0
2026-07-02,Deportivo de La Coruña,A. Comas,DF,0.0,0.0,0.0,0,0
2026-07-02,Deportivo de La Coruña,N. Carrillo,MF,0.0,0.0,0.0,0,0
2026-07-02,Deportivo de La Coruña,Z. Eddahchouri,FW,0.0,0.0,0.0,0,0
2026-07-02,Deportivo de La Coruña,S. Escudero,DF,0.0,0.0,0.0,0,0
2026-07-02,Deportivo de La Coruña,Stoichkov,FW,0.0,0.0,0.0,0,0
2026-07-02,Deportivo de La Coruña,G. Parreño,GK,0.0,0.0,0.0,0,0
2026-07-02,Deportivo de La Coruña,D. Barcia,DF,0.0,0.0,0.0,0,0
2026-07-02,Deportivo de La Coruña,J. Á. Jurado,MF,0.0,0.0,0.0,0,0
2026-07-02,Deportivo de La Coruña,C. Patino,MF,0.0,0.0,0.0,0,0
2026-07-02,Deportivo de La Coruña,C. Herrera,FW,0.0,0.0,0.0,0,0
2026-07-02,Deportivo de La Coruña,S. Mulattieri,FW,0.0,0.0,0.0,0,0
2026-07-02,Detroit City FC,R. Williams,DF,0.0,0.0,0.0,0,0
2026-07-02,Detroit City FC,A. Stanley,DF,0.0,0.0,0.0,0,0
2026-07-02,Detroit City FC,B. Morris,FW,0.0,0.0,0.0,0,0
2026-07-02,Detroit City FC,R. Hope-Gund,DF,0.0,0.0,0.0,0,0
2026-07-02,Detroit City FC,C. Saldaña,GK,0.0,0.0,0.0,0,0
2026-07-02,Detroit City FC,C. Egbuchulam,FW,0.0,0.0,0.0,0,0
2026-07-02,Difaâ Hassani El-Jadidi,O. Benchchaoui,MF,0.0,0.0,0.0,0,0
2026-07-02,Difaâ Hassani El-Jadidi,B. E. I. Bouzidi,MF,0.0,0.0,0.0,0,0
2026-07-02,Difaâ Hassani El-Jadidi,Y. Lamine,FW,0.0,0.0,0.0,0,0
2026-07-02,Difaâ Hassani El-Jadidi,I. Sabik,FW,0.0,0.0,0.0,0,0
2026-07-02,Difaâ Hassani El-Jadidi,M. Hilali,MF,0.0,0.0,0.0,0,0
2026-07-02,Difaâ Hassani El-Jadidi,A. A. Wahmane,GK,0.0,0.0,0.0,0,0
2026-07-02,Difaâ Hassani El-Jadidi,A. Riyane,MF,0.0,0.0,0.0,0,0
2026-07-02,Difaâ Hassani El-Jadidi,A. Mostakime,MF,0.0,0.0,0.0,0,0
2026-07-02,Difaâ Hassani El-Jadidi,P. S. Diallo,MF,0.0,0.0,0.0,0,0
2026-07-02,Difaâ Hassani El-Jadidi,A. Ennakouss,FW,0.0,0.0,0.0,0,0
2026-07-02,Difaâ Hassani El-Jadidi,A. E. Khaffi,MF,0.0,0.0,0.0,0,0
2026-07-02,Difaâ Hassani El-Jadidi,Z. Oubraim,DF,0.0,0.0,0.0,0,0
2026-07-02,Difaâ Hassani El-Jadidi,H. Jamaane,MF,0.0,0.0,0.0,0,0
2026-07-02,Djurgårdens IF,D. Stensson,MF,0.0,0.0,0.0,0,0
2026-07-02,Djurgårdens IF,M. Anderson,MF,0.0,0.0,0.0,0,0
2026-07-02,Djurgårdens IF,A. Saeed,FW,0.0,0.0,0.0,0,0
2026-07-02,Djurgårdens IF,J. Asoro,FW,0.0,0.0,0.0,0,0
2026-07-02,Djurgårdens IF,A. Stahl,DF,0.0,0.0,0.0,0,0
2026-07-02,Djurgårdens IF,F. Manojlović,GK,0.0,0.0,0.0,0,0
2026-07-02,Djurgårdens IF,L. Hien,FW,0.0,0.0,0.0,0,0
2026-07-02,Djurgårdens IF,J. U. Larsson,DF,0.0,0.0,0.0,0,0
2026-07-02,Djurgårdens IF,O. Fallenius,FW,0.0,0.0,0.0,0,0
2026-07-02,Djurgårdens IF,P. Langhoff,MF,0.0,0.0,0.0,0,0
2026-07-02,Dundee FC,B. Koumetio,DF,0.0,0.0,0.0,0,0
2026-07-02,Dundee FC,I. Samuels,DF,0.0,0.0,0.0,0,0
2026-07-02,Dundee FC,F. Robertson,MF,0.0,0.0,0.0,0,0
2026-07-02,Dundee FC,S. Wright,FW,0.0,0.0,0.0,0,0
2026-07-02,Dundee FC,A. Hay,FW,0.0,0.0,0.0,0,0
2026-07-02,Dundee FC,H. Sharp,GK,0.0,0.0,0.0,0,0
2026-07-02,Dundee FC,C. Reilly,FW,0.0,0.0,0.0,0,0
2026-07-02,Dundee FC,J. Cotterill,MF,0.0,0.0,0.0,0,0
2026-07-02,Dundee FC,C. Jones,MF,0.0,0.0,0.0,0,0
2026-07-02,Dundee United,J. Eskesen,MF,0.0,0.0,0.0,0,0
2026-07-02,Dundee United,M. Watters,FW,0.0,0.0,0.0,0,0
2026-07-02,Dundee United,I. Dolček,FW,0.0,0.0,0.0,0,0
2026-07-02,Dundee United,J. Russell,FW,0.0,0.0,0.0,0,0
2026-07-02,Dundee United,P. Camará,MF,0.0,0.0,0.0,0,0
2026-07-02,Dundee United,R. Adams,GK,0.0,0.0,0.0,0,0
2026-07-02,Dundee United,S. Cleall-Harding,DF,0.0,0.0,0.0,0,0
2026-07-02,Dundee United,C. Sibbald,MF,0.0,0.0,0.0,0,0
2026-07-02,Dundee United,O. Stirton,DF,0.0,0.0,0.0,0,0
2026-07-02,Dunfermline Athletic,J. Tod,DF,0.0,0.0,0.0,0,0
2026-07-02,Dunfermline Athletic,J. Cooper,MF,0.0,0.0,0.0,0,0
2026-07-02,Dunfermline Athletic,T. Oakley-Boothe,MF,0.0,0.0,0.0,0,0
2026-07-02,Dunfermline Athletic,B. Terrell,GK,0.0,0.0,0.0,0,0
2026-07-02,Dunfermline Athletic,S. Kearney,DF,0.0,0.0,0.0,0,0
2026-07-02,Dunfermline Athletic,K. Benedictus,DF,0.0,0.0,0.0,0,0
2026-07-02,Dunfermline Athletic,C. Hamilton,DF,0.0,0.0,0.0,0,0
2026-07-02,Dunfermline Athletic,K. Bray,MF,0.0,0.0,0.0,0,0
2026-07-02,Dunfermline Athletic,L. Fyfe,FW,0.0,0.0,0.0,0,0
2026-07-02,Dunfermline Athletic,A. Amade,MF,0.0,0.0,0.0,0,0
2026-07-02,ES Métlaoui,K. Tlili,GK,0.0,0.0,0.0,0,0
2026-07-02,ES Métlaoui,F. Meskini,DF,0.0,0.0,0.0,0,0
2026-07-02,ES Métlaoui,R. Fadaa,DF,0.0,0.0,0.0,0,0
2026-07-02,ES Métlaoui,I. Fajraoui,DF,0.0,0.0,0.0,0,0
2026-07-02,ES Métlaoui,Y. Messaoui,MF,0.0,0.0,0.0,0,0
2026-07-02,ES Métlaoui,S. Bouani,MF,0.0,0.0,0.0,0,0
2026-07-02,ES Métlaoui,A. Bangoura,MF,0.0,0.0,0.0,0,0
2026-07-02,ES Métlaoui,B. Hajji,FW,0.0,0.0,0.0,0,0
2026-07-02,ES Métlaoui,B. Nana,FW,0.0,0.0,0.0,0,0
2026-07-02,ES Zarzis,H. Ghanmi,GK,0.0,0.0,0.0,0,0
2026-07-02,ES Zarzis,M. Chouchane,MF,0.0,0.0,0.0,0,0
2026-07-02,ES Zarzis,A. Tajouri,MF,0.0,0.0,0.0,0,0
2026-07-02,ES Zarzis,Y. S. Abubakar,MF,0.0,0.0,0.0,0,0
2026-07-02,ES Zarzis,M. M. Zidi,MF,0.0,0.0,0.0,0,0
2026-07-02,ES Zarzis,A. M. Yassine,MF,0.0,0.0,0.0,0,0
2026-07-02,ES Zarzis,M. H. Jertila,FW,0.0,0.0,0.0,0,0
2026-07-02,ES Zarzis,A. Garreb,FW,0.0,0.0,0.0,0,0
2026-07-02,ES Zarzis,D. Onyemuchara,FW,0.0,0.0,0.0,0,0
2026-07-02,Eastern Suburbs,L. Cant,FW,0.0,0.0,0.0,0,0
2026-07-02,Eastern Suburbs,J. Hudson,DF,0.0,0.0,0.0,0,0
2026-07-02,Eastern Suburbs,K. Imanzi,MF,0.0,0.0,0.0,0,0
2026-07-02,Eastern Suburbs,P. McMahon,FW,0.0,0.0,0.0,0,0
2026-07-02,Eastern Suburbs,R. L. Dettori,MF,0.0,0.0,0.0,0,0
2026-07-02,Eastern Suburbs,V. V. Brunschot,MF,0.0,0.0,0.0,0,0
2026-07-02,Eintracht Frankfurt,M. Götze,MF,0.0,0.0,0.0,0,0
2026-07-02,Eintracht Frankfurt,J. Bahoya,FW,0.0,0.0,0.0,0,0
2026-07-02,Eintracht Frankfurt,A. Knauff,FW,0.0,0.0,0.0,0,0
2026-07-02,Eintracht Frankfurt,A. Amaimouni Echghouyab,FW,0.0,0.0,0.0,0,0
2026-07-02,Eintracht Frankfurt,J. Burkardt,FW,0.0,0.0,0.0,0,0
2026-07-02,Eintracht Frankfurt,Kauã,GK,0.0,0.0,0.0,0,0
2026-07-02,Eintracht Frankfurt,H. Larsson,MF,0.0,0.0,0.0,0,0
2026-07-02,Eintracht Frankfurt,O. Højlund,MF,0.0,0.0,0.0,0,0
2026-07-02,Eintracht Frankfurt,T. Chandler,MF,0.0,0.0,0.0,0,0
2026-07-02,El Paso Locomotive FC,Á. Romero,GK,0.0,0.0,0.0,0,0
2026-07-02,El Paso Locomotive FC,K. Twumasi,DF,0.0,0.0,0.0,0,0
2026-07-02,El Paso Locomotive FC,T. Alfaro,DF,0.0,0.0,0.0,0,0
2026-07-02,El Paso Locomotive FC,D. Gomez,MF,0.0,0.0,0.0,0,0
2026-07-02,El Paso Locomotive FC,D. Abitia,FW,0.0,0.0,0.0,0,0
2026-07-02,El Paso Locomotive FC,O. Mora,FW,0.0,0.0,0.0,0,0
2026-07-02,El Paso Locomotive FC,J. Villagomez,DF,0.0,0.0,0.0,0,0
2026-07-02,El Paso Locomotive FC,A. Ortiz,DF,0.0,0.0,0.0,0,0
2026-07-02,El Paso Locomotive FC,K. Hoban,DF,0.0,0.0,0.0,0,0
2026-07-02,El Paso Locomotive FC,N. Dollenmayer,DF,0.0,0.0,0.0,0,0
2026-07-02,El Paso Locomotive FC,C. F. Sainté,MF,0.0,0.0,0.0,0,0
2026-07-02,El Paso Locomotive FC,S. Mora-Mora,GK,0.0,0.0,0.0,0,0
2026-07-02,El Paso Locomotive FC,N. Cardona,DF,0.0,0.0,0.0,0,0
2026-07-02,Elche,V. Chust,DF,0.0,0.0,0.0,0,0
2026-07-02,Elche,M. Neto,MF,0.0,0.0,0.0,0,0
2026-07-02,Elche,H. Fort,DF,0.0,0.0,0.0,0,0
2026-07-02,Elche,Josan,MF,0.0,0.0,0.0,0,0
2026-07-02,Elche,L. Cepeda,FW,0.0,0.0,0.0,0,0
2026-07-02,Elche,I. Peña,GK,0.0,0.0,0.0,0,0
2026-07-02,Elche,A. Iturbe,GK,0.0,0.0,0.0,0,0
2026-07-02,Elche,B. Sangaré,DF,0.0,0.0,0.0,0,0
2026-07-02,Elche,L. Pétrot,DF,0.0,0.0,0.0,0,0
2026-07-02,Elche,G. Diangana,FW,0.0,0.0,0.0,0,0
2026-07-02,Elche,J. Donald,DF,0.0,0.0,0.0,0,0
2026-07-02,Elche,A. Pedrosa,DF,0.0,0.0,0.0,0,0
2026-07-02,Elche,F. Redondo,MF,0.0,0.0,0.0,0,0
2026-07-02,Elche,J. Piera,FW,0.0,0.0,0.0,0,0
2026-07-02,Enugu Rangers International,G. Abine,GK,0.0,0.0,0.0,0,0
2026-07-02,Enugu Rangers International,D. Itodo ,DF,0.0,0.0,0.0,0,0
2026-07-02,Enugu Rangers International,O. Ifeanyi,DF,0.0,0.0,0.0,0,0
2026-07-02,Enugu Rangers International,A. Opara,DF,0.0,0.0,0.0,0,0
2026-07-02,Enugu Rangers International,K. A. Agu,MF,0.0,0.0,0.0,0,0
2026-07-02,Enugu Rangers International,A. Ifeanyichukwu,MF,0.0,0.0,0.0,0,0
2026-07-02,Enugu Rangers International,I. Pius,FW,0.0,0.0,0.0,0,0
2026-07-02,Enugu Rangers International,I. Yusuf,FW,0.0,0.0,0.0,0,0
2026-07-02,Enugu Rangers International,P. Ezechukwuma,MF,0.0,0.0,0.0,0,0
2026-07-02,Enyimba,O. Samuel,MF,0.0,0.0,0.0,0,0
2026-07-02,Enyimba,O. Odinaka,DF,0.0,0.0,0.0,0,0
2026-07-02,Enyimba,A. I. Kani,FW,0.0,0.0,0.0,0,0
2026-07-02,Enyimba,H. Ndedi,MF,0.0,0.0,0.0,0,0
2026-07-02,Enyimba,O. Nwaoris,MF,0.0,0.0,0.0,0,0
2026-07-02,Enyimba,M. Ukadike,GK,0.0,0.0,0.0,0,0
2026-07-02,Enyimba,I. Mohammed,MF,0.0,0.0,0.0,0,0
2026-07-02,Enyimba,E. Awazie,FW,0.0,0.0,0.0,0,0
2026-07-02,Enyimba,A. Joseph,MF,0.0,0.0,0.0,0,0
2026-07-02,Espanyol,C. Pickel,MF,0.0,0.0,0.0,0,0
2026-07-02,Espanyol,A. Roca,FW,0.0,0.0,0.0,0,0
2026-07-02,Espanyol,P. Milla,MF,0.0,0.0,0.0,0,0
2026-07-02,Espanyol,J. Carreras,FW,0.0,0.0,0.0,0,0
2026-07-02,Espanyol,K. García,FW,0.0,0.0,0.0,0,0
2026-07-02,Espanyol,A. Fortuno,GK,0.0,0.0,0.0,0,0
2026-07-02,Espanyol,J. Salinas,DF,0.0,0.0,0.0,0,0
2026-07-02,Espanyol,C. Riedel,DF,0.0,0.0,0.0,0,0
2026-07-02,Espanyol,M. Rubio,DF,0.0,0.0,0.0,0,0
2026-07-02,Espanyol,F. Gomez,MF,0.0,0.0,0.0,0,0
2026-07-02,Espanyol,L. Castell,FW,0.0,0.0,0.0,0,0
2026-07-02,Espanyol,A. Almansa,FW,0.0,0.0,0.0,0,0
2026-07-02,Espanyol,P. Lozano,MF,0.0,0.0,0.0,0,0
2026-07-02,Espérance Tunis,M. S. Debchi,GK,0.0,0.0,0.0,0,0
2026-07-02,Espérance Tunis,E. Bouzaiene,DF,0.0,0.0,0.0,0,0
2026-07-02,Espérance Tunis,N. Laifi,DF,0.0,0.0,0.0,0,0
2026-07-02,Espérance Tunis,Y. Meriah,DF,0.0,0.0,0.0,0,0
2026-07-02,Espérance Tunis,A. Diakite,FW,0.0,0.0,0.0,0,0
2026-07-02,Espérance Tunis,J. Diarra,FW,0.0,0.0,0.0,0,0
2026-07-02,Espérance Tunis,A. Jebri,FW,0.0,0.0,0.0,0,0
2026-07-02,Espérance Tunis,H. Dhaou,FW,0.0,0.0,0.0,0,0
2026-07-02,Estoril Praia,A. Lacximicant,FW,0.0,0.0,0.0,0,0
2026-07-02,Estoril Praia,G. Costa,DF,0.0,0.0,0.0,0,0
2026-07-02,Estoril Praia,A. Marqués,FW,0.0,0.0,0.0,0,0
2026-07-02,Estoril Praia,Peixinho,FW,0.0,0.0,0.0,0,0
2026-07-02,Estoril Praia,P. Carvalho,DF,0.0,0.0,0.0,0,0
2026-07-02,Estoril Praia,J. Robles,GK,0.0,0.0,0.0,0,0
2026-07-02,Estoril Praia,L. Gomes,MF,0.0,0.0,0.0,0,0
2026-07-02,Estoril Praia,Pizzi,MF,0.0,0.0,0.0,0,0
2026-07-02,Estoril Praia,N. Lominadze,MF,0.0,0.0,0.0,0,0
2026-07-02,Estudiantes de La Plata,F. Farías,MF,0.0,0.0,0.0,0,0
2026-07-02,Estudiantes de La Plata,E. Cetré,FW,0.0,0.0,0.0,0,0
2026-07-02,Estudiantes de La Plata,E. Mancuso,DF,0.0,0.0,0.0,0,0
2026-07-02,Estudiantes de La Plata,S. Núñez,DF,0.0,0.0,0.0,0,0
2026-07-02,Estudiantes de La Plata,L. Alario,FW,0.0,0.0,0.0,0,0
2026-07-02,Estudiantes de La Plata,F. Iacovich,GK,0.0,0.0,0.0,0,0
2026-07-02,Estudiantes de La Plata,J. Pereyra,DF,0.0,0.0,0.0,0,0
2026-07-02,Estudiantes de La Plata,R. Funes Mori,DF,0.0,0.0,0.0,0,0
2026-07-02,Estudiantes de La Plata,J. Sosa,MF,0.0,0.0,0.0,0,0
2026-07-02,Estudiantes de La Plata,L. Cornejo,MF,0.0,0.0,0.0,0,0
2026-07-02,Estudiantes de La Plata,F. Dominguez,FW,0.0,0.0,0.0,0,0
2026-07-02,Etoile Sportive Du Sahel,K. Youssef,GK,0.0,0.0,0.0,0,0
2026-07-02,Etoile Sportive Du Sahel,R. Ouni,DF,0.0,0.0,0.0,0,0
2026-07-02,Etoile Sportive Du Sahel,A. Horchani,DF,0.0,0.0,0.0,0,0
2026-07-02,Etoile Sportive Du Sahel,M. Bouslama,MF,0.0,0.0,0.0,0,0
2026-07-02,Etoile Sportive Du Sahel,M. A. Jebali,MF,0.0,0.0,0.0,0,0
2026-07-02,Etoile Sportive Du Sahel,Cristo,MF,0.0,0.0,0.0,0,0
2026-07-02,Etoile Sportive Du Sahel,M. Senghor,FW,0.0,0.0,0.0,0,0
2026-07-02,Etoile Sportive Du Sahel,N. Smichi,FW,0.0,0.0,0.0,0,0
2026-07-02,Etoile Sportive Du Sahel,H. Dagdoug,DF,0.0,0.0,0.0,0,0
2026-07-02,Etoile Sportive Du Sahel,M. R. Landoulsi,GK,0.0,0.0,0.0,0,0
2026-07-02,Etoile Sportive Du Sahel,N. Ferjani,DF,0.0,0.0,0.0,0,0
2026-07-02,Etoile Sportive Du Sahel,S. Khadhraoui,DF,0.0,0.0,0.0,0,0
2026-07-02,Etoile Sportive Du Sahel,A. Ouertani,MF,0.0,0.0,0.0,0,0
2026-07-02,Everton,T. Barry,FW,0.0,0.0,0.0,0,0
2026-07-02,Everton,N. Patterson,DF,0.0,0.0,0.0,0,0
2026-07-02,Everton,H. Armstrong,MF,0.0,0.0,0.0,0,0
2026-07-02,Everton,C. Alcaraz,MF,0.0,0.0,0.0,0,0
2026-07-02,Everton,M. Travers,GK,0.0,0.0,0.0,0,0
2026-07-02,Everton,S. Coleman,DF,0.0,0.0,0.0,0,0
2026-07-02,Everton,D. McNeil,FW,0.0,0.0,0.0,0,0
2026-07-02,Everton,T. Dibling,MF,0.0,0.0,0.0,0,0
2026-07-02,Everton,T. George,FW,0.0,0.0,0.0,0,0
2026-07-02,Eyüpspor,B. A. Gezek,MF,0.0,0.0,0.0,0,0
2026-07-02,Eyüpspor,L. Pintor,FW,0.0,0.0,0.0,0,0
2026-07-02,Eyüpspor,J. Onguene,DF,0.0,0.0,0.0,0,0
2026-07-02,Eyüpspor,T. Ülvan,DF,0.0,0.0,0.0,0,0
2026-07-02,Eyüpspor,M. Felipe,GK,0.0,0.0,0.0,0,0
2026-07-02,Eyüpspor,S. A. Yaşar,DF,0.0,0.0,0.0,0,0
2026-07-02,Eyüpspor,B. Satli,DF,0.0,0.0,0.0,0,0
2026-07-02,Eyüpspor,I. Manga,MF,0.0,0.0,0.0,0,0
2026-07-02,Eyüpspor,E. Akbaba,MF,0.0,0.0,0.0,0,0
2026-07-02,Eyüpspor,A. Sy,FW,0.0,0.0,0.0,0,0
2026-07-02,Eyüpspor,C. R. Yao,MF,0.0,0.0,0.0,0,0
2026-07-02,FC Andorra,A. Martín,MF,0.0,0.0,0.0,0,0
2026-07-02,FC Andorra,M. Kim,FW,0.0,0.0,0.0,0,0
2026-07-02,FC Andorra,Y. Cabanzón,FW,0.0,0.0,0.0,0,0
2026-07-02,FC Andorra,G. Alonso,DF,0.0,0.0,0.0,0,0
2026-07-02,FC Andorra,S. Molina,MF,0.0,0.0,0.0,0,0
2026-07-02,FC Andorra,M. Cardona,FW,0.0,0.0,0.0,0,0
2026-07-02,FC Andorra,Á. Yaakobishvili,GK,0.0,0.0,0.0,0,0
2026-07-02,FC Andorra,K. Ratti,GK,0.0,0.0,0.0,0,0
2026-07-02,FC Andorra,T. Carrique,DF,0.0,0.0,0.0,0,0
2026-07-02,FC Andorra,I. G. d. Albéniz,DF,0.0,0.0,0.0,0,0
2026-07-02,FC Andorra,Á. Calvo,FW,0.0,0.0,0.0,0,0
2026-07-02,FC Anyang,B. Herculano,FW,0.0,0.0,0.0,0,0
2026-07-02,FC Anyang,K. Kang,FW,0.0,0.0,0.0,0,0
2026-07-02,FC Anyang,G. Choe,MF,0.0,0.0,0.0,0,0
2026-07-02,FC Anyang,J. Park,FW,0.0,0.0,0.0,0,0
2026-07-02,FC Anyang,D. S. Kim,GK,0.0,0.0,0.0,0,0
2026-07-02,FC Anyang,J. H. Kang,DF,0.0,0.0,0.0,0,0
2026-07-02,FC Anyang,Y. C. Kim,DF,0.0,0.0,0.0,0,0
2026-07-02,FC Anyang,M. Seong-Woo,MF,0.0,0.0,0.0,0,0
2026-07-02,FC Anyang,H. Jae-seok,DF,0.0,0.0,0.0,0,0
2026-07-02,FC Anyang,K. Ji-Hoon,DF,0.0,0.0,0.0,0,0
2026-07-02,FC Anyang,K. Han,MF,0.0,0.0,0.0,0,0
2026-07-02,FC Anyang,O. Hyeong-Jun,FW,0.0,0.0,0.0,0,0
2026-07-02,FC Augsburg,R. Fellhauer,DF,0.0,0.0,0.0,0,0
2026-07-02,FC Augsburg,H. Massengo,MF,0.0,0.0,0.0,0,0
2026-07-02,FC Augsburg,Y. Keitel,MF,0.0,0.0,0.0,0,0
2026-07-02,FC Augsburg,A. Claude-Maurice,MF,0.0,0.0,0.0,0,0
2026-07-02,FC Augsburg,N. Labrović,GK,0.0,0.0,0.0,0,0
2026-07-02,FC Augsburg,K. Schlotterbeck,DF,0.0,0.0,0.0,0,0
2026-07-02,FC Augsburg,N. Banks,DF,0.0,0.0,0.0,0,0
2026-07-02,FC Augsburg,U. Ogundu,FW,0.0,0.0,0.0,0,0
2026-07-02,FC Badalona,P. Sánchez,MF,0.0,0.0,0.0,0,0
2026-07-02,FC Badalona,B. Pujadas,DF,0.0,0.0,0.0,0,0
2026-07-02,FC Badalona,L. Kullashi,FW,0.0,0.0,0.0,0,0
2026-07-02,FC Badalona,C. Abdón,GK,0.0,0.0,0.0,0,0
2026-07-02,FC Badalona,S. Jankovska,MF,0.0,0.0,0.0,0,0
2026-07-02,FC Badalona,S. J. Pedersen,MF,0.0,0.0,0.0,0,0
2026-07-02,FC Badalona,L. Carmona,DF,0.0,0.0,0.0,0,0
2026-07-02,FC Bayern München,A. Davies,DF,0.0,0.0,0.0,0,0
2026-07-02,FC Bayern München,K. Min-jae,DF,0.0,0.0,0.0,0,0
2026-07-02,FC Bayern München,N. Jackson,FW,0.0,0.0,0.0,0,0
2026-07-02,FC Bayern München,L. Karl,MF,0.0,0.0,0.0,0,0
2026-07-02,FC Bayern München,S. Ulreich,GK,0.0,0.0,0.0,0,0
2026-07-02,FC Bayern München,J. Urbig,GK,0.0,0.0,0.0,0,0
2026-07-02,FC Bayern München,R. Guerreiro,DF,0.0,0.0,0.0,0,0
2026-07-02,FC Bayern München,H. Itō,DF,0.0,0.0,0.0,0,0
2026-07-02,FC Bayern München,L. Goretzka,MF,0.0,0.0,0.0,0,0
2026-07-02,FC Bayern München,T. Bischof,MF,0.0,0.0,0.0,0,0
2026-07-02,FC Bayern München,L. Díaz,FW,0.0,0.0,0.0,0,0
2026-07-02,FC Bayern München,D. Upamecano,DF,0.0,0.0,0.0,0,0
2026-07-02,FC Bayern München,K. Laimer,MF,0.0,0.0,0.0,0,0
2026-07-02,FC Bayern München,J. Tah,DF,0.0,0.0,0.0,0,0
2026-07-02,FC Bayern München,M. Neuer,GK,0.0,0.0,0.0,0,0
2026-07-02,FC Bayern München,B. S. Ndiaye,FW,0.0,0.0,0.0,0,0
2026-07-02,FC Bayern München,A. Pavlović,MF,0.0,0.0,0.0,0,0
2026-07-02,FC Botoșani,M. Muñoz,DF,0.0,0.0,0.0,0,0
2026-07-02,FC Botoșani,R. Creț,DF,0.0,0.0,0.0,0,0
2026-07-02,FC Botoșani,A. Dumiter,FW,0.0,0.0,0.0,0,0
2026-07-02,FC Botoșani,A. Ferreira,FW,0.0,0.0,0.0,0,0
2026-07-02,FC Botoșani,M. Kovtalyuk,FW,0.0,0.0,0.0,0,0
2026-07-02,FC Botoșani,I. Anestis,GK,0.0,0.0,0.0,0,0
2026-07-02,FC Botoșani,N. C. Ilas,DF,0.0,0.0,0.0,0,0
2026-07-02,FC Botoșani,M. Bordeianu,MF,0.0,0.0,0.0,0,0
2026-07-02,FC Botoșani,G. David,MF,0.0,0.0,0.0,0,0
2026-07-02,FC Botoșani,A. Dumitru,FW,0.0,0.0,0.0,0,0
2026-07-02,FC Botoșani,E. López,FW,0.0,0.0,0.0,0,0
2026-07-02,FC CSKA 1948 Sofia,F. Soltani,DF,0.0,0.0,0.0,0,0
2026-07-02,FC CSKA 1948 Sofia,G. Rusev,MF,0.0,0.0,0.0,0,0
2026-07-02,FC CSKA 1948 Sofia,M. Boychev,MF,0.0,0.0,0.0,0,0
2026-07-02,FC CSKA 1948 Sofia,A. Iliev,FW,0.0,0.0,0.0,0,0
2026-07-02,FC CSKA 1948 Sofia,P. Marinov,GK,0.0,0.0,0.0,0,0
2026-07-02,FC CSKA 1948 Sofia,Juanmi,DF,0.0,0.0,0.0,0,0
2026-07-02,FC CSKA 1948 Sofia,E. Parkhomenko,DF,0.0,0.0,0.0,0,0
2026-07-02,FC CSKA 1948 Sofia,K. Strinski,MF,0.0,0.0,0.0,0,0
2026-07-02,FC CSKA 1948 Sofia,F. Maciel,MF,0.0,0.0,0.0,0,0
2026-07-02,FC Cincinnati,N. Hagglund,DF,0.0,0.0,0.0,0,0
2026-07-02,FC Cincinnati,M. Miazga,DF,0.0,0.0,0.0,0,0
2026-07-02,FC Cincinnati,T. Barlow,FW,0.0,0.0,0.0,0,0
2026-07-02,FC Cincinnati,A. Jabbari,FW,0.0,0.0,0.0,0,0
2026-07-02,FC Cincinnati,A. Lajhar,DF,0.0,0.0,0.0,0,0
2026-07-02,FC Cincinnati,E. Louro,GK,0.0,0.0,0.0,0,0
2026-07-02,FC Cincinnati,G. Flores,DF,0.0,0.0,0.0,0,0
2026-07-02,FC Cincinnati,E. Echenique,FW,0.0,0.0,0.0,0,0
2026-07-02,FC Cincinnati,S. Jimenez,MF,0.0,0.0,0.0,0,0
2026-07-02,FC Cincinnati,M. Robinson,DF,0.0,0.0,0.0,0,0
2026-07-02,FC Cincinnati,O. Nwobodo,MF,0.0,0.0,0.0,0,0
2026-07-02,FC Cincinnati,T. Anunga,MF,0.0,0.0,0.0,0,0
2026-07-02,FC Dallas,C. Cappis,MF,0.0,0.0,0.0,0,0
2026-07-02,FC Dallas,S. Sarver,FW,0.0,0.0,0.0,0,0
2026-07-02,FC Dallas,L. Farrington,FW,0.0,0.0,0.0,0,0
2026-07-02,FC Dallas,S. Ibeagha,DF,0.0,0.0,0.0,0,0
2026-07-02,FC Dallas,J. Sirois,GK,0.0,0.0,0.0,0,0
2026-07-02,FC Dallas,L. Abubakar,DF,0.0,0.0,0.0,0,0
2026-07-02,FC Dallas,P. Delgado,MF,0.0,0.0,0.0,0,0
2026-07-02,FC Dallas,C. Swann,MF,0.0,0.0,0.0,0,0
2026-07-02,FC Dallas,N. Simmonds,FW,0.0,0.0,0.0,0,0
2026-07-02,FC Dinamo București,C. Mihai,MF,0.0,0.0,0.0,0,0
2026-07-02,FC Dinamo București,M. Dutu,DF,0.0,0.0,0.0,0,0
2026-07-02,FC Dinamo București,A. Pop,MF,0.0,0.0,0.0,0,0
2026-07-02,FC Dinamo București,J. Ikoko,DF,0.0,0.0,0.0,0,0
2026-07-02,FC Dinamo București,A. Roșca,GK,0.0,0.0,0.0,0,0
2026-07-02,FC Dinamo București,V. Țicu,DF,0.0,0.0,0.0,0,0
2026-07-02,FC Dinamo București,M. Toader,DF,0.0,0.0,0.0,0,0
2026-07-02,FC Dinamo București,A. Caragea,MF,0.0,0.0,0.0,0,0
2026-07-02,FC Dinamo București,A. A. Bordușanu,MF,0.0,0.0,0.0,0,0
2026-07-02,FC Dinamo București,C. Cîrjan,MF,0.0,0.0,0.0,0,0
2026-07-02,FC Dinamo București,I. Târbă,FW,0.0,0.0,0.0,0,0
2026-07-02,FC Farul Constanța,I. Cojocaru,FW,0.0,0.0,0.0,0,0
2026-07-02,FC Farul Constanța,D. Maftei,DF,0.0,0.0,0.0,0,0
2026-07-02,FC Farul Constanța,G. Iancu,FW,0.0,0.0,0.0,0,0
2026-07-02,FC Farul Constanța,I. Doicaru,FW,0.0,0.0,0.0,0,0
2026-07-02,FC Farul Constanța,J. Vojtuš,FW,0.0,0.0,0.0,0,0
2026-07-02,FC Farul Constanța,A. Buzbuchi,GK,0.0,0.0,0.0,0,0
2026-07-02,FC Farul Constanța,S. Duțu,DF,0.0,0.0,0.0,0,0
2026-07-02,FC Farul Constanța,B. Țîru,DF,0.0,0.0,0.0,0,0
2026-07-02,FC Farul Constanța,I. Vînă,MF,0.0,0.0,0.0,0,0
2026-07-02,FC Farul Constanța,D. Ramalho,MF,0.0,0.0,0.0,0,0
2026-07-02,FC Hermannstadt,L. Stancu,MF,0.0,0.0,0.0,0,0
2026-07-02,FC Hermannstadt,A. Chițu,FW,0.0,0.0,0.0,0,0
2026-07-02,FC Hermannstadt,M. Simba,MF,0.0,0.0,0.0,0,0
2026-07-02,FC Hermannstadt,S. Buş,FW,0.0,0.0,0.0,0,0
2026-07-02,FC Hermannstadt,M. Gjorgjievski,FW,0.0,0.0,0.0,0,0
2026-07-02,FC Hermannstadt,I. Pop,GK,0.0,0.0,0.0,0,0
2026-07-02,FC Hermannstadt,V. Muțiu,GK,0.0,0.0,0.0,0,0
2026-07-02,FC Hermannstadt,S. Issah,DF,0.0,0.0,0.0,0,0
2026-07-02,FC Hermannstadt,S. Ritivoi,FW,0.0,0.0,0.0,0,0
2026-07-02,FC Lahti,O. Koskinen,MF,0.0,0.0,0.0,0,0
2026-07-02,FC Lahti,D. Heikkinen,FW,0.0,0.0,0.0,0,0
2026-07-02,FC Lahti,A. Kabashi,MF,0.0,0.0,0.0,0,0
2026-07-02,FC Lahti,V. Rätto,GK,0.0,0.0,0.0,0,0
2026-07-02,FC Lahti,J. Lehtonen,DF,0.0,0.0,0.0,0,0
2026-07-02,FC Lahti,T. Inkinen,DF,0.0,0.0,0.0,0,0
2026-07-02,FC Lahti,V. Vehkonen,DF,0.0,0.0,0.0,0,0
2026-07-02,FC Lahti,A. Belabid,FW,0.0,0.0,0.0,0,0
2026-07-02,FC Lahti,A. Lindholm,FW,0.0,0.0,0.0,0,0
2026-07-02,FC Lahti,L. Järvinen,FW,0.0,0.0,0.0,0,0
2026-07-02,FC Lausanne-Sport,O. Renovales,FW,0.0,0.0,0.0,0,0
2026-07-02,FC Lausanne-Sport,G. Diakite,MF,0.0,0.0,0.0,0,0
2026-07-02,FC Lausanne-Sport,M. Poaty,DF,0.0,0.0,0.0,0,0
2026-07-02,FC Lausanne-Sport,O. Custodio,MF,0.0,0.0,0.0,0,0
2026-07-02,FC Lausanne-Sport,T. Bair,FW,0.0,0.0,0.0,0,0
2026-07-02,FC Lausanne-Sport,T. Castella,GK,0.0,0.0,0.0,0,0
2026-07-02,FC Lausanne-Sport,A. K. Sow,DF,0.0,0.0,0.0,0,0
2026-07-02,FC Lausanne-Sport,P. S. N'Diaye,MF,0.0,0.0,0.0,0,0
2026-07-02,FC Lausanne-Sport,E. Kana-Biyik,FW,0.0,0.0,0.0,0,0
2026-07-02,FC Lugano,G. Koutsias,FW,0.0,0.0,0.0,0,0
2026-07-02,FC Lugano,E. Alioski,DF,0.0,0.0,0.0,0,0
2026-07-02,FC Lugano,D. Kelvin,DF,0.0,0.0,0.0,0,0
2026-07-02,FC Lugano,M. Bottani,FW,0.0,0.0,0.0,0,0
2026-07-02,FC Lugano,A. Kendouci,MF,0.0,0.0,0.0,0,0
2026-07-02,FC Lugano,A. Saipi,GK,0.0,0.0,0.0,0,0
2026-07-02,FC Lugano,Carbone,DF,0.0,0.0,0.0,0,0
2026-07-02,FC Lugano,E. Pihlstrom,FW,0.0,0.0,0.0,0,0
2026-07-02,FC Lugano,H. Mahou,MF,0.0,0.0,0.0,0,0
2026-07-02,FC Luzern,K. Spadanuda,MF,0.0,0.0,0.0,0,0
2026-07-02,FC Luzern,A. Cigaņiks,DF,0.0,0.0,0.0,0,0
2026-07-02,FC Luzern,L. Villiger,FW,0.0,0.0,0.0,0,0
2026-07-02,FC Luzern,S. Karweina,FW,0.0,0.0,0.0,0,0
2026-07-02,FC Luzern,J. Bock,GK,0.0,0.0,0.0,0,0
2026-07-02,FC Luzern,S. Knežević,DF,0.0,0.0,0.0,0,0
2026-07-02,FC Luzern,A. Grbić,FW,0.0,0.0,0.0,0,0
2026-07-02,FC Petrolul Ploiești,A. Aimbetov,FW,0.0,0.0,0.0,0,0
2026-07-02,FC Petrolul Ploiești,V. Gheorghe,FW,0.0,0.0,0.0,0,0
2026-07-02,FC Petrolul Ploiești,A. Boțogan,MF,0.0,0.0,0.0,0,0
2026-07-02,FC Petrolul Ploiești,S. Hanca,DF,0.0,0.0,0.0,0,0
2026-07-02,FC Petrolul Ploiești,Ricardinho,DF,0.0,0.0,0.0,0,0
2026-07-02,FC Petrolul Ploiești,S. Krell,GK,0.0,0.0,0.0,0,0
2026-07-02,FC Petrolul Ploiești,F. Prce,DF,0.0,0.0,0.0,0,0
2026-07-02,FC Petrolul Ploiești,C. Ignat,DF,0.0,0.0,0.0,0,0
2026-07-02,FC Petrolul Ploiești,K. Ludewig,DF,0.0,0.0,0.0,0,0
2026-07-02,FC Petrolul Ploiești,B. Marian,DF,0.0,0.0,0.0,0,0
2026-07-02,FC Petrolul Ploiești,A. Mateiu,MF,0.0,0.0,0.0,0,0
2026-07-02,FC Petrolul Ploiești,N. Boateng,MF,0.0,0.0,0.0,0,0
2026-07-02,FC Petrolul Ploiești,Rafinha,FW,0.0,0.0,0.0,0,0
2026-07-02,FC Petrolul Ploiești,D. Rodrigues,DF,0.0,0.0,0.0,0,0
2026-07-02,FC Petrolul Ploiești,P. David,MF,0.0,0.0,0.0,0,0
2026-07-02,FC Rapid București,O. Moruțan,FW,0.0,0.0,0.0,0,0
2026-07-02,FC Rapid București,R. Salceanu,DF,0.0,0.0,0.0,0,0
2026-07-02,FC Rapid București,D. Ciobotariu,DF,0.0,0.0,0.0,0,0
2026-07-02,FC Rapid București,D. Hazrollaj,FW,0.0,0.0,0.0,0,0
2026-07-02,FC Rapid București,B. Burmaz,FW,0.0,0.0,0.0,0,0
2026-07-02,FC Rapid București,A. Simonia,FW,0.0,0.0,0.0,0,0
2026-07-02,FC Rapid București,A. Briciu,GK,0.0,0.0,0.0,0,0
2026-07-02,FC Rapid București,D. Todoran,MF,0.0,0.0,0.0,0,0
2026-07-02,FC Rapid București,A. Sucu,MF,0.0,0.0,0.0,0,0
2026-07-02,FC Rapid București,A. Borza,DF,0.0,0.0,0.0,0,0
2026-07-02,FC Rapid București,C. Grameni,MF,0.0,0.0,0.0,0,0
2026-07-02,FC Rapid București,E. Koljić,FW,0.0,0.0,0.0,0,0
2026-07-02,FC Rapid București,M. Grosu,MF,0.0,0.0,0.0,0,0
2026-07-02,FC Rapid București,C. M. Andrei,MF,0.0,0.0,0.0,0,0
2026-07-02,FC Rapid București,C. Pirvu,MF,0.0,0.0,0.0,0,0
2026-07-02,FC Seoul,Anderson Oliveira,FW,0.0,0.0,0.0,0,0
2026-07-02,FC Seoul,M. Seon-min,FW,0.0,0.0,0.0,0,0
2026-07-02,FC Seoul,D. Hwang,MF,0.0,0.0,0.0,0,0
2026-07-02,FC Seoul,I. Joon-Seob,GK,0.0,0.0,0.0,0,0
2026-07-02,FC Seoul,L. Han-do,DF,0.0,0.0,0.0,0,0
2026-07-02,FC Seoul,A. Jae-Min,DF,0.0,0.0,0.0,0,0
2026-07-02,FC Seoul,P. J. Han-gyeol,MF,0.0,0.0,0.0,0,0
2026-07-02,FC Seoul,G. S. Samuel,FW,0.0,0.0,0.0,0,0
2026-07-02,FC Seoul,L. Seung-mo,MF,0.0,0.0,0.0,0,0
2026-07-02,FC Seoul,P. Klimala,FW,0.0,0.0,0.0,0,0
2026-07-02,FC Seoul,P. Ko,MF,0.0,0.0,0.0,0,0
2026-07-02,FC Sion,T. Berdayes,FW,0.0,0.0,0.0,0,0
2026-07-02,FC Sion,F. Surdez,FW,0.0,0.0,0.0,0,0
2026-07-02,FC Sion,L. Chipperfield,MF,0.0,0.0,0.0,0,0
2026-07-02,FC Sion,D. Rrudhani,MF,0.0,0.0,0.0,0,0
2026-07-02,FC Sion,W. Boteli Mokango,FW,0.0,0.0,0.0,0,0
2026-07-02,FC Sion,F. Ruberto,GK,0.0,0.0,0.0,0,0
2026-07-02,FC Sion,M. Cipriano,DF,0.0,0.0,0.0,0,0
2026-07-02,FC Sion,N. Sow,DF,0.0,0.0,0.0,0,0
2026-07-02,FC Sion,L. Diack,MF,0.0,0.0,0.0,0,0
2026-07-02,FC St. Gallen 1879,D. Besio,FW,0.0,0.0,0.0,0,0
2026-07-02,FC St. Gallen 1879,T. Ouattara,FW,0.0,0.0,0.0,0,0
2026-07-02,FC St. Gallen 1879,J. Ruiz,DF,0.0,0.0,0.0,0,0
2026-07-02,FC St. Gallen 1879,B. Fazliji,MF,0.0,0.0,0.0,0,0
2026-07-02,FC St. Gallen 1879,N. Scherrer,FW,0.0,0.0,0.0,0,0
2026-07-02,FC St. Gallen 1879,L. Watkowiak,GK,0.0,0.0,0.0,0,0
2026-07-02,FC St. Gallen 1879,C. Konietzke,MF,0.0,0.0,0.0,0,0
2026-07-02,FC St. Gallen 1879,J. Quintillà,MF,0.0,0.0,0.0,0,0
2026-07-02,FC St. Gallen 1879,M. Stevanović,MF,0.0,0.0,0.0,0,0
2026-07-02,FC St. Gallen 1879,Y. Bujard,GK,0.0,0.0,0.0,0,0
2026-07-02,FC St. Gallen 1879,T. Gaal,DF,0.0,0.0,0.0,0,0
2026-07-02,FC St. Pauli,A. Dźwigała,DF,0.0,0.0,0.0,0,0
2026-07-02,FC St. Pauli,C. Metcalfe,MF,0.0,0.0,0.0,0,0
2026-07-02,FC St. Pauli,A. Ceesay,FW,0.0,0.0,0.0,0,0
2026-07-02,FC St. Pauli,M. Kaars,FW,0.0,0.0,0.0,0,0
2026-07-02,FC St. Pauli,M. Rasmussen,MF,0.0,0.0,0.0,0,0
2026-07-02,FC St. Pauli,B. Voll,GK,0.0,0.0,0.0,0,0
2026-07-02,FC St. Pauli,D. Nemeth,DF,0.0,0.0,0.0,0,0
2026-07-02,FC St. Pauli,L. Oppie,DF,0.0,0.0,0.0,0,0
2026-07-02,FC St. Pauli,T. Hara,FW,0.0,0.0,0.0,0,0
2026-07-02,FC St. Pauli,H. Wahl,DF,0.0,0.0,0.0,0,0
2026-07-02,FC St. Pauli,F. Stevens,DF,0.0,0.0,0.0,0,0
2026-07-02,FC St. Pauli,D. Sinani,FW,0.0,0.0,0.0,0,0
2026-07-02,FC Tampa Bay Rowdies,M. Micaletto,MF,0.0,0.0,0.0,0,0
2026-07-02,FC Tampa Bay Rowdies,L. Hilton,MF,0.0,0.0,0.0,0,0
2026-07-02,FC Tampa Bay Rowdies,M. Myers,FW,0.0,0.0,0.0,0,0
2026-07-02,FC Tampa Bay Rowdies,K. Henderlong,FW,0.0,0.0,0.0,0,0
2026-07-02,FC Tampa Bay Rowdies,G. Vivi,FW,0.0,0.0,0.0,0,0
2026-07-02,FC Tampa Bay Rowdies,A. Pack,GK,0.0,0.0,0.0,0,0
2026-07-02,FC Tampa Bay Rowdies,L. Wyke,MF,0.0,0.0,0.0,0,0
2026-07-02,FC Tokyo,H. Tanaka,GK,0.0,0.0,0.0,0,0
2026-07-02,FC Tokyo,Y. Nagatomo,DF,0.0,0.0,0.0,0,0
2026-07-02,FC Tokyo,K. Tokiwa,MF,0.0,0.0,0.0,0,0
2026-07-02,FC Tokyo,M. Nagakura,FW,0.0,0.0,0.0,0,0
2026-07-02,FC Tokyo,L. Nozawa,FW,0.0,0.0,0.0,0,0
2026-07-02,FC Tokyo,F. Yamada,MF,0.0,0.0,0.0,0,0
2026-07-02,FC Tokyo,M. Morishige,DF,0.0,0.0,0.0,0,0
2026-07-02,FC Tokyo,K. Higashi,MF,0.0,0.0,0.0,0,0
2026-07-02,FC Tokyo,T. Nakagawa,FW,0.0,0.0,0.0,0,0
2026-07-02,FC Tokyo,K. Hashimoto,DF,0.0,0.0,0.0,0,0
2026-07-02,FC Tokyo,H. Inamura,DF,0.0,0.0,0.0,0,0
2026-07-02,FC Tokyo,R. Omori,DF,0.0,0.0,0.0,0,0
2026-07-02,FC Tokyo,T. Ko,MF,0.0,0.0,0.0,0,0
2026-07-02,FC Tulsa,K. ElMedkhar,MF,0.0,0.0,0.0,0,0
2026-07-02,FC Tulsa,G. Colli,MF,0.0,0.0,0.0,0,0
2026-07-02,FC Tulsa,N. Pierre,FW,0.0,0.0,0.0,0,0
2026-07-02,FC Tulsa,R. Somersall,MF,0.0,0.0,0.0,0,0
2026-07-02,FC Tulsa,D. Jacomen,GK,0.0,0.0,0.0,0,0
2026-07-02,FC Tulsa,A. Cissoko,DF,0.0,0.0,0.0,0,0
2026-07-02,FC Tulsa,Z. Siranga,MF,0.0,0.0,0.0,0,0
2026-07-02,FC Twente,A. Verschueren,MF,0.0,0.0,0.0,0,0
2026-07-02,FC Twente,M. Kjølø,MF,0.0,0.0,0.0,0,0
2026-07-02,FC Twente,M. Pjaca,FW,0.0,0.0,0.0,0,0
2026-07-02,FC Twente,R. van Wolfswinkel,FW,0.0,0.0,0.0,0,0
2026-07-02,FC Twente,R. Pröpper,DF,0.0,0.0,0.0,0,0
2026-07-02,FC Twente,P. Tytoń,GK,0.0,0.0,0.0,0,0
2026-07-02,FC Twente,S. Karssies,GK,0.0,0.0,0.0,0,0
2026-07-02,FC Twente,M. Bruns,DF,0.0,0.0,0.0,0,0
2026-07-02,FC Twente,G. Peixoto,DF,0.0,0.0,0.0,0,0
2026-07-02,FC Twente,T. Booth,FW,0.0,0.0,0.0,0,0
2026-07-02,FC Twente,D. Weidmann,MF,0.0,0.0,0.0,0,0
2026-07-02,FC Twente,L. V. o. Hesselink,FW,0.0,0.0,0.0,0,0
2026-07-02,FC Universitatea Cluj,O. Mendy,FW,0.0,0.0,0.0,0,0
2026-07-02,FC Universitatea Cluj,J. Lukić,FW,0.0,0.0,0.0,0,0
2026-07-02,FC Universitatea Cluj,M. Drammeh,MF,0.0,0.0,0.0,0,0
2026-07-02,FC Universitatea Cluj,G. Simion,MF,0.0,0.0,0.0,0,0
2026-07-02,FC Universitatea Cluj,A. Chipciu,MF,0.0,0.0,0.0,0,0
2026-07-02,FC Universitatea Cluj,T. Cosa,GK,0.0,0.0,0.0,0,0
2026-07-02,FC Universitatea Cluj,E. Gertmonas,GK,0.0,0.0,0.0,0,0
2026-07-02,FC Universitatea Cluj,A. Coubiș,DF,0.0,0.0,0.0,0,0
2026-07-02,FC Universitatea Cluj,A. Murgia,MF,0.0,0.0,0.0,0,0
2026-07-02,FC Universitatea Cluj,L. Pall,FW,0.0,0.0,0.0,0,0
2026-07-02,FC Universitatea Cluj,A. Trică,FW,0.0,0.0,0.0,0,0
2026-07-02,FC Universitatea Cluj,A. Gheorghiță,FW,0.0,0.0,0.0,0,0
2026-07-02,FC Volendam,G. Yah,MF,0.0,0.0,0.0,0,0
2026-07-02,FC Volendam,B. Kuwas,FW,0.0,0.0,0.0,0,0
2026-07-02,FC Volendam,R. Mühren,FW,0.0,0.0,0.0,0,0
2026-07-02,FC Volendam,R. Steur,GK,0.0,0.0,0.0,0,0
2026-07-02,FC Volendam,A. Oehlers,FW,0.0,0.0,0.0,0,0
2026-07-02,FC Volendam,A. Meijers,DF,0.0,0.0,0.0,0,0
2026-07-02,FC Volendam,D. Payne,DF,0.0,0.0,0.0,0,0
2026-07-02,FC Volendam,L. Blondeau,DF,0.0,0.0,0.0,0,0
2026-07-02,FC Volendam,R. van Cruijsen,MF,0.0,0.0,0.0,0,0
2026-07-02,FC Volendam,A. Plat,MF,0.0,0.0,0.0,0,0
2026-07-02,FC Volendam,J. Ideho,FW,0.0,0.0,0.0,0,0
2026-07-02,FC Volendam,B. Pauwels,FW,0.0,0.0,0.0,0,0
2026-07-02,FC Winterthur,A. Jankewitz,MF,0.0,0.0,0.0,0,0
2026-07-02,FC Winterthur,S. Sidler,DF,0.0,0.0,0.0,0,0
2026-07-02,FC Winterthur,E. Maluvunu,MF,0.0,0.0,0.0,0,0
2026-07-02,FC Winterthur,R. Arnold,DF,0.0,0.0,0.0,0,0
2026-07-02,FC Winterthur,A. Spagnoli,GK,0.0,0.0,0.0,0,0
2026-07-02,FC Winterthur,E. Essiam,MF,0.0,0.0,0.0,0,0
2026-07-02,FC Winterthur,L. Maksutaj,MF,0.0,0.0,0.0,0,0
2026-07-02,FC Winterthur,R. Buess,FW,0.0,0.0,0.0,0,0
2026-07-02,FC Zürich,M. Phaëton,FW,0.0,0.0,0.0,0,0
2026-07-02,FC Zürich,V. Berisha,MF,0.0,0.0,0.0,0,0
2026-07-02,FC Zürich,U. Emmanuel,FW,0.0,0.0,0.0,0,0
2026-07-02,FC Zürich,D. Vujević,DF,0.0,0.0,0.0,0,0
2026-07-02,FC Zürich,D. Ramic,FW,0.0,0.0,0.0,0,0
2026-07-02,FC Zürich,Y. Brecher,GK,0.0,0.0,0.0,0,0
2026-07-02,FC Zürich,D. Ihendu,DF,0.0,0.0,0.0,0,0
2026-07-02,FC Zürich,N. D. Giusto,MF,0.0,0.0,0.0,0,0
2026-07-02,FC Zürich,M. Reichmuth,MF,0.0,0.0,0.0,0,0
2026-07-02,FCV Dender,B. Nsimba,FW,0.0,0.0,0.0,0,0
2026-07-02,FCV Dender,R. Oratmangoen,FW,0.0,0.0,0.0,0,0
2026-07-02,FCV Dender,M. Sambu,DF,0.0,0.0,0.0,0,0
2026-07-02,FCV Dender,R. Kvet,MF,0.0,0.0,0.0,0,0
2026-07-02,FCV Dender,A. Daali,MF,0.0,0.0,0.0,0,0
2026-07-02,FCV Dender,L. Fortin,GK,0.0,0.0,0.0,0,0
2026-07-02,FCV Dender,E. Lembi,DF,0.0,0.0,0.0,0,0
2026-07-02,FCV Dender,N. Moutha-Sebtaoui,DF,0.0,0.0,0.0,0,0
2026-07-02,FCV Dender,D. Toševski,FW,0.0,0.0,0.0,0,0
2026-07-02,FCV Dender,D. Acquah,MF,0.0,0.0,0.0,0,0
2026-07-02,FCV Dender,M. Verrips,GK,0.0,0.0,0.0,0,0
2026-07-02,FCV Dender,O. Balde,MF,0.0,0.0,0.0,0,0
2026-07-02,FF Jaro,J. Myrevik,DF,0.0,0.0,0.0,0,0
2026-07-02,FF Jaro,K. Hardén,MF,0.0,0.0,0.0,0,0
2026-07-02,FF Jaro,A. Vidjeskog,MF,0.0,0.0,0.0,0,0
2026-07-02,FF Jaro,R. Vikstrom,FW,0.0,0.0,0.0,0,0
2026-07-02,FF Jaro,J. Vikström,FW,0.0,0.0,0.0,0,0
2026-07-02,FF Jaro,J. Snellman,GK,0.0,0.0,0.0,0,0
2026-07-02,FF Jaro,F. Kass,DF,0.0,0.0,0.0,0,0
2026-07-02,FF Jaro,T. Söderström,DF,0.0,0.0,0.0,0,0
2026-07-02,FF Jaro,L. Nyman,MF,0.0,0.0,0.0,0,0
2026-07-02,FK Csíkszereda Miercurea Ciuc,L. Kleinheisler,MF,0.0,0.0,0.0,0,0
2026-07-02,FK Csíkszereda Miercurea Ciuc,J. Dolný,FW,0.0,0.0,0.0,0,0
2026-07-02,FK Csíkszereda Miercurea Ciuc,W. Loeper,FW,0.0,0.0,0.0,0,0
2026-07-02,FK Csíkszereda Miercurea Ciuc,D. Brugger,MF,0.0,0.0,0.0,0,0
2026-07-02,FK Csíkszereda Miercurea Ciuc,M. Simon,GK,0.0,0.0,0.0,0,0
2026-07-02,FK Csíkszereda Miercurea Ciuc,L. Bencze,FW,0.0,0.0,0.0,0,0
2026-07-02,FK Csíkszereda Miercurea Ciuc,J. Hegedűs,DF,0.0,0.0,0.0,0,0
2026-07-02,FK Csíkszereda Miercurea Ciuc,B. Végh,MF,0.0,0.0,0.0,0,0
2026-07-02,FK Csíkszereda Miercurea Ciuc,M. Tajti,MF,0.0,0.0,0.0,0,0
2026-07-02,FK Csíkszereda Miercurea Ciuc,D. Bota,MF,0.0,0.0,0.0,0,0
2026-07-02,FK Csíkszereda Miercurea Ciuc,Nagy,FW,0.0,0.0,0.0,0,0
2026-07-02,FK Dobrudzha Dobrich,A. Ramadan,MF,0.0,0.0,0.0,0,0
2026-07-02,FK Dobrudzha Dobrich,V. Te,FW,0.0,0.0,0.0,0,0
2026-07-02,FK Dobrudzha Dobrich,D. Madaleno,MF,0.0,0.0,0.0,0,0
2026-07-02,FK Dobrudzha Dobrich,A. Ivanov,FW,0.0,0.0,0.0,0,0
2026-07-02,FK Dobrudzha Dobrich,G. Trifonov,FW,0.0,0.0,0.0,0,0
2026-07-02,FK Dobrudzha Dobrich,P. Pepelyashev,GK,0.0,0.0,0.0,0,0
2026-07-02,FK Dobrudzha Dobrich,D. Hasan,DF,0.0,0.0,0.0,0,0
2026-07-02,FK Dobrudzha Dobrich,D. Pirgov,DF,0.0,0.0,0.0,0,0
2026-07-02,FK Dobrudzha Dobrich,K. Stanev,MF,0.0,0.0,0.0,0,0
2026-07-02,FK Septemvri Sofia,R. Schouten,DF,0.0,0.0,0.0,0,0
2026-07-02,FK Septemvri Sofia,V. Hamdiu,MF,0.0,0.0,0.0,0,0
2026-07-02,FK Septemvri Sofia,S. Wade,DF,0.0,0.0,0.0,0,0
2026-07-02,FK Septemvri Sofia,F. Herard,FW,0.0,0.0,0.0,0,0
2026-07-02,FK Septemvri Sofia,N. Krastev,GK,0.0,0.0,0.0,0,0
2026-07-02,FK Septemvri Sofia,G. Varbanov,DF,0.0,0.0,0.0,0,0
2026-07-02,FK Septemvri Sofia,P. Georgiev,MF,0.0,0.0,0.0,0,0
2026-07-02,FK Septemvri Sofia,S. Stoichkov,MF,0.0,0.0,0.0,0,0
2026-07-02,FK Spartak Varna,M. Georgiev,DF,0.0,0.0,0.0,0,0
2026-07-02,FK Spartak Varna,E. John,MF,0.0,0.0,0.0,0,0
2026-07-02,FK Spartak Varna,Tailson,MF,0.0,0.0,0.0,0,0
2026-07-02,FK Spartak Varna,S. Moukachar,MF,0.0,0.0,0.0,0,0
2026-07-02,FK Spartak Varna,M. Jurić-Petrašilo,DF,0.0,0.0,0.0,0,0
2026-07-02,FK Spartak Varna,M. Kovalyov,GK,0.0,0.0,0.0,0,0
2026-07-02,FK Spartak Varna,K. Kurbanov,DF,0.0,0.0,0.0,0,0
2026-07-02,FK Spartak Varna,D. Ivanov,MF,0.0,0.0,0.0,0,0
2026-07-02,FK Spartak Varna,P. Prindzhev,FW,0.0,0.0,0.0,0,0
2026-07-02,Fagiano Okayama,Lucão,FW,0.0,0.0,0.0,0,0
2026-07-02,Fagiano Okayama,H. Motoyama,DF,0.0,0.0,0.0,0,0
2026-07-02,Fagiano Okayama,T. Yamane,MF,0.0,0.0,0.0,0,0
2026-07-02,Fagiano Okayama,L. Gaúcho,FW,0.0,0.0,0.0,0,0
2026-07-02,Fagiano Okayama,J. Nishikawa,MF,0.0,0.0,0.0,0,0
2026-07-02,Fagiano Okayama,T. Hamada,GK,0.0,0.0,0.0,0,0
2026-07-02,Fagiano Okayama,K. Abe,DF,0.0,0.0,0.0,0,0
2026-07-02,Fagiano Okayama,R. Takeuchi,MF,0.0,0.0,0.0,0,0
2026-07-02,Fagiano Okayama,T. Kimura,MF,0.0,0.0,0.0,0,0
2026-07-02,Fagiano Okayama,R. Sueyoshi,MF,0.0,0.0,0.0,0,0
2026-07-02,Fagiano Okayama,L. Moser,GK,0.0,0.0,0.0,0,0
2026-07-02,Fagiano Okayama,N. Browne,MF,0.0,0.0,0.0,0,0
2026-07-02,Fagiano Okayama,M. Matsumoto,MF,0.0,0.0,0.0,0,0
2026-07-02,Falkirk FC,L. Henderson,DF,0.0,0.0,0.0,0,0
2026-07-02,Falkirk FC,B. Parkinson,FW,0.0,0.0,0.0,0,0
2026-07-02,Falkirk FC,B. Broggio,MF,0.0,0.0,0.0,0,0
2026-07-02,Falkirk FC,E. Ross,FW,0.0,0.0,0.0,0,0
2026-07-02,Falkirk FC,H. Cartwright,MF,0.0,0.0,0.0,0,0
2026-07-02,Falkirk FC,J. Sneddon,GK,0.0,0.0,0.0,0,0
2026-07-02,Falkirk FC,C. Donaldson,DF,0.0,0.0,0.0,0,0
2026-07-02,Falkirk FC,R. Maclver,FW,0.0,0.0,0.0,0,0
2026-07-02,Falkirk FC,B. Graham,FW,0.0,0.0,0.0,0,0
2026-07-02,Fath Union Sport,L. Diakité,FW,0.0,0.0,0.0,0,0
2026-07-02,Fath Union Sport,C. Faidi,MF,0.0,0.0,0.0,0,0
2026-07-02,Fath Union Sport,A. E. Harrak,MF,0.0,0.0,0.0,0,0
2026-07-02,Fath Union Sport,H. Moujahid,MF,0.0,0.0,0.0,0,0
2026-07-02,Fath Union Sport,Y. Amhih,MF,0.0,0.0,0.0,0,0
2026-07-02,Fath Union Sport,R. Ghanimi,GK,0.0,0.0,0.0,0,0
2026-07-02,Fath Union Sport,O. Soukhane,DF,0.0,0.0,0.0,0,0
2026-07-02,Fath Union Sport,I. Moutaraji,MF,0.0,0.0,0.0,0,0
2026-07-02,Fath Union Sport,O. Raoui,MF,0.0,0.0,0.0,0,0
2026-07-02,Fath Union Sport,S. Benyachou,MF,0.0,0.0,0.0,0,0
2026-07-02,Fath Union Sport,D. Bassinga,MF,0.0,0.0,0.0,0,0
2026-07-02,Fath Union Sport,W. E. Hani,MF,0.0,0.0,0.0,0,0
2026-07-02,Fatih Karagümrük,Serginho,MF,0.0,0.0,0.0,0,0
2026-07-02,Fatih Karagümrük,S. Larsson,MF,0.0,0.0,0.0,0,0
2026-07-02,Fatih Karagümrük,B. Elmaz,MF,0.0,0.0,0.0,0,0
2026-07-02,Fatih Karagümrük,A. Y. Çınar,DF,0.0,0.0,0.0,0,0
2026-07-02,Fatih Karagümrük,Ç. Kurukalıp,DF,0.0,0.0,0.0,0,0
2026-07-02,Fatih Karagümrük,F. Bekleviç,GK,0.0,0.0,0.0,0,0
2026-07-02,Fatih Karagümrük,F. Kurucuk,DF,0.0,0.0,0.0,0,0
2026-07-02,Fatih Karagümrük,B. Ersoy,MF,0.0,0.0,0.0,0,0
2026-07-02,Fatih Karagümrük,M. Kadioglu,DF,0.0,0.0,0.0,0,0
2026-07-02,Fatih Karagümrük,Y. Onogo,MF,0.0,0.0,0.0,0,0
2026-07-02,Fatih Karagümrük,D. Verde,FW,0.0,0.0,0.0,0,0
2026-07-02,Fatih Karagümrük,B. Kalaycı,FW,0.0,0.0,0.0,0,0
2026-07-02,Fatih Karagümrük,B. C. Evli,GK,0.0,0.0,0.0,0,0
2026-07-02,Fatih Karagümrük,A. Traore,FW,0.0,0.0,0.0,0,0
2026-07-02,Fatih Karagümrük,T. B. Kalpaklı,FW,0.0,0.0,0.0,0,0
2026-07-02,Fenerbahçe,A. Brown,DF,0.0,0.0,0.0,0,0
2026-07-02,Fenerbahçe,Y. E. Demir,DF,0.0,0.0,0.0,0,0
2026-07-02,Fenerbahçe,M. Müldür,DF,0.0,0.0,0.0,0,0
2026-07-02,Fenerbahçe,İ. Yüksek,MF,0.0,0.0,0.0,0,0
2026-07-02,Fenerbahçe,O. Aydın,FW,0.0,0.0,0.0,0,0
2026-07-02,Fenerbahçe,M. Asensio,MF,0.0,0.0,0.0,0,0
2026-07-02,Fenerbahçe,T. Çetin,GK,0.0,0.0,0.0,0,0
2026-07-02,Fenerbahçe,K. E. Üregen,DF,0.0,0.0,0.0,0,0
2026-07-02,Fenerbahçe,M. Škriniar,DF,0.0,0.0,0.0,0,0
2026-07-02,Fenerbahçe,S. Cherif,FW,0.0,0.0,0.0,0,0
2026-07-02,Feyenoord,J. St Juste,DF,0.0,0.0,0.0,0,0
2026-07-02,Feyenoord,G. Read,DF,0.0,0.0,0.0,0,0
2026-07-02,Feyenoord,G. Diarra,FW,0.0,0.0,0.0,0,0
2026-07-02,Feyenoord,C. Tengstedt,FW,0.0,0.0,0.0,0,0
2026-07-02,Feyenoord,J. Lotomba,DF,0.0,0.0,0.0,0,0
2026-07-02,Feyenoord,S. Benda,GK,0.0,0.0,0.0,0,0
2026-07-02,Feyenoord,L. Bossin,GK,0.0,0.0,0.0,0,0
2026-07-02,Feyenoord,I. Grootfaam ,MF,0.0,0.0,0.0,0,0
2026-07-02,Feyenoord,A. Sliti,FW,0.0,0.0,0.0,0,0
2026-07-02,Feyenoord,R. Sterling,FW,0.0,0.0,0.0,0,0
2026-07-02,Fiorentina,F. Parisi,DF,0.0,0.0,0.0,0,0
2026-07-02,Fiorentina,P. Comuzzo,DF,0.0,0.0,0.0,0,0
2026-07-02,Fiorentina,R. Braschi,FW,0.0,0.0,0.0,0,0
2026-07-02,Fiorentina,G. Fabbian,MF,0.0,0.0,0.0,0,0
2026-07-02,Fiorentina,J. Fazzini,MF,0.0,0.0,0.0,0,0
2026-07-02,Fiorentina,O. Christensen,GK,0.0,0.0,0.0,0,0
2026-07-02,Fiorentina,L. Lezzerini,GK,0.0,0.0,0.0,0,0
2026-07-02,Fiorentina,E. Kouadio,DF,0.0,0.0,0.0,0,0
2026-07-02,Fiorentina,D. Rugani,DF,0.0,0.0,0.0,0,0
2026-07-02,Fiorentina,A. Pirrò,MF,0.0,0.0,0.0,0,0
2026-07-02,Fiorentina,R. Mandragora,MF,0.0,0.0,0.0,0,0
2026-07-02,Flamengo,N. De la Cruz,MF,0.0,0.0,0.0,0,0
2026-07-02,Flamengo,B. Pinto,FW,0.0,0.0,0.0,0,0
2026-07-02,Flamengo,S. Ñíguez,MF,0.0,0.0,0.0,0,0
2026-07-02,Flamengo,Wallace,FW,0.0,0.0,0.0,0,0
2026-07-02,Flamengo,Andrew,GK,0.0,0.0,0.0,0,0
2026-07-02,Flamengo,A. Lucas,DF,0.0,0.0,0.0,0,0
2026-07-02,Flamengo,Vitão,DF,0.0,0.0,0.0,0,0
2026-07-02,Flamengo,E. Royal,DF,0.0,0.0,0.0,0,0
2026-07-02,Flamengo,Danilo,DF,0.0,0.0,0.0,0,0
2026-07-02,Flamengo,L. Felipe,MF,0.0,0.0,0.0,0,0
2026-07-02,Flamengo,Everton,FW,0.0,0.0,0.0,0,0
2026-07-02,Fluminense,Otávio,DF,0.0,0.0,0.0,0,0
2026-07-02,Fluminense,J. Savarino,FW,0.0,0.0,0.0,0,0
2026-07-02,Fluminense,K. Serna,FW,0.0,0.0,0.0,0,0
2026-07-02,Fluminense,Nonato,MF,0.0,0.0,0.0,0,0
2026-07-02,Fluminense,Hércules,MF,0.0,0.0,0.0,0,0
2026-07-02,Fluminense,R. Castillo,FW,0.0,0.0,0.0,0,0
2026-07-02,Fluminense,Vitor Eudes,GK,0.0,0.0,0.0,0,0
2026-07-02,Fluminense,Guga,DF,0.0,0.0,0.0,0,0
2026-07-02,Fluminense,Renê,DF,0.0,0.0,0.0,0,0
2026-07-02,Fluminense,Ignácio,DF,0.0,0.0,0.0,0,0
2026-07-02,Fluminense,Ganso,MF,0.0,0.0,0.0,0,0
2026-07-02,Fluminense,R. Felipe,FW,0.0,0.0,0.0,0,0
2026-07-02,Fluminense,Alisson,MF,0.0,0.0,0.0,0,0
2026-07-02,Fluminense,Y. Soteldo,FW,0.0,0.0,0.0,0,0
2026-07-02,Fluminense,John Kennedy,FW,0.0,0.0,0.0,0,0
2026-07-02,Fluminense,Jemmes,DF,0.0,0.0,0.0,0,0
2026-07-02,Fluminense,I. Rabello,DF,0.0,0.0,0.0,0,0
2026-07-02,Fluminense,J. Millán,DF,0.0,0.0,0.0,0,0
2026-07-02,Fluminense,S. Xavier,DF,0.0,0.0,0.0,0,0
2026-07-02,Fluminense,J. Freytes,DF,0.0,0.0,0.0,0,0
2026-07-02,Fluminense,G. Arana,DF,0.0,0.0,0.0,0,0
2026-07-02,Fluminense,A. Canobbio,FW,0.0,0.0,0.0,0,0
2026-07-02,Fluminense,F. Bernal,MF,0.0,0.0,0.0,0,0
2026-07-02,Fortuna Sittard,K. Peterson,FW,0.0,0.0,0.0,0,0
2026-07-02,Fortuna Sittard,P. Gladon,FW,0.0,0.0,0.0,0,0
2026-07-02,Fortuna Sittard,Y. Oukili,MF,0.0,0.0,0.0,0,0
2026-07-02,Fortuna Sittard,N. Martens,GK,0.0,0.0,0.0,0,0
2026-07-02,Fortuna Sittard,L. Koopmans,GK,0.0,0.0,0.0,0,0
2026-07-02,Fortuna Sittard,T. Schenkhuizen,MF,0.0,0.0,0.0,0,0
2026-07-02,Fortuna Sittard,A. Halilović,MF,0.0,0.0,0.0,0,0
2026-07-02,Fortuna Sittard,M. Gbemou,MF,0.0,0.0,0.0,0,0
2026-07-02,Fortuna Sittard,A. Bah,DF,0.0,0.0,0.0,0,0
2026-07-02,Fredrikstad FK,H. Skogvold,FW,0.0,0.0,0.0,0,0
2026-07-02,Fredrikstad FK,F. G. Yrga-Alem,DF,0.0,0.0,0.0,0,0
2026-07-02,Fredrikstad FK,S. Laghzaoui,MF,0.0,0.0,0.0,0,0
2026-07-02,Fredrikstad FK,O. Ovretveit,GK,0.0,0.0,0.0,0,0
2026-07-02,Fredrikstad FK,A. Andresen,DF,0.0,0.0,0.0,0,0
2026-07-02,Fredrikstad FK,J. Nysveen,DF,0.0,0.0,0.0,0,0
2026-07-02,Fredrikstad FK,M. Nilsson,MF,0.0,0.0,0.0,0,0
2026-07-02,Fredrikstad FK,B. Faraas,MF,0.0,0.0,0.0,0,0
2026-07-02,Fredrikstad FK,E. Granaas,MF,0.0,0.0,0.0,0,0
2026-07-02,Fulham,Kevin,FW,0.0,0.0,0.0,0,0
2026-07-02,Fulham,I. Diop,DF,0.0,0.0,0.0,0,0
2026-07-02,Fulham,O. Bobb,MF,0.0,0.0,0.0,0,0
2026-07-02,Fulham,J. King,MF,0.0,0.0,0.0,0,0
2026-07-02,Fulham,J. Kusi-Asare,FW,0.0,0.0,0.0,0,0
2026-07-02,Fulham,B. Lecomte,GK,0.0,0.0,0.0,0,0
2026-07-02,Fulham,K. Tete,DF,0.0,0.0,0.0,0,0
2026-07-02,Fulham,H. Reed,MF,0.0,0.0,0.0,0,0
2026-07-02,Fulham,S. Berge,MF,0.0,0.0,0.0,0,0
2026-07-02,Fútbol Club Barcelona,A. Bonmatí,MF,0.0,0.0,0.0,0,0
2026-07-02,Fútbol Club Barcelona,S. Paralluelo,FW,0.0,0.0,0.0,0,0
2026-07-02,Fútbol Club Barcelona,E. Brugts,MF,0.0,0.0,0.0,0,0
2026-07-02,Fútbol Club Barcelona,E. Pajor,FW,0.0,0.0,0.0,0,0
2026-07-02,Fútbol Club Barcelona,A. Putellas,MF,0.0,0.0,0.0,0,0
2026-07-02,Fútbol Club Barcelona,G. Font,GK,0.0,0.0,0.0,0,0
2026-07-02,Fútbol Club Barcelona,M. Font,GK,0.0,0.0,0.0,0,0
2026-07-02,Fútbol Club Barcelona,O. Batlle,DF,0.0,0.0,0.0,0,0
2026-07-02,Fútbol Club Barcelona,M. León,DF,0.0,0.0,0.0,0,0
2026-07-02,Fútbol Club Barcelona,I. Paredes,DF,0.0,0.0,0.0,0,0
2026-07-02,Fútbol Club Barcelona,P. Guijarro,MF,0.0,0.0,0.0,0,0
2026-07-02,GAIS,M. Bawa,MF,0.0,0.0,0.0,0,0
2026-07-02,GAIS,R. Frej,DF,0.0,0.0,0.0,0,0
2026-07-02,GAIS,O. Pettersson,FW,0.0,0.0,0.0,0,0
2026-07-02,GAIS,S. Ekong,FW,0.0,0.0,0.0,0,0
2026-07-02,GAIS,F. Beckman,DF,0.0,0.0,0.0,0,0
2026-07-02,GAIS,K. Sims,GK,0.0,0.0,0.0,0,0
2026-07-02,GAIS,J. Lindberg,MF,0.0,0.0,0.0,0,0
2026-07-02,GAIS,B. A. Dankwa,FW,0.0,0.0,0.0,0,0
2026-07-02,GAIS,L. Hedlund,FW,0.0,0.0,0.0,0,0
2026-07-02,GAIS,O. Ågren,DF,0.0,0.0,0.0,0,0
2026-07-02,GAIS,M. d. Brienne,DF,0.0,0.0,0.0,0,0
2026-07-02,GAIS,D. Bengtsson,FW,0.0,0.0,0.0,0,0
2026-07-02,GFS Panetolikos,A. Mățan,MF,0.0,0.0,0.0,0,0
2026-07-02,GFS Panetolikos,A. Bouchalakis,MF,0.0,0.0,0.0,0,0
2026-07-02,GFS Panetolikos,K. Aleksić,FW,0.0,0.0,0.0,0,0
2026-07-02,GFS Panetolikos,Y. Badji,FW,0.0,0.0,0.0,0,0
2026-07-02,GFS Panetolikos,C. Manrique,DF,0.0,0.0,0.0,0,0
2026-07-02,GFS Panetolikos,Ž. Živković,GK,0.0,0.0,0.0,0,0
2026-07-02,GFS Panetolikos,M. Pardalos,GK,0.0,0.0,0.0,0,0
2026-07-02,GFS Panetolikos,G. Agapakis,MF,0.0,0.0,0.0,0,0
2026-07-02,GFS Panetolikos,K. Michalak,MF,0.0,0.0,0.0,0,0
2026-07-02,GFS Panetolikos,A. Bregou,MF,0.0,0.0,0.0,0,0
2026-07-02,GFS Panetolikos,F. Rosa,FW,0.0,0.0,0.0,0,0
2026-07-02,GFS Panetolikos,J. Aguirre,FW,0.0,0.0,0.0,0,0
2026-07-02,GKS Katowice,M. Wdowiak,MF,0.0,0.0,0.0,0,0
2026-07-02,GKS Katowice,D. Rasak,MF,0.0,0.0,0.0,0,0
2026-07-02,GKS Katowice,M. Wedrychowski,MF,0.0,0.0,0.0,0,0
2026-07-02,GKS Katowice,J. Kokosinski,FW,0.0,0.0,0.0,0,0
2026-07-02,GKS Katowice,A. Błąd,MF,0.0,0.0,0.0,0,0
2026-07-02,GKS Katowice,W. Pankowski,GK,0.0,0.0,0.0,0,0
2026-07-02,GKS Katowice,K. Gruszkowski,DF,0.0,0.0,0.0,0,0
2026-07-02,GKS Katowice,M. Kuusk,DF,0.0,0.0,0.0,0,0
2026-07-02,GKS Katowice,M. Olsen,DF,0.0,0.0,0.0,0,0
2026-07-02,GKS Katowice,K. Lukasiak,MF,0.0,0.0,0.0,0,0
2026-07-02,GKS Katowice,G. Rogala,DF,0.0,0.0,0.0,0,0
2026-07-02,GKS Katowice,D. Kudła,GK,0.0,0.0,0.0,0,0
2026-07-02,Galatasaray,M. Lemina,MF,0.0,0.0,0.0,0,0
2026-07-02,Galatasaray,N. Lang,FW,0.0,0.0,0.0,0,0
2026-07-02,Galatasaray,E. Elmalı,DF,0.0,0.0,0.0,0,0
2026-07-02,Galatasaray,M. Icardi,FW,0.0,0.0,0.0,0,0
2026-07-02,Galatasaray,K. Ayhan,DF,0.0,0.0,0.0,0,0
2026-07-02,Galatasaray,B. A. Şen,GK,0.0,0.0,0.0,0,0
2026-07-02,Galatasaray,W. Singo,DF,0.0,0.0,0.0,0,0
2026-07-02,Galatasaray,S. Boey,DF,0.0,0.0,0.0,0,0
2026-07-02,Galatasaray,R. Nhaga,MF,0.0,0.0,0.0,0,0
2026-07-02,Galatasaray,A. Kutucu,FW,0.0,0.0,0.0,0,0
2026-07-02,Gamba Osaka,T. Yamamoto,MF,0.0,0.0,0.0,0,0
2026-07-02,Gamba Osaka,S. Nakano,DF,0.0,0.0,0.0,0,0
2026-07-02,Gamba Osaka,R. Meshino,FW,0.0,0.0,0.0,0,0
2026-07-02,Gamba Osaka,D. Hümmet,FW,0.0,0.0,0.0,0,0
2026-07-02,Gamba Osaka,J. Nakamura,MF,0.0,0.0,0.0,0,0
2026-07-02,Gamba Osaka,M. Higashiguchi,GK,0.0,0.0,0.0,0,0
2026-07-02,Gamba Osaka,T. Kishimoto,DF,0.0,0.0,0.0,0,0
2026-07-02,Gamba Osaka,T. Suzuki,MF,0.0,0.0,0.0,0,0
2026-07-02,Gamba Osaka,I. Jebali,FW,0.0,0.0,0.0,0,0
2026-07-02,Gamba Osaka,H. Minamino,FW,0.0,0.0,0.0,0,0
2026-07-02,Gamba Osaka,T. Usami,FW,0.0,0.0,0.0,0,0
2026-07-02,Gamba Osaka,R. Hatsuse,DF,0.0,0.0,0.0,0,0
2026-07-02,Gamba Osaka,Welton,FW,0.0,0.0,0.0,0,0
2026-07-02,Gamba Osaka,S. Kurata,MF,0.0,0.0,0.0,0,0
2026-07-02,Gamba Osaka,G. Ikegaya,DF,0.0,0.0,0.0,0,0
2026-07-02,Gamba Osaka,G. Nawata,MF,0.0,0.0,0.0,0,0
2026-07-02,Gangwon FC,K. Gun-Hee,FW,0.0,0.0,0.0,0,0
2026-07-02,Gangwon FC,H. Lee,DF,0.0,0.0,0.0,0,0
2026-07-02,Gangwon FC,K. Dong-hyeon,MF,0.0,0.0,0.0,0,0
2026-07-02,Gangwon FC,A. Halaihal,FW,0.0,0.0,0.0,0,0
2026-07-02,Gangwon FC,H. Y. Park,DF,0.0,0.0,0.0,0,0
2026-07-02,Gangwon FC,P. Sang-Hyeok,FW,0.0,0.0,0.0,0,0
2026-07-02,Gangwon FC,C. Min-kyu,GK,0.0,0.0,0.0,0,0
2026-07-02,Gangwon FC,S. Min-Ha,DF,0.0,0.0,0.0,0,0
2026-07-02,Gangwon FC,K. Yun-Gu,MF,0.0,0.0,0.0,0,0
2026-07-02,Gangwon FC,M. Seo,MF,0.0,0.0,0.0,0,0
2026-07-02,Gangwon FC,L. Yong-Jae,MF,0.0,0.0,0.0,0,0
2026-07-02,Gangwon FC,B. Choi,FW,0.0,0.0,0.0,0,0
2026-07-02,Gangwon FC,K. Do-Hyun,FW,0.0,0.0,0.0,0,0
2026-07-02,Gaziantep FK,L. Pérez,DF,0.0,0.0,0.0,0,0
2026-07-02,Gaziantep FK,K. Gassama,MF,0.0,0.0,0.0,0,0
2026-07-02,Gaziantep FK,C. Lungoyi,FW,0.0,0.0,0.0,0,0
2026-07-02,Gaziantep FK,A. O. Kalın,FW,0.0,0.0,0.0,0,0
2026-07-02,Gaziantep FK,Z. Görgen,GK,0.0,0.0,0.0,0,0
2026-07-02,Gaziantep FK,A. M. Ablak,FW,0.0,0.0,0.0,0,0
2026-07-02,Gençlerbirliği,C. Çanak,FW,0.0,0.0,0.0,0,0
2026-07-02,Gençlerbirliği,G. Gürpüz,MF,0.0,0.0,0.0,0,0
2026-07-02,Gençlerbirliği,M. Niang,FW,0.0,0.0,0.0,0,0
2026-07-02,Gençlerbirliği,P. Pereira,DF,0.0,0.0,0.0,0,0
2026-07-02,Gençlerbirliği,O. Ülgün,MF,0.0,0.0,0.0,0,0
2026-07-02,Gençlerbirliği,E. Erentürk,GK,0.0,0.0,0.0,0,0
2026-07-02,Gençlerbirliği,M. Hanousek,DF,0.0,0.0,0.0,0,0
2026-07-02,Gençlerbirliği,A. Ç. Çelik,MF,0.0,0.0,0.0,0,0
2026-07-02,Gençlerbirliği,T. Dele-Bashiru,MF,0.0,0.0,0.0,0,0
2026-07-02,Gençlerbirliği,E. Kemaloğlu,MF,0.0,0.0,0.0,0,0
2026-07-02,Gençlerbirliği,F. Üzüm,DF,0.0,0.0,0.0,0,0
2026-07-02,Gençlerbirliği,O. Diabate,DF,0.0,0.0,0.0,0,0
2026-07-02,Gençlerbirliği,Y. H. Aydar,DF,0.0,0.0,0.0,0,0
2026-07-02,Gençlerbirliği,S. Onur,MF,0.0,0.0,0.0,0,0
2026-07-02,Gençlerbirliği,A. Özcan,FW,0.0,0.0,0.0,0,0
2026-07-02,Getafe,D. Rico,DF,0.0,0.0,0.0,0,0
2026-07-02,Getafe,A. Kamara,FW,0.0,0.0,0.0,0,0
2026-07-02,Getafe,Á. Sancris,FW,0.0,0.0,0.0,0,0
2026-07-02,Getafe,J. Muñoz,MF,0.0,0.0,0.0,0,0
2026-07-02,Getafe,B. Mayoral,FW,0.0,0.0,0.0,0,0
2026-07-02,Getafe,J. Letáček,GK,0.0,0.0,0.0,0,0
2026-07-02,Getafe,S. Boselli,DF,0.0,0.0,0.0,0,0
2026-07-02,Getafe,A. Nyom,DF,0.0,0.0,0.0,0,0
2026-07-02,Getafe,A. Riquelme,MF,0.0,0.0,0.0,0,0
2026-07-02,Getafe,D. Cáceres,MF,0.0,0.0,0.0,0,0
2026-07-02,Getafe,V. Birmančević,MF,0.0,0.0,0.0,0,0
2026-07-02,Gil Vicente,A. Moreira,FW,0.0,0.0,0.0,0,0
2026-07-02,Gil Vicente,G. Varela,FW,0.0,0.0,0.0,0,0
2026-07-02,Gil Vicente,S. Bermejo,FW,0.0,0.0,0.0,0,0
2026-07-02,Gil Vicente,C. Eduardo,FW,0.0,0.0,0.0,0,0
2026-07-02,Gil Vicente,A. Espigares,DF,0.0,0.0,0.0,0,0
2026-07-02,Gil Vicente,H. Santos,DF,0.0,0.0,0.0,0,0
2026-07-02,Gil Vicente,F. Cáseres,MF,0.0,0.0,0.0,0,0
2026-07-02,Gimcheon Sangmu FC,L. Sangheon,FW,0.0,0.0,0.0,0,0
2026-07-02,Gimcheon Sangmu FC,T. Park,MF,0.0,0.0,0.0,0,0
2026-07-02,Gimcheon Sangmu FC,I. Kim,FW,0.0,0.0,0.0,0,0
2026-07-02,Gimcheon Sangmu FC,B. Jun-Soo,DF,0.0,0.0,0.0,0,0
2026-07-02,Gimcheon Sangmu FC,Tae-hwan Kim,DF,0.0,0.0,0.0,0,0
2026-07-02,Gimcheon Sangmu FC,J. B. Baek,GK,0.0,0.0,0.0,0,0
2026-07-02,Gimcheon Sangmu FC,P. Jin-Seong,DF,0.0,0.0,0.0,0,0
2026-07-02,Gimcheon Sangmu FC,S. B. Lee,MF,0.0,0.0,0.0,0,0
2026-07-02,Gimcheon Sangmu FC,Y. Jae-Seok,DF,0.0,0.0,0.0,0,0
2026-07-02,Gimcheon Sangmu FC,S. Park,DF,0.0,0.0,0.0,0,0
2026-07-02,Gimcheon Sangmu FC,C. Lee,DF,0.0,0.0,0.0,0,0
2026-07-02,Gimcheon Sangmu FC,D. Lim,DF,0.0,0.0,0.0,0,0
2026-07-02,Gimcheon Sangmu FC,S. H. Hong,DF,0.0,0.0,0.0,0,0
2026-07-02,Gimcheon Sangmu FC,J. Jae-Min,FW,0.0,0.0,0.0,0,0
2026-07-02,Gimcheon Sangmu FC,M. Hyun-Ho,GK,0.0,0.0,0.0,0,0
2026-07-02,Gimcheon Sangmu FC,L. Kang-Hyeon,MF,0.0,0.0,0.0,0,0
2026-07-02,Go Ahead Eagles,F. Stokkers,FW,0.0,0.0,0.0,0,0
2026-07-02,Go Ahead Eagles,R. Margaret,FW,0.0,0.0,0.0,0,0
2026-07-02,Go Ahead Eagles,O. S. Sivertsen,FW,0.0,0.0,0.0,0,0
2026-07-02,Go Ahead Eagles,D. James,DF,0.0,0.0,0.0,0,0
2026-07-02,Go Ahead Eagles,E. Linthorst,MF,0.0,0.0,0.0,0,0
2026-07-02,Go Ahead Eagles,L. Plogmann,GK,0.0,0.0,0.0,0,0
2026-07-02,Go Ahead Eagles,N. Verdoni,GK,0.0,0.0,0.0,0,0
2026-07-02,Go Ahead Eagles,E. Waayers,DF,0.0,0.0,0.0,0,0
2026-07-02,Go Ahead Eagles,G. v. Zwam,DF,0.0,0.0,0.0,0,0
2026-07-02,Go Ahead Eagles,J. Slory,FW,0.0,0.0,0.0,0,0
2026-07-02,Go Ahead Eagles,K. Goudmijn,MF,0.0,0.0,0.0,0,0
2026-07-02,Go Ahead Eagles,T. Baeten,FW,0.0,0.0,0.0,0,0
2026-07-02,Goiás,Juninho,FW,0.0,0.0,0.0,0,0
2026-07-02,Goiás,Lourenço,MF,0.0,0.0,0.0,0,0
2026-07-02,Goiás,A. Ramon,FW,0.0,0.0,0.0,0,0
2026-07-02,Goiás,B. Sávio,FW,0.0,0.0,0.0,0,0
2026-07-02,Goiás,Luiz Felipe,DF,0.0,0.0,0.0,0,0
2026-07-02,Goiás,Diego Caito,DF,0.0,0.0,0.0,0,0
2026-07-02,Goiás,T. Rodrigues,GK,0.0,0.0,0.0,0,0
2026-07-02,Goiás,L. Fellipe,DF,0.0,0.0,0.0,0,0
2026-07-02,Goiás,D. C. d. Silva,DF,0.0,0.0,0.0,0,0
2026-07-02,Goiás,Brayann,MF,0.0,0.0,0.0,0,0
2026-07-02,Goiás,E. García,FW,0.0,0.0,0.0,0,0
2026-07-02,Goiás,Filipe Machado,MF,0.0,0.0,0.0,0,0
2026-07-02,Gold Coast Knights,D. Russell,MF,0.0,0.0,0.0,0,0
2026-07-02,Gold Coast Knights,A. D. Mcgregor,MF,0.0,0.0,0.0,0,0
2026-07-02,Gold Coast Knights,A. Kemble,MF,0.0,0.0,0.0,0,0
2026-07-02,Gold Coast Knights,Y. Morita,FW,0.0,0.0,0.0,0,0
2026-07-02,Gold Coast Knights,H. Groves,GK,0.0,0.0,0.0,0,0
2026-07-02,Gold Coast Knights,O. Reid,MF,0.0,0.0,0.0,0,0
2026-07-02,Gold Coast United,J. Kim,DF,0.0,0.0,0.0,0,0
2026-07-02,Gold Coast United,D. Minster,DF,0.0,0.0,0.0,0,0
2026-07-02,Gold Coast United,N. Meliendrez,MF,0.0,0.0,0.0,0,0
2026-07-02,Gold Coast United,H. Hill,MF,0.0,0.0,0.0,0,0
2026-07-02,Gold Coast United,A. Cleland,MF,0.0,0.0,0.0,0,0
2026-07-02,Gold Coast United,S. Nicholls,MF,0.0,0.0,0.0,0,0
2026-07-02,Granada Club de Fútbol,M: C. Leles,MF,0.0,0.0,0.0,0,0
2026-07-02,Granada Club de Fútbol,C. R. García,DF,0.0,0.0,0.0,0,0
2026-07-02,Granada Club de Fútbol,Y. S. Villanueva,DF,0.0,0.0,0.0,0,0
2026-07-02,Granada Club de Fútbol,M. Barquero,FW,0.0,0.0,0.0,0,0
2026-07-02,Granada Club de Fútbol,C. Hirao,GK,0.0,0.0,0.0,0,0
2026-07-02,Granada Club de Fútbol,M. Zafra,FW,0.0,0.0,0.0,0,0
2026-07-02,Granada Club de Fútbol,S. Ameyaa,FW,0.0,0.0,0.0,0,0
2026-07-02,Grasshopper Club Zürich,M. Ullmann,DF,0.0,0.0,0.0,0,0
2026-07-02,Grasshopper Club Zürich,S. Marques,MF,0.0,0.0,0.0,0,0
2026-07-02,Grasshopper Club Zürich,H. Imourane,MF,0.0,0.0,0.0,0,0
2026-07-02,Grasshopper Club Zürich,D. Papic,MF,0.0,0.0,0.0,0,0
2026-07-02,Grasshopper Club Zürich,L. Mikulić,DF,0.0,0.0,0.0,0,0
2026-07-02,Grasshopper Club Zürich,N. Glaus,GK,0.0,0.0,0.0,0,0
2026-07-02,Grasshopper Club Zürich,S. Krasniqi,MF,0.0,0.0,0.0,0,0
2026-07-02,Grasshopper Club Zürich,F. Tsimba,FW,0.0,0.0,0.0,0,0
2026-07-02,Grasshopper Club Zürich,M. Frey,FW,0.0,0.0,0.0,0,0
2026-07-02,Grasshopper Club Zürich,Y. Lee,FW,0.0,0.0,0.0,0,0
2026-07-02,Grasshopper Club Zürich,I. Beka,DF,0.0,0.0,0.0,0,0
2026-07-02,Grasshopper Club Zürich,S. Diarrassouba,MF,0.0,0.0,0.0,0,0
2026-07-02,Grasshopper Club Zürich,M. Mantini,MF,0.0,0.0,0.0,0,0
2026-07-02,Grêmio,F. Balbuena,DF,0.0,0.0,0.0,0,0
2026-07-02,Grêmio,E. Noriega,MF,0.0,0.0,0.0,0,0
2026-07-02,Grêmio,Tiaguinho,MF,0.0,0.0,0.0,0,0
2026-07-02,Grêmio,M. Braithwaite,FW,0.0,0.0,0.0,0,0
2026-07-02,Grêmio,C. Paulista,DF,0.0,0.0,0.0,0,0
2026-07-02,Grêmio,G. Grando,GK,0.0,0.0,0.0,0,0
2026-07-02,Grêmio,W. Kannemann,DF,0.0,0.0,0.0,0,0
2026-07-02,Grêmio,M. Rocha,DF,0.0,0.0,0.0,0,0
2026-07-02,Grêmio,J. Enamorado,FW,0.0,0.0,0.0,0,0
2026-07-02,Grêmio,Riquelme,MF,0.0,0.0,0.0,0,0
2026-07-02,Grêmio,Tetê,FW,0.0,0.0,0.0,0,0
2026-07-02,Grêmio,A. Henrique,FW,0.0,0.0,0.0,0,0
2026-07-02,Grêmio Novorizontino,Alemão,DF,0.0,0.0,0.0,0,0
2026-07-02,Grêmio Novorizontino,Carlão,FW,0.0,0.0,0.0,0,0
2026-07-02,Grêmio Novorizontino,Hélio Borges,FW,0.0,0.0,0.0,0,0
2026-07-02,Grêmio Novorizontino,N. Castrillón,DF,0.0,0.0,0.0,0,0
2026-07-02,Grêmio Novorizontino,Jordi,GK,0.0,0.0,0.0,0,0
2026-07-02,Grêmio Novorizontino,A. Alvariño,MF,0.0,0.0,0.0,0,0
2026-07-02,Grêmio Novorizontino,D. Galo,MF,0.0,0.0,0.0,0,0
2026-07-02,Grêmio Novorizontino,R. Barcellos,FW,0.0,0.0,0.0,0,0
2026-07-02,Gwangju FC,S. Y. Gwon,MF,0.0,0.0,0.0,0,0
2026-07-02,Gwangju FC,S. J. Ju,MF,0.0,0.0,0.0,0,0
2026-07-02,Gwangju FC,Seung-un Ha,FW,0.0,0.0,0.0,0,0
2026-07-02,Gwangju FC,P. Sung-Hyun,MF,0.0,0.0,0.0,0,0
2026-07-02,Gwangju FC,K. Hui-Su,MF,0.0,0.0,0.0,0,0
2026-07-02,Gwangju FC,Y. Ahn,DF,0.0,0.0,0.0,0,0
2026-07-02,Gwangju FC,J. Gyu-Min,MF,0.0,0.0,0.0,0,0
2026-07-02,Gwangju FC,K. Yun-Ho,FW,0.0,0.0,0.0,0,0
2026-07-02,Gwangju FC,H. A. Friðjónsson,FW,0.0,0.0,0.0,0,0
2026-07-02,Gwangju FC,S. Min,DF,0.0,0.0,0.0,0,0
2026-07-02,Gwangju FC,J. I. Park,FW,0.0,0.0,0.0,0,0
2026-07-02,Gwangju FC,M. Lee,DF,0.0,0.0,0.0,0,0
2026-07-02,Gwangju FC,G. Bae-Hyeon,DF,0.0,0.0,0.0,0,0
2026-07-02,Gwangju FC,K. M. Kim,GK,0.0,0.0,0.0,0,0
2026-07-02,Górnik Zabrze,Josema,DF,0.0,0.0,0.0,0,0
2026-07-02,Górnik Zabrze,M. Sauer,MF,0.0,0.0,0.0,0,0
2026-07-02,Górnik Zabrze,P. Olkowski,DF,0.0,0.0,0.0,0,0
2026-07-02,Górnik Zabrze,M. Rakoczy,MF,0.0,0.0,0.0,0,0
2026-07-02,Górnik Zabrze,O. Zmrzlý,DF,0.0,0.0,0.0,0,0
2026-07-02,Górnik Zabrze,K. Lukoszek,MF,0.0,0.0,0.0,0,0
2026-07-02,Górnik Zabrze,L. Podolski,FW,0.0,0.0,0.0,0,0
2026-07-02,Górnik Zabrze,T. Loska,GK,0.0,0.0,0.0,0,0
2026-07-02,Górnik Zabrze,K. Szcześniak,DF,0.0,0.0,0.0,0,0
2026-07-02,Górnik Zabrze,B. Donio,MF,0.0,0.0,0.0,0,0
2026-07-02,Górnik Zabrze,L. Sadílek,MF,0.0,0.0,0.0,0,0
2026-07-02,Górnik Zabrze,B. Rupanov,FW,0.0,0.0,0.0,0,0
2026-07-02,Göztepe,T. Altıkardeş,DF,0.0,0.0,0.0,0,0
2026-07-02,Göztepe,M. Mohammed,MF,0.0,0.0,0.0,0,0
2026-07-02,Göztepe,G. Luiz,FW,0.0,0.0,0.0,0,0
2026-07-02,Göztepe,U. K. Yıldız,DF,0.0,0.0,0.0,0,0
2026-07-02,Göztepe,O. Bayrak,DF,0.0,0.0,0.0,0,0
2026-07-02,Göztepe,M. Ş. Öztürk,GK,0.0,0.0,0.0,0,0
2026-07-02,Göztepe,E. Yildirim,DF,0.0,0.0,0.0,0,0
2026-07-02,Göztepe,Y. A. Sirin,MF,0.0,0.0,0.0,0,0
2026-07-02,Göztepe,İ. Köybaşı,DF,0.0,0.0,0.0,0,0
2026-07-02,HJK,Martin Kirilov,FW,0.0,0.0,0.0,0,0
2026-07-02,HJK,M. Borchers,FW,0.0,0.0,0.0,0,0
2026-07-02,HJK,T. Mero,MF,0.0,0.0,0.0,0,0
2026-07-02,HJK,D. Ezeh,FW,0.0,0.0,0.0,0,0
2026-07-02,HJK,J. Öst,GK,0.0,0.0,0.0,0,0
2026-07-02,HJK,M. Haapanen,GK,0.0,0.0,0.0,0,0
2026-07-02,HJK,E. Leveälahti,DF,0.0,0.0,0.0,0,0
2026-07-02,HJK,M. Ylitolva,DF,0.0,0.0,0.0,0,0
2026-07-02,HJK,L. Lappalainen,MF,0.0,0.0,0.0,0,0
2026-07-02,HJK,B. Lyons-Foster,DF,0.0,0.0,0.0,0,0
2026-07-02,HJK,T. Pukki,FW,0.0,0.0,0.0,0,0
2026-07-02,HJK,J. Kallinen,MF,0.0,0.0,0.0,0,0
2026-07-02,HJK,L. Palmula,MF,0.0,0.0,0.0,0,0
2026-07-02,Halmstads BK,H. Carneil,MF,0.0,0.0,0.0,0,0
2026-07-02,Halmstads BK,G. Friberg,DF,0.0,0.0,0.0,0,0
2026-07-02,Halmstads BK,M. Illary,MF,0.0,0.0,0.0,0,0
2026-07-02,Halmstads BK,M. Persson,FW,0.0,0.0,0.0,0,0
2026-07-02,Halmstads BK,W. Lykke,GK,0.0,0.0,0.0,0,0
2026-07-02,Halmstads BK,F. Schyberg,DF,0.0,0.0,0.0,0,0
2026-07-02,Halmstads BK,G. Wallentin,DF,0.0,0.0,0.0,0,0
2026-07-02,Halmstads BK,N. Mäenpää,MF,0.0,0.0,0.0,0,0
2026-07-02,Halmstads BK,A. Nilsson,MF,0.0,0.0,0.0,0,0
2026-07-02,Halmstads BK,E. Yeboah,FW,0.0,0.0,0.0,0,0
2026-07-02,Halmstads BK,O. Liimatta,MF,0.0,0.0,0.0,0,0
2026-07-02,HamKam,A. Trondsen,MF,0.0,0.0,0.0,0,0
2026-07-02,HamKam,W. Osnes-Ringen,MF,0.0,0.0,0.0,0,0
2026-07-02,HamKam,M. Johnsgard,MF,0.0,0.0,0.0,0,0
2026-07-02,HamKam,S. S. Nilsen,DF,0.0,0.0,0.0,0,0
2026-07-02,HamKam,I. Kukleci,DF,0.0,0.0,0.0,0,0
2026-07-02,HamKam,S. Østraat,GK,0.0,0.0,0.0,0,0
2026-07-02,HamKam,I. Hoffmann,DF,0.0,0.0,0.0,0,0
2026-07-02,HamKam,J. B. Gonstad,FW,0.0,0.0,0.0,0,0
2026-07-02,HamKam,V. A. Jónsson,MF,0.0,0.0,0.0,0,0
2026-07-02,HamKam,L. Mettler,MF,0.0,0.0,0.0,0,0
2026-07-02,HamKam,H. R. Opsahl,DF,0.0,0.0,0.0,0,0
2026-07-02,Hammarby IF,N. Persson,DF,0.0,0.0,0.0,0,0
2026-07-02,Hammarby IF,M. Kaboré,FW,0.0,0.0,0.0,0,0
2026-07-02,Hammarby IF,W. Lindberg Uhrstrom,MF,0.0,0.0,0.0,0,0
2026-07-02,Hammarby IF,N. Vasic,FW,0.0,0.0,0.0,0,0
2026-07-02,Hammarby IF,D. Collander,MF,0.0,0.0,0.0,0,0
2026-07-02,Hammarby IF,E. F. Opancar,GK,0.0,0.0,0.0,0,0
2026-07-02,Hammarby IF,O. S. Brånby,DF,0.0,0.0,0.0,0,0
2026-07-02,Hammarby IF,O. Johansson Schellhas,MF,0.0,0.0,0.0,0,0
2026-07-02,Hammarby IF,O. J. Hagen,FW,0.0,0.0,0.0,0,0
2026-07-02,Hammarby IF,I. Fofana,DF,0.0,0.0,0.0,0,0
2026-07-02,Hartford Athletic,B. Njie,DF,0.0,0.0,0.0,0,0
2026-07-02,Hartford Athletic,J. Moreira,MF,0.0,0.0,0.0,0,0
2026-07-02,Hartford Athletic,A. Williams,FW,0.0,0.0,0.0,0,0
2026-07-02,Hartford Athletic,T. Presthus,DF,0.0,0.0,0.0,0,0
2026-07-02,Hartford Athletic,E. Carvalho,GK,0.0,0.0,0.0,0,0
2026-07-02,Hartford Athletic,C. Hadjipaschalis,MF,0.0,0.0,0.0,0,0
2026-07-02,Hartford Athletic,S. Anaku,FW,0.0,0.0,0.0,0,0
2026-07-02,Hassania d'Agadir,H. Ahaddad,FW,0.0,0.0,0.0,0,0
2026-07-02,Hassania d'Agadir,M. Bakhkhach,MF,0.0,0.0,0.0,0,0
2026-07-02,Hassania d'Agadir,M. A. Katiba,MF,0.0,0.0,0.0,0,0
2026-07-02,Hassania d'Agadir,A. A. Brayim,MF,0.0,0.0,0.0,0,0
2026-07-02,Hassania d'Agadir,J. Dembi,MF,0.0,0.0,0.0,0,0
2026-07-02,Hassania d'Agadir,Y. E. Amali,DF,0.0,0.0,0.0,0,0
2026-07-02,Hassania d'Agadir,A. Sahnoune,DF,0.0,0.0,0.0,0,0
2026-07-02,Hassania d'Agadir,A. Plumain,MF,0.0,0.0,0.0,0,0
2026-07-02,Hassania d'Agadir,I. Motik,MF,0.0,0.0,0.0,0,0
2026-07-02,Hassania d'Agadir,A. Beye,DF,0.0,0.0,0.0,0,0
2026-07-02,Hassania d'Agadir,A. Tarrazi,DF,0.0,0.0,0.0,0,0
2026-07-02,Hassania d'Agadir,H. E. Majhad,GK,0.0,0.0,0.0,0,0
2026-07-02,Heart of Midlothian,B. Spittal,MF,0.0,0.0,0.0,0,0
2026-07-02,Heart of Midlothian,J. McCart,DF,0.0,0.0,0.0,0,0
2026-07-02,Heart of Midlothian,P. L. Kabore,FW,0.0,0.0,0.0,0,0
2026-07-02,Heart of Midlothian,J. Altena,DF,0.0,0.0,0.0,0,0
2026-07-02,Heart of Midlothian,F. Kent,DF,0.0,0.0,0.0,0,0
2026-07-02,Heart of Midlothian,R. Fulton,GK,0.0,0.0,0.0,0,0
2026-07-02,Heart of Midlothian,A. Forrest,FW,0.0,0.0,0.0,0,0
2026-07-02,Heart of Midlothian,S. Kerjota,FW,0.0,0.0,0.0,0,0
2026-07-02,Heart of Midlothian,R. Mato,FW,0.0,0.0,0.0,0,0
2026-07-02,Heart of Midlothian,A. Kyziridis,FW,0.0,0.0,0.0,0,0
2026-07-02,Heart of Midlothian,C. Devlin,MF,0.0,0.0,0.0,0,0
2026-07-02,Heart of Midlothian,C. Borchgrevink,DF,0.0,0.0,0.0,0,0
2026-07-02,Heart of Midlothian,I. Chesnokov,MF,0.0,0.0,0.0,0,0
2026-07-02,Hellas Verona,T. Slotsager,DF,0.0,0.0,0.0,0,0
2026-07-02,Hellas Verona,S. Lovrić,MF,0.0,0.0,0.0,0,0
2026-07-02,Hellas Verona,A. Harroui,MF,0.0,0.0,0.0,0,0
2026-07-02,Hellas Verona,G. Toniolo,GK,0.0,0.0,0.0,0,0
2026-07-02,Hellas Verona,S. Perilli,GK,0.0,0.0,0.0,0,0
2026-07-02,Hellas Verona,F. Cham,DF,0.0,0.0,0.0,0,0
2026-07-02,Hellas Verona,P. Lirola,DF,0.0,0.0,0.0,0,0
2026-07-02,Hellas Verona,Isaac,FW,0.0,0.0,0.0,0,0
2026-07-02,Hellas Verona,A. Sarr,FW,0.0,0.0,0.0,0,0
2026-07-02,Hellas Verona,I. Vermesan,FW,0.0,0.0,0.0,0,0
2026-07-02,Hellas Verona,J. Ajayi,FW,0.0,0.0,0.0,0,0
2026-07-02,Hellas Verona,D. Bradarić,DF,0.0,0.0,0.0,0,0
2026-07-02,Hellas Verona,D. D. Battisti,DF,0.0,0.0,0.0,0,0
2026-07-02,Hellas Verona,M. Al-Musrati,MF,0.0,0.0,0.0,0,0
2026-07-02,Henan FC,M. Nebijan,DF,0.0,0.0,0.0,0,0
2026-07-02,Henan FC,D. Zheng,FW,0.0,0.0,0.0,0,0
2026-07-02,Henan FC,C. Shi,GK,0.0,0.0,0.0,0,0
2026-07-02,Henan FC,C. Du,DF,0.0,0.0,0.0,0,0
2026-07-02,Henan FC,L. Jiahui,DF,0.0,0.0,0.0,0,0
2026-07-02,Henan FC,O. Gerbig,DF,0.0,0.0,0.0,0,0
2026-07-02,Henan FC,K. Yang,DF,0.0,0.0,0.0,0,0
2026-07-02,Henan FC,X. Haofeng,DF,0.0,0.0,0.0,0,0
2026-07-02,Henan FC,O. Ekber,MF,0.0,0.0,0.0,0,0
2026-07-02,Henan FC,X. Fan,MF,0.0,0.0,0.0,0,0
2026-07-02,Henan FC,Y. Yang,DF,0.0,0.0,0.0,0,0
2026-07-02,Henan FC,C. Yin,FW,0.0,0.0,0.0,0,0
2026-07-02,Henan FC,C. He,MF,0.0,0.0,0.0,0,0
2026-07-02,Henan FC,Y. Shinar,DF,0.0,0.0,0.0,0,0
2026-07-02,Heracles Almelo,J. Wieckhoff,DF,0.0,0.0,0.0,0,0
2026-07-02,Heracles Almelo,E. Ahlstrand,MF,0.0,0.0,0.0,0,0
2026-07-02,Heracles Almelo,B. Limbombe,FW,0.0,0.0,0.0,0,0
2026-07-02,Heracles Almelo,S. A. Čestić,DF,0.0,0.0,0.0,0,0
2026-07-02,Heracles Almelo,T. Hamamioglu,FW,0.0,0.0,0.0,0,0
2026-07-02,Heracles Almelo,R. Mantel,GK,0.0,0.0,0.0,0,0
2026-07-02,Heracles Almelo,R. Pasveer,GK,0.0,0.0,0.0,0,0
2026-07-02,Heracles Almelo,J. Wijnreder,DF,0.0,0.0,0.0,0,0
2026-07-02,Heracles Almelo,M. te Wierik,DF,0.0,0.0,0.0,0,0
2026-07-02,Heracles Almelo,R. Bozinovski,MF,0.0,0.0,0.0,0,0
2026-07-02,Heracles Almelo,L. Zeefuik,FW,0.0,0.0,0.0,0,0
2026-07-02,Heracles Almelo,S. Blokhuis,MF,0.0,0.0,0.0,0,0
2026-07-02,Hibernian,J. Obita,DF,0.0,0.0,0.0,0,0
2026-07-02,Hibernian,J. Campbell,MF,0.0,0.0,0.0,0,0
2026-07-02,Hibernian,D. Barlaser,MF,0.0,0.0,0.0,0,0
2026-07-02,Hibernian,D. Scarlett,FW,0.0,0.0,0.0,0,0
2026-07-02,Hibernian,A. Šuto,FW,0.0,0.0,0.0,0,0
2026-07-02,Hibernian,F. Owens,GK,0.0,0.0,0.0,0,0
2026-07-02,Hibernian,K. Andrews,MF,0.0,0.0,0.0,0,0
2026-07-02,Hibernian,A. Manneh,MF,0.0,0.0,0.0,0,0
2026-07-02,Hibernian,C. Cadden,DF,0.0,0.0,0.0,0,0
2026-07-02,Hibernian,J. Newell,MF,0.0,0.0,0.0,0,0
2026-07-02,Hibernian,J. Smith,GK,0.0,0.0,0.0,0,0
2026-07-02,Hibernian,M. Garananga,DF,0.0,0.0,0.0,0,0
2026-07-02,Hibernian,N. Cadden,MF,0.0,0.0,0.0,0,0
2026-07-02,Hibernian,K. Megwa,DF,0.0,0.0,0.0,0,0
2026-07-02,Houston Dynamo,A. Bouzat,MF,0.0,0.0,0.0,0,0
2026-07-02,Houston Dynamo,H. Herrera,MF,0.0,0.0,0.0,0,0
2026-07-02,Houston Dynamo,O. Lingr,MF,0.0,0.0,0.0,0,0
2026-07-02,Houston Dynamo,I. Aliyu,FW,0.0,0.0,0.0,0,0
2026-07-02,Houston Dynamo,B. Gillingham,GK,0.0,0.0,0.0,0,0
2026-07-02,Houston Dynamo,F. Negri,DF,0.0,0.0,0.0,0,0
2026-07-02,Houston Dynamo,V. Silva,DF,0.0,0.0,0.0,0,0
2026-07-02,Houston Dynamo,D. Holmes,MF,0.0,0.0,0.0,0,0
2026-07-02,Houston Dynamo,N. Markanich,FW,0.0,0.0,0.0,0,0
2026-07-02,Huesca,L. Beltrán,FW,0.0,0.0,0.0,0,0
2026-07-02,Huesca,E. Ugiagbe,FW,0.0,0.0,0.0,0,0
2026-07-02,Huesca,M. Agbekpornu,MF,0.0,0.0,0.0,0,0
2026-07-02,Huesca,J. Escobar,FW,0.0,0.0,0.0,0,0
2026-07-02,Huesca,Á. Cantero,FW,0.0,0.0,0.0,0,0
2026-07-02,Huesca,I. Laquintana,MF,0.0,0.0,0.0,0,0
2026-07-02,Huesca,J. Martín,DF,0.0,0.0,0.0,0,0
2026-07-02,Huesca,D. Ojeda,FW,0.0,0.0,0.0,0,0
2026-07-02,Huesca,J. Seoane,MF,0.0,0.0,0.0,0,0
2026-07-02,Hull City,Y. Hirakawa,FW,0.0,0.0,0.0,0,0
2026-07-02,Hull City,K. Joseph,FW,0.0,0.0,0.0,0,0
2026-07-02,Hull City,K. Dowell,MF,0.0,0.0,0.0,0,0
2026-07-02,Hull City,J. Lundstram,MF,0.0,0.0,0.0,0,0
2026-07-02,Hull City,D. Phillips,GK,0.0,0.0,0.0,0,0
2026-07-02,Hull City,P. McNair,DF,0.0,0.0,0.0,0,0
2026-07-02,Hull City,S. Ajayi,DF,0.0,0.0,0.0,0,0
2026-07-02,Hull City,D. Gyabi,MF,0.0,0.0,0.0,0,0
2026-07-02,Hull City,L. Koumas,FW,0.0,0.0,0.0,0,0
2026-07-02,IF Brommapojkarna,K. Sever,FW,0.0,0.0,0.0,0,0
2026-07-02,IF Brommapojkarna,L. Björklund,MF,0.0,0.0,0.0,0,0
2026-07-02,IF Brommapojkarna,I. Camara,MF,0.0,0.0,0.0,0,0
2026-07-02,IF Brommapojkarna,S. M. Ngouali,MF,0.0,0.0,0.0,0,0
2026-07-02,IF Brommapojkarna,D. Blažević,GK,0.0,0.0,0.0,0,0
2026-07-02,IF Brommapojkarna,R. Bergvall,DF,0.0,0.0,0.0,0,0
2026-07-02,IF Brommapojkarna,H. F. Karlsson,DF,0.0,0.0,0.0,0,0
2026-07-02,IF Brommapojkarna,O. Cotton,DF,0.0,0.0,0.0,0,0
2026-07-02,IF Brommapojkarna,A. Kurochkin,MF,0.0,0.0,0.0,0,0
2026-07-02,IF Brommapojkarna,E. Hedström,FW,0.0,0.0,0.0,0,0
2026-07-02,IF Elfsborg,M. I. Kamara,MF,0.0,0.0,0.0,0,0
2026-07-02,IF Elfsborg,F. Aronsson,DF,0.0,0.0,0.0,0,0
2026-07-02,IF Elfsborg,L. Östman,FW,0.0,0.0,0.0,0,0
2026-07-02,IF Elfsborg,T. Erlandsson,GK,0.0,0.0,0.0,0,0
2026-07-02,IF Elfsborg,I. Buhari,DF,0.0,0.0,0.0,0,0
2026-07-02,IF Elfsborg,R. Mohammed,DF,0.0,0.0,0.0,0,0
2026-07-02,IF Elfsborg,O. V. Okeke,MF,0.0,0.0,0.0,0,0
2026-07-02,IF Elfsborg,A. Hellemaa,MF,0.0,0.0,0.0,0,0
2026-07-02,IF Elfsborg,G. Rapp,MF,0.0,0.0,0.0,0,0
2026-07-02,IF Elfsborg,A. Zeneli,MF,0.0,0.0,0.0,0,0
2026-07-02,IF Elfsborg,J. Beck,MF,0.0,0.0,0.0,0,0
2026-07-02,IF Gnistan,J. Latonen,MF,0.0,0.0,0.0,0,0
2026-07-02,IF Gnistan,V. Hänninen,MF,0.0,0.0,0.0,0,0
2026-07-02,IF Gnistan,S. Eremenko,MF,0.0,0.0,0.0,0,0
2026-07-02,IF Gnistan,D. Pérez,FW,0.0,0.0,0.0,0,0
2026-07-02,IF Gnistan,A. Obileye,DF,0.0,0.0,0.0,0,0
2026-07-02,IF Gnistan,R. Almeida,GK,0.0,0.0,0.0,0,0
2026-07-02,IF Gnistan,B. Dahlström,DF,0.0,0.0,0.0,0,0
2026-07-02,IF Gnistan,M. Bjurstrøm,DF,0.0,0.0,0.0,0,0
2026-07-02,IF Gnistan,A. Atarah,MF,0.0,0.0,0.0,0,0
2026-07-02,IF Gnistan,J. Ojala,DF,0.0,0.0,0.0,0,0
2026-07-02,IF Gnistan,A. Jouhi,MF,0.0,0.0,0.0,0,0
2026-07-02,IFK Göteborg,B. Brantlind,MF,0.0,0.0,0.0,0,0
2026-07-02,IFK Göteborg,I. Jagne,MF,0.0,0.0,0.0,0,0
2026-07-02,IFK Göteborg,T. Coimbra,FW,0.0,0.0,0.0,0,0
2026-07-02,IFK Göteborg,R. N. Dahlin,DF,0.0,0.0,0.0,0,0
2026-07-02,IFK Göteborg,O. Mansson,MF,0.0,0.0,0.0,0,0
2026-07-02,IFK Göteborg,F. Andersson,GK,0.0,0.0,0.0,0,0
2026-07-02,IFK Göteborg,J. Bager,DF,0.0,0.0,0.0,0,0
2026-07-02,IFK Göteborg,L. Radakovic,MF,0.0,0.0,0.0,0,0
2026-07-02,IFK Göteborg,A. Boren,FW,0.0,0.0,0.0,0,0
2026-07-02,IFK Göteborg,S. A. Moubarak,FW,0.0,0.0,0.0,0,0
2026-07-02,IFK Göteborg,S. Clemmensen,FW,0.0,0.0,0.0,0,0
2026-07-02,IFK Göteborg,F. Ottosson,MF,0.0,0.0,0.0,0,0
2026-07-02,IFK Göteborg,K. Thordarson,MF,0.0,0.0,0.0,0,0
2026-07-02,IFK Mariehamn,N. Dosis,MF,0.0,0.0,0.0,0,0
2026-07-02,IFK Mariehamn,L. Andersson,FW,0.0,0.0,0.0,0,0
2026-07-02,IFK Mariehamn,J. v. d. Heyden,MF,0.0,0.0,0.0,0,0
2026-07-02,IFK Mariehamn,L. Pearce,FW,0.0,0.0,0.0,0,0
2026-07-02,IFK Mariehamn,A. Soiniemi,MF,0.0,0.0,0.0,0,0
2026-07-02,IFK Mariehamn,K. Lund,GK,0.0,0.0,0.0,0,0
2026-07-02,IK Start,F. Palerud,DF,0.0,0.0,0.0,0,0
2026-07-02,IK Start,J. Ampofo,FW,0.0,0.0,0.0,0,0
2026-07-02,IK Start,M. Soomets,MF,0.0,0.0,0.0,0,0
2026-07-02,IK Start,S. Mvoué,MF,0.0,0.0,0.0,0,0
2026-07-02,IK Start,J. O. Norheim,DF,0.0,0.0,0.0,0,0
2026-07-02,IK Start,S. Strand-Kolbjörnsen,GK,0.0,0.0,0.0,0,0
2026-07-02,IK Start,F. S. Lien,MF,0.0,0.0,0.0,0,0
2026-07-02,IK Start,L. H. Gausdal,MF,0.0,0.0,0.0,0,0
2026-07-02,IK Start,A. F. Gurendal,FW,0.0,0.0,0.0,0,0
2026-07-02,Ikorodu City,R. Owolabi,MF,0.0,0.0,0.0,0,0
2026-07-02,Ikorodu City,C. Oparaocha,FW,0.0,0.0,0.0,0,0
2026-07-02,Ikorodu City,F. Temitope,DF,0.0,0.0,0.0,0,0
2026-07-02,Ikorodu City,O. A. Tomiwa,FW,0.0,0.0,0.0,0,0
2026-07-02,Ikorodu City,D. Julu,GK,0.0,0.0,0.0,0,0
2026-07-02,Ikorodu City,E. Mathias,DF,0.0,0.0,0.0,0,0
2026-07-02,Ikorodu City,O. Molade,DF,0.0,0.0,0.0,0,0
2026-07-02,Ikorodu City,K. Briggs,FW,0.0,0.0,0.0,0,0
2026-07-02,Ilves,A. Bamba,DF,0.0,0.0,0.0,0,0
2026-07-02,Ilves,J. Kanga,MF,0.0,0.0,0.0,0,0
2026-07-02,Ilves,O. Tiitinen,MF,0.0,0.0,0.0,0,0
2026-07-02,Ilves,S. Baranov,MF,0.0,0.0,0.0,0,0
2026-07-02,Ilves,O. Virtanen,GK,0.0,0.0,0.0,0,0
2026-07-02,Ilves,R. Leislahti,GK,0.0,0.0,0.0,0,0
2026-07-02,Ilves,A. Raymond,DF,0.0,0.0,0.0,0,0
2026-07-02,Ilves,O. Paavola,FW,0.0,0.0,0.0,0,0
2026-07-02,Incheon United,C. Y. Lee,MF,0.0,0.0,0.0,0,0
2026-07-02,Incheon United,D. Lee,FW,0.0,0.0,0.0,0,0
2026-07-02,Incheon United,M. Ferrier,FW,0.0,0.0,0.0,0,0
2026-07-02,Incheon United,C. Seung-Gu,DF,0.0,0.0,0.0,0,0
2026-07-02,Incheon United,D. H. Kim,GK,0.0,0.0,0.0,0,0
2026-07-02,Incheon United,W. J. Jung,MF,0.0,0.0,0.0,0,0
2026-07-02,Incheon United,P. Ho-min,FW,0.0,0.0,0.0,0,0
2026-07-02,Incheon United,C. I. Jeong,MF,0.0,0.0,0.0,0,0
2026-07-02,Incheon United,P. Seung-Ho,FW,0.0,0.0,0.0,0,0
2026-07-02,Incheon United,J. Y. Lee,DF,0.0,0.0,0.0,0,0
2026-07-02,Incheon United,K. Park,DF,0.0,0.0,0.0,0,0
2026-07-02,Independiente Rivadavia,I. Villalba,DF,0.0,0.0,0.0,0,0
2026-07-02,Independiente Rivadavia,J. M. Elordi,DF,0.0,0.0,0.0,0,0
2026-07-02,Independiente Rivadavia,A. Osella,DF,0.0,0.0,0.0,0,0
2026-07-02,Independiente Rivadavia,G. Ríos,MF,0.0,0.0,0.0,0,0
2026-07-02,Independiente Rivadavia,L. Bucca,MF,0.0,0.0,0.0,0,0
2026-07-02,Independiente Rivadavia,E. G. Riga,GK,0.0,0.0,0.0,0,0
2026-07-02,Independiente Rivadavia,A. Riep,MF,0.0,0.0,0.0,0,0
2026-07-02,Independiente Rivadavia,D. Crego,MF,0.0,0.0,0.0,0,0
2026-07-02,Independiente Rivadavia,S. Moreyra,MF,0.0,0.0,0.0,0,0
2026-07-02,Independiente Rivadavia,R. Atencio,FW,0.0,0.0,0.0,0,0
2026-07-02,Independiente Rivadavia,V. Ramis,FW,0.0,0.0,0.0,0,0
2026-07-02,Independiente Santa Fe,J. Obrian,FW,0.0,0.0,0.0,0,0
2026-07-02,Independiente Santa Fe,I. Scarpeta,DF,0.0,0.0,0.0,0,0
2026-07-02,Independiente Santa Fe,A. Zapata,MF,0.0,0.0,0.0,0,0
2026-07-02,Independiente Santa Fe,J. Torres,FW,0.0,0.0,0.0,0,0
2026-07-02,Independiente Santa Fe,L. Palacios,FW,0.0,0.0,0.0,0,0
2026-07-02,Independiente Santa Fe,W. Asprilla,GK,0.0,0.0,0.0,0,0
2026-07-02,Independiente Santa Fe,J. Quintero,DF,0.0,0.0,0.0,0,0
2026-07-02,Independiente Santa Fe,J. Meléndez,DF,0.0,0.0,0.0,0,0
2026-07-02,Independiente Santa Fe,E. Mosquera,MF,0.0,0.0,0.0,0,0
2026-07-02,Independiente Santa Fe,Y. Velázquez,DF,0.0,0.0,0.0,0,0
2026-07-02,Independiente Santa Fe,M. Palacios,FW,0.0,0.0,0.0,0,0
2026-07-02,Independiente del Valle,E. Pata,FW,0.0,0.0,0.0,0,0
2026-07-02,Independiente del Valle,J. Lerma,MF,0.0,0.0,0.0,0,0
2026-07-02,Independiente del Valle,D. Reasco,FW,0.0,0.0,0.0,0,0
2026-07-02,Independiente del Valle,E. Bores,GK,0.0,0.0,0.0,0,0
2026-07-02,Independiente del Valle,G. Cortez,DF,0.0,0.0,0.0,0,0
2026-07-02,Independiente del Valle,Y. Ochoa,MF,0.0,0.0,0.0,0,0
2026-07-02,Independiente del Valle,J. Méndez,MF,0.0,0.0,0.0,0,0
2026-07-02,Independiente del Valle,D. Guagua,MF,0.0,0.0,0.0,0,0
2026-07-02,Indy Eleven,R. Charles-Cook,GK,0.0,0.0,0.0,0,0
2026-07-02,Indy Eleven,E. Kizza,FW,0.0,0.0,0.0,0,0
2026-07-02,Indy Eleven,H. Barry,DF,0.0,0.0,0.0,0,0
2026-07-02,Indy Eleven,D. Sing,FW,0.0,0.0,0.0,0,0
2026-07-02,Indy Eleven,M. Rasheed,DF,0.0,0.0,0.0,0,0
2026-07-02,Indy Eleven,A. Mitrano,DF,0.0,0.0,0.0,0,0
2026-07-02,Indy Eleven,K. Williams,FW,0.0,0.0,0.0,0,0
2026-07-02,Inter,A. Bonny,FW,0.0,0.0,0.0,0,0
2026-07-02,Inter,C. Augusto,DF,0.0,0.0,0.0,0,0
2026-07-02,Inter,H. Mkhitaryan,MF,0.0,0.0,0.0,0,0
2026-07-02,Inter,D. Frattesi,MF,0.0,0.0,0.0,0,0
2026-07-02,Inter,R. Di Gennaro,GK,0.0,0.0,0.0,0,0
2026-07-02,Inter,F. Acerbi,DF,0.0,0.0,0.0,0,0
2026-07-02,Inter,M. Cocchi,DF,0.0,0.0,0.0,0,0
2026-07-02,Inter,S. de Vrij,DF,0.0,0.0,0.0,0,0
2026-07-02,Inter,L. Henrique,FW,0.0,0.0,0.0,0,0
2026-07-02,Inter,A. Diouf,MF,0.0,0.0,0.0,0,0
2026-07-02,Inter,M. Darmian,DF,0.0,0.0,0.0,0,0
2026-07-02,Inter,H. Çalhanoğlu,MF,0.0,0.0,0.0,0,0
2026-07-02,Inter,M. Mosconi,FW,0.0,0.0,0.0,0,0
2026-07-02,Inter,D. Dumfries,DF,0.0,0.0,0.0,0,0
2026-07-02,Inter,Y. Sommer,GK,0.0,0.0,0.0,0,0
2026-07-02,Inter,M. Akanji,DF,0.0,0.0,0.0,0,0
2026-07-02,Inter,P. Zieliński,MF,0.0,0.0,0.0,0,0
2026-07-02,Inter,F. Dimarco,DF,0.0,0.0,0.0,0,0
2026-07-02,Inter Miami CF,S. Reguilón,DF,0.0,0.0,0.0,0,0
2026-07-02,Inter Miami CF,P. Plambeck,MF,0.0,0.0,0.0,0,0
2026-07-02,Inter Miami CF,D. Ayala,MF,0.0,0.0,0.0,0,0
2026-07-02,Inter Miami CF,D. Pinter,FW,0.0,0.0,0.0,0,0
2026-07-02,Inter Miami CF,R. Ríos Novo,GK,0.0,0.0,0.0,0,0
2026-07-02,Inter Miami CF,M. Falcón,DF,0.0,0.0,0.0,0,0
2026-07-02,Inter Miami CF,Shaw,MF,0.0,0.0,0.0,0,0
2026-07-02,Inter Miami CF,D. Ruíz,MF,0.0,0.0,0.0,0,0
2026-07-02,Inter Miami CF,M. Silvetti,FW,0.0,0.0,0.0,0,0
2026-07-02,Inter Turku,J. Tuominen,MF,0.0,0.0,0.0,0,0
2026-07-02,Inter Turku,A. Conteh,FW,0.0,0.0,0.0,0,0
2026-07-02,Inter Turku,C. Jephta,FW,0.0,0.0,0.0,0,0
2026-07-02,Inter Turku,A. Granlund,DF,0.0,0.0,0.0,0,0
2026-07-02,Inter Turku,J. Laine,MF,0.0,0.0,0.0,0,0
2026-07-02,Inter Turku,V. Seppä,GK,0.0,0.0,0.0,0,0
2026-07-02,Inter Turku,J. Tauriainen,DF,0.0,0.0,0.0,0,0
2026-07-02,Inter Turku,J. Hämäläinen,DF,0.0,0.0,0.0,0,0
2026-07-02,Inter Turku,V. Huovila,MF,0.0,0.0,0.0,0,0
2026-07-02,Inter Turku,L. Kuittinen,DF,0.0,0.0,0.0,0,0
2026-07-02,Inter Turku,V. Ulundu,FW,0.0,0.0,0.0,0,0
2026-07-02,Inter Turku,J. F. K. Botué,FW,0.0,0.0,0.0,0,0
2026-07-02,Inter Turku,S. Saarinen,DF,0.0,0.0,0.0,0,0
2026-07-02,Inter Turku,B. Ampofo,MF,0.0,0.0,0.0,0,0
2026-07-02,Inter Turku,H. Salomaa,MF,0.0,0.0,0.0,0,0
2026-07-02,Internacional,Vitinho,FW,0.0,0.0,0.0,0,0
2026-07-02,Internacional,T. Maia,MF,0.0,0.0,0.0,0,0
2026-07-02,Internacional,R. Borré,FW,0.0,0.0,0.0,0,0
2026-07-02,Internacional,B. Aguirre,DF,0.0,0.0,0.0,0,0
2026-07-02,Internacional,Kayky,FW,0.0,0.0,0.0,0,0
2026-07-02,Internacional,Kauan,GK,0.0,0.0,0.0,0,0
2026-07-02,Internacional,C. Sampaio,DF,0.0,0.0,0.0,0,0
2026-07-02,Internacional,J. Juninho,DF,0.0,0.0,0.0,0,0
2026-07-02,Internacional,A. Patrick,MF,0.0,0.0,0.0,0,0
2026-07-02,Internacional,P. Paula,MF,0.0,0.0,0.0,0,0
2026-07-02,Internacional,Ronaldo,MF,0.0,0.0,0.0,0,0
2026-07-02,Internacional,B. Tabata,FW,0.0,0.0,0.0,0,0
2026-07-02,Internacional,Anthoni,GK,0.0,0.0,0.0,0,0
2026-07-02,Internacional,L. F. d. M. Francisco,DF,0.0,0.0,0.0,0,0
2026-07-02,Ittihad Tanger,K. Lagrouch,FW,0.0,0.0,0.0,0,0
2026-07-02,Ittihad Tanger,B. E. Ouadghiri,DF,0.0,0.0,0.0,0,0
2026-07-02,Ittihad Tanger,P. M. Gaye,MF,0.0,0.0,0.0,0,0
2026-07-02,Ittihad Tanger,E. E. Bellali,MF,0.0,0.0,0.0,0,0
2026-07-02,Ittihad Tanger,A. Darazi,MF,0.0,0.0,0.0,0,0
2026-07-02,Ittihad Tanger,M. Barcola,GK,0.0,0.0,0.0,0,0
2026-07-02,Ittihad Tanger,L. E. Moussaoui,DF,0.0,0.0,0.0,0,0
2026-07-02,Ittihad Tanger,L. Kpolo,FW,0.0,0.0,0.0,0,0
2026-07-02,Ittihad Tanger,F. A. Mutalib,MF,0.0,0.0,0.0,0,0
2026-07-02,Ittihad Tanger,A. H. Maali,FW,0.0,0.0,0.0,0,0
2026-07-02,Ittihad Tanger,A. Azmi,GK,0.0,0.0,0.0,0,0
2026-07-02,Ittihad Tanger,A. E. Wahabi,DF,0.0,0.0,0.0,0,0
2026-07-02,Ittihad Tanger,M. E. Guartit,DF,0.0,0.0,0.0,0,0
2026-07-02,JEF United Chiba,H. Goya,FW,0.0,0.0,0.0,0,0
2026-07-02,JEF United Chiba,M. Himeno,MF,0.0,0.0,0.0,0,0
2026-07-02,JEF United Chiba,M. Shinada,MF,0.0,0.0,0.0,0,0
2026-07-02,JEF United Chiba,K. Yonekura,DF,0.0,0.0,0.0,0,0
2026-07-02,JEF United Chiba,T. Wakahara,GK,0.0,0.0,0.0,0,0
2026-07-02,JEF United Chiba,T. Yasui,MF,0.0,0.0,0.0,0,0
2026-07-02,JEF United Chiba,K. Tanaka,FW,0.0,0.0,0.0,0,0
2026-07-02,JEF United Chiba,N. Sugiyama,MF,0.0,0.0,0.0,0,0
2026-07-02,JEF United Chiba,T. Taguchi,MF,0.0,0.0,0.0,0,0
2026-07-02,JEF United Chiba,Y. Igari,MF,0.0,0.0,0.0,0,0
2026-07-02,JS Kairouanaise,M. A. Bejaoui,GK,0.0,0.0,0.0,0,0
2026-07-02,JS Kairouanaise,M. Fatnassi,MF,0.0,0.0,0.0,0,0
2026-07-02,JS Kairouanaise,H. Baklouti,MF,0.0,0.0,0.0,0,0
2026-07-02,JS Kairouanaise,D. J. Dassakate,MF,0.0,0.0,0.0,0,0
2026-07-02,JS Kairouanaise,I. Liouan,MF,0.0,0.0,0.0,0,0
2026-07-02,JS Kairouanaise,A. Zairi,MF,0.0,0.0,0.0,0,0
2026-07-02,JS Kairouanaise,F. Sallami,MF,0.0,0.0,0.0,0,0
2026-07-02,JS Kairouanaise,Y. Hadji,MF,0.0,0.0,0.0,0,0
2026-07-02,JS Kairouanaise,S. Lakhder,MF,0.0,0.0,0.0,0,0
2026-07-02,JS Kairouanaise,M. A. Kalai,DF,0.0,0.0,0.0,0,0
2026-07-02,JS Kairouanaise,G. Mounguide,MF,0.0,0.0,0.0,0,0
2026-07-02,JS Kairouanaise,M. A. Zairi,MF,0.0,0.0,0.0,0,0
2026-07-02,JS Kairouanaise,I. B. Hassine,MF,0.0,0.0,0.0,0,0
2026-07-02,JS Kairouanaise,M. R. Hamrouni,FW,0.0,0.0,0.0,0,0
2026-07-02,JS Omrane,O. Hanzouli,GK,0.0,0.0,0.0,0,0
2026-07-02,JS Omrane,C. Eruchukwu,DF,0.0,0.0,0.0,0,0
2026-07-02,JS Omrane,S. Hammami,DF,0.0,0.0,0.0,0,0
2026-07-02,JS Omrane,K. Othmani,DF,0.0,0.0,0.0,0,0
2026-07-02,JS Omrane,S. Abdelli,MF,0.0,0.0,0.0,0,0
2026-07-02,JS Omrane,A. Jouini,MF,0.0,0.0,0.0,0,0
2026-07-02,JS Omrane,H. Khemissi,MF,0.0,0.0,0.0,0,0
2026-07-02,JS Omrane,F. Mahdouani,MF,0.0,0.0,0.0,0,0
2026-07-02,JS Omrane,C. Zoughlami,FW,0.0,0.0,0.0,0,0
2026-07-02,Jagiellonia Białystok,M. Nahuel,MF,0.0,0.0,0.0,0,0
2026-07-02,Jagiellonia Białystok,K. Jóźwiak,MF,0.0,0.0,0.0,0,0
2026-07-02,Jagiellonia Białystok,L. Flach,MF,0.0,0.0,0.0,0,0
2026-07-02,Jagiellonia Białystok,S. Baždar,FW,0.0,0.0,0.0,0,0
2026-07-02,Jagiellonia Białystok,A. Konstantopoulos,DF,0.0,0.0,0.0,0,0
2026-07-02,Jagiellonia Białystok,A. Damasiewicz,GK,0.0,0.0,0.0,0,0
2026-07-02,Jagiellonia Białystok,B. Wdowik,DF,0.0,0.0,0.0,0,0
2026-07-02,Jagiellonia Białystok,S. Pankiewicz,DF,0.0,0.0,0.0,0,0
2026-07-02,Jagiellonia Białystok,Z. Zalewski,MF,0.0,0.0,0.0,0,0
2026-07-02,Jagiellonia Białystok,E. Kozlowski,MF,0.0,0.0,0.0,0,0
2026-07-02,Jagiellonia Białystok,D. Drachal,MF,0.0,0.0,0.0,0,0
2026-07-02,Jagiellonia Białystok,D. Rallis,FW,0.0,0.0,0.0,0,0
2026-07-02,Jeju SK,J. Celestine,DF,0.0,0.0,0.0,0,0
2026-07-02,Jeju SK,K. Ki-Min,DF,0.0,0.0,0.0,0,0
2026-07-02,Jeju SK,K. Shin-jin,FW,0.0,0.0,0.0,0,0
2026-07-02,Jeju SK,C. Woon,DF,0.0,0.0,0.0,0,0
2026-07-02,Jeju SK,K. Jun-Ha,FW,0.0,0.0,0.0,0,0
2026-07-02,Jeju SK,C. Ahn,GK,0.0,0.0,0.0,0,0
2026-07-02,Jeju SK,G.U. Kim,MF,0.0,0.0,0.0,0,0
2026-07-02,Jeju SK,C. Byung-Wook,MF,0.0,0.0,0.0,0,0
2026-07-02,Jeju SK,G. Paulauskas,FW,0.0,0.0,0.0,0,0
2026-07-02,Jeju SK,C. W. Rim,DF,0.0,0.0,0.0,0,0
2026-07-02,Jeju SK,S. Sang-Eun,FW,0.0,0.0,0.0,0,0
2026-07-02,Jeju SK,W. Jeong,DF,0.0,0.0,0.0,0,0
2026-07-02,Jeonbuk Hyundai Motors,S. Lee,DF,0.0,0.0,0.0,0,0
2026-07-02,Jeonbuk Hyundai Motors,T. Orobó,FW,0.0,0.0,0.0,0,0
2026-07-02,Jeonbuk Hyundai Motors,Y. J. Lee,MF,0.0,0.0,0.0,0,0
2026-07-02,Jeonbuk Hyundai Motors,S. U. Maeng,MF,0.0,0.0,0.0,0,0
2026-07-02,Jeonbuk Hyundai Motors,J. Lee,GK,0.0,0.0,0.0,0,0
2026-07-02,Jeonbuk Hyundai Motors,J. Yeon,DF,0.0,0.0,0.0,0,0
2026-07-02,Jeonbuk Hyundai Motors,C. Woo-Jin,DF,0.0,0.0,0.0,0,0
2026-07-02,Jeonbuk Hyundai Motors,J. Gamboa,MF,0.0,0.0,0.0,0,0
2026-07-02,Jeonbuk Hyundai Motors,K. Ha-Jun,DF,0.0,0.0,0.0,0,0
2026-07-02,Junior Barranquilla,J. Martínez,GK,0.0,0.0,0.0,0,0
2026-07-02,Junior Barranquilla,C. Bacca,FW,0.0,0.0,0.0,0,0
2026-07-02,Junior Barranquilla,E. Herrera,DF,0.0,0.0,0.0,0,0
2026-07-02,Junior Barranquilla,K. Pérez,FW,0.0,0.0,0.0,0,0
2026-07-02,Junior Barranquilla,Y. Chará,MF,0.0,0.0,0.0,0,0
2026-07-02,Junior Barranquilla,B. Castrillón,FW,0.0,0.0,0.0,0,0
2026-07-02,Junior Barranquilla,D. Rivera,MF,0.0,0.0,0.0,0,0
2026-07-02,Junior Barranquilla,J. Navia,DF,0.0,0.0,0.0,0,0
2026-07-02,Junior Barranquilla,F. Ángel,MF,0.0,0.0,0.0,0,0
2026-07-02,Junior Barranquilla,H. Rivera,MF,0.0,0.0,0.0,0,0
2026-07-02,Junior Barranquilla,C. Barrios,FW,0.0,0.0,0.0,0,0
2026-07-02,Juventud de Las Piedras,R. Peralta,MF,0.0,0.0,0.0,0,0
2026-07-02,Juventud de Las Piedras,P. Lago,FW,0.0,0.0,0.0,0,0
2026-07-02,Juventud de Las Piedras,R. Chagas,MF,0.0,0.0,0.0,0,0
2026-07-02,Juventud de Las Piedras,S. Guerrero,FW,0.0,0.0,0.0,0,0
2026-07-02,Juventud de Las Piedras,N. Rossi Acuna,GK,0.0,0.0,0.0,0,0
2026-07-02,Juventud de Las Piedras,F. Risso,DF,0.0,0.0,0.0,0,0
2026-07-02,Juventud de Las Piedras,G. Gómez,MF,0.0,0.0,0.0,0,0
2026-07-02,Juventud de Las Piedras,M. Izaguirre,MF,0.0,0.0,0.0,0,0
2026-07-02,Juventud de Las Piedras,B. Larregui,MF,0.0,0.0,0.0,0,0
2026-07-02,Juventud de Las Piedras,G. Pereiro,MF,0.0,0.0,0.0,0,0
2026-07-02,Juventude,F. Lima,FW,0.0,0.0,0.0,0,0
2026-07-02,Juventude,M. Castro,FW,0.0,0.0,0.0,0,0
2026-07-02,Juventude,A. Safira,FW,0.0,0.0,0.0,0,0
2026-07-02,Juventude,Messias,DF,0.0,0.0,0.0,0,0
2026-07-02,Juventude,I. Ly,DF,0.0,0.0,0.0,0,0
2026-07-02,Juventude,R. Carneiro,GK,0.0,0.0,0.0,0,0
2026-07-02,Juventude,P. Rocha,GK,0.0,0.0,0.0,0,0
2026-07-02,Juventude,Titi,DF,0.0,0.0,0.0,0,0
2026-07-02,Juventude,K. O. Costa,DF,0.0,0.0,0.0,0,0
2026-07-02,Juventude,Índio,MF,0.0,0.0,0.0,0,0
2026-07-02,Juventude,J. P. Scatolin,FW,0.0,0.0,0.0,0,0
2026-07-02,Juventude,Wadson,DF,0.0,0.0,0.0,0,0
2026-07-02,Juventude,R. Breno,FW,0.0,0.0,0.0,0,0
2026-07-02,Juventude,Carlinhos,FW,0.0,0.0,0.0,0,0
2026-07-02,Juventus,D. Vlahović,FW,0.0,0.0,0.0,0,0
2026-07-02,Juventus,F. Miretti,MF,0.0,0.0,0.0,0,0
2026-07-02,Juventus,J. Boga,FW,0.0,0.0,0.0,0,0
2026-07-02,Juventus,T. Koopmeiners,MF,0.0,0.0,0.0,0,0
2026-07-02,Juventus,E. Zhegrova,FW,0.0,0.0,0.0,0,0
2026-07-02,Juventus,M. Perin,GK,0.0,0.0,0.0,0,0
2026-07-02,Juventus,C. Pinsoglio,GK,0.0,0.0,0.0,0,0
2026-07-02,Juventus,E. Holm,DF,0.0,0.0,0.0,0,0
2026-07-02,Juventus,F. Gatti,DF,0.0,0.0,0.0,0,0
2026-07-02,Juventus,F. Kostić,MF,0.0,0.0,0.0,0,0
2026-07-02,Juventus,V. Adžić,MF,0.0,0.0,0.0,0,0
2026-07-02,Juventus,L. Openda,FW,0.0,0.0,0.0,0,0
2026-07-02,Juventus,J. David,FW,0.0,0.0,0.0,0,0
2026-07-02,Juventus,K. Thuram,MF,0.0,0.0,0.0,0,0
2026-07-02,K. Beerschot V.A.,R. V. L. Parra,FW,0.0,0.0,0.0,0,0
2026-07-02,K. Beerschot V.A.,E. Brahić,FW,0.0,0.0,0.0,0,0
2026-07-02,K. Beerschot V.A.,N. Varela,FW,0.0,0.0,0.0,0,0
2026-07-02,K. Beerschot V.A.,M. Govaers,MF,0.0,0.0,0.0,0,0
2026-07-02,K. Beerschot V.A.,R. Sanusi,MF,0.0,0.0,0.0,0,0
2026-07-02,K. Beerschot V.A.,X. Gies,GK,0.0,0.0,0.0,0,0
2026-07-02,K. Beerschot V.A.,K. D. Tshimanga,DF,0.0,0.0,0.0,0,0
2026-07-02,K. Beerschot V.A.,A. Labie,DF,0.0,0.0,0.0,0,0
2026-07-02,K. Beerschot V.A.,A. V. Himbeeck,MF,0.0,0.0,0.0,0,0
2026-07-02,K. Beerschot V.A.,A. H. Mohamed,FW,0.0,0.0,0.0,0,0
2026-07-02,KAA Gent,M. Sonko,FW,0.0,0.0,0.0,0,0
2026-07-02,KAA Gent,H. Goore,FW,0.0,0.0,0.0,0,0
2026-07-02,KAA Gent,I. Cisse,FW,0.0,0.0,0.0,0,0
2026-07-02,KAA Gent,A. Omgba,MF,0.0,0.0,0.0,0,0
2026-07-02,KAA Gent,H. Hyun-seok,MF,0.0,0.0,0.0,0,0
2026-07-02,KAA Gent,K. Peersman,GK,0.0,0.0,0.0,0,0
2026-07-02,KAA Gent,H. Vernemmen,DF,0.0,0.0,0.0,0,0
2026-07-02,KAA Gent,J. Duverne,DF,0.0,0.0,0.0,0,0
2026-07-02,KAA Gent,M. Delorge,MF,0.0,0.0,0.0,0,0
2026-07-02,KAA Gent,M. Dean,FW,0.0,0.0,0.0,0,0
2026-07-02,KAA Gent,A. Kadri,MF,0.0,0.0,0.0,0,0
2026-07-02,KAA Gent,W. Kanga,FW,0.0,0.0,0.0,0,0
2026-07-02,KAA Gent,D. Hashioka,DF,0.0,0.0,0.0,0,0
2026-07-02,KFUM Oslo,M. T. Vinjor,MF,0.0,0.0,0.0,0,0
2026-07-02,KFUM Oslo,A. Nouri,DF,0.0,0.0,0.0,0,0
2026-07-02,KFUM Oslo,D. H. Gyedu,FW,0.0,0.0,0.0,0,0
2026-07-02,KFUM Oslo,R. E. Vinge,FW,0.0,0.0,0.0,0,0
2026-07-02,KFUM Oslo,K. Bąkowski,GK,0.0,0.0,0.0,0,0
2026-07-02,KFUM Oslo,B. Skaret,DF,0.0,0.0,0.0,0,0
2026-07-02,KFUM Oslo,M. L. Njie,DF,0.0,0.0,0.0,0,0
2026-07-02,KFUM Oslo,M. Vuckovic,MF,0.0,0.0,0.0,0,0
2026-07-02,KS Lechia Gdańsk,T. Neugebauer,MF,0.0,0.0,0.0,0,0
2026-07-02,KS Lechia Gdańsk,M. Kałahur,DF,0.0,0.0,0.0,0,0
2026-07-02,KS Lechia Gdańsk,B. Kłudka,DF,0.0,0.0,0.0,0,0
2026-07-02,KS Lechia Gdańsk,S. Weirauch,GK,0.0,0.0,0.0,0,0
2026-07-02,KS Lechia Gdańsk,B. Sarnavskyi,GK,0.0,0.0,0.0,0,0
2026-07-02,KS Lechia Gdańsk,B. Pllana,DF,0.0,0.0,0.0,0,0
2026-07-02,KS Lechia Gdańsk,I. Mavraj,DF,0.0,0.0,0.0,0,0
2026-07-02,KS Lechia Gdańsk,A. Tsarenko,MF,0.0,0.0,0.0,0,0
2026-07-02,KS Lechia Gdańsk,M. Głogowski,FW,0.0,0.0,0.0,0,0
2026-07-02,KS Lechia Gdańsk,T. Wójtowicz,MF,0.0,0.0,0.0,0,0
2026-07-02,KV Mechelen,D. Salifou,MF,0.0,0.0,0.0,0,0
2026-07-02,KV Mechelen,M. Decoene,MF,0.0,0.0,0.0,0,0
2026-07-02,KV Mechelen,G. Diouf,DF,0.0,0.0,0.0,0,0
2026-07-02,KV Mechelen,M. Kireev,MF,0.0,0.0,0.0,0,0
2026-07-02,KV Mechelen,O. De Wolf,GK,0.0,0.0,0.0,0,0
2026-07-02,KV Mechelen,M. Konate,MF,0.0,0.0,0.0,0,0
2026-07-02,KV Mechelen,H. Bandé,FW,0.0,0.0,0.0,0,0
2026-07-02,KV Mechelen,K. Vanrafelghem,FW,0.0,0.0,0.0,0,0
2026-07-02,KV Mechelen,B. Bafdili,MF,0.0,0.0,0.0,0,0
2026-07-02,Kalmar FF,M. Söderbäck,MF,0.0,0.0,0.0,0,0
2026-07-02,Kalmar FF,A. Magashy,MF,0.0,0.0,0.0,0,0
2026-07-02,Kalmar FF,E. Nnamani,FW,0.0,0.0,0.0,0,0
2026-07-02,Kalmar FF,S. E. Overby,DF,0.0,0.0,0.0,0,0
2026-07-02,Kalmar FF,V. Tyrén,FW,0.0,0.0,0.0,0,0
2026-07-02,Kalmar FF,J. Kindberg,GK,0.0,0.0,0.0,0,0
2026-07-02,Kalmar FF,Z. Ravik,DF,0.0,0.0,0.0,0,0
2026-07-02,Kano Pillars,L. Dadong,FW,0.0,0.0,0.0,0,0
2026-07-02,Kano Pillars,J. Ezigbo,MF,0.0,0.0,0.0,0,0
2026-07-02,Kano Pillars,M. Galadima,GK,0.0,0.0,0.0,0,0
2026-07-02,Kano Pillars,A. Abdullahi,DF,0.0,0.0,0.0,0,0
2026-07-02,Kano Pillars,I. Inuwa,DF,0.0,0.0,0.0,0,0
2026-07-02,Kano Pillars,A. Mohammed,MF,0.0,0.0,0.0,0,0
2026-07-02,Kano Pillars,A. A. Kabir,FW,0.0,0.0,0.0,0,0
2026-07-02,Kano Pillars,M. Umar,FW,0.0,0.0,0.0,0,0
2026-07-02,Kashima Antlers,Y. Kajikawa,GK,0.0,0.0,0.0,0,0
2026-07-02,Kashima Antlers,R. Koike,DF,0.0,0.0,0.0,0,0
2026-07-02,Kashima Antlers,R. Ogawa,DF,0.0,0.0,0.0,0,0
2026-07-02,Kashima Antlers,I. Sekigawa,DF,0.0,0.0,0.0,0,0
2026-07-02,Kashima Antlers,R. Araki,MF,0.0,0.0,0.0,0,0
2026-07-02,Kashima Antlers,Y. Higuchi,MF,0.0,0.0,0.0,0,0
2026-07-02,Kashima Antlers,H. Hayashi,MF,0.0,0.0,0.0,0,0
2026-07-02,Kashima Antlers,K. Tagawa,FW,0.0,0.0,0.0,0,0
2026-07-02,Kashima Antlers,S. Morooka,FW,0.0,0.0,0.0,0,0
2026-07-02,Kashima Antlers,M. Yoshida,FW,0.0,0.0,0.0,0,0
2026-07-02,Kashima Antlers,Y. Suzuki,FW,0.0,0.0,0.0,0,0
2026-07-02,Kashima Antlers,K. Nono,DF,0.0,0.0,0.0,0,0
2026-07-02,Kashima Antlers,K. Tsukui,DF,0.0,0.0,0.0,0,0
2026-07-02,Kashima Antlers,Y. Funabashi,MF,0.0,0.0,0.0,0,0
2026-07-02,Kashima Antlers,Y. Matsumura,MF,0.0,0.0,0.0,0,0
2026-07-02,Kashima Antlers,A. Čavrić,FW,0.0,0.0,0.0,0,0
2026-07-02,Kashima Antlers,K. Misao,MF,0.0,0.0,0.0,0,0
2026-07-02,Kashiwa Reysol,N. Nakagawa,MF,0.0,0.0,0.0,0,0
2026-07-02,Kashiwa Reysol,M. Hosoya,FW,0.0,0.0,0.0,0,0
2026-07-02,Kashiwa Reysol,Y. Konishi,MF,0.0,0.0,0.0,0,0
2026-07-02,Kashiwa Reysol,Y. Segawa,MF,0.0,0.0,0.0,0,0
2026-07-02,Kashiwa Reysol,T. Okubo,MF,0.0,0.0,0.0,0,0
2026-07-02,Kashiwa Reysol,K. Nagai,GK,0.0,0.0,0.0,0,0
2026-07-02,Kashiwa Reysol,D. Sugioka,DF,0.0,0.0,0.0,0,0
2026-07-02,Kashiwa Reysol,W. Harada,DF,0.0,0.0,0.0,0,0
2026-07-02,Kashiwa Reysol,H. Yamauchi,MF,0.0,0.0,0.0,0,0
2026-07-02,Kashiwa Reysol,H. Mitsumaru,DF,0.0,0.0,0.0,0,0
2026-07-02,Kashiwa Reysol,S. Baba,DF,0.0,0.0,0.0,0,0
2026-07-02,Kashiwa Reysol,S. Toshima,MF,0.0,0.0,0.0,0,0
2026-07-02,Kashiwa Reysol,H. Nakama,MF,0.0,0.0,0.0,0,0
2026-07-02,Kashiwa Reysol,R. Harakawa,MF,0.0,0.0,0.0,0,0
2026-07-02,Kashiwa Reysol,Y. Yamauchi,DF,0.0,0.0,0.0,0,0
2026-07-02,Kasımpaşa,Frimpong,DF,0.0,0.0,0.0,0,0
2026-07-02,Kasımpaşa,A. Yanar,GK,0.0,0.0,0.0,0,0
2026-07-02,Kasımpaşa,E. Taşdemir,DF,0.0,0.0,0.0,0,0
2026-07-02,Kasımpaşa,T. U. Aydın,DF,0.0,0.0,0.0,0,0
2026-07-02,Kasımpaşa,B. Gültekin,MF,0.0,0.0,0.0,0,0
2026-07-02,Kasımpaşa,E. Aydın,MF,0.0,0.0,0.0,0,0
2026-07-02,Kasımpaşa,C. Tosun,FW,0.0,0.0,0.0,0,0
2026-07-02,Kasımpaşa,A. Kol,FW,0.0,0.0,0.0,0,0
2026-07-02,Kasımpaşa,H. Gueye,FW,0.0,0.0,0.0,0,0
2026-07-02,Kasımpaşa,K. Kanatsızkuş,FW,0.0,0.0,0.0,0,0
2026-07-02,Kasımpaşa,Cafú,MF,0.0,0.0,0.0,0,0
2026-07-02,Kasımpaşa,J. Allevinah,FW,0.0,0.0,0.0,0,0
2026-07-02,Kasımpaşa,N. Opoku,DF,0.0,0.0,0.0,0,0
2026-07-02,Kawasaki Frontale,T. Miyagi,FW,0.0,0.0,0.0,0,0
2026-07-02,Kawasaki Frontale,A. Sasaki,DF,0.0,0.0,0.0,0,0
2026-07-02,Kawasaki Frontale,S. Kanda,FW,0.0,0.0,0.0,0,0
2026-07-02,Kawasaki Frontale,Y. Ozeki,MF,0.0,0.0,0.0,0,0
2026-07-02,Kawasaki Frontale,S. Kawahara,MF,0.0,0.0,0.0,0,0
2026-07-02,Kawasaki Frontale,L. Yamaguchi,GK,0.0,0.0,0.0,0,0
2026-07-02,Kawasaki Frontale,S. Hayashi,DF,0.0,0.0,0.0,0,0
2026-07-02,Kawasaki Frontale,F. Uremović,DF,0.0,0.0,0.0,0,0
2026-07-02,Kawasaki Frontale,T. Ito,FW,0.0,0.0,0.0,0,0
2026-07-02,Kawasaki Frontale,L. Romanić,FW,0.0,0.0,0.0,0,0
2026-07-02,Kawasaki Frontale,Marcinho,FW,0.0,0.0,0.0,0,0
2026-07-02,Kawasaki Frontale,H. Noda,DF,0.0,0.0,0.0,0,0
2026-07-02,Kawkab Athletic Club Marrakech,N. Lougmani,DF,0.0,0.0,0.0,0,0
2026-07-02,Kawkab Athletic Club Marrakech,R. Mennioui,DF,0.0,0.0,0.0,0,0
2026-07-02,Kawkab Athletic Club Marrakech,H. Founti,FW,0.0,0.0,0.0,0,0
2026-07-02,Kawkab Athletic Club Marrakech,H. Fassoukh,DF,0.0,0.0,0.0,0,0
2026-07-02,Kawkab Athletic Club Marrakech,A. Hafidi,FW,0.0,0.0,0.0,0,0
2026-07-02,Kawkab Athletic Club Marrakech,N. A. Oubna,GK,0.0,0.0,0.0,0,0
2026-07-02,Kawkab Athletic Club Marrakech,S. Anrar,DF,0.0,0.0,0.0,0,0
2026-07-02,Kawkab Athletic Club Marrakech,H. A. Dahmani,MF,0.0,0.0,0.0,0,0
2026-07-02,Kawkab Athletic Club Marrakech,O. Haffari,MF,0.0,0.0,0.0,0,0
2026-07-02,Kawkab Athletic Club Marrakech,I. E. Alami,DF,0.0,0.0,0.0,0,0
2026-07-02,Kawkab Athletic Club Marrakech,S. A. Sellami,MF,0.0,0.0,0.0,0,0
2026-07-02,Kawkab Athletic Club Marrakech,H. Rafa,MF,0.0,0.0,0.0,0,0
2026-07-02,Kawkab Athletic Club Marrakech,K. Tamrani,MF,0.0,0.0,0.0,0,0
2026-07-02,Kawkab Athletic Club Marrakech,H. E. Janati,MF,0.0,0.0,0.0,0,0
2026-07-02,Kayserispor,I. Tuci,FW,0.0,0.0,0.0,0,0
2026-07-02,Kayserispor,R. Civelek,MF,0.0,0.0,0.0,0,0
2026-07-02,Kayserispor,F. Soyalp,MF,0.0,0.0,0.0,0,0
2026-07-02,Kayserispor,G. Sağlam,MF,0.0,0.0,0.0,0,0
2026-07-02,Kayserispor,T. Sariarslan,FW,0.0,0.0,0.0,0,0
2026-07-02,Kayserispor,O. Piri,GK,0.0,0.0,0.0,0,0
2026-07-02,Kayserispor,J. Brenet,DF,0.0,0.0,0.0,0,0
2026-07-02,Kayserispor,B. Kapacak,MF,0.0,0.0,0.0,0,0
2026-07-02,Kayserispor,S. Mather,FW,0.0,0.0,0.0,0,0
2026-07-02,Kayserispor,N. Korkmaz,MF,0.0,0.0,0.0,0,0
2026-07-02,Kayserispor,F. Chalov,FW,0.0,0.0,0.0,0,0
2026-07-02,Kayserispor,J. Mendes Saraiva,MF,0.0,0.0,0.0,0,0
2026-07-02,Kayserispor,D. Makarov,MF,0.0,0.0,0.0,0,0
2026-07-02,Kayserispor,S. Denswil,DF,0.0,0.0,0.0,0,0
2026-07-02,Kayserispor,C. Mané,MF,0.0,0.0,0.0,0,0
2026-07-02,Kilmarnock,D. Watson,MF,0.0,0.0,0.0,0,0
2026-07-02,Kilmarnock,L. Mayo,DF,0.0,0.0,0.0,0,0
2026-07-02,Kilmarnock,R. McKenzie,MF,0.0,0.0,0.0,0,0
2026-07-02,Kilmarnock,B. Anderson,FW,0.0,0.0,0.0,0,0
2026-07-02,Kilmarnock,K. Magennis,MF,0.0,0.0,0.0,0,0
2026-07-02,Kilmarnock,K. Wright,GK,0.0,0.0,0.0,0,0
2026-07-02,Kilmarnock,Z. Williams,DF,0.0,0.0,0.0,0,0
2026-07-02,Kilmarnock,L. Polworth,MF,0.0,0.0,0.0,0,0
2026-07-02,Kilmarnock,M. Watkins,FW,0.0,0.0,0.0,0,0
2026-07-02,Kocaelispor,T. Bingöl,DF,0.0,0.0,0.0,0,0
2026-07-02,Kocaelispor,R. Rivas,FW,0.0,0.0,0.0,0,0
2026-07-02,Kocaelispor,F. Gedik,FW,0.0,0.0,0.0,0,0
2026-07-02,Kocaelispor,G. Değirmenci,GK,0.0,0.0,0.0,0,0
2026-07-02,Kocaelispor,M. Cinan,DF,0.0,0.0,0.0,0,0
2026-07-02,Kocaelispor,D. Ceylan,DF,0.0,0.0,0.0,0,0
2026-07-02,Kocaelispor,S. Yalçın,MF,0.0,0.0,0.0,0,0
2026-07-02,Kocaelispor,K. Linetty,MF,0.0,0.0,0.0,0,0
2026-07-02,Kocaelispor,A. Sağat,FW,0.0,0.0,0.0,0,0
2026-07-02,Kocaelispor,A. Özyar,FW,0.0,0.0,0.0,0,0
2026-07-02,Kocaelispor,H. Keita,MF,0.0,0.0,0.0,0,0
2026-07-02,Kocaelispor,D. Churlinov,FW,0.0,0.0,0.0,0,0
2026-07-02,Kocaelispor,E. Y. Narin,MF,0.0,0.0,0.0,0,0
2026-07-02,Konyaspor,R. Bazoer,DF,0.0,0.0,0.0,0,0
2026-07-02,Konyaspor,M. Bjorlo,MF,0.0,0.0,0.0,0,0
2026-07-02,Konyaspor,J. Jo,MF,0.0,0.0,0.0,0,0
2026-07-02,Konyaspor,S. Svendsen,MF,0.0,0.0,0.0,0,0
2026-07-02,Konyaspor,R. Baniya,DF,0.0,0.0,0.0,0,0
2026-07-02,Konyaspor,Y. Subaşı,DF,0.0,0.0,0.0,0,0
2026-07-02,Konyaspor,D. Ertaş,GK,0.0,0.0,0.0,0,0
2026-07-02,Konyaspor,I. Esat Buga,MF,0.0,0.0,0.0,0,0
2026-07-02,Konyaspor,D. Gonçalves,MF,0.0,0.0,0.0,0,0
2026-07-02,Konyaspor,E. Yagmur,FW,0.0,0.0,0.0,0,0
2026-07-02,Kristiansund BK,T. H. Svendsen,MF,0.0,0.0,0.0,0,0
2026-07-02,Kristiansund BK,J. Isaksen,MF,0.0,0.0,0.0,0,0
2026-07-02,Kristiansund BK,N. Odegard,MF,0.0,0.0,0.0,0,0
2026-07-02,Kristiansund BK,N. Skuseth,DF,0.0,0.0,0.0,0,0
2026-07-02,Kristiansund BK,P. Meliga,FW,0.0,0.0,0.0,0,0
2026-07-02,Kristiansund BK,M. Lansing,GK,0.0,0.0,0.0,0,0
2026-07-02,Kristiansund BK,A. Børset,DF,0.0,0.0,0.0,0,0
2026-07-02,Kristiansund BK,H. S. Magnússon,MF,0.0,0.0,0.0,0,0
2026-07-02,Kristiansund BK,H. Haugen,DF,0.0,0.0,0.0,0,0
2026-07-02,Kun Khalifat FC,C. Ejiogu,GK,0.0,0.0,0.0,0,0
2026-07-02,Kun Khalifat FC,M. Akano,DF,0.0,0.0,0.0,0,0
2026-07-02,Kun Khalifat FC,K. Sunday,DF,0.0,0.0,0.0,0,0
2026-07-02,Kun Khalifat FC,M. Adamu,MF,0.0,0.0,0.0,0,0
2026-07-02,Kun Khalifat FC,E. Oghenetega,MF,0.0,0.0,0.0,0,0
2026-07-02,Kun Khalifat FC,S. N. Otu,FW,0.0,0.0,0.0,0,0
2026-07-02,Kun Khalifat FC,I. Christogonus,MF,0.0,0.0,0.0,0,0
2026-07-02,Kun Khalifat FC,N. Egwijonwu,MF,0.0,0.0,0.0,0,0
2026-07-02,Kun Khalifat FC,A. O. Onyedika,MF,0.0,0.0,0.0,0,0
2026-07-02,Kuopion Palloseura,S. Savolainen,DF,0.0,0.0,0.0,0,0
2026-07-02,Kuopion Palloseura,S. Heiskanen,MF,0.0,0.0,0.0,0,0
2026-07-02,Kuopion Palloseura,G. Engvall,FW,0.0,0.0,0.0,0,0
2026-07-02,Kuopion Palloseura,A. Heinonen,MF,0.0,0.0,0.0,0,0
2026-07-02,Kuopion Palloseura,H. Riihimäki,GK,0.0,0.0,0.0,0,0
2026-07-02,Kuopion Palloseura,A. Puukko,DF,0.0,0.0,0.0,0,0
2026-07-02,Kuopion Palloseura,K. Ward,DF,0.0,0.0,0.0,0,0
2026-07-02,Kuopion Palloseura,K. Adams,DF,0.0,0.0,0.0,0,0
2026-07-02,Kuopion Palloseura,S. Solo,MF,0.0,0.0,0.0,0,0
2026-07-02,Kwara United,B. Nurudeen,GK,0.0,0.0,0.0,0,0
2026-07-02,Kwara United,M. Abdulafeez,DF,0.0,0.0,0.0,0,0
2026-07-02,Kwara United,I. Mogaji,MF,0.0,0.0,0.0,0,0
2026-07-02,Kwara United,M. Alao,MF,0.0,0.0,0.0,0,0
2026-07-02,Kwara United,A. Abdulsalam,FW,0.0,0.0,0.0,0,0
2026-07-02,Kyoto Sanga FC,H. A. Tawiah,DF,0.0,0.0,0.0,0,0
2026-07-02,Kyoto Sanga FC,M. Okugawa,MF,0.0,0.0,0.0,0,0
2026-07-02,Kyoto Sanga FC,T. Matsuda,MF,0.0,0.0,0.0,0,0
2026-07-02,Kyoto Sanga FC,S. Asada,DF,0.0,0.0,0.0,0,0
2026-07-02,Kyoto Sanga FC,R. Nakano,MF,0.0,0.0,0.0,0,0
2026-07-02,Kyoto Sanga FC,M. Murakami,GK,0.0,0.0,0.0,0,0
2026-07-02,Kyoto Sanga FC,T. Hirato,MF,0.0,0.0,0.0,0,0
2026-07-02,Kyoto Sanga FC,T. Yonemoto,MF,0.0,0.0,0.0,0,0
2026-07-02,Kyoto Sanga FC,David,FW,0.0,0.0,0.0,0,0
2026-07-02,Kyoto Sanga FC,J. Pedro,MF,0.0,0.0,0.0,0,0
2026-07-02,Kyoto Sanga FC,F. Honda,MF,0.0,0.0,0.0,0,0
2026-07-02,Kyoto Sanga FC,Rafael Elias,FW,0.0,0.0,0.0,0,0
2026-07-02,Kyoto Sanga FC,T. Hiraoka,MF,0.0,0.0,0.0,0,0
2026-07-02,Kyoto Sanga FC,Y. Ishida,DF,0.0,0.0,0.0,0,0
2026-07-02,Kyoto Sanga FC,H. Arai,MF,0.0,0.0,0.0,0,0
2026-07-02,LA Galaxy,E. Cerrillo,MF,0.0,0.0,0.0,0,0
2026-07-02,LA Galaxy,E. Wynder,MF,0.0,0.0,0.0,0,0
2026-07-02,LA Galaxy,M. Yamane,DF,0.0,0.0,0.0,0,0
2026-07-02,LA Galaxy,T. Elgersma,MF,0.0,0.0,0.0,0,0
2026-07-02,LA Galaxy,N. Mićović,GK,0.0,0.0,0.0,0,0
2026-07-02,LA Galaxy,C. Rindov,DF,0.0,0.0,0.0,0,0
2026-07-02,LA Galaxy,I. Parente,MF,0.0,0.0,0.0,0,0
2026-07-02,LA Galaxy,R. Ramos,FW,0.0,0.0,0.0,0,0
2026-07-02,LA Galaxy,M. Reus,MF,0.0,0.0,0.0,0,0
2026-07-02,LA Galaxy,E. Thommy,MF,0.0,0.0,0.0,0,0
2026-07-02,LDU,A. Dominguez,GK,0.0,0.0,0.0,0,0
2026-07-02,LDU,R. Adé,DF,0.0,0.0,0.0,0,0
2026-07-02,LDU,A. Tobar,MF,0.0,0.0,0.0,0,0
2026-07-02,LDU,M. Estrada,FW,0.0,0.0,0.0,0,0
2026-07-02,LDU,K. Minda,MF,0.0,0.0,0.0,0,0
2026-07-02,LDU,R. Redes,FW,0.0,0.0,0.0,0,0
2026-07-02,LDU,J. Caicedo,DF,0.0,0.0,0.0,0,0
2026-07-02,LDU,E. Castillo,MF,0.0,0.0,0.0,0,0
2026-07-02,LDU,A. Alvarado,MF,0.0,0.0,0.0,0,0
2026-07-02,LDU,E. Gomez,MF,0.0,0.0,0.0,0,0
2026-07-02,LDU,J. Calle,MF,0.0,0.0,0.0,0,0
2026-07-02,LDU,R. Mina,MF,0.0,0.0,0.0,0,0
2026-07-02,Las Palmas,A. García,FW,0.0,0.0,0.0,0,0
2026-07-02,Las Palmas,T. Miyashiro,FW,0.0,0.0,0.0,0,0
2026-07-02,Las Palmas,M. Park,DF,0.0,0.0,0.0,0,0
2026-07-02,Las Palmas,I. Bravo,FW,0.0,0.0,0.0,0,0
2026-07-02,Las Palmas,J. Herzog,DF,0.0,0.0,0.0,0,0
2026-07-02,Las Palmas,I. Gil,MF,0.0,0.0,0.0,0,0
2026-07-02,Las Palmas,A. Suárez,DF,0.0,0.0,0.0,0,0
2026-07-02,Las Palmas,J. Caro,GK,0.0,0.0,0.0,0,0
2026-07-02,Las Palmas,Pejiño,FW,0.0,0.0,0.0,0,0
2026-07-02,Las Palmas,J. Viera,MF,0.0,0.0,0.0,0,0
2026-07-02,Las Palmas,I. González,MF,0.0,0.0,0.0,0,0
2026-07-02,Las Palmas,N. Benedetti,MF,0.0,0.0,0.0,0,0
2026-07-02,Las Palmas,C. Gutiérrez,DF,0.0,0.0,0.0,0,0
2026-07-02,Las Palmas,I. Medina,FW,0.0,0.0,0.0,0,0
2026-07-02,Las Vegas Lights,A. Okyere,MF,0.0,0.0,0.0,0,0
2026-07-02,Las Vegas Lights,M. Arteaga,FW,0.0,0.0,0.0,0,0
2026-07-02,Las Vegas Lights,B. Ofeimu,DF,0.0,0.0,0.0,0,0
2026-07-02,Las Vegas Lights,C. Locker,MF,0.0,0.0,0.0,0,0
2026-07-02,Las Vegas Lights,N. Pickering,FW,0.0,0.0,0.0,0,0
2026-07-02,Las Vegas Lights,C. Miller,GK,0.0,0.0,0.0,0,0
2026-07-02,Las Vegas Lights,J. Forbes,DF,0.0,0.0,0.0,0,0
2026-07-02,Las Vegas Lights,B. Mines,FW,0.0,0.0,0.0,0,0
2026-07-02,Las Vegas Lights,H. Bwana,FW,0.0,0.0,0.0,0,0
2026-07-02,Las Vegas Lights,K. Scott,MF,0.0,0.0,0.0,0,0
2026-07-02,Lazio,N. Rovella,MF,0.0,0.0,0.0,0,0
2026-07-02,Lazio,T. Noslin,FW,0.0,0.0,0.0,0,0
2026-07-02,Lazio,F. Dele-Bashiru,MF,0.0,0.0,0.0,0,0
2026-07-02,Lazio,B. Dia,FW,0.0,0.0,0.0,0,0
2026-07-02,Lazio,P. Nicolo,GK,0.0,0.0,0.0,0,0
2026-07-02,Lazio,G. Giacomone,GK,0.0,0.0,0.0,0,0
2026-07-02,Lazio,L. Pellegrini,DF,0.0,0.0,0.0,0,0
2026-07-02,Lazio,M. Lazzari,MF,0.0,0.0,0.0,0,0
2026-07-02,Lazio,R. Belahyane,MF,0.0,0.0,0.0,0,0
2026-07-02,Lazio,A. Przyborek,MF,0.0,0.0,0.0,0,0
2026-07-02,Lazio,P. Ratkov,FW,0.0,0.0,0.0,0,0
2026-07-02,Lazio,Patric,DF,0.0,0.0,0.0,0,0
2026-07-02,Lazio,O. Provstgaard,DF,0.0,0.0,0.0,0,0
2026-07-02,Lazio,G. Isaksen,FW,0.0,0.0,0.0,0,0
2026-07-02,Lazio,A. Furlanetto,GK,0.0,0.0,0.0,0,0
2026-07-02,Lazio,N. Tavares,DF,0.0,0.0,0.0,0,0
2026-07-02,Lazio,S. Gigot,DF,0.0,0.0,0.0,0,0
2026-07-02,Lazio,E. Hysaj,DF,0.0,0.0,0.0,0,0
2026-07-02,Lazio,K. Taylor,MF,0.0,0.0,0.0,0,0
2026-07-02,Lazio,D. Maldini,FW,0.0,0.0,0.0,0,0
2026-07-02,Le Havre,T. Pembele,DF,0.0,0.0,0.0,0,0
2026-07-02,Le Havre,Y. Kechta,MF,0.0,0.0,0.0,0,0
2026-07-02,Le Havre,E. Koffi,FW,0.0,0.0,0.0,0,0
2026-07-02,Le Havre,É. Y. Kinkoue,DF,0.0,0.0,0.0,0,0
2026-07-02,Le Havre,L. Mpasi Nzau,GK,0.0,0.0,0.0,0,0
2026-07-02,Le Havre,D. N. Mosengo,MF,0.0,0.0,0.0,0,0
2026-07-02,Le Havre,Y. B. Djellel,FW,0.0,0.0,0.0,0,0
2026-07-02,Le Havre,G. Kyeremeh,FW,0.0,0.0,0.0,0,0
2026-07-02,Le Havre,F. Mambimbi,FW,0.0,0.0,0.0,0,0
2026-07-02,Lecce,G. Jean,DF,0.0,0.0,0.0,0,0
2026-07-02,Lecce,T. Helgason,MF,0.0,0.0,0.0,0,0
2026-07-02,Lecce,F. Camarda,FW,0.0,0.0,0.0,0,0
2026-07-02,Lecce,N. Konan,FW,0.0,0.0,0.0,0,0
2026-07-02,Lecce,J. Samooja,GK,0.0,0.0,0.0,0,0
2026-07-02,Lecce,C. Früchtl,GK,0.0,0.0,0.0,0,0
2026-07-02,Lecce,C. Ndaba,DF,0.0,0.0,0.0,0,0
2026-07-02,Lecce,O. Gandelman,MF,0.0,0.0,0.0,0,0
2026-07-02,Lecce,O. Gorter,MF,0.0,0.0,0.0,0,0
2026-07-02,Lecce,N. Kovač,MF,0.0,0.0,0.0,0,0
2026-07-02,Lecce,F. Marchwiński,MF,0.0,0.0,0.0,0,0
2026-07-02,Lecce,A. Sala,MF,0.0,0.0,0.0,0,0
2026-07-02,Lecce,N. Štulić,FW,0.0,0.0,0.0,0,0
2026-07-02,Lech Poznań,R. Gumny,DF,0.0,0.0,0.0,0,0
2026-07-02,Lech Poznań,F. Jagiełło,MF,0.0,0.0,0.0,0,0
2026-07-02,Lech Poznań,D. Håkans,MF,0.0,0.0,0.0,0,0
2026-07-02,Lech Poznań,Y. Agnero,FW,0.0,0.0,0.0,0,0
2026-07-02,Lech Poznań,M. Pruchniewski,GK,0.0,0.0,0.0,0,0
2026-07-02,Lech Poznań,P. Andreev,GK,0.0,0.0,0.0,0,0
2026-07-02,Lech Poznań,M. Skrzypczak,DF,0.0,0.0,0.0,0,0
2026-07-02,Lech Poznań,T. Ismaheel,MF,0.0,0.0,0.0,0,0
2026-07-02,Lech Poznań,R. Murawski,MF,0.0,0.0,0.0,0,0
2026-07-02,Levante UD,P. Ali,DF,0.0,0.0,0.0,0,0
2026-07-02,Levante UD,M. Gabaldón,DF,0.0,0.0,0.0,0,0
2026-07-02,Levante UD,C. Marín,MF,0.0,0.0,0.0,0,0
2026-07-02,Levante UD,I. Rizo,FW,0.0,0.0,0.0,0,0
2026-07-02,Levante UD,D. Fernandez,MF,0.0,0.0,0.0,0,0
2026-07-02,Levante UD,A. Tarazona,GK,0.0,0.0,0.0,0,0
2026-07-02,Levante UD,N. Traoré,FW,0.0,0.0,0.0,0,0
2026-07-02,Levante UD,N. Perez,DF,0.0,0.0,0.0,0,0
2026-07-02,Levante UD,R. Brugué,MF,0.0,0.0,0.0,0,0
2026-07-02,Levante UD,J. L. Morales,FW,0.0,0.0,0.0,0,0
2026-07-02,Levante UD,A. Matturro,DF,0.0,0.0,0.0,0,0
2026-07-02,Levante UD,E. Eyong,FW,0.0,0.0,0.0,0,0
2026-07-02,Levante UD,T. A. Kassus,FW,0.0,0.0,0.0,0,0
2026-07-02,Levante UD,P. Cuñat,GK,0.0,0.0,0.0,0,0
2026-07-02,Levante UD,D. Pampín,DF,0.0,0.0,0.0,0,0
2026-07-02,Levante UD,U. Raghouber,MF,0.0,0.0,0.0,0,0
2026-07-02,Levante UD,I. Losada,FW,0.0,0.0,0.0,0,0
2026-07-02,Levante UD,U. Vencedor,MF,0.0,0.0,0.0,0,0
2026-07-02,Levante UD,P. Cortés,FW,0.0,0.0,0.0,0,0
2026-07-02,Levante UD,R. Carrasco,DF,0.0,0.0,0.0,0,0
2026-07-02,Levante UD,A. Bascuñan,MF,0.0,0.0,0.0,0,0
2026-07-02,Levante UD,A. Álvarez,GK,0.0,0.0,0.0,0,0
2026-07-02,Levante UD,E. L. Guilly,DF,0.0,0.0,0.0,0,0
2026-07-02,Levante UD,Gonzi,MF,0.0,0.0,0.0,0,0
2026-07-02,Levante UD,N. Escoms,MF,0.0,0.0,0.0,0,0
2026-07-02,Levante UD,Z. Agama,FW,0.0,0.0,0.0,0,0
2026-07-02,Levski Sofia,M. Soula,MF,0.0,0.0,0.0,0,0
2026-07-02,Levski Sofia,M. Sangaré,FW,0.0,0.0,0.0,0,0
2026-07-02,Levski Sofia,N. Serafimov,DF,0.0,0.0,0.0,0,0
2026-07-02,Levski Sofia,G. Trdin,MF,0.0,0.0,0.0,0,0
2026-07-02,Levski Sofia,M. Lukov,GK,0.0,0.0,0.0,0,0
2026-07-02,Levski Sofia,Aldair,DF,0.0,0.0,0.0,0,0
2026-07-02,Levski Sofia,A. Mitkov,MF,0.0,0.0,0.0,0,0
2026-07-02,Levski Sofia,C. Ohene,MF,0.0,0.0,0.0,0,0
2026-07-02,Levski Sofia,Perea,FW,0.0,0.0,0.0,0,0
2026-07-02,Lexington SC,N. Firmino,MF,0.0,0.0,0.0,0,0
2026-07-02,Lexington SC,T. Scott,FW,0.0,0.0,0.0,0,0
2026-07-02,Lexington SC,J. Lewis,FW,0.0,0.0,0.0,0,0
2026-07-02,Lexington SC,G. Addams,GK,0.0,0.0,0.0,0,0
2026-07-02,Lexington SC,M. Muir,DF,0.0,0.0,0.0,0,0
2026-07-02,Lexington SC,J. Hafferty,DF,0.0,0.0,0.0,0,0
2026-07-02,Lexington SC,M. Henry-Scott,FW,0.0,0.0,0.0,0,0
2026-07-02,Lexington SC,A. Caborn,DF,0.0,0.0,0.0,0,0
2026-07-02,Lexington SC,A. Midence,MF,0.0,0.0,0.0,0,0
2026-07-02,Lexington SC,M. Yosef,FW,0.0,0.0,0.0,0,0
2026-07-02,Liaoning Tieren FC,Y. Tian,FW,0.0,0.0,0.0,0,0
2026-07-02,Liaoning Tieren FC,L. Haoran,DF,0.0,0.0,0.0,0,0
2026-07-02,Liaoning Tieren FC,J. Gao,DF,0.0,0.0,0.0,0,0
2026-07-02,Liaoning Tieren FC,D. Xu,DF,0.0,0.0,0.0,0,0
2026-07-02,Liaoning Tieren FC,D. Tian,MF,0.0,0.0,0.0,0,0
2026-07-02,Liaoning Tieren FC,K. Ablet,GK,0.0,0.0,0.0,0,0
2026-07-02,Liaoning Tieren FC,W. Tian'ai,GK,0.0,0.0,0.0,0,0
2026-07-02,Liaoning Tieren FC,Z. Tian,DF,0.0,0.0,0.0,0,0
2026-07-02,Liaoning Tieren FC,S. Pang,DF,0.0,0.0,0.0,0,0
2026-07-02,Liaoning Tieren FC,J. Zheng,DF,0.0,0.0,0.0,0,0
2026-07-02,Liaoning Tieren FC,Z. Hongfu,DF,0.0,0.0,0.0,0,0
2026-07-02,Liaoning Tieren FC,G. Mbenza,FW,0.0,0.0,0.0,0,0
2026-07-02,Liaoning Tieren FC,Z. Yifeng,FW,0.0,0.0,0.0,0,0
2026-07-02,Liaoning Tieren FC,R. Han,GK,0.0,0.0,0.0,0,0
2026-07-02,Libertad,A. González,GK,0.0,0.0,0.0,0,0
2026-07-02,Libertad,E. Díaz,DF,0.0,0.0,0.0,0,0
2026-07-02,Libertad,R. Villalba,DF,0.0,0.0,0.0,0,0
2026-07-02,Libertad,Matías Rojas,MF,0.0,0.0,0.0,0,0
2026-07-02,Libertad,A. Molinas,MF,0.0,0.0,0.0,0,0
2026-07-02,Libertad,J. Recalde,MF,0.0,0.0,0.0,0,0
2026-07-02,Libertad,E. Villalba,DF,0.0,0.0,0.0,0,0
2026-07-02,Libertad,N. Giménez,DF,0.0,0.0,0.0,0,0
2026-07-02,Libertad,T. Fernandez,DF,0.0,0.0,0.0,0,0
2026-07-02,Libertad,H. Martínez,MF,0.0,0.0,0.0,0,0
2026-07-02,Libertad,P. Villalba,MF,0.0,0.0,0.0,0,0
2026-07-02,Libertad,H. Caballero,MF,0.0,0.0,0.0,0,0
2026-07-02,Lille,E. Mbappé,MF,0.0,0.0,0.0,0,0
2026-07-02,Lille,C. Verdonk,DF,0.0,0.0,0.0,0,0
2026-07-02,Lille,O. Giroud,FW,0.0,0.0,0.0,0,0
2026-07-02,Lille,G. Perrin,FW,0.0,0.0,0.0,0,0
2026-07-02,Lille,A. Bodart,GK,0.0,0.0,0.0,0,0
2026-07-02,Lille,C. Mbemba,DF,0.0,0.0,0.0,0,0
2026-07-02,Lille,A. Ribeiro,DF,0.0,0.0,0.0,0,0
2026-07-02,Lille,O. Sahraoui,FW,0.0,0.0,0.0,0,0
2026-07-02,Lillestrøm SK,C. Jebara,FW,0.0,0.0,0.0,0,0
2026-07-02,Lillestrøm SK,Y. Paintsil,MF,0.0,0.0,0.0,0,0
2026-07-02,Lillestrøm SK,H. Woxen,MF,0.0,0.0,0.0,0,0
2026-07-02,Lillestrøm SK,K. L. Alperud,MF,0.0,0.0,0.0,0,0
2026-07-02,Lillestrøm SK,S. Hagerup,GK,0.0,0.0,0.0,0,0
2026-07-02,Lillestrøm SK,S. M. Foss,DF,0.0,0.0,0.0,0,0
2026-07-02,Lillestrøm SK,E. B. Garnås,DF,0.0,0.0,0.0,0,0
2026-07-02,Lillestrøm SK,J. Kitolano,DF,0.0,0.0,0.0,0,0
2026-07-02,Lillestrøm SK,F. Elkær,DF,0.0,0.0,0.0,0,0
2026-07-02,Lillestrøm SK,E. Lucky,MF,0.0,0.0,0.0,0,0
2026-07-02,Liverpool FC,M. Kerkez,DF,0.0,0.0,0.0,0,0
2026-07-02,Liverpool FC,R. Ngumoha,FW,0.0,0.0,0.0,0,0
2026-07-02,Liverpool FC,F. Chiesa,FW,0.0,0.0,0.0,0,0
2026-07-02,Liverpool FC,Á. Pécsi,GK,0.0,0.0,0.0,0,0
2026-07-02,Liverpool FC,J. Gomez,DF,0.0,0.0,0.0,0,0
2026-07-02,Liverpool FC,T. Ndiaye,DF,0.0,0.0,0.0,0,0
2026-07-02,Liverpool FC,T. Nyoni,MF,0.0,0.0,0.0,0,0
2026-07-02,Liverpool FC,K. Morrison,MF,0.0,0.0,0.0,0,0
2026-07-02,Liverpool FC,W. Wright,FW,0.0,0.0,0.0,0,0
2026-07-02,Liverpool FC,A. Isak,FW,0.0,0.0,0.0,0,0
2026-07-02,Liverpool FC,F. Woodman,GK,0.0,0.0,0.0,0,0
2026-07-02,Liverpool FC,A. Robertson,DF,0.0,0.0,0.0,0,0
2026-07-02,Livingston,R. Muirhead,FW,0.0,0.0,0.0,0,0
2026-07-02,Livingston,S. May,FW,0.0,0.0,0.0,0,0
2026-07-02,Livingston,C. Montano,DF,0.0,0.0,0.0,0,0
2026-07-02,Livingston,E. Danso,MF,0.0,0.0,0.0,0,0
2026-07-02,Livingston,J. Hamilton,GK,0.0,0.0,0.0,0,0
2026-07-02,Livingston,B. Fati,DF,0.0,0.0,0.0,0,0
2026-07-02,Livingston,S. Lawal,MF,0.0,0.0,0.0,0,0
2026-07-02,Livingston,A. Denholm,MF,0.0,0.0,0.0,0,0
2026-07-02,Livingston,J. Zimmerman,FW,0.0,0.0,0.0,0,0
2026-07-02,Lokomotiv Plovdiv,M. Trdan,MF,0.0,0.0,0.0,0,0
2026-07-02,Lokomotiv Plovdiv,Z. Dinev,FW,0.0,0.0,0.0,0,0
2026-07-02,Lokomotiv Plovdiv,J. Lamy,MF,0.0,0.0,0.0,0,0
2026-07-02,Lokomotiv Plovdiv,M. Atanasov,MF,0.0,0.0,0.0,0,0
2026-07-02,Lokomotiv Plovdiv,F. Politino,MF,0.0,0.0,0.0,0,0
2026-07-02,Lokomotiv Plovdiv,P. Zovko,GK,0.0,0.0,0.0,0,0
2026-07-02,Lokomotiv Plovdiv,K. Kostov,DF,0.0,0.0,0.0,0,0
2026-07-02,Lokomotiv Plovdiv,D. Kirashki,DF,0.0,0.0,0.0,0,0
2026-07-02,Lokomotiv Plovdiv,A. Velev,FW,0.0,0.0,0.0,0,0
2026-07-02,Lokomotiv Plovdiv,P. Umarbaev,MF,0.0,0.0,0.0,0,0
2026-07-02,Lokomotiv Plovdiv,D. Iliev,FW,0.0,0.0,0.0,0,0
2026-07-02,Lokomotiv Sofia,D. Ali,DF,0.0,0.0,0.0,0,0
2026-07-02,Lokomotiv Sofia,K. Miloshev,MF,0.0,0.0,0.0,0,0
2026-07-02,Lokomotiv Sofia,J. Ibe,MF,0.0,0.0,0.0,0,0
2026-07-02,Lokomotiv Sofia,S. Dembélé,DF,0.0,0.0,0.0,0,0
2026-07-02,Lokomotiv Sofia,G. Emil,FW,0.0,0.0,0.0,0,0
2026-07-02,Lokomotiv Sofia,A. Lyubenov,GK,0.0,0.0,0.0,0,0
2026-07-02,Lokomotiv Sofia,I. Lagundžić,DF,0.0,0.0,0.0,0,0
2026-07-02,Lokomotiv Sofia,D. Raposo,MF,0.0,0.0,0.0,0,0
2026-07-02,Lokomotiv Sofia,Luann,MF,0.0,0.0,0.0,0,0
2026-07-02,Lokomotiv Sofia,D. Açka,MF,0.0,0.0,0.0,0,0
2026-07-02,Lokomotiv Sofia,C. C. Alves,FW,0.0,0.0,0.0,0,0
2026-07-02,Lokomotiv Sofia,M. Velichkov,GK,0.0,0.0,0.0,0,0
2026-07-02,Lokomotiv Sofia,N. Neychev,DF,0.0,0.0,0.0,0,0
2026-07-02,Lommel SK,N. Rommens,MF,0.0,0.0,0.0,0,0
2026-07-02,Lommel SK,Z. Vancsa,MF,0.0,0.0,0.0,0,0
2026-07-02,Lommel SK,R. v. Duiven,FW,0.0,0.0,0.0,0,0
2026-07-02,Lommel SK,T. Eyoma,DF,0.0,0.0,0.0,0,0
2026-07-02,Lommel SK,N. Ivezić,GK,0.0,0.0,0.0,0,0
2026-07-02,Lommel SK,H. Oware,DF,0.0,0.0,0.0,0,0
2026-07-02,Lommel SK,M. S. E. Boukammiri,FW,0.0,0.0,0.0,0,0
2026-07-02,Lommel SK,A. Reumers,FW,0.0,0.0,0.0,0,0
2026-07-02,Lommel SK,N. Corthouts,FW,0.0,0.0,0.0,0,0
2026-07-02,Londrina,Luan,GK,0.0,0.0,0.0,0,0
2026-07-02,Londrina,Heron,DF,0.0,0.0,0.0,0,0
2026-07-02,Londrina,T. Cantanhede,MF,0.0,0.0,0.0,0,0
2026-07-02,Londrina,P. Moccelin,FW,0.0,0.0,0.0,0,0
2026-07-02,Londrina,C. Maia,FW,0.0,0.0,0.0,0,0
2026-07-02,Londrina,G. Lacerda,DF,0.0,0.0,0.0,0,0
2026-07-02,Londrina,A. Dhominique,DF,0.0,0.0,0.0,0,0
2026-07-02,Londrina,K. Leonardo,DF,0.0,0.0,0.0,0,0
2026-07-02,Londrina,A. Cardoso,MF,0.0,0.0,0.0,0,0
2026-07-02,Londrina,Fabiano,MF,0.0,0.0,0.0,0,0
2026-07-02,Londrina,W. Chumbinho,MF,0.0,0.0,0.0,0,0
2026-07-02,Los Angeles FC,M. Delgado,MF,0.0,0.0,0.0,0,0
2026-07-02,Los Angeles FC,D. M. Morales,FW,0.0,0.0,0.0,0,0
2026-07-02,Los Angeles FC,S. Heung-min,FW,0.0,0.0,0.0,0,0
2026-07-02,Los Angeles FC,T. Boyd,FW,0.0,0.0,0.0,0,0
2026-07-02,Los Angeles FC,M. Choinière,MF,0.0,0.0,0.0,0,0
2026-07-02,Los Angeles FC,A. Smoliakov,DF,0.0,0.0,0.0,0,0
2026-07-02,Los Angeles FC,T. Hasal,GK,0.0,0.0,0.0,0,0
2026-07-02,Los Angeles FC,R. Porteous,DF,0.0,0.0,0.0,0,0
2026-07-02,Los Angeles FC,S. Palencia,DF,0.0,0.0,0.0,0,0
2026-07-02,Loudoun United FC,A. Souper,MF,0.0,0.0,0.0,0,0
2026-07-02,Loudoun United FC,A. Ordóñez,FW,0.0,0.0,0.0,0,0
2026-07-02,Loudoun United FC,J. Panayotou,MF,0.0,0.0,0.0,0,0
2026-07-02,Loudoun United FC,L. Herrera,GK,0.0,0.0,0.0,0,0
2026-07-02,Loudoun United FC,E. Bandré,GK,0.0,0.0,0.0,0,0
2026-07-02,Loudoun United FC,L. Piras,DF,0.0,0.0,0.0,0,0
2026-07-02,Loudoun United FC,M. Dias,MF,0.0,0.0,0.0,0,0
2026-07-02,Louisville City FC,E. Davila,MF,0.0,0.0,0.0,0,0
2026-07-02,Louisville City FC,C. Donovan,FW,0.0,0.0,0.0,0,0
2026-07-02,Louisville City FC,R. Serrano,FW,0.0,0.0,0.0,0,0
2026-07-02,Louisville City FC,A. Dia,DF,0.0,0.0,0.0,0,0
2026-07-02,Louisville City FC,Q. Huerman,MF,0.0,0.0,0.0,0,0
2026-07-02,Louisville City FC,H. Fauroux,GK,0.0,0.0,0.0,0,0
2026-07-02,Louisville City FC,T. Weinrich,FW,0.0,0.0,0.0,0,0
2026-07-02,Louisville City FC,S. Gleadle,FW,0.0,0.0,0.0,0,0
2026-07-02,Ludogorets,A. Salido,FW,0.0,0.0,0.0,0,0
2026-07-02,Ludogorets,O. Verdon,DF,0.0,0.0,0.0,0,0
2026-07-02,Ludogorets,S. Padt,GK,0.0,0.0,0.0,0,0
2026-07-02,Ludogorets,S. Shishkov,DF,0.0,0.0,0.0,0,0
2026-07-02,Ludogorets,G. Terziev,DF,0.0,0.0,0.0,0,0
2026-07-02,Ludogorets,G. Penev,MF,0.0,0.0,0.0,0,0
2026-07-02,Ludogorets,E. Syrov,MF,0.0,0.0,0.0,0,0
2026-07-02,Ludogorets,Y. E. Bile,FW,0.0,0.0,0.0,0,0
2026-07-02,Ludogorets,K. Dimitrov,FW,0.0,0.0,0.0,0,0
2026-07-02,Ludogorets,I. Yordanov,MF,0.0,0.0,0.0,0,0
2026-07-02,MAS de Fès,Z. Hamadi,DF,0.0,0.0,0.0,0,0
2026-07-02,MAS de Fès,K. Seakanyeng,MF,0.0,0.0,0.0,0,0
2026-07-02,MAS de Fès,E. H. Brija,MF,0.0,0.0,0.0,0,0
2026-07-02,MAS de Fès,H. Afsal,MF,0.0,0.0,0.0,0,0
2026-07-02,MAS de Fès,K. Yamga,MF,0.0,0.0,0.0,0,0
2026-07-02,MAS de Fès,O. Errahmany,GK,0.0,0.0,0.0,0,0
2026-07-02,MAS de Fès,S. Faiz,DF,0.0,0.0,0.0,0,0
2026-07-02,MAS de Fès,A. Oudrhiri,MF,0.0,0.0,0.0,0,0
2026-07-02,MAS de Fès,Y. Dalouzi,MF,0.0,0.0,0.0,0,0
2026-07-02,MGS Panserraikos,S. Sallam,MF,0.0,0.0,0.0,0,0
2026-07-02,MGS Panserraikos,M. Sofianos,FW,0.0,0.0,0.0,0,0
2026-07-02,MGS Panserraikos,Y. Armougom,DF,0.0,0.0,0.0,0,0
2026-07-02,MGS Panserraikos,A. Maskanakis,MF,0.0,0.0,0.0,0,0
2026-07-02,MGS Panserraikos,A. Tsobanidis,GK,0.0,0.0,0.0,0,0
2026-07-02,MGS Panserraikos,I. Gelashvili,DF,0.0,0.0,0.0,0,0
2026-07-02,MGS Panserraikos,A. Karasalidis,DF,0.0,0.0,0.0,0,0
2026-07-02,MGS Panserraikos,C. Georgiadis,DF,0.0,0.0,0.0,0,0
2026-07-02,MGS Panserraikos,A. Liasos,MF,0.0,0.0,0.0,0,0
2026-07-02,MGS Panserraikos,E. D. Brooks,MF,0.0,0.0,0.0,0,0
2026-07-02,MGS Panserraikos,V. Roumiantsev,MF,0.0,0.0,0.0,0,0
2026-07-02,MGS Panserraikos,A. Teixeira,FW,0.0,0.0,0.0,0,0
2026-07-02,MKS Korona Kielce,H. Zwozny,DF,0.0,0.0,0.0,0,0
2026-07-02,MKS Korona Kielce,S. Davidović,MF,0.0,0.0,0.0,0,0
2026-07-02,MKS Korona Kielce,Nono,MF,0.0,0.0,0.0,0,0
2026-07-02,MKS Korona Kielce,V. Nikolov,FW,0.0,0.0,0.0,0,0
2026-07-02,MKS Korona Kielce,K. Matuszewski,DF,0.0,0.0,0.0,0,0
2026-07-02,MKS Korona Kielce,R. Mamla,GK,0.0,0.0,0.0,0,0
2026-07-02,MKS Korona Kielce,V. Popov,DF,0.0,0.0,0.0,0,0
2026-07-02,MKS Korona Kielce,S. Rubežić,DF,0.0,0.0,0.0,0,0
2026-07-02,MKS Korona Kielce,N. Niski,DF,0.0,0.0,0.0,0,0
2026-07-02,MKS Korona Kielce,W. Kamiński,MF,0.0,0.0,0.0,0,0
2026-07-02,MKS Korona Kielce,A. Hańćko,MF,0.0,0.0,0.0,0,0
2026-07-02,MZKS Arka Gdynia,M. Rzuchowski,MF,0.0,0.0,0.0,0,0
2026-07-02,MZKS Arka Gdynia,E. Espiau,FW,0.0,0.0,0.0,0,0
2026-07-02,MZKS Arka Gdynia,N. Rusyn,FW,0.0,0.0,0.0,0,0
2026-07-02,MZKS Arka Gdynia,D. Kocyła,MF,0.0,0.0,0.0,0,0
2026-07-02,MZKS Arka Gdynia,P. Szysz,MF,0.0,0.0,0.0,0,0
2026-07-02,MZKS Arka Gdynia,M. Navarro,DF,0.0,0.0,0.0,0,0
2026-07-02,MZKS Arka Gdynia,S. Szota,DF,0.0,0.0,0.0,0,0
2026-07-02,MZKS Arka Gdynia,A. Sidibe,MF,0.0,0.0,0.0,0,0
2026-07-02,MZKS Arka Gdynia,J. Oliveira,MF,0.0,0.0,0.0,0,0
2026-07-02,Macará,J. Espinoza,DF,0.0,0.0,0.0,0,0
2026-07-02,Macará,L. Espinoza,MF,0.0,0.0,0.0,0,0
2026-07-02,Macará,G. Blanc,MF,0.0,0.0,0.0,0,0
2026-07-02,Macará,J. Klinger,FW,0.0,0.0,0.0,0,0
2026-07-02,Macará,L. Ferro,FW,0.0,0.0,0.0,0,0
2026-07-02,Macará,J. Mohor,MF,0.0,0.0,0.0,0,0
2026-07-02,Macará,D. Cuero,GK,0.0,0.0,0.0,0,0
2026-07-02,Macará,D. Bolanos,MF,0.0,0.0,0.0,0,0
2026-07-02,Macará,M. Medranda,DF,0.0,0.0,0.0,0,0
2026-07-02,Macará,J. Jiménez,DF,0.0,0.0,0.0,0,0
2026-07-02,Macará,J. Chalá,FW,0.0,0.0,0.0,0,0
2026-07-02,Macará,T. Chamba,MF,0.0,0.0,0.0,0,0
2026-07-02,Machida Zelvia,T. Morita,GK,0.0,0.0,0.0,0,0
2026-07-02,Machida Zelvia,I. Drešević,DF,0.0,0.0,0.0,0,0
2026-07-02,Machida Zelvia,F. Tokumura,FW,0.0,0.0,0.0,0,0
2026-07-02,Machida Zelvia,R. Shirasaki,MF,0.0,0.0,0.0,0,0
2026-07-02,Machida Zelvia,K. Sento,MF,0.0,0.0,0.0,0,0
2026-07-02,Machida Zelvia,A. Masuyama,MF,0.0,0.0,0.0,0,0
2026-07-02,Machida Zelvia,H. H. Mochizuki,DF,0.0,0.0,0.0,0,0
2026-07-02,Machida Zelvia,H. Shimoda,MF,0.0,0.0,0.0,0,0
2026-07-02,Machida Zelvia,S. Fujio,FW,0.0,0.0,0.0,0,0
2026-07-02,Machida Zelvia,H. Nakamura,DF,0.0,0.0,0.0,0,0
2026-07-02,Machida Zelvia,S. Na,FW,0.0,0.0,0.0,0,0
2026-07-02,Machida Zelvia,H. Mae,MF,0.0,0.0,0.0,0,0
2026-07-02,Machida Zelvia,B. Vásquez,MF,0.0,0.0,0.0,0,0
2026-07-02,Machida Zelvia,K. Kuwayama,FW,0.0,0.0,0.0,0,0
2026-07-02,Machida Zelvia,K. Min-Tae,DF,0.0,0.0,0.0,0,0
2026-07-02,Machida Zelvia,T. Imai,DF,0.0,0.0,0.0,0,0
2026-07-02,Machida Zelvia,C. Mayaka,MF,0.0,0.0,0.0,0,0
2026-07-02,Machida Zelvia,K. Hayashi,DF,0.0,0.0,0.0,0,0
2026-07-02,Magic United TFA,R. Smith,DF,0.0,0.0,0.0,0,0
2026-07-02,Magic United TFA,J. Dimarco,FW,0.0,0.0,0.0,0,0
2026-07-02,Magic United TFA,J. Squires,FW,0.0,0.0,0.0,0,0
2026-07-02,Magic United TFA,C. Fenton,DF,0.0,0.0,0.0,0,0
2026-07-02,Magic United TFA,D. Mercuri,MF,0.0,0.0,0.0,0,0
2026-07-02,Magic United TFA,T. Caldwell,MF,0.0,0.0,0.0,0,0
2026-07-02,Mallorca,A. Sánchez,GK,0.0,0.0,0.0,0,0
2026-07-02,Mallorca,T. Lato,DF,0.0,0.0,0.0,0,0
2026-07-02,Mallorca,M. Calatayud,DF,0.0,0.0,0.0,0,0
2026-07-02,Mallorca,J. Virgili,FW,0.0,0.0,0.0,0,0
2026-07-02,Mallorca,D. López,DF,0.0,0.0,0.0,0,0
2026-07-02,Mallorca,I. Cuéllar,GK,0.0,0.0,0.0,0,0
2026-07-02,Mallorca,J. Olaizola,DF,0.0,0.0,0.0,0,0
2026-07-02,Mallorca,L. Orejuela,DF,0.0,0.0,0.0,0,0
2026-07-02,Mallorca,T. Asano,FW,0.0,0.0,0.0,0,0
2026-07-02,Mallorca,C. Riba,MF,0.0,0.0,0.0,0,0
2026-07-02,Mallorca,J. Llabrés,FW,0.0,0.0,0.0,0,0
2026-07-02,Mallorca,A. Prats,FW,0.0,0.0,0.0,0,0
2026-07-02,Malmö FF,D. T. Gudjohnsen,FW,0.0,0.0,0.0,0,0
2026-07-02,Malmö FF,T. Ali,MF,0.0,0.0,0.0,0,0
2026-07-02,Malmö FF,Busanello,DF,0.0,0.0,0.0,0,0
2026-07-02,Malmö FF,K. Busuladzic,MF,0.0,0.0,0.0,0,0
2026-07-02,Malmö FF,J. Milosavljević,MF,0.0,0.0,0.0,0,0
2026-07-02,Malmö FF,W. N. Lundgren,GK,0.0,0.0,0.0,0,0
2026-07-02,Malmö FF,M. Palsson,DF,0.0,0.0,0.0,0,0
2026-07-02,Malmö FF,J. Karlsson,DF,0.0,0.0,0.0,0,0
2026-07-02,Malmö FF,A. Höög,MF,0.0,0.0,0.0,0,0
2026-07-02,Manchester City,P. Foden,MF,0.0,0.0,0.0,0,0
2026-07-02,Manchester City,M. Kovačić,MF,0.0,0.0,0.0,0,0
2026-07-02,Manchester City,O. Marmoush,FW,0.0,0.0,0.0,0,0
2026-07-02,Manchester City,J. Trafford,GK,0.0,0.0,0.0,0,0
2026-07-02,Manchester City,R. Aït-Nouri,DF,0.0,0.0,0.0,0,0
2026-07-02,Manchester City,J. Stones,DF,0.0,0.0,0.0,0,0
2026-07-02,Manchester City,N. Aké,DF,0.0,0.0,0.0,0,0
2026-07-02,Manchester City,T. Reijnders,MF,0.0,0.0,0.0,0,0
2026-07-02,Manchester City,Savinho,FW,0.0,0.0,0.0,0,0
2026-07-02,Manchester City,R. Dias,DF,0.0,0.0,0.0,0,0
2026-07-02,Manchester City,N. González,MF,0.0,0.0,0.0,0,0
2026-07-02,Manchester United,A. Diallo,FW,0.0,0.0,0.0,0,0
2026-07-02,Manchester United,P. Dorgu,DF,0.0,0.0,0.0,0,0
2026-07-02,Manchester United,J. Zirkzee,FW,0.0,0.0,0.0,0,0
2026-07-02,Manchester United,L. Yoro,DF,0.0,0.0,0.0,0,0
2026-07-02,Manchester United,A. Bayındır,GK,0.0,0.0,0.0,0,0
2026-07-02,Manchester United,T. Malacia,DF,0.0,0.0,0.0,0,0
2026-07-02,Manchester United,N. Mazraoui,DF,0.0,0.0,0.0,0,0
2026-07-02,Manchester United,M. Ugarte,MF,0.0,0.0,0.0,0,0
2026-07-02,Manchester United,M. Mount,MF,0.0,0.0,0.0,0,0
2026-07-02,Manchester United,B. Mbeumo,FW,0.0,0.0,0.0,0,0
2026-07-02,Manchester United,D. Dalot,DF,0.0,0.0,0.0,0,0
2026-07-02,Manchester United,A. Heaven,DF,0.0,0.0,0.0,0,0
2026-07-02,Manchester United,J. Fletcher,MF,0.0,0.0,0.0,0,0
2026-07-02,Manchester United,T. Fletcher,MF,0.0,0.0,0.0,0,0
2026-07-02,Miami FC,J. Soñora,MF,0.0,0.0,0.0,0,0
2026-07-02,Miami FC,R. d. Costa,FW,0.0,0.0,0.0,0,0
2026-07-02,Miami FC,T. Musto,MF,0.0,0.0,0.0,0,0
2026-07-02,Miami FC,M. Ndongo,FW,0.0,0.0,0.0,0,0
2026-07-02,Miami FC,F. Rodriguez,GK,0.0,0.0,0.0,0,0
2026-07-02,Miami FC,W. Yacoubou,DF,0.0,0.0,0.0,0,0
2026-07-02,Miami FC,M. Diallo,MF,0.0,0.0,0.0,0,0
2026-07-02,Middlesbrough,J. Sarmiento,MF,0.0,0.0,0.0,0,0
2026-07-02,Middlesbrough,A. Browne,MF,0.0,0.0,0.0,0,0
2026-07-02,Middlesbrough,L. Castledine,MF,0.0,0.0,0.0,0,0
2026-07-02,Middlesbrough,J. Wildsmith,GK,0.0,0.0,0.0,0,0
2026-07-02,Middlesbrough,H. Hunt,DF,0.0,0.0,0.0,0,0
2026-07-02,Middlesbrough,S. Silvera,FW,0.0,0.0,0.0,0,0
2026-07-02,Middlesbrough,A. Gilbert,FW,0.0,0.0,0.0,0,0
2026-07-02,Middlesbrough,S. Hansen,FW,0.0,0.0,0.0,0,0
2026-07-02,Middlesbrough,C. Ibeh,FW,0.0,0.0,0.0,0,0
2026-07-02,Millonarios,S. Martín,DF,0.0,0.0,0.0,0,0
2026-07-02,Millonarios,J. Hurtado,FW,0.0,0.0,0.0,0,0
2026-07-02,Millonarios,J. Angulo,FW,0.0,0.0,0.0,0,0
2026-07-02,Millonarios,B. Castro,FW,0.0,0.0,0.0,0,0
2026-07-02,Millonarios,S. Vega,MF,0.0,0.0,0.0,0,0
2026-07-02,Millonarios,D. Banguero,DF,0.0,0.0,0.0,0,0
2026-07-02,Millonarios,G. De Amores,GK,0.0,0.0,0.0,0,0
2026-07-02,Millonarios,E. Elizalde,DF,0.0,0.0,0.0,0,0
2026-07-02,Millonarios,A. Castro,FW,0.0,0.0,0.0,0,0
2026-07-02,Millonarios,S. Mosquera,FW,0.0,0.0,0.0,0,0
2026-07-02,Millwall,L. Cundle,MF,0.0,0.0,0.0,0,0
2026-07-02,Millwall,B. Bannan,MF,0.0,0.0,0.0,0,0
2026-07-02,Millwall,A. Doughty,MF,0.0,0.0,0.0,0,0
2026-07-02,Millwall,M. Ivanović,FW,0.0,0.0,0.0,0,0
2026-07-02,Millwall,M. Crocombe,GK,0.0,0.0,0.0,0,0
2026-07-02,Millwall,D. McNamara,DF,0.0,0.0,0.0,0,0
2026-07-02,Millwall,B. Mitchell,MF,0.0,0.0,0.0,0,0
2026-07-02,Millwall,T. Watson,FW,0.0,0.0,0.0,0,0
2026-07-02,Millwall,M. Langstaff,FW,0.0,0.0,0.0,0,0
2026-07-02,Mirandés,P. Pérez,DF,0.0,0.0,0.0,0,0
2026-07-02,Mirandés,T. Tamarit,FW,0.0,0.0,0.0,0,0
2026-07-02,Mirandés,M. Malsa,MF,0.0,0.0,0.0,0,0
2026-07-02,Mirandés,I. Nikić,GK,0.0,0.0,0.0,0,0
2026-07-02,Mirandés,M. Pascual,DF,0.0,0.0,0.0,0,0
2026-07-02,Mirandés,I. Córdoba,DF,0.0,0.0,0.0,0,0
2026-07-02,Mirandés,D. Sia,FW,0.0,0.0,0.0,0,0
2026-07-02,Mirassol,Yuri,MF,0.0,0.0,0.0,0,0
2026-07-02,Mirassol,A. Galeano,FW,0.0,0.0,0.0,0,0
2026-07-02,Mirassol,A. Luis,FW,0.0,0.0,0.0,0,0
2026-07-02,Mirassol,Eduardo,MF,0.0,0.0,0.0,0,0
2026-07-02,Mirassol,Rodrigues,DF,0.0,0.0,0.0,0,0
2026-07-02,Mirassol,A. Muralha,GK,0.0,0.0,0.0,0,0
2026-07-02,Mirassol,Thomazella,GK,0.0,0.0,0.0,0,0
2026-07-02,Mirassol,D. Borges,DF,0.0,0.0,0.0,0,0
2026-07-02,Mirassol,L. Mugni,MF,0.0,0.0,0.0,0,0
2026-07-02,Mirassol,Chico,MF,0.0,0.0,0.0,0,0
2026-07-02,Mirassol,Nathan Fogaça,FW,0.0,0.0,0.0,0,0
2026-07-02,Mirassol,Everton Galdino,FW,0.0,0.0,0.0,0,0
2026-07-02,Mirassol,V. Luis,DF,0.0,0.0,0.0,0,0
2026-07-02,Mirassol,J. Aldo,MF,0.0,0.0,0.0,0,0
2026-07-02,Mito Hollyhock,T. Iida,DF,0.0,0.0,0.0,0,0
2026-07-02,Mito Hollyhock,H. Yamamoto,MF,0.0,0.0,0.0,0,0
2026-07-02,Mito Hollyhock,K. Ando,MF,0.0,0.0,0.0,0,0
2026-07-02,Mito Hollyhock,P. Ferreira,FW,0.0,0.0,0.0,0,0
2026-07-02,Mito Hollyhock,S. Matsubara,GK,0.0,0.0,0.0,0,0
2026-07-02,Mito Hollyhock,K. Kawakami,MF,0.0,0.0,0.0,0,0
2026-07-02,Mito Hollyhock,Y. Torikai,MF,0.0,0.0,0.0,0,0
2026-07-02,Mito Hollyhock,K. Tada,FW,0.0,0.0,0.0,0,0
2026-07-02,Mito Hollyhock,M. Leiria,FW,0.0,0.0,0.0,0,0
2026-07-02,Mito Hollyhock,K. Osaki,MF,0.0,0.0,0.0,0,0
2026-07-02,Mito Hollyhock,R. Nemoto,FW,0.0,0.0,0.0,0,0
2026-07-02,Mito Hollyhock,C. Kato,MF,0.0,0.0,0.0,0,0
2026-07-02,Mito Hollyhock,S. Yamashita,MF,0.0,0.0,0.0,0,0
2026-07-02,Mito Hollyhock,S. Aihara,FW,0.0,0.0,0.0,0,0
2026-07-02,Mjällby AIF,M. Nielsen,DF,0.0,0.0,0.0,0,0
2026-07-02,Mjällby AIF,J. Kjaer,MF,0.0,0.0,0.0,0,0
2026-07-02,Mjällby AIF,T. Pettersson,DF,0.0,0.0,0.0,0,0
2026-07-02,Mjällby AIF,R. Leandersson,MF,0.0,0.0,0.0,0,0
2026-07-02,Mjällby AIF,L. Tidstrand,MF,0.0,0.0,0.0,0,0
2026-07-02,Mjällby AIF,A. Lundin,GK,0.0,0.0,0.0,0,0
2026-07-02,Mjällby AIF,O. Lindberg,MF,0.0,0.0,0.0,0,0
2026-07-02,Mjällby AIF,Á. Samuelsen,FW,0.0,0.0,0.0,0,0
2026-07-02,Mjällby AIF,B. Bang-Kittilsen,FW,0.0,0.0,0.0,0,0
2026-07-02,Mjällby AIF,V. Gustafson,MF,0.0,0.0,0.0,0,0
2026-07-02,Mjällby AIF,A. Norén,DF,0.0,0.0,0.0,0,0
2026-07-02,Mjällby AIF,T. Stavitski,FW,0.0,0.0,0.0,0,0
2026-07-02,Mjällby AIF,L. Svanberg,DF,0.0,0.0,0.0,0,0
2026-07-02,Mjällby AIF,T. Helge,MF,0.0,0.0,0.0,0,0
2026-07-02,Molde FK,V. Hoff,MF,0.0,0.0,0.0,0,0
2026-07-02,Molde FK,I. F. Gosik,FW,0.0,0.0,0.0,0,0
2026-07-02,Molde FK,Blerton,MF,0.0,0.0,0.0,0,0
2026-07-02,Molde FK,O. Spiten-Nysæter,FW,0.0,0.0,0.0,0,0
2026-07-02,Molde FK,E. Haugan,DF,0.0,0.0,0.0,0,0
2026-07-02,Molde FK,P. H. Lervik,GK,0.0,0.0,0.0,0,0
2026-07-02,Molde FK,M. Linnes,DF,0.0,0.0,0.0,0,0
2026-07-02,Molde FK,V. Bender,MF,0.0,0.0,0.0,0,0
2026-07-02,Molde FK,T. K. Doherty,FW,0.0,0.0,0.0,0,0
2026-07-02,Monterey Bay FC,G. Lomtadze,FW,0.0,0.0,0.0,0,0
2026-07-02,Monterey Bay FC,R. Nakamura,MF,0.0,0.0,0.0,0,0
2026-07-02,Monterey Bay FC,W. Leggett,FW,0.0,0.0,0.0,0,0
2026-07-02,Monterey Bay FC,S. Ritchie,DF,0.0,0.0,0.0,0,0
2026-07-02,Monterey Bay FC,R. Bidois,FW,0.0,0.0,0.0,0,0
2026-07-02,Monterey Bay FC,C. Dalton,GK,0.0,0.0,0.0,0,0
2026-07-02,Monterey Bay FC,A. Rebollar,MF,0.0,0.0,0.0,0,0
2026-07-02,Monterey Bay FC,L. Malešević,DF,0.0,0.0,0.0,0,0
2026-07-02,Monterey Bay FC,S. Lletget,MF,0.0,0.0,0.0,0,0
2026-07-02,Montevideo City Torque,K. Silva,DF,0.0,0.0,0.0,0,0
2026-07-02,Montevideo City Torque,G. Rodríguez,GK,0.0,0.0,0.0,0,0
2026-07-02,Montevideo City Torque,J. Quintana,MF,0.0,0.0,0.0,0,0
2026-07-02,Montevideo City Torque,D. Guzmán,MF,0.0,0.0,0.0,0,0
2026-07-02,Montevideo City Torque,J. Tarán,MF,0.0,0.0,0.0,0,0
2026-07-02,Montevideo City Torque,A. d. Silva,FW,0.0,0.0,0.0,0,0
2026-07-02,Montevideo City Torque,M. Aguiar,GK,0.0,0.0,0.0,0,0
2026-07-02,Montevideo City Torque,S. Cáceres,MF,0.0,0.0,0.0,0,0
2026-07-02,Montevideo City Torque,L. Duré,MF,0.0,0.0,0.0,0,0
2026-07-02,Montevideo City Torque,Y. Munoz,FW,0.0,0.0,0.0,0,0
2026-07-02,Moreton City Excelsior FC,E. Donnelly-Fagan,DF,0.0,0.0,0.0,0,0
2026-07-02,Moreton City Excelsior FC,J. Scott,MF,0.0,0.0,0.0,0,0
2026-07-02,Moreton City Excelsior FC,C. Maher,MF,0.0,0.0,0.0,0,0
2026-07-02,Moreton City Excelsior FC,L. Dunn,MF,0.0,0.0,0.0,0,0
2026-07-02,Moreton City Excelsior FC,R. Stent,GK,0.0,0.0,0.0,0,0
2026-07-02,Moreton City Excelsior FC,J. Murphy,DF,0.0,0.0,0.0,0,0
2026-07-02,Motherwell,J. Koutroumbis,DF,0.0,0.0,0.0,0,0
2026-07-02,Motherwell,C. Hendry,FW,0.0,0.0,0.0,0,0
2026-07-02,Motherwell,M. Connelly,GK,0.0,0.0,0.0,0,0
2026-07-02,Motherwell,M. Booth,MF,0.0,0.0,0.0,0,0
2026-07-02,Motherwell,S. Nicholson,FW,0.0,0.0,0.0,0,0
2026-07-02,Motherwell,A. Halliday,MF,0.0,0.0,0.0,0,0
2026-07-02,Motherwell,T. Sparrow,MF,0.0,0.0,0.0,0,0
2026-07-02,Motherwell,L. Ross,FW,0.0,0.0,0.0,0,0
2026-07-02,Motor Lublin,T. Santos,DF,0.0,0.0,0.0,0,0
2026-07-02,Motor Lublin,F. Ronaldo,MF,0.0,0.0,0.0,0,0
2026-07-02,Motor Lublin,M. Król,MF,0.0,0.0,0.0,0,0
2026-07-02,Motor Lublin,R. Dadaşov,FW,0.0,0.0,0.0,0,0
2026-07-02,Motor Lublin,H. Matthys,DF,0.0,0.0,0.0,0,0
2026-07-02,Motor Lublin,P. Kukulski,GK,0.0,0.0,0.0,0,0
2026-07-02,Motor Lublin,F. Wójcik,DF,0.0,0.0,0.0,0,0
2026-07-02,Motor Lublin,P. Meyer,DF,0.0,0.0,0.0,0,0
2026-07-02,Motor Lublin,B. Ede,DF,0.0,0.0,0.0,0,0
2026-07-02,Motor Lublin,M. Scalet,MF,0.0,0.0,0.0,0,0
2026-07-02,Motor Lublin,J. Łabojko,MF,0.0,0.0,0.0,0,0
2026-07-02,Motor Lublin,K. Karasek,MF,0.0,0.0,0.0,0,0
2026-07-02,Málaga CF,R. Rodríguez,MF,0.0,0.0,0.0,0,0
2026-07-02,Málaga CF,Chupete,FW,0.0,0.0,0.0,0,0
2026-07-02,Málaga CF,R. Enríquez,MF,0.0,0.0,0.0,0,0
2026-07-02,Málaga CF,A. Ochoa,MF,0.0,0.0,0.0,0,0
2026-07-02,Málaga CF,H. Abaida,FW,0.0,0.0,0.0,0,0
2026-07-02,Málaga CF,C. Lopez,GK,0.0,0.0,0.0,0,0
2026-07-02,Málaga CF,Á. Recio,DF,0.0,0.0,0.0,0,0
2026-07-02,Málaga CF,J. Gabilondo,DF,0.0,0.0,0.0,0,0
2026-07-02,Málaga CF,F. Montero,DF,0.0,0.0,0.0,0,0
2026-07-02,Málaga CF,V. Garcia,DF,0.0,0.0,0.0,0,0
2026-07-02,Málaga CF,E. Jauregi,FW,0.0,0.0,0.0,0,0
2026-07-02,Málaga CF,J. Lobete,FW,0.0,0.0,0.0,0,0
2026-07-02,NPS Volos,I. Kyrkos,MF,0.0,0.0,0.0,0,0
2026-07-02,NPS Volos,V. Grosdis,MF,0.0,0.0,0.0,0,0
2026-07-02,NPS Volos,D. Legisi,FW,0.0,0.0,0.0,0,0
2026-07-02,NPS Volos,K. Vainopoulos,MF,0.0,0.0,0.0,0,0
2026-07-02,NPS Volos,M. Siampanis,GK,0.0,0.0,0.0,0,0
2026-07-02,NPS Volos,A. P. Gerofokoas,GK,0.0,0.0,0.0,0,0
2026-07-02,NPS Volos,H. Hermannsson,DF,0.0,0.0,0.0,0,0
2026-07-02,NPS Volos,D. Martínez,MF,0.0,0.0,0.0,0,0
2026-07-02,NPS Volos,A. Tsokanis,MF,0.0,0.0,0.0,0,0
2026-07-02,Nacional,M. Silvera,FW,0.0,0.0,0.0,0,0
2026-07-02,Nacional,T. V. Lupi,FW,0.0,0.0,0.0,0,0
2026-07-02,Nacional,J. De los Santos,FW,0.0,0.0,0.0,0,0
2026-07-02,Nacional,L. Gonzalez,MF,0.0,0.0,0.0,0,0
2026-07-02,Nacional,I. Suárez,GK,0.0,0.0,0.0,0,0
2026-07-02,Nacional,N. Rodríguez,DF,0.0,0.0,0.0,0,0
2026-07-02,Nacional,T. Viera,DF,0.0,0.0,0.0,0,0
2026-07-02,Nacional,P. Calione,DF,0.0,0.0,0.0,0,0
2026-07-02,Nacional,M. Vera,MF,0.0,0.0,0.0,0,0
2026-07-02,Nacional,P. Núñez,FW,0.0,0.0,0.0,0,0
2026-07-02,Nacional,K. Martínez,FW,0.0,0.0,0.0,0,0
2026-07-02,Nagoya Grampus,H. Koda,MF,0.0,0.0,0.0,0,0
2026-07-02,Nagoya Grampus,K. Sakakibara,FW,0.0,0.0,0.0,0,0
2026-07-02,Nagoya Grampus,Y. Sato,DF,0.0,0.0,0.0,0,0
2026-07-02,Nagoya Grampus,Y. Kimura,FW,0.0,0.0,0.0,0,0
2026-07-02,Nagoya Grampus,A. Kawazura,DF,0.0,0.0,0.0,0,0
2026-07-02,Nagoya Grampus,H. Hagi,GK,0.0,0.0,0.0,0,0
2026-07-02,Nagoya Grampus,H. Kubo,DF,0.0,0.0,0.0,0,0
2026-07-02,Nagoya Grampus,H. Suzuki,MF,0.0,0.0,0.0,0,0
2026-07-02,Nagoya Grampus,T. Uchida,MF,0.0,0.0,0.0,0,0
2026-07-02,Nagoya Grampus,Y. Nogami,DF,0.0,0.0,0.0,0,0
2026-07-02,Nagoya Grampus,M. Ono,MF,0.0,0.0,0.0,0,0
2026-07-02,Nagoya Grampus,A. Pisano,GK,0.0,0.0,0.0,0,0
2026-07-02,Nagoya Grampus,K. Mikuni,DF,0.0,0.0,0.0,0,0
2026-07-02,Nagoya Grampus,S. Sugiura,FW,0.0,0.0,0.0,0,0
2026-07-02,Nagoya Grampus,T. Kikuchi,MF,0.0,0.0,0.0,0,0
2026-07-02,Nantes,A. Yusuf,DF,0.0,0.0,0.0,0,0
2026-07-02,Nantes,L. Leroux,MF,0.0,0.0,0.0,0,0
2026-07-02,Nantes,M. Mohamed,FW,0.0,0.0,0.0,0,0
2026-07-02,Nantes,Y. E. Arabi,FW,0.0,0.0,0.0,0,0
2026-07-02,Nantes,D. Tabibou,MF,0.0,0.0,0.0,0,0
2026-07-02,Nantes,P. Carlgren,GK,0.0,0.0,0.0,0,0
2026-07-02,Nantes,S. Doucoure,DF,0.0,0.0,0.0,0,0
2026-07-02,Nantes,R. Cabella,MF,0.0,0.0,0.0,0,0
2026-07-02,Nantes,B. Guirassy,FW,0.0,0.0,0.0,0,0
2026-07-02,Nasarawa United,O. Johnson,FW,0.0,0.0,0.0,0,0
2026-07-02,Nasarawa United,I. Ajiya,DF,0.0,0.0,0.0,0,0
2026-07-02,Nasarawa United,M. Hassan,MF,0.0,0.0,0.0,0,0
2026-07-02,Nasarawa United,I. Okechukwu,MF,0.0,0.0,0.0,0,0
2026-07-02,Nasarawa United,J. John,MF,0.0,0.0,0.0,0,0
2026-07-02,Nasarawa United,J. Oladeji,MF,0.0,0.0,0.0,0,0
2026-07-02,Nasarawa United,A. Nwadioha,MF,0.0,0.0,0.0,0,0
2026-07-02,Nasarawa United,S. Dauda,MF,0.0,0.0,0.0,0,0
2026-07-02,Nashville SC,S. Mohammed,MF,0.0,0.0,0.0,0,0
2026-07-02,Nashville SC,C. Brunet,MF,0.0,0.0,0.0,0,0
2026-07-02,Nashville SC,W. Madrigal,FW,0.0,0.0,0.0,0,0
2026-07-02,Nashville SC,M. Woledzi,DF,0.0,0.0,0.0,0,0
2026-07-02,Nashville SC,R. Baker-Whiting,DF,0.0,0.0,0.0,0,0
2026-07-02,Nashville SC,W. Pacius,FW,0.0,0.0,0.0,0,0
2026-07-02,Nashville SC,J. Willis,GK,0.0,0.0,0.0,0,0
2026-07-02,Nashville SC,J. Knight,DF,0.0,0.0,0.0,0,0
2026-07-02,Nashville SC,J. Bauer,DF,0.0,0.0,0.0,0,0
2026-07-02,New England Revolution,D. Fagúndez,MF,0.0,0.0,0.0,0,0
2026-07-02,New England Revolution,M. Polster,MF,0.0,0.0,0.0,0,0
2026-07-02,New England Revolution,T. Beason,DF,0.0,0.0,0.0,0,0
2026-07-02,New England Revolution,D. Parisian,GK,0.0,0.0,0.0,0,0
2026-07-02,New England Revolution,B. Ceballos,DF,0.0,0.0,0.0,0,0
2026-07-02,New England Revolution,A. Farrell,DF,0.0,0.0,0.0,0,0
2026-07-02,New England Revolution,J. Yueill,MF,0.0,0.0,0.0,0,0
2026-07-02,New England Revolution,M. Fry,FW,0.0,0.0,0.0,0,0
2026-07-02,New England Revolution,M. Zambrano,FW,0.0,0.0,0.0,0,0
2026-07-02,New Mexico United,J. Rennicks,FW,0.0,0.0,0.0,0,0
2026-07-02,New Mexico United,G. Zelalem,MF,0.0,0.0,0.0,0,0
2026-07-02,New Mexico United,L. Archimede,FW,0.0,0.0,0.0,0,0
2026-07-02,New Mexico United,W. Seymore,DF,0.0,0.0,0.0,0,0
2026-07-02,New Mexico United,C. Wilkerson,MF,0.0,0.0,0.0,0,0
2026-07-02,New Mexico United,R. Arozarena,GK,0.0,0.0,0.0,0,0
2026-07-02,New Mexico United,T. Wente,GK,0.0,0.0,0.0,0,0
2026-07-02,New Mexico United,M. Vargas,FW,0.0,0.0,0.0,0,0
2026-07-02,New Mexico United,G. Gilchrist,DF,0.0,0.0,0.0,0,0
2026-07-02,New Mexico United,C. Gloster,DF,0.0,0.0,0.0,0,0
2026-07-02,New Mexico United,K. Shakes,GK,0.0,0.0,0.0,0,0
2026-07-02,New York City FC,A. Perea,MF,0.0,0.0,0.0,0,0
2026-07-02,New York City FC,K. Parks,MF,0.0,0.0,0.0,0,0
2026-07-02,New York City FC,H. Wolf,FW,0.0,0.0,0.0,0,0
2026-07-02,New York City FC,J. Shore,MF,0.0,0.0,0.0,0,0
2026-07-02,New York City FC,S. Garfield-Reid,FW,0.0,0.0,0.0,0,0
2026-07-02,New York City FC,T. Romero,GK,0.0,0.0,0.0,0,0
2026-07-02,New York City FC,M. Carrizo,MF,0.0,0.0,0.0,0,0
2026-07-02,New York City FC,A. Farnos,FW,0.0,0.0,0.0,0,0
2026-07-02,New York Red Bulls,E. M. Choupo-Moting,FW,0.0,0.0,0.0,0,0
2026-07-02,New York Red Bulls,G. Berggren,MF,0.0,0.0,0.0,0,0
2026-07-02,New York Red Bulls,O. Valencia,DF,0.0,0.0,0.0,0,0
2026-07-02,New York Red Bulls,R. Mosquera,FW,0.0,0.0,0.0,0,0
2026-07-02,New York Red Bulls,J. Che,DF,0.0,0.0,0.0,0,0
2026-07-02,New York Red Bulls,J. McCarthy,GK,0.0,0.0,0.0,0,0
2026-07-02,New York Red Bulls,J. Marshall-Rutty,DF,0.0,0.0,0.0,0,0
2026-07-02,New York Red Bulls,M. Sofo,FW,0.0,0.0,0.0,0,0
2026-07-02,Newcastle United,J. Ramsey,MF,0.0,0.0,0.0,0,0
2026-07-02,Newcastle United,H. Barnes,MF,0.0,0.0,0.0,0,0
2026-07-02,Newcastle United,Y. Wissa,FW,0.0,0.0,0.0,0,0
2026-07-02,Newcastle United,K. Trippier,DF,0.0,0.0,0.0,0,0
2026-07-02,Newcastle United,A. Ramsdale,GK,0.0,0.0,0.0,0,0
2026-07-02,Newcastle United,A. Murphy,DF,0.0,0.0,0.0,0,0
2026-07-02,Newcastle United,J. Willock,MF,0.0,0.0,0.0,0,0
2026-07-02,Newcastle United,A. Gordon,FW,0.0,0.0,0.0,0,0
2026-07-02,Newcastle United,A. Elanga,FW,0.0,0.0,0.0,0,0
2026-07-02,Niger Tornadoes,M. Nelson,MF,0.0,0.0,0.0,0,0
2026-07-02,Niger Tornadoes,G. Joseph,MF,0.0,0.0,0.0,0,0
2026-07-02,Niger Tornadoes,R. Mendos,FW,0.0,0.0,0.0,0,0
2026-07-02,Niger Tornadoes,T. Lawal,FW,0.0,0.0,0.0,0,0
2026-07-02,Niger Tornadoes,B. Usman,FW,0.0,0.0,0.0,0,0
2026-07-02,Niger Tornadoes,G. John,DF,0.0,0.0,0.0,0,0
2026-07-02,Niger Tornadoes,A. Suleiman,MF,0.0,0.0,0.0,0,0
2026-07-02,Niger Tornadoes,I. Okoye,MF,0.0,0.0,0.0,0,0
2026-07-02,Nottingham Forest,N. Milenković,DF,0.0,0.0,0.0,0,0
2026-07-02,Nottingham Forest,E. Anderson,MF,0.0,0.0,0.0,0,0
2026-07-02,Nottingham Forest,M. Gibbs-White,MF,0.0,0.0,0.0,0,0
2026-07-02,Nottingham Forest,C. Wood,FW,0.0,0.0,0.0,0,0
2026-07-02,Nottingham Forest,O. Hutchinson,FW,0.0,0.0,0.0,0,0
2026-07-02,Nottingham Forest,S. Ortega,GK,0.0,0.0,0.0,0,0
2026-07-02,Nottingham Forest,E. d. S. Moreira,FW,0.0,0.0,0.0,0,0
2026-07-02,Nottingham Forest,L. Lucca,FW,0.0,0.0,0.0,0,0
2026-07-02,Nottingham Forest,R. Yates,MF,0.0,0.0,0.0,0,0
2026-07-02,Nottingham Forest,D. Bakwa,FW,0.0,0.0,0.0,0,0
2026-07-02,Nottingham Forest,Murillo,DF,0.0,0.0,0.0,0,0
2026-07-02,Nottingham Forest,J. Sinclair,MF,0.0,0.0,0.0,0,0
2026-07-02,Nottingham Forest,M. Sels,GK,0.0,0.0,0.0,0,0
2026-07-02,Nottingham Forest,K. Willows,GK,0.0,0.0,0.0,0,0
2026-07-02,Nottingham Forest,J. Hanks,DF,0.0,0.0,0.0,0,0
2026-07-02,Nottingham Forest,I. Sangaré,MF,0.0,0.0,0.0,0,0
2026-07-02,Nottingham Forest,D. Ndoye,FW,0.0,0.0,0.0,0,0
2026-07-02,Nottingham Forest,A. Whitehall,MF,0.0,0.0,0.0,0,0
2026-07-02,Nottingham Forest,J. McAtee,MF,0.0,0.0,0.0,0,0
2026-07-02,O'Higgins,T. Vecino,FW,0.0,0.0,0.0,0,0
2026-07-02,O'Higgins,J. Peña,GK,0.0,0.0,0.0,0,0
2026-07-02,O'Higgins,J. Movillo,DF,0.0,0.0,0.0,0,0
2026-07-02,O'Higgins,B. Rojas,DF,0.0,0.0,0.0,0,0
2026-07-02,O'Higgins,A. Robledo,DF,0.0,0.0,0.0,0,0
2026-07-02,O'Higgins,M. Maturana,MF,0.0,0.0,0.0,0,0
2026-07-02,O'Higgins,R. Godoy,FW,0.0,0.0,0.0,0,0
2026-07-02,O'Higgins,G. Pinto,MF,0.0,0.0,0.0,0,0
2026-07-02,O'Higgins,B. Schamine,MF,0.0,0.0,0.0,0,0
2026-07-02,O'Higgins,B. Yáñez,FW,0.0,0.0,0.0,0,0
2026-07-02,O'Higgins,E. Moreira,FW,0.0,0.0,0.0,0,0
2026-07-02,OFI Crete,A. Leya Iseka,FW,0.0,0.0,0.0,0,0
2026-07-02,OFI Crete,J. A. Neira,FW,0.0,0.0,0.0,0,0
2026-07-02,OFI Crete,G. Theodosoulakis,FW,0.0,0.0,0.0,0,0
2026-07-02,OFI Crete,F. Bainović,MF,0.0,0.0,0.0,0,0
2026-07-02,OFI Crete,T. Romano,MF,0.0,0.0,0.0,0,0
2026-07-02,OFI Crete,M. Kalafatis,GK,0.0,0.0,0.0,0,0
2026-07-02,OFI Crete,P. Katsikas,GK,0.0,0.0,0.0,0,0
2026-07-02,OFI Crete,I. Chatzitheodoridis,DF,0.0,0.0,0.0,0,0
2026-07-02,OFI Crete,A. Poungouras,DF,0.0,0.0,0.0,0,0
2026-07-02,OFI Crete,N. Marinakis,DF,0.0,0.0,0.0,0,0
2026-07-02,OFI Crete,P. Kenourgiakis,DF,0.0,0.0,0.0,0,0
2026-07-02,OFI Crete,G. Apostolakis,MF,0.0,0.0,0.0,0,0
2026-07-02,Oakland Roots SC,F. Valot,MF,0.0,0.0,0.0,0,0
2026-07-02,Oakland Roots SC,T. Lepley,MF,0.0,0.0,0.0,0,0
2026-07-02,Oakland Roots SC,D. Trejo,FW,0.0,0.0,0.0,0,0
2026-07-02,Oakland Roots SC,T. Gibson,MF,0.0,0.0,0.0,0,0
2026-07-02,Oakland Roots SC,J. Kiil,FW,0.0,0.0,0.0,0,0
2026-07-02,Oakland Roots SC,K. Mcintosh,GK,0.0,0.0,0.0,0,0
2026-07-02,Oakland Roots SC,A. Elmasnaouy,MF,0.0,0.0,0.0,0,0
2026-07-02,Oakland Roots SC,B. Roberson,FW,0.0,0.0,0.0,0,0
2026-07-02,Olimpia,A. Silva,FW,0.0,0.0,0.0,0,0
2026-07-02,Olimpia,L. Morales,GK,0.0,0.0,0.0,0,0
2026-07-02,Olimpia,R. Pérez,MF,0.0,0.0,0.0,0,0
2026-07-02,Olimpia,R. Lezcano,MF,0.0,0.0,0.0,0,0
2026-07-02,Olimpia,T. Caballero,FW,0.0,0.0,0.0,0,0
2026-07-02,Olimpia,A. Franco,MF,0.0,0.0,0.0,0,0
2026-07-02,Olimpia,I. Leguizamon,MF,0.0,0.0,0.0,0,0
2026-07-02,Olimpia,S. Lentinelly,GK,0.0,0.0,0.0,0,0
2026-07-02,Olimpia,A. Chalá,DF,0.0,0.0,0.0,0,0
2026-07-02,Olimpia,L. Ramírez,DF,0.0,0.0,0.0,0,0
2026-07-02,Olimpia,L. Abreu,MF,0.0,0.0,0.0,0,0
2026-07-02,Olimpia,S. Ferreira,FW,0.0,0.0,0.0,0,0
2026-07-02,Olympiacos FC,C. Mouzakitis,MF,0.0,0.0,0.0,0,0
2026-07-02,Olympiacos FC,D. Podence,FW,0.0,0.0,0.0,0,0
2026-07-02,Olympiacos FC,André Luiz,FW,0.0,0.0,0.0,0,0
2026-07-02,Olympiacos FC,G. Biancone,DF,0.0,0.0,0.0,0,0
2026-07-02,Olympiacos FC,M. Taremi,FW,0.0,0.0,0.0,0,0
2026-07-02,Olympiacos FC,A. Paschalakis,GK,0.0,0.0,0.0,0,0
2026-07-02,Olympiacos FC,G. Kouraklis,GK,0.0,0.0,0.0,0,0
2026-07-02,Olympiacos FC,A. Kalogeropoulos,DF,0.0,0.0,0.0,0,0
2026-07-02,Olympiacos FC,R. Vezo,DF,0.0,0.0,0.0,0,0
2026-07-02,Olympiacos FC,Y. Yazıcı,FW,0.0,0.0,0.0,0,0
2026-07-02,Olympiacos FC,D. Nascimento,MF,0.0,0.0,0.0,0,0
2026-07-02,Olympiacos FC,L. Scipioni,MF,0.0,0.0,0.0,0,0
2026-07-02,Olympic FC,H. Yoo,MF,0.0,0.0,0.0,0,0
2026-07-02,Olympic FC,D. Gorrel,MF,0.0,0.0,0.0,0,0
2026-07-02,Olympic FC,J. Hansen ,DF,0.0,0.0,0.0,0,0
2026-07-02,Olympic FC,H. Slater,FW,0.0,0.0,0.0,0,0
2026-07-02,Olympic FC,L. Duke,GK,0.0,0.0,0.0,0,0
2026-07-02,Olympic FC,R. Scott,DF,0.0,0.0,0.0,0,0
2026-07-02,Olympic Safi,A. Habbassi,MF,0.0,0.0,0.0,0,0
2026-07-02,Olympic Safi,A. Eddaou,DF,0.0,0.0,0.0,0,0
2026-07-02,Olympic Safi,M. Elaz,FW,0.0,0.0,0.0,0,0
2026-07-02,Olympic Safi,H. Hamiani,GK,0.0,0.0,0.0,0,0
2026-07-02,Olympic Safi,Y. Kordani,DF,0.0,0.0,0.0,0,0
2026-07-02,Olympic Safi,W. Atik,DF,0.0,0.0,0.0,0,0
2026-07-02,Olympic Safi,M. Chemlal,MF,0.0,0.0,0.0,0,0
2026-07-02,Olympic Safi,A. E. Houari,MF,0.0,0.0,0.0,0,0
2026-07-02,Olympic Safi,A. Ouhatti,MF,0.0,0.0,0.0,0,0
2026-07-02,Olympic Safi,Y. Najari,FW,0.0,0.0,0.0,0,0
2026-07-02,Olympic Safi,Y. E. Motie,GK,0.0,0.0,0.0,0,0
2026-07-02,Olympic Safi,A. Soufeir,DF,0.0,0.0,0.0,0,0
2026-07-02,Olympique Béja,C. Smaoui,GK,0.0,0.0,0.0,0,0
2026-07-02,Olympique Béja,H. Houiji,MF,0.0,0.0,0.0,0,0
2026-07-02,Olympique Béja,B. Cherni,FW,0.0,0.0,0.0,0,0
2026-07-02,Olympique Béja,H. Gafsi,FW,0.0,0.0,0.0,0,0
2026-07-02,Olympique Béja,M. H. Hadouchi,FW,0.0,0.0,0.0,0,0
2026-07-02,Olympique Béja,H. Mbarek,FW,0.0,0.0,0.0,0,0
2026-07-02,Olympique Béja,F. Mahdhaoui,MF,0.0,0.0,0.0,0,0
2026-07-02,Olympique Béja,M. A. Marzouki,DF,0.0,0.0,0.0,0,0
2026-07-02,Olympique Béja,K. B. Oueda,DF,0.0,0.0,0.0,0,0
2026-07-02,Olympique Béja,I. Haboubi,MF,0.0,0.0,0.0,0,0
2026-07-02,Olympique Béja,E. Dhaoui,MF,0.0,0.0,0.0,0,0
2026-07-02,Olympique Béja,B. Hasni,FW,0.0,0.0,0.0,0,0
2026-07-02,Olympique Béja,N. Keita,FW,0.0,0.0,0.0,0,0
2026-07-02,Olympique Dcheira,M. Habbali,MF,0.0,0.0,0.0,0,0
2026-07-02,Olympique Dcheira,A. Aghou,FW,0.0,0.0,0.0,0,0
2026-07-02,Olympique Dcheira,M. Hamdi,MF,0.0,0.0,0.0,0,0
2026-07-02,Olympique Dcheira,M. Abba,FW,0.0,0.0,0.0,0,0
2026-07-02,Olympique Dcheira,H. I. Said,GK,0.0,0.0,0.0,0,0
2026-07-02,Olympique Dcheira,Y. Boughaz,DF,0.0,0.0,0.0,0,0
2026-07-02,Olympique Dcheira,M. Boumlik,DF,0.0,0.0,0.0,0,0
2026-07-02,Olympique Dcheira,I. Soubai,DF,0.0,0.0,0.0,0,0
2026-07-02,Olympique Dcheira,Y. Fahmi,MF,0.0,0.0,0.0,0,0
2026-07-02,Olympique Dcheira,Y. Jabrane,MF,0.0,0.0,0.0,0,0
2026-07-02,Olympique Dcheira,R. Abardi,FW,0.0,0.0,0.0,0,0
2026-07-02,Olympique Dcheira,R. Oubidar,MF,0.0,0.0,0.0,0,0
2026-07-02,Olympique Dcheira,T. Kotobi,GK,0.0,0.0,0.0,0,0
2026-07-02,Olympique Dcheira,H. J. Allah,DF,0.0,0.0,0.0,0,0
2026-07-02,Olympique Lyonnais,P. Šulc,MF,0.0,0.0,0.0,0,0
2026-07-02,Olympique Lyonnais,R. Kluivert,DF,0.0,0.0,0.0,0,0
2026-07-02,Olympique Lyonnais,M. d. Carvalho,MF,0.0,0.0,0.0,0,0
2026-07-02,Olympique Lyonnais,E. Nuamah,FW,0.0,0.0,0.0,0,0
2026-07-02,Olympique Lyonnais,N. Nartey,MF,0.0,0.0,0.0,0,0
2026-07-02,Olympique Lyonnais,R. Descamps,GK,0.0,0.0,0.0,0,0
2026-07-02,Olympique Lyonnais,N. Tagliafico,DF,0.0,0.0,0.0,0,0
2026-07-02,Olympique Lyonnais,M. Fofana,FW,0.0,0.0,0.0,0,0
2026-07-02,Olympique Lyonnais,A. Karabec,MF,0.0,0.0,0.0,0,0
2026-07-02,Operário-PR,M. Trindade,MF,0.0,0.0,0.0,0,0
2026-07-02,Operário-PR,F. Augusto,FW,0.0,0.0,0.0,0,0
2026-07-02,Operário-PR,P. Vilhena,MF,0.0,0.0,0.0,0,0
2026-07-02,Operário-PR,N. Paraíba,DF,0.0,0.0,0.0,0,0
2026-07-02,Operário-PR,C. Dantas,FW,0.0,0.0,0.0,0,0
2026-07-02,Operário-PR,Elias,GK,0.0,0.0,0.0,0,0
2026-07-02,Operário-PR,G. Feliciano,DF,0.0,0.0,0.0,0,0
2026-07-02,Operário-PR,A. Simplicio,DF,0.0,0.0,0.0,0,0
2026-07-02,Operário-PR,Maguinho,DF,0.0,0.0,0.0,0,0
2026-07-02,Operário-PR,J. P. Torres,DF,0.0,0.0,0.0,0,0
2026-07-02,Operário-PR,Charles,MF,0.0,0.0,0.0,0,0
2026-07-02,Operário-PR,E. Torres,FW,0.0,0.0,0.0,0,0
2026-07-02,Operário-PR,Pablo,FW,0.0,0.0,0.0,0,0
2026-07-02,Operário-PR,Miranda,DF,0.0,0.0,0.0,0,0
2026-07-02,Orange County SC,C. Hegardt,MF,0.0,0.0,0.0,0,0
2026-07-02,Orange County SC,Y. Bazini,FW,0.0,0.0,0.0,0,0
2026-07-02,Orange County SC,B. Cambridge,FW,0.0,0.0,0.0,0,0
2026-07-02,Orange County SC,T. Espy,DF,0.0,0.0,0.0,0,0
2026-07-02,Orange County SC,T. Kadono,GK,0.0,0.0,0.0,0,0
2026-07-02,Orange County SC,G. Doody,DF,0.0,0.0,0.0,0,0
2026-07-02,Orange County SC,J. Johnson,FW,0.0,0.0,0.0,0,0
2026-07-02,Orange County SC,E. Solis,MF,0.0,0.0,0.0,0,0
2026-07-02,Orange County SC,L. MacKinnon,FW,0.0,0.0,0.0,0,0
2026-07-02,Orange County SC,N. Ciotta,DF,0.0,0.0,0.0,0,0
2026-07-02,Orange County SC,A. Marinch,FW,0.0,0.0,0.0,0,0
2026-07-02,Orange County SC,O. Kurnik,MF,0.0,0.0,0.0,0,0
2026-07-02,Orlando City SC,J. Otero,GK,0.0,0.0,0.0,0,0
2026-07-02,Orlando City SC,D. McGuire,FW,0.0,0.0,0.0,0,0
2026-07-02,Orlando City SC,D. Brekalo,DF,0.0,0.0,0.0,0,0
2026-07-02,Orlando City SC,Z. Taifi,MF,0.0,0.0,0.0,0,0
2026-07-02,Orlando City SC,T. Souza,FW,0.0,0.0,0.0,0,0
2026-07-02,Orlando City SC,T. Reid-Brown,DF,0.0,0.0,0.0,0,0
2026-07-02,Orlando City SC,H. Sarajian,FW,0.0,0.0,0.0,0,0
2026-07-02,Orlando City SC,W. Cartagena,MF,0.0,0.0,0.0,0,0
2026-07-02,Orlando City SC,L. Otávio,MF,0.0,0.0,0.0,0,0
2026-07-02,Osasuna,A. Fernández,GK,0.0,0.0,0.0,0,0
2026-07-02,Osasuna,L. Torró,MF,0.0,0.0,0.0,0,0
2026-07-02,Osasuna,R. García,FW,0.0,0.0,0.0,0,0
2026-07-02,Osasuna,I. Benito,FW,0.0,0.0,0.0,0,0
2026-07-02,Osasuna,A. Osambela,MF,0.0,0.0,0.0,0,0
2026-07-02,Osasuna,J. Galán,DF,0.0,0.0,0.0,0,0
2026-07-02,Osasuna,J. Herrando,DF,0.0,0.0,0.0,0,0
2026-07-02,Osasuna,I. Arguibide,DF,0.0,0.0,0.0,0,0
2026-07-02,Osasuna,C. Juan,DF,0.0,0.0,0.0,0,0
2026-07-02,Osasuna,K. Barja,FW,0.0,0.0,0.0,0,0
2026-07-02,Oud-Heverlee Leuven,W. Balikwisha,FW,0.0,0.0,0.0,0,0
2026-07-02,Oud-Heverlee Leuven,C. Ikwuemesi,FW,0.0,0.0,0.0,0,0
2026-07-02,Oud-Heverlee Leuven,S. Schrijvers,MF,0.0,0.0,0.0,0,0
2026-07-02,Oud-Heverlee Leuven,M. Maertens,MF,0.0,0.0,0.0,0,0
2026-07-02,Oud-Heverlee Leuven,B. Kayo,MF,0.0,0.0,0.0,0,0
2026-07-02,Oud-Heverlee Leuven,M. Prévot,GK,0.0,0.0,0.0,0,0
2026-07-02,Oud-Heverlee Leuven,O. Jochmans,GK,0.0,0.0,0.0,0,0
2026-07-02,Oud-Heverlee Leuven,T. Ominami,DF,0.0,0.0,0.0,0,0
2026-07-02,Oud-Heverlee Leuven,H. Bulut,MF,0.0,0.0,0.0,0,0
2026-07-02,PAOK,M. Ozdoev,MF,0.0,0.0,0.0,0,0
2026-07-02,PAOK,D. Pelkas,MF,0.0,0.0,0.0,0,0
2026-07-02,PAOK,L. Ivanušec,FW,0.0,0.0,0.0,0,0
2026-07-02,PAOK,A. Mythou,FW,0.0,0.0,0.0,0,0
2026-07-02,PAOK,A. Bianco,MF,0.0,0.0,0.0,0,0
2026-07-02,PAOK,A. Tsiftsis,GK,0.0,0.0,0.0,0,0
2026-07-02,PAOK,D. Monastirlis,GK,0.0,0.0,0.0,0,0
2026-07-02,PAOK,A. Vogliacco,DF,0.0,0.0,0.0,0,0
2026-07-02,PAOK,J. Sastre,DF,0.0,0.0,0.0,0,0
2026-07-02,PAOK,G. Taylor,DF,0.0,0.0,0.0,0,0
2026-07-02,PAOK,D. Bataoulas,DF,0.0,0.0,0.0,0,0
2026-07-02,PEC Zwolle,N. Fichtinger,MF,0.0,0.0,0.0,0,0
2026-07-02,PEC Zwolle,J. Monteiro,MF,0.0,0.0,0.0,0,0
2026-07-02,PEC Zwolle,T. Velthuis,DF,0.0,0.0,0.0,0,0
2026-07-02,PEC Zwolle,D. Verduin,GK,0.0,0.0,0.0,0,0
2026-07-02,PEC Zwolle,L. Bakker,GK,0.0,0.0,0.0,0,0
2026-07-02,PEC Zwolle,T. Gooijer,DF,0.0,0.0,0.0,0,0
2026-07-02,PEC Zwolle,R. Kroeze,DF,0.0,0.0,0.0,0,0
2026-07-02,PEC Zwolle,D. Ruward,DF,0.0,0.0,0.0,0,0
2026-07-02,PEC Zwolle,G. Reiziger,MF,0.0,0.0,0.0,0,0
2026-07-02,PEC Zwolle,T. Buitink,FW,0.0,0.0,0.0,0,0
2026-07-02,PFK Montana 1921,A. Tungarov,MF,0.0,0.0,0.0,0,0
2026-07-02,PFK Montana 1921,I. B. Muhammad,FW,0.0,0.0,0.0,0,0
2026-07-02,PFK Montana 1921,V. Simeonov,GK,0.0,0.0,0.0,0,0
2026-07-02,PFK Montana 1921,C. Acheampong,DF,0.0,0.0,0.0,0,0
2026-07-02,PFK Montana 1921,P. Atanasov,MF,0.0,0.0,0.0,0,0
2026-07-02,PFK Montana 1921,I. Kokonov,MF,0.0,0.0,0.0,0,0
2026-07-02,PFK Montana 1921,V. Tsekov,FW,0.0,0.0,0.0,0,0
2026-07-02,PFK Montana 1921,R. Slavchev,FW,0.0,0.0,0.0,0,0
2026-07-02,PFK Montana 1921,P. Ejike,FW,0.0,0.0,0.0,0,0
2026-07-02,Palestino,G. Tapia,FW,0.0,0.0,0.0,0,0
2026-07-02,Palestino,A. Gómez,FW,0.0,0.0,0.0,0,0
2026-07-02,Palestino,J. León,DF,0.0,0.0,0.0,0,0
2026-07-02,Palestino,M. Araya,FW,0.0,0.0,0.0,0,0
2026-07-02,Palestino,S. Salas,GK,0.0,0.0,0.0,0,0
2026-07-02,Palestino,A. Ceza,DF,0.0,0.0,0.0,0,0
2026-07-02,Palestino,J. Bizama,DF,0.0,0.0,0.0,0,0
2026-07-02,Palestino,J. Fernández,MF,0.0,0.0,0.0,0,0
2026-07-02,Palestino,I. Alegría,FW,0.0,0.0,0.0,0,0
2026-07-02,Palestino,D. Salgado,FW,0.0,0.0,0.0,0,0
2026-07-02,Palmeiras,Paulinho,FW,0.0,0.0,0.0,0,0
2026-07-02,Palmeiras,Jefté,DF,0.0,0.0,0.0,0,0
2026-07-02,Palmeiras,F. Anderson,MF,0.0,0.0,0.0,0,0
2026-07-02,Palmeiras,L. Evangelista,MF,0.0,0.0,0.0,0,0
2026-07-02,Palmeiras,E. Martínez,MF,0.0,0.0,0.0,0,0
2026-07-02,Palmeiras,M. Lomba,GK,0.0,0.0,0.0,0,0
2026-07-02,Palmeiras,Khellven,DF,0.0,0.0,0.0,0,0
2026-07-02,Palmeiras,B. Fuchs,DF,0.0,0.0,0.0,0,0
2026-07-02,Palmeiras,L. Benedetti,DF,0.0,0.0,0.0,0,0
2026-07-02,Palmeiras,Mauricio,MF,0.0,0.0,0.0,0,0
2026-07-02,Palmeiras,L. F. Pacheco,MF,0.0,0.0,0.0,0,0
2026-07-02,Palmeiras,E. Belé,MF,0.0,0.0,0.0,0,0
2026-07-02,Panathinaikos FC,F. Pellistri,MF,0.0,0.0,0.0,0,0
2026-07-02,Panathinaikos FC,T. Bakasetas,MF,0.0,0.0,0.0,0,0
2026-07-02,Panathinaikos FC,A. Zaroury,FW,0.0,0.0,0.0,0,0
2026-07-02,Panathinaikos FC,M. Pantović,MF,0.0,0.0,0.0,0,0
2026-07-02,Panathinaikos FC,K. Kotsaris,GK,0.0,0.0,0.0,0,0
2026-07-02,Panathinaikos FC,L. Cháves,GK,0.0,0.0,0.0,0,0
2026-07-02,Panathinaikos FC,A. Touba,DF,0.0,0.0,0.0,0,0
2026-07-02,Panathinaikos FC,A. Jagušić,MF,0.0,0.0,0.0,0,0
2026-07-02,Panathinaikos FC,P. Pantelidis,FW,0.0,0.0,0.0,0,0
2026-07-02,Panathinaikos FC,P. Chirivella,MF,0.0,0.0,0.0,0,0
2026-07-02,Panathinaikos FC,K. Świderski,FW,0.0,0.0,0.0,0,0
2026-07-02,Paris FC,M. López,MF,0.0,0.0,0.0,0,0
2026-07-02,Paris FC,L. Koleosho,FW,0.0,0.0,0.0,0,0
2026-07-02,Paris FC,V. Marchetti,MF,0.0,0.0,0.0,0,0
2026-07-02,Paris FC,C. Immobile,FW,0.0,0.0,0.0,0,0
2026-07-02,Paris FC,T. Ollila,DF,0.0,0.0,0.0,0,0
2026-07-02,Paris FC,O. Nkambadio,GK,0.0,0.0,0.0,0,0
2026-07-02,Paris FC,A. Gory,FW,0.0,0.0,0.0,0,0
2026-07-02,Paris Saint-Germain,B. Barcola,FW,0.0,0.0,0.0,0,0
2026-07-02,Paris Saint-Germain,L. Beraldo,DF,0.0,0.0,0.0,0,0
2026-07-02,Paris Saint-Germain,L. Hernández,DF,0.0,0.0,0.0,0,0
2026-07-02,Paris Saint-Germain,S. Mayulu,MF,0.0,0.0,0.0,0,0
2026-07-02,Paris Saint-Germain,B. Laurendon,GK,0.0,0.0,0.0,0,0
2026-07-02,Paris Saint-Germain,R. B. Marin,GK,0.0,0.0,0.0,0,0
2026-07-02,Paris Saint-Germain,A. Vignaud,GK,0.0,0.0,0.0,0,0
2026-07-02,Paris Saint-Germain,I. Zabarnyi,DF,0.0,0.0,0.0,0,0
2026-07-02,Paris Saint-Germain,K. Lee,MF,0.0,0.0,0.0,0,0
2026-07-02,Paris Saint-Germain,G. Ramos,FW,0.0,0.0,0.0,0,0
2026-07-02,Paris Saint-Germain,I. Mbaye,FW,0.0,0.0,0.0,0,0
2026-07-02,Parma,C. Ordoñez,MF,0.0,0.0,0.0,0,0
2026-07-02,Parma,N. Elphege,FW,0.0,0.0,0.0,0,0
2026-07-02,Parma,O. Sørensen,MF,0.0,0.0,0.0,0,0
2026-07-02,Parma,P. Almqvist,FW,0.0,0.0,0.0,0,0
2026-07-02,Parma,F. Carboni,DF,0.0,0.0,0.0,0,0
2026-07-02,Parma,E. Corvi,GK,0.0,0.0,0.0,0,0
2026-07-02,Parma,F. Rinaldi,GK,0.0,0.0,0.0,0,0
2026-07-02,Parma,S. Britschgi,DF,0.0,0.0,0.0,0,0
2026-07-02,Parma,L. Valenti,DF,0.0,0.0,0.0,0,0
2026-07-02,Parma,G. Oristanio,MF,0.0,0.0,0.0,0,0
2026-07-02,Parma,N. Estévez,MF,0.0,0.0,0.0,0,0
2026-07-02,Parma,J. Ondrejka,FW,0.0,0.0,0.0,0,0
2026-07-02,Peninsula Power,I. Ozzi,FW,0.0,0.0,0.0,0,0
2026-07-02,Peninsula Power,D. Driver,DF,0.0,0.0,0.0,0,0
2026-07-02,Peninsula Power,S. Stokes,MF,0.0,0.0,0.0,0,0
2026-07-02,Peninsula Power,S. Weldemariam,FW,0.0,0.0,0.0,0,0
2026-07-02,Peninsula Power,J. Maloney,GK,0.0,0.0,0.0,0,0
2026-07-02,Peñarol,D. Laxalt,DF,0.0,0.0,0.0,0,0
2026-07-02,Peñarol,G. Togni,FW,0.0,0.0,0.0,0,0
2026-07-02,Peñarol,A. Hernández,FW,0.0,0.0,0.0,0,0
2026-07-02,Peñarol,S. Britos,GK,0.0,0.0,0.0,0,0
2026-07-02,Peñarol,K. Rodríguez,DF,0.0,0.0,0.0,0,0
2026-07-02,Peñarol,B. Barboza,DF,0.0,0.0,0.0,0,0
2026-07-02,Peñarol,Lucas Hernández,DF,0.0,0.0,0.0,0,0
2026-07-02,Peñarol,F. Álvez,DF,0.0,0.0,0.0,0,0
2026-07-02,Peñarol,T. Olase,MF,0.0,0.0,0.0,0,0
2026-07-02,Peñarol,S. Muhlethaler,MF,0.0,0.0,0.0,0,0
2026-07-02,Peñarol,G. Barbas,MF,0.0,0.0,0.0,0,0
2026-07-02,Philadelphia Union,O. Mbaizo,DF,0.0,0.0,0.0,0,0
2026-07-02,Philadelphia Union,A. Anello,FW,0.0,0.0,0.0,0,0
2026-07-02,Philadelphia Union,B. Damiani,FW,0.0,0.0,0.0,0,0
2026-07-02,Philadelphia Union,A. Bedoya,MF,0.0,0.0,0.0,0,0
2026-07-02,Philadelphia Union,M. Jakupovic,FW,0.0,0.0,0.0,0,0
2026-07-02,Philadelphia Union,A. Rick,GK,0.0,0.0,0.0,0,0
2026-07-02,Philadelphia Union,F. Sundstrom,DF,0.0,0.0,0.0,0,0
2026-07-02,Philadelphia Union,B. Bender,MF,0.0,0.0,0.0,0,0
2026-07-02,Philadelphia Union,J. Rafanello,MF,0.0,0.0,0.0,0,0
2026-07-02,Phoenix Rising FC,G. Rivera,MF,0.0,0.0,0.0,0,0
2026-07-02,Phoenix Rising FC,G. Studenthofft,FW,0.0,0.0,0.0,0,0
2026-07-02,Phoenix Rising FC,E. Ramirez,DF,0.0,0.0,0.0,0,0
2026-07-02,Phoenix Rising FC,N. Cross,DF,0.0,0.0,0.0,0,0
2026-07-02,Phoenix Rising FC,C. Odunze,GK,0.0,0.0,0.0,0,0
2026-07-02,Phoenix Rising FC,J. Ping,MF,0.0,0.0,0.0,0,0
2026-07-02,Phoenix Rising FC,J. Gaydon,MF,0.0,0.0,0.0,0,0
2026-07-02,Phoenix Rising FC,A. B. D. l. Cruz,MF,0.0,0.0,0.0,0,0
2026-07-02,Piast Gliwice,O. Lesniak,MF,0.0,0.0,0.0,0,0
2026-07-02,Piast Gliwice,G. Barkovskiy,FW,0.0,0.0,0.0,0,0
2026-07-02,Piast Gliwice,L. Sanca,MF,0.0,0.0,0.0,0,0
2026-07-02,Piast Gliwice,A. Katsantonis,FW,0.0,0.0,0.0,0,0
2026-07-02,Piast Gliwice,K. Szymański,GK,0.0,0.0,0.0,0,0
2026-07-02,Piast Gliwice,E. Twumasi,DF,0.0,0.0,0.0,0,0
2026-07-02,Piast Gliwice,J. Czerwiński,DF,0.0,0.0,0.0,0,0
2026-07-02,Piast Gliwice,T. Mokwa,DF,0.0,0.0,0.0,0,0
2026-07-02,Piast Gliwice,S. Mucha,MF,0.0,0.0,0.0,0,0
2026-07-02,Piast Gliwice,O. Maziarz,MF,0.0,0.0,0.0,0,0
2026-07-02,Piast Gliwice,I. Lima,MF,0.0,0.0,0.0,0,0
2026-07-02,Piast Gliwice,A. Dalmau,FW,0.0,0.0,0.0,0,0
2026-07-02,Pittsburgh Riverhounds,J. García,GK,0.0,0.0,0.0,0,0
2026-07-02,Pittsburgh Riverhounds,I. Osumanu,DF,0.0,0.0,0.0,0,0
2026-07-02,Pittsburgh Riverhounds,B. Etou,DF,0.0,0.0,0.0,0,0
2026-07-02,Pittsburgh Riverhounds,B. Larsen,FW,0.0,0.0,0.0,0,0
2026-07-02,Pittsburgh Riverhounds,M. Sheridan,GK,0.0,0.0,0.0,0,0
2026-07-02,Pittsburgh Riverhounds,E. Goldthorp,MF,0.0,0.0,0.0,0,0
2026-07-02,Pittsburgh Riverhounds,A. Flowers-Gamboa,FW,0.0,0.0,0.0,0,0
2026-07-02,Plateau United,V. Temitope,FW,0.0,0.0,0.0,0,0
2026-07-02,Plateau United,M. George,GK,0.0,0.0,0.0,0,0
2026-07-02,Plateau United,J. Dabo,DF,0.0,0.0,0.0,0,0
2026-07-02,Plateau United,T. Biweribo,DF,0.0,0.0,0.0,0,0
2026-07-02,Plateau United,P. Magit,MF,0.0,0.0,0.0,0,0
2026-07-02,Plateau United,A Abdallah,MF,0.0,0.0,0.0,0,0
2026-07-02,Plateau United,G. Saka,FW,0.0,0.0,0.0,0,0
2026-07-02,Plateau United,S. Kalu,FW,0.0,0.0,0.0,0,0
2026-07-02,Plateau United,A. C. Opara,MF,0.0,0.0,0.0,0,0
2026-07-02,Pogoń Szczecin,D. Keramitsis,DF,0.0,0.0,0.0,0,0
2026-07-02,Pogoń Szczecin,J. Czaplinski,MF,0.0,0.0,0.0,0,0
2026-07-02,Pogoń Szczecin,L. Koutris,DF,0.0,0.0,0.0,0,0
2026-07-02,Pogoń Szczecin,B. Mendy,DF,0.0,0.0,0.0,0,0
2026-07-02,Pogoń Szczecin,H. Ali,DF,0.0,0.0,0.0,0,0
2026-07-02,Pogoń Szczecin,K. Kamiński,GK,0.0,0.0,0.0,0,0
2026-07-02,Pogoń Szczecin,S. Greenwood,FW,0.0,0.0,0.0,0,0
2026-07-02,Pogoń Szczecin,J. Biegański,MF,0.0,0.0,0.0,0,0
2026-07-02,Pogoń Szczecin,I. Brzyski,MF,0.0,0.0,0.0,0,0
2026-07-02,Pogoń Szczecin,K. Smoliński,MF,0.0,0.0,0.0,0,0
2026-07-02,Pogoń Szczecin,M. Ndiaye,MF,0.0,0.0,0.0,0,0
2026-07-02,Pogoń Szczecin,K. Angielski,FW,0.0,0.0,0.0,0,0
2026-07-02,Pogoń Szczecin,N. Lawa,MF,0.0,0.0,0.0,0,0
2026-07-02,Pogoń Szczecin,K. Grosicki,MF,0.0,0.0,0.0,0,0
2026-07-02,Pohang Steelers,P. Chan-Yong,DF,0.0,0.0,0.0,0,0
2026-07-02,Pohang Steelers,L. Ho-jae,FW,0.0,0.0,0.0,0,0
2026-07-02,Pohang Steelers,S. Y. Ki,MF,0.0,0.0,0.0,0,0
2026-07-02,Pohang Steelers,A. Jae-joon,FW,0.0,0.0,0.0,0,0
2026-07-02,Pohang Steelers,P. Yun,GK,0.0,0.0,0.0,0,0
2026-07-02,Pohang Steelers,M. Kang,DF,0.0,0.0,0.0,0,0
2026-07-02,Pohang Steelers,J. Rocha,FW,0.0,0.0,0.0,0,0
2026-07-02,Pohang Steelers,H. Kim,MF,0.0,0.0,0.0,0,0
2026-07-02,Pohang Steelers,K. Nishiya,MF,0.0,0.0,0.0,0,0
2026-07-02,Pohang Steelers,J. Tranziska,FW,0.0,0.0,0.0,0,0
2026-07-02,Pohang Steelers,H. Hyeon-Seo,DF,0.0,0.0,0.0,0,0
2026-07-02,Pohang Steelers,K. Ye-Sung,DF,0.0,0.0,0.0,0,0
2026-07-02,Pohang Steelers,K. Shin,DF,0.0,0.0,0.0,0,0
2026-07-02,Ponte Preta,Justen,DF,0.0,0.0,0.0,0,0
2026-07-02,Ponte Preta,Miguel,MF,0.0,0.0,0.0,0,0
2026-07-02,Ponte Preta,L. Phelipe,FW,0.0,0.0,0.0,0,0
2026-07-02,Ponte Preta,Brandão,FW,0.0,0.0,0.0,0,0
2026-07-02,Ponte Preta,Jonathan Cafú,FW,0.0,0.0,0.0,0,0
2026-07-02,Ponte Preta,G. Viana,GK,0.0,0.0,0.0,0,0
2026-07-02,Ponte Preta,D. Barcelos,DF,0.0,0.0,0.0,0,0
2026-07-02,Ponte Preta,Weverton,DF,0.0,0.0,0.0,0,0
2026-07-02,Ponte Preta,Diego Porfirio,DF,0.0,0.0,0.0,0,0
2026-07-02,Ponte Preta,S. Palacios,DF,0.0,0.0,0.0,0,0
2026-07-02,Ponte Preta,Baianinho,FW,0.0,0.0,0.0,0,0
2026-07-02,Ponte Preta,Tarik,MF,0.0,0.0,0.0,0,0
2026-07-02,Ponte Preta,Rodriguinho,FW,0.0,0.0,0.0,0,0
2026-07-02,Ponte Preta,Thalys,DF,0.0,0.0,0.0,0,0
2026-07-02,Ponte Preta,Elvis,MF,0.0,0.0,0.0,0,0
2026-07-02,Ponte Preta,D. Braz,DF,0.0,0.0,0.0,0,0
2026-07-02,Ponte Preta,L. Cunha,DF,0.0,0.0,0.0,0,0
2026-07-02,Ponte Preta,G. Telles,MF,0.0,0.0,0.0,0,0
2026-07-02,Portland Timbers,D. Chará,MF,0.0,0.0,0.0,0,0
2026-07-02,Portland Timbers,I. Smith,DF,0.0,0.0,0.0,0,0
2026-07-02,Portland Timbers,J. Ortíz,MF,0.0,0.0,0.0,0,0
2026-07-02,Portland Timbers,A. Lassiter,FW,0.0,0.0,0.0,0,0
2026-07-02,Portland Timbers,A. Aravena,FW,0.0,0.0,0.0,0,0
2026-07-02,Portland Timbers,T. Muse,GK,0.0,0.0,0.0,0,0
2026-07-02,Portland Timbers,S. Jura,DF,0.0,0.0,0.0,0,0
2026-07-02,Portland Timbers,A. Bonetig,DF,0.0,0.0,0.0,0,0
2026-07-02,Portland Timbers,F. Mora,FW,0.0,0.0,0.0,0,0
2026-07-02,Pumas UNAM,D. Ramirez,FW,0.0,0.0,0.0,0,0
2026-07-02,Pumas UNAM,P. Bennevendo,DF,0.0,0.0,0.0,0,0
2026-07-02,Pumas UNAM,J. Rivas,DF,0.0,0.0,0.0,0,0
2026-07-02,Pumas UNAM,A. Leone,DF,0.0,0.0,0.0,0,0
2026-07-02,Pumas UNAM,C. Garza,MF,0.0,0.0,0.0,0,0
2026-07-02,Pumas UNAM,P. Lara,GK,0.0,0.0,0.0,0,0
2026-07-02,Pumas UNAM,A. Azuaje,DF,0.0,0.0,0.0,0,0
2026-07-02,Pumas UNAM,U. Rivas,MF,0.0,0.0,0.0,0,0
2026-07-02,Pumas UNAM,S. Trigos,MF,0.0,0.0,0.0,0,0
2026-07-02,Pumas UNAM,Á. Rico,MF,0.0,0.0,0.0,0,0
2026-07-02,Qingdao Hainiu,Q. Wang,DF,0.0,0.0,0.0,0,0
2026-07-02,Qingdao Hainiu,J. Liu,DF,0.0,0.0,0.0,0,0
2026-07-02,Qingdao Hainiu,L. Song,DF,0.0,0.0,0.0,0,0
2026-07-02,Qingdao Hainiu,Y. Cong,FW,0.0,0.0,0.0,0,0
2026-07-02,Qingdao Hainiu,S. Zheng'ao,DF,0.0,0.0,0.0,0,0
2026-07-02,Qingdao Hainiu,L. Guobao,FW,0.0,0.0,0.0,0,0
2026-07-02,Qingdao Hainiu,M. Jappar,GK,0.0,0.0,0.0,0,0
2026-07-02,Qingdao Hainiu,L. Jun,GK,0.0,0.0,0.0,0,0
2026-07-02,Qingdao Hainiu,Z. Wei,DF,0.0,0.0,0.0,0,0
2026-07-02,Qingdao Hainiu,Z. Chuanhui,MF,0.0,0.0,0.0,0,0
2026-07-02,Qingdao Hainiu,S. Che,MF,0.0,0.0,0.0,0,0
2026-07-02,Qingdao Hainiu,N. Pan,MF,0.0,0.0,0.0,0,0
2026-07-02,Qingdao Hainiu,A. E. Messaoudi,MF,0.0,0.0,0.0,0,0
2026-07-02,Qingdao Hainiu,S. Wenjie,FW,0.0,0.0,0.0,0,0
2026-07-02,Qingdao West Coast,D. Hang,GK,0.0,0.0,0.0,0,0
2026-07-02,Qingdao West Coast,S. Liu,GK,0.0,0.0,0.0,0,0
2026-07-02,Qingdao West Coast,J. Sun,DF,0.0,0.0,0.0,0,0
2026-07-02,Qingdao West Coast,P. Wang,DF,0.0,0.0,0.0,0,0
2026-07-02,Qingdao West Coast,H. Zhao,DF,0.0,0.0,0.0,0,0
2026-07-02,Qingdao West Coast,L. He,MF,0.0,0.0,0.0,0,0
2026-07-02,Qingdao West Coast,H. Ding,DF,0.0,0.0,0.0,0,0
2026-07-02,Qingdao West Coast,F. Haiyang,MF,0.0,0.0,0.0,0,0
2026-07-02,Qingdao West Coast,L. Xiaolong,FW,0.0,0.0,0.0,0,0
2026-07-02,Qingdao West Coast,J. Weiwei,FW,0.0,0.0,0.0,0,0
2026-07-02,Qingdao West Coast,A. Aisikaer,FW,0.0,0.0,0.0,0,0
2026-07-02,Qingdao West Coast,M. Jingchao,MF,0.0,0.0,0.0,0,0
2026-07-02,Qingdao West Coast,H. Song,DF,0.0,0.0,0.0,0,0
2026-07-02,Queensland Lions FC,L. Broderick,FW,0.0,0.0,0.0,0,0
2026-07-02,Queensland Lions FC,L. Ponting,DF,0.0,0.0,0.0,0,0
2026-07-02,Queensland Lions FC,F. Oyet,FW,0.0,0.0,0.0,0,0
2026-07-02,Queensland Lions FC,C. Pond,GK,0.0,0.0,0.0,0,0
2026-07-02,Queensland Lions FC,C. Palm,MF,0.0,0.0,0.0,0,0
2026-07-02,Queensland Lions FC,N. Christophe,MF,0.0,0.0,0.0,0,0
2026-07-02,RAAL La Louvière,M. Ashimeru,MF,0.0,0.0,0.0,0,0
2026-07-02,RAAL La Louvière,J. Afriyie,FW,0.0,0.0,0.0,0,0
2026-07-02,RAAL La Louvière,S. Gueulette,MF,0.0,0.0,0.0,0,0
2026-07-02,RAAL La Louvière,T. Lutonda,DF,0.0,0.0,0.0,0,0
2026-07-02,RAAL La Louvière,M. Peano,GK,0.0,0.0,0.0,0,0
2026-07-02,RAAL La Louvière,D. Lamego,DF,0.0,0.0,0.0,0,0
2026-07-02,RAAL La Louvière,S. Traoré,DF,0.0,0.0,0.0,0,0
2026-07-02,RAAL La Louvière,S. Lahssaini,MF,0.0,0.0,0.0,0,0
2026-07-02,RAAL La Louvière,N. Makembo-Ntemo,MF,0.0,0.0,0.0,0,0
2026-07-02,RAAL La Louvière,B. Soumaré,MF,0.0,0.0,0.0,0,0
2026-07-02,RAAL La Louvière,A. Beka Beka,MF,0.0,0.0,0.0,0,0
2026-07-02,RAAL La Louvière,M. Maisonneuve,DF,0.0,0.0,0.0,0,0
2026-07-02,RAAL La Louvière,C. De Schrevel,GK,0.0,0.0,0.0,0,0
2026-07-02,RAAL La Louvière,N. Gillot,DF,0.0,0.0,0.0,0,0
2026-07-02,RAAL La Louvière,N. Nsingi,FW,0.0,0.0,0.0,0,0
2026-07-02,RB Leipzig,M. Finkgräfe,DF,0.0,0.0,0.0,0,0
2026-07-02,RB Leipzig,N. Seiwald,MF,0.0,0.0,0.0,0,0
2026-07-02,RB Leipzig,A. Nusa,MF,0.0,0.0,0.0,0,0
2026-07-02,RB Leipzig,B. Henrichs,DF,0.0,0.0,0.0,0,0
2026-07-02,RB Leipzig,P. Gulácsi,GK,0.0,0.0,0.0,0,0
2026-07-02,RB Leipzig,E. C. Bitshiabu,DF,0.0,0.0,0.0,0,0
2026-07-02,RB Leipzig,L. Klostermann,DF,0.0,0.0,0.0,0,0
2026-07-02,RB Leipzig,J. Bakayoko,FW,0.0,0.0,0.0,0,0
2026-07-02,RB Leipzig,C. Harder,FW,0.0,0.0,0.0,0,0
2026-07-02,RC Lens,F. Sotoca,FW,0.0,0.0,0.0,0,0
2026-07-02,RC Lens,R. Aguilar,DF,0.0,0.0,0.0,0,0
2026-07-02,RC Lens,F. Sylla,MF,0.0,0.0,0.0,0,0
2026-07-02,RC Lens,A. Bermont,MF,0.0,0.0,0.0,0,0
2026-07-02,RC Lens,M. Soares,MF,0.0,0.0,0.0,0,0
2026-07-02,RC Lens,M. Gorgelin,GK,0.0,0.0,0.0,0,0
2026-07-02,RC Lens,K. Antonio,DF,0.0,0.0,0.0,0,0
2026-07-02,RC Lens,A. Masuaku,DF,0.0,0.0,0.0,0,0
2026-07-02,RC Lens,N. Čelik,DF,0.0,0.0,0.0,0,0
2026-07-02,RC Strasbourg,S. E. Mourabet,MF,0.0,0.0,0.0,0,0
2026-07-02,RC Strasbourg,D. Moreira,FW,0.0,0.0,0.0,0,0
2026-07-02,RC Strasbourg,A. Omobamidele,DF,0.0,0.0,0.0,0,0
2026-07-02,RC Strasbourg,J. Enciso,MF,0.0,0.0,0.0,0,0
2026-07-02,RC Strasbourg,E. Emegha,FW,0.0,0.0,0.0,0,0
2026-07-02,RC Strasbourg,K. Johnsson,GK,0.0,0.0,0.0,0,0
2026-07-02,RC Strasbourg,A. Cissé,DF,0.0,0.0,0.0,0,0
2026-07-02,RC Strasbourg,T. Noubissie,MF,0.0,0.0,0.0,0,0
2026-07-02,RC Strasbourg,J. Mwanga,MF,0.0,0.0,0.0,0,0
2026-07-02,RCD Espanyol de Barcelona,N. García,MF,0.0,0.0,0.0,0,0
2026-07-02,RCD Espanyol de Barcelona,P. Perea,DF,0.0,0.0,0.0,0,0
2026-07-02,RCD Espanyol de Barcelona,J. P. Garrido,MF,0.0,0.0,0.0,0,0
2026-07-02,RCD Espanyol de Barcelona,P. Arana,FW,0.0,0.0,0.0,0,0
2026-07-02,RCD Espanyol de Barcelona,A. Durán,MF,0.0,0.0,0.0,0,0
2026-07-02,RCD Espanyol de Barcelona,P. Coba,GK,0.0,0.0,0.0,0,0
2026-07-02,RCD Espanyol de Barcelona,E. Botero,DF,0.0,0.0,0.0,0,0
2026-07-02,RCD Espanyol de Barcelona,M. Torrás,MF,0.0,0.0,0.0,0,0
2026-07-02,RCD Espanyol de Barcelona,O. Fergusson,FW,0.0,0.0,0.0,0,0
2026-07-02,RCD Espanyol de Barcelona,A. Doménech,FW,0.0,0.0,0.0,0,0
2026-07-02,RKC Waalwijk,N. Bakboord,DF,0.0,0.0,0.0,0,0
2026-07-02,RKC Waalwijk,R. van der Venne,MF,0.0,0.0,0.0,0,0
2026-07-02,RKC Waalwijk,D. Van Kaam,MF,0.0,0.0,0.0,0,0
2026-07-02,RKC Waalwijk,M. Kramer,FW,0.0,0.0,0.0,0,0
2026-07-02,RKC Waalwijk,M. Spenkelink,GK,0.0,0.0,0.0,0,0
2026-07-02,RKC Waalwijk,T. Bramel,GK,0.0,0.0,0.0,0,0
2026-07-02,RKC Waalwijk,M. Witteveen,MF,0.0,0.0,0.0,0,0
2026-07-02,RKC Waalwijk,M. Schaapman,MF,0.0,0.0,0.0,0,0
2026-07-02,RKC Waalwijk,J. Boëtius,MF,0.0,0.0,0.0,0,0
2026-07-02,RKC Waalwijk,Y. v. d. Veen,FW,0.0,0.0,0.0,0,0
2026-07-02,RKC Waalwijk,R. Fage,MF,0.0,0.0,0.0,0,0
2026-07-02,RKC Waalwijk,H. Kuster,MF,0.0,0.0,0.0,0,0
2026-07-02,RKC Waalwijk,R. v. Eijma,DF,0.0,0.0,0.0,0,0
2026-07-02,RKC Waalwijk,Q. v. Beekveld,MF,0.0,0.0,0.0,0,0
2026-07-02,RKC Waalwijk,G. Roemeratoe,MF,0.0,0.0,0.0,0,0
2026-07-02,RKC Waalwijk,R. v. Hedel,MF,0.0,0.0,0.0,0,0
2026-07-02,RS Berkane,I. Riahi,MF,0.0,0.0,0.0,0,0
2026-07-02,RS Berkane,Z. Machach,MF,0.0,0.0,0.0,0,0
2026-07-02,RS Berkane,Y. E. Kaabi,FW,0.0,0.0,0.0,0,0
2026-07-02,RS Berkane,M. Maftah,GK,0.0,0.0,0.0,0,0
2026-07-02,RS Berkane,A. E. Maswab,DF,0.0,0.0,0.0,0,0
2026-07-02,RS Berkane,M. E. Morabit,MF,0.0,0.0,0.0,0,0
2026-07-02,RS Berkane,R. Hajji,MF,0.0,0.0,0.0,0,0
2026-07-02,RS Berkane,S. Sidibe,MF,0.0,0.0,0.0,0,0
2026-07-02,RS Berkane,M. Ouyahya,MF,0.0,0.0,0.0,0,0
2026-07-02,RS Berkane,A. Azri,MF,0.0,0.0,0.0,0,0
2026-07-02,RS Berkane,O. Lamlioui,FW,0.0,0.0,0.0,0,0
2026-07-02,RS Berkane,O. Haddadi,DF,0.0,0.0,0.0,0,0
2026-07-02,RSC Anderlecht,M. Ilić,DF,0.0,0.0,0.0,0,0
2026-07-02,RSC Anderlecht,N. D. Cat,MF,0.0,0.0,0.0,0,0
2026-07-02,RSC Anderlecht,I. Kanate,MF,0.0,0.0,0.0,0,0
2026-07-02,RSC Anderlecht,A. Bertaccini,FW,0.0,0.0,0.0,0,0
2026-07-02,RSC Anderlecht,C. Huerta,MF,0.0,0.0,0.0,0,0
2026-07-02,RSC Anderlecht,J. Heekeren,GK,0.0,0.0,0.0,0,0
2026-07-02,RSC Anderlecht,L. Hey,DF,0.0,0.0,0.0,0,0
2026-07-02,RSC Anderlecht,A. Maamar,DF,0.0,0.0,0.0,0,0
2026-07-02,RSC Anderlecht,C. Da Costa,FW,0.0,0.0,0.0,0,0
2026-07-02,RSC Anderlecht,J. Nga Kana,MF,0.0,0.0,0.0,0,0
2026-07-02,RSC Anderlecht,M. Rits,MF,0.0,0.0,0.0,0,0
2026-07-02,RSC Anderlecht,D. Sikan,FW,0.0,0.0,0.0,0,0
2026-07-02,RSC Anderlecht,T. Hazard,MF,0.0,0.0,0.0,0,0
2026-07-02,Racing Club,T. Pérez,FW,0.0,0.0,0.0,0,0
2026-07-02,Racing Club,M. Zaracho,MF,0.0,0.0,0.0,0,0
2026-07-02,Racing Club,T. Conechny,FW,0.0,0.0,0.0,0,0
2026-07-02,Racing Club,B. Zuculini,MF,0.0,0.0,0.0,0,0
2026-07-02,Racing Club,M. Miljevic,MF,0.0,0.0,0.0,0,0
2026-07-02,Racing Club,M. Tagliamonte,GK,0.0,0.0,0.0,0,0
2026-07-02,Racing Club,M. Rojo,DF,0.0,0.0,0.0,0,0
2026-07-02,Racing Club,N. Colombo,DF,0.0,0.0,0.0,0,0
2026-07-02,Racing Club,T. Rubio,DF,0.0,0.0,0.0,0,0
2026-07-02,Racing Club,F. Pardo,DF,0.0,0.0,0.0,0,0
2026-07-02,Racing Club,D. Vergara,FW,0.0,0.0,0.0,0,0
2026-07-02,Racing Club,G. Sosa,MF,0.0,0.0,0.0,0,0
2026-07-02,Radomiak Radom,S. Kingue,DF,0.0,0.0,0.0,0,0
2026-07-02,Radomiak Radom,M. Cichocki,DF,0.0,0.0,0.0,0,0
2026-07-02,Radomiak Radom,R. Baró,MF,0.0,0.0,0.0,0,0
2026-07-02,Radomiak Radom,S. Soumah,FW,0.0,0.0,0.0,0,0
2026-07-02,Radomiak Radom,M. Jerke,GK,0.0,0.0,0.0,0,0
2026-07-02,Radomiak Radom,W. Koptas,GK,0.0,0.0,0.0,0,0
2026-07-02,Radomiak Radom,João Pedro,DF,0.0,0.0,0.0,0,0
2026-07-02,Radomiak Radom,R. Alves,MF,0.0,0.0,0.0,0,0
2026-07-02,Radomiak Radom,A. Żabicki,MF,0.0,0.0,0.0,0,0
2026-07-02,Radomiak Radom,Leândro,MF,0.0,0.0,0.0,0,0
2026-07-02,Radomiak Radom,V. Lopes,FW,0.0,0.0,0.0,0,0
2026-07-02,Raja Club Athletic,A. Baadi,DF,0.0,0.0,0.0,0,0
2026-07-02,Raja Club Athletic,B. Halimi,MF,0.0,0.0,0.0,0,0
2026-07-02,Raja Club Athletic,I. Mokadem,DF,0.0,0.0,0.0,0,0
2026-07-02,Raja Club Athletic,H. Ferdaoussi,MF,0.0,0.0,0.0,0,0
2026-07-02,Raja Club Athletic,M. Mchakh'chekh,DF,0.0,0.0,0.0,0,0
2026-07-02,Raja Club Athletic,K. K. Alaoui,GK,0.0,0.0,0.0,0,0
2026-07-02,Raja Club Athletic,H. Boulacsout,DF,0.0,0.0,0.0,0,0
2026-07-02,Raja Club Athletic,M. B. Conté,MF,0.0,0.0,0.0,0,0
2026-07-02,Raja Club Athletic,M. O. Kehinde,FW,0.0,0.0,0.0,0,0
2026-07-02,Raja Club Athletic,A. Khammas,DF,0.0,0.0,0.0,0,0
2026-07-02,Raja Club Athletic,M. Dahak,MF,0.0,0.0,0.0,0,0
2026-07-02,Raja Club Athletic,I. Khafi,FW,0.0,0.0,0.0,0,0
2026-07-02,Raja Club Athletic,Shararh,MF,0.0,0.0,0.0,0,0
2026-07-02,Raja Club Athletic,P. O. Sakho,MF,0.0,0.0,0.0,0,0
2026-07-02,Raja Club Athletic,O. Chraibi,MF,0.0,0.0,0.0,0,0
2026-07-02,Raków Częstochowa,W. Kocherhin,MF,0.0,0.0,0.0,0,0
2026-07-02,Raków Częstochowa,P. Makuch,FW,0.0,0.0,0.0,0,0
2026-07-02,Raków Częstochowa,L. Rocha,FW,0.0,0.0,0.0,0,0
2026-07-02,Raków Częstochowa,O. Zych,GK,0.0,0.0,0.0,0,0
2026-07-02,Raków Częstochowa,Z. Arsenić,DF,0.0,0.0,0.0,0,0
2026-07-02,Raków Częstochowa,A. Mosór,DF,0.0,0.0,0.0,0,0
2026-07-02,Raków Częstochowa,M. Ilenič,DF,0.0,0.0,0.0,0,0
2026-07-02,Raków Częstochowa,P. Dawidowicz,DF,0.0,0.0,0.0,0,0
2026-07-02,Raków Częstochowa,I. Brusberg,MF,0.0,0.0,0.0,0,0
2026-07-02,Raków Częstochowa,E. Otieno,MF,0.0,0.0,0.0,0,0
2026-07-02,Rangers,D. Gassama,FW,0.0,0.0,0.0,0,0
2026-07-02,Rangers,T. Rommens,DF,0.0,0.0,0.0,0,0
2026-07-02,Rangers,T. Aasgaard,MF,0.0,0.0,0.0,0,0
2026-07-02,Rangers,R. D. Naderi,FW,0.0,0.0,0.0,0,0
2026-07-02,Rangers,B. Miovski,FW,0.0,0.0,0.0,0,0
2026-07-02,Rangers,L. Kelly,GK,0.0,0.0,0.0,0,0
2026-07-02,Rangers,M. Aarons,DF,0.0,0.0,0.0,0,0
2026-07-02,Rangers,C. Barron,MF,0.0,0.0,0.0,0,0
2026-07-02,Rangers,O. Antman,FW,0.0,0.0,0.0,0,0
2026-07-02,Rangers,D. Sterling,DF,0.0,0.0,0.0,0,0
2026-07-02,Rangers,J. Meghoma,DF,0.0,0.0,0.0,0,0
2026-07-02,Rangers,A. Skov Olsen,FW,0.0,0.0,0.0,0,0
2026-07-02,Rangers,N. Bajrami,MF,0.0,0.0,0.0,0,0
2026-07-02,Rayo Vallecano,A. Rațiu,DF,0.0,0.0,0.0,0,0
2026-07-02,Rayo Vallecano,J. Chavarría,DF,0.0,0.0,0.0,0,0
2026-07-02,Rayo Vallecano,U. López,MF,0.0,0.0,0.0,0,0
2026-07-02,Rayo Vallecano,R. Nteka,MF,0.0,0.0,0.0,0,0
2026-07-02,Rayo Vallecano,Ó. Valentín,MF,0.0,0.0,0.0,0,0
2026-07-02,Rayo Vallecano,D. Cárdenas,GK,0.0,0.0,0.0,0,0
2026-07-02,Rayo Vallecano,A. Mumin,DF,0.0,0.0,0.0,0,0
2026-07-02,Rayo Vallecano,P. Díaz,MF,0.0,0.0,0.0,0,0
2026-07-02,Rayo Vallecano,F. Pérez,MF,0.0,0.0,0.0,0,0
2026-07-02,Rayo Vallecano,Ó. Trejo,MF,0.0,0.0,0.0,0,0
2026-07-02,Rayo Vallecano,I. Akhomach,FW,0.0,0.0,0.0,0,0
2026-07-02,Rayo Vallecano,C. Martín,FW,0.0,0.0,0.0,0,0
2026-07-02,Real Betis,P. López,GK,0.0,0.0,0.0,0,0
2026-07-02,Real Betis,M. Roca,MF,0.0,0.0,0.0,0,0
2026-07-02,Real Betis,R. Riquelme,MF,0.0,0.0,0.0,0,0
2026-07-02,Real Betis,N. Deossa,MF,0.0,0.0,0.0,0,0
2026-07-02,Real Betis,Isco,MF,0.0,0.0,0.0,0,0
2026-07-02,Real Betis,C. Ávila,FW,0.0,0.0,0.0,0,0
2026-07-02,Real Betis,Adrián,GK,0.0,0.0,0.0,0,0
2026-07-02,Real Betis,V. Gómez,DF,0.0,0.0,0.0,0,0
2026-07-02,Real Betis,A. Ruibal,FW,0.0,0.0,0.0,0,0
2026-07-02,Real Betis,Á. Fidalgo,MF,0.0,0.0,0.0,0,0
2026-07-02,Real Betis,S. Altimira,MF,0.0,0.0,0.0,0,0
2026-07-02,Real Betis,C. Bakambu,FW,0.0,0.0,0.0,0,0
2026-07-02,Real Betis,H. Bellerín,DF,0.0,0.0,0.0,0,0
2026-07-02,Real Betis,S. Amrabat,MF,0.0,0.0,0.0,0,0
2026-07-02,Real Betis,J. Firpo,DF,0.0,0.0,0.0,0,0
2026-07-02,Real Betis,Natan,DF,0.0,0.0,0.0,0,0
2026-07-02,Real Betis,G. Lo Celso,MF,0.0,0.0,0.0,0,0
2026-07-02,Real Club Deportivo de la Coruña,P. Novo,DF,0.0,0.0,0.0,0,0
2026-07-02,Real Club Deportivo de la Coruña,Marisa,FW,0.0,0.0,0.0,0,0
2026-07-02,Real Club Deportivo de la Coruña,E. Vázquez,DF,0.0,0.0,0.0,0,0
2026-07-02,Real Club Deportivo de la Coruña,L. Rivas,FW,0.0,0.0,0.0,0,0
2026-07-02,Real Club Deportivo de la Coruña,L. Muíño,MF,0.0,0.0,0.0,0,0
2026-07-02,Real Club Deportivo de la Coruña,Y. G. Camino,GK,0.0,0.0,0.0,0,0
2026-07-02,Real Club Deportivo de la Coruña,M. Artero,DF,0.0,0.0,0.0,0,0
2026-07-02,Real Club Deportivo de la Coruña,C. Carballada,MF,0.0,0.0,0.0,0,0
2026-07-02,Real Club Deportivo de la Coruña,E. Dios,MF,0.0,0.0,0.0,0,0
2026-07-02,Real Club Deportivo de la Coruña,H. Muiña,MF,0.0,0.0,0.0,0,0
2026-07-02,Real Club Deportivo de la Coruña,P. Monteagudo,MF,0.0,0.0,0.0,0,0
2026-07-02,Real Club Deportivo de la Coruña,M. Rivas,GK,0.0,0.0,0.0,0,0
2026-07-02,Real Madrid,F. González,GK,0.0,0.0,0.0,0,0
2026-07-02,Real Madrid,G. García,FW,0.0,0.0,0.0,0,0
2026-07-02,Real Madrid,F. Mastantuono,FW,0.0,0.0,0.0,0,0
2026-07-02,Real Madrid,E. Camavinga,MF,0.0,0.0,0.0,0,0
2026-07-02,Real Madrid,C. Palacios,MF,0.0,0.0,0.0,0,0
2026-07-02,Real Madrid,S. Mestre,GK,0.0,0.0,0.0,0,0
2026-07-02,Real Madrid,Á. Carreras,DF,0.0,0.0,0.0,0,0
2026-07-02,Real Madrid,R. Asencio,DF,0.0,0.0,0.0,0,0
2026-07-02,Real Madrid,D. Alaba,DF,0.0,0.0,0.0,0,0
2026-07-02,Real Madrid,D. Jiménez,DF,0.0,0.0,0.0,0,0
2026-07-02,Real Oviedo,S. Cazorla,MF,0.0,0.0,0.0,0,0
2026-07-02,Real Oviedo,K. Sibo,MF,0.0,0.0,0.0,0,0
2026-07-02,Real Oviedo,H. Hassan,FW,0.0,0.0,0.0,0,0
2026-07-02,Real Oviedo,L. Ahijado,DF,0.0,0.0,0.0,0,0
2026-07-02,Real Oviedo,T. Borbas,FW,0.0,0.0,0.0,0,0
2026-07-02,Real Oviedo,H. Moldovan,GK,0.0,0.0,0.0,0,0
2026-07-02,Real Oviedo,D. Carmo,DF,0.0,0.0,0.0,0,0
2026-07-02,Real Oviedo,E. Bailly,DF,0.0,0.0,0.0,0,0
2026-07-02,Real Oviedo,A. R. Alhassane,DF,0.0,0.0,0.0,0,0
2026-07-02,Real Oviedo,P. Agudín,MF,0.0,0.0,0.0,0,0
2026-07-02,Real Oviedo,L. Ilić,MF,0.0,0.0,0.0,0,0
2026-07-02,Real Oviedo,Á. Forés,FW,0.0,0.0,0.0,0,0
2026-07-02,Real Racing Club,A. Villalibre,FW,0.0,0.0,0.0,0,0
2026-07-02,Real Racing Club,D. Rodríguez,MF,0.0,0.0,0.0,0,0
2026-07-02,Real Racing Club,M. Sangalli,FW,0.0,0.0,0.0,0,0
2026-07-02,Real Racing Club,J. Mata,FW,0.0,0.0,0.0,0,0
2026-07-02,Real Racing Club,J. Ezkieta,GK,0.0,0.0,0.0,0,0
2026-07-02,Real Racing Club,Í.  Sáinz-Maza,MF,0.0,0.0,0.0,0,0
2026-07-02,Real Racing Club,A. Aldasoro,MF,0.0,0.0,0.0,0,0
2026-07-02,Real Racing Club,J. C. Arana,FW,0.0,0.0,0.0,0,0
2026-07-02,Real Racing Club,S. Camara,FW,0.0,0.0,0.0,0,0
2026-07-02,Real Salt Lake,V. Olatunji,FW,0.0,0.0,0.0,0,0
2026-07-02,Real Salt Lake,A. Katranis,DF,0.0,0.0,0.0,0,0
2026-07-02,Real Salt Lake,A. Hezarkhani,FW,0.0,0.0,0.0,0,0
2026-07-02,Real Salt Lake,D. Marczuk,FW,0.0,0.0,0.0,0,0
2026-07-02,Real Salt Lake,M. Stajduhar,GK,0.0,0.0,0.0,0,0
2026-07-02,Real Salt Lake,K. Henry,DF,0.0,0.0,0.0,0,0
2026-07-02,Real Salt Lake,P. Ruiz,MF,0.0,0.0,0.0,0,0
2026-07-02,Real Salt Lake,Z. Booth,MF,0.0,0.0,0.0,0,0
2026-07-02,Real Salt Lake,G. Dillon,MF,0.0,0.0,0.0,0,0
2026-07-02,Real Sociedad,C. Florentino,DF,0.0,0.0,0.0,0,0
2026-07-02,Real Sociedad,C. Lavogez,MF,0.0,0.0,0.0,0,0
2026-07-02,Real Sociedad,I. Egiguren,FW,0.0,0.0,0.0,0,0
2026-07-02,Real Sociedad,L. Pardo,FW,0.0,0.0,0.0,0,0
2026-07-02,Real Sociedad,I. S. Moure,DF,0.0,0.0,0.0,0,0
2026-07-02,Real Sociedad,A. Estensoro,GK,0.0,0.0,0.0,0,0
2026-07-02,Real Sociedad,A. Jacinto,MF,0.0,0.0,0.0,0,0
2026-07-02,Real Sociedad,A. Aparicio,FW,0.0,0.0,0.0,0,0
2026-07-02,Real Sociedad,L. Rodríguez,DF,0.0,0.0,0.0,0,0
2026-07-02,Real Sociedad,O. S. Óskarsson,FW,0.0,0.0,0.0,0,0
2026-07-02,Real Sociedad,T. Kubo,FW,0.0,0.0,0.0,0,0
2026-07-02,Real Sociedad,Y. Herrera,MF,0.0,0.0,0.0,0,0
2026-07-02,Real Sociedad,Wesley,FW,0.0,0.0,0.0,0,0
2026-07-02,Real Sociedad,L. Sučić,MF,0.0,0.0,0.0,0,0
2026-07-02,Real Sociedad,A. Fraga,GK,0.0,0.0,0.0,0,0
2026-07-02,Real Sociedad,U. Marrero,GK,0.0,0.0,0.0,0,0
2026-07-02,Real Sociedad,A. Muñoz,DF,0.0,0.0,0.0,0,0
2026-07-02,Real Sociedad,A. Elustondo,DF,0.0,0.0,0.0,0,0
2026-07-02,Real Sociedad,B. Méndez,MF,0.0,0.0,0.0,0,0
2026-07-02,Real Sociedad,A. Zakharyan,MF,0.0,0.0,0.0,0,0
2026-07-02,Real Sociedad,N. Eizagirre,MF,0.0,0.0,0.0,0,0
2026-07-02,Real Sociedad,A. V. Moraza,DF,0.0,0.0,0.0,0,0
2026-07-02,Real Sociedad,M. Uria,FW,0.0,0.0,0.0,0,0
2026-07-02,Real Sociedad,J. Arrula,GK,0.0,0.0,0.0,0,0
2026-07-02,Real Sociedad,P. Marín,MF,0.0,0.0,0.0,0,0
2026-07-02,Real Sociedad,G. C. Zarranz,FW,0.0,0.0,0.0,0,0
2026-07-02,Real Sociedad,L. Beitia,DF,0.0,0.0,0.0,0,0
2026-07-02,Real Sociedad,B. Turrientes,MF,0.0,0.0,0.0,0,0
2026-07-02,Real Sociedad,J. Ochieng,FW,0.0,0.0,0.0,0,0
2026-07-02,Real Sociedad B,A. Marchal,FW,0.0,0.0,0.0,0,0
2026-07-02,Real Sociedad B,G. Gorosabel,MF,0.0,0.0,0.0,0,0
2026-07-02,Real Sociedad B,D. Díaz,FW,0.0,0.0,0.0,0,0
2026-07-02,Real Sociedad B,A. Mariezkurrena,FW,0.0,0.0,0.0,0,0
2026-07-02,Real Sociedad B,U. Agote,DF,0.0,0.0,0.0,0,0
2026-07-02,Real Sociedad B,T. Folgado,GK,0.0,0.0,0.0,0,0
2026-07-02,Real Sociedad B,U. Larrañaga,DF,0.0,0.0,0.0,0,0
2026-07-02,Real Sociedad B,J. Garro,MF,0.0,0.0,0.0,0,0
2026-07-02,Real Sociedad B,J. Eceizabarrena,MF,0.0,0.0,0.0,0,0
2026-07-02,Real Sociedad B,A. Lebarbier,MF,0.0,0.0,0.0,0,0
2026-07-02,Real Valladolid,A. Ndiaye,FW,0.0,0.0,0.0,0,0
2026-07-02,Real Valladolid,J. Latasa,FW,0.0,0.0,0.0,0,0
2026-07-02,Real Valladolid,H. S. Modesto,DF,0.0,0.0,0.0,0,0
2026-07-02,Real Valladolid,R. Martínez,DF,0.0,0.0,0.0,0,0
2026-07-02,Real Valladolid,I. Alani,MF,0.0,0.0,0.0,0,0
2026-07-02,Real Valladolid,G. Fernandes,GK,0.0,0.0,0.0,0,0
2026-07-02,Real Valladolid,D. Torres,DF,0.0,0.0,0.0,0,0
2026-07-02,Real Valladolid,M. Maroto,MF,0.0,0.0,0.0,0,0
2026-07-02,Real Valladolid,P. González,FW,0.0,0.0,0.0,0,0
2026-07-02,Real Valladolid,S. Jurić,MF,0.0,0.0,0.0,0,0
2026-07-02,Real Valladolid,A. Carvajal,FW,0.0,0.0,0.0,0,0
2026-07-02,Real Valladolid,V. Erlien,FW,0.0,0.0,0.0,0,0
2026-07-02,Real Valladolid,L. Sanseviero,FW,0.0,0.0,0.0,0,0
2026-07-02,Real Valladolid,M. André,FW,0.0,0.0,0.0,0,0
2026-07-02,Real Valladolid,C. Michelin,DF,0.0,0.0,0.0,0,0
2026-07-02,Real Valladolid,M. Jaouab,DF,0.0,0.0,0.0,0,0
2026-07-02,Real Valladolid,V. Meseguer,MF,0.0,0.0,0.0,0,0
2026-07-02,Real Zaragoza,A. Gomes,DF,0.0,0.0,0.0,0,0
2026-07-02,Real Zaragoza,H. Pinilla,MF,0.0,0.0,0.0,0,0
2026-07-02,Real Zaragoza,K. Kodro,FW,0.0,0.0,0.0,0,0
2026-07-02,Real Zaragoza,C. Pomares,DF,0.0,0.0,0.0,0,0
2026-07-02,Real Zaragoza,M. Soberón,FW,0.0,0.0,0.0,0,0
2026-07-02,Real Zaragoza,M. Obón,GK,0.0,0.0,0.0,0,0
2026-07-02,Real Zaragoza,A. Radovanović,DF,0.0,0.0,0.0,0,0
2026-07-02,Real Zaragoza,H. Barrachina,DF,0.0,0.0,0.0,0,0
2026-07-02,Real Zaragoza,J. Tobajas,MF,0.0,0.0,0.0,0,0
2026-07-02,Real Zaragoza,M. Mensah,MF,0.0,0.0,0.0,0,0
2026-07-02,Real Zaragoza,S. Moyano,FW,0.0,0.0,0.0,0,0
2026-07-02,Real Zaragoza,T. Lucas,MF,0.0,0.0,0.0,0,0
2026-07-02,Recoleta FC,J. Franco,MF,0.0,0.0,0.0,0,0
2026-07-02,Recoleta FC,K. Parzajuk,FW,0.0,0.0,0.0,0,0
2026-07-02,Recoleta FC,B. Ferreira,FW,0.0,0.0,0.0,0,0
2026-07-02,Recoleta FC,B. Medina,DF,0.0,0.0,0.0,0,0
2026-07-02,Recoleta FC,F. Galeano,MF,0.0,0.0,0.0,0,0
2026-07-02,Recoleta FC,A. Marsengo,GK,0.0,0.0,0.0,0,0
2026-07-02,Recoleta FC,L. Monzón,DF,0.0,0.0,0.0,0,0
2026-07-02,Recoleta FC,H. López,MF,0.0,0.0,0.0,0,0
2026-07-02,Recoleta FC,M. Cañete,MF,0.0,0.0,0.0,0,0
2026-07-02,Recoleta FC,M. Shupp,MF,0.0,0.0,0.0,0,0
2026-07-02,Recoleta FC,T. Vidal,FW,0.0,0.0,0.0,0,0
2026-07-02,Red Bull Bragantino,G. Neves,MF,0.0,0.0,0.0,0,0
2026-07-02,Red Bull Bragantino,B. d. Moraes,DF,0.0,0.0,0.0,0,0
2026-07-02,Red Bull Bragantino,E. Ramires,MF,0.0,0.0,0.0,0,0
2026-07-02,Red Bull Bragantino,G. Reis,GK,0.0,0.0,0.0,0,0
2026-07-02,Red Bull Bragantino,Cleiton,GK,0.0,0.0,0.0,0,0
2026-07-02,Red Bull Bragantino,Vanderlan,DF,0.0,0.0,0.0,0,0
2026-07-02,Red Bull Bragantino,J. A. Hurtado,DF,0.0,0.0,0.0,0,0
2026-07-02,Red Bull Bragantino,M. Braz,MF,0.0,0.0,0.0,0,0
2026-07-02,Red Bull Bragantino,Fabinho,MF,0.0,0.0,0.0,0,0
2026-07-02,Red Bull Bragantino,Vinicinho,FW,0.0,0.0,0.0,0,0
2026-07-02,Red Bull Bragantino,J. Herrera,FW,0.0,0.0,0.0,0,0
2026-07-02,Red Bull Bragantino,I. Pitta,FW,0.0,0.0,0.0,0,0
2026-07-02,Red Bull Bragantino,W. E. V. Palacios,DF,0.0,0.0,0.0,0,0
2026-07-02,Red Bull Bragantino,Filipe,FW,0.0,0.0,0.0,0,0
2026-07-02,Red Bull Bragantino,H. Mosquera,FW,0.0,0.0,0.0,0,0
2026-07-02,Red Bull Bragantino,T. Volpi,GK,0.0,0.0,0.0,0,0
2026-07-02,Red Bull Bragantino,J. Capixaba,DF,0.0,0.0,0.0,0,0
2026-07-02,Red Bull Bragantino,I. Sosa,MF,0.0,0.0,0.0,0,0
2026-07-02,Red Bull Bragantino,L. Barbosa,MF,0.0,0.0,0.0,0,0
2026-07-02,Red Bull Bragantino,G. Girotto,MF,0.0,0.0,0.0,0,0
2026-07-02,Remo Stars,S. Anakwe,FW,0.0,0.0,0.0,0,0
2026-07-02,Remo Stars,E. Kingue,MF,0.0,0.0,0.0,0,0
2026-07-02,Remo Stars,A. Goita,FW,0.0,0.0,0.0,0,0
2026-07-02,Remo Stars,A. Kolimba,GK,0.0,0.0,0.0,0,0
2026-07-02,Remo Stars,M. Dauda,DF,0.0,0.0,0.0,0,0
2026-07-02,Remo Stars,E. Anthony,DF,0.0,0.0,0.0,0,0
2026-07-02,Remo Stars,J. A. Bonou,MF,0.0,0.0,0.0,0,0
2026-07-02,Remo Stars,S. Olasupo,FW,0.0,0.0,0.0,0,0
2026-07-02,Remo Stars,S. Abdulrasaq,FW,0.0,0.0,0.0,0,0
2026-07-02,Renaissance Zemamra,A. Farah,MF,0.0,0.0,0.0,0,0
2026-07-02,Renaissance Zemamra,M. Elhtemy,FW,0.0,0.0,0.0,0,0
2026-07-02,Renaissance Zemamra,M. Moutouali,MF,0.0,0.0,0.0,0,0
2026-07-02,Renaissance Zemamra,M. Abdouramane,MF,0.0,0.0,0.0,0,0
2026-07-02,Renaissance Zemamra,M. Radouani,MF,0.0,0.0,0.0,0,0
2026-07-02,Renaissance Zemamra,M. E. Jourbaoui,GK,0.0,0.0,0.0,0,0
2026-07-02,Renaissance Zemamra,A. Tine,DF,0.0,0.0,0.0,0,0
2026-07-02,Renaissance Zemamra,A. E. Ghannouj,MF,0.0,0.0,0.0,0,0
2026-07-02,Renaissance Zemamra,Z. Fatihi,MF,0.0,0.0,0.0,0,0
2026-07-02,Renaissance Zemamra,A. E. Hamzaoui,FW,0.0,0.0,0.0,0,0
2026-07-02,Renaissance Zemamra,M. Oujeddou,MF,0.0,0.0,0.0,0,0
2026-07-02,Renaissance Zemamra,Z. Ghailan,FW,0.0,0.0,0.0,0,0
2026-07-02,Rhode Island FC,J. Castro,GK,0.0,0.0,0.0,0,0
2026-07-02,Rhode Island FC,N. Scardina,DF,0.0,0.0,0.0,0,0
2026-07-02,Rhode Island FC,N. Fuson,FW,0.0,0.0,0.0,0,0
2026-07-02,Rhode Island FC,C. Holstad,MF,0.0,0.0,0.0,0,0
2026-07-02,Rhode Island FC,L. Dorsey,FW,0.0,0.0,0.0,0,0
2026-07-02,Rhode Island FC,K. Yao,DF,0.0,0.0,0.0,0,0
2026-07-02,Rio Ave,Olinho,MF,0.0,0.0,0.0,0,0
2026-07-02,Rio Ave,O. Richards,DF,0.0,0.0,0.0,0,0
2026-07-02,Rio Ave,J. Tomé,DF,0.0,0.0,0.0,0,0
2026-07-02,Rio Ave,G. Liavas,MF,0.0,0.0,0.0,0,0
2026-07-02,Rio Ave,A. Papakanellos,MF,0.0,0.0,0.0,0,0
2026-07-02,Rio Ave,E. Van Der Gouw,GK,0.0,0.0,0.0,0,0
2026-07-02,Rio Ave,J. Lomboto,DF,0.0,0.0,0.0,0,0
2026-07-02,Rio Ave,J. Brabec,DF,0.0,0.0,0.0,0,0
2026-07-02,Rio Ave,R. Lobato,FW,0.0,0.0,0.0,0,0
2026-07-02,River Plate,F. Colidio,FW,0.0,0.0,0.0,0,0
2026-07-02,River Plate,M. Salas,FW,0.0,0.0,0.0,0,0
2026-07-02,River Plate,J. C. Meza,MF,0.0,0.0,0.0,0,0
2026-07-02,River Plate,L. Pereyra,MF,0.0,0.0,0.0,0,0
2026-07-02,River Plate,K. Páez,MF,0.0,0.0,0.0,0,0
2026-07-02,River Plate,E. Centurión,GK,0.0,0.0,0.0,0,0
2026-07-02,River Plate,F. Jaroszewicz,GK,0.0,0.0,0.0,0,0
2026-07-02,River Plate,U. Giménez,DF,0.0,0.0,0.0,0,0
2026-07-02,River Plate,L. Martinez Quarta,DF,0.0,0.0,0.0,0,0
2026-07-02,River Plate,K. Castaño,MF,0.0,0.0,0.0,0,0
2026-07-02,River Plate,I. Subiabre,FW,0.0,0.0,0.0,0,0
2026-07-02,River Plate,A. Ruberto,FW,0.0,0.0,0.0,0,0
2026-07-02,Rivers United,S. Bell,DF,0.0,0.0,0.0,0,0
2026-07-02,Rivers United,T. Zachariah,FW,0.0,0.0,0.0,0,0
2026-07-02,Rivers United,B. B. Martins,MF,0.0,0.0,0.0,0,0
2026-07-02,Rivers United,F. Ubong,FW,0.0,0.0,0.0,0,0
2026-07-02,Rivers United,D. Iyowuna,FW,0.0,0.0,0.0,0,0
2026-07-02,Rivers United,M. Chijioke,FW,0.0,0.0,0.0,0,0
2026-07-02,Rivers United,J. Noble,GK,0.0,0.0,0.0,0,0
2026-07-02,Rivers United,O. Elias,DF,0.0,0.0,0.0,0,0
2026-07-02,Rivers United,O. S. Bossa,FW,0.0,0.0,0.0,0,0
2026-07-02,Rochedale Rovers,D. Vollenhoven,MF,0.0,0.0,0.0,0,0
2026-07-02,Rochedale Rovers,J. Moreland,MF,0.0,0.0,0.0,0,0
2026-07-02,Rochedale Rovers,E. Ashton,MF,0.0,0.0,0.0,0,0
2026-07-02,Rochedale Rovers,A. Alexeenko,DF,0.0,0.0,0.0,0,0
2026-07-02,Rochedale Rovers,B. Webber,MF,0.0,0.0,0.0,0,0
2026-07-02,Rochedale Rovers,T. Rusden,MF,0.0,0.0,0.0,0,0
2026-07-02,Rosario Central,E. Copetti,FW,0.0,0.0,0.0,0,0
2026-07-02,Rosario Central,A. Soto,DF,0.0,0.0,0.0,0,0
2026-07-02,Rosario Central,C. Quintana,DF,0.0,0.0,0.0,0,0
2026-07-02,Rosario Central,E. Verón,DF,0.0,0.0,0.0,0,0
2026-07-02,Rosario Central,J. Broun,GK,0.0,0.0,0.0,0,0
2026-07-02,Rosario Central,L. Raffin,DF,0.0,0.0,0.0,0,0
2026-07-02,Rosario Central,F. Mallo,DF,0.0,0.0,0.0,0,0
2026-07-02,Rosario Central,L. Ramos,DF,0.0,0.0,0.0,0,0
2026-07-02,Rosario Central,S. Segovia,MF,0.0,0.0,0.0,0,0
2026-07-02,Rosario Central,M. Cabrera,FW,0.0,0.0,0.0,0,0
2026-07-02,Rosario Central,F. Oviedo,FW,0.0,0.0,0.0,0,0
2026-07-02,Rosenborg BK,D. Ďuriš,FW,0.0,0.0,0.0,0,0
2026-07-02,Rosenborg BK,T. S. Dahl,DF,0.0,0.0,0.0,0,0
2026-07-02,Rosenborg BK,D. Islamović,FW,0.0,0.0,0.0,0,0
2026-07-02,Rosenborg BK,N. Sahsah,FW,0.0,0.0,0.0,0,0
2026-07-02,Rosenborg BK,I. Fossum,MF,0.0,0.0,0.0,0,0
2026-07-02,Rosenborg BK,R. Sandberg,GK,0.0,0.0,0.0,0,0
2026-07-02,Rosenborg BK,M. K. Ceide,DF,0.0,0.0,0.0,0,0
2026-07-02,Rosenborg BK,J. Mortensen,DF,0.0,0.0,0.0,0,0
2026-07-02,Rosenborg BK,A. Pereira,DF,0.0,0.0,0.0,0,0
2026-07-02,Royal Antwerp FC,F. Adekami,MF,0.0,0.0,0.0,0,0
2026-07-02,Royal Antwerp FC,R. V. Helden,DF,0.0,0.0,0.0,0,0
2026-07-02,Royal Antwerp FC,B. Kouyaté,DF,0.0,0.0,0.0,0,0
2026-07-02,Royal Antwerp FC,M. Al-Sahafi,FW,0.0,0.0,0.0,0,0
2026-07-02,Royal Antwerp FC,M. Benitez,MF,0.0,0.0,0.0,0,0
2026-07-02,Royal Antwerp FC,Y. Thoelen,GK,0.0,0.0,0.0,0,0
2026-07-02,Royal Antwerp FC,G. Bijl,DF,0.0,0.0,0.0,0,0
2026-07-02,Royal Antwerp FC,T. Somers,FW,0.0,0.0,0.0,0,0
2026-07-02,Royal Antwerp FC,G. Hairemans,MF,0.0,0.0,0.0,0,0
2026-07-02,SC Freiburg,P. Lienhart,DF,0.0,0.0,0.0,0,0
2026-07-02,SC Freiburg,I. Matanović,FW,0.0,0.0,0.0,0,0
2026-07-02,SC Freiburg,D. Scherhant,FW,0.0,0.0,0.0,0,0
2026-07-02,SC Freiburg,L. Kübler,DF,0.0,0.0,0.0,0,0
2026-07-02,SC Freiburg,N. Höfler,MF,0.0,0.0,0.0,0,0
2026-07-02,SC Freiburg,F. Müller,GK,0.0,0.0,0.0,0,0
2026-07-02,SC Freiburg,J. Makengo,DF,0.0,0.0,0.0,0,0
2026-07-02,SC Freiburg,C. Irié,FW,0.0,0.0,0.0,0,0
2026-07-02,SC Freiburg,M. Philipp,FW,0.0,0.0,0.0,0,0
2026-07-02,SC Freiburg,B. Ogbus,DF,0.0,0.0,0.0,0,0
2026-07-02,SC Freiburg,L. Höler,FW,0.0,0.0,0.0,0,0
2026-07-02,SC Freiburg,J. Huth,GK,0.0,0.0,0.0,0,0
2026-07-02,SC Freiburg,A. Jung,DF,0.0,0.0,0.0,0,0
2026-07-02,SC Freiburg,C. Günter,DF,0.0,0.0,0.0,0,0
2026-07-02,SC Freiburg,K. Steinmann,DF,0.0,0.0,0.0,0,0
2026-07-02,SC Freiburg,R. Tarnutzer,MF,0.0,0.0,0.0,0,0
2026-07-02,SC Heerenveen,L. Brouwers,MF,0.0,0.0,0.0,0,0
2026-07-02,SC Heerenveen,L. S. Nordås,FW,0.0,0.0,0.0,0,0
2026-07-02,SC Heerenveen,H. Petrov,DF,0.0,0.0,0.0,0,0
2026-07-02,SC Heerenveen,N. Courtens,MF,0.0,0.0,0.0,0,0
2026-07-02,SC Heerenveen,J. Bekkema,GK,0.0,0.0,0.0,0,0
2026-07-02,SC Heerenveen,N. Bakker,GK,0.0,0.0,0.0,0,0
2026-07-02,SC Heerenveen,I. Mulder,DF,0.0,0.0,0.0,0,0
2026-07-02,SC Heerenveen,M. Egbring,DF,0.0,0.0,0.0,0,0
2026-07-02,SC Heerenveen,I. Ahmed,MF,0.0,0.0,0.0,0,0
2026-07-02,SC Heerenveen,E. Gürbüz,FW,0.0,0.0,0.0,0,0
2026-07-02,SC Jacksonville,K. Sadlier,FW,0.0,0.0,0.0,0,0
2026-07-02,SC Jacksonville,E. Soto,FW,0.0,0.0,0.0,0,0
2026-07-02,SC Jacksonville,W. Kuzain,MF,0.0,0.0,0.0,0,0
2026-07-02,SC Jacksonville,J. Evans,MF,0.0,0.0,0.0,0,0
2026-07-02,SC Jacksonville,J. McGuire,GK,0.0,0.0,0.0,0,0
2026-07-02,SC Jacksonville,E. Dudley,DF,0.0,0.0,0.0,0,0
2026-07-02,SC Jacksonville,B. Soumaoro,MF,0.0,0.0,0.0,0,0
2026-07-02,SC Oțelul Galați,Kazu,DF,0.0,0.0,0.0,0,0
2026-07-02,SC Oțelul Galați,D. Neicu,DF,0.0,0.0,0.0,0,0
2026-07-02,SC Oțelul Galați,G. Debeljuh,FW,0.0,0.0,0.0,0,0
2026-07-02,SC Oțelul Galați,P. Nuno,MF,0.0,0.0,0.0,0,0
2026-07-02,SC Oțelul Galați,G. Ursu,GK,0.0,0.0,0.0,0,0
2026-07-02,SC Oțelul Galați,A. Rus,DF,0.0,0.0,0.0,0,0
2026-07-02,SC Oțelul Galați,B. Paz,MF,0.0,0.0,0.0,0,0
2026-07-02,SC Oțelul Galați,C. Chira,MF,0.0,0.0,0.0,0,0
2026-07-02,SC Oțelul Galați,D. Sandu,FW,0.0,0.0,0.0,0,0
2026-07-02,SD Eibar,S. M. Díaz,FW,0.0,0.0,0.0,0,0
2026-07-02,SD Eibar,O. Clement,FW,0.0,0.0,0.0,0,0
2026-07-02,SD Eibar,Z. Etxebeste,GK,0.0,0.0,0.0,0,0
2026-07-02,SD Eibar,U. Guezala,DF,0.0,0.0,0.0,0,0
2026-07-02,SD Eibar,A. Etxezarreta,DF,0.0,0.0,0.0,0,0
2026-07-02,SD Eibar,M. López Guerenu,DF,0.0,0.0,0.0,0,0
2026-07-02,SD Eibar,E. Valej,MF,0.0,0.0,0.0,0,0
2026-07-02,SD Eibar,M. U. Callejo,FW,0.0,0.0,0.0,0,0
2026-07-02,SD Eibar,I. Lacosta,FW,0.0,0.0,0.0,0,0
2026-07-02,SD Eibar,M. Masegur,DF,0.0,0.0,0.0,0,0
2026-07-02,SJK,D. Bulgakov,MF,0.0,0.0,0.0,0,0
2026-07-02,SJK,J. Streng,FW,0.0,0.0,0.0,0,0
2026-07-02,SJK,A. Boström,FW,0.0,0.0,0.0,0,0
2026-07-02,SJK,E. Mastokangas,MF,0.0,0.0,0.0,0,0
2026-07-02,SJK,J. Viitala,GK,0.0,0.0,0.0,0,0
2026-07-02,SJK,O. Väistö,DF,0.0,0.0,0.0,0,0
2026-07-02,SJK,J. Moisio,DF,0.0,0.0,0.0,0,0
2026-07-02,SJK,S. Yakubu,DF,0.0,0.0,0.0,0,0
2026-07-02,SJK,U. Djaló,MF,0.0,0.0,0.0,0,0
2026-07-02,SV Werder Bremen,I. Schmidt,DF,0.0,0.0,0.0,0,0
2026-07-02,SV Werder Bremen,S. Mbangula,FW,0.0,0.0,0.0,0,0
2026-07-02,SV Werder Bremen,M. Grüll,FW,0.0,0.0,0.0,0,0
2026-07-02,SV Werder Bremen,M. Wöber,DF,0.0,0.0,0.0,0,0
2026-07-02,SV Werder Bremen,M. Kolke,GK,0.0,0.0,0.0,0,0
2026-07-02,SV Werder Bremen,K. Coulibaly,DF,0.0,0.0,0.0,0,0
2026-07-02,SV Werder Bremen,N. Stark,DF,0.0,0.0,0.0,0,0
2026-07-02,SV Werder Bremen,P. Čović,MF,0.0,0.0,0.0,0,0
2026-07-02,SV Werder Bremen,J. Milošević,FW,0.0,0.0,0.0,0,0
2026-07-02,SV Zulte Waregem,J. Kiilerich,DF,0.0,0.0,0.0,0,0
2026-07-02,SV Zulte Waregem,E. Lofolomo,MF,0.0,0.0,0.0,0,0
2026-07-02,SV Zulte Waregem,A. Ementa,FW,0.0,0.0,0.0,0,0
2026-07-02,SV Zulte Waregem,S. Gavriel,DF,0.0,0.0,0.0,0,0
2026-07-02,SV Zulte Waregem,J. Erenbjerg,FW,0.0,0.0,0.0,0,0
2026-07-02,SV Zulte Waregem,L. Bostyn,GK,0.0,0.0,0.0,0,0
2026-07-02,SV Zulte Waregem,W. Paugain,DF,0.0,0.0,0.0,0,0
2026-07-02,SV Zulte Waregem,D. Asare,MF,0.0,0.0,0.0,0,0
2026-07-02,SV Zulte Waregem,S. V. Keymolen,MF,0.0,0.0,0.0,0,0
2026-07-02,Sacramento Republic FC,K. Edwards,FW,0.0,0.0,0.0,0,0
2026-07-02,Sacramento Republic FC,D. Wanner,FW,0.0,0.0,0.0,0,0
2026-07-02,Sacramento Republic FC,B. Willey,MF,0.0,0.0,0.0,0,0
2026-07-02,Sacramento Republic FC,C. Ukaegbu,DF,0.0,0.0,0.0,0,0
2026-07-02,Sacramento Republic FC,J. Randolph,GK,0.0,0.0,0.0,0,0
2026-07-02,Sacramento Republic FC,D. Kimbrough,FW,0.0,0.0,0.0,0,0
2026-07-02,Sacramento Republic FC,R. Chivukula,DF,0.0,0.0,0.0,0,0
2026-07-02,Samsunspor,A. Sousa,DF,0.0,0.0,0.0,0,0
2026-07-02,Samsunspor,T. Borevković,DF,0.0,0.0,0.0,0,0
2026-07-02,Samsunspor,E. Albak,DF,0.0,0.0,0.0,0,0
2026-07-02,Samsunspor,Z. Yavru,DF,0.0,0.0,0.0,0,0
2026-07-02,Samsunspor,E. Y. Üstün,GK,0.0,0.0,0.0,0,0
2026-07-02,Samsunspor,E. B. Törüz,GK,0.0,0.0,0.0,0,0
2026-07-02,Samsunspor,A. Diabaté,DF,0.0,0.0,0.0,0,0
2026-07-02,San Antonio FC,D. Pacheco,FW,0.0,0.0,0.0,0,0
2026-07-02,San Antonio FC,C. Calov,MF,0.0,0.0,0.0,0,0
2026-07-02,San Antonio FC,N. Blanco,DF,0.0,0.0,0.0,0,0
2026-07-02,San Antonio FC,L. Haakenson,MF,0.0,0.0,0.0,0,0
2026-07-02,San Antonio FC,R. Sánchez,GK,0.0,0.0,0.0,0,0
2026-07-02,San Antonio FC,D. Barbir,DF,0.0,0.0,0.0,0,0
2026-07-02,San Antonio FC,C. Sorto,FW,0.0,0.0,0.0,0,0
2026-07-02,San Antonio FC,D. Erofeev,MF,0.0,0.0,0.0,0,0
2026-07-02,San Antonio FC,L. Berrón,MF,0.0,0.0,0.0,0,0
2026-07-02,San Antonio FC,S. Patiño,FW,0.0,0.0,0.0,0,0
2026-07-02,San Diego FC,I. Pilcher,DF,0.0,0.0,0.0,0,0
2026-07-02,San Diego FC,L. Morgan,FW,0.0,0.0,0.0,0,0
2026-07-02,San Diego FC,A. Alvarado Jr,FW,0.0,0.0,0.0,0,0
2026-07-02,San Diego FC,W. Eisner,DF,0.0,0.0,0.0,0,0
2026-07-02,San Diego FC,D. Ferree,GK,0.0,0.0,0.0,0,0
2026-07-02,San Diego FC,B. Duke,MF,0.0,0.0,0.0,0,0
2026-07-02,San Diego FC,P. Soma,MF,0.0,0.0,0.0,0,0
2026-07-02,San Diego FC,B. Zamblé,FW,0.0,0.0,0.0,0,0
2026-07-02,San Diego FC,A. Mighten,FW,0.0,0.0,0.0,0,0
2026-07-02,San Diego FC,K. Sargeant,DF,0.0,0.0,0.0,0,0
2026-07-02,San Diego FC,J. Jackson,GK,0.0,0.0,0.0,0,0
2026-07-02,San Diego FC,A. Saidi,FW,0.0,0.0,0.0,0,0
2026-07-02,San Jose Earthquakes,J. Gonzalez,FW,0.0,0.0,0.0,0,0
2026-07-02,San Jose Earthquakes,I. Harkes,MF,0.0,0.0,0.0,0,0
2026-07-02,San Jose Earthquakes,J. Skahan,MF,0.0,0.0,0.0,0,0
2026-07-02,San Jose Earthquakes,J. Jasinski,DF,0.0,0.0,0.0,0,0
2026-07-02,San Jose Earthquakes,N. Adimabua,FW,0.0,0.0,0.0,0,0
2026-07-02,San Jose Earthquakes,N. Crockford,GK,0.0,0.0,0.0,0,0
2026-07-02,San Jose Earthquakes,M. Floriani,DF,0.0,0.0,0.0,0,0
2026-07-02,San Jose Earthquakes,N. Buck,MF,0.0,0.0,0.0,0,0
2026-07-02,San Jose Earthquakes,N. Fernandez,MF,0.0,0.0,0.0,0,0
2026-07-02,San Lorenzo,F. Gulli,MF,0.0,0.0,0.0,0,0
2026-07-02,San Lorenzo,M. Reali,FW,0.0,0.0,0.0,0,0
2026-07-02,San Lorenzo,A. Ladstatter,DF,0.0,0.0,0.0,0,0
2026-07-02,San Lorenzo,M. D. Ritis,DF,0.0,0.0,0.0,0,0
2026-07-02,San Lorenzo,D. Herazo,FW,0.0,0.0,0.0,0,0
2026-07-02,San Lorenzo,J. Devecchi,GK,0.0,0.0,0.0,0,0
2026-07-02,San Lorenzo,A. Cordoba,DF,0.0,0.0,0.0,0,0
2026-07-02,San Lorenzo,G. Corujo,DF,0.0,0.0,0.0,0,0
2026-07-02,San Lorenzo,G. Abrego,MF,0.0,0.0,0.0,0,0
2026-07-02,San Lorenzo,I. Perruzzi,MF,0.0,0.0,0.0,0,0
2026-07-02,Sandefjord Fotball,E. Pettersen,MF,0.0,0.0,0.0,0,0
2026-07-02,Sandefjord Fotball,R. Dzabic,MF,0.0,0.0,0.0,0,0
2026-07-02,Sandefjord Fotball,S. Mathisen,FW,0.0,0.0,0.0,0,0
2026-07-02,Sandefjord Fotball,S. Kristiansen,DF,0.0,0.0,0.0,0,0
2026-07-02,Sandefjord Fotball,A. Grønneberg,GK,0.0,0.0,0.0,0,0
2026-07-02,Sandefjord Fotball,H. Skretteberg,DF,0.0,0.0,0.0,0,0
2026-07-02,Sandefjord Fotball,A. Blomdahl,MF,0.0,0.0,0.0,0,0
2026-07-02,Sandefjord Fotball,K. Halvorsen,MF,0.0,0.0,0.0,0,0
2026-07-02,Sandefjord Fotball,A. Foster,FW,0.0,0.0,0.0,0,0
2026-07-02,Sanfrecce Hiroshima,T. Matsumoto,MF,0.0,0.0,0.0,0,0
2026-07-02,Sanfrecce Hiroshima,R. Germain,FW,0.0,0.0,0.0,0,0
2026-07-02,Sanfrecce Hiroshima,S. Takaaki,DF,0.0,0.0,0.0,0,0
2026-07-02,Sanfrecce Hiroshima,A. Suzuki,FW,0.0,0.0,0.0,0,0
2026-07-02,Sanfrecce Hiroshima,I. Ouchi,GK,0.0,0.0,0.0,0,0
2026-07-02,Sanfrecce Hiroshima,D. Suga,MF,0.0,0.0,0.0,0,0
2026-07-02,Sanfrecce Hiroshima,C. Yusuke,MF,0.0,0.0,0.0,0,0
2026-07-02,Sanfrecce Hiroshima,M. Ohara,MF,0.0,0.0,0.0,0,0
2026-07-02,Sanfrecce Hiroshima,S. Kobayashi,MF,0.0,0.0,0.0,0,0
2026-07-02,Sanfrecce Hiroshima,M. Naoki,FW,0.0,0.0,0.0,0,0
2026-07-02,Santos,L. Peres,DF,0.0,0.0,0.0,0,0
2026-07-02,Santos,Thaciano,MF,0.0,0.0,0.0,0,0
2026-07-02,Santos,Á. Barreal,MF,0.0,0.0,0.0,0,0
2026-07-02,Santos,Rony,FW,0.0,0.0,0.0,0,0
2026-07-02,Santos,M. Xavier,FW,0.0,0.0,0.0,0,0
2026-07-02,Santos,Diogenes,GK,0.0,0.0,0.0,0,0
2026-07-02,Santos,A. Frías,DF,0.0,0.0,0.0,0,0
2026-07-02,Santos,Z. Rafael,MF,0.0,0.0,0.0,0,0
2026-07-02,Santos,Willian Arão,MF,0.0,0.0,0.0,0,0
2026-07-02,Santos,Robinho Jr,FW,0.0,0.0,0.0,0,0
2026-07-02,Santos,Miguelito,MF,0.0,0.0,0.0,0,0
2026-07-02,Santos,Moisés,FW,0.0,0.0,0.0,0,0
2026-07-02,Sarpsborg 08,A. Hansen,MF,0.0,0.0,0.0,0,0
2026-07-02,Sarpsborg 08,N. Williams,DF,0.0,0.0,0.0,0,0
2026-07-02,Sarpsborg 08,M. Odegaard,DF,0.0,0.0,0.0,0,0
2026-07-02,Sarpsborg 08,M. Svenningsen-Grønn,MF,0.0,0.0,0.0,0,0
2026-07-02,Sarpsborg 08,J. H. Skjøren,GK,0.0,0.0,0.0,0,0
2026-07-02,Sarpsborg 08,M. M. Eidal,DF,0.0,0.0,0.0,0,0
2026-07-02,Sarpsborg 08,C. Niyukuri,DF,0.0,0.0,0.0,0,0
2026-07-02,Sarpsborg 08,C. Kouakou,MF,0.0,0.0,0.0,0,0
2026-07-02,Sarpsborg 08,V. E. Halvorsen,MF,0.0,0.0,0.0,0,0
2026-07-02,Sarpsborg 08,L. Øy,GK,0.0,0.0,0.0,0,0
2026-07-02,Sarpsborg 08,E. Wichne,DF,0.0,0.0,0.0,0,0
2026-07-02,Sassuolo,W. Coulibaly,DF,0.0,0.0,0.0,0,0
2026-07-02,Sassuolo,L. Lipani,MF,0.0,0.0,0.0,0,0
2026-07-02,Sassuolo,C. Volpato,MF,0.0,0.0,0.0,0,0
2026-07-02,Sassuolo,A. Pinamonti,FW,0.0,0.0,0.0,0,0
2026-07-02,Sassuolo,A. Fadera,FW,0.0,0.0,0.0,0,0
2026-07-02,Sassuolo,A. Murić,GK,0.0,0.0,0.0,0,0
2026-07-02,Sassuolo,G. Zacchi,GK,0.0,0.0,0.0,0,0
2026-07-02,Sassuolo,G. Satalino,GK,0.0,0.0,0.0,0,0
2026-07-02,Sassuolo,F. Romagna,DF,0.0,0.0,0.0,0,0
2026-07-02,Sassuolo,J. Doig,DF,0.0,0.0,0.0,0,0
2026-07-02,Sassuolo,P. Felipe,DF,0.0,0.0,0.0,0,0
2026-07-02,Sassuolo,C. Frangella,MF,0.0,0.0,0.0,0,0
2026-07-02,Sassuolo,A. Vranckx,MF,0.0,0.0,0.0,0,0
2026-07-02,Sassuolo,E. Iannoni,MF,0.0,0.0,0.0,0,0
2026-07-02,Sassuolo,L. Moro,FW,0.0,0.0,0.0,0,0
2026-07-02,Sassuolo,I. Koné,MF,0.0,0.0,0.0,0,0
2026-07-02,Sassuolo,D. Berardi,FW,0.0,0.0,0.0,0,0
2026-07-02,Sassuolo,U. Garcia,DF,0.0,0.0,0.0,0,0
2026-07-02,Sassuolo,M. Nzola,FW,0.0,0.0,0.0,0,0
2026-07-02,Sassuolo,D. Bakola,MF,0.0,0.0,0.0,0,0
2026-07-02,Seattle Sounders FC,A. López,DF,0.0,0.0,0.0,0,0
2026-07-02,Seattle Sounders FC,P. Kingston,MF,0.0,0.0,0.0,0,0
2026-07-02,Seattle Sounders FC,D. Musovski,FW,0.0,0.0,0.0,0,0
2026-07-02,Seattle Sounders FC,S. Frei,GK,0.0,0.0,0.0,0,0
2026-07-02,Seattle Sounders FC,K. Kee-hee,DF,0.0,0.0,0.0,0,0
2026-07-02,Seattle Sounders FC,P. Arriola,FW,0.0,0.0,0.0,0,0
2026-07-02,Seattle Sounders FC,H. Dotson,MF,0.0,0.0,0.0,0,0
2026-07-02,Seattle Sounders FC,S. Gomez,MF,0.0,0.0,0.0,0,0
2026-07-02,Seattle Sounders FC,O. D. Rosario,FW,0.0,0.0,0.0,0,0
2026-07-02,Servette FC,L. Srdanovic,DF,0.0,0.0,0.0,0,0
2026-07-02,Servette FC,S. Mráz,FW,0.0,0.0,0.0,0,0
2026-07-02,Servette FC,L. Njoh,DF,0.0,0.0,0.0,0,0
2026-07-02,Servette FC,G. Morandi,MF,0.0,0.0,0.0,0,0
2026-07-02,Servette FC,J. Guillemenot,FW,0.0,0.0,0.0,0,0
2026-07-02,Servette FC,L. Rieder,GK,0.0,0.0,0.0,0,0
2026-07-02,Servette FC,M. Ishuayed,FW,0.0,0.0,0.0,0,0
2026-07-02,Servette FC,A. Jallow,MF,0.0,0.0,0.0,0,0
2026-07-02,Servette FC,M. Mardochee,FW,0.0,0.0,0.0,0,0
2026-07-02,Servette FC,G. Ondoua,MF,0.0,0.0,0.0,0,0
2026-07-02,Servette FC,S. Djoho,DF,0.0,0.0,0.0,0,0
2026-07-02,Servette FC,A. Vincent,MF,0.0,0.0,0.0,0,0
2026-07-02,Servette FC,T. Nunez,FW,0.0,0.0,0.0,0,0
2026-07-02,Sevilla,J. Sánchez,GK,0.0,0.0,0.0,0,0
2026-07-02,Sevilla,P. Fernández,FW,0.0,0.0,0.0,0,0
2026-07-02,Sevilla,Oso,DF,0.0,0.0,0.0,0,0
2026-07-02,Sevilla,Ø. Nyland,GK,0.0,0.0,0.0,0,0
2026-07-02,Sevilla,C. Azpilicueta,DF,0.0,0.0,0.0,0,0
2026-07-02,Sevilla,T. Nianzou,DF,0.0,0.0,0.0,0,0
2026-07-02,Sevilla,A. Januzaj,MF,0.0,0.0,0.0,0,0
2026-07-02,Sevilla,N. Guillén,MF,0.0,0.0,0.0,0,0
2026-07-02,Sevilla,J. Jordán,MF,0.0,0.0,0.0,0,0
2026-07-02,Sevilla,A. Adams,FW,0.0,0.0,0.0,0,0
2026-07-02,Sevilla,D. Sow,MF,0.0,0.0,0.0,0,0
2026-07-02,Shandong Taishan,P. Xiao,DF,0.0,0.0,0.0,0,0
2026-07-02,Shandong Taishan,I. Memet,MF,0.0,0.0,0.0,0,0
2026-07-02,Shandong Taishan,L. Duan,MF,0.0,0.0,0.0,0,0
2026-07-02,Shandong Taishan,T. Wang,DF,0.0,0.0,0.0,0,0
2026-07-02,Shandong Taishan,Y. Jinyong,GK,0.0,0.0,0.0,0,0
2026-07-02,Shandong Taishan,Q. Liu,GK,0.0,0.0,0.0,0,0
2026-07-02,Shandong Taishan,Z. Zheng,DF,0.0,0.0,0.0,0,0
2026-07-02,Shandong Taishan,S. Songchen,DF,0.0,0.0,0.0,0,0
2026-07-02,Shandong Taishan,Y. Jiaxi,MF,0.0,0.0,0.0,0,0
2026-07-02,Shandong Taishan,B. Liu,MF,0.0,0.0,0.0,0,0
2026-07-02,Shandong Taishan,P. Yixiang,FW,0.0,0.0,0.0,0,0
2026-07-02,Shandong Taishan,R. Merkies,FW,0.0,0.0,0.0,0,0
2026-07-02,Shandong Taishan,Y. Ruiqi,DF,0.0,0.0,0.0,0,0
2026-07-02,Shandong Taishan,C. Pu,FW,0.0,0.0,0.0,0,0
2026-07-02,Shanghai Port,Z. Linpeng,DF,0.0,0.0,0.0,0,0
2026-07-02,Shanghai Port,Y. Xin,DF,0.0,0.0,0.0,0,0
2026-07-02,Shanghai Port,L. Zhurun,FW,0.0,0.0,0.0,0,0
2026-07-02,Shanghai Port,Leonardo,FW,0.0,0.0,0.0,0,0
2026-07-02,Shanghai Port,W. Lei,FW,0.0,0.0,0.0,0,0
2026-07-02,Shanghai Port,L. Zhiliang,GK,0.0,0.0,0.0,0,0
2026-07-02,Shanghai Port,C. Wei,GK,0.0,0.0,0.0,0,0
2026-07-02,Shanghai Port,J. Yufei,DF,0.0,0.0,0.0,0,0
2026-07-02,Shanghai Port,W. Zhenao,DF,0.0,0.0,0.0,0,0
2026-07-02,Shanghai Port,D. Wang,DF,0.0,0.0,0.0,0,0
2026-07-02,Shanghai Port,L. Yongtao,MF,0.0,0.0,0.0,0,0
2026-07-02,Shanghai Port,M. Orr,FW,0.0,0.0,0.0,0,0
2026-07-02,Shanghai Port,J. Guangtai,DF,0.0,0.0,0.0,0,0
2026-07-02,Shanghai Port,L. Ruofan,MF,0.0,0.0,0.0,0,0
2026-07-02,Shanghai Shenhua,X. Pengfei,MF,0.0,0.0,0.0,0,0
2026-07-02,Shanghai Shenhua,Y. Shuai,DF,0.0,0.0,0.0,0,0
2026-07-02,Shanghai Shenhua,X. Haoyang,MF,0.0,0.0,0.0,0,0
2026-07-02,Shanghai Shenhua,W. Qipeng,DF,0.0,0.0,0.0,0,0
2026-07-02,Shanghai Shenhua,Y. Zexiang,DF,0.0,0.0,0.0,0,0
2026-07-02,Shanghai Shenhua,Z. Ma,GK,0.0,0.0,0.0,0,0
2026-07-02,Shanghai Shenhua,Z. Yue,DF,0.0,0.0,0.0,0,0
2026-07-02,Shanghai Shenhua,Y. Haoyu,MF,0.0,0.0,0.0,0,0
2026-07-02,Shanghai Shenhua,H. Jiawen,MF,0.0,0.0,0.0,0,0
2026-07-02,Shanghai Shenhua,W. Jie,GK,0.0,0.0,0.0,0,0
2026-07-02,Shanghai Shenhua,Saulo Mineiro,FW,0.0,0.0,0.0,0,0
2026-07-02,Shanghai Shenhua,H. Ming,DF,0.0,0.0,0.0,0,0
2026-07-02,Shanghai Shenhua,L. Chengyu,FW,0.0,0.0,0.0,0,0
2026-07-02,Shenzhen Peng City,L. Long,MF,0.0,0.0,0.0,0,0
2026-07-02,Shenzhen Peng City,J. Yao,MF,0.0,0.0,0.0,0,0
2026-07-02,Shenzhen Peng City,W. Minzhe,GK,0.0,0.0,0.0,0,0
2026-07-02,Shenzhen Peng City,J. Jiabao,GK,0.0,0.0,0.0,0,0
2026-07-02,Shenzhen Peng City,W. Yuheng,MF,0.0,0.0,0.0,0,0
2026-07-02,Shenzhen Peng City,H. Jiajin,MF,0.0,0.0,0.0,0,0
2026-07-02,Shenzhen Peng City,S. Hujahmat,FW,0.0,0.0,0.0,0,0
2026-07-02,Shenzhen Peng City,L. Ning,MF,0.0,0.0,0.0,0,0
2026-07-02,Shenzhen Peng City,Y. Junyi,DF,0.0,0.0,0.0,0,0
2026-07-02,Shenzhen Peng City,X. Dalong,FW,0.0,0.0,0.0,0,0
2026-07-02,Shenzhen Peng City,D. O. Sekyere,FW,0.0,0.0,0.0,0,0
2026-07-02,Shenzhen Peng City,E. Karzev,MF,0.0,0.0,0.0,0,0
2026-07-02,Shimizu S-Pulse,Y. Oki,GK,0.0,0.0,0.0,0,0
2026-07-02,Shimizu S-Pulse,Capixaba,MF,0.0,0.0,0.0,0,0
2026-07-02,Shimizu S-Pulse,Y. Honda,DF,0.0,0.0,0.0,0,0
2026-07-02,Shimizu S-Pulse,K. Chiba,FW,0.0,0.0,0.0,0,0
2026-07-02,Shimizu S-Pulse,A. Ahmedov,FW,0.0,0.0,0.0,0,0
2026-07-02,Shimizu S-Pulse,S. Hasukawa,DF,0.0,0.0,0.0,0,0
2026-07-02,Shimizu S-Pulse,K. Kozuka,MF,0.0,0.0,0.0,0,0
2026-07-02,Shimizu S-Pulse,R. Ohata,MF,0.0,0.0,0.0,0,0
2026-07-02,Shimizu S-Pulse,M. Yumiba,MF,0.0,0.0,0.0,0,0
2026-07-02,Shimizu S-Pulse,T. Sasaki,GK,0.0,0.0,0.0,0,0
2026-07-02,Shimizu S-Pulse,K. Matsuzaki,MF,0.0,0.0,0.0,0,0
2026-07-02,Shimizu S-Pulse,O. Se-Hun,FW,0.0,0.0,0.0,0,0
2026-07-02,Shimizu S-Pulse,Y. Yoshida,DF,0.0,0.0,0.0,0,0
2026-07-02,Shimizu S-Pulse,H. Hidaka,DF,0.0,0.0,0.0,0,0
2026-07-02,Shooting Stars,M. Lawal,GK,0.0,0.0,0.0,0,0
2026-07-02,Shooting Stars,G. Adelowo,DF,0.0,0.0,0.0,0,0
2026-07-02,Shooting Stars,I. U. Utin,DF,0.0,0.0,0.0,0,0
2026-07-02,Shooting Stars,A. Abayomi,MF,0.0,0.0,0.0,0,0
2026-07-02,Shooting Stars,C. R. Habu,MF,0.0,0.0,0.0,0,0
2026-07-02,Shooting Stars,T. Azeez,MF,0.0,0.0,0.0,0,0
2026-07-02,Shooting Stars,Q. Adegoke,FW,0.0,0.0,0.0,0,0
2026-07-02,Shooting Stars,A. Balogun,FW,0.0,0.0,0.0,0,0
2026-07-02,Shooting Stars,O. Olaloke,FW,0.0,0.0,0.0,0,0
2026-07-02,Sint-Truidense VV,S. Juklerød,DF,0.0,0.0,0.0,0,0
2026-07-02,Sint-Truidense VV,K. Matsuzawa,FW,0.0,0.0,0.0,0,0
2026-07-02,Sint-Truidense VV,L. Mbe Soh,DF,0.0,0.0,0.0,0,0
2026-07-02,Sint-Truidense VV,A. Diriken,MF,0.0,0.0,0.0,0,0
2026-07-02,Sint-Truidense VV,O. Diouf,FW,0.0,0.0,0.0,0,0
2026-07-02,Sint-Truidense VV,M. Lendfers,GK,0.0,0.0,0.0,0,0
2026-07-02,Sint-Truidense VV,W. Janssens,DF,0.0,0.0,0.0,0,0
2026-07-02,Sint-Truidense VV,A. Nhaili,FW,0.0,0.0,0.0,0,0
2026-07-02,Sint-Truidense VV,S. Shinkawa,FW,0.0,0.0,0.0,0,0
2026-07-02,Slavia Sofia,V. Yotov,MF,0.0,0.0,0.0,0,0
2026-07-02,Slavia Sofia,M. Miletic,FW,0.0,0.0,0.0,0,0
2026-07-02,Slavia Sofia,L. Ivanov,DF,0.0,0.0,0.0,0,0
2026-07-02,Slavia Sofia,E. Gogev,FW,0.0,0.0,0.0,0,0
2026-07-02,Slavia Sofia,L. Kostov,FW,0.0,0.0,0.0,0,0
2026-07-02,Slavia Sofia,I. Andonov,GK,0.0,0.0,0.0,0,0
2026-07-02,Slavia Sofia,M. Lazarov,DF,0.0,0.0,0.0,0,0
2026-07-02,Slavia Sofia,V. Medved,MF,0.0,0.0,0.0,0,0
2026-07-02,Slavia Sofia,T. C. Chan,MF,0.0,0.0,0.0,0,0
2026-07-02,Southampton,R. Stewart,FW,0.0,0.0,0.0,0,0
2026-07-02,Southampton,K. Matsuki,MF,0.0,0.0,0.0,0,0
2026-07-02,Southampton,S. Charles,MF,0.0,0.0,0.0,0,0
2026-07-02,Southampton,S. Edozie,MF,0.0,0.0,0.0,0,0
2026-07-02,Southampton,G. Long,GK,0.0,0.0,0.0,0,0
2026-07-02,Southampton,Welington,DF,0.0,0.0,0.0,0,0
2026-07-02,Southampton,J. Quarshie,DF,0.0,0.0,0.0,0,0
2026-07-02,Southampton,C. Bragg,MF,0.0,0.0,0.0,0,0
2026-07-02,Southampton,C. Archer,FW,0.0,0.0,0.0,0,0
2026-07-02,Sparta Rotterdam,B. Martins Indi,DF,0.0,0.0,0.0,0,0
2026-07-02,Sparta Rotterdam,P. Clement,MF,0.0,0.0,0.0,0,0
2026-07-02,Sparta Rotterdam,M. Zonneveld,FW,0.0,0.0,0.0,0,0
2026-07-02,Sparta Rotterdam,P. Kuiper,GK,0.0,0.0,0.0,0,0
2026-07-02,Sparta Rotterdam,F. Bednarek,GK,0.0,0.0,0.0,0,0
2026-07-02,Sparta Rotterdam,S. Sambo,DF,0.0,0.0,0.0,0,0
2026-07-02,Sparta Rotterdam,P. v. Aanholt,DF,0.0,0.0,0.0,0,0
2026-07-02,Sparta Rotterdam,J. Baas,MF,0.0,0.0,0.0,0,0
2026-07-02,Sparta Rotterdam,J. Toornstra,MF,0.0,0.0,0.0,0,0
2026-07-02,Sparta Rotterdam,J. d. Guzmán,MF,0.0,0.0,0.0,0,0
2026-07-02,Sparta Rotterdam,A. Roaldsøy,MF,0.0,0.0,0.0,0,0
2026-07-02,Sparta Rotterdam,C. Terho,FW,0.0,0.0,0.0,0,0
2026-07-02,Sport Recife,Marlon,FW,0.0,0.0,0.0,0,0
2026-07-02,Sport Recife,A. Pucci,DF,0.0,0.0,0.0,0,0
2026-07-02,Sport Recife,Y. Felipe,MF,0.0,0.0,0.0,0,0
2026-07-02,Sport Recife,Max,MF,0.0,0.0,0.0,0,0
2026-07-02,Sport Recife,I. Castilho,FW,0.0,0.0,0.0,0,0
2026-07-02,Sport Recife,Halls,GK,0.0,0.0,0.0,0,0
2026-07-02,Sport Recife,Z. Marcos,DF,0.0,0.0,0.0,0,0
2026-07-02,Sport Recife,Habraão,DF,0.0,0.0,0.0,0,0
2026-07-02,Sport Recife,E. Lucas,DF,0.0,0.0,0.0,0,0
2026-07-02,Sport Recife,G. Maia,FW,0.0,0.0,0.0,0,0
2026-07-02,Sport Recife,Zé Gabriel,MF,0.0,0.0,0.0,0,0
2026-07-02,Sport Recife,P. Victor,FW,0.0,0.0,0.0,0,0
2026-07-02,Sporting Braga,L. Pinto,MF,0.0,0.0,0.0,0,0
2026-07-02,Sporting Braga,F. Navarro,FW,0.0,0.0,0.0,0,0
2026-07-02,Sporting Braga,T. Sá,GK,0.0,0.0,0.0,0,0
2026-07-02,Sporting Braga,R. Silva,FW,0.0,0.0,0.0,0,0
2026-07-02,Sporting Braga,J. Noro,DF,0.0,0.0,0.0,0,0
2026-07-02,Sporting Braga,A. Gil,MF,0.0,0.0,0.0,0,0
2026-07-02,Sporting Braga,Y. d. Rocha,MF,0.0,0.0,0.0,0,0
2026-07-02,Sporting Braga,G. Moscardo,MF,0.0,0.0,0.0,0,0
2026-07-02,Sporting Braga,G. Martínez,FW,0.0,0.0,0.0,0,0
2026-07-02,Sporting Braga,A. Bellaarouch,GK,0.0,0.0,0.0,0,0
2026-07-02,Sporting Braga,L. Lelo,DF,0.0,0.0,0.0,0,0
2026-07-02,Sporting Braga,A. E. Ouazzani,FW,0.0,0.0,0.0,0,0
2026-07-02,Sporting Braga,R. Horta,FW,0.0,0.0,0.0,0,0
2026-07-02,Sporting CP,Luis Guilherme,FW,0.0,0.0,0.0,0,0
2026-07-02,Sporting CP,N. Santos,DF,0.0,0.0,0.0,0,0
2026-07-02,Sporting CP,G. Kochorashvili,MF,0.0,0.0,0.0,0,0
2026-07-02,Sporting CP,G. Quenda,MF,0.0,0.0,0.0,0,0
2026-07-02,Sporting CP,O. Diomande,DF,0.0,0.0,0.0,0,0
2026-07-02,Sporting CP,J. Virgínia,GK,0.0,0.0,0.0,0,0
2026-07-02,Sporting CP,R. Mangas,DF,0.0,0.0,0.0,0,0
2026-07-02,Sporting CP,G. Vagiannidis,DF,0.0,0.0,0.0,0,0
2026-07-02,Sporting CP,R. Nel,FW,0.0,0.0,0.0,0,0
2026-07-02,Sporting Gijón,P. García,DF,0.0,0.0,0.0,0,0
2026-07-02,Sporting Gijón,E. Curbelo,DF,0.0,0.0,0.0,0,0
2026-07-02,Sporting Gijón,D. Queipo,FW,0.0,0.0,0.0,0,0
2026-07-02,Sporting Gijón,A. Coundoul,FW,0.0,0.0,0.0,0,0
2026-07-02,Sporting Gijón,M. Conde,FW,0.0,0.0,0.0,0,0
2026-07-02,Sporting Gijón,I. Venteo,GK,0.0,0.0,0.0,0,0
2026-07-02,Sporting Gijón,C. Sanchez,GK,0.0,0.0,0.0,0,0
2026-07-02,Sporting Gijón,L. Perrin,DF,0.0,0.0,0.0,0,0
2026-07-02,Sporting Gijón,K. Vázquez,DF,0.0,0.0,0.0,0,0
2026-07-02,Sporting Gijón,J. Bernal,MF,0.0,0.0,0.0,0,0
2026-07-02,Sporting Gijón,M. Rodriguez,MF,0.0,0.0,0.0,0,0
2026-07-02,Sporting Gijón,A. Oyón,FW,0.0,0.0,0.0,0,0
2026-07-02,Sporting Kansas City,I. James,DF,0.0,0.0,0.0,0,0
2026-07-02,Sporting Kansas City,C. Harris,FW,0.0,0.0,0.0,0,0
2026-07-02,Sporting Kansas City,Z. Bassong,DF,0.0,0.0,0.0,0,0
2026-07-02,Sporting Kansas City,T. Calheira,FW,0.0,0.0,0.0,0,0
2026-07-02,Sporting Kansas City,S. Afrifa,FW,0.0,0.0,0.0,0,0
2026-07-02,Sporting Kansas City,R. Schewe,GK,0.0,0.0,0.0,0,0
2026-07-02,Sporting Kansas City,J. Pulskamp,GK,0.0,0.0,0.0,0,0
2026-07-02,Sporting Kansas City,P. Lurot,DF,0.0,0.0,0.0,0,0
2026-07-02,Sporting Kansas City,M. Tschantret,MF,0.0,0.0,0.0,0,0
2026-07-02,St. Mirren,S. Tanser,DF,0.0,0.0,0.0,0,0
2026-07-02,St. Mirren,J. Richardson,DF,0.0,0.0,0.0,0,0
2026-07-02,St. Mirren,J. Young,FW,0.0,0.0,0.0,0,0
2026-07-02,St. Mirren,R. King,DF,0.0,0.0,0.0,0,0
2026-07-02,St. Mirren,L. Douglas,FW,0.0,0.0,0.0,0,0
2026-07-02,St. Mirren,G. Tamosevicius,GK,0.0,0.0,0.0,0,0
2026-07-02,St. Mirren,T. Falconer,DF,0.0,0.0,0.0,0,0
2026-07-02,St. Mirren,R. Duff,FW,0.0,0.0,0.0,0,0
2026-07-02,St. Mirren,J. Calvin,FW,0.0,0.0,0.0,0,0
2026-07-02,St.Louis City,M. Mbacke,DF,0.0,0.0,0.0,0,0
2026-07-02,St.Louis City,S. Córdova,FW,0.0,0.0,0.0,0,0
2026-07-02,St.Louis City,F. Fall,DF,0.0,0.0,0.0,0,0
2026-07-02,St.Louis City,M. Joyner,MF,0.0,0.0,0.0,0,0
2026-07-02,St.Louis City,B. McSorley,FW,0.0,0.0,0.0,0,0
2026-07-02,St.Louis City,B. Lundt,GK,0.0,0.0,0.0,0,0
2026-07-02,St.Louis City,J. Orozco,DF,0.0,0.0,0.0,0,0
2026-07-02,St.Louis City,R. Santos,DF,0.0,0.0,0.0,0,0
2026-07-02,St.Louis City,C. Teuchert,FW,0.0,0.0,0.0,0,0
2026-07-02,St.Louis City,M. Perez,DF,0.0,0.0,0.0,0,0
2026-07-02,St.Louis City,L. MacNaughton,DF,0.0,0.0,0.0,0,0
2026-07-02,St.Louis City,E. Löwen,MF,0.0,0.0,0.0,0,0
2026-07-02,Stade Brestois,E. Ebimbe,MF,0.0,0.0,0.0,0,0
2026-07-02,Stade Brestois,H. Makalou,MF,0.0,0.0,0.0,0,0
2026-07-02,Stade Brestois,K. Doumbia,MF,0.0,0.0,0.0,0,0
2026-07-02,Stade Brestois,M. Baldé,FW,0.0,0.0,0.0,0,0
2026-07-02,Stade Brestois,P. Mboup,FW,0.0,0.0,0.0,0,0
2026-07-02,Stade Brestois,R. Majecki,GK,0.0,0.0,0.0,0,0
2026-07-02,Stade Brestois,N. Jauny,GK,0.0,0.0,0.0,0,0
2026-07-02,Stade Brestois,S. Diop,FW,0.0,0.0,0.0,0,0
2026-07-02,Stade Rennais,L. Blas,FW,0.0,0.0,0.0,0,0
2026-07-02,Stade Rennais,M. Nagida,DF,0.0,0.0,0.0,0,0
2026-07-02,Stade Rennais,D. Cissé,MF,0.0,0.0,0.0,0,0
2026-07-02,Stade Rennais,N. Mukiele,FW,0.0,0.0,0.0,0,0
2026-07-02,Stade Rennais,Y. Zabiri,FW,0.0,0.0,0.0,0,0
2026-07-02,Stade Rennais,K. Belazzoug,GK,0.0,0.0,0.0,0,0
2026-07-02,Stade Rennais,M. Silistrie,GK,0.0,0.0,0.0,0,0
2026-07-02,Stade Rennais,A. Rouault,DF,0.0,0.0,0.0,0,0
2026-07-02,Stade Rennais,G. Kamara,MF,0.0,0.0,0.0,0,0
2026-07-02,Stade Tunisien,A. Dkhili,GK,0.0,0.0,0.0,0,0
2026-07-02,Stade Tunisien,M. I. Riahi,DF,0.0,0.0,0.0,0,0
2026-07-02,Stade Tunisien,S. Sghaier,DF,0.0,0.0,0.0,0,0
2026-07-02,Stade Tunisien,Y. Toure,MF,0.0,0.0,0.0,0,0
2026-07-02,Stade Tunisien,Y. Dhaflaoui,FW,0.0,0.0,0.0,0,0
2026-07-02,Stade Tunisien,G. Emmanuel,FW,0.0,0.0,0.0,0,0
2026-07-02,Stade Tunisien,A. Haboubi,FW,0.0,0.0,0.0,0,0
2026-07-02,Stade Tunisien,Y. Arfaoui,MF,0.0,0.0,0.0,0,0
2026-07-02,Stade Tunisien,A. Jaouadi,MF,0.0,0.0,0.0,0,0
2026-07-02,Stade Tunisien,W. Ouerghemmi,DF,0.0,0.0,0.0,0,0
2026-07-02,Stade Tunisien,R. E. Riahi,MF,0.0,0.0,0.0,0,0
2026-07-02,Stade Tunisien,M. A. Khemissi,FW,0.0,0.0,0.0,0,0
2026-07-02,Stade Tunisien,M. Gharbi,FW,0.0,0.0,0.0,0,0
2026-07-02,Stade Tunisien,A. Jaziri,MF,0.0,0.0,0.0,0,0
2026-07-02,Standard Liège,J. Homawoo,DF,0.0,0.0,0.0,0,0
2026-07-02,Standard Liège,T. Mohr,MF,0.0,0.0,0.0,0,0
2026-07-02,Standard Liège,D. Eckert Ayensa,FW,0.0,0.0,0.0,0,0
2026-07-02,Standard Liège,N. Mehssatou,DF,0.0,0.0,0.0,0,0
2026-07-02,Standard Liège,B. Nguene,FW,0.0,0.0,0.0,0,0
2026-07-02,Standard Liège,L. Pirard,GK,0.0,0.0,0.0,0,0
2026-07-02,Standard Liège,D. Dierckx,DF,0.0,0.0,0.0,0,0
2026-07-02,Standard Liège,S. Assengue,MF,0.0,0.0,0.0,0,0
2026-07-02,Standard Liège,C. Spoden,MF,0.0,0.0,0.0,0,0
2026-07-02,Standard Liège,M. Ilaimaharitra,MF,0.0,0.0,0.0,0,0
2026-07-02,Standard Liège,T. Teuma,MF,0.0,0.0,0.0,0,0
2026-07-02,Sunderland,N. Angulo,FW,0.0,0.0,0.0,0,0
2026-07-02,Sunderland,E. Mayenda,FW,0.0,0.0,0.0,0,0
2026-07-02,Sunderland,M. Ellborg,GK,0.0,0.0,0.0,0,0
2026-07-02,Sunderland,L. O'Nien,MF,0.0,0.0,0.0,0,0
2026-07-02,Sunderland,D. Cirkin,DF,0.0,0.0,0.0,0,0
2026-07-02,Sunderland,C. Rigg,MF,0.0,0.0,0.0,0,0
2026-07-02,Sunderland,H. Diarra,MF,0.0,0.0,0.0,0,0
2026-07-02,Sunderland,J. T. Bi,FW,0.0,0.0,0.0,0,0
2026-07-02,Sunderland,W. Isidor,FW,0.0,0.0,0.0,0,0
2026-07-02,São Bernardo,F. García,FW,0.0,0.0,0.0,0,0
2026-07-02,São Bernardo,Fabrício Daniel,FW,0.0,0.0,0.0,0,0
2026-07-02,São Bernardo,Hyoran,MF,0.0,0.0,0.0,0,0
2026-07-02,São Bernardo,Marcão Silva,MF,0.0,0.0,0.0,0,0
2026-07-02,São Bernardo,Pedrinho,FW,0.0,0.0,0.0,0,0
2026-07-02,São Bernardo,Matheus Nogueira,GK,0.0,0.0,0.0,0,0
2026-07-02,São Bernardo,Hugo,DF,0.0,0.0,0.0,0,0
2026-07-02,São Bernardo,W. Manzoli,DF,0.0,0.0,0.0,0,0
2026-07-02,São Bernardo,Lucas Fernandes,MF,0.0,0.0,0.0,0,0
2026-07-02,São Bernardo,D. D. S. Roque,FW,0.0,0.0,0.0,0,0
2026-07-02,São Bernardo,P. Dyego,FW,0.0,0.0,0.0,0,0
2026-07-02,São Paulo,C. Soares,DF,0.0,0.0,0.0,0,0
2026-07-02,São Paulo,L. Moura,FW,0.0,0.0,0.0,0,0
2026-07-02,São Paulo,Ferreira,FW,0.0,0.0,0.0,0,0
2026-07-02,São Paulo,C. Coronel,GK,0.0,0.0,0.0,0,0
2026-07-02,São Paulo,L. Osorio,DF,0.0,0.0,0.0,0,0
2026-07-02,São Paulo,Dória,DF,0.0,0.0,0.0,0,0
2026-07-02,São Paulo,Lucca,FW,0.0,0.0,0.0,0,0
2026-07-02,São Paulo,D. Ferreira,MF,0.0,0.0,0.0,0,0
2026-07-02,São Paulo,Artur,FW,0.0,0.0,0.0,0,0
2026-07-02,São Paulo,Danielzinho,MF,0.0,0.0,0.0,0,0
2026-07-02,São Paulo,F. Negrucci,MF,0.0,0.0,0.0,0,0
2026-07-02,São Paulo,Sabino,DF,0.0,0.0,0.0,0,0
2026-07-02,São Paulo,Rafael,GK,0.0,0.0,0.0,0,0
2026-07-02,São Paulo,Wendell,DF,0.0,0.0,0.0,0,0
2026-07-02,São Paulo,J. Calleri,FW,0.0,0.0,0.0,0,0
2026-07-02,São Paulo,Luciano,FW,0.0,0.0,0.0,0,0
2026-07-02,TSG Hoffenheim,A. Prass,DF,0.0,0.0,0.0,0,0
2026-07-02,TSG Hoffenheim,R. Hranáč,DF,0.0,0.0,0.0,0,0
2026-07-02,TSG Hoffenheim,C. Campbell,FW,0.0,0.0,0.0,0,0
2026-07-02,TSG Hoffenheim,G. Prömel,MF,0.0,0.0,0.0,0,0
2026-07-02,TSG Hoffenheim,A. Hložek,FW,0.0,0.0,0.0,0,0
2026-07-02,TSG Hoffenheim,L. Philipp,GK,0.0,0.0,0.0,0,0
2026-07-02,TSG Hoffenheim,K. Akpoguma,DF,0.0,0.0,0.0,0,0
2026-07-02,TSG Hoffenheim,M. Damar,MF,0.0,0.0,0.0,0,0
2026-07-02,TSG Hoffenheim,M. Moerstedt,FW,0.0,0.0,0.0,0,0
2026-07-02,Tianjin Jinmen Tiger,M. Sun,DF,0.0,0.0,0.0,0,0
2026-07-02,Tianjin Jinmen Tiger,X. Weijun,FW,0.0,0.0,0.0,0,0
2026-07-02,Tianjin Jinmen Tiger,H. Guo,MF,0.0,0.0,0.0,0,0
2026-07-02,Tianjin Jinmen Tiger,Q. Yuxi,GK,0.0,0.0,0.0,0,0
2026-07-02,Tianjin Jinmen Tiger,C. Cai,DF,0.0,0.0,0.0,0,0
2026-07-02,Tianjin Jinmen Tiger,S. Li,DF,0.0,0.0,0.0,0,0
2026-07-02,Tianjin Jinmen Tiger,L. Yongjia,MF,0.0,0.0,0.0,0,0
2026-07-02,Tianjin Jinmen Tiger,J. Shengpan,FW,0.0,0.0,0.0,0,0
2026-07-02,Tianjin Jinmen Tiger,S. Yan,MF,0.0,0.0,0.0,0,0
2026-07-02,Tianjin Jinmen Tiger,X. Wu,DF,0.0,0.0,0.0,0,0
2026-07-02,Tianjin Jinmen Tiger,C. Zhexuan,DF,0.0,0.0,0.0,0,0
2026-07-02,Tianjin Jinmen Tiger,Z. Wang,DF,0.0,0.0,0.0,0,0
2026-07-02,Tigre,J. Villalba,DF,0.0,0.0,0.0,0,0
2026-07-02,Tigre,S. López,FW,0.0,0.0,0.0,0,0
2026-07-02,Tigre,J. Elias,MF,0.0,0.0,0.0,0,0
2026-07-02,Tigre,J. Mosqueira,MF,0.0,0.0,0.0,0,0
2026-07-02,Tigre,T. Sultani,GK,0.0,0.0,0.0,0,0
2026-07-02,Tigre,G. Guiffrey,DF,0.0,0.0,0.0,0,0
2026-07-02,Tigre,G. Soto,DF,0.0,0.0,0.0,0,0
2026-07-02,Tigre,N. Banegas,DF,0.0,0.0,0.0,0,0
2026-07-02,Tigre,T. Serrago,MF,0.0,0.0,0.0,0,0
2026-07-02,Tigre,S. Medina,MF,0.0,0.0,0.0,0,0
2026-07-02,Tigre,A. Oviedo,FW,0.0,0.0,0.0,0,0
2026-07-02,Tigres UANL,D. Sánchez,FW,0.0,0.0,0.0,0,0
2026-07-02,Tigres UANL,J. Vigón,MF,0.0,0.0,0.0,0,0
2026-07-02,Tigres UANL,R. Guerrero,DF,0.0,0.0,0.0,0,0
2026-07-02,Tigres UANL,V. Loroña,DF,0.0,0.0,0.0,0,0
2026-07-02,Tigres UANL,A. P. Gignac,FW,0.0,0.0,0.0,0,0
2026-07-02,Tigres UANL,C. Rodríguez,GK,0.0,0.0,0.0,0,0
2026-07-02,Tigres UANL,J. Purata,DF,0.0,0.0,0.0,0,0
2026-07-02,Tigres UANL,M. Flores,MF,0.0,0.0,0.0,0,0
2026-07-02,Tigres UANL,H. S. Koifman,MF,0.0,0.0,0.0,0,0
2026-07-02,Tigres UANL,I. Galvan,FW,0.0,0.0,0.0,0,0
2026-07-02,Tigres UANL,I. López,FW,0.0,0.0,0.0,0,0
2026-07-02,Tigres UANL,D. Lainez,MF,0.0,0.0,0.0,0,0
2026-07-02,Tigres UANL,M. Farfan,DF,0.0,0.0,0.0,0,0
2026-07-02,Tokyo Verdy,K. Miyahara,DF,0.0,0.0,0.0,0,0
2026-07-02,Tokyo Verdy,K. Saito,MF,0.0,0.0,0.0,0,0
2026-07-02,Tokyo Verdy,R. Shirai,FW,0.0,0.0,0.0,0,0
2026-07-02,Tokyo Verdy,Y. Arai,MF,0.0,0.0,0.0,0,0
2026-07-02,Tokyo Verdy,T. Inami,MF,0.0,0.0,0.0,0,0
2026-07-02,Tokyo Verdy,H. Mawatari,GK,0.0,0.0,0.0,0,0
2026-07-02,Tokyo Verdy,S. Tanabe,DF,0.0,0.0,0.0,0,0
2026-07-02,Tokyo Verdy,S. Nakayama,MF,0.0,0.0,0.0,0,0
2026-07-02,Tokyo Verdy,S. Teranuma,FW,0.0,0.0,0.0,0,0
2026-07-02,Tokyo Verdy,Y. Matsuhashi,MF,0.0,0.0,0.0,0,0
2026-07-02,Tokyo Verdy,I. Kumatoriya,FW,0.0,0.0,0.0,0,0
2026-07-02,Tokyo Verdy,I. Someno,FW,0.0,0.0,0.0,0,0
2026-07-02,Tokyo Verdy,R. Hirakawa,MF,0.0,0.0,0.0,0,0
2026-07-02,Tokyo Verdy,G. Yamada,FW,0.0,0.0,0.0,0,0
2026-07-02,Tokyo Verdy,R. Matsuda,DF,0.0,0.0,0.0,0,0
2026-07-02,Tokyo Verdy,D. Fukazawa,DF,0.0,0.0,0.0,0,0
2026-07-02,Tokyo Verdy,Y. Fukuda,MF,0.0,0.0,0.0,0,0
2026-07-02,Tokyo Verdy,M. Vidotto,GK,0.0,0.0,0.0,0,0
2026-07-02,Tondela,Bebeto,DF,0.0,0.0,0.0,0,0
2026-07-02,Tondela,H. Tavares,MF,0.0,0.0,0.0,0,0
2026-07-02,Tondela,S. Sithole,MF,0.0,0.0,0.0,0,0
2026-07-02,Tondela,A. Van Der Heide,FW,0.0,0.0,0.0,0,0
2026-07-02,Tondela,B. Mbunga-Kimpioka,FW,0.0,0.0,0.0,0,0
2026-07-02,Tondela,G. Souza,GK,0.0,0.0,0.0,0,0
2026-07-02,Tondela,J. Afonso,DF,0.0,0.0,0.0,0,0
2026-07-02,Tondela,J. Hodge,MF,0.0,0.0,0.0,0,0
2026-07-02,Tondela,J. Siebatcheu,FW,0.0,0.0,0.0,0,0
2026-07-02,Torino,M. Pedersen,DF,0.0,0.0,0.0,0,0
2026-07-02,Torino,D. Zapata,FW,0.0,0.0,0.0,0,0
2026-07-02,Torino,E. İlkhan,MF,0.0,0.0,0.0,0,0
2026-07-02,Torino,N. Nkounkou,DF,0.0,0.0,0.0,0,0
2026-07-02,Torino,S. Kulenović,FW,0.0,0.0,0.0,0,0
2026-07-02,Torino,L. Siviero,GK,0.0,0.0,0.0,0,0
2026-07-02,Torino,F. Israel,GK,0.0,0.0,0.0,0,0
2026-07-02,Torino,A. Tameze,MF,0.0,0.0,0.0,0,0
2026-07-02,Torino,C. Biraghi,DF,0.0,0.0,0.0,0,0
2026-07-02,Torino,G. Maripán,DF,0.0,0.0,0.0,0,0
2026-07-02,Torino,Z. Savva,FW,0.0,0.0,0.0,0,0
2026-07-02,Torino,I. Ilić,MF,0.0,0.0,0.0,0,0
2026-07-02,Torino,C. Casadei,MF,0.0,0.0,0.0,0,0
2026-07-02,Torino,T. Gabellini,FW,0.0,0.0,0.0,0,0
2026-07-02,Torino,C. Adams,FW,0.0,0.0,0.0,0,0
2026-07-02,Toronto FC,D. Etienne,FW,0.0,0.0,0.0,0,0
2026-07-02,Toronto FC,E. Aristizábal,FW,0.0,0.0,0.0,0,0
2026-07-02,Toronto FC,M. Chisholm,DF,0.0,0.0,0.0,0,0
2026-07-02,Toronto FC,A. D. Rosario,GK,0.0,0.0,0.0,0,0
2026-07-02,Toronto FC,W. Yarbrough,GK,0.0,0.0,0.0,0,0
2026-07-02,Toronto FC,S. Kapor,DF,0.0,0.0,0.0,0,0
2026-07-02,Toronto FC,N. Gomis,DF,0.0,0.0,0.0,0,0
2026-07-02,Toronto FC,J. Nolan,FW,0.0,0.0,0.0,0,0
2026-07-02,Toronto FC,F. Bank,FW,0.0,0.0,0.0,0,0
2026-07-02,Tottenham Hotspur,D. Spence,DF,0.0,0.0,0.0,0,0
2026-07-02,Tottenham Hotspur,Y. Bissouma,MF,0.0,0.0,0.0,0,0
2026-07-02,Tottenham Hotspur,L. Bergvall,MF,0.0,0.0,0.0,0,0
2026-07-02,Tottenham Hotspur,P. Sarr,MF,0.0,0.0,0.0,0,0
2026-07-02,Tottenham Hotspur,B. Austin,GK,0.0,0.0,0.0,0,0
2026-07-02,Tottenham Hotspur,R. Drăguşin,DF,0.0,0.0,0.0,0,0
2026-07-02,Tottenham Hotspur,Souza,DF,0.0,0.0,0.0,0,0
2026-07-02,Tottenham Hotspur,J. Maddison,MF,0.0,0.0,0.0,0,0
2026-07-02,Tottenham Hotspur,A. Gray,MF,0.0,0.0,0.0,0,0
2026-07-02,Toulouse,Emersonn,FW,0.0,0.0,0.0,0,0
2026-07-02,Toulouse,D. Sidibé,DF,0.0,0.0,0.0,0,0
2026-07-02,Toulouse,W. Kamanzi,DF,0.0,0.0,0.0,0,0
2026-07-02,Toulouse,I. Azizi,FW,0.0,0.0,0.0,0,0
2026-07-02,Toulouse,K. Haug,GK,0.0,0.0,0.0,0,0
2026-07-02,Toulouse,G. Bakhouche,DF,0.0,0.0,0.0,0,0
2026-07-02,Toulouse,S. Koumbassa,DF,0.0,0.0,0.0,0,0
2026-07-02,Toulouse,J. Vignolo,FW,0.0,0.0,0.0,0,0
2026-07-02,Trabzonspor,A. D. Yıldırım,GK,0.0,0.0,0.0,0,0
2026-07-02,Trabzonspor,P. Onuachu,FW,0.0,0.0,0.0,0,0
2026-07-02,Trabzonspor,B. Başkan,MF,0.0,0.0,0.0,0,0
2026-07-02,Trabzonspor,O. Çakıroğlu,FW,0.0,0.0,0.0,0,0
2026-07-02,Trabzonspor,O. Çevikkan,GK,0.0,0.0,0.0,0,0
2026-07-02,Trabzonspor,T. Jabol-Folcarelli,MF,0.0,0.0,0.0,0,0
2026-07-02,Trabzonspor,O. Ertem,MF,0.0,0.0,0.0,0,0
2026-07-02,Trabzonspor,Y. Çubukcu,MF,0.0,0.0,0.0,0,0
2026-07-02,Trabzonspor,E. Y. Alkurt,FW,0.0,0.0,0.0,0,0
2026-07-02,Tromsø IL,D. Braut,FW,0.0,0.0,0.0,0,0
2026-07-02,Tromsø IL,I. Vadebu,DF,0.0,0.0,0.0,0,0
2026-07-02,Tromsø IL,S. Innvær,MF,0.0,0.0,0.0,0,0
2026-07-02,Tromsø IL,O. Lauvli,GK,0.0,0.0,0.0,0,0
2026-07-02,Tromsø IL,M. Tonnessen,DF,0.0,0.0,0.0,0,0
2026-07-02,Tromsø IL,M. Mikkelsen,MF,0.0,0.0,0.0,0,0
2026-07-02,Tromsø IL,J. B. Husebø,DF,0.0,0.0,0.0,0,0
2026-07-02,Tromsø IL,J. Solstad-Nøis,MF,0.0,0.0,0.0,0,0
2026-07-02,Turun Palloseura,M. Kauppila,FW,0.0,0.0,0.0,0,0
2026-07-02,Turun Palloseura,T. Karkulowski,FW,0.0,0.0,0.0,0,0
2026-07-02,Turun Palloseura,L. Ikonen,MF,0.0,0.0,0.0,0,0
2026-07-02,Turun Palloseura,A. Sairinen,DF,0.0,0.0,0.0,0,0
2026-07-02,Turun Palloseura,T. Väkiparta,MF,0.0,0.0,0.0,0,0
2026-07-02,Turun Palloseura,D. Lauri,GK,0.0,0.0,0.0,0,0
2026-07-02,Turun Palloseura,A. Coulibaly,MF,0.0,0.0,0.0,0,0
2026-07-02,Turun Palloseura,S. Anini Jr.,FW,0.0,0.0,0.0,0,0
2026-07-02,Turun Palloseura,L. Ivanovic,FW,0.0,0.0,0.0,0,0
2026-07-02,US Ben Guerdane,M. Karkouba,GK,0.0,0.0,0.0,0,0
2026-07-02,US Ben Guerdane,S. Bouaicha,DF,0.0,0.0,0.0,0,0
2026-07-02,US Ben Guerdane,W. Abdi,MF,0.0,0.0,0.0,0,0
2026-07-02,US Ben Guerdane,M. B. Abdelouahab,MF,0.0,0.0,0.0,0,0
2026-07-02,US Ben Guerdane,I. Mhirsi,MF,0.0,0.0,0.0,0,0
2026-07-02,US Ben Guerdane,B. Hakimi,FW,0.0,0.0,0.0,0,0
2026-07-02,US Ben Guerdane,Touray,FW,0.0,0.0,0.0,0,0
2026-07-02,US Ben Guerdane,R. Gazzeh,GK,0.0,0.0,0.0,0,0
2026-07-02,US Ben Guerdane,I. Touis,DF,0.0,0.0,0.0,0,0
2026-07-02,US Ben Guerdane,A. Souii,DF,0.0,0.0,0.0,0,0
2026-07-02,US Ben Guerdane,O. Amri,MF,0.0,0.0,0.0,0,0
2026-07-02,US Ben Guerdane,A. Ltaief,FW,0.0,0.0,0.0,0,0
2026-07-02,US Ben Guerdane,F. Mimouni,FW,0.0,0.0,0.0,0,0
2026-07-02,US Monastir,A. Slimene,GK,0.0,0.0,0.0,0,0
2026-07-02,US Monastir,A. Bouzganda,DF,0.0,0.0,0.0,0,0
2026-07-02,US Monastir,Y. Herch,DF,0.0,0.0,0.0,0,0
2026-07-02,US Monastir,A. Benga,DF,0.0,0.0,0.0,0,0
2026-07-02,US Monastir,B. Tsirava,MF,0.0,0.0,0.0,0,0
2026-07-02,US Monastir,M. Ganouni,MF,0.0,0.0,0.0,0,0
2026-07-02,US Monastir,A. Boulila,MF,0.0,0.0,0.0,0,0
2026-07-02,US Monastir,L. Gilmore,MF,0.0,0.0,0.0,0,0
2026-07-02,US Monastir,S. Bouali,FW,0.0,0.0,0.0,0,0
2026-07-02,US Monastir,N. Zeguei,DF,0.0,0.0,0.0,0,0
2026-07-02,US Monastir,A. Yaakoubi,MF,0.0,0.0,0.0,0,0
2026-07-02,US Monastir,Y. Dridi,MF,0.0,0.0,0.0,0,0
2026-07-02,US Monastir,C. E. Djebali,MF,0.0,0.0,0.0,0,0
2026-07-02,US Monastir,N. Douihech,MF,0.0,0.0,0.0,0,0
2026-07-02,US Monastir,I. Souissi,FW,0.0,0.0,0.0,0,0
2026-07-02,UTA Arad,M. Tzionis,FW,0.0,0.0,0.0,0,0
2026-07-02,UTA Arad,D. Hrezdac,MF,0.0,0.0,0.0,0,0
2026-07-02,UTA Arad,D. Ciubăncan,FW,0.0,0.0,0.0,0,0
2026-07-02,UTA Arad,M. Stolnik,DF,0.0,0.0,0.0,0,0
2026-07-02,UTA Arad,Á. Tordai,GK,0.0,0.0,0.0,0,0
2026-07-02,UTA Arad,D. Pospelov,DF,0.0,0.0,0.0,0,0
2026-07-02,UTA Arad,O. Popescu,MF,0.0,0.0,0.0,0,0
2026-07-02,UTA Arad,L. Mihai,MF,0.0,0.0,0.0,0,0
2026-07-02,UTA Arad,A. Tolcea,FW,0.0,0.0,0.0,0,0
2026-07-02,UTA Arad,D. Ile,MF,0.0,0.0,0.0,0,0
2026-07-02,UTA Arad,B. Van Durmen,MF,0.0,0.0,0.0,0,0
2026-07-02,UTA Arad,F. Poulolo,DF,0.0,0.0,0.0,0,0
2026-07-02,Udinese,A. Camara,MF,0.0,0.0,0.0,0,0
2026-07-02,Udinese,N. Bertola,DF,0.0,0.0,0.0,0,0
2026-07-02,Udinese,L. Miller,MF,0.0,0.0,0.0,0,0
2026-07-02,Udinese,K. Davis,FW,0.0,0.0,0.0,0,0
2026-07-02,Udinese,J. Arizala,MF,0.0,0.0,0.0,0,0
2026-07-02,Udinese,I. Gueye,FW,0.0,0.0,0.0,0,0
2026-07-02,Udinese,R. Sava,GK,0.0,0.0,0.0,0,0
2026-07-02,Udinese,D. Padelli,GK,0.0,0.0,0.0,0,0
2026-07-02,Udinese,A. Nunziante,GK,0.0,0.0,0.0,0,0
2026-07-02,Udinese,O. Zarraga,MF,0.0,0.0,0.0,0,0
2026-07-02,Udinese,J. Zemura,DF,0.0,0.0,0.0,0,0
2026-07-02,Udinese,V. Bayo,FW,0.0,0.0,0.0,0,0
2026-07-02,Ulsan HD,K. S. Lee,MF,0.0,0.0,0.0,0,0
2026-07-02,Ulsan HD,Yago,FW,0.0,0.0,0.0,0,0
2026-07-02,Ulsan HD,K. Young-gwon,DF,0.0,0.0,0.0,0,0
2026-07-02,Ulsan HD,B. Michel,FW,0.0,0.0,0.0,0,0
2026-07-02,Ulsan HD,R. Seong-Min,GK,0.0,0.0,0.0,0,0
2026-07-02,Ulsan HD,J. Seung-hyeon,DF,0.0,0.0,0.0,0,0
2026-07-02,Ulsan HD,S. Shim,DF,0.0,0.0,0.0,0,0
2026-07-02,Ulsan HD,I. Back,MF,0.0,0.0,0.0,0,0
2026-07-02,Ulsan HD,J. Si-Young,FW,0.0,0.0,0.0,0,0
2026-07-02,Ulsan HD,D. Bojanić,MF,0.0,0.0,0.0,0,0
2026-07-02,Ulsan HD,L. Jin-hyun,MF,0.0,0.0,0.0,0,0
2026-07-02,Ulsan HD,M. Jo,MF,0.0,0.0,0.0,0,0
2026-07-02,Union Sportive Yacoub El Mansour,Y. Noussir,DF,0.0,0.0,0.0,0,0
2026-07-02,Union Sportive Yacoub El Mansour,Y. Legnibi,MF,0.0,0.0,0.0,0,0
2026-07-02,Union Sportive Yacoub El Mansour,Z. Ajoughlal,MF,0.0,0.0,0.0,0,0
2026-07-02,Union Sportive Yacoub El Mansour,M. Balouk,FW,0.0,0.0,0.0,0,0
2026-07-02,Union Sportive Yacoub El Mansour,M. N. A. Jamal,DF,0.0,0.0,0.0,0,0
2026-07-02,Union Sportive Yacoub El Mansour,H. Doughmi,GK,0.0,0.0,0.0,0,0
2026-07-02,Union Sportive Yacoub El Mansour,M. Ahayaoui,MF,0.0,0.0,0.0,0,0
2026-07-02,Union Sportive Yacoub El Mansour,F. E. Kaaba,MF,0.0,0.0,0.0,0,0
2026-07-02,Union Sportive Yacoub El Mansour,M. Boussanane,FW,0.0,0.0,0.0,0,0
2026-07-02,Union Sportive Yacoub El Mansour,A. Khouch,DF,0.0,0.0,0.0,0,0
2026-07-02,Union Sportive Yacoub El Mansour,S. Nassik,MF,0.0,0.0,0.0,0,0
2026-07-02,Union Touarga Sport,Y. Zraa,MF,0.0,0.0,0.0,0,0
2026-07-02,Union Touarga Sport,O. Arjoune,DF,0.0,0.0,0.0,0,0
2026-07-02,Union Touarga Sport,A. Chakir,MF,0.0,0.0,0.0,0,0
2026-07-02,Union Touarga Sport,A. Akdi,MF,0.0,0.0,0.0,0,0
2026-07-02,Union Touarga Sport,A. E. Forsy,MF,0.0,0.0,0.0,0,0
2026-07-02,Union Touarga Sport,R. Asmama,GK,0.0,0.0,0.0,0,0
2026-07-02,Union Touarga Sport,M. Hmad,DF,0.0,0.0,0.0,0,0
2026-07-02,Union Touarga Sport,Y. Kajai,DF,0.0,0.0,0.0,0,0
2026-07-02,Union Touarga Sport,K. Konan,MF,0.0,0.0,0.0,0,0
2026-07-02,Union Touarga Sport,B. E. Bahraoui,FW,0.0,0.0,0.0,0,0
2026-07-02,Union Touarga Sport,M. A. Essahel,MF,0.0,0.0,0.0,0,0
2026-07-02,Union Touarga Sport,S. Lotfi,FW,0.0,0.0,0.0,0,0
2026-07-02,Universidad Católica,G. Medel,DF,0.0,0.0,0.0,0,0
2026-07-02,Universidad Católica,M. Palavecino,MF,0.0,0.0,0.0,0,0
2026-07-02,Universidad Católica,D. Melo,GK,0.0,0.0,0.0,0,0
2026-07-02,Universidad Católica,B. Cerezo,DF,0.0,0.0,0.0,0,0
2026-07-02,Universidad Católica,J. Salas,DF,0.0,0.0,0.0,0,0
2026-07-02,Universidad Católica,A. Farías,MF,0.0,0.0,0.0,0,0
2026-07-02,Universidad Católica,D. Corral,FW,0.0,0.0,0.0,0,0
2026-07-02,Universidad Católica,A. Canales,MF,0.0,0.0,0.0,0,0
2026-07-02,Universidad Católica,J. F. Rossel,FW,0.0,0.0,0.0,0,0
2026-07-02,Universidad Central,C. Ortíz,FW,0.0,0.0,0.0,0,0
2026-07-02,Universidad Central,Y. Murillo,FW,0.0,0.0,0.0,0,0
2026-07-02,Universidad Central,V. Rodríguez,MF,0.0,0.0,0.0,0,0
2026-07-02,Universidad Central,S. Sosa,FW,0.0,0.0,0.0,0,0
2026-07-02,Universidad Central,R. Ramirez,DF,0.0,0.0,0.0,0,0
2026-07-02,Universidad Central,Y. Cumana,DF,0.0,0.0,0.0,0,0
2026-07-02,Universidad Central,R. Davis,DF,0.0,0.0,0.0,0,0
2026-07-02,Universidad Central,M. Ruiz,DF,0.0,0.0,0.0,0,0
2026-07-02,Universidad Central,D. D. Sousa,FW,0.0,0.0,0.0,0,0
2026-07-02,Universidad Central,K. Mendoza,MF,0.0,0.0,0.0,0,0
2026-07-02,Universidad Central,Y. Berroteran,FW,0.0,0.0,0.0,0,0
2026-07-02,Universitario de Deportes,J. Castillo,GK,0.0,0.0,0.0,0,0
2026-07-02,Universitario de Deportes,W. Riveros,DF,0.0,0.0,0.0,0,0
2026-07-02,Universitario de Deportes,L. Alzugaray,FW,0.0,0.0,0.0,0,0
2026-07-02,Universitario de Deportes,J. Rivera,FW,0.0,0.0,0.0,0,0
2026-07-02,Universitario de Deportes,H. Fértoli,MF,0.0,0.0,0.0,0,0
2026-07-02,Universitario de Deportes,D. Romero,GK,0.0,0.0,0.0,0,0
2026-07-02,Universitario de Deportes,C. Inga,DF,0.0,0.0,0.0,0,0
2026-07-02,Universitario de Deportes,A. Corzo,DF,0.0,0.0,0.0,0,0
2026-07-02,Universitario de Deportes,B. Reyna,FW,0.0,0.0,0.0,0,0
2026-07-02,Universitario de Deportes,H. Ancajima,DF,0.0,0.0,0.0,0,0
2026-07-02,Universitario de Deportes,S. Gassama,FW,0.0,0.0,0.0,0,0
2026-07-02,Universitatea Craiova,Ș. Baiaram,MF,0.0,0.0,0.0,0,0
2026-07-02,Universitatea Craiova,S. Nsimba,FW,0.0,0.0,0.0,0,0
2026-07-02,Universitatea Craiova,T. Băluță,MF,0.0,0.0,0.0,0,0
2026-07-02,Universitatea Craiova,L. Basceanu,MF,0.0,0.0,0.0,0,0
2026-07-02,Universitatea Craiova,A. Crețu,MF,0.0,0.0,0.0,0,0
2026-07-02,Universitatea Craiova,J. Gonçalves,GK,0.0,0.0,0.0,0,0
2026-07-02,Universitatea Craiova,N. Stevanović,DF,0.0,0.0,0.0,0,0
2026-07-02,Universitatea Craiova,V. Mogoș,DF,0.0,0.0,0.0,0,0
2026-07-02,Universitatea Craiova,J. Badelj,DF,0.0,0.0,0.0,0,0
2026-07-02,Universitatea Craiova,F. Ştefan,DF,0.0,0.0,0.0,0,0
2026-07-02,Universitatea Craiova,M. Rădulescu,MF,0.0,0.0,0.0,0,0
2026-07-02,Universitatea Craiova,A. Al-Hamlawi,FW,0.0,0.0,0.0,0,0
2026-07-02,Universitatea Craiova,A. C. Glodean,GK,0.0,0.0,0.0,0,0
2026-07-02,Universitatea Craiova,M. Etim,FW,0.0,0.0,0.0,0,0
2026-07-02,Urawa Red Diamonds,H. Komori,FW,0.0,0.0,0.0,0,0
2026-07-02,Urawa Red Diamonds,Y. Naganuma,MF,0.0,0.0,0.0,0,0
2026-07-02,Urawa Red Diamonds,Y. Matsuo,MF,0.0,0.0,0.0,0,0
2026-07-02,Urawa Red Diamonds,R. Hidano,FW,0.0,0.0,0.0,0,0
2026-07-02,Urawa Red Diamonds,K. Shibato,MF,0.0,0.0,0.0,0,0
2026-07-02,Urawa Red Diamonds,A. Niekawa,GK,0.0,0.0,0.0,0,0
2026-07-02,Urawa Red Diamonds,D. Boza,DF,0.0,0.0,0.0,0,0
2026-07-02,Urawa Red Diamonds,J. Hayakawa,MF,0.0,0.0,0.0,0,0
2026-07-02,Urawa Red Diamonds,S. Gustafson,MF,0.0,0.0,0.0,0,0
2026-07-02,Urawa Red Diamonds,T. Kaneko,MF,0.0,0.0,0.0,0,0
2026-07-02,Urawa Red Diamonds,S. Nakajima,MF,0.0,0.0,0.0,0,0
2026-07-02,Urawa Red Diamonds,I. Thelin,FW,0.0,0.0,0.0,0,0
2026-07-02,Urawa Red Diamonds,H. Ishihara,DF,0.0,0.0,0.0,0,0
2026-07-02,Urawa Red Diamonds,T. Sekine,MF,0.0,0.0,0.0,0,0
2026-07-02,V-Varen Nagasaki,N. Campbell,MF,0.0,0.0,0.0,0,0
2026-07-02,V-Varen Nagasaki,H. Teruyama,DF,0.0,0.0,0.0,0,0
2026-07-02,V-Varen Nagasaki,M. Jesus,MF,0.0,0.0,0.0,0,0
2026-07-02,V-Varen Nagasaki,T. Kasayanagi,MF,0.0,0.0,0.0,0,0
2026-07-02,V-Varen Nagasaki,D. Pituca,MF,0.0,0.0,0.0,0,0
2026-07-02,V-Varen Nagasaki,H. Go,GK,0.0,0.0,0.0,0,0
2026-07-02,V-Varen Nagasaki,K. Takahata,DF,0.0,0.0,0.0,0,0
2026-07-02,V-Varen Nagasaki,I. Yuto,FW,0.0,0.0,0.0,0,0
2026-07-02,V-Varen Nagasaki,Y. Ryogo,FW,0.0,0.0,0.0,0,0
2026-07-02,V-Varen Nagasaki,Y. Hotaru,MF,0.0,0.0,0.0,0,0
2026-07-02,V-Varen Nagasaki,K. Kazuki,DF,0.0,0.0,0.0,0,0
2026-07-02,V-Varen Nagasaki,Y. Shunya,DF,0.0,0.0,0.0,0,0
2026-07-02,V-Varen Nagasaki,G. Masaaki,GK,0.0,0.0,0.0,0,0
2026-07-02,V-Varen Nagasaki,T. Santana,FW,0.0,0.0,0.0,0,0
2026-07-02,V-Varen Nagasaki,Y. Egawa,DF,0.0,0.0,0.0,0,0
2026-07-02,VPS,J. Vahtera,FW,0.0,0.0,0.0,0,0
2026-07-02,VPS,M. Niemi,DF,0.0,0.0,0.0,0,0
2026-07-02,VPS,O. Keturi,FW,0.0,0.0,0.0,0,0
2026-07-02,VPS,O. Ogunniyi,FW,0.0,0.0,0.0,0,0
2026-07-02,VPS,L. Väyrynen,GK,0.0,0.0,0.0,0,0
2026-07-02,VPS,A. Kuek,DF,0.0,0.0,0.0,0,0
2026-07-02,VPS,R. Forsbacka,MF,0.0,0.0,0.0,0,0
2026-07-02,VPS,Y. Daoussi,MF,0.0,0.0,0.0,0,0
2026-07-02,Vancouver Whitecaps,K. Cabrera,FW,0.0,0.0,0.0,0,0
2026-07-02,Vancouver Whitecaps,A. Jackson,MF,0.0,0.0,0.0,0,0
2026-07-02,Vancouver Whitecaps,B. Quiñonez,FW,0.0,0.0,0.0,0,0
2026-07-02,Vancouver Whitecaps,O. Larraz,MF,0.0,0.0,0.0,0,0
2026-07-02,Vancouver Whitecaps,I. Boehmer,GK,0.0,0.0,0.0,0,0
2026-07-02,Vancouver Whitecaps,M. Gherasimencov,DF,0.0,0.0,0.0,0,0
2026-07-02,Vancouver Whitecaps,R. Veselinović,DF,0.0,0.0,0.0,0,0
2026-07-02,Vancouver Whitecaps,J. Ngando,MF,0.0,0.0,0.0,0,0
2026-07-02,Vancouver Whitecaps,R. Elloumi,FW,0.0,0.0,0.0,0,0
2026-07-02,Vancouver Whitecaps,E. Sabbi,FW,0.0,0.0,0.0,0,0
2026-07-02,Vasco da Gama,Adson,FW,0.0,0.0,0.0,0,0
2026-07-02,Vasco da Gama,C. Spinelli,FW,0.0,0.0,0.0,0,0
2026-07-02,Vasco da Gama,N. Moreira,MF,0.0,0.0,0.0,0,0
2026-07-02,Vasco da Gama,H. Moura,MF,0.0,0.0,0.0,0,0
2026-07-02,Vasco da Gama,D. Fuzato,GK,0.0,0.0,0.0,0,0
2026-07-02,Vasco da Gama,L. Freitas,DF,0.0,0.0,0.0,0,0
2026-07-02,Vasco da Gama,R. A. d. S. Fortes,DF,0.0,0.0,0.0,0,0
2026-07-02,Vasco da Gama,A. Saldivia,DF,0.0,0.0,0.0,0,0
2026-07-02,Vasco da Gama,M. Hinestroza,FW,0.0,0.0,0.0,0,0
2026-07-02,Vasco da Gama,JP,MF,0.0,0.0,0.0,0,0
2026-07-02,Vasco da Gama,Tchê Tchê,MF,0.0,0.0,0.0,0,0
2026-07-02,Vasco da Gama,R. R. S. d. S. Barros,MF,0.0,0.0,0.0,0,0
2026-07-02,Vasco da Gama,Matheus França,FW,0.0,0.0,0.0,0,0
2026-07-02,Vasco da Gama,Walace,DF,0.0,0.0,0.0,0,0
2026-07-02,Vasco da Gama,L. Zuccarello,MF,0.0,0.0,0.0,0,0
2026-07-02,Vasco da Gama,Alison,DF,0.0,0.0,0.0,0,0
2026-07-02,Vasco da Gama,B. A. A. Ribeiro,DF,0.0,0.0,0.0,0,0
2026-07-02,Vasco da Gama,B. V. d. Silva,DF,0.0,0.0,0.0,0,0
2026-07-02,Vasco da Gama,Samuel,MF,0.0,0.0,0.0,0,0
2026-07-02,Vasco da Gama,G. G. Soares,MF,0.0,0.0,0.0,0,0
2026-07-02,Vasco da Gama,A. Fernandes,FW,0.0,0.0,0.0,0,0
2026-07-02,VfB Stuttgart,T. Tomás,FW,0.0,0.0,0.0,0,0
2026-07-02,VfB Stuttgart,L. Jaquez,DF,0.0,0.0,0.0,0,0
2026-07-02,VfB Stuttgart,B. E. Khannouss,MF,0.0,0.0,0.0,0,0
2026-07-02,VfB Stuttgart,L. Assignon,DF,0.0,0.0,0.0,0,0
2026-07-02,VfB Stuttgart,J. Vagnoman,DF,0.0,0.0,0.0,0,0
2026-07-02,VfB Stuttgart,F. Bredlow,GK,0.0,0.0,0.0,0,0
2026-07-02,VfB Stuttgart,P. Stenzel,DF,0.0,0.0,0.0,0,0
2026-07-02,VfB Stuttgart,D. Zagadou,DF,0.0,0.0,0.0,0,0
2026-07-02,VfB Stuttgart,B. Bouanani,FW,0.0,0.0,0.0,0,0
2026-07-02,VfL Wolfsburg,M. Svanberg,MF,0.0,0.0,0.0,0,0
2026-07-02,VfL Wolfsburg,L. Majer,MF,0.0,0.0,0.0,0,0
2026-07-02,VfL Wolfsburg,M. E. A. Amoura,FW,0.0,0.0,0.0,0,0
2026-07-02,VfL Wolfsburg,M. Jenz,DF,0.0,0.0,0.0,0,0
2026-07-02,VfL Wolfsburg,Y. Gerhardt,MF,0.0,0.0,0.0,0,0
2026-07-02,VfL Wolfsburg,P. Pervan,GK,0.0,0.0,0.0,0,0
2026-07-02,VfL Wolfsburg,A. Zehnter,DF,0.0,0.0,0.0,0,0
2026-07-02,VfL Wolfsburg,K. Paredes,MF,0.0,0.0,0.0,0,0
2026-07-02,VfL Wolfsburg,K. Shiogai,FW,0.0,0.0,0.0,0,0
2026-07-02,VfL Wolfsburg,J. Lindstrøm,MF,0.0,0.0,0.0,0,0
2026-07-02,VfL Wolfsburg,J. A. Adjetey,DF,0.0,0.0,0.0,0,0
2026-07-02,Vila Nova FC,Dellatorre,FW,0.0,0.0,0.0,0,0
2026-07-02,Vila Nova FC,P. Romano,DF,0.0,0.0,0.0,0,0
2026-07-02,Vila Nova FC,Dalberson,GK,0.0,0.0,0.0,0,0
2026-07-02,Vila Nova FC,C. Marcelo,DF,0.0,0.0,0.0,0,0
2026-07-02,Vila Nova FC,S. Lucas,DF,0.0,0.0,0.0,0,0
2026-07-02,Vila Nova FC,W. Formiga,DF,0.0,0.0,0.0,0,0
2026-07-02,Vila Nova FC,Nathan Camargo,MF,0.0,0.0,0.0,0,0
2026-07-02,Vila Nova FC,Willian Maranhão,MF,0.0,0.0,0.0,0,0
2026-07-02,Vila Nova FC,Dodô,MF,0.0,0.0,0.0,0,0
2026-07-02,Vila Nova FC,B. Xavier,MF,0.0,0.0,0.0,0,0
2026-07-02,Vila Nova FC,R. Ribeiro,FW,0.0,0.0,0.0,0,0
2026-07-02,Vila Nova FC,G. P. P. Lemos,FW,0.0,0.0,0.0,0,0
2026-07-02,Villarreal,A. Moleiro,MF,0.0,0.0,0.0,0,0
2026-07-02,Villarreal,N. Pépé,FW,0.0,0.0,0.0,0,0
2026-07-02,Villarreal,G. Mikautadze,FW,0.0,0.0,0.0,0,0
2026-07-02,Villarreal,G. Moreno,FW,0.0,0.0,0.0,0,0
2026-07-02,Villarreal,D. Parejo,MF,0.0,0.0,0.0,0,0
2026-07-02,Villarreal,L. Júnior,GK,0.0,0.0,0.0,0,0
2026-07-02,Villarreal,A. Freeman,DF,0.0,0.0,0.0,0,0
2026-07-02,Villarreal,A. Pedraza,DF,0.0,0.0,0.0,0,0
2026-07-02,Villarreal,P. Navarro,DF,0.0,0.0,0.0,0,0
2026-07-02,Villarreal,W. Kambwala,DF,0.0,0.0,0.0,0,0
2026-07-02,Villarreal,L. Costa,DF,0.0,0.0,0.0,0,0
2026-07-02,Villarreal,P. Gueye,MF,0.0,0.0,0.0,0,0
2026-07-02,Vissel Kobe,R. Hirose,DF,0.0,0.0,0.0,0,0
2026-07-02,Vissel Kobe,R. Komatsu,FW,0.0,0.0,0.0,0,0
2026-07-02,Vissel Kobe,Diego,DF,0.0,0.0,0.0,0,0
2026-07-02,Vissel Kobe,M. Hidaka,MF,0.0,0.0,0.0,0,0
2026-07-02,Vissel Kobe,Caetano,DF,0.0,0.0,0.0,0,0
2026-07-02,Vissel Kobe,D. Maekawa,GK,0.0,0.0,0.0,0,0
2026-07-02,Vissel Kobe,B. Nduka,DF,0.0,0.0,0.0,0,0
2026-07-02,Vissel Kobe,Y. Goke,MF,0.0,0.0,0.0,0,0
2026-07-02,Vissel Kobe,K. Hamasaki,MF,0.0,0.0,0.0,0,0
2026-07-02,Vissel Kobe,D. Sasaki,FW,0.0,0.0,0.0,0,0
2026-07-02,Vissel Kobe,N. Iino,DF,0.0,0.0,0.0,0,0
2026-07-02,Vissel Kobe,M. Mitsuta,FW,0.0,0.0,0.0,0,0
2026-07-02,Vitória,Jamerson,DF,0.0,0.0,0.0,0,0
2026-07-02,Vitória,R. López,FW,0.0,0.0,0.0,0,0
2026-07-02,Vitória,D. Tarzia,DF,0.0,0.0,0.0,0,0
2026-07-02,Vitória,J. Breno,MF,0.0,0.0,0.0,0,0
2026-07-02,Vitória,Neris,DF,0.0,0.0,0.0,0,0
2026-07-02,Vitória,Ronald,MF,0.0,0.0,0.0,0,0
2026-07-02,Vitória,Y. Sena,GK,0.0,0.0,0.0,0,0
2026-07-02,Vitória,P. Santos,MF,0.0,0.0,0.0,0,0
2026-07-02,Vitória,Osvaldo,FW,0.0,0.0,0.0,0,0
2026-07-02,Vitória,F. Santos,FW,0.0,0.0,0.0,0,0
2026-07-02,Vitória,Marinho,FW,0.0,0.0,0.0,0,0
2026-07-02,Vitória SC,G. Nogueira,MF,0.0,0.0,0.0,0,0
2026-07-02,Vitória SC,A. Ndoye,FW,0.0,0.0,0.0,0,0
2026-07-02,Vitória SC,T. Arcanjo,MF,0.0,0.0,0.0,0,0
2026-07-02,Vitória SC,F. Blanco,FW,0.0,0.0,0.0,0,0
2026-07-02,Vitória SC,R. Abascal,DF,0.0,0.0,0.0,0,0
2026-07-02,Vitória SC,M. Maga,DF,0.0,0.0,0.0,0,0
2026-07-02,Vitória SC,N. Oliveira,FW,0.0,0.0,0.0,0,0
2026-07-02,Västerås SK,T. Axel,MF,0.0,0.0,0.0,0,0
2026-07-02,Västerås SK,V. Wernersson,MF,0.0,0.0,0.0,0,0
2026-07-02,Västerås SK,K. Gunnarsson,MF,0.0,0.0,0.0,0,0
2026-07-02,Västerås SK,J. M. Ljungqvist,DF,0.0,0.0,0.0,0,0
2026-07-02,Västerås SK,M. Hellisdal,MF,0.0,0.0,0.0,0,0
2026-07-02,Västerås SK,A. Fagerström,GK,0.0,0.0,0.0,0,0
2026-07-02,Västerås SK,J. Tagesson,DF,0.0,0.0,0.0,0,0
2026-07-02,Västerås SK,L. Bark,DF,0.0,0.0,0.0,0,0
2026-07-02,Västerås SK,J. Magnusson,MF,0.0,0.0,0.0,0,0
2026-07-02,Västerås SK,P. Bonde,DF,0.0,0.0,0.0,0,0
2026-07-02,Västerås SK,L. Sibelius,MF,0.0,0.0,0.0,0,0
2026-07-02,Vålerenga IF,V. E. Hedenstad,DF,0.0,0.0,0.0,0,0
2026-07-02,Vålerenga IF,E. Sørensen,FW,0.0,0.0,0.0,0,0
2026-07-02,Vålerenga IF,A. F. Brice,MF,0.0,0.0,0.0,0,0
2026-07-02,Vålerenga IF,P. Strand,MF,0.0,0.0,0.0,0,0
2026-07-02,Vålerenga IF,M. S. Sjøeng,GK,0.0,0.0,0.0,0,0
2026-07-02,Vålerenga IF,S. Jarl,DF,0.0,0.0,0.0,0,0
2026-07-02,Vålerenga IF,K. Tshiembe,DF,0.0,0.0,0.0,0,0
2026-07-02,Vålerenga IF,O. T. Holm,MF,0.0,0.0,0.0,0,0
2026-07-02,Vålerenga IF,G. Rajkovic,FW,0.0,0.0,0.0,0,0
2026-07-02,Vålerenga IF,H. Sjatil,DF,0.0,0.0,0.0,0,0
2026-07-02,Warri Wolves FC,V. Edafe,GK,0.0,0.0,0.0,0,0
2026-07-02,Warri Wolves FC,A. Adebayo,DF,0.0,0.0,0.0,0,0
2026-07-02,Warri Wolves FC,J. Olufemi,MF,0.0,0.0,0.0,0,0
2026-07-02,Warri Wolves FC,I. Orukpe,MF,0.0,0.0,0.0,0,0
2026-07-02,Warri Wolves FC,S. Mayi,MF,0.0,0.0,0.0,0,0
2026-07-02,Warri Wolves FC,A. Yusuff,FW,0.0,0.0,0.0,0,0
2026-07-02,Warri Wolves FC,K. Okotie,MF,0.0,0.0,0.0,0,0
2026-07-02,Warri Wolves FC,A. Emmanuel,MF,0.0,0.0,0.0,0,0
2026-07-02,Warri Wolves FC,I. Oladeji,MF,0.0,0.0,0.0,0,0
2026-07-02,Widzew Łódź,M. Krajewski,DF,0.0,0.0,0.0,0,0
2026-07-02,Widzew Łódź,S. Andreou,DF,0.0,0.0,0.0,0,0
2026-07-02,Widzew Łódź,B. Pawłowski,MF,0.0,0.0,0.0,0,0
2026-07-02,Widzew Łódź,L. Selahi,MF,0.0,0.0,0.0,0,0
2026-07-02,Widzew Łódź,A. Zeqiri,FW,0.0,0.0,0.0,0,0
2026-07-02,Widzew Łódź,M. Kikolski,GK,0.0,0.0,0.0,0,0
2026-07-02,Widzew Łódź,V. Ilić,GK,0.0,0.0,0.0,0,0
2026-07-02,Widzew Łódź,R. Visus,DF,0.0,0.0,0.0,0,0
2026-07-02,Widzew Łódź,M. Żyro,DF,0.0,0.0,0.0,0,0
2026-07-02,Widzew Łódź,O. Bukari,FW,0.0,0.0,0.0,0,0
2026-07-02,Wikki Tourists FC,S. Abdullahi,MF,0.0,0.0,0.0,0,0
2026-07-02,Wikki Tourists FC,J. Taiwo,FW,0.0,0.0,0.0,0,0
2026-07-02,Wikki Tourists FC,S. Yusuf,DF,0.0,0.0,0.0,0,0
2026-07-02,Wikki Tourists FC,P. Damala,MF,0.0,0.0,0.0,0,0
2026-07-02,Wikki Tourists FC,M. Faisal,GK,0.0,0.0,0.0,0,0
2026-07-02,Wikki Tourists FC,Baggio,MF,0.0,0.0,0.0,0,0
2026-07-02,Wikki Tourists FC,M. Guda,MF,0.0,0.0,0.0,0,0
2026-07-02,Wikki Tourists FC,A. Mamuda,MF,0.0,0.0,0.0,0,0
2026-07-02,Wikki Tourists FC,N. Auwalu,MF,0.0,0.0,0.0,0,0
2026-07-02,Willem II Tilburg,N. Tjoe-A-On,DF,0.0,0.0,0.0,0,0
2026-07-02,Willem II Tilburg,S. Bamba,FW,0.0,0.0,0.0,0,0
2026-07-02,Willem II Tilburg,M. El Allouchi,MF,0.0,0.0,0.0,0,0
2026-07-02,Willem II Tilburg,U. v. Aalst,MF,0.0,0.0,0.0,0,0
2026-07-02,Willem II Tilburg,W. Van der Steen,GK,0.0,0.0,0.0,0,0
2026-07-02,Willem II Tilburg,K. d. Leeuw,GK,0.0,0.0,0.0,0,0
2026-07-02,Willem II Tilburg,J. Poortvliet,DF,0.0,0.0,0.0,0,0
2026-07-02,Willem II Tilburg,A. Et-Taibi,DF,0.0,0.0,0.0,0,0
2026-07-02,Willem II Tilburg,J. Mathijsen,DF,0.0,0.0,0.0,0,0
2026-07-02,Willem II Tilburg,J. v. Esdonk,MF,0.0,0.0,0.0,0,0
2026-07-02,Willem II Tilburg,L. Abildgaard,FW,0.0,0.0,0.0,0,0
2026-07-02,Willem II Tilburg,T. Verheydt,FW,0.0,0.0,0.0,0,0
2026-07-02,Willem II Tilburg,P. v. Loon,MF,0.0,0.0,0.0,0,0
2026-07-02,Willem II Tilburg,A. Culum,FW,0.0,0.0,0.0,0,0
2026-07-02,Willem II Tilburg,M. d. Jonge,MF,0.0,0.0,0.0,0,0
2026-07-02,Wisła Płock,Q. Lecoeuche,DF,0.0,0.0,0.0,0,0
2026-07-02,Wisła Płock,Ł. Sekulski,FW,0.0,0.0,0.0,0,0
2026-07-02,Wisła Płock,M. Djaló,MF,0.0,0.0,0.0,0,0
2026-07-02,Wisła Płock,K. Custovic,MF,0.0,0.0,0.0,0,0
2026-07-02,Wisła Płock,J. Burek,GK,0.0,0.0,0.0,0,0
2026-07-02,Wisła Płock,M. Bakhno,DF,0.0,0.0,0.0,0,0
2026-07-02,Wisła Płock,D. Sarapata,MF,0.0,0.0,0.0,0,0
2026-07-02,Wisła Płock,K. Pomorski,MF,0.0,0.0,0.0,0,0
2026-07-02,Wisła Płock,M. Lesniewski,MF,0.0,0.0,0.0,0,0
2026-07-02,Wisła Płock,B. Borowski,FW,0.0,0.0,0.0,0,0
2026-07-02,Wisła Płock,T. Tavares,DF,0.0,0.0,0.0,0,0
2026-07-02,Wisła Płock,G. Niarchos,FW,0.0,0.0,0.0,0,0
2026-07-02,Wisła Płock,S. Hamulić,FW,0.0,0.0,0.0,0,0
2026-07-02,Wisła Płock,S. Pruszkowski,GK,0.0,0.0,0.0,0,0
2026-07-02,Wisła Płock,F. Hiszpański,MF,0.0,0.0,0.0,0,0
2026-07-02,Wisła Płock,D. Kun,MF,0.0,0.0,0.0,0,0
2026-07-02,Wisła Płock,I. Salvador,MF,0.0,0.0,0.0,0,0
2026-07-02,Wolverhampton,D. M. Wolfe,DF,0.0,0.0,0.0,0,0
2026-07-02,Wolverhampton,R. Gomes,DF,0.0,0.0,0.0,0,0
2026-07-02,Wolverhampton,J. Bellegarde,MF,0.0,0.0,0.0,0,0
2026-07-02,Wolverhampton,T. Arokodare,FW,0.0,0.0,0.0,0,0
2026-07-02,Wolverhampton,J. Gracey,GK,0.0,0.0,0.0,0,0
2026-07-02,Wolverhampton,M. Doherty,DF,0.0,0.0,0.0,0,0
2026-07-02,Wolverhampton,L. Krejčí,DF,0.0,0.0,0.0,0,0
2026-07-02,Wolverhampton,J. Tchatchoua,DF,0.0,0.0,0.0,0,0
2026-07-02,Wuhan Three Towns,M. Tian,DF,0.0,0.0,0.0,0,0
2026-07-02,Wuhan Three Towns,X. Xia,FW,0.0,0.0,0.0,0,0
2026-07-02,Wuhan Three Towns,D. W. Yi,DF,0.0,0.0,0.0,0,0
2026-07-02,Wuhan Three Towns,X. Jizheng,MF,0.0,0.0,0.0,0,0
2026-07-02,Wuhan Three Towns,Z. Min,MF,0.0,0.0,0.0,0,0
2026-07-02,Wuhan Three Towns,J. Fang,GK,0.0,0.0,0.0,0,0
2026-07-02,Wuhan Three Towns,K. Zheng,MF,0.0,0.0,0.0,0,0
2026-07-02,Wuhan Three Towns,R. Jingwei,DF,0.0,0.0,0.0,0,0
2026-07-02,Wuhan Three Towns,X. Zihao,MF,0.0,0.0,0.0,0,0
2026-07-02,Wuhan Three Towns,H. Abdugheni,MF,0.0,0.0,0.0,0,0
2026-07-02,Wuhan Three Towns,W. Long,MF,0.0,0.0,0.0,0,0
2026-07-02,Wuhan Three Towns,Z. Chen,DF,0.0,0.0,0.0,0,0
2026-07-02,Wuhan Three Towns,K. Bevis,FW,0.0,0.0,0.0,0,0
2026-07-02,Wuhan Three Towns,J. Zhong,MF,0.0,0.0,0.0,0,0
2026-07-02,Wuhan Three Towns,G. Jiayu,GK,0.0,0.0,0.0,0,0
2026-07-02,Wuhan Three Towns,Y. Tianle,DF,0.0,0.0,0.0,0,0
2026-07-02,Wydad Casablanca,G. Ferreira,DF,0.0,0.0,0.0,0,0
2026-07-02,Wydad Casablanca,N. Amrabat,MF,0.0,0.0,0.0,0,0
2026-07-02,Wydad Casablanca,M. Rayhi,MF,0.0,0.0,0.0,0,0
2026-07-02,Wydad Casablanca,W. Ben Yedder,FW,0.0,0.0,0.0,0,0
2026-07-02,Wydad Casablanca,O. Aqzdaou,GK,0.0,0.0,0.0,0,0
2026-07-02,Wydad Casablanca,M. Bouchouari,DF,0.0,0.0,0.0,0,0
2026-07-02,Wydad Casablanca,A. Boucheta,DF,0.0,0.0,0.0,0,0
2026-07-02,Wydad Casablanca,N. Byar,MF,0.0,0.0,0.0,0,0
2026-07-02,Wydad Casablanca,Z. E. Moutaraji,FW,0.0,0.0,0.0,0,0
2026-07-02,Wydad Casablanca,A. E. Wafi,DF,0.0,0.0,0.0,0,0
2026-07-02,Wydad Casablanca,W. Nassi,MF,0.0,0.0,0.0,0,0
2026-07-02,Wydad Casablanca,H. El Wasti,FW,0.0,0.0,0.0,0,0
2026-07-02,Wydad Casablanca,R. Mahtou,MF,0.0,0.0,0.0,0,0
2026-07-02,Wydad Casablanca,A. Lamirat,MF,0.0,0.0,0.0,0,0
2026-07-02,Wynnum Wolves FC,C. Butler,MF,0.0,0.0,0.0,0,0
2026-07-02,Wynnum Wolves FC,D. Brook,FW,0.0,0.0,0.0,0,0
2026-07-02,Wynnum Wolves FC,H. Woodruff,FW,0.0,0.0,0.0,0,0
2026-07-02,Wynnum Wolves FC,K. Partridge,MF,0.0,0.0,0.0,0,0
2026-07-02,Wynnum Wolves FC,H. Orford,DF,0.0,0.0,0.0,0,0
2026-07-02,Wynnum Wolves FC,J. Tanner,MF,0.0,0.0,0.0,0,0
2026-07-02,Yokohama F. Marinos,R. Miyaichi,FW,0.0,0.0,0.0,0,0
2026-07-02,Yokohama F. Marinos,K. Suwama,DF,0.0,0.0,0.0,0,0
2026-07-02,Yokohama F. Marinos,H. Asada,FW,0.0,0.0,0.0,0,0
2026-07-02,Yokohama F. Marinos,Tevis,FW,0.0,0.0,0.0,0,0
2026-07-02,Yokohama F. Marinos,D. David,FW,0.0,0.0,0.0,0,0
2026-07-02,Yokohama F. Marinos,H. Ilkura,GK,0.0,0.0,0.0,0,0
2026-07-02,Yokohama F. Marinos,A. Higuchi,MF,0.0,0.0,0.0,0,0
2026-07-02,Yokohama F. Marinos,Y. Tanaka,MF,0.0,0.0,0.0,0,0
2026-07-02,Yokohama F. Marinos,J. Onaiwu,FW,0.0,0.0,0.0,0,0
2026-07-02,Yokohama F. Marinos,J. Croux,FW,0.0,0.0,0.0,0,0
2026-07-02,Yokohama F. Marinos,T. Kida,MF,0.0,0.0,0.0,0,0
2026-07-02,Yokohama F. Marinos,K. Sekitomi,DF,0.0,0.0,0.0,0,0
2026-07-02,Yunnan Yukun,X. Wang,GK,0.0,0.0,0.0,0,0
2026-07-02,Yunnan Yukun,C. Vinícius,DF,0.0,0.0,0.0,0,0
2026-07-02,Yunnan Yukun,Z. Yang,DF,0.0,0.0,0.0,0,0
2026-07-02,Yunnan Yukun,M. Tang,DF,0.0,0.0,0.0,0,0
2026-07-02,Yunnan Yukun,T. Yi,DF,0.0,0.0,0.0,0,0
2026-07-02,Yunnan Yukun,Y. Bao,GK,0.0,0.0,0.0,0,0
2026-07-02,Yunnan Yukun,C. Yuhao,DF,0.0,0.0,0.0,0,0
2026-07-02,Yunnan Yukun,Z. Han,MF,0.0,0.0,0.0,0,0
2026-07-02,Yunnan Yukun,Y. Zhao,MF,0.0,0.0,0.0,0,0
2026-07-02,Yunnan Yukun,Z. Yufeng,MF,0.0,0.0,0.0,0,0
2026-07-02,Yunnan Yukun,E. Fei,FW,0.0,0.0,0.0,0,0
2026-07-02,Yunnan Yukun,B. Abdusalam,FW,0.0,0.0,0.0,0,0
2026-07-02,Yunnan Yukun,Z. Xiangshuo,DF,0.0,0.0,0.0,0,0
2026-07-02,Yunnan Yukun,S. Xuelong,MF,0.0,0.0,0.0,0,0
2026-07-02,Yunnan Yukun,R. Jiahui,FW,0.0,0.0,0.0,0,0
2026-07-02,Zagłębie Lubin,J. Kolan,MF,0.0,0.0,0.0,0,0
2026-07-02,Zagłębie Lubin,T. Makowski,MF,0.0,0.0,0.0,0,0
2026-07-02,Zagłębie Lubin,L. Szabó,FW,0.0,0.0,0.0,0,0
2026-07-02,Zagłębie Lubin,M. Mlinarić,FW,0.0,0.0,0.0,0,0
2026-07-02,Zagłębie Lubin,R. Gikiewicz,GK,0.0,0.0,0.0,0,0
2026-07-02,Zagłębie Lubin,A. Matysek,GK,0.0,0.0,0.0,0,0
2026-07-02,Zagłębie Lubin,M. Urbański,DF,0.0,0.0,0.0,0,0
2026-07-02,Zagłębie Lubin,S. Kowalczyk,MF,0.0,0.0,0.0,0,0
2026-07-02,Zagłębie Lubin,J. Sypek,MF,0.0,0.0,0.0,0,0
2026-07-02,Zagłębie Lubin,J. Ligocki,MF,0.0,0.0,0.0,0,0
2026-07-02,Zagłębie Lubin,A. Wozniak,MF,0.0,0.0,0.0,0,0
2026-07-02,Zagłębie Lubin,M. Dziewiatowski,MF,0.0,0.0,0.0,0,0
2026-07-02,Zagłębie Lubin,L. Lučić,DF,0.0,0.0,0.0,0,0
2026-07-02,Zagłębie Lubin,S. Marek,MF,0.0,0.0,0.0,0,0
2026-07-02,Zhejiang,S. Wang,DF,0.0,0.0,0.0,0,0
2026-07-02,Zhejiang,H. Fang,FW,0.0,0.0,0.0,0,0
2026-07-02,Zhejiang,A. N'Doumbou,MF,0.0,0.0,0.0,0,0
2026-07-02,Zhejiang,D. Gao,FW,0.0,0.0,0.0,0,0
2026-07-02,Zhejiang,B. Zhao,GK,0.0,0.0,0.0,0,0
2026-07-02,Zhejiang,W. Chang,DF,0.0,0.0,0.0,0,0
2026-07-02,Zhejiang,X. Junchi,DF,0.0,0.0,0.0,0,0
2026-07-02,Zhejiang,L. Possignolo,DF,0.0,0.0,0.0,0,0
2026-07-02,Zhejiang,W. Wu,MF,0.0,0.0,0.0,0,0
2026-07-02,Zhejiang,A. Ablikim,MF,0.0,0.0,0.0,0,0
2026-07-02,Zhejiang,B. Shengxin,MF,0.0,0.0,0.0,0,0
2026-07-02,Zhejiang,W. Pengbo,DF,0.0,0.0,0.0,0,0
2026-07-02,Zhejiang,S. Guarirapa,FW,0.0,0.0,0.0,0,0
2026-07-02,Zhejiang,C. Jin,MF,0.0,0.0,0.0,0,0
2026-07-02,Çaykur Rizespor,M. Sagnan,DF,0.0,0.0,0.0,0,0
2026-07-02,Çaykur Rizespor,L. Augusto,FW,0.0,0.0,0.0,0,0
2026-07-02,Çaykur Rizespor,H. Dervişoğlu,FW,0.0,0.0,0.0,0,0
2026-07-02,Çaykur Rizespor,E. Bulut,FW,0.0,0.0,0.0,0,0
2026-07-02,Çaykur Rizespor,F. Pierrot,FW,0.0,0.0,0.0,0,0
2026-07-02,Çaykur Rizespor,E. Canpolat,GK,0.0,0.0,0.0,0,0
2026-07-02,Çaykur Rizespor,F. Orak,DF,0.0,0.0,0.0,0,0
2026-07-02,Çaykur Rizespor,E. Ortakaya,DF,0.0,0.0,0.0,0,0
2026-07-02,Çaykur Rizespor,M. Buljubašić,MF,0.0,0.0,0.0,0,0
2026-07-02,Çaykur Rizespor,G. Papanikolaou,MF,0.0,0.0,0.0,0,0
2026-07-02,Örgryte IS,J. Azulay,DF,0.0,0.0,0.0,0,0
2026-07-02,Örgryte IS,H. Dahlqvist,DF,0.0,0.0,0.0,0,0
2026-07-02,Örgryte IS,N. Christoffersson,FW,0.0,0.0,0.0,0,0
2026-07-02,Örgryte IS,C. Vindehall,MF,0.0,0.0,0.0,0,0
2026-07-02,Örgryte IS,D. Hodžić,MF,0.0,0.0,0.0,0,0
2026-07-02,Örgryte IS,A. Rahm,GK,0.0,0.0,0.0,0,0
2026-07-02,Örgryte IS,S. Lagerlund,DF,0.0,0.0,0.0,0,0
2026-07-02,Örgryte IS,W. Kenndal,MF,0.0,0.0,0.0,0,0
2026-07-02,Örgryte IS,W. Svensson,DF,0.0,0.0,0.0,0,0
