team,player,pos,last_seen,apps_season,mins_season,mins_30d
1. FSV Mainz 05,A. Sieb,FW,2026-05-03,0,0,0
1. FSV Mainz 05,D. Kohr,MF,2026-05-03,0,0,0
1. FSV Mainz 05,A. Caci,DF,2026-05-03,0,0,0
1. FSV Mainz 05,L. Maloney,MF,2026-05-03,0,0,0
1. FSV Mainz 05,N. Weiper,FW,2026-05-03,0,0,0
1. FSV Mainz 05,R. Zentner,GK,2026-05-03,0,0,0
1. FSV Mainz 05,N. Veratschnig,DF,2026-05-03,0,0,0
1. FSV Mainz 05,S. Kawasaki,MF,2026-05-03,0,0,0
AC Milan,Z. Athekame,DF,2026-05-03,0,0,0
AC Milan,R. Loftus-Cheek,MF,2026-05-03,0,0,0
AC Milan,S. Giménez,FW,2026-05-03,0,0,0
AC Milan,C. Pulišić,MF,2026-05-03,0,0,0
AC Milan,S. Ricci,MF,2026-05-03,0,0,0
AC Milan,M. Pittarella,GK,2026-05-03,0,0,0
AC Milan,P. Terracciano,GK,2026-05-03,0,0,0
AC Milan,K. De Winter,DF,2026-05-03,0,0,0
AC Milan,D. Bartesaghi,DF,2026-05-03,0,0,0
AC Milan,N. Füllkrug,FW,2026-05-03,0,0,0
AC Oulu,S. Sipola,DF,2026-05-08,0,0,0
AC Oulu,J. Mäkeläinen,MF,2026-05-08,0,0,0
AC Oulu,N. Jokelainen,MF,2026-05-08,0,0,0
AC Oulu,K. Jatta,FW,2026-05-08,0,0,0
AC Oulu,N. Schulz,GK,2026-05-08,0,0,0
AC Oulu,A. Lietsa,DF,2026-05-08,0,0,0
AC Oulu,A. Cassama,DF,2026-05-08,0,0,0
AC Oulu,S. Silander,DF,2026-05-08,0,0,0
AC Oulu,M. Ojala,MF,2026-05-08,0,0,0
AD Ceuta,S. Sánchez,FW,2026-05-09,0,0,0
AD Ceuta,M. Domenech,FW,2026-05-03,0,0,0
AD Ceuta,J. Matos,DF,2026-05-09,0,0,0
AD Ceuta,G. Almenara,DF,2026-05-09,0,0,0
AD Ceuta,J. Campaña,MF,2026-05-09,0,0,0
AD Ceuta,P. López,GK,2026-05-09,0,0,0
AD Ceuta,Y. Cantero,DF,2026-05-09,0,0,0
AD Ceuta,A. Betancourt,MF,2026-05-09,0,0,0
AD Ceuta,Anuar,MF,2026-05-09,0,0,0
AD Ceuta,A. Caparrós,DF,2026-05-09,0,0,0
AD Ceuta,‪I. Schor,FW,2026-05-09,0,0,0
AE Kifisia,K. Roukounakis,MF,2026-05-09,0,0,0
AE Kifisia,M. Tavares,FW,2026-05-09,0,0,0
AE Kifisia,D. Theodoridis,FW,2026-05-09,0,0,0
AE Kifisia,H. Sousa,DF,2026-05-09,0,0,0
AE Kifisia,D. Simón,DF,2026-05-09,0,0,0
AE Kifisia,A. Tsilingiris,GK,2026-05-09,0,0,0
AE Kifisia,V. Xenopoulos,GK,2026-05-09,0,0,0
AE Kifisia,T. Faitakis,DF,2026-05-09,0,0,0
AE Kifisia,A. Pothas,MF,2026-05-09,0,0,0
AE Kifisia,L. Villafáñez,MF,2026-05-09,0,0,0
AE Kifisia,C. Nunnely,FW,2026-05-09,0,0,0
AE Kifisia,P. Mijić,FW,2026-05-09,0,0,0
AEK Athens,J. Penrice,DF,2026-05-03,0,0,0
AEK Athens,J. Mário,MF,2026-05-03,0,0,0
AEK Athens,L. Jović,FW,2026-05-03,0,0,0
AEK Athens,N. Eliasson,MF,2026-05-03,0,0,0
AEK Athens,A. Brignoli,GK,2026-05-03,0,0,0
AEK Athens,D. Vida,DF,2026-05-03,0,0,0
AEK Athens,M. Grujić,MF,2026-05-03,0,0,0
AEK Athens,P. Mantalos,MF,2026-05-03,0,0,0
AEK Athens,R. Ljubičić,MF,2026-05-03,0,0,0
AEK Athens,D. Kutesa,MF,2026-05-03,0,0,0
AEK Athens,M. Gaćinović,MF,2026-05-03,0,0,0
AEL Novibet,J. Atanasov,MF,2026-05-09,0,0,0
AEL Novibet,D. K. Ólafsson,DF,2026-05-09,0,0,0
AEL Novibet,P. Sisto,FW,2026-05-09,0,0,0
AEL Novibet,L. Garate,FW,2026-05-09,0,0,0
AEL Novibet,G. Kakuta,MF,2026-05-09,0,0,0
AEL Novibet,N. Melissas,GK,2026-05-09,0,0,0
AEL Novibet,K. Grozos,DF,2026-05-09,0,0,0
AEL Novibet,E. Pantelakis,DF,2026-05-09,0,0,0
AEL Novibet,L. Andrada,MF,2026-05-09,0,0,0
AEL Novibet,P. Staikos,MF,2026-05-09,0,0,0
AEL Novibet,Z. Chatzistravos,MF,2026-05-09,0,0,0
AEL Novibet,J. Ngoy,FW,2026-05-09,0,0,0
AFC Unirea 04 Slobozia,O. Safronov,DF,2026-05-04,0,0,0
AFC Unirea 04 Slobozia,D. Yanakov,FW,2026-05-04,0,0,0
AFC Unirea 04 Slobozia,V. Pop,MF,2026-05-04,0,0,0
AFC Unirea 04 Slobozia,G. Dahan,FW,2026-05-04,0,0,0
AFC Unirea 04 Slobozia,E. Orozco,DF,2026-05-04,0,0,0
AFC Unirea 04 Slobozia,D. Rusu,GK,2026-05-04,0,0,0
AFC Unirea 04 Slobozia,A. Dorobanțu,DF,2026-05-04,0,0,0
AFC Unirea 04 Slobozia,A. Dragu,DF,2026-05-04,0,0,0
AFC Unirea 04 Slobozia,C. Toma,DF,2026-05-04,0,0,0
AFC Unirea 04 Slobozia,L. Vlasceanu,DF,2026-05-04,0,0,0
AFC Unirea 04 Slobozia,M. Lemnaru,MF,2026-05-04,0,0,0
AFC Unirea 04 Slobozia,N. Carnat,FW,2026-05-04,0,0,0
AIK,M. Thychosen,DF,2026-05-03,0,0,0
AIK,Y. Geiger,MF,2026-05-10,0,0,0
AIK,K. Filling,FW,2026-05-03,0,0,0
AIK,A. Kouame,MF,2026-05-03,0,0,0
AIK,K. Joelsson,GK,2026-05-10,0,0,0
AIK,S. Papagiannopoulos,DF,2026-05-03,0,0,0
AIK,V. Andersson,MF,2026-05-10,0,0,0
AIK,T. Ayari,MF,2026-05-10,0,0,0
AIK,S. Gustafsson,FW,2026-05-10,0,0,0
AIK,A. Mujanić,MF,2026-05-10,0,0,0
AIK,C. Pavey,DF,2026-05-10,0,0,0
AIK,A. Faqa,DF,2026-05-10,0,0,0
AIK,A. Ali,MF,2026-05-10,0,0,0
APO Levadiakos,E. Çokaj,MF,2026-05-03,0,0,0
APO Levadiakos,O. Ozegović,FW,2026-05-03,0,0,0
APO Levadiakos,T. Filon,DF,2026-05-03,0,0,0
APO Levadiakos,C. Papadopoulos,MF,2026-05-03,0,0,0
APO Levadiakos,G. Manthatis,MF,2026-05-03,0,0,0
APO Levadiakos,Y. Lodygin,GK,2026-05-03,0,0,0
APO Levadiakos,H. Magnússon,DF,2026-05-03,0,0,0
APO Levadiakos,G. Balzi,MF,2026-05-03,0,0,0
APO Levadiakos,P. Symelidis,MF,2026-05-03,0,0,0
APO Levadiakos,B. Verbič,MF,2026-05-03,0,0,0
APO Levadiakos,G. Kosti,MF,2026-05-03,0,0,0
APO Levadiakos,F. Pedrozo,FW,2026-05-03,0,0,0
APS Atromitos Athinon,Quini,DF,2026-05-09,0,0,0
APS Atromitos Athinon,G. Tzovaras,FW,2026-05-09,0,0,0
APS Atromitos Athinon,P. Tsantilas,FW,2026-05-09,0,0,0
APS Atromitos Athinon,T. v. Weert,FW,2026-05-09,0,0,0
APS Atromitos Athinon,S. Abartzidis,MF,2026-05-09,0,0,0
APS Atromitos Athinon,L. Gugeshashvili,GK,2026-05-09,0,0,0
APS Atromitos Athinon,L. Choutesiotis,GK,2026-05-09,0,0,0
APS Atromitos Athinon,D. Tsakmakis,DF,2026-05-09,0,0,0
APS Atromitos Athinon,Mansur,DF,2026-05-09,0,0,0
APS Atromitos Athinon,T. Tsingaras,MF,2026-05-09,0,0,0
APS Atromitos Athinon,A. Karamanis,DF,2026-05-09,0,0,0
APS Atromitos Athinon,K. Batos,MF,2026-05-09,0,0,0
AS FAR Rabat,J. Ech-Chammakh,DF,2026-05-08,0,0,0
AS FAR Rabat,J. E. Khfiyef,FW,2026-05-08,0,0,0
AS FAR Rabat,N. Mbemba,MF,2026-05-08,0,0,0
AS FAR Rabat,H. Khabba,FW,2026-05-04,0,0,0
AS FAR Rabat,T. Razko,MF,2026-05-08,0,0,0
AS FAR Rabat,H. Mesbahi,GK,2026-05-08,0,0,0
AS FAR Rabat,A. A. Khassou,DF,2026-05-08,0,0,0
AS FAR Rabat,N. M. E. Abd,DF,2026-05-08,0,0,0
AS FAR Rabat,R. Coutinho,FW,2026-05-04,0,0,0
AS FAR Rabat,A. Hadraf,MF,2026-05-08,0,0,0
AS FAR Rabat,Y. E. Fahli,FW,2026-05-08,0,0,0
AS Roma,S. El Shaarawy,FW,2026-05-04,0,0,0
AS Roma,D. Ghilardi,DF,2026-05-04,0,0,0
AS Roma,P. Dybala,FW,2026-05-04,0,0,0
AS Roma,J. Ziółkowski,DF,2026-05-04,0,0,0
AS Roma,R. Vaz,FW,2026-05-04,0,0,0
AS Roma,G. D. Marzi,GK,2026-05-04,0,0,0
AS Roma,P. Gollini,GK,2026-05-04,0,0,0
AS Roma,K. Tsimikas,DF,2026-05-04,0,0,0
AS Roma,D. Rensch,DF,2026-05-04,0,0,0
AS Roma,Angeliño,DF,2026-05-04,0,0,0
AS Roma,L. Venturino,FW,2026-05-04,0,0,0
AS Soliman,R. Rabeh,GK,2026-05-03,0,0,0
AS Soliman,J. Khmiri,DF,2026-05-08,0,0,0
AS Soliman,A. Mosbahi,DF,2026-05-03,0,0,0
AS Soliman,I. E. Abed,MF,2026-05-08,0,0,0
AS Soliman,D. B. Yahmed,FW,2026-05-03,0,0,0
AS Soliman,M. B. Cherifia,GK,2026-05-08,0,0,0
AS Soliman,M. F. Amri,DF,2026-05-08,0,0,0
AS Soliman,M. Kamoun,MF,2026-05-08,0,0,0
AS Soliman,A. Mesbah,MF,2026-05-08,0,0,0
AS Soliman,F. Belaili,FW,2026-05-08,0,0,0
AS Soliman,A. Mouati,MF,2026-05-08,0,0,0
AZ Alkmaar,P. Koopmeiners,MF,2026-05-03,0,0,0
AZ Alkmaar,W. Patati,FW,2026-05-03,0,0,0
AZ Alkmaar,B. Kovács,FW,2026-05-03,0,0,0
AZ Alkmaar,M. Meerdink,FW,2026-05-03,0,0,0
AZ Alkmaar,H. Verhulst,GK,2026-05-03,0,0,0
AZ Alkmaar,S. Maikuma,DF,2026-05-03,0,0,0
AZ Alkmaar,M. Chávez,DF,2026-05-03,0,0,0
AZ Alkmaar,R. Ichihara,DF,2026-05-03,0,0,0
AZ Alkmaar,K. Boogaard,MF,2026-05-03,0,0,0
AZ Alkmaar,A. Oufkir,FW,2026-05-03,0,0,0
AZ Alkmaar,M. Šín,MF,2026-05-03,0,0,0
AZ Alkmaar,I. Sadiq,FW,2026-05-03,0,0,0
Aalesunds FK,U. Syversen,DF,2026-05-03,0,0,0
Aalesunds FK,D. S. Jóhannsson,MF,2026-05-03,0,0,0
Aalesunds FK,M. Andresen,DF,2026-05-03,0,0,0
Aalesunds FK,H. B. Hammer,MF,2026-05-03,0,0,0
Aalesunds FK,E. H. Myrlid,FW,2026-05-03,0,0,0
Aalesunds FK,T. E. Larsen,GK,2026-05-03,0,0,0
Aalesunds FK,S. Haram,DF,2026-05-03,0,0,0
Aalesunds FK,E. H. Osenbroch,MF,2026-05-03,0,0,0
Aberdeen,M. Frame,DF,2026-05-09,0,0,0
Aberdeen,G. Shinnie,MF,2026-05-09,0,0,0
Aberdeen,N. Devlin,DF,2026-05-09,0,0,0
Aberdeen,L. Cameron,MF,2026-05-09,0,0,0
Aberdeen,A. Palaversa,MF,2026-05-09,0,0,0
Aberdeen,N. Suman,GK,2026-05-09,0,0,0
Aberdeen,E. Bwomono,DF,2026-05-09,0,0,0
Aberdeen,K. Bilalovic,MF,2026-05-09,0,0,0
Aberdeen,T. Keskinen,FW,2026-05-09,0,0,0
Abia Warriors,J. Nmecha,GK,2026-05-03,0,0,0
Abia Warriors,A. Abalogu,DF,2026-05-03,0,0,0
Abia Warriors,A. Somiari,DF,2026-05-03,0,0,0
Abia Warriors,S. Asiegbu,MF,2026-05-03,0,0,0
Abia Warriors,Y. Hameed,MF,2026-05-03,0,0,0
Abia Warriors,O. Osoboh,MF,2026-05-03,0,0,0
Abia Warriors,C. Merpring,FW,2026-05-03,0,0,0
Abia Warriors,I. Alonge,FW,2026-05-03,0,0,0
Abia Warriors,C. Azubuike,MF,2026-05-03,0,0,0
Academia Puerto Cabello,E. Pernia,FW,2026-05-06,0,0,0
Academia Puerto Cabello,P. Lima,MF,2026-05-06,0,0,0
Academia Puerto Cabello,H. Linares,DF,2026-05-06,0,0,0
Academia Puerto Cabello,G. Meléndez,DF,2026-05-06,0,0,0
Academia Puerto Cabello,L. Casiani,DF,2026-05-06,0,0,0
Academia Puerto Cabello,G. Bortagaray,DF,2026-05-06,0,0,0
Academia Puerto Cabello,J. H. Chávez,FW,2026-05-06,0,0,0
Academia Puerto Cabello,J. Marchán,MF,2026-05-06,0,0,0
Academia Puerto Cabello,H. Contreras,MF,2026-05-06,0,0,0
Academia Puerto Cabello,J. Barros,FW,2026-05-06,0,0,0
Al-Ahli,M. Bakor,DF,2026-05-06,0,0,0
Al-Ahli,M. Abdulrahman,DF,2026-05-06,0,0,0
Al-Ahli,E. A. Muwallad,MF,2026-05-06,0,0,0
Al-Ahli,R. Mathias,FW,2026-05-03,0,0,0
Al-Ahli,S. Abdullah,FW,2026-05-06,0,0,0
Al-Ahli,A. A. Sanbi,GK,2026-05-06,0,0,0
Al-Ahli,A. Abdo,GK,2026-05-03,0,0,0
Al-Ahli,Y. Madani,DF,2026-05-06,0,0,0
Al-Ahli,M. Dams,DF,2026-05-03,0,0,0
Al-Ahli,M. Gonçalves,FW,2026-05-06,0,0,0
Al-Ahli,S. Aboulshamat,FW,2026-05-06,0,0,0
Al-Ahli,Z. Aljohani,MF,2026-05-06,0,0,0
Al-Ettifaq,A. Hawsawi,GK,2026-05-09,0,0,0
Al-Ettifaq,A. Mukhtar,MF,2026-05-09,0,0,0
Al-Ettifaq,M. A. Khayrallah,DF,2026-05-09,0,0,0
Al-Ettifaq,A. Hindi,DF,2026-05-09,0,0,0
Al-Ettifaq,A. Madu,DF,2026-05-04,0,0,0
Al-Ettifaq,A. Maghfori,FW,2026-05-09,0,0,0
Al-Ettifaq,A. A. Ghamdi,FW,2026-05-09,0,0,0
Al-Ettifaq,F. A. Ghamdi,MF,2026-05-09,0,0,0
Al-Ettifaq,J. A. Al-Salem,FW,2026-05-09,0,0,0
Al-Ettifaq,R. Al-Oteibi,DF,2026-05-09,0,0,0
Al-Fateh,J. Fernandes,FW,2026-05-06,0,0,0
Al-Fateh,Z. Youssef,MF,2026-05-06,0,0,0
Al-Fateh,F. Zubaidi,FW,2026-05-06,0,0,0
Al-Fateh,M. A. Obod,FW,2026-05-06,0,0,0
Al-Fateh,S. A. Tumbukti,DF,2026-05-06,0,0,0
Al-Fateh,A. Al-Anazi,MF,2026-05-06,0,0,0
Al-Fateh,A. Al-Bukhari,GK,2026-05-06,0,0,0
Al-Fateh,H. Qasim,DF,2026-05-06,0,0,0
Al-Fateh,O. Al-Othman,MF,2026-05-06,0,0,0
Al-Fayha,S. A. Dahal,FW,2026-05-04,0,0,0
Al-Fayha,S. Ganvoula,FW,2026-05-09,0,0,0
Al-Fayha,J. Kanon,DF,2026-05-04,0,0,0
Al-Fayha,S. Vrontis,MF,2026-05-09,0,0,0
Al-Fayha,M. Al-Beshe,MF,2026-05-09,0,0,0
Al-Fayha,S. A. Shammari,GK,2026-05-09,0,0,0
Al-Fayha,Z. Al-Sahafi,DF,2026-05-09,0,0,0
Al-Fayha,A. Al-Khaibari,FW,2026-05-09,0,0,0
Al-Fayha,N. Al-Harthi,MF,2026-05-09,0,0,0
Al-Fayha,A. A. Anzi,DF,2026-05-09,0,0,0
Al-Fayha,Jason,FW,2026-05-09,0,0,0
Al-Hazem,M. Al-Yami,DF,2026-05-09,0,0,0
Al-Hazem,E. Mokwana,FW,2026-05-09,0,0,0
Al-Hazem,Y. Al-Shammari,FW,2026-05-09,0,0,0
Al-Hazem,A. B. Dieng,MF,2026-05-09,0,0,0
Al-Hazem,M. Carvalho,MF,2026-05-09,0,0,0
Al-Hazem,A. Al-Harajin,MF,2026-05-09,0,0,0
Al-Hazem,I. Zaied,GK,2026-05-09,0,0,0
Al-Hazem,A. Boutouil,DF,2026-05-09,0,0,0
Al-Hazem,A. Al-Harbi,DF,2026-05-09,0,0,0
Al-Hilal,M. Al-Harbi,DF,2026-05-05,0,0,0
Al-Hilal,H. Altambakti,DF,2026-05-05,0,0,0
Al-Hilal,A. Darisi,FW,2026-05-05,0,0,0
Al-Hilal,S. Al-Dawsari,MF,2026-05-05,0,0,0
Al-Hilal,K. Benzema,FW,2026-05-05,0,0,0
Al-Hilal,A. A. Rasen,GK,2026-05-05,0,0,0
Al-Hilal,M. A. Hawsawi,MF,2026-05-05,0,0,0
Al-Ittihad,M. Shanqeeti,DF,2026-05-04,0,0,0
Al-Ittihad,M. Diaby,FW,2026-05-04,0,0,0
Al-Ittihad,A. Al Bishi,FW,2026-05-04,0,0,0
Al-Ittihad,F. Al-Ghamdi,MF,2026-05-04,0,0,0
Al-Ittihad,A. Al-Ghamdi,FW,2026-05-04,0,0,0
Al-Ittihad,M. Al-Absi,GK,2026-05-04,0,0,0
Al-Ittihad,O. A. Mermesh,GK,2026-05-04,0,0,0
Al-Ittihad,M. Barnawi,DF,2026-05-04,0,0,0
Al-Ittihad,H. Al-Ghamdi,MF,2026-05-04,0,0,0
Al-Khaleej,H. Al-Jayzani,DF,2026-05-05,0,0,0
Al-Khaleej,H. A. A. Issa,FW,2026-05-09,0,0,0
Al-Khaleej,B. Munshi,MF,2026-05-09,0,0,0
Al-Khaleej,T. A. Khaibri,FW,2026-05-09,0,0,0
Al-Khaleej,M. Al-Haidari,GK,2026-05-05,0,0,0
Al-Khaleej,B. A. Mutairi,DF,2026-05-09,0,0,0
Al-Khaleej,A. Al-Haydar,DF,2026-05-05,0,0,0
Al-Khaleej,A. Al-Salem,DF,2026-05-05,0,0,0
Al-Khaleej,S. Al-Amri,FW,2026-05-09,0,0,0
Al-Khaleej,B. Schenkeveld,DF,2026-05-09,0,0,0
Al-Khaleej,A. Mboge,MF,2026-05-09,0,0,0
Al-Khaleej,M. Alghanem,GK,2026-05-09,0,0,0
Al-Khaleej,S. A. Hamsal,DF,2026-05-09,0,0,0
Al-Kholood,M. Sawan,MF,2026-05-04,0,0,0
Al-Kholood,A. Al-Safri,MF,2026-05-04,0,0,0
Al-Kholood,M. M. Alshammari,GK,2026-05-04,0,0,0
Al-Kholood,R. A. Mutairi,DF,2026-05-04,0,0,0
Al-Kholood,J. A. Dawsari,DF,2026-05-04,0,0,0
Al-Kholood,H. Al-Asmari,DF,2026-05-04,0,0,0
Al-Kholood,R. A. b. Jaman,MF,2026-05-04,0,0,0
Al-Kholood,Adi,MF,2026-05-04,0,0,0
Al-Najma SC,A. Al-Hawsawi,DF,2026-05-09,0,0,0
Al-Najma SC,D. Tijanič,MF,2026-05-09,0,0,0
Al-Najma SC,R. Al-Tulayhi,MF,2026-05-04,0,0,0
Al-Najma SC,W. A. Enazi,GK,2026-05-09,0,0,0
Al-Najma SC,K. Al-Shammari,MF,2026-05-09,0,0,0
Al-Najma SC,M. Dawran,MF,2026-05-09,0,0,0
Al-Najma SC,G. Rodrigues,MF,2026-05-09,0,0,0
Al-Najma SC,M. M. Sharrahi,MF,2026-05-04,0,0,0
Al-Najma SC,H. Al-Dubais,FW,2026-05-09,0,0,0
Al-Najma SC,Lázaro,FW,2026-05-09,0,0,0
Al-Najma SC,N. Al-Hawsawi,DF,2026-05-09,0,0,0
Al-Nassr,A. Yahya,MF,2026-05-03,0,0,0
Al-Nassr,S. Al-Nasser,DF,2026-05-07,0,0,0
Al-Nassr,S. Al-Ghannam,DF,2026-05-03,0,0,0
Al-Nassr,A. Al-Hamdan,FW,2026-05-07,0,0,0
Al-Nassr,A. Ghareeb,FW,2026-05-03,0,0,0
Al-Nassr,A. Al-Otaibi,GK,2026-05-07,0,0,0
Al-Nassr,N. A. Sharari,DF,2026-05-07,0,0,0
Al-Nassr,A. Al-Hassan,MF,2026-05-07,0,0,0
Al-Nassr,M. Marran,FW,2026-05-07,0,0,0
Al-Nassr,N. Boushal,DF,2026-05-07,0,0,0
Al-Nassr,S. Alnajdi,DF,2026-05-07,0,0,0
Al-Okhdood,M. A. Abd,DF,2026-05-03,0,0,0
Al-Okhdood,M. A. Jahif,MF,2026-05-03,0,0,0
Al-Okhdood,M. Alqaydhi,DF,2026-05-03,0,0,0
Al-Okhdood,G. Hawsawi,DF,2026-05-03,0,0,0
Al-Okhdood,K. Al-Lazam,FW,2026-05-03,0,0,0
Al-Okhdood,R. Najjar,GK,2026-05-03,0,0,0
Al-Okhdood,S. Salem,MF,2026-05-03,0,0,0
Al-Okhdood,A. Majrashi,MF,2026-05-03,0,0,0
Al-Okhdood,S. Al-Harthi,MF,2026-05-03,0,0,0
Al-Qadsiah,G. Carvalho,FW,2026-05-09,0,0,0
Al-Qadsiah,A. Hazazi,MF,2026-05-03,0,0,0
Al-Qadsiah,A. Al-Kassar,GK,2026-05-09,0,0,0
Al-Qadsiah,M. Qasem,DF,2026-05-09,0,0,0
Al-Qadsiah,Y. Al-Shahrani,DF,2026-05-09,0,0,0
Al-Qadsiah,A. H. A. Yuhaybi,MF,2026-05-09,0,0,0
Al-Qadsiah,E. Houssa,MF,2026-05-09,0,0,0
Al-Qadsiah,I. Mahnashi,MF,2026-05-09,0,0,0
Al-Qadsiah,H. Asiri,FW,2026-05-09,0,0,0
Al-Qadsiah,A. Vergaz,DF,2026-05-09,0,0,0
Al-Riyadh,A. A. Harfi,DF,2026-05-04,0,0,0
Al-Riyadh,E. Bahri,DF,2026-05-04,0,0,0
Al-Riyadh,M. Sylla,FW,2026-05-04,0,0,0
Al-Riyadh,Y. Al Shehri,MF,2026-05-04,0,0,0
Al-Riyadh,K. Al-Absi,FW,2026-05-04,0,0,0
Al-Riyadh,A. Al Shammari,GK,2026-05-04,0,0,0
Al-Riyadh,O. Al-Boardi,DF,2026-05-04,0,0,0
Al-Riyadh,S. H. Hazazi,DF,2026-05-04,0,0,0
Al-Riyadh,T. Al-Shubili,MF,2026-05-04,0,0,0
Al-Shabab,H. Alsebyani,DF,2026-05-07,0,0,0
Al-Shabab,V. Sierro,MF,2026-05-03,0,0,0
Al-Shabab,A. Al-Othman,FW,2026-05-07,0,0,0
Al-Shabab,H. Al-Hammami,FW,2026-05-03,0,0,0
Al-Shabab,M. Al-Mahasneh,GK,2026-05-03,0,0,0
Al-Shabab,A. Makki,DF,2026-05-07,0,0,0
Al-Shabab,U. Hernández,MF,2026-05-07,0,0,0
Al-Shabab,B. Y. Al-Sayyali,MF,2026-05-07,0,0,0
Al-Shabab,H. Camara,FW,2026-05-03,0,0,0
Al-Shabab,A. Rahma,GK,2026-05-07,0,0,0
Al-Shabab,M. A. Shwirekh,DF,2026-05-07,0,0,0
Al-Shabab,A. Matuq,FW,2026-05-07,0,0,0
Al-Shabab,F. Al-Sibyani,MF,2026-05-07,0,0,0
Al-Taawoun,A. Bahusayn,MF,2026-05-03,0,0,0
Al-Taawoun,Biel,FW,2026-05-03,0,0,0
Al-Taawoun,M. H. Alqahtani,FW,2026-05-03,0,0,0
Al-Taawoun,F. Al-Rashidi,FW,2026-05-03,0,0,0
Al-Taawoun,A. Atiah,GK,2026-05-03,0,0,0
Al-Taawoun,B. Al-Hurayji,DF,2026-05-03,0,0,0
Al-Taawoun,M. Alaeli,DF,2026-05-03,0,0,0
Al-Taawoun,S. R. Mohamed,FW,2026-05-03,0,0,0
Alanyaspor,N. Janvier,MF,2026-05-03,0,0,0
Alanyaspor,İ. Kaya,FW,2026-05-03,0,0,0
Alanyaspor,I. Hagi,MF,2026-05-09,0,0,0
Alanyaspor,İ. Çelik,MF,2026-05-09,0,0,0
Alanyaspor,E. Keskin,MF,2026-05-03,0,0,0
Alanyaspor,E. Taşkıran,GK,2026-05-09,0,0,0
Alanyaspor,B. Viana,DF,2026-05-03,0,0,0
Alanyaspor,F. Aksoy,DF,2026-05-03,0,0,0
Alanyaspor,B. Mogultay,DF,2026-05-09,0,0,0
Alanyaspor,E. Karaca,MF,2026-05-09,0,0,0
Alanyaspor,G. Yalçın,FW,2026-05-09,0,0,0
Alanyaspor,B. Yavuz,DF,2026-05-09,0,0,0
Alanyaspor,B. Bulut,MF,2026-05-09,0,0,0
Albacete Balompié,J. Moreno,DF,2026-05-09,0,0,0
Albacete Balompié,D. Bernabeu,DF,2026-05-09,0,0,0
Albacete Balompié,A. Rubio,FW,2026-05-09,0,0,0
Albacete Balompié,F. Gámez,DF,2026-05-09,0,0,0
Albacete Balompié,Capi,MF,2026-05-09,0,0,0
Albacete Balompié,M. Ramos,GK,2026-05-09,0,0,0
Albacete Balompié,J. Villar,MF,2026-05-09,0,0,0
Albacete Balompié,S. Obeng,FW,2026-05-09,0,0,0
Alhama Club de Fútbol,M. Diaz,FW,2026-05-09,0,0,0
Alhama Club de Fútbol,R. P. Saez,FW,2026-05-09,0,0,0
Alhama Club de Fútbol,M. Gestera,MF,2026-05-09,0,0,0
Alhama Club de Fútbol,E. d. T. Aldaria,GK,2026-05-09,0,0,0
Alhama Club de Fútbol,C. Castiñeyras,DF,2026-05-09,0,0,0
Alhama Club de Fútbol,N. Martinez,DF,2026-05-09,0,0,0
Alhama Club de Fútbol,A. Santamaría,DF,2026-05-09,0,0,0
Alhama Club de Fútbol,J. Toro,DF,2026-05-09,0,0,0
Alhama Club de Fútbol,E. J. Navarro,MF,2026-05-09,0,0,0
Alhama Club de Fútbol,P. Miñano,FW,2026-05-09,0,0,0
Alhama Club de Fútbol,M. R. González,MF,2026-05-09,0,0,0
Alianza Atlético de Sullana,F. Coronel,FW,2026-05-07,0,0,0
Alianza Atlético de Sullana,C. Valladolid,FW,2026-05-07,0,0,0
Alianza Atlético de Sullana,S. Quiroga,FW,2026-05-07,0,0,0
Alianza Atlético de Sullana,H. Lupú,MF,2026-05-07,0,0,0
Alianza Atlético de Sullana,E. Hermoza,GK,2026-05-07,0,0,0
Alianza Atlético de Sullana,L. Alburqueque,DF,2026-05-07,0,0,0
Alianza Atlético de Sullana,J. Quiñones,DF,2026-05-07,0,0,0
Alianza Atlético de Sullana,J. Luján,DF,2026-05-07,0,0,0
Alianza Atlético de Sullana,W. Guzmán,DF,2026-05-07,0,0,0
Alianza Atlético de Sullana,S. Fernández,MF,2026-05-07,0,0,0
Alianza Atlético de Sullana,A. Antilef,MF,2026-05-07,0,0,0
Almere City FC,J. Rijkhoff,FW,2026-05-09,0,0,0
Almere City FC,O. D. Nijs,MF,2026-05-09,0,0,0
Almere City FC,E. Cornelisse,DF,2026-05-09,0,0,0
Almere City FC,R. Providence,FW,2026-05-09,0,0,0
Almere City FC,J. Jacobs,DF,2026-05-09,0,0,0
Almere City FC,J. Wendlinger,GK,2026-05-09,0,0,0
Almere City FC,J. v. d. Wilt,GK,2026-05-09,0,0,0
Almere City FC,A. Foah-Sam,DF,2026-05-09,0,0,0
Almere City FC,M. Engel,DF,2026-05-09,0,0,0
Almere City FC,J. Kalisvaart,MF,2026-05-09,0,0,0
Almere City FC,I. Goghli,FW,2026-05-06,0,0,0
Almere City FC,B. Huisman,MF,2026-05-09,0,0,0
Almere City FC,T. Bijleveld,DF,2026-05-09,0,0,0
Almería,A. Puigmal,MF,2026-05-09,0,0,0
Almería,J. Morcillo,FW,2026-05-09,0,0,0
Almería,A. Horta,MF,2026-05-09,0,0,0
Almería,B. Iribarne,GK,2026-05-04,0,0,0
Almería,F. Martínez,FW,2026-05-09,0,0,0
Almería,Chumi,DF,2026-05-09,0,0,0
Almería,Á. Centelles,DF,2026-05-09,0,0,0
Almería,N. Monte,DF,2026-05-09,0,0,0
Almería,Gui,MF,2026-05-09,0,0,0
Almería,N. Melamed,MF,2026-05-09,0,0,0
Almería,P. Soko,FW,2026-05-09,0,0,0
Almería,D. Chirino,DF,2026-05-09,0,0,0
América Mineiro,Alê,MF,2026-05-04,0,0,0
América Mineiro,Y. Souza,MF,2026-05-04,0,0,0
América Mineiro,K. Z. M. Dorna,MF,2026-05-04,0,0,0
América Mineiro,W. Bigode,FW,2026-05-04,0,0,0
América Mineiro,J. J. J. d. Lima,FW,2026-05-04,0,0,0
América Mineiro,William,GK,2026-05-04,0,0,0
América Mineiro,L. Carneiro,DF,2026-05-04,0,0,0
América Mineiro,Thallyson,DF,2026-05-04,0,0,0
América Mineiro,O. Gonçalves,MF,2026-05-04,0,0,0
América de Cali,T. Palacios,FW,2026-05-07,0,0,0
América de Cali,J. Romero,MF,2026-05-07,0,0,0
América de Cali,A. Ramos,FW,2026-05-07,0,0,0
América de Cali,C. Sierra,MF,2026-05-07,0,0,0
América de Cali,J. Soto,GK,2026-05-07,0,0,0
América de Cali,B. Correa,DF,2026-05-07,0,0,0
América de Cali,D. Borrero,FW,2026-05-07,0,0,0
América de Cali,J. Cavadia,MF,2026-05-07,0,0,0
América de Cali,D. Machís,FW,2026-05-07,0,0,0
América de Cali,Y. Garcés,FW,2026-05-07,0,0,0
América de Cali,K. Angulo,FW,2026-05-07,0,0,0
Angers,L. Mouton,MF,2026-05-03,0,0,0
Angers,G. Koyalipou,FW,2026-05-03,0,0,0
Angers,L. Machine,FW,2026-05-03,0,0,0
Angers,F. Hanin,DF,2026-05-03,0,0,0
Angers,C. Arcus,DF,2026-05-03,0,0,0
Angers,M. Zinga,GK,2026-05-03,0,0,0
Angers,D. Sinaté,MF,2026-05-03,0,0,0
Angers,M. Gernigon,DF,2026-05-03,0,0,0
Antalyaspor,B. Guèye,FW,2026-05-09,0,0,0
Antalyaspor,N. Storm,FW,2026-05-03,0,0,0
Antalyaspor,K. Paal,DF,2026-05-03,0,0,0
Antalyaspor,L. Giannetti,DF,2026-05-03,0,0,0
Antalyaspor,D. Šarić,MF,2026-05-03,0,0,0
Antalyaspor,Y. Boli,FW,2026-05-09,0,0,0
Antalyaspor,A. Yiğiter,GK,2026-05-03,0,0,0
Antalyaspor,B. Öztürk,DF,2026-05-09,0,0,0
Antalyaspor,G. Dzhikiya,DF,2026-05-09,0,0,0
Antalyaspor,S. Karakoç,DF,2026-05-09,0,0,0
Antalyaspor,A. Ömür,MF,2026-05-03,0,0,0
Antalyaspor,R. Safouri,MF,2026-05-09,0,0,0
Antalyaspor,S. van de Streek,MF,2026-05-09,0,0,0
Antalyaspor,E. Yeşilyurt,MF,2026-05-09,0,0,0
Antalyaspor,J. Cuesta,GK,2026-05-09,0,0,0
Antalyaspor,K. Kayaarasi,FW,2026-05-09,0,0,0
Arbroath,S. Robinson,MF,2026-05-05,0,0,0
Arbroath,J. Pettigrew,GK,2026-05-08,0,0,0
Arbroath,A. Muirhead,DF,2026-05-08,0,0,0
Arbroath,V. Enem,DF,2026-05-08,0,0,0
Arbroath,T. Beadling,DF,2026-05-08,0,0,0
Arbroath,D. Gold,MF,2026-05-08,0,0,0
Arbroath,D. Mebude,FW,2026-05-08,0,0,0
Arbroath,G. Reilly,FW,2026-05-08,0,0,0
Arbroath,L. Gillie,DF,2026-05-08,0,0,0
Arda Kardzhali,A. Shinyashiki,MF,2026-05-03,0,0,0
Arda Kardzhali,P. Luan,FW,2026-05-08,0,0,0
Arda Kardzhali,P. Krachunov,DF,2026-05-08,0,0,0
Arda Kardzhali,I. Nedelchev,GK,2026-05-08,0,0,0
Arda Kardzhali,M. Paskalev,DF,2026-05-08,0,0,0
Arda Kardzhali,V. Velev,DF,2026-05-03,0,0,0
Arda Kardzhali,B. Akandzh,MF,2026-05-08,0,0,0
Arda Kardzhali,I. D. Akintola,MF,2026-05-08,0,0,0
Arda Kardzhali,S. Kovachev,MF,2026-05-08,0,0,0
Arda Kardzhali,A. Kabov,MF,2026-05-08,0,0,0
Arda Kardzhali,A. Vutov,MF,2026-05-08,0,0,0
Aris Thessaloniki,Á. Tejero,DF,2026-05-03,0,0,0
Aris Thessaloniki,C. Kouamé,FW,2026-05-03,0,0,0
Aris Thessaloniki,G. Gianniotas,FW,2026-05-03,0,0,0
Aris Thessaloniki,M. Gning,FW,2026-05-03,0,0,0
Aris Thessaloniki,K. Galanopoulos,MF,2026-05-03,0,0,0
Aris Thessaloniki,L. Majkić,GK,2026-05-03,0,0,0
Aris Thessaloniki,S. Dioudis,GK,2026-05-03,0,0,0
Aris Thessaloniki,N. Sonko Sundberg,DF,2026-05-03,0,0,0
Aris Thessaloniki,M. Kerkez,DF,2026-05-03,0,0,0
Aris Thessaloniki,O. Boussaid,MF,2026-05-03,0,0,0
Aris Thessaloniki,M. Voriazidis,MF,2026-05-03,0,0,0
Aris Thessaloniki,A. Donis,FW,2026-05-03,0,0,0
Arsenal,P. Hincapié,DF,2026-05-05,0,0,0
Arsenal,N. Madueke,FW,2026-05-05,0,0,0
Arsenal,M. Ødegaard,MF,2026-05-05,0,0,0
Arsenal,M. Zubimendi,MF,2026-05-05,0,0,0
Arsenal,G. Martinelli,FW,2026-05-05,0,0,0
Arsenal,K. Arrizabalaga,GK,2026-05-05,0,0,0
Arsenal,T. Setford,GK,2026-05-05,0,0,0
Arsenal,C. Mosquera,DF,2026-05-05,0,0,0
Arsenal,C. Nørgaard,MF,2026-05-05,0,0,0
Arsenal,M. Dowman,MF,2026-05-05,0,0,0
Arsenal,G. Jesus,FW,2026-05-05,0,0,0
Arsenal,K. Havertz,FW,2026-05-05,0,0,0
Asteras Aktor,B. Pérez,MF,2026-05-09,0,0,0
Asteras Aktor,C. Okoh,FW,2026-05-09,0,0,0
Asteras Aktor,N. Kaltsas,FW,2026-05-09,0,0,0
Asteras Aktor,T. Tzandaris,MF,2026-05-09,0,0,0
Asteras Aktor,V. Archontakakis,GK,2026-05-09,0,0,0
Asteras Aktor,V. Chatziemmanouil,GK,2026-05-09,0,0,0
Asteras Aktor,A. Tereziou,DF,2026-05-09,0,0,0
Asteras Aktor,D. Laskaris,DF,2026-05-09,0,0,0
Asteras Aktor,D. Grammenos,MF,2026-05-09,0,0,0
Asteras Aktor,J. Mendieta,MF,2026-05-09,0,0,0
Asteras Aktor,A. Simoni,FW,2026-05-09,0,0,0
Aston Villa,O. Watkins,FW,2026-05-03,0,0,0
Aston Villa,E. Buendía,MF,2026-05-03,0,0,0
Aston Villa,L. Bailey,FW,2026-05-07,0,0,0
Aston Villa,M. Bizot,GK,2026-05-07,0,0,0
Aston Villa,E. Konsa,DF,2026-05-03,0,0,0
Aston Villa,L. Digne,DF,2026-05-03,0,0,0
Aston Villa,P. Torres,DF,2026-05-03,0,0,0
Aston Villa,D. Luiz,MF,2026-05-07,0,0,0
Aston Villa,L. Bogarde,MF,2026-05-07,0,0,0
Aston Villa,J. Sancho,FW,2026-05-07,0,0,0
Aston Villa,T. Mings,DF,2026-05-07,0,0,0
Aston Villa,J. Wright,GK,2026-05-07,0,0,0
Aston Villa,I. Maatsen,DF,2026-05-07,0,0,0
Aston Villa,H. Elliott,MF,2026-05-07,0,0,0
Aston Villa,T. Abraham,FW,2026-05-07,0,0,0
Athletic Club,E. Arana,DF,2026-05-09,0,0,0
Athletic Club,P. Oliveira,DF,2026-05-05,0,0,0
Athletic Club,G. Moyses,FW,2026-05-05,0,0,0
Athletic Club,F. Vieira,DF,2026-05-10,0,0,0
Athletic Club,D. B. d. Souza,DF,2026-05-05,0,0,0
Athletic Club,Bruninho,FW,2026-05-10,0,0,0
Athletic Club,Jhonatan,GK,2026-05-10,0,0,0
Athletic Club,G. M. Melo,DF,2026-05-10,0,0,0
Athletic Club,Gustavinho,FW,2026-05-10,0,0,0
Athletic Club,G. Cabezas,MF,2026-05-10,0,0,0
Athletic Club,D. Vera,FW,2026-05-10,0,0,0
Athletic Club,A. Pena,MF,2026-05-10,0,0,0
Athletic Club,J. A. Martinez,FW,2026-05-09,0,0,0
Athletic Club,N. Nevado,DF,2026-05-09,0,0,0
Athletic Club,C. Pinedo,MF,2026-05-09,0,0,0
Athletic Club,P. Zugasti,FW,2026-05-09,0,0,0
Athletic Club,L. Baños,MF,2026-05-09,0,0,0
Athletic Club,O. Santana,GK,2026-05-09,0,0,0
Athletic Club,M. Torre,DF,2026-05-09,0,0,0
Athletic Club,A. Campos,FW,2026-05-09,0,0,0
Athletic Club,O. Otusanya,FW,2026-05-10,0,0,0
Athletic Club,G. Tadeu,GK,2026-05-10,0,0,0
Athletic Club,Douglas,DF,2026-05-10,0,0,0
Athletic Club,K. Lindes,MF,2026-05-10,0,0,0
Atlanta United,A. Fortune,MF,2026-05-10,0,0,0
Atlanta United,L. Brennan,MF,2026-05-10,0,0,0
Atlanta United,C. Togashi,FW,2026-05-10,0,0,0
Atlanta United,E. Mihaj,DF,2026-05-10,0,0,0
Atlanta United,S. Santos,FW,2026-05-10,0,0,0
Atlanta United,J. Hibbert,GK,2026-05-10,0,0,0
Atlanta United,P. Amador,DF,2026-05-10,0,0,0
Atlanta United,M. Edwards,DF,2026-05-10,0,0,0
Atlanta United,W. Reilly,MF,2026-05-10,0,0,0
Atlas FC,L. Gamboa,FW,2026-05-10,0,0,0
Atlas FC,A. Sánchez,GK,2026-05-10,0,0,0
Atlas FC,A. Mora,DF,2026-05-10,0,0,0
Atlas FC,R. Pier,DF,2026-05-10,0,0,0
Atlas FC,G. Aguirre,DF,2026-05-10,0,0,0
Atlas FC,J. Lozano,DF,2026-05-03,0,0,0
Atlas FC,G. d. Prete,FW,2026-05-10,0,0,0
Atlas FC,M. García,DF,2026-05-10,0,0,0
Atlas FC,D. González,DF,2026-05-10,0,0,0
Atlas FC,E. Zaldívar,MF,2026-05-10,0,0,0
Atlético Goianiense,I. Henrique,MF,2026-05-04,0,0,0
Atlético Goianiense,Guilherme Marques,MF,2026-05-10,0,0,0
Atlético Goianiense,J. Gentil,FW,2026-05-10,0,0,0
Atlético Goianiense,B. José,MF,2026-05-04,0,0,0
Atlético Goianiense,L. Jacó,FW,2026-05-10,0,0,0
Atlético Goianiense,Adriano Martins,DF,2026-05-10,0,0,0
Atlético Goianiense,F. Guimarães,DF,2026-05-10,0,0,0
Atlético Goianiense,L. Tocantins,FW,2026-05-10,0,0,0
Atlético Goianiense,Paulo,GK,2026-05-10,0,0,0
Atlético Goianiense,Natã,DF,2026-05-10,0,0,0
Atlético Goianiense,Assis,MF,2026-05-10,0,0,0
Atlético Madrid,N. Molina,DF,2026-05-09,0,0,0
Atlético Madrid,J. Cardoso,MF,2026-05-05,0,0,0
Atlético Madrid,A. Sørloth,FW,2026-05-05,0,0,0
Atlético Madrid,A. Baena,MF,2026-05-05,0,0,0
Atlético Madrid,T. Almada,MF,2026-05-09,0,0,0
Atlético Madrid,J. Musso,GK,2026-05-09,0,0,0
Atlético Madrid,J. M. Giménez,DF,2026-05-05,0,0,0
Atlético Madrid,C. Lenglet,DF,2026-05-09,0,0,0
Atlético Madrid,J. Boñar,DF,2026-05-05,0,0,0
Atlético Madrid,R. Mendoza,MF,2026-05-09,0,0,0
Atlético Madrid,O. Vargas,MF,2026-05-09,0,0,0
Atlético Madrid,R. Le Normand,DF,2026-05-09,0,0,0
Atlético Madrid,M. Llorente,FW,2026-05-09,0,0,0
Atlético Madrid,S. Esquivel,GK,2026-05-09,0,0,0
Atlético Madrid,I. Luque,FW,2026-05-09,0,0,0
Atlético Mineiro,Reinier,MF,2026-05-06,0,0,0
Atlético Mineiro,K. P. Resende,DF,2026-05-06,0,0,0
Atlético Mineiro,C. C. Soares,FW,2026-05-06,0,0,0
Atlético Mineiro,G. Delfim,GK,2026-05-06,0,0,0
Atlético Mineiro,I. Román,DF,2026-05-06,0,0,0
Atlético Mineiro,Alexsander,MF,2026-05-06,0,0,0
Atlético Mineiro,I. Gomes,MF,2026-05-06,0,0,0
Atlético Mineiro,Á. Preciado,DF,2026-05-03,0,0,0
Atlético Mineiro,M. Iseppe,MF,2026-05-06,0,0,0
Atlético Mineiro,G. Scarpa,MF,2026-05-06,0,0,0
Atlético Mineiro,Dudu,FW,2026-05-06,0,0,0
Atlético Mineiro,J. Alonso,DF,2026-05-06,0,0,0
Audax Italiano,O. Rojas,MF,2026-05-07,0,0,0
Audax Italiano,I. Fuenzalida,FW,2026-05-07,0,0,0
Audax Italiano,R. Cabral,FW,2026-05-07,0,0,0
Audax Italiano,F. Loyola,MF,2026-05-07,0,0,0
Audax Italiano,D. Coelho,FW,2026-05-07,0,0,0
Audax Italiano,P. Garrido,GK,2026-05-07,0,0,0
Audax Italiano,D. Monreal,DF,2026-05-07,0,0,0
Audax Italiano,M. Jiménez,DF,2026-05-07,0,0,0
Audax Italiano,T. Cayuqueo,DF,2026-05-07,0,0,0
Audax Italiano,T. Leyton,MF,2026-05-07,0,0,0
Audax Italiano,M. Valdes,MF,2026-05-07,0,0,0
Audax Italiano,J. Ahumada,FW,2026-05-07,0,0,0
Austin FC,D. Pereira,MF,2026-05-04,0,0,0
Austin FC,J. Bell,DF,2026-05-04,0,0,0
Austin FC,O. Wolff,MF,2026-05-04,0,0,0
Austin FC,C. Fodrey,MF,2026-05-04,0,0,0
Austin FC,B. Vázquez,FW,2026-05-04,0,0,0
Austin FC,D. Las,GK,2026-05-04,0,0,0
Austin FC,B. Sabović,MF,2026-05-04,0,0,0
Austin FC,N. Dubersarsky,MF,2026-05-04,0,0,0
Auxerre,C. Akpa,DF,2026-05-03,0,0,0
Auxerre,J. Casimir,FW,2026-05-03,0,0,0
Auxerre,L. Coulibaly,MF,2026-05-03,0,0,0
Auxerre,A. Dioussé,MF,2026-05-03,0,0,0
Auxerre,M. Cissokho,FW,2026-05-03,0,0,0
Auxerre,T. Negrel,GK,2026-05-03,0,0,0
Auxerre,M. Senaya,DF,2026-05-03,0,0,0
Auxerre,T. Siwe,DF,2026-05-03,0,0,0
Auxerre,F. Sierralta,DF,2026-05-03,0,0,0
Avaí,G. Aquino,DF,2026-05-04,0,0,0
Avaí,Sorriso,FW,2026-05-04,0,0,0
Avaí,P. Vitor,MF,2026-05-04,0,0,0
Avaí,Rafael Bilú,FW,2026-05-04,0,0,0
Avaí,Wesley Gasolina,DF,2026-05-04,0,0,0
Avaí,F. Avenatti,FW,2026-05-04,0,0,0
Avaí,Igor,GK,2026-05-04,0,0,0
Avaí,Wenderson,MF,2026-05-04,0,0,0
Avaí,Hyan,MF,2026-05-04,0,0,0
Avaí,Del Piage,MF,2026-05-04,0,0,0
Avaí,M. Vitor,FW,2026-05-04,0,0,0
Avenir Sportif De Gabes,H. Teka,FW,2026-05-08,0,0,0
Avenir Sportif De Gabes,A. Chouaya,GK,2026-05-08,0,0,0
Avenir Sportif De Gabes,N. Khedher,DF,2026-05-08,0,0,0
Avenir Sportif De Gabes,M. Bidani,DF,2026-05-08,0,0,0
Avenir Sportif De Gabes,O. Letifi,MF,2026-05-08,0,0,0
Avenir Sportif De Gabes,A. Mechri,FW,2026-05-08,0,0,0
Avenir Sportif De Gabes,O. Naffati,FW,2026-05-08,0,0,0
Avenir Sportif De Gabes,M. A. Khelifi,FW,2026-05-08,0,0,0
Avenir Sportif De La Marsa,M. H. Moslem,DF,2026-05-04,0,0,0
Avenir Sportif De La Marsa,A. Soltani,GK,2026-05-04,0,0,0
Avenir Sportif De La Marsa,K. Hammemi,DF,2026-05-04,0,0,0
Avenir Sportif De La Marsa,F. Neji,MF,2026-05-04,0,0,0
Avenir Sportif De La Marsa,M. A. Traidi,MF,2026-05-04,0,0,0
Avenir Sportif De La Marsa,H. Mansour,MF,2026-05-04,0,0,0
Avenir Sportif De La Marsa,V. Polaco,FW,2026-05-04,0,0,0
Avenir Sportif De La Marsa,A. B. Hamida,FW,2026-05-04,0,0,0
Avenir Sportif De La Marsa,H. Hichri,MF,2026-05-09,0,0,0
Avenir Sportif De La Marsa,M. A. Telli,GK,2026-05-09,0,0,0
Avenir Sportif De La Marsa,M. A. Chaouch,DF,2026-05-09,0,0,0
Avenir Sportif De La Marsa,M. A. Khaloui,MF,2026-05-09,0,0,0
Avenir Sportif De La Marsa,R. H. Gneba,MF,2026-05-09,0,0,0
Avenir Sportif De La Marsa,O. Adejoh,MF,2026-05-09,0,0,0
Avenir Sportif De La Marsa,Y. Dao,FW,2026-05-09,0,0,0
Avenir Sportif De La Marsa,G. Kalu,FW,2026-05-09,0,0,0
Avenir Sportif De La Marsa,F. Ifia,FW,2026-05-09,0,0,0
Avispa Fukuoka,P. O. Obi,GK,2026-05-10,0,0,0
Avispa Fukuoka,N. Tatsuki,DF,2026-05-03,0,0,0
Avispa Fukuoka,M. Yota,DF,2026-05-03,0,0,0
Avispa Fukuoka,D. Miya,DF,2026-05-10,0,0,0
Avispa Fukuoka,K. Yamawaki,DF,2026-05-10,0,0,0
Avispa Fukuoka,K. Fukushima,MF,2026-05-10,0,0,0
Avispa Fukuoka,K. Shiihashi,MF,2026-05-06,0,0,0
Avispa Fukuoka,Y. Michiwaki,FW,2026-05-10,0,0,0
Avispa Fukuoka,A. Sani Brown,FW,2026-05-10,0,0,0
Avispa Fukuoka,Y. Tsujioka,DF,2026-05-06,0,0,0
Avispa Fukuoka,M. Shigemi,MF,2026-05-06,0,0,0
Avispa Fukuoka,S. Sato,FW,2026-05-10,0,0,0
Avispa Fukuoka,K. Takumi,DF,2026-05-06,0,0,0
Avispa Fukuoka,K. Okuno,MF,2026-05-06,0,0,0
Avispa Fukuoka,Y. Kitajima,MF,2026-05-10,0,0,0
Avispa Fukuoka,K. Moon-Hyeon,DF,2026-05-10,0,0,0
BSC Young Boys,E. Colley,FW,2026-05-03,0,0,0
BSC Young Boys,S. Janko,DF,2026-05-03,0,0,0
BSC Young Boys,D. Maleš,MF,2026-05-03,0,0,0
BSC Young Boys,C. Bedia,FW,2026-05-03,0,0,0
BSC Young Boys,D. Pech,MF,2026-05-03,0,0,0
BSC Young Boys,H. Lindner,GK,2026-05-03,0,0,0
BSC Young Boys,T. Zoukrou,DF,2026-05-03,0,0,0
BSC Young Boys,J. Hadjam,DF,2026-05-03,0,0,0
BSC Young Boys,R. Raveloson,MF,2026-05-03,0,0,0
Bahia,M. Sanabria,FW,2026-05-03,0,0,0
Bahia,R. Nestor,MF,2026-05-10,0,0,0
Bahia,M. Araújo,MF,2026-05-10,0,0,0
Bahia,Ademir,FW,2026-05-10,0,0,0
Bahia,Everaldo,FW,2026-05-10,0,0,0
Bahia,J. Paulo,GK,2026-05-10,0,0,0
Bahia,Gilberto,DF,2026-05-10,0,0,0
Bahia,M. Victor,DF,2026-05-03,0,0,0
Bahia,G. Xavier,DF,2026-05-10,0,0,0
Bahia,Kanu,DF,2026-05-03,0,0,0
Bahia,R. Gómez,DF,2026-05-10,0,0,0
Bahia,I. Borduchi,DF,2026-05-10,0,0,0
Bahia,C. Olivera,FW,2026-05-10,0,0,0
Bahia,L. Gustavo,DF,2026-05-10,0,0,0
Bahia,Dell,FW,2026-05-10,0,0,0
Barcelona SC Guayaquil,J. Intriago,MF,2026-05-06,0,0,0
Barcelona SC Guayaquil,H. Villalba,FW,2026-05-06,0,0,0
Barcelona SC Guayaquil,M. Parrales,FW,2026-05-06,0,0,0
Barcelona SC Guayaquil,J. C. Montaño,MF,2026-05-06,0,0,0
Barcelona SC Guayaquil,W. Vargas,DF,2026-05-06,0,0,0
Barcelona SC Guayaquil,J. Cevallos,GK,2026-05-06,0,0,0
Barcelona SC Guayaquil,J. Mina,DF,2026-05-06,0,0,0
Barcelona SC Guayaquil,J. Perlaza,FW,2026-05-06,0,0,0
Barcelona SC Guayaquil,L. Sosa,DF,2026-05-06,0,0,0
Barcelona SC Guayaquil,T. Martínez,MF,2026-05-06,0,0,0
Barcelona SC Guayaquil,R. Perlaza,FW,2026-05-06,0,0,0
Barracas Central,D. Miloc,MF,2026-05-07,0,0,0
Barracas Central,K. Jappert,MF,2026-05-07,0,0,0
Barracas Central,E. Taborda,FW,2026-05-07,0,0,0
Barracas Central,F. Bruera,FW,2026-05-07,0,0,0
Barracas Central,G. Maroni,MF,2026-05-07,0,0,0
Barracas Central,M. A. Miño,GK,2026-05-07,0,0,0
Barracas Central,R. Barrios,DF,2026-05-07,0,0,0
Barracas Central,G. Campi,DF,2026-05-07,0,0,0
Barracas Central,Y. Rak,DF,2026-05-07,0,0,0
Barracas Central,I. Guaraz,FW,2026-05-07,0,0,0
Barracas Central,M. Duarte,MF,2026-05-07,0,0,0
Barracas Central,N. Briasco,FW,2026-05-07,0,0,0
Bayelsa United FC,S. Loveday,DF,2026-05-03,0,0,0
Bayelsa United FC,G. Biriduba ,DF,2026-05-03,0,0,0
Bayelsa United FC,A. Edwin,MF,2026-05-03,0,0,0
Bayelsa United FC,N. Godstime,MF,2026-05-03,0,0,0
Bayelsa United FC,S. Garba,MF,2026-05-03,0,0,0
Bayelsa United FC,E. N. Ofem,FW,2026-05-03,0,0,0
Bayelsa United FC,C. Onyinjekwu,FW,2026-05-03,0,0,0
Bayelsa United FC,P. Ebimobowei,FW,2026-05-03,0,0,0
Bayer 04 Leverkusen,Arthur,DF,2026-05-09,0,0,0
Bayer 04 Leverkusen,M. Tillman,MF,2026-05-09,0,0,0
Bayer 04 Leverkusen,E. Poku,FW,2026-05-09,0,0,0
Bayer 04 Leverkusen,E. Ben Seghir,FW,2026-05-09,0,0,0
Bayer 04 Leverkusen,J. Blaswich,GK,2026-05-09,0,0,0
Bayer 04 Leverkusen,L. Badé,DF,2026-05-09,0,0,0
Bayer 04 Leverkusen,L. Vázquez,DF,2026-05-09,0,0,0
Bayer 04 Leverkusen,E. Fernández,MF,2026-05-09,0,0,0
Bayer 04 Leverkusen,J. Hofmann,MF,2026-05-09,0,0,0
Başakşehir FK,D. Selke,FW,2026-05-09,0,0,0
Başakşehir FK,A. Fayzullaev,MF,2026-05-09,0,0,0
Başakşehir FK,O. Ba,DF,2026-05-09,0,0,0
Başakşehir FK,O. Ergün,MF,2026-05-09,0,0,0
Başakşehir FK,I. Brnić,FW,2026-05-09,0,0,0
Başakşehir FK,D. Alemdar,GK,2026-05-09,0,0,0
Başakşehir FK,O. Bulut,DF,2026-05-09,0,0,0
Başakşehir FK,C. Operi,DF,2026-05-09,0,0,0
Başakşehir FK,U. Güneş,MF,2026-05-09,0,0,0
Başakşehir FK,N. Da Costa,FW,2026-05-09,0,0,0
Beijing Guoan,L. Liangming,FW,2026-05-10,0,0,0
Beijing Guoan,F. Abreu,FW,2026-05-06,0,0,0
Beijing Guoan,A. Abduhamit,DF,2026-05-10,0,0,0
Beijing Guoan,W. Yu,MF,2026-05-10,0,0,0
Beijing Guoan,D. Jiefu,DF,2026-05-10,0,0,0
Beijing Guoan,Z. Jianzhi,GK,2026-05-10,0,0,0
Beijing Guoan,L. Lei,DF,2026-05-10,0,0,0
Beijing Guoan,F. Shuangjie,DF,2026-05-06,0,0,0
Beijing Guoan,F. Boxuan,DF,2026-05-10,0,0,0
Beijing Guoan,W. Jiaao,MF,2026-05-06,0,0,0
Beijing Guoan,F. Jia,MF,2026-05-10,0,0,0
Beijing Guoan,C. Zhongguo,MF,2026-05-10,0,0,0
Beijing Guoan,J. Wenhao,DF,2026-05-10,0,0,0
Beroe Stara Zagora,F. Alarcón,FW,2026-05-05,0,0,0
Beroe Stara Zagora,S. Gavrilov,MF,2026-05-05,0,0,0
Beroe Stara Zagora,S. Brunelli,DF,2026-05-05,0,0,0
Beroe Stara Zagora,W. Dual,MF,2026-05-05,0,0,0
Beroe Stara Zagora,V. Quintero,GK,2026-05-05,0,0,0
Beroe Stara Zagora,J. Sérgio,DF,2026-05-05,0,0,0
Beroe Stara Zagora,S. Rusenov,MF,2026-05-05,0,0,0
Beroe Stara Zagora,Y. Valbuena,FW,2026-05-05,0,0,0
Beşiktaş JK,D. Sahin,FW,2026-05-09,0,0,0
Beşiktaş JK,J. Silva,FW,2026-05-09,0,0,0
Beşiktaş JK,D. Vásquez,GK,2026-05-09,0,0,0
Beşiktaş JK,Y. Özcan,DF,2026-05-09,0,0,0
Beşiktaş JK,T. Bulut,DF,2026-05-09,0,0,0
Beşiktaş JK,F. Uduokhai,DF,2026-05-09,0,0,0
Beşiktaş JK,W. Ndidi,MF,2026-05-09,0,0,0
Beşiktaş JK,S. Uçan,MF,2026-05-09,0,0,0
Beşiktaş JK,M. Hekimoğlu,FW,2026-05-09,0,0,0
Beşiktaş JK,C. Ünder,FW,2026-05-09,0,0,0
Birmingham Legion FC,P. Kavita,DF,2026-05-08,0,0,0
Birmingham Legion FC,P. Vassell,MF,2026-05-08,0,0,0
Birmingham Legion FC,S. Saucedo,FW,2026-05-08,0,0,0
Birmingham Legion FC,S. Ngoma,FW,2026-05-08,0,0,0
Birmingham Legion FC,T. McMullen,GK,2026-05-08,0,0,0
Birmingham Legion FC,L. Duru,DF,2026-05-08,0,0,0
Birmingham Legion FC,K. Cole,MF,2026-05-08,0,0,0
Blooming,J. Mercado,DF,2026-05-08,0,0,0
Blooming,M. Cabral,FW,2026-05-08,0,0,0
Blooming,G. Centella,MF,2026-05-08,0,0,0
Blooming,C. Menacho,FW,2026-05-08,0,0,0
Blooming,J. Carrasco,DF,2026-05-08,0,0,0
Blooming,G. Almada,GK,2026-05-08,0,0,0
Blooming,S. Severiche,DF,2026-05-08,0,0,0
Blooming,E. Álvarez,DF,2026-05-08,0,0,0
Blooming,A. Oliveros,MF,2026-05-08,0,0,0
Blooming,P. Loza,FW,2026-05-08,0,0,0
Blooming,J. Chura,FW,2026-05-08,0,0,0
Blooming,R. M. Simoes,MF,2026-05-08,0,0,0
Boca Juniors,E. Zeballos,FW,2026-05-06,0,0,0
Boca Juniors,M. Pellegrino,DF,2026-05-06,0,0,0
Boca Juniors,J. Barinaga,DF,2026-05-06,0,0,0
Boca Juniors,N. Figal,DF,2026-05-06,0,0,0
Boca Juniors,K. Zenón,MF,2026-05-06,0,0,0
Boca Juniors,M. Braida,MF,2026-05-06,0,0,0
Boca Juniors,T. Belmonte,MF,2026-05-06,0,0,0
Boca Juniors,W. Alarcón,MF,2026-05-06,0,0,0
Boca Juniors,L. Janson,FW,2026-05-06,0,0,0
Bodø/Glimt,S. Fet,MF,2026-05-04,0,0,0
Bodø/Glimt,A. Helmersen,FW,2026-05-04,0,0,0
Bodø/Glimt,I. D. Määttä,DF,2026-05-04,0,0,0
Bodø/Glimt,O. Brynhildsen,FW,2026-05-04,0,0,0
Bodø/Glimt,J. Lund,GK,2026-05-04,0,0,0
Bodø/Glimt,J. Gundersen,DF,2026-05-04,0,0,0
Bodø/Glimt,F. Klynge,MF,2026-05-04,0,0,0
Bodø/Glimt,M. Riisnaes,MF,2026-05-04,0,0,0
Bodø/Glimt,D. Bassi,FW,2026-05-04,0,0,0
Bologna,J. Rowe,FW,2026-05-03,0,0,0
Bologna,R. Orsolini,FW,2026-05-03,0,0,0
Bologna,S. Castro,FW,2026-05-03,0,0,0
Bologna,L. Ferguson,MF,2026-05-03,0,0,0
Bologna,N. Zortea,DF,2026-05-03,0,0,0
Bologna,F. Ravaglia,GK,2026-05-03,0,0,0
Bologna,R. Gnudi,GK,2026-05-03,0,0,0
Bologna,T. Heggem,DF,2026-05-03,0,0,0
Bologna,M. Vitík,DF,2026-05-03,0,0,0
Bologna,C. Lykogiannīs,DF,2026-05-03,0,0,0
Bologna,T. Pobega,MF,2026-05-03,0,0,0
Bolívar,S. Echeverria,DF,2026-05-07,0,0,0
Bolívar,L. Chávez,MF,2026-05-07,0,0,0
Bolívar,M. Cauteruccio,FW,2026-05-07,0,0,0
Bolívar,D. Méndez,GK,2026-05-07,0,0,0
Bolívar,J. Sagredo,DF,2026-05-07,0,0,0
Bolívar,E. Rivero,DF,2026-05-07,0,0,0
Bolívar,F. Mena,DF,2026-05-07,0,0,0
Bolívar,E. Vaca,MF,2026-05-07,0,0,0
Bolívar,C. Sejas,MF,2026-05-07,0,0,0
Bolívar,E. Saavedra,MF,2026-05-07,0,0,0
Bolívar,J. Velásquez,FW,2026-05-07,0,0,0
Borussia Dortmund,D. Svensson,DF,2026-05-08,0,0,0
Borussia Dortmund,S. Özcan,MF,2026-05-08,0,0,0
Borussia Dortmund,F. Silva,FW,2026-05-08,0,0,0
Borussia Dortmund,Y. Couto,DF,2026-05-08,0,0,0
Borussia Dortmund,C. Chukwuemeka,MF,2026-05-08,0,0,0
Borussia Dortmund,A. Meyer,GK,2026-05-08,0,0,0
Borussia Dortmund,F. Mané,DF,2026-05-03,0,0,0
Borussia Dortmund,M. Albert,FW,2026-05-03,0,0,0
Borussia Dortmund,F. Nmecha,MF,2026-05-08,0,0,0
Borussia Dortmund,K. Adeyemi,FW,2026-05-08,0,0,0
Borussia Dortmund,N. Süle,DF,2026-05-08,0,0,0
Borussia M'gladbach,H. Bolin,MF,2026-05-09,0,0,0
Borussia M'gladbach,K. Diks,DF,2026-05-03,0,0,0
Borussia M'gladbach,G. Reyna,MF,2026-05-09,0,0,0
Borussia M'gladbach,R. Hack,MF,2026-05-09,0,0,0
Borussia M'gladbach,S. Machino,FW,2026-05-03,0,0,0
Borussia M'gladbach,J. Olschowsky,GK,2026-05-09,0,0,0
Borussia M'gladbach,L. Ullrich,DF,2026-05-09,0,0,0
Borussia M'gladbach,K. Takai,DF,2026-05-09,0,0,0
Borussia M'gladbach,F. Neuhaus,MF,2026-05-09,0,0,0
Borussia M'gladbach,A. Sarco,FW,2026-05-09,0,0,0
Borussia M'gladbach,T. Sippel,GK,2026-05-09,0,0,0
Boston River,F. Bonfiglio,FW,2026-05-08,0,0,0
Boston River,F. Muñoa,MF,2026-05-08,0,0,0
Boston River,A. Amado,MF,2026-05-08,0,0,0
Boston River,Y. González,FW,2026-05-08,0,0,0
Boston River,F. Dafonte,MF,2026-05-08,0,0,0
Boston River,J. I. González,GK,2026-05-08,0,0,0
Boston River,K. Sotto,DF,2026-05-08,0,0,0
Boston River,J. Acosta,DF,2026-05-08,0,0,0
Boston River,A. Granja,DF,2026-05-08,0,0,0
Boston River,M. Rivero,DF,2026-05-08,0,0,0
Boston River,F. Martinicorena,FW,2026-05-08,0,0,0
Botafogo,A. Cabral,FW,2026-05-07,0,0,0
Botafogo,Edenilson,MF,2026-05-07,0,0,0
Botafogo,Marçal,DF,2026-05-07,0,0,0
Botafogo,Raúl,GK,2026-05-07,0,0,0
Botafogo,M. Ponte,DF,2026-05-07,0,0,0
Botafogo,Bastos,DF,2026-05-07,0,0,0
Botafogo,J. Barrera,MF,2026-05-07,0,0,0
Botafogo,Huguinho,MF,2026-05-07,0,0,0
Botafogo,Á. Montoro,MF,2026-05-07,0,0,0
Botafogo,J. Correa,FW,2026-05-07,0,0,0
Botafogo,C. Ramos,FW,2026-05-07,0,0,0
Botev Plovdiv,F. Mascote,FW,2026-05-03,0,0,0
Botev Plovdiv,W. C. Oluebube,FW,2026-05-09,0,0,0
Botev Plovdiv,Z. Tindano,DF,2026-05-09,0,0,0
Botev Plovdiv,E. Silva,MF,2026-05-09,0,0,0
Botev Plovdiv,H. Slavkov,GK,2026-05-09,0,0,0
Botev Plovdiv,B. Chibuike Hein,DF,2026-05-09,0,0,0
Botev Plovdiv,I. Videv,DF,2026-05-09,0,0,0
Botev Plovdiv,H. Jocu,MF,2026-05-09,0,0,0
Botev Plovdiv,C. Meotti,FW,2026-05-09,0,0,0
Botev Plovdiv,I. Dorgu,FW,2026-05-09,0,0,0
Botev Vratsa,D. Genov,MF,2026-05-05,0,0,0
Botev Vratsa,V. Naydenov,MF,2026-05-05,0,0,0
Botev Vratsa,Đ. Jovičić,DF,2026-05-05,0,0,0
Botev Vratsa,A. Stoyanov,MF,2026-05-05,0,0,0
Botev Vratsa,Y. Bornosuzov,FW,2026-05-05,0,0,0
Botev Vratsa,M. Orlinov,GK,2026-05-05,0,0,0
Botev Vratsa,L. Boyanov,DF,2026-05-05,0,0,0
Botev Vratsa,K. Hadji,MF,2026-05-05,0,0,0
Bournemouth,R. Christie,MF,2026-05-03,0,0,0
Bournemouth,D. Brooks,MF,2026-05-09,0,0,0
Bournemouth,E. Ünal,FW,2026-05-09,0,0,0
Bournemouth,B. Doak,FW,2026-05-09,0,0,0
Bournemouth,A. Adli,FW,2026-05-09,0,0,0
Bournemouth,C. Mandas,GK,2026-05-09,0,0,0
Bournemouth,A. Smith,DF,2026-05-03,0,0,0
Bournemouth,B. Diakité,DF,2026-05-09,0,0,0
Bournemouth,A. Tóth,MF,2026-05-09,0,0,0
Bournemouth,T. Adams,MF,2026-05-09,0,0,0
Bournemouth,J. Kluivert,FW,2026-05-09,0,0,0
Brentford,V. Janelt,MF,2026-05-09,0,0,0
Brentford,D. Ouattara,FW,2026-05-09,0,0,0
Brentford,J. Henderson,MF,2026-05-09,0,0,0
Brentford,H. R. Valdimarsson,GK,2026-05-09,0,0,0
Brentford,S. van den Berg,DF,2026-05-09,0,0,0
Brentford,E. Pinnock,DF,2026-05-09,0,0,0
Brentford,J. Dasilva,MF,2026-05-09,0,0,0
Brentford,R. Nelson,FW,2026-05-09,0,0,0
Brentford,K. I. Furo,FW,2026-05-09,0,0,0
Brighton & Hove Albion,J. Veltman,DF,2026-05-09,0,0,0
Brighton & Hove Albion,G. Rutter,FW,2026-05-09,0,0,0
Brighton & Hove Albion,Y. Ayari,MF,2026-05-09,0,0,0
Brighton & Hove Albion,S. March,MF,2026-05-09,0,0,0
Brighton & Hove Albion,C. Kostoulas,FW,2026-05-09,0,0,0
Brighton & Hove Albion,J. Steele,GK,2026-05-09,0,0,0
Brighton & Hove Albion,O. Boscagli,DF,2026-05-09,0,0,0
Brighton & Hove Albion,J. Milner,MF,2026-05-09,0,0,0
Brighton & Hove Albion,M. O'Riley,MF,2026-05-09,0,0,0
Brisbane City,A. Simmons,DF,2026-05-08,0,0,0
Brisbane City,L. Calleja,MF,2026-05-08,0,0,0
Brisbane City,Z. Rossi,MF,2026-05-08,0,0,0
Brisbane City,A. Marsh,MF,2026-05-08,0,0,0
Brisbane City,F. Brock,MF,2026-05-08,0,0,0
Brisbane City,B. Rose,MF,2026-05-08,0,0,0
Brisbane Roar Youth,C. Parkin,DF,2026-05-10,0,0,0
Brisbane Roar Youth,K. Abdulkarim,MF,2026-05-10,0,0,0
Brisbane Roar Youth,N. Thom,FW,2026-05-10,0,0,0
Brisbane Roar Youth,J. Flanagan,MF,2026-05-10,0,0,0
Brisbane Roar Youth,H. Marshall,DF,2026-05-10,0,0,0
Brisbane Roar Youth,G. Plusnin,GK,2026-05-10,0,0,0
Brooklyn FC,J. Lee,GK,2026-05-10,0,0,0
Brooklyn FC,S. Stojanović,FW,2026-05-10,0,0,0
Brooklyn FC,J. Servania,FW,2026-05-10,0,0,0
Brooklyn FC,T. McNamara,MF,2026-05-10,0,0,0
Brooklyn FC,R. McLaughlin,DF,2026-05-10,0,0,0
Brooklyn FC,S. Hundal,FW,2026-05-10,0,0,0
Brooklyn FC,P. Mangione,MF,2026-05-10,0,0,0
Bruk-Bet Termalica Nieciecza,A. Putivtsev,DF,2026-05-03,0,0,0
Bruk-Bet Termalica Nieciecza,Mini,MF,2026-05-03,0,0,0
Bruk-Bet Termalica Nieciecza,R. Kurzawa,MF,2026-05-03,0,0,0
Bruk-Bet Termalica Nieciecza,I. Durdov,FW,2026-05-03,0,0,0
Bruk-Bet Termalica Nieciecza,A. Trubeha,FW,2026-05-03,0,0,0
Bruk-Bet Termalica Nieciecza,M. Mleczko,GK,2026-05-03,0,0,0
Bruk-Bet Termalica Nieciecza,D. Biniek,MF,2026-05-03,0,0,0
Bruk-Bet Termalica Nieciecza,W. Jakubik,MF,2026-05-03,0,0,0
Bruk-Bet Termalica Nieciecza,M. Wolski,DF,2026-05-03,0,0,0
Bucheon FC 1995,K. Takahashi,MF,2026-05-05,0,0,0
Bucheon FC 1995,Rodrigo,FW,2026-05-05,0,0,0
Bucheon FC 1995,Gabriel,FW,2026-05-10,0,0,0
Bucheon FC 1995,B. G. Yoon,MF,2026-05-05,0,0,0
Bucheon FC 1995,M. J. Kim,MF,2026-05-10,0,0,0
Bucheon FC 1995,C. Kim,GK,2026-05-10,0,0,0
Bucheon FC 1995,L. Yechan,DF,2026-05-05,0,0,0
Bucheon FC 1995,H. Jeong,MF,2026-05-05,0,0,0
Bucheon FC 1995,L. Eui-Hyeong,FW,2026-05-05,0,0,0
Bucheon FC 1995,D. Kim,GK,2026-05-10,0,0,0
Bucheon FC 1995,S. Kim,MF,2026-05-10,0,0,0
Bucheon FC 1995,K. Jong-Min,DF,2026-05-10,0,0,0
Bucheon FC 1995,J. W. Shin,DF,2026-05-10,0,0,0
Bucheon FC 1995,L. Jae-Won,DF,2026-05-10,0,0,0
Bucheon FC 1995,S. Seong,MF,2026-05-10,0,0,0
Burgos Club de Fútbol,V. Mollejo,FW,2026-05-03,0,0,0
Burgos Club de Fútbol,P. Galdames,MF,2026-05-09,0,0,0
Burgos Club de Fútbol,K. Appin,MF,2026-05-09,0,0,0
Burgos Club de Fútbol,M. Monedero,GK,2026-05-03,0,0,0
Burgos Club de Fútbol,J. Ruiz Suarez,GK,2026-05-09,0,0,0
Burgos Club de Fútbol,S. d. Cerro,MF,2026-05-09,0,0,0
Burgos Club de Fútbol,B. Martínez,DF,2026-05-09,0,0,0
Burgos Club de Fútbol,O. Luengo,DF,2026-05-09,0,0,0
Burgos Club de Fútbol,M. Cantero,MF,2026-05-09,0,0,0
Burgos Club de Fútbol,M. Mejia,FW,2026-05-09,0,0,0
Burgos Club de Fútbol,M. Expósito,MF,2026-05-09,0,0,0
Burgos Club de Fútbol,M. González,DF,2026-05-09,0,0,0
Burgos Club de Fútbol,A. Buñuel,DF,2026-05-09,0,0,0
CA Bizertin,A. Amri,FW,2026-05-09,0,0,0
CA Bizertin,M. Hanzouli,GK,2026-05-09,0,0,0
CA Bizertin,H. Amamou,DF,2026-05-04,0,0,0
CA Bizertin,Y. Kchouk,DF,2026-05-04,0,0,0
CA Bizertin,I. Kane,MF,2026-05-09,0,0,0
CA Bizertin,I. Midani,MF,2026-05-09,0,0,0
CA Bizertin,M. A. Chaabane,MF,2026-05-09,0,0,0
CA Bizertin,M. Nourani,FW,2026-05-04,0,0,0
CA Bizertin,M. D. Seydi,FW,2026-05-04,0,0,0
CA Bizertin,M. Glo,FW,2026-05-09,0,0,0
CA Bizertin,M. A. Allela,DF,2026-05-09,0,0,0
CA Bizertin,A. Mouelhi,DF,2026-05-09,0,0,0
CA Bizertin,H. Hammami,FW,2026-05-09,0,0,0
CA Lanús,D. Aquino,FW,2026-05-06,0,0,0
CA Lanús,F. Watson,MF,2026-05-06,0,0,0
CA Lanús,Y. Valois,FW,2026-05-06,0,0,0
CA Lanús,A. Medina,MF,2026-05-06,0,0,0
CA Lanús,R. De Jesus,DF,2026-05-06,0,0,0
CA Lanús,F. Petroli,GK,2026-05-06,0,0,0
CA Lanús,G. Perez,DF,2026-05-06,0,0,0
CA Lanús,N. Morgantini,DF,2026-05-06,0,0,0
CA Lanús,F. Sánchez,DF,2026-05-06,0,0,0
CA Lanús,L. Besozzi,FW,2026-05-06,0,0,0
CA Lanús,B. Cabrera,FW,2026-05-06,0,0,0
CA Lanús,W. Bou,FW,2026-05-06,0,0,0
CD Castellón,O. Camara,FW,2026-05-09,0,0,0
CD Castellón,A. Mabil,MF,2026-05-09,0,0,0
CD Castellón,D. Barri,MF,2026-05-09,0,0,0
CD Castellón,A. Sienra,DF,2026-05-09,0,0,0
CD Castellón,A. Abedzadeh,GK,2026-05-09,0,0,0
CD Castellón,S. Ruiz,DF,2026-05-09,0,0,0
CD Castellón,T. Conde,DF,2026-05-09,0,0,0
CD Castellón,I. Suero,MF,2026-05-09,0,0,0
CD Castellón,M. Doué,MF,2026-05-09,0,0,0
CD Castellón,D. Aurélio,FW,2026-05-09,0,0,0
CD Guadalajara,Á. Sepúlveda,FW,2026-05-03,0,0,0
CD Guadalajara,M. Gómez,DF,2026-05-10,0,0,0
CD Guadalajara,Y. Padilla,FW,2026-05-10,0,0,0
CD Guadalajara,S. A. A. Castillo,FW,2026-05-10,0,0,0
CD Guadalajara,J. Liceaga,GK,2026-05-10,0,0,0
CD Guadalajara,G. Sepúlveda,DF,2026-05-10,0,0,0
CD Guadalajara,Á. Chávez,DF,2026-05-03,0,0,0
CD Guadalajara,J. Perez,GK,2026-05-10,0,0,0
CD Guadalajara,C. Inda,MF,2026-05-10,0,0,0
CD Guadalajara,H. Mata,MF,2026-05-03,0,0,0
CD Guadalajara,M. Tapias,DF,2026-05-10,0,0,0
CD Guadalajara,H. Camberos,MF,2026-05-10,0,0,0
CD Guadalajara,D. Reyes,MF,2026-05-10,0,0,0
CD Toluca,S. Simón,MF,2026-05-04,0,0,0
CD Toluca,N. Castro,MF,2026-05-04,0,0,0
CD Toluca,F. Rossi,FW,2026-05-04,0,0,0
CD Toluca,M. Isais,DF,2026-05-04,0,0,0
CD Toluca,H. Gonzalez,GK,2026-05-04,0,0,0
CD Toluca,E. Orta,DF,2026-05-04,0,0,0
CD Toluca,V. Arteaga,MF,2026-05-04,0,0,0
CD Toluca,F. Arce Jr.,MF,2026-05-04,0,0,0
CF Montréal,N. Streit,MF,2026-05-10,0,0,0
CF Montréal,D. Rios,FW,2026-05-10,0,0,0
CF Montréal,O. Escobar,FW,2026-05-10,0,0,0
CF Montréal,D. D. Þórhallsson,MF,2026-05-10,0,0,0
CF Montréal,S. Breza,GK,2026-05-10,0,0,0
CF Montréal,T. Avilés,DF,2026-05-10,0,0,0
CF Montréal,Y. A. Guboglo,DF,2026-05-10,0,0,0
CF Montréal,F. Amaya,MF,2026-05-10,0,0,0
CF Montréal,K. Opoku,FW,2026-05-10,0,0,0
CF Pachuca,J. Berlanga,DF,2026-05-04,0,0,0
CF Pachuca,S. Rodríguez,MF,2026-05-04,0,0,0
CF Pachuca,J. Eulogio,GK,2026-05-04,0,0,0
CF Pachuca,C. Alfaro,DF,2026-05-04,0,0,0
CF Pachuca,G. Álvarez,FW,2026-05-04,0,0,0
CF Pachuca,P. Pedraza,MF,2026-05-04,0,0,0
CF Pachuca,L. Quiñones,FW,2026-05-04,0,0,0
CF Pachuca,J. Ramirez,FW,2026-05-04,0,0,0
CFR 1907 Cluj,A. Șfaiț,MF,2026-05-08,0,0,0
CFR 1907 Cluj,A. Aliev,FW,2026-05-08,0,0,0
CFR 1907 Cluj,A. Păun,MF,2026-05-08,0,0,0
CFR 1907 Cluj,D. Djoković,MF,2026-05-08,0,0,0
CFR 1907 Cluj,M. Ilie,DF,2026-05-04,0,0,0
CFR 1907 Cluj,O. Vâlceanu,GK,2026-05-08,0,0,0
CFR 1907 Cluj,V. Kun,MF,2026-05-04,0,0,0
CFR 1907 Cluj,A. Abeid,DF,2026-05-08,0,0,0
CFR 1907 Cluj,A. Fica,MF,2026-05-08,0,0,0
CFR 1907 Cluj,O. Perianu,MF,2026-05-08,0,0,0
CFR 1907 Cluj,R. Gligor,MF,2026-05-08,0,0,0
CFR 1907 Cluj,C. Deac,MF,2026-05-08,0,0,0
CFR 1907 Cluj,C. Braun,FW,2026-05-08,0,0,0
CFR 1907 Cluj,L. Biliboc,FW,2026-05-08,0,0,0
CODM Meknès,A. Lakhlifi,DF,2026-05-06,0,0,0
CODM Meknès,Y. Anouar,FW,2026-05-06,0,0,0
CODM Meknès,O. Daoui,DF,2026-05-06,0,0,0
CODM Meknès,K. L'Koucha,FW,2026-05-06,0,0,0
CODM Meknès,M. Goulouss,FW,2026-05-06,0,0,0
CODM Meknès,S. Taher,GK,2026-05-06,0,0,0
CODM Meknès,A. Berdad,MF,2026-05-06,0,0,0
CODM Meknès,Y. E. Id,MF,2026-05-06,0,0,0
CODM Meknès,M. Gharmal ,MF,2026-05-06,0,0,0
CS Sfaxien,M. H. Gaaloul,GK,2026-05-09,0,0,0
CS Sfaxien,M. A. Jamiaa,GK,2026-05-09,0,0,0
CS Sfaxien,A. Akid,DF,2026-05-09,0,0,0
CS Sfaxien,M. S. Mhadhebi,DF,2026-05-03,0,0,0
CS Sfaxien,R. Derbali,DF,2026-05-03,0,0,0
CS Sfaxien,A. Taifour,MF,2026-05-09,0,0,0
CS Sfaxien,N. Karoui,MF,2026-05-03,0,0,0
CS Sfaxien,R. Chaaben,MF,2026-05-09,0,0,0
CS Sfaxien,W. Onana,FW,2026-05-03,0,0,0
CS Sfaxien,B. Diarra,MF,2026-05-09,0,0,0
CSKA Sofia,L. Dellova,DF,2026-05-03,0,0,0
CSKA Sofia,L. Pereira,MF,2026-05-03,0,0,0
CSKA Sofia,P. Panayotov,MF,2026-05-03,0,0,0
CSKA Sofia,I. Turitsov,DF,2026-05-08,0,0,0
CSKA Sofia,A. Yordanov,DF,2026-05-08,0,0,0
CSKA Sofia,D. Evtimov,GK,2026-05-08,0,0,0
CSKA Sofia,A. Lapeña,DF,2026-05-08,0,0,0
CSKA Sofia,I. Solet,MF,2026-05-08,0,0,0
CSKA Sofia,L. Godoy,FW,2026-05-03,0,0,0
CSKA Sofia,I. Pittas,FW,2026-05-08,0,0,0
CSKA Sofia,A. Piedrahita,MF,2026-05-08,0,0,0
CSKA Sofia,I. Iliev,MF,2026-05-08,0,0,0
CSKA Sofia,O. Skarsem,MF,2026-05-08,0,0,0
Cagliari,I. Sulemana,MF,2026-05-09,0,0,0
Cagliari,P. Mendy,FW,2026-05-03,0,0,0
Cagliari,G. Zappa,DF,2026-05-09,0,0,0
Cagliari,A. Sherri,GK,2026-05-09,0,0,0
Cagliari,G. Ciocci,GK,2026-05-09,0,0,0
Cagliari,J. Rodríguez,DF,2026-05-03,0,0,0
Cagliari,A. Albarracín,FW,2026-05-09,0,0,0
Cagliari,Y. Trepy,FW,2026-05-09,0,0,0
Cagliari,S. Kilicsoy,FW,2026-05-09,0,0,0
Cagliari,A. Belotti,FW,2026-05-09,0,0,0
Cagliari,O. Raterink,DF,2026-05-09,0,0,0
Cagliari,Y. Mina,DF,2026-05-09,0,0,0
Cagliari,A. Deiola,MF,2026-05-09,0,0,0
Cagliari,R. Malfitano,MF,2026-05-09,0,0,0
Carabobo FC,F. López,DF,2026-05-08,0,0,0
Carabobo FC,J. Fuentes,DF,2026-05-08,0,0,0
Carabobo FC,M. Cova,MF,2026-05-08,0,0,0
Carabobo FC,J. Berríos,FW,2026-05-08,0,0,0
Carabobo FC,K. Roa,GK,2026-05-08,0,0,0
Carabobo FC,F. Oliveros,DF,2026-05-08,0,0,0
Carabobo FC,M. Guaramato,DF,2026-05-08,0,0,0
Carabobo FC,S. Mendoza,MF,2026-05-08,0,0,0
Carabobo FC,D. Meza,MF,2026-05-08,0,0,0
Carabobo FC,J. Obando,MF,2026-05-08,0,0,0
Carabobo FC,A. Bahachille,MF,2026-05-08,0,0,0
Carabobo FC,J. Riasco,FW,2026-05-08,0,0,0
Caracas F.C.,L. Reinoso,FW,2026-05-06,0,0,0
Caracas F.C.,R. Lezama,FW,2026-05-06,0,0,0
Caracas F.C.,M. Márquez,FW,2026-05-06,0,0,0
Caracas F.C.,S. González,FW,2026-05-06,0,0,0
Caracas F.C.,F. L. Mantía,DF,2026-05-06,0,0,0
Caracas F.C.,J. Vegas,GK,2026-05-06,0,0,0
Caracas F.C.,L. Pagano,DF,2026-05-06,0,0,0
Caracas F.C.,M. Vegas,MF,2026-05-06,0,0,0
Caracas F.C.,Á. Figueroa,MF,2026-05-06,0,0,0
Caracas F.C.,L. Maestre,MF,2026-05-06,0,0,0
Caracas F.C.,C. Vegas,FW,2026-05-06,0,0,0
Casa Pia,D. R. Livramento,FW,2026-05-03,0,0,0
Casa Pia,L. Ofori,MF,2026-05-03,0,0,0
Casa Pia,T. Morais,FW,2026-05-03,0,0,0
Casa Pia,K. Prieto,FW,2026-05-03,0,0,0
Casa Pia,I. Mandić,GK,2026-05-03,0,0,0
Casa Pia,Kaly,DF,2026-05-03,0,0,0
Casa Pia,S. Pérez,MF,2026-05-03,0,0,0
Casa Pia,C. Mendes,FW,2026-05-03,0,0,0
Ceará,Sánchez,DF,2026-05-04,0,0,0
Ceará,J. Alano,FW,2026-05-10,0,0,0
Ceará,P. Henrique,FW,2026-05-04,0,0,0
Ceará,Giulio,FW,2026-05-10,0,0,0
Ceará,G. D. Martins,GK,2026-05-10,0,0,0
Ceará,Júlio César,DF,2026-05-10,0,0,0
Ceará,P. Gilmar,DF,2026-05-10,0,0,0
Ceará,Richardson,MF,2026-05-10,0,0,0
Ceará,J. Gabriel,MF,2026-05-10,0,0,0
Ceará,G. Prado,MF,2026-05-10,0,0,0
Ceará,Fernando,DF,2026-05-10,0,0,0
Ceará,Rafael Ramos,DF,2026-05-10,0,0,0
Ceará,Vina,MF,2026-05-10,0,0,0
Ceará,Fernandinho,FW,2026-05-10,0,0,0
Celta Vigo,M. Fernández,FW,2026-05-09,0,0,0
Celta Vigo,J. El-Abdellaoui,FW,2026-05-09,0,0,0
Celta Vigo,W. Swedberg,MF,2026-05-03,0,0,0
Celta Vigo,B. Iglesias,FW,2026-05-03,0,0,0
Celta Vigo,Ó. Mingueza,DF,2026-05-03,0,0,0
Celta Vigo,I. Villar,GK,2026-05-09,0,0,0
Celta Vigo,J. Aidoo,DF,2026-05-09,0,0,0
Celta Vigo,M. Ristić,DF,2026-05-09,0,0,0
Celta Vigo,C. Domínguez,DF,2026-05-09,0,0,0
Celta Vigo,A. Antañón,MF,2026-05-09,0,0,0
Celta Vigo,H. Sotelo,MF,2026-05-09,0,0,0
Celta Vigo,P. Durán,FW,2026-05-03,0,0,0
Celta Vigo,S. Carreira,DF,2026-05-09,0,0,0
Celta Vigo,F. Jutglà,FW,2026-05-09,0,0,0
Celta Vigo,I. Aspas,FW,2026-05-09,0,0,0
Celta Vigo,H. Álvarez,MF,2026-05-09,0,0,0
Celtic,J. Forrest,MF,2026-05-10,0,0,0
Celtic,L. McCowan,MF,2026-05-03,0,0,0
Celtic,K. Iheanacho,FW,2026-05-10,0,0,0
Celtic,T. Ralston,DF,2026-05-10,0,0,0
Celtic,R. Doohan,GK,2026-05-10,0,0,0
Celtic,D. Murray,DF,2026-05-10,0,0,0
Celtic,M. Saracchi,DF,2026-05-10,0,0,0
Celtic,A. Oxlade-Chamberlain,MF,2026-05-10,0,0,0
Celtic,R. Hatate,MF,2026-05-10,0,0,0
Celtic,S. Tounekti,FW,2026-05-10,0,0,0
Cercle Brugge,F. Nazinho,DF,2026-05-09,0,0,0
Cercle Brugge,G. Magnee,DF,2026-05-09,0,0,0
Cercle Brugge,C. Ravych,DF,2026-05-09,0,0,0
Cercle Brugge,O. Adewumi,FW,2026-05-09,0,0,0
Cercle Brugge,K. Kouassi,FW,2026-05-09,0,0,0
Cercle Brugge,Warleson,GK,2026-05-09,0,0,0
Cercle Brugge,S. Gheerardyns,DF,2026-05-09,0,0,0
Cercle Brugge,H. V. D. Bruggen,MF,2026-05-09,0,0,0
Cercle Brugge,N. D. Wilde,DF,2026-05-09,0,0,0
Cerezo Osaka,J. H. Kim,GK,2026-05-09,0,0,0
Cerezo Osaka,D. Cools,DF,2026-05-03,0,0,0
Cerezo Osaka,E. Kubo,MF,2026-05-03,0,0,0
Cerezo Osaka,Y. Yokoyama,MF,2026-05-03,0,0,0
Cerezo Osaka,S. Kagawa,MF,2026-05-09,0,0,0
Cerezo Osaka,H. Kida,MF,2026-05-09,0,0,0
Cerezo Osaka,S. Uejo,MF,2026-05-09,0,0,0
Cerezo Osaka,S. Sakuragawa,FW,2026-05-09,0,0,0
Cerezo Osaka,H. Okuda,DF,2026-05-06,0,0,0
Cerezo Osaka,T. Andrade,FW,2026-05-06,0,0,0
Cerezo Osaka,M. Nakajima,FW,2026-05-06,0,0,0
Cerezo Osaka,S. Homma,MF,2026-05-09,0,0,0
Cerezo Osaka,K. Nakamura,GK,2026-05-06,0,0,0
Cerezo Osaka,R. Osako,MF,2026-05-06,0,0,0
Cerezo Osaka,K. Noborizato,DF,2026-05-09,0,0,0
Cerezo Osaka,T. Nakamura,DF,2026-05-09,0,0,0
Cerro Porteño,M. Klimowicz,FW,2026-05-08,0,0,0
Cerro Porteño,F. Peralta,MF,2026-05-08,0,0,0
Cerro Porteño,J. Iturbe,FW,2026-05-08,0,0,0
Cerro Porteño,L. Quintana,DF,2026-05-08,0,0,0
Cerro Porteño,R. Melgarejo,DF,2026-05-08,0,0,0
Cerro Porteño,V. Sánchez,DF,2026-05-08,0,0,0
Cerro Porteño,W. Viera,MF,2026-05-08,0,0,0
Cerro Porteño,C. Paredes,MF,2026-05-08,0,0,0
Cerro Porteño,A. Cristaldo,MF,2026-05-08,0,0,0
Cerro Porteño,E. R. P. Torales,FW,2026-05-08,0,0,0
Chapecoense,M. Vinícius,DF,2026-05-04,0,0,0
Chapecoense,G. Augusto,MF,2026-05-04,0,0,0
Chapecoense,Italo,FW,2026-05-04,0,0,0
Chapecoense,Maurício Garcez,FW,2026-05-04,0,0,0
Chapecoense,V. Balieiro,MF,2026-05-04,0,0,0
Chapecoense,R. Carvalheira,FW,2026-05-04,0,0,0
Chapecoense,W. Clar,DF,2026-05-04,0,0,0
Chapecoense,H. Meritão,MF,2026-05-04,0,0,0
Chapecoense,N. Pessoa,FW,2026-05-04,0,0,0
Charlotte FC,L. Abada,FW,2026-05-10,0,0,0
Charlotte FC,A. Goodwin,FW,2026-05-10,0,0,0
Charlotte FC,T. Miller,GK,2026-05-10,0,0,0
Charlotte FC,A. Privett,DF,2026-05-10,0,0,0
Charlotte FC,B. Bronico,MF,2026-05-10,0,0,0
Charlotte FC,L. D. L. Torre,MF,2026-05-10,0,0,0
Charlotte FC,A. John,MF,2026-05-10,0,0,0
Charlotte FC,T. Smalls,FW,2026-05-10,0,0,0
Charlotte FC,R. Aloko,FW,2026-05-10,0,0,0
Chelsea,L. Delap,FW,2026-05-09,0,0,0
Chelsea,L. Colwill,DF,2026-05-04,0,0,0
Chelsea,A. Santos,MF,2026-05-04,0,0,0
Chelsea,F. Jørgensen,GK,2026-05-04,0,0,0
Chelsea,J. Acheampong,DF,2026-05-09,0,0,0
Chelsea,W. Fofana,DF,2026-05-04,0,0,0
Chelsea,R. James,DF,2026-05-09,0,0,0
Chelsea,J. Hato,DF,2026-05-04,0,0,0
Chelsea,D. Essugo,MF,2026-05-04,0,0,0
Chelsea,G. Słonina,GK,2026-05-09,0,0,0
Chelsea,T. Adarabioyo,DF,2026-05-09,0,0,0
Chelsea,T. Chalobah,DF,2026-05-09,0,0,0
Chelsea,R. Lavia,MF,2026-05-09,0,0,0
Chelsea,M. Eboue,MF,2026-05-09,0,0,0
Chelsea,R. K.-McQueen,FW,2026-05-09,0,0,0
Chengdu Rongcheng,Y. Li,DF,2026-05-09,0,0,0
Chengdu Rongcheng,H. Pengfei,DF,2026-05-05,0,0,0
Chengdu Rongcheng,H. Yiran,DF,2026-05-05,0,0,0
Chengdu Rongcheng,B. Abuduwaili,FW,2026-05-09,0,0,0
Chengdu Rongcheng,R. Weifeng,GK,2026-05-09,0,0,0
Chengdu Rongcheng,T. Jian,GK,2026-05-09,0,0,0
Chengdu Rongcheng,A. Jojo,DF,2026-05-09,0,0,0
Chengdu Rongcheng,L. Rongxiang,MF,2026-05-09,0,0,0
Chengdu Rongcheng,M. Muzepper,MF,2026-05-09,0,0,0
Chengdu Rongcheng,L. Moyu,FW,2026-05-09,0,0,0
Chengdu Rongcheng,G. Chao,MF,2026-05-09,0,0,0
Chengdu Rongcheng,M. Iminqari,MF,2026-05-09,0,0,0
Chengdu Rongcheng,W. Ziming,FW,2026-05-09,0,0,0
Chengdu Rongcheng,W. Dongsheng,DF,2026-05-09,0,0,0
Cherno More Varna,G. Lazarov,FW,2026-05-03,0,0,0
Cherno More Varna,R. Stefanov,DF,2026-05-09,0,0,0
Cherno More Varna,A. Calcan,MF,2026-05-09,0,0,0
Cherno More Varna,T. Panov,DF,2026-05-03,0,0,0
Cherno More Varna,A. Manasiev,GK,2026-05-09,0,0,0
Cherno More Varna,E. Nyagolov,DF,2026-05-03,0,0,0
Cherno More Varna,G. Paskov,DF,2026-05-03,0,0,0
Cherno More Varna,G. Ventsislavov,DF,2026-05-09,0,0,0
Cherno More Varna,N. P. Kostadinov,MF,2026-05-09,0,0,0
Cherno More Varna,A. Donchev,DF,2026-05-09,0,0,0
Cherno More Varna,N. Zlatev,MF,2026-05-09,0,0,0
Cherno More Varna,D. Teles,MF,2026-05-09,0,0,0
Cherno More Varna,K. Mihaylov,MF,2026-05-09,0,0,0
Chicago Fire,J. Bamba,FW,2026-05-03,0,0,0
Chicago Fire,J. Shokalook,FW,2026-05-09,0,0,0
Chicago Fire,J. Cohen,GK,2026-05-09,0,0,0
Chicago Fire,J. Waterman,DF,2026-05-03,0,0,0
Chicago Fire,V. Radojević,DF,2026-05-09,0,0,0
Chicago Fire,P. Dithejane,FW,2026-05-09,0,0,0
Chicago Fire,M. Pineda,DF,2026-05-09,0,0,0
Chicago Fire,D. Borso,FW,2026-05-09,0,0,0
Chicago Fire,S. Oregel,MF,2026-05-09,0,0,0
Chicago Fire,M. Mbokazi,DF,2026-05-09,0,0,0
Chicago Fire,C. Mueller,FW,2026-05-09,0,0,0
Chongqing Tonglianglong FC,Y. Wu,MF,2026-05-05,0,0,0
Chongqing Tonglianglong FC,M. Liu,DF,2026-05-05,0,0,0
Chongqing Tonglianglong FC,Y. Ng,FW,2026-05-09,0,0,0
Chongqing Tonglianglong FC,A. G. Cîmpanu,FW,2026-05-05,0,0,0
Chongqing Tonglianglong FC,W. Suowei,DF,2026-05-09,0,0,0
Chongqing Tonglianglong FC,Z. Wu,GK,2026-05-09,0,0,0
Chongqing Tonglianglong FC,Y. Ruijie,DF,2026-05-09,0,0,0
Chongqing Tonglianglong FC,X. Huang,DF,2026-05-09,0,0,0
Chongqing Tonglianglong FC,P. Jin,DF,2026-05-05,0,0,0
Chongqing Tonglianglong FC,Y. Bai,FW,2026-05-09,0,0,0
Chongqing Tonglianglong FC,D. Yuezheng,FW,2026-05-09,0,0,0
Chongqing Tonglianglong FC,H. Wang,DF,2026-05-09,0,0,0
Chongqing Tonglianglong FC,Q. Ruan,DF,2026-05-09,0,0,0
Chongqing Tonglianglong FC,Y. Xiang,FW,2026-05-09,0,0,0
Chongqing Tonglianglong FC,M. Yujun,FW,2026-05-09,0,0,0
Cienciano,J. Romagnoli,FW,2026-05-06,0,0,0
Cienciano,H. Caparó,MF,2026-05-06,0,0,0
Cienciano,M. Succar,FW,2026-05-06,0,0,0
Cienciano,S. Cavero,DF,2026-05-06,0,0,0
Cienciano,R. Sandoval,FW,2026-05-06,0,0,0
Cienciano,G. Falcón,GK,2026-05-06,0,0,0
Cienciano,J. F. Roncal,GK,2026-05-06,0,0,0
Cienciano,K. Becerra,DF,2026-05-06,0,0,0
Cienciano,A. Yovera,DF,2026-05-06,0,0,0
Cienciano,A. Rojas,MF,2026-05-06,0,0,0
Cienciano,N. Colunga,FW,2026-05-06,0,0,0
Club Africain,G. Yeferni,GK,2026-05-03,0,0,0
Club Africain,H. B. Ali,DF,2026-05-03,0,0,0
Club Africain,Y. Bouabid,DF,2026-05-03,0,0,0
Club Africain,O. Bouguerra,MF,2026-05-03,0,0,0
Club Africain,A. Kanté,MF,2026-05-03,0,0,0
Club Africain,M. S. Mahmoud,MF,2026-05-03,0,0,0
Club Africain,F. A. Mesmari,FW,2026-05-03,0,0,0
Club Africain,S. Kadida,FW,2026-05-03,0,0,0
Club Africain,P. Kinzumbi,FW,2026-05-03,0,0,0
Club Always Ready,E. Rodríguez,GK,2026-05-06,0,0,0
Club Always Ready,F. Nava,FW,2026-05-06,0,0,0
Club Always Ready,M. Suárez,DF,2026-05-06,0,0,0
Club Always Ready,J. Godoy,FW,2026-05-06,0,0,0
Club Always Ready,M. Mamani,MF,2026-05-06,0,0,0
Club Always Ready,R. Lima,MF,2026-05-06,0,0,0
Club Always Ready,S. Paz,GK,2026-05-06,0,0,0
Club Always Ready,D. Medina,DF,2026-05-06,0,0,0
Club Always Ready,F. Pasadore,FW,2026-05-06,0,0,0
Club Always Ready,C. Collazo,FW,2026-05-06,0,0,0
Club América,R. Juárez,DF,2026-05-04,0,0,0
Club América,R. Veiga,MF,2026-05-04,0,0,0
Club América,T. Espinosa,DF,2026-05-04,0,0,0
Club América,H. Martín,FW,2026-05-04,0,0,0
Club América,Jonathan,MF,2026-05-04,0,0,0
Club América,Lima,MF,2026-05-04,0,0,0
Club América,F. Tapia,GK,2026-05-04,0,0,0
Club América,N. Araujo,DF,2026-05-04,0,0,0
Club América,D. Espinoza,MF,2026-05-04,0,0,0
Club América,A. Cervantes,MF,2026-05-04,0,0,0
Club Atlético Platense,A. Lotti,FW,2026-05-08,0,0,0
Club Atlético Platense,I. Gómez,MF,2026-05-08,0,0,0
Club Atlético Platense,G. Lencina,FW,2026-05-08,0,0,0
Club Atlético Platense,M. Mendía,DF,2026-05-08,0,0,0
Club Atlético Platense,J. Gauto,FW,2026-05-08,0,0,0
Club Atlético Platense,M. Barrios,MF,2026-05-08,0,0,0
Club Atlético Platense,N. Sumavil,GK,2026-05-08,0,0,0
Club Atlético Platense,S. Quirós,DF,2026-05-08,0,0,0
Club Atlético Platense,J. I. Saborido,DF,2026-05-08,0,0,0
Club Atlético Platense,E. Raggio,DF,2026-05-08,0,0,0
Club Atlético Platense,B. Merlini,FW,2026-05-08,0,0,0
Club Atlético Platense,L. Heredia,MF,2026-05-08,0,0,0
Club Atlético de Madrid,Luany,FW,2026-05-03,0,0,0
Club Atlético de Madrid,G. Garbelini,FW,2026-05-03,0,0,0
Club Atlético de Madrid,J. Bartel,MF,2026-05-03,0,0,0
Club Atlético de Madrid,C. Menayo,DF,2026-05-03,0,0,0
Club Atlético de Madrid,N. Peñalvo,MF,2026-05-03,0,0,0
Club Atlético de Madrid,P. Larqué Juste,GK,2026-05-03,0,0,0
Club Atlético de Madrid,S. G. Gómez,FW,2026-05-03,0,0,0
Club Atlético de Madrid,M. Portales,FW,2026-05-03,0,0,0
Club Brugge KV,D. v. d. Heuvel,GK,2026-05-03,0,0,0
Club Brugge KV,J. Spileers,DF,2026-05-09,0,0,0
Club Brugge KV,C. Sandra,MF,2026-05-03,0,0,0
Club Brugge KV,R. Vermant,FW,2026-05-09,0,0,0
Club Brugge KV,R. Onyedika,MF,2026-05-03,0,0,0
Club Brugge KV,B. Meijer,DF,2026-05-09,0,0,0
Club Brugge KV,L. Audoor,MF,2026-05-09,0,0,0
Club Brugge KV,G. Nilsson,FW,2026-05-09,0,0,0
Club Brugge KV,M. Diakhon,FW,2026-05-09,0,0,0
Club Brugge KV,S. Mignolet,GK,2026-05-09,0,0,0
Club Brugge KV,L. Reis,MF,2026-05-09,0,0,0
Club Brugge KV,F. Lemaréchal,MF,2026-05-09,0,0,0
Club Independiente Petrolero,L. Montenegro,DF,2026-05-06,0,0,0
Club Independiente Petrolero,Wagner,FW,2026-05-06,0,0,0
Club Independiente Petrolero,R. R. González,FW,2026-05-06,0,0,0
Club Independiente Petrolero,R. Lutkowski,FW,2026-05-06,0,0,0
Club Independiente Petrolero,A. S. D. Silva,MF,2026-05-06,0,0,0
Club Independiente Petrolero,J. Vera,GK,2026-05-06,0,0,0
Club Independiente Petrolero,H. Leanos,DF,2026-05-06,0,0,0
Club Independiente Petrolero,P. Grass,DF,2026-05-06,0,0,0
Club Independiente Petrolero,M. Somoya,MF,2026-05-06,0,0,0
Club Independiente Petrolero,D. Navarro,FW,2026-05-06,0,0,0
Club Independiente Petrolero,D. Vargas,DF,2026-05-06,0,0,0
Club Independiente Petrolero,D. Sejas,FW,2026-05-06,0,0,0
Club Sporting Cristal,F. Vizeu,FW,2026-05-06,0,0,0
Club Sporting Cristal,G. Santana,MF,2026-05-06,0,0,0
Club Sporting Cristal,C. Cabellos,MF,2026-05-06,0,0,0
Club Sporting Cristal,I. Wisdom,MF,2026-05-06,0,0,0
Club Sporting Cristal,C. Bautista,GK,2026-05-06,0,0,0
Club Sporting Cristal,L. Abram,DF,2026-05-06,0,0,0
Club Sporting Cristal,A. Pósito,DF,2026-05-06,0,0,0
Club Sporting Cristal,J. Cuenca,DF,2026-05-06,0,0,0
Club Sporting Cristal,J. Lara,MF,2026-05-06,0,0,0
Club Sporting Cristal,C. Benavente,FW,2026-05-06,0,0,0
Club Sporting Cristal,D. Otoya,FW,2026-05-06,0,0,0
Clube De Regatas Brasil,Luizão,DF,2026-05-10,0,0,0
Clube De Regatas Brasil,Geovane,FW,2026-05-10,0,0,0
Clube De Regatas Brasil,Thiaguinho,FW,2026-05-04,0,0,0
Clube De Regatas Brasil,G. Estrella,MF,2026-05-10,0,0,0
Clube De Regatas Brasil,L. Phellype,FW,2026-05-10,0,0,0
Clube De Regatas Brasil,Guilherme Pato,FW,2026-05-10,0,0,0
Clube De Regatas Brasil,V. Caetano,GK,2026-05-10,0,0,0
Clube De Regatas Brasil,Maycon,DF,2026-05-10,0,0,0
Clube De Regatas Brasil,Lyncon,DF,2026-05-10,0,0,0
Clube De Regatas Brasil,Bressan,DF,2026-05-10,0,0,0
Clube De Regatas Brasil,G. Kauan,FW,2026-05-04,0,0,0
Clube De Regatas Brasil,Reverson,DF,2026-05-10,0,0,0
Clube De Regatas Brasil,D. Baggio,FW,2026-05-10,0,0,0
Clube De Regatas Brasil,D. Braw,MF,2026-05-10,0,0,0
Colorado Rapids,N. Cobb,DF,2026-05-10,0,0,0
Colorado Rapids,P. Aaronson,MF,2026-05-03,0,0,0
Colorado Rapids,G. Minoungou,FW,2026-05-03,0,0,0
Colorado Rapids,J. Travis,DF,2026-05-10,0,0,0
Colorado Rapids,K. Stewart-Baynes,FW,2026-05-03,0,0,0
Colorado Rapids,M. B. Diop,FW,2026-05-10,0,0,0
Colorado Rapids,N. Defreitas-Hansen,GK,2026-05-03,0,0,0
Colorado Rapids,K. Rosenberry,DF,2026-05-10,0,0,0
Colorado Rapids,R. Cannon,DF,2026-05-03,0,0,0
Colorado Rapids,C. Ronan,MF,2026-05-10,0,0,0
Colorado Rapids,A. Harris,FW,2026-05-10,0,0,0
Colorado Rapids,Z. Campagnolo,GK,2026-05-10,0,0,0
Colorado Rapids,A. Manyoma,MF,2026-05-10,0,0,0
Colorado Rapids,S. Wathuta,FW,2026-05-10,0,0,0
Colorado Springs Switchbacks FC,F. Daroma,MF,2026-05-03,0,0,0
Colorado Springs Switchbacks FC,K. Bennett,FW,2026-05-03,0,0,0
Colorado Springs Switchbacks FC,T. Magee,MF,2026-05-09,0,0,0
Colorado Springs Switchbacks FC,C. Shutler,GK,2026-05-09,0,0,0
Colorado Springs Switchbacks FC,G. Metusala,DF,2026-05-03,0,0,0
Colorado Springs Switchbacks FC,J. Fjellberg,FW,2026-05-09,0,0,0
Colorado Springs Switchbacks FC,L. Johnson,FW,2026-05-09,0,0,0
Colorado Springs Switchbacks FC,A. Rocha,DF,2026-05-09,0,0,0
Colorado Springs Switchbacks FC,S. Williams,MF,2026-05-09,0,0,0
Colorado Springs Switchbacks FC,J. Maples,DF,2026-05-09,0,0,0
Colorado Springs Switchbacks FC,D. Valenti,MF,2026-05-09,0,0,0
Colorado Springs Switchbacks FC,Price,FW,2026-05-09,0,0,0
Como,A. Moreno,DF,2026-05-10,0,0,0
Como,I. Smolčić,DF,2026-05-10,0,0,0
Como,M. Caqueret,MF,2026-05-10,0,0,0
Como,M. Baturina,MF,2026-05-10,0,0,0
Como,I. V. d. Brempt,DF,2026-05-10,0,0,0
Como,M. Vigorito,GK,2026-05-10,0,0,0
Como,N. Čavlina,GK,2026-05-10,0,0,0
Como,N. Törnqvist,GK,2026-05-10,0,0,0
Como,E. Goldaniga,DF,2026-05-10,0,0,0
Como,A. Lahdo,MF,2026-05-10,0,0,0
Como,S. Roberto,MF,2026-05-10,0,0,0
Como,N. Kühn,FW,2026-05-10,0,0,0
Como,Á. Morata,FW,2026-05-10,0,0,0
Coquimbo Unido,S. Cordero,MF,2026-05-08,0,0,0
Coquimbo Unido,A. Azócar,FW,2026-05-08,0,0,0
Coquimbo Unido,L. Pratto,FW,2026-05-08,0,0,0
Coquimbo Unido,D. Glaby,MF,2026-05-08,0,0,0
Coquimbo Unido,C. Dorador,GK,2026-05-08,0,0,0
Coquimbo Unido,L. Soza,DF,2026-05-08,0,0,0
Coquimbo Unido,S. Cabrera,DF,2026-05-08,0,0,0
Coquimbo Unido,E. Hernández,DF,2026-05-08,0,0,0
Coquimbo Unido,D. Escobar,DF,2026-05-08,0,0,0
Coquimbo Unido,M. Mundaca,FW,2026-05-08,0,0,0
Coquimbo Unido,L. Riveros,FW,2026-05-08,0,0,0
Corinthians,Dieguinho,DF,2026-05-07,0,0,0
Corinthians,Kaio César,FW,2026-05-07,0,0,0
Corinthians,Z. Labyad,FW,2026-05-07,0,0,0
Corinthians,P. Raul,FW,2026-05-07,0,0,0
Corinthians,A. Santana,MF,2026-05-04,0,0,0
Corinthians,F. Longo,GK,2026-05-04,0,0,0
Corinthians,Kauê,GK,2026-05-07,0,0,0
Corinthians,F. Angileri,DF,2026-05-07,0,0,0
Corinthians,I. Machado,DF,2026-05-07,0,0,0
Corinthians,P. Milans,DF,2026-05-07,0,0,0
Corinthians,Nícollas,FW,2026-05-04,0,0,0
Corinthians,G. Negão,FW,2026-05-07,0,0,0
Corinthians,M. Pereira,DF,2026-05-07,0,0,0
Corinthians,A. Carrillo,MF,2026-05-07,0,0,0
Corinthians,A. Ramalho,DF,2026-05-07,0,0,0
Coritiba,D. Alves,FW,2026-05-09,0,0,0
Coritiba,R. Moledo,DF,2026-05-09,0,0,0
Coritiba,Wallisson Luiz,MF,2026-05-09,0,0,0
Coritiba,Gustavo,MF,2026-05-09,0,0,0
Coritiba,Renato Marques,FW,2026-05-09,0,0,0
Coritiba,F. Sobral,MF,2026-05-09,0,0,0
Coritiba,G. Leite,GK,2026-05-09,0,0,0
Coritiba,Benassi,GK,2026-05-09,0,0,0
Coritiba,J.P. Chermont,DF,2026-05-09,0,0,0
Coritiba,L. Taverna,DF,2026-05-09,0,0,0
Coritiba,W. Oliveira,MF,2026-05-09,0,0,0
Cracovia,M. Minchev,MF,2026-05-03,0,0,0
Cracovia,M. Praszelik,MF,2026-05-03,0,0,0
Cracovia,D. Kameri,MF,2026-05-03,0,0,0
Cracovia,G. Charpentier,FW,2026-05-03,0,0,0
Cracovia,H. Ravas,GK,2026-05-03,0,0,0
Cracovia,K. Glik,DF,2026-05-03,0,0,0
Cracovia,B. Selan,MF,2026-05-03,0,0,0
Cracovia,K. Knap,MF,2026-05-03,0,0,0
Cracovia,M. Tabisz,MF,2026-05-03,0,0,0
Cracovia,P. Sans,FW,2026-05-03,0,0,0
Cracovia,J. Batoum,FW,2026-05-03,0,0,0
Cremonese,M. Bianchetti,DF,2026-05-04,0,0,0
Cremonese,M. Payero,MF,2026-05-04,0,0,0
Cremonese,W. Bondo,MF,2026-05-04,0,0,0
Cremonese,J. Vardy,FW,2026-05-04,0,0,0
Cremonese,T. Barbieri,DF,2026-05-04,0,0,0
Cremonese,M. Silvestri,GK,2026-05-04,0,0,0
Cremonese,L. Nava,GK,2026-05-04,0,0,0
Cremonese,M. Faye,DF,2026-05-04,0,0,0
Cremonese,F. Ceccherini,DF,2026-05-04,0,0,0
Cremonese,F. Folino,DF,2026-05-04,0,0,0
Cremonese,M. Collocolo,MF,2026-05-04,0,0,0
Cremonese,M. Thorsby,MF,2026-05-04,0,0,0
Cremonese,M. Đurić,FW,2026-05-04,0,0,0
Cremonese,D. Okereke,FW,2026-05-04,0,0,0
Criciúma,Pedro,GK,2026-05-10,0,0,0
Criciúma,Nicolas,FW,2026-05-10,0,0,0
Criciúma,Diego Gonçalves,FW,2026-05-10,0,0,0
Criciúma,Jean Irmer,MF,2026-05-10,0,0,0
Criciúma,Cauê,FW,2026-05-10,0,0,0
Criciúma,W. Lepo,DF,2026-05-10,0,0,0
Criciúma,R. Otero,MF,2026-05-10,0,0,0
Criciúma,H. Alves,MF,2026-05-10,0,0,0
Criciúma,E. Biasi,MF,2026-05-10,0,0,0
Criciúma,T. R. S. Modesto,MF,2026-05-10,0,0,0
Criciúma,João Carlos,FW,2026-05-10,0,0,0
Cruz Azul,J. Márquez,MF,2026-05-10,0,0,0
Cruz Azul,A. Montaño,MF,2026-05-10,0,0,0
Cruz Azul,L. Romero,GK,2026-05-10,0,0,0
Cruz Azul,B. Gamboa,FW,2026-05-03,0,0,0
Cruz Azul,A. Gudiño,GK,2026-05-10,0,0,0
Cruz Azul,J. Díaz,DF,2026-05-10,0,0,0
Cruz Azul,A. C. Sevilla,MF,2026-05-10,0,0,0
Cruz Azul,I. Silva,MF,2026-05-10,0,0,0
Cruz Azul,A. Morales,MF,2026-05-10,0,0,0
Cruz Azul,M. Levy,FW,2026-05-10,0,0,0
Cruz Azul,G. Fernández,FW,2026-05-10,0,0,0
Cruzeiro,N. Villarreal,MF,2026-05-03,0,0,0
Cruzeiro,Wanderson,FW,2026-05-10,0,0,0
Cruzeiro,B. Rodrigues,FW,2026-05-03,0,0,0
Cruzeiro,J. Marcelo,DF,2026-05-10,0,0,0
Cruzeiro,M. Henrique,MF,2026-05-07,0,0,0
Cruzeiro,M. Cunha,GK,2026-05-10,0,0,0
Cruzeiro,Fagner,DF,2026-05-03,0,0,0
Cruzeiro,L. Villalba,DF,2026-05-10,0,0,0
Cruzeiro,W. Furtado,DF,2026-05-07,0,0,0
Cruzeiro,K. Kenji,FW,2026-05-10,0,0,0
Cruzeiro,L. Sinisterra,FW,2026-05-07,0,0,0
Cruzeiro,K. Moraes,DF,2026-05-07,0,0,0
Cruzeiro,Chico da Costa,FW,2026-05-10,0,0,0
Cruzeiro,K. Jorge,FW,2026-05-10,0,0,0
Cruzeiro,B. Alves,DF,2026-05-10,0,0,0
Cruzeiro,Marquinhos,FW,2026-05-10,0,0,0
Cruzeiro,Christian,MF,2026-05-10,0,0,0
Cruzeiro,Japa,MF,2026-05-10,0,0,0
Crystal Palace,T. Mitchell,DF,2026-05-03,0,0,0
Crystal Palace,A. Wharton,MF,2026-05-03,0,0,0
Crystal Palace,I. Sarr,FW,2026-05-03,0,0,0
Crystal Palace,J. Mateta,FW,2026-05-03,0,0,0
Crystal Palace,C. Richards,DF,2026-05-03,0,0,0
Crystal Palace,W. Benítez,GK,2026-05-03,0,0,0
Crystal Palace,R. Matthews,GK,2026-05-03,0,0,0
Crystal Palace,N. Clyne,DF,2026-05-03,0,0,0
Crystal Palace,R. Cardines,MF,2026-05-03,0,0,0
Cuiabá,J. Carlos,GK,2026-05-10,0,0,0
Cuiabá,Luisão,DF,2026-05-10,0,0,0
Cuiabá,Y. Asad,FW,2026-05-10,0,0,0
Cuiabá,V. Peixoto,FW,2026-05-10,0,0,0
Cuiabá,Weverson,MF,2026-05-10,0,0,0
Cuiabá,Araújo,MF,2026-05-10,0,0,0
Cuiabá,Victor,MF,2026-05-10,0,0,0
Cuiabá,M. Criciuma,FW,2026-05-10,0,0,0
Cultural Leonesa,P. Rodríguez,FW,2026-05-09,0,0,0
Cultural Leonesa,R. Tresaco,FW,2026-05-09,0,0,0
Cultural Leonesa,L. Ribeiro,FW,2026-05-09,0,0,0
Cultural Leonesa,M. Barzić,DF,2026-05-09,0,0,0
Cultural Leonesa,S. Maestre,MF,2026-05-09,0,0,0
Cultural Leonesa,D. Collado,FW,2026-05-09,0,0,0
Cultural Leonesa,M. Bañuz,GK,2026-05-09,0,0,0
Cultural Leonesa,A. Rafús,GK,2026-05-09,0,0,0
Cultural Leonesa,R. Hinojo,DF,2026-05-09,0,0,0
Cultural Leonesa,E. Satrustegui,DF,2026-05-09,0,0,0
Cultural Leonesa,S. Diallo,MF,2026-05-09,0,0,0
Cultural Leonesa,Yayo,MF,2026-05-09,0,0,0
Cusco FC,G. Choi,DF,2026-05-07,0,0,0
Cusco FC,N. Silva,FW,2026-05-07,0,0,0
Cusco FC,J. Tévez,FW,2026-05-07,0,0,0
Cusco FC,G. Carabajal,MF,2026-05-07,0,0,0
Cusco FC,J. Bolivar,DF,2026-05-07,0,0,0
Cusco FC,A. Vidal,GK,2026-05-07,0,0,0
Cusco FC,C. Gamarra,DF,2026-05-07,0,0,0
Cusco FC,J. Astudillo,DF,2026-05-07,0,0,0
Cusco FC,J. A. Gutiérrez,MF,2026-05-07,0,0,0
Cusco FC,M. Aucca,MF,2026-05-07,0,0,0
Cusco FC,C. Diez,MF,2026-05-07,0,0,0
Cádiz,M. Diakité,MF,2026-05-08,0,0,0
Cádiz,B. Ocampo,FW,2026-05-08,0,0,0
Cádiz,J. A. d. l. Rosa,FW,2026-05-08,0,0,0
Cádiz,R. Martí,FW,2026-05-08,0,0,0
Cádiz,V. W. Aznar,GK,2026-05-08,0,0,0
Cádiz,S. Arribas,DF,2026-05-08,0,0,0
Cádiz,A. Caicedo,DF,2026-05-08,0,0,0
Cádiz,R. Kouamé,MF,2026-05-08,0,0,0
Cádiz,J. Domina,FW,2026-05-08,0,0,0
Cádiz,D. Camara,FW,2026-05-08,0,0,0
DC United,A. Herrera,DF,2026-05-10,0,0,0
DC United,N. Markovic,DF,2026-05-10,0,0,0
DC United,J. Murrell,FW,2026-05-10,0,0,0
DC United,C. Antley,DF,2026-05-10,0,0,0
DC United,J. Farr,GK,2026-05-03,0,0,0
DC United,A. Bono,GK,2026-05-10,0,0,0
DC United,C. Clark,MF,2026-05-10,0,0,0
DC United,H. Kijima,MF,2026-05-10,0,0,0
DC United,G. Turner,MF,2026-05-10,0,0,0
DC United,T. Baribo,FW,2026-05-10,0,0,0
DUX Logroño,L. Martínez,DF,2026-05-10,0,0,0
DUX Logroño,L. V. Martínez,DF,2026-05-10,0,0,0
DUX Logroño,I. Castro,DF,2026-05-10,0,0,0
DUX Logroño,M. Asenjo,FW,2026-05-10,0,0,0
DUX Logroño,W. Fon,FW,2026-05-10,0,0,0
DUX Logroño,C. L. Ashurst,GK,2026-05-10,0,0,0
DUX Logroño,C. Soto,GK,2026-05-10,0,0,0
DUX Logroño,A. Colomina,DF,2026-05-10,0,0,0
DUX Logroño,C. Yeboah,DF,2026-05-10,0,0,0
DUX Logroño,M. Martín,DF,2026-05-10,0,0,0
DUX Logroño,M. Giménez,FW,2026-05-10,0,0,0
DUX Logroño,I. Toledo,FW,2026-05-10,0,0,0
Daejeon Hana Citizen,G. Ludwigson,MF,2026-05-05,0,0,0
Daejeon Hana Citizen,J. S. Seo,FW,2026-05-09,0,0,0
Daejeon Hana Citizen,M. K. Ju,FW,2026-05-05,0,0,0
Daejeon Hana Citizen,M. J. Lee,DF,2026-05-05,0,0,0
Daejeon Hana Citizen,L. Jun-Seo,GK,2026-05-09,0,0,0
Daejeon Hana Citizen,M. D. Kim,DF,2026-05-09,0,0,0
Daejeon Hana Citizen,H. U. Kim,MF,2026-05-09,0,0,0
Daejeon Hana Citizen,K. H. Yu,FW,2026-05-09,0,0,0
Daejeon Hana Citizen,Y. Kang,DF,2026-05-09,0,0,0
Daejeon Hana Citizen,Diogo Oliveira,FW,2026-05-09,0,0,0
Daejeon Hana Citizen,V. Bobsin,MF,2026-05-09,0,0,0
Daejeon Hana Citizen,J. Victor,FW,2026-05-09,0,0,0
Dalian Yingbo FC,C. Zhang,DF,2026-05-10,0,0,0
Dalian Yingbo FC,L. Zhuoyi,MF,2026-05-06,0,0,0
Dalian Yingbo FC,S. Huang,MF,2026-05-10,0,0,0
Dalian Yingbo FC,P. Lü,MF,2026-05-06,0,0,0
Dalian Yingbo FC,P. Shunjie,DF,2026-05-10,0,0,0
Dalian Yingbo FC,W. Liu,GK,2026-05-10,0,0,0
Dalian Yingbo FC,G. Peng,GK,2026-05-10,0,0,0
Dalian Yingbo FC,J. Wen,DF,2026-05-10,0,0,0
Dalian Yingbo FC,Y. Song,DF,2026-05-06,0,0,0
Dalian Yingbo FC,M. Traoré,DF,2026-05-06,0,0,0
Dalian Yingbo FC,H. Zhang,MF,2026-05-06,0,0,0
Dalian Yingbo FC,Y. Yihan,MF,2026-05-10,0,0,0
Dalian Yingbo FC,S. Kangbo,DF,2026-05-10,0,0,0
Dalian Yingbo FC,Z. Pengyu,FW,2026-05-10,0,0,0
De Graafschap,F. De Jong,MF,2026-05-06,0,0,0
De Graafschap,K. Symons,DF,2026-05-09,0,0,0
De Graafschap,M. Smits,MF,2026-05-09,0,0,0
De Graafschap,I. E. Kadiri,FW,2026-05-06,0,0,0
De Graafschap,K. Kwint,FW,2026-05-06,0,0,0
De Graafschap,S. Kremers,GK,2026-05-09,0,0,0
De Graafschap,R. Jonkers,GK,2026-05-09,0,0,0
De Graafschap,T. Grotenhuis,MF,2026-05-09,0,0,0
De Graafschap,N. Hartgers,MF,2026-05-06,0,0,0
De Graafschap,D. Eijken,MF,2026-05-09,0,0,0
De Graafschap,J. Simons,MF,2026-05-09,0,0,0
De Graafschap,T. Braem,MF,2026-05-09,0,0,0
De Graafschap,N. Eggens,FW,2026-05-09,0,0,0
De Graafschap,J. Hardeman,DF,2026-05-09,0,0,0
De Graafschap,N. Kaninda,FW,2026-05-09,0,0,0
De Graafschap,R. Niemeijer,FW,2026-05-09,0,0,0
Degerfors IF,J. Hernández,DF,2026-05-09,0,0,0
Degerfors IF,D. Vukojevic,FW,2026-05-09,0,0,0
Degerfors IF,E. Lindell,DF,2026-05-09,0,0,0
Degerfors IF,O. Leonardsson,FW,2026-05-09,0,0,0
Degerfors IF,Z. Salifu,FW,2026-05-09,0,0,0
Degerfors IF,R. Forsell,GK,2026-05-09,0,0,0
Degerfors IF,J. Pikkarainen,DF,2026-05-09,0,0,0
Degerfors IF,A. Berisson,FW,2026-05-09,0,0,0
Degerfors IF,A. Taranis,FW,2026-05-09,0,0,0
Deportes Tolima,J. Mosquera,DF,2026-05-07,0,0,0
Deportes Tolima,C. Trujillo,MF,2026-05-07,0,0,0
Deportes Tolima,J. Nieto,MF,2026-05-07,0,0,0
Deportes Tolima,J. Valencia,FW,2026-05-07,0,0,0
Deportes Tolima,L. Marquinez,GK,2026-05-07,0,0,0
Deportes Tolima,D. Pedrozo,DF,2026-05-07,0,0,0
Deportes Tolima,S. Barbosa,DF,2026-05-07,0,0,0
Deportes Tolima,E. Valencia,FW,2026-05-07,0,0,0
Deportes Tolima,N. Sánchez,FW,2026-05-07,0,0,0
Deportes Tolima,Y. Moreno,MF,2026-05-07,0,0,0
Deportivo Alavés,R. Fernández,GK,2026-05-09,0,0,0
Deportivo Alavés,D. Suárez,MF,2026-05-09,0,0,0
Deportivo Alavés,Y. Enriquez,DF,2026-05-09,0,0,0
Deportivo Alavés,C. Benavídez,MF,2026-05-09,0,0,0
Deportivo Alavés,A. Guevara,MF,2026-05-09,0,0,0
Deportivo Alavés,A. Mañas,FW,2026-05-09,0,0,0
Deportivo Alavés,G. Swiderski,GK,2026-05-09,0,0,0
Deportivo Alavés,E. Muñoz,DF,2026-05-09,0,0,0
Deportivo Alavés,V. Koski,DF,2026-05-09,0,0,0
Deportivo Alavés,J. Pacheco,DF,2026-05-09,0,0,0
Deportivo Alavés,Calebe,MF,2026-05-09,0,0,0
Deportivo Cuenca,I. Mosquera,DF,2026-05-06,0,0,0
Deportivo Cuenca,J. Mejía,MF,2026-05-06,0,0,0
Deportivo Cuenca,E. Minda,GK,2026-05-06,0,0,0
Deportivo Cuenca,E. Guevara,DF,2026-05-06,0,0,0
Deportivo Cuenca,J. Chacon,MF,2026-05-06,0,0,0
Deportivo Cuenca,C. Arboleda,FW,2026-05-06,0,0,0
Deportivo Cuenca,S. Morocho,DF,2026-05-06,0,0,0
Deportivo Cuenca,M. Sigüenza,FW,2026-05-06,0,0,0
Deportivo Cuenca,N. Leguizamón,FW,2026-05-06,0,0,0
Deportivo La Guaira,R. Arace,FW,2026-05-07,0,0,0
Deportivo La Guaira,A. Uribe,FW,2026-05-07,0,0,0
Deportivo La Guaira,F. Cáceres,MF,2026-05-07,0,0,0
Deportivo La Guaira,C. D. Silva,MF,2026-05-07,0,0,0
Deportivo La Guaira,D. Osío,DF,2026-05-07,0,0,0
Deportivo La Guaira,N. Hernández,DF,2026-05-07,0,0,0
Deportivo La Guaira,G. Ascanio,DF,2026-05-07,0,0,0
Deportivo La Guaira,Y. Rivas,FW,2026-05-07,0,0,0
Deportivo La Guaira,M. Sulbarán,MF,2026-05-07,0,0,0
Deportivo Riestra,P. Ramírez,DF,2026-05-06,0,0,0
Deportivo Riestra,M. Smarra,MF,2026-05-06,0,0,0
Deportivo Riestra,N. Sansotre,DF,2026-05-06,0,0,0
Deportivo Riestra,R. Sayavedra,FW,2026-05-06,0,0,0
Deportivo Riestra,P. Madero,MF,2026-05-06,0,0,0
Deportivo Riestra,A. Alonso,FW,2026-05-06,0,0,0
Deportivo Riestra,G. Obredor,MF,2026-05-06,0,0,0
Deportivo Riestra,L. Duarte,FW,2026-05-06,0,0,0
Deportivo de La Coruña,A. Comas,DF,2026-05-08,0,0,0
Deportivo de La Coruña,N. Carrillo,MF,2026-05-08,0,0,0
Deportivo de La Coruña,Z. Eddahchouri,FW,2026-05-08,0,0,0
Deportivo de La Coruña,S. Escudero,DF,2026-05-08,0,0,0
Deportivo de La Coruña,Stoichkov,FW,2026-05-08,0,0,0
Deportivo de La Coruña,G. Parreño,GK,2026-05-08,0,0,0
Deportivo de La Coruña,D. Barcia,DF,2026-05-08,0,0,0
Deportivo de La Coruña,J. Á. Jurado,MF,2026-05-08,0,0,0
Deportivo de La Coruña,C. Patino,MF,2026-05-08,0,0,0
Deportivo de La Coruña,C. Herrera,FW,2026-05-08,0,0,0
Deportivo de La Coruña,S. Mulattieri,FW,2026-05-08,0,0,0
Detroit City FC,R. Williams,DF,2026-05-10,0,0,0
Detroit City FC,A. Stanley,DF,2026-05-10,0,0,0
Detroit City FC,B. Morris,FW,2026-05-10,0,0,0
Detroit City FC,R. Hope-Gund,DF,2026-05-10,0,0,0
Detroit City FC,C. Saldaña,GK,2026-05-10,0,0,0
Detroit City FC,C. Egbuchulam,FW,2026-05-10,0,0,0
Difaâ Hassani El-Jadidi,O. Benchchaoui,MF,2026-05-03,0,0,0
Difaâ Hassani El-Jadidi,B. E. I. Bouzidi,MF,2026-05-03,0,0,0
Difaâ Hassani El-Jadidi,Y. Lamine,FW,2026-05-03,0,0,0
Difaâ Hassani El-Jadidi,I. Sabik,FW,2026-05-07,0,0,0
Difaâ Hassani El-Jadidi,M. Hilali,MF,2026-05-07,0,0,0
Difaâ Hassani El-Jadidi,A. A. Wahmane,GK,2026-05-07,0,0,0
Difaâ Hassani El-Jadidi,A. Riyane,MF,2026-05-03,0,0,0
Difaâ Hassani El-Jadidi,A. Mostakime,MF,2026-05-07,0,0,0
Difaâ Hassani El-Jadidi,P. S. Diallo,MF,2026-05-03,0,0,0
Difaâ Hassani El-Jadidi,A. Ennakouss,FW,2026-05-07,0,0,0
Difaâ Hassani El-Jadidi,A. E. Khaffi,MF,2026-05-07,0,0,0
Difaâ Hassani El-Jadidi,Z. Oubraim,DF,2026-05-07,0,0,0
Difaâ Hassani El-Jadidi,H. Jamaane,MF,2026-05-07,0,0,0
Djurgårdens IF,D. Stensson,MF,2026-05-10,0,0,0
Djurgårdens IF,M. Anderson,MF,2026-05-10,0,0,0
Djurgårdens IF,A. Saeed,FW,2026-05-04,0,0,0
Djurgårdens IF,J. Asoro,FW,2026-05-10,0,0,0
Djurgårdens IF,A. Stahl,DF,2026-05-10,0,0,0
Djurgårdens IF,F. Manojlović,GK,2026-05-10,0,0,0
Djurgårdens IF,L. Hien,FW,2026-05-10,0,0,0
Djurgårdens IF,J. U. Larsson,DF,2026-05-10,0,0,0
Djurgårdens IF,O. Fallenius,FW,2026-05-10,0,0,0
Djurgårdens IF,P. Langhoff,MF,2026-05-10,0,0,0
Dundee FC,B. Koumetio,DF,2026-05-09,0,0,0
Dundee FC,I. Samuels,DF,2026-05-09,0,0,0
Dundee FC,F. Robertson,MF,2026-05-09,0,0,0
Dundee FC,S. Wright,FW,2026-05-09,0,0,0
Dundee FC,A. Hay,FW,2026-05-09,0,0,0
Dundee FC,H. Sharp,GK,2026-05-09,0,0,0
Dundee FC,C. Reilly,FW,2026-05-09,0,0,0
Dundee FC,J. Cotterill,MF,2026-05-09,0,0,0
Dundee FC,C. Jones,MF,2026-05-09,0,0,0
Dundee United,J. Eskesen,MF,2026-05-09,0,0,0
Dundee United,M. Watters,FW,2026-05-09,0,0,0
Dundee United,I. Dolček,FW,2026-05-09,0,0,0
Dundee United,J. Russell,FW,2026-05-09,0,0,0
Dundee United,P. Camará,MF,2026-05-09,0,0,0
Dundee United,R. Adams,GK,2026-05-09,0,0,0
Dundee United,S. Cleall-Harding,DF,2026-05-09,0,0,0
Dundee United,C. Sibbald,MF,2026-05-09,0,0,0
Dundee United,O. Stirton,DF,2026-05-09,0,0,0
Dunfermline Athletic,J. Tod,DF,2026-05-05,0,0,0
Dunfermline Athletic,J. Cooper,MF,2026-05-08,0,0,0
Dunfermline Athletic,T. Oakley-Boothe,MF,2026-05-08,0,0,0
Dunfermline Athletic,B. Terrell,GK,2026-05-08,0,0,0
Dunfermline Athletic,S. Kearney,DF,2026-05-08,0,0,0
Dunfermline Athletic,K. Benedictus,DF,2026-05-08,0,0,0
Dunfermline Athletic,C. Hamilton,DF,2026-05-08,0,0,0
Dunfermline Athletic,K. Bray,MF,2026-05-08,0,0,0
Dunfermline Athletic,L. Fyfe,FW,2026-05-08,0,0,0
Dunfermline Athletic,A. Amade,MF,2026-05-08,0,0,0
ES Métlaoui,K. Tlili,GK,2026-05-04,0,0,0
ES Métlaoui,F. Meskini,DF,2026-05-04,0,0,0
ES Métlaoui,R. Fadaa,DF,2026-05-04,0,0,0
ES Métlaoui,I. Fajraoui,DF,2026-05-04,0,0,0
ES Métlaoui,Y. Messaoui,MF,2026-05-04,0,0,0
ES Métlaoui,S. Bouani,MF,2026-05-04,0,0,0
ES Métlaoui,A. Bangoura,MF,2026-05-04,0,0,0
ES Métlaoui,B. Hajji,FW,2026-05-04,0,0,0
ES Métlaoui,B. Nana,FW,2026-05-04,0,0,0
ES Zarzis,H. Ghanmi,GK,2026-05-04,0,0,0
ES Zarzis,M. Chouchane,MF,2026-05-04,0,0,0
ES Zarzis,A. Tajouri,MF,2026-05-04,0,0,0
ES Zarzis,Y. S. Abubakar,MF,2026-05-04,0,0,0
ES Zarzis,M. M. Zidi,MF,2026-05-04,0,0,0
ES Zarzis,A. M. Yassine,MF,2026-05-04,0,0,0
ES Zarzis,M. H. Jertila,FW,2026-05-04,0,0,0
ES Zarzis,A. Garreb,FW,2026-05-04,0,0,0
ES Zarzis,D. Onyemuchara,FW,2026-05-04,0,0,0
Eastern Suburbs,L. Cant,FW,2026-05-10,0,0,0
Eastern Suburbs,J. Hudson,DF,2026-05-10,0,0,0
Eastern Suburbs,K. Imanzi,MF,2026-05-10,0,0,0
Eastern Suburbs,P. McMahon,FW,2026-05-10,0,0,0
Eastern Suburbs,R. L. Dettori,MF,2026-05-10,0,0,0
Eastern Suburbs,V. V. Brunschot,MF,2026-05-10,0,0,0
Eintracht Frankfurt,M. Götze,MF,2026-05-08,0,0,0
Eintracht Frankfurt,J. Bahoya,FW,2026-05-08,0,0,0
Eintracht Frankfurt,A. Knauff,FW,2026-05-08,0,0,0
Eintracht Frankfurt,A. Amaimouni Echghouyab,FW,2026-05-08,0,0,0
Eintracht Frankfurt,J. Burkardt,FW,2026-05-08,0,0,0
Eintracht Frankfurt,Kauã,GK,2026-05-08,0,0,0
Eintracht Frankfurt,H. Larsson,MF,2026-05-08,0,0,0
Eintracht Frankfurt,O. Højlund,MF,2026-05-08,0,0,0
Eintracht Frankfurt,T. Chandler,MF,2026-05-08,0,0,0
El Paso Locomotive FC,Á. Romero,FW,2026-05-07,0,0,0
El Paso Locomotive FC,K. Twumasi,DF,2026-05-07,0,0,0
El Paso Locomotive FC,T. Alfaro,DF,2026-05-07,0,0,0
El Paso Locomotive FC,D. Gomez,MF,2026-05-10,0,0,0
El Paso Locomotive FC,D. Abitia,FW,2026-05-10,0,0,0
El Paso Locomotive FC,O. Mora,FW,2026-05-10,0,0,0
El Paso Locomotive FC,J. Villagomez,DF,2026-05-07,0,0,0
El Paso Locomotive FC,A. Ortiz,DF,2026-05-07,0,0,0
El Paso Locomotive FC,K. Hoban,DF,2026-05-10,0,0,0
El Paso Locomotive FC,N. Dollenmayer,DF,2026-05-10,0,0,0
El Paso Locomotive FC,C. F. Sainté,MF,2026-05-10,0,0,0
El Paso Locomotive FC,S. Mora-Mora,GK,2026-05-10,0,0,0
El Paso Locomotive FC,N. Cardona,DF,2026-05-10,0,0,0
Elche,V. Chust,DF,2026-05-03,0,0,0
Elche,M. Neto,MF,2026-05-09,0,0,0
Elche,H. Fort,DF,2026-05-09,0,0,0
Elche,Josan,MF,2026-05-09,0,0,0
Elche,L. Cepeda,FW,2026-05-09,0,0,0
Elche,I. Peña,GK,2026-05-09,0,0,0
Elche,A. Iturbe,GK,2026-05-03,0,0,0
Elche,B. Sangaré,DF,2026-05-09,0,0,0
Elche,L. Pétrot,DF,2026-05-09,0,0,0
Elche,G. Diangana,FW,2026-05-09,0,0,0
Elche,J. Donald,DF,2026-05-09,0,0,0
Elche,A. Pedrosa,DF,2026-05-09,0,0,0
Elche,F. Redondo,MF,2026-05-09,0,0,0
Elche,J. Piera,FW,2026-05-09,0,0,0
Enugu Rangers International,G. Abine,GK,2026-05-03,0,0,0
Enugu Rangers International,D. Itodo ,DF,2026-05-03,0,0,0
Enugu Rangers International,O. Ifeanyi,DF,2026-05-03,0,0,0
Enugu Rangers International,A. Opara,DF,2026-05-03,0,0,0
Enugu Rangers International,K. A. Agu,MF,2026-05-03,0,0,0
Enugu Rangers International,A. Ifeanyichukwu,MF,2026-05-03,0,0,0
Enugu Rangers International,I. Pius,FW,2026-05-03,0,0,0
Enugu Rangers International,I. Yusuf,FW,2026-05-03,0,0,0
Enugu Rangers International,P. Ezechukwuma,MF,2026-05-03,0,0,0
Enyimba,O. Samuel,MF,2026-05-03,0,0,0
Enyimba,O. Odinaka,DF,2026-05-03,0,0,0
Enyimba,A. I. Kani,FW,2026-05-03,0,0,0
Enyimba,H. Ndedi,MF,2026-05-03,0,0,0
Enyimba,O. Nwaoris,MF,2026-05-03,0,0,0
Enyimba,M. Ukadike,GK,2026-05-03,0,0,0
Enyimba,I. Mohammed,MF,2026-05-03,0,0,0
Enyimba,E. Awazie,FW,2026-05-03,0,0,0
Enyimba,A. Joseph,MF,2026-05-03,0,0,0
Espanyol,C. Pickel,MF,2026-05-09,0,0,0
Espanyol,A. Roca,FW,2026-05-09,0,0,0
Espanyol,P. Milla,MF,2026-05-09,0,0,0
Espanyol,J. Carreras,FW,2026-05-09,0,0,0
Espanyol,K. García,FW,2026-05-09,0,0,0
Espanyol,A. Fortuno,GK,2026-05-09,0,0,0
Espanyol,J. Salinas,DF,2026-05-09,0,0,0
Espanyol,C. Riedel,DF,2026-05-09,0,0,0
Espanyol,M. Rubio,DF,2026-05-09,0,0,0
Espanyol,F. Gomez,MF,2026-05-09,0,0,0
Espanyol,L. Castell,FW,2026-05-09,0,0,0
Espanyol,A. Almansa,FW,2026-05-03,0,0,0
Espanyol,P. Lozano,MF,2026-05-09,0,0,0
Espérance Tunis,M. S. Debchi,GK,2026-05-04,0,0,0
Espérance Tunis,E. Bouzaiene,DF,2026-05-04,0,0,0
Espérance Tunis,N. Laifi,DF,2026-05-04,0,0,0
Espérance Tunis,Y. Meriah,DF,2026-05-04,0,0,0
Espérance Tunis,A. Diakite,FW,2026-05-04,0,0,0
Espérance Tunis,J. Diarra,FW,2026-05-04,0,0,0
Espérance Tunis,A. Jebri,FW,2026-05-04,0,0,0
Espérance Tunis,H. Dhaou,FW,2026-05-04,0,0,0
Estoril Praia,A. Lacximicant,FW,2026-05-03,0,0,0
Estoril Praia,G. Costa,DF,2026-05-03,0,0,0
Estoril Praia,A. Marqués,FW,2026-05-03,0,0,0
Estoril Praia,Peixinho,FW,2026-05-03,0,0,0
Estoril Praia,P. Carvalho,DF,2026-05-03,0,0,0
Estoril Praia,J. Robles,GK,2026-05-03,0,0,0
Estoril Praia,L. Gomes,MF,2026-05-03,0,0,0
Estoril Praia,Pizzi,MF,2026-05-03,0,0,0
Estoril Praia,N. Lominadze,MF,2026-05-03,0,0,0
Estudiantes de La Plata,F. Farías,MF,2026-05-07,0,0,0
Estudiantes de La Plata,E. Cetré,FW,2026-05-07,0,0,0
Estudiantes de La Plata,E. Mancuso,DF,2026-05-07,0,0,0
Estudiantes de La Plata,S. Núñez,DF,2026-05-07,0,0,0
Estudiantes de La Plata,L. Alario,FW,2026-05-07,0,0,0
Estudiantes de La Plata,F. Iacovich,GK,2026-05-07,0,0,0
Estudiantes de La Plata,J. Pereyra,DF,2026-05-07,0,0,0
Estudiantes de La Plata,R. Funes Mori,DF,2026-05-07,0,0,0
Estudiantes de La Plata,J. Sosa,MF,2026-05-07,0,0,0
Estudiantes de La Plata,L. Cornejo,MF,2026-05-07,0,0,0
Estudiantes de La Plata,F. Dominguez,FW,2026-05-07,0,0,0
Etoile Sportive Du Sahel,K. Youssef,GK,2026-05-04,0,0,0
Etoile Sportive Du Sahel,R. Ouni,DF,2026-05-04,0,0,0
Etoile Sportive Du Sahel,A. Horchani,DF,2026-05-04,0,0,0
Etoile Sportive Du Sahel,M. Bouslama,MF,2026-05-09,0,0,0
Etoile Sportive Du Sahel,M. A. Jebali,MF,2026-05-09,0,0,0
Etoile Sportive Du Sahel,Cristo,MF,2026-05-04,0,0,0
Etoile Sportive Du Sahel,M. Senghor,FW,2026-05-09,0,0,0
Etoile Sportive Du Sahel,N. Smichi,FW,2026-05-09,0,0,0
Etoile Sportive Du Sahel,H. Dagdoug,DF,2026-05-09,0,0,0
Etoile Sportive Du Sahel,M. R. Landoulsi,GK,2026-05-09,0,0,0
Etoile Sportive Du Sahel,N. Ferjani,DF,2026-05-09,0,0,0
Etoile Sportive Du Sahel,S. Khadhraoui,DF,2026-05-09,0,0,0
Etoile Sportive Du Sahel,A. Ouertani,MF,2026-05-09,0,0,0
Everton,T. Barry,FW,2026-05-04,0,0,0
Everton,N. Patterson,DF,2026-05-04,0,0,0
Everton,H. Armstrong,MF,2026-05-04,0,0,0
Everton,C. Alcaraz,MF,2026-05-04,0,0,0
Everton,M. Travers,GK,2026-05-04,0,0,0
Everton,S. Coleman,DF,2026-05-04,0,0,0
Everton,D. McNeil,FW,2026-05-04,0,0,0
Everton,T. Dibling,MF,2026-05-04,0,0,0
Everton,T. George,FW,2026-05-04,0,0,0
Eyüpspor,B. A. Gezek,MF,2026-05-03,0,0,0
Eyüpspor,L. Pintor,FW,2026-05-09,0,0,0
Eyüpspor,J. Onguene,DF,2026-05-09,0,0,0
Eyüpspor,T. Ülvan,DF,2026-05-09,0,0,0
Eyüpspor,M. Felipe,GK,2026-05-09,0,0,0
Eyüpspor,S. A. Yaşar,DF,2026-05-09,0,0,0
Eyüpspor,B. Satli,DF,2026-05-09,0,0,0
Eyüpspor,I. Manga,MF,2026-05-09,0,0,0
Eyüpspor,E. Akbaba,MF,2026-05-09,0,0,0
Eyüpspor,A. Sy,FW,2026-05-09,0,0,0
Eyüpspor,C. R. Yao,MF,2026-05-09,0,0,0
FC Andorra,A. Martín,MF,2026-05-10,0,0,0
FC Andorra,M. Kim,DF,2026-05-10,0,0,0
FC Andorra,Y. Cabanzón,FW,2026-05-10,0,0,0
FC Andorra,G. Alonso,DF,2026-05-10,0,0,0
FC Andorra,S. Molina,MF,2026-05-10,0,0,0
FC Andorra,M. Cardona,FW,2026-05-10,0,0,0
FC Andorra,Á. Yaakobishvili,GK,2026-05-10,0,0,0
FC Andorra,K. Ratti,GK,2026-05-10,0,0,0
FC Andorra,T. Carrique,DF,2026-05-10,0,0,0
FC Andorra,I. G. d. Albéniz,DF,2026-05-10,0,0,0
FC Andorra,Á. Calvo,FW,2026-05-10,0,0,0
FC Anyang,B. Herculano,FW,2026-05-05,0,0,0
FC Anyang,K. Kang,FW,2026-05-05,0,0,0
FC Anyang,G. Choe,MF,2026-05-10,0,0,0
FC Anyang,J. Park,FW,2026-05-05,0,0,0
FC Anyang,D. S. Kim,GK,2026-05-10,0,0,0
FC Anyang,J. H. Kang,DF,2026-05-10,0,0,0
FC Anyang,Y. C. Kim,DF,2026-05-10,0,0,0
FC Anyang,M. Seong-Woo,MF,2026-05-10,0,0,0
FC Anyang,H. Jae-seok,DF,2026-05-10,0,0,0
FC Anyang,K. Ji-Hoon,DF,2026-05-10,0,0,0
FC Anyang,K. Han,MF,2026-05-10,0,0,0
FC Anyang,O. Hyeong-Jun,FW,2026-05-10,0,0,0
FC Augsburg,R. Fellhauer,DF,2026-05-09,0,0,0
FC Augsburg,H. Massengo,MF,2026-05-09,0,0,0
FC Augsburg,Y. Keitel,MF,2026-05-09,0,0,0
FC Augsburg,A. Claude-Maurice,MF,2026-05-09,0,0,0
FC Augsburg,N. Labrović,GK,2026-05-09,0,0,0
FC Augsburg,K. Schlotterbeck,DF,2026-05-09,0,0,0
FC Augsburg,N. Banks,DF,2026-05-09,0,0,0
FC Augsburg,U. Ogundu,FW,2026-05-09,0,0,0
FC Badalona,P. Sánchez,MF,2026-05-09,0,0,0
FC Badalona,B. Pujadas,DF,2026-05-09,0,0,0
FC Badalona,L. Kullashi,FW,2026-05-09,0,0,0
FC Badalona,C. Abdón,GK,2026-05-09,0,0,0
FC Badalona,S. Jankovska,MF,2026-05-09,0,0,0
FC Badalona,S. J. Pedersen,MF,2026-05-09,0,0,0
FC Badalona,L. Carmona,DF,2026-05-09,0,0,0
FC Bayern München,A. Davies,DF,2026-05-06,0,0,0
FC Bayern München,K. Min-jae,DF,2026-05-06,0,0,0
FC Bayern München,N. Jackson,FW,2026-05-06,0,0,0
FC Bayern München,L. Karl,MF,2026-05-09,0,0,0
FC Bayern München,S. Ulreich,GK,2026-05-06,0,0,0
FC Bayern München,J. Urbig,GK,2026-05-06,0,0,0
FC Bayern München,R. Guerreiro,DF,2026-05-09,0,0,0
FC Bayern München,H. Itō,DF,2026-05-06,0,0,0
FC Bayern München,L. Goretzka,MF,2026-05-06,0,0,0
FC Bayern München,T. Bischof,MF,2026-05-06,0,0,0
FC Bayern München,L. Díaz,DF,2026-05-09,0,0,0
FC Bayern München,D. Upamecano,DF,2026-05-09,0,0,0
FC Bayern München,K. Laimer,MF,2026-05-09,0,0,0
FC Bayern München,J. Tah,DF,2026-05-09,0,0,0
FC Bayern München,M. Neuer,GK,2026-05-09,0,0,0
FC Bayern München,B. S. Ndiaye,FW,2026-05-09,0,0,0
FC Bayern München,A. Pavlović,MF,2026-05-09,0,0,0
FC Botoșani,M. Muñoz,GK,2026-05-10,0,0,0
FC Botoșani,R. Creț,DF,2026-05-10,0,0,0
FC Botoșani,A. Dumiter,FW,2026-05-10,0,0,0
FC Botoșani,A. Ferreira,FW,2026-05-10,0,0,0
FC Botoșani,M. Kovtalyuk,FW,2026-05-10,0,0,0
FC Botoșani,I. Anestis,GK,2026-05-10,0,0,0
FC Botoșani,N. C. Ilas,DF,2026-05-10,0,0,0
FC Botoșani,M. Bordeianu,MF,2026-05-10,0,0,0
FC Botoșani,G. David,MF,2026-05-10,0,0,0
FC Botoșani,A. Dumitru,FW,2026-05-10,0,0,0
FC Botoșani,E. López,FW,2026-05-10,0,0,0
FC CSKA 1948 Sofia,F. Soltani,DF,2026-05-08,0,0,0
FC CSKA 1948 Sofia,G. Rusev,MF,2026-05-08,0,0,0
FC CSKA 1948 Sofia,M. Boychev,MF,2026-05-08,0,0,0
FC CSKA 1948 Sofia,A. Iliev,FW,2026-05-08,0,0,0
FC CSKA 1948 Sofia,P. Marinov,GK,2026-05-08,0,0,0
FC CSKA 1948 Sofia,Juanmi,DF,2026-05-08,0,0,0
FC CSKA 1948 Sofia,E. Parkhomenko,DF,2026-05-08,0,0,0
FC CSKA 1948 Sofia,K. Strinski,MF,2026-05-08,0,0,0
FC CSKA 1948 Sofia,F. Maciel,MF,2026-05-08,0,0,0
FC Cincinnati,N. Hagglund,DF,2026-05-03,0,0,0
FC Cincinnati,M. Miazga,DF,2026-05-03,0,0,0
FC Cincinnati,T. Barlow,FW,2026-05-10,0,0,0
FC Cincinnati,A. Jabbari,FW,2026-05-03,0,0,0
FC Cincinnati,A. Lajhar,DF,2026-05-10,0,0,0
FC Cincinnati,E. Louro,GK,2026-05-10,0,0,0
FC Cincinnati,G. Flores,GK,2026-05-10,0,0,0
FC Cincinnati,E. Echenique,FW,2026-05-10,0,0,0
FC Cincinnati,S. Jimenez,MF,2026-05-10,0,0,0
FC Cincinnati,M. Robinson,DF,2026-05-10,0,0,0
FC Cincinnati,O. Nwobodo,MF,2026-05-10,0,0,0
FC Cincinnati,T. Anunga,MF,2026-05-10,0,0,0
FC Dallas,C. Cappis,MF,2026-05-10,0,0,0
FC Dallas,S. Sarver,FW,2026-05-10,0,0,0
FC Dallas,L. Farrington,FW,2026-05-10,0,0,0
FC Dallas,S. Ibeagha,DF,2026-05-10,0,0,0
FC Dallas,J. Sirois,GK,2026-05-10,0,0,0
FC Dallas,L. Abubakar,DF,2026-05-10,0,0,0
FC Dallas,P. Delgado,MF,2026-05-10,0,0,0
FC Dallas,C. Swann,MF,2026-05-10,0,0,0
FC Dallas,N. Simmonds,FW,2026-05-10,0,0,0
FC Dinamo București,C. Mihai,MF,2026-05-03,0,0,0
FC Dinamo București,M. Dutu,DF,2026-05-03,0,0,0
FC Dinamo București,A. Pop,MF,2026-05-03,0,0,0
FC Dinamo București,J. Ikoko,DF,2026-05-03,0,0,0
FC Dinamo București,A. Roșca,GK,2026-05-03,0,0,0
FC Dinamo București,V. Țicu,DF,2026-05-03,0,0,0
FC Dinamo București,M. Toader,DF,2026-05-03,0,0,0
FC Dinamo București,A. Caragea,MF,2026-05-03,0,0,0
FC Dinamo București,A. A. Bordușanu,MF,2026-05-03,0,0,0
FC Dinamo București,C. Cîrjan,MF,2026-05-03,0,0,0
FC Dinamo București,I. Târbă,FW,2026-05-03,0,0,0
FC Farul Constanța,I. Cojocaru,FW,2026-05-09,0,0,0
FC Farul Constanța,D. Maftei,DF,2026-05-09,0,0,0
FC Farul Constanța,G. Iancu,FW,2026-05-09,0,0,0
FC Farul Constanța,I. Doicaru,FW,2026-05-09,0,0,0
FC Farul Constanța,J. Vojtuš,FW,2026-05-09,0,0,0
FC Farul Constanța,A. Buzbuchi,GK,2026-05-09,0,0,0
FC Farul Constanța,S. Duțu,DF,2026-05-09,0,0,0
FC Farul Constanța,B. Țîru,DF,2026-05-09,0,0,0
FC Farul Constanța,I. Vînă,MF,2026-05-09,0,0,0
FC Farul Constanța,D. Ramalho,MF,2026-05-09,0,0,0
FC Hermannstadt,L. Stancu,MF,2026-05-04,0,0,0
FC Hermannstadt,A. Chițu,FW,2026-05-04,0,0,0
FC Hermannstadt,M. Simba,MF,2026-05-04,0,0,0
FC Hermannstadt,S. Buş,FW,2026-05-04,0,0,0
FC Hermannstadt,M. Gjorgjievski,FW,2026-05-04,0,0,0
FC Hermannstadt,I. Pop,GK,2026-05-04,0,0,0
FC Hermannstadt,V. Muțiu,GK,2026-05-04,0,0,0
FC Hermannstadt,S. Issah,DF,2026-05-04,0,0,0
FC Hermannstadt,S. Ritivoi,FW,2026-05-04,0,0,0
FC Lahti,O. Koskinen,MF,2026-05-10,0,0,0
FC Lahti,D. Heikkinen,FW,2026-05-10,0,0,0
FC Lahti,A. Kabashi,MF,2026-05-10,0,0,0
FC Lahti,V. Rätto,GK,2026-05-10,0,0,0
FC Lahti,J. Lehtonen,DF,2026-05-10,0,0,0
FC Lahti,T. Inkinen,DF,2026-05-10,0,0,0
FC Lahti,V. Vehkonen,DF,2026-05-10,0,0,0
FC Lahti,A. Belabid,FW,2026-05-10,0,0,0
FC Lahti,A. Lindholm,FW,2026-05-04,0,0,0
FC Lahti,L. Järvinen,FW,2026-05-10,0,0,0
FC Lausanne-Sport,O. Renovales,FW,2026-05-09,0,0,0
FC Lausanne-Sport,G. Diakite,MF,2026-05-09,0,0,0
FC Lausanne-Sport,M. Poaty,DF,2026-05-09,0,0,0
FC Lausanne-Sport,O. Custodio,MF,2026-05-09,0,0,0
FC Lausanne-Sport,T. Bair,FW,2026-05-09,0,0,0
FC Lausanne-Sport,T. Castella,GK,2026-05-09,0,0,0
FC Lausanne-Sport,A. K. Sow,DF,2026-05-09,0,0,0
FC Lausanne-Sport,P. S. N'Diaye,MF,2026-05-09,0,0,0
FC Lausanne-Sport,E. Kana-Biyik,FW,2026-05-09,0,0,0
FC Lugano,G. Koutsias,FW,2026-05-10,0,0,0
FC Lugano,E. Alioski,DF,2026-05-10,0,0,0
FC Lugano,D. Kelvin,DF,2026-05-10,0,0,0
FC Lugano,M. Bottani,FW,2026-05-10,0,0,0
FC Lugano,A. Kendouci,MF,2026-05-10,0,0,0
FC Lugano,A. Saipi,GK,2026-05-10,0,0,0
FC Lugano,Carbone,DF,2026-05-10,0,0,0
FC Lugano,E. Pihlstrom,FW,2026-05-10,0,0,0
FC Lugano,H. Mahou,MF,2026-05-10,0,0,0
FC Luzern,K. Spadanuda,MF,2026-05-09,0,0,0
FC Luzern,A. Cigaņiks,DF,2026-05-09,0,0,0
FC Luzern,L. Villiger,FW,2026-05-09,0,0,0
FC Luzern,S. Karweina,FW,2026-05-09,0,0,0
FC Luzern,J. Bock,GK,2026-05-09,0,0,0
FC Luzern,S. Knežević,DF,2026-05-09,0,0,0
FC Luzern,A. Grbić,FW,2026-05-09,0,0,0
FC Petrolul Ploiești,A. Aimbetov,FW,2026-05-10,0,0,0
FC Petrolul Ploiești,V. Gheorghe,FW,2026-05-10,0,0,0
FC Petrolul Ploiești,A. Boțogan,MF,2026-05-10,0,0,0
FC Petrolul Ploiești,S. Hanca,DF,2026-05-10,0,0,0
FC Petrolul Ploiești,Ricardinho,DF,2026-05-03,0,0,0
FC Petrolul Ploiești,S. Krell,GK,2026-05-10,0,0,0
FC Petrolul Ploiești,F. Prce,DF,2026-05-10,0,0,0
FC Petrolul Ploiești,C. Ignat,DF,2026-05-03,0,0,0
FC Petrolul Ploiești,K. Ludewig,DF,2026-05-10,0,0,0
FC Petrolul Ploiești,B. Marian,DF,2026-05-10,0,0,0
FC Petrolul Ploiești,A. Mateiu,MF,2026-05-03,0,0,0
FC Petrolul Ploiești,N. Boateng,MF,2026-05-10,0,0,0
FC Petrolul Ploiești,Rafinha,FW,2026-05-10,0,0,0
FC Petrolul Ploiești,D. Rodrigues,DF,2026-05-10,0,0,0
FC Petrolul Ploiești,P. David,MF,2026-05-10,0,0,0
FC Rapid București,O. Moruțan,FW,2026-05-04,0,0,0
FC Rapid București,R. Salceanu,DF,2026-05-04,0,0,0
FC Rapid București,D. Ciobotariu,DF,2026-05-04,0,0,0
FC Rapid București,D. Hazrollaj,FW,2026-05-04,0,0,0
FC Rapid București,B. Burmaz,FW,2026-05-04,0,0,0
FC Rapid București,A. Simonia,FW,2026-05-09,0,0,0
FC Rapid București,A. Briciu,GK,2026-05-09,0,0,0
FC Rapid București,D. Todoran,MF,2026-05-09,0,0,0
FC Rapid București,A. Sucu,MF,2026-05-04,0,0,0
FC Rapid București,A. Borza,DF,2026-05-09,0,0,0
FC Rapid București,C. Grameni,MF,2026-05-09,0,0,0
FC Rapid București,E. Koljić,FW,2026-05-09,0,0,0
FC Rapid București,M. Grosu,MF,2026-05-09,0,0,0
FC Rapid București,C. M. Andrei,MF,2026-05-09,0,0,0
FC Rapid București,C. Pirvu,MF,2026-05-09,0,0,0
FC Seoul,Anderson Oliveira,FW,2026-05-09,0,0,0
FC Seoul,M. Seon-min,FW,2026-05-09,0,0,0
FC Seoul,D. Hwang,MF,2026-05-09,0,0,0
FC Seoul,I. Joon-Seob,GK,2026-05-09,0,0,0
FC Seoul,L. Han-do,DF,2026-05-09,0,0,0
FC Seoul,A. Jae-Min,DF,2026-05-05,0,0,0
FC Seoul,P. J. Han-gyeol,MF,2026-05-05,0,0,0
FC Seoul,G. S. Samuel,FW,2026-05-05,0,0,0
FC Seoul,L. Seung-mo,MF,2026-05-09,0,0,0
FC Seoul,P. Klimala,FW,2026-05-09,0,0,0
FC Seoul,P. Ko,MF,2026-05-09,0,0,0
FC Sion,T. Berdayes,FW,2026-05-03,0,0,0
FC Sion,F. Surdez,FW,2026-05-03,0,0,0
FC Sion,L. Chipperfield,MF,2026-05-03,0,0,0
FC Sion,D. Rrudhani,MF,2026-05-03,0,0,0
FC Sion,W. Boteli Mokango,FW,2026-05-03,0,0,0
FC Sion,F. Ruberto,GK,2026-05-03,0,0,0
FC Sion,M. Cipriano,DF,2026-05-03,0,0,0
FC Sion,N. Sow,DF,2026-05-03,0,0,0
FC Sion,L. Diack,MF,2026-05-03,0,0,0
FC St. Gallen 1879,D. Besio,FW,2026-05-10,0,0,0
FC St. Gallen 1879,T. Ouattara,FW,2026-05-10,0,0,0
FC St. Gallen 1879,J. Ruiz,DF,2026-05-10,0,0,0
FC St. Gallen 1879,B. Fazliji,MF,2026-05-10,0,0,0
FC St. Gallen 1879,N. Scherrer,FW,2026-05-10,0,0,0
FC St. Gallen 1879,L. Watkowiak,GK,2026-05-03,0,0,0
FC St. Gallen 1879,C. Konietzke,MF,2026-05-10,0,0,0
FC St. Gallen 1879,J. Quintillà,MF,2026-05-03,0,0,0
FC St. Gallen 1879,M. Stevanović,MF,2026-05-10,0,0,0
FC St. Gallen 1879,Y. Bujard,GK,2026-05-10,0,0,0
FC St. Gallen 1879,T. Gaal,DF,2026-05-10,0,0,0
FC St. Pauli,A. Dźwigała,DF,2026-05-03,0,0,0
FC St. Pauli,C. Metcalfe,MF,2026-05-03,0,0,0
FC St. Pauli,A. Ceesay,FW,2026-05-09,0,0,0
FC St. Pauli,M. Kaars,FW,2026-05-03,0,0,0
FC St. Pauli,M. Rasmussen,MF,2026-05-09,0,0,0
FC St. Pauli,B. Voll,GK,2026-05-09,0,0,0
FC St. Pauli,D. Nemeth,DF,2026-05-03,0,0,0
FC St. Pauli,L. Oppie,DF,2026-05-03,0,0,0
FC St. Pauli,T. Hara,FW,2026-05-09,0,0,0
FC St. Pauli,H. Wahl,DF,2026-05-09,0,0,0
FC St. Pauli,F. Stevens,DF,2026-05-09,0,0,0
FC St. Pauli,D. Sinani,FW,2026-05-09,0,0,0
FC Tampa Bay Rowdies,M. Micaletto,MF,2026-05-10,0,0,0
FC Tampa Bay Rowdies,L. Hilton,MF,2026-05-10,0,0,0
FC Tampa Bay Rowdies,M. Myers,FW,2026-05-10,0,0,0
FC Tampa Bay Rowdies,K. Henderlong,FW,2026-05-10,0,0,0
FC Tampa Bay Rowdies,G. Vivi,FW,2026-05-10,0,0,0
FC Tampa Bay Rowdies,A. Pack,GK,2026-05-10,0,0,0
FC Tampa Bay Rowdies,L. Wyke,MF,2026-05-10,0,0,0
FC Tokyo,H. Tanaka,GK,2026-05-10,0,0,0
FC Tokyo,Y. Nagatomo,DF,2026-05-06,0,0,0
FC Tokyo,K. Tokiwa,MF,2026-05-06,0,0,0
FC Tokyo,M. Nagakura,FW,2026-05-10,0,0,0
FC Tokyo,L. Nozawa,FW,2026-05-10,0,0,0
FC Tokyo,F. Yamada,MF,2026-05-10,0,0,0
FC Tokyo,M. Morishige,DF,2026-05-06,0,0,0
FC Tokyo,K. Higashi,MF,2026-05-06,0,0,0
FC Tokyo,T. Nakagawa,FW,2026-05-10,0,0,0
FC Tokyo,K. Hashimoto,DF,2026-05-10,0,0,0
FC Tokyo,H. Inamura,DF,2026-05-10,0,0,0
FC Tokyo,R. Omori,DF,2026-05-10,0,0,0
FC Tokyo,T. Ko,MF,2026-05-10,0,0,0
FC Tulsa,K. ElMedkhar,MF,2026-05-04,0,0,0
FC Tulsa,G. Colli,MF,2026-05-04,0,0,0
FC Tulsa,N. Pierre,FW,2026-05-04,0,0,0
FC Tulsa,R. Somersall,MF,2026-05-04,0,0,0
FC Tulsa,D. Jacomen,GK,2026-05-04,0,0,0
FC Tulsa,A. Cissoko,DF,2026-05-04,0,0,0
FC Tulsa,Z. Siranga,MF,2026-05-04,0,0,0
FC Twente,A. Verschueren,MF,2026-05-03,0,0,0
FC Twente,M. Kjølø,MF,2026-05-03,0,0,0
FC Twente,M. Pjaca,FW,2026-05-03,0,0,0
FC Twente,R. van Wolfswinkel,FW,2026-05-03,0,0,0
FC Twente,R. Pröpper,DF,2026-05-03,0,0,0
FC Twente,P. Tytoń,GK,2026-05-03,0,0,0
FC Twente,S. Karssies,GK,2026-05-03,0,0,0
FC Twente,M. Bruns,DF,2026-05-03,0,0,0
FC Twente,G. Peixoto,DF,2026-05-03,0,0,0
FC Twente,T. Booth,FW,2026-05-03,0,0,0
FC Twente,D. Weidmann,MF,2026-05-03,0,0,0
FC Twente,L. V. o. Hesselink,FW,2026-05-03,0,0,0
FC Universitatea Cluj,O. Mendy,FW,2026-05-09,0,0,0
FC Universitatea Cluj,J. Lukić,FW,2026-05-09,0,0,0
FC Universitatea Cluj,M. Drammeh,MF,2026-05-09,0,0,0
FC Universitatea Cluj,G. Simion,MF,2026-05-09,0,0,0
FC Universitatea Cluj,A. Chipciu,MF,2026-05-09,0,0,0
FC Universitatea Cluj,T. Cosa,GK,2026-05-09,0,0,0
FC Universitatea Cluj,E. Gertmonas,GK,2026-05-09,0,0,0
FC Universitatea Cluj,A. Coubiș,DF,2026-05-09,0,0,0
FC Universitatea Cluj,A. Murgia,MF,2026-05-09,0,0,0
FC Universitatea Cluj,L. Pall,FW,2026-05-09,0,0,0
FC Universitatea Cluj,A. Trică,FW,2026-05-09,0,0,0
FC Universitatea Cluj,A. Gheorghiță,FW,2026-05-09,0,0,0
FC Volendam,G. Yah,MF,2026-05-03,0,0,0
FC Volendam,B. Kuwas,FW,2026-05-03,0,0,0
FC Volendam,R. Mühren,FW,2026-05-03,0,0,0
FC Volendam,R. Steur,GK,2026-05-03,0,0,0
FC Volendam,A. Oehlers,FW,2026-05-03,0,0,0
FC Volendam,A. Meijers,DF,2026-05-03,0,0,0
FC Volendam,D. Payne,DF,2026-05-03,0,0,0
FC Volendam,L. Blondeau,DF,2026-05-03,0,0,0
FC Volendam,R. van Cruijsen,MF,2026-05-03,0,0,0
FC Volendam,A. Plat,MF,2026-05-03,0,0,0
FC Volendam,J. Ideho,FW,2026-05-03,0,0,0
FC Volendam,B. Pauwels,FW,2026-05-03,0,0,0
FC Winterthur,A. Jankewitz,MF,2026-05-09,0,0,0
FC Winterthur,S. Sidler,DF,2026-05-09,0,0,0
FC Winterthur,E. Maluvunu,MF,2026-05-09,0,0,0
FC Winterthur,R. Arnold,DF,2026-05-09,0,0,0
FC Winterthur,A. Spagnoli,GK,2026-05-09,0,0,0
FC Winterthur,E. Essiam,MF,2026-05-09,0,0,0
FC Winterthur,L. Maksutaj,MF,2026-05-09,0,0,0
FC Winterthur,R. Buess,FW,2026-05-09,0,0,0
FC Zürich,M. Phaëton,FW,2026-05-09,0,0,0
FC Zürich,V. Berisha,MF,2026-05-09,0,0,0
FC Zürich,U. Emmanuel,FW,2026-05-09,0,0,0
FC Zürich,D. Vujević,DF,2026-05-09,0,0,0
FC Zürich,D. Ramic,FW,2026-05-09,0,0,0
FC Zürich,Y. Brecher,GK,2026-05-09,0,0,0
FC Zürich,D. Ihendu,DF,2026-05-09,0,0,0
FC Zürich,N. D. Giusto,MF,2026-05-09,0,0,0
FC Zürich,M. Reichmuth,MF,2026-05-09,0,0,0
FCV Dender,B. Nsimba,FW,2026-05-03,0,0,0
FCV Dender,R. Oratmangoen,FW,2026-05-03,0,0,0
FCV Dender,M. Sambu,DF,2026-05-03,0,0,0
FCV Dender,R. Kvet,MF,2026-05-03,0,0,0
FCV Dender,A. Daali,MF,2026-05-09,0,0,0
FCV Dender,L. Fortin,GK,2026-05-09,0,0,0
FCV Dender,E. Lembi,DF,2026-05-09,0,0,0
FCV Dender,N. Moutha-Sebtaoui,DF,2026-05-09,0,0,0
FCV Dender,D. Toševski,FW,2026-05-09,0,0,0
FCV Dender,D. Acquah,MF,2026-05-09,0,0,0
FCV Dender,M. Verrips,GK,2026-05-09,0,0,0
FCV Dender,O. Balde,MF,2026-05-09,0,0,0
FF Jaro,J. Myrevik,DF,2026-05-09,0,0,0
FF Jaro,K. Hardén,MF,2026-05-09,0,0,0
FF Jaro,A. Vidjeskog,MF,2026-05-09,0,0,0
FF Jaro,R. Vikstrom,FW,2026-05-09,0,0,0
FF Jaro,J. Vikström,FW,2026-05-09,0,0,0
FF Jaro,J. Snellman,GK,2026-05-09,0,0,0
FF Jaro,F. Kass,DF,2026-05-09,0,0,0
FF Jaro,T. Söderström,DF,2026-05-09,0,0,0
FF Jaro,L. Nyman,MF,2026-05-09,0,0,0
FK Csíkszereda Miercurea Ciuc,L. Kleinheisler,MF,2026-05-08,0,0,0
FK Csíkszereda Miercurea Ciuc,J. Dolný,FW,2026-05-08,0,0,0
FK Csíkszereda Miercurea Ciuc,W. Loeper,FW,2026-05-08,0,0,0
FK Csíkszereda Miercurea Ciuc,D. Brugger,MF,2026-05-08,0,0,0
FK Csíkszereda Miercurea Ciuc,M. Simon,GK,2026-05-08,0,0,0
FK Csíkszereda Miercurea Ciuc,L. Bencze,FW,2026-05-08,0,0,0
FK Csíkszereda Miercurea Ciuc,J. Hegedűs,DF,2026-05-08,0,0,0
FK Csíkszereda Miercurea Ciuc,B. Végh,MF,2026-05-08,0,0,0
FK Csíkszereda Miercurea Ciuc,M. Tajti,MF,2026-05-08,0,0,0
FK Csíkszereda Miercurea Ciuc,D. Bota,MF,2026-05-08,0,0,0
FK Csíkszereda Miercurea Ciuc,Nagy,FW,2026-05-08,0,0,0
FK Dobrudzha Dobrich,A. Ramadan,MF,2026-05-06,0,0,0
FK Dobrudzha Dobrich,V. Te,FW,2026-05-06,0,0,0
FK Dobrudzha Dobrich,D. Madaleno,MF,2026-05-06,0,0,0
FK Dobrudzha Dobrich,A. Ivanov,FW,2026-05-06,0,0,0
FK Dobrudzha Dobrich,G. Trifonov,FW,2026-05-06,0,0,0
FK Dobrudzha Dobrich,P. Pepelyashev,GK,2026-05-06,0,0,0
FK Dobrudzha Dobrich,D. Hasan,DF,2026-05-06,0,0,0
FK Dobrudzha Dobrich,D. Pirgov,DF,2026-05-06,0,0,0
FK Dobrudzha Dobrich,K. Stanev,MF,2026-05-06,0,0,0
FK Septemvri Sofia,R. Schouten,DF,2026-05-06,0,0,0
FK Septemvri Sofia,V. Hamdiu,MF,2026-05-06,0,0,0
FK Septemvri Sofia,S. Wade,DF,2026-05-06,0,0,0
FK Septemvri Sofia,F. Herard,FW,2026-05-06,0,0,0
FK Septemvri Sofia,N. Krastev,GK,2026-05-06,0,0,0
FK Septemvri Sofia,G. Varbanov,DF,2026-05-06,0,0,0
FK Septemvri Sofia,P. Georgiev,MF,2026-05-06,0,0,0
FK Septemvri Sofia,S. Stoichkov,MF,2026-05-06,0,0,0
FK Spartak Varna,M. Georgiev,DF,2026-05-10,0,0,0
FK Spartak Varna,E. John,MF,2026-05-10,0,0,0
FK Spartak Varna,Tailson,MF,2026-05-10,0,0,0
FK Spartak Varna,S. Moukachar,MF,2026-05-10,0,0,0
FK Spartak Varna,M. Jurić-Petrašilo,DF,2026-05-10,0,0,0
FK Spartak Varna,M. Kovalyov,GK,2026-05-10,0,0,0
FK Spartak Varna,K. Kurbanov,DF,2026-05-10,0,0,0
FK Spartak Varna,D. Ivanov,MF,2026-05-10,0,0,0
FK Spartak Varna,P. Prindzhev,FW,2026-05-10,0,0,0
Fagiano Okayama,Lucão,GK,2026-05-10,0,0,0
Fagiano Okayama,H. Motoyama,DF,2026-05-06,0,0,0
Fagiano Okayama,T. Yamane,MF,2026-05-06,0,0,0
Fagiano Okayama,L. Gaúcho,FW,2026-05-10,0,0,0
Fagiano Okayama,J. Nishikawa,MF,2026-05-10,0,0,0
Fagiano Okayama,T. Hamada,GK,2026-05-06,0,0,0
Fagiano Okayama,K. Abe,DF,2026-05-10,0,0,0
Fagiano Okayama,R. Takeuchi,MF,2026-05-10,0,0,0
Fagiano Okayama,T. Kimura,MF,2026-05-06,0,0,0
Fagiano Okayama,R. Sueyoshi,MF,2026-05-10,0,0,0
Fagiano Okayama,L. Moser,GK,2026-05-10,0,0,0
Fagiano Okayama,N. Browne,MF,2026-05-10,0,0,0
Fagiano Okayama,M. Matsumoto,MF,2026-05-10,0,0,0
Falkirk FC,L. Henderson,DF,2026-05-09,0,0,0
Falkirk FC,B. Parkinson,FW,2026-05-09,0,0,0
Falkirk FC,B. Broggio,MF,2026-05-09,0,0,0
Falkirk FC,E. Ross,FW,2026-05-09,0,0,0
Falkirk FC,H. Cartwright,MF,2026-05-09,0,0,0
Falkirk FC,J. Sneddon,GK,2026-05-09,0,0,0
Falkirk FC,C. Donaldson,DF,2026-05-09,0,0,0
Falkirk FC,R. Maclver,FW,2026-05-09,0,0,0
Falkirk FC,B. Graham,FW,2026-05-09,0,0,0
Fath Union Sport,L. Diakité,FW,2026-05-03,0,0,0
Fath Union Sport,C. Faidi,MF,2026-05-06,0,0,0
Fath Union Sport,A. E. Harrak,MF,2026-05-03,0,0,0
Fath Union Sport,H. Moujahid,MF,2026-05-06,0,0,0
Fath Union Sport,Y. Amhih,MF,2026-05-03,0,0,0
Fath Union Sport,R. Ghanimi,GK,2026-05-06,0,0,0
Fath Union Sport,O. Soukhane,DF,2026-05-06,0,0,0
Fath Union Sport,I. Moutaraji,MF,2026-05-06,0,0,0
Fath Union Sport,O. Raoui,MF,2026-05-06,0,0,0
Fath Union Sport,S. Benyachou,MF,2026-05-06,0,0,0
Fath Union Sport,D. Bassinga,MF,2026-05-06,0,0,0
Fath Union Sport,W. E. Hani,MF,2026-05-06,0,0,0
Fatih Karagümrük,Serginho,MF,2026-05-03,0,0,0
Fatih Karagümrük,S. Larsson,MF,2026-05-09,0,0,0
Fatih Karagümrük,B. Elmaz,MF,2026-05-03,0,0,0
Fatih Karagümrük,A. Y. Çınar,DF,2026-05-09,0,0,0
Fatih Karagümrük,Ç. Kurukalıp,DF,2026-05-03,0,0,0
Fatih Karagümrük,F. Bekleviç,GK,2026-05-03,0,0,0
Fatih Karagümrük,F. Kurucuk,DF,2026-05-09,0,0,0
Fatih Karagümrük,B. Ersoy,MF,2026-05-09,0,0,0
Fatih Karagümrük,M. Kadioglu,DF,2026-05-09,0,0,0
Fatih Karagümrük,Y. Onogo,MF,2026-05-03,0,0,0
Fatih Karagümrük,D. Verde,FW,2026-05-09,0,0,0
Fatih Karagümrük,B. Kalaycı,FW,2026-05-09,0,0,0
Fatih Karagümrük,B. C. Evli,GK,2026-05-09,0,0,0
Fatih Karagümrük,A. Traore,FW,2026-05-09,0,0,0
Fatih Karagümrük,T. B. Kalpaklı,FW,2026-05-09,0,0,0
Fenerbahçe,A. Brown,DF,2026-05-09,0,0,0
Fenerbahçe,Y. E. Demir,DF,2026-05-09,0,0,0
Fenerbahçe,M. Müldür,DF,2026-05-09,0,0,0
Fenerbahçe,İ. Yüksek,MF,2026-05-09,0,0,0
Fenerbahçe,O. Aydın,FW,2026-05-09,0,0,0
Fenerbahçe,M. Asensio,MF,2026-05-09,0,0,0
Fenerbahçe,T. Çetin,GK,2026-05-09,0,0,0
Fenerbahçe,K. E. Üregen,DF,2026-05-09,0,0,0
Fenerbahçe,M. Škriniar,DF,2026-05-09,0,0,0
Fenerbahçe,S. Cherif,FW,2026-05-09,0,0,0
Feyenoord,J. St Juste,DF,2026-05-03,0,0,0
Feyenoord,G. Read,DF,2026-05-03,0,0,0
Feyenoord,G. Diarra,FW,2026-05-03,0,0,0
Feyenoord,C. Tengstedt,FW,2026-05-03,0,0,0
Feyenoord,J. Lotomba,DF,2026-05-03,0,0,0
Feyenoord,S. Benda,GK,2026-05-03,0,0,0
Feyenoord,L. Bossin,GK,2026-05-03,0,0,0
Feyenoord,I. Grootfaam ,MF,2026-05-03,0,0,0
Feyenoord,A. Sliti,FW,2026-05-03,0,0,0
Feyenoord,R. Sterling,FW,2026-05-03,0,0,0
Fiorentina,F. Parisi,DF,2026-05-04,0,0,0
Fiorentina,P. Comuzzo,DF,2026-05-04,0,0,0
Fiorentina,R. Braschi,FW,2026-05-04,0,0,0
Fiorentina,G. Fabbian,MF,2026-05-04,0,0,0
Fiorentina,J. Fazzini,MF,2026-05-04,0,0,0
Fiorentina,O. Christensen,GK,2026-05-04,0,0,0
Fiorentina,L. Lezzerini,GK,2026-05-04,0,0,0
Fiorentina,E. Kouadio,DF,2026-05-04,0,0,0
Fiorentina,D. Rugani,DF,2026-05-04,0,0,0
Fiorentina,A. Pirrò,MF,2026-05-04,0,0,0
Fiorentina,R. Mandragora,MF,2026-05-04,0,0,0
Flamengo,N. De la Cruz,MF,2026-05-03,0,0,0
Flamengo,B. Pinto,FW,2026-05-03,0,0,0
Flamengo,S. Ñíguez,MF,2026-05-03,0,0,0
Flamengo,Wallace,FW,2026-05-03,0,0,0
Flamengo,Andrew,GK,2026-05-03,0,0,0
Flamengo,A. Lucas,DF,2026-05-03,0,0,0
Flamengo,Vitão,DF,2026-05-03,0,0,0
Flamengo,E. Royal,DF,2026-05-03,0,0,0
Flamengo,Danilo,DF,2026-05-03,0,0,0
Flamengo,L. Felipe,MF,2026-05-03,0,0,0
Flamengo,Everton,FW,2026-05-03,0,0,0
Fluminense,Otávio,DF,2026-05-10,0,0,0
Fluminense,J. Savarino,FW,2026-05-04,0,0,0
Fluminense,K. Serna,FW,2026-05-10,0,0,0
Fluminense,Nonato,MF,2026-05-04,0,0,0
Fluminense,Hércules,MF,2026-05-10,0,0,0
Fluminense,R. Castillo,FW,2026-05-10,0,0,0
Fluminense,Vitor Eudes,GK,2026-05-10,0,0,0
Fluminense,Guga,DF,2026-05-10,0,0,0
Fluminense,Renê,DF,2026-05-07,0,0,0
Fluminense,Ignácio,DF,2026-05-04,0,0,0
Fluminense,Ganso,MF,2026-05-07,0,0,0
Fluminense,R. Felipe,FW,2026-05-10,0,0,0
Fluminense,Alisson,MF,2026-05-07,0,0,0
Fluminense,Y. Soteldo,FW,2026-05-07,0,0,0
Fluminense,John Kennedy,FW,2026-05-07,0,0,0
Fluminense,Jemmes,DF,2026-05-07,0,0,0
Fluminense,I. Rabello,DF,2026-05-10,0,0,0
Fluminense,J. Millán,DF,2026-05-07,0,0,0
Fluminense,S. Xavier,DF,2026-05-07,0,0,0
Fluminense,J. Freytes,DF,2026-05-10,0,0,0
Fluminense,G. Arana,DF,2026-05-10,0,0,0
Fluminense,A. Canobbio,FW,2026-05-10,0,0,0
Fluminense,F. Bernal,MF,2026-05-10,0,0,0
Fortuna Sittard,K. Peterson,FW,2026-05-03,0,0,0
Fortuna Sittard,P. Gladon,FW,2026-05-03,0,0,0
Fortuna Sittard,Y. Oukili,MF,2026-05-03,0,0,0
Fortuna Sittard,N. Martens,GK,2026-05-03,0,0,0
Fortuna Sittard,L. Koopmans,GK,2026-05-03,0,0,0
Fortuna Sittard,T. Schenkhuizen,MF,2026-05-03,0,0,0
Fortuna Sittard,A. Halilović,MF,2026-05-03,0,0,0
Fortuna Sittard,M. Gbemou,MF,2026-05-03,0,0,0
Fortuna Sittard,A. Bah,DF,2026-05-03,0,0,0
Fredrikstad FK,H. Skogvold,FW,2026-05-09,0,0,0
Fredrikstad FK,F. G. Yrga-Alem,DF,2026-05-09,0,0,0
Fredrikstad FK,S. Laghzaoui,MF,2026-05-09,0,0,0
Fredrikstad FK,O. Ovretveit,GK,2026-05-09,0,0,0
Fredrikstad FK,A. Andresen,DF,2026-05-09,0,0,0
Fredrikstad FK,J. Nysveen,DF,2026-05-09,0,0,0
Fredrikstad FK,M. Nilsson,MF,2026-05-09,0,0,0
Fredrikstad FK,B. Faraas,MF,2026-05-09,0,0,0
Fredrikstad FK,E. Granaas,MF,2026-05-09,0,0,0
Fulham,Kevin,DF,2026-05-09,0,0,0
Fulham,I. Diop,DF,2026-05-09,0,0,0
Fulham,O. Bobb,MF,2026-05-09,0,0,0
Fulham,J. King,MF,2026-05-09,0,0,0
Fulham,J. Kusi-Asare,FW,2026-05-09,0,0,0
Fulham,B. Lecomte,GK,2026-05-09,0,0,0
Fulham,K. Tete,DF,2026-05-09,0,0,0
Fulham,H. Reed,MF,2026-05-09,0,0,0
Fulham,S. Berge,MF,2026-05-09,0,0,0
Fútbol Club Barcelona,A. Bonmatí,MF,2026-05-06,0,0,0
Fútbol Club Barcelona,S. Paralluelo,FW,2026-05-06,0,0,0
Fútbol Club Barcelona,E. Brugts,MF,2026-05-06,0,0,0
Fútbol Club Barcelona,E. Pajor,FW,2026-05-06,0,0,0
Fútbol Club Barcelona,A. Putellas,MF,2026-05-06,0,0,0
Fútbol Club Barcelona,G. Font,GK,2026-05-06,0,0,0
Fútbol Club Barcelona,M. Font,GK,2026-05-06,0,0,0
Fútbol Club Barcelona,O. Batlle,DF,2026-05-06,0,0,0
Fútbol Club Barcelona,M. León,DF,2026-05-06,0,0,0
Fútbol Club Barcelona,I. Paredes,DF,2026-05-06,0,0,0
Fútbol Club Barcelona,P. Guijarro,MF,2026-05-06,0,0,0
GAIS,M. Bawa,MF,2026-05-09,0,0,0
GAIS,R. Frej,DF,2026-05-03,0,0,0
GAIS,O. Pettersson,FW,2026-05-09,0,0,0
GAIS,S. Ekong,FW,2026-05-09,0,0,0
GAIS,F. Beckman,DF,2026-05-03,0,0,0
GAIS,K. Sims,GK,2026-05-09,0,0,0
GAIS,J. Lindberg,MF,2026-05-03,0,0,0
GAIS,B. A. Dankwa,FW,2026-05-09,0,0,0
GAIS,L. Hedlund,FW,2026-05-09,0,0,0
GAIS,O. Ågren,DF,2026-05-09,0,0,0
GAIS,M. d. Brienne,DF,2026-05-09,0,0,0
GAIS,D. Bengtsson,FW,2026-05-09,0,0,0
GFS Panetolikos,A. Mățan,MF,2026-05-09,0,0,0
GFS Panetolikos,A. Bouchalakis,MF,2026-05-09,0,0,0
GFS Panetolikos,K. Aleksić,FW,2026-05-09,0,0,0
GFS Panetolikos,Y. Badji,FW,2026-05-09,0,0,0
GFS Panetolikos,C. Manrique,DF,2026-05-09,0,0,0
GFS Panetolikos,Ž. Živković,GK,2026-05-09,0,0,0
GFS Panetolikos,M. Pardalos,GK,2026-05-09,0,0,0
GFS Panetolikos,G. Agapakis,MF,2026-05-09,0,0,0
GFS Panetolikos,K. Michalak,MF,2026-05-09,0,0,0
GFS Panetolikos,A. Bregou,MF,2026-05-09,0,0,0
GFS Panetolikos,F. Rosa,FW,2026-05-09,0,0,0
GFS Panetolikos,J. Aguirre,FW,2026-05-09,0,0,0
GKS Katowice,M. Wdowiak,MF,2026-05-10,0,0,0
GKS Katowice,D. Rasak,MF,2026-05-10,0,0,0
GKS Katowice,M. Wedrychowski,MF,2026-05-10,0,0,0
GKS Katowice,J. Kokosinski,FW,2026-05-10,0,0,0
GKS Katowice,A. Błąd,MF,2026-05-10,0,0,0
GKS Katowice,W. Pankowski,GK,2026-05-03,0,0,0
GKS Katowice,K. Gruszkowski,DF,2026-05-10,0,0,0
GKS Katowice,M. Kuusk,DF,2026-05-10,0,0,0
GKS Katowice,M. Olsen,DF,2026-05-03,0,0,0
GKS Katowice,K. Lukasiak,MF,2026-05-10,0,0,0
GKS Katowice,G. Rogala,DF,2026-05-10,0,0,0
GKS Katowice,D. Kudła,GK,2026-05-10,0,0,0
Galatasaray,M. Lemina,MF,2026-05-09,0,0,0
Galatasaray,N. Lang,FW,2026-05-09,0,0,0
Galatasaray,E. Elmalı,DF,2026-05-09,0,0,0
Galatasaray,M. Icardi,FW,2026-05-09,0,0,0
Galatasaray,K. Ayhan,DF,2026-05-09,0,0,0
Galatasaray,B. A. Şen,GK,2026-05-09,0,0,0
Galatasaray,W. Singo,DF,2026-05-09,0,0,0
Galatasaray,S. Boey,DF,2026-05-09,0,0,0
Galatasaray,R. Nhaga,MF,2026-05-09,0,0,0
Galatasaray,A. Kutucu,FW,2026-05-09,0,0,0
Gamba Osaka,T. Yamamoto,MF,2026-05-06,0,0,0
Gamba Osaka,S. Nakano,DF,2026-05-06,0,0,0
Gamba Osaka,R. Meshino,FW,2026-05-06,0,0,0
Gamba Osaka,D. Hümmet,FW,2026-05-06,0,0,0
Gamba Osaka,J. Nakamura,MF,2026-05-10,0,0,0
Gamba Osaka,M. Higashiguchi,GK,2026-05-10,0,0,0
Gamba Osaka,T. Kishimoto,DF,2026-05-06,0,0,0
Gamba Osaka,T. Suzuki,MF,2026-05-06,0,0,0
Gamba Osaka,I. Jebali,FW,2026-05-06,0,0,0
Gamba Osaka,H. Minamino,FW,2026-05-10,0,0,0
Gamba Osaka,T. Usami,FW,2026-05-10,0,0,0
Gamba Osaka,R. Hatsuse,DF,2026-05-10,0,0,0
Gamba Osaka,Welton,FW,2026-05-10,0,0,0
Gamba Osaka,S. Kurata,MF,2026-05-10,0,0,0
Gamba Osaka,G. Ikegaya,DF,2026-05-10,0,0,0
Gamba Osaka,G. Nawata,MF,2026-05-10,0,0,0
Gangwon FC,K. Gun-Hee,FW,2026-05-05,0,0,0
Gangwon FC,K. Dong-hyeon,MF,2026-05-05,0,0,0
Gangwon FC,A. Halaihal,FW,2026-05-09,0,0,0
Gangwon FC,H. Y. Park,DF,2026-05-09,0,0,0
Gangwon FC,P. Sang-Hyeok,FW,2026-05-09,0,0,0
Gangwon FC,C. Min-kyu,GK,2026-05-05,0,0,0
Gangwon FC,S. Min-Ha,DF,2026-05-05,0,0,0
Gangwon FC,K. Yun-Gu,MF,2026-05-09,0,0,0
Gangwon FC,M. Seo,MF,2026-05-09,0,0,0
Gangwon FC,L. Yong-Jae,MF,2026-05-09,0,0,0
Gangwon FC,B. Choi,FW,2026-05-09,0,0,0
Gangwon FC,K. Do-Hyun,FW,2026-05-09,0,0,0
Gaziantep FK,L. Pérez,DF,2026-05-09,0,0,0
Gaziantep FK,K. Gassama,MF,2026-05-09,0,0,0
Gaziantep FK,C. Lungoyi,FW,2026-05-09,0,0,0
Gaziantep FK,A. O. Kalın,FW,2026-05-09,0,0,0
Gaziantep FK,Z. Görgen,GK,2026-05-09,0,0,0
Gaziantep FK,A. M. Ablak,FW,2026-05-09,0,0,0
Gençlerbirliği,C. Çanak,FW,2026-05-09,0,0,0
Gençlerbirliği,G. Gürpüz,MF,2026-05-09,0,0,0
Gençlerbirliği,M. Niang,FW,2026-05-03,0,0,0
Gençlerbirliği,P. Pereira,DF,2026-05-03,0,0,0
Gençlerbirliği,O. Ülgün,MF,2026-05-03,0,0,0
Gençlerbirliği,E. Erentürk,GK,2026-05-09,0,0,0
Gençlerbirliği,M. Hanousek,DF,2026-05-09,0,0,0
Gençlerbirliği,A. Ç. Çelik,MF,2026-05-03,0,0,0
Gençlerbirliği,T. Dele-Bashiru,MF,2026-05-03,0,0,0
Gençlerbirliği,E. Kemaloğlu,MF,2026-05-09,0,0,0
Gençlerbirliği,F. Üzüm,DF,2026-05-09,0,0,0
Gençlerbirliği,O. Diabate,DF,2026-05-09,0,0,0
Gençlerbirliği,Y. H. Aydar,DF,2026-05-09,0,0,0
Gençlerbirliği,S. Onur,MF,2026-05-09,0,0,0
Gençlerbirliği,A. Özcan,FW,2026-05-09,0,0,0
Getafe,D. Rico,DF,2026-05-03,0,0,0
Getafe,A. Kamara,FW,2026-05-03,0,0,0
Getafe,Á. Sancris,FW,2026-05-03,0,0,0
Getafe,J. Muñoz,MF,2026-05-03,0,0,0
Getafe,B. Mayoral,FW,2026-05-03,0,0,0
Getafe,J. Letáček,GK,2026-05-03,0,0,0
Getafe,S. Boselli,DF,2026-05-03,0,0,0
Getafe,A. Nyom,DF,2026-05-03,0,0,0
Getafe,A. Riquelme,MF,2026-05-03,0,0,0
Getafe,D. Cáceres,MF,2026-05-03,0,0,0
Getafe,V. Birmančević,MF,2026-05-03,0,0,0
Gil Vicente,A. Moreira,FW,2026-05-03,0,0,0
Gil Vicente,G. Varela,FW,2026-05-03,0,0,0
Gil Vicente,S. Bermejo,FW,2026-05-03,0,0,0
Gil Vicente,C. Eduardo,FW,2026-05-03,0,0,0
Gil Vicente,A. Espigares,DF,2026-05-03,0,0,0
Gil Vicente,H. Santos,DF,2026-05-03,0,0,0
Gil Vicente,F. Cáseres,MF,2026-05-03,0,0,0
Gimcheon Sangmu FC,L. Sangheon,FW,2026-05-05,0,0,0
Gimcheon Sangmu FC,T. Park,MF,2026-05-05,0,0,0
Gimcheon Sangmu FC,I. Kim,FW,2026-05-09,0,0,0
Gimcheon Sangmu FC,B. Jun-Soo,DF,2026-05-05,0,0,0
Gimcheon Sangmu FC,Tae-hwan Kim,DF,2026-05-05,0,0,0
Gimcheon Sangmu FC,J. B. Baek,GK,2026-05-05,0,0,0
Gimcheon Sangmu FC,P. Jin-Seong,DF,2026-05-09,0,0,0
Gimcheon Sangmu FC,S. B. Lee,MF,2026-05-05,0,0,0
Gimcheon Sangmu FC,Y. Jae-Seok,DF,2026-05-05,0,0,0
Gimcheon Sangmu FC,S. Park,DF,2026-05-09,0,0,0
Gimcheon Sangmu FC,C. Lee,DF,2026-05-09,0,0,0
Gimcheon Sangmu FC,D. Lim,DF,2026-05-09,0,0,0
Gimcheon Sangmu FC,S. H. Hong,DF,2026-05-09,0,0,0
Gimcheon Sangmu FC,J. Jae-Min,FW,2026-05-09,0,0,0
Gimcheon Sangmu FC,M. Hyun-Ho,GK,2026-05-09,0,0,0
Gimcheon Sangmu FC,L. Kang-Hyeon,MF,2026-05-09,0,0,0
Go Ahead Eagles,F. Stokkers,FW,2026-05-03,0,0,0
Go Ahead Eagles,R. Margaret,FW,2026-05-03,0,0,0
Go Ahead Eagles,O. S. Sivertsen,FW,2026-05-03,0,0,0
Go Ahead Eagles,D. James,DF,2026-05-03,0,0,0
Go Ahead Eagles,E. Linthorst,MF,2026-05-03,0,0,0
Go Ahead Eagles,L. Plogmann,GK,2026-05-03,0,0,0
Go Ahead Eagles,N. Verdoni,GK,2026-05-03,0,0,0
Go Ahead Eagles,E. Waayers,DF,2026-05-03,0,0,0
Go Ahead Eagles,G. v. Zwam,DF,2026-05-03,0,0,0
Go Ahead Eagles,J. Slory,FW,2026-05-03,0,0,0
Go Ahead Eagles,K. Goudmijn,MF,2026-05-03,0,0,0
Go Ahead Eagles,T. Baeten,FW,2026-05-03,0,0,0
Goiás,Juninho,FW,2026-05-09,0,0,0
Goiás,Lourenço,MF,2026-05-09,0,0,0
Goiás,A. Ramon,FW,2026-05-09,0,0,0
Goiás,B. Sávio,FW,2026-05-09,0,0,0
Goiás,Luiz Felipe,DF,2026-05-09,0,0,0
Goiás,Diego Caito,DF,2026-05-09,0,0,0
Goiás,T. Rodrigues,GK,2026-05-09,0,0,0
Goiás,L. Fellipe,DF,2026-05-09,0,0,0
Goiás,D. C. d. Silva,DF,2026-05-09,0,0,0
Goiás,Brayann,MF,2026-05-09,0,0,0
Goiás,E. García,FW,2026-05-09,0,0,0
Goiás,Filipe Machado,MF,2026-05-09,0,0,0
Gold Coast Knights,D. Russell,MF,2026-05-10,0,0,0
Gold Coast Knights,A. D. Mcgregor,MF,2026-05-10,0,0,0
Gold Coast Knights,A. Kemble,MF,2026-05-10,0,0,0
Gold Coast Knights,Y. Morita,FW,2026-05-10,0,0,0
Gold Coast Knights,H. Groves,GK,2026-05-10,0,0,0
Gold Coast Knights,O. Reid,MF,2026-05-10,0,0,0
Gold Coast United,J. Kim,DF,2026-05-10,0,0,0
Gold Coast United,D. Minster,DF,2026-05-10,0,0,0
Gold Coast United,N. Meliendrez,MF,2026-05-10,0,0,0
Gold Coast United,H. Hill,MF,2026-05-10,0,0,0
Gold Coast United,A. Cleland,MF,2026-05-10,0,0,0
Gold Coast United,S. Nicholls,MF,2026-05-10,0,0,0
Granada Club de Fútbol,M: C. Leles,MF,2026-05-09,0,0,0
Granada Club de Fútbol,C. R. García,DF,2026-05-09,0,0,0
Granada Club de Fútbol,Y. S. Villanueva,DF,2026-05-09,0,0,0
Granada Club de Fútbol,M. Barquero,FW,2026-05-09,0,0,0
Granada Club de Fútbol,C. Hirao,GK,2026-05-09,0,0,0
Granada Club de Fútbol,M. Zafra,FW,2026-05-09,0,0,0
Granada Club de Fútbol,S. Ameyaa,FW,2026-05-09,0,0,0
Grasshopper Club Zürich,M. Ullmann,DF,2026-05-09,0,0,0
Grasshopper Club Zürich,S. Marques,MF,2026-05-09,0,0,0
Grasshopper Club Zürich,H. Imourane,MF,2026-05-03,0,0,0
Grasshopper Club Zürich,D. Papic,MF,2026-05-03,0,0,0
Grasshopper Club Zürich,L. Mikulić,DF,2026-05-09,0,0,0
Grasshopper Club Zürich,N. Glaus,GK,2026-05-09,0,0,0
Grasshopper Club Zürich,S. Krasniqi,MF,2026-05-03,0,0,0
Grasshopper Club Zürich,F. Tsimba,FW,2026-05-03,0,0,0
Grasshopper Club Zürich,M. Frey,FW,2026-05-09,0,0,0
Grasshopper Club Zürich,Y. Lee,FW,2026-05-09,0,0,0
Grasshopper Club Zürich,I. Beka,DF,2026-05-09,0,0,0
Grasshopper Club Zürich,S. Diarrassouba,MF,2026-05-09,0,0,0
Grasshopper Club Zürich,M. Mantini,MF,2026-05-09,0,0,0
Grêmio,F. Balbuena,DF,2026-05-06,0,0,0
Grêmio,E. Noriega,MF,2026-05-06,0,0,0
Grêmio,Tiaguinho,MF,2026-05-06,0,0,0
Grêmio,M. Braithwaite,FW,2026-05-06,0,0,0
Grêmio,C. Paulista,DF,2026-05-06,0,0,0
Grêmio,G. Grando,GK,2026-05-06,0,0,0
Grêmio,W. Kannemann,DF,2026-05-06,0,0,0
Grêmio,M. Rocha,DF,2026-05-06,0,0,0
Grêmio,J. Enamorado,FW,2026-05-06,0,0,0
Grêmio,Riquelme,MF,2026-05-06,0,0,0
Grêmio,Tetê,FW,2026-05-06,0,0,0
Grêmio,A. Henrique,FW,2026-05-06,0,0,0
Grêmio Novorizontino,Alemão,DF,2026-05-04,0,0,0
Grêmio Novorizontino,Carlão,FW,2026-05-04,0,0,0
Grêmio Novorizontino,Hélio Borges,FW,2026-05-04,0,0,0
Grêmio Novorizontino,N. Castrillón,DF,2026-05-04,0,0,0
Grêmio Novorizontino,Jordi,GK,2026-05-04,0,0,0
Grêmio Novorizontino,A. Alvariño,MF,2026-05-04,0,0,0
Grêmio Novorizontino,D. Galo,MF,2026-05-04,0,0,0
Grêmio Novorizontino,R. Barcellos,FW,2026-05-04,0,0,0
Gwangju FC,S. Y. Gwon,MF,2026-05-05,0,0,0
Gwangju FC,S. J. Ju,MF,2026-05-05,0,0,0
Gwangju FC,Seung-un Ha,FW,2026-05-05,0,0,0
Gwangju FC,P. Sung-Hyun,MF,2026-05-09,0,0,0
Gwangju FC,K. Hui-Su,MF,2026-05-09,0,0,0
Gwangju FC,Y. Ahn,DF,2026-05-05,0,0,0
Gwangju FC,J. Gyu-Min,MF,2026-05-09,0,0,0
Gwangju FC,K. Yun-Ho,FW,2026-05-05,0,0,0
Gwangju FC,H. A. Friðjónsson,FW,2026-05-09,0,0,0
Gwangju FC,S. Min,DF,2026-05-09,0,0,0
Gwangju FC,J. I. Park,FW,2026-05-09,0,0,0
Gwangju FC,M. Lee,DF,2026-05-09,0,0,0
Gwangju FC,G. Bae-Hyeon,DF,2026-05-09,0,0,0
Gwangju FC,K. M. Kim,GK,2026-05-09,0,0,0
Górnik Zabrze,Josema,DF,2026-05-09,0,0,0
Górnik Zabrze,M. Sauer,MF,2026-05-09,0,0,0
Górnik Zabrze,P. Olkowski,DF,2026-05-09,0,0,0
Górnik Zabrze,M. Rakoczy,MF,2026-05-09,0,0,0
Górnik Zabrze,O. Zmrzlý,DF,2026-05-09,0,0,0
Górnik Zabrze,K. Lukoszek,MF,2026-05-09,0,0,0
Górnik Zabrze,L. Podolski,FW,2026-05-09,0,0,0
Górnik Zabrze,T. Loska,GK,2026-05-09,0,0,0
Górnik Zabrze,K. Szcześniak,DF,2026-05-09,0,0,0
Górnik Zabrze,B. Donio,MF,2026-05-09,0,0,0
Górnik Zabrze,L. Sadílek,MF,2026-05-09,0,0,0
Górnik Zabrze,B. Rupanov,FW,2026-05-09,0,0,0
Göztepe,T. Altıkardeş,DF,2026-05-09,0,0,0
Göztepe,M. Mohammed,MF,2026-05-09,0,0,0
Göztepe,G. Luiz,FW,2026-05-09,0,0,0
Göztepe,U. K. Yıldız,DF,2026-05-09,0,0,0
Göztepe,O. Bayrak,DF,2026-05-09,0,0,0
Göztepe,M. Ş. Öztürk,GK,2026-05-09,0,0,0
Göztepe,E. Yildirim,DF,2026-05-09,0,0,0
Göztepe,Y. A. Sirin,MF,2026-05-09,0,0,0
Göztepe,İ. Köybaşı,DF,2026-05-09,0,0,0
HJK,Martin Kirilov,FW,2026-05-04,0,0,0
HJK,M. Borchers,FW,2026-05-04,0,0,0
HJK,T. Mero,MF,2026-05-08,0,0,0
HJK,D. Ezeh,FW,2026-05-08,0,0,0
HJK,J. Öst,GK,2026-05-08,0,0,0
HJK,M. Haapanen,GK,2026-05-04,0,0,0
HJK,E. Leveälahti,DF,2026-05-08,0,0,0
HJK,M. Ylitolva,DF,2026-05-04,0,0,0
HJK,L. Lappalainen,MF,2026-05-08,0,0,0
HJK,B. Lyons-Foster,DF,2026-05-08,0,0,0
HJK,T. Pukki,FW,2026-05-08,0,0,0
HJK,J. Kallinen,MF,2026-05-08,0,0,0
HJK,L. Palmula,MF,2026-05-08,0,0,0
Halmstads BK,H. Carneil,MF,2026-05-10,0,0,0
Halmstads BK,G. Friberg,DF,2026-05-10,0,0,0
Halmstads BK,M. Illary,MF,2026-05-10,0,0,0
Halmstads BK,M. Persson,FW,2026-05-10,0,0,0
Halmstads BK,W. Lykke,GK,2026-05-10,0,0,0
Halmstads BK,F. Schyberg,DF,2026-05-10,0,0,0
Halmstads BK,G. Wallentin,DF,2026-05-04,0,0,0
Halmstads BK,N. Mäenpää,MF,2026-05-10,0,0,0
Halmstads BK,A. Nilsson,MF,2026-05-04,0,0,0
Halmstads BK,E. Yeboah,FW,2026-05-10,0,0,0
Halmstads BK,O. Liimatta,MF,2026-05-10,0,0,0
HamKam,A. Trondsen,MF,2026-05-03,0,0,0
HamKam,W. Osnes-Ringen,MF,2026-05-08,0,0,0
HamKam,M. Johnsgard,MF,2026-05-08,0,0,0
HamKam,S. S. Nilsen,DF,2026-05-08,0,0,0
HamKam,I. Kukleci,DF,2026-05-08,0,0,0
HamKam,S. Østraat,GK,2026-05-08,0,0,0
HamKam,I. Hoffmann,DF,2026-05-03,0,0,0
HamKam,J. B. Gonstad,FW,2026-05-08,0,0,0
HamKam,V. A. Jónsson,MF,2026-05-08,0,0,0
HamKam,L. Mettler,MF,2026-05-08,0,0,0
HamKam,H. R. Opsahl,DF,2026-05-08,0,0,0
Hammarby IF,N. Persson,DF,2026-05-03,0,0,0
Hammarby IF,M. Kaboré,FW,2026-05-09,0,0,0
Hammarby IF,W. Lindberg Uhrstrom,MF,2026-05-09,0,0,0
Hammarby IF,N. Vasic,FW,2026-05-09,0,0,0
Hammarby IF,D. Collander,MF,2026-05-09,0,0,0
Hammarby IF,E. F. Opancar,GK,2026-05-09,0,0,0
Hammarby IF,O. S. Brånby,DF,2026-05-09,0,0,0
Hammarby IF,O. Johansson Schellhas,MF,2026-05-09,0,0,0
Hammarby IF,O. J. Hagen,FW,2026-05-09,0,0,0
Hammarby IF,I. Fofana,DF,2026-05-09,0,0,0
Hartford Athletic,B. Njie,DF,2026-05-10,0,0,0
Hartford Athletic,J. Moreira,MF,2026-05-10,0,0,0
Hartford Athletic,A. Williams,FW,2026-05-10,0,0,0
Hartford Athletic,T. Presthus,DF,2026-05-10,0,0,0
Hartford Athletic,E. Carvalho,GK,2026-05-10,0,0,0
Hartford Athletic,C. Hadjipaschalis,MF,2026-05-10,0,0,0
Hartford Athletic,S. Anaku,FW,2026-05-10,0,0,0
Hassania d'Agadir,H. Ahaddad,FW,2026-05-07,0,0,0
Hassania d'Agadir,M. Bakhkhach,MF,2026-05-07,0,0,0
Hassania d'Agadir,M. A. Katiba,MF,2026-05-07,0,0,0
Hassania d'Agadir,A. A. Brayim,MF,2026-05-07,0,0,0
Hassania d'Agadir,J. Dembi,MF,2026-05-07,0,0,0
Hassania d'Agadir,Y. E. Amali,DF,2026-05-04,0,0,0
Hassania d'Agadir,A. Sahnoune,DF,2026-05-04,0,0,0
Hassania d'Agadir,A. Plumain,MF,2026-05-07,0,0,0
Hassania d'Agadir,I. Motik,MF,2026-05-04,0,0,0
Hassania d'Agadir,A. Beye,DF,2026-05-07,0,0,0
Hassania d'Agadir,A. Tarrazi,DF,2026-05-07,0,0,0
Hassania d'Agadir,H. E. Majhad,GK,2026-05-07,0,0,0
Heart of Midlothian,B. Spittal,MF,2026-05-04,0,0,0
Heart of Midlothian,J. McCart,DF,2026-05-09,0,0,0
Heart of Midlothian,P. L. Kabore,FW,2026-05-09,0,0,0
Heart of Midlothian,J. Altena,DF,2026-05-04,0,0,0
Heart of Midlothian,F. Kent,DF,2026-05-09,0,0,0
Heart of Midlothian,R. Fulton,GK,2026-05-09,0,0,0
Heart of Midlothian,A. Forrest,FW,2026-05-04,0,0,0
Heart of Midlothian,S. Kerjota,FW,2026-05-09,0,0,0
Heart of Midlothian,R. Mato,FW,2026-05-04,0,0,0
Heart of Midlothian,A. Kyziridis,FW,2026-05-09,0,0,0
Heart of Midlothian,C. Devlin,MF,2026-05-09,0,0,0
Heart of Midlothian,C. Borchgrevink,DF,2026-05-09,0,0,0
Heart of Midlothian,I. Chesnokov,MF,2026-05-09,0,0,0
Hellas Verona,T. Slotsager,DF,2026-05-10,0,0,0
Hellas Verona,S. Lovrić,MF,2026-05-10,0,0,0
Hellas Verona,A. Harroui,MF,2026-05-10,0,0,0
Hellas Verona,G. Toniolo,GK,2026-05-10,0,0,0
Hellas Verona,S. Perilli,GK,2026-05-10,0,0,0
Hellas Verona,F. Cham,DF,2026-05-10,0,0,0
Hellas Verona,P. Lirola,DF,2026-05-10,0,0,0
Hellas Verona,Isaac,FW,2026-05-10,0,0,0
Hellas Verona,A. Sarr,FW,2026-05-10,0,0,0
Hellas Verona,I. Vermesan,FW,2026-05-10,0,0,0
Hellas Verona,J. Ajayi,FW,2026-05-10,0,0,0
Hellas Verona,D. Bradarić,DF,2026-05-10,0,0,0
Hellas Verona,D. D. Battisti,DF,2026-05-10,0,0,0
Hellas Verona,M. Al-Musrati,MF,2026-05-10,0,0,0
Henan FC,M. Nebijan,DF,2026-05-09,0,0,0
Henan FC,D. Zheng,FW,2026-05-09,0,0,0
Henan FC,C. Shi,GK,2026-05-09,0,0,0
Henan FC,C. Du,DF,2026-05-05,0,0,0
Henan FC,L. Jiahui,DF,2026-05-09,0,0,0
Henan FC,O. Gerbig,DF,2026-05-09,0,0,0
Henan FC,K. Yang,DF,2026-05-09,0,0,0
Henan FC,X. Haofeng,DF,2026-05-09,0,0,0
Henan FC,O. Ekber,MF,2026-05-09,0,0,0
Henan FC,X. Fan,MF,2026-05-05,0,0,0
Henan FC,Y. Yang,DF,2026-05-09,0,0,0
Henan FC,C. Yin,FW,2026-05-09,0,0,0
Henan FC,C. He,MF,2026-05-09,0,0,0
Henan FC,Y. Shinar,DF,2026-05-09,0,0,0
Heracles Almelo,J. Wieckhoff,DF,2026-05-03,0,0,0
Heracles Almelo,E. Ahlstrand,MF,2026-05-03,0,0,0
Heracles Almelo,B. Limbombe,FW,2026-05-03,0,0,0
Heracles Almelo,S. A. Čestić,DF,2026-05-03,0,0,0
Heracles Almelo,T. Hamamioglu,FW,2026-05-03,0,0,0
Heracles Almelo,R. Mantel,GK,2026-05-03,0,0,0
Heracles Almelo,R. Pasveer,GK,2026-05-03,0,0,0
Heracles Almelo,J. Wijnreder,DF,2026-05-03,0,0,0
Heracles Almelo,M. te Wierik,DF,2026-05-03,0,0,0
Heracles Almelo,R. Bozinovski,MF,2026-05-03,0,0,0
Heracles Almelo,L. Zeefuik,FW,2026-05-03,0,0,0
Heracles Almelo,S. Blokhuis,MF,2026-05-03,0,0,0
Hibernian,J. Obita,DF,2026-05-03,0,0,0
Hibernian,J. Campbell,MF,2026-05-03,0,0,0
Hibernian,D. Barlaser,MF,2026-05-03,0,0,0
Hibernian,D. Scarlett,FW,2026-05-09,0,0,0
Hibernian,A. Šuto,FW,2026-05-09,0,0,0
Hibernian,F. Owens,GK,2026-05-03,0,0,0
Hibernian,K. Andrews,MF,2026-05-09,0,0,0
Hibernian,A. Manneh,MF,2026-05-03,0,0,0
Hibernian,C. Cadden,DF,2026-05-09,0,0,0
Hibernian,J. Newell,MF,2026-05-09,0,0,0
Hibernian,J. Smith,GK,2026-05-09,0,0,0
Hibernian,M. Garananga,DF,2026-05-09,0,0,0
Hibernian,N. Cadden,MF,2026-05-09,0,0,0
Hibernian,K. Megwa,DF,2026-05-09,0,0,0
Houston Dynamo,A. Bouzat,MF,2026-05-03,0,0,0
Houston Dynamo,H. Herrera,MF,2026-05-03,0,0,0
Houston Dynamo,O. Lingr,MF,2026-05-03,0,0,0
Houston Dynamo,I. Aliyu,FW,2026-05-03,0,0,0
Houston Dynamo,B. Gillingham,GK,2026-05-03,0,0,0
Houston Dynamo,F. Negri,DF,2026-05-03,0,0,0
Houston Dynamo,V. Silva,DF,2026-05-03,0,0,0
Houston Dynamo,D. Holmes,MF,2026-05-03,0,0,0
Houston Dynamo,N. Markanich,FW,2026-05-03,0,0,0
Huesca,L. Beltrán,FW,2026-05-03,0,0,0
Huesca,E. Ugiagbe,FW,2026-05-03,0,0,0
Huesca,M. Agbekpornu,MF,2026-05-03,0,0,0
Huesca,J. Escobar,FW,2026-05-03,0,0,0
Huesca,Á. Cantero,FW,2026-05-03,0,0,0
Huesca,I. Laquintana,MF,2026-05-03,0,0,0
Huesca,J. Martín,DF,2026-05-03,0,0,0
Huesca,D. Ojeda,FW,2026-05-03,0,0,0
Huesca,J. Seoane,MF,2026-05-03,0,0,0
Hull City,Y. Hirakawa,FW,2026-05-08,0,0,0
Hull City,K. Joseph,FW,2026-05-08,0,0,0
Hull City,K. Dowell,MF,2026-05-08,0,0,0
Hull City,J. Lundstram,MF,2026-05-08,0,0,0
Hull City,D. Phillips,GK,2026-05-08,0,0,0
Hull City,P. McNair,DF,2026-05-08,0,0,0
Hull City,S. Ajayi,DF,2026-05-08,0,0,0
Hull City,D. Gyabi,MF,2026-05-08,0,0,0
Hull City,L. Koumas,FW,2026-05-08,0,0,0
IF Brommapojkarna,K. Sever,FW,2026-05-08,0,0,0
IF Brommapojkarna,L. Björklund,MF,2026-05-04,0,0,0
IF Brommapojkarna,I. Camara,MF,2026-05-08,0,0,0
IF Brommapojkarna,S. M. Ngouali,MF,2026-05-08,0,0,0
IF Brommapojkarna,D. Blažević,GK,2026-05-08,0,0,0
IF Brommapojkarna,R. Bergvall,DF,2026-05-08,0,0,0
IF Brommapojkarna,H. F. Karlsson,DF,2026-05-08,0,0,0
IF Brommapojkarna,O. Cotton,DF,2026-05-08,0,0,0
IF Brommapojkarna,A. Kurochkin,MF,2026-05-08,0,0,0
IF Brommapojkarna,E. Hedström,FW,2026-05-08,0,0,0
IF Elfsborg,M. I. Kamara,MF,2026-05-08,0,0,0
IF Elfsborg,F. Aronsson,DF,2026-05-03,0,0,0
IF Elfsborg,L. Östman,FW,2026-05-08,0,0,0
IF Elfsborg,T. Erlandsson,GK,2026-05-08,0,0,0
IF Elfsborg,I. Buhari,DF,2026-05-08,0,0,0
IF Elfsborg,R. Mohammed,DF,2026-05-08,0,0,0
IF Elfsborg,O. V. Okeke,MF,2026-05-08,0,0,0
IF Elfsborg,A. Hellemaa,MF,2026-05-08,0,0,0
IF Elfsborg,G. Rapp,MF,2026-05-03,0,0,0
IF Elfsborg,A. Zeneli,MF,2026-05-08,0,0,0
IF Elfsborg,J. Beck,MF,2026-05-08,0,0,0
IF Gnistan,J. Latonen,MF,2026-05-05,0,0,0
IF Gnistan,V. Hänninen,MF,2026-05-09,0,0,0
IF Gnistan,S. Eremenko,MF,2026-05-05,0,0,0
IF Gnistan,D. Pérez,FW,2026-05-09,0,0,0
IF Gnistan,A. Obileye,DF,2026-05-05,0,0,0
IF Gnistan,R. Almeida,GK,2026-05-09,0,0,0
IF Gnistan,B. Dahlström,DF,2026-05-09,0,0,0
IF Gnistan,M. Bjurstrøm,DF,2026-05-09,0,0,0
IF Gnistan,A. Atarah,MF,2026-05-09,0,0,0
IF Gnistan,J. Ojala,DF,2026-05-09,0,0,0
IF Gnistan,A. Jouhi,MF,2026-05-09,0,0,0
IFK Göteborg,B. Brantlind,MF,2026-05-04,0,0,0
IFK Göteborg,I. Jagne,MF,2026-05-09,0,0,0
IFK Göteborg,T. Coimbra,FW,2026-05-09,0,0,0
IFK Göteborg,R. N. Dahlin,DF,2026-05-09,0,0,0
IFK Göteborg,O. Mansson,MF,2026-05-04,0,0,0
IFK Göteborg,F. Andersson,GK,2026-05-09,0,0,0
IFK Göteborg,J. Bager,DF,2026-05-04,0,0,0
IFK Göteborg,L. Radakovic,MF,2026-05-09,0,0,0
IFK Göteborg,A. Boren,FW,2026-05-04,0,0,0
IFK Göteborg,S. A. Moubarak,FW,2026-05-09,0,0,0
IFK Göteborg,S. Clemmensen,FW,2026-05-09,0,0,0
IFK Göteborg,F. Ottosson,MF,2026-05-09,0,0,0
IFK Göteborg,K. Thordarson,MF,2026-05-09,0,0,0
IFK Mariehamn,N. Dosis,MF,2026-05-10,0,0,0
IFK Mariehamn,L. Andersson,FW,2026-05-10,0,0,0
IFK Mariehamn,J. v. d. Heyden,MF,2026-05-10,0,0,0
IFK Mariehamn,L. Pearce,FW,2026-05-10,0,0,0
IFK Mariehamn,A. Soiniemi,MF,2026-05-10,0,0,0
IFK Mariehamn,K. Lund,GK,2026-05-10,0,0,0
IK Start,F. Palerud,DF,2026-05-03,0,0,0
IK Start,J. Ampofo,FW,2026-05-03,0,0,0
IK Start,M. Soomets,MF,2026-05-03,0,0,0
IK Start,S. Mvoué,MF,2026-05-03,0,0,0
IK Start,J. O. Norheim,DF,2026-05-03,0,0,0
IK Start,S. Strand-Kolbjörnsen,GK,2026-05-03,0,0,0
IK Start,F. S. Lien,MF,2026-05-03,0,0,0
IK Start,L. H. Gausdal,MF,2026-05-03,0,0,0
IK Start,A. F. Gurendal,FW,2026-05-03,0,0,0
Ikorodu City,R. Owolabi,MF,2026-05-05,0,0,0
Ikorodu City,C. Oparaocha,FW,2026-05-05,0,0,0
Ikorodu City,F. Temitope,DF,2026-05-05,0,0,0
Ikorodu City,O. A. Tomiwa,FW,2026-05-05,0,0,0
Ikorodu City,D. Julu,GK,2026-05-05,0,0,0
Ikorodu City,E. Mathias,DF,2026-05-05,0,0,0
Ikorodu City,O. Molade,DF,2026-05-05,0,0,0
Ikorodu City,K. Briggs,FW,2026-05-05,0,0,0
Ilves,A. Bamba,DF,2026-05-08,0,0,0
Ilves,J. Kanga,MF,2026-05-08,0,0,0
Ilves,O. Tiitinen,MF,2026-05-08,0,0,0
Ilves,S. Baranov,MF,2026-05-08,0,0,0
Ilves,O. Virtanen,GK,2026-05-08,0,0,0
Ilves,R. Leislahti,GK,2026-05-08,0,0,0
Ilves,A. Raymond,DF,2026-05-08,0,0,0
Ilves,O. Paavola,FW,2026-05-08,0,0,0
Incheon United,C. Y. Lee,MF,2026-05-05,0,0,0
Incheon United,D. Lee,FW,2026-05-05,0,0,0
Incheon United,M. Ferrier,FW,2026-05-05,0,0,0
Incheon United,C. Seung-Gu,DF,2026-05-09,0,0,0
Incheon United,D. H. Kim,GK,2026-05-05,0,0,0
Incheon United,W. J. Jung,MF,2026-05-09,0,0,0
Incheon United,P. Ho-min,FW,2026-05-09,0,0,0
Incheon United,C. I. Jeong,MF,2026-05-09,0,0,0
Incheon United,P. Seung-Ho,FW,2026-05-09,0,0,0
Incheon United,J. Y. Lee,DF,2026-05-09,0,0,0
Incheon United,K. Park,DF,2026-05-09,0,0,0
Independiente Rivadavia,I. Villalba,DF,2026-05-07,0,0,0
Independiente Rivadavia,J. M. Elordi,DF,2026-05-07,0,0,0
Independiente Rivadavia,A. Osella,DF,2026-05-07,0,0,0
Independiente Rivadavia,G. Ríos,MF,2026-05-07,0,0,0
Independiente Rivadavia,L. Bucca,MF,2026-05-07,0,0,0
Independiente Rivadavia,E. G. Riga,GK,2026-05-07,0,0,0
Independiente Rivadavia,A. Riep,MF,2026-05-07,0,0,0
Independiente Rivadavia,D. Crego,MF,2026-05-07,0,0,0
Independiente Rivadavia,S. Moreyra,MF,2026-05-07,0,0,0
Independiente Rivadavia,R. Atencio,FW,2026-05-07,0,0,0
Independiente Rivadavia,V. Ramis,FW,2026-05-07,0,0,0
Independiente Santa Fe,J. Obrian,FW,2026-05-07,0,0,0
Independiente Santa Fe,I. Scarpeta,DF,2026-05-07,0,0,0
Independiente Santa Fe,A. Zapata,MF,2026-05-07,0,0,0
Independiente Santa Fe,J. Torres,FW,2026-05-07,0,0,0
Independiente Santa Fe,L. Palacios,FW,2026-05-07,0,0,0
Independiente Santa Fe,W. Asprilla,GK,2026-05-07,0,0,0
Independiente Santa Fe,J. Quintero,DF,2026-05-07,0,0,0
Independiente Santa Fe,J. Meléndez,DF,2026-05-07,0,0,0
Independiente Santa Fe,E. Mosquera,MF,2026-05-07,0,0,0
Independiente Santa Fe,Y. Velázquez,DF,2026-05-07,0,0,0
Independiente Santa Fe,M. Palacios,FW,2026-05-07,0,0,0
Independiente del Valle,E. Pata,FW,2026-05-06,0,0,0
Independiente del Valle,J. Lerma,MF,2026-05-06,0,0,0
Independiente del Valle,D. Reasco,FW,2026-05-06,0,0,0
Independiente del Valle,E. Bores,GK,2026-05-06,0,0,0
Independiente del Valle,A. Velasco,DF,2026-05-06,0,0,0
Independiente del Valle,G. Cortez,DF,2026-05-06,0,0,0
Independiente del Valle,Y. Ochoa,MF,2026-05-06,0,0,0
Independiente del Valle,J. Méndez,MF,2026-05-06,0,0,0
Independiente del Valle,D. Guagua,MF,2026-05-06,0,0,0
Indy Eleven,R. Charles-Cook,GK,2026-05-10,0,0,0
Indy Eleven,E. Kizza,FW,2026-05-10,0,0,0
Indy Eleven,H. Barry,DF,2026-05-10,0,0,0
Indy Eleven,D. Sing,FW,2026-05-10,0,0,0
Indy Eleven,M. Rasheed,DF,2026-05-10,0,0,0
Indy Eleven,A. Mitrano,DF,2026-05-10,0,0,0
Indy Eleven,K. Williams,FW,2026-05-10,0,0,0
Inter,A. Bonny,FW,2026-05-09,0,0,0
Inter,C. Augusto,DF,2026-05-03,0,0,0
Inter,H. Mkhitaryan,MF,2026-05-03,0,0,0
Inter,D. Frattesi,MF,2026-05-09,0,0,0
Inter,R. Di Gennaro,GK,2026-05-09,0,0,0
Inter,F. Acerbi,DF,2026-05-03,0,0,0
Inter,M. Cocchi,DF,2026-05-09,0,0,0
Inter,S. de Vrij,DF,2026-05-09,0,0,0
Inter,L. Henrique,FW,2026-05-09,0,0,0
Inter,A. Diouf,MF,2026-05-03,0,0,0
Inter,M. Darmian,DF,2026-05-09,0,0,0
Inter,H. Çalhanoğlu,MF,2026-05-03,0,0,0
Inter,M. Mosconi,FW,2026-05-09,0,0,0
Inter,D. Dumfries,DF,2026-05-09,0,0,0
Inter,Y. Sommer,GK,2026-05-09,0,0,0
Inter,M. Akanji,DF,2026-05-09,0,0,0
Inter,P. Zieliński,MF,2026-05-09,0,0,0
Inter,F. Dimarco,DF,2026-05-09,0,0,0
Inter Miami CF,S. Reguilón,DF,2026-05-09,0,0,0
Inter Miami CF,P. Plambeck,MF,2026-05-09,0,0,0
Inter Miami CF,D. Ayala,MF,2026-05-09,0,0,0
Inter Miami CF,D. Pinter,FW,2026-05-09,0,0,0
Inter Miami CF,R. Ríos Novo,GK,2026-05-09,0,0,0
Inter Miami CF,M. Falcón,DF,2026-05-09,0,0,0
Inter Miami CF,Shaw,MF,2026-05-09,0,0,0
Inter Miami CF,D. Ruíz,MF,2026-05-09,0,0,0
Inter Miami CF,M. Silvetti,FW,2026-05-09,0,0,0
Inter Turku,J. Tuominen,MF,2026-05-05,0,0,0
Inter Turku,A. Conteh,FW,2026-05-05,0,0,0
Inter Turku,C. Jephta,FW,2026-05-05,0,0,0
Inter Turku,A. Granlund,DF,2026-05-05,0,0,0
Inter Turku,J. Laine,MF,2026-05-09,0,0,0
Inter Turku,V. Seppä,GK,2026-05-09,0,0,0
Inter Turku,J. Tauriainen,DF,2026-05-09,0,0,0
Inter Turku,J. Hämäläinen,DF,2026-05-05,0,0,0
Inter Turku,V. Huovila,MF,2026-05-05,0,0,0
Inter Turku,L. Kuittinen,DF,2026-05-09,0,0,0
Inter Turku,V. Ulundu,FW,2026-05-09,0,0,0
Inter Turku,J. F. K. Botué,FW,2026-05-09,0,0,0
Inter Turku,S. Saarinen,DF,2026-05-09,0,0,0
Inter Turku,B. Ampofo,MF,2026-05-09,0,0,0
Inter Turku,H. Salomaa,MF,2026-05-09,0,0,0
Internacional,Vitinho,FW,2026-05-09,0,0,0
Internacional,T. Maia,MF,2026-05-09,0,0,0
Internacional,R. Borré,FW,2026-05-09,0,0,0
Internacional,B. Aguirre,FW,2026-05-09,0,0,0
Internacional,Kayky,FW,2026-05-09,0,0,0
Internacional,Kauan,GK,2026-05-04,0,0,0
Internacional,C. Sampaio,DF,2026-05-04,0,0,0
Internacional,J. Juninho,DF,2026-05-09,0,0,0
Internacional,A. Patrick,MF,2026-05-09,0,0,0
Internacional,P. Paula,MF,2026-05-04,0,0,0
Internacional,Ronaldo,MF,2026-05-09,0,0,0
Internacional,B. Tabata,FW,2026-05-09,0,0,0
Internacional,Anthoni,GK,2026-05-09,0,0,0
Internacional,L. F. d. M. Francisco,DF,2026-05-09,0,0,0
Ittihad Tanger,K. Lagrouch,FW,2026-05-06,0,0,0
Ittihad Tanger,B. E. Ouadghiri,DF,2026-05-04,0,0,0
Ittihad Tanger,P. M. Gaye,MF,2026-05-04,0,0,0
Ittihad Tanger,E. E. Bellali,MF,2026-05-04,0,0,0
Ittihad Tanger,A. Darazi,MF,2026-05-06,0,0,0
Ittihad Tanger,M. Barcola,GK,2026-05-04,0,0,0
Ittihad Tanger,L. E. Moussaoui,DF,2026-05-06,0,0,0
Ittihad Tanger,L. Kpolo,FW,2026-05-06,0,0,0
Ittihad Tanger,F. A. Mutalib,MF,2026-05-06,0,0,0
Ittihad Tanger,A. H. Maali,FW,2026-05-06,0,0,0
Ittihad Tanger,A. Azmi,GK,2026-05-06,0,0,0
Ittihad Tanger,A. E. Wahabi,DF,2026-05-06,0,0,0
Ittihad Tanger,M. E. Guartit,DF,2026-05-06,0,0,0
JEF United Chiba,H. Goya,FW,2026-05-10,0,0,0
JEF United Chiba,M. Himeno,MF,2026-05-10,0,0,0
JEF United Chiba,M. Shinada,MF,2026-05-10,0,0,0
JEF United Chiba,K. Yonekura,DF,2026-05-10,0,0,0
JEF United Chiba,T. Wakahara,GK,2026-05-10,0,0,0
JEF United Chiba,T. Yasui,MF,2026-05-06,0,0,0
JEF United Chiba,K. Tanaka,FW,2026-05-10,0,0,0
JEF United Chiba,N. Sugiyama,MF,2026-05-10,0,0,0
JEF United Chiba,T. Taguchi,MF,2026-05-10,0,0,0
JEF United Chiba,Y. Igari,MF,2026-05-10,0,0,0
JS Kairouanaise,M. A. Bejaoui,GK,2026-05-08,0,0,0
JS Kairouanaise,M. Fatnassi,MF,2026-05-03,0,0,0
JS Kairouanaise,H. Baklouti,MF,2026-05-03,0,0,0
JS Kairouanaise,D. J. Dassakate,MF,2026-05-03,0,0,0
JS Kairouanaise,I. Liouan,MF,2026-05-08,0,0,0
JS Kairouanaise,A. Zairi,MF,2026-05-03,0,0,0
JS Kairouanaise,F. Sallami,MF,2026-05-03,0,0,0
JS Kairouanaise,Y. Hadji,MF,2026-05-08,0,0,0
JS Kairouanaise,S. Lakhder,MF,2026-05-08,0,0,0
JS Kairouanaise,M. A. Kalai,DF,2026-05-08,0,0,0
JS Kairouanaise,G. Mounguide,MF,2026-05-08,0,0,0
JS Kairouanaise,M. A. Zairi,MF,2026-05-08,0,0,0
JS Kairouanaise,I. B. Hassine,MF,2026-05-08,0,0,0
JS Kairouanaise,M. R. Hamrouni,FW,2026-05-08,0,0,0
JS Omrane,O. Hanzouli,GK,2026-05-04,0,0,0
JS Omrane,C. Eruchukwu,DF,2026-05-04,0,0,0
JS Omrane,S. Hammami,DF,2026-05-04,0,0,0
JS Omrane,K. Othmani,DF,2026-05-04,0,0,0
JS Omrane,S. Abdelli,MF,2026-05-04,0,0,0
JS Omrane,A. Jouini,MF,2026-05-04,0,0,0
JS Omrane,H. Khemissi,MF,2026-05-04,0,0,0
JS Omrane,F. Mahdouani,MF,2026-05-04,0,0,0
JS Omrane,C. Zoughlami,FW,2026-05-04,0,0,0
Jagiellonia Białystok,M. Nahuel,MF,2026-05-09,0,0,0
Jagiellonia Białystok,K. Jóźwiak,MF,2026-05-09,0,0,0
Jagiellonia Białystok,L. Flach,MF,2026-05-09,0,0,0
Jagiellonia Białystok,S. Baždar,FW,2026-05-09,0,0,0
Jagiellonia Białystok,A. Konstantopoulos,DF,2026-05-09,0,0,0
Jagiellonia Białystok,A. Damasiewicz,GK,2026-05-09,0,0,0
Jagiellonia Białystok,B. Wdowik,DF,2026-05-09,0,0,0
Jagiellonia Białystok,S. Pankiewicz,DF,2026-05-09,0,0,0
Jagiellonia Białystok,Z. Zalewski,MF,2026-05-09,0,0,0
Jagiellonia Białystok,E. Kozlowski,MF,2026-05-09,0,0,0
Jagiellonia Białystok,D. Drachal,MF,2026-05-09,0,0,0
Jagiellonia Białystok,D. Rallis,FW,2026-05-09,0,0,0
Jeju SK,J. Celestine,DF,2026-05-05,0,0,0
Jeju SK,K. Ki-Min,DF,2026-05-09,0,0,0
Jeju SK,K. Shin-jin,FW,2026-05-09,0,0,0
Jeju SK,C. Woon,DF,2026-05-05,0,0,0
Jeju SK,K. Jun-Ha,FW,2026-05-09,0,0,0
Jeju SK,C. Ahn,GK,2026-05-09,0,0,0
Jeju SK,G.U. Kim,MF,2026-05-09,0,0,0
Jeju SK,C. Byung-Wook,MF,2026-05-09,0,0,0
Jeju SK,G. Paulauskas,FW,2026-05-05,0,0,0
Jeju SK,C. W. Rim,DF,2026-05-09,0,0,0
Jeju SK,S. Sang-Eun,FW,2026-05-09,0,0,0
Jeju SK,W. Jeong,DF,2026-05-09,0,0,0
Jeonbuk Hyundai Motors,S. Lee,DF,2026-05-10,0,0,0
Jeonbuk Hyundai Motors,T. Orobó,FW,2026-05-10,0,0,0
Jeonbuk Hyundai Motors,Y. J. Lee,MF,2026-05-10,0,0,0
Jeonbuk Hyundai Motors,S. U. Maeng,MF,2026-05-10,0,0,0
Jeonbuk Hyundai Motors,J. Yeon,DF,2026-05-10,0,0,0
Jeonbuk Hyundai Motors,C. Woo-Jin,DF,2026-05-05,0,0,0
Jeonbuk Hyundai Motors,J. Gamboa,MF,2026-05-10,0,0,0
Jeonbuk Hyundai Motors,K. Ha-Jun,DF,2026-05-10,0,0,0
Junior Barranquilla,J. Martínez,GK,2026-05-08,0,0,0
Junior Barranquilla,C. Bacca,FW,2026-05-08,0,0,0
Junior Barranquilla,E. Herrera,DF,2026-05-08,0,0,0
Junior Barranquilla,K. Pérez,FW,2026-05-08,0,0,0
Junior Barranquilla,Y. Chará,MF,2026-05-08,0,0,0
Junior Barranquilla,B. Castrillón,FW,2026-05-08,0,0,0
Junior Barranquilla,D. Rivera,MF,2026-05-08,0,0,0
Junior Barranquilla,J. Navia,DF,2026-05-08,0,0,0
Junior Barranquilla,F. Ángel,MF,2026-05-08,0,0,0
Junior Barranquilla,H. Rivera,MF,2026-05-08,0,0,0
Junior Barranquilla,C. Barrios,FW,2026-05-08,0,0,0
Juventud de Las Piedras,R. Peralta,MF,2026-05-06,0,0,0
Juventud de Las Piedras,P. Lago,FW,2026-05-06,0,0,0
Juventud de Las Piedras,R. Chagas,MF,2026-05-06,0,0,0
Juventud de Las Piedras,S. Guerrero,FW,2026-05-06,0,0,0
Juventud de Las Piedras,N. Rossi Acuna,GK,2026-05-06,0,0,0
Juventud de Las Piedras,F. Risso,DF,2026-05-06,0,0,0
Juventud de Las Piedras,G. Gómez,MF,2026-05-06,0,0,0
Juventud de Las Piedras,M. Izaguirre,MF,2026-05-06,0,0,0
Juventud de Las Piedras,B. Larregui,MF,2026-05-06,0,0,0
Juventud de Las Piedras,G. Pereiro,MF,2026-05-06,0,0,0
Juventude,F. Lima,FW,2026-05-10,0,0,0
Juventude,M. Castro,FW,2026-05-10,0,0,0
Juventude,A. Safira,FW,2026-05-10,0,0,0
Juventude,Messias,DF,2026-05-04,0,0,0
Juventude,I. Ly,DF,2026-05-10,0,0,0
Juventude,R. Carneiro,GK,2026-05-04,0,0,0
Juventude,P. Rocha,GK,2026-05-10,0,0,0
Juventude,Titi,DF,2026-05-10,0,0,0
Juventude,K. O. Costa,DF,2026-05-10,0,0,0
Juventude,Índio,MF,2026-05-10,0,0,0
Juventude,J. P. Scatolin,FW,2026-05-10,0,0,0
Juventude,Wadson,DF,2026-05-10,0,0,0
Juventude,R. Breno,FW,2026-05-10,0,0,0
Juventude,Carlinhos,FW,2026-05-10,0,0,0
Juventus,D. Vlahović,FW,2026-05-03,0,0,0
Juventus,F. Miretti,MF,2026-05-09,0,0,0
Juventus,J. Boga,FW,2026-05-09,0,0,0
Juventus,T. Koopmeiners,MF,2026-05-03,0,0,0
Juventus,E. Zhegrova,FW,2026-05-09,0,0,0
Juventus,M. Perin,GK,2026-05-09,0,0,0
Juventus,C. Pinsoglio,GK,2026-05-09,0,0,0
Juventus,E. Holm,DF,2026-05-09,0,0,0
Juventus,F. Gatti,DF,2026-05-09,0,0,0
Juventus,F. Kostić,MF,2026-05-09,0,0,0
Juventus,V. Adžić,MF,2026-05-09,0,0,0
Juventus,L. Openda,FW,2026-05-09,0,0,0
Juventus,J. David,FW,2026-05-09,0,0,0
Juventus,K. Thuram,MF,2026-05-09,0,0,0
K. Beerschot V.A.,R. V. L. Parra,FW,2026-05-09,0,0,0
K. Beerschot V.A.,E. Brahić,FW,2026-05-09,0,0,0
K. Beerschot V.A.,N. Varela,FW,2026-05-09,0,0,0
K. Beerschot V.A.,M. Govaers,MF,2026-05-09,0,0,0
K. Beerschot V.A.,R. Sanusi,MF,2026-05-09,0,0,0
K. Beerschot V.A.,X. Gies,GK,2026-05-09,0,0,0
K. Beerschot V.A.,K. D. Tshimanga,DF,2026-05-09,0,0,0
K. Beerschot V.A.,A. Labie,DF,2026-05-09,0,0,0
K. Beerschot V.A.,A. V. Himbeeck,MF,2026-05-09,0,0,0
K. Beerschot V.A.,A. H. Mohamed,FW,2026-05-09,0,0,0
KAA Gent,M. Sonko,FW,2026-05-10,0,0,0
KAA Gent,H. Goore,FW,2026-05-03,0,0,0
KAA Gent,I. Cisse,FW,2026-05-03,0,0,0
KAA Gent,A. Omgba,MF,2026-05-03,0,0,0
KAA Gent,H. Hyun-seok,MF,2026-05-10,0,0,0
KAA Gent,K. Peersman,GK,2026-05-10,0,0,0
KAA Gent,H. Vernemmen,DF,2026-05-10,0,0,0
KAA Gent,J. Duverne,DF,2026-05-03,0,0,0
KAA Gent,M. Delorge,MF,2026-05-10,0,0,0
KAA Gent,M. Dean,FW,2026-05-10,0,0,0
KAA Gent,A. Kadri,MF,2026-05-10,0,0,0
KAA Gent,W. Kanga,FW,2026-05-10,0,0,0
KAA Gent,D. Hashioka,DF,2026-05-10,0,0,0
KFUM Oslo,M. T. Vinjor,MF,2026-05-03,0,0,0
KFUM Oslo,A. Nouri,DF,2026-05-03,0,0,0
KFUM Oslo,D. H. Gyedu,FW,2026-05-03,0,0,0
KFUM Oslo,R. E. Vinge,FW,2026-05-03,0,0,0
KFUM Oslo,K. Bąkowski,GK,2026-05-03,0,0,0
KFUM Oslo,B. Skaret,DF,2026-05-03,0,0,0
KFUM Oslo,M. L. Njie,DF,2026-05-03,0,0,0
KFUM Oslo,M. Vuckovic,MF,2026-05-03,0,0,0
KS Lechia Gdańsk,T. Neugebauer,MF,2026-05-09,0,0,0
KS Lechia Gdańsk,M. Kałahur,DF,2026-05-09,0,0,0
KS Lechia Gdańsk,B. Kłudka,DF,2026-05-04,0,0,0
KS Lechia Gdańsk,S. Weirauch,GK,2026-05-09,0,0,0
KS Lechia Gdańsk,B. Sarnavskyi,GK,2026-05-09,0,0,0
KS Lechia Gdańsk,B. Pllana,DF,2026-05-09,0,0,0
KS Lechia Gdańsk,I. Mavraj,DF,2026-05-09,0,0,0
KS Lechia Gdańsk,A. Tsarenko,MF,2026-05-09,0,0,0
KS Lechia Gdańsk,M. Głogowski,FW,2026-05-09,0,0,0
KS Lechia Gdańsk,T. Wójtowicz,MF,2026-05-09,0,0,0
KV Mechelen,D. Salifou,MF,2026-05-03,0,0,0
KV Mechelen,M. Decoene,MF,2026-05-03,0,0,0
KV Mechelen,G. Diouf,DF,2026-05-03,0,0,0
KV Mechelen,M. Kireev,MF,2026-05-03,0,0,0
KV Mechelen,O. De Wolf,GK,2026-05-03,0,0,0
KV Mechelen,M. Konate,MF,2026-05-03,0,0,0
KV Mechelen,H. Bandé,FW,2026-05-03,0,0,0
KV Mechelen,K. Vanrafelghem,FW,2026-05-03,0,0,0
KV Mechelen,B. Bafdili,MF,2026-05-03,0,0,0
Kalmar FF,M. Söderbäck,MF,2026-05-10,0,0,0
Kalmar FF,A. Magashy,MF,2026-05-10,0,0,0
Kalmar FF,E. Nnamani,FW,2026-05-10,0,0,0
Kalmar FF,S. E. Overby,DF,2026-05-10,0,0,0
Kalmar FF,V. Tyrén,FW,2026-05-10,0,0,0
Kalmar FF,J. Kindberg,GK,2026-05-10,0,0,0
Kalmar FF,Z. Ravik,DF,2026-05-10,0,0,0
Kano Pillars,L. Dadong,FW,2026-05-03,0,0,0
Kano Pillars,J. Ezigbo,MF,2026-05-03,0,0,0
Kano Pillars,M. Galadima,GK,2026-05-03,0,0,0
Kano Pillars,A. Abdullahi,DF,2026-05-03,0,0,0
Kano Pillars,I. Inuwa,DF,2026-05-03,0,0,0
Kano Pillars,A. Mohammed,MF,2026-05-03,0,0,0
Kano Pillars,A. A. Kabir,FW,2026-05-03,0,0,0
Kano Pillars,M. Umar,FW,2026-05-03,0,0,0
Kashima Antlers,Y. Kajikawa,GK,2026-05-10,0,0,0
Kashima Antlers,R. Koike,DF,2026-05-10,0,0,0
Kashima Antlers,R. Ogawa,DF,2026-05-10,0,0,0
Kashima Antlers,I. Sekigawa,DF,2026-05-03,0,0,0
Kashima Antlers,R. Araki,MF,2026-05-10,0,0,0
Kashima Antlers,Y. Higuchi,MF,2026-05-03,0,0,0
Kashima Antlers,H. Hayashi,MF,2026-05-10,0,0,0
Kashima Antlers,K. Tagawa,FW,2026-05-03,0,0,0
Kashima Antlers,S. Morooka,FW,2026-05-06,0,0,0
Kashima Antlers,Y. Suzuki,FW,2026-05-06,0,0,0
Kashima Antlers,K. Nono,DF,2026-05-06,0,0,0
Kashima Antlers,K. Tsukui,DF,2026-05-10,0,0,0
Kashima Antlers,Y. Funabashi,MF,2026-05-06,0,0,0
Kashima Antlers,Y. Matsumura,MF,2026-05-06,0,0,0
Kashima Antlers,A. Čavrić,FW,2026-05-10,0,0,0
Kashima Antlers,K. Misao,MF,2026-05-10,0,0,0
Kashiwa Reysol,N. Nakagawa,MF,2026-05-03,0,0,0
Kashiwa Reysol,M. Hosoya,FW,2026-05-10,0,0,0
Kashiwa Reysol,Y. Konishi,MF,2026-05-06,0,0,0
Kashiwa Reysol,Y. Segawa,MF,2026-05-10,0,0,0
Kashiwa Reysol,T. Okubo,MF,2026-05-10,0,0,0
Kashiwa Reysol,D. Sugioka,DF,2026-05-03,0,0,0
Kashiwa Reysol,W. Harada,DF,2026-05-03,0,0,0
Kashiwa Reysol,H. Yamauchi,MF,2026-05-03,0,0,0
Kashiwa Reysol,H. Mitsumaru,DF,2026-05-06,0,0,0
Kashiwa Reysol,S. Baba,DF,2026-05-10,0,0,0
Kashiwa Reysol,S. Toshima,MF,2026-05-10,0,0,0
Kashiwa Reysol,H. Nakama,MF,2026-05-10,0,0,0
Kashiwa Reysol,R. Harakawa,MF,2026-05-10,0,0,0
Kashiwa Reysol,Y. Yamauchi,DF,2026-05-10,0,0,0
Kasımpaşa,Frimpong,DF,2026-05-03,0,0,0
Kasımpaşa,A. Yanar,GK,2026-05-09,0,0,0
Kasımpaşa,E. Taşdemir,DF,2026-05-09,0,0,0
Kasımpaşa,T. U. Aydın,DF,2026-05-03,0,0,0
Kasımpaşa,B. Gültekin,MF,2026-05-03,0,0,0
Kasımpaşa,E. Aydın,MF,2026-05-09,0,0,0
Kasımpaşa,C. Tosun,FW,2026-05-09,0,0,0
Kasımpaşa,A. Kol,FW,2026-05-09,0,0,0
Kasımpaşa,H. Gueye,FW,2026-05-09,0,0,0
Kasımpaşa,K. Kanatsızkuş,FW,2026-05-09,0,0,0
Kasımpaşa,Cafú,MF,2026-05-09,0,0,0
Kasımpaşa,J. Allevinah,FW,2026-05-09,0,0,0
Kasımpaşa,N. Opoku,DF,2026-05-09,0,0,0
Kawasaki Frontale,T. Miyagi,FW,2026-05-06,0,0,0
Kawasaki Frontale,A. Sasaki,DF,2026-05-06,0,0,0
Kawasaki Frontale,S. Kanda,FW,2026-05-10,0,0,0
Kawasaki Frontale,Y. Ozeki,MF,2026-05-06,0,0,0
Kawasaki Frontale,S. Kawahara,MF,2026-05-10,0,0,0
Kawasaki Frontale,L. Yamaguchi,GK,2026-05-10,0,0,0
Kawasaki Frontale,S. Hayashi,DF,2026-05-10,0,0,0
Kawasaki Frontale,F. Uremović,DF,2026-05-10,0,0,0
Kawasaki Frontale,T. Ito,FW,2026-05-10,0,0,0
Kawasaki Frontale,L. Romanić,FW,2026-05-10,0,0,0
Kawasaki Frontale,Marcinho,FW,2026-05-10,0,0,0
Kawasaki Frontale,H. Noda,DF,2026-05-10,0,0,0
Kawkab Athletic Club Marrakech,N. Lougmani,DF,2026-05-05,0,0,0
Kawkab Athletic Club Marrakech,R. Mennioui,DF,2026-05-05,0,0,0
Kawkab Athletic Club Marrakech,H. Founti,FW,2026-05-09,0,0,0
Kawkab Athletic Club Marrakech,H. Fassoukh,DF,2026-05-09,0,0,0
Kawkab Athletic Club Marrakech,A. Hafidi,FW,2026-05-09,0,0,0
Kawkab Athletic Club Marrakech,N. A. Oubna,GK,2026-05-09,0,0,0
Kawkab Athletic Club Marrakech,S. Anrar,DF,2026-05-05,0,0,0
Kawkab Athletic Club Marrakech,H. A. Dahmani,MF,2026-05-05,0,0,0
Kawkab Athletic Club Marrakech,O. Haffari,MF,2026-05-05,0,0,0
Kawkab Athletic Club Marrakech,I. E. Alami,DF,2026-05-09,0,0,0
Kawkab Athletic Club Marrakech,S. A. Sellami,MF,2026-05-09,0,0,0
Kawkab Athletic Club Marrakech,H. Rafa,MF,2026-05-09,0,0,0
Kawkab Athletic Club Marrakech,K. Tamrani,MF,2026-05-09,0,0,0
Kawkab Athletic Club Marrakech,H. E. Janati,MF,2026-05-09,0,0,0
Kayserispor,I. Tuci,FW,2026-05-03,0,0,0
Kayserispor,R. Civelek,MF,2026-05-03,0,0,0
Kayserispor,F. Soyalp,MF,2026-05-03,0,0,0
Kayserispor,G. Sağlam,MF,2026-05-09,0,0,0
Kayserispor,T. Sariarslan,FW,2026-05-03,0,0,0
Kayserispor,O. Piri,GK,2026-05-09,0,0,0
Kayserispor,J. Brenet,DF,2026-05-09,0,0,0
Kayserispor,B. Kapacak,MF,2026-05-09,0,0,0
Kayserispor,S. Mather,FW,2026-05-09,0,0,0
Kayserispor,N. Korkmaz,MF,2026-05-03,0,0,0
Kayserispor,F. Chalov,FW,2026-05-09,0,0,0
Kayserispor,J. Mendes Saraiva,MF,2026-05-09,0,0,0
Kayserispor,D. Makarov,MF,2026-05-09,0,0,0
Kayserispor,S. Denswil,DF,2026-05-09,0,0,0
Kayserispor,C. Mané,MF,2026-05-09,0,0,0
Kilmarnock,D. Watson,MF,2026-05-09,0,0,0
Kilmarnock,L. Mayo,DF,2026-05-09,0,0,0
Kilmarnock,R. McKenzie,MF,2026-05-09,0,0,0
Kilmarnock,B. Anderson,FW,2026-05-09,0,0,0
Kilmarnock,K. Magennis,MF,2026-05-09,0,0,0
Kilmarnock,K. Wright,GK,2026-05-09,0,0,0
Kilmarnock,Z. Williams,DF,2026-05-09,0,0,0
Kilmarnock,L. Polworth,MF,2026-05-09,0,0,0
Kilmarnock,M. Watkins,FW,2026-05-09,0,0,0
Kocaelispor,T. Bingöl,DF,2026-05-09,0,0,0
Kocaelispor,R. Rivas,FW,2026-05-09,0,0,0
Kocaelispor,F. Gedik,FW,2026-05-09,0,0,0
Kocaelispor,G. Değirmenci,GK,2026-05-09,0,0,0
Kocaelispor,M. Cinan,DF,2026-05-09,0,0,0
Kocaelispor,D. Ceylan,DF,2026-05-03,0,0,0
Kocaelispor,S. Yalçın,MF,2026-05-09,0,0,0
Kocaelispor,K. Linetty,MF,2026-05-09,0,0,0
Kocaelispor,A. Sağat,FW,2026-05-03,0,0,0
Kocaelispor,A. Özyar,FW,2026-05-03,0,0,0
Kocaelispor,H. Keita,MF,2026-05-09,0,0,0
Kocaelispor,D. Churlinov,FW,2026-05-09,0,0,0
Kocaelispor,E. Y. Narin,MF,2026-05-09,0,0,0
Konyaspor,R. Bazoer,DF,2026-05-09,0,0,0
Konyaspor,M. Bjorlo,MF,2026-05-09,0,0,0
Konyaspor,J. Jo,MF,2026-05-09,0,0,0
Konyaspor,S. Svendsen,MF,2026-05-09,0,0,0
Konyaspor,R. Baniya,DF,2026-05-09,0,0,0
Konyaspor,Y. Subaşı,DF,2026-05-09,0,0,0
Konyaspor,D. Ertaş,GK,2026-05-09,0,0,0
Konyaspor,I. Esat Buga,MF,2026-05-09,0,0,0
Konyaspor,D. Gonçalves,MF,2026-05-09,0,0,0
Konyaspor,E. Yagmur,FW,2026-05-09,0,0,0
Kristiansund BK,T. H. Svendsen,MF,2026-05-03,0,0,0
Kristiansund BK,J. Isaksen,MF,2026-05-03,0,0,0
Kristiansund BK,N. Odegard,MF,2026-05-03,0,0,0
Kristiansund BK,N. Skuseth,DF,2026-05-03,0,0,0
Kristiansund BK,P. Meliga,FW,2026-05-03,0,0,0
Kristiansund BK,M. Lansing,GK,2026-05-03,0,0,0
Kristiansund BK,A. Børset,DF,2026-05-03,0,0,0
Kristiansund BK,H. S. Magnússon,MF,2026-05-03,0,0,0
Kristiansund BK,H. Haugen,DF,2026-05-03,0,0,0
Kun Khalifat FC,C. Ejiogu,GK,2026-05-03,0,0,0
Kun Khalifat FC,M. Akano,DF,2026-05-03,0,0,0
Kun Khalifat FC,K. Sunday,DF,2026-05-03,0,0,0
Kun Khalifat FC,M. Adamu,MF,2026-05-03,0,0,0
Kun Khalifat FC,E. Oghenetega,MF,2026-05-03,0,0,0
Kun Khalifat FC,S. N. Otu,FW,2026-05-03,0,0,0
Kun Khalifat FC,I. Christogonus,MF,2026-05-03,0,0,0
Kun Khalifat FC,N. Egwijonwu,MF,2026-05-03,0,0,0
Kun Khalifat FC,A. O. Onyedika,MF,2026-05-03,0,0,0
Kuopion Palloseura,S. Savolainen,DF,2026-05-08,0,0,0
Kuopion Palloseura,S. Heiskanen,MF,2026-05-08,0,0,0
Kuopion Palloseura,G. Engvall,FW,2026-05-08,0,0,0
Kuopion Palloseura,A. Heinonen,MF,2026-05-08,0,0,0
Kuopion Palloseura,H. Riihimäki,GK,2026-05-08,0,0,0
Kuopion Palloseura,A. Puukko,DF,2026-05-08,0,0,0
Kuopion Palloseura,K. Ward,DF,2026-05-08,0,0,0
Kuopion Palloseura,K. Adams,DF,2026-05-08,0,0,0
Kuopion Palloseura,S. Solo,MF,2026-05-08,0,0,0
Kwara United,B. Nurudeen,GK,2026-05-03,0,0,0
Kwara United,M. Abdulafeez,DF,2026-05-03,0,0,0
Kwara United,I. Mogaji,MF,2026-05-03,0,0,0
Kwara United,M. Alao,MF,2026-05-03,0,0,0
Kwara United,A. Abdulsalam,FW,2026-05-03,0,0,0
Kyoto Sanga FC,H. A. Tawiah,DF,2026-05-06,0,0,0
Kyoto Sanga FC,M. Okugawa,MF,2026-05-06,0,0,0
Kyoto Sanga FC,T. Matsuda,MF,2026-05-06,0,0,0
Kyoto Sanga FC,S. Asada,DF,2026-05-10,0,0,0
Kyoto Sanga FC,R. Nakano,MF,2026-05-10,0,0,0
Kyoto Sanga FC,M. Murakami,GK,2026-05-10,0,0,0
Kyoto Sanga FC,T. Hirato,MF,2026-05-06,0,0,0
Kyoto Sanga FC,T. Yonemoto,MF,2026-05-06,0,0,0
Kyoto Sanga FC,David,FW,2026-05-06,0,0,0
Kyoto Sanga FC,J. Pedro,MF,2026-05-10,0,0,0
Kyoto Sanga FC,F. Honda,MF,2026-05-10,0,0,0
Kyoto Sanga FC,Rafael Elias,FW,2026-05-10,0,0,0
Kyoto Sanga FC,T. Hiraoka,MF,2026-05-10,0,0,0
Kyoto Sanga FC,Y. Ishida,DF,2026-05-10,0,0,0
Kyoto Sanga FC,H. Arai,MF,2026-05-10,0,0,0
LA Galaxy,E. Cerrillo,MF,2026-05-03,0,0,0
LA Galaxy,E. Wynder,MF,2026-05-10,0,0,0
LA Galaxy,M. Yamane,DF,2026-05-10,0,0,0
LA Galaxy,M. Yoshida,DF,2026-05-10,0,0,0
LA Galaxy,T. Elgersma,MF,2026-05-10,0,0,0
LA Galaxy,N. Mićović,GK,2026-05-10,0,0,0
LA Galaxy,C. Rindov,DF,2026-05-03,0,0,0
LA Galaxy,I. Parente,MF,2026-05-10,0,0,0
LA Galaxy,R. Ramos,FW,2026-05-10,0,0,0
LA Galaxy,M. Reus,MF,2026-05-10,0,0,0
LA Galaxy,E. Thommy,MF,2026-05-10,0,0,0
LDU,A. Dominguez,GK,2026-05-08,0,0,0
LDU,R. Adé,DF,2026-05-08,0,0,0
LDU,A. Tobar,MF,2026-05-08,0,0,0
LDU,M. Estrada,FW,2026-05-08,0,0,0
LDU,K. Minda,MF,2026-05-08,0,0,0
LDU,R. Redes,FW,2026-05-08,0,0,0
LDU,J. Caicedo,DF,2026-05-08,0,0,0
LDU,E. Castillo,MF,2026-05-08,0,0,0
LDU,A. Alvarado,MF,2026-05-08,0,0,0
LDU,E. Gomez,MF,2026-05-08,0,0,0
LDU,J. Calle,MF,2026-05-08,0,0,0
LDU,R. Mina,MF,2026-05-08,0,0,0
Las Palmas,A. García,DF,2026-05-10,0,0,0
Las Palmas,T. Miyashiro,FW,2026-05-03,0,0,0
Las Palmas,M. Park,DF,2026-05-10,0,0,0
Las Palmas,I. Bravo,FW,2026-05-10,0,0,0
Las Palmas,J. Herzog,DF,2026-05-03,0,0,0
Las Palmas,I. Gil,MF,2026-05-10,0,0,0
Las Palmas,A. Suárez,DF,2026-05-10,0,0,0
Las Palmas,J. Caro,GK,2026-05-10,0,0,0
Las Palmas,Pejiño,FW,2026-05-10,0,0,0
Las Palmas,J. Viera,MF,2026-05-03,0,0,0
Las Palmas,I. González,MF,2026-05-10,0,0,0
Las Palmas,N. Benedetti,MF,2026-05-10,0,0,0
Las Palmas,C. Gutiérrez,DF,2026-05-10,0,0,0
Las Palmas,I. Medina,FW,2026-05-10,0,0,0
Las Vegas Lights,A. Okyere,MF,2026-05-03,0,0,0
Las Vegas Lights,M. Arteaga,FW,2026-05-10,0,0,0
Las Vegas Lights,B. Ofeimu,DF,2026-05-10,0,0,0
Las Vegas Lights,C. Locker,MF,2026-05-03,0,0,0
Las Vegas Lights,N. Pickering,FW,2026-05-10,0,0,0
Las Vegas Lights,C. Miller,GK,2026-05-10,0,0,0
Las Vegas Lights,J. Forbes,DF,2026-05-10,0,0,0
Las Vegas Lights,B. Mines,FW,2026-05-10,0,0,0
Las Vegas Lights,H. Bwana,FW,2026-05-10,0,0,0
Las Vegas Lights,K. Scott,MF,2026-05-10,0,0,0
Lazio,N. Rovella,MF,2026-05-04,0,0,0
Lazio,T. Noslin,FW,2026-05-04,0,0,0
Lazio,F. Dele-Bashiru,MF,2026-05-04,0,0,0
Lazio,B. Dia,FW,2026-05-09,0,0,0
Lazio,P. Nicolo,GK,2026-05-04,0,0,0
Lazio,G. Giacomone,GK,2026-05-09,0,0,0
Lazio,L. Pellegrini,DF,2026-05-04,0,0,0
Lazio,M. Lazzari,MF,2026-05-09,0,0,0
Lazio,R. Belahyane,MF,2026-05-09,0,0,0
Lazio,A. Przyborek,MF,2026-05-09,0,0,0
Lazio,P. Ratkov,FW,2026-05-09,0,0,0
Lazio,Patric,DF,2026-05-09,0,0,0
Lazio,O. Provstgaard,DF,2026-05-09,0,0,0
Lazio,G. Isaksen,FW,2026-05-09,0,0,0
Lazio,A. Furlanetto,GK,2026-05-09,0,0,0
Lazio,N. Tavares,DF,2026-05-09,0,0,0
Lazio,S. Gigot,DF,2026-05-09,0,0,0
Lazio,E. Hysaj,DF,2026-05-09,0,0,0
Lazio,K. Taylor,MF,2026-05-09,0,0,0
Lazio,D. Maldini,FW,2026-05-09,0,0,0
Le Havre,T. Pembele,DF,2026-05-03,0,0,0
Le Havre,Y. Kechta,MF,2026-05-03,0,0,0
Le Havre,E. Koffi,FW,2026-05-03,0,0,0
Le Havre,É. Y. Kinkoue,DF,2026-05-03,0,0,0
Le Havre,L. Mpasi Nzau,GK,2026-05-03,0,0,0
Le Havre,D. N. Mosengo,MF,2026-05-03,0,0,0
Le Havre,Y. B. Djellel,FW,2026-05-03,0,0,0
Le Havre,G. Kyeremeh,FW,2026-05-03,0,0,0
Le Havre,F. Mambimbi,FW,2026-05-03,0,0,0
Lecce,G. Jean,DF,2026-05-09,0,0,0
Lecce,T. Helgason,MF,2026-05-09,0,0,0
Lecce,F. Camarda,FW,2026-05-09,0,0,0
Lecce,N. Konan,FW,2026-05-09,0,0,0
Lecce,J. Samooja,GK,2026-05-09,0,0,0
Lecce,C. Früchtl,GK,2026-05-09,0,0,0
Lecce,C. Ndaba,DF,2026-05-09,0,0,0
Lecce,O. Gandelman,MF,2026-05-09,0,0,0
Lecce,O. Gorter,MF,2026-05-09,0,0,0
Lecce,N. Kovač,MF,2026-05-09,0,0,0
Lecce,F. Marchwiński,MF,2026-05-09,0,0,0
Lecce,A. Sala,MF,2026-05-09,0,0,0
Lecce,N. Štulić,FW,2026-05-09,0,0,0
Lech Poznań,R. Gumny,DF,2026-05-08,0,0,0
Lech Poznań,F. Jagiełło,MF,2026-05-08,0,0,0
Lech Poznań,D. Håkans,MF,2026-05-08,0,0,0
Lech Poznań,Y. Agnero,FW,2026-05-08,0,0,0
Lech Poznań,M. Pruchniewski,GK,2026-05-08,0,0,0
Lech Poznań,P. Andreev,GK,2026-05-08,0,0,0
Lech Poznań,M. Skrzypczak,DF,2026-05-08,0,0,0
Lech Poznań,T. Ismaheel,MF,2026-05-08,0,0,0
Lech Poznań,R. Murawski,MF,2026-05-08,0,0,0
Levante UD,P. Ali,DF,2026-05-10,0,0,0
Levante UD,M. Gabaldón,DF,2026-05-06,0,0,0
Levante UD,C. Marín,MF,2026-05-06,0,0,0
Levante UD,I. Rizo,FW,2026-05-10,0,0,0
Levante UD,D. Fernandez,MF,2026-05-10,0,0,0
Levante UD,A. Tarazona,GK,2026-05-10,0,0,0
Levante UD,N. Traoré,FW,2026-05-10,0,0,0
Levante UD,N. Perez,DF,2026-05-08,0,0,0
Levante UD,R. Brugué,MF,2026-05-08,0,0,0
Levante UD,J. L. Morales,FW,2026-05-08,0,0,0
Levante UD,A. Matturro,DF,2026-05-08,0,0,0
Levante UD,E. Eyong,FW,2026-05-08,0,0,0
Levante UD,T. A. Kassus,FW,2026-05-08,0,0,0
Levante UD,P. Cuñat,GK,2026-05-08,0,0,0
Levante UD,D. Pampín,DF,2026-05-08,0,0,0
Levante UD,U. Raghouber,MF,2026-05-08,0,0,0
Levante UD,I. Losada,FW,2026-05-08,0,0,0
Levante UD,U. Vencedor,MF,2026-05-08,0,0,0
Levante UD,P. Cortés,FW,2026-05-08,0,0,0
Levante UD,R. Carrasco,DF,2026-05-10,0,0,0
Levante UD,A. Bascuñan,MF,2026-05-10,0,0,0
Levante UD,A. Álvarez,GK,2026-05-10,0,0,0
Levante UD,E. L. Guilly,DF,2026-05-10,0,0,0
Levante UD,Gonzi,MF,2026-05-10,0,0,0
Levante UD,N. Escoms,MF,2026-05-10,0,0,0
Levante UD,Z. Agama,FW,2026-05-10,0,0,0
Levski Sofia,M. Soula,MF,2026-05-09,0,0,0
Levski Sofia,M. Sangaré,FW,2026-05-09,0,0,0
Levski Sofia,N. Serafimov,DF,2026-05-09,0,0,0
Levski Sofia,G. Trdin,MF,2026-05-09,0,0,0
Levski Sofia,M. Lukov,GK,2026-05-09,0,0,0
Levski Sofia,Aldair,DF,2026-05-09,0,0,0
Levski Sofia,A. Mitkov,MF,2026-05-09,0,0,0
Levski Sofia,C. Ohene,MF,2026-05-09,0,0,0
Levski Sofia,Perea,FW,2026-05-09,0,0,0
Lexington SC,N. Firmino,MF,2026-05-03,0,0,0
Lexington SC,T. Scott,FW,2026-05-09,0,0,0
Lexington SC,J. Lewis,FW,2026-05-09,0,0,0
Lexington SC,G. Addams,GK,2026-05-09,0,0,0
Lexington SC,M. Muir,DF,2026-05-09,0,0,0
Lexington SC,J. Hafferty,DF,2026-05-03,0,0,0
Lexington SC,M. Henry-Scott,FW,2026-05-09,0,0,0
Lexington SC,A. Caborn,DF,2026-05-09,0,0,0
Lexington SC,A. Midence,MF,2026-05-09,0,0,0
Lexington SC,M. Yosef,FW,2026-05-09,0,0,0
Liaoning Tieren FC,Y. Tian,FW,2026-05-10,0,0,0
Liaoning Tieren FC,L. Haoran,DF,2026-05-05,0,0,0
Liaoning Tieren FC,J. Gao,DF,2026-05-10,0,0,0
Liaoning Tieren FC,D. Xu,DF,2026-05-10,0,0,0
Liaoning Tieren FC,D. Tian,MF,2026-05-10,0,0,0
Liaoning Tieren FC,K. Ablet,GK,2026-05-05,0,0,0
Liaoning Tieren FC,W. Tian'ai,GK,2026-05-05,0,0,0
Liaoning Tieren FC,Z. Tian,DF,2026-05-10,0,0,0
Liaoning Tieren FC,S. Pang,DF,2026-05-10,0,0,0
Liaoning Tieren FC,J. Zheng,DF,2026-05-10,0,0,0
Liaoning Tieren FC,Z. Hongfu,DF,2026-05-10,0,0,0
Liaoning Tieren FC,G. Mbenza,FW,2026-05-10,0,0,0
Liaoning Tieren FC,Z. Yifeng,FW,2026-05-10,0,0,0
Liaoning Tieren FC,R. Han,GK,2026-05-10,0,0,0
Libertad,A. González,GK,2026-05-06,0,0,0
Libertad,E. Díaz,DF,2026-05-06,0,0,0
Libertad,R. Villalba,DF,2026-05-06,0,0,0
Libertad,Matías Rojas,MF,2026-05-06,0,0,0
Libertad,A. Molinas,MF,2026-05-06,0,0,0
Libertad,J. Recalde,MF,2026-05-06,0,0,0
Libertad,E. Villalba,DF,2026-05-06,0,0,0
Libertad,N. Giménez,DF,2026-05-06,0,0,0
Libertad,T. Fernandez,DF,2026-05-06,0,0,0
Libertad,H. Martínez,MF,2026-05-06,0,0,0
Libertad,P. Villalba,MF,2026-05-06,0,0,0
Libertad,H. Caballero,MF,2026-05-06,0,0,0
Lille,E. Mbappé,MF,2026-05-03,0,0,0
Lille,C. Verdonk,DF,2026-05-03,0,0,0
Lille,O. Giroud,FW,2026-05-03,0,0,0
Lille,G. Perrin,FW,2026-05-03,0,0,0
Lille,A. Bodart,GK,2026-05-03,0,0,0
Lille,C. Mbemba,DF,2026-05-03,0,0,0
Lille,A. Ribeiro,DF,2026-05-03,0,0,0
Lille,O. Sahraoui,FW,2026-05-03,0,0,0
Lillestrøm SK,C. Jebara,FW,2026-05-10,0,0,0
Lillestrøm SK,Y. Paintsil,MF,2026-05-03,0,0,0
Lillestrøm SK,H. Woxen,MF,2026-05-10,0,0,0
Lillestrøm SK,K. L. Alperud,MF,2026-05-10,0,0,0
Lillestrøm SK,S. Hagerup,GK,2026-05-10,0,0,0
Lillestrøm SK,S. M. Foss,DF,2026-05-10,0,0,0
Lillestrøm SK,E. B. Garnås,DF,2026-05-10,0,0,0
Lillestrøm SK,J. Kitolano,DF,2026-05-10,0,0,0
Lillestrøm SK,F. Elkær,DF,2026-05-10,0,0,0
Lillestrøm SK,E. Lucky,MF,2026-05-10,0,0,0
Liverpool FC,R. Ngumoha,FW,2026-05-03,0,0,0
Liverpool FC,F. Chiesa,FW,2026-05-09,0,0,0
Liverpool FC,Á. Pécsi,GK,2026-05-03,0,0,0
Liverpool FC,J. Gomez,DF,2026-05-09,0,0,0
Liverpool FC,T. Ndiaye,DF,2026-05-09,0,0,0
Liverpool FC,T. Nyoni,MF,2026-05-09,0,0,0
Liverpool FC,K. Morrison,MF,2026-05-09,0,0,0
Liverpool FC,W. Wright,FW,2026-05-09,0,0,0
Liverpool FC,A. Isak,FW,2026-05-09,0,0,0
Liverpool FC,F. Woodman,GK,2026-05-09,0,0,0
Liverpool FC,A. Robertson,DF,2026-05-09,0,0,0
Livingston,R. Muirhead,FW,2026-05-09,0,0,0
Livingston,S. May,FW,2026-05-09,0,0,0
Livingston,C. Montano,DF,2026-05-09,0,0,0
Livingston,E. Danso,MF,2026-05-09,0,0,0
Livingston,J. Hamilton,GK,2026-05-09,0,0,0
Livingston,B. Fati,DF,2026-05-09,0,0,0
Livingston,S. Lawal,MF,2026-05-09,0,0,0
Livingston,A. Denholm,MF,2026-05-09,0,0,0
Livingston,J. Zimmerman,FW,2026-05-09,0,0,0
Lokomotiv Plovdiv,M. Trdan,MF,2026-05-08,0,0,0
Lokomotiv Plovdiv,Z. Dinev,FW,2026-05-03,0,0,0
Lokomotiv Plovdiv,J. Lamy,MF,2026-05-08,0,0,0
Lokomotiv Plovdiv,M. Atanasov,MF,2026-05-08,0,0,0
Lokomotiv Plovdiv,F. Politino,MF,2026-05-08,0,0,0
Lokomotiv Plovdiv,P. Zovko,GK,2026-05-08,0,0,0
Lokomotiv Plovdiv,K. Kostov,DF,2026-05-08,0,0,0
Lokomotiv Plovdiv,D. Kirashki,DF,2026-05-03,0,0,0
Lokomotiv Plovdiv,A. Velev,FW,2026-05-08,0,0,0
Lokomotiv Plovdiv,P. Umarbaev,MF,2026-05-08,0,0,0
Lokomotiv Plovdiv,D. Iliev,FW,2026-05-08,0,0,0
Lokomotiv Sofia,D. Ali,DF,2026-05-09,0,0,0
Lokomotiv Sofia,K. Miloshev,MF,2026-05-09,0,0,0
Lokomotiv Sofia,J. Ibe,MF,2026-05-09,0,0,0
Lokomotiv Sofia,S. Dembélé,DF,2026-05-09,0,0,0
Lokomotiv Sofia,G. Emil,FW,2026-05-09,0,0,0
Lokomotiv Sofia,A. Lyubenov,GK,2026-05-05,0,0,0
Lokomotiv Sofia,I. Lagundžić,DF,2026-05-05,0,0,0
Lokomotiv Sofia,D. Raposo,MF,2026-05-05,0,0,0
Lokomotiv Sofia,Luann,MF,2026-05-05,0,0,0
Lokomotiv Sofia,D. Açka,MF,2026-05-09,0,0,0
Lokomotiv Sofia,C. C. Alves,FW,2026-05-09,0,0,0
Lokomotiv Sofia,M. Velichkov,GK,2026-05-09,0,0,0
Lokomotiv Sofia,N. Neychev,DF,2026-05-09,0,0,0
Lommel SK,N. Rommens,MF,2026-05-09,0,0,0
Lommel SK,Z. Vancsa,MF,2026-05-09,0,0,0
Lommel SK,R. v. Duiven,FW,2026-05-09,0,0,0
Lommel SK,T. Eyoma,DF,2026-05-09,0,0,0
Lommel SK,N. Ivezić,GK,2026-05-09,0,0,0
Lommel SK,H. Oware,DF,2026-05-09,0,0,0
Lommel SK,M. S. E. Boukammiri,FW,2026-05-09,0,0,0
Lommel SK,A. Reumers,FW,2026-05-09,0,0,0
Lommel SK,N. Corthouts,FW,2026-05-09,0,0,0
Londrina,Luan,GK,2026-05-03,0,0,0
Londrina,Heron,DF,2026-05-03,0,0,0
Londrina,T. Cantanhede,MF,2026-05-03,0,0,0
Londrina,P. Moccelin,FW,2026-05-03,0,0,0
Londrina,C. Maia,FW,2026-05-03,0,0,0
Londrina,G. Lacerda,DF,2026-05-03,0,0,0
Londrina,A. Dhominique,DF,2026-05-03,0,0,0
Londrina,K. Leonardo,DF,2026-05-03,0,0,0
Londrina,A. Cardoso,MF,2026-05-03,0,0,0
Londrina,Fabiano,MF,2026-05-03,0,0,0
Londrina,W. Chumbinho,MF,2026-05-03,0,0,0
Los Angeles FC,M. Delgado,MF,2026-05-03,0,0,0
Los Angeles FC,D. M. Morales,FW,2026-05-03,0,0,0
Los Angeles FC,S. Heung-min,FW,2026-05-03,0,0,0
Los Angeles FC,T. Boyd,FW,2026-05-03,0,0,0
Los Angeles FC,M. Choinière,MF,2026-05-03,0,0,0
Los Angeles FC,A. Smoliakov,DF,2026-05-03,0,0,0
Los Angeles FC,T. Hasal,GK,2026-05-03,0,0,0
Los Angeles FC,R. Porteous,DF,2026-05-03,0,0,0
Los Angeles FC,S. Palencia,DF,2026-05-03,0,0,0
Loudoun United FC,A. Souper,MF,2026-05-10,0,0,0
Loudoun United FC,A. Ordóñez,FW,2026-05-10,0,0,0
Loudoun United FC,J. Panayotou,MF,2026-05-10,0,0,0
Loudoun United FC,L. Herrera,GK,2026-05-10,0,0,0
Loudoun United FC,E. Bandré,GK,2026-05-10,0,0,0
Loudoun United FC,L. Piras,DF,2026-05-10,0,0,0
Loudoun United FC,M. Dias,MF,2026-05-10,0,0,0
Louisville City FC,E. Davila,MF,2026-05-10,0,0,0
Louisville City FC,C. Donovan,FW,2026-05-10,0,0,0
Louisville City FC,R. Serrano,FW,2026-05-10,0,0,0
Louisville City FC,A. Dia,DF,2026-05-10,0,0,0
Louisville City FC,Q. Huerman,MF,2026-05-10,0,0,0
Louisville City FC,H. Fauroux,GK,2026-05-10,0,0,0
Louisville City FC,T. Weinrich,FW,2026-05-10,0,0,0
Louisville City FC,S. Gleadle,FW,2026-05-10,0,0,0
Ludogorets,A. Salido,FW,2026-05-09,0,0,0
Ludogorets,O. Verdon,DF,2026-05-03,0,0,0
Ludogorets,S. Padt,GK,2026-05-09,0,0,0
Ludogorets,S. Shishkov,DF,2026-05-09,0,0,0
Ludogorets,G. Terziev,DF,2026-05-09,0,0,0
Ludogorets,G. Penev,MF,2026-05-09,0,0,0
Ludogorets,E. Syrov,MF,2026-05-09,0,0,0
Ludogorets,Y. E. Bile,FW,2026-05-09,0,0,0
Ludogorets,K. Dimitrov,FW,2026-05-09,0,0,0
Ludogorets,I. Yordanov,MF,2026-05-09,0,0,0
MAS de Fès,Z. Hamadi,DF,2026-05-07,0,0,0
MAS de Fès,K. Seakanyeng,MF,2026-05-07,0,0,0
MAS de Fès,E. H. Brija,MF,2026-05-07,0,0,0
MAS de Fès,H. Afsal,MF,2026-05-07,0,0,0
MAS de Fès,K. Yamga,MF,2026-05-07,0,0,0
MAS de Fès,O. Errahmany,GK,2026-05-07,0,0,0
MAS de Fès,S. Faiz,DF,2026-05-07,0,0,0
MAS de Fès,A. Oudrhiri,MF,2026-05-07,0,0,0
MAS de Fès,Y. Dalouzi,MF,2026-05-07,0,0,0
MGS Panserraikos,S. Sallam,MF,2026-05-09,0,0,0
MGS Panserraikos,M. Sofianos,FW,2026-05-09,0,0,0
MGS Panserraikos,Y. Armougom,DF,2026-05-09,0,0,0
MGS Panserraikos,A. Maskanakis,MF,2026-05-09,0,0,0
MGS Panserraikos,A. Tsobanidis,GK,2026-05-09,0,0,0
MGS Panserraikos,I. Gelashvili,DF,2026-05-09,0,0,0
MGS Panserraikos,A. Karasalidis,DF,2026-05-09,0,0,0
MGS Panserraikos,C. Georgiadis,DF,2026-05-09,0,0,0
MGS Panserraikos,A. Liasos,MF,2026-05-09,0,0,0
MGS Panserraikos,E. D. Brooks,MF,2026-05-09,0,0,0
MGS Panserraikos,V. Roumiantsev,MF,2026-05-09,0,0,0
MGS Panserraikos,A. Teixeira,FW,2026-05-09,0,0,0
MKS Korona Kielce,H. Zwozny,DF,2026-05-08,0,0,0
MKS Korona Kielce,S. Davidović,MF,2026-05-08,0,0,0
MKS Korona Kielce,Nono,MF,2026-05-08,0,0,0
MKS Korona Kielce,V. Nikolov,FW,2026-05-08,0,0,0
MKS Korona Kielce,K. Matuszewski,DF,2026-05-08,0,0,0
MKS Korona Kielce,R. Mamla,GK,2026-05-08,0,0,0
MKS Korona Kielce,V. Popov,DF,2026-05-08,0,0,0
MKS Korona Kielce,S. Rubežić,DF,2026-05-08,0,0,0
MKS Korona Kielce,N. Niski,DF,2026-05-08,0,0,0
MKS Korona Kielce,W. Kamiński,MF,2026-05-08,0,0,0
MKS Korona Kielce,A. Hańćko,MF,2026-05-08,0,0,0
MZKS Arka Gdynia,M. Rzuchowski,MF,2026-05-08,0,0,0
MZKS Arka Gdynia,E. Espiau,FW,2026-05-08,0,0,0
MZKS Arka Gdynia,N. Rusyn,FW,2026-05-08,0,0,0
MZKS Arka Gdynia,D. Kocyła,MF,2026-05-08,0,0,0
MZKS Arka Gdynia,P. Szysz,MF,2026-05-08,0,0,0
MZKS Arka Gdynia,M. Navarro,DF,2026-05-08,0,0,0
MZKS Arka Gdynia,S. Szota,DF,2026-05-08,0,0,0
MZKS Arka Gdynia,A. Sidibe,MF,2026-05-08,0,0,0
MZKS Arka Gdynia,J. Oliveira,MF,2026-05-08,0,0,0
Macará,J. Espinoza,DF,2026-05-07,0,0,0
Macará,L. Espinoza,MF,2026-05-07,0,0,0
Macará,G. Blanc,MF,2026-05-07,0,0,0
Macará,J. Klinger,FW,2026-05-07,0,0,0
Macará,L. Ferro,FW,2026-05-07,0,0,0
Macará,J. Mohor,MF,2026-05-07,0,0,0
Macará,D. Cuero,GK,2026-05-07,0,0,0
Macará,D. Bolanos,MF,2026-05-07,0,0,0
Macará,M. Medranda,DF,2026-05-07,0,0,0
Macará,J. Jiménez,DF,2026-05-07,0,0,0
Macará,J. Chalá,FW,2026-05-07,0,0,0
Macará,T. Chamba,MF,2026-05-07,0,0,0
Machida Zelvia,T. Morita,GK,2026-05-10,0,0,0
Machida Zelvia,I. Drešević,DF,2026-05-03,0,0,0
Machida Zelvia,F. Tokumura,FW,2026-05-03,0,0,0
Machida Zelvia,R. Shirasaki,MF,2026-05-10,0,0,0
Machida Zelvia,K. Sento,MF,2026-05-10,0,0,0
Machida Zelvia,A. Masuyama,MF,2026-05-10,0,0,0
Machida Zelvia,H. H. Mochizuki,DF,2026-05-03,0,0,0
Machida Zelvia,H. Shimoda,MF,2026-05-03,0,0,0
Machida Zelvia,S. Fujio,FW,2026-05-10,0,0,0
Machida Zelvia,H. Nakamura,DF,2026-05-06,0,0,0
Machida Zelvia,S. Na,FW,2026-05-06,0,0,0
Machida Zelvia,H. Mae,MF,2026-05-06,0,0,0
Machida Zelvia,B. Vásquez,MF,2026-05-06,0,0,0
Machida Zelvia,K. Kuwayama,FW,2026-05-10,0,0,0
Machida Zelvia,K. Min-Tae,DF,2026-05-10,0,0,0
Machida Zelvia,T. Imai,DF,2026-05-10,0,0,0
Machida Zelvia,C. Mayaka,MF,2026-05-06,0,0,0
Machida Zelvia,K. Hayashi,DF,2026-05-10,0,0,0
Magic United TFA,R. Smith,DF,2026-05-10,0,0,0
Magic United TFA,J. Dimarco,FW,2026-05-10,0,0,0
Magic United TFA,J. Squires,FW,2026-05-10,0,0,0
Magic United TFA,C. Fenton,DF,2026-05-10,0,0,0
Magic United TFA,D. Mercuri,MF,2026-05-10,0,0,0
Magic United TFA,T. Caldwell,MF,2026-05-10,0,0,0
Mallorca,T. Lato,DF,2026-05-10,0,0,0
Mallorca,M. Calatayud,DF,2026-05-10,0,0,0
Mallorca,J. Virgili,FW,2026-05-10,0,0,0
Mallorca,D. López,DF,2026-05-10,0,0,0
Mallorca,I. Cuéllar,GK,2026-05-10,0,0,0
Mallorca,J. Olaizola,DF,2026-05-10,0,0,0
Mallorca,L. Orejuela,DF,2026-05-10,0,0,0
Mallorca,T. Asano,FW,2026-05-10,0,0,0
Mallorca,C. Riba,MF,2026-05-10,0,0,0
Mallorca,J. Llabrés,FW,2026-05-10,0,0,0
Mallorca,A. Prats,FW,2026-05-10,0,0,0
Malmö FF,D. T. Gudjohnsen,FW,2026-05-03,0,0,0
Malmö FF,T. Ali,MF,2026-05-03,0,0,0
Malmö FF,Busanello,DF,2026-05-03,0,0,0
Malmö FF,K. Busuladzic,MF,2026-05-03,0,0,0
Malmö FF,J. Milosavljević,MF,2026-05-03,0,0,0
Malmö FF,W. N. Lundgren,GK,2026-05-03,0,0,0
Malmö FF,M. Palsson,DF,2026-05-03,0,0,0
Malmö FF,J. Karlsson,DF,2026-05-03,0,0,0
Malmö FF,A. Höög,MF,2026-05-03,0,0,0
Manchester City,P. Foden,MF,2026-05-09,0,0,0
Manchester City,M. Kovačić,MF,2026-05-09,0,0,0
Manchester City,O. Marmoush,FW,2026-05-09,0,0,0
Manchester City,J. Trafford,GK,2026-05-09,0,0,0
Manchester City,R. Aït-Nouri,DF,2026-05-09,0,0,0
Manchester City,J. Stones,DF,2026-05-09,0,0,0
Manchester City,N. Aké,DF,2026-05-04,0,0,0
Manchester City,T. Reijnders,MF,2026-05-04,0,0,0
Manchester City,Savinho,FW,2026-05-09,0,0,0
Manchester City,R. Dias,DF,2026-05-09,0,0,0
Manchester City,N. González,MF,2026-05-09,0,0,0
Manchester United,A. Diallo,FW,2026-05-03,0,0,0
Manchester United,P. Dorgu,DF,2026-05-09,0,0,0
Manchester United,J. Zirkzee,FW,2026-05-03,0,0,0
Manchester United,L. Yoro,DF,2026-05-09,0,0,0
Manchester United,A. Bayındır,GK,2026-05-09,0,0,0
Manchester United,T. Malacia,DF,2026-05-09,0,0,0
Manchester United,N. Mazraoui,DF,2026-05-03,0,0,0
Manchester United,M. Ugarte,MF,2026-05-03,0,0,0
Manchester United,M. Mount,MF,2026-05-03,0,0,0
Manchester United,B. Mbeumo,FW,2026-05-09,0,0,0
Manchester United,D. Dalot,DF,2026-05-09,0,0,0
Manchester United,A. Heaven,DF,2026-05-09,0,0,0
Manchester United,J. Fletcher,MF,2026-05-09,0,0,0
Manchester United,T. Fletcher,MF,2026-05-09,0,0,0
Miami FC,J. Soñora,MF,2026-05-08,0,0,0
Miami FC,R. d. Costa,FW,2026-05-08,0,0,0
Miami FC,T. Musto,MF,2026-05-08,0,0,0
Miami FC,M. Ndongo,FW,2026-05-08,0,0,0
Miami FC,F. Rodriguez,GK,2026-05-08,0,0,0
Miami FC,W. Yacoubou,DF,2026-05-08,0,0,0
Miami FC,M. Diallo,MF,2026-05-08,0,0,0
Middlesbrough,J. Sarmiento,MF,2026-05-09,0,0,0
Middlesbrough,A. Browne,MF,2026-05-09,0,0,0
Middlesbrough,L. Castledine,MF,2026-05-09,0,0,0
Middlesbrough,J. Wildsmith,GK,2026-05-09,0,0,0
Middlesbrough,H. Hunt,DF,2026-05-09,0,0,0
Middlesbrough,S. Silvera,FW,2026-05-09,0,0,0
Middlesbrough,A. Gilbert,FW,2026-05-09,0,0,0
Middlesbrough,S. Hansen,FW,2026-05-09,0,0,0
Middlesbrough,C. Ibeh,FW,2026-05-09,0,0,0
Millonarios,S. Martín,FW,2026-05-08,0,0,0
Millonarios,J. Hurtado,FW,2026-05-08,0,0,0
Millonarios,J. Angulo,DF,2026-05-08,0,0,0
Millonarios,B. Castro,FW,2026-05-08,0,0,0
Millonarios,S. Vega,MF,2026-05-08,0,0,0
Millonarios,D. Banguero,DF,2026-05-08,0,0,0
Millonarios,G. De Amores,GK,2026-05-08,0,0,0
Millonarios,E. Elizalde,DF,2026-05-08,0,0,0
Millonarios,A. Castro,FW,2026-05-08,0,0,0
Millonarios,S. Mosquera,FW,2026-05-08,0,0,0
Millwall,L. Cundle,MF,2026-05-08,0,0,0
Millwall,B. Bannan,MF,2026-05-08,0,0,0
Millwall,A. Doughty,MF,2026-05-08,0,0,0
Millwall,M. Ivanović,FW,2026-05-08,0,0,0
Millwall,M. Crocombe,GK,2026-05-08,0,0,0
Millwall,D. McNamara,DF,2026-05-08,0,0,0
Millwall,B. Mitchell,MF,2026-05-08,0,0,0
Millwall,T. Watson,FW,2026-05-08,0,0,0
Millwall,M. Langstaff,FW,2026-05-08,0,0,0
Mirandés,P. Pérez,DF,2026-05-04,0,0,0
Mirandés,T. Tamarit,FW,2026-05-04,0,0,0
Mirandés,M. Malsa,MF,2026-05-04,0,0,0
Mirandés,I. Nikić,GK,2026-05-04,0,0,0
Mirandés,M. Pascual,DF,2026-05-04,0,0,0
Mirandés,I. Córdoba,DF,2026-05-04,0,0,0
Mirandés,D. Sia,FW,2026-05-04,0,0,0
Mirassol,Yuri,MF,2026-05-08,0,0,0
Mirassol,A. Galeano,FW,2026-05-08,0,0,0
Mirassol,A. Luis,FW,2026-05-08,0,0,0
Mirassol,Eduardo,MF,2026-05-08,0,0,0
Mirassol,Rodrigues,DF,2026-05-08,0,0,0
Mirassol,A. Muralha,GK,2026-05-08,0,0,0
Mirassol,Thomazella,GK,2026-05-04,0,0,0
Mirassol,D. Borges,DF,2026-05-08,0,0,0
Mirassol,L. Mugni,MF,2026-05-08,0,0,0
Mirassol,Chico,MF,2026-05-08,0,0,0
Mirassol,Nathan Fogaça,FW,2026-05-08,0,0,0
Mirassol,Everton Galdino,FW,2026-05-04,0,0,0
Mirassol,V. Luis,DF,2026-05-08,0,0,0
Mirassol,J. Aldo,MF,2026-05-08,0,0,0
Mito Hollyhock,T. Iida,DF,2026-05-06,0,0,0
Mito Hollyhock,H. Yamamoto,MF,2026-05-06,0,0,0
Mito Hollyhock,K. Ando,MF,2026-05-09,0,0,0
Mito Hollyhock,P. Ferreira,FW,2026-05-09,0,0,0
Mito Hollyhock,S. Matsubara,GK,2026-05-09,0,0,0
Mito Hollyhock,K. Kawakami,MF,2026-05-06,0,0,0
Mito Hollyhock,Y. Torikai,MF,2026-05-06,0,0,0
Mito Hollyhock,K. Tada,FW,2026-05-06,0,0,0
Mito Hollyhock,M. Leiria,FW,2026-05-09,0,0,0
Mito Hollyhock,K. Osaki,MF,2026-05-09,0,0,0
Mito Hollyhock,R. Nemoto,FW,2026-05-09,0,0,0
Mito Hollyhock,C. Kato,MF,2026-05-09,0,0,0
Mito Hollyhock,S. Yamashita,MF,2026-05-09,0,0,0
Mito Hollyhock,S. Aihara,FW,2026-05-09,0,0,0
Mjällby AIF,M. Nielsen,DF,2026-05-03,0,0,0
Mjällby AIF,J. Kjaer,MF,2026-05-03,0,0,0
Mjällby AIF,T. Pettersson,DF,2026-05-03,0,0,0
Mjällby AIF,R. Leandersson,MF,2026-05-03,0,0,0
Mjällby AIF,L. Tidstrand,MF,2026-05-09,0,0,0
Mjällby AIF,A. Lundin,GK,2026-05-09,0,0,0
Mjällby AIF,O. Lindberg,MF,2026-05-03,0,0,0
Mjällby AIF,Á. Samuelsen,FW,2026-05-09,0,0,0
Mjällby AIF,B. Bang-Kittilsen,FW,2026-05-09,0,0,0
Mjällby AIF,V. Gustafson,MF,2026-05-09,0,0,0
Mjällby AIF,A. Norén,DF,2026-05-09,0,0,0
Mjällby AIF,T. Stavitski,FW,2026-05-09,0,0,0
Mjällby AIF,L. Svanberg,DF,2026-05-09,0,0,0
Mjällby AIF,T. Helge,MF,2026-05-09,0,0,0
Molde FK,V. Hoff,MF,2026-05-04,0,0,0
Molde FK,I. F. Gosik,FW,2026-05-04,0,0,0
Molde FK,Blerton,MF,2026-05-04,0,0,0
Molde FK,O. Spiten-Nysæter,FW,2026-05-04,0,0,0
Molde FK,E. Haugan,DF,2026-05-04,0,0,0
Molde FK,P. H. Lervik,GK,2026-05-04,0,0,0
Molde FK,M. Linnes,DF,2026-05-04,0,0,0
Molde FK,V. Bender,MF,2026-05-04,0,0,0
Molde FK,T. K. Doherty,FW,2026-05-04,0,0,0
Monterey Bay FC,G. Lomtadze,FW,2026-05-09,0,0,0
Monterey Bay FC,R. Nakamura,MF,2026-05-09,0,0,0
Monterey Bay FC,W. Leggett,FW,2026-05-09,0,0,0
Monterey Bay FC,S. Ritchie,DF,2026-05-04,0,0,0
Monterey Bay FC,R. Bidois,FW,2026-05-09,0,0,0
Monterey Bay FC,C. Dalton,GK,2026-05-09,0,0,0
Monterey Bay FC,A. Rebollar,MF,2026-05-04,0,0,0
Monterey Bay FC,L. Malešević,DF,2026-05-09,0,0,0
Monterey Bay FC,S. Lletget,MF,2026-05-09,0,0,0
Montevideo City Torque,K. Silva,DF,2026-05-07,0,0,0
Montevideo City Torque,G. Rodríguez,GK,2026-05-07,0,0,0
Montevideo City Torque,J. Quintana,MF,2026-05-07,0,0,0
Montevideo City Torque,D. Guzmán,MF,2026-05-07,0,0,0
Montevideo City Torque,J. Tarán,MF,2026-05-07,0,0,0
Montevideo City Torque,A. d. Silva,FW,2026-05-07,0,0,0
Montevideo City Torque,M. Aguiar,GK,2026-05-07,0,0,0
Montevideo City Torque,S. Cáceres,MF,2026-05-07,0,0,0
Montevideo City Torque,L. Duré,MF,2026-05-07,0,0,0
Montevideo City Torque,Y. Munoz,FW,2026-05-07,0,0,0
Moreton City Excelsior FC,E. Donnelly-Fagan,DF,2026-05-09,0,0,0
Moreton City Excelsior FC,J. Scott,MF,2026-05-09,0,0,0
Moreton City Excelsior FC,C. Maher,MF,2026-05-09,0,0,0
Moreton City Excelsior FC,L. Dunn,MF,2026-05-09,0,0,0
Moreton City Excelsior FC,R. Stent,GK,2026-05-09,0,0,0
Moreton City Excelsior FC,J. Murphy,DF,2026-05-09,0,0,0
Motherwell,J. Koutroumbis,DF,2026-05-09,0,0,0
Motherwell,C. Hendry,FW,2026-05-09,0,0,0
Motherwell,M. Connelly,GK,2026-05-09,0,0,0
Motherwell,M. Booth,MF,2026-05-09,0,0,0
Motherwell,S. Nicholson,FW,2026-05-09,0,0,0
Motherwell,A. Halliday,MF,2026-05-09,0,0,0
Motherwell,T. Sparrow,MF,2026-05-09,0,0,0
Motherwell,L. Ross,FW,2026-05-09,0,0,0
Motor Lublin,T. Santos,DF,2026-05-10,0,0,0
Motor Lublin,F. Ronaldo,MF,2026-05-10,0,0,0
Motor Lublin,M. Król,MF,2026-05-10,0,0,0
Motor Lublin,R. Dadaşov,FW,2026-05-10,0,0,0
Motor Lublin,H. Matthys,DF,2026-05-10,0,0,0
Motor Lublin,P. Kukulski,GK,2026-05-10,0,0,0
Motor Lublin,F. Wójcik,DF,2026-05-10,0,0,0
Motor Lublin,P. Meyer,DF,2026-05-10,0,0,0
Motor Lublin,B. Ede,DF,2026-05-10,0,0,0
Motor Lublin,M. Scalet,MF,2026-05-10,0,0,0
Motor Lublin,J. Łabojko,MF,2026-05-10,0,0,0
Motor Lublin,K. Karasek,MF,2026-05-10,0,0,0
Málaga CF,R. Rodríguez,MF,2026-05-09,0,0,0
Málaga CF,Chupete,FW,2026-05-09,0,0,0
Málaga CF,R. Enríquez,MF,2026-05-09,0,0,0
Málaga CF,A. Ochoa,MF,2026-05-09,0,0,0
Málaga CF,H. Abaida,FW,2026-05-09,0,0,0
Málaga CF,C. Lopez,GK,2026-05-09,0,0,0
Málaga CF,Á. Recio,DF,2026-05-09,0,0,0
Málaga CF,J. Gabilondo,DF,2026-05-09,0,0,0
Málaga CF,F. Montero,DF,2026-05-09,0,0,0
Málaga CF,V. Garcia,DF,2026-05-09,0,0,0
Málaga CF,E. Jauregi,FW,2026-05-09,0,0,0
Málaga CF,J. Lobete,FW,2026-05-09,0,0,0
NPS Volos,I. Kyrkos,MF,2026-05-03,0,0,0
NPS Volos,V. Grosdis,MF,2026-05-03,0,0,0
NPS Volos,D. Legisi,FW,2026-05-03,0,0,0
NPS Volos,K. Vainopoulos,MF,2026-05-03,0,0,0
NPS Volos,M. Siampanis,GK,2026-05-03,0,0,0
NPS Volos,A. P. Gerofokoas,GK,2026-05-03,0,0,0
NPS Volos,H. Hermannsson,DF,2026-05-03,0,0,0
NPS Volos,D. Martínez,MF,2026-05-03,0,0,0
NPS Volos,A. Tsokanis,MF,2026-05-03,0,0,0
Nacional,M. Silvera,FW,2026-05-07,0,0,0
Nacional,T. V. Lupi,FW,2026-05-07,0,0,0
Nacional,J. De los Santos,FW,2026-05-07,0,0,0
Nacional,L. Gonzalez,MF,2026-05-07,0,0,0
Nacional,I. Suárez,GK,2026-05-07,0,0,0
Nacional,N. Rodríguez,DF,2026-05-07,0,0,0
Nacional,T. Viera,DF,2026-05-07,0,0,0
Nacional,P. Calione,DF,2026-05-07,0,0,0
Nacional,M. Vera,MF,2026-05-07,0,0,0
Nacional,P. Núñez,FW,2026-05-07,0,0,0
Nacional,K. Martínez,FW,2026-05-07,0,0,0
Nagoya Grampus,K. Nagai,FW,2026-05-10,0,0,0
Nagoya Grampus,H. Koda,MF,2026-05-10,0,0,0
Nagoya Grampus,K. Sakakibara,FW,2026-05-03,0,0,0
Nagoya Grampus,Y. Sato,DF,2026-05-03,0,0,0
Nagoya Grampus,Y. Kimura,FW,2026-05-03,0,0,0
Nagoya Grampus,A. Kawazura,DF,2026-05-03,0,0,0
Nagoya Grampus,H. Hagi,GK,2026-05-03,0,0,0
Nagoya Grampus,H. Kubo,DF,2026-05-03,0,0,0
Nagoya Grampus,H. Suzuki,MF,2026-05-03,0,0,0
Nagoya Grampus,T. Uchida,MF,2026-05-10,0,0,0
Nagoya Grampus,Y. Nogami,DF,2026-05-10,0,0,0
Nagoya Grampus,M. Ono,MF,2026-05-10,0,0,0
Nagoya Grampus,A. Pisano,GK,2026-05-10,0,0,0
Nagoya Grampus,K. Mikuni,DF,2026-05-10,0,0,0
Nagoya Grampus,S. Sugiura,FW,2026-05-10,0,0,0
Nagoya Grampus,T. Kikuchi,MF,2026-05-10,0,0,0
Nantes,A. Yusuf,DF,2026-05-08,0,0,0
Nantes,L. Leroux,MF,2026-05-08,0,0,0
Nantes,M. Mohamed,FW,2026-05-08,0,0,0
Nantes,Y. E. Arabi,FW,2026-05-08,0,0,0
Nantes,D. Tabibou,MF,2026-05-08,0,0,0
Nantes,P. Carlgren,GK,2026-05-08,0,0,0
Nantes,S. Doucoure,DF,2026-05-08,0,0,0
Nantes,R. Cabella,MF,2026-05-08,0,0,0
Nantes,B. Guirassy,FW,2026-05-08,0,0,0
Nasarawa United,O. Johnson,FW,2026-05-03,0,0,0
Nasarawa United,I. Ajiya,DF,2026-05-03,0,0,0
Nasarawa United,M. Hassan,MF,2026-05-03,0,0,0
Nasarawa United,I. Okechukwu,MF,2026-05-03,0,0,0
Nasarawa United,J. John,MF,2026-05-03,0,0,0
Nasarawa United,J. Oladeji,MF,2026-05-03,0,0,0
Nasarawa United,A. Nwadioha,MF,2026-05-03,0,0,0
Nasarawa United,S. Dauda,MF,2026-05-03,0,0,0
Nashville SC,S. Mohammed,MF,2026-05-10,0,0,0
Nashville SC,C. Brunet,MF,2026-05-10,0,0,0
Nashville SC,W. Madrigal,FW,2026-05-10,0,0,0
Nashville SC,M. Woledzi,DF,2026-05-10,0,0,0
Nashville SC,R. Baker-Whiting,DF,2026-05-10,0,0,0
Nashville SC,W. Pacius,FW,2026-05-10,0,0,0
Nashville SC,J. Willis,GK,2026-05-10,0,0,0
Nashville SC,J. Knight,DF,2026-05-10,0,0,0
Nashville SC,J. Bauer,DF,2026-05-10,0,0,0
New England Revolution,D. Fagúndez,MF,2026-05-10,0,0,0
New England Revolution,M. Polster,MF,2026-05-10,0,0,0
New England Revolution,T. Beason,DF,2026-05-10,0,0,0
New England Revolution,D. Parisian,GK,2026-05-10,0,0,0
New England Revolution,B. Ceballos,DF,2026-05-10,0,0,0
New England Revolution,A. Farrell,DF,2026-05-10,0,0,0
New England Revolution,J. Yueill,MF,2026-05-10,0,0,0
New England Revolution,M. Fry,FW,2026-05-10,0,0,0
New England Revolution,M. Zambrano,FW,2026-05-10,0,0,0
New Mexico United,J. Rennicks,FW,2026-05-10,0,0,0
New Mexico United,G. Zelalem,MF,2026-05-10,0,0,0
New Mexico United,L. Archimede,FW,2026-05-10,0,0,0
New Mexico United,W. Seymore,DF,2026-05-10,0,0,0
New Mexico United,C. Wilkerson,MF,2026-05-10,0,0,0
New Mexico United,R. Arozarena,GK,2026-05-07,0,0,0
New Mexico United,T. Wente,GK,2026-05-10,0,0,0
New Mexico United,M. Vargas,FW,2026-05-07,0,0,0
New Mexico United,G. Gilchrist,DF,2026-05-10,0,0,0
New Mexico United,C. Gloster,DF,2026-05-10,0,0,0
New Mexico United,K. Shakes,GK,2026-05-10,0,0,0
New York City FC,A. Perea,MF,2026-05-03,0,0,0
New York City FC,K. Parks,MF,2026-05-03,0,0,0
New York City FC,H. Wolf,FW,2026-05-03,0,0,0
New York City FC,J. Shore,MF,2026-05-03,0,0,0
New York City FC,S. Garfield-Reid,FW,2026-05-03,0,0,0
New York City FC,T. Romero,GK,2026-05-03,0,0,0
New York City FC,M. Carrizo,MF,2026-05-03,0,0,0
New York City FC,A. Farnos,FW,2026-05-03,0,0,0
New York Red Bulls,E. M. Choupo-Moting,FW,2026-05-09,0,0,0
New York Red Bulls,G. Berggren,MF,2026-05-09,0,0,0
New York Red Bulls,O. Valencia,DF,2026-05-09,0,0,0
New York Red Bulls,R. Mosquera,FW,2026-05-09,0,0,0
New York Red Bulls,J. Che,DF,2026-05-09,0,0,0
New York Red Bulls,J. McCarthy,GK,2026-05-09,0,0,0
New York Red Bulls,J. Marshall-Rutty,DF,2026-05-09,0,0,0
New York Red Bulls,M. Sofo,FW,2026-05-09,0,0,0
Newcastle United,J. Ramsey,MF,2026-05-10,0,0,0
Newcastle United,H. Barnes,MF,2026-05-10,0,0,0
Newcastle United,Y. Wissa,FW,2026-05-10,0,0,0
Newcastle United,K. Trippier,DF,2026-05-10,0,0,0
Newcastle United,A. Ramsdale,GK,2026-05-10,0,0,0
Newcastle United,A. Murphy,DF,2026-05-10,0,0,0
Newcastle United,J. Willock,MF,2026-05-10,0,0,0
Newcastle United,A. Gordon,FW,2026-05-10,0,0,0
Newcastle United,A. Elanga,FW,2026-05-10,0,0,0
Niger Tornadoes,M. Nelson,MF,2026-05-03,0,0,0
Niger Tornadoes,G. Joseph,MF,2026-05-03,0,0,0
Niger Tornadoes,R. Mendos,FW,2026-05-03,0,0,0
Niger Tornadoes,T. Lawal,FW,2026-05-03,0,0,0
Niger Tornadoes,B. Usman,FW,2026-05-03,0,0,0
Niger Tornadoes,G. John,DF,2026-05-03,0,0,0
Niger Tornadoes,A. Suleiman,MF,2026-05-03,0,0,0
Niger Tornadoes,I. Okoye,MF,2026-05-03,0,0,0
Nottingham Forest,N. Milenković,DF,2026-05-04,0,0,0
Nottingham Forest,E. Anderson,MF,2026-05-04,0,0,0
Nottingham Forest,M. Gibbs-White,MF,2026-05-07,0,0,0
Nottingham Forest,C. Wood,FW,2026-05-10,0,0,0
Nottingham Forest,O. Hutchinson,FW,2026-05-10,0,0,0
Nottingham Forest,S. Ortega,GK,2026-05-10,0,0,0
Nottingham Forest,E. d. S. Moreira,FW,2026-05-10,0,0,0
Nottingham Forest,L. Lucca,FW,2026-05-10,0,0,0
Nottingham Forest,R. Yates,MF,2026-05-10,0,0,0
Nottingham Forest,D. Bakwa,FW,2026-05-07,0,0,0
Nottingham Forest,Murillo,DF,2026-05-07,0,0,0
Nottingham Forest,J. Sinclair,MF,2026-05-10,0,0,0
Nottingham Forest,M. Sels,GK,2026-05-07,0,0,0
Nottingham Forest,K. Willows,GK,2026-05-07,0,0,0
Nottingham Forest,J. Hanks,DF,2026-05-07,0,0,0
Nottingham Forest,I. Sangaré,MF,2026-05-07,0,0,0
Nottingham Forest,D. Ndoye,FW,2026-05-07,0,0,0
Nottingham Forest,A. Whitehall,MF,2026-05-10,0,0,0
Nottingham Forest,J. McAtee,MF,2026-05-10,0,0,0
O'Higgins,T. Vecino,FW,2026-05-08,0,0,0
O'Higgins,J. Peña,GK,2026-05-08,0,0,0
O'Higgins,J. Movillo,DF,2026-05-08,0,0,0
O'Higgins,B. Rojas,DF,2026-05-08,0,0,0
O'Higgins,A. Robledo,DF,2026-05-08,0,0,0
O'Higgins,M. Maturana,MF,2026-05-08,0,0,0
O'Higgins,R. Godoy,FW,2026-05-08,0,0,0
O'Higgins,G. Pinto,MF,2026-05-08,0,0,0
O'Higgins,B. Schamine,MF,2026-05-08,0,0,0
O'Higgins,B. Yáñez,FW,2026-05-08,0,0,0
O'Higgins,E. Moreira,FW,2026-05-08,0,0,0
OFI Crete,A. Leya Iseka,FW,2026-05-03,0,0,0
OFI Crete,J. A. Neira,FW,2026-05-03,0,0,0
OFI Crete,G. Theodosoulakis,FW,2026-05-03,0,0,0
OFI Crete,F. Bainović,MF,2026-05-03,0,0,0
OFI Crete,T. Romano,MF,2026-05-03,0,0,0
OFI Crete,M. Kalafatis,GK,2026-05-03,0,0,0
OFI Crete,P. Katsikas,GK,2026-05-03,0,0,0
OFI Crete,I. Chatzitheodoridis,DF,2026-05-03,0,0,0
OFI Crete,A. Poungouras,DF,2026-05-03,0,0,0
OFI Crete,N. Marinakis,DF,2026-05-03,0,0,0
OFI Crete,P. Kenourgiakis,DF,2026-05-03,0,0,0
OFI Crete,G. Apostolakis,MF,2026-05-03,0,0,0
Oakland Roots SC,F. Valot,MF,2026-05-10,0,0,0
Oakland Roots SC,T. Lepley,MF,2026-05-10,0,0,0
Oakland Roots SC,D. Trejo,FW,2026-05-10,0,0,0
Oakland Roots SC,T. Gibson,MF,2026-05-10,0,0,0
Oakland Roots SC,J. Kiil,FW,2026-05-10,0,0,0
Oakland Roots SC,K. Mcintosh,GK,2026-05-10,0,0,0
Oakland Roots SC,A. Elmasnaouy,MF,2026-05-10,0,0,0
Oakland Roots SC,B. Roberson,FW,2026-05-10,0,0,0
Olimpia,A. Silva,FW,2026-05-07,0,0,0
Olimpia,L. Morales,GK,2026-05-07,0,0,0
Olimpia,R. Pérez,MF,2026-05-07,0,0,0
Olimpia,R. Lezcano,MF,2026-05-07,0,0,0
Olimpia,T. Caballero,FW,2026-05-07,0,0,0
Olimpia,A. Franco,MF,2026-05-07,0,0,0
Olimpia,I. Leguizamon,MF,2026-05-07,0,0,0
Olimpia,S. Lentinelly,GK,2026-05-07,0,0,0
Olimpia,A. Chalá,DF,2026-05-07,0,0,0
Olimpia,L. Ramírez,DF,2026-05-07,0,0,0
Olimpia,L. Abreu,MF,2026-05-07,0,0,0
Olimpia,S. Ferreira,FW,2026-05-07,0,0,0
Olympiacos FC,C. Mouzakitis,MF,2026-05-03,0,0,0
Olympiacos FC,D. Podence,FW,2026-05-03,0,0,0
Olympiacos FC,André Luiz,FW,2026-05-03,0,0,0
Olympiacos FC,G. Biancone,DF,2026-05-03,0,0,0
Olympiacos FC,M. Taremi,FW,2026-05-03,0,0,0
Olympiacos FC,A. Paschalakis,GK,2026-05-03,0,0,0
Olympiacos FC,G. Kouraklis,GK,2026-05-03,0,0,0
Olympiacos FC,A. Kalogeropoulos,DF,2026-05-03,0,0,0
Olympiacos FC,R. Vezo,DF,2026-05-03,0,0,0
Olympiacos FC,Y. Yazıcı,FW,2026-05-03,0,0,0
Olympiacos FC,D. Nascimento,MF,2026-05-03,0,0,0
Olympiacos FC,L. Scipioni,MF,2026-05-03,0,0,0
Olympic FC,H. Yoo,MF,2026-05-10,0,0,0
Olympic FC,D. Gorrel,MF,2026-05-10,0,0,0
Olympic FC,J. Hansen ,DF,2026-05-10,0,0,0
Olympic FC,H. Slater,FW,2026-05-10,0,0,0
Olympic FC,L. Duke,GK,2026-05-10,0,0,0
Olympic FC,R. Scott,DF,2026-05-10,0,0,0
Olympic Safi,A. Habbassi,MF,2026-05-04,0,0,0
Olympic Safi,A. Eddaou,DF,2026-05-08,0,0,0
Olympic Safi,M. Elaz,FW,2026-05-08,0,0,0
Olympic Safi,H. Hamiani,GK,2026-05-04,0,0,0
Olympic Safi,Y. Kordani,DF,2026-05-08,0,0,0
Olympic Safi,W. Atik,DF,2026-05-04,0,0,0
Olympic Safi,M. Chemlal,MF,2026-05-08,0,0,0
Olympic Safi,A. E. Houari,MF,2026-05-08,0,0,0
Olympic Safi,A. Ouhatti,MF,2026-05-08,0,0,0
Olympic Safi,Y. Najari,FW,2026-05-08,0,0,0
Olympic Safi,Y. E. Motie,GK,2026-05-08,0,0,0
Olympic Safi,A. Soufeir,DF,2026-05-08,0,0,0
Olympique Béja,C. Smaoui,GK,2026-05-08,0,0,0
Olympique Béja,H. Houiji,MF,2026-05-08,0,0,0
Olympique Béja,B. Cherni,FW,2026-05-03,0,0,0
Olympique Béja,H. Gafsi,FW,2026-05-03,0,0,0
Olympique Béja,M. H. Hadouchi,FW,2026-05-03,0,0,0
Olympique Béja,H. Mbarek,FW,2026-05-03,0,0,0
Olympique Béja,F. Mahdhaoui,MF,2026-05-03,0,0,0
Olympique Béja,M. A. Marzouki,DF,2026-05-08,0,0,0
Olympique Béja,K. B. Oueda,DF,2026-05-08,0,0,0
Olympique Béja,I. Haboubi,MF,2026-05-08,0,0,0
Olympique Béja,E. Dhaoui,MF,2026-05-08,0,0,0
Olympique Béja,B. Hasni,FW,2026-05-08,0,0,0
Olympique Béja,N. Keita,FW,2026-05-08,0,0,0
Olympique Dcheira,M. Habbali,MF,2026-05-05,0,0,0
Olympique Dcheira,A. Aghou,FW,2026-05-08,0,0,0
Olympique Dcheira,M. Hamdi,MF,2026-05-08,0,0,0
Olympique Dcheira,M. Abba,FW,2026-05-05,0,0,0
Olympique Dcheira,H. I. Said,GK,2026-05-05,0,0,0
Olympique Dcheira,Y. Boughaz,DF,2026-05-08,0,0,0
Olympique Dcheira,M. Boumlik,DF,2026-05-08,0,0,0
Olympique Dcheira,I. Soubai,DF,2026-05-05,0,0,0
Olympique Dcheira,Y. Fahmi,MF,2026-05-05,0,0,0
Olympique Dcheira,Y. Jabrane,MF,2026-05-08,0,0,0
Olympique Dcheira,R. Abardi,FW,2026-05-08,0,0,0
Olympique Dcheira,R. Oubidar,MF,2026-05-08,0,0,0
Olympique Dcheira,T. Kotobi,GK,2026-05-08,0,0,0
Olympique Dcheira,H. J. Allah,DF,2026-05-08,0,0,0
Olympique Lyonnais,P. Šulc,MF,2026-05-03,0,0,0
Olympique Lyonnais,R. Kluivert,DF,2026-05-03,0,0,0
Olympique Lyonnais,M. d. Carvalho,MF,2026-05-03,0,0,0
Olympique Lyonnais,E. Nuamah,FW,2026-05-03,0,0,0
Olympique Lyonnais,N. Nartey,MF,2026-05-03,0,0,0
Olympique Lyonnais,R. Descamps,GK,2026-05-03,0,0,0
Olympique Lyonnais,N. Tagliafico,DF,2026-05-03,0,0,0
Olympique Lyonnais,M. Fofana,FW,2026-05-03,0,0,0
Olympique Lyonnais,A. Karabec,MF,2026-05-03,0,0,0
Operário-PR,M. Trindade,MF,2026-05-03,0,0,0
Operário-PR,F. Augusto,FW,2026-05-10,0,0,0
Operário-PR,P. Vilhena,MF,2026-05-10,0,0,0
Operário-PR,N. Paraíba,DF,2026-05-10,0,0,0
Operário-PR,C. Dantas,FW,2026-05-03,0,0,0
Operário-PR,Elias,DF,2026-05-10,0,0,0
Operário-PR,G. Feliciano,DF,2026-05-10,0,0,0
Operário-PR,A. Simplicio,DF,2026-05-03,0,0,0
Operário-PR,Maguinho,DF,2026-05-10,0,0,0
Operário-PR,J. P. Torres,DF,2026-05-10,0,0,0
Operário-PR,Charles,MF,2026-05-03,0,0,0
Operário-PR,E. Torres,FW,2026-05-10,0,0,0
Operário-PR,Pablo,FW,2026-05-10,0,0,0
Operário-PR,Miranda,DF,2026-05-10,0,0,0
Orange County SC,C. Hegardt,MF,2026-05-03,0,0,0
Orange County SC,Y. Bazini,FW,2026-05-09,0,0,0
Orange County SC,B. Cambridge,FW,2026-05-03,0,0,0
Orange County SC,T. Espy,DF,2026-05-03,0,0,0
Orange County SC,T. Kadono,GK,2026-05-09,0,0,0
Orange County SC,G. Doody,DF,2026-05-09,0,0,0
Orange County SC,J. Johnson,FW,2026-05-09,0,0,0
Orange County SC,E. Solis,MF,2026-05-03,0,0,0
Orange County SC,L. MacKinnon,FW,2026-05-09,0,0,0
Orange County SC,N. Ciotta,DF,2026-05-09,0,0,0
Orange County SC,A. Marinch,FW,2026-05-09,0,0,0
Orange County SC,O. Kurnik,MF,2026-05-09,0,0,0
Orlando City SC,J. Otero,GK,2026-05-10,0,0,0
Orlando City SC,D. McGuire,FW,2026-05-10,0,0,0
Orlando City SC,D. Brekalo,DF,2026-05-10,0,0,0
Orlando City SC,Z. Taifi,MF,2026-05-10,0,0,0
Orlando City SC,T. Souza,FW,2026-05-10,0,0,0
Orlando City SC,T. Reid-Brown,DF,2026-05-10,0,0,0
Orlando City SC,H. Sarajian,FW,2026-05-10,0,0,0
Orlando City SC,W. Cartagena,MF,2026-05-10,0,0,0
Orlando City SC,L. Otávio,MF,2026-05-10,0,0,0
Osasuna,A. Fernández,GK,2026-05-08,0,0,0
Osasuna,L. Torró,MF,2026-05-08,0,0,0
Osasuna,R. García,FW,2026-05-08,0,0,0
Osasuna,I. Benito,FW,2026-05-08,0,0,0
Osasuna,A. Osambela,MF,2026-05-08,0,0,0
Osasuna,J. Galán,DF,2026-05-08,0,0,0
Osasuna,J. Herrando,DF,2026-05-08,0,0,0
Osasuna,I. Arguibide,DF,2026-05-08,0,0,0
Osasuna,C. Juan,DF,2026-05-08,0,0,0
Osasuna,K. Barja,FW,2026-05-08,0,0,0
Oud-Heverlee Leuven,W. Balikwisha,FW,2026-05-08,0,0,0
Oud-Heverlee Leuven,C. Ikwuemesi,FW,2026-05-08,0,0,0
Oud-Heverlee Leuven,S. Schrijvers,MF,2026-05-08,0,0,0
Oud-Heverlee Leuven,M. Maertens,MF,2026-05-08,0,0,0
Oud-Heverlee Leuven,B. Kayo,MF,2026-05-08,0,0,0
Oud-Heverlee Leuven,M. Prévot,GK,2026-05-08,0,0,0
Oud-Heverlee Leuven,O. Jochmans,GK,2026-05-08,0,0,0
Oud-Heverlee Leuven,T. Ominami,DF,2026-05-08,0,0,0
Oud-Heverlee Leuven,H. Bulut,MF,2026-05-08,0,0,0
PAOK,M. Ozdoev,MF,2026-05-03,0,0,0
PAOK,D. Pelkas,MF,2026-05-03,0,0,0
PAOK,L. Ivanušec,FW,2026-05-03,0,0,0
PAOK,A. Mythou,FW,2026-05-03,0,0,0
PAOK,A. Bianco,MF,2026-05-03,0,0,0
PAOK,A. Tsiftsis,GK,2026-05-03,0,0,0
PAOK,D. Monastirlis,GK,2026-05-03,0,0,0
PAOK,A. Vogliacco,DF,2026-05-03,0,0,0
PAOK,J. Sastre,DF,2026-05-03,0,0,0
PAOK,G. Taylor,DF,2026-05-03,0,0,0
PAOK,D. Bataoulas,DF,2026-05-03,0,0,0
PEC Zwolle,N. Fichtinger,MF,2026-05-03,0,0,0
PEC Zwolle,J. Monteiro,MF,2026-05-03,0,0,0
PEC Zwolle,T. Velthuis,DF,2026-05-03,0,0,0
PEC Zwolle,D. Verduin,GK,2026-05-03,0,0,0
PEC Zwolle,L. Bakker,GK,2026-05-03,0,0,0
PEC Zwolle,T. Gooijer,DF,2026-05-03,0,0,0
PEC Zwolle,R. Kroeze,DF,2026-05-03,0,0,0
PEC Zwolle,D. Ruward,DF,2026-05-03,0,0,0
PEC Zwolle,G. Reiziger,MF,2026-05-03,0,0,0
PEC Zwolle,T. Buitink,FW,2026-05-03,0,0,0
PFK Montana 1921,A. Tungarov,MF,2026-05-09,0,0,0
PFK Montana 1921,I. B. Muhammad,FW,2026-05-09,0,0,0
PFK Montana 1921,V. Simeonov,GK,2026-05-09,0,0,0
PFK Montana 1921,C. Acheampong,DF,2026-05-09,0,0,0
PFK Montana 1921,P. Atanasov,MF,2026-05-09,0,0,0
PFK Montana 1921,I. Kokonov,MF,2026-05-05,0,0,0
PFK Montana 1921,V. Tsekov,FW,2026-05-09,0,0,0
PFK Montana 1921,R. Slavchev,FW,2026-05-09,0,0,0
PFK Montana 1921,P. Ejike,FW,2026-05-09,0,0,0
Palestino,G. Tapia,FW,2026-05-07,0,0,0
Palestino,A. Gómez,FW,2026-05-07,0,0,0
Palestino,J. León,DF,2026-05-07,0,0,0
Palestino,M. Araya,FW,2026-05-07,0,0,0
Palestino,S. Salas,GK,2026-05-07,0,0,0
Palestino,A. Ceza,DF,2026-05-07,0,0,0
Palestino,J. Bizama,DF,2026-05-07,0,0,0
Palestino,J. Fernández,MF,2026-05-07,0,0,0
Palestino,I. Alegría,FW,2026-05-07,0,0,0
Palestino,D. Salgado,FW,2026-05-07,0,0,0
Palmeiras,Paulinho,FW,2026-05-06,0,0,0
Palmeiras,Jefté,DF,2026-05-06,0,0,0
Palmeiras,F. Anderson,MF,2026-05-06,0,0,0
Palmeiras,L. Evangelista,MF,2026-05-06,0,0,0
Palmeiras,E. Martínez,MF,2026-05-06,0,0,0
Palmeiras,M. Lomba,GK,2026-05-06,0,0,0
Palmeiras,Khellven,DF,2026-05-06,0,0,0
Palmeiras,B. Fuchs,DF,2026-05-06,0,0,0
Palmeiras,L. Benedetti,DF,2026-05-06,0,0,0
Palmeiras,Mauricio,MF,2026-05-06,0,0,0
Palmeiras,L. F. Pacheco,MF,2026-05-06,0,0,0
Palmeiras,E. Belé,MF,2026-05-06,0,0,0
Panathinaikos FC,F. Pellistri,MF,2026-05-03,0,0,0
Panathinaikos FC,T. Bakasetas,MF,2026-05-03,0,0,0
Panathinaikos FC,A. Zaroury,FW,2026-05-03,0,0,0
Panathinaikos FC,M. Pantović,MF,2026-05-03,0,0,0
Panathinaikos FC,K. Kotsaris,GK,2026-05-03,0,0,0
Panathinaikos FC,L. Cháves,GK,2026-05-03,0,0,0
Panathinaikos FC,A. Touba,DF,2026-05-03,0,0,0
Panathinaikos FC,A. Jagušić,MF,2026-05-03,0,0,0
Panathinaikos FC,P. Pantelidis,FW,2026-05-03,0,0,0
Panathinaikos FC,P. Chirivella,MF,2026-05-03,0,0,0
Panathinaikos FC,K. Świderski,FW,2026-05-03,0,0,0
Paris FC,M. López,MF,2026-05-03,0,0,0
Paris FC,L. Koleosho,FW,2026-05-03,0,0,0
Paris FC,V. Marchetti,MF,2026-05-03,0,0,0
Paris FC,C. Immobile,FW,2026-05-03,0,0,0
Paris FC,T. Ollila,DF,2026-05-03,0,0,0
Paris FC,O. Nkambadio,GK,2026-05-03,0,0,0
Paris FC,A. Gory,FW,2026-05-03,0,0,0
Paris Saint-Germain,B. Barcola,FW,2026-05-06,0,0,0
Paris Saint-Germain,L. Beraldo,DF,2026-05-06,0,0,0
Paris Saint-Germain,L. Hernández,DF,2026-05-06,0,0,0
Paris Saint-Germain,S. Mayulu,MF,2026-05-06,0,0,0
Paris Saint-Germain,B. Laurendon,GK,2026-05-06,0,0,0
Paris Saint-Germain,R. B. Marin,GK,2026-05-06,0,0,0
Paris Saint-Germain,A. Vignaud,GK,2026-05-06,0,0,0
Paris Saint-Germain,I. Zabarnyi,DF,2026-05-06,0,0,0
Paris Saint-Germain,K. Lee,MF,2026-05-06,0,0,0
Paris Saint-Germain,G. Ramos,FW,2026-05-06,0,0,0
Paris Saint-Germain,I. Mbaye,FW,2026-05-06,0,0,0
Parma,C. Ordoñez,MF,2026-05-03,0,0,0
Parma,N. Elphege,FW,2026-05-03,0,0,0
Parma,O. Sørensen,MF,2026-05-03,0,0,0
Parma,P. Almqvist,FW,2026-05-03,0,0,0
Parma,F. Carboni,DF,2026-05-03,0,0,0
Parma,E. Corvi,GK,2026-05-03,0,0,0
Parma,F. Rinaldi,GK,2026-05-03,0,0,0
Parma,S. Britschgi,DF,2026-05-03,0,0,0
Parma,L. Valenti,DF,2026-05-03,0,0,0
Parma,G. Oristanio,MF,2026-05-03,0,0,0
Parma,N. Estévez,MF,2026-05-03,0,0,0
Parma,J. Ondrejka,FW,2026-05-03,0,0,0
Peninsula Power,I. Ozzi,FW,2026-05-08,0,0,0
Peninsula Power,D. Driver,DF,2026-05-08,0,0,0
Peninsula Power,S. Stokes,MF,2026-05-08,0,0,0
Peninsula Power,S. Weldemariam,FW,2026-05-08,0,0,0
Peninsula Power,J. Maloney,GK,2026-05-08,0,0,0
Peñarol,D. Laxalt,DF,2026-05-08,0,0,0
Peñarol,G. Togni,FW,2026-05-08,0,0,0
Peñarol,A. Hernández,FW,2026-05-08,0,0,0
Peñarol,S. Britos,GK,2026-05-08,0,0,0
Peñarol,K. Rodríguez,DF,2026-05-08,0,0,0
Peñarol,B. Barboza,DF,2026-05-08,0,0,0
Peñarol,Lucas Hernández,DF,2026-05-08,0,0,0
Peñarol,F. Álvez,DF,2026-05-08,0,0,0
Peñarol,T. Olase,MF,2026-05-08,0,0,0
Peñarol,S. Muhlethaler,MF,2026-05-08,0,0,0
Peñarol,G. Barbas,MF,2026-05-08,0,0,0
Philadelphia Union,O. Mbaizo,DF,2026-05-10,0,0,0
Philadelphia Union,A. Anello,FW,2026-05-10,0,0,0
Philadelphia Union,B. Damiani,FW,2026-05-10,0,0,0
Philadelphia Union,A. Bedoya,MF,2026-05-10,0,0,0
Philadelphia Union,M. Jakupovic,FW,2026-05-10,0,0,0
Philadelphia Union,A. Rick,GK,2026-05-10,0,0,0
Philadelphia Union,F. Sundstrom,DF,2026-05-10,0,0,0
Philadelphia Union,B. Bender,MF,2026-05-10,0,0,0
Philadelphia Union,J. Rafanello,MF,2026-05-10,0,0,0
Phoenix Rising FC,G. Rivera,MF,2026-05-10,0,0,0
Phoenix Rising FC,G. Studenthofft,FW,2026-05-10,0,0,0
Phoenix Rising FC,E. Ramirez,DF,2026-05-10,0,0,0
Phoenix Rising FC,N. Cross,DF,2026-05-10,0,0,0
Phoenix Rising FC,C. Odunze,GK,2026-05-10,0,0,0
Phoenix Rising FC,J. Ping,MF,2026-05-10,0,0,0
Phoenix Rising FC,J. Gaydon,MF,2026-05-10,0,0,0
Phoenix Rising FC,A. B. D. l. Cruz,MF,2026-05-10,0,0,0
Piast Gliwice,O. Lesniak,MF,2026-05-10,0,0,0
Piast Gliwice,G. Barkovskiy,FW,2026-05-10,0,0,0
Piast Gliwice,L. Sanca,MF,2026-05-10,0,0,0
Piast Gliwice,A. Katsantonis,FW,2026-05-10,0,0,0
Piast Gliwice,K. Szymański,GK,2026-05-10,0,0,0
Piast Gliwice,E. Twumasi,DF,2026-05-10,0,0,0
Piast Gliwice,J. Czerwiński,DF,2026-05-10,0,0,0
Piast Gliwice,T. Mokwa,DF,2026-05-10,0,0,0
Piast Gliwice,S. Mucha,MF,2026-05-10,0,0,0
Piast Gliwice,O. Maziarz,MF,2026-05-10,0,0,0
Piast Gliwice,I. Lima,MF,2026-05-10,0,0,0
Piast Gliwice,A. Dalmau,FW,2026-05-10,0,0,0
Pittsburgh Riverhounds,J. García,GK,2026-05-10,0,0,0
Pittsburgh Riverhounds,I. Osumanu,DF,2026-05-10,0,0,0
Pittsburgh Riverhounds,B. Etou,DF,2026-05-10,0,0,0
Pittsburgh Riverhounds,B. Larsen,FW,2026-05-10,0,0,0
Pittsburgh Riverhounds,M. Sheridan,GK,2026-05-10,0,0,0
Pittsburgh Riverhounds,E. Goldthorp,MF,2026-05-10,0,0,0
Pittsburgh Riverhounds,A. Flowers-Gamboa,FW,2026-05-10,0,0,0
Plateau United,V. Temitope,FW,2026-05-03,0,0,0
Plateau United,M. George,GK,2026-05-03,0,0,0
Plateau United,J. Dabo,DF,2026-05-03,0,0,0
Plateau United,T. Biweribo,DF,2026-05-03,0,0,0
Plateau United,P. Magit,MF,2026-05-03,0,0,0
Plateau United,A Abdallah,MF,2026-05-03,0,0,0
Plateau United,G. Saka,FW,2026-05-03,0,0,0
Plateau United,S. Kalu,FW,2026-05-03,0,0,0
Plateau United,A. C. Opara,MF,2026-05-03,0,0,0
Pogoń Szczecin,D. Keramitsis,DF,2026-05-09,0,0,0
Pogoń Szczecin,J. Czaplinski,MF,2026-05-03,0,0,0
Pogoń Szczecin,L. Koutris,DF,2026-05-09,0,0,0
Pogoń Szczecin,B. Mendy,DF,2026-05-09,0,0,0
Pogoń Szczecin,H. Ali,DF,2026-05-09,0,0,0
Pogoń Szczecin,K. Kamiński,GK,2026-05-09,0,0,0
Pogoń Szczecin,S. Greenwood,FW,2026-05-09,0,0,0
Pogoń Szczecin,J. Biegański,MF,2026-05-09,0,0,0
Pogoń Szczecin,I. Brzyski,MF,2026-05-03,0,0,0
Pogoń Szczecin,K. Smoliński,MF,2026-05-03,0,0,0
Pogoń Szczecin,M. Ndiaye,MF,2026-05-09,0,0,0
Pogoń Szczecin,K. Angielski,FW,2026-05-09,0,0,0
Pogoń Szczecin,N. Lawa,MF,2026-05-09,0,0,0
Pogoń Szczecin,K. Grosicki,MF,2026-05-09,0,0,0
Pohang Steelers,P. Chan-Yong,DF,2026-05-05,0,0,0
Pohang Steelers,L. Ho-jae,FW,2026-05-05,0,0,0
Pohang Steelers,S. Y. Ki,MF,2026-05-05,0,0,0
Pohang Steelers,A. Jae-joon,FW,2026-05-09,0,0,0
Pohang Steelers,P. Yun,GK,2026-05-09,0,0,0
Pohang Steelers,M. Kang,DF,2026-05-05,0,0,0
Pohang Steelers,J. Rocha,FW,2026-05-09,0,0,0
Pohang Steelers,H. Kim,MF,2026-05-05,0,0,0
Pohang Steelers,K. Nishiya,MF,2026-05-09,0,0,0
Pohang Steelers,J. Tranziska,FW,2026-05-09,0,0,0
Pohang Steelers,H. Hyeon-Seo,DF,2026-05-09,0,0,0
Pohang Steelers,K. Ye-Sung,DF,2026-05-09,0,0,0
Pohang Steelers,K. Shin,DF,2026-05-09,0,0,0
Ponte Preta,Justen,DF,2026-05-03,0,0,0
Ponte Preta,Miguel,MF,2026-05-10,0,0,0
Ponte Preta,L. Phelipe,FW,2026-05-03,0,0,0
Ponte Preta,Brandão,FW,2026-05-10,0,0,0
Ponte Preta,Jonathan Cafú,FW,2026-05-03,0,0,0
Ponte Preta,G. Viana,GK,2026-05-10,0,0,0
Ponte Preta,D. Barcelos,DF,2026-05-03,0,0,0
Ponte Preta,Weverton,DF,2026-05-03,0,0,0
Ponte Preta,Diego Porfirio,DF,2026-05-10,0,0,0
Ponte Preta,S. Palacios,DF,2026-05-03,0,0,0
Ponte Preta,Baianinho,FW,2026-05-10,0,0,0
Ponte Preta,Tarik,MF,2026-05-10,0,0,0
Ponte Preta,Rodriguinho,FW,2026-05-10,0,0,0
Ponte Preta,Thalys,DF,2026-05-10,0,0,0
Ponte Preta,Elvis,MF,2026-05-10,0,0,0
Ponte Preta,D. Braz,DF,2026-05-10,0,0,0
Ponte Preta,L. Cunha,DF,2026-05-10,0,0,0
Ponte Preta,G. Telles,MF,2026-05-10,0,0,0
Portland Timbers,D. Chará,MF,2026-05-10,0,0,0
Portland Timbers,I. Smith,DF,2026-05-10,0,0,0
Portland Timbers,J. Ortíz,MF,2026-05-10,0,0,0
Portland Timbers,A. Lassiter,FW,2026-05-10,0,0,0
Portland Timbers,A. Aravena,FW,2026-05-10,0,0,0
Portland Timbers,T. Muse,GK,2026-05-10,0,0,0
Portland Timbers,S. Jura,DF,2026-05-10,0,0,0
Portland Timbers,A. Bonetig,DF,2026-05-10,0,0,0
Portland Timbers,F. Mora,FW,2026-05-10,0,0,0
Pumas UNAM,D. Ramirez,FW,2026-05-04,0,0,0
Pumas UNAM,P. Bennevendo,DF,2026-05-04,0,0,0
Pumas UNAM,J. Rivas,DF,2026-05-04,0,0,0
Pumas UNAM,A. Leone,DF,2026-05-04,0,0,0
Pumas UNAM,C. Garza,MF,2026-05-04,0,0,0
Pumas UNAM,P. Lara,GK,2026-05-04,0,0,0
Pumas UNAM,A. Azuaje,DF,2026-05-04,0,0,0
Pumas UNAM,U. Rivas,MF,2026-05-04,0,0,0
Pumas UNAM,S. Trigos,MF,2026-05-04,0,0,0
Pumas UNAM,Á. Rico,MF,2026-05-04,0,0,0
Qingdao Hainiu,Q. Wang,DF,2026-05-10,0,0,0
Qingdao Hainiu,J. Liu,DF,2026-05-10,0,0,0
Qingdao Hainiu,L. Song,DF,2026-05-10,0,0,0
Qingdao Hainiu,Y. Cong,FW,2026-05-10,0,0,0
Qingdao Hainiu,S. Zheng'ao,DF,2026-05-10,0,0,0
Qingdao Hainiu,L. Guobao,FW,2026-05-06,0,0,0
Qingdao Hainiu,M. Jappar,GK,2026-05-10,0,0,0
Qingdao Hainiu,L. Jun,GK,2026-05-10,0,0,0
Qingdao Hainiu,Z. Wei,DF,2026-05-06,0,0,0
Qingdao Hainiu,Z. Chuanhui,MF,2026-05-10,0,0,0
Qingdao Hainiu,S. Che,MF,2026-05-10,0,0,0
Qingdao Hainiu,N. Pan,MF,2026-05-10,0,0,0
Qingdao Hainiu,A. E. Messaoudi,MF,2026-05-10,0,0,0
Qingdao Hainiu,S. Wenjie,FW,2026-05-10,0,0,0
Qingdao West Coast,D. Hang,GK,2026-05-10,0,0,0
Qingdao West Coast,S. Liu,GK,2026-05-10,0,0,0
Qingdao West Coast,J. Sun,DF,2026-05-10,0,0,0
Qingdao West Coast,P. Wang,DF,2026-05-10,0,0,0
Qingdao West Coast,H. Zhao,DF,2026-05-05,0,0,0
Qingdao West Coast,L. He,MF,2026-05-10,0,0,0
Qingdao West Coast,H. Ding,DF,2026-05-10,0,0,0
Qingdao West Coast,F. Haiyang,MF,2026-05-05,0,0,0
Qingdao West Coast,L. Xiaolong,FW,2026-05-10,0,0,0
Qingdao West Coast,J. Weiwei,FW,2026-05-10,0,0,0
Qingdao West Coast,A. Aisikaer,FW,2026-05-10,0,0,0
Qingdao West Coast,M. Jingchao,MF,2026-05-10,0,0,0
Qingdao West Coast,H. Song,DF,2026-05-10,0,0,0
Queensland Lions FC,L. Broderick,FW,2026-05-09,0,0,0
Queensland Lions FC,L. Ponting,DF,2026-05-09,0,0,0
Queensland Lions FC,F. Oyet,FW,2026-05-09,0,0,0
Queensland Lions FC,C. Pond,GK,2026-05-09,0,0,0
Queensland Lions FC,C. Palm,MF,2026-05-09,0,0,0
Queensland Lions FC,N. Christophe,MF,2026-05-09,0,0,0
RAAL La Louvière,M. Ashimeru,MF,2026-05-03,0,0,0
RAAL La Louvière,J. Afriyie,FW,2026-05-03,0,0,0
RAAL La Louvière,S. Gueulette,MF,2026-05-09,0,0,0
RAAL La Louvière,T. Lutonda,DF,2026-05-03,0,0,0
RAAL La Louvière,M. Peano,GK,2026-05-03,0,0,0
RAAL La Louvière,D. Lamego,DF,2026-05-03,0,0,0
RAAL La Louvière,S. Traoré,DF,2026-05-09,0,0,0
RAAL La Louvière,S. Lahssaini,MF,2026-05-03,0,0,0
RAAL La Louvière,N. Makembo-Ntemo,MF,2026-05-09,0,0,0
RAAL La Louvière,B. Soumaré,MF,2026-05-09,0,0,0
RAAL La Louvière,A. Beka Beka,MF,2026-05-09,0,0,0
RAAL La Louvière,M. Maisonneuve,DF,2026-05-09,0,0,0
RAAL La Louvière,C. De Schrevel,GK,2026-05-09,0,0,0
RAAL La Louvière,N. Gillot,DF,2026-05-09,0,0,0
RAAL La Louvière,N. Nsingi,FW,2026-05-09,0,0,0
RB Leipzig,M. Finkgräfe,DF,2026-05-09,0,0,0
RB Leipzig,N. Seiwald,MF,2026-05-09,0,0,0
RB Leipzig,A. Nusa,MF,2026-05-09,0,0,0
RB Leipzig,B. Henrichs,DF,2026-05-09,0,0,0
RB Leipzig,P. Gulácsi,GK,2026-05-09,0,0,0
RB Leipzig,E. C. Bitshiabu,DF,2026-05-09,0,0,0
RB Leipzig,L. Klostermann,DF,2026-05-09,0,0,0
RB Leipzig,J. Bakayoko,FW,2026-05-09,0,0,0
RB Leipzig,C. Harder,FW,2026-05-09,0,0,0
RC Lens,F. Sotoca,FW,2026-05-08,0,0,0
RC Lens,R. Aguilar,DF,2026-05-08,0,0,0
RC Lens,F. Sylla,MF,2026-05-08,0,0,0
RC Lens,A. Bermont,MF,2026-05-08,0,0,0
RC Lens,M. Soares,MF,2026-05-08,0,0,0
RC Lens,M. Gorgelin,GK,2026-05-08,0,0,0
RC Lens,K. Antonio,DF,2026-05-08,0,0,0
RC Lens,A. Masuaku,DF,2026-05-08,0,0,0
RC Lens,N. Čelik,DF,2026-05-08,0,0,0
RC Strasbourg,S. E. Mourabet,MF,2026-05-03,0,0,0
RC Strasbourg,D. Moreira,FW,2026-05-03,0,0,0
RC Strasbourg,A. Omobamidele,DF,2026-05-03,0,0,0
RC Strasbourg,J. Enciso,MF,2026-05-03,0,0,0
RC Strasbourg,E. Emegha,FW,2026-05-03,0,0,0
RC Strasbourg,K. Johnsson,GK,2026-05-03,0,0,0
RC Strasbourg,A. Cissé,DF,2026-05-03,0,0,0
RC Strasbourg,T. Noubissie,MF,2026-05-03,0,0,0
RC Strasbourg,J. Mwanga,MF,2026-05-03,0,0,0
RCD Espanyol de Barcelona,N. García,MF,2026-05-09,0,0,0
RCD Espanyol de Barcelona,P. Perea,DF,2026-05-09,0,0,0
RCD Espanyol de Barcelona,J. P. Garrido,MF,2026-05-09,0,0,0
RCD Espanyol de Barcelona,P. Arana,FW,2026-05-09,0,0,0
RCD Espanyol de Barcelona,A. Durán,MF,2026-05-09,0,0,0
RCD Espanyol de Barcelona,P. Coba,GK,2026-05-09,0,0,0
RCD Espanyol de Barcelona,E. Botero,DF,2026-05-09,0,0,0
RCD Espanyol de Barcelona,M. Torrás,MF,2026-05-09,0,0,0
RCD Espanyol de Barcelona,O. Fergusson,FW,2026-05-09,0,0,0
RCD Espanyol de Barcelona,A. Doménech,FW,2026-05-09,0,0,0
RKC Waalwijk,N. Bakboord,DF,2026-05-05,0,0,0
RKC Waalwijk,R. van der Venne,MF,2026-05-05,0,0,0
RKC Waalwijk,D. Van Kaam,MF,2026-05-05,0,0,0
RKC Waalwijk,M. Kramer,FW,2026-05-05,0,0,0
RKC Waalwijk,M. Spenkelink,GK,2026-05-09,0,0,0
RKC Waalwijk,T. Bramel,GK,2026-05-09,0,0,0
RKC Waalwijk,M. Witteveen,MF,2026-05-09,0,0,0
RKC Waalwijk,M. Schaapman,MF,2026-05-09,0,0,0
RKC Waalwijk,J. Boëtius,MF,2026-05-05,0,0,0
RKC Waalwijk,Y. v. d. Veen,FW,2026-05-09,0,0,0
RKC Waalwijk,R. Fage,MF,2026-05-09,0,0,0
RKC Waalwijk,H. Kuster,MF,2026-05-09,0,0,0
RKC Waalwijk,R. v. Eijma,DF,2026-05-09,0,0,0
RKC Waalwijk,Q. v. Beekveld,MF,2026-05-09,0,0,0
RKC Waalwijk,G. Roemeratoe,MF,2026-05-09,0,0,0
RKC Waalwijk,R. v. Hedel,MF,2026-05-09,0,0,0
RS Berkane,I. Riahi,MF,2026-05-04,0,0,0
RS Berkane,Z. Machach,MF,2026-05-07,0,0,0
RS Berkane,Y. E. Kaabi,FW,2026-05-07,0,0,0
RS Berkane,M. Maftah,GK,2026-05-07,0,0,0
RS Berkane,A. E. Maswab,DF,2026-05-07,0,0,0
RS Berkane,M. E. Morabit,MF,2026-05-07,0,0,0
RS Berkane,R. Hajji,MF,2026-05-07,0,0,0
RS Berkane,S. Sidibe,MF,2026-05-04,0,0,0
RS Berkane,M. Ouyahya,MF,2026-05-04,0,0,0
RS Berkane,A. Azri,MF,2026-05-07,0,0,0
RS Berkane,O. Lamlioui,FW,2026-05-07,0,0,0
RS Berkane,O. Haddadi,DF,2026-05-07,0,0,0
RSC Anderlecht,M. Ilić,DF,2026-05-10,0,0,0
RSC Anderlecht,N. D. Cat,MF,2026-05-03,0,0,0
RSC Anderlecht,I. Kanate,MF,2026-05-10,0,0,0
RSC Anderlecht,A. Bertaccini,FW,2026-05-03,0,0,0
RSC Anderlecht,C. Huerta,MF,2026-05-10,0,0,0
RSC Anderlecht,J. Heekeren,GK,2026-05-10,0,0,0
RSC Anderlecht,L. Hey,DF,2026-05-03,0,0,0
RSC Anderlecht,A. Maamar,DF,2026-05-10,0,0,0
RSC Anderlecht,C. Da Costa,FW,2026-05-03,0,0,0
RSC Anderlecht,J. Nga Kana,MF,2026-05-10,0,0,0
RSC Anderlecht,M. Rits,MF,2026-05-10,0,0,0
RSC Anderlecht,D. Sikan,FW,2026-05-10,0,0,0
RSC Anderlecht,T. Hazard,MF,2026-05-10,0,0,0
Racing Club,T. Pérez,FW,2026-05-07,0,0,0
Racing Club,M. Zaracho,MF,2026-05-07,0,0,0
Racing Club,T. Conechny,FW,2026-05-07,0,0,0
Racing Club,B. Zuculini,MF,2026-05-07,0,0,0
Racing Club,M. Miljevic,MF,2026-05-07,0,0,0
Racing Club,M. Tagliamonte,GK,2026-05-07,0,0,0
Racing Club,M. Rojo,DF,2026-05-07,0,0,0
Racing Club,N. Colombo,DF,2026-05-07,0,0,0
Racing Club,T. Rubio,DF,2026-05-07,0,0,0
Racing Club,F. Pardo,DF,2026-05-07,0,0,0
Racing Club,D. Vergara,FW,2026-05-07,0,0,0
Racing Club,G. Sosa,MF,2026-05-07,0,0,0
Radomiak Radom,S. Kingue,DF,2026-05-04,0,0,0
Radomiak Radom,M. Cichocki,DF,2026-05-04,0,0,0
Radomiak Radom,R. Baró,MF,2026-05-04,0,0,0
Radomiak Radom,S. Soumah,FW,2026-05-04,0,0,0
Radomiak Radom,M. Jerke,GK,2026-05-04,0,0,0
Radomiak Radom,W. Koptas,GK,2026-05-04,0,0,0
Radomiak Radom,João Pedro,DF,2026-05-04,0,0,0
Radomiak Radom,R. Alves,MF,2026-05-04,0,0,0
Radomiak Radom,A. Żabicki,MF,2026-05-04,0,0,0
Radomiak Radom,Leândro,MF,2026-05-04,0,0,0
Radomiak Radom,V. Lopes,FW,2026-05-04,0,0,0
Raja Club Athletic,A. Baadi,DF,2026-05-03,0,0,0
Raja Club Athletic,B. Halimi,MF,2026-05-09,0,0,0
Raja Club Athletic,I. Mokadem,DF,2026-05-03,0,0,0
Raja Club Athletic,H. Ferdaoussi,MF,2026-05-03,0,0,0
Raja Club Athletic,M. Mchakh'chekh,DF,2026-05-09,0,0,0
Raja Club Athletic,K. K. Alaoui,GK,2026-05-09,0,0,0
Raja Club Athletic,H. Boulacsout,DF,2026-05-09,0,0,0
Raja Club Athletic,M. B. Conté,MF,2026-05-03,0,0,0
Raja Club Athletic,M. O. Kehinde,FW,2026-05-03,0,0,0
Raja Club Athletic,A. Khammas,DF,2026-05-09,0,0,0
Raja Club Athletic,M. Dahak,MF,2026-05-09,0,0,0
Raja Club Athletic,I. Khafi,FW,2026-05-09,0,0,0
Raja Club Athletic,Shararh,MF,2026-05-07,0,0,0
Raja Club Athletic,P. O. Sakho,MF,2026-05-09,0,0,0
Raja Club Athletic,O. Chraibi,MF,2026-05-09,0,0,0
Raków Częstochowa,W. Kocherhin,MF,2026-05-08,0,0,0
Raków Częstochowa,P. Makuch,FW,2026-05-08,0,0,0
Raków Częstochowa,L. Rocha,FW,2026-05-08,0,0,0
Raków Częstochowa,O. Zych,GK,2026-05-08,0,0,0
Raków Częstochowa,Z. Arsenić,DF,2026-05-08,0,0,0
Raków Częstochowa,A. Mosór,DF,2026-05-08,0,0,0
Raków Częstochowa,M. Ilenič,DF,2026-05-08,0,0,0
Raków Częstochowa,P. Dawidowicz,DF,2026-05-08,0,0,0
Raków Częstochowa,I. Brusberg,MF,2026-05-08,0,0,0
Raków Częstochowa,E. Otieno,MF,2026-05-08,0,0,0
Rangers,D. Gassama,FW,2026-05-10,0,0,0
Rangers,T. Rommens,DF,2026-05-04,0,0,0
Rangers,T. Aasgaard,MF,2026-05-10,0,0,0
Rangers,R. D. Naderi,FW,2026-05-04,0,0,0
Rangers,B. Miovski,FW,2026-05-10,0,0,0
Rangers,L. Kelly,GK,2026-05-10,0,0,0
Rangers,M. Aarons,DF,2026-05-10,0,0,0
Rangers,C. Barron,MF,2026-05-04,0,0,0
Rangers,O. Antman,FW,2026-05-04,0,0,0
Rangers,D. Sterling,DF,2026-05-10,0,0,0
Rangers,J. Meghoma,DF,2026-05-10,0,0,0
Rangers,A. Skov Olsen,FW,2026-05-10,0,0,0
Rangers,N. Bajrami,MF,2026-05-10,0,0,0
Rayo Vallecano,A. Rațiu,DF,2026-05-03,0,0,0
Rayo Vallecano,J. Chavarría,DF,2026-05-03,0,0,0
Rayo Vallecano,U. López,MF,2026-05-03,0,0,0
Rayo Vallecano,R. Nteka,MF,2026-05-03,0,0,0
Rayo Vallecano,Ó. Valentín,MF,2026-05-03,0,0,0
Rayo Vallecano,D. Cárdenas,GK,2026-05-03,0,0,0
Rayo Vallecano,A. Mumin,DF,2026-05-03,0,0,0
Rayo Vallecano,P. Díaz,MF,2026-05-03,0,0,0
Rayo Vallecano,F. Pérez,MF,2026-05-03,0,0,0
Rayo Vallecano,Ó. Trejo,MF,2026-05-03,0,0,0
Rayo Vallecano,I. Akhomach,FW,2026-05-03,0,0,0
Rayo Vallecano,C. Martín,FW,2026-05-03,0,0,0
Real Betis,M. Roca,MF,2026-05-03,0,0,0
Real Betis,R. Riquelme,MF,2026-05-09,0,0,0
Real Betis,N. Deossa,MF,2026-05-09,0,0,0
Real Betis,Isco,MF,2026-05-09,0,0,0
Real Betis,C. Ávila,FW,2026-05-09,0,0,0
Real Betis,Adrián,GK,2026-05-03,0,0,0
Real Betis,V. Gómez,DF,2026-05-03,0,0,0
Real Betis,A. Ruibal,FW,2026-05-03,0,0,0
Real Betis,Á. Fidalgo,MF,2026-05-09,0,0,0
Real Betis,S. Altimira,MF,2026-05-03,0,0,0
Real Betis,C. Bakambu,FW,2026-05-09,0,0,0
Real Betis,H. Bellerín,DF,2026-05-09,0,0,0
Real Betis,S. Amrabat,MF,2026-05-09,0,0,0
Real Betis,J. Firpo,DF,2026-05-09,0,0,0
Real Betis,Natan,DF,2026-05-09,0,0,0
Real Betis,G. Lo Celso,MF,2026-05-09,0,0,0
Real Club Deportivo de la Coruña,P. Novo,DF,2026-05-09,0,0,0
Real Club Deportivo de la Coruña,Marisa,FW,2026-05-09,0,0,0
Real Club Deportivo de la Coruña,E. Vázquez,DF,2026-05-03,0,0,0
Real Club Deportivo de la Coruña,L. Rivas,FW,2026-05-09,0,0,0
Real Club Deportivo de la Coruña,L. Muíño,MF,2026-05-09,0,0,0
Real Club Deportivo de la Coruña,Y. G. Camino,GK,2026-05-03,0,0,0
Real Club Deportivo de la Coruña,M. Artero,DF,2026-05-03,0,0,0
Real Club Deportivo de la Coruña,C. Carballada,MF,2026-05-03,0,0,0
Real Club Deportivo de la Coruña,E. Dios,MF,2026-05-03,0,0,0
Real Club Deportivo de la Coruña,H. Muiña,MF,2026-05-09,0,0,0
Real Club Deportivo de la Coruña,P. Monteagudo,MF,2026-05-09,0,0,0
Real Club Deportivo de la Coruña,M. Rivas,GK,2026-05-09,0,0,0
Real Madrid,G. García,FW,2026-05-03,0,0,0
Real Madrid,F. Mastantuono,FW,2026-05-03,0,0,0
Real Madrid,E. Camavinga,MF,2026-05-03,0,0,0
Real Madrid,C. Palacios,MF,2026-05-03,0,0,0
Real Madrid,S. Mestre,GK,2026-05-03,0,0,0
Real Madrid,Á. Carreras,DF,2026-05-03,0,0,0
Real Madrid,R. Asencio,DF,2026-05-03,0,0,0
Real Madrid,D. Alaba,DF,2026-05-03,0,0,0
Real Madrid,D. Jiménez,DF,2026-05-03,0,0,0
Real Oviedo,S. Cazorla,MF,2026-05-03,0,0,0
Real Oviedo,K. Sibo,MF,2026-05-03,0,0,0
Real Oviedo,H. Hassan,FW,2026-05-03,0,0,0
Real Oviedo,L. Ahijado,DF,2026-05-03,0,0,0
Real Oviedo,T. Borbas,FW,2026-05-03,0,0,0
Real Oviedo,H. Moldovan,GK,2026-05-03,0,0,0
Real Oviedo,D. Carmo,DF,2026-05-03,0,0,0
Real Oviedo,E. Bailly,DF,2026-05-03,0,0,0
Real Oviedo,A. R. Alhassane,DF,2026-05-03,0,0,0
Real Oviedo,P. Agudín,MF,2026-05-03,0,0,0
Real Oviedo,L. Ilić,MF,2026-05-03,0,0,0
Real Oviedo,Á. Forés,FW,2026-05-03,0,0,0
Real Racing Club,A. Villalibre,FW,2026-05-03,0,0,0
Real Racing Club,D. Rodríguez,MF,2026-05-03,0,0,0
Real Racing Club,F. González,DF,2026-05-03,0,0,0
Real Racing Club,M. Sangalli,FW,2026-05-03,0,0,0
Real Racing Club,J. Mata,FW,2026-05-03,0,0,0
Real Racing Club,J. Ezkieta,GK,2026-05-03,0,0,0
Real Racing Club,Í.  Sáinz-Maza,MF,2026-05-03,0,0,0
Real Racing Club,A. Aldasoro,MF,2026-05-03,0,0,0
Real Racing Club,J. C. Arana,FW,2026-05-03,0,0,0
Real Racing Club,S. Camara,FW,2026-05-03,0,0,0
Real Salt Lake,V. Olatunji,FW,2026-05-10,0,0,0
Real Salt Lake,A. Katranis,DF,2026-05-10,0,0,0
Real Salt Lake,A. Hezarkhani,FW,2026-05-10,0,0,0
Real Salt Lake,D. Marczuk,FW,2026-05-10,0,0,0
Real Salt Lake,M. Stajduhar,GK,2026-05-10,0,0,0
Real Salt Lake,K. Henry,DF,2026-05-10,0,0,0
Real Salt Lake,P. Ruiz,MF,2026-05-10,0,0,0
Real Salt Lake,Z. Booth,MF,2026-05-10,0,0,0
Real Salt Lake,G. Dillon,MF,2026-05-10,0,0,0
Real Sociedad,C. Florentino,DF,2026-05-03,0,0,0
Real Sociedad,C. Lavogez,MF,2026-05-03,0,0,0
Real Sociedad,I. Egiguren,FW,2026-05-03,0,0,0
Real Sociedad,L. Pardo,FW,2026-05-03,0,0,0
Real Sociedad,I. S. Moure,DF,2026-05-09,0,0,0
Real Sociedad,A. Estensoro,GK,2026-05-03,0,0,0
Real Sociedad,A. Jacinto,MF,2026-05-09,0,0,0
Real Sociedad,A. Aparicio,FW,2026-05-09,0,0,0
Real Sociedad,L. Rodríguez,DF,2026-05-09,0,0,0
Real Sociedad,O. S. Óskarsson,FW,2026-05-04,0,0,0
Real Sociedad,T. Kubo,FW,2026-05-04,0,0,0
Real Sociedad,Y. Herrera,MF,2026-05-09,0,0,0
Real Sociedad,Wesley,FW,2026-05-09,0,0,0
Real Sociedad,L. Sučić,MF,2026-05-09,0,0,0
Real Sociedad,A. Fraga,GK,2026-05-04,0,0,0
Real Sociedad,U. Marrero,GK,2026-05-09,0,0,0
Real Sociedad,A. Muñoz,DF,2026-05-09,0,0,0
Real Sociedad,A. Elustondo,DF,2026-05-04,0,0,0
Real Sociedad,B. Méndez,MF,2026-05-09,0,0,0
Real Sociedad,A. Zakharyan,MF,2026-05-09,0,0,0
Real Sociedad,N. Eizagirre,MF,2026-05-09,0,0,0
Real Sociedad,A. V. Moraza,DF,2026-05-09,0,0,0
Real Sociedad,M. Uria,FW,2026-05-09,0,0,0
Real Sociedad,J. Arrula,GK,2026-05-09,0,0,0
Real Sociedad,P. Marín,MF,2026-05-09,0,0,0
Real Sociedad,G. C. Zarranz,FW,2026-05-09,0,0,0
Real Sociedad,L. Beitia,DF,2026-05-09,0,0,0
Real Sociedad,B. Turrientes,MF,2026-05-09,0,0,0
Real Sociedad,J. Ochieng,FW,2026-05-09,0,0,0
Real Sociedad B,A. Marchal,FW,2026-05-03,0,0,0
Real Sociedad B,G. Gorosabel,MF,2026-05-03,0,0,0
Real Sociedad B,D. Díaz,FW,2026-05-03,0,0,0
Real Sociedad B,A. Mariezkurrena,FW,2026-05-03,0,0,0
Real Sociedad B,U. Agote,DF,2026-05-03,0,0,0
Real Sociedad B,T. Folgado,GK,2026-05-03,0,0,0
Real Sociedad B,U. Larrañaga,DF,2026-05-03,0,0,0
Real Sociedad B,J. Garro,MF,2026-05-03,0,0,0
Real Sociedad B,J. Eceizabarrena,MF,2026-05-03,0,0,0
Real Sociedad B,A. Lebarbier,MF,2026-05-03,0,0,0
Real Valladolid,A. Ndiaye,FW,2026-05-09,0,0,0
Real Valladolid,J. Latasa,FW,2026-05-03,0,0,0
Real Valladolid,H. S. Modesto,DF,2026-05-09,0,0,0
Real Valladolid,R. Martínez,DF,2026-05-09,0,0,0
Real Valladolid,I. Alani,MF,2026-05-03,0,0,0
Real Valladolid,G. Fernandes,GK,2026-05-09,0,0,0
Real Valladolid,D. Torres,DF,2026-05-03,0,0,0
Real Valladolid,M. Maroto,MF,2026-05-09,0,0,0
Real Valladolid,P. González,FW,2026-05-03,0,0,0
Real Valladolid,S. Jurić,MF,2026-05-03,0,0,0
Real Valladolid,A. Carvajal,FW,2026-05-09,0,0,0
Real Valladolid,V. Erlien,FW,2026-05-09,0,0,0
Real Valladolid,L. Sanseviero,FW,2026-05-09,0,0,0
Real Valladolid,M. André,FW,2026-05-09,0,0,0
Real Valladolid,C. Michelin,DF,2026-05-09,0,0,0
Real Valladolid,M. Jaouab,DF,2026-05-09,0,0,0
Real Valladolid,V. Meseguer,MF,2026-05-09,0,0,0
Real Zaragoza,H. Pinilla,MF,2026-05-09,0,0,0
Real Zaragoza,K. Kodro,FW,2026-05-09,0,0,0
Real Zaragoza,C. Pomares,DF,2026-05-09,0,0,0
Real Zaragoza,M. Soberón,FW,2026-05-09,0,0,0
Real Zaragoza,M. Obón,GK,2026-05-09,0,0,0
Real Zaragoza,A. Radovanović,DF,2026-05-09,0,0,0
Real Zaragoza,H. Barrachina,DF,2026-05-09,0,0,0
Real Zaragoza,J. Tobajas,MF,2026-05-09,0,0,0
Real Zaragoza,M. Mensah,MF,2026-05-09,0,0,0
Real Zaragoza,S. Moyano,FW,2026-05-09,0,0,0
Real Zaragoza,T. Lucas,MF,2026-05-09,0,0,0
Recoleta FC,J. Franco,MF,2026-05-06,0,0,0
Recoleta FC,K. Parzajuk,FW,2026-05-06,0,0,0
Recoleta FC,B. Ferreira,FW,2026-05-06,0,0,0
Recoleta FC,B. Medina,DF,2026-05-06,0,0,0
Recoleta FC,F. Galeano,MF,2026-05-06,0,0,0
Recoleta FC,A. Marsengo,GK,2026-05-06,0,0,0
Recoleta FC,L. Monzón,DF,2026-05-06,0,0,0
Recoleta FC,H. López,MF,2026-05-06,0,0,0
Recoleta FC,M. Cañete,MF,2026-05-06,0,0,0
Recoleta FC,M. Shupp,MF,2026-05-06,0,0,0
Recoleta FC,T. Vidal,FW,2026-05-06,0,0,0
Red Bull Bragantino,G. Neves,MF,2026-05-04,0,0,0
Red Bull Bragantino,B. d. Moraes,DF,2026-05-04,0,0,0
Red Bull Bragantino,E. Ramires,MF,2026-05-04,0,0,0
Red Bull Bragantino,G. Reis,GK,2026-05-04,0,0,0
Red Bull Bragantino,Cleiton,GK,2026-05-04,0,0,0
Red Bull Bragantino,Vanderlan,DF,2026-05-04,0,0,0
Red Bull Bragantino,J. A. Hurtado,DF,2026-05-08,0,0,0
Red Bull Bragantino,M. Braz,MF,2026-05-04,0,0,0
Red Bull Bragantino,Fabinho,MF,2026-05-04,0,0,0
Red Bull Bragantino,Vinicinho,FW,2026-05-08,0,0,0
Red Bull Bragantino,J. Herrera,FW,2026-05-08,0,0,0
Red Bull Bragantino,I. Pitta,FW,2026-05-08,0,0,0
Red Bull Bragantino,W. E. V. Palacios,DF,2026-05-08,0,0,0
Red Bull Bragantino,Filipe,FW,2026-05-08,0,0,0
Red Bull Bragantino,H. Mosquera,FW,2026-05-08,0,0,0
Red Bull Bragantino,T. Volpi,GK,2026-05-08,0,0,0
Red Bull Bragantino,J. Capixaba,DF,2026-05-08,0,0,0
Red Bull Bragantino,I. Sosa,MF,2026-05-08,0,0,0
Red Bull Bragantino,L. Barbosa,MF,2026-05-08,0,0,0
Red Bull Bragantino,G. Girotto,MF,2026-05-08,0,0,0
Remo Stars,S. Anakwe,FW,2026-05-03,0,0,0
Remo Stars,E. Kingue,MF,2026-05-03,0,0,0
Remo Stars,A. Goita,FW,2026-05-03,0,0,0
Remo Stars,A. Kolimba,GK,2026-05-03,0,0,0
Remo Stars,M. Dauda,DF,2026-05-03,0,0,0
Remo Stars,E. Anthony,DF,2026-05-03,0,0,0
Remo Stars,J. A. Bonou,MF,2026-05-03,0,0,0
Remo Stars,S. Olasupo,FW,2026-05-03,0,0,0
Remo Stars,S. Abdulrasaq,FW,2026-05-03,0,0,0
Renaissance Zemamra,A. Farah,MF,2026-05-03,0,0,0
Renaissance Zemamra,M. Elhtemy,FW,2026-05-03,0,0,0
Renaissance Zemamra,M. Moutouali,MF,2026-05-09,0,0,0
Renaissance Zemamra,M. Abdouramane,MF,2026-05-03,0,0,0
Renaissance Zemamra,M. Radouani,MF,2026-05-09,0,0,0
Renaissance Zemamra,M. E. Jourbaoui,GK,2026-05-09,0,0,0
Renaissance Zemamra,A. Tine,DF,2026-05-09,0,0,0
Renaissance Zemamra,A. E. Ghannouj,MF,2026-05-09,0,0,0
Renaissance Zemamra,Z. Fatihi,MF,2026-05-09,0,0,0
Renaissance Zemamra,A. E. Hamzaoui,FW,2026-05-09,0,0,0
Renaissance Zemamra,M. Oujeddou,MF,2026-05-09,0,0,0
Renaissance Zemamra,Z. Ghailan,FW,2026-05-09,0,0,0
Rhode Island FC,A. Rodríguez,FW,2026-05-10,0,0,0
Rhode Island FC,J. Castro,GK,2026-05-10,0,0,0
Rhode Island FC,N. Scardina,DF,2026-05-10,0,0,0
Rhode Island FC,N. Fuson,FW,2026-05-10,0,0,0
Rhode Island FC,C. Holstad,MF,2026-05-10,0,0,0
Rhode Island FC,L. Dorsey,FW,2026-05-10,0,0,0
Rhode Island FC,K. Yao,DF,2026-05-10,0,0,0
Rio Ave,Olinho,MF,2026-05-03,0,0,0
Rio Ave,O. Richards,DF,2026-05-03,0,0,0
Rio Ave,J. Tomé,DF,2026-05-03,0,0,0
Rio Ave,G. Liavas,MF,2026-05-03,0,0,0
Rio Ave,A. Papakanellos,MF,2026-05-03,0,0,0
Rio Ave,E. Van Der Gouw,GK,2026-05-03,0,0,0
Rio Ave,J. Lomboto,DF,2026-05-03,0,0,0
Rio Ave,J. Brabec,DF,2026-05-03,0,0,0
Rio Ave,R. Lobato,FW,2026-05-03,0,0,0
River Plate,F. Colidio,FW,2026-05-08,0,0,0
River Plate,M. Salas,FW,2026-05-08,0,0,0
River Plate,J. C. Meza,MF,2026-05-08,0,0,0
River Plate,L. Pereyra,MF,2026-05-08,0,0,0
River Plate,K. Páez,MF,2026-05-08,0,0,0
River Plate,E. Centurión,GK,2026-05-08,0,0,0
River Plate,F. Jaroszewicz,GK,2026-05-08,0,0,0
River Plate,U. Giménez,DF,2026-05-08,0,0,0
River Plate,L. Martinez Quarta,DF,2026-05-08,0,0,0
River Plate,K. Castaño,MF,2026-05-08,0,0,0
River Plate,I. Subiabre,FW,2026-05-08,0,0,0
River Plate,A. Ruberto,FW,2026-05-08,0,0,0
Rivers United,S. Bell,DF,2026-05-03,0,0,0
Rivers United,T. Zachariah,FW,2026-05-03,0,0,0
Rivers United,B. B. Martins,MF,2026-05-03,0,0,0
Rivers United,F. Ubong,FW,2026-05-03,0,0,0
Rivers United,D. Iyowuna,FW,2026-05-03,0,0,0
Rivers United,M. Chijioke,FW,2026-05-03,0,0,0
Rivers United,J. Noble,GK,2026-05-03,0,0,0
Rivers United,O. Elias,DF,2026-05-03,0,0,0
Rivers United,O. S. Bossa,FW,2026-05-03,0,0,0
Rochedale Rovers,D. Vollenhoven,MF,2026-05-10,0,0,0
Rochedale Rovers,J. Moreland,MF,2026-05-10,0,0,0
Rochedale Rovers,E. Ashton,MF,2026-05-10,0,0,0
Rochedale Rovers,A. Alexeenko,DF,2026-05-10,0,0,0
Rochedale Rovers,B. Webber,MF,2026-05-10,0,0,0
Rochedale Rovers,T. Rusden,MF,2026-05-10,0,0,0
Rosario Central,E. Copetti,FW,2026-05-06,0,0,0
Rosario Central,A. Soto,DF,2026-05-06,0,0,0
Rosario Central,C. Quintana,DF,2026-05-06,0,0,0
Rosario Central,E. Verón,DF,2026-05-06,0,0,0
Rosario Central,J. Broun,GK,2026-05-06,0,0,0
Rosario Central,L. Raffin,DF,2026-05-06,0,0,0
Rosario Central,F. Mallo,DF,2026-05-06,0,0,0
Rosario Central,L. Ramos,DF,2026-05-06,0,0,0
Rosario Central,S. Segovia,MF,2026-05-06,0,0,0
Rosario Central,M. Cabrera,FW,2026-05-06,0,0,0
Rosario Central,F. Oviedo,FW,2026-05-06,0,0,0
Rosenborg BK,D. Ďuriš,FW,2026-05-10,0,0,0
Rosenborg BK,T. S. Dahl,DF,2026-05-10,0,0,0
Rosenborg BK,D. Islamović,FW,2026-05-10,0,0,0
Rosenborg BK,N. Sahsah,FW,2026-05-10,0,0,0
Rosenborg BK,I. Fossum,MF,2026-05-10,0,0,0
Rosenborg BK,R. Sandberg,GK,2026-05-10,0,0,0
Rosenborg BK,M. K. Ceide,DF,2026-05-10,0,0,0
Rosenborg BK,J. Mortensen,DF,2026-05-10,0,0,0
Rosenborg BK,A. Pereira,DF,2026-05-10,0,0,0
Royal Antwerp FC,F. Adekami,MF,2026-05-03,0,0,0
Royal Antwerp FC,R. V. Helden,DF,2026-05-03,0,0,0
Royal Antwerp FC,B. Kouyaté,DF,2026-05-03,0,0,0
Royal Antwerp FC,M. Al-Sahafi,FW,2026-05-03,0,0,0
Royal Antwerp FC,M. Benitez,MF,2026-05-03,0,0,0
Royal Antwerp FC,Y. Thoelen,GK,2026-05-03,0,0,0
Royal Antwerp FC,G. Bijl,DF,2026-05-03,0,0,0
Royal Antwerp FC,T. Somers,FW,2026-05-03,0,0,0
Royal Antwerp FC,G. Hairemans,MF,2026-05-03,0,0,0
SC Freiburg,P. Lienhart,DF,2026-05-03,0,0,0
SC Freiburg,I. Matanović,FW,2026-05-03,0,0,0
SC Freiburg,D. Scherhant,FW,2026-05-07,0,0,0
SC Freiburg,L. Kübler,DF,2026-05-03,0,0,0
SC Freiburg,N. Höfler,MF,2026-05-03,0,0,0
SC Freiburg,F. Müller,GK,2026-05-07,0,0,0
SC Freiburg,J. Makengo,DF,2026-05-07,0,0,0
SC Freiburg,C. Irié,FW,2026-05-07,0,0,0
SC Freiburg,M. Philipp,FW,2026-05-07,0,0,0
SC Freiburg,B. Ogbus,DF,2026-05-07,0,0,0
SC Freiburg,L. Höler,FW,2026-05-07,0,0,0
SC Freiburg,J. Huth,GK,2026-05-07,0,0,0
SC Freiburg,A. Jung,DF,2026-05-07,0,0,0
SC Freiburg,C. Günter,DF,2026-05-07,0,0,0
SC Freiburg,K. Steinmann,DF,2026-05-07,0,0,0
SC Freiburg,R. Tarnutzer,MF,2026-05-07,0,0,0
SC Heerenveen,L. Brouwers,MF,2026-05-03,0,0,0
SC Heerenveen,L. S. Nordås,FW,2026-05-03,0,0,0
SC Heerenveen,H. Petrov,DF,2026-05-03,0,0,0
SC Heerenveen,N. Courtens,MF,2026-05-03,0,0,0
SC Heerenveen,J. Bekkema,GK,2026-05-03,0,0,0
SC Heerenveen,N. Bakker,GK,2026-05-03,0,0,0
SC Heerenveen,I. Mulder,DF,2026-05-03,0,0,0
SC Heerenveen,M. Egbring,DF,2026-05-03,0,0,0
SC Heerenveen,I. Ahmed,MF,2026-05-03,0,0,0
SC Heerenveen,E. Gürbüz,FW,2026-05-03,0,0,0
SC Jacksonville,K. Sadlier,FW,2026-05-10,0,0,0
SC Jacksonville,E. Soto,FW,2026-05-10,0,0,0
SC Jacksonville,W. Kuzain,MF,2026-05-10,0,0,0
SC Jacksonville,J. Evans,MF,2026-05-10,0,0,0
SC Jacksonville,J. McGuire,GK,2026-05-10,0,0,0
SC Jacksonville,E. Dudley,DF,2026-05-10,0,0,0
SC Jacksonville,B. Soumaoro,MF,2026-05-10,0,0,0
SC Oțelul Galați,Kazu,DF,2026-05-09,0,0,0
SC Oțelul Galați,D. Neicu,DF,2026-05-09,0,0,0
SC Oțelul Galați,G. Debeljuh,FW,2026-05-09,0,0,0
SC Oțelul Galați,P. Nuno,MF,2026-05-09,0,0,0
SC Oțelul Galați,G. Ursu,GK,2026-05-09,0,0,0
SC Oțelul Galați,A. Rus,DF,2026-05-09,0,0,0
SC Oțelul Galați,B. Paz,MF,2026-05-09,0,0,0
SC Oțelul Galați,C. Chira,MF,2026-05-09,0,0,0
SC Oțelul Galați,D. Sandu,FW,2026-05-09,0,0,0
SD Eibar,S. M. Díaz,FW,2026-05-03,0,0,0
SD Eibar,O. Clement,FW,2026-05-09,0,0,0
SD Eibar,Z. Etxebeste,GK,2026-05-09,0,0,0
SD Eibar,U. Guezala,DF,2026-05-03,0,0,0
SD Eibar,A. Etxezarreta,DF,2026-05-09,0,0,0
SD Eibar,M. López Guerenu,DF,2026-05-09,0,0,0
SD Eibar,E. Valej,MF,2026-05-09,0,0,0
SD Eibar,M. U. Callejo,FW,2026-05-09,0,0,0
SD Eibar,I. Lacosta,FW,2026-05-09,0,0,0
SD Eibar,M. Masegur,DF,2026-05-09,0,0,0
SJK,D. Bulgakov,MF,2026-05-08,0,0,0
SJK,J. Streng,FW,2026-05-08,0,0,0
SJK,A. Boström,FW,2026-05-08,0,0,0
SJK,E. Mastokangas,MF,2026-05-08,0,0,0
SJK,J. Viitala,GK,2026-05-08,0,0,0
SJK,O. Väistö,DF,2026-05-08,0,0,0
SJK,J. Moisio,DF,2026-05-08,0,0,0
SJK,S. Yakubu,DF,2026-05-08,0,0,0
SJK,U. Djaló,MF,2026-05-08,0,0,0
SV Werder Bremen,I. Schmidt,DF,2026-05-09,0,0,0
SV Werder Bremen,S. Mbangula,FW,2026-05-09,0,0,0
SV Werder Bremen,M. Grüll,FW,2026-05-09,0,0,0
SV Werder Bremen,M. Wöber,DF,2026-05-09,0,0,0
SV Werder Bremen,M. Kolke,GK,2026-05-09,0,0,0
SV Werder Bremen,K. Coulibaly,DF,2026-05-09,0,0,0
SV Werder Bremen,N. Stark,DF,2026-05-09,0,0,0
SV Werder Bremen,P. Čović,MF,2026-05-09,0,0,0
SV Werder Bremen,J. Milošević,FW,2026-05-09,0,0,0
SV Zulte Waregem,J. Kiilerich,DF,2026-05-09,0,0,0
SV Zulte Waregem,E. Lofolomo,MF,2026-05-09,0,0,0
SV Zulte Waregem,A. Ementa,FW,2026-05-09,0,0,0
SV Zulte Waregem,S. Gavriel,DF,2026-05-09,0,0,0
SV Zulte Waregem,J. Erenbjerg,FW,2026-05-09,0,0,0
SV Zulte Waregem,L. Bostyn,GK,2026-05-09,0,0,0
SV Zulte Waregem,W. Paugain,DF,2026-05-09,0,0,0
SV Zulte Waregem,D. Asare,MF,2026-05-09,0,0,0
SV Zulte Waregem,S. V. Keymolen,MF,2026-05-09,0,0,0
Sacramento Republic FC,K. Edwards,FW,2026-05-03,0,0,0
Sacramento Republic FC,D. Wanner,FW,2026-05-03,0,0,0
Sacramento Republic FC,B. Willey,MF,2026-05-03,0,0,0
Sacramento Republic FC,C. Ukaegbu,DF,2026-05-03,0,0,0
Sacramento Republic FC,J. Randolph,GK,2026-05-03,0,0,0
Sacramento Republic FC,D. Kimbrough,FW,2026-05-03,0,0,0
Sacramento Republic FC,R. Chivukula,DF,2026-05-03,0,0,0
Samsunspor,A. Sousa,DF,2026-05-09,0,0,0
Samsunspor,T. Borevković,DF,2026-05-09,0,0,0
Samsunspor,E. Albak,DF,2026-05-09,0,0,0
Samsunspor,Z. Yavru,DF,2026-05-09,0,0,0
Samsunspor,E. Y. Üstün,GK,2026-05-09,0,0,0
Samsunspor,E. B. Törüz,GK,2026-05-09,0,0,0
Samsunspor,A. Diabaté,DF,2026-05-09,0,0,0
San Antonio FC,D. Pacheco,FW,2026-05-10,0,0,0
San Antonio FC,C. Calov,MF,2026-05-03,0,0,0
San Antonio FC,N. Blanco,DF,2026-05-10,0,0,0
San Antonio FC,L. Haakenson,MF,2026-05-03,0,0,0
San Antonio FC,R. Sánchez,FW,2026-05-10,0,0,0
San Antonio FC,D. Barbir,DF,2026-05-10,0,0,0
San Antonio FC,C. Sorto,FW,2026-05-03,0,0,0
San Antonio FC,D. Erofeev,MF,2026-05-10,0,0,0
San Antonio FC,L. Berrón,MF,2026-05-10,0,0,0
San Antonio FC,S. Patiño,FW,2026-05-10,0,0,0
San Diego FC,I. Pilcher,DF,2026-05-10,0,0,0
San Diego FC,L. Morgan,FW,2026-05-03,0,0,0
San Diego FC,A. Alvarado Jr,FW,2026-05-10,0,0,0
San Diego FC,W. Eisner,DF,2026-05-10,0,0,0
San Diego FC,D. Ferree,GK,2026-05-03,0,0,0
San Diego FC,B. Duke,MF,2026-05-03,0,0,0
San Diego FC,P. Soma,MF,2026-05-10,0,0,0
San Diego FC,B. Zamblé,FW,2026-05-10,0,0,0
San Diego FC,A. Mighten,FW,2026-05-10,0,0,0
San Diego FC,K. Sargeant,DF,2026-05-10,0,0,0
San Diego FC,J. Jackson,GK,2026-05-10,0,0,0
San Diego FC,A. Saidi,FW,2026-05-10,0,0,0
San Jose Earthquakes,J. Gonzalez,FW,2026-05-10,0,0,0
San Jose Earthquakes,I. Harkes,MF,2026-05-10,0,0,0
San Jose Earthquakes,J. Skahan,MF,2026-05-10,0,0,0
San Jose Earthquakes,J. Jasinski,DF,2026-05-10,0,0,0
San Jose Earthquakes,N. Adimabua,FW,2026-05-10,0,0,0
San Jose Earthquakes,N. Crockford,GK,2026-05-10,0,0,0
San Jose Earthquakes,M. Floriani,DF,2026-05-10,0,0,0
San Jose Earthquakes,N. Buck,MF,2026-05-10,0,0,0
San Jose Earthquakes,N. Fernandez,MF,2026-05-10,0,0,0
San Lorenzo,F. Gulli,MF,2026-05-06,0,0,0
San Lorenzo,M. Reali,FW,2026-05-06,0,0,0
San Lorenzo,A. Ladstatter,DF,2026-05-06,0,0,0
San Lorenzo,M. D. Ritis,DF,2026-05-06,0,0,0
San Lorenzo,D. Herazo,FW,2026-05-06,0,0,0
San Lorenzo,J. Devecchi,GK,2026-05-06,0,0,0
San Lorenzo,A. Cordoba,DF,2026-05-06,0,0,0
San Lorenzo,G. Corujo,DF,2026-05-06,0,0,0
San Lorenzo,G. Abrego,MF,2026-05-06,0,0,0
San Lorenzo,I. Perruzzi,MF,2026-05-06,0,0,0
Sandefjord Fotball,E. Pettersen,MF,2026-05-03,0,0,0
Sandefjord Fotball,R. Dzabic,MF,2026-05-03,0,0,0
Sandefjord Fotball,S. Mathisen,FW,2026-05-03,0,0,0
Sandefjord Fotball,S. Kristiansen,DF,2026-05-03,0,0,0
Sandefjord Fotball,A. Grønneberg,GK,2026-05-03,0,0,0
Sandefjord Fotball,H. Skretteberg,DF,2026-05-03,0,0,0
Sandefjord Fotball,A. Blomdahl,MF,2026-05-03,0,0,0
Sandefjord Fotball,K. Halvorsen,MF,2026-05-03,0,0,0
Sandefjord Fotball,A. Foster,FW,2026-05-03,0,0,0
Sanfrecce Hiroshima,T. Matsumoto,MF,2026-05-10,0,0,0
Sanfrecce Hiroshima,R. Germain,FW,2026-05-10,0,0,0
Sanfrecce Hiroshima,S. Takaaki,DF,2026-05-10,0,0,0
Sanfrecce Hiroshima,A. Suzuki,FW,2026-05-10,0,0,0
Sanfrecce Hiroshima,I. Ouchi,GK,2026-05-10,0,0,0
Sanfrecce Hiroshima,D. Suga,MF,2026-05-06,0,0,0
Sanfrecce Hiroshima,C. Yusuke,MF,2026-05-10,0,0,0
Sanfrecce Hiroshima,M. Ohara,MF,2026-05-10,0,0,0
Sanfrecce Hiroshima,S. Kobayashi,MF,2026-05-10,0,0,0
Sanfrecce Hiroshima,M. Naoki,FW,2026-05-10,0,0,0
Santos,L. Peres,DF,2026-05-06,0,0,0
Santos,Thaciano,MF,2026-05-06,0,0,0
Santos,Á. Barreal,MF,2026-05-06,0,0,0
Santos,Rony,FW,2026-05-06,0,0,0
Santos,M. Xavier,FW,2026-05-06,0,0,0
Santos,Diogenes,GK,2026-05-06,0,0,0
Santos,A. Frías,DF,2026-05-06,0,0,0
Santos,Z. Rafael,MF,2026-05-06,0,0,0
Santos,Willian Arão,MF,2026-05-06,0,0,0
Santos,Robinho Jr,FW,2026-05-06,0,0,0
Santos,Miguelito,MF,2026-05-06,0,0,0
Santos,Moisés,FW,2026-05-06,0,0,0
Sarpsborg 08,A. Hansen,MF,2026-05-03,0,0,0
Sarpsborg 08,N. Williams,DF,2026-05-09,0,0,0
Sarpsborg 08,M. Odegaard,DF,2026-05-09,0,0,0
Sarpsborg 08,M. Svenningsen-Grønn,MF,2026-05-09,0,0,0
Sarpsborg 08,J. H. Skjøren,GK,2026-05-03,0,0,0
Sarpsborg 08,M. M. Eidal,DF,2026-05-09,0,0,0
Sarpsborg 08,C. Niyukuri,DF,2026-05-03,0,0,0
Sarpsborg 08,C. Kouakou,MF,2026-05-09,0,0,0
Sarpsborg 08,V. E. Halvorsen,MF,2026-05-09,0,0,0
Sarpsborg 08,L. Øy,GK,2026-05-09,0,0,0
Sarpsborg 08,E. Wichne,DF,2026-05-09,0,0,0
Sassuolo,W. Coulibaly,DF,2026-05-03,0,0,0
Sassuolo,L. Lipani,MF,2026-05-03,0,0,0
Sassuolo,C. Volpato,MF,2026-05-03,0,0,0
Sassuolo,A. Pinamonti,FW,2026-05-03,0,0,0
Sassuolo,A. Fadera,FW,2026-05-03,0,0,0
Sassuolo,A. Murić,GK,2026-05-03,0,0,0
Sassuolo,G. Zacchi,GK,2026-05-08,0,0,0
Sassuolo,G. Satalino,GK,2026-05-08,0,0,0
Sassuolo,F. Romagna,DF,2026-05-08,0,0,0
Sassuolo,J. Doig,DF,2026-05-03,0,0,0
Sassuolo,P. Felipe,DF,2026-05-08,0,0,0
Sassuolo,C. Frangella,MF,2026-05-08,0,0,0
Sassuolo,A. Vranckx,MF,2026-05-08,0,0,0
Sassuolo,E. Iannoni,MF,2026-05-08,0,0,0
Sassuolo,L. Moro,FW,2026-05-08,0,0,0
Sassuolo,I. Koné,MF,2026-05-08,0,0,0
Sassuolo,D. Berardi,FW,2026-05-08,0,0,0
Sassuolo,U. Garcia,DF,2026-05-08,0,0,0
Sassuolo,M. Nzola,FW,2026-05-08,0,0,0
Sassuolo,D. Bakola,MF,2026-05-08,0,0,0
Seattle Sounders FC,A. López,DF,2026-05-10,0,0,0
Seattle Sounders FC,P. Kingston,MF,2026-05-10,0,0,0
Seattle Sounders FC,D. Musovski,FW,2026-05-10,0,0,0
Seattle Sounders FC,S. Frei,GK,2026-05-10,0,0,0
Seattle Sounders FC,K. Kee-hee,DF,2026-05-10,0,0,0
Seattle Sounders FC,P. Arriola,FW,2026-05-10,0,0,0
Seattle Sounders FC,H. Dotson,MF,2026-05-10,0,0,0
Seattle Sounders FC,S. Gomez,MF,2026-05-10,0,0,0
Seattle Sounders FC,O. D. Rosario,FW,2026-05-10,0,0,0
Servette FC,L. Srdanovic,DF,2026-05-03,0,0,0
Servette FC,S. Mráz,FW,2026-05-03,0,0,0
Servette FC,L. Njoh,DF,2026-05-09,0,0,0
Servette FC,G. Morandi,MF,2026-05-03,0,0,0
Servette FC,J. Guillemenot,FW,2026-05-09,0,0,0
Servette FC,L. Rieder,GK,2026-05-09,0,0,0
Servette FC,M. Ishuayed,FW,2026-05-09,0,0,0
Servette FC,A. Jallow,MF,2026-05-03,0,0,0
Servette FC,M. Mardochee,FW,2026-05-09,0,0,0
Servette FC,G. Ondoua,MF,2026-05-09,0,0,0
Servette FC,S. Djoho,DF,2026-05-09,0,0,0
Servette FC,A. Vincent,MF,2026-05-09,0,0,0
Servette FC,T. Nunez,FW,2026-05-09,0,0,0
Sevilla,J. Sánchez,GK,2026-05-09,0,0,0
Sevilla,P. Fernández,FW,2026-05-09,0,0,0
Sevilla,Oso,DF,2026-05-09,0,0,0
Sevilla,Ø. Nyland,GK,2026-05-09,0,0,0
Sevilla,C. Azpilicueta,DF,2026-05-09,0,0,0
Sevilla,T. Nianzou,DF,2026-05-09,0,0,0
Sevilla,A. Januzaj,MF,2026-05-09,0,0,0
Sevilla,N. Guillén,MF,2026-05-04,0,0,0
Sevilla,J. Jordán,MF,2026-05-09,0,0,0
Sevilla,A. Adams,FW,2026-05-09,0,0,0
Sevilla,D. Sow,MF,2026-05-09,0,0,0
Shandong Taishan,P. Xiao,DF,2026-05-10,0,0,0
Shandong Taishan,I. Memet,MF,2026-05-10,0,0,0
Shandong Taishan,L. Duan,MF,2026-05-10,0,0,0
Shandong Taishan,T. Wang,DF,2026-05-10,0,0,0
Shandong Taishan,Y. Jinyong,GK,2026-05-10,0,0,0
Shandong Taishan,Q. Liu,GK,2026-05-10,0,0,0
Shandong Taishan,Z. Zheng,DF,2026-05-05,0,0,0
Shandong Taishan,S. Songchen,DF,2026-05-10,0,0,0
Shandong Taishan,Y. Jiaxi,MF,2026-05-05,0,0,0
Shandong Taishan,B. Liu,MF,2026-05-10,0,0,0
Shandong Taishan,P. Yixiang,FW,2026-05-10,0,0,0
Shandong Taishan,R. Merkies,FW,2026-05-10,0,0,0
Shandong Taishan,Y. Ruiqi,DF,2026-05-10,0,0,0
Shandong Taishan,C. Pu,FW,2026-05-10,0,0,0
Shanghai Port,Z. Linpeng,DF,2026-05-06,0,0,0
Shanghai Port,Y. Xin,DF,2026-05-10,0,0,0
Shanghai Port,L. Zhurun,FW,2026-05-06,0,0,0
Shanghai Port,Leonardo,FW,2026-05-06,0,0,0
Shanghai Port,W. Lei,FW,2026-05-10,0,0,0
Shanghai Port,L. Zhiliang,GK,2026-05-10,0,0,0
Shanghai Port,C. Wei,GK,2026-05-10,0,0,0
Shanghai Port,J. Yufei,DF,2026-05-10,0,0,0
Shanghai Port,W. Zhenao,DF,2026-05-10,0,0,0
Shanghai Port,D. Wang,DF,2026-05-10,0,0,0
Shanghai Port,L. Yongtao,MF,2026-05-10,0,0,0
Shanghai Port,M. Orr,FW,2026-05-10,0,0,0
Shanghai Port,J. Guangtai,DF,2026-05-10,0,0,0
Shanghai Port,L. Ruofan,MF,2026-05-10,0,0,0
Shanghai Shenhua,X. Pengfei,MF,2026-05-05,0,0,0
Shanghai Shenhua,Y. Shuai,DF,2026-05-09,0,0,0
Shanghai Shenhua,X. Haoyang,MF,2026-05-09,0,0,0
Shanghai Shenhua,W. Qipeng,DF,2026-05-09,0,0,0
Shanghai Shenhua,Y. Zexiang,DF,2026-05-09,0,0,0
Shanghai Shenhua,Z. Ma,GK,2026-05-09,0,0,0
Shanghai Shenhua,Z. Yue,DF,2026-05-09,0,0,0
Shanghai Shenhua,Y. Haoyu,MF,2026-05-05,0,0,0
Shanghai Shenhua,H. Jiawen,MF,2026-05-09,0,0,0
Shanghai Shenhua,W. Jie,GK,2026-05-05,0,0,0
Shanghai Shenhua,Saulo Mineiro,FW,2026-05-05,0,0,0
Shanghai Shenhua,H. Ming,DF,2026-05-09,0,0,0
Shanghai Shenhua,L. Chengyu,FW,2026-05-09,0,0,0
Shenzhen Peng City,L. Long,MF,2026-05-10,0,0,0
Shenzhen Peng City,J. Yao,MF,2026-05-06,0,0,0
Shenzhen Peng City,W. Minzhe,GK,2026-05-10,0,0,0
Shenzhen Peng City,J. Jiabao,GK,2026-05-10,0,0,0
Shenzhen Peng City,W. Yuheng,MF,2026-05-10,0,0,0
Shenzhen Peng City,H. Jiajin,MF,2026-05-10,0,0,0
Shenzhen Peng City,S. Hujahmat,FW,2026-05-10,0,0,0
Shenzhen Peng City,L. Ning,MF,2026-05-10,0,0,0
Shenzhen Peng City,Y. Junyi,DF,2026-05-10,0,0,0
Shenzhen Peng City,X. Dalong,FW,2026-05-10,0,0,0
Shenzhen Peng City,D. O. Sekyere,FW,2026-05-10,0,0,0
Shenzhen Peng City,E. Karzev,MF,2026-05-10,0,0,0
Shimizu S-Pulse,Y. Oki,GK,2026-05-06,0,0,0
Shimizu S-Pulse,Capixaba,MF,2026-05-06,0,0,0
Shimizu S-Pulse,Y. Honda,DF,2026-05-06,0,0,0
Shimizu S-Pulse,K. Chiba,FW,2026-05-10,0,0,0
Shimizu S-Pulse,A. Ahmedov,FW,2026-05-06,0,0,0
Shimizu S-Pulse,S. Hasukawa,DF,2026-05-10,0,0,0
Shimizu S-Pulse,K. Kozuka,MF,2026-05-10,0,0,0
Shimizu S-Pulse,R. Ohata,MF,2026-05-06,0,0,0
Shimizu S-Pulse,M. Yumiba,MF,2026-05-10,0,0,0
Shimizu S-Pulse,T. Sasaki,GK,2026-05-10,0,0,0
Shimizu S-Pulse,K. Matsuzaki,MF,2026-05-10,0,0,0
Shimizu S-Pulse,O. Se-Hun,FW,2026-05-10,0,0,0
Shimizu S-Pulse,Y. Yoshida,DF,2026-05-10,0,0,0
Shimizu S-Pulse,H. Hidaka,DF,2026-05-10,0,0,0
Shooting Stars,M. Lawal,GK,2026-05-03,0,0,0
Shooting Stars,G. Adelowo,DF,2026-05-03,0,0,0
Shooting Stars,I. U. Utin,DF,2026-05-03,0,0,0
Shooting Stars,A. Abayomi,MF,2026-05-03,0,0,0
Shooting Stars,C. R. Habu,MF,2026-05-03,0,0,0
Shooting Stars,T. Azeez,MF,2026-05-03,0,0,0
Shooting Stars,Q. Adegoke,FW,2026-05-03,0,0,0
Shooting Stars,A. Balogun,FW,2026-05-03,0,0,0
Shooting Stars,O. Olaloke,FW,2026-05-03,0,0,0
Sint-Truidense VV,S. Juklerød,DF,2026-05-09,0,0,0
Sint-Truidense VV,K. Matsuzawa,FW,2026-05-09,0,0,0
Sint-Truidense VV,L. Mbe Soh,DF,2026-05-09,0,0,0
Sint-Truidense VV,A. Diriken,MF,2026-05-09,0,0,0
Sint-Truidense VV,O. Diouf,FW,2026-05-09,0,0,0
Sint-Truidense VV,M. Lendfers,GK,2026-05-09,0,0,0
Sint-Truidense VV,W. Janssens,DF,2026-05-09,0,0,0
Sint-Truidense VV,A. Nhaili,FW,2026-05-09,0,0,0
Sint-Truidense VV,S. Shinkawa,FW,2026-05-09,0,0,0
Slavia Sofia,V. Yotov,MF,2026-05-10,0,0,0
Slavia Sofia,M. Miletic,FW,2026-05-10,0,0,0
Slavia Sofia,L. Ivanov,DF,2026-05-10,0,0,0
Slavia Sofia,E. Gogev,FW,2026-05-10,0,0,0
Slavia Sofia,L. Kostov,FW,2026-05-10,0,0,0
Slavia Sofia,I. Andonov,GK,2026-05-10,0,0,0
Slavia Sofia,M. Lazarov,DF,2026-05-10,0,0,0
Slavia Sofia,V. Medved,MF,2026-05-10,0,0,0
Slavia Sofia,T. C. Chan,MF,2026-05-10,0,0,0
Southampton,R. Stewart,FW,2026-05-09,0,0,0
Southampton,K. Matsuki,MF,2026-05-09,0,0,0
Southampton,S. Charles,MF,2026-05-09,0,0,0
Southampton,S. Edozie,MF,2026-05-09,0,0,0
Southampton,G. Long,GK,2026-05-09,0,0,0
Southampton,Welington,DF,2026-05-09,0,0,0
Southampton,J. Quarshie,DF,2026-05-09,0,0,0
Southampton,C. Bragg,MF,2026-05-09,0,0,0
Southampton,C. Archer,FW,2026-05-09,0,0,0
Sparta Rotterdam,B. Martins Indi,DF,2026-05-03,0,0,0
Sparta Rotterdam,P. Clement,MF,2026-05-03,0,0,0
Sparta Rotterdam,M. Zonneveld,FW,2026-05-03,0,0,0
Sparta Rotterdam,P. Kuiper,GK,2026-05-03,0,0,0
Sparta Rotterdam,F. Bednarek,GK,2026-05-03,0,0,0
Sparta Rotterdam,S. Sambo,DF,2026-05-03,0,0,0
Sparta Rotterdam,P. v. Aanholt,DF,2026-05-03,0,0,0
Sparta Rotterdam,J. Baas,MF,2026-05-03,0,0,0
Sparta Rotterdam,J. Toornstra,MF,2026-05-03,0,0,0
Sparta Rotterdam,J. d. Guzmán,MF,2026-05-03,0,0,0
Sparta Rotterdam,A. Roaldsøy,MF,2026-05-03,0,0,0
Sparta Rotterdam,C. Terho,FW,2026-05-03,0,0,0
Sport Recife,Marlon,FW,2026-05-10,0,0,0
Sport Recife,A. Pucci,DF,2026-05-10,0,0,0
Sport Recife,Y. Felipe,MF,2026-05-10,0,0,0
Sport Recife,Max,MF,2026-05-10,0,0,0
Sport Recife,I. Castilho,FW,2026-05-04,0,0,0
Sport Recife,Halls,GK,2026-05-10,0,0,0
Sport Recife,Z. Marcos,DF,2026-05-10,0,0,0
Sport Recife,Habraão,DF,2026-05-10,0,0,0
Sport Recife,E. Lucas,DF,2026-05-10,0,0,0
Sport Recife,G. Maia,FW,2026-05-10,0,0,0
Sport Recife,Zé Gabriel,MF,2026-05-10,0,0,0
Sport Recife,P. Victor,FW,2026-05-10,0,0,0
Sporting Braga,L. Pinto,MF,2026-05-07,0,0,0
Sporting Braga,F. Navarro,FW,2026-05-07,0,0,0
Sporting Braga,T. Sá,GK,2026-05-07,0,0,0
Sporting Braga,R. Silva,FW,2026-05-07,0,0,0
Sporting Braga,J. Noro,DF,2026-05-07,0,0,0
Sporting Braga,A. Gil,MF,2026-05-03,0,0,0
Sporting Braga,Y. d. Rocha,MF,2026-05-07,0,0,0
Sporting Braga,G. Moscardo,MF,2026-05-07,0,0,0
Sporting Braga,G. Martínez,FW,2026-05-07,0,0,0
Sporting Braga,A. Bellaarouch,GK,2026-05-07,0,0,0
Sporting Braga,L. Lelo,DF,2026-05-07,0,0,0
Sporting Braga,A. E. Ouazzani,FW,2026-05-07,0,0,0
Sporting Braga,R. Horta,FW,2026-05-07,0,0,0
Sporting CP,Luis Guilherme,FW,2026-05-04,0,0,0
Sporting CP,N. Santos,DF,2026-05-04,0,0,0
Sporting CP,G. Kochorashvili,MF,2026-05-04,0,0,0
Sporting CP,G. Quenda,MF,2026-05-04,0,0,0
Sporting CP,O. Diomande,DF,2026-05-04,0,0,0
Sporting CP,J. Virgínia,GK,2026-05-04,0,0,0
Sporting CP,R. Mangas,DF,2026-05-04,0,0,0
Sporting CP,G. Vagiannidis,DF,2026-05-04,0,0,0
Sporting CP,R. Nel,FW,2026-05-04,0,0,0
Sporting Gijón,P. García,DF,2026-05-09,0,0,0
Sporting Gijón,E. Curbelo,DF,2026-05-09,0,0,0
Sporting Gijón,D. Queipo,FW,2026-05-03,0,0,0
Sporting Gijón,A. Coundoul,FW,2026-05-09,0,0,0
Sporting Gijón,M. Conde,FW,2026-05-09,0,0,0
Sporting Gijón,I. Venteo,GK,2026-05-09,0,0,0
Sporting Gijón,C. Sanchez,GK,2026-05-09,0,0,0
Sporting Gijón,L. Perrin,DF,2026-05-03,0,0,0
Sporting Gijón,K. Vázquez,DF,2026-05-09,0,0,0
Sporting Gijón,J. Bernal,MF,2026-05-09,0,0,0
Sporting Gijón,M. Rodriguez,MF,2026-05-09,0,0,0
Sporting Gijón,A. Oyón,FW,2026-05-09,0,0,0
Sporting Kansas City,I. James,DF,2026-05-10,0,0,0
Sporting Kansas City,C. Harris,FW,2026-05-10,0,0,0
Sporting Kansas City,Z. Bassong,DF,2026-05-10,0,0,0
Sporting Kansas City,T. Calheira,FW,2026-05-10,0,0,0
Sporting Kansas City,S. Afrifa,FW,2026-05-10,0,0,0
Sporting Kansas City,R. Schewe,GK,2026-05-10,0,0,0
Sporting Kansas City,J. Pulskamp,GK,2026-05-10,0,0,0
Sporting Kansas City,P. Lurot,DF,2026-05-10,0,0,0
Sporting Kansas City,M. Tschantret,MF,2026-05-10,0,0,0
St. Mirren,S. Tanser,DF,2026-05-09,0,0,0
St. Mirren,J. Richardson,DF,2026-05-09,0,0,0
St. Mirren,J. Young,FW,2026-05-09,0,0,0
St. Mirren,R. King,DF,2026-05-09,0,0,0
St. Mirren,L. Douglas,FW,2026-05-09,0,0,0
St. Mirren,G. Tamosevicius,GK,2026-05-09,0,0,0
St. Mirren,T. Falconer,DF,2026-05-09,0,0,0
St. Mirren,R. Duff,FW,2026-05-09,0,0,0
St. Mirren,J. Calvin,FW,2026-05-09,0,0,0
St.Louis City,M. Mbacke,DF,2026-05-04,0,0,0
St.Louis City,S. Córdova,FW,2026-05-04,0,0,0
St.Louis City,F. Fall,DF,2026-05-10,0,0,0
St.Louis City,M. Joyner,MF,2026-05-10,0,0,0
St.Louis City,B. McSorley,FW,2026-05-10,0,0,0
St.Louis City,B. Lundt,GK,2026-05-10,0,0,0
St.Louis City,J. Orozco,DF,2026-05-04,0,0,0
St.Louis City,R. Santos,GK,2026-05-10,0,0,0
St.Louis City,C. Teuchert,FW,2026-05-04,0,0,0
St.Louis City,M. Perez,FW,2026-05-10,0,0,0
St.Louis City,L. MacNaughton,DF,2026-05-10,0,0,0
St.Louis City,E. Löwen,MF,2026-05-10,0,0,0
Stade Brestois,E. Ebimbe,MF,2026-05-03,0,0,0
Stade Brestois,H. Makalou,MF,2026-05-03,0,0,0
Stade Brestois,K. Doumbia,MF,2026-05-03,0,0,0
Stade Brestois,M. Baldé,FW,2026-05-03,0,0,0
Stade Brestois,P. Mboup,FW,2026-05-03,0,0,0
Stade Brestois,R. Majecki,GK,2026-05-03,0,0,0
Stade Brestois,N. Jauny,GK,2026-05-03,0,0,0
Stade Brestois,S. Diop,FW,2026-05-03,0,0,0
Stade Rennais,L. Blas,FW,2026-05-03,0,0,0
Stade Rennais,M. Nagida,DF,2026-05-03,0,0,0
Stade Rennais,D. Cissé,MF,2026-05-03,0,0,0
Stade Rennais,N. Mukiele,FW,2026-05-03,0,0,0
Stade Rennais,Y. Zabiri,FW,2026-05-03,0,0,0
Stade Rennais,K. Belazzoug,GK,2026-05-03,0,0,0
Stade Rennais,M. Silistrie,GK,2026-05-03,0,0,0
Stade Rennais,A. Rouault,DF,2026-05-03,0,0,0
Stade Rennais,G. Kamara,MF,2026-05-03,0,0,0
Stade Tunisien,A. Dkhili,GK,2026-05-08,0,0,0
Stade Tunisien,M. I. Riahi,DF,2026-05-03,0,0,0
Stade Tunisien,S. Sghaier,DF,2026-05-03,0,0,0
Stade Tunisien,Y. Toure,MF,2026-05-03,0,0,0
Stade Tunisien,Y. Dhaflaoui,FW,2026-05-08,0,0,0
Stade Tunisien,G. Emmanuel,FW,2026-05-08,0,0,0
Stade Tunisien,A. Haboubi,FW,2026-05-03,0,0,0
Stade Tunisien,Y. Arfaoui,MF,2026-05-03,0,0,0
Stade Tunisien,A. Jaouadi,MF,2026-05-08,0,0,0
Stade Tunisien,W. Ouerghemmi,DF,2026-05-08,0,0,0
Stade Tunisien,R. E. Riahi,MF,2026-05-08,0,0,0
Stade Tunisien,M. A. Khemissi,FW,2026-05-08,0,0,0
Stade Tunisien,M. Gharbi,FW,2026-05-08,0,0,0
Stade Tunisien,A. Jaziri,MF,2026-05-08,0,0,0
Standard Liège,J. Homawoo,DF,2026-05-03,0,0,0
Standard Liège,T. Mohr,MF,2026-05-08,0,0,0
Standard Liège,D. Eckert Ayensa,FW,2026-05-08,0,0,0
Standard Liège,N. Mehssatou,DF,2026-05-08,0,0,0
Standard Liège,B. Nguene,FW,2026-05-08,0,0,0
Standard Liège,L. Pirard,GK,2026-05-08,0,0,0
Standard Liège,D. Dierckx,DF,2026-05-08,0,0,0
Standard Liège,S. Assengue,MF,2026-05-08,0,0,0
Standard Liège,C. Spoden,MF,2026-05-03,0,0,0
Standard Liège,M. Ilaimaharitra,MF,2026-05-08,0,0,0
Standard Liège,T. Teuma,MF,2026-05-08,0,0,0
Sunderland,N. Angulo,FW,2026-05-09,0,0,0
Sunderland,E. Mayenda,FW,2026-05-09,0,0,0
Sunderland,M. Ellborg,GK,2026-05-09,0,0,0
Sunderland,L. O'Nien,MF,2026-05-09,0,0,0
Sunderland,D. Cirkin,DF,2026-05-09,0,0,0
Sunderland,C. Rigg,MF,2026-05-09,0,0,0
Sunderland,H. Diarra,MF,2026-05-09,0,0,0
Sunderland,J. T. Bi,FW,2026-05-09,0,0,0
Sunderland,W. Isidor,FW,2026-05-09,0,0,0
São Bernardo,F. García,FW,2026-05-03,0,0,0
São Bernardo,Fabrício Daniel,FW,2026-05-03,0,0,0
São Bernardo,Hyoran,MF,2026-05-03,0,0,0
São Bernardo,Marcão Silva,MF,2026-05-03,0,0,0
São Bernardo,Pedrinho,FW,2026-05-03,0,0,0
São Bernardo,Matheus Nogueira,GK,2026-05-03,0,0,0
São Bernardo,Hugo,DF,2026-05-03,0,0,0
São Bernardo,W. Manzoli,DF,2026-05-03,0,0,0
São Bernardo,Lucas Fernandes,MF,2026-05-03,0,0,0
São Bernardo,D. D. S. Roque,FW,2026-05-03,0,0,0
São Bernardo,P. Dyego,FW,2026-05-03,0,0,0
São Paulo,C. Soares,DF,2026-05-08,0,0,0
São Paulo,L. Moura,FW,2026-05-03,0,0,0
São Paulo,Ferreira,FW,2026-05-03,0,0,0
São Paulo,C. Coronel,GK,2026-05-03,0,0,0
São Paulo,L. Osorio,DF,2026-05-03,0,0,0
São Paulo,Dória,DF,2026-05-03,0,0,0
São Paulo,Lucca,FW,2026-05-08,0,0,0
São Paulo,D. Ferreira,MF,2026-05-03,0,0,0
São Paulo,Artur,FW,2026-05-08,0,0,0
São Paulo,Danielzinho,MF,2026-05-08,0,0,0
São Paulo,F. Negrucci,MF,2026-05-08,0,0,0
São Paulo,Sabino,DF,2026-05-08,0,0,0
São Paulo,Rafael,GK,2026-05-08,0,0,0
São Paulo,Wendell,DF,2026-05-08,0,0,0
São Paulo,J. Calleri,FW,2026-05-08,0,0,0
São Paulo,Luciano,FW,2026-05-08,0,0,0
TSG Hoffenheim,A. Prass,DF,2026-05-09,0,0,0
TSG Hoffenheim,R. Hranáč,DF,2026-05-09,0,0,0
TSG Hoffenheim,C. Campbell,FW,2026-05-09,0,0,0
TSG Hoffenheim,G. Prömel,MF,2026-05-09,0,0,0
TSG Hoffenheim,A. Hložek,FW,2026-05-09,0,0,0
TSG Hoffenheim,L. Philipp,GK,2026-05-09,0,0,0
TSG Hoffenheim,K. Akpoguma,DF,2026-05-09,0,0,0
TSG Hoffenheim,M. Damar,MF,2026-05-09,0,0,0
TSG Hoffenheim,M. Moerstedt,FW,2026-05-09,0,0,0
Tianjin Jinmen Tiger,M. Sun,DF,2026-05-05,0,0,0
Tianjin Jinmen Tiger,X. Weijun,FW,2026-05-10,0,0,0
Tianjin Jinmen Tiger,H. Guo,MF,2026-05-10,0,0,0
Tianjin Jinmen Tiger,Q. Yuxi,GK,2026-05-10,0,0,0
Tianjin Jinmen Tiger,C. Cai,DF,2026-05-05,0,0,0
Tianjin Jinmen Tiger,S. Li,DF,2026-05-10,0,0,0
Tianjin Jinmen Tiger,L. Yongjia,MF,2026-05-10,0,0,0
Tianjin Jinmen Tiger,J. Shengpan,FW,2026-05-10,0,0,0
Tianjin Jinmen Tiger,S. Yan,MF,2026-05-10,0,0,0
Tianjin Jinmen Tiger,X. Wu,DF,2026-05-10,0,0,0
Tianjin Jinmen Tiger,C. Zhexuan,DF,2026-05-10,0,0,0
Tianjin Jinmen Tiger,Z. Wang,DF,2026-05-10,0,0,0
Tigre,J. Villalba,DF,2026-05-07,0,0,0
Tigre,S. López,FW,2026-05-07,0,0,0
Tigre,J. Elias,MF,2026-05-07,0,0,0
Tigre,J. Mosqueira,MF,2026-05-07,0,0,0
Tigre,T. Sultani,GK,2026-05-07,0,0,0
Tigre,G. Guiffrey,DF,2026-05-07,0,0,0
Tigre,G. Soto,DF,2026-05-07,0,0,0
Tigre,N. Banegas,DF,2026-05-07,0,0,0
Tigre,T. Serrago,MF,2026-05-07,0,0,0
Tigre,S. Medina,MF,2026-05-07,0,0,0
Tigre,A. Oviedo,FW,2026-05-07,0,0,0
Tigres UANL,D. Sánchez,FW,2026-05-03,0,0,0
Tigres UANL,J. Vigón,MF,2026-05-03,0,0,0
Tigres UANL,R. Guerrero,DF,2026-05-10,0,0,0
Tigres UANL,V. Loroña,DF,2026-05-10,0,0,0
Tigres UANL,A. P. Gignac,FW,2026-05-10,0,0,0
Tigres UANL,C. Rodríguez,GK,2026-05-10,0,0,0
Tigres UANL,J. Purata,DF,2026-05-10,0,0,0
Tigres UANL,M. Flores,MF,2026-05-10,0,0,0
Tigres UANL,H. S. Koifman,MF,2026-05-03,0,0,0
Tigres UANL,I. Galvan,FW,2026-05-10,0,0,0
Tigres UANL,I. López,GK,2026-05-10,0,0,0
Tigres UANL,D. Lainez,MF,2026-05-10,0,0,0
Tigres UANL,M. Farfan,DF,2026-05-10,0,0,0
Tokyo Verdy,K. Miyahara,DF,2026-05-10,0,0,0
Tokyo Verdy,K. Saito,MF,2026-05-10,0,0,0
Tokyo Verdy,R. Shirai,FW,2026-05-10,0,0,0
Tokyo Verdy,Y. Arai,MF,2026-05-10,0,0,0
Tokyo Verdy,T. Inami,MF,2026-05-03,0,0,0
Tokyo Verdy,H. Mawatari,GK,2026-05-06,0,0,0
Tokyo Verdy,S. Tanabe,DF,2026-05-10,0,0,0
Tokyo Verdy,S. Nakayama,MF,2026-05-10,0,0,0
Tokyo Verdy,S. Teranuma,FW,2026-05-10,0,0,0
Tokyo Verdy,Y. Matsuhashi,MF,2026-05-06,0,0,0
Tokyo Verdy,I. Kumatoriya,FW,2026-05-06,0,0,0
Tokyo Verdy,I. Someno,FW,2026-05-06,0,0,0
Tokyo Verdy,R. Hirakawa,MF,2026-05-06,0,0,0
Tokyo Verdy,G. Yamada,FW,2026-05-06,0,0,0
Tokyo Verdy,R. Matsuda,DF,2026-05-06,0,0,0
Tokyo Verdy,D. Fukazawa,DF,2026-05-06,0,0,0
Tokyo Verdy,Y. Fukuda,MF,2026-05-10,0,0,0
Tokyo Verdy,M. Vidotto,GK,2026-05-10,0,0,0
Tondela,Bebeto,DF,2026-05-03,0,0,0
Tondela,H. Tavares,MF,2026-05-03,0,0,0
Tondela,S. Sithole,MF,2026-05-03,0,0,0
Tondela,A. Van Der Heide,FW,2026-05-03,0,0,0
Tondela,B. Mbunga-Kimpioka,FW,2026-05-03,0,0,0
Tondela,G. Souza,GK,2026-05-03,0,0,0
Tondela,J. Afonso,DF,2026-05-03,0,0,0
Tondela,J. Hodge,MF,2026-05-03,0,0,0
Tondela,J. Siebatcheu,FW,2026-05-03,0,0,0
Torino,M. Pedersen,DF,2026-05-08,0,0,0
Torino,D. Zapata,FW,2026-05-08,0,0,0
Torino,E. İlkhan,MF,2026-05-08,0,0,0
Torino,N. Nkounkou,DF,2026-05-08,0,0,0
Torino,S. Kulenović,FW,2026-05-08,0,0,0
Torino,L. Siviero,GK,2026-05-08,0,0,0
Torino,F. Israel,GK,2026-05-08,0,0,0
Torino,A. Tameze,MF,2026-05-08,0,0,0
Torino,C. Biraghi,DF,2026-05-08,0,0,0
Torino,G. Maripán,DF,2026-05-08,0,0,0
Torino,Z. Savva,FW,2026-05-08,0,0,0
Torino,I. Ilić,MF,2026-05-08,0,0,0
Torino,C. Casadei,MF,2026-05-08,0,0,0
Torino,T. Gabellini,FW,2026-05-08,0,0,0
Torino,C. Adams,FW,2026-05-08,0,0,0
Toronto FC,D. Etienne,FW,2026-05-09,0,0,0
Toronto FC,E. Aristizábal,FW,2026-05-09,0,0,0
Toronto FC,M. Chisholm,DF,2026-05-09,0,0,0
Toronto FC,A. D. Rosario,GK,2026-05-09,0,0,0
Toronto FC,W. Yarbrough,GK,2026-05-09,0,0,0
Toronto FC,S. Kapor,DF,2026-05-09,0,0,0
Toronto FC,N. Gomis,DF,2026-05-09,0,0,0
Toronto FC,J. Nolan,FW,2026-05-09,0,0,0
Toronto FC,F. Bank,FW,2026-05-09,0,0,0
Tottenham Hotspur,D. Spence,DF,2026-05-03,0,0,0
Tottenham Hotspur,Y. Bissouma,MF,2026-05-03,0,0,0
Tottenham Hotspur,L. Bergvall,MF,2026-05-03,0,0,0
Tottenham Hotspur,P. Sarr,MF,2026-05-03,0,0,0
Tottenham Hotspur,B. Austin,GK,2026-05-03,0,0,0
Tottenham Hotspur,R. Drăguşin,DF,2026-05-03,0,0,0
Tottenham Hotspur,Souza,DF,2026-05-03,0,0,0
Tottenham Hotspur,J. Maddison,MF,2026-05-03,0,0,0
Tottenham Hotspur,A. Gray,MF,2026-05-03,0,0,0
Toulouse,Emersonn,FW,2026-05-03,0,0,0
Toulouse,D. Sidibé,DF,2026-05-03,0,0,0
Toulouse,W. Kamanzi,DF,2026-05-03,0,0,0
Toulouse,I. Azizi,FW,2026-05-03,0,0,0
Toulouse,K. Haug,GK,2026-05-03,0,0,0
Toulouse,G. Bakhouche,DF,2026-05-03,0,0,0
Toulouse,S. Koumbassa,DF,2026-05-03,0,0,0
Toulouse,J. Vignolo,FW,2026-05-03,0,0,0
Trabzonspor,A. D. Yıldırım,GK,2026-05-09,0,0,0
Trabzonspor,P. Onuachu,FW,2026-05-09,0,0,0
Trabzonspor,B. Başkan,MF,2026-05-09,0,0,0
Trabzonspor,O. Çakıroğlu,FW,2026-05-09,0,0,0
Trabzonspor,O. Çevikkan,GK,2026-05-09,0,0,0
Trabzonspor,T. Jabol-Folcarelli,MF,2026-05-09,0,0,0
Trabzonspor,O. Ertem,MF,2026-05-09,0,0,0
Trabzonspor,Y. Çubukcu,MF,2026-05-09,0,0,0
Trabzonspor,E. Y. Alkurt,FW,2026-05-09,0,0,0
Tromsø IL,D. Braut,FW,2026-05-03,0,0,0
Tromsø IL,I. Vadebu,DF,2026-05-03,0,0,0
Tromsø IL,S. Innvær,MF,2026-05-03,0,0,0
Tromsø IL,O. Lauvli,GK,2026-05-03,0,0,0
Tromsø IL,M. Tonnessen,DF,2026-05-03,0,0,0
Tromsø IL,M. Mikkelsen,MF,2026-05-03,0,0,0
Tromsø IL,J. B. Husebø,DF,2026-05-03,0,0,0
Tromsø IL,J. Solstad-Nøis,MF,2026-05-03,0,0,0
Turun Palloseura,M. Kauppila,FW,2026-05-08,0,0,0
Turun Palloseura,T. Karkulowski,FW,2026-05-08,0,0,0
Turun Palloseura,L. Ikonen,MF,2026-05-08,0,0,0
Turun Palloseura,A. Sairinen,DF,2026-05-08,0,0,0
Turun Palloseura,T. Väkiparta,MF,2026-05-08,0,0,0
Turun Palloseura,D. Lauri,GK,2026-05-08,0,0,0
Turun Palloseura,A. Coulibaly,MF,2026-05-08,0,0,0
Turun Palloseura,S. Anini Jr.,FW,2026-05-08,0,0,0
Turun Palloseura,L. Ivanovic,FW,2026-05-08,0,0,0
US Ben Guerdane,M. Karkouba,GK,2026-05-03,0,0,0
US Ben Guerdane,S. Bouaicha,DF,2026-05-08,0,0,0
US Ben Guerdane,W. Abdi,MF,2026-05-03,0,0,0
US Ben Guerdane,M. B. Abdelouahab,MF,2026-05-03,0,0,0
US Ben Guerdane,I. Mhirsi,MF,2026-05-03,0,0,0
US Ben Guerdane,B. Hakimi,FW,2026-05-03,0,0,0
US Ben Guerdane,Touray,FW,2026-05-08,0,0,0
US Ben Guerdane,R. Gazzeh,GK,2026-05-08,0,0,0
US Ben Guerdane,I. Touis,DF,2026-05-08,0,0,0
US Ben Guerdane,A. Souii,DF,2026-05-08,0,0,0
US Ben Guerdane,O. Amri,MF,2026-05-08,0,0,0
US Ben Guerdane,A. Ltaief,FW,2026-05-08,0,0,0
US Ben Guerdane,F. Mimouni,FW,2026-05-08,0,0,0
US Monastir,A. Slimene,GK,2026-05-08,0,0,0
US Monastir,A. Bouzganda,DF,2026-05-04,0,0,0
US Monastir,Y. Herch,DF,2026-05-04,0,0,0
US Monastir,A. Benga,DF,2026-05-08,0,0,0
US Monastir,B. Tsirava,MF,2026-05-04,0,0,0
US Monastir,M. Ganouni,MF,2026-05-04,0,0,0
US Monastir,A. Boulila,MF,2026-05-04,0,0,0
US Monastir,L. Gilmore,MF,2026-05-04,0,0,0
US Monastir,S. Bouali,FW,2026-05-08,0,0,0
US Monastir,N. Zeguei,DF,2026-05-08,0,0,0
US Monastir,A. Yaakoubi,MF,2026-05-08,0,0,0
US Monastir,Y. Dridi,MF,2026-05-08,0,0,0
US Monastir,C. E. Djebali,MF,2026-05-08,0,0,0
US Monastir,N. Douihech,MF,2026-05-08,0,0,0
US Monastir,I. Souissi,FW,2026-05-08,0,0,0
UTA Arad,M. Tzionis,FW,2026-05-08,0,0,0
UTA Arad,D. Hrezdac,MF,2026-05-08,0,0,0
UTA Arad,D. Ciubăncan,FW,2026-05-08,0,0,0
UTA Arad,M. Stolnik,DF,2026-05-03,0,0,0
UTA Arad,Á. Tordai,GK,2026-05-08,0,0,0
UTA Arad,D. Pospelov,DF,2026-05-03,0,0,0
UTA Arad,O. Popescu,MF,2026-05-08,0,0,0
UTA Arad,L. Mihai,MF,2026-05-08,0,0,0
UTA Arad,A. Tolcea,FW,2026-05-08,0,0,0
UTA Arad,D. Ile,MF,2026-05-08,0,0,0
UTA Arad,B. Van Durmen,MF,2026-05-08,0,0,0
UTA Arad,F. Poulolo,DF,2026-05-08,0,0,0
Udinese,A. Camara,MF,2026-05-09,0,0,0
Udinese,N. Bertola,DF,2026-05-09,0,0,0
Udinese,L. Miller,MF,2026-05-09,0,0,0
Udinese,K. Davis,FW,2026-05-09,0,0,0
Udinese,J. Arizala,MF,2026-05-09,0,0,0
Udinese,I. Gueye,FW,2026-05-09,0,0,0
Udinese,R. Sava,GK,2026-05-09,0,0,0
Udinese,D. Padelli,GK,2026-05-09,0,0,0
Udinese,A. Nunziante,GK,2026-05-09,0,0,0
Udinese,O. Zarraga,MF,2026-05-09,0,0,0
Udinese,J. Zemura,DF,2026-05-09,0,0,0
Udinese,V. Bayo,FW,2026-05-09,0,0,0
Ulsan HD,K. S. Lee,MF,2026-05-05,0,0,0
Ulsan HD,Yago,FW,2026-05-10,0,0,0
Ulsan HD,K. Young-gwon,DF,2026-05-05,0,0,0
Ulsan HD,H. Lee,DF,2026-05-05,0,0,0
Ulsan HD,B. Michel,FW,2026-05-10,0,0,0
Ulsan HD,R. Seong-Min,GK,2026-05-10,0,0,0
Ulsan HD,J. Seung-hyeon,DF,2026-05-10,0,0,0
Ulsan HD,S. Shim,DF,2026-05-10,0,0,0
Ulsan HD,I. Back,MF,2026-05-05,0,0,0
Ulsan HD,J. Si-Young,FW,2026-05-10,0,0,0
Ulsan HD,D. Bojanić,MF,2026-05-10,0,0,0
Ulsan HD,L. Jin-hyun,MF,2026-05-10,0,0,0
Ulsan HD,M. Jo,MF,2026-05-10,0,0,0
Union Sportive Yacoub El Mansour,Y. Noussir,DF,2026-05-04,0,0,0
Union Sportive Yacoub El Mansour,Y. Legnibi,MF,2026-05-08,0,0,0
Union Sportive Yacoub El Mansour,Z. Ajoughlal,MF,2026-05-08,0,0,0
Union Sportive Yacoub El Mansour,M. Balouk,FW,2026-05-08,0,0,0
Union Sportive Yacoub El Mansour,M. N. A. Jamal,DF,2026-05-08,0,0,0
Union Sportive Yacoub El Mansour,H. Doughmi,GK,2026-05-08,0,0,0
Union Sportive Yacoub El Mansour,M. Ahayaoui,MF,2026-05-04,0,0,0
Union Sportive Yacoub El Mansour,F. E. Kaaba,MF,2026-05-08,0,0,0
Union Sportive Yacoub El Mansour,M. Boussanane,FW,2026-05-08,0,0,0
Union Sportive Yacoub El Mansour,A. Khouch,DF,2026-05-08,0,0,0
Union Sportive Yacoub El Mansour,S. Nassik,MF,2026-05-08,0,0,0
Union Touarga Sport,Y. Zraa,MF,2026-05-03,0,0,0
Union Touarga Sport,O. Arjoune,DF,2026-05-03,0,0,0
Union Touarga Sport,A. Chakir,MF,2026-05-07,0,0,0
Union Touarga Sport,A. Akdi,MF,2026-05-03,0,0,0
Union Touarga Sport,A. E. Forsy,MF,2026-05-07,0,0,0
Union Touarga Sport,R. Asmama,GK,2026-05-07,0,0,0
Union Touarga Sport,M. Hmad,DF,2026-05-07,0,0,0
Union Touarga Sport,Y. Kajai,DF,2026-05-07,0,0,0
Union Touarga Sport,K. Konan,MF,2026-05-03,0,0,0
Union Touarga Sport,B. E. Bahraoui,FW,2026-05-07,0,0,0
Union Touarga Sport,M. A. Essahel,MF,2026-05-07,0,0,0
Union Touarga Sport,S. Lotfi,FW,2026-05-07,0,0,0
Universidad Católica,G. Medel,DF,2026-05-07,0,0,0
Universidad Católica,M. Palavecino,MF,2026-05-07,0,0,0
Universidad Católica,D. Melo,GK,2026-05-07,0,0,0
Universidad Católica,B. Cerezo,DF,2026-05-07,0,0,0
Universidad Católica,J. Salas,DF,2026-05-07,0,0,0
Universidad Católica,A. Farías,MF,2026-05-07,0,0,0
Universidad Católica,D. Corral,FW,2026-05-07,0,0,0
Universidad Católica,A. Canales,MF,2026-05-07,0,0,0
Universidad Católica,J. F. Rossel,FW,2026-05-07,0,0,0
Universidad Central,C. Ortíz,FW,2026-05-06,0,0,0
Universidad Central,Y. Murillo,FW,2026-05-06,0,0,0
Universidad Central,V. Rodríguez,MF,2026-05-06,0,0,0
Universidad Central,S. Sosa,FW,2026-05-06,0,0,0
Universidad Central,R. Ramirez,DF,2026-05-06,0,0,0
Universidad Central,Y. Cumana,DF,2026-05-06,0,0,0
Universidad Central,R. Davis,DF,2026-05-06,0,0,0
Universidad Central,M. Ruiz,DF,2026-05-06,0,0,0
Universidad Central,D. D. Sousa,FW,2026-05-06,0,0,0
Universidad Central,K. Mendoza,MF,2026-05-06,0,0,0
Universidad Central,Y. Berroteran,FW,2026-05-06,0,0,0
Universitario de Deportes,J. Castillo,GK,2026-05-08,0,0,0
Universitario de Deportes,W. Riveros,DF,2026-05-08,0,0,0
Universitario de Deportes,L. Alzugaray,FW,2026-05-08,0,0,0
Universitario de Deportes,J. Rivera,FW,2026-05-08,0,0,0
Universitario de Deportes,H. Fértoli,MF,2026-05-08,0,0,0
Universitario de Deportes,D. Romero,GK,2026-05-08,0,0,0
Universitario de Deportes,C. Inga,DF,2026-05-08,0,0,0
Universitario de Deportes,A. Corzo,DF,2026-05-08,0,0,0
Universitario de Deportes,B. Reyna,FW,2026-05-08,0,0,0
Universitario de Deportes,H. Ancajima,DF,2026-05-08,0,0,0
Universitario de Deportes,S. Gassama,FW,2026-05-08,0,0,0
Universitatea Craiova,Ș. Baiaram,MF,2026-05-08,0,0,0
Universitatea Craiova,S. Nsimba,FW,2026-05-03,0,0,0
Universitatea Craiova,T. Băluță,MF,2026-05-08,0,0,0
Universitatea Craiova,L. Basceanu,MF,2026-05-08,0,0,0
Universitatea Craiova,A. Crețu,MF,2026-05-08,0,0,0
Universitatea Craiova,J. Gonçalves,GK,2026-05-08,0,0,0
Universitatea Craiova,N. Stevanović,DF,2026-05-08,0,0,0
Universitatea Craiova,V. Mogoș,DF,2026-05-08,0,0,0
Universitatea Craiova,J. Badelj,DF,2026-05-03,0,0,0
Universitatea Craiova,F. Ştefan,DF,2026-05-08,0,0,0
Universitatea Craiova,M. Rădulescu,MF,2026-05-08,0,0,0
Universitatea Craiova,A. Al-Hamlawi,FW,2026-05-08,0,0,0
Universitatea Craiova,A. C. Glodean,GK,2026-05-08,0,0,0
Universitatea Craiova,M. Etim,FW,2026-05-08,0,0,0
Urawa Red Diamonds,H. Komori,FW,2026-05-06,0,0,0
Urawa Red Diamonds,Y. Naganuma,MF,2026-05-06,0,0,0
Urawa Red Diamonds,Y. Matsuo,MF,2026-05-09,0,0,0
Urawa Red Diamonds,R. Hidano,FW,2026-05-09,0,0,0
Urawa Red Diamonds,K. Shibato,MF,2026-05-09,0,0,0
Urawa Red Diamonds,A. Niekawa,GK,2026-05-09,0,0,0
Urawa Red Diamonds,D. Boza,DF,2026-05-06,0,0,0
Urawa Red Diamonds,J. Hayakawa,MF,2026-05-06,0,0,0
Urawa Red Diamonds,S. Gustafson,MF,2026-05-06,0,0,0
Urawa Red Diamonds,T. Kaneko,MF,2026-05-09,0,0,0
Urawa Red Diamonds,S. Nakajima,MF,2026-05-09,0,0,0
Urawa Red Diamonds,I. Thelin,FW,2026-05-09,0,0,0
Urawa Red Diamonds,H. Ishihara,DF,2026-05-09,0,0,0
Urawa Red Diamonds,T. Sekine,MF,2026-05-09,0,0,0
V-Varen Nagasaki,N. Campbell,MF,2026-05-06,0,0,0
V-Varen Nagasaki,H. Teruyama,DF,2026-05-03,0,0,0
V-Varen Nagasaki,M. Jesus,MF,2026-05-09,0,0,0
V-Varen Nagasaki,T. Kasayanagi,MF,2026-05-09,0,0,0
V-Varen Nagasaki,D. Pituca,MF,2026-05-09,0,0,0
V-Varen Nagasaki,H. Go,GK,2026-05-03,0,0,0
V-Varen Nagasaki,K. Takahata,DF,2026-05-09,0,0,0
V-Varen Nagasaki,I. Yuto,FW,2026-05-03,0,0,0
V-Varen Nagasaki,Y. Ryogo,FW,2026-05-06,0,0,0
V-Varen Nagasaki,Y. Hotaru,MF,2026-05-06,0,0,0
V-Varen Nagasaki,K. Kazuki,DF,2026-05-09,0,0,0
V-Varen Nagasaki,Y. Shunya,DF,2026-05-06,0,0,0
V-Varen Nagasaki,G. Masaaki,GK,2026-05-09,0,0,0
V-Varen Nagasaki,T. Santana,FW,2026-05-09,0,0,0
V-Varen Nagasaki,Y. Egawa,DF,2026-05-09,0,0,0
VPS,J. Vahtera,FW,2026-05-09,0,0,0
VPS,M. Niemi,DF,2026-05-09,0,0,0
VPS,O. Keturi,FW,2026-05-09,0,0,0
VPS,O. Ogunniyi,FW,2026-05-09,0,0,0
VPS,L. Väyrynen,GK,2026-05-09,0,0,0
VPS,A. Kuek,DF,2026-05-09,0,0,0
VPS,R. Forsbacka,MF,2026-05-09,0,0,0
VPS,Y. Daoussi,MF,2026-05-09,0,0,0
Vancouver Whitecaps,K. Cabrera,FW,2026-05-10,0,0,0
Vancouver Whitecaps,A. Jackson,MF,2026-05-10,0,0,0
Vancouver Whitecaps,B. Quiñonez,FW,2026-05-03,0,0,0
Vancouver Whitecaps,O. Larraz,MF,2026-05-10,0,0,0
Vancouver Whitecaps,I. Boehmer,GK,2026-05-10,0,0,0
Vancouver Whitecaps,M. Gherasimencov,DF,2026-05-10,0,0,0
Vancouver Whitecaps,R. Veselinović,DF,2026-05-10,0,0,0
Vancouver Whitecaps,J. Ngando,MF,2026-05-10,0,0,0
Vancouver Whitecaps,R. Elloumi,FW,2026-05-10,0,0,0
Vancouver Whitecaps,E. Sabbi,FW,2026-05-10,0,0,0
Vasco da Gama,Adson,FW,2026-05-03,0,0,0
Vasco da Gama,C. Spinelli,FW,2026-05-03,0,0,0
Vasco da Gama,N. Moreira,MF,2026-05-03,0,0,0
Vasco da Gama,H. Moura,MF,2026-05-03,0,0,0
Vasco da Gama,D. Fuzato,GK,2026-05-03,0,0,0
Vasco da Gama,L. Freitas,DF,2026-05-03,0,0,0
Vasco da Gama,R. A. d. S. Fortes,DF,2026-05-07,0,0,0
Vasco da Gama,A. Saldivia,DF,2026-05-03,0,0,0
Vasco da Gama,M. Hinestroza,FW,2026-05-03,0,0,0
Vasco da Gama,JP,MF,2026-05-03,0,0,0
Vasco da Gama,Tchê Tchê,MF,2026-05-03,0,0,0
Vasco da Gama,R. R. S. d. S. Barros,MF,2026-05-07,0,0,0
Vasco da Gama,Matheus França,FW,2026-05-07,0,0,0
Vasco da Gama,Walace,DF,2026-05-07,0,0,0
Vasco da Gama,L. Zuccarello,MF,2026-05-07,0,0,0
Vasco da Gama,Alison,DF,2026-05-07,0,0,0
Vasco da Gama,B. A. A. Ribeiro,DF,2026-05-07,0,0,0
Vasco da Gama,B. V. d. Silva,DF,2026-05-07,0,0,0
Vasco da Gama,Samuel,MF,2026-05-07,0,0,0
Vasco da Gama,G. G. Soares,MF,2026-05-07,0,0,0
Vasco da Gama,A. Fernandes,FW,2026-05-07,0,0,0
VfB Stuttgart,T. Tomás,FW,2026-05-09,0,0,0
VfB Stuttgart,L. Jaquez,DF,2026-05-09,0,0,0
VfB Stuttgart,B. E. Khannouss,MF,2026-05-09,0,0,0
VfB Stuttgart,L. Assignon,DF,2026-05-09,0,0,0
VfB Stuttgart,J. Vagnoman,DF,2026-05-09,0,0,0
VfB Stuttgart,F. Bredlow,GK,2026-05-09,0,0,0
VfB Stuttgart,P. Stenzel,DF,2026-05-09,0,0,0
VfB Stuttgart,D. Zagadou,DF,2026-05-09,0,0,0
VfB Stuttgart,B. Bouanani,FW,2026-05-09,0,0,0
VfL Wolfsburg,M. Svanberg,MF,2026-05-09,0,0,0
VfL Wolfsburg,L. Majer,MF,2026-05-09,0,0,0
VfL Wolfsburg,M. E. A. Amoura,FW,2026-05-03,0,0,0
VfL Wolfsburg,M. Jenz,DF,2026-05-09,0,0,0
VfL Wolfsburg,Y. Gerhardt,MF,2026-05-09,0,0,0
VfL Wolfsburg,P. Pervan,GK,2026-05-09,0,0,0
VfL Wolfsburg,A. Zehnter,DF,2026-05-09,0,0,0
VfL Wolfsburg,K. Paredes,MF,2026-05-03,0,0,0
VfL Wolfsburg,K. Shiogai,FW,2026-05-09,0,0,0
VfL Wolfsburg,J. Lindstrøm,MF,2026-05-09,0,0,0
VfL Wolfsburg,J. A. Adjetey,DF,2026-05-09,0,0,0
Vila Nova FC,Enzo,FW,2026-05-09,0,0,0
Vila Nova FC,Dellatorre,FW,2026-05-05,0,0,0
Vila Nova FC,P. Romano,DF,2026-05-05,0,0,0
Vila Nova FC,Dalberson,GK,2026-05-09,0,0,0
Vila Nova FC,C. Marcelo,DF,2026-05-09,0,0,0
Vila Nova FC,S. Lucas,DF,2026-05-09,0,0,0
Vila Nova FC,W. Formiga,DF,2026-05-09,0,0,0
Vila Nova FC,Nathan Camargo,MF,2026-05-09,0,0,0
Vila Nova FC,Willian Maranhão,MF,2026-05-09,0,0,0
Vila Nova FC,Dodô,MF,2026-05-09,0,0,0
Vila Nova FC,B. Xavier,MF,2026-05-09,0,0,0
Vila Nova FC,R. Ribeiro,FW,2026-05-09,0,0,0
Vila Nova FC,G. P. P. Lemos,FW,2026-05-09,0,0,0
Villarreal,A. Moleiro,MF,2026-05-10,0,0,0
Villarreal,N. Pépé,FW,2026-05-10,0,0,0
Villarreal,G. Mikautadze,FW,2026-05-10,0,0,0
Villarreal,G. Moreno,FW,2026-05-10,0,0,0
Villarreal,D. Parejo,MF,2026-05-10,0,0,0
Villarreal,L. Júnior,GK,2026-05-10,0,0,0
Villarreal,A. Freeman,DF,2026-05-10,0,0,0
Villarreal,A. Pedraza,DF,2026-05-10,0,0,0
Villarreal,P. Navarro,DF,2026-05-10,0,0,0
Villarreal,W. Kambwala,DF,2026-05-10,0,0,0
Villarreal,L. Costa,DF,2026-05-10,0,0,0
Villarreal,P. Gueye,MF,2026-05-10,0,0,0
Vissel Kobe,R. Hirose,DF,2026-05-06,0,0,0
Vissel Kobe,R. Komatsu,FW,2026-05-10,0,0,0
Vissel Kobe,Diego,DF,2026-05-10,0,0,0
Vissel Kobe,M. Hidaka,MF,2026-05-10,0,0,0
Vissel Kobe,Caetano,DF,2026-05-10,0,0,0
Vissel Kobe,D. Maekawa,GK,2026-05-10,0,0,0
Vissel Kobe,B. Nduka,DF,2026-05-06,0,0,0
Vissel Kobe,Y. Goke,MF,2026-05-06,0,0,0
Vissel Kobe,K. Hamasaki,MF,2026-05-10,0,0,0
Vissel Kobe,D. Sasaki,FW,2026-05-10,0,0,0
Vissel Kobe,N. Iino,DF,2026-05-10,0,0,0
Vissel Kobe,M. Mitsuta,FW,2026-05-10,0,0,0
Vitória,L. Silva,FW,2026-05-10,0,0,0
Vitória,Jamerson,DF,2026-05-10,0,0,0
Vitória,R. López,FW,2026-05-10,0,0,0
Vitória,D. Tarzia,DF,2026-05-10,0,0,0
Vitória,J. Breno,MF,2026-05-10,0,0,0
Vitória,Neris,DF,2026-05-10,0,0,0
Vitória,Ronald,MF,2026-05-10,0,0,0
Vitória,Y. Sena,GK,2026-05-10,0,0,0
Vitória,P. Santos,MF,2026-05-10,0,0,0
Vitória,Osvaldo,FW,2026-05-10,0,0,0
Vitória,F. Santos,FW,2026-05-10,0,0,0
Vitória,Marinho,FW,2026-05-10,0,0,0
Vitória SC,G. Nogueira,MF,2026-05-04,0,0,0
Vitória SC,A. Ndoye,FW,2026-05-04,0,0,0
Vitória SC,T. Arcanjo,MF,2026-05-04,0,0,0
Vitória SC,F. Blanco,FW,2026-05-04,0,0,0
Vitória SC,R. Abascal,DF,2026-05-04,0,0,0
Vitória SC,M. Maga,DF,2026-05-04,0,0,0
Vitória SC,N. Oliveira,FW,2026-05-04,0,0,0
Västerås SK,T. Axel,MF,2026-05-03,0,0,0
Västerås SK,V. Wernersson,MF,2026-05-03,0,0,0
Västerås SK,K. Gunnarsson,MF,2026-05-09,0,0,0
Västerås SK,J. M. Ljungqvist,DF,2026-05-09,0,0,0
Västerås SK,M. Hellisdal,MF,2026-05-09,0,0,0
Västerås SK,A. Fagerström,GK,2026-05-09,0,0,0
Västerås SK,J. Tagesson,DF,2026-05-09,0,0,0
Västerås SK,L. Bark,DF,2026-05-09,0,0,0
Västerås SK,J. Magnusson,MF,2026-05-09,0,0,0
Västerås SK,P. Bonde,DF,2026-05-09,0,0,0
Västerås SK,L. Sibelius,MF,2026-05-09,0,0,0
Vålerenga IF,V. E. Hedenstad,DF,2026-05-03,0,0,0
Vålerenga IF,E. Sørensen,FW,2026-05-08,0,0,0
Vålerenga IF,A. F. Brice,MF,2026-05-08,0,0,0
Vålerenga IF,P. Strand,MF,2026-05-08,0,0,0
Vålerenga IF,M. S. Sjøeng,GK,2026-05-08,0,0,0
Vålerenga IF,S. Jarl,DF,2026-05-08,0,0,0
Vålerenga IF,K. Tshiembe,DF,2026-05-08,0,0,0
Vålerenga IF,O. T. Holm,MF,2026-05-08,0,0,0
Vålerenga IF,G. Rajkovic,FW,2026-05-08,0,0,0
Vålerenga IF,H. Sjatil,DF,2026-05-08,0,0,0
Warri Wolves FC,V. Edafe,GK,2026-05-03,0,0,0
Warri Wolves FC,A. Adebayo,DF,2026-05-03,0,0,0
Warri Wolves FC,J. Olufemi,MF,2026-05-03,0,0,0
Warri Wolves FC,I. Orukpe,MF,2026-05-03,0,0,0
Warri Wolves FC,S. Mayi,MF,2026-05-03,0,0,0
Warri Wolves FC,A. Yusuff,FW,2026-05-03,0,0,0
Warri Wolves FC,K. Okotie,MF,2026-05-03,0,0,0
Warri Wolves FC,A. Emmanuel,MF,2026-05-03,0,0,0
Warri Wolves FC,I. Oladeji,MF,2026-05-03,0,0,0
Widzew Łódź,M. Krajewski,DF,2026-05-09,0,0,0
Widzew Łódź,S. Andreou,DF,2026-05-09,0,0,0
Widzew Łódź,B. Pawłowski,MF,2026-05-09,0,0,0
Widzew Łódź,L. Selahi,MF,2026-05-09,0,0,0
Widzew Łódź,A. Zeqiri,FW,2026-05-09,0,0,0
Widzew Łódź,M. Kikolski,GK,2026-05-09,0,0,0
Widzew Łódź,V. Ilić,GK,2026-05-09,0,0,0
Widzew Łódź,R. Visus,DF,2026-05-09,0,0,0
Widzew Łódź,M. Żyro,DF,2026-05-09,0,0,0
Widzew Łódź,O. Bukari,FW,2026-05-09,0,0,0
Wikki Tourists FC,S. Abdullahi,MF,2026-05-05,0,0,0
Wikki Tourists FC,J. Taiwo,FW,2026-05-05,0,0,0
Wikki Tourists FC,S. Yusuf,DF,2026-05-05,0,0,0
Wikki Tourists FC,P. Damala,MF,2026-05-05,0,0,0
Wikki Tourists FC,M. Faisal,GK,2026-05-05,0,0,0
Wikki Tourists FC,Baggio,MF,2026-05-05,0,0,0
Wikki Tourists FC,M. Guda,MF,2026-05-05,0,0,0
Wikki Tourists FC,A. Mamuda,MF,2026-05-05,0,0,0
Wikki Tourists FC,N. Auwalu,MF,2026-05-05,0,0,0
Willem II Tilburg,N. Tjoe-A-On,DF,2026-05-05,0,0,0
Willem II Tilburg,S. Bamba,FW,2026-05-09,0,0,0
Willem II Tilburg,M. El Allouchi,MF,2026-05-05,0,0,0
Willem II Tilburg,U. v. Aalst,MF,2026-05-09,0,0,0
Willem II Tilburg,W. Van der Steen,GK,2026-05-09,0,0,0
Willem II Tilburg,K. d. Leeuw,GK,2026-05-09,0,0,0
Willem II Tilburg,J. Poortvliet,DF,2026-05-05,0,0,0
Willem II Tilburg,A. Et-Taibi,DF,2026-05-09,0,0,0
Willem II Tilburg,J. Mathijsen,DF,2026-05-09,0,0,0
Willem II Tilburg,J. v. Esdonk,MF,2026-05-09,0,0,0
Willem II Tilburg,L. Abildgaard,FW,2026-05-09,0,0,0
Willem II Tilburg,T. Verheydt,FW,2026-05-09,0,0,0
Willem II Tilburg,P. v. Loon,MF,2026-05-09,0,0,0
Willem II Tilburg,A. Culum,FW,2026-05-09,0,0,0
Willem II Tilburg,M. d. Jonge,MF,2026-05-09,0,0,0
Wisła Płock,Q. Lecoeuche,DF,2026-05-10,0,0,0
Wisła Płock,Ł. Sekulski,FW,2026-05-03,0,0,0
Wisła Płock,M. Djaló,MF,2026-05-10,0,0,0
Wisła Płock,K. Custovic,MF,2026-05-10,0,0,0
Wisła Płock,J. Burek,GK,2026-05-03,0,0,0
Wisła Płock,M. Bakhno,DF,2026-05-10,0,0,0
Wisła Płock,D. Sarapata,MF,2026-05-10,0,0,0
Wisła Płock,K. Pomorski,MF,2026-05-03,0,0,0
Wisła Płock,M. Lesniewski,MF,2026-05-03,0,0,0
Wisła Płock,B. Borowski,FW,2026-05-03,0,0,0
Wisła Płock,T. Tavares,DF,2026-05-10,0,0,0
Wisła Płock,G. Niarchos,FW,2026-05-10,0,0,0
Wisła Płock,S. Hamulić,FW,2026-05-10,0,0,0
Wisła Płock,S. Pruszkowski,GK,2026-05-10,0,0,0
Wisła Płock,F. Hiszpański,MF,2026-05-10,0,0,0
Wisła Płock,D. Kun,MF,2026-05-10,0,0,0
Wisła Płock,I. Salvador,MF,2026-05-10,0,0,0
Wolverhampton,D. M. Wolfe,DF,2026-05-09,0,0,0
Wolverhampton,R. Gomes,DF,2026-05-09,0,0,0
Wolverhampton,J. Bellegarde,MF,2026-05-09,0,0,0
Wolverhampton,A. Gomes,DF,2026-05-09,0,0,0
Wolverhampton,T. Arokodare,FW,2026-05-09,0,0,0
Wolverhampton,J. Gracey,GK,2026-05-09,0,0,0
Wolverhampton,M. Doherty,DF,2026-05-09,0,0,0
Wolverhampton,L. Krejčí,DF,2026-05-09,0,0,0
Wolverhampton,J. Tchatchoua,DF,2026-05-09,0,0,0
Wuhan Three Towns,M. Tian,DF,2026-05-06,0,0,0
Wuhan Three Towns,X. Xia,FW,2026-05-10,0,0,0
Wuhan Three Towns,D. W. Yi,DF,2026-05-10,0,0,0
Wuhan Three Towns,X. Jizheng,MF,2026-05-10,0,0,0
Wuhan Three Towns,Z. Min,MF,2026-05-10,0,0,0
Wuhan Three Towns,J. Fang,GK,2026-05-06,0,0,0
Wuhan Three Towns,K. Zheng,MF,2026-05-10,0,0,0
Wuhan Three Towns,R. Jingwei,DF,2026-05-06,0,0,0
Wuhan Three Towns,X. Zihao,MF,2026-05-06,0,0,0
Wuhan Three Towns,H. Abdugheni,MF,2026-05-06,0,0,0
Wuhan Three Towns,W. Long,MF,2026-05-10,0,0,0
Wuhan Three Towns,Z. Chen,DF,2026-05-10,0,0,0
Wuhan Three Towns,K. Bevis,FW,2026-05-10,0,0,0
Wuhan Three Towns,J. Zhong,MF,2026-05-10,0,0,0
Wuhan Three Towns,G. Jiayu,GK,2026-05-10,0,0,0
Wuhan Three Towns,Y. Tianle,DF,2026-05-10,0,0,0
Wydad Casablanca,G. Ferreira,DF,2026-05-03,0,0,0
Wydad Casablanca,N. Amrabat,MF,2026-05-09,0,0,0
Wydad Casablanca,M. Rayhi,MF,2026-05-03,0,0,0
Wydad Casablanca,W. Ben Yedder,FW,2026-05-09,0,0,0
Wydad Casablanca,O. Aqzdaou,GK,2026-05-09,0,0,0
Wydad Casablanca,M. Bouchouari,DF,2026-05-09,0,0,0
Wydad Casablanca,A. Boucheta,DF,2026-05-03,0,0,0
Wydad Casablanca,N. Byar,MF,2026-05-03,0,0,0
Wydad Casablanca,Z. E. Moutaraji,FW,2026-05-09,0,0,0
Wydad Casablanca,A. E. Wafi,DF,2026-05-09,0,0,0
Wydad Casablanca,W. Nassi,MF,2026-05-09,0,0,0
Wydad Casablanca,H. El Wasti,FW,2026-05-09,0,0,0
Wydad Casablanca,R. Mahtou,MF,2026-05-06,0,0,0
Wydad Casablanca,A. Lamirat,MF,2026-05-09,0,0,0
Wynnum Wolves FC,C. Butler,MF,2026-05-10,0,0,0
Wynnum Wolves FC,D. Brook,FW,2026-05-10,0,0,0
Wynnum Wolves FC,H. Woodruff,FW,2026-05-10,0,0,0
Wynnum Wolves FC,K. Partridge,MF,2026-05-10,0,0,0
Wynnum Wolves FC,H. Orford,DF,2026-05-10,0,0,0
Wynnum Wolves FC,J. Tanner,MF,2026-05-10,0,0,0
Yokohama F. Marinos,R. Miyaichi,FW,2026-05-06,0,0,0
Yokohama F. Marinos,K. Suwama,DF,2026-05-10,0,0,0
Yokohama F. Marinos,H. Asada,FW,2026-05-10,0,0,0
Yokohama F. Marinos,Tevis,FW,2026-05-10,0,0,0
Yokohama F. Marinos,D. David,FW,2026-05-10,0,0,0
Yokohama F. Marinos,H. Ilkura,GK,2026-05-10,0,0,0
Yokohama F. Marinos,A. Higuchi,MF,2026-05-10,0,0,0
Yokohama F. Marinos,Y. Tanaka,MF,2026-05-06,0,0,0
Yokohama F. Marinos,J. Onaiwu,FW,2026-05-06,0,0,0
Yokohama F. Marinos,J. Croux,FW,2026-05-10,0,0,0
Yokohama F. Marinos,T. Kida,MF,2026-05-10,0,0,0
Yokohama F. Marinos,K. Sekitomi,DF,2026-05-10,0,0,0
Yunnan Yukun,X. Wang,GK,2026-05-10,0,0,0
Yunnan Yukun,C. Vinícius,DF,2026-05-06,0,0,0
Yunnan Yukun,Z. Yang,DF,2026-05-06,0,0,0
Yunnan Yukun,M. Tang,DF,2026-05-06,0,0,0
Yunnan Yukun,T. Yi,DF,2026-05-10,0,0,0
Yunnan Yukun,Y. Bao,GK,2026-05-10,0,0,0
Yunnan Yukun,C. Yuhao,DF,2026-05-10,0,0,0
Yunnan Yukun,Z. Han,MF,2026-05-10,0,0,0
Yunnan Yukun,Y. Zhao,MF,2026-05-10,0,0,0
Yunnan Yukun,Z. Yufeng,MF,2026-05-10,0,0,0
Yunnan Yukun,E. Fei,FW,2026-05-10,0,0,0
Yunnan Yukun,B. Abdusalam,FW,2026-05-10,0,0,0
Yunnan Yukun,Z. Xiangshuo,DF,2026-05-10,0,0,0
Yunnan Yukun,S. Xuelong,MF,2026-05-10,0,0,0
Yunnan Yukun,R. Jiahui,FW,2026-05-10,0,0,0
Zagłębie Lubin,J. Kolan,MF,2026-05-03,0,0,0
Zagłębie Lubin,T. Makowski,MF,2026-05-09,0,0,0
Zagłębie Lubin,L. Szabó,FW,2026-05-09,0,0,0
Zagłębie Lubin,M. Mlinarić,FW,2026-05-09,0,0,0
Zagłębie Lubin,R. Gikiewicz,GK,2026-05-09,0,0,0
Zagłębie Lubin,A. Matysek,GK,2026-05-03,0,0,0
Zagłębie Lubin,M. Urbański,DF,2026-05-03,0,0,0
Zagłębie Lubin,S. Kowalczyk,MF,2026-05-09,0,0,0
Zagłębie Lubin,J. Sypek,MF,2026-05-09,0,0,0
Zagłębie Lubin,J. Ligocki,MF,2026-05-09,0,0,0
Zagłębie Lubin,A. Wozniak,MF,2026-05-09,0,0,0
Zagłębie Lubin,M. Dziewiatowski,MF,2026-05-09,0,0,0
Zagłębie Lubin,L. Lučić,DF,2026-05-09,0,0,0
Zagłębie Lubin,S. Marek,MF,2026-05-09,0,0,0
Zhejiang,S. Wang,DF,2026-05-10,0,0,0
Zhejiang,H. Fang,FW,2026-05-10,0,0,0
Zhejiang,A. N'Doumbou,MF,2026-05-10,0,0,0
Zhejiang,D. Gao,FW,2026-05-06,0,0,0
Zhejiang,B. Zhao,GK,2026-05-10,0,0,0
Zhejiang,W. Chang,DF,2026-05-10,0,0,0
Zhejiang,X. Junchi,DF,2026-05-10,0,0,0
Zhejiang,L. Possignolo,DF,2026-05-10,0,0,0
Zhejiang,W. Wu,MF,2026-05-10,0,0,0
Zhejiang,A. Ablikim,MF,2026-05-10,0,0,0
Zhejiang,B. Shengxin,MF,2026-05-10,0,0,0
Zhejiang,W. Pengbo,DF,2026-05-06,0,0,0
Zhejiang,S. Guarirapa,FW,2026-05-10,0,0,0
Zhejiang,C. Jin,MF,2026-05-10,0,0,0
Çaykur Rizespor,M. Sagnan,DF,2026-05-09,0,0,0
Çaykur Rizespor,L. Augusto,FW,2026-05-09,0,0,0
Çaykur Rizespor,H. Dervişoğlu,FW,2026-05-09,0,0,0
Çaykur Rizespor,E. Bulut,FW,2026-05-09,0,0,0
Çaykur Rizespor,F. Pierrot,FW,2026-05-09,0,0,0
Çaykur Rizespor,E. Canpolat,GK,2026-05-09,0,0,0
Çaykur Rizespor,F. Orak,DF,2026-05-09,0,0,0
Çaykur Rizespor,E. Ortakaya,DF,2026-05-09,0,0,0
Çaykur Rizespor,M. Buljubašić,MF,2026-05-09,0,0,0
Çaykur Rizespor,G. Papanikolaou,MF,2026-05-09,0,0,0
Örgryte IS,J. Azulay,DF,2026-05-03,0,0,0
Örgryte IS,H. Dahlqvist,DF,2026-05-03,0,0,0
Örgryte IS,N. Christoffersson,FW,2026-05-03,0,0,0
Örgryte IS,C. Vindehall,MF,2026-05-03,0,0,0
Örgryte IS,D. Hodžić,MF,2026-05-03,0,0,0
Örgryte IS,A. Rahm,GK,2026-05-03,0,0,0
Örgryte IS,S. Lagerlund,DF,2026-05-03,0,0,0
Örgryte IS,W. Kenndal,MF,2026-05-03,0,0,0
Örgryte IS,W. Svensson,DF,2026-05-03,0,0,0
