fixture_id,temp_c,precip_mm,wind_kmh
924814091,21.6,0.0,18.3
1388633667,22.7,0.0,7.6
2266739354,23.4,0.0,9.1
2643243632,17.5,0.0,15.4
2425925159,18.0,0.0,19.9
3819451643,22.7,0.0,7.6
3412550455,17.7,0.0,14.6
3740820152,22.9,0.0,14.5
4091834461,20.2,0.0,17.4
3097294680,25.8,0.0,6.7
91365768,30.9,0.0,10.1
3527522518,32.9,0.0,15.9
4086068179,28.7,0.0,14.5
4176581061,29.1,0.0,10.3
2423781393,32.0,0.0,11.8
380710885,30.7,0.0,10.0
1125898120,32.9,0.0,15.9
1014886849,31.1,0.0,9.0
1929230511,32.0,0.0,15.5
1648432067,19.6,3.6,9.2
2560847552,22.6,0.0,18.8
1595350154,22.6,0.0,18.8
3315230853,21.2,0.1,30.1
3673807711,22.6,0.0,18.8
832347601,22.6,0.0,25.0
2354032491,20.9,0.0,24.8
1251520548,19.4,0.0,12.6
2863645344,23.4,0.0,8.2
2903296334,18.9,0.0,17.9
1005718223,20.2,1.0,9.0
746912681,24.0,0.0,7.2
3893776630,22.9,0.0,11.2
3390643301,19.9,0.5,12.8
481230055,22.9,0.0,11.2
150271393,19.7,0.0,14.5
957885129,21.3,0.1,3.2
1029394407,22.9,0.0,11.2
383235415,21.2,0.0,7.9
1574247297,20.9,0.0,9.0
3740399752,21.8,0.0,6.5
1868183964,22.7,0.0,18.2
2807508671,22.7,0.0,18.2
100979397,22.3,0.0,17.1
4052744983,18.4,0.0,11.4
1417061430,23.0,0.0,24.5
3975383574,22.5,0.1,21.0
782286392,21.1,0.0,19.4
2763928371,23.0,0.0,24.5
2778905665,21.1,0.0,18.7
3723438300,21.6,0.0,20.9
3190722613,20.6,0.0,18.4
2198801161,23.7,0.1,14.4
1505534770,23.7,0.1,14.4
1812182053,20.2,0.0,24.8
1024938091,22.5,0.1,17.1
914019079,23.7,0.1,14.4
366767879,19.4,0.4,14.8
1583648305,20.3,0.2,14.1
2509689342,20.9,0.0,14.6
3579377885,23.6,0.1,21.3
1826499092,14.1,0.2,21.2
840675354,14.3,0.0,23.1
3619477837,15.1,0.0,18.2
909439088,15.3,0.0,20.5
1648275946,16.2,0.0,16.8
1160298241,18.0,0.0,21.4
1504822981,14.6,0.1,23.6
3713465024,18.5,0.0,23.9
1777243828,17.9,0.1,26.8
2492921373,18.5,0.0,23.9
2267459535,18.5,0.0,23.9
1641807698,16.5,0.0,24.5
809673446,18.3,0.0,23.3
976407101,18.5,0.0,23.9
3282008788,15.7,0.0,17.0
2822479285,15.4,0.0,19.1
954151360,17.3,0.0,17.9
3095231340,16.0,0.0,11.2
3516488234,16.1,0.0,12.7
3564940222,14.2,0.0,18.0
1554396205,14.0,0.0,22.8
1467519959,14.9,0.0,13.0
3115973468,17.3,0.0,14.8
4130034750,17.3,0.0,14.8
1951477053,17.3,0.0,14.8
3466999118,15.9,0.0,23.9
1087546706,14.2,0.0,23.7
898738369,14.6,0.4,11.0
3864663071,14.7,0.0,24.5
625555021,16.5,0.1,26.8
110422735,14.3,0.0,25.5
3518461592,16.5,0.1,26.8
258906040,14.3,0.0,13.7
1307519126,12.8,0.0,15.2
1106473306,13.0,0.0,10.8
1331181130,15.5,0.1,16.6
461807796,12.9,0.0,13.0
4221463609,18.0,0.0,13.8
3764975656,17.4,0.0,13.8
110154758,17.6,0.0,34.2
759911644,15.7,0.0,28.5
2755634424,14.3,0.0,27.2
2425299627,12.0,0.0,24.0
1380544094,14.5,0.0,23.6
1677034974,16.6,0.2,12.6
3461808569,14.5,0.5,8.2
3541461641,16.4,0.0,22.6
1210520534,17.2,0.0,19.5
2604155421,16.5,0.1,20.3
2651065960,17.5,0.0,15.1
4065214755,16.1,0.1,16.3
268717212,14.5,0.0,19.2
3868098486,18.5,0.5,5.9
2041411638,16.6,0.1,17.6
3255427386,18.4,0.0,19.4
3583185048,14.6,0.2,25.0
1487387492,19.2,0.0,21.5
1271431612,18.5,0.0,26.9
3313781362,21.3,0.0,17.3
2612744093,19.4,0.0,12.0
2975427112,21.3,0.0,17.3
1762887486,12.3,0.0,17.7
3052139906,21.3,0.0,17.3
3503687031,16.7,0.1,18.9
2749818913,15.4,0.0,20.7
3003428912,14.3,0.0,24.1
1960211111,11.4,0.0,19.2
1847732687,11.9,0.0,23.8
1227517468,11.7,0.0,23.5
2940801023,12.0,0.0,22.6
3094242814,13.7,0.1,20.2
1225278062,13.0,5.1,23.5
1561394993,10.7,0.7,17.3
3460874698,12.3,0.1,21.7
1922285287,13.0,5.1,23.5
3954999945,13.0,5.1,23.5
3000593149,14.0,0.0,16.2
1580868936,15.6,0.0,21.1
2680869284,13.6,0.0,19.3
2979645168,14.5,0.0,13.1
1703519696,16.3,0.0,12.1
2523144795,16.3,0.0,12.1
2863511840,13.4,0.0,9.5
2260673753,14.1,0.0,12.6
207960759,13.5,0.0,15.7
3201043853,15.4,0.0,11.5
3672447395,7.2,0.0,17.4
2171349849,7.2,0.0,17.4
1857102231,6.3,0.0,23.2
990953204,5.9,0.0,23.0
2640181546,7.6,0.0,15.4
631348452,5.8,0.0,20.0
2942744339,7.2,0.0,17.4
3775783685,9.6,0.0,24.5
647844703,8.0,0.1,28.4
120549699,9.0,0.2,23.5
283497618,13.2,0.0,32.2
2453913731,10.9,0.1,25.3
1794420927,10.7,0.3,17.0
3118236398,12.6,0.9,43.1
522035204,12.8,1.4,32.4
3464038449,10.7,0.1,14.5
3010034066,6.6,0.2,4.8
681338128,12.9,0.4,46.7
3029077189,11.0,0.1,23.4
1933398579,10.2,0.0,28.3
3956893199,8.0,0.0,11.6
3009616398,10.5,0.1,32.3
2425308838,9.4,0.4,25.3
3514468149,9.6,0.1,29.4
3614219085,9.4,0.2,22.7
590856460,12.8,0.0,25.4
3264005373,10.4,0.1,34.0
2917452382,11.7,0.0,25.6
2214946878,13.0,0.0,33.3
1113081090,12.6,0.0,20.1
2894093414,11.8,0.1,32.4
587034128,8.2,0.0,30.4
2629777470,6.9,0.0,29.1
402062327,11.5,0.0,27.1
1935788052,7.0,0.0,32.8
232808207,7.6,0.0,25.6
2456374962,6.9,0.0,23.7
1583182580,10.9,0.0,26.1
3668697978,7.5,0.0,22.6
4207400819,5.7,0.0,16.4
3993481032,7.5,0.0,22.6
3383605693,4.5,0.0,14.7
2523179363,4.1,0.0,13.5
814366785,3.2,0.0,22.0
63377900,5.3,0.0,11.2
1638731287,3.3,0.0,7.2
1844830221,5.4,0.0,9.4
2427967451,5.3,0.0,4.8
5435888,5.3,0.0,4.8
1479362089,3.3,0.0,7.0
702802307,3.8,0.0,7.6
3750821298,1.5,0.0,0.8
1611216688,2.6,0.0,5.5
1438085861,12.3,0.0,19.5
2388347356,9.6,0.1,13.0
3974983864,8.4,0.0,15.2
299847051,9.4,0.0,11.3
1391401726,9.3,0.0,11.4
3305470016,9.0,0.0,13.2
4101040807,8.2,0.0,13.0
4014139056,10.5,0.0,16.3
3479653487,7.0,0.0,4.0
463329080,7.8,0.0,11.1
1880372376,6.3,0.0,14.4
3086727659,10.6,0.0,6.8
376668452,10.6,0.0,6.8
2299819087,10.6,0.0,6.8
4032499128,10.6,0.0,6.8
347016749,9.8,0.0,12.8
284819581,10.4,0.0,7.9
2165137253,10.5,0.0,6.3
1405557427,8.9,0.0,11.6
3329131198,9.5,0.0,11.6
3429123945,9.0,0.0,15.0
1892691086,12.9,0.0,19.3
674401527,12.8,0.1,23.9
1249631941,12.7,0.2,24.5
4008694671,10.2,0.0,28.0
2841099371,12.7,0.2,24.5
3273909046,12.2,0.0,25.2
2602266697,13.2,0.0,21.9
3717932427,12.5,0.2,24.1
1063843251,8.2,0.0,9.2
2261765014,11.4,0.0,17.4
1422411202,12.1,0.0,12.8
3233930739,8.5,0.0,9.4
1125250159,7.2,0.0,20.0
1806547318,5.8,0.0,26.3
748947278,5.5,0.0,23.7
1724124099,7.3,0.0,25.7
1446123887,7.3,0.0,25.3
1777397309,7.3,0.0,25.7
1064923906,7.1,0.0,22.0
564897844,7.1,0.0,19.2
211466783,7.5,0.0,15.8
2206493391,6.8,0.0,7.0
2593994150,6.6,0.0,13.1
1584844776,5.3,0.0,10.1
1656715999,6.7,0.0,12.1
3295167915,6.6,0.0,13.1
1984535858,5.3,0.0,11.2
557916167,6.0,0.0,10.4
3371776846,4.8,0.0,9.3
3238681488,5.9,0.0,19.6
3040733693,8.9,0.0,22.5
2868234790,6.3,0.0,25.9
1193623524,4.7,0.0,18.4
1016553169,3.0,0.0,6.6
2744675043,5.6,0.0,14.5
2548341289,7.5,0.0,15.0
846086217,7.5,0.0,15.0
4249670434,12.9,0.0,27.1
3380017662,13.1,0.0,30.5
2632828236,12.9,0.0,27.1
622042862,12.7,0.1,26.0
3438805187,7.6,0.1,15.2
1373908927,8.1,0.4,15.8
2559973423,14.6,0.0,21.7
1586362324,12.4,0.1,10.9
2417620619,12.0,0.5,7.9
3257876769,13.1,0.1,11.2
191420970,12.8,0.1,9.5
2686085763,12.0,0.5,7.9
2218577471,10.4,0.1,12.8
3784244223,9.7,0.1,14.7
3291888442,11.4,0.0,19.5
2081996029,10.6,0.2,11.7
2638826150,12.1,0.0,14.9
3928237155,11.4,0.0,19.5
526659112,9.1,0.1,20.4
2980025692,11.4,0.0,19.5
3018677339,10.1,0.0,17.0
564543105,8.6,0.0,10.6
3165519161,9.8,0.0,18.9
2814760884,9.9,0.0,11.6
3821774336,12.0,0.0,14.0
3570917413,11.2,0.0,9.9
1523034382,12.2,0.0,0.7
1497865168,10.2,0.1,16.3
3576205035,11.7,0.0,10.0
3370380092,14.5,0.0,11.5
620644995,13.5,0.0,10.5
2517728826,13.5,0.0,7.5
3337152013,13.5,0.0,7.5
2783043836,13.3,0.0,6.6
3180900701,13.5,0.0,7.5
1667320225,13.7,0.0,9.4
436417052,13.5,0.0,8.2
1578546808,12.1,0.0,18.9
639932889,12.9,0.0,25.5
2197657044,12.0,0.0,1.8
563754820,13.9,0.0,8.0
791575106,13.0,0.0,3.5
988959115,12.6,0.0,10.8
881446467,13.9,0.0,8.0
2642982402,11.8,0.0,1.8
235118141,12.7,0.1,3.4
2277015283,15.1,0.0,5.4
2318677635,12.9,0.0,13.6
1498167455,13.2,0.1,12.0
3347854987,11.0,0.1,13.3
4097260810,12.6,0.0,12.7
4221739576,12.6,0.0,12.7
541011470,12.6,0.0,12.7
4223501028,11.3,0.0,15.4
2745208336,10.4,1.6,12.0
2098365093,13.0,0.0,15.6
666885557,11.2,0.1,16.0
466575937,9.3,0.0,5.4
4219860400,8.9,0.0,3.8
1886793836,9.8,0.0,9.9
2205844973,10.8,0.0,8.3
3368779426,10.9,0.0,12.3
2748174940,10.9,0.0,12.3
3413068358,11.2,0.0,3.2
2418610722,11.8,0.0,23.1
169312204,11.2,0.6,16.5
291042187,12.5,0.1,17.7
3945745981,17.0,0.0,3.3
3682006053,17.0,0.0,3.3
2764631562,12.4,0.0,13.2
1686070883,11.7,0.0,9.0
3854670032,17.0,0.0,12.2
3475517677,13.1,0.3,20.1
2261680873,13.7,0.8,13.9
1799974181,15.2,0.1,16.6
307441219,15.5,0.2,20.1
1467175381,13.8,0.0,10.1
3780625426,15.0,0.0,20.4
4292490630,14.9,0.0,17.7
1889150515,16.1,0.0,16.3
3740920601,14.2,0.0,26.3
134170070,15.8,0.1,10.5
855761226,14.0,1.5,17.3
4091931299,14.4,0.1,18.1
1194529539,14.5,0.3,13.6
83950379,16.6,0.0,5.9
2001856173,18.0,0.1,8.7
1882135647,15.7,0.0,23.4
1098154066,13.0,0.0,19.8
1690540742,16.4,0.1,23.8
2877362053,14.7,0.0,3.8
3090274215,14.2,0.0,8.9
2325245219,13.9,0.0,16.7
1868952843,13.9,0.0,16.7
1162588353,17.3,0.0,2.6
2939201842,13.2,0.0,14.5
2101621583,18.6,0.0,4.7
785120037,16.3,0.0,9.8
2611125573,18.6,0.0,4.7
505596158,13.6,0.1,18.4
4271495949,17.1,0.0,11.6
577551745,18.5,0.0,20.7
1662433227,18.2,0.0,19.6
516452496,18.5,0.0,20.7
4021955339,19.1,0.0,6.9
4285043902,17.6,0.0,16.6
43024007,17.0,0.0,16.6
2764994390,18.0,0.0,20.5
2110314232,16.8,0.0,20.8
366552519,19.4,0.0,12.1
2666084673,14.2,0.0,15.0
1116102099,18.1,0.0,4.0
2230064883,17.9,0.0,10.6
522735469,20.9,0.0,20.4
3294180648,18.2,0.2,15.3
1978385053,20.9,0.0,20.4
85389259,20.9,0.0,20.4
2343379426,20.9,0.0,20.4
64238702,15.6,0.0,19.2
66263521,15.1,0.4,16.3
3487722612,18.6,0.0,16.4
3402273857,17.4,0.0,17.6
1266086704,21.7,0.0,18.8
2324645788,20.6,0.2,27.2
3236465038,21.0,0.1,32.6
1338426920,18.8,0.3,32.4
3803205545,18.2,0.2,35.2
82816357,20.4,0.1,26.5
1407547746,19.4,0.5,27.5
3788041986,20.9,0.2,20.8
2196774745,21.9,0.0,25.8
3212435583,21.9,0.0,25.8
3650527846,19.9,0.3,17.4
3148064086,18.8,0.2,24.5
305464352,23.0,0.0,26.0
293912876,21.6,0.0,26.0
2985441789,21.6,0.0,25.9
2395719508,23.0,0.0,26.0
96288617,21.7,0.3,26.1
3352764130,21.2,0.2,21.0
3217226415,23.8,0.0,15.8
3046178356,24.3,0.0,20.7
3883580055,19.7,0.0,15.9
28839719,15.9,5.7,17.1
1481495843,18.8,0.2,15.2
614639977,18.8,0.2,15.2
2782562606,16.6,0.1,19.9
3747582815,16.0,2.5,9.4
432028071,18.3,0.2,23.2
66580911,14.9,0.3,24.9
3420668675,16.8,0.0,23.5
3872017632,15.6,4.3,8.9
1557535789,20.5,0.2,4.4
2300816868,21.0,0.0,2.6
1457861680,23.2,0.0,14.4
4009603092,20.7,0.0,5.7
2450503373,23.2,0.0,14.4
4148602159,21.8,0.0,4.4
2474603014,22.0,0.0,9.9
581129360,24.4,0.0,2.8
225124303,22.8,0.0,1.8
491716916,24.4,0.0,2.8
2718323122,18.7,0.0,15.8
741855981,19.8,0.0,18.2
4051483875,25.9,0.0,10.0
777349199,17.1,0.0,19.8
2825960134,25.9,0.0,10.0
1587369427,25.9,0.0,10.0
3158917893,13.9,0.1,22.1
2617585133,19.7,0.1,22.6
1169829072,19.5,0.0,17.3
3151977847,16.4,0.0,29.2
1766412700,17.0,0.0,14.3
2538311097,15.8,0.0,15.8
3198010715,15.0,0.0,12.3
1561049775,17.0,0.0,14.3
3158206778,13.8,0.1,15.0
3458917323,20.1,0.0,29.7
329587500,18.2,0.0,29.2
3663936570,20.1,0.0,29.7
1809107658,19.5,0.0,30.3
887306356,19.1,0.1,30.2
4111866802,15.0,0.3,11.7
3257151789,17.4,0.0,20.9
1137454905,13.8,1.2,14.6
2526694406,14.0,0.7,12.3
3370297672,15.1,0.1,13.4
3106453723,19.0,0.0,18.8
2663116419,14.3,0.2,13.0
2898850563,19.0,0.0,18.8
209771287,20.1,0.3,16.3
405734645,20.9,0.0,7.9
3387349010,16.4,0.0,23.9
772032662,21.4,0.0,20.6
2954601395,18.7,0.0,18.7
2178152296,20.7,0.0,2.3
4141007409,22.9,0.0,21.1
2090152709,21.0,0.0,11.8
2549900727,22.9,0.0,21.1
3944483517,20.9,0.0,8.4
2654600989,23.3,0.0,9.6
3920239347,20.9,0.0,10.2
3676693524,23.3,0.0,9.6
1932810472,11.6,0.1,19.5
2279391872,12.5,0.6,23.7
2233021067,15.5,0.1,10.7
3571021553,12.2,0.1,12.6
4024809014,11.8,0.0,17.6
322047227,11.2,0.0,11.6
581830811,15.5,0.1,10.7
2174630104,11.7,0.0,9.3
2614582089,13.1,0.0,13.3
1043417080,14.6,0.0,15.8
1249196553,13.5,0.2,17.8
2700894303,14.5,0.0,20.5
3903379564,14.5,0.0,20.5
4021686441,12.9,0.6,27.1
3357944052,13.2,0.0,18.3
1164636604,11.5,0.1,14.6
3896819877,12.1,0.0,17.6
1935112393,12.6,0.1,30.3
833872743,13.5,0.0,17.3
544227700,13.3,0.0,10.0
280435895,11.6,0.2,21.4
3144309643,11.6,0.2,21.4
3083739480,7.7,0.1,19.3
246600931,8.1,1.1,21.3
1814018995,8.4,0.2,19.0
408439145,7.7,0.5,17.7
3644709883,9.5,0.0,14.0
589977589,11.1,0.1,19.8
2686676140,11.1,0.0,22.0
4051770564,12.6,0.0,23.4
4192382396,9.3,0.0,3.9
3976368293,10.2,0.0,9.2
2137306298,10.2,0.0,9.2
3214883373,8.7,0.0,2.5
378613964,10.8,0.0,1.3
1137109826,6.9,0.0,16.9
2065848397,10.5,0.0,12.4
2234227810,7.9,1.2,26.0
277115992,9.1,0.0,10.3
865032618,9.1,0.0,10.3
4195040882,3.9,0.0,3.3
3956269031,3.1,0.0,3.6
330015714,4.0,0.0,13.2
2010742265,5.5,0.0,10.8
1281763101,5.5,0.0,10.4
4049788999,5.2,0.0,11.7
4293233588,5.3,0.0,12.0
712399250,5.3,0.0,10.1
757090652,4.6,0.0,12.0
1304625450,6.9,0.2,19.5
2799911599,-0.5,0.0,7.6
3724184635,-0.5,0.0,7.6
2738094055,0.9,0.0,15.2
1190634334,-0.4,0.0,13.2
2997415225,0.8,0.0,9.7
3775196978,9.0,0.5,23.9
2771908154,7.4,0.1,15.2
2485239398,2.6,0.2,10.2
3742765912,7.4,0.1,15.2
2155659911,3.4,0.0,8.2
2854284748,5.6,0.0,13.8
3735402904,5.0,0.3,17.6
2294650302,5.9,0.0,5.4
3357196917,4.4,0.0,1.6
2836780276,4.4,0.0,1.6
1474238603,3.1,0.0,5.4
1691255551,2.7,0.0,11.0
524858900,4.3,0.0,10.7
383188836,7.0,1.9,34.3
2780175029,6.8,0.3,21.4
3605777884,12.3,0.0,33.6
1262999205,12.9,0.0,36.3
1598719240,10.7,0.2,28.6
3269260811,11.0,0.0,34.0
3138019140,10.0,0.0,34.6
2278204483,9.9,0.0,32.9
2018976100,10.1,0.0,21.6
4060972288,10.5,0.0,31.9
1213268281,9.1,0.1,27.4
2563878623,10.5,0.0,31.9
195559792,7.9,0.0,16.1
2864052518,11.1,0.0,18.2
1684978066,11.8,0.1,15.5
479035761,11.4,0.0,32.9
4100806148,10.4,0.0,25.6
964482826,10.5,0.0,23.7
3567516049,10.5,0.0,23.7
152151728,10.5,0.0,23.7
4139472588,11.6,0.0,19.5
3332451932,12.9,0.0,31.0
1723117135,8.9,0.0,30.6
2297538487,10.9,0.0,26.2
182698692,10.9,0.0,26.2
3760332310,9.4,0.0,28.3
762590779,9.8,0.0,31.7
3750820687,10.9,0.0,26.2
4282307433,10.3,0.0,27.7
2692481085,12.7,0.0,23.8
2278646481,5.8,0.0,12.3
1457565168,9.7,0.0,2.9
2985106372,7.4,0.0,9.4
3718627907,6.2,0.0,12.0
420826330,8.0,0.0,10.0
449092683,11.6,0.3,35.5
2168468849,11.6,0.3,35.5
711573941,12.6,0.6,35.0
3449721374,11.1,0.4,45.8
2410834830,11.6,0.0,33.9
1201192456,10.0,0.0,28.2
2875438494,10.0,0.4,28.1
1162701090,11.2,0.1,27.8
63086505,9.6,0.1,29.4
219762619,9.7,0.5,28.1
3478618990,10.0,0.0,27.4
14264000,9.6,0.0,29.1
1072125321,9.6,0.0,29.1
2056423961,7.5,0.0,11.9
1363162744,12.9,0.2,40.6
4203919949,3.7,0.0,7.6
1317566389,3.7,0.0,9.4
1794995527,7.3,0.0,9.5
4263428722,4.8,0.0,21.7
3957960685,4.4,0.1,12.7
4069996397,5.0,0.0,21.9
2870634924,5.0,0.0,21.9
567806822,11.2,0.0,48.8
809824921,11.2,0.0,43.5
2783872838,9.8,0.0,34.2
1621536125,7.2,0.0,16.6
2830857995,8.3,0.0,17.3
1229334515,6.6,0.0,18.7
2242063911,8.3,0.0,17.3
1965138728,6.5,0.0,16.8
1329282958,8.4,0.0,27.7
1579439235,9.1,0.0,23.3
3457956653,9.5,0.0,25.5
1651809298,8.9,0.0,12.3
3398540260,6.5,0.0,10.2
4261624194,9.0,0.2,22.0
3598532377,10.3,0.0,22.4
910976196,8.3,0.0,23.9
933320275,9.6,0.0,27.8
436803667,10.0,0.0,9.3
590831086,11.3,0.0,25.2
3545618641,12.9,0.0,32.0
525121695,12.0,0.8,34.1
1163118029,12.9,0.0,32.0
2702949738,11.5,0.0,32.4
2073728242,8.8,0.0,7.0
2265964674,10.8,0.4,10.9
3841453689,9.1,0.0,14.8
1334369023,10.1,0.1,10.1
3938873367,10.8,0.4,10.9
2496768321,9.3,0.0,10.1
3945500128,9.1,0.1,9.3
3545620283,10.3,0.3,19.5
1082617890,8.6,0.0,17.8
1708185405,9.1,0.0,16.0
4172738479,12.9,0.0,20.8
1163437002,11.9,0.0,20.1
2018427392,12.9,0.0,20.8
907776456,11.7,0.0,18.7
1957045220,13.0,0.0,20.6
174721011,12.9,0.0,20.8
3718256933,14.0,0.0,24.6
1063069884,12.3,0.0,22.7
2626521178,13.5,0.0,20.9
1350435024,9.7,0.0,28.2
2457058683,12.7,0.0,18.9
1685624731,12.7,0.0,23.3
1517756345,6.9,0.0,9.7
2992290634,6.3,0.6,19.8
1714400461,8.0,0.2,6.5
1449574475,8.0,0.1,8.3
1849401710,8.3,0.0,11.6
3236357512,8.0,0.2,6.5
1211001725,7.6,0.0,21.7
1397436515,8.6,0.0,38.5
3132233962,8.0,0.1,20.3
2939342003,4.9,0.5,14.5
949395022,8.0,0.1,20.3
1706664340,5.9,1.7,13.7
440336954,6.8,0.1,20.6
758247059,8.0,0.1,20.3
3331103625,5.9,0.8,20.6
754084151,6.7,0.0,9.1
3398663512,7.9,0.1,6.7
5180450,9.1,0.1,22.2
2714864057,10.2,0.0,24.5
793584902,9.7,0.1,24.5
2444385129,12.5,0.0,24.5
2981245573,11.6,0.1,23.3
3339940945,12.5,0.0,24.5
557121269,7.6,0.5,15.8
2855341991,9.1,0.7,4.4
2782799114,8.9,1.1,9.2
3198407411,8.8,0.4,22.9
1472741694,10.4,0.1,16.7
3711615502,12.1,0.0,32.1
2925038126,9.6,0.0,19.9
593774053,11.1,0.0,13.8
3389300578,13.3,0.0,14.8
2665904250,14.4,0.1,15.4
1997090360,13.1,0.0,15.4
1955202599,11.2,0.0,16.1
1518260593,13.9,0.0,10.3
1668819504,12.8,0.0,13.1
1076493182,12.5,0.0,14.8
621204965,13.9,0.0,10.3
2014810805,12.3,0.0,14.1
1192488954,13.9,0.0,10.3
1386398855,12.7,0.0,26.5
4289209104,12.9,0.0,29.2
2405736236,10.4,0.2,4.3
1637748714,13.0,0.0,15.1
2310729833,10.7,0.3,21.2
1633250862,10.5,0.0,14.2
3268060136,14.2,0.0,20.6
3525533861,14.0,0.0,34.8
2772894312,14.0,0.0,34.8
1269897894,10.8,0.6,30.4
1616623444,12.5,0.0,10.6
1768939625,14.4,0.2,23.6
2939812251,17.8,0.0,36.1
1810737407,15.9,0.0,39.6
1203302010,16.6,0.0,41.1
2640982834,17.8,0.0,36.1
909756971,16.5,0.0,34.0
3798487472,15.7,0.0,39.5
4102816088,15.5,0.0,29.5
3523852987,14.0,0.8,31.9
2122534499,14.2,0.1,34.5
3818061058,15.3,0.0,38.9
1340975834,14.0,0.0,34.0
2120203499,18.7,0.0,23.4
37846613,12.4,0.1,30.5
3215147772,14.2,0.4,27.1
3086648702,15.6,0.0,33.6
164561317,13.3,0.0,21.5
1464782935,10.8,0.0,21.0
2110888294,13.4,0.0,17.7
3126334524,13.4,0.0,17.7
872133420,11.5,0.0,37.5
636318025,8.6,0.1,19.8
1221233906,9.4,0.0,13.4
1275535409,10.9,0.0,15.2
4033457332,11.8,0.0,10.1
719169398,9.8,0.0,16.5
3701274112,10.5,0.0,21.0
1390351615,10.5,0.0,21.0
2984997089,10.9,0.0,21.1
2082009281,8.8,0.0,13.6
4289492929,8.9,0.0,17.4
1153566465,9.5,0.0,12.3
4170623443,9.4,0.0,9.5
3673335004,10.4,0.1,25.1
3317079453,11.9,0.0,14.7
1014147843,11.9,0.0,14.7
2505221664,10.6,0.0,15.1
532269210,8.7,0.3,16.2
569605764,8.2,0.3,17.4
893437585,10.8,0.0,14.0
3190600618,7.9,0.2,17.8
384868930,12.8,0.0,17.1
3876704287,8.4,0.1,20.6
3635849245,9.9,0.1,24.3
3882402101,15.8,1.1,10.6
4106774085,9.8,0.6,24.1
3516580743,15.4,0.2,5.6
2367288803,15.4,0.2,5.6
2437213286,11.1,0.4,12.8
1173446298,14.2,0.0,17.5
2907306299,13.4,0.2,17.8
3368144657,12.7,0.0,13.7
1695056196,15.3,0.0,17.8
3708155386,17.3,0.0,2.3
1494705048,15.2,0.2,10.2
4102351494,21.0,0.0,19.5
402610767,20.0,0.0,14.8
78984685,21.5,0.0,18.8
3818074036,20.8,0.0,15.0
226118420,21.0,0.0,19.5
4021680294,21.0,0.0,19.5
4220394947,20.2,0.0,15.3
3840471336,20.3,0.0,15.1
3507371797,22.8,0.0,16.7
2123324119,17.2,0.0,28.6
2965138220,15.6,0.0,18.6
1045430316,15.8,0.0,8.4
3097635992,17.7,0.1,12.1
690528806,21.1,0.0,15.3
459971274,21.1,0.0,15.3
2271578412,17.9,0.0,7.3
3632631257,19.2,0.0,11.0
221559880,21.1,0.0,15.3
1472506159,21.1,0.0,15.3
2227545451,21.2,0.0,9.4
1378050387,19.1,0.0,18.1
1710588217,20.7,0.0,11.8
1326935535,19.2,0.0,12.4
2091144422,18.1,0.0,13.4
3278232489,23.0,0.0,6.6
3659064697,22.0,0.0,8.3
1145785948,17.9,0.1,10.8
2811391993,18.9,0.0,18.0
211955861,18.9,0.0,15.3
2035259682,22.0,0.0,8.3
2137120519,23.6,0.0,14.5
4044223300,23.6,0.0,14.5
3710539306,19.0,0.0,28.7
216874444,16.8,0.7,22.4
1406302690,15.9,3.1,13.4
2601546207,15.9,3.1,13.4
326760228,16.4,0.0,19.7
3919872902,18.4,0.0,16.0
1848234072,15.9,3.1,13.4
2115096455,15.9,0.3,12.9
3248547382,17.4,0.1,34.1
2606412936,15.5,0.0,31.6
4150492041,16.3,0.2,26.6
2549523577,20.8,0.0,26.5
131516704,20.8,0.0,26.5
4257503513,19.2,0.0,17.3
271005513,19.6,0.0,26.3
887427221,18.4,0.0,24.1
1526857866,19.6,0.0,23.2
4179981165,20.8,0.0,26.5
1975621203,26.8,0.0,17.5
414902096,15.7,2.1,15.2
2326408082,19.8,6.1,13.0
883731479,16.5,0.0,13.8
356228074,16.1,0.0,12.4
2990348509,18.6,0.0,13.7
210940067,18.6,0.0,13.7
3324823652,17.8,0.0,20.2
2127043822,18.0,0.0,20.4
775590126,16.7,0.0,19.1
3634922534,16.2,0.0,15.4
1700965338,19.2,0.0,17.8
232292555,15.3,0.0,13.5
1065902598,22.9,0.0,14.8
1280066158,20.5,0.3,13.0
166871005,22.9,0.0,14.8
853465549,21.8,0.1,15.8
1220313379,20.6,0.0,18.7
650108661,20.9,0.1,13.8
2252148133,22.9,0.0,14.8
607841059,22.9,0.0,14.8
265486986,18.4,0.2,16.4
3144059458,15.3,1.6,25.5
210793121,10.9,0.1,11.7
3389179221,13.4,0.0,12.6
432867075,13.4,0.0,12.6
294908146,13.4,0.0,12.6
3702077344,13.2,0.0,18.4
781066183,12.8,0.0,15.8
3952303547,12.9,0.0,11.3
36793399,13.8,0.0,24.6
3482139112,13.7,0.0,26.5
3087295448,15.8,0.0,32.4
1795925340,16.6,0.0,17.3
960484814,16.6,0.0,17.3
4170299753,16.6,0.0,17.3
3864389106,15.9,0.0,23.7
3342478020,16.0,0.0,21.9
888031273,16.6,0.0,17.3
4111082703,15.8,0.0,30.2
1117130534,12.9,0.0,19.3
2142171150,14.5,0.0,18.0
51889138,15.3,0.1,21.3
2218148826,16.4,0.0,12.4
3648176966,16.4,0.0,12.4
866944789,15.7,0.2,16.8
23145442,14.9,0.1,13.4
1635625648,14.8,0.0,11.2
2907535480,16.6,0.0,13.3
3180497517,16.3,0.0,16.0
4199672617,16.0,0.0,31.5
3817847489,16.1,0.0,30.7
683662225,13.5,0.0,18.3
1458418797,15.4,0.1,18.2
4279566807,13.6,0.0,9.3
39321526,14.2,0.0,4.8
3920387764,14.7,0.3,6.9
970348617,14.0,0.0,14.0
2632797277,13.6,0.0,13.3
2302956000,14.2,0.0,3.7
3912745019,14.2,0.0,3.7
2983749702,14.2,0.0,3.7
332934941,14.2,0.0,3.7
3666732212,12.1,0.0,14.9
2511009126,13.5,0.2,20.7
2993292500,13.3,0.0,13.6
2714290165,12.4,0.0,12.9
4182467401,12.7,0.0,8.7
2809342847,13.9,0.0,12.1
303223613,12.3,0.0,7.9
3620276831,13.1,0.0,12.1
2695631395,11.9,0.0,7.0
3078094822,12.7,0.0,10.4
2409192553,8.8,0.0,4.9
4280464877,8.8,0.0,4.9
1683157424,8.8,0.0,4.9
1072786171,7.3,0.0,3.1
3075123354,9.7,0.0,4.8
1517371835,8.1,0.0,10.7
47952603,11.9,0.2,8.9
536835991,12.0,0.0,15.1
846193914,11.3,0.0,11.2
1997618225,11.3,0.0,11.2
3972089422,11.8,0.3,36.4
2552371401,11.0,1.9,26.9
1923135923,12.4,0.5,36.5
2047411643,13.1,1.4,45.8
1717800115,13.1,2.1,21.9
2526772627,11.0,1.9,26.9
3410016124,12.1,1.6,25.8
1283339555,17.0,0.0,38.4
1293229342,17.4,0.0,41.3
3069596058,8.7,0.0,26.0
3046446957,9.9,0.0,23.8
2393051993,13.7,0.0,7.7
1235272994,13.7,0.0,7.7
2021186475,13.1,0.0,11.8
4229240290,13.1,0.0,14.8
1611823392,13.7,0.0,7.7
349007477,12.7,0.0,13.8
73265755,13.3,0.0,11.4
4249042427,12.7,0.0,13.8
3586945657,13.8,0.0,11.7
653189759,6.6,0.0,9.0
676834892,5.6,0.0,3.2
2254479838,6.5,0.0,15.3
2645226478,7.3,0.0,8.3
1159310587,6.5,0.0,10.5
163842905,10.6,0.0,10.8
136444017,8.1,0.0,5.0
1455867576,6.4,0.0,10.8
1209505230,13.7,0.0,15.5
4268511637,13.4,0.1,29.6
154774686,5.4,0.7,39.7
3164818197,6.7,0.0,25.0
1406522894,6.7,0.0,25.0
1563169046,6.9,0.0,30.7
104464058,7.0,0.1,23.3
3835641719,8.1,0.0,25.7
3529706802,5.8,0.2,28.1
160634707,7.0,0.1,23.3
2104113918,7.3,0.0,13.9
1069038483,7.5,0.1,12.1
1782802426,8.1,0.0,16.2
2728773201,5.6,0.0,17.8
2619075341,6.5,0.0,11.5
3592422905,6.8,0.0,16.4
3681443988,12.3,0.0,16.0
4023177135,11.3,0.1,12.6
1421797950,11.6,0.0,13.2
175412091,12.6,0.0,14.9
3464265970,11.4,0.0,16.0
829181713,10.8,0.0,27.4
1042196440,11.9,0.0,23.3
1084278599,10.8,0.0,25.9
4146815491,11.9,0.0,23.3
2069625390,11.9,0.0,23.3
4142009461,6.5,0.0,37.4
2216425375,5.9,0.0,21.1
968304688,4.0,0.0,24.4
1294167351,5.7,0.1,29.7
1288957091,5.9,0.0,21.1
3170291437,6.7,0.0,0.7
3322590437,7.8,0.0,5.4
2595304612,7.1,0.0,1.7
528382144,8.6,0.0,2.8
1265918274,7.0,0.0,4.7
2628657373,7.7,0.0,3.7
1630840194,6.0,0.0,3.1
3430104370,7.5,0.0,7.1
1816565711,6.9,0.0,4.9
3582128846,6.5,0.0,1.1
1947425739,8.1,0.0,14.7
3125795047,5.8,0.0,10.6
1820570547,9.5,0.0,8.9
2846243730,5.8,0.0,10.6
4154597158,5.8,0.0,10.6
1300540204,5.8,0.0,10.6
1971613527,8.8,0.0,18.5
3925518574,8.4,0.0,19.0
482908316,10.1,0.0,14.0
358285264,6.0,1.3,17.8
486649187,3.2,0.0,6.0
107973995,1.0,0.0,4.6
384198437,4.5,0.0,20.3
898764764,3.2,0.0,6.0
2595618460,2.2,0.0,5.5
2314710924,3.4,0.0,14.4
644594355,4.5,0.0,21.7
4277572408,12.6,0.1,22.3
2883374343,1.4,0.0,9.6
1685981137,3.8,0.0,19.2
4038170692,8.7,0.0,7.1
1635846728,8.7,0.0,7.1
396769525,8.7,0.0,7.1
1646224256,10.4,0.0,12.1
3558703278,7.8,0.0,5.4
2806403753,9.5,0.0,6.5
1259670243,11.3,0.0,8.7
3264862924,10.0,0.0,3.8
1943466363,8.3,0.0,10.3
2425917028,6.7,0.0,2.2
1931622614,6.0,0.0,4.4
744586898,2.8,0.0,4.7
1120086452,1.8,0.0,5.3
1508655623,2.8,0.0,4.7
983387491,2.8,0.0,4.7
3013199062,2.6,0.0,8.6
4138482202,1.9,0.0,8.9
363782532,2.7,0.0,11.5
4020387125,3.3,0.0,11.0
1800487403,6.0,0.0,8.6
3151629201,7.1,0.0,2.3
298713401,6.8,0.0,2.6
3719367882,6.6,0.0,8.7
2662151198,7.1,0.0,2.6
3223497185,6.0,0.0,14.9
2612930015,6.1,0.0,11.2
229643707,4.9,2.2,30.2
2171348596,4.9,2.2,30.2
1562975913,4.4,0.9,32.8
1640859042,4.9,2.2,30.2
1253397584,5.7,0.0,13.6
2150315601,7.4,0.1,14.8
2523422068,6.9,0.0,17.6
2638099236,5.5,0.0,14.8
2248922349,7.1,0.0,14.3
3768099224,5.5,0.0,14.8
1411319661,7.5,0.0,6.2
3458229575,7.2,0.0,10.2
3026804591,7.5,0.0,6.2
2534276647,7.8,0.0,11.3
44796906,6.7,0.0,12.1
2628510611,4.3,0.0,20.8
1609910513,3.5,0.9,11.7
3540856985,3.5,0.5,9.9
3640860927,5.6,0.0,7.8
3343169395,4.5,0.2,5.6
4288299039,6.2,0.0,12.2
3588881408,5.6,0.0,7.8
1460046706,5.6,0.0,7.8
3909273650,4.2,0.0,19.5
801826466,3.9,0.0,12.7
2785554327,4.4,0.0,10.2
377465451,13.9,0.1,34.8
1900875435,12.3,0.0,13.9
80055567,12.9,0.0,12.0
3330369101,12.3,0.0,17.5
240730291,12.9,0.0,12.0
1299324929,12.3,0.0,14.0
3096311351,13.3,0.0,13.9
4256213312,11.8,0.0,15.3
96319361,10.2,0.7,30.6
209585488,10.2,1.8,30.8
910475022,10.0,0.0,13.2
3443693737,10.4,0.0,10.2
1993335623,9.1,0.1,16.5
3599300445,10.4,0.0,10.2
1673261416,7.3,0.2,10.7
232103689,7.2,0.1,10.2
3931029284,8.5,0.1,15.8
2648615774,7.3,0.2,10.7
2786941036,8.2,0.1,15.2
3379661089,9.0,0.0,15.2
666927497,16.1,0.0,13.4
1050570435,13.8,0.0,16.9
693289492,15.8,0.0,11.2
3803189101,17.0,0.0,17.4
3793030542,15.8,0.0,11.2
1089870233,15.8,0.0,13.8
3823239179,16.1,0.0,10.2
33575501,16.1,0.0,10.2
1409724733,15.8,0.0,12.0
2934640548,12.8,0.0,9.3
4078533872,8.0,0.0,9.4
1789930752,7.1,0.0,21.0
3360874839,8.4,0.0,9.9
1444631282,7.5,0.0,18.3
3190340170,8.1,0.0,21.7
1724430447,7.7,0.0,15.8
4281351665,7.7,0.0,15.8
1960513730,7.0,0.0,12.5
4051014010,13.5,0.0,17.6
2042341725,14.3,0.0,17.2
4291110070,13.5,0.0,15.8
1289409697,16.8,0.0,30.3
1745800160,15.2,0.0,31.5
4025163364,15.0,0.0,17.5
4174424426,11.9,0.0,13.9
830288347,15.9,0.0,27.5
105957386,15.4,0.0,18.4
212473885,18.6,0.0,15.9
3922111403,15.5,0.0,17.5
178199504,17.6,0.0,17.9
1407477722,12.7,0.0,19.7
2106283436,17.6,0.0,17.9
3122483439,15.4,0.0,20.0
2449887869,15.2,0.0,14.3
2113310642,15.2,0.0,14.3
1458772278,15.2,0.0,14.3
1170072443,15.0,0.0,10.2
1641370443,13.5,0.0,7.1
1396861226,19.7,0.0,10.7
851665480,17.5,0.0,14.8
1866455644,20.8,0.0,12.6
1926528957,18.3,0.0,12.5
3556439378,22.2,0.0,11.6
4188134341,15.8,0.1,16.6
2514998748,11.7,0.0,12.7
2312882845,13.4,0.0,14.7
3348622471,12.7,0.0,21.3
333521298,11.3,0.5,18.3
4221472168,9.8,0.0,19.9
2789695069,15.8,0.0,19.9
1274064744,15.8,0.0,19.9
4280825754,14.6,0.0,20.7
1628239092,15.8,0.0,19.9
1488370692,14.4,0.0,18.7
2058754102,15.3,0.0,11.9
3525923661,11.9,0.0,11.9
1482429756,15.5,0.0,5.8
906567743,14.4,0.0,9.8
3765599151,16.1,0.1,7.3
1117664713,15.2,0.0,10.8
2462361819,11.9,0.0,16.5
3939752351,17.0,0.0,9.0
2562729635,16.6,0.0,7.9
3414221893,16.3,0.0,11.5
1117823144,17.6,0.0,8.2
800396716,15.2,0.1,10.1
1817650263,17.5,0.0,13.6
2421559140,18.7,0.0,12.5
1928435534,25.9,0.0,10.2
3210433938,18.4,0.0,6.9
305886268,14.5,0.0,16.4
3360113445,14.0,0.0,16.7
879577589,14.8,0.1,16.4
2626154704,21.3,0.0,12.2
2818052033,13.3,0.0,17.4
2870906530,13.0,0.0,22.8
2525005196,13.3,0.0,17.4
2768194635,13.3,0.0,17.4
889308604,12.8,0.1,22.9
1303913853,22.0,0.0,12.8
329668492,19.7,0.0,18.6
1680566780,21.1,0.0,18.2
3203507958,21.4,0.0,14.3
682192457,19.9,0.0,22.0
2879751186,18.8,0.0,13.6
2979092265,23.7,0.0,10.6
1606134405,24.2,0.0,13.4
1929106468,23.2,0.0,13.4
2196898354,24.6,0.0,12.9
2279770694,20.4,0.0,15.6
991162676,18.1,0.0,10.3
1048570733,21.8,0.0,9.5
2483188108,15.8,0.0,8.1
4085734,15.8,0.0,8.1
1888388012,16.6,0.0,8.7
1075901221,15.8,0.0,8.1
3412230691,17.9,0.0,16.2
1139440615,22.3,0.0,3.0
672388943,20.4,0.1,5.8
1247463279,18.0,0.0,25.0
3955162506,19.5,0.0,20.4
2992738046,18.4,0.0,24.5
1460081720,15.6,0.2,26.1
2939000906,15.8,0.0,24.5
2776270851,14.3,0.1,29.7
554409999,16.8,0.0,26.2
207987933,18.1,0.0,25.3
1026156873,19.5,0.0,20.4
2972150839,16.1,0.0,26.0
3786655228,20.8,0.0,15.5
1645921608,22.6,0.0,12.7
1379672741,21.5,0.0,21.4
1497631902,17.5,0.0,6.9
991965365,21.1,0.0,12.0
3176959978,22.6,0.0,11.9
86343183,23.5,0.0,9.9
256755836,21.5,0.0,12.9
3774033637,22.5,0.0,11.8
886461110,19.0,0.0,12.4
2329068720,21.9,0.0,7.4
2901160136,20.9,0.0,3.9
2219432677,21.9,0.0,10.6
4056847182,21.8,0.0,1.9
2564061265,18.8,0.0,7.6
3197804262,21.8,0.0,1.9
3026323945,23.5,0.0,6.2
2535075176,25.3,0.0,8.6
2719082617,23.5,0.0,6.2
2096838744,25.8,0.0,13.9
1917645543,19.4,0.1,21.5
765890591,19.0,0.1,16.1
4132923765,20.9,0.0,21.9
2040744557,19.4,0.1,21.5
621524486,18.5,0.0,26.6
760995448,19.4,0.0,24.0
3604429539,18.7,0.2,28.1
1293953247,18.4,1.0,19.2
3613171363,19.2,0.0,20.1
1568925826,18.4,0.2,19.6
3923569168,17.2,0.2,17.7
2613571405,17.0,0.0,22.0
1211168227,17.2,0.2,17.7
2286210335,15.3,0.1,15.5
1413865972,17.2,0.2,17.7
636822947,15.6,0.5,19.6
3303035299,17.2,0.2,17.7
911841317,17.2,0.2,17.7
1290153454,12.2,1.4,22.7
2448093974,12.8,3.0,18.4
1454314283,13.6,1.7,9.6
1306738397,19.2,0.0,30.0
3733288298,11.7,1.4,17.7
929934165,20.2,0.0,17.2
3735573420,16.5,0.8,21.0
2865092108,13.8,3.9,15.9
3469615123,20.2,0.0,17.2
3639964203,14.8,0.0,14.9
2358464715,13.2,0.0,13.2
1940107689,15.4,0.0,11.5
1014635390,17.4,0.0,14.2
4282384880,17.4,0.0,14.2
971357321,17.4,0.0,14.2
1007298772,14.5,0.0,18.7
1819415595,15.0,0.0,15.7
3022803636,15.2,0.0,17.5
947496753,17.4,0.0,14.2
452791888,16.2,0.0,8.1
2648701149,16.0,0.0,5.0
1129275711,14.6,0.0,4.2
2068722688,16.9,0.7,27.7
3129100006,12.1,0.1,30.8
515192689,14.1,0.0,30.2
3781010241,12.0,0.1,23.1
4272133721,14.1,0.0,30.2
1321264035,14.1,0.0,21.9
1890831692,13.9,0.0,27.9
3223888745,15.5,0.0,28.7
3400159728,14.2,0.0,21.7
1634607974,15.7,0.0,22.5
4053302655,12.9,0.0,11.8
729761599,14.4,0.0,19.4
3701483461,11.4,0.0,12.7
3723357554,14.5,0.0,10.3
1122963251,12.6,0.0,9.3
1187606600,12.1,0.0,12.3
1343962935,14.5,0.0,10.3
3529383582,15.3,0.2,15.2
1220483482,14.0,0.9,25.2
1382495106,14.2,0.1,16.4
3501310959,10.8,0.0,18.9
253822368,10.8,0.1,17.4
725385954,8.4,0.0,22.6
846830300,9.5,0.0,18.5
2573761730,10.8,0.1,17.4
187025314,9.8,0.0,13.1
4284164875,8.5,0.1,17.7
1230096399,11.0,0.0,22.6
577542548,8.6,0.2,18.1
2711661820,8.8,0.4,18.2
3710491210,13.8,0.0,30.6
1751170326,9.5,0.1,22.9
2674170988,14.8,0.0,17.9
3287379103,14.8,0.0,17.9
2552564079,12.6,0.0,18.2
3660550735,14.8,0.0,17.9
1444374734,11.2,0.0,11.4
2511675321,12.2,0.0,13.9
640842858,11.1,0.0,14.9
2197772514,15.4,0.0,27.0
771089452,14.1,0.0,9.8
4257195848,13.6,0.0,8.2
182199156,14.1,0.0,9.8
3870228583,14.9,0.1,9.4
2165443439,14.1,0.0,9.8
3062322601,12.4,0.0,14.3
1410850550,13.5,0.0,11.9
2391388882,13.5,0.0,11.9
1650084891,12.4,0.0,15.9
811288863,12.2,0.0,13.2
98454198,5.0,0.0,9.5
788046164,10.0,1.7,35.5
2208196989,8.7,0.3,35.6
1257051489,7.6,0.0,18.3
2639334502,8.8,0.0,4.5
2091924909,7.8,0.0,14.5
1059075215,8.1,0.0,10.3
3436794019,6.0,0.1,17.9
2850357966,9.7,0.0,17.2
2419280509,8.4,0.0,14.6
2846923528,8.8,0.0,16.4
1164772306,6.0,0.2,5.9
2362010937,6.1,0.2,8.9
2949475073,7.1,0.0,3.0
145141632,8.8,0.0,16.4
305023872,7.6,0.0,11.2
1044238406,6.7,0.0,13.1
3092308092,6.7,0.0,14.7
635515106,7.6,0.0,11.2
3323315382,7.6,0.0,11.2
1552929542,10.3,0.1,17.8
4094663586,10.2,0.0,11.6
576254849,8.7,0.0,12.0
1921708369,8.9,0.0,8.5
1652831376,9.5,0.0,14.7
2047451317,6.0,0.0,19.6
2071148352,6.3,0.0,11.2
3226170544,6.8,0.0,11.7
2813993649,7.4,0.0,14.9
2306716893,6.6,1.7,8.1
3241609957,10.3,0.1,21.7
3722087996,12.3,0.0,32.4
1913500494,10.3,0.2,16.4
3671694971,10.1,0.3,13.6
3115110694,9.5,0.0,9.0
2127324014,11.6,0.0,18.1
2144913112,9.8,0.1,13.3
3324060017,13.7,1.4,40.5
3173040413,13.7,1.3,20.4
2412346552,11.5,0.0,18.0
2811241818,9.1,0.0,5.2
1338270074,9.8,0.0,15.2
2868651522,7.5,0.0,23.0
671331003,9.1,0.0,5.2
364369990,10.2,0.0,16.6
2949712782,10.0,0.0,21.7
25250902,10.6,0.1,29.1
2262601408,10.2,0.0,16.6
1426469084,10.2,0.0,16.6
1373113834,9.5,1.5,1.3
2076475276,5.3,0.0,11.5
4147901859,9.9,0.0,21.6
360675430,9.3,0.2,15.8
2165326591,7.5,0.0,12.4
765925064,7.2,0.0,14.9
1780640044,9.1,0.0,9.8
882421995,7.7,0.0,16.8
1925792365,5.7,0.0,13.3
235338887,8.6,0.1,12.9
2338455677,10.6,0.0,8.0
1213768116,6.4,0.0,11.8
3816207043,6.6,0.0,17.2
2479106989,7.5,0.0,15.7
1452855621,7.5,0.0,15.7
1694041124,5.9,0.0,23.2
395628477,6.4,0.0,11.2
1840091853,7.5,0.0,15.7
4218587991,7.5,0.0,15.7
2077601998,6.5,0.0,8.4
2781580507,7.1,0.0,10.9
93604141,4.7,0.0,10.8
2474027990,5.8,0.0,8.1
3067717010,5.0,0.0,8.7
427810714,5.8,0.0,8.1
1534396762,5.8,0.0,8.1
222717187,5.4,0.0,4.9
1455943196,5.7,0.0,15.3
1660608559,5.9,0.0,28.7
2123691445,5.7,0.0,15.3
3922270186,4.1,0.0,26.1
3762080911,1.1,0.0,15.4
2343708407,2.7,0.0,23.1
421413594,1.5,0.0,16.8
83932155,3.7,0.0,18.1
1102461732,1.5,0.0,14.2
712549539,3.0,0.0,13.5
3510357377,-0.4,0.0,16.1
2119433019,1.7,0.0,8.5
3101760738,1.7,0.0,8.5
3318263295,2.7,0.0,8.4
2847810261,2.2,0.0,9.5
3460710844,7.1,0.0,21.0
2257714280,5.5,0.0,16.2
4231946772,5.5,0.0,16.2
479211064,6.0,0.0,25.6
419674934,5.5,0.0,16.2
3352252765,5.5,0.0,17.1
1203330581,3.9,0.0,22.4
1489160978,4.2,0.0,19.5
422589602,4.8,0.3,5.9
235754710,8.9,0.0,9.0
1887040181,9.9,0.0,5.1
2635745464,7.7,0.0,7.7
3993344741,8.4,0.1,13.8
2216225590,7.3,0.0,9.5
1301229202,9.9,0.0,5.1
2943822674,8.3,0.0,8.1
1487546679,6.4,0.3,6.0
150182130,6.7,0.1,8.1
4203176066,9.8,0.0,18.1
901792183,9.0,0.0,16.6
2107864634,6.7,0.0,27.9
3610149433,9.0,0.0,16.6
2054519785,8.3,0.0,17.5
292230315,7.8,0.4,33.1
2166847202,7.6,0.0,11.9
1017151433,7.6,0.0,11.9
3767188437,5.7,0.1,19.8
1380453900,7.6,0.0,11.9
586013303,4.5,0.0,21.5
839311503,8.7,0.5,11.0
2651904827,8.7,0.0,13.3
1501219485,7.3,0.2,16.8
4219096212,9.4,0.0,9.8
3588731858,8.3,1.0,17.7
3428189183,7.9,0.2,5.0
2380732860,8.9,0.0,4.2
26208238,8.8,0.1,4.2
2447043707,9.2,0.0,3.6
3573091053,5.9,0.1,23.0
2480911818,4.4,0.1,16.6
3627645111,8.1,0.3,13.6
2787196787,10.6,0.2,16.1
3130961246,11.0,0.0,26.1
121138034,6.8,0.7,19.5
2417045473,10.6,0.2,16.1
571879083,9.3,0.5,15.6
1473981451,7.8,0.0,13.8
2464001228,9.5,0.0,14.7
1863819719,10.2,0.1,12.0
2937144992,11.4,0.1,14.5
1232646650,8.5,0.0,13.6
2009801310,11.4,0.1,14.5
3516391600,11.4,0.1,14.5
2486502155,10.1,0.6,13.3
216655635,11.8,1.0,15.2
3181636785,10.3,0.0,2.0
3410999773,11.8,0.1,14.7
3241874768,6.2,1.3,23.8
409815706,10.1,0.8,13.3
2719712205,4.2,0.0,22.7
3253395760,12.9,0.1,19.6
1740217253,12.6,0.0,13.8
2328102103,12.6,0.0,13.8
190574641,12.6,0.0,13.8
2829452396,12.6,0.0,10.7
358639694,13.0,0.0,16.5
2068093579,12.8,0.0,24.3
3045738121,11.7,0.0,20.5
1399963761,13.0,0.0,16.5
3508881512,10.8,0.1,16.5
1689631676,9.2,0.1,9.5
239527557,10.2,0.1,20.3
2739371212,6.1,0.1,15.0
3872959072,7.7,0.0,13.2
35268498,8.0,0.0,4.5
1276162796,8.2,0.0,7.1
3143807669,10.5,0.1,29.2
4180093444,11.5,0.1,16.8
4049207543,12.2,0.0,18.0
2058836022,11.5,0.1,16.8
3418539948,13.9,0.0,11.2
719138118,11.1,0.0,6.1
273994835,9.5,0.0,5.8
269596333,10.7,0.0,9.2
3401069754,12.2,0.0,9.3
1252877060,13.8,0.0,13.3
667270739,12.8,0.0,7.2
329866915,14.0,0.0,9.9
418121575,12.1,0.0,14.0
2040413726,17.0,0.0,9.8
592004062,7.8,0.1,16.9
1284792554,9.3,0.0,16.0
4270745047,10.4,0.0,11.8
2495929677,10.4,0.0,11.8
798080450,10.4,0.0,11.8
1290734866,11.1,0.0,25.4
3257647399,8.5,2.1,21.4
3667398439,9.9,0.1,27.2
2333157761,8.4,0.3,24.7
2679791015,11.4,0.0,18.8
3557971631,14.1,0.0,8.5
2325329719,12.3,0.0,11.5
3769744133,12.2,0.0,6.0
120398991,14.4,0.0,2.5
422248670,13.5,0.0,5.8
3602421829,12.5,0.0,15.7
2896982960,13.4,0.0,5.2
1338034179,11.4,0.0,3.1
2004678537,12.9,0.0,12.3
1895836815,12.8,0.0,22.1
963240020,12.8,0.0,22.1
1099542971,8.5,0.1,27.0
2733258938,8.7,0.0,23.1
3650960285,14.8,0.0,22.0
3367134695,10.1,1.7,12.6
3689526124,12.2,0.0,24.3
1315712309,14.8,0.0,22.0
3420747861,12.7,0.0,6.6
3111176621,16.7,0.0,11.9
2247126338,12.4,0.0,20.8
3618181843,14.0,0.0,22.0
2158290348,16.7,0.0,11.9
2139219859,16.7,0.0,11.9
3233713992,12.2,0.0,11.8
2470573675,11.0,0.0,12.7
1503219422,12.7,0.0,9.9
3608047120,12.2,0.0,8.9
899005312,13.4,0.0,13.4
4049129867,12.9,0.1,29.4
1691690498,16.0,0.0,33.6
107787507,12.7,0.0,28.7
3433155458,14.4,0.0,9.9
860924492,20.9,0.0,1.0
2511216172,19.6,0.0,3.0
3018128370,20.9,0.0,1.0
1017344660,20.0,0.0,5.7
2977011666,20.9,0.0,1.0
2221348928,17.6,0.0,10.9
3079506019,23.9,0.0,10.9
2802883076,22.5,0.0,9.0
519798852,17.7,0.1,11.4
793405947,18.2,0.0,5.3
1525087210,22.5,0.0,9.0
2977900630,15.4,0.0,11.9
100344147,13.4,0.0,9.2
2638569944,14.5,0.1,11.0
49387870,16.3,0.1,6.9
2390607212,13.2,0.0,9.8
3615726067,14.6,0.0,14.1
1754699349,20.5,0.0,18.5
4026437129,21.1,0.0,12.8
2829356950,8.2,0.5,21.8
3798668580,15.2,0.4,9.8
2338896754,10.9,0.0,8.5
203625300,12.8,0.0,16.7
2502769159,13.6,0.0,15.1
730712195,12.8,0.0,16.7
1943401962,10.2,0.0,10.7
1674859460,11.4,0.1,18.6
2738153065,12.6,0.0,17.0
1724853004,13.7,0.1,10.1
1115437873,16.2,0.0,11.2
2343552614,13.4,0.0,15.3
3741350775,12.7,0.1,15.3
1363695429,13.4,0.0,15.0
1048594516,13.7,0.0,15.8
1034394308,13.2,0.6,15.3
606697384,14.9,0.0,29.5
2458585461,17.0,0.4,21.5
256794200,24.7,0.0,9.7
1614771335,20.8,0.0,9.6
2261943812,31.8,0.0,3.2
3133205298,31.8,0.0,3.2
2405635343,22.7,0.0,4.2
3071426566,22.9,0.0,4.2
2059616731,26.5,0.0,8.5
1305930735,23.1,0.0,9.4
1861409979,31.8,0.0,3.2
666616168,31.8,0.0,3.2
237229532,24.1,0.0,7.1
3532602714,18.6,0.1,17.7
1981297907,21.5,0.0,3.7
1789379903,21.3,0.0,5.1
3385355886,17.0,0.0,16.2
2056305249,17.9,0.0,15.2
2132376788,22.7,0.0,7.6
3352288317,21.3,0.0,6.6
2074701890,18.6,0.0,11.5
3880641326,19.5,0.0,11.5
380764589,19.4,0.0,10.9
3388466399,25.5,0.0,1.3
30050099,31.7,0.0,14.8
3729423248,32.0,0.0,13.3
1402627110,28.4,0.0,10.4
2716865873,27.5,0.0,12.7
3448911584,25.6,0.0,18.2
1578961275,31.8,0.0,13.9
2264775631,32.9,0.0,15.9
3270595804,28.9,0.0,13.2
2215363326,21.7,0.0,13.3
2167025410,28.1,0.0,11.8
4243846345,24.6,0.0,15.8
3627430913,27.4,0.0,9.0
3193583628,19.5,3.6,5.4
3603779766,19.4,1.2,11.8
60726292,19.6,0.1,8.1
805032158,21.8,0.0,13.5
3392358719,20.0,0.3,14.7
2296795049,17.8,1.0,9.5
4239246365,22.7,0.1,3.2
2619287140,17.9,0.0,17.6
1749115299,20.8,0.1,20.3
4052336083,17.6,0.0,18.1
2865475519,17.9,0.0,19.6
493758351,24.0,0.0,15.3
2400854601,22.4,0.0,24.0
1826115355,19.1,0.1,29.6
1786486939,20.1,0.1,29.5
3987981645,22.6,0.0,18.8
1015407765,22.5,0.0,16.4
2069152458,21.4,0.0,26.1
1168279765,21.0,0.0,26.1
2732864392,19.2,0.5,26.8
2383757741,22.4,0.0,24.0
1993850061,21.2,0.0,10.1
52749759,21.6,0.0,7.4
750238795,19.4,0.0,15.0
3059862228,19.2,0.2,4.8
738284522,18.8,0.0,12.2
2911744626,23.0,0.0,4.2
4135364376,20.6,0.0,6.9
687923665,20.1,0.0,12.6
2904356241,21.5,0.0,7.9
199732523,22.9,0.0,11.2
1392479738,21.1,0.0,6.3
3867226269,23.2,0.0,10.2
4192798351,20.1,0.2,3.3
2126915141,17.5,0.0,18.2
1558302227,16.9,0.0,16.0
3822054613,21.7,0.0,21.0
82058323,22.7,0.0,18.2
543678278,18.9,0.0,14.3
1427163640,18.8,0.0,15.3
3465539996,21.8,0.0,17.6
1315434174,20.3,0.0,20.6
3860397369,21.7,0.0,20.3
1365794957,20.2,0.0,20.9
2482682442,16.6,0.0,14.1
3372138713,20.7,0.0,18.1
357295765,20.3,0.0,11.1
1843740049,20.0,0.1,19.2
2067242616,21.3,0.6,13.3
2538591838,23.7,0.1,14.4
2141642440,24.4,0.0,17.1
2321285981,22.1,0.0,20.9
3016573924,22.1,0.2,19.3
2894124438,18.7,0.2,28.5
667890337,20.6,0.1,12.2
4291890395,21.8,0.2,18.2
597724638,22.7,0.0,19.2
604299104,23.8,0.0,15.9
2290463357,16.3,0.0,6.4
3781989812,17.3,0.0,3.3
3284378084,17.8,0.0,3.9
3378517280,18.9,0.0,1.4
1136213361,18.6,0.1,8.3
1530018145,17.2,0.0,8.4
1490437367,19.3,0.0,9.1
3783621862,20.4,0.0,10.1
2270284678,20.1,0.0,6.3
3647719888,19.1,0.0,15.1
3557034172,20.0,0.0,12.1
527857742,17.7,0.0,17.2
3480742155,15.7,0.0,15.6
3591861305,15.5,0.0,19.6
13491240,13.7,0.0,19.3
3709132977,14.9,0.0,19.2
1749224444,14.8,0.0,18.2
2591259724,16.2,0.0,16.8
185341617,13.4,0.0,23.4
315467569,14.3,0.0,19.6
2500648655,16.2,0.0,16.8
3534567640,15.5,0.0,16.9
3315714635,14.2,0.0,21.0
2660650694,15.0,0.0,21.1
1321877956,12.4,1.5,35.2
4142305416,14.0,0.1,30.3
2692299363,15.3,0.9,32.3
2789269356,16.4,0.0,28.7
3742896666,16.6,0.0,30.0
2333919961,17.3,0.0,22.5
1922055171,18.1,0.1,21.3
3761530230,15.8,0.0,22.5
3130357872,15.7,0.0,21.3
1618259564,15.7,0.0,26.1
3902557044,16.9,0.0,22.8
2850107318,14.6,0.0,17.1
1245155541,17.8,0.0,29.3
3190659585,16.8,0.0,28.8
4098596794,18.0,0.2,27.9
374659406,17.9,0.2,27.1
1641590158,18.8,0.0,22.7
861926273,17.5,0.0,25.2
1248991190,11.7,0.4,27.7
775017841,12.1,1.5,16.3
287423940,11.7,0.2,16.9
3827840116,12.2,0.2,16.4
3672651073,16.1,1.2,26.4
2718549480,13.1,1.0,31.2
1139861976,18.2,0.0,28.0
2313336410,14.6,0.0,11.6
1698308327,12.2,0.0,21.0
3591084553,13.6,0.0,22.6
4115107212,15.1,0.0,12.3
400222395,16.1,0.0,12.7
250436752,15.0,0.0,16.1
4255266222,14.2,0.0,13.4
592785246,14.5,0.1,11.9
364117266,14.6,0.0,11.6
43088092,13.5,0.0,19.4
3727861186,15.0,0.0,24.8
2632328983,12.1,0.0,9.5
1171158718,15.7,0.0,15.1
1734226235,14.8,0.1,26.9
3706405494,12.9,0.0,29.1
1390415860,14.4,0.0,27.2
1244418766,11.3,0.0,20.5
2385707399,14.2,0.0,31.0
3497546299,13.1,0.0,30.8
1252581422,12.9,0.0,27.4
1977258120,16.0,0.0,26.4
54908435,13.1,0.0,27.4
3420031843,13.1,0.0,29.9
174117173,15.7,0.1,24.2
2161685529,14.2,0.0,15.3
601536178,13.9,0.0,8.8
2480483391,16.0,0.0,3.6
1698837540,16.6,0.0,21.0
2601802828,14.1,0.0,6.8
200414626,14.8,0.0,10.8
1118015393,15.5,0.0,9.0
3489711936,13.4,0.0,23.1
1415719908,13.7,0.0,30.1
1212264558,14.1,0.0,24.3
602974494,15.7,0.0,28.5
1413893140,13.7,0.0,29.6
1419049104,15.7,0.0,28.5
2948996263,16.6,0.0,20.1
3221348704,15.3,0.0,19.2
2321371154,16.4,0.0,26.0
1702631197,17.5,0.0,15.1
954183958,17.5,0.0,15.1
3118150257,17.0,0.0,15.0
2111896814,16.3,0.0,24.3
3935861009,16.2,0.0,24.3
2227533397,15.6,0.0,20.4
3361906658,15.9,0.0,21.1
1263913563,16.8,0.2,15.8
1412484114,18.0,0.0,16.0
3663278707,15.3,0.0,15.3
904224745,14.2,0.0,19.0
2814936058,16.1,0.0,17.2
831856796,18.7,0.0,28.1
409626030,18.6,0.0,21.0
2730745577,15.3,0.1,17.6
1275864148,17.1,0.9,26.3
2024726918,19.4,0.0,20.9
487925041,12.9,0.0,12.9
3499534645,16.0,0.0,12.3
344655035,19.5,0.0,18.8
2970168093,18.8,0.2,15.7
3175582872,16.2,0.1,20.5
1694721405,15.7,0.5,19.6
2514261099,10.4,1.5,22.5
2516636310,13.4,0.0,23.1
556180790,11.8,2.2,30.6
3557264872,12.7,0.0,17.1
3972527497,12.1,0.0,22.5
3172881956,10.3,2.7,20.3
779380231,12.8,0.0,32.4
2426676538,12.2,0.0,41.2
1275423933,14.4,0.0,31.6
43093682,12.4,0.0,35.0
3530563192,14.0,0.0,31.7
456776520,12.3,0.2,35.7
232505618,12.1,0.0,15.3
1734970536,11.2,0.0,24.9
1356078695,10.5,0.1,23.0
99259474,12.7,0.2,20.0
2726979517,10.5,0.0,25.1
3494702929,11.8,0.5,21.4
1054427360,11.8,0.5,21.4
252484448,11.3,0.0,24.7
2189821338,11.3,0.0,20.3
4065353835,10.4,0.1,25.1
4191316618,14.1,0.3,25.8
4187848509,11.3,0.2,21.7
3425818472,12.0,0.0,28.9
195957538,11.3,0.1,25.6
3096532849,11.9,1.2,23.9
720991193,11.8,0.8,30.8
1061132956,13.3,0.9,34.9
2244107532,12.2,0.0,27.7
1980048636,11.4,0.0,26.8
3587822385,12.1,0.7,32.0
2148511405,15.5,0.0,25.3
2905101989,16.4,0.0,18.7
3812401282,16.0,0.0,19.8
2041558437,14.7,0.0,12.7
3732547390,13.5,0.0,7.7
3909564736,13.7,0.0,17.0
3877018906,14.8,0.0,15.0
4279930398,15.0,0.0,13.5
2159750300,13.5,0.0,17.8
2368569218,14.0,0.0,12.0
3439409626,12.9,0.0,19.0
608789956,13.6,0.0,14.5
1791578164,7.2,0.0,16.1
841380738,0.6,0.9,8.4
2873676579,2.7,0.0,6.1
2881316374,2.9,0.0,5.2
1844328267,1.4,2.3,4.6
3186764024,1.5,0.0,7.6
2223795592,2.8,0.0,5.9
2352247270,2.6,0.1,7.7
3945692342,1.2,0.1,8.2
3073895242,4.9,0.0,6.9
1743115578,-0.8,0.2,8.1
3102098679,-0.3,0.1,7.7
2535608159,-0.8,0.0,5.9
3880563407,-0.7,0.0,12.2
2539969747,3.8,0.0,11.9
418844145,2.6,0.0,18.6
308396166,5.6,0.0,14.2
1550820020,3.8,0.0,17.9
2435262793,3.0,0.4,24.4
3969343866,3.1,0.1,24.0
2989778044,3.4,0.0,17.2
3056419626,3.2,0.0,19.8
4041869626,3.8,0.0,21.3
851487115,12.6,0.1,33.5
3324765830,8.5,0.0,18.6
959950207,6.4,0.0,16.6
2733240757,5.4,0.0,23.3
3951007210,6.3,0.0,20.5
2069092699,6.1,0.0,26.7
814984437,5.4,0.0,22.8
701863857,5.3,0.9,26.7
2760646864,5.5,0.0,22.5
2157630974,5.6,0.0,22.4
3500082498,6.8,0.0,16.9
3586353330,5.7,0.0,19.7
1136236659,9.5,0.1,23.8
4284566471,6.7,0.5,33.6
1655025307,8.6,0.0,26.4
1201601916,5.6,0.9,36.2
1938129307,7.6,0.0,28.3
780688497,6.7,0.0,33.5
2678040631,8.6,0.0,26.4
2246971233,7.0,0.1,33.8
3951362496,7.4,0.0,27.5
2960300491,6.9,0.2,42.2
1323757657,10.9,0.0,27.7
3695882798,10.7,0.0,31.7
2997517130,10.2,0.0,24.8
3071702464,10.8,0.0,29.6
3983742146,7.5,1.0,22.8
3156349962,7.9,0.5,25.7
3362933291,10.3,0.0,23.0
2891813651,8.2,0.0,24.2
407757092,11.0,0.1,23.4
1203502652,6.2,0.0,11.4
2662163973,6.8,0.0,14.5
2774368880,5.9,0.0,10.5
797088804,7.4,0.0,8.0
2943074476,6.2,0.0,11.4
927355569,5.8,0.3,8.3
3727498870,8.0,0.0,11.6
3492591718,6.6,0.0,29.8
150953256,7.7,0.1,26.7
552796721,4.9,0.1,31.3
1123919023,7.9,0.1,27.4
2131746604,7.5,0.0,32.0
3430547459,9.7,0.0,26.8
1789177976,6.7,0.0,33.5
580917432,6.8,0.3,38.7
998616456,10.1,0.0,26.0
831133263,6.6,0.0,28.6
2654059107,6.6,0.0,31.9
3482817391,10.3,0.0,22.8
904557429,5.1,0.0,14.8
2406474168,4.1,0.0,5.2
3948160987,3.8,0.0,7.4
1156615091,2.8,0.0,9.0
3467368678,3.9,0.0,10.2
2733408065,4.1,0.0,11.8
4026860061,5.3,0.0,4.8
3581870322,2.3,0.0,15.3
590831091,4.9,0.0,5.7
2103611654,2.6,0.0,21.0
183528328,3.2,0.0,16.4
2254490784,6.7,0.0,12.3
1818652068,6.6,0.0,8.1
833787233,6.9,0.0,11.0
3526637979,9.6,0.0,25.3
1272263976,11.3,0.0,15.1
2544866139,9.7,0.2,13.8
4240660628,9.4,0.0,16.6
1538963685,8.2,0.0,19.3
2581790870,10.2,0.0,17.3
283045506,8.6,0.0,14.4
3382301918,9.8,0.0,21.1
3709856731,9.4,0.0,11.3
128203539,9.4,0.2,16.1
1381402706,9.2,0.0,11.6
2448865683,9.1,0.1,17.4
1729380716,6.1,0.0,10.6
801054157,6.3,0.0,6.8
3117868284,6.6,0.0,15.3
358174113,9.2,0.0,16.8
3264818997,9.7,0.0,8.0
1143643696,8.6,0.1,18.1
3550580475,10.9,0.0,7.6
4260345552,10.2,0.0,10.6
2704373447,10.6,0.0,6.8
4231443838,10.4,0.0,14.1
3002913024,9.4,0.0,13.5
3743393162,11.1,0.0,20.2
1547726414,10.1,0.0,6.8
3871771957,9.1,0.0,18.3
3018188471,10.4,0.0,8.6
1723069968,10.5,0.0,9.1
3263550406,9.1,0.0,6.6
1106329970,12.8,0.0,7.1
1047747432,10.4,0.0,14.8
411192373,12.3,0.0,7.5
4185883872,12.6,0.1,22.4
80322085,8.5,0.0,15.0
234343026,10.2,0.5,17.7
1612918994,10.0,0.0,10.2
493105968,11.0,0.0,21.9
972080039,11.2,0.0,24.7
3084605347,11.1,0.0,25.9
4225234946,12.7,0.2,24.5
3780459288,9.2,0.0,26.2
3360353742,10.3,0.0,27.7
1152010333,10.5,0.1,24.7
3396078002,12.8,0.0,25.0
1415608455,12.3,0.0,25.6
2371900638,12.9,0.1,19.2
203967257,11.9,0.0,18.7
568182546,7.6,0.0,9.3
2002713796,11.0,0.0,28.9
3453999801,11.8,0.0,23.3
2116738889,9.7,0.0,13.8
2280291144,10.6,0.0,11.0
1196925001,9.7,0.0,13.5
857871473,11.0,0.0,15.9
1141481273,8.7,0.0,10.5
548978003,6.0,0.0,25.0
391484569,5.5,0.0,24.0
1151929872,6.1,0.1,25.6
68986649,5.1,0.0,22.4
1582335010,6.8,0.0,25.7
1919788399,7.1,0.0,18.8
623997183,7.3,0.0,25.7
2009670682,6.7,0.0,23.8
757665228,5.7,0.0,24.2
951867155,5.7,0.0,20.3
4033787891,5.5,0.0,24.0
92901051,7.9,0.0,17.3
906288558,7.2,0.0,14.9
1263395361,6.5,0.0,27.8
3154887682,7.6,0.0,16.6
307417405,5.1,0.0,6.6
3341429855,6.7,0.0,6.2
2135676831,5.5,0.0,10.2
2193946209,5.9,0.0,5.9
2441574072,5.0,0.0,11.5
3284965402,6.6,0.0,10.0
6934374,6.6,0.0,13.1
1928485111,6.2,0.0,7.9
1149169053,6.0,0.0,11.5
162891035,5.7,0.0,12.3
4276419218,5.9,0.0,10.0
1710132076,4.5,0.0,13.2
3537496017,4.3,0.1,8.9
1610144256,4.0,0.2,12.7
686788745,2.7,0.0,13.1
1199943409,5.4,0.0,25.4
4158490840,5.0,0.0,14.0
3631128053,2.5,0.0,10.0
1771103787,5.6,0.0,14.2
251602486,4.8,0.0,16.2
564908516,7.5,0.0,15.0
582879333,6.9,0.0,17.4
2231431094,1.6,0.0,4.7
520739298,6.6,0.2,28.6
4170250785,5.0,0.0,14.0
3012238932,12.7,0.0,28.2
1664473835,4.2,2.3,28.8
1766536456,8.7,0.0,18.1
4125318790,5.3,0.6,25.1
3917330573,8.0,0.0,17.3
911737456,5.0,0.2,24.5
1087362605,5.7,1.0,19.5
3758471883,4.2,0.1,19.2
1674808765,7.4,1.0,20.9
796357770,5.6,0.0,15.1
1843379094,7.4,0.0,21.2
4273439400,6.9,0.0,20.2
184157375,6.9,0.1,15.1
1231104496,11.3,0.0,13.3
1731144102,13.3,0.1,12.9
1030877631,12.0,0.5,7.9
631158906,12.0,0.5,7.9
2134649253,12.9,0.0,6.1
1121723430,12.7,0.0,9.7
658181704,13.8,0.0,11.3
3157386682,11.8,0.7,4.3
937149813,8.6,0.0,14.7
2772989588,10.7,0.0,20.7
261094805,9.9,0.1,19.7
3512790378,10.1,0.1,15.0
3751204921,9.7,0.1,17.3
493040864,11.0,0.0,15.6
1124610311,13.6,0.0,10.8
4090445466,10.0,0.0,16.9
743476302,7.3,0.1,16.6
957587628,8.2,0.2,18.4
3374645366,8.1,0.2,20.6
2945142029,9.7,0.1,17.3
2909312119,9.1,0.0,14.1
370003188,13.7,0.0,8.0
3813340270,12.7,0.0,9.4
803269623,11.1,0.0,4.1
2200498100,10.6,0.0,10.9
2181104826,13.7,0.0,8.0
239446838,13.5,0.0,4.4
1646747017,13.0,0.0,9.1
759544818,11.7,0.0,8.6
1799743213,11.7,0.0,11.4
3442667243,13.0,0.2,6.5
1810134906,9.1,0.0,19.7
4213489496,9.9,0.0,16.2
2115013696,7.7,1.2,20.9
874407492,12.0,0.0,33.2
1188034648,11.2,0.1,41.5
2247621670,12.8,0.0,36.5
3920557975,10.9,1.0,23.3
2750095328,12.6,0.0,36.7
1868263013,13.1,0.0,27.6
1156187466,8.7,0.3,18.4
2536547037,12.0,0.0,33.2
3095239634,7.9,0.3,20.3
4230970455,11.6,0.0,39.7
1193196184,7.3,1.6,18.8
728929561,9.7,0.1,10.4
1714153080,12.5,0.0,5.0
4143923008,11.6,0.0,11.9
2378088985,13.9,0.0,8.0
353207457,13.9,0.0,8.0
617526031,12.3,0.1,8.0
3401692087,12.7,0.0,4.1
1703628572,11.9,0.0,4.2
1022864105,10.6,0.0,8.9
511220557,12.8,0.0,17.6
3891297667,12.9,0.0,7.2
122122461,11.5,0.1,7.2
3192495611,14.7,0.0,24.2
3665831967,13.1,0.0,25.7
1931712686,13.1,0.0,25.8
3051856767,13.3,0.0,25.2
1460946297,10.4,0.0,14.3
1778421007,10.1,0.0,26.4
3771468345,12.6,0.0,29.6
2534242898,14.9,0.0,27.6
962402584,14.6,0.0,27.6
3322387540,14.4,0.0,26.0
1135219836,11.9,0.0,22.0
1233730060,14.4,0.0,25.9
541129170,11.2,0.0,14.8
3682802681,12.7,0.0,15.2
3856544622,11.2,0.1,13.8
1015998277,11.3,0.1,9.3
1391843091,11.2,0.0,11.0
3280889345,13.0,0.1,18.9
921669652,12.7,0.0,14.5
901774765,12.0,0.2,12.7
34126679,11.8,1.2,13.0
2951372918,10.2,0.1,15.7
3136969538,10.1,0.0,8.1
1393819684,7.9,0.0,10.0
1934085816,10.5,0.0,11.2
3664019597,11.4,0.0,20.0
831476878,11.9,0.0,10.6
281052534,17.2,0.0,8.7
874237027,16.6,0.0,7.9
535417499,13.3,1.3,13.9
1191111540,17.4,0.0,5.4
1709779656,15.5,0.2,5.9
576733460,16.5,0.1,9.8
1903358534,9.2,0.0,13.8
943938906,16.7,0.0,8.4
4048929929,13.5,0.2,12.6
3910367287,15.3,0.0,19.3
1716017481,12.4,0.3,21.9
4047559718,11.5,0.0,27.5
1388421349,15.3,0.1,24.1
1689832400,16.4,0.1,24.8
2731022525,15.7,0.0,20.0
236457261,14.5,0.0,24.0
194316923,15.6,0.1,23.0
1730183237,15.7,0.0,23.4
263208855,16.3,0.0,19.2
4225523645,17.6,0.2,15.8
3268202227,15.7,0.0,23.4
2871412945,14.0,0.5,18.1
1098680245,14.6,0.0,21.3
1657841567,17.3,0.2,21.0
1583638376,17.7,0.0,14.7
3985784814,13.4,0.0,14.3
1677751265,17.1,1.6,28.8
2052484629,13.1,1.3,19.9
109424651,15.5,0.1,17.2
3830146252,16.0,0.0,50.7
545032657,13.3,0.1,15.8
399648500,16.5,0.2,32.4
48659410,17.6,0.5,2.2
170570807,17.1,0.1,18.5
4146541036,16.8,0.1,13.5
1297897307,15.0,0.3,18.3
848099567,19.7,0.2,28.3
367247773,18.9,0.3,24.9
3544601982,18.0,0.1,26.8
616259564,18.9,0.3,27.8
3225288126,21.7,0.4,21.9
179103588,21.1,0.1,27.3
2461261612,21.0,0.1,32.6
267151762,20.0,0.0,24.7
527138281,19.7,0.7,27.8
1490281517,19.2,0.0,29.8
1968388092,20.3,0.1,28.1
1609775965,18.9,0.3,24.9
1890031907,17.0,0.1,23.0
844974814,18.7,0.2,27.1
159108504,20.0,0.0,30.8
1002981573,20.3,0.3,20.1
2160388523,22.1,0.0,29.9
2417887647,22.1,0.0,32.3
3136308950,23.0,0.0,26.0
1925023280,22.2,0.0,28.5
395018688,21.0,0.1,27.0
3155558721,21.2,0.0,31.5
3832829616,19.2,0.3,28.8
2071620553,23.2,0.0,15.5
4171420003,18.1,0.0,12.6
2358407256,15.0,0.2,10.4
3979845052,16.7,0.1,17.3
2541358299,14.9,3.9,9.2
721899943,15.0,0.7,11.2
1963783548,18.2,0.5,18.2
3371603374,18.8,0.2,15.2
1637668246,16.9,0.1,13.9
2858711592,16.2,0.1,3.0
10828506,17.1,2.1,11.0
4109472725,15.0,0.2,10.4
3158768588,18.6,0.0,18.6
2443592200,21.4,0.0,8.9
1961191490,19.0,0.0,13.0
3979841972,21.3,0.1,6.8
468075689,21.6,0.0,9.3
1429957467,21.0,0.0,14.0
2328412431,20.4,0.0,5.0
2152760790,22.0,0.0,8.0
1611481383,21.0,0.0,8.4
2471337129,20.6,0.0,8.4
3733918351,21.0,0.0,3.1
3050278446,20.7,0.1,5.8
41306154,21.4,0.0,8.9
3366114798,21.7,0.0,9.1
4056799083,22.3,0.0,9.3
610646968,15.6,0.0,25.5
1638373018,19.5,0.2,12.6
3546631658,15.6,0.0,20.9
1404118456,21.4,0.0,17.6
865397136,17.8,0.0,22.1
1981655120,25.9,0.0,10.0
2006934485,18.1,0.2,16.6
3352991940,24.8,0.0,6.8
3317580164,17.8,0.4,19.3
642302802,19.5,3.0,16.6
4143026136,18.6,0.4,33.5
1472757478,18.0,0.1,40.1
2471700642,17.7,0.4,30.3
331492143,18.9,0.2,40.1
2455940342,18.2,0.1,32.1
492278920,18.3,0.1,31.1
79370454,16.0,0.0,24.0
2507349609,16.2,0.0,24.6
941166326,17.9,2.4,37.6
3034699842,17.9,4.9,31.4
3406945083,17.3,1.4,31.6
530653872,20.6,0.0,42.2
3042411857,13.3,0.4,12.9
3508407561,17.3,0.0,14.4
3631643309,15.3,0.0,16.8
3894188964,15.0,0.0,17.1
248786653,15.7,0.0,16.6
4051931732,16.2,0.0,19.5
3335607634,15.6,0.0,15.6
1365858067,15.9,0.0,19.5
1054051372,15.0,0.0,16.3
3180562121,18.8,0.0,33.5
3760385238,18.5,0.0,27.7
352550925,18.9,0.0,21.4
1311086474,17.6,0.0,25.0
1193719027,18.0,0.0,18.8
1732524775,17.2,0.0,26.4
3124721724,17.2,0.0,22.3
861634757,14.3,0.8,8.3
4113014352,15.6,0.1,12.6
1319480741,19.0,0.0,18.8
1197887060,17.9,0.0,12.8
2828058332,13.6,1.1,12.9
3470993141,19.0,0.0,18.8
515458569,17.9,0.0,16.0
4232374161,17.4,0.0,17.4
1611827662,15.5,0.0,28.3
101629025,17.3,0.0,23.9
3647018920,16.1,0.0,30.8
614969714,16.3,0.0,25.5
3261757415,15.0,0.0,26.1
768689573,15.5,0.0,28.3
2611592539,16.6,0.0,23.8
1836923924,16.3,0.0,28.4
4245474474,16.7,0.0,28.7
2593219249,16.7,0.0,29.1
3943679275,15.4,0.3,27.9
2123380773,16.7,0.0,28.3
1281313363,19.7,0.0,28.5
174824915,19.5,0.1,21.1
2555469356,20.5,0.0,19.1
357886962,21.3,0.0,16.5
716754367,22.4,0.0,19.3
3529879172,20.1,0.0,17.6
3053059867,21.5,0.0,18.7
206127319,22.9,0.0,21.1
2431922856,18.8,0.0,7.5
1822794829,22.9,0.0,21.1
315264186,20.8,0.0,23.7
704104255,21.8,0.0,14.1
3899999197,12.1,0.0,16.4
360966378,10.7,0.1,16.3
1615735508,10.9,0.0,11.1
3011426100,11.4,0.0,12.9
536181461,10.9,0.2,9.8
1190694951,12.0,0.0,11.4
473091696,14.8,0.3,20.3
3703809554,11.2,0.1,16.8
3024700995,12.9,0.0,19.4
768038664,14.8,0.1,3.7
1251919851,10.6,0.0,14.7
1498875190,10.0,0.3,6.9
4003720747,13.7,0.0,13.3
1532635108,11.7,0.2,17.2
4256217100,12.0,1.1,12.6
2981825708,12.0,0.0,8.8
1465294560,12.5,0.0,7.3
1016625031,10.7,0.0,5.4
1960650700,11.4,0.0,8.4
626012052,13.9,0.0,6.3
2201128378,11.5,0.0,10.2
2460623470,12.3,0.0,13.2
3969128866,9.6,0.0,9.2
4086744150,10.4,0.0,14.8
2935447181,12.9,0.4,17.4
1293227970,11.0,0.1,18.1
2951632483,12.1,0.4,21.4
2883892096,11.8,0.1,15.2
3008498290,14.1,0.0,19.7
225944889,12.7,0.0,10.2
3740017342,14.5,0.0,20.5
4282024760,11.4,0.0,18.9
110803509,14.0,0.0,18.8
4269680067,12.9,0.0,15.0
1094219776,12.1,1.1,12.9
3346254311,11.4,0.0,19.4
4050580237,7.5,0.2,12.8
3682501088,12.3,0.3,22.8
1158077484,7.5,0.3,19.8
1244692992,11.6,0.2,21.4
3567106107,11.8,4.0,29.0
856496509,8.4,0.2,18.4
2757416652,7.8,0.4,18.4
3361525291,7.3,0.2,25.9
1750905802,11.4,0.2,28.7
1566296068,7.5,0.2,12.8
3092394961,11.6,0.0,25.5
2978979722,10.2,0.0,20.2
1676733550,6.9,0.0,17.1
147105588,9.1,0.0,11.7
1757187675,10.4,0.0,6.1
3309523580,9.4,0.0,4.2
1039286378,9.4,0.0,13.4
2573530733,9.7,0.0,16.5
2152667088,9.1,0.0,5.8
4017759011,9.2,0.0,9.5
2093108496,10.2,0.0,9.2
3575624713,9.0,0.0,4.6
324771875,10.7,0.0,1.8
539103995,9.6,0.0,8.0
1917420572,5.3,0.0,21.7
534591717,4.2,0.0,10.7
144355765,4.4,0.0,7.9
2753248203,4.6,0.0,9.4
4134970391,4.7,0.0,11.1
1499952401,5.3,0.0,12.0
3289353357,6.0,0.0,20.2
547991813,7.7,0.0,4.9
4100393719,4.3,0.0,2.3
3889017366,3.5,0.0,10.0
4127377939,6.1,0.0,2.0
288380799,4.2,0.0,10.7
3173446137,7.5,0.0,4.1
2423251292,5.5,0.0,9.4
877011374,4.9,0.0,16.4
637936529,4.7,0.0,14.9
1971293347,6.5,0.0,12.4
3640998760,5.8,0.0,11.4
1491894079,0.5,0.0,6.8
2067673760,2.6,0.0,12.9
2631283252,2.3,0.0,9.7
2336928828,5.7,0.0,5.4
433231426,2.9,0.0,16.3
787409599,2.7,0.0,9.3
559181248,1.6,0.0,2.7
2378756916,-1.3,0.0,11.6
3903550443,-1.3,0.0,11.6
1926463505,-0.4,0.0,10.9
4012885018,0.9,0.0,9.4
1365671039,0.9,0.0,6.4
1229293993,-0.5,0.0,7.6
38249890,6.3,0.0,10.5
3070825208,1.3,0.0,14.8
3814203484,0.3,0.0,4.3
1397785374,3.7,0.0,14.0
3863815865,7.8,0.1,14.5
3927554291,8.8,0.1,23.8
3782408327,8.8,0.3,35.8
504044262,8.1,0.1,15.2
3891645495,11.3,0.0,39.5
1554048326,10.3,0.0,32.5
86062381,10.7,0.0,35.2
1811514368,9.4,0.0,24.1
1723593032,10.9,0.0,25.7
1448413062,12.3,0.0,33.6
2922685827,10.9,0.0,32.7
527135445,9.6,0.0,31.1
1584314319,11.1,0.0,30.6
3171677357,8.3,0.1,10.5
1852569813,7.4,0.4,11.5
3602494916,8.4,0.1,7.6
3423461073,8.7,0.6,11.0
331989432,9.5,0.4,17.4
532020251,7.4,0.0,7.8
1286787716,8.4,0.0,16.3
4264821098,6.3,0.0,28.0
827417352,5.9,0.0,28.2
2974525322,7.7,0.3,25.9
1205149971,7.0,0.1,27.8
1002904486,5.5,0.1,20.8
1520231961,10.9,0.0,19.7
1165475852,10.6,0.0,17.6
2338694007,11.3,0.0,27.4
3847058569,10.9,0.0,24.5
1784468814,11.1,0.0,18.2
139988173,11.3,0.1,16.1
368433746,11.2,0.0,17.8
477746406,11.2,0.0,26.4
1182435239,11.9,0.0,15.3
66910802,10.4,0.1,18.4
2741497963,9.3,0.0,30.1
537313110,11.4,0.1,26.0
4059821379,9.5,0.0,30.7
1550352234,9.5,0.0,31.2
200579621,9.2,0.1,29.5
1990943568,8.0,0.0,30.9
1066482898,9.8,0.0,31.4
2093869910,11.2,0.0,27.4
2641031396,11.0,0.0,29.5
3607194439,10.9,0.1,28.8
210010208,10.9,0.0,26.2
2355160935,9.6,0.0,30.6
2076905204,9.1,0.0,23.1
539888111,11.4,0.0,31.8
4129082374,7.5,0.0,8.7
2011188787,8.7,0.0,9.1
131499790,8.7,0.0,2.3
3273665039,7.8,0.0,6.6
3479246393,6.8,0.0,11.6
262827764,6.7,0.0,13.0
2800154944,7.5,0.0,9.1
4136889376,9.0,0.0,5.9
2389315153,8.0,0.0,6.8
584321078,7.4,0.0,5.8
3613508800,7.4,0.0,5.8
1730849647,8.1,0.0,12.2
3195649716,10.6,0.1,25.7
775636933,6.5,0.2,17.0
1394392316,8.6,0.0,27.0
1969390376,7.0,0.0,18.6
3179272894,6.5,0.0,27.9
794595914,8.0,0.0,28.2
3808663270,7.5,0.7,19.2
1331945130,10.0,0.3,22.8
102977399,7.1,0.7,25.3
1474215141,7.5,0.0,29.5
2561337924,8.6,0.0,17.9
307745059,6.5,0.2,17.0
3489245864,6.4,0.0,13.2
4265318006,5.9,0.0,12.5
2083142994,7.9,0.6,17.7
528658375,6.7,0.0,14.7
1120942798,6.6,0.0,13.1
3027471611,6.7,0.0,14.3
3402082678,7.3,0.0,21.4
635648176,10.5,0.6,33.5
2229990627,8.7,0.0,16.8
3962320868,6.3,0.0,11.8
4061079903,8.1,1.5,18.7
3779668138,6.7,0.0,12.7
635023125,6.1,0.0,11.5
1837925416,6.2,0.0,10.0
593148752,5.8,0.0,10.2
1817506401,3.8,0.0,4.2
698754536,6.5,0.0,16.3
3031112268,3.7,0.0,9.4
614747856,7.5,0.0,14.8
2264750954,6.9,0.0,15.9
1037975207,3.3,0.0,8.0
1451739898,5.8,0.0,10.2
3545561145,5.3,0.0,10.9
1097121056,5.7,0.0,15.7
353709015,5.0,0.0,26.2
354983327,7.1,0.0,26.6
902914027,4.9,0.1,27.4
1167743128,5.7,0.0,24.6
2623521905,6.4,0.0,32.7
2529782371,5.2,0.0,26.7
623624419,7.5,0.1,32.0
3428354980,5.0,0.0,21.9
2997409854,5.4,0.2,31.3
3726427686,4.7,0.1,27.3
1810856000,11.2,0.1,47.6
3461578216,8.9,0.0,35.8
1181112898,8.5,0.0,44.0
3812768367,8.5,0.0,18.7
2345331266,9.7,0.0,22.5
1451578947,10.8,0.0,13.7
1707958156,7.0,0.0,19.4
2231491424,6.8,0.0,19.9
2271581636,8.2,0.0,36.7
532125110,10.5,0.0,31.7
3449817333,7.8,0.0,22.3
4095454836,9.3,0.0,23.1
2923455860,10.7,0.0,23.0
29070499,12.8,0.1,25.9
1612863813,9.3,0.0,19.2
2280193419,10.1,0.0,9.7
2919919801,9.9,0.3,11.0
3759042022,9.9,0.1,20.5
3988291877,12.0,0.0,20.9
3402421497,12.4,0.0,25.4
1487751502,12.1,0.0,25.9
1053128817,6.7,0.1,8.2
2220140114,9.7,0.1,11.5
3977711171,7.2,0.0,11.7
4098246015,10.6,0.0,21.7
3662376783,9.9,0.1,9.8
834905644,6.3,0.0,8.1
755266670,9.1,0.0,1.6
2756485278,10.8,0.4,10.9
1612844498,10.6,0.0,14.9
733185988,8.7,0.0,5.5
3608871341,9.8,0.2,9.6
2531411665,8.3,0.0,17.6
2273807942,7.2,2.3,10.8
307889788,7.3,1.6,15.3
4123971862,8.4,0.1,21.6
58073296,8.1,0.1,18.4
1193870558,9.4,1.7,11.3
463285128,10.3,0.1,27.0
358782067,7.2,2.3,10.8
2859187505,12.2,0.0,21.4
169247537,11.5,0.3,26.1
739153524,12.1,0.1,16.4
2438192516,12.6,0.1,19.1
4024581908,13.6,0.0,23.8
2302921760,11.5,0.0,22.6
3603410458,11.8,0.1,26.9
1795043832,12.2,0.0,22.4
1920250974,12.0,0.0,24.8
3382947061,13.2,0.0,19.2
1721664794,12.7,0.0,22.8
1283107756,12.9,0.0,20.8
2899297256,11.4,0.0,19.3
4015666454,13.5,0.0,21.1
1547331987,12.1,0.0,21.4
2144148826,12.2,0.0,22.4
528372530,11.6,0.1,20.9
982251004,11.9,0.1,23.3
2766693544,11.6,0.0,27.5
1745841805,11.0,0.2,28.7
2928425324,11.4,0.0,26.0
1698645709,6.6,0.2,16.3
2703719899,6.3,0.0,22.4
387947161,8.4,0.0,6.3
1053098666,6.1,0.1,11.8
3695845673,7.4,0.1,6.6
831242284,8.0,0.1,8.7
3640772500,8.1,0.0,11.2
2509926623,8.0,0.2,6.5
1453957782,8.3,0.1,7.1
1554083820,7.8,0.1,7.9
2924495161,8.2,0.0,6.2
2950657608,7.5,0.1,4.3
2817418626,6.4,0.0,23.3
2712064292,5.1,0.3,15.5
2962616225,4.6,0.8,14.6
3137059002,3.4,0.0,15.5
4003911166,5.7,0.2,21.0
649309681,8.0,0.1,20.3
3026791161,8.3,0.4,29.8
3131419137,7.0,0.1,24.9
1120929835,5.0,1.1,15.3
868941564,6.1,0.4,15.3
4133702776,5.2,0.1,14.0
1799490778,6.7,0.0,17.4
3600457251,9.6,0.0,6.1
1315706045,9.9,0.0,9.5
3025879997,9.2,0.1,6.1
700012523,9.0,0.0,3.3
1202789952,9.1,0.0,5.4
959320697,9.1,0.1,12.2
3269784963,8.0,0.1,5.5
2871040167,10.4,0.0,10.5
1511681213,8.7,0.0,13.7
1230719837,9.9,0.0,7.2
3048947186,10.5,0.0,6.2
3461832415,7.4,0.1,25.6
507117267,10.6,2.8,18.0
1136781021,7.2,0.0,30.4
2657135260,9.3,0.0,23.5
1151148329,12.5,0.0,24.5
1327361726,10.7,0.0,21.0
1821595979,9.1,0.0,30.8
1193583911,12.5,0.0,24.5
3599128290,10.8,0.0,20.5
4195580566,11.6,0.0,23.0
3174198157,6.4,0.9,20.6
3084669847,11.4,0.0,7.3
788132925,12.9,0.1,22.2
3108857995,10.5,0.1,23.9
468700388,9.4,0.0,14.7
3608262663,10.4,0.0,10.9
1073186540,10.6,0.0,14.5
4033187798,11.6,1.2,23.3
332476827,10.5,0.0,19.1
3297579562,8.7,0.0,18.3
1432788713,9.5,0.0,15.6
1815112860,9.4,0.0,14.7
3219831277,13.5,1.2,16.3
2642343193,11.4,0.4,31.8
3817549077,12.9,0.0,31.1
1416766949,11.7,0.5,28.3
528173768,12.1,0.0,23.4
1298902075,13.1,0.0,28.8
3329872971,12.9,0.0,27.1
2135533736,12.9,0.0,19.4
4142096998,12.9,0.0,31.1
1400151221,12.1,0.1,26.4
1968739503,11.7,0.2,34.5
2444506540,11.2,0.1,22.9
3076075435,12.3,0.3,29.8
3888960465,12.2,0.1,11.8
2874448449,12.5,0.1,10.9
513738187,12.8,0.2,10.7
129298934,6.5,4.2,5.5
3881400670,11.3,0.0,21.3
2763613494,9.2,0.0,4.4
416535353,10.7,0.2,12.7
4010291145,7.5,0.5,17.9
1156000390,11.6,0.1,11.8
1961862690,12.5,0.1,10.9
3088404993,12.5,0.1,21.3
711718717,7.7,0.1,4.2
4023792315,15.9,0.1,33.3
3683298780,19.5,0.0,31.6
4043410638,15.7,0.0,42.1
3035018859,15.7,0.1,32.6
316871562,16.4,0.0,38.7
2389634898,16.5,0.0,36.9
3108656610,16.9,0.0,39.3
943968397,17.7,0.1,45.0
2032020181,17.8,0.0,36.1
1543981038,15.6,0.3,38.8
1057586549,17.5,0.0,42.5
186627485,17.1,0.0,33.2
1522850117,11.7,0.0,35.0
3947048636,11.2,0.0,35.0
670638939,8.9,0.1,39.7
14006315,8.6,0.5,36.2
2142142546,11.9,0.0,33.7
2452818536,8.6,0.3,37.9
3452932433,10.4,0.2,31.3
2496761368,10.9,0.4,31.1
2651407554,11.3,0.1,29.2
301475263,12.5,0.1,23.7
2392157433,11.8,0.5,22.8
1990881423,10.4,0.2,31.3
3862326827,14.1,0.0,17.6
2814492682,13.5,0.0,32.6
759217668,14.6,0.0,27.4
300604238,14.0,0.0,21.0
68495831,15.3,0.0,33.5
2512033331,19.7,0.0,22.5
1072093697,18.7,0.0,23.4
3686321877,13.1,0.2,34.1
11344619,15.1,0.0,33.2
1862955750,15.1,0.0,18.2
83568148,11.2,0.1,24.7
3907219877,14.6,0.0,27.4
3874068389,13.5,0.0,21.4
31481475,9.4,0.0,19.1
448616260,12.1,0.0,13.3
4154623675,10.3,0.1,10.6
1494650481,7.9,0.0,25.2
819201457,9.5,0.0,12.6
3453656142,10.0,0.0,14.5
944028356,7.2,0.0,14.9
130196104,9.1,0.0,19.8
70390545,10.2,0.1,21.6
3713159215,9.2,0.0,11.1
366106697,8.0,0.5,8.4
2821396923,8.3,0.0,21.6
743926345,8.2,0.0,14.1
400100450,11.4,0.0,5.4
2053064785,8.9,0.5,15.6
446576559,8.4,0.0,17.8
3546709205,8.7,0.0,23.0
1301880698,9.1,0.0,16.4
2167625720,11.9,0.0,14.7
441937542,9.5,0.0,16.8
1735724288,9.5,0.0,16.6
2408632927,13.0,0.0,11.2
898837843,10.6,0.1,15.1
1605066909,9.8,0.1,21.4
2632248822,13.0,0.0,31.4
4214674115,16.8,0.0,26.6
2503670220,15.2,0.0,13.6
1010052822,15.5,0.0,13.4
3390095670,14.4,0.0,14.6
869736738,12.9,0.0,13.4
2315204483,15.3,0.0,15.8
1334338294,13.9,0.0,19.7
1987826004,14.5,0.0,16.0
1114048981,14.0,0.0,18.0
2541887633,13.0,0.0,14.8
832917143,15.4,0.0,18.5
872209602,14.8,0.0,1.1
327700430,15.2,0.0,13.6
854023840,16.9,0.0,34.9
1065738189,18.4,0.0,32.3
232729901,21.0,0.0,21.3
2064577973,22.2,0.4,25.2
1291104156,20.7,0.1,20.5
1467329738,21.8,0.0,23.5
4262446678,22.5,0.0,24.0
3098775284,21.1,0.0,21.5
4102884899,22.5,0.0,24.0
1004293738,19.3,0.2,12.6
3300117632,24.3,0.0,11.5
3137279328,30.7,0.0,18.0
3900850555,20.8,0.0,10.7
2388856390,18.9,0.0,15.5
1755042390,21.1,0.0,8.3
1477728859,18.5,0.0,12.6
3056702658,17.9,0.0,14.1
1688378790,17.1,0.0,19.8
2893998194,21.7,0.0,10.2
742373392,17.1,0.0,14.5
3289939419,19.0,0.0,16.1
1737629560,16.2,0.1,16.8
466789226,21.3,0.0,6.2
17148067,19.1,0.0,25.2
2729827998,17.7,0.0,26.7
1992543584,16.9,0.2,22.8
408373433,15.4,0.8,14.9
393857722,15.9,3.1,13.4
841385512,14.8,0.0,25.3
2193341101,18.3,0.0,21.2
2670443701,15.3,1.4,8.8
3586610742,15.5,0.0,22.7
3296320432,15.1,0.6,18.6
2990997433,17.9,0.1,19.6
2147332958,15.8,0.4,11.3
3367454377,15.5,0.1,30.1
1483149105,20.2,0.0,9.6
2298411663,17.8,0.0,18.8
3516498367,20.5,0.0,23.3
3478635300,19.5,0.0,20.1
3177707913,19.8,0.0,22.6
745354026,18.1,0.0,18.1
2498311903,20.8,0.0,26.5
2667598975,19.3,0.0,19.6
4042478593,20.5,0.0,25.7
1000006868,20.0,0.0,25.6
1431151605,19.0,0.0,19.6
3637562557,21.2,0.0,16.8
1897216210,15.3,0.0,15.3
2942832758,17.4,0.0,23.0
3217184203,18.6,0.0,13.7
2376675649,17.6,0.0,14.5
370286697,15.9,0.0,23.5
2996318321,17.8,0.0,21.3
621188622,19.1,0.0,28.8
495589088,15.7,0.0,13.7
4209693635,18.3,0.0,21.8
3937823320,16.2,0.0,16.8
2678510376,17.3,0.0,14.9
2216657357,18.1,0.0,19.5
1005446731,17.7,0.7,26.2
923040231,22.1,0.0,13.1
1864684390,22.9,0.0,14.8
1679309106,15.4,0.1,18.4
1988462209,19.4,0.0,14.7
2617680668,18.7,0.0,23.5
724998002,18.9,0.2,17.0
1727955906,21.4,0.2,11.5
3412612992,20.8,1.1,13.2
3514919093,20.5,0.1,18.0
2084511194,20.5,0.3,13.0
1593251565,15.5,1.6,21.1
1977480895,14.2,0.0,27.8
1668473887,10.2,0.0,17.1
749575045,12.4,0.0,15.4
2669520718,12.7,0.0,15.2
3261949201,13.0,0.0,15.9
3251716726,12.2,0.0,17.3
1047578908,12.4,0.0,12.8
1515414845,13.4,0.0,12.6
3296303295,13.3,0.0,10.1
668941454,13.8,0.0,10.4
711622317,12.7,0.0,11.8
3197402252,13.2,0.1,43.2
1970272568,12.2,0.1,24.1
1730801487,16.0,0.0,13.0
639397478,11.8,1.8,29.4
2179556042,11.3,2.4,23.9
3535937838,13.6,2.2,5.0
3972665,12.7,0.8,23.6
1127562657,12.7,0.4,30.8
3521687241,11.6,0.9,26.7
2251867288,15.0,0.0,22.0
716420240,13.6,0.0,23.6
2595477298,13.8,0.0,25.6
1025426994,14.3,0.2,23.7
3838574639,14.2,0.0,24.5
464534147,14.6,0.0,24.4
1145804324,15.3,0.0,18.1
4219591076,15.5,0.0,25.0
2202945063,15.9,0.0,22.9
2978844332,15.8,0.0,22.1
3971476837,15.1,0.0,31.5
1148070285,15.4,0.0,24.0
2903565427,15.9,0.0,34.5
1575466038,15.9,0.0,17.9
1212405995,15.5,0.0,23.1
482460264,15.2,0.1,19.7
1533074970,14.9,0.0,20.3
850991320,14.9,0.0,17.1
1144286509,14.8,0.0,12.2
1811407645,15.9,0.0,12.5
3440775614,14.3,0.0,14.0
1337826812,13.0,0.2,16.4
2366268252,15.3,0.0,9.8
1827763674,16.4,0.0,12.4
2960402769,16.4,0.0,12.4
3465866469,15.1,0.0,12.5
3523972631,14.5,0.0,11.3
1172369387,15.6,1.1,28.7
361606265,15.2,0.0,13.9
2129102383,13.6,0.0,19.3
1245659338,15.3,0.0,12.9
3155580852,13.5,0.0,16.1
2009738217,14.2,0.0,15.7
149477140,13.8,0.0,11.2
1901816928,15.3,0.1,19.8
2516848640,12.6,0.1,18.8
2374404407,13.3,0.1,22.5
360016136,14.7,0.0,15.4
3722249188,16.2,0.0,14.3
3961431250,13.2,0.0,21.0
3679727270,15.7,0.0,14.0
3043873843,15.1,0.0,7.8
428370500,13.6,0.0,7.5
3155578914,13.5,0.0,4.1
3299032443,13.0,0.0,16.7
2620382848,13.9,0.0,9.5
3643361017,14.7,0.0,14.2
101063459,14.0,0.0,12.4
3073663310,14.1,0.0,19.1
3137960364,14.2,0.0,8.7
1780265357,13.6,0.0,9.3
776631043,12.4,0.0,7.7
2827245252,11.5,0.0,14.8
1166971961,11.7,0.0,11.4
3617322578,12.9,0.0,9.6
3928763167,11.8,0.0,11.9
1010658587,13.0,0.0,9.0
3100624948,13.1,0.0,9.7
1332746841,12.2,0.0,11.5
1347221107,12.1,0.0,14.8
4026024351,13.1,0.0,12.7
4206881079,14.4,0.1,12.2
1061832437,12.4,0.1,9.7
3503042079,13.1,0.0,12.1
490999939,12.2,0.0,4.8
832683737,10.0,0.0,0.9
750470790,11.7,0.0,3.8
3914856736,11.7,0.0,6.8
3081475377,14.2,0.0,12.8
2066256832,12.8,0.0,12.3
3903290998,12.4,0.0,11.3
3800031382,12.1,0.0,3.5
3578913986,11.3,0.0,5.9
3624069048,10.1,0.0,6.0
1234770070,14.3,0.0,13.9
3464818432,11.4,0.0,13.2
4079082804,9.5,0.0,12.1
2166846126,9.4,0.0,5.9
1602274448,9.6,0.1,2.1
1546420128,6.9,0.1,5.6
1836385582,7.9,0.0,4.8
1482286622,8.1,0.0,7.3
497022465,9.6,0.0,2.6
1920709943,9.5,0.0,9.1
1876388851,9.5,0.2,9.0
2589391652,12.5,0.0,11.9
1762763222,10.0,0.0,10.2
1335899315,10.9,0.1,15.0
2127401739,7.0,0.0,14.2
4266602527,12.9,1.4,35.8
2322236586,12.5,0.5,37.1
3870552598,10.8,1.7,38.4
1771198954,10.1,0.3,37.9
3228592121,11.0,1.9,26.9
3073911095,11.5,1.6,33.7
1426586496,11.6,1.2,21.7
1723723172,11.0,1.9,26.9
2988470364,12.4,0.5,36.5
4000341016,11.3,0.8,29.0
3482945870,6.7,0.1,14.5
2269000030,7.8,0.0,14.3
3073445896,8.3,0.0,12.0
4217664961,7.6,0.0,9.6
4112347000,7.1,0.0,8.6
2314813804,8.7,0.0,6.1
1863998418,6.5,0.0,8.2
4015545343,7.2,0.0,7.0
732786479,5.3,0.0,13.9
2054780830,5.0,0.0,13.1
3959051069,6.1,0.0,11.3
1127385172,8.0,0.0,17.9
4147794734,13.0,0.0,17.7
586755521,13.9,0.0,12.6
626512363,13.3,0.0,11.2
2204537396,12.0,0.0,17.5
2058716526,14.0,0.0,17.2
2916736535,13.6,0.0,14.2
2871356960,12.2,0.0,15.1
3548654417,13.8,0.0,14.6
2300989352,12.8,0.0,17.3
489432411,13.7,0.4,20.7
705350241,13.3,0.0,14.6
1704602502,6.9,0.0,15.0
1806530446,6.5,0.1,35.6
2352966763,6.8,0.1,34.8
3183192509,7.1,1.7,49.6
745869587,8.0,0.9,28.9
1593354565,5.5,0.0,35.5
1672669212,6.7,0.0,25.0
474937847,8.0,0.0,40.0
4123522073,6.7,0.0,25.0
601824323,5.5,0.5,26.6
4074751627,5.2,0.0,19.1
1984454378,6.0,0.0,21.4
3199108968,7.9,0.0,20.5
2835922812,7.3,0.0,24.1
95769913,6.0,0.0,14.0
548536745,6.9,0.0,9.9
3147856805,5.6,0.0,12.7
2879743853,6.4,0.0,16.8
21686609,7.0,0.0,8.9
1100264797,6.7,0.0,11.1
812594,6.7,0.0,11.1
1872572975,5.3,0.0,12.1
2887385656,5.8,0.0,2.7
4218340104,7.4,0.0,12.1
1546331965,6.7,0.0,16.2
3370065080,7.3,0.0,14.4
1734313949,5.5,0.0,17.1
771666863,6.6,0.0,15.9
2115199733,7.2,0.0,17.7
3941574006,6.8,0.0,13.9
1705053307,5.9,0.1,19.7
3918834909,8.0,0.0,16.0
1711747268,11.4,0.0,15.8
2497808534,11.9,0.0,24.3
3406917867,7.0,0.0,21.3
2369640817,10.6,0.0,27.6
743119311,12.2,0.1,33.7
2385185614,9.8,0.0,35.3
3298682588,8.3,0.1,37.8
1900511829,12.3,0.0,42.0
2803615045,9.0,0.0,38.5
2394720204,11.9,0.0,23.3
1951848359,12.4,0.6,34.2
3673798869,11.9,0.0,23.3
3104050081,8.9,0.0,35.2
2082553247,4.0,0.1,28.7
4020795327,6.5,0.0,4.5
3460390236,7.3,0.0,1.7
38194337,6.4,0.0,4.1
2688230697,8.9,0.0,8.5
3877984667,7.0,0.0,7.2
3338677651,7.0,0.0,2.9
2289543565,7.7,0.0,7.3
52963767,6.5,0.0,4.8
873379238,8.5,0.0,7.3
1934056235,6.7,0.0,3.1
99028661,6.9,0.0,5.3
3146953135,6.1,0.0,3.6
554975312,7.5,0.0,19.3
1327047999,9.3,0.1,21.5
2520525361,8.7,0.0,14.4
2951420885,7.9,0.0,23.0
2673183196,8.7,0.0,12.1
3114176874,8.4,0.0,14.1
3304256247,7.7,0.0,13.4
645762414,8.2,0.0,16.6
2673551238,9.8,0.0,12.6
2758714176,5.8,0.0,13.0
713941467,8.3,0.0,18.0
4252577619,9.9,0.0,26.1
283110579,6.8,2.1,20.0
1337485597,6.0,1.3,17.8
360572635,6.0,1.3,17.8
1092517437,5.3,0.9,25.3
916181329,7.4,0.3,25.1
3291922307,6.8,0.1,21.4
78221524,4.5,1.6,22.7
3951375867,6.8,2.5,22.6
3445588697,6.6,0.1,23.4
3894534359,6.4,0.1,19.1
3929795644,7.4,0.0,25.3
831367000,5.2,1.2,32.9
762789037,1.1,0.0,9.3
4104451556,0.9,0.0,9.2
1045738097,2.6,0.0,17.7
1457831949,2.3,0.0,13.0
656805910,2.0,0.0,8.4
3018561665,2.4,0.0,12.2
4170510013,2.6,0.0,9.7
3396491077,1.9,0.0,11.9
2032133652,2.1,0.0,7.9
2551128936,2.2,0.0,7.6
2222113007,3.4,0.9,22.7
2367285147,5.7,0.0,20.9
3109641062,10.8,0.0,17.3
3366639164,11.2,0.0,7.3
1420372815,8.0,0.0,4.6
1015945484,6.2,0.0,12.0
3248980567,4.4,0.0,5.9
3043382219,2.8,0.0,4.7
1770383464,6.3,0.0,8.7
3499621513,2.3,0.0,3.7
540062609,2.2,0.0,6.6
112618436,2.8,0.0,3.8
224796704,2.8,0.0,2.1
190840663,4.0,0.0,7.3
2395270448,3.1,0.0,8.0
1620941819,1.9,0.0,3.6
367611507,1.5,0.0,9.8
4141902965,4.2,0.5,12.8
4001523958,6.0,0.0,13.5
1909416986,5.7,0.0,14.4
3389937148,7.3,0.0,15.2
147949892,5.2,0.0,11.6
2250898314,6.2,0.0,12.6
3669449791,4.4,0.0,9.2
1537729928,4.9,0.0,6.3
2519843015,5.1,0.0,8.6
3394526864,5.2,0.0,11.4
3500825442,5.1,0.0,7.1
2239438744,7.9,0.0,9.1
1983876024,8.3,0.0,32.8
2566523792,5.8,0.0,9.3
3044352699,6.4,0.0,12.5
3678636695,5.8,0.0,13.8
3841127613,6.7,0.0,9.8
196066584,7.5,0.0,10.9
1094719329,5.9,0.0,12.1
2600139964,6.3,0.0,16.6
2187871714,6.4,0.0,4.5
4184898292,6.0,0.0,15.2
232776948,5.7,0.0,11.1
4172105883,6.8,0.0,22.0
666506616,9.5,0.0,28.6
1390675148,6.1,0.1,5.8
3080740341,6.8,0.1,12.0
811867606,8.9,0.0,14.1
1821365318,5.9,0.0,12.5
3298087112,5.7,0.0,13.3
602190517,6.4,0.0,16.2
2306447640,6.3,0.0,14.6
3471865545,6.2,0.0,10.6
1555633173,6.8,0.0,15.9
2586173514,5.9,0.0,15.7
2525452653,7.8,0.0,15.5
1119995152,9.5,0.0,21.2
455564330,8.6,0.6,28.5
1219350103,9.5,0.0,20.4
4064633842,7.5,0.0,9.4
750621462,4.7,0.1,8.7
3551619429,2.9,0.1,10.9
3635111288,6.2,0.0,12.5
967724444,4.3,0.2,9.7
4123170016,6.3,0.2,17.8
75450499,4.3,0.0,11.6
2812960922,4.5,0.0,15.7
1249905229,5.6,0.0,7.0
604119470,4.4,0.0,8.2
3852730047,5.2,0.0,14.8
1602524704,5.1,0.0,14.0
411241346,5.5,0.0,19.9
2979203237,6.9,0.0,16.6
3539951419,5.0,0.2,17.6
2710564746,6.0,0.0,13.9
955628953,5.3,0.1,14.5
3486135952,5.0,0.0,11.7
1860817781,4.8,0.0,10.8
1919772293,6.9,0.0,11.5
871091972,4.9,0.5,11.2
2626115562,5.1,0.1,9.4
2667203131,3.7,0.1,10.0
3637444360,3.0,1.0,11.2
3324045298,3.4,0.7,13.0
422505541,4.1,0.0,2.9
908079946,5.6,0.0,7.8
950639352,3.1,0.1,10.5
4247557616,3.3,0.0,11.4
2509198621,3.4,0.0,16.0
3153475508,6.1,0.0,17.6
1232447073,5.7,0.0,13.7
951777775,12.6,0.5,36.6
2409450241,13.1,0.3,41.5
3048359278,12.5,0.0,19.2
2505082540,12.2,0.1,15.4
28446548,12.3,0.0,16.5
3427093420,12.0,0.1,18.0
4245399206,12.3,0.0,14.0
2502415222,12.3,0.0,17.3
3548154899,11.8,0.2,18.3
354990451,11.8,0.0,15.3
3594955986,10.5,0.0,23.1
4179895540,11.1,0.0,16.1
716512866,10.2,0.0,20.2
232848667,8.5,0.1,17.2
1306303805,9.1,0.0,0.6
2323311484,8.0,0.0,10.5
2494748704,9.4,0.0,9.4
3658296934,8.9,0.0,4.6
3772024551,8.3,0.0,5.9
1038502627,10.0,0.0,12.0
2405575871,8.6,0.0,5.7
1218996040,8.6,0.0,4.3
3039363445,10.7,0.0,6.8
3900556686,11.8,0.0,20.9
237576554,10.6,0.0,4.6
684976782,9.2,0.0,19.2
3148616877,15.9,0.0,15.9
4013230600,15.7,0.0,13.9
1701801358,15.5,0.0,13.5
3793457763,14.9,0.0,18.6
4245844036,15.4,0.0,16.2
3570218109,15.8,0.0,15.2
1159583067,13.0,0.0,22.1
1090100803,15.6,0.0,11.5
2549683484,12.1,0.0,11.1
3169122751,15.1,0.0,20.5
2204676691,15.3,0.0,12.9
1661531150,14.0,0.0,16.9
3384955848,6.5,0.0,11.3
2915531939,8.9,0.0,15.8
887292331,7.8,0.0,15.6
2718457244,7.4,0.1,14.7
101643520,6.9,0.1,19.8
2020501238,7.5,0.0,16.6
1534037220,6.3,0.0,13.7
2985638827,6.3,0.1,20.5
1702058283,6.4,0.1,21.1
2623505829,7.5,0.1,13.4
2661844175,6.8,0.0,10.4
1913244699,6.4,0.0,18.5
3233599963,7.3,0.2,14.0
3498395265,7.4,0.0,18.1
1109491811,7.4,0.0,18.1
1817857333,6.9,0.1,8.6
4280903217,7.2,0.1,15.7
1722060741,6.1,0.0,18.4
3484677534,7.7,0.0,18.1
3515771536,7.8,0.0,15.3
2172512284,7.7,0.1,9.1
2095661206,8.3,0.0,12.8
2171315643,6.8,0.1,14.4
1066859036,8.2,0.0,12.9
2040259160,9.9,0.0,22.0
2974362213,11.9,0.0,23.1
2292798573,12.3,0.0,17.8
311688111,9.9,0.0,28.0
1251392879,12.1,0.0,22.1
2344557366,10.0,0.0,23.7
2655216508,10.3,0.0,28.6
1612537409,12.3,0.0,14.9
3045422238,10.3,0.0,22.8
2195649538,11.2,0.0,23.9
3990516761,10.1,0.0,27.0
3445325172,13.9,0.0,23.2
142756342,15.2,0.0,25.5
1155418166,14.3,0.0,21.8
2025901224,14.9,0.0,21.4
2718454672,15.4,0.0,20.0
1804045973,16.5,0.0,20.9
2425271750,17.6,0.0,17.9
2448595119,15.7,0.0,22.3
981192251,16.9,0.0,30.0
2717701805,13.8,0.0,20.8
435589105,17.6,0.0,17.9
1896798684,12.4,0.0,16.9
3846288205,17.9,0.0,23.0
3575623121,13.8,0.0,5.6
2760219857,14.2,0.0,9.7
920031434,13.7,0.0,3.6
3380633602,12.1,0.0,12.6
1242100869,15.9,0.0,6.5
395187310,13.3,0.0,4.1
1537613312,13.6,0.0,7.4
2959334463,15.0,0.0,9.1
2001786435,13.7,0.0,4.0
310235124,12.6,0.0,14.4
1896983943,15.8,0.0,5.4
2327275666,13.1,0.0,11.0
2770328511,16.9,0.0,7.7
2210778288,19.3,0.0,12.4
1682004830,15.5,0.1,1.6
2840885694,18.7,0.0,9.5
2779079923,19.5,0.0,11.6
1862560822,22.2,0.0,11.6
84473904,15.5,0.0,12.9
1919812149,22.2,0.0,11.6
3500744948,20.2,0.0,12.8
2022344132,19.5,0.0,15.7
3283871783,19.6,0.0,11.8
2051840777,14.5,0.0,22.0
2867295401,14.4,0.0,13.6
3187042613,11.6,0.3,12.4
193698402,10.6,0.7,26.5
704112353,14.7,0.0,19.7
262668315,14.4,0.0,18.7
2043158121,14.1,0.0,20.7
394750895,12.8,0.5,16.2
1295149429,12.2,0.3,17.0
1652416582,10.4,1.3,33.9
3725754232,15.9,0.0,22.3
1096464899,15.4,0.0,22.4
263812637,14.6,0.0,24.8
2138856517,13.7,0.0,21.5
825915149,12.2,0.3,7.7
582816179,10.5,0.4,9.7
2840009842,12.2,0.1,10.9
2493906429,16.1,0.1,7.3
1778704911,13.8,0.1,15.3
4277163326,12.5,0.2,12.7
1987478212,16.1,0.1,7.3
902658133,10.4,0.6,9.6
830944505,12.7,0.0,10.7
2970154892,11.8,0.1,7.8
3268063222,10.2,0.6,7.7
2018174099,13.8,0.0,10.9
360135213,14.7,0.2,6.8
2542869432,17.0,0.0,9.0
1473550872,13.0,0.1,12.8
1634086407,15.7,0.0,7.6
2127615642,14.6,0.0,10.0
1853515070,15.9,0.0,14.8
751377752,17.0,0.0,9.0
2267493367,16.0,0.1,5.3
2879769745,15.4,0.0,12.5
2848349661,16.4,0.0,10.5
1625636718,19.1,0.0,5.2
2929530883,18.6,0.0,22.6
1529737234,14.0,0.0,13.7
710793385,14.5,0.0,17.0
824046939,14.9,0.1,17.0
3178629192,14.0,0.0,22.2
4027416246,18.5,2.0,8.9
2666453668,19.8,0.0,16.3
1901472851,15.0,0.0,15.3
1741564626,13.6,0.0,23.6
2862152957,18.0,0.3,18.7
3124763489,19.6,0.0,19.3
3214371476,14.5,0.0,16.4
592056429,22.7,0.0,13.8
3718521390,24.2,0.0,17.1
287766809,23.6,0.0,22.8
3693953326,25.4,0.0,14.5
3316217910,20.1,0.3,27.3
3283043002,23.7,0.0,19.3
3038378802,22.9,0.0,21.8
1287968227,24.2,0.0,17.1
2940860140,20.8,0.0,25.1
1587315753,22.9,0.0,20.4
3912786452,20.8,0.0,21.3
1441185004,25.4,0.0,8.4
1359985028,21.1,0.0,11.5
3686427006,21.8,0.0,18.6
996535561,21.7,0.0,12.8
2751914689,19.8,0.0,9.6
2628351486,24.1,0.0,17.9
1605987699,21.1,0.0,12.0
263072796,22.8,0.0,11.5
3506768573,20.1,0.0,8.5
2506398250,25.2,0.0,16.7
2341972334,20.6,0.1,14.4
3787413216,20.7,0.0,12.9
3697475783,19.1,0.0,11.7
2131886885,20.7,0.0,15.9
1458647374,21.8,0.0,1.9
833055689,19.0,0.0,5.1
3690094907,20.8,0.0,4.8
1616512541,20.6,0.0,1.9
1012919991,20.9,0.0,3.2
933784999,17.8,0.0,5.6
515054325,21.3,0.0,6.7
2575836808,20.2,0.0,3.2
4161502330,23.9,0.0,1.5
3073721172,20.6,0.0,1.9
2566503385,20.6,0.0,6.7
2347716747,18.0,0.6,14.4
1206804503,20.9,0.0,24.4
338895771,19.4,0.1,21.5
2501189743,18.7,0.0,29.3
3418478936,17.1,0.1,22.3
2187349461,17.8,0.4,27.7
3504976757,21.1,0.0,24.3
1831460236,19.4,0.1,21.5
3006224436,19.8,0.0,28.6
754678871,19.0,0.2,28.3
707831518,19.5,0.0,22.4
1469054110,19.0,0.0,23.1
1207387358,18.0,0.0,20.7
4205265607,17.2,0.2,17.7
4223112516,16.8,0.0,24.7
645010925,14.4,0.0,24.2
1567246214,15.3,0.0,16.2
1506425028,14.2,0.3,14.7
2632812657,14.8,0.0,16.6
811880070,14.7,1.3,20.7
1719822610,16.3,0.1,19.9
436065044,14.8,0.1,12.5
1291180691,14.7,0.0,20.5
915201556,16.7,0.4,22.8
2426984068,20.6,0.0,21.5
2599276979,17.1,0.5,19.1
4235552419,18.6,0.1,13.7
2543935990,20.2,0.0,17.2
1694283627,17.4,1.2,13.0
3696627378,13.7,1.5,13.0
337588512,21.0,0.0,20.4
1496063628,19.3,0.0,22.9
3299092328,15.8,0.2,5.1
1542889643,13.7,0.0,14.7
1950591985,15.7,0.0,14.9
3670199982,14.9,0.0,9.5
3443087500,15.4,0.1,20.0
800649591,16.4,0.1,21.8
2663183454,13.2,0.0,20.3
3914131284,17.4,0.0,14.2
1942594202,16.1,0.0,16.5
3760772565,16.2,0.0,19.0
2471770938,14.9,0.0,18.8
3546013113,14.9,0.0,17.4
867173527,16.0,0.0,16.7
3565602777,14.0,0.0,19.7
2446525950,16.5,0.0,17.1
152014370,17.3,0.0,10.1
3065570389,15.0,0.0,11.1
1973694267,16.6,0.0,7.9
2085141983,17.1,0.0,11.9
30008466,17.1,0.0,9.4
4045509920,17.0,0.0,12.6
475016898,16.5,0.0,10.6
3904129453,16.8,0.0,10.7
551658336,17.2,0.0,8.1
4024509106,14.3,0.0,7.2
1630495256,17.5,0.0,11.2
1194734261,17.2,0.0,8.1
3455979651,15.7,2.8,38.6
3964757792,11.2,3.4,27.4
155437566,13.5,0.0,31.0
3308314743,11.9,0.1,23.3
1152898776,12.6,0.0,36.0
2195307129,11.6,0.2,28.0
3300475225,14.1,0.0,30.2
2480829513,14.5,0.0,40.6
1262244146,13.0,0.1,30.1
2622573937,12.3,0.1,29.3
3612834162,12.7,0.0,37.8
426359026,15.3,0.0,28.7
755924418,11.8,0.0,3.9
4139144991,14.3,0.0,17.2
3709898003,14.5,0.0,10.3
3732031262,14.3,0.0,17.4
506789591,13.4,0.0,16.5
3322483047,14.5,0.0,10.3
2364706057,13.9,0.0,16.1
3715124676,13.4,0.1,11.8
4278929871,11.8,0.0,8.4
280495446,12.7,0.0,19.5
3582563665,13.4,0.0,16.5
1216919400,13.8,0.0,15.2
3953299511,10.9,0.2,20.0
1079299538,13.3,0.0,18.1
402600525,14.3,0.0,15.8
1868126271,15.2,0.1,20.0
762208606,15.1,0.0,15.6
4218517639,15.0,0.0,22.7
2391705153,12.8,0.1,21.2
2761927725,13.1,0.0,19.1
3538304488,13.6,0.0,11.1
3832297812,13.9,0.0,8.8
2306697219,11.9,0.1,8.3
1120123216,12.8,0.0,6.5
2433855589,10.3,0.0,11.0
530377820,9.6,0.0,24.0
884283434,10.5,0.0,21.7
1877275597,11.6,0.0,22.4
99586977,7.8,0.0,24.3
676376741,10.3,0.1,20.9
2151890236,9.3,0.0,24.8
906759638,9.0,0.0,22.2
220543919,9.0,0.0,23.4
3206914847,10.8,0.1,17.4
3726508340,8.8,0.0,19.2
3858614689,9.3,0.0,23.8
570957668,13.9,0.1,29.2
1364088267,12.8,0.0,18.5
4226593742,14.4,0.0,24.1
674363877,12.2,0.0,16.1
3604069803,12.2,0.0,16.1
805368324,14.8,0.0,17.9
3200485470,12.6,0.6,18.4
2284227767,14.8,0.0,17.9
2864862248,11.8,0.0,17.2
3532186541,13.3,0.1,22.9
1081974293,11.4,0.0,18.8
3006727535,14.0,0.0,19.8
1119807379,15.1,0.0,21.8
273720208,14.4,0.5,22.6
2197419553,15.4,0.0,13.7
1925168854,15.8,0.0,18.9
981523657,13.7,0.0,17.7
3425661599,15.6,0.0,22.2
2951322344,15.2,0.0,17.4
1000685134,15.5,0.0,22.4
15477296,16.5,0.0,22.4
2711167453,16.5,0.0,12.3
1070800219,15.7,0.0,15.7
1426773571,15.6,0.0,16.7
1910979472,14.3,0.0,14.0
1986759667,11.3,0.0,14.8
2866275966,14.3,0.0,13.3
1866251199,14.1,0.0,9.8
3464361097,14.6,0.0,13.6
2876193266,14.1,0.0,12.2
725058370,13.2,0.0,10.9
1632902080,14.5,0.0,10.4
2215845680,12.7,0.0,12.2
4228106012,13.1,0.0,13.7
3365692302,12.9,0.0,10.6
46724466,12.7,0.0,9.9
1980489847,4.0,0.0,7.9
553992460,9.0,2.4,24.4
1422978026,7.6,0.0,18.3
3707219123,7.5,2.3,15.7
364585254,7.5,1.0,14.3
2272277401,7.2,0.3,10.5
3340078087,7.2,0.1,23.7
4068651950,7.2,0.9,21.1
3002241068,8.1,0.4,28.2
4005819562,8.4,1.6,28.2
1125007502,7.6,0.0,18.3
1691985746,6.1,0.1,14.6
2013669704,7.3,0.0,12.0
458882993,7.0,0.0,12.6
1512697294,7.1,0.0,14.4
2872583491,4.9,0.0,13.1
1287837356,7.9,0.0,12.4
2724173466,6.2,0.0,17.4
3721376257,7.4,0.0,17.1
2428553993,4.1,0.0,21.3
2557540290,5.8,0.0,3.5
2558065574,4.9,0.0,13.3
740231457,6.9,0.0,20.1
2129542475,4.7,0.0,13.3
3078170721,11.9,0.0,28.1
1436158466,6.4,0.1,14.2
1007297208,9.1,0.0,18.4
3020567077,5.3,0.4,13.3
127488240,7.0,0.0,11.0
4148189728,6.1,0.2,11.1
1832110129,8.8,0.0,16.4
2302733381,10.2,0.3,29.6
45654789,5.1,0.3,12.4
1959770613,6.7,0.0,10.5
90312353,6.6,0.1,10.0
2812174038,11.8,0.8,28.2
793161334,7.2,0.0,13.2
2722487306,6.3,0.0,20.2
1731092308,10.8,0.0,21.8
2153391633,11.0,0.0,21.6
3948685600,10.5,0.2,29.4
3626082042,11.7,0.0,24.8
3057543119,9.8,0.1,18.8
4200878952,11.6,0.0,18.1
1667534124,10.5,0.0,14.8
1368456955,12.2,0.0,22.8
243613260,10.8,0.1,30.7
3711567799,12.7,0.1,32.2
325671005,14.4,0.1,21.3
74113632,14.4,0.0,32.0
3759810447,13.6,0.5,31.3
2328928897,14.7,0.1,36.7
995662266,13.4,1.1,43.0
748948977,13.7,0.2,27.2
2716886976,14.4,0.1,21.3
2903172598,11.4,0.0,23.1
2110257121,11.1,0.0,25.0
3454103250,12.5,0.0,21.3
278883667,11.4,0.0,26.3
1804796410,8.0,0.0,12.3
2793415047,8.8,0.0,13.7
3768515088,8.8,0.0,15.3
3521095508,7.9,0.0,18.7
3158651352,7.4,0.0,14.7
231870836,7.9,0.0,17.5
548903324,7.6,0.0,17.6
180274636,8.2,0.0,27.6
2441350593,9.1,0.0,5.2
854059394,8.0,0.0,4.7
4025589034,9.2,0.0,22.5
4118922879,10.1,0.6,19.6
1394814141,9.5,0.6,16.7
4074994362,6.2,0.0,16.4
1504578671,7.6,0.0,18.2
2386425970,9.5,0.0,14.4
2353916995,8.7,0.0,18.1
2061309248,9.1,0.0,9.8
1943831485,7.2,0.0,11.9
4261088312,6.9,0.0,10.2
931374291,8.7,0.0,14.5
2901726294,9.1,0.0,9.8
1662512500,6.7,0.0,12.3
379593981,8.3,0.0,11.3
3052974682,4.5,0.0,11.7
2974416760,5.8,0.0,15.6
974855487,5.3,0.0,12.1
4053143343,5.6,0.0,14.9
243365349,6.8,0.0,13.8
2832290470,5.5,0.0,18.6
1936758272,5.2,0.0,20.7
1516789716,6.2,0.0,21.7
2062982283,5.9,0.0,14.5
2586925340,5.0,0.0,10.8
3659262918,4.5,0.0,11.7
3809224484,3.9,0.0,7.3
187886426,5.4,0.0,13.2
4033732340,5.7,0.0,12.7
1145981674,5.5,0.0,6.7
1197589541,6.1,0.0,11.0
4011306471,7.1,0.0,12.3
2218450472,5.6,0.0,15.7
974410278,6.2,0.0,16.3
1894041068,5.2,0.0,9.6
1314827180,5.3,0.0,12.6
2841475172,5.0,0.0,12.4
1221720207,4.2,0.0,10.5
2911456679,5.0,0.0,12.4
1047648660,4.4,0.0,25.7
3259004924,6.5,0.0,15.5
3444526038,5.7,0.0,15.3
1291688854,5.4,0.0,22.7
481536725,4.3,0.0,22.5
305750477,5.3,0.0,24.8
1550355973,6.1,0.0,26.2
2440791165,5.7,0.0,15.3
2855353755,6.4,0.0,16.5
3566773641,6.8,0.1,19.1
1212957001,5.5,0.0,17.5
2436043915,5.2,0.0,22.1
3704983245,1.7,0.0,11.5
630650220,1.7,0.0,8.5
2371954454,1.7,0.0,13.6
1100570648,3.1,0.0,10.2
305001479,1.9,0.0,14.5
2332989556,0.8,0.0,14.9
2520898599,1.7,0.0,8.5
3220657147,0.6,0.0,21.4
3224000139,0.7,0.0,10.9
962275279,7.3,0.1,12.7
266512472,8.8,0.0,9.4
1163893442,9.1,0.0,8.1
2221369311,9.1,0.0,7.1
3892571182,9.9,0.0,5.1
4103229589,9.3,0.1,10.7
1525228090,8.6,0.0,12.9
2063960252,7.8,0.0,8.0
3862306783,9.7,0.1,10.5
3514887646,7.8,0.0,12.4
4068116824,6.8,0.0,15.2
3756307904,9.0,0.0,16.2
704586777,9.9,0.0,19.3
1785278002,9.2,0.0,27.2
429516784,8.5,0.0,23.9
690683741,9.6,0.0,31.6
1293331339,9.1,0.0,30.6
3176309095,9.0,0.0,21.7
2189567975,8.0,1.6,39.0
2160986092,8.8,0.0,27.8
223243025,7.7,0.0,37.3
4071594222,9.1,1.6,27.1
2875991137,8.5,0.5,24.9
310225587,8.2,0.3,31.0
3922255868,7.0,0.0,21.0
2475923800,7.7,0.0,20.4
330881336,9.0,0.0,16.6
4215212895,8.0,0.1,26.6
3857308299,6.5,0.0,27.2
3314868618,7.4,0.0,26.2
1951655418,7.6,0.0,18.8
4108055377,8.1,0.0,22.6
1069776332,9.0,0.0,16.6
210757374,7.7,0.0,17.6
2678269901,7.6,0.1,16.6
1958053559,3.9,0.0,6.6
1860748927,9.8,0.0,26.7
2111862321,8.3,0.0,16.9
1606991687,9.3,0.0,14.8
3805960375,7.9,0.2,18.8
3408998369,7.5,0.0,18.9
1626183096,9.2,0.0,13.6
3488494233,9.0,0.0,15.9
2766170880,9.4,0.0,9.8
2036608014,9.2,0.0,16.4
372242937,9.5,0.1,17.5
3124505066,9.4,0.0,9.8
1200444216,8.6,0.0,11.2
598882958,1.1,0.0,25.2
1915846053,2.2,0.0,20.2
2359518010,1.4,0.0,17.4
751424853,10.5,0.3,6.3
417543697,9.7,0.1,14.4
4044302931,9.6,0.1,27.6
2938656830,10.1,0.1,17.9
3869565816,9.6,0.7,13.9
1625691815,10.2,0.0,15.3
720627836,8.6,0.2,16.3
2180612770,8.9,0.9,20.5
1040781834,9.6,0.7,13.9
3088825551,8.4,0.4,14.6
2989344866,10.1,0.0,13.9
3323756574,9.1,0.1,11.6
1678046374,8.8,0.0,10.4
3204540199,11.1,0.0,14.2
1484875348,8.6,0.0,9.2
2858308912,11.8,1.0,15.2
3849220792,5.6,0.0,9.4
2776982357,6.2,0.0,8.7
125493276,5.4,0.0,9.7
126024288,5.5,0.0,6.7
4057346433,5.1,0.0,6.2
3426445345,7.6,0.1,23.3
3073714873,5.7,0.0,5.5
1286851269,6.1,0.0,8.4
759144730,7.8,0.3,18.0
3942799599,12.8,0.0,18.6
2962962712,12.2,0.0,14.7
893144643,10.8,0.8,22.8
582065063,12.9,0.1,19.6
1163364975,10.7,0.0,17.2
2801883044,12.6,0.0,13.8
2165782016,13.2,0.0,22.7
1866411442,13.3,0.0,19.1
1467467070,12.3,0.0,17.7
2573202800,12.4,0.0,20.2
3588504568,12.4,0.0,19.9
1084801674,11.9,0.0,21.7
101051397,14.5,0.0,21.8
2940574799,13.3,0.0,24.7
3734800253,13.5,0.0,15.8
1138345974,14.0,0.0,21.4
1059338800,13.4,0.0,20.4
1862016046,12.6,0.0,26.0
3922896410,13.9,0.0,18.6
1182356255,16.8,0.0,9.0
4157379439,16.8,0.0,17.4
893709682,13.5,0.0,18.6
1439347182,12.3,0.0,19.5
2154515443,12.1,1.3,14.3
4223701001,7.4,1.1,15.4
788671919,7.7,0.1,12.5
1460674915,10.8,0.0,22.7
1174092171,10.1,0.0,13.5
597160758,9.0,0.2,13.5
1104257737,8.4,0.1,22.0
3185363051,9.7,0.1,17.7
3327190718,7.5,0.0,13.1
2807089519,10.1,0.0,13.5
4214623738,8.1,0.1,9.7
1448217257,13.9,0.0,21.4
1202463208,12.3,0.0,11.5
2883449402,7.4,0.0,3.1
3859253495,7.5,0.0,9.4
3106039745,9.1,0.0,8.3
1891207966,8.9,0.0,9.2
3510712612,9.5,0.0,8.2
3495938959,8.0,0.0,9.5
136596506,9.1,0.0,9.3
3100756456,8.3,0.0,7.3
347750177,10.3,0.0,11.1
361933932,11.3,0.0,6.2
268583258,10.9,0.0,23.1
1919019341,12.3,0.0,13.1
1591392344,10.6,0.1,18.3
2672991731,10.3,0.1,21.8
1716277376,10.6,0.0,31.6
507992178,10.2,0.0,24.7
4173113031,10.4,0.0,22.3
3195632101,10.7,0.1,27.0
2469499632,12.0,0.0,23.1
367118466,11.8,0.0,23.8
3171685605,10.4,0.0,22.3
3065929176,10.9,0.0,24.5
1671338426,6.5,0.2,21.9
3218660576,9.7,0.0,11.8
3664626316,10.0,0.0,13.5
2873617266,10.3,0.0,12.1
1249987774,9.4,0.0,10.3
527957467,9.3,0.2,14.1
1729254423,10.4,0.0,11.8
592415609,8.2,0.1,14.3
2603085655,9.4,0.2,14.2
2258529130,8.8,0.0,12.1
2930762480,9.4,0.0,10.3
435838162,11.5,0.1,22.7
180009038,13.3,0.0,17.9
3073457222,15.7,0.0,12.6
2836076356,13.4,0.0,5.5
2685337179,13.8,0.0,3.8
1855812992,13.3,0.0,3.9
4207677908,10.9,0.0,8.1
959425085,13.8,0.0,7.3
3951558141,12.2,0.0,6.0
208394013,13.6,0.0,4.2
4255620742,12.2,0.0,6.0
537111483,13.6,0.0,3.6
2194300038,13.3,0.0,9.1
3109232240,11.9,0.0,5.8
3617543157,13.2,0.0,6.6
147691017,13.9,0.0,30.0
1386656462,14.2,0.1,27.6
4087285189,15.4,0.1,24.2
611282881,14.9,0.1,30.8
3223897014,15.5,0.0,32.5
50328237,14.9,0.1,38.8
2188990706,15.4,0.1,24.2
2818366485,14.5,0.1,32.1
203040095,13.3,0.1,31.7
1618675920,14.2,0.1,27.6
830187639,14.4,0.2,33.8
2047998867,12.1,0.0,17.5
4256964798,14.9,0.0,9.2
2451597915,11.6,0.0,16.3
2621512700,13.8,0.0,17.1
709050154,13.0,0.0,13.0
1768486335,12.2,0.0,13.5
41623562,13.1,0.0,16.9
4289720332,12.9,0.0,12.1
1551724328,14.0,0.0,10.3
2460853774,13.9,0.0,26.2
1259403980,13.4,0.0,13.1
910803247,17.5,0.0,20.9
2270964286,11.1,0.0,16.5
361285637,9.9,0.0,30.9
2591868421,9.4,0.0,15.5
162910682,12.8,0.0,22.1
2634426536,12.8,0.0,22.1
1248163278,10.7,0.0,28.3
1690515590,10.6,0.0,25.6
1483862928,10.7,0.0,29.9
4255641494,10.7,0.1,26.3
564975190,11.5,0.1,28.6
2217103743,8.4,0.4,29.7
525424720,12.0,0.1,15.0
482036355,11.8,0.1,19.8
2394578578,12.8,0.0,15.9
1007824285,11.1,0.7,17.1
3283918722,12.5,0.0,19.0
2515899784,16.7,0.0,11.9
939268803,15.2,0.1,12.9
2626430904,12.5,0.1,18.2
2199486233,14.4,0.0,20.7
3080786090,11.3,0.2,19.2
3768469887,13.0,0.1,18.3
2676927328,12.8,0.3,15.4
950702929,15.1,0.0,13.8
2880477469,11.4,0.1,16.1
2652446587,12.8,0.0,13.5
1590340564,14.1,0.0,22.9
2266596423,13.8,0.0,24.3
521052652,11.2,0.0,23.0
1941659805,12.9,0.0,23.7
2291331654,13.9,0.0,22.2
1343974743,14.1,0.1,24.5
3524548032,11.9,0.0,28.6
306276294,13.8,0.0,22.3
172469148,16.1,0.0,21.0
3318809221,16.5,0.0,20.3
45064838,9.6,0.0,18.6
2313101663,14.4,0.0,20.9
4050920927,18.1,0.0,9.0
2237530031,20.9,0.0,1.0
458725013,11.4,0.0,12.8
2302226637,20.9,0.0,3.8
3323374207,20.9,0.0,3.8
2444911911,18.5,0.0,5.5
1536764791,18.9,0.0,1.8
1441767008,20.9,0.0,1.0
2824695138,20.6,0.0,3.3
2807453067,18.7,0.0,3.0
4236697106,18.8,0.0,8.1
3040643204,14.6,0.0,23.1
3345172301,14.1,0.0,4.2
4243333612,15.0,0.1,8.0
2545091776,18.1,0.0,5.8
564107861,20.1,0.0,7.7
3125164275,20.4,0.0,9.7
1407890853,22.5,0.0,9.0
3294235165,16.7,0.2,15.1
1019148734,15.7,0.1,1.5
2100290835,19.2,0.0,8.5
1207036407,15.8,0.0,4.9
3245619651,21.8,0.0,6.3
1389747443,17.4,0.0,8.3
2844835034,17.7,0.0,14.9
2274632500,17.1,0.0,13.8
1160865065,20.3,0.0,11.6
2604502443,22.7,0.0,7.6
3636861925,22.2,0.0,12.2
4199488558,16.5,0.0,14.4
318542066,21.3,0.0,7.5
1681380125,21.5,0.0,9.2
765386527,21.1,0.0,6.4
679486889,23.2,0.0,4.7
2252202722,22.5,0.0,5.4
1821686592,20.2,0.0,7.6
3088294196,31.7,0.0,9.1
2723861455,26.2,0.0,12.0
2179755389,32.7,0.0,16.4
1317077288,32.0,0.0,9.5
1966507415,30.1,0.0,10.5
3056132583,30.1,0.0,15.1
4151851129,29.3,0.0,16.5
2547526633,27.1,0.0,9.5
2434293924,29.3,0.0,22.0
2586522218,29.0,0.0,12.8
2489073095,29.2,0.0,12.7
2251951093,31.3,0.0,9.2
297978114,21.3,0.1,5.6
2290142572,19.5,0.0,13.4
586294988,22.1,0.0,3.8
3300838984,22.7,0.1,3.2
3367302144,22.6,0.0,10.5
1499427091,19.2,0.0,18.2
106289250,21.2,0.4,6.6
859405058,20.7,0.4,8.7
1788067453,22.1,0.2,7.4
3489344121,20.1,0.6,12.7
1617530492,21.2,0.0,13.6
2434036664,20.3,0.0,26.2
3363441046,19.7,0.0,27.1
1210548208,22.0,0.0,25.6
3466932595,22.6,0.0,18.8
4268303064,20.6,0.0,18.0
1774588841,19.2,0.0,34.9
3996011276,21.6,0.0,24.8
2278960184,22.2,0.0,24.6
3068228213,22.4,0.0,21.4
2725332847,23.4,0.0,25.8
1135908206,21.6,0.0,19.7
4282828012,21.2,0.0,24.2
3132884896,19.2,0.2,4.8
3032967264,22.5,0.0,3.5
2569170821,24.2,0.0,13.5
747292703,23.3,0.0,5.6
1475272899,22.0,0.0,8.1
3387703672,19.7,0.0,11.8
3485437736,21.9,0.0,10.0
2773523584,19.1,0.0,11.6
760946777,21.1,0.0,11.7
3595903085,20.8,0.1,4.6
1840802575,21.0,0.0,6.8
2703612159,22.9,0.0,10.7
1048661975,20.0,0.1,19.2
2300814744,20.3,0.1,19.5
2526374922,18.7,0.0,21.7
2557131704,25.0,0.0,15.2
2429354290,20.9,0.0,13.3
668931596,18.8,0.2,29.5
157311704,21.9,0.0,20.4
422152503,19.8,0.1,18.4
964862697,22.3,0.0,15.2
28109139,19.6,0.5,16.9
2791598937,20.1,0.0,17.9
3619844015,21.9,0.3,18.5
3013053575,17.0,0.7,19.8
356200175,16.8,0.0,7.2
3494542283,17.6,0.0,2.5
1506170695,17.9,0.5,11.3
2457316045,17.8,0.0,10.1
2929660104,19.9,0.0,5.0
1427161335,18.2,0.0,2.2
1250840148,18.2,0.0,7.2
3596189990,16.1,0.0,5.9
2735638296,18.4,0.0,2.2
1645451531,18.2,0.3,21.0
1678169458,17.0,0.0,7.9
3787031641,16.7,1.9,11.8
1056458462,13.0,0.0,19.8
3970040859,13.5,0.0,19.6
2452231505,16.0,0.0,12.8
1753738233,16.4,0.0,20.8
3204896027,15.7,0.0,18.4
257781435,16.8,0.0,12.6
305775948,14.2,0.0,21.7
372035837,16.1,0.0,14.9
2985784307,15.9,0.0,15.6
3186034724,14.6,0.0,20.5
3248274487,16.6,0.0,16.3
355620226,15.6,0.0,20.6
2479754084,16.3,0.0,14.6
3518023432,12.7,0.1,21.7
4029759877,16.1,0.0,14.5
3265407117,15.0,0.0,15.3
283886796,17.0,0.0,21.7
400884312,13.4,0.1,23.5
2521610314,13.8,0.0,17.3
2933035039,16.3,0.0,13.4
4078781536,14.0,0.1,30.3
3738549554,14.6,0.0,28.5
3524518035,16.6,0.0,24.8
3151536448,18.1,0.0,25.1
2139478809,18.5,0.0,23.9
3446064591,18.0,0.0,24.3
3688690080,17.5,0.0,23.1
304654243,15.3,0.1,34.4
98818464,17.8,0.0,24.9
2027251685,17.6,0.0,22.9
2113676454,15.9,0.0,24.4
2534287825,17.4,0.0,22.0
2071867378,18.5,0.0,29.3
3504323967,17.8,0.0,26.1
464748835,17.8,0.0,25.4
3057263064,16.3,0.1,28.4
1036665758,13.6,0.0,21.8
798520455,14.8,0.0,13.6
2795224860,14.5,0.0,15.2
2023823998,15.3,0.0,11.9
4201344479,15.6,0.0,17.4
3550593403,12.5,0.1,22.6
2569933693,15.9,0.0,12.3
3363373988,15.9,0.0,16.0
2437480026,15.0,0.0,8.7
2845232560,15.9,0.0,9.4
941644607,14.8,0.0,19.3
3813984628,15.0,0.0,13.3
2408595911,14.7,0.0,1.3
355064788,14.1,0.0,6.1
868291236,14.9,0.0,9.4
631324987,11.3,0.0,22.9
670282872,11.5,0.0,22.3
340085975,14.5,0.2,24.8
2651887647,16.1,0.0,23.9
117772578,14.4,0.0,27.2
3706739911,14.6,0.0,24.7
4066557943,12.7,0.0,33.8
3643054214,15.6,0.0,21.3
3156630563,14.8,0.0,26.3
415472967,13.3,0.4,26.6
1471127023,15.0,0.0,27.3
4036026731,18.1,0.0,15.9
2594153217,16.5,0.0,25.6
1659056218,16.6,0.0,21.1
870148811,15.3,0.0,19.2
1101971277,15.8,0.1,18.9
1643791425,15.9,0.0,18.7
183531883,17.3,0.0,17.4
4224595995,14.5,0.1,12.4
4099740531,16.3,0.0,19.9
734750611,16.4,0.0,16.9
3300960804,15.6,0.0,23.5
1620332688,16.8,0.0,15.2
4036588870,15.8,0.0,20.2
2017756231,14.6,0.0,16.5
2668291085,14.2,0.0,18.7
75978442,16.9,0.0,16.9
1981571405,15.0,0.0,16.7
2470942225,15.6,0.0,18.0
470501705,15.7,0.0,18.3
1329479587,16.6,0.0,14.1
972592930,14.8,0.9,26.6
2638369443,14.8,0.0,18.7
1031336203,16.0,0.0,19.1
2680406618,15.4,0.0,14.8
1450082201,17.1,0.0,26.4
3719840947,13.2,0.0,14.3
3432142973,15.1,0.1,19.5
3106911740,21.3,0.0,17.3
3229874981,19.7,0.0,26.3
1498390580,17.7,0.0,16.1
308350860,15.7,0.3,23.8
1065138510,19.6,0.0,15.1
2750282999,17.2,0.0,23.0
228026113,20.0,0.0,18.5
3477689780,15.5,0.0,15.6
2763564482,19.9,0.0,18.3
1177636317,15.3,0.0,30.6
2834054388,12.0,0.3,24.2
473435646,11.5,0.2,23.2
570629548,12.0,1.7,21.0
315447090,12.1,1.5,30.7
2089792647,12.1,0.1,22.9
2813101110,12.1,0.0,18.8
314129148,16.4,0.0,18.7
3861087413,14.1,0.0,12.7
2077018844,15.1,0.0,14.2
1312573508,15.3,0.0,19.3
3313459649,16.2,0.0,20.1
1934364094,13.9,0.0,12.3
3393743397,14.5,0.0,17.7
3718635150,15.1,0.0,13.0
694840417,12.4,0.0,12.7
990586799,15.6,0.0,14.1
604028036,14.0,0.0,19.7
2065386160,11.5,0.1,19.7
4222546264,10.3,0.0,5.5
1007630277,7.7,0.1,5.1
1520476951,9.4,0.0,11.0
4108616748,9.5,0.0,2.9
80348942,9.5,0.3,13.8
2703341925,9.5,0.0,8.1
3174990864,10.1,0.0,6.2
4036606119,8.6,0.0,17.2
3263505313,10.1,0.0,8.8
4026645898,9.3,0.0,3.3
2700307502,8.1,0.0,6.2
1666261887,5.7,0.0,8.9
1446165592,7.4,0.2,17.2
1455496671,7.4,0.0,15.9
1999103243,6.7,0.0,5.4
2919401559,7.8,0.0,11.8
3740334604,8.0,0.0,16.7
1877840306,6.3,0.0,18.5
220353753,6.3,0.0,16.1
1701893266,5.8,0.0,13.4
443764984,5.4,0.0,18.5
2448800225,5.2,0.0,16.9
3250752613,5.0,0.0,18.5
3633421054,2.5,0.0,5.2
647901603,3.2,0.0,8.5
3872967609,2.0,0.0,7.7
2102418269,2.6,0.0,10.7
830907705,2.0,0.0,9.0
3883169393,2.5,0.0,6.9
3222190616,3.9,0.0,5.4
1760648357,1.5,0.0,8.3
2172713864,1.9,0.0,9.7
546909215,2.8,0.8,24.4
2729850398,1.8,0.1,12.6
1305275249,4.4,0.0,13.3
2992356748,3.4,0.1,18.3
2900667535,6.2,0.0,13.6
3448836108,5.5,0.0,13.1
1845203316,2.9,0.7,22.7
143767245,3.4,0.0,16.0
2827085676,3.8,0.7,26.5
2795130299,6.3,0.0,20.8
2120342659,6.8,0.0,22.3
1366524630,7.2,0.0,17.4
1365535426,6.5,0.0,18.2
2368300598,7.0,0.2,15.2
2280475194,5.9,0.2,34.8
2828601597,6.6,0.0,18.0
2559436226,6.0,0.0,19.1
3605929617,5.6,0.0,20.1
190970279,6.0,0.0,19.8
916997843,6.4,0.5,23.8
1632790368,6.5,0.0,32.8
4275617328,7.0,0.1,28.6
128487502,7.0,0.0,25.9
1558936840,6.7,1.7,41.6
233784199,7.5,0.0,25.5
2461868851,8.6,0.0,28.9
696286312,8.4,0.5,29.8
1639825613,9.1,0.0,28.0
596806259,7.1,0.0,32.2
2546512534,7.2,0.0,29.5
2712482170,11.1,0.0,28.6
146814745,10.9,0.0,28.1
3221940244,10.2,0.0,19.4
1331854467,10.3,0.0,20.2
4261691330,7.4,0.2,30.1
1623937187,10.9,0.0,19.8
1672888507,11.4,0.0,25.1
2869753368,10.7,0.1,21.7
198825197,10.8,0.3,24.6
33540725,9.4,0.0,20.1
1676285395,5.0,0.0,15.5
2473572769,6.2,0.0,12.1
3707730723,6.5,0.0,14.3
3082648116,6.0,0.0,11.7
4205736386,9.2,0.0,20.4
2269397102,10.7,0.1,30.8
142427523,10.8,0.2,30.5
11033085,9.3,0.0,24.3
2380910857,5.0,0.2,33.6
358651780,5.6,0.1,32.7
4173303866,7.0,0.0,23.6
2738203195,10.9,0.0,26.1
3501256464,8.3,0.2,22.8
826913762,8.8,0.0,26.8
2478544696,6.8,0.1,41.8
2957563274,11.5,0.1,23.9
1409366296,9.5,0.1,27.4
1205527236,9.5,0.0,27.2
4253848327,1.2,0.0,22.1
2181328369,3.1,0.0,13.3
3178593896,2.6,0.0,8.4
2420111841,3.1,0.0,9.1
318236193,4.1,0.0,8.7
4000976278,7.2,0.0,12.5
639544082,5.5,0.0,11.4
2022385424,3.7,0.0,11.5
3459886572,2.5,0.0,15.5
3421502309,4.4,0.0,3.6
3525326303,6.9,0.0,9.4
2176675135,5.3,0.0,6.8
102934264,3.0,0.0,2.6
482528937,3.1,0.0,3.0
1033254876,3.2,0.0,4.0
1386310952,5.8,0.0,8.2
2532260115,6.6,0.0,15.3
1990991102,5.6,0.0,7.6
2033845521,7.6,0.0,10.7
4204515712,5.9,0.0,11.3
810829270,6.5,0.0,10.3
1833687425,6.8,0.0,7.9
3494783781,6.9,0.0,6.1
1182965549,9.6,0.0,22.3
1892971553,7.8,0.3,18.6
1631290234,7.6,0.2,13.3
86853276,9.2,0.0,12.7
2218440247,9.6,0.0,15.4
3346206534,9.5,0.0,17.3
3692639493,10.3,0.1,13.3
1198075915,9.0,0.0,20.9
440276036,8.1,0.0,14.6
543925625,8.9,0.0,13.8
3548974365,8.9,0.0,15.2
1830644885,9.4,0.0,13.1
915301303,9.4,0.0,17.0
2587488074,7.0,0.0,5.0
751081572,9.4,0.0,18.3
2694641341,9.9,0.0,13.5
3267063542,10.6,0.0,6.8
3943669356,10.0,0.0,7.2
3097319905,10.3,0.0,12.1
3702052351,11.0,0.0,12.1
3068901511,9.9,0.0,10.0
3183489156,8.3,0.0,17.0
788746916,10.4,0.0,10.0
2177093424,10.1,0.0,5.0
706296778,10.0,0.0,10.9
3732592788,9.4,0.0,8.5
3150676426,9.7,0.0,15.7
501961547,9.2,0.0,10.9
1060721857,12.0,0.0,14.3
3653350843,11.5,0.0,9.2
3720456971,9.8,0.0,8.3
2554251326,11.0,0.0,14.3
1357514901,10.4,0.0,15.5
1654762489,11.3,0.0,13.0
2127908257,11.1,0.0,7.1
6071047,9.4,0.0,13.1
1572330828,9.9,0.0,9.6
3401247762,9.6,0.0,13.7
3341825700,9.2,0.0,26.2
1393956564,10.3,0.2,22.4
2295338932,13.7,0.0,26.9
3552337755,12.2,0.1,22.9
3855839808,12.9,0.0,20.9
4281789679,14.1,0.0,24.1
3277525647,13.6,0.0,21.3
3916692093,9.1,0.3,27.1
106734121,11.4,0.1,26.6
819231896,12.5,0.1,23.8
257516846,12.0,0.0,19.1
3537914398,11.7,0.2,29.7
513333628,11.0,0.0,14.3
2097136046,10.1,0.0,15.9
1667791625,6.4,0.1,26.1
394081159,4.7,0.3,23.7
366166836,5.5,0.0,21.1
76643287,6.0,0.0,22.6
3629937208,7.3,0.0,25.7
3325391492,5.9,0.0,20.1
1498936691,6.9,0.0,19.0
3212560021,6.0,0.0,25.7
2462826464,6.1,0.1,25.3
3094392493,7.2,0.0,27.7
3287438019,7.4,0.0,24.9
3701331153,5.7,0.1,21.1
1521325632,6.4,0.0,20.2
1509597092,7.4,0.0,23.0
3252520353,7.8,0.0,24.2
640887623,8.4,0.0,29.5
2269356880,5.3,0.0,3.3
3296330964,5.1,0.0,6.6
2237574739,5.5,0.0,11.8
959660955,7.4,0.0,13.0
797841272,5.6,0.0,10.5
1899317952,5.9,0.0,7.9
1054853640,6.7,0.0,16.6
824344353,7.4,0.0,12.1
3166037615,6.9,0.0,8.7
1865987981,4.9,0.0,11.0
2274112162,6.1,0.0,8.2
3127488181,5.5,0.0,11.3
372225420,4.1,0.0,13.0
2746776124,5.1,0.1,15.6
3306325989,4.6,0.1,5.9
1889469928,5.0,0.0,16.1
1491558534,5.3,0.0,16.3
1508740852,3.6,0.0,11.3
1349222950,7.3,0.0,8.0
1621293637,1.5,0.0,8.3
3823976688,2.4,0.0,10.0
1087526127,4.3,0.0,8.5
3665729146,7.5,0.0,15.0
2137393645,6.5,0.1,21.6
195632288,5.0,0.0,18.2
1996312020,5.8,0.0,23.0
2394315523,6.5,0.0,16.2
3515749511,6.5,0.0,17.4
4164764980,7.5,0.0,12.7
890718616,5.8,0.0,22.5
1140831449,3.1,0.2,14.0
3225354995,3.2,0.2,19.8
3573576105,8.7,0.0,22.0
3328938002,7.4,0.1,20.2
2652185829,4.0,0.4,20.7
73583762,13.4,1.3,22.5
3704793539,11.1,0.9,10.8
1468983008,10.6,1.5,12.3
1633701611,11.8,0.5,15.9
2980899203,11.7,0.1,5.7
2112508260,13.3,0.0,10.6
655535627,11.8,3.1,9.1
442349395,11.9,0.0,17.3
256201829,10.3,0.1,13.9
1208703622,12.2,0.2,15.0
1949685301,12.7,0.0,9.7
2943415626,12.4,0.1,8.7
2450513463,11.1,0.2,26.5
2396236496,12.7,0.0,28.2
1321331153,13.5,0.2,28.3
1883724683,11.4,0.3,21.4
3470223641,9.8,0.0,21.7
1592575955,12.5,0.0,25.9
1309594920,13.5,0.0,27.1
2188168539,13.1,0.0,32.6
978216357,7.9,0.0,21.7
1525779603,9.5,0.3,26.8
589961620,13.3,0.0,28.8
3530606011,7.1,0.0,19.7
4001820633,11.4,0.0,19.5
2115940032,10.7,0.1,16.6
2711780676,9.3,0.0,18.0
788358708,9.6,0.0,17.5
3043467327,10.1,0.1,24.5
2615786608,9.2,0.0,19.4
3034677521,11.6,0.1,12.4
1406657755,8.2,0.0,21.3
1702147189,9.8,0.0,17.5
244214710,11.1,0.0,4.1
2294613424,12.7,0.0,6.5
1969458341,12.6,0.0,7.5
600495777,12.7,0.0,12.2
844324828,13.2,0.0,8.9
78887918,12.7,0.0,7.1
3504423274,12.7,0.0,15.5
2502094177,12.6,0.0,12.4
1823096116,12.6,0.0,7.9
783638191,10.6,0.0,9.4
3329553009,13.1,0.0,5.4
2205553197,12.0,0.0,5.2
2323427831,8.2,0.4,22.7
2257471622,7.2,0.4,19.1
3751027577,13.7,1.3,29.4
626496084,12.3,0.6,35.5
179926775,12.0,0.1,31.6
723546143,8.9,0.2,20.6
3693668058,13.7,0.2,38.2
3525827138,12.0,0.0,34.0
4216002137,10.7,0.1,32.0
4289690857,13.3,0.0,38.0
2016736667,10.9,1.1,26.0
1415594834,13.2,0.2,33.7
2047378782,15.4,0.0,7.2
2871076,13.3,0.1,14.5
421794723,11.5,0.1,7.2
3434296336,12.3,0.0,11.3
1454868715,11.5,0.1,1.8
1908209052,11.4,0.0,7.9
2396516807,13.1,0.1,11.0
2365279169,13.1,0.1,6.5
3362599339,12.6,0.0,3.2
2237849749,10.7,0.0,12.0
1300148828,11.9,0.1,6.2
942231368,11.7,0.0,0.7
3030133028,12.8,0.0,22.9
3916220448,12.7,0.0,25.6
3718391656,13.1,0.0,27.1
97128418,12.6,0.0,29.5
2656817035,15.1,0.0,21.8
2431250072,12.9,0.0,26.1
1503665170,9.7,0.1,27.3
4061174054,12.7,0.0,26.9
335854268,12.8,0.0,29.6
1443344212,13.2,0.0,27.5
4088562746,13.4,0.0,23.8
3248149543,11.8,0.3,16.9
1492697609,11.0,0.6,13.8
1225973152,12.6,0.0,12.7
756087293,12.5,0.0,10.8
2984690704,12.0,0.0,17.0
245933103,10.8,0.0,14.2
3981443474,13.3,0.0,14.3
4038024560,9.9,0.5,23.0
562142756,11.9,0.0,16.4
193938903,10.7,0.0,15.0
3811519220,12.2,0.0,18.8
2561568296,12.0,0.0,12.1
3123136312,8.8,0.0,9.7
2354391201,8.2,0.0,10.5
4149064027,9.9,0.0,10.6
108789205,10.0,0.0,6.9
1401989414,9.9,0.0,23.3
3169449696,15.2,0.1,4.0
1816292193,16.1,0.1,9.1
895596399,17.0,0.0,3.3
2480897554,15.2,1.4,10.1
3457905001,17.2,0.0,8.5
4201520241,13.6,0.0,9.0
341017784,16.5,0.0,3.7
585960625,12.4,2.2,2.2
763804450,17.1,0.1,6.6
1472149319,12.0,0.0,9.7
2409388964,16.3,0.4,9.7
1629953139,16.1,0.1,4.9
2764617427,14.8,0.0,5.7
1137134655,13.0,0.0,18.5
1137898609,18.4,0.0,8.4
4031781984,16.1,0.0,15.8
708775927,18.3,0.0,9.3
3958122081,19.6,0.0,12.2
1311643448,16.8,0.0,10.5
728137137,17.9,0.3,4.2
1287750140,13.8,0.0,7.9
3110690092,18.7,0.1,8.6
4196104740,17.9,0.0,7.5
1781437068,17.6,0.0,9.7
3264418919,17.4,0.1,10.5
1209025638,18.9,0.0,7.3
3374332657,15.0,0.3,16.4
1827657497,13.2,0.1,13.7
3685061795,16.5,0.2,19.4
1589751352,13.5,0.0,12.7
66397559,18.5,0.5,3.1
3499767568,13.2,0.3,18.9
2004814805,16.1,0.3,14.3
2518734138,18.3,0.2,19.5
2074259326,17.8,2.1,10.1
3388956724,13.1,0.3,22.4
228879527,16.2,3.4,5.4
3805603986,17.9,0.3,18.8
645551763,20.6,0.0,29.1
2355359080,18.2,0.0,25.3
3993205383,20.7,0.1,25.8
2031545120,19.1,0.1,28.0
4262710716,21.0,0.1,32.6
1030885048,22.4,0.5,29.0
3048976334,19.5,0.5,24.4
1874509439,22.2,0.0,27.0
2040654347,18.5,0.1,26.0
3887218376,20.5,0.0,29.8
2863411662,19.5,0.1,25.0
1250237040,19.3,0.1,17.5
265302915,17.6,0.0,19.9
3209363116,17.5,0.0,19.6
1542462955,22.4,0.0,10.5
2413495081,18.2,0.5,14.8
3159026305,22.1,0.0,8.3
2275846294,20.6,0.2,14.4
902969306,22.0,0.0,12.6
3668969050,20.3,0.1,14.2
480629050,21.3,0.0,9.7
3758938682,19.7,0.3,18.2
2467154471,22.3,0.0,8.3
1441990454,20.5,0.1,27.7
2959380306,21.2,0.1,27.1
1940946936,20.0,0.0,28.8
420469796,24.4,0.0,24.7
1254556837,23.0,0.0,26.0
209312078,22.3,0.1,28.7
666139215,22.7,0.0,26.1
302370723,20.1,0.2,29.3
2350054675,21.8,0.0,25.0
3643328883,21.5,0.2,26.2
3060788790,21.6,0.1,24.9
4002559741,16.2,0.0,21.4
1231133536,15.1,3.1,12.4
4243593785,16.7,0.0,12.3
654574203,16.8,0.4,22.0
3764937995,16.6,0.2,17.3
3779275664,18.8,0.2,15.2
2186397422,17.0,0.4,8.8
3748022065,17.8,0.0,14.0
2394063307,17.1,3.0,11.9
1885144780,16.0,0.2,17.4
1447294587,17.5,0.3,16.4
1857438754,16.1,0.1,14.3
3848824475,20.2,0.0,9.3
1407979475,20.2,0.0,5.9
695643908,21.0,0.0,12.4
188002973,21.8,0.0,6.3
2865666957,20.1,0.0,7.6
2708422861,23.2,0.0,14.4
1833842999,21.7,0.0,11.3
4044200547,23.2,0.0,14.4
829974534,21.7,0.0,10.4
2193213548,22.2,0.0,12.0
4207471435,20.9,0.0,9.9
591986655,27.1,0.0,13.1
566784951,26.2,0.0,8.9
2974281132,30.9,0.0,6.1
1031703043,16.1,0.1,18.8
2074299310,20.2,0.0,18.4
1190278197,18.3,4.6,12.0
2449669570,18.1,0.0,18.6
685982006,20.7,0.0,16.3
2190674930,23.0,0.0,21.7
34167450,17.8,0.0,17.3
302067878,24.9,0.0,7.6
4263767839,17.4,0.0,16.3
974662907,24.2,0.2,10.0
3893551051,23.9,0.0,8.6
1903814441,17.8,0.1,38.2
3686249026,19.3,0.0,38.9
1365116049,17.5,0.1,32.9
2816282347,14.8,0.0,15.6
1313814569,13.6,0.1,14.1
2699173072,15.4,0.0,16.6
3677095670,15.2,0.0,15.8
916681113,17.4,0.0,14.7
599887318,13.5,0.1,15.3
155953197,17.0,0.0,14.3
1777651844,15.3,0.0,18.6
490386069,17.0,0.0,14.3
352746127,15.9,0.0,17.2
1816095592,16.0,0.0,16.2
1762541042,16.2,0.0,19.8
943515346,13.9,0.5,13.7
397226727,14.5,0.4,9.4
1905680773,17.5,0.0,26.2
3929932149,13.6,0.9,18.0
2181269967,16.2,0.1,12.4
495475030,18.1,0.0,16.9
1543804208,13.5,0.3,12.5
3199337663,18.3,0.0,18.3
1451088949,14.1,0.2,13.7
1489953734,17.7,0.0,14.3
1103053847,13.0,0.9,13.6
223785285,17.5,0.0,19.3
1160584635,15.0,0.0,31.7
4107751278,13.3,0.2,28.5
3475159150,15.8,0.0,33.5
2565477835,15.6,0.1,29.7
3129161134,17.7,0.0,26.5
2549817862,14.2,0.0,24.6
2915736166,17.5,0.0,23.2
724432171,17.1,0.0,26.4
1393389243,16.7,0.0,31.5
3430445437,17.1,0.0,24.3
138661951,17.4,0.0,23.4
3984650463,20.9,0.0,19.7
246527966,19.2,0.0,8.0
351616933,22.9,0.0,21.1
3566795095,19.7,0.0,20.8
1492475300,23.5,0.0,4.0
1794133876,17.3,0.0,17.3
1522100703,22.9,0.0,21.1
3830902921,21.9,0.0,17.3
2465902232,20.0,0.0,18.9
2532505939,21.3,0.0,20.3
1690578943,21.9,0.0,18.4
1620638984,21.0,0.0,8.0
2035747534,10.1,0.3,24.6
1317292345,12.5,0.3,18.7
1031750081,9.6,0.0,19.8
3342494419,12.1,0.1,22.3
1850220599,10.9,0.0,15.8
3589300210,11.3,0.0,14.5
1980076123,15.5,0.1,10.7
546031626,10.8,0.0,11.7
2287524928,13.4,0.0,24.3
1276536886,11.9,0.0,19.1
88099522,15.5,0.1,10.7
3027904003,11.8,0.0,17.1
3097681493,11.9,1.9,9.0
4034214816,15.1,0.0,14.5
2022436188,11.9,0.0,17.7
1999387116,13.6,3.9,13.2
3118532639,9.6,0.7,9.7
418316798,11.8,0.1,11.6
1053830775,13.8,0.1,12.4
2348678681,13.3,0.0,14.4
917958587,10.7,0.3,12.4
3715779076,11.4,0.0,6.6
1378801036,11.0,0.9,6.2
3859986445,13.0,0.0,12.3
542852259,11.6,0.0,0.8
2197478004,11.0,0.1,8.4
658070872,13.2,0.0,9.7
4294273069,13.8,0.0,8.7
3060559395,10.2,0.2,15.7
2079879621,12.1,0.8,20.9
3086129680,12.0,1.3,19.6
1164356857,13.2,0.0,16.5
1426867298,14.2,0.0,17.6
3480127798,14.5,0.0,20.5
1628485033,12.2,1.0,21.3
2383684654,13.7,0.2,19.1
3146057461,12.4,0.0,16.1
3477311499,13.2,0.3,18.0
916159381,13.9,0.0,19.8
2431259868,11.7,0.1,18.2
3413069242,11.8,0.2,11.2
493340733,10.7,0.1,8.4
763562832,10.5,0.1,9.9
818521996,13.2,0.1,14.1
465274453,11.6,0.4,34.9
3654364805,10.9,0.0,21.8
367463930,9.9,0.3,21.8
3016839766,11.5,0.0,18.4
1111204203,9.8,0.0,11.5
2442778778,7.9,0.0,3.3
1781433044,7.6,0.0,2.5
2380841555,9.6,0.0,2.5
1366666257,9.5,0.0,2.2
1845019696,8.5,0.0,2.9
3956866067,10.2,0.0,9.2
1255279341,9.2,0.0,10.5
1532919441,9.4,0.0,7.1
1553284083,10.6,0.0,4.3
1322829038,9.5,0.0,1.9
314132290,9.1,0.0,7.7
3661065311,13.5,0.2,29.2
3813124301,14.2,0.0,21.2
726837790,10.6,0.0,21.6
1718622477,3.6,0.0,1.9
234645306,1.7,0.0,1.5
358374687,4.4,0.0,5.5
1613075401,5.2,0.0,8.5
3596465482,4.9,0.0,2.8
418391632,5.3,0.0,12.0
110738393,5.1,0.0,15.9
1870260388,4.6,0.0,14.3
1549688464,5.4,0.0,16.3
2290745358,5.5,0.0,11.8
1005992651,4.7,0.0,5.1
1086883352,4.1,0.0,13.0
372025545,4.5,0.0,14.5
3146840351,6.1,0.0,7.7
2521350222,6.6,0.0,5.2
1350290382,5.3,0.0,12.1
2688651828,5.7,0.0,11.5
1604713297,6.5,0.0,12.4
813097684,7.2,0.0,3.1
2076910234,6.0,0.0,9.2
3742555748,4.5,0.0,8.9
3977569108,5.2,0.0,12.8
1066763783,4.9,0.0,8.8
1520051564,6.2,0.0,9.4
3368144446,-0.5,0.0,9.2
2276359627,9.7,1.2,49.7
1531055550,10.2,0.0,34.5
3503843290,12.3,0.0,33.6
262521348,11.5,0.0,38.4
4033238704,12.3,0.0,33.6
3364410217,11.3,0.0,37.8
3772751873,12.7,0.0,30.8
2111288372,11.0,0.0,28.0
1924916466,9.7,0.2,34.6
240875012,10.3,0.0,32.4
1778738311,11.1,0.0,16.4
2353180761,9.8,0.1,17.6
2443590978,10.7,0.0,28.8
3204023116,10.2,0.0,20.1
794477460,11.3,0.0,20.6
52272161,10.8,0.0,23.7
787387773,10.6,0.0,22.2
3713122270,11.1,0.0,20.7
504949615,10.6,0.0,26.6
463675646,11.4,0.0,24.7
1041757058,10.8,0.0,17.1
708299893,11.0,0.0,17.9
816244434,11.1,0.0,27.1
3748970916,11.0,0.0,21.4
4027873361,10.0,0.1,39.8
3753678153,10.4,0.0,34.2
3055850951,8.8,0.1,34.2
958878400,9.8,0.0,37.5
3946465209,8.6,0.0,27.6
3783722661,10.2,0.1,30.4
4072735703,10.9,0.0,26.2
2461430473,9.7,0.0,33.0
780153018,10.7,0.0,29.2
1553160781,10.6,0.0,28.1
867123817,9.3,0.0,30.1
676065554,9.6,0.0,28.1
2690230438,8.7,0.0,9.1
3129840339,8.1,0.0,4.3
1333509501,7.6,0.0,9.7
817414441,8.1,0.0,1.3
2421197206,9.5,0.0,6.1
3429616787,7.6,0.0,12.8
3624171463,7.6,0.0,8.7
1336726511,8.2,0.0,4.7
138986397,7.8,0.0,9.2
2415069479,6.9,0.1,9.1
4062878551,7.5,0.0,11.4
3626433663,7.1,0.0,10.8
1322036034,5.9,1.2,21.5
4282265191,7.9,0.3,32.1
776988342,6.7,0.6,26.6
4268751273,8.1,0.0,21.5
1726608097,9.8,0.0,23.4
981739508,8.0,0.1,31.9
3937316827,10.0,0.3,22.8
3515007818,8.1,0.0,27.1
3499048918,8.0,0.0,17.7
1341338057,8.2,0.0,26.2
1852803358,5.1,0.2,25.0
328520331,6.1,0.0,11.5
3368628981,7.8,0.0,12.1
2614236421,5.9,0.0,10.8
1324548286,7.6,0.0,17.7
3264447600,6.1,0.0,8.5
3113753120,8.7,0.0,16.8
1199111533,6.7,0.0,14.1
1026399451,7.1,0.0,12.7
2387587705,9.3,0.2,16.1
3918763076,8.3,0.0,14.8
2537355526,6.9,0.0,14.8
2631558810,7.3,0.0,16.4
1702763394,3.8,0.0,9.4
2592454423,5.2,0.0,5.2
4011465062,6.3,0.1,11.4
2911272031,7.9,0.0,15.8
4158507211,3.9,0.0,13.7
3365866739,6.1,0.0,18.9
1139571358,7.5,0.0,16.0
930174210,5.6,0.0,10.6
3507769165,6.7,0.1,13.0
113086518,3.7,0.0,9.4
871874708,5.7,0.0,11.2
1179477552,3.5,0.0,9.1
451039961,5.6,0.0,8.3
1666387228,3.5,0.0,10.8
676950376,0.8,0.0,18.2
2364193342,2.3,0.2,27.7
381329789,5.7,0.0,24.6
191838901,5.1,0.2,25.5
247807675,6.1,0.0,20.9
3747878572,7.2,0.2,32.2
3260166289,5.0,0.0,21.9
385225274,5.6,0.1,26.6
1364199083,5.8,0.0,27.9
27896909,5.5,0.2,21.9
264143179,10.1,1.4,23.6
100237992,12.2,1.1,31.8
3762823597,11.0,0.1,35.3
1851690522,11.7,0.2,30.2
2284268659,11.6,1.7,28.4
1828094749,11.6,0.1,31.4
2017273813,7.3,0.0,19.8
3232367880,9.3,0.0,16.6
1349153545,8.1,0.0,18.4
2261190842,7.8,0.0,19.5
3051457653,9.6,0.0,22.9
4006679797,7.5,0.0,18.2
3697778688,7.5,0.0,17.2
3574228857,7.1,0.0,17.2
468792520,6.8,0.0,18.7
3435332888,7.9,0.0,15.5
3166671860,7.7,0.0,20.3
3111344949,7.1,0.0,16.9
2711454384,7.6,0.0,17.8
1892390298,11.8,0.0,24.9
3865980894,8.2,0.0,20.4
627044196,11.5,0.1,20.6
1350337194,12.7,0.0,24.7
1359909903,12.2,0.0,21.9
41722628,11.9,0.0,19.8
649786839,8.5,0.0,21.6
849697297,12.7,0.0,24.7
916816747,13.4,0.3,21.6
1262693549,11.9,0.0,21.5
115950164,11.2,0.0,21.4
2237394711,11.6,0.0,21.3
750936251,11.3,1.5,30.1
2520072891,12.6,0.1,23.7
1486286967,10.8,0.4,33.2
1457062969,12.1,0.0,34.3
2993484409,6.7,0.0,7.5
218984861,8.8,0.0,15.8
795803318,10.6,0.0,18.2
2267338430,11.5,0.1,12.4
380923130,8.6,0.0,8.7
1729385251,8.4,0.1,5.1
1168803900,9.6,0.0,11.1
3394890675,9.3,0.0,11.2
1222516348,7.7,0.1,13.0
4007626866,10.8,0.0,9.2
493543370,7.8,0.0,13.3
2411406166,9.8,0.0,7.4
2170499803,7.2,0.1,16.2
2729486560,8.8,0.7,21.6
3864968436,8.8,0.3,21.7
2315136203,12.2,0.0,23.5
1202078881,9.3,0.0,13.0
3524860683,8.8,0.7,21.6
2063848251,8.9,0.2,21.8
3168785872,9.7,0.5,31.2
1865444020,7.4,0.2,14.5
1268382189,8.1,0.4,21.7
4173646911,11.9,0.0,21.7
1283747526,13.0,0.0,27.5
4165880765,13.0,0.0,23.8
1320040904,13.1,0.0,23.2
3116674953,12.9,0.0,20.8
1899584638,12.4,0.0,16.2
3489068706,12.4,0.0,19.6
93867670,13.5,0.0,22.1
2869513786,11.0,0.0,20.6
2864225548,12.8,0.0,24.5
869476814,11.1,0.0,17.5
2144189322,13.1,0.0,31.1
3413730728,12.5,0.0,26.0
1707794277,11.8,0.0,23.3
567288567,5.2,0.1,11.1
3539166483,8.4,0.0,8.7
1213203310,7.7,0.0,5.4
628607208,7.0,0.1,13.4
1530600027,6.5,0.0,9.7
889982068,7.7,0.1,7.7
58800419,8.0,0.2,6.5
2364010604,8.3,0.1,16.7
1523303249,7.5,0.1,4.2
3273553158,7.1,0.1,9.0
718292375,7.8,0.1,0.5
2339477000,7.4,0.1,7.0
2392670032,6.0,0.0,19.7
120087933,6.4,0.0,19.7
577639623,7.6,0.0,13.4
140592788,6.8,0.0,26.2
2939038681,5.5,0.0,19.9
2344374469,6.0,0.1,14.3
778629812,6.4,1.0,14.7
2353360005,5.9,0.9,13.0
1417608049,3.5,0.9,12.0
3406672873,5.6,0.0,18.7
3780969511,3.2,0.3,19.7
2377960275,6.8,0.1,18.5
3106808665,5.7,0.1,14.8
3791850920,8.0,0.1,20.3
1892616166,7.7,0.1,24.8
481860390,6.0,0.1,19.4
1271215817,7.6,0.1,22.7
105643727,7.4,0.5,21.9
35466596,3.5,0.1,10.6
4171997155,6.1,0.1,19.1
1197913271,8.7,0.0,5.6
1829649299,9.0,0.0,7.0
3248047661,9.0,0.0,12.0
2023961982,8.0,0.1,22.2
2053767299,8.8,0.0,31.3
3297122672,11.7,0.1,23.9
3793210502,11.0,0.3,24.5
3089531230,12.1,0.0,23.4
902907931,12.5,0.0,24.5
279645332,8.7,0.2,28.0
2831067429,12.7,0.0,22.7
2548573445,10.2,0.2,23.8
2584496361,12.3,0.0,20.6
3607638305,11.5,0.0,25.2
3898764320,9.3,0.0,29.5
220212600,9.9,0.0,13.3
4159724258,13.5,0.1,28.6
2090951477,10.8,0.0,24.3
4269027057,12.9,0.5,20.7
3739510703,13.5,0.1,20.2
1066672819,12.5,0.0,23.6
2456457351,11.9,0.0,29.6
2921423818,13.1,0.0,31.5
3680194131,12.1,0.0,21.7
2470549065,12.6,0.2,22.9
213612765,14.7,0.0,32.1
2353675585,9.8,0.0,20.2
3516433445,9.9,0.0,14.5
2689485980,11.5,0.2,19.6
2158979193,9.6,0.2,21.1
174558478,11.5,0.0,15.2
4267305433,11.7,0.0,13.9
2721156425,8.7,0.0,18.3
382278104,11.6,0.0,13.6
2906022205,8.7,0.1,18.0
2749698393,11.3,0.0,14.8
2578852675,8.8,0.2,19.8
3296701586,11.4,0.0,14.1
3634390298,7.5,0.0,29.6
4031204900,7.6,0.3,32.0
1009590094,8.3,0.1,29.9
2962181436,11.2,0.3,24.7
2428898569,12.1,0.1,27.2
275986675,11.2,0.1,29.8
193494511,12.2,0.0,18.8
2775352590,12.8,0.1,27.4
323574453,13.6,0.0,28.1
231869587,11.9,0.0,25.6
1685356677,12.0,0.1,26.7
1347638013,12.0,0.6,27.5
556486988,12.7,0.1,31.4
3341635211,12.0,0.0,21.0
2380090616,11.3,0.2,30.3
902194952,7.5,0.9,9.4
638445783,7.3,0.6,10.5
2820181275,11.6,1.2,14.8
3578747985,11.3,0.0,9.7
2687106359,13.7,0.1,15.8
1805051924,7.7,0.9,11.8
358375015,10.9,0.9,20.0
2835143444,12.6,0.1,13.1
3163839539,10.9,0.9,20.0
1544739156,13.2,0.0,13.6
623209753,13.7,0.2,13.7
4050786693,11.0,0.0,20.3
970009479,16.0,0.0,40.0
4158133893,15.1,0.0,38.1
2108815106,16.4,0.0,37.7
186624415,17.8,0.0,36.1
2008531703,15.0,0.1,35.1
2445530527,17.8,0.0,36.1
2744901010,17.2,0.0,35.7
718406150,14.8,0.0,28.5
2294366826,16.3,0.0,29.7
350491204,16.2,0.0,43.5
3792671172,9.0,0.1,44.9
2564406590,10.7,0.1,34.4
2970368297,11.7,0.0,35.0
623403883,10.7,0.1,37.5
4293525481,11.7,0.0,35.0
769541865,9.4,0.0,33.6
993245804,11.4,0.3,29.1
1389163860,10.1,0.5,26.4
2524848882,14.0,0.0,34.0
3664060090,12.4,0.1,29.5
3772765883,18.2,0.0,22.9
1290634294,12.8,0.1,37.7
2919453075,14.6,0.0,27.1
3131492367,15.3,0.0,31.6
3743166814,11.9,0.3,36.2
3699532807,15.1,0.1,28.6
2862494379,17.0,0.0,22.2
3841237592,13.8,0.3,25.8
3333983148,14.5,0.2,30.3
4256856433,17.7,0.0,21.7
339209839,9.0,1.3,15.8
1765545787,12.3,0.0,19.6
915349541,10.3,1.2,24.6
1199573527,11.9,0.0,22.2
2930324788,10.9,0.1,29.5
726562574,8.5,0.1,20.3
2168944237,13.6,0.0,23.2
1691967336,13.5,0.1,24.3
2085271668,9.3,0.1,19.8
2638951628,10.6,0.0,7.9
107898134,10.0,0.0,13.5
1907199172,11.3,0.0,13.9
3253327204,10.4,0.0,14.5
2672909212,9.3,0.2,24.1
3819491572,10.5,0.0,6.5
3412037533,10.2,0.1,21.6
1798766728,11.4,0.0,14.8
2520290137,10.2,0.1,21.6
3332115135,11.1,0.0,19.7
3614081076,8.4,0.3,22.8
414485233,10.5,0.0,18.0
3599139971,8.8,0.5,17.4
1858829411,9.5,0.1,19.6
1848233119,11.4,0.2,14.0
237542764,11.0,0.0,8.2
1706973078,9.1,0.0,18.3
1586313624,8.9,0.0,15.6
895535501,9.0,0.2,17.9
3042013858,10.5,0.1,14.1
651232516,8.6,1.2,15.8
261790640,8.8,0.0,15.6
463225603,10.0,0.0,14.5
1121011556,9.5,0.1,15.4
3398091049,19.0,0.0,29.6
1818864413,20.2,0.2,16.2
2569230726,21.9,0.1,20.6
2034664783,20.1,0.0,16.4
123207359,21.6,0.0,23.6
3666559144,23.0,0.0,14.0
1855945258,22.5,0.0,24.0
3955909135,20.7,0.0,22.2
2274747198,20.7,0.0,24.8
610626469,20.2,0.1,16.2
1781752238,18.8,0.0,18.6
3464451858,20.7,0.2,13.9
3181487436,22.0,0.0,8.3
2227924459,18.8,0.0,16.0
1071653425,17.6,0.0,18.1
1440764965,21.3,0.0,4.9
916360414,17.8,0.0,17.8
1920986919,20.0,0.0,15.1
1997101038,18.8,0.0,16.7
2733948227,20.4,0.0,9.4
3952762807,20.9,0.0,3.3
3547604639,19.0,0.0,15.3
407414866,19.9,0.0,4.4
116399612,16.1,0.0,22.3
3805963250,16.5,0.1,15.8
1148978224,16.2,0.0,19.1
1610097342,15.5,0.0,19.2
334193809,15.3,1.7,14.9
4239947065,15.9,3.1,13.4
2532454281,17.4,0.1,25.8
808902212,16.0,0.0,21.6
530725848,15.9,3.1,13.4
2112776668,17.2,0.3,16.7
1012853935,15.2,0.0,23.4
1409796906,16.1,0.0,17.2
1145231451,15.3,0.1,16.4
3384925010,18.9,0.0,17.2
2047451473,18.6,0.0,19.8
1638911375,19.0,0.0,19.6
3718104008,17.7,0.0,18.0
1459038075,19.4,0.0,22.9
362589899,19.2,0.0,27.0
2185922838,18.8,0.0,22.6
341882087,19.5,0.0,22.9
1596754317,19.5,0.0,22.9
4085760427,19.0,0.0,18.2
14531501,18.8,0.0,19.4
3481220896,20.3,0.0,24.1
808854757,17.3,0.1,16.1
2080653816,20.3,3.1,7.7
2725996485,19.1,0.1,9.5
1779061174,17.6,0.0,23.5
406148399,17.8,0.0,18.4
3813409937,16.6,0.0,23.4
407587883,16.2,0.0,21.1
2448777601,17.1,0.0,15.5
2726702056,15.8,0.0,12.3
2608609480,18.7,0.0,18.2
3020424849,18.2,0.0,13.2
2527200882,18.4,0.0,21.2
3602864631,17.6,0.0,21.7
1064027312,17.5,0.0,16.0
740844138,17.7,0.0,7.2
3530835218,19.2,1.2,14.7
91840657,21.4,0.0,20.3
2956798975,19.1,0.0,22.0
4094607062,21.3,0.2,19.6
3220868264,22.9,0.0,14.8
3589389259,18.7,0.2,19.2
2251040391,21.0,0.1,19.2
537269295,19.6,3.2,12.0
2874305813,20.5,0.0,18.1
3058502300,20.8,0.0,20.3
307158079,19.0,0.1,13.4
1225291613,19.3,0.1,7.4
2747001180,13.4,0.0,23.1
3413341004,16.1,0.0,17.7
3947699307,13.0,0.1,23.4
411465243,12.9,0.0,12.7
3401749096,13.2,0.0,9.3
824190490,12.4,0.0,10.9
2991335554,11.8,0.2,18.3
1658095286,13.4,0.0,7.9
3994994878,13.6,0.0,17.2
1877805294,13.4,0.0,12.6
1743505819,12.6,0.0,14.3
981746398,12.8,0.0,13.2
3230021591,12.6,0.0,15.3
3653131667,11.3,0.0,18.4
3391469721,11.8,0.0,16.9
811785779,11.5,0.9,29.3
214703840,11.6,0.9,26.7
3115233773,14.1,0.0,21.0
765345105,14.5,0.2,20.2
1200687927,11.7,3.3,18.8
2706978473,13.1,0.1,18.2
989518695,12.7,0.8,23.6
135736041,11.8,1.8,27.0
1796895222,13.3,0.2,28.4
1753198986,11.7,3.5,27.0
3085816608,12.8,0.0,22.6
1109492229,13.1,1.3,19.5
1125413664,14.9,0.0,21.7
2665740653,16.6,0.0,20.8
2646846185,14.2,0.0,26.4
1921835269,15.7,0.0,23.4
4176875705,16.6,0.0,17.3
2109949273,15.1,0.0,29.7
346633131,16.2,0.0,23.0
957437541,15.4,0.0,24.8
2979635268,15.5,0.0,24.6
358331623,15.9,0.0,22.1
2486932802,14.7,0.0,25.8
2289609666,15.3,0.0,20.9
2218922473,14.2,0.2,20.1
1303164472,13.4,0.0,17.5
3005950350,16.7,0.0,19.2
3390603576,16.3,0.0,12.1
487783587,15.2,0.0,11.9
3532466892,13.8,0.0,14.4
3602339059,13.2,0.1,14.9
2174321240,15.4,0.0,15.0
2104054229,16.4,0.0,12.4
2289061333,14.4,0.0,15.5
1587082596,15.2,0.0,12.1
3664351848,15.0,0.0,13.4
764702078,15.3,0.0,12.8
3414217297,15.1,0.0,12.6
1774595517,13.3,0.0,18.9
3038466965,14.6,0.1,14.9
2001238082,14.7,0.0,13.9
511977441,14.8,0.0,13.9
1658258771,14.7,0.1,18.5
727989507,16.2,0.0,10.8
2936218173,15.3,0.1,19.8
699415424,15.4,0.0,16.5
2529931445,15.0,0.0,16.9
1873310281,14.4,0.0,13.2
3855348338,13.2,0.0,15.9
1437114762,14.1,0.0,10.8
193770406,13.2,0.0,13.4
1670925149,14.2,0.0,3.7
258058829,12.5,0.0,13.8
1473925101,14.2,0.0,4.7
2214249950,14.2,0.0,4.8
1024114206,13.4,0.0,13.0
2061652510,13.4,0.1,6.5
120004567,13.7,0.0,7.0
1320167105,14.2,0.0,12.3
1997164401,13.7,0.0,14.1
3194466201,13.3,0.0,5.5
2240216912,14.4,0.1,18.4
2308514894,16.1,0.0,14.0
4220270736,14.3,0.0,10.9
832830250,13.5,0.0,13.5
3570410237,10.1,0.0,4.6
1221548185,11.4,0.0,6.0
2674537920,8.1,0.0,13.3
3659941747,7.6,0.0,4.1
3243531357,7.7,0.0,5.2
1329042872,7.2,0.0,5.8
2013616000,8.7,0.0,3.7
884123635,8.5,0.0,5.1
3290904363,11.2,0.0,9.3
4025838712,8.8,0.0,4.9
604253629,8.7,0.0,6.1
2949493780,7.7,0.0,4.6
2108546704,8.5,0.0,5.4
2032556893,7.2,0.0,8.9
2852546528,11.6,0.0,13.0
911768478,10.3,0.0,19.1
1519180099,11.1,0.1,12.5
1426710095,11.3,0.0,13.1
1511754364,9.8,0.0,11.0
21264392,9.7,1.4,20.2
1919621972,12.7,4.3,36.5
260619993,10.2,0.1,37.3
2380732604,9.7,1.7,43.2
318449290,12.1,0.7,37.6
537580984,10.4,0.7,36.0
261669609,10.1,1.3,39.1
2039470947,10.0,0.8,36.3
49302555,10.9,0.9,40.2
1421727182,10.9,0.3,36.7
2969701394,11.0,0.2,37.4
1447018931,11.8,0.7,33.6
2671575524,6.8,0.0,17.7
125274978,9.0,0.0,6.8
4178259310,7.8,0.0,9.9
2896370591,8.9,0.0,8.9
548109127,10.0,0.0,8.8
2119100666,9.3,0.0,4.8
618370476,7.7,0.0,11.2
2835842064,7.6,0.0,6.5
2139053628,8.6,0.0,7.1
3092575913,4.0,0.0,10.4
3614903470,6.9,0.0,2.1
134534905,7.5,0.0,4.4
3202841343,6.9,0.0,2.1
2252216451,5.5,0.0,6.2
2060787481,6.0,0.0,2.9
658389519,5.1,0.0,10.3
590603019,5.4,0.0,5.0
943355834,7.0,0.0,2.9
342492622,6.4,0.0,10.8
1655716098,7.1,0.0,9.1
357002757,7.3,0.0,17.3
2136974543,7.4,0.2,39.5
3131966538,5.8,0.6,41.8
2969570325,6.1,0.1,38.6
4050489327,5.9,0.2,40.9
2480772074,7.3,0.1,29.8
3908969511,6.7,0.2,36.7
4253928136,6.6,0.1,31.8
2626885186,5.4,0.1,36.8
2204093335,6.8,0.0,22.9
3658713800,5.6,0.0,16.1
2531049676,7.5,0.1,12.1
2550589968,6.2,0.0,12.2
601032062,7.5,0.1,12.1
1087610443,7.7,0.0,16.5
3703148219,6.3,0.0,17.1
1684009702,7.3,0.0,16.8
37962400,7.3,0.0,14.4
3990954502,6.8,0.0,14.5
237309464,7.2,0.0,15.0
2317850832,6.7,0.0,16.2
2447463076,6.2,0.0,16.1
886848417,7.8,0.0,22.5
2812634774,8.1,0.2,18.6
3726873934,7.3,0.0,18.1
1812417334,11.6,0.2,30.9
1821102245,11.3,0.0,27.9
1527297871,8.9,0.0,46.8
1264902264,9.3,0.1,37.2
1733041122,11.1,0.0,32.6
1602598170,10.0,0.0,29.2
1872744332,11.0,0.5,24.9
1399083731,8.6,0.1,32.1
3189084744,5.6,0.0,13.0
1697773523,7.1,0.0,1.7
1909972907,6.3,0.0,2.8
2188861191,5.8,0.0,3.1
3016866798,7.1,0.0,1.7
3216826436,7.8,0.0,4.3
3853931311,8.3,0.0,4.7
1811786333,7.8,0.1,5.2
822738347,7.1,0.0,2.2
3789714783,6.7,0.0,5.3
835470100,8.0,0.0,2.2
2490076181,6.7,0.0,3.8
3549257427,8.7,0.0,5.4
2245962468,5.8,0.0,10.6
1557304997,8.7,0.0,13.7
1482198901,8.1,0.0,13.1
3712572073,8.1,0.0,15.5
186922326,10.3,0.0,9.4
1232356414,8.4,0.0,22.8
2605598754,5.8,0.0,10.6
896981752,8.4,0.0,17.4
2854261225,6.4,0.0,10.2
927110877,9.1,0.0,20.6
1897049293,6.9,0.0,14.0
2266771712,8.5,0.0,18.4
4132897116,6.1,0.0,26.6
832557403,7.3,0.4,26.1
573281314,7.0,0.6,25.2
1149671011,6.9,0.1,24.2
3237374602,6.2,0.9,23.5
1589806045,7.8,0.1,27.7
1681302753,6.6,0.1,25.3
1321901949,6.2,0.2,23.9
1761782293,7.2,0.2,19.4
3259739530,4.2,1.8,17.2
2451513359,1.4,0.0,5.0
1452724563,3.0,0.0,8.3
2555557572,3.0,0.0,7.0
220573010,3.2,0.0,6.0
2851280987,3.8,0.1,16.7
418314179,2.5,0.0,1.5
3412844113,3.2,0.0,6.0
625905710,2.1,0.0,7.9
4077489760,2.0,0.0,7.6
3907982561,0.9,0.0,9.4
3506960370,1.4,0.0,8.5
715612751,1.7,0.0,9.7
3114247722,2.5,0.5,13.0
4293746685,0.9,0.0,0.2
39431958,6.5,0.0,10.3
3961342826,3.6,0.0,11.6
3751861376,2.2,0.0,5.0
1527709746,1.8,0.0,2.7
2552626873,1.9,0.0,3.6
2421982254,0.9,0.0,8.5
3146520998,4.2,0.0,3.1
2949149990,3.3,0.0,7.9
495725944,2.2,0.0,8.6
3310492810,3.2,0.0,6.1
886782588,3.4,0.0,7.6
3048438450,3.3,0.0,3.8
2936721968,4.0,0.2,10.5
3383365157,6.6,0.0,13.9
876505127,5.0,0.3,10.0
384594056,6.0,0.0,24.8
1091351979,6.6,0.0,9.0
3310567270,5.1,0.0,19.7
2658238777,5.1,0.0,18.4
3509160668,6.3,0.0,14.4
669639221,6.4,0.0,4.5
2759538436,7.2,0.0,7.7
2912035858,6.4,0.0,4.5
2473168658,6.7,0.0,16.4
4168771292,6.0,0.0,12.1
4100118279,5.5,0.0,12.4
2090632105,6.0,0.0,8.2
2951219585,6.9,0.0,15.4
835037119,8.1,0.0,16.3
2603582645,9.0,0.3,19.6
1757918239,7.9,0.4,31.2
329060541,8.7,2.9,11.0
3149500656,7.3,0.1,18.4
1468366971,8.0,0.1,13.1
3505993726,7.1,0.0,17.1
3168253158,8.3,0.0,12.4
1609760815,6.1,0.0,21.4
2519613263,8.3,0.0,25.5
1301652957,6.8,0.0,16.3
4062555473,5.9,0.0,18.7
2755153690,5.4,0.0,14.6
257063792,5.5,0.0,13.7
1827910794,7.0,0.0,17.7
3448050408,6.2,0.0,15.1
4219575510,5.8,0.0,13.0
4237713302,6.2,0.0,10.6
2523380581,5.5,0.0,15.0
2592354178,6.8,0.0,13.3
2110005079,5.9,0.0,18.0
3274993585,6.3,0.0,19.0
2046721770,7.8,0.0,13.8
2154595224,4.0,0.1,27.8
3987969081,5.7,0.1,8.3
1893417375,4.7,0.1,8.7
1888540008,3.5,0.0,12.0
353212580,3.6,0.4,12.7
720293798,3.6,0.1,10.7
735760360,4.9,0.3,8.1
605903220,4.3,0.1,9.2
3734760345,3.8,0.0,9.4
2612062275,5.9,0.0,17.1
2799680890,5.1,0.0,10.3
2575122160,5.0,0.0,6.5
2657188111,4.7,0.0,9.2
3511203995,5.0,0.0,6.5
3630418155,4.9,0.0,9.4
1600074386,4.1,0.7,13.2
1107448972,3.7,0.8,10.2
175543144,2.5,0.1,10.0
1980902797,3.5,0.5,9.9
2349556373,5.3,0.1,9.9
3419972200,6.5,0.2,13.2
876737579,5.0,0.0,11.5
3846785392,5.6,0.0,7.8
1412746226,5.8,0.4,10.4
2058592440,4.9,0.0,9.2
476526619,3.6,0.4,12.9
3453038817,3.7,0.3,11.4
2733233606,6.0,0.0,16.9
3251752189,4.4,0.0,13.9
4086512943,5.6,0.0,16.4
65037192,5.6,0.0,17.7
2004660485,4.6,0.0,19.0
1098578617,5.7,0.0,17.5
3533874174,12.7,0.0,14.8
4135842914,12.1,0.0,15.3
1108430993,10.5,0.0,19.1
4077313848,11.0,0.0,17.9
263940788,12.8,0.0,14.0
2776558330,12.9,0.0,12.0
2559995287,11.6,0.0,18.7
925535434,12.8,0.0,18.3
3282299555,12.3,0.0,16.5
2091627530,12.1,0.0,16.5
444999818,12.1,0.0,18.3
3055938729,10.2,0.2,33.8
1502149236,9.1,0.0,15.0
307248016,9.8,0.0,14.8
279797970,7.6,0.1,22.5
2457730975,9.0,0.0,3.3
549263505,8.8,0.0,2.0
3046678211,8.6,0.0,8.0
1150172059,8.9,0.0,5.1
1113063765,9.1,0.0,4.2
1992292101,8.1,0.0,11.2
508896767,9.7,0.0,9.0
342293663,8.6,0.0,5.7
771187505,10.1,0.0,1.8
128010565,8.6,0.0,5.4
1634966707,8.8,0.0,3.3
3294204884,8.6,0.0,6.1
1470040122,8.7,0.0,23.2
3797054001,8.8,0.0,11.6
1909957529,12.0,0.0,10.1
3327436778,10.6,0.0,4.6
2469783961,9.9,0.0,17.8
4822682,11.9,0.0,18.7
2932847491,11.0,0.0,17.7
208102227,11.2,0.0,11.6
2948507696,11.4,0.0,15.0
1751813504,11.4,0.0,12.7
177591001,10.7,0.0,7.7
2992028486,10.3,0.0,9.8
2474767530,14.6,0.0,14.5
1514519506,17.0,0.0,14.6
1895046835,14.9,0.0,12.9
4128443607,15.3,0.0,12.9
4081444402,14.9,0.0,18.6
1466446876,15.8,0.0,15.3
2232048341,12.5,0.0,18.6
4076075135,15.8,0.0,11.2
418241636,16.6,0.0,18.0
1826469574,15.2,0.0,16.3
3664884902,16.5,0.0,18.4
250350862,15.5,0.0,17.5
2225388396,6.9,0.0,13.2
3208580472,6.2,0.0,11.4
3556400255,7.9,0.0,16.9
492570205,7.0,0.0,16.8
1782072085,8.5,0.0,14.7
3383997389,7.8,0.0,16.7
2681295383,7.0,0.0,10.1
632765840,7.9,0.0,17.3
3904616595,7.1,0.0,9.6
3983591739,7.4,0.0,18.1
2534949927,6.5,0.0,8.6
4256304751,7.5,0.0,13.8
1281616226,7.5,0.0,13.7
856015537,7.5,0.0,17.1
1820249481,7.2,0.0,20.1
1799522402,6.9,0.0,12.0
1971885387,7.9,0.0,13.2
1574275763,6.4,0.0,20.3
1554039979,10.1,0.0,13.2
1999742123,13.5,0.0,7.3
1340418294,14.3,0.1,10.8
1017766105,14.7,0.3,8.6
641533393,15.6,0.0,5.1
2723451525,14.3,3.8,16.4
183138447,14.8,0.0,10.8
3772302691,14.6,0.0,11.4
2984541798,13.4,0.0,14.3
1879501760,11.0,0.0,21.5
3494846698,11.5,0.0,21.4
137825898,9.8,0.0,22.1
4152937980,11.1,0.0,21.1
2908018262,12.1,0.0,17.5
1440362995,11.5,0.0,18.0
320640996,12.5,0.0,18.3
102399826,10.7,0.0,24.9
3087583890,10.8,0.1,21.8
2382654622,11.7,0.0,18.9
1453146600,12.4,0.0,16.5
2655524317,14.5,0.0,19.2
3600761145,13.2,0.0,18.1
466323085,13.0,0.0,17.9
3708244553,12.7,0.0,21.3
3298538645,13.0,0.0,17.2
1213553646,12.8,0.0,16.4
1971269478,13.0,0.0,18.7
4011086304,14.3,0.0,15.5
751908222,13.8,0.0,19.2
201395544,12.5,0.0,21.9
3082326073,14.0,0.0,20.0
1354625918,17.2,0.0,20.8
2279828169,13.8,0.0,18.4
3458459483,15.4,0.0,20.0
3540657530,12.5,0.0,19.5
1179577615,17.6,0.0,17.9
678266594,18.6,0.0,21.2
1764214710,11.9,0.0,17.6
1797346458,17.6,0.0,17.9
3099084098,13.7,0.0,22.5
422645472,12.2,0.0,16.5
381026744,14.3,0.0,19.9
3552408794,14.8,0.0,21.0
3883455569,14.2,0.0,1.3
1452566981,14.8,0.0,6.4
1355809463,12.9,0.0,5.4
1227417266,12.7,0.0,4.5
257416946,14.4,0.0,5.3
1188580572,14.0,0.0,4.2
29006163,18.1,0.0,12.2
2992308896,20.1,0.0,12.9
4035399943,18.2,0.0,12.4
713929265,19.6,0.0,11.0
3002587242,19.0,0.0,11.7
441580538,19.4,0.0,17.0
3578404600,19.4,0.0,12.8
3948053919,21.1,0.0,16.1
2403360923,21.0,0.0,13.5
1303860233,19.4,0.0,11.0
1732742860,11.5,0.1,26.8
2462341060,14.0,0.1,19.8
1071386134,12.3,0.2,15.1
377596476,16.2,0.0,18.5
3739089408,14.1,0.1,16.7
1049818598,16.2,0.0,18.5
3396556038,16.4,0.0,26.1
2146024760,13.9,0.0,23.3
1122285032,15.6,0.0,23.4
2542698970,11.6,0.4,22.0
3024479162,15.0,0.0,24.3
807565003,10.7,0.3,21.5
111451733,9.6,0.4,8.2
2630242829,12.2,0.0,4.2
3805516002,13.5,0.1,20.0
3315839191,10.7,0.3,4.8
972544750,12.3,0.0,7.9
2144402893,14.4,0.0,14.9
2507106208,11.3,0.7,6.7
937092869,9.9,0.8,8.9
3376483524,11.0,0.4,9.5
3639047004,11.3,0.4,5.2
1978597964,11.5,0.1,5.8
3972153514,12.7,0.1,13.2
3423556901,11.8,0.0,9.5
1441961605,15.0,0.1,6.9
2735384240,17.0,0.0,9.0
1145527189,14.8,0.0,11.9
220203546,14.9,0.0,8.5
783719817,16.1,0.0,11.4
3174535318,14.9,0.0,3.2
2989231725,15.6,0.0,5.3
2907104570,14.5,0.0,8.2
4192588094,13.6,0.0,11.0
1150356653,14.3,0.1,10.3
2501449472,18.0,0.0,8.1
1388057428,18.7,0.0,11.2
2309161007,21.1,0.0,11.8
2450034030,23.1,0.0,9.3
142936493,23.3,0.0,6.0
3063689897,13.9,0.0,18.6
4009650316,14.4,0.0,14.3
3850976120,15.1,0.0,20.2
2703072119,21.3,0.0,12.2
2980317319,15.1,0.0,12.9
3127959514,13.6,0.0,18.1
3432027380,13.7,0.0,14.9
1349695818,15.5,0.0,15.7
1762754922,20.3,0.0,15.3
1248015467,15.0,0.0,15.4
134453713,13.9,0.0,20.4
1340755503,16.9,0.0,20.8
969989567,16.5,0.1,16.1
1701647380,19.3,0.1,18.4
421218517,17.3,0.0,15.0
3925379323,18.3,0.0,13.5
4014406504,21.1,0.0,15.4
1082990927,20.2,0.0,15.6
3424497970,18.7,0.0,15.6
2230421186,20.8,0.0,13.6
2337041513,19.0,0.0,12.2
1995678817,19.2,0.0,14.5
533447454,16.9,0.0,15.2
3561355748,20.0,0.0,16.8
3079491474,20.8,0.4,23.3
4078556013,24.5,0.0,24.1
1898420309,24.4,0.0,20.1
3192130103,24.2,0.0,17.1
2247535434,19.8,0.0,27.7
288925234,17.8,0.2,24.2
1753445521,22.5,0.0,20.4
3121653590,24.2,0.0,17.1
2812625418,21.1,0.0,24.8
491505366,23.8,0.0,23.0
2076065408,22.9,0.0,21.9
1967057168,22.8,0.0,21.1
316923716,21.5,0.0,12.7
122594849,21.5,0.0,18.0
3966784056,19.3,0.0,9.4
4015638523,22.7,0.0,13.2
3302939990,19.6,0.0,8.4
3379181759,25.4,0.0,20.0
1388630296,20.5,0.0,9.3
1753479010,21.1,0.0,12.0
440750370,19.9,0.0,11.3
2680808804,21.0,0.0,15.1
2436084561,21.0,0.0,14.0
766338542,22.0,0.0,9.4
2303611732,25.1,0.0,11.9
1720221913,17.7,0.0,16.6
3790028973,22.7,0.0,14.9
3585954697,17.4,0.0,15.8
3626615004,20.2,0.0,16.8
375193314,19.6,0.0,18.4
3220663315,19.5,0.4,9.7
416360859,18.7,0.0,17.5
3927727502,19.2,0.0,14.8
1758487140,23.0,0.0,15.0
3955214103,15.7,0.0,14.1
2148818918,20.8,0.0,1.7
630926561,20.1,0.0,2.6
4158893272,21.8,0.0,1.9
404656887,19.3,0.0,6.1
700976141,19.7,0.1,5.3
1130815671,19.5,0.0,0.7
2390493813,21.6,0.0,1.0
966925768,21.4,0.0,2.3
2320933962,20.1,0.0,9.1
3537060077,20.4,0.0,4.0
1917046576,20.7,0.0,3.5
3208449490,21.1,0.0,1.8
1415135560,17.6,1.2,23.8
1975835906,20.0,0.0,25.0
112018854,18.3,0.0,23.6
1034306230,18.4,0.3,25.4
1981686047,18.7,0.0,22.7
2408322505,19.8,0.0,25.6
2372116097,17.5,1.7,25.3
198557136,19.4,0.1,21.5
3481909358,21.0,0.0,25.2
368060203,19.8,0.0,26.7
1143901890,20.2,0.0,29.4
2267925058,18.0,0.2,22.7
1400244873,18.7,0.0,22.6
2692775275,21.0,0.0,18.6
178474645,19.7,0.0,19.5
1174755486,21.7,0.0,20.2
5142685,19.9,0.0,28.1
553783069,20.2,0.0,25.0
2208314787,20.2,0.0,17.7
1855630882,21.0,0.0,25.4
848868806,14.0,0.0,14.8
4020022300,16.5,0.0,21.1
1301581917,17.2,0.2,17.7
260096660,14.5,0.0,19.6
2277437273,15.1,0.1,15.1
499984024,16.4,0.0,20.7
3035240195,17.2,0.2,17.7
2418271418,16.1,0.0,21.0
1374240108,13.0,0.1,16.6
1351053564,17.3,0.0,19.7
1389796766,14.5,0.5,16.6
2034700585,14.4,0.3,16.7
4089015724,12.8,1.6,16.7
4086501750,11.5,2.1,18.1
3811341392,18.8,0.0,15.0
3861069529,16.7,2.0,20.5
2179763068,14.9,0.2,11.9
46259191,11.8,1.4,15.9
887054929,15.8,0.6,30.5
4273737987,16.3,0.4,17.6
1385528053,19.9,0.0,25.5
4186586125,14.0,0.2,12.4
3550016,19.8,0.0,19.8
252816095,19.2,0.0,22.4
714406353,17.4,0.0,14.2
4060012621,17.4,0.0,14.2
3506554208,14.0,0.0,20.9
2482803508,14.4,0.0,19.0
1422081221,15.1,0.0,19.8
3324383415,15.6,0.0,20.6
523422199,15.6,0.0,19.1
969358700,14.7,0.0,19.1
1942902937,15.9,0.0,20.0
3457900845,17.4,0.0,19.5
4131305238,15.0,0.0,17.8
963433550,14.1,0.0,20.7
41729509,16.3,0.0,8.9
1543195286,15.9,0.0,7.1
1067664170,16.5,0.0,15.7
3651171845,13.2,0.0,28.8
2912264615,11.9,0.0,36.7
671862049,13.1,0.3,39.9
36561983,11.0,0.1,26.9
2160962021,12.9,0.2,29.4
2813666522,11.2,0.5,30.8
3484002188,13.2,0.0,35.5
311210733,14.0,0.1,41.3
2193086131,11.2,0.1,26.3
399621353,13.7,0.0,36.1
1490398670,11.5,0.0,37.6
3043207017,13.8,0.0,2.3
2015670478,14.8,0.0,1.8
1199979946,14.8,0.0,6.0
2715978751,15.5,0.0,7.5
1244502062,14.8,0.0,1.8
1893706030,14.6,0.0,5.3
1686028134,14.0,0.0,8.5
2245255505,12.4,0.0,5.0
4027072624,13.7,0.0,15.9
2554797612,13.2,0.0,11.3
3783864176,12.3,0.0,16.0
3423332103,11.1,0.0,11.6
3644084836,14.3,0.0,19.8
3368895570,12.1,0.0,10.0
3040358915,13.4,0.0,14.0
3909099184,13.6,0.0,21.3
344476275,11.6,0.0,8.3
2545678858,12.7,0.0,13.5
3451686364,11.9,0.0,15.9
3415846446,14.8,0.0,19.6
3275605552,9.0,0.1,31.2
3974287013,7.9,0.0,24.4
165501150,8.9,0.0,22.1
332211221,10.8,0.1,17.4
291739409,8.0,0.0,23.3
1778440177,10.8,0.1,17.4
2918416060,8.9,0.0,21.7
2111837441,10.4,0.0,20.9
2913570759,10.9,0.0,20.9
3529385493,9.9,0.1,24.2
1138707771,9.9,0.0,24.0
2130950360,10.9,0.0,25.1
2602425845,11.0,0.0,29.3
2695905082,12.4,0.0,20.9
911189297,14.8,0.0,14.4
2769732281,16.7,0.0,13.4
3866140827,13.4,0.0,12.9
509408449,13.4,0.0,13.9
120424837,12.4,0.1,14.7
317198858,11.8,0.0,12.7
1467724645,12.4,0.0,15.0
382079432,14.1,0.0,12.6
1969338154,14.2,0.0,10.3
4239780235,12.3,0.0,14.8
2149398668,14.5,0.0,14.9
1348907243,13.3,0.0,11.0
2344603293,13.3,0.0,8.5
584212935,9.9,0.0,15.1
2569175718,13.2,0.0,7.9
2095308865,10.5,0.0,16.4
2845533593,11.1,0.0,10.8
3549457646,9.6,0.0,14.3
773502079,3.7,0.0,21.3
13920376,6.6,0.0,9.2
677649304,7.6,0.0,18.3
1186900851,6.3,0.0,11.5
3645061603,4.9,0.0,5.3
3375332391,7.6,0.0,18.3
2778263242,6.2,0.1,12.8
134201330,7.3,2.5,25.5
2464521195,7.4,0.6,24.5
932564760,6.5,0.1,27.9
1505864686,6.6,0.3,26.8
72051050,5.8,0.0,19.3
296363212,7.2,0.0,20.1
2459352323,6.3,0.1,6.9
2933500315,6.2,0.2,5.7
3650159534,5.2,0.7,5.4
2649462044,6.5,0.1,12.0
2906872225,7.5,0.0,15.0
73625492,5.3,0.5,15.2
1253409743,5.3,0.6,6.9
2538347276,6.3,0.8,25.2
1770289415,7.0,0.0,18.9
4272192427,8.9,0.0,17.4
2906868018,5.0,0.5,12.3
3824381263,5.0,0.9,5.7
3524360283,8.4,0.0,12.1
2697384307,11.0,0.1,37.2
3684932710,10.9,0.1,28.5
3836728624,13.8,0.6,31.0
3347385635,14.1,0.1,37.0
769390260,14.4,0.1,21.3
2078106696,14.8,0.9,31.0
148877405,13.8,0.2,35.4
1028104960,14.6,0.0,33.1
2906090811,13.6,0.2,32.3
2665734938,14.5,0.1,31.3
2006626582,14.0,0.1,33.7
3478935065,10.5,0.0,22.2
3034173370,9.1,0.0,5.2
2493911940,7.8,0.0,19.9
4171699061,7.7,0.0,21.5
3176148343,9.7,0.0,21.7
2833125829,7.4,0.0,17.2
954916423,7.3,0.0,18.0
740074374,7.7,0.0,16.3
3593502220,10.1,0.0,15.3
1640268908,7.8,0.0,10.4
2146707004,8.2,0.0,11.9
1255321383,11.2,0.0,15.4
4215029116,8.8,0.0,18.4
237750153,11.1,2.7,33.2
872294048,9.2,0.0,18.6
2569251981,7.9,0.0,13.4
1101018900,6.6,0.0,17.1
2936436988,6.8,0.0,13.4
712701463,9.0,0.0,22.3
988216811,9.1,0.0,9.8
3811946539,6.8,0.0,13.9
600231830,6.9,0.0,14.5
2586777479,6.8,0.0,18.5
2121583268,6.6,0.0,12.6
4006838074,7.9,0.1,15.5
2795153176,5.8,0.0,15.6
1017162971,5.0,0.0,13.8
3843243938,5.9,0.0,11.8
187692534,4.9,0.0,15.3
3584690068,4.9,0.0,13.1
1014840196,5.5,0.0,18.1
2562380213,4.7,0.0,23.6
3037065130,5.2,0.0,13.4
4033694239,5.2,0.0,19.1
1736644078,6.6,0.0,15.7
3818793448,5.0,0.0,23.8
2030481416,6.3,0.0,7.3
3904055389,6.1,0.0,11.0
96828807,4.5,0.0,8.9
4118039902,5.4,0.0,8.2
3881783997,4.7,0.0,10.1
4144535799,4.8,0.0,6.7
870232493,6.0,0.0,14.5
2037557715,5.1,0.0,17.5
760696562,4.9,0.0,6.5
620728601,5.0,0.0,15.4
3093236771,6.9,0.0,10.9
94611574,6.3,0.0,20.5
2643107032,5.9,0.0,7.6
3622587400,5.2,0.0,23.3
3688086895,6.9,0.0,18.5
3706377960,5.7,0.0,15.3
2589897083,5.2,0.0,23.2
3665141392,5.0,0.0,20.8
2694926419,5.3,0.0,24.0
355940256,4.3,0.2,25.7
2008792606,5.1,0.0,23.2
2330220471,5.3,0.0,24.7
2596512119,5.2,0.0,27.0
4210369367,5.3,0.1,20.0
3866540254,1.8,0.0,12.0
964481082,1.7,0.0,15.2
2032017533,3.1,0.1,18.3
2012306061,3.7,0.0,11.2
2933031497,1.7,0.0,14.2
3565052277,4.3,0.0,10.1
1317665208,2.9,0.0,12.0
3071767255,1.6,0.0,12.3
2127314277,2.2,0.0,11.2
868714897,3.5,0.0,4.0
2297190005,3.2,0.0,10.7
1443526422,3.4,0.0,10.4
2808348508,7.4,0.0,8.0
221402537,7.7,0.0,12.6
4137805898,9.9,0.0,5.1
970407606,7.4,0.0,10.7
2808353660,8.8,0.0,9.9
3324653932,9.5,0.1,13.7
3527902040,9.9,0.0,5.1
2483457222,8.3,0.0,10.2
2974689462,7.7,0.0,9.1
2270008477,8.9,0.0,9.0
1106635356,9.9,0.0,9.3
2279162839,8.9,0.0,11.4
2453520623,9.3,0.0,28.1
780750500,6.3,0.8,18.0
798380517,7.4,0.3,32.8
383351290,6.7,0.0,20.2
3996095938,8.6,0.1,23.8
1118487756,7.8,0.0,29.1
1276842291,6.5,0.0,24.2
3668697017,8.3,0.0,22.5
3477995157,7.9,0.0,30.2
1959977806,8.6,0.0,25.6
3901482983,7.6,0.0,18.3
3573724047,8.1,0.0,24.7
875589126,7.7,0.0,34.2
2400870079,5.7,0.1,24.2
2659219283,9.4,0.0,27.4
2190419860,4.3,0.9,20.9
3302473970,5.3,0.7,28.0
2873730065,7.9,1.2,37.8
3426133960,5.1,1.2,22.8
1919187825,6.2,0.3,21.2
2658036107,8.6,0.0,22.2
3591917497,5.2,1.1,25.3
260791506,9.6,0.3,23.3
2467875247,9.4,0.0,9.8
1614177589,8.3,0.0,12.7
4283878536,9.0,0.0,17.5
1269556317,8.4,0.0,16.6
913249774,8.8,0.0,20.5
709386941,9.7,0.0,9.5
2656930010,9.4,0.0,9.8
3161062207,8.1,0.0,15.5
2762878539,8.2,0.1,16.3
3390737313,8.2,1.5,17.5
325436764,9.1,0.1,16.4
4077283778,8.2,0.1,19.3
578411362,2.0,0.0,24.4
241944334,0.9,0.0,18.4
2349411260,2.1,0.0,22.4
1899433659,9.7,0.1,18.9
3798049432,8.8,0.1,17.3
1120458976,10.6,0.2,16.1
2554254454,6.3,1.0,19.8
2334804865,7.3,2.5,12.9
3018720626,8.0,0.0,16.2
1898792973,10.2,0.0,13.5
1605357862,9.7,0.0,19.2
3977598840,10.7,0.1,29.5
345057494,7.9,0.8,13.9
3316995480,10.0,0.3,20.2
3960402840,7.8,0.1,12.0
1554016206,7.9,0.0,15.2
2315977431,5.7,0.0,7.9
3589615644,5.2,0.0,10.4
980253992,3.8,0.0,11.3
2323959006,5.5,0.0,10.6
2583567518,4.1,0.0,9.6
4052460548,5.7,0.0,9.4
4012332006,5.8,0.0,0.2
1705909301,5.5,0.0,5.8
945232221,3.7,0.0,11.5
3284543439,3.5,0.0,10.7
2860317801,4.4,0.0,6.7
310111591,6.1,0.0,9.3
3295260258,4.6,0.0,13.9
576124587,6.3,0.0,10.9
1932122427,6.1,0.0,8.4
2853579987,4.8,0.0,16.8
1040243617,4.6,0.0,13.2
3893563083,4.1,0.0,6.4
3463081565,6.3,0.0,6.8
3533723097,5.0,0.0,29.4
2691472407,11.7,0.6,22.2
927227382,12.8,0.0,21.0
3286311479,12.2,0.0,23.3
2499020378,12.6,0.0,13.8
2600945918,12.1,0.1,11.1
3493325865,12.5,0.0,24.4
3370635360,12.2,0.0,24.4
2393288080,11.3,0.0,21.7
2641327833,11.9,0.0,21.7
4197529825,13.6,0.0,23.4
1397054503,12.2,0.0,14.7
479560439,12.4,0.1,12.1
2374894299,13.0,0.0,19.6
775394638,13.9,0.0,21.5
2439240499,14.4,0.0,19.7
1814580391,10.1,0.0,13.5
2040016597,8.6,0.0,15.1
1361271174,9.1,0.0,8.7
3563872939,10.7,0.0,15.2
905087471,9.0,0.1,11.0
87394183,7.0,0.1,14.9
3906839087,10.4,0.1,18.3
4021509341,8.2,0.0,8.9
1782694556,8.9,0.2,16.2
2621175906,7.2,0.0,14.8
2422966476,9.0,0.2,18.9
365923459,9.1,0.0,7.4
83065322,14.2,0.0,10.8
1086548580,9.6,0.0,6.3
2683447526,9.4,0.0,11.3
1473692800,9.0,0.0,7.4
3579800065,8.0,0.0,9.2
2525040988,8.9,0.0,8.8
188283418,7.4,0.0,9.5
1623161681,8.3,0.0,7.0
835640044,8.1,0.0,10.2
3203119699,8.0,0.0,9.2
1699607788,11.3,0.0,9.8
1607626271,11.3,0.0,6.2
2183958394,9.9,0.0,23.8
1342018844,11.0,0.0,21.7
913797271,11.4,0.0,23.2
3479164632,10.4,0.0,22.4
3300653628,11.9,0.0,20.3
2226254554,10.6,0.0,19.7
1158513046,12.1,0.0,16.9
3653511196,9.7,0.0,25.8
1673218927,10.0,0.0,14.4
2863846090,9.4,0.2,15.0
472919988,9.9,0.1,15.5
2267058695,10.2,0.1,8.2
994318044,10.4,0.0,11.8
1892658489,9.4,0.1,14.9
1531832487,9.6,0.0,14.3
528147296,8.8,0.0,12.1
2762532913,9.6,0.0,17.3
1779694838,8.1,0.3,15.6
84639101,9.6,0.0,15.8
978766500,13.6,0.0,13.6
3971102641,15.4,0.0,20.0
1205890951,14.0,0.0,21.5
691212979,15.2,0.0,15.7
4112528050,14.5,0.0,19.8
743601837,13.4,0.0,19.1
3287624988,15.4,0.0,16.5
272494046,13.4,0.0,19.8
1016212756,15.0,0.0,19.3
3725251666,12.0,0.0,18.1
1240843540,15.2,0.0,20.1
1159151181,14.4,0.0,22.7
1234661554,14.6,0.0,6.0
2033856318,11.4,0.0,5.9
3338866903,12.2,0.0,6.0
802670119,13.2,0.0,7.2
2390165673,13.1,0.0,3.6
1134328879,12.2,0.0,6.0
1020123058,13.0,0.0,2.3
376341025,13.2,0.0,3.8
2109673363,13.9,0.0,8.4
3101083303,13.2,0.0,4.0
2428331037,11.4,0.0,5.2
2406122748,13.9,0.0,5.8
1168087003,13.9,0.1,28.1
3742409039,7.8,0.1,36.9
3447488928,8.8,0.1,27.6
191084909,8.7,0.0,24.4
462212624,8.0,1.0,25.0
246058128,7.9,0.4,22.3
1372383915,10.1,0.0,10.7
1958765625,15.9,0.1,28.3
3531427673,11.7,0.0,31.4
543471581,13.4,0.2,32.6
1607736002,15.1,0.4,33.6
1833870666,13.3,0.2,32.8
781451784,16.1,0.1,32.3
3520714447,14.6,0.0,34.4
2073236395,12.9,0.1,23.8
375667826,14.9,0.1,31.2
2884189705,13.9,0.5,18.5
2942833869,14.9,0.0,9.2
2340626389,12.3,0.0,14.2
1527490531,11.7,0.0,16.6
1856750813,12.9,0.0,22.5
1014998390,14.9,0.0,9.2
4273646958,12.8,0.0,12.6
4030880270,13.4,0.0,12.3
3942681163,13.6,0.0,12.3
1846683298,14.2,0.0,13.1
3913360760,13.4,0.0,11.6
427116754,13.4,0.0,14.6
4179312241,17.1,0.0,23.8
2704745150,9.2,0.2,27.4
2742311868,11.4,0.0,26.0
797635092,10.0,0.0,32.5
1871055466,8.1,0.3,26.8
3891798429,8.5,0.0,27.8
172939405,10.1,0.0,28.8
1900742476,10.9,0.0,24.6
3949100975,9.0,0.0,25.7
1187737377,10.7,0.0,25.1
1333220479,7.2,0.2,18.0
2238559319,10.1,0.3,19.1
3303117055,16.5,0.0,17.0
1105249007,12.0,0.0,19.3
3758015318,11.2,0.0,17.1
1008780830,16.8,0.0,21.8
184818957,15.8,0.0,26.3
1826099880,15.8,0.0,19.0
2616341707,11.7,0.1,22.0
2929401379,10.4,0.1,19.8
576661731,16.7,0.0,11.9
3721556992,13.1,0.0,18.5
4235857168,16.7,0.0,11.9
2692209957,12.8,0.1,20.0
3330975460,15.2,0.0,17.0
1874723627,15.1,0.0,13.9
1490189070,14.8,0.0,15.1
382094033,14.3,0.0,14.7
186824093,13.3,0.0,12.9
2543776981,10.6,0.0,13.1
1983280042,11.8,0.0,25.1
1002335246,12.9,0.0,25.2
4284993839,13.0,0.0,23.5
406446433,12.2,0.0,23.5
1420509270,13.5,0.0,23.1
4134934693,16.2,0.0,27.2
2927536317,18.6,0.0,7.4
1874557022,19.5,0.0,2.3
4069975024,17.2,0.0,6.2
235751978,18.6,0.0,6.6
1673442805,18.8,0.0,5.0
3566748947,19.3,0.0,6.5
2204488348,19.0,0.0,1.3
4123793369,18.2,0.0,1.0
2867122896,17.8,0.0,11.6
667975366,20.0,0.0,7.0
4030482678,17.7,0.0,1.0
606574058,12.4,0.0,24.0
3184186818,12.9,0.0,25.8
2111465153,13.6,0.0,17.5
938556979,22.5,0.0,9.0
2340324448,19.0,0.0,7.6
3694732477,15.2,0.0,6.4
233393597,12.3,2.2,7.6
997711478,22.5,0.0,9.0
2839531275,18.1,0.0,7.3
1024368783,19.3,0.0,9.2
1375655010,20.2,0.0,10.9
2961757573,17.7,0.0,7.2
2972636212,21.1,0.0,6.0
753703205,20.2,0.0,6.2
705446697,19.9,0.0,6.8
2271631855,16.0,0.0,17.0
975872805,23.0,0.0,5.6
3186712347,22.2,0.0,7.3
2597476188,19.5,0.0,15.5
1001871293,19.1,0.0,14.3
4223582792,22.5,0.0,6.9
1162598605,19.4,0.0,17.0
673863132,18.9,0.0,19.4
1884179849,18.9,0.0,12.2
115074028,19.9,0.0,24.0
2126589386,21.8,0.0,6.9
447498504,21.2,0.0,9.5
29928112,32.9,0.0,15.9
3567093304,27.1,0.0,12.6
1345212714,27.5,0.0,4.0
3899124147,28.0,0.0,10.1
1163145154,32.9,0.0,15.9
820378357,32.1,0.0,14.5
1823185152,26.6,0.0,13.0
2395914494,29.1,0.0,10.3
699467882,29.0,0.0,10.2
242077023,32.9,0.0,15.9
4208650001,28.7,0.0,8.3
3476172950,30.3,0.0,10.9
2179826681,20.4,0.1,10.6
3147846799,24.3,0.0,3.9
3583850903,18.9,1.6,15.0
1577870654,20.9,0.1,12.5
1047644055,22.0,0.0,0.4
2035596631,20.8,2.6,11.7
1858121082,17.2,0.0,25.4
2249691878,20.6,0.1,3.6
1917579128,20.3,0.0,9.8
962343815,19.1,0.2,4.3
2620293313,18.4,0.4,6.3
733826167,20.2,0.3,31.3
546557221,17.7,0.0,33.9
674279893,22.4,0.0,19.5
1110637588,21.0,0.0,16.3
828602276,21.2,0.0,27.4
2781010921,22.2,0.0,27.8
4082299543,21.9,0.0,15.4
3205234935,23.6,0.0,27.5
638042067,21.9,0.0,29.0
354211203,21.0,0.0,25.3
1714304692,22.5,0.0,22.8
345401802,22.1,0.0,20.0
527024224,22.9,0.0,11.2
3935529560,20.3,0.0,8.1
1227224184,20.1,0.1,4.0
3125287012,21.0,0.0,7.4
3636904467,22.9,0.0,11.2
1673740535,23.1,0.0,10.1
2809414692,19.9,0.0,5.2
1757579091,21.3,0.1,3.2
3986675656,21.2,0.1,3.4
2768815055,22.9,0.0,11.2
3557014632,18.3,0.0,14.9
3714399269,21.2,0.1,4.7
2520933807,21.4,0.0,17.1
1175889415,19.0,0.4,16.3
729365997,23.9,0.3,17.4
1526932835,20.3,0.2,18.5
1752879982,22.8,0.0,18.3
401239405,22.5,0.8,14.6
2106544947,23.7,0.1,14.4
1268651424,19.6,0.0,25.6
602985822,21.8,0.2,14.8
1251522078,22.5,0.0,18.3
3515800771,22.1,0.0,18.6
411948808,23.7,0.1,14.4
2735276757,17.9,0.5,11.3
3517387860,16.8,0.0,6.0
4124037297,17.9,0.1,14.8
3474763803,16.4,0.0,11.0
4093015325,17.8,0.0,1.8
3328811087,18.4,0.0,6.1
789046471,17.1,0.0,2.6
759878994,16.7,0.0,5.9
1536096337,18.2,0.1,5.9
4277381862,17.2,0.1,12.7
393045581,16.1,0.0,13.0
599055458,17.3,0.0,3.1
654698664,14.7,0.0,20.3
1560972180,13.9,0.0,17.7
2849294262,15.8,0.0,22.8
3138500773,15.1,0.0,20.4
2534780981,16.1,0.0,21.5
2518585998,15.3,0.0,17.8
1890964941,16.2,0.0,16.8
3995060413,16.9,0.0,8.7
1356712700,15.9,0.0,19.6
87776312,15.3,0.0,17.2
68558045,15.2,0.0,17.4
42343549,16.2,0.0,16.8
1960022128,17.1,0.1,15.7
3645970270,15.3,0.0,13.9
2723344347,12.9,0.0,19.3
588195615,17.0,0.0,22.1
2736151192,14.4,0.9,11.1
1136608191,13.9,0.3,21.2
3763890114,14.1,0.1,23.7
2993101289,12.8,0.0,20.0
1131398869,16.3,0.0,14.7
606234572,17.2,0.0,22.5
3493959725,17.5,0.0,16.7
750845967,14.4,0.1,9.0
1959064397,13.2,0.0,19.1
3208452510,11.4,2.3,38.9
3108445972,14.5,0.0,23.6
1593035121,18.5,0.0,23.9
2361837938,13.9,0.2,29.8
3403075958,16.7,0.0,17.7
1426005311,17.0,0.1,20.8
3391288787,18.5,0.0,23.9
3412482380,14.4,0.1,27.5
1494541391,16.4,0.0,24.9
374080991,16.6,0.1,23.4
4149199206,17.1,0.0,26.5
326725502,16.1,0.0,26.8
3331830381,17.7,0.0,28.9
2800562644,17.3,0.0,26.2
201626192,17.5,0.0,27.1
4078178271,17.7,0.0,31.5
2585268812,13.0,0.2,24.5
260264741,13.4,0.0,22.0
647171407,15.7,0.0,15.5
3594835660,15.1,0.0,12.8
1977264520,15.2,0.0,20.4
1672870703,15.3,0.0,20.7
1025454086,15.0,0.0,22.6
3892075046,15.4,0.0,14.4
3734619526,15.3,0.0,14.6
498566963,15.1,0.0,13.9
2285833262,16.1,0.0,12.7
4049010482,14.4,0.0,12.3
940531479,13.6,0.0,20.5
1017012705,12.9,0.0,32.6
2209553289,13.9,0.0,28.8
81029654,16.5,0.1,26.8
2668230922,11.8,0.0,22.0
2342926605,15.7,0.0,26.0
2349231012,15.6,0.0,22.0
4045133207,16.5,0.1,26.8
552332379,11.3,0.1,17.4
3318644860,12.6,0.0,17.2
368505679,12.6,0.0,17.9
3859633959,14.7,0.0,26.9
312302772,15.1,0.0,18.2
1560739164,16.4,0.0,16.8
320428787,16.5,0.0,20.9
3725312833,16.8,0.0,15.8
3286229089,16.6,0.0,25.1
3464391514,15.8,0.0,28.1
604929314,15.8,0.0,21.6
3969114109,15.1,0.0,20.4
835026879,16.5,0.1,20.3
510523549,16.5,0.0,17.6
3476741979,17.5,0.0,15.1
3407027471,16.3,0.0,17.0
482350134,16.9,0.0,16.9
1273666048,13.9,0.0,15.0
3469233437,14.3,0.0,16.6
133420330,16.7,0.0,15.8
3448748317,15.7,0.0,18.0
1761842611,15.0,0.0,18.0
699374229,16.9,0.0,16.9
1904677222,14.8,0.0,16.9
1263423474,15.5,0.1,15.0
3772382000,15.5,0.0,18.5
1630625131,16.3,0.0,21.4
3732381695,14.4,0.0,14.0
2576892547,20.0,0.0,19.8
1832936539,21.3,0.0,17.3
2696630200,13.9,0.3,23.1
689894352,12.2,0.6,15.3
2783315242,18.6,0.0,15.0
2799537071,15.6,0.3,15.6
750873835,13.7,0.1,12.0
1919935458,21.3,0.0,17.3
217867386,16.5,0.2,16.9
951539389,16.6,0.0,20.0
3023560510,16.7,0.1,21.7
362182406,18.2,0.0,18.3
2041595586,12.1,0.2,24.0
2545258299,11.9,0.1,12.2
3160120720,13.3,0.9,34.9
2999854906,10.8,1.2,24.0
1617962758,12.4,0.1,33.6
1701986995,9.9,1.3,22.2
3503304128,12.5,0.0,15.0
2353200789,15.4,0.0,13.2
528724399,13.9,0.0,19.5
3548885800,14.3,0.0,11.9
3260634419,14.2,0.0,17.7
1159165748,13.0,0.0,15.2
270421876,16.4,0.0,18.7
2012805108,12.2,0.0,16.9
1122465552,14.0,0.0,16.2
1590210980,14.8,0.0,15.4
2225959500,16.3,0.0,12.1
1409200368,16.2,0.0,15.9
2407240517,9.4,0.1,8.8
2256479564,7.7,0.1,10.1
607066977,9.4,0.0,10.6
4114511976,7.8,0.0,21.7
1507962602,7.7,0.2,14.8
3644773392,9.9,0.0,11.8
3896332035,9.5,0.0,2.2
3890593611,9.7,0.0,2.6
2960883180,10.3,0.1,15.9
448679650,9.4,0.0,8.3
2175674024,10.1,0.0,9.0
2709268260,9.4,0.0,2.7
2202670313,9.7,0.0,11.7
2235009575,5.1,0.1,5.1
3166295155,6.5,0.0,9.0
30408320,6.7,0.0,14.1
849856587,7.2,0.0,19.1
1184495445,5.6,0.0,16.1
2234840155,7.2,0.0,19.1
837426572,5.9,0.0,9.0
1805650299,5.9,0.1,15.7
323006659,7.0,0.0,15.6
1630401413,5.7,0.0,17.6
581357305,6.6,0.0,16.8
2065506996,5.3,0.0,17.8
1503288699,1.9,0.0,9.7
4077404305,2.3,0.0,9.2
1532153948,4.4,0.0,12.8
523030057,2.5,0.0,7.7
970819714,2.8,0.0,5.9
2752181161,2.3,0.0,8.4
2751319021,6.1,0.0,15.7
2029417517,4.4,0.0,13.3
4100976842,9.0,0.0,17.4
2742691326,7.2,0.0,17.4
1850327098,4.7,0.0,27.6
32288084,6.6,0.0,15.9
1590093022,6.7,0.0,13.5
954391268,4.9,0.0,28.7
4218784786,5.7,0.0,26.6
1098102567,4.1,0.1,23.1
1539066350,5.6,0.9,15.8
2436805825,5.8,1.4,14.4
4158997126,6.1,0.0,21.8
3976231620,6.2,0.0,29.0
2152978716,9.6,0.0,24.5
3175102233,7.3,0.0,28.2
299105338,7.5,0.1,47.0
117407510,6.4,0.0,30.7
400274821,8.4,0.0,28.4
2594384820,7.7,0.0,30.4
2051018435,8.1,0.0,34.1
2958581142,6.9,0.0,42.0
176802007,7.6,0.0,27.8
1667133290,8.6,0.0,26.4
223289048,7.4,0.0,27.2
3218223029,10.9,0.1,36.5
3843628016,12.2,0.0,32.0
1108512880,8.1,0.0,23.9
1088079124,11.2,0.1,23.5
2423410395,9.6,0.0,24.7
1738642373,10.0,0.0,23.5
2768907730,10.6,0.0,29.6
3430418880,8.7,0.0,26.4
3447178058,11.0,0.1,23.4
3167492748,9.3,0.0,23.0
3117114611,6.4,0.0,11.7
3624894076,7.5,0.0,10.9
3193171630,6.4,0.0,10.7
2029617743,6.8,0.0,12.0
4013179386,10.6,0.0,19.1
3873627686,10.4,0.0,22.5
4093112691,9.8,0.1,20.1
3735059645,10.8,0.2,30.5
476802858,10.2,0.1,29.2
2126930842,9.1,0.0,21.2
3829082165,10.4,0.0,21.7
2793719463,10.5,0.2,31.8
2589538608,10.9,0.0,26.1
1382556040,5.4,0.0,31.4
2342406195,11.3,0.1,23.9
329986987,5.9,0.0,27.8
711434930,10.9,0.0,26.1
208670474,6.7,0.0,28.0
3646279038,5.4,0.1,30.9
3658845613,6.9,0.0,29.1
3024890960,6.7,0.0,25.7
3102652018,8.5,0.0,29.4
2861980069,6.9,0.0,36.2
3592101218,6.0,0.0,6.8
612170724,2.6,0.0,15.7
2885242133,4.7,0.0,3.5
3691331214,8.9,0.0,9.6
2575991191,5.2,0.0,6.5
1168959392,5.8,0.0,1.1
2832555193,5.8,0.0,8.2
1836008953,7.0,0.0,8.8
1792633415,5.2,0.0,7.4
365451799,7.0,0.0,15.9
566975884,7.4,0.0,10.9
1615870654,7.0,0.0,12.8
4292293781,5.9,0.0,11.4
3989346686,5.3,0.0,9.7
2507222823,6.8,0.0,14.6
2081627326,6.5,0.1,26.5
2507031715,8.7,0.0,24.8
2444357105,8.4,0.0,28.5
1151623150,9.2,0.0,14.9
3419910211,9.0,0.0,19.3
794213758,9.5,0.0,17.9
1842425249,10.1,0.0,13.8
442241213,9.4,0.0,14.7
1715021404,10.1,0.0,17.7
1210084924,8.6,0.0,14.5
3741570725,9.4,0.0,11.3
3414947703,9.1,0.0,16.3
3441648377,9.0,0.0,13.2
1412500219,9.1,0.0,13.5
2792982770,9.4,0.0,11.3
2963111703,7.7,0.0,5.2
779349019,9.8,0.0,4.1
729413341,10.6,0.0,6.8
246358920,8.9,0.0,16.5
3337333532,9.5,0.0,5.7
2487894458,11.2,0.0,15.9
687326364,10.4,0.0,18.0
3961201689,11.1,0.0,13.6
3225714005,10.0,0.0,13.4
687838442,8.6,0.0,16.0
1228283250,10.1,0.0,10.4
2407198916,9.2,0.0,8.0
4235105391,9.6,0.0,16.3
207990720,9.5,0.0,12.1
601088984,10.4,0.0,7.6
1714727130,10.6,0.0,11.8
59778045,8.4,0.0,3.8
4132072594,10.2,0.0,15.8
167550942,10.1,0.0,14.8
4019437852,11.8,0.0,7.9
600091624,12.8,0.0,7.1
3911873039,11.9,0.0,8.2
532432626,10.7,0.0,8.4
1204655140,11.2,0.0,7.2
2120096253,11.2,0.0,9.8
2028662272,12.8,0.0,7.1
1035508359,13.4,0.0,27.3
3916395959,12.7,0.2,24.5
2799018334,10.4,0.2,23.6
805268742,10.2,0.1,23.5
3303015646,11.2,0.0,21.6
1512905429,12.7,0.2,24.5
2836002584,10.0,0.0,26.1
4096034963,11.9,0.2,27.4
2322469244,12.1,0.1,25.2
2284424116,12.7,0.2,24.5
3093861551,11.6,0.0,28.1
2705515953,12.5,0.2,25.6
1332630485,11.0,0.0,17.6
850506834,11.8,0.0,21.9
2217608075,9.0,0.0,14.8
2335682085,9.6,0.0,14.8
2571643464,6.6,0.0,21.2
259027252,6.9,0.0,24.1
867470523,6.4,0.0,23.7
2930657861,6.3,0.0,21.7
1548681118,6.6,0.1,24.5
2301375801,6.3,0.0,23.5
1110019267,6.7,0.0,29.9
906593808,6.1,0.0,27.6
180181348,5.4,0.0,27.2
2550347611,6.5,0.0,27.3
2878493079,6.4,0.0,26.6
2463223092,5.8,0.1,25.5
1886210934,7.7,0.1,27.3
3177639154,7.0,0.0,16.9
1652894498,6.4,0.1,20.3
1380011526,6.2,0.1,23.7
2598723646,7.0,0.0,16.6
1352848352,6.6,0.0,13.1
1944152279,6.1,0.0,5.4
3980942124,5.7,0.0,2.6
3224977488,6.5,0.0,7.6
2609665026,6.6,0.0,13.1
2031072827,5.7,0.0,10.2
3486222224,5.7,0.0,7.2
1867330301,6.8,0.0,7.0
2457441286,6.4,0.0,7.6
1738597608,6.6,0.0,13.1
75696917,5.0,0.0,11.4
4073608587,5.3,0.0,10.5
1937956125,5.1,0.0,13.2
4157826937,4.4,0.0,15.5
2951890225,5.3,0.0,13.2
2355792768,4.1,0.2,10.0
3277850935,4.4,0.1,12.4
4021505782,4.9,0.2,15.0
2816591765,5.0,0.0,18.9
4113290569,6.8,0.0,12.6
2975800464,6.7,0.0,15.3
1550660181,4.4,0.0,9.7
4126323186,6.6,0.0,12.6
2956606826,6.6,0.0,7.3
1087239409,6.2,0.1,6.3
2722021871,5.8,0.1,25.1
3972899227,6.3,0.0,15.9
1591530913,5.9,0.0,21.4
43416242,9.6,0.0,21.6
1188319423,7.8,0.0,21.6
2339595427,7.5,0.0,20.6
3460830774,8.7,0.0,18.1
2336063144,6.1,0.6,22.0
2976112146,13.0,0.1,8.6
4132397113,12.0,0.5,7.9
1394374703,12.0,0.1,10.2
1317847980,13.3,0.1,10.2
4121966250,12.0,0.5,7.9
4279585777,11.5,0.2,9.3
3013871527,11.5,0.9,9.1
1780275522,13.0,0.0,7.9
2660109273,13.1,0.0,8.2
263708278,10.7,0.3,7.9
4074031708,12.6,0.2,9.2
3397225070,12.5,0.1,27.9
756128149,11.8,0.2,32.1
3140649911,12.6,0.1,31.4
1047247405,12.9,0.0,35.1
2924725901,9.5,0.0,19.4
262742728,13.5,0.0,29.9
1898787284,12.7,0.1,29.5
1509629713,12.4,0.1,23.9
1625172451,12.5,0.0,28.1
4223501165,11.2,0.1,22.2
428881947,7.9,0.4,20.1
3879195584,11.2,0.0,26.7
1398393267,12.8,0.0,28.1
2281820643,11.8,0.0,27.7
3985766355,7.9,0.0,18.2
1354102050,7.7,0.0,21.3
1034162119,11.8,0.0,17.6
3582978681,11.0,0.3,12.6
3223589907,7.5,0.0,19.2
1481718915,11.4,0.0,19.5
1309605095,9.4,0.0,16.1
4278403836,10.3,0.8,28.7
421999118,8.7,0.1,20.1
3826594872,7.3,0.2,18.9
983351414,11.4,0.0,19.5
2884412407,8.1,0.0,22.1
1763843684,10.0,0.0,18.4
3573725617,10.1,0.0,17.6
3300000665,11.1,0.0,1.4
529759690,12.9,0.1,6.3
2255639791,12.5,0.0,7.9
807512521,12.7,0.0,10.8
2998056927,10.8,0.0,13.4
781327796,11.6,0.0,12.1
3982392024,12.9,0.0,3.8
4136979365,11.6,0.0,4.4
1615704866,13.0,0.0,5.9
261603707,12.2,0.0,10.0
3611275605,13.7,0.0,8.0
488001004,13.0,0.0,4.7
792071877,13.7,1.3,29.4
837340082,9.0,0.0,27.1
2064572363,7.8,1.2,21.2
2267153152,13.4,0.2,34.6
2971193220,10.3,2.9,25.0
847056992,11.3,0.9,16.6
1638994175,13.7,1.3,29.4
3682419097,10.9,0.2,37.4
2424287751,13.5,0.1,38.4
33593238,8.3,3.4,18.4
3937569599,8.9,1.1,24.6
3626468679,11.5,0.0,32.9
2182644257,12.4,0.1,12.2
1640303877,13.6,0.1,11.5
1772340168,12.5,0.1,5.7
57475344,14.2,0.0,9.4
3194333940,11.2,0.0,10.4
1774247092,12.3,0.0,7.2
51373627,12.5,0.0,6.2
3614827148,11.7,0.1,6.9
4026038219,12.7,0.1,3.4
2787672755,13.2,0.0,6.8
866247561,13.9,0.0,8.0
518121472,11.1,0.0,6.9
188163421,13.8,0.0,20.2
1431397129,8.9,0.2,24.9
3256189665,8.6,0.1,27.7
2246644076,10.5,0.0,24.2
596010846,13.3,0.0,19.8
4041902203,13.2,0.0,26.4
108561812,12.8,0.0,25.2
231163241,14.6,0.0,22.3
1091639908,11.4,0.0,29.3
1165136487,10.1,0.0,26.4
3799125414,12.4,0.0,26.9
3149966503,12.6,0.0,12.7
1968205733,9.6,0.2,15.8
2185086578,11.8,0.1,13.9
132818776,12.3,0.0,12.4
1545595658,13.1,0.1,18.7
4268029237,11.3,0.2,9.4
2915780784,12.6,0.0,12.7
191271207,11.6,0.0,20.1
48722846,11.9,0.0,10.8
4050295747,12.6,0.0,16.6
1456391971,9.1,0.1,11.5
3202020425,11.6,0.0,16.1
3489065522,7.9,0.1,12.7
923143743,8.7,0.0,9.3
2881303683,10.6,0.0,9.2
3351099064,9.8,0.0,7.9
2875104933,17.0,0.0,3.3
2163167733,13.6,0.2,10.5
1549870141,16.4,0.1,3.8
4006638796,17.3,0.0,9.7
68234884,15.9,0.2,3.3
944004437,15.0,0.0,13.4
2784873232,9.7,0.0,15.8
3415862327,17.0,0.0,3.3
3464623295,15.4,0.1,7.8
2345447738,16.6,0.0,4.1
772197106,15.4,0.2,7.1
3495775963,16.8,0.0,4.3
314404544,14.6,0.0,19.8
1338377689,14.0,2.1,22.1
719305757,15.8,0.1,20.3
3699813547,14.8,0.0,18.0
1925233733,14.6,0.4,23.2
1426700020,15.7,0.1,15.4
1801472817,14.9,0.1,23.2
2727022021,16.7,0.4,21.3
2055787183,16.4,0.2,23.2
4288476642,15.7,0.0,23.4
451547894,14.3,0.0,22.5
4102045505,17.3,0.6,12.2
604614451,15.4,0.0,24.5
3369628109,13.4,0.0,14.3
3461540131,17.6,0.3,10.7
4193016798,14.2,0.1,17.7
2427771368,13.7,0.2,12.5
3393063693,17.7,3.3,33.2
2058828866,13.1,0.8,14.5
4116225584,14.5,0.1,19.3
2514464826,15.0,0.2,14.0
132176683,18.5,0.5,3.1
3441528094,14.8,0.2,24.5
2971821906,12.6,0.2,19.6
1681841207,21.0,0.1,32.6
2698138696,18.3,0.1,34.1
234005144,17.6,3.0,29.1
2549938349,20.3,0.0,32.3
3747994168,17.7,0.9,27.2
17777278,20.1,0.5,30.6
1457816738,20.2,0.1,23.3
1810057867,18.2,0.0,28.7
1197250570,21.2,0.1,30.2
2523157925,19.9,0.2,20.7
2912398820,19.1,0.3,22.7
3042022702,18.8,0.1,24.7
2949245237,17.3,0.0,18.7
1502476999,22.5,0.0,11.0
3104486094,21.4,0.0,8.9
4035928232,19.4,0.1,15.4
214935837,21.4,0.0,16.0
2561241749,20.8,0.2,10.9
3753292599,21.5,0.1,11.0
1036177009,17.7,0.1,18.3
266959154,18.9,0.0,16.8
3930072636,22.1,0.0,8.3
989140362,17.3,0.1,21.1
2302067274,18.4,0.0,12.0
3677372271,20.0,0.0,30.8
3515386410,23.9,0.0,25.2
178348087,20.6,0.1,27.0
2023383442,21.6,0.0,26.7
3478498798,22.8,0.1,29.0
1678651709,20.8,0.1,22.4
1033300977,23.5,0.0,28.8
3407247363,19.3,0.0,31.0
624781474,21.8,0.3,26.3
2629798460,23.0,0.0,26.0
2513316138,20.9,0.0,26.8
1866604559,20.6,0.0,24.1
3551550439,18.8,0.2,15.2
1432288115,17.0,0.1,12.9
3724805288,15.9,0.2,12.6
2023456848,16.9,0.1,15.7
3904196930,15.3,3.1,5.4
2481630835,15.0,1.4,10.1
2136268592,17.8,0.0,13.9
975441939,16.5,0.1,13.7
4112212680,16.9,0.8,13.8
1274445655,16.0,2.5,9.4
2168113491,15.7,0.8,17.4
1480553720,15.0,0.5,5.6
1399747088,20.9,0.0,4.6
2501883276,21.2,0.0,3.2
4283567533,21.5,0.0,2.4
451202654,18.8,0.0,11.2
3402252305,20.5,0.0,7.9
459769919,21.1,0.0,3.2
2030843604,19.7,0.0,8.3
2707821683,21.3,0.1,12.6
697641943,21.8,0.0,7.0
3261150115,21.9,0.0,3.0
1144914048,23.2,0.0,14.4
1772455319,21.5,0.0,8.5
2797680951,26.3,0.0,7.1
3061362181,23.5,0.0,9.7
1216808687,31.3,0.0,1.1
393365328,28.8,0.0,10.0
4289298891,29.6,0.0,2.5
2425096060,27.9,0.0,8.2
1149796464,30.3,0.0,4.7
1683601487,29.9,0.0,7.7
2729256213,26.2,0.0,6.4
3912524862,29.1,0.0,8.4
2500091087,25.1,0.0,7.8
502169933,20.4,0.0,11.9
1192573218,15.6,0.0,25.5
3394824768,25.9,0.0,10.0
3441502370,15.2,0.0,23.7
3235143896,23.8,0.2,11.5
1759221058,25.4,0.0,11.7
416508384,20.6,0.0,14.4
2572693442,24.6,0.0,12.9
344450491,23.3,0.0,14.6
2406909035,18.4,0.2,20.3
122632290,20.8,0.0,12.7
357882967,17.2,0.0,12.1
790883610,15.2,0.0,15.0
1321623246,16.3,0.0,17.2
171924545,16.5,0.2,15.0
3156323065,14.8,0.0,18.5
3810863367,15.5,0.0,18.8
1492250389,13.7,0.0,17.7
1573778292,15.8,0.0,18.3
2648647218,15.5,0.0,16.9
3151895883,14.9,0.0,11.8
2006271317,17.0,0.0,14.3
980545492,15.4,0.0,13.5
3103017583,14.6,0.0,15.8
3495812915,12.4,1.1,14.4
1572906519,19.0,0.0,18.8
2281725935,13.6,0.9,23.3
177169857,14.2,0.7,8.6
980633529,19.0,0.0,13.7
2139609993,17.9,0.0,17.9
865097010,17.1,0.0,23.1
1636601943,18.4,0.0,16.1
1352950860,17.6,0.0,17.8
3065927278,14.0,0.7,12.3
644494601,17.2,0.0,24.7
299387143,12.7,0.5,14.7
1291277939,15.4,0.0,26.3
3571150606,15.5,0.1,30.1
4034711246,16.9,0.0,38.8
2475868237,14.1,0.1,27.6
239884095,15.3,0.0,29.4
3533760527,14.1,0.2,27.9
2065817469,16.0,0.0,28.5
1608054898,16.1,0.0,31.2
3697953972,14.6,0.2,24.5
3074545425,17.5,0.0,23.2
2451098186,15.1,0.0,35.3
2490663179,15.0,0.1,27.5
3034845799,18.3,0.0,10.3
924339967,17.0,0.0,29.3
422819835,19.7,0.0,19.7
3621775747,22.2,0.0,19.9
478204842,21.5,0.0,17.4
3632426280,23.0,0.0,17.2
275433346,20.1,0.0,23.7
3731167524,19.7,0.0,19.0
452984878,21.0,0.0,11.8
3404396321,21.1,0.0,13.1
2370676447,22.9,0.0,21.1
844010384,20.6,0.0,4.7
4208952091,11.2,0.1,23.5
428883797,13.1,0.1,15.5
498081540,9.9,0.0,24.5
2643943784,11.6,0.0,25.4
976249367,12.5,0.0,17.3
1959260819,12.6,0.0,25.3
1535040799,10.0,0.0,23.4
3628225182,12.1,0.0,16.1
2038956465,12.2,0.0,16.3
2568933523,10.0,0.2,15.6
1958949548,10.4,0.0,19.8
3972051795,14.7,0.5,17.2
2221963814,11.8,1.7,35.4
1396033467,10.7,0.1,16.3
4097366955,11.8,0.0,17.9
862496137,11.4,0.0,13.5
3833376296,14.9,0.2,18.8
1957955749,14.0,0.0,11.7
2587743811,14.7,0.1,20.1
1562289697,12.2,0.1,12.6
2082377271,12.0,0.1,12.1
2158672545,15.5,0.1,10.7
1539561386,13.7,0.0,13.3
3593062633,12.0,0.0,2.2
4148292095,10.7,1.5,9.0
726848421,13.6,0.0,9.3
3731193995,11.0,1.2,7.3
3750103240,10.1,0.5,10.5
588780042,13.3,0.0,11.2
263989165,11.4,0.2,5.6
229775035,10.8,0.1,9.0
2097711244,13.6,0.0,8.9
1702834152,12.4,0.0,6.3
3803891270,11.6,0.0,4.4
3555322339,11.0,0.1,18.1
2448866242,11.3,0.0,22.5
3928564993,11.6,0.0,15.6
68046841,12.8,0.2,19.1
3458536979,13.9,0.2,21.8
1207949326,10.1,0.0,13.6
4013924809,12.4,0.1,14.7
2948080084,13.4,0.0,16.1
451512195,11.2,0.0,16.9
3927691891,13.0,0.1,15.4
1736804961,13.0,0.1,12.6
3524343458,14.5,0.0,20.5
2366365583,9.5,0.1,17.7
3903725781,10.9,0.6,19.1
1752562686,10.2,0.0,9.2
1177659746,8.6,0.0,3.6
3647759813,9.5,0.0,15.5
1349544893,9.8,0.0,8.5
3901827006,9.0,0.0,3.0
3354832338,9.1,0.7,15.2
1906076306,9.9,0.0,7.6
1253977914,8.7,0.0,2.5
2250620350,9.7,0.0,4.3
2736393397,9.7,0.0,1.3
4011708093,9.1,0.0,3.9
4186368042,9.4,0.0,1.9
4052677399,14.2,0.0,26.5
926106840,12.3,0.6,27.8
4253405972,12.8,0.0,31.9
662270964,14.2,0.0,25.8
1723589125,14.2,0.0,21.0
2753407570,13.4,0.0,22.0
1383574321,13.8,0.0,27.3
1672757156,14.3,0.0,22.2
795808134,14.6,0.0,21.4
801716078,5.3,0.0,12.0
3811150224,3.7,0.0,11.2
1674395405,4.9,0.0,19.1
4105636202,4.4,0.0,13.0
3770843340,4.5,0.0,5.5
29858492,6.2,0.0,22.3
4157225512,4.8,0.0,7.1
3411617283,3.9,0.0,3.3
3397391750,4.5,0.0,8.4
3321405801,5.6,0.0,0.8
1892881322,4.1,0.0,10.2
3404728879,5.3,0.0,5.4
3021194174,3.9,0.0,11.1
2613087716,5.4,0.0,6.0
2267917692,5.4,0.0,14.7
4213621399,6.2,0.0,6.6
742048667,6.0,0.0,11.5
597581418,5.0,0.0,11.8
3987066792,5.2,0.0,12.0
3907812176,5.3,0.0,10.3
3129563749,4.4,0.0,3.4
3102422770,5.7,0.0,11.6
1788890438,5.4,0.0,9.1
3805289037,6.5,0.0,12.4
326623503,8.8,0.3,35.8
2425836047,12.3,0.0,33.6
3778301597,12.8,0.0,30.9
2264194436,11.4,0.0,27.3
1624201429,9.3,0.3,42.1
2566647108,10.8,0.0,37.8
795759037,10.2,0.0,46.3
3531656689,10.5,0.0,16.5
1275601817,11.6,0.0,16.3
3419768924,11.7,0.0,17.7
2940271760,11.0,0.0,16.5
429679586,10.6,0.0,35.6
3976457284,10.3,0.0,21.8
1239129262,10.8,0.0,22.8
672937751,11.8,0.1,15.5
4209109679,11.7,0.0,15.1
3641572982,10.4,0.0,19.4
2092185399,10.5,0.0,22.9
4017591956,10.1,0.0,25.8
4179730046,9.7,0.0,28.1
3224712878,10.2,0.0,37.5
2128500057,10.0,0.0,29.4
4172506168,9.2,0.0,31.8
2473578226,10.0,0.0,35.0
2496560894,9.4,0.1,31.4
4159156571,8.0,0.0,30.9
2919556363,10.6,0.0,39.8
951195116,9.3,0.1,38.6
1980524092,10.9,0.0,26.2
740683002,10.0,0.0,34.0
3357870545,8.8,0.0,29.0
2881697079,7.1,0.0,10.5
3470919535,8.4,0.0,10.2
1370570010,8.7,0.0,9.1
3180067849,6.8,0.0,11.0
449569,6.4,0.0,11.3
465559487,6.4,0.0,12.1
3495121019,7.7,0.0,7.9
4205724319,8.0,0.0,4.7
1391349712,7.7,0.0,10.4
2273682566,8.0,0.0,10.0
329175705,7.9,0.0,4.5
2870538385,7.1,0.0,6.1
2664674688,10.0,0.3,22.8
2993913708,7.6,0.0,34.4
36123990,6.4,0.0,27.8
1228352073,10.0,0.1,25.7
2117441533,6.7,0.0,34.8
4090303262,7.1,0.0,29.5
3440851626,7.0,0.0,17.0
3032666704,8.6,0.1,27.8
964666705,7.4,0.0,25.6
1249848983,6.6,0.6,19.2
138051623,8.1,0.0,21.8
4278023203,4.3,4.0,17.1
3592299271,5.9,0.0,12.5
1330459886,7.5,0.0,18.9
280956194,8.4,0.0,17.9
2989336795,7.0,0.0,11.3
1062339957,7.2,0.0,13.3
2823516227,7.5,0.0,15.2
1796621244,7.5,0.0,21.4
1622792823,7.1,0.0,12.2
2338430353,7.1,0.0,11.6
2109108952,8.7,0.0,16.8
513088047,7.6,0.0,13.7
571829945,6.7,0.0,10.4
3972252265,4.9,0.0,8.7
3401116766,3.5,0.0,2.6
2183778216,3.7,0.0,8.5
1569720254,4.8,0.0,10.6
50120760,4.4,0.0,4.0
952276790,5.3,0.0,13.8
2011349627,6.0,0.1,17.2
3056387941,5.0,0.0,10.6
3043344080,2.5,0.0,10.1
4240863920,6.7,0.0,13.6
630181143,7.3,0.0,16.2
2267700798,3.4,0.0,5.2
2109506341,6.6,0.0,14.1
2668769517,7.6,0.0,16.4
1276670848,6.8,0.0,11.4
2487584618,3.7,0.0,9.4
1365062764,7.0,0.1,17.1
2466061962,5.4,0.0,8.4
1817322750,7.6,0.2,39.1
288218152,4.4,0.0,20.9
3830618518,5.2,0.0,25.6
3095418260,6.3,0.0,28.6
1514825389,10.4,1.9,40.3
1033074283,9.9,0.7,41.3
1663817856,10.8,0.2,32.6
2960779877,8.5,0.0,18.7
1418312576,7.6,0.0,20.0
2007202144,7.7,0.0,15.0
2248173763,7.8,0.0,21.0
951057090,7.3,0.0,20.3
917849568,7.1,0.0,20.0
2460416046,8.8,0.0,18.4
527646064,7.3,0.0,18.6
745181342,7.5,0.0,17.9
2278207921,7.1,0.0,18.2
1298414741,8.3,0.0,17.3
3086743001,10.4,0.0,26.6
988772646,7.8,0.0,22.3
3376058467,8.5,0.0,24.9
738458440,8.9,0.0,21.3
3860095539,12.6,0.0,22.1
3329816425,12.3,0.0,21.5
4084621977,12.6,0.0,21.6
4032979872,10.0,0.0,17.4
2575666861,9.3,0.0,15.5
2827757167,9.1,0.0,13.7
2383227447,12.7,0.0,24.7
2799261822,8.6,0.2,25.0
4228984481,10.3,0.2,15.4
3476470254,10.8,0.4,10.9
3431596606,8.7,0.0,12.7
2920607850,7.9,0.0,6.4
3705505219,10.3,0.0,15.9
3768838349,9.3,0.0,11.5
3473264508,6.0,0.0,4.7
2013083535,9.3,0.1,9.4
292038186,8.7,0.0,8.2
471244822,10.2,0.0,13.5
1370114040,8.8,0.0,9.7
4247711407,8.3,0.0,11.5
3806315397,7.3,0.0,14.8
693017214,7.5,0.0,11.3
300788184,7.9,0.0,13.9
426777013,8.7,0.3,24.9
3404504283,8.6,0.1,23.5
2313213510,7.2,0.1,19.5
1908719048,10.0,0.4,16.8
2149186371,8.6,0.1,16.6
1013068637,8.7,0.1,17.7
503949577,8.8,0.7,21.6
4275567328,8.6,0.0,19.1
3044885700,12.9,0.0,20.8
230247514,12.6,0.0,17.3
3707804544,12.3,0.0,18.3
3633003337,10.9,0.0,18.7
449426947,13.1,0.0,22.0
3477290658,12.4,0.0,20.0
297420243,12.3,0.0,26.1
1009145641,14.0,0.0,24.6
3299342345,12.1,0.0,24.5
1737259209,12.9,0.0,24.8
4076127021,12.3,0.0,22.9
1061923599,12.3,0.0,18.4
3756795614,11.5,0.0,27.5
571711036,10.9,0.0,30.6
3546417654,12.3,0.0,27.8
620458104,11.2,0.0,22.7
3025380867,6.1,0.1,11.8
3868857590,8.7,0.0,6.1
2704761644,6.8,0.0,9.5
2665647572,6.5,0.0,12.7
679603384,7.8,0.0,10.0
1884739137,7.6,0.0,9.2
1626931108,7.4,0.1,6.7
3568997522,6.5,0.0,11.7
2709665148,8.1,0.0,8.2
1710420015,8.0,0.0,8.3
1264814878,8.0,0.2,6.5
946672251,7.4,0.0,23.4
2867136974,6.5,0.2,25.0
1721887895,6.8,0.0,24.5
653889300,6.7,0.7,16.5
2988824865,6.9,0.0,16.7
232860539,5.4,0.0,22.1
1671880286,8.0,0.1,20.3
2450748512,6.3,0.1,12.2
759806941,8.2,0.1,31.0
298689481,5.3,0.3,13.7
3026971688,6.0,0.1,12.4
3633082029,5.1,0.4,20.7
4228585886,4.7,0.4,17.3
4184274871,4.1,0.1,14.5
3479824811,1.5,1.0,13.0
3243262068,10.1,0.0,9.4
213269324,8.9,0.0,14.1
4167606203,9.4,0.0,3.4
3679559834,8.6,0.0,9.4
2999097130,10.2,0.0,11.2
1061854274,7.2,0.0,30.4
4253475724,8.1,0.0,32.1
1143531854,10.3,0.0,23.8
2547631848,12.2,0.0,24.5
206109318,11.5,0.1,19.9
4289918071,7.3,0.1,23.1
190403994,10.1,0.8,23.9
2939652590,12.3,0.0,24.2
1829019853,8.1,0.0,29.0
4011590425,11.2,0.0,25.4
3730288463,10.6,0.0,22.4
441463673,12.5,0.0,24.5
3077483868,12.9,0.5,20.7
4027272265,11.9,0.1,21.3
370528473,11.5,0.7,24.0
3416862076,13.4,0.0,23.5
4144360290,11.0,0.1,18.5
653903062,11.5,0.2,29.9
899445735,12.4,0.1,26.0
2917248372,13.2,0.0,21.1
4237229915,12.9,0.1,21.3
3502059773,12.0,0.0,20.9
3982758782,14.0,0.0,26.5
2848343180,8.6,0.1,19.8
2022355796,13.3,0.0,14.8
789155965,9.0,0.4,21.1
3842678004,10.7,0.0,17.0
1950533222,11.1,0.0,13.5
667413798,10.0,0.0,18.0
3148386162,13.4,0.0,13.1
1911914598,10.9,0.0,12.7
1229609224,10.1,0.0,16.2
2671452382,7.7,0.1,17.4
3773853568,14.7,0.1,16.8
3415095820,12.1,0.1,22.4
2585885024,12.6,0.0,18.2
3836168952,7.4,0.0,34.7
243485439,7.5,0.0,41.4
3282970089,6.6,1.0,31.4
2311294887,7.5,0.0,36.9
3191705591,8.7,0.0,36.6
925780005,9.0,0.0,36.7
3267505553,6.8,0.3,32.8
3133286922,7.9,0.0,30.9
1361690051,8.2,1.3,27.2
3057147977,7.1,0.3,41.7
281916790,7.3,0.1,36.2
578735474,11.2,0.1,22.9
102852876,12.9,0.0,31.1
4071238478,10.3,0.1,18.7
3410749944,12.0,0.0,19.6
4077310867,12.8,0.1,30.8
2951670989,11.7,0.1,29.3
531953620,12.0,0.0,32.0
1993356618,11.5,0.3,27.9
986296347,12.0,0.0,28.7
3748813404,12.4,0.0,21.6
3818267934,11.4,0.1,32.3
561519274,11.1,0.2,25.6
122941544,12.1,0.0,18.5
332753506,10.3,0.1,7.2
1366759376,7.5,0.3,7.2
2093223253,8.0,1.0,4.1
3450088691,11.4,0.2,14.8
3798614049,11.1,0.1,8.4
602797402,8.4,0.5,10.5
3778949316,10.9,0.9,20.0
302059043,8.8,0.8,4.8
778232850,12.1,0.1,9.2
3503334785,12.7,0.0,14.5
962055289,15.7,0.0,42.1
3789478331,17.8,0.0,36.1
4289792738,13.5,0.0,36.7
173474761,16.4,0.0,38.0
1592000863,19.3,0.0,35.7
2837023358,15.3,0.0,34.8
1097998847,19.1,0.0,43.5
3562310510,16.8,0.0,40.2
4240042604,15.8,0.0,43.6
4011070654,17.2,0.0,39.0
2049422866,17.8,0.0,36.1
4043180251,15.9,0.1,42.9
3150736807,9.9,0.3,40.0
3198974401,9.4,0.4,37.9
1823594942,8.2,0.4,29.9
40820733,8.8,0.4,40.3
4127814866,8.2,0.4,36.8
2699493879,11.3,0.2,32.3
223199085,9.3,0.3,33.2
2832279532,15.9,0.0,22.0
2733759629,14.1,0.1,23.3
1702544933,15.5,0.0,33.2
741825864,17.8,0.0,23.1
413871044,13.5,0.0,35.3
3766113985,16.8,0.0,25.1
710330278,13.1,0.0,26.2
102143247,14.2,0.4,27.1
3629733709,14.2,0.4,27.9
2723940616,16.2,0.0,23.1
2388268530,14.4,0.0,28.4
4220413793,13.0,0.0,27.0
468888447,10.2,0.1,28.2
3775293676,11.6,1.6,21.3
1212850585,10.0,0.0,24.9
2958953506,11.0,0.1,24.2
3380289866,9.8,0.3,23.7
408708977,11.4,0.0,13.7
797742927,9.8,0.0,15.5
2866067181,8.5,0.0,27.1
282737201,9.3,0.0,11.5
1619448573,9.1,0.0,18.0
2310376861,10.3,0.0,11.0
1769395228,12.7,0.0,14.8
1257283408,9.4,0.0,18.1
939789477,11.3,0.0,12.8
4230312361,10.2,0.1,21.6
1603807088,10.6,0.0,10.7
147285623,10.3,0.0,15.1
2209787416,11.2,0.0,11.5
646371544,11.0,0.0,19.4
1365573838,8.9,0.5,15.6
811640587,11.9,0.0,14.7
1656730716,11.0,0.0,7.2
3235958840,9.4,0.1,17.5
1403749799,12.0,0.1,7.6
2744224609,11.6,0.0,12.3
3257884441,8.0,0.0,17.7
3489076989,11.5,0.0,12.2
29354549,7.7,0.0,17.4
3653526034,10.6,0.0,15.1
3378574394,8.3,0.0,17.4
3531684378,9.3,0.1,12.1
1351567218,20.5,0.0,26.4
97829117,22.5,0.0,24.0
2088265237,18.1,0.0,23.9
1906325967,22.7,0.1,25.4
4292226735,21.8,0.2,20.7
1261521675,18.2,0.0,19.4
3253491687,22.2,0.0,22.8
3901630217,20.3,0.0,20.6
708009635,20.3,0.0,23.5
2337888981,20.4,0.1,17.3
1705146561,18.4,0.0,21.3
2123371881,19.9,0.1,13.4
446554057,22.0,0.0,8.3
3736427022,17.5,0.2,23.7
4170807474,16.6,0.0,18.4
1860286530,18.0,0.0,18.6
1743787104,23.1,0.0,7.6
1444651209,19.0,0.0,14.8
2810356622,20.5,0.0,17.4
1716540779,17.1,0.0,24.9
1621616833,18.5,0.1,15.4
1099885759,18.4,0.0,16.9
1491878313,20.3,0.0,8.3
499375468,19.9,0.0,20.5
226386235,22.1,0.3,29.6
2005346507,15.6,0.4,17.8
1079284646,14.8,0.0,28.1
2722847661,14.9,0.1,22.0
965242488,16.3,0.0,22.0
3425184322,18.5,0.1,17.4
2241295403,15.2,0.1,14.8
267268855,16.0,0.8,12.7
2322379490,17.6,0.0,18.0
702833616,14.9,0.1,24.6
2546157200,15.5,0.1,11.9
1083470522,18.0,0.1,20.6
3832756268,18.6,0.0,29.3
2873358357,18.9,0.0,20.2
2976465061,17.5,0.0,18.4
2177615970,20.8,0.0,26.5
3130231789,20.8,0.0,26.5
4013181991,18.6,0.0,12.3
1340769779,17.4,0.0,23.2
298421976,18.2,0.0,16.6
3485470208,18.5,0.0,16.3
2190459129,18.6,0.0,23.5
46127921,19.4,0.0,19.9
21915533,17.9,0.0,12.0
1774720209,21.5,0.0,15.9
355971440,17.4,0.3,19.0
1319368145,20.9,0.0,1.1
2832967701,18.6,0.1,14.3
123721812,22.1,0.6,8.7
563499989,20.7,0.0,10.7
2126638903,18.4,0.0,16.4
1890038624,21.7,0.0,5.9
2975117294,20.1,0.0,4.1
909320326,19.6,0.1,12.5
3865508152,12.8,0.0,13.3
3655430539,18.6,0.0,13.7
2007420447,17.0,0.0,14.5
1553282971,15.9,0.0,23.5
2184550430,18.6,0.0,13.7
599822263,16.3,0.0,27.0
1593103431,18.4,0.0,11.0
2337110658,20.8,0.0,25.6
422205901,15.8,0.0,28.0
1606080688,17.1,0.0,21.4
2374035289,18.0,0.0,20.4
3167708969,17.0,0.0,19.6
537308557,18.5,0.0,23.7
2224720228,20.3,0.1,19.0
484326723,18.4,0.0,23.6
2190968463,18.8,0.1,20.1
4152194721,22.9,0.0,16.4
2499631167,20.3,0.7,18.6
2770844895,18.6,0.0,17.6
2481733357,18.8,2.4,10.0
1239317868,21.8,0.1,18.6
2048255329,20.8,0.0,22.0
246950202,19.9,0.2,13.5
3026849095,14.5,1.8,14.3
1581990784,11.4,0.0,30.6
77693967,11.7,0.0,18.0
1089793560,12.4,0.0,11.1
2743356916,13.4,0.0,12.6
4070279131,10.5,0.2,12.0
1105215164,13.3,0.0,9.7
2618461539,13.4,0.0,15.7
21453704,13.3,0.0,14.1
39621732,11.2,0.1,16.7
1972743525,13.9,0.0,11.3
148681980,11.2,0.0,5.2
968597799,12.7,0.8,23.6
4253551724,13.6,0.0,23.0
3892263996,13.6,0.3,26.1
1948818169,12.6,0.5,27.2
2404362391,12.8,0.1,19.2
1825789629,12.1,0.1,32.0
3043373496,13.8,0.0,23.8
3129459146,15.7,0.0,19.9
1240626230,12.0,0.0,28.3
827711157,13.8,0.2,27.3
3547141351,11.6,3.7,25.0
2333649601,15.8,0.0,29.7
299815286,15.7,0.0,23.7
4076824608,14.1,0.0,26.9
232120730,15.0,0.0,26.2
2465364237,15.3,0.0,25.5
1843612998,15.0,0.0,19.1
3527479813,15.5,0.0,26.0
2349929830,15.8,0.0,20.1
293563572,16.0,0.0,23.3
1148910406,16.0,0.0,21.9
3344303858,15.6,0.0,23.2
2196608065,15.7,0.0,13.5
3948509125,11.0,0.1,24.3
3558428518,14.5,0.4,21.9
1368089453,10.7,0.1,34.0
2999762029,12.9,0.2,17.8
3279775738,11.8,0.0,21.7
2489579659,14.9,0.0,19.7
3982219711,10.6,0.0,31.4
3393425763,13.2,0.1,21.4
4036852104,11.9,0.0,25.9
1783087722,10.9,2.1,33.6
864734118,15.4,0.0,20.6
334122382,13.0,0.2,16.4
2137333001,14.2,0.0,15.5
662319390,16.4,0.0,12.4
905331424,13.4,0.0,14.5
4048307323,15.8,0.0,17.7
2562921718,15.0,0.0,10.3
1016545484,15.4,0.0,16.5
3128794241,13.3,0.0,16.6
1530819863,15.5,0.0,13.1
2808707139,14.5,0.0,11.3
1945575889,15.2,0.0,16.5
3513491069,15.3,0.1,19.8
75073089,13.0,0.0,19.4
1640320387,14.7,0.0,14.7
399464446,14.1,0.0,16.2
3847823546,14.8,0.0,17.2
260963076,13.3,0.0,15.9
2251229771,15.4,0.0,16.9
3131660684,13.3,0.0,17.5
696643422,14.8,0.0,17.1
3465632041,14.4,0.0,13.7
2777993314,13.6,0.0,11.9
2717970378,14.7,0.0,12.8
1870819944,15.1,0.0,4.9
2623778604,12.8,0.0,19.4
3274478863,12.5,0.0,15.6
1281534046,13.1,0.0,14.8
4054493897,14.2,0.0,4.8
719907974,13.6,0.0,19.0
3933355174,13.7,0.0,11.1
2430249815,13.8,0.1,10.4
2192094324,14.4,0.0,8.9
2032230072,13.7,0.0,10.1
466950093,13.2,0.0,11.5
2327525315,14.5,0.0,6.4
2000792591,13.0,0.0,14.0
3183373731,8.9,0.0,2.2
3960738002,8.5,0.0,5.4
2603151322,8.8,0.0,4.9
1776366337,7.6,0.0,7.6
1335831296,7.7,0.0,4.8
2059970200,8.0,0.0,5.7
4250549006,9.3,0.0,5.8
1673913490,8.3,0.0,9.9
2252838232,8.8,0.0,5.1
1500345334,7.5,0.0,0.9
3072991425,8.5,0.0,10.1
3523964226,7.2,0.0,3.1
1336443182,8.6,0.1,19.4
72428195,9.6,0.0,25.6
326733760,10.5,0.0,10.6
1563660793,10.1,0.0,12.0
1733225124,9.8,0.0,14.9
2492695129,10.6,0.0,14.1
3129196822,10.0,0.0,18.8
2587784319,11.7,0.0,14.9
2330969971,9.7,0.0,17.9
3590519012,11.9,0.1,11.9
3899000583,3.5,0.4,9.9
11243020,5.5,0.0,18.7
2560427314,9.3,0.9,44.7
114827148,11.5,0.7,34.6
2239932185,11.0,1.9,26.9
413129515,8.4,0.4,28.7
1883875130,10.7,1.2,38.7
1802774045,9.9,0.2,34.7
2998970091,12.2,1.2,36.9
183514597,7.6,0.0,22.2
3582941885,8.4,0.0,13.0
3637378852,7.5,0.0,8.1
3490550912,12.9,0.0,19.6
366292327,13.7,0.0,16.8
1727680522,6.9,0.0,2.1
4237709697,4.7,0.0,6.0
1561746928,6.7,0.0,3.5
2978668064,6.7,0.0,8.3
1484574832,6.5,0.0,5.2
2859730805,6.2,0.0,2.5
3133657519,5.8,0.0,7.9
1184899651,5.9,0.0,13.0
765920467,5.6,0.0,4.9
2504880244,8.1,0.0,5.0
2671552962,6.1,0.0,21.0
109731937,5.9,1.3,44.0
140063945,5.1,1.3,43.2
3059418237,5.4,0.1,35.8
23915273,6.6,0.1,35.7
1294062960,7.2,0.2,39.0
3431494296,6.5,0.1,24.9
257858461,5.7,0.3,53.1
1358715283,6.0,0.6,33.7
1061307592,6.0,0.2,32.9
3282753608,6.9,0.0,9.9
2325486863,8.3,0.0,23.5
3730129512,7.5,0.1,12.1
3279839641,5.9,0.0,15.9
88842219,7.5,0.1,12.1
4127216243,6.0,0.0,19.3
677467584,7.0,0.0,13.0
144966685,6.9,0.0,16.8
577583463,6.6,0.0,17.9
3797199618,6.6,0.0,16.9
2650940095,6.4,0.0,12.5
3298451198,10.3,0.0,31.8
3036413854,8.3,1.6,20.2
2247749120,8.3,0.0,18.6
2434284947,8.3,0.5,40.8
629551385,10.3,0.0,29.8
1919950245,8.0,0.0,36.4
2881541259,9.6,0.0,38.7
1795617736,8.8,0.0,51.3
2893953218,8.2,0.5,39.0
2940455328,12.6,0.0,37.6
1850419749,11.0,0.0,29.2
2477551546,10.0,0.0,30.0
1977382206,11.9,0.0,37.1
2185106031,7.1,0.0,1.7
1606221677,8.5,0.0,5.2
2188738199,7.1,0.0,1.7
2253072033,9.2,0.0,9.9
2707309619,6.4,0.0,4.5
456422231,7.2,0.0,4.7
1964307613,7.8,0.0,9.6
2443725583,7.9,0.0,4.7
2494358850,7.3,0.0,3.3
1908724883,6.7,0.0,0.7
175251481,6.1,0.0,3.8
619076078,5.8,0.0,10.6
4133448724,9.6,0.2,34.7
1839248374,8.4,0.0,19.9
1714110653,9.0,0.0,13.5
2249393312,6.4,0.0,13.8
3152326361,9.1,0.0,28.8
3674796802,9.3,0.0,21.7
2891969912,7.3,0.0,14.3
3323578861,9.0,0.0,12.2
3503623352,9.4,0.0,13.6
3985380149,8.3,0.0,15.0
1228995038,8.9,0.0,12.8
1080859010,4.9,1.4,26.2
1421869069,6.3,0.1,25.1
1391924220,6.3,0.1,23.0
617958935,6.9,0.0,20.1
2388967507,7.3,0.0,27.4
3527750142,6.9,0.0,26.2
3647183902,6.5,0.4,24.1
3573529833,6.9,0.2,23.4
197112901,6.0,1.2,22.9
1427741514,6.0,0.7,18.8
524936482,3.5,0.0,12.8
3432625252,4.6,0.0,9.2
2034103912,1.5,0.0,5.8
3139299269,1.9,0.0,4.0
1400355121,3.6,0.1,11.9
1774581228,1.9,0.0,5.8
2614668310,2.4,0.0,9.0
1068894997,2.3,0.0,8.5
3147106726,2.8,0.0,10.3
3917520473,2.3,2.3,7.3
2942639009,0.2,0.0,3.4
1385679811,1.1,0.0,3.4
1510465203,6.8,0.0,15.9
778572163,5.0,0.0,15.2
975401605,2.4,0.0,7.4
3748818087,1.1,0.0,9.2
2186711403,2.8,0.0,4.7
686025869,2.8,0.0,4.7
1028182616,2.5,0.0,10.5
3054592623,3.5,0.0,9.7
591174686,1.8,0.0,7.4
3582001236,1.9,0.0,5.6
3953830693,3.5,0.0,3.2
1425096883,1.7,0.0,5.1
1500596694,6.0,0.5,14.6
2239872206,5.9,0.1,15.3
3124754593,9.6,0.0,31.6
3108136079,4.6,0.0,16.9
559579882,6.4,0.0,11.3
972870997,6.0,0.0,21.9
4294399766,6.5,0.0,13.5
4266206554,5.6,0.0,18.0
1619196351,6.6,0.0,8.8
2816058163,6.3,0.0,13.0
4214148414,6.4,0.0,15.4
465287436,6.3,0.1,18.7
1070194263,6.1,0.0,16.3
4066267785,6.6,0.0,8.9
3961389445,6.6,0.0,13.7
844488162,6.8,0.0,19.0
252859118,7.1,0.1,16.9
3612278810,7.6,0.2,19.7
1387901863,7.5,0.0,17.6
3791911125,9.4,0.0,2.4
557795162,8.5,0.0,21.6
1364483283,8.1,0.3,14.5
418455918,8.4,0.0,11.2
3603974989,8.3,1.2,23.5
3202653605,7.2,0.0,14.7
154002480,6.6,0.0,16.4
3761463479,5.7,0.0,13.5
3066626170,6.2,0.0,10.6
806996492,6.2,0.0,10.6
3441957458,6.5,0.0,20.4
3425540485,6.3,0.0,15.5
3620795622,6.6,0.0,17.4
3667686803,6.9,0.0,18.1
2614653556,7.3,0.0,13.4
639059293,5.5,0.0,18.2
1631962399,6.9,0.0,19.1
2513098760,5.6,0.0,13.2
1282652315,9.3,1.7,31.2
2443979343,9.9,0.3,19.6
3335761016,5.6,0.0,11.6
3132577319,3.3,0.1,10.5
1964645913,3.6,0.1,12.5
3413575905,3.4,0.0,14.0
279515991,5.1,0.0,11.7
585490777,6.4,0.1,10.4
2008573114,4.6,0.0,10.7
1832654914,5.4,0.0,12.1
2574090440,5.3,0.2,12.5
1693087045,4.2,0.0,14.8
2978578050,4.4,0.0,12.2
2944624106,4.6,0.0,9.6
1238053410,5.0,0.0,6.5
3079854241,6.3,0.0,25.8
1368575914,3.7,0.1,17.4
1429219487,5.7,0.0,12.6
1964455432,5.7,0.0,12.5
1480698471,4.1,0.0,12.2
1173722565,2.7,0.0,14.3
3302390693,5.6,0.0,7.8
3411718685,3.3,0.2,11.0
518634278,5.6,0.0,7.8
621462419,3.7,0.0,9.7
1143405163,5.8,0.1,12.4
4029765540,4.4,0.0,11.0
2147890385,2.7,0.0,8.0
2403337242,5.1,0.0,5.7
3067392856,6.5,0.0,7.8
2673766652,4.6,0.0,14.1
3954736162,3.7,0.4,9.5
3097187180,6.0,0.0,22.0
2016215073,5.7,0.0,16.4
4149377511,5.1,0.0,12.8
379095341,12.3,0.0,15.9
3635465002,9.6,0.0,22.2
1225785038,10.4,0.0,21.1
448321692,11.4,0.0,17.9
9935549,12.9,0.0,12.0
1627080675,10.3,0.0,28.0
1541051399,12.3,0.0,14.5
1472762345,12.7,0.0,18.7
2217500958,12.0,0.1,20.0
4133073528,12.4,0.0,17.6
3029223965,11.5,0.0,17.4
980852475,12.0,0.0,19.3
1241784668,10.4,0.0,10.2
1957027555,10.0,0.0,16.2
961163293,9.0,0.0,8.1
1486958264,8.0,0.5,25.3
1454037052,8.2,0.1,17.6
753065565,8.7,0.0,2.7
3559260774,8.9,0.0,7.6
1706882654,8.6,0.0,5.7
3354060129,8.8,0.0,4.7
2059888462,9.4,0.0,5.8
2878359867,10.0,0.0,6.9
1462228197,8.7,0.0,13.5
3033450985,7.5,0.0,10.6
1209934102,8.7,0.0,13.5
449208963,8.7,0.0,3.1
1404346049,9.0,0.0,3.5
3613042534,8.1,0.0,18.8
2462293821,9.7,0.0,17.0
668043956,10.6,0.0,4.6
2322739370,9.5,0.0,25.6
2242167296,11.2,0.0,9.6
2023454587,11.1,0.0,14.3
1887668122,12.2,0.0,22.6
1939984884,8.2,0.0,26.9
3599792222,9.4,0.0,8.2
3285866358,11.3,0.0,15.3
395901544,10.7,0.0,13.6
3379475101,10.9,0.0,7.0
2289898049,15.8,0.0,11.2
2120475632,15.6,0.0,13.6
1024813743,15.9,0.0,18.9
377687645,16.0,0.0,15.5
1268202559,15.5,0.0,13.3
1176307762,16.3,0.0,14.0
2539674037,16.8,0.0,17.4
1028120989,15.4,0.0,14.0
2652478554,15.6,0.0,12.3
647546214,16.0,0.0,13.8
323724843,17.2,0.0,12.9
1190074697,16.6,0.0,19.6
4049121762,5.9,0.1,10.6
580660234,8.1,0.1,15.2
3571596297,8.1,0.1,20.5
1170999452,6.7,0.1,21.2
3982001066,7.8,0.0,9.9
3701224888,6.9,0.0,10.8
1912159866,8.1,0.0,13.0
1748399879,7.2,0.1,19.0
1165706480,6.9,0.1,8.6
3550463807,6.5,0.0,8.8
2542353540,7.8,0.0,6.8
2405503094,7.4,0.0,21.8
3476359663,7.0,0.0,13.9
2153072899,7.3,0.0,7.2
1600650730,8.0,0.0,19.0
819013608,7.6,0.0,13.6
2701108755,7.6,0.0,13.2
1573435151,15.6,0.0,2.9
1082148463,14.9,0.1,4.4
81606939,13.9,0.0,7.5
4208332884,15.9,0.0,10.8
1257595267,15.1,0.1,8.1
1875404616,14.8,0.1,4.0
94586521,16.2,0.0,4.8
130612574,14.5,0.1,10.3
2788408358,11.7,0.0,19.7
1838014860,14.5,0.1,10.4
3246243834,15.2,0.1,8.1
1378429422,11.2,0.0,19.5
1616515557,13.8,0.0,11.5
2624674813,13.1,0.0,17.8
212722625,8.4,0.1,35.8
570157850,9.6,0.0,26.8
1481145269,11.7,0.0,26.2
2558268611,8.8,0.3,31.1
1944355946,13.4,0.0,14.3
4030180838,11.7,0.0,25.4
1820328153,9.8,0.0,29.2
4281854672,11.7,0.0,19.5
2022285536,8.9,0.1,24.0
1831969130,11.5,0.0,21.5
1801892411,10.8,0.0,22.2
2277253268,13.0,0.0,20.2
91134608,13.7,0.0,23.1
3461896956,12.9,0.0,15.9
2359690586,13.4,0.0,19.5
2418995542,13.5,0.0,16.2
2370614157,11.3,0.0,22.1
4066418174,12.7,0.0,17.5
2511813189,13.9,0.0,20.1
3514873897,14.1,0.0,21.3
4050081780,12.7,0.0,21.8
1648474384,13.5,0.0,20.5
106281000,14.1,0.0,22.3
3415038776,15.9,0.0,21.6
4125341331,14.5,0.0,20.3
2720541744,15.5,0.0,20.2
1781127816,17.6,0.0,17.9
2400105336,11.6,0.0,16.4
1430227551,17.6,0.0,17.9
2259410390,10.6,0.0,22.3
1355587000,13.8,0.0,20.5
3627819066,13.0,0.0,22.5
2738642303,9.8,0.0,22.0
71036472,14.9,0.0,22.2
4045702707,14.2,0.0,16.3
1208972989,12.8,0.0,4.3
766576817,14.5,0.0,5.2
2032770740,21.8,0.0,0.9
927466729,19.5,0.0,13.6
1376421348,20.5,0.0,10.1
172539982,17.4,0.0,13.5
1240433130,17.0,0.0,20.0
2401461983,19.0,0.0,12.3
97144370,21.5,0.0,13.1
3315836039,17.8,0.0,15.3
2643852044,19.2,0.0,16.2
1058411084,19.2,0.0,5.4
1528843666,19.0,0.0,10.5
4287812837,14.6,0.0,5.4
719556596,13.4,0.0,12.4
2717379693,16.2,0.0,18.5
1044552390,16.2,0.0,18.5
747703332,12.6,0.0,23.9
488505755,12.7,0.0,25.7
1507560951,14.2,0.0,21.3
3601532087,11.9,0.8,25.0
2550668243,12.8,0.0,28.3
3302043574,15.2,0.0,24.4
80555292,13.7,0.2,9.5
1559704512,12.5,0.2,26.2
3483472937,13.7,0.2,19.4
3811563648,13.8,0.0,21.4
2041061689,10.0,0.5,7.6
4188759747,11.1,0.0,11.1
444155648,9.7,0.7,8.6
2139438750,11.9,0.1,7.4
4262969447,10.6,0.8,8.3
1610811356,15.7,0.0,10.6
448277460,10.2,0.4,11.0
3876861058,10.5,0.1,8.5
764306727,10.5,0.9,5.9
279245753,11.5,0.1,7.8
3823704297,13.0,0.0,11.5
575160155,17.0,0.0,9.0
1772528352,15.7,0.1,8.3
1452663929,13.7,0.0,11.4
2447022798,13.1,0.0,15.2
4281293190,16.7,0.0,8.7
660364436,15.2,0.0,9.9
699333748,14.7,0.0,11.3
2636259654,14.3,0.0,13.9
975942637,15.0,0.0,3.6
3949849122,14.9,0.0,8.9
3485521180,15.0,0.1,7.1
1951048428,15.5,0.1,9.0
527855099,14.0,0.0,13.2
4090720760,15.2,0.0,15.1
1016424726,21.3,0.0,12.2
490938522,14.3,0.0,16.4
2369032163,17.1,0.0,18.0
2295260590,15.1,0.0,16.5
1034385222,12.5,0.0,22.8
692537548,16.1,0.0,15.3
2733011159,16.0,0.0,25.8
1691892313,15.1,0.0,15.0
1089301338,14.4,0.0,17.0
2575325144,16.9,0.0,19.9
2001716762,15.8,0.0,15.0
337896131,19.2,0.0,7.8
1995325211,20.3,0.0,16.2
3777279908,19.9,0.0,11.3
2171445080,18.9,0.0,14.8
3211195933,19.2,0.0,15.5
132371390,19.0,0.0,6.5
558768691,20.0,0.0,12.2
2181860882,18.5,0.0,11.9
2233613009,20.0,0.0,11.7
3104675308,20.2,0.0,12.6
3593842950,20.9,0.0,13.2
1467476990,22.9,0.0,24.7
71391372,19.5,0.3,23.4
1103066514,17.3,0.1,31.6
3058555324,24.2,0.0,17.1
953339130,23.4,0.0,19.9
3125800854,23.0,0.0,17.8
1215063050,21.9,0.0,24.4
351483309,17.5,0.0,31.6
908847019,23.6,0.0,16.0
668672086,18.9,0.1,35.5
1561703752,18.0,0.1,24.4
2471367777,22.5,0.0,23.7
3672668066,19.9,0.0,10.6
3158236650,19.6,0.0,9.7
843242403,21.1,0.0,12.0
645318379,20.9,0.0,13.7
3305135140,21.1,0.0,12.0
460569044,20.7,0.0,15.1
3037527240,23.1,0.0,10.2
3831401938,17.4,0.0,16.9
3217565974,20.7,0.0,15.1
90878068,22.1,0.0,9.0
3896226788,22.7,0.0,13.0
72329679,22.9,0.0,12.7
2723329564,22.5,0.0,16.2
644219353,23.2,0.0,15.2
2114462200,21.7,0.0,16.1
3290917321,24.1,0.0,14.2
681730729,23.8,0.0,17.0
2344792528,18.5,0.0,17.0
3147121248,21.9,0.0,20.1
1095368838,16.9,0.0,20.5
4219689250,22.2,0.0,14.3
1391239796,19.8,0.0,15.2
257297170,17.6,0.0,17.0
2886341368,21.7,0.0,1.3
200106198,20.6,0.0,2.2
2264148590,19.0,0.0,6.7
3198155530,23.0,0.0,0.7
2920951659,21.0,0.0,1.5
273545193,18.0,0.0,13.4
759603114,20.5,0.0,1.5
1007445134,19.8,0.0,7.5
1218655048,19.8,0.0,7.0
1941025852,19.0,0.0,3.2
3940065612,20.8,0.0,3.8
1549259887,21.7,0.0,3.4
2732402909,18.9,0.2,11.7
3769891962,17.7,0.4,29.5
174450952,19.8,0.0,31.5
1704157644,19.4,0.1,21.5
1052181535,19.4,0.1,21.5
576011813,21.2,0.0,25.2
1602560662,19.2,0.0,22.6
3557174030,22.0,0.0,29.2
2990325822,20.3,0.0,28.6
2201958458,17.5,0.0,18.9
1248402936,18.6,0.1,30.6
3361158944,18.9,0.1,30.3
662658952,21.2,0.0,22.9
3503092909,21.9,0.0,17.6
1027091650,19.0,0.0,21.7
3903735861,22.6,0.0,23.8
3188359925,21.4,0.0,21.2
1355669503,20.9,0.0,20.3
4023949428,19.5,0.0,20.4
4131143423,21.9,0.0,22.3
254892649,21.2,0.0,20.5
2958797982,20.7,0.0,17.2
3845172089,20.9,0.0,20.0
1457387946,21.9,0.0,17.6
521942067,13.4,0.0,21.6
2786808561,15.6,0.1,19.7
3789301320,15.6,0.0,23.4
765012773,13.8,0.7,16.2
2826643971,15.3,0.0,19.5
3452357791,13.9,2.7,28.3
3200271331,14.8,0.1,18.7
2348854963,15.1,0.4,27.0
2928007796,12.9,0.1,21.6
3056068417,15.9,0.0,21.4
1166075123,16.0,0.0,21.9
248034656,15.5,0.0,19.6
478127289,20.9,0.0,16.8
4284275799,11.4,1.5,16.9
3509739708,20.2,0.0,17.2
663027931,11.9,2.1,16.6
203771394,20.2,0.0,17.2
2077598627,18.3,0.0,23.4
3688334768,21.2,0.0,18.7
2392974923,20.0,0.0,24.2
2853899612,16.9,0.5,24.8
2718223865,17.8,3.1,14.6
3045478674,13.8,3.9,15.9
567415063,16.6,0.4,18.2
3136764459,14.6,0.0,20.4
328468444,13.7,0.0,18.5
3087574328,13.6,0.0,20.5
1020721595,15.9,0.0,18.6
3319090754,14.6,0.0,19.8
2533953754,15.5,0.0,16.5
2503564094,14.7,0.0,21.7
1763180747,16.1,0.0,15.5
3501869675,16.9,0.1,21.4
1464805473,14.2,0.0,17.2
2041491360,14.6,0.0,20.0
984284694,14.3,0.0,21.8
1558133834,11.3,0.0,37.1
3266503300,12.9,0.1,32.1
3343333834,14.1,0.0,30.2
292853342,12.2,0.2,42.2
2617145377,14.1,0.0,30.2
389820172,12.1,0.0,38.6
3661318786,11.5,0.2,27.4
3108469935,12.5,0.0,37.9
3509042074,11.2,0.1,28.9
3852824689,12.0,0.1,23.1
1828928978,12.2,0.1,28.9
3648752459,15.8,0.0,21.6
2370978939,13.0,0.0,10.3
1216639905,14.0,0.0,5.9
857508801,15.6,0.0,3.5
39328748,15.2,0.0,4.2
1396628602,14.3,0.0,7.1
2597007572,13.5,0.0,11.3
911118593,14.8,0.0,4.1
194044185,15.6,0.0,0.7
1637598595,13.5,0.0,6.2
3673855870,13.5,0.0,8.8
2747452856,13.6,0.0,7.0
3430786063,14.4,0.0,13.7
996447188,12.6,0.0,9.3
364608031,11.0,0.0,14.7
101467353,14.5,0.0,10.3
752641867,14.0,0.0,18.9
3328701886,12.0,0.0,12.1
683885018,13.9,0.0,16.0
4247865852,13.3,0.0,8.6
1110429491,13.9,0.0,15.1
1453966868,14.4,0.0,18.1
1900830358,13.6,0.0,21.4
3173622877,13.4,0.0,17.6
3186813511,13.0,0.1,18.7
743732339,9.7,0.0,22.6
1351646027,9.7,0.0,31.3
1271035228,9.3,0.0,28.1
3814673393,10.8,0.1,17.4
949580798,10.6,0.1,21.1
744338030,9.4,0.0,28.7
1711413418,10.4,0.0,18.1
2751758357,8.3,0.0,23.7
3461704218,9.3,0.0,21.6
869137766,7.9,0.0,20.6
2264059929,9.1,0.1,21.4
2065545520,10.0,0.0,33.9
2469765908,10.8,0.0,33.6
3015363993,14.3,0.0,13.2
3243650947,13.3,0.0,9.6
3385286018,14.1,0.0,9.8
346980643,12.3,0.0,19.1
4290730056,13.0,0.0,13.2
2935795462,12.9,0.0,12.6
2582228748,13.6,0.0,11.2
20878350,12.7,0.0,19.4
2564608191,13.8,0.0,12.6
671397570,13.3,0.0,8.2
2020749279,13.2,0.0,13.0
1938163399,11.6,0.3,15.3
3360498556,8.7,0.0,26.0
2399307950,13.2,0.0,7.9
858338577,11.6,0.1,10.4
2871498905,10.4,0.0,15.7
3943219453,10.4,0.1,23.6
3201679418,10.6,0.0,11.5
1982394094,9.8,0.0,14.6
1457475641,8.8,0.0,20.9
1440911995,10.0,0.0,14.2
3215937391,10.7,0.0,11.7
1311407567,9.6,0.0,14.2
312332309,12.8,0.0,10.1
1682089626,7.5,0.0,25.3
1099886480,6.7,0.0,11.0
3518951730,9.0,0.0,5.4
939335582,7.6,0.0,18.3
278152721,8.5,0.6,24.3
2579290296,7.3,0.1,25.2
2777383311,7.7,0.0,5.1
3960011153,8.8,0.1,7.4
1795775999,6.8,0.9,7.8
2214653634,5.3,0.0,8.2
2478522693,8.0,0.7,26.0
2867911528,9.6,0.1,7.9
2468851891,13.7,0.0,28.9
909552516,4.9,0.8,3.1
397190182,7.2,0.0,15.9
2140257466,8.8,0.0,16.4
1003733002,8.0,0.0,17.5
3331336396,9.4,0.6,22.9
1974629377,5.0,0.3,13.5
1660928083,10.4,0.5,22.8
1261969925,8.4,0.2,18.4
3088853783,6.0,0.2,5.9
3840620967,7.5,0.1,13.7
1293491671,6.6,0.0,10.0
601586704,11.3,0.0,25.2
2313958315,14.4,0.1,21.3
1710472519,13.1,0.4,40.5
1825007753,14.4,0.1,21.3
3094978838,15.0,0.0,32.4
3019586353,14.4,0.0,39.5
2814265939,13.0,1.0,30.1
2340164886,14.7,0.0,29.8
799729410,13.6,0.3,39.7
1371292908,14.4,0.1,36.6
178754725,11.2,0.0,20.1
2895919870,9.3,0.1,24.5
1475303595,9.2,0.0,14.9
345580487,8.8,0.0,15.7
3652071701,7.5,0.0,20.0
2276739441,8.7,0.0,18.3
3971004204,7.4,0.0,20.1
994205762,8.8,0.0,7.4
179601467,9.5,0.0,9.5
2378835178,8.3,0.0,21.9
489167227,7.3,0.0,10.9
1246850909,8.5,0.0,15.1
2751632547,10.1,0.0,19.4
3164409696,7.5,0.0,14.6
2653693658,9.1,0.0,35.0
696981470,10.0,0.0,19.0
3870046896,9.5,0.0,21.3
1139615048,9.1,0.0,9.8
3239140128,7.2,0.0,11.5
716525344,9.1,0.0,9.8
3980285474,8.5,0.0,14.2
1430449618,7.6,0.0,23.2
3487280568,5.5,0.0,15.5
2741422448,6.1,0.0,13.6
1571077214,7.5,0.1,18.7
4147288738,8.5,0.0,15.8
2129716792,4.6,0.0,19.2
3452743803,4.6,0.0,20.1
3499348594,5.1,0.0,17.3
173421173,5.4,0.0,15.7
2246709342,5.1,0.0,19.9
1735680660,5.0,0.0,19.8
1361240652,7.3,0.0,22.1
3220874057,5.0,0.0,21.2
2449583891,4.9,0.0,24.3
1568713911,6.4,0.0,11.8
3858314539,5.5,0.0,9.7
1518127571,4.6,0.0,12.3
1550201999,5.3,0.0,18.2
3073901132,4.5,0.0,11.7
755769932,4.9,0.0,17.2
2757173645,5.7,0.0,15.4
3225217801,5.1,0.0,10.8
2460252670,5.6,0.0,17.4
2657324358,5.6,0.0,15.0
156599558,7.4,0.0,15.8
1191145054,5.6,0.0,13.8
3245041269,5.9,0.0,8.0
1913853469,5.7,0.0,7.6
3810672250,5.1,0.0,12.7
3012913902,5.7,0.0,15.3
1669137556,5.7,0.0,31.5
2482030274,5.7,0.0,15.3
796413511,5.8,0.0,23.6
3454661270,5.6,0.0,26.5
4242851176,5.1,0.5,26.2
3169129650,6.2,0.0,34.9
3697729411,4.2,0.0,25.8
2319474379,5.4,0.0,22.7
1014896513,4.4,0.0,21.1
422252676,5.4,0.0,23.2
4198861553,5.5,0.0,17.6
2781526426,3.1,0.0,12.5
2319884976,1.7,0.0,12.3
3758169207,3.0,0.0,5.7
1503321658,2.6,0.0,9.7
959426647,7.7,0.0,9.6
3137724674,8.1,0.0,16.5
1030533089,7.3,0.0,11.7
442270555,9.3,0.0,12.8
2062408814,9.2,0.1,9.0
963116834,8.6,0.0,12.1
967697604,8.4,0.0,16.6
577808772,9.3,0.0,9.7
3886491890,8.9,0.0,12.6
3487631854,7.7,0.0,9.7
1069108990,8.3,0.0,12.2
834186700,8.9,0.0,11.7
272914369,9.0,0.0,16.6
3549686436,8.3,0.0,18.8
1264910269,7.3,0.0,31.7
1128401099,9.0,0.0,16.6
2044961858,8.8,0.0,20.8
3728486333,8.1,0.1,30.6
2381200079,7.9,0.0,21.6
3982980617,6.8,0.0,22.0
615607665,8.8,0.0,22.1
434671073,7.7,0.0,32.2
566374568,8.3,0.0,17.5
196054914,8.2,0.0,25.2
1606286237,9.6,0.0,36.3
2218645069,8.7,0.2,12.2
2266486963,8.7,0.2,12.2
3554817436,5.9,0.3,23.1
2252707394,5.9,0.7,20.6
1620119021,4.2,1.3,27.0
721494676,7.0,0.1,19.6
1592467379,6.0,0.6,23.1
2794715903,7.0,0.1,23.4
818563914,7.2,0.1,21.3
4020085608,9.3,0.2,13.3
2037932375,10.0,0.0,15.2
1668691432,7.5,0.0,18.9
2443306911,8.7,0.0,16.9
3361301997,8.4,0.1,12.5
611507508,8.7,0.1,19.1
119756102,8.5,0.2,24.4
871049075,8.0,0.0,15.2
4138442302,8.0,0.0,15.8
2014472014,8.5,0.0,19.5
3325679965,9.0,0.0,19.7
738210437,7.8,1.3,23.0
565052845,4.6,0.8,9.6
2489543943,4.6,0.2,16.5
2048313913,1.6,0.0,22.3
305257542,1.9,0.0,18.3
2716788232,2.3,0.3,33.8
3088769846,9.9,1.2,19.7
2433365819,10.5,0.1,24.1
1049072829,10.5,0.3,24.2
507148184,10.4,0.0,22.4
4036179133,8.7,0.1,18.5
324704701,9.0,0.0,26.5
3664457625,9.9,0.1,20.7
2303042296,7.9,0.2,18.5
3030154881,10.7,0.1,23.8
859841494,9.2,0.1,14.7
1831701812,9.5,0.1,14.4
2963692565,10.0,0.1,20.2
80737978,8.6,0.0,13.2
438628370,10.8,0.0,7.1
2707042631,10.6,0.1,19.6
2599573911,5.5,0.0,6.7
3286493515,4.6,0.0,11.1
1161622268,5.5,0.0,6.7
3784132439,5.8,0.0,10.0
3237615012,5.1,0.0,6.7
3922928412,5.7,0.0,7.4
3151389047,5.1,0.0,7.1
2511953915,4.3,0.0,10.4
1173144023,5.3,0.0,6.6
1363767042,5.4,0.0,7.9
616798663,6.1,0.0,8.4
4111453141,4.2,0.0,7.2
2235024712,6.1,0.0,8.4
3012824612,5.3,0.0,16.0
3301324336,4.0,0.0,11.0
2700652467,4.4,0.0,4.5
3291380705,4.7,0.0,10.5
888018902,3.1,0.0,7.4
4029493312,4.7,0.0,4.6
2838712445,4.4,0.0,4.3
1119656995,4.3,0.0,3.0
4029349978,4.4,0.0,35.1
385725544,11.5,0.1,15.7
2484942692,13.6,0.0,24.0
1097783204,11.9,0.1,16.6
431075063,13.0,0.2,17.3
256655424,12.4,0.0,18.4
3806021496,13.1,0.0,23.3
829273700,11.6,0.0,20.6
3647535868,12.4,0.0,19.5
1143450449,12.0,0.0,28.1
3175136563,12.4,0.1,23.2
2701538631,11.7,0.0,21.5
1555973947,11.6,0.0,17.6
2316346772,11.9,0.0,21.7
44665291,13.6,0.0,19.3
3117118280,10.8,0.0,10.9
3394061957,8.7,0.0,14.8
1565580831,8.7,0.1,14.1
3796926265,9.2,0.0,20.0
1961715580,10.1,0.0,13.5
3449828091,6.9,0.0,16.8
705559161,10.1,0.0,13.5
1649255920,8.7,0.0,21.0
2891804068,7.9,0.0,15.1
2366404098,7.0,0.1,13.9
203125293,7.1,1.6,13.7
45656689,6.2,0.1,14.1
3096961078,14.1,0.0,8.4
4047678201,8.9,0.0,8.2
1535336552,8.6,0.0,12.6
809211189,11.4,0.0,12.6
3757241456,10.4,0.0,10.1
289070800,7.4,0.0,15.2
4146154819,8.4,0.0,8.8
1271162629,8.7,0.0,7.2
1714499392,7.5,0.0,9.4
3559703674,8.9,0.0,9.2
1905085568,8.0,0.0,8.0
3311746143,10.8,0.0,10.2
3662157799,9.0,0.0,13.0
807994667,7.2,0.0,8.7
4285022014,8.8,0.0,10.1
1096940406,8.7,0.0,10.6
3505257738,7.8,0.0,9.8
2803224008,9.3,0.0,29.1
3898796469,10.9,0.0,23.7
3461554758,12.0,0.1,16.8
587956256,11.1,0.0,21.4
3339953432,8.8,0.0,22.2
1226202754,8.7,0.1,16.6
1779030416,9.8,0.0,14.0
3052799323,10.4,0.0,11.8
1610673199,8.3,0.0,18.9
3341870349,10.4,0.0,11.8
2560391684,10.0,0.0,17.3
4050843675,9.4,0.0,12.7
1935383040,8.4,0.0,16.8
3757623639,7.3,0.2,14.4
3183161089,9.8,0.0,9.5
2222907986,9.9,0.0,9.6
1362341750,12.9,0.0,22.7
521098713,14.0,0.0,23.2
863151247,13.4,0.0,20.7
3357517952,14.2,0.0,22.2
2066342478,14.2,0.0,21.4
507276993,12.4,0.0,19.2
1057992345,13.2,0.0,20.7
1444212386,15.6,0.0,22.8
695758921,15.4,0.0,17.3
2687681057,15.2,0.0,24.1
3246699108,14.0,0.0,18.5
1002783811,17.5,0.0,12.0
1431694584,11.5,0.0,4.3
3584362737,11.8,0.0,5.9
1168412133,13.8,0.0,3.8
3470012529,12.2,0.0,6.0
567827831,11.4,0.0,7.6
386795402,10.3,0.0,11.8
3788333027,10.7,0.0,10.7
3787794148,13.5,0.0,3.0
3568121176,13.6,0.0,4.3
3137618797,14.1,0.0,3.4
723900830,12.1,0.0,0.5
1219538828,13.2,0.0,4.3
2523249639,11.1,0.1,29.0
308417895,8.1,0.0,28.1
1356742767,9.3,0.2,20.1
3114985061,7.5,0.1,39.9
547023306,9.2,0.0,22.7
314449352,9.1,0.1,23.8
2479958724,8.5,0.1,22.8
3803293701,7.8,0.1,29.4
3870908713,9.3,0.0,23.9
717683158,8.1,0.7,24.7
2024003355,8.8,0.2,25.4
2738331432,10.5,0.0,7.4
3462528058,11.0,0.2,32.3
2392548441,15.4,0.1,24.2
1397269239,12.5,0.0,28.2
27634051,14.2,0.1,35.0
99703213,14.8,0.2,30.3
1635609713,16.0,0.3,35.7
1339460158,15.2,0.1,37.5
1705615194,12.2,0.1,33.8
1290014203,13.2,0.3,19.2
3389855852,14.0,0.2,31.7
1665431551,14.2,0.3,26.4
1855967831,11.5,0.0,18.0
1778115503,13.9,0.0,15.7
1565109131,13.1,0.0,12.3
2284273550,13.0,0.0,17.5
1462992655,13.0,0.0,17.6
2373049696,13.1,0.0,12.0
1383331220,12.7,0.0,14.6
2441764659,13.3,0.0,12.6
1091336163,12.1,0.0,12.7
3483768392,13.8,0.0,15.1
1654068912,12.8,0.0,20.5
3270221061,20.3,0.0,13.5
3155763720,11.8,0.0,12.0
2751809702,7.7,0.4,20.6
2180881982,10.6,0.1,29.7
1397461820,7.7,1.1,28.0
2324357950,12.8,0.0,22.1
811699773,11.7,0.0,27.6
3568352588,9.6,0.0,31.1
2452622291,10.7,0.0,25.0
3546022622,8.6,0.0,31.6
1997124575,8.5,0.0,19.0
505418839,8.6,0.3,31.9
2028520496,9.4,0.2,26.6
1920283374,10.5,0.2,25.1
4227021978,12.6,0.0,24.4
3707712796,13.1,0.0,16.1
3434567069,15.0,0.0,19.1
1200043516,17.4,0.0,16.3
4179694925,11.3,0.0,26.5
3731276283,14.2,0.0,15.3
260678293,13.9,0.2,14.4
966635581,15.1,0.0,12.8
1997784294,11.9,0.2,19.8
943747309,11.0,0.1,22.9
275357647,16.9,0.0,11.4
1777077907,12.0,0.4,25.0
2777268658,13.2,0.1,19.2
3053524476,10.4,0.1,18.0
3302465400,10.8,0.3,21.8
3131451604,13.3,0.0,20.5
15681601,12.6,0.0,23.8
1347090229,17.1,0.0,8.3
3576456943,12.5,0.0,18.4
3196896144,18.5,0.0,2.9
4011505528,17.0,0.0,3.6
3803706123,20.9,0.0,1.0
3018424889,19.3,0.0,3.1
2683233099,18.5,0.0,3.7
738538866,19.1,0.0,2.8
922582313,17.7,0.0,3.2
3291920541,18.8,0.0,3.4
2442049879,18.9,0.0,3.5
2658212189,20.2,0.0,4.2
3201419002,13.1,0.0,8.6
1027319626,22.5,0.0,9.0
3188559515,18.3,0.0,7.6
3355949775,20.7,0.0,10.5
1187436204,17.4,0.0,6.3
2663586202,14.0,0.0,5.5
1646362480,22.0,0.0,9.2
3344173676,16.6,0.0,10.5
579720944,19.4,0.0,5.6
2721456251,15.6,0.0,7.6
2925560271,19.1,0.0,6.4
4135652523,15.8,0.0,4.4
289533765,15.6,0.0,16.9
858627686,16.4,0.1,26.3
3495362093,17.0,0.0,26.2
975292330,16.4,0.0,23.2
1638546678,19.3,0.1,26.6
1899759090,21.2,0.0,19.6
270879870,18.9,0.0,14.6
3532058437,24.9,0.0,11.7
3859759830,25.7,0.0,5.6
1211180844,25.3,0.0,5.2
272411838,23.6,0.0,13.8
725689442,20.6,0.0,15.6
249378920,18.2,0.0,27.9
4099284036,17.3,0.0,26.6
355129995,16.4,0.0,23.7
3715480604,16.4,0.0,24.9
2252627760,17.2,0.0,25.5
1647522630,16.9,0.2,18.7
4120990765,16.3,0.1,4.4
1917016168,17.0,0.0,7.0
2341746314,18.5,0.0,4.4
2681455109,18.5,0.0,3.3
3134453344,17.9,0.0,10.5
1158583191,16.9,0.0,14.3
1638624261,18.8,0.3,20.7
233367284,20.2,0.0,23.9
752837153,20.4,0.1,21.7
832141925,19.3,0.2,20.1
1598136269,20.3,0.1,23.7
1922467989,17.8,0.2,21.8
2922990352,13.9,0.0,20.3
785713705,13.1,0.0,17.1
623656362,13.6,0.0,16.3
2853181979,13.2,0.0,14.9
3385160755,15.5,0.1,13.6
1477535473,14.6,0.1,12.0
1695488814,13.4,0.1,28.5
3110746472,15.6,0.0,15.5
2687780114,13.4,0.1,27.2
2135937723,13.8,0.0,26.5
3979361937,13.5,0.1,20.9
2266392258,13.1,0.1,27.7
2429870628,14.1,0.0,17.9
1187078429,11.3,0.2,20.3
3113628385,13.3,0.0,21.1
2817453444,13.1,0.0,23.0
2666238391,12.2,0.0,22.4
1731150164,12.8,0.0,21.3
1434120428,13.2,0.0,23.0
1054337011,13.3,1.7,29.3
866750570,11.5,0.1,19.7
2048650192,9.9,0.8,18.4
1338861448,9.8,0.0,24.2
2807368854,10.5,0.0,19.9
621897647,9.3,1.0,20.3
3729729244,11.6,0.0,20.6
3515739007,13.0,0.0,17.7
206982307,14.1,0.0,12.2
4120756875,14.9,0.1,15.0
1614994748,13.7,1.8,13.7
1975829370,13.7,0.2,13.0
935338096,13.7,0.8,11.5
924085351,13.4,4.8,11.6
3753877053,12.1,0.0,16.3
2689615828,12.8,0.1,16.2
2258142503,12.0,2.8,19.5
3962661738,13.0,0.0,15.2
1357043539,13.3,0.1,18.4
2932355791,14.5,0.1,11.9
47294390,10.7,0.0,17.4
830603741,10.9,0.0,16.1
2776035286,11.6,0.1,14.4
906666178,8.5,0.0,3.1
669719120,11.0,0.1,7.9
2945936814,11.6,0.0,13.7
1049012205,11.1,0.0,23.8
1223972283,10.5,0.0,20.9
3707866202,10.6,0.0,24.1
3930837342,10.4,0.0,23.3
3737120760,10.8,0.0,24.3
3429677307,10.7,0.0,22.0
1492466833,13.8,0.0,12.8
105646625,14.1,0.0,11.3
331632150,14.2,0.0,10.5
437860345,14.2,0.0,13.4
1287221949,14.2,0.0,11.6
2511089123,12.8,0.0,19.1
4135202845,-0.9,0.0,3.1
4244099537,3.3,0.0,14.8
801230621,3.8,0.0,21.9
2901010347,1.5,0.0,9.1
3889321884,7.0,0.0,25.8
3054992627,6.8,0.1,27.2
3722722897,3.2,0.0,15.2
197149433,5.7,0.0,17.6
3455748438,8.6,0.0,15.1
3434563838,8.3,0.3,16.2
2780298060,6.1,0.0,8.2
905784669,8.6,0.0,22.7
1048531948,4.0,1.0,12.2
4154879589,6.5,2.4,21.7
3218023004,5.3,2.1,13.7
2377648677,6.0,2.6,19.7
3106964159,3.8,1.4,12.4
3924531320,5.9,1.6,15.1
481798025,4.3,0.0,11.0
1151461104,3.4,0.0,12.3
2632674800,4.6,0.0,15.7
2754700587,5.1,0.0,10.4
3701128155,3.8,0.0,16.1
41962429,1.9,0.0,9.7
3579856699,7.8,0.0,21.6
3504657366,8.0,0.0,18.7
1517620644,6.0,0.0,5.9
3093392999,7.7,0.0,20.2
2778993045,6.1,0.0,16.8
2809961439,5.7,0.0,20.2
181117371,7.1,0.0,23.9
2617585718,5.1,0.0,31.1
3965688511,4.2,1.9,30.2
1056524019,4.5,1.2,23.7
1357530346,3.0,0.0,14.5
1099545971,3.5,0.0,17.1
2734862997,3.7,0.0,14.6
870594996,6.7,0.0,13.8
458151794,6.9,0.0,10.9
3169002221,6.8,0.0,13.1
2174302546,6.7,0.0,9.8
689476459,8.4,0.0,35.2
1677619478,9.1,0.1,32.6
2529616707,4.8,0.1,25.8
2961221303,7.0,0.0,30.0
4020307315,7.8,0.0,20.0
1922136154,7.8,0.0,28.6
1432872119,7.7,0.3,18.4
759049032,7.6,0.0,21.0
77361360,9.2,0.0,25.4
559762963,10.3,0.0,26.3
1142432050,9.6,0.0,26.4
3304511977,9.1,0.5,26.1
117238601,8.6,0.6,26.2
882962979,5.5,0.0,11.3
3757335441,7.6,0.0,24.3
830048167,6.6,0.0,9.6
599472828,4.4,0.1,9.9
1277548783,5.7,0.0,6.4
1990861989,5.5,0.0,6.8
3082751789,6.8,0.0,8.3
1952939654,8.0,0.0,25.2
611977475,4.9,0.0,22.7
1967322656,6.0,0.0,14.0
998829134,5.3,0.0,11.5
2546641588,5.6,0.0,12.2
249858848,5.9,0.0,4.9
1353722531,6.2,0.0,3.1
482884400,6.0,0.0,2.0
338228528,6.6,0.0,2.4
2844194205,6.6,0.1,7.1
405266328,7.3,0.1,8.2
689210038,3.8,0.0,13.2
3125093288,2.2,0.0,13.7
2297184784,2.1,0.0,11.5
3962165557,11.4,2.3,9.4
2358363259,8.5,0.0,12.1
1653090483,11.0,1.1,13.3
636644927,10.9,0.1,11.5
2174632963,9.7,1.3,19.2
2881851189,12.2,0.1,13.1
3994763108,6.3,0.2,16.8
2005695909,8.3,0.0,14.3
1979807003,7.5,0.0,12.7
283665428,6.8,0.0,13.9
308233034,7.5,0.0,11.6
3406564737,11.3,0.1,7.9
3738474239,13.8,0.0,12.2
2999850978,7.4,0.0,19.6
1699685799,11.1,0.0,18.2
727157754,13.5,0.0,12.1
1813484566,10.7,0.0,15.0
118368792,9.5,0.0,19.3
3850306784,9.9,0.7,8.3
2500377926,10.4,0.0,9.9
4101057839,11.5,0.0,8.0
3953907051,12.8,0.0,12.2
3734033735,13.2,0.0,10.7
3491521026,13.6,0.0,8.7
1351336203,7.5,0.9,24.8
3025244811,11.4,0.0,24.2
3136602435,11.9,0.0,23.3
1611695183,13.2,0.0,20.7
1805205485,12.1,0.0,22.3
3952179522,8.6,0.2,29.2
1201099277,13.7,0.1,12.2
370288806,14.7,0.2,2.9
1254113238,13.3,0.7,7.9
2478650702,13.2,0.0,15.9
2430394528,13.2,0.2,10.8
4001231930,17.1,0.3,8.2
4035287241,18.9,0.0,4.6
1883104058,11.3,0.0,21.5
3759547438,16.1,0.0,14.3
3258625205,14.9,0.0,12.9
1539614935,19.1,0.0,8.9
3651739680,19.1,0.0,5.8
4280984031,16.2,0.0,8.4
1166057032,13.8,0.1,4.7
3448849194,13.6,0.2,1.9
1784978097,14.6,0.1,12.2
1904051823,13.8,0.3,5.0
459504959,12.5,0.0,16.1
4074114857,14.3,0.0,12.4
3698624412,17.1,0.0,19.8
220615365,15.6,0.0,22.1
2727859584,14.9,0.0,21.0
3581978966,14.5,0.2,19.4
3609772834,15.8,0.0,19.8
1197359707,14.9,0.1,22.9
1798776800,15.8,0.0,25.4
116285196,14.5,0.1,20.6
3333409199,15.2,0.0,13.4
1447749216,15.2,0.0,4.3
2023426792,15.5,0.0,3.7
394265914,14.3,0.2,4.9
3665606921,13.2,0.7,11.7
3462940704,13.1,2.9,12.5
2353904930,14.2,0.3,11.7
358918149,15.5,0.6,5.7
2985924211,15.5,0.4,9.8
964213323,18.7,0.4,22.1
2743332033,17.6,2.8,6.3
540533603,18.5,0.4,24.5
2746812268,17.0,0.8,24.6
614942641,19.3,0.0,13.9
3703130662,17.9,0.1,17.8
2935914822,16.2,0.0,12.6
1411617144,18.0,0.0,7.3
3593784960,16.3,0.0,7.1
3644732141,17.7,0.1,8.3
3934865538,16.9,0.1,1.0
1236326325,16.3,0.0,15.4
4065422661,18.3,0.0,9.0
3201052175,19.7,0.0,16.7
1900002412,19.6,0.0,19.5
3233656425,19.4,0.0,17.4
2964914625,22.5,0.0,19.8
1847312450,22.5,0.0,21.7
3713216324,15.3,0.0,11.9
169258050,13.8,0.0,17.4
390426831,12.7,0.1,21.6
4194726386,14.4,0.0,19.6
4111470417,13.1,0.0,17.0
4027440903,13.9,0.1,8.8
2480330142,12.1,0.3,9.3
984877195,11.7,0.0,11.6
3654671256,12.6,0.0,5.9
3003376461,12.4,0.0,12.6
282329547,15.5,0.0,25.3
3782425188,17.6,0.4,14.8
4223544200,14.4,0.2,10.4
625289674,14.4,0.2,6.9
649478111,15.0,0.2,11.8
3930647204,14.5,0.5,12.1
454977353,14.9,0.0,8.7
1825463848,14.1,0.0,7.9
3430771842,11.8,1.1,16.2
954901414,10.8,1.2,20.2
1023541800,10.0,1.0,19.5
2693301633,13.6,0.0,2.1
3650792920,12.4,2.4,21.2
504762601,10.3,0.0,15.8
2058796486,10.1,0.0,16.8
3672608304,11.8,0.0,15.2
1963218999,10.0,0.1,15.5
1578874442,12.1,0.0,16.6
2046055151,11.6,0.0,18.4
2580279541,12.0,0.0,20.4
3682010424,12.3,0.0,22.1
818226997,11.1,0.2,16.7
2897897105,10.8,0.5,14.8
238553162,8.3,0.0,19.2
1960484745,9.9,0.0,19.7
4231072102,7.6,1.1,31.3
377871491,11.0,0.0,9.4
801593668,10.2,0.0,14.6
2511194086,8.1,1.3,25.1
3822187341,9.0,0.0,2.5
2169586294,9.2,0.0,14.9
590297529,8.5,0.0,7.8
2108644813,10.3,0.0,11.3
2687028685,9.1,0.0,23.2
2257281882,8.4,0.0,7.2
1259544707,8.0,0.0,7.2
2363843732,5.8,0.0,1.6
3047386671,8.5,0.0,5.4
257407666,6.4,0.0,13.7
1739756958,6.6,0.0,17.7
740429023,0.8,0.0,2.1
1801048886,3.9,0.0,8.4
3990075180,3.8,0.0,7.6
636953289,4.6,0.0,4.7
4056251205,0.6,0.0,1.6
3124571948,3.7,0.0,7.9
1024844411,3.0,0.0,10.2
2505873071,2.9,0.0,7.9
3218772429,1.7,0.0,5.1
907185380,0.6,0.0,4.3
3559589650,1.8,0.0,9.1
533602977,1.2,0.0,8.2
2383440220,1.7,0.0,2.9
2091062920,2.5,0.1,10.6
885644315,0.9,0.0,15.1
3083864961,-0.6,0.0,6.2
449165663,1.8,0.0,9.4
3024499416,8.1,0.6,27.7
764780227,6.2,2.1,18.4
585710336,6.6,1.3,21.4
191740799,7.0,2.0,23.2
171944288,6.9,1.8,21.6
2162761215,5.8,4.6,15.4
2948559629,10.2,0.1,26.0
2255127706,10.2,0.1,28.0
3491082971,11.5,2.0,23.7
2046373351,10.3,0.1,24.0
4131035331,10.3,0.1,24.2
2695449329,6.2,0.3,12.4
3795395401,10.0,0.1,29.2
3126296756,10.2,0.8,29.5
436387245,10.4,0.3,30.5
308705082,10.4,0.7,31.4
2691213004,8.5,0.1,29.0
691485196,2.7,0.0,12.6
2983735737,9.0,0.4,28.4
1998794366,9.6,2.3,18.6
687384678,8.7,0.4,32.3
3766939007,3.7,2.3,23.3
161227692,5.8,0.0,27.2
1616311694,3.4,1.2,30.8
2207556360,5.9,0.1,31.9
3081476685,4.0,0.3,28.6
2878078096,8.3,0.0,7.2
2639844470,7.2,0.0,5.8
3291679429,7.2,0.0,8.2
3035077788,5.2,0.0,14.6
2065193421,6.5,0.0,6.7
3086937807,10.1,1.4,39.0
1049666650,8.9,0.0,32.5
2760115211,8.6,0.0,24.4
917820420,8.3,0.0,21.3
1135653517,8.6,0.0,21.1
1256594432,9.5,0.0,27.2
3099481561,8.9,0.0,24.1
97845936,8.9,0.0,27.5
4135896939,8.9,0.0,24.4
3076923096,6.3,0.0,10.4
424593312,6.4,0.0,20.2
3929770179,8.2,0.0,21.0
2068415156,7.6,0.0,28.8
4279656407,8.7,0.0,36.5
831169037,8.3,0.1,33.3
3501305342,8.4,0.1,32.2
1681911283,6.1,0.1,25.5
1610650612,6.2,0.0,24.4
2909344090,6.5,0.0,24.2
2443559385,4.5,0.0,11.8
1869042097,4.2,0.0,14.0
3892980560,4.2,0.0,13.4
282470781,4.1,0.0,16.4
200793308,4.8,0.0,8.5
3550202268,5.9,0.0,8.0
3297603164,6.2,0.0,14.7
401486382,7.3,0.0,24.1
2248625511,10.6,0.4,14.4
736319314,9.5,0.0,9.2
2314510069,11.4,0.0,14.0
318347464,10.8,0.0,14.1
978526749,12.3,0.0,20.5
2121800600,6.6,0.1,3.7
1267633527,6.8,0.0,8.5
1220235056,6.6,0.1,5.5
3163241990,7.7,0.0,3.6
1513243317,6.3,0.1,4.7
1144452841,6.2,0.0,12.4
2381378849,7.5,0.1,22.3
3847449088,7.6,0.0,35.0
3139906206,8.3,0.1,20.7
1891535776,8.7,0.0,30.3
1789732188,9.1,0.0,21.9
2652156884,7.6,0.1,27.9
3157287914,6.1,0.0,10.0
973732445,5.5,1.0,13.0
3924711380,7.1,0.1,10.0
1550964299,6.8,0.0,5.9
4057250368,7.1,0.0,9.4
3295785534,8.3,0.1,11.3
58639173,9.2,0.0,25.5
3258839501,9.1,0.0,27.7
118651232,9.8,0.0,18.4
3910460185,10.1,0.0,12.5
1914658329,9.1,0.0,17.8
246331264,9.6,0.0,19.8
793275963,9.2,0.0,15.5
1483376960,8.8,0.0,23.1
2747983789,11.9,0.1,16.1
1170190103,10.7,0.1,15.3
4107594617,10.3,1.1,15.1
617733052,9.4,0.0,7.9
845786389,11.5,0.5,20.3
3911980636,14.3,0.1,38.5
1394196608,14.5,0.0,48.1
4122461688,13.8,0.0,44.3
4073971970,13.8,0.0,46.0
1829740150,13.9,0.1,42.0
794809713,12.2,0.2,37.3
2378584293,13.2,0.1,34.4
1905422035,9.6,0.0,37.0
3751838485,10.6,1.2,33.5
1841675411,9.3,0.3,33.2
1452863380,10.7,0.1,29.6
867059460,9.3,0.2,20.2
1448881182,8.9,0.2,16.0
3831709227,7.8,0.1,17.0
14431030,10.4,0.0,5.6
2671918939,8.3,0.1,8.6
2465053338,9.1,0.0,12.1
664870093,10.4,0.0,12.0
1181233702,7.6,0.3,15.0
3640331394,10.5,0.0,5.4
3606572333,14.1,0.0,1.8
2859968609,11.0,0.0,5.6
1195978468,14.6,0.0,4.1
1174714179,13.3,0.0,7.9
1459410724,15.0,0.5,13.2
2689281479,22.8,0.1,13.8
980996668,20.4,0.4,6.0
3050178817,22.0,0.1,7.9
1744820074,23.5,0.0,14.0
3937945880,22.2,0.0,14.8
364242116,19.7,0.6,19.4
1058831231,15.8,0.1,21.4
3561778921,19.4,0.0,7.2
4049651408,13.7,0.0,10.6
451395577,14.7,0.0,17.1
1243932346,17.9,0.0,13.0
648996006,19.4,0.2,14.8
1643082351,22.0,0.0,5.4
2731785471,16.8,0.0,11.9
3327636909,16.8,0.0,10.7
2136942780,15.8,0.0,9.6
3690659955,18.2,0.0,8.4
1844418479,18.4,0.0,6.3
706384438,18.4,0.0,19.0
3995780055,16.2,0.1,18.1
1474402434,17.6,0.0,21.1
3094237339,17.2,0.0,25.0
2996193810,17.3,0.0,23.6
4262889279,23.0,0.1,24.1
4104555993,17.1,0.1,29.9
353554333,15.2,0.3,24.1
2694862644,17.7,0.2,32.7
1978078152,19.6,0.0,12.2
2583984498,15.8,0.0,14.9
1863074147,21.0,0.0,12.4
2401859314,15.4,0.0,25.1
1864160441,15.6,0.1,25.2
1630706747,14.8,0.1,25.0
4194402881,12.9,2.7,31.2
1406481260,13.2,0.2,30.7
3426220487,12.8,1.4,29.0
1576970545,15.0,0.0,18.4
2284172625,17.9,0.0,14.6
25660987,18.9,0.0,6.3
3148978478,16.6,0.0,16.6
1214784375,16.4,0.0,15.9
3750696258,17.3,0.0,16.6
556158735,16.0,0.0,30.1
495568290,16.0,0.4,24.2
303396086,16.8,0.0,27.2
3435503233,16.9,0.1,21.7
1722981483,15.6,0.3,26.2
3195928978,15.8,0.0,20.5
3537065203,15.7,0.0,10.3
2890705388,14.8,0.0,20.8
71741497,10.7,0.0,11.1
3111962178,12.0,0.2,12.5
1246113367,11.6,0.2,14.8
993582220,10.8,0.4,14.2
1279454171,11.7,0.0,10.8
3963414234,13.3,0.0,17.9
3877691035,14.6,0.0,14.2
3824582087,16.1,0.0,14.0
3388791339,14.7,0.0,17.0
410312018,13.1,0.0,7.5
2504582833,12.6,0.5,28.6
3249363233,12.9,0.0,11.2
2260450821,12.8,0.0,14.6
3813623011,12.9,0.0,15.1
417727755,14.0,0.0,15.1
1591330779,12.8,0.0,14.3
4138773529,13.1,0.0,13.5
1543575014,13.6,0.1,41.6
3435838521,12.9,0.0,27.0
2614169084,11.4,1.5,23.4
3682713402,13.0,0.0,29.3
3708522332,9.7,0.0,21.3
2151599799,8.9,0.0,14.7
2523470110,9.1,0.0,16.5
2550593912,13.0,0.1,12.7
4085919581,12.6,0.0,14.6
343742279,13.8,0.0,14.3
2423766014,12.2,0.0,10.2
1632591748,13.0,0.0,11.4
2251394836,11.7,0.0,12.7
652081358,12.2,0.0,11.9
4095538013,11.9,0.1,12.9
3874738005,11.2,0.0,7.4
3656456126,12.3,0.0,5.9
1527185568,8.2,0.0,3.1
2491271999,8.6,0.0,4.5
2952144045,8.7,0.0,8.1
3314501569,10.0,0.1,18.8
1300625512,11.7,0.0,19.4
78043683,11.9,0.0,19.3
3533577299,3.2,0.7,12.9
2158563067,2.1,0.9,22.8
154943295,1.9,0.1,18.6
3080076690,1.9,0.1,14.8
3651950165,3.9,1.7,14.8
1594461575,2.7,0.4,13.1
1540009126,6.6,0.0,4.0
3923396663,12.8,0.0,17.6
1837545728,11.9,0.0,15.1
3693176581,13.2,0.1,25.9
2868128192,12.7,0.0,18.6
791864594,11.6,0.0,14.7
695269653,12.4,0.0,17.6
2583678608,4.1,0.0,10.0
521712504,6.7,0.0,16.7
3581503855,5.0,0.0,19.0
3237425518,5.7,0.2,39.4
689294433,6.4,0.0,26.0
2051333316,5.4,0.2,26.6
2675154845,6.1,0.3,32.6
2631757802,6.1,0.0,29.1
572374089,5.5,0.0,13.2
542308427,5.8,0.0,18.8
2039620912,4.9,0.4,15.2
3681928398,4.0,0.0,14.5
3572174637,11.2,0.4,29.1
3395125781,7.9,0.0,22.7
4038801180,7.8,0.0,34.2
3243657046,6.7,0.0,30.3
1329475642,6.2,0.5,36.1
3038574413,5.6,0.2,40.5
3706298318,6.7,0.0,36.7
1271128871,10.3,0.6,8.1
255777109,9.7,0.0,8.0
2520575808,9.2,0.1,6.2
3863014211,10.4,0.0,8.2
1787863361,9.6,0.5,2.3
2990680705,9.7,0.1,10.0
2014739759,9.7,0.0,29.6
2038278234,10.1,0.0,38.6
3076883661,9.6,0.0,34.4
2079057525,9.3,1.0,28.0
1054102701,9.6,0.0,30.3
287944090,9.6,0.0,35.9
1618297073,0.0,0.0,22.2
472732105,0.6,0.0,15.7
480392603,1.6,0.0,5.2
2279048377,1.0,0.0,8.1
61923411,1.3,0.0,12.4
1877201563,0.7,0.0,15.3
213623905,2.5,0.8,18.4
333072342,0.6,0.1,16.3
2894810435,1.2,0.0,14.8
295670614,0.4,0.0,11.7
3150236855,1.5,0.1,26.0
1389587476,0.8,0.0,9.0
2776629158,1.7,0.0,5.0
2942321386,2.3,0.0,4.9
859491741,1.4,0.0,18.9
4289130890,-3.7,0.0,2.9
3252528302,1.6,0.0,2.1
824598732,0.2,0.1,6.4
1616538680,3.1,0.0,23.9
620842579,4.2,0.0,6.9
530104353,8.6,0.0,21.6
4035769668,10.9,0.0,16.0
2045796328,5.4,0.0,20.8
1377247089,4.5,0.0,22.8
2749859543,3.7,0.4,17.7
4077348174,4.3,0.0,21.4
634828304,3.0,0.0,17.7
573803035,5.4,0.0,17.4
3623973815,6.4,0.0,14.7
989489813,7.6,0.0,17.6
204086718,8.2,0.0,20.9
682594296,7.2,0.1,17.7
1685356797,7.2,0.2,14.2
1140043119,6.5,0.1,17.5
1353013442,3.0,0.0,12.8
1201231769,3.5,0.0,14.7
2907823041,4.5,0.0,16.3
1627958828,2.6,0.0,13.0
2237557294,5.2,0.0,17.6
3800660631,5.4,0.0,16.1
950349708,10.5,0.0,26.7
1295345329,11.3,0.0,27.1
4137136853,9.7,0.0,27.7
2432323871,9.3,1.1,22.8
2209531349,9.5,0.0,25.1
1474377905,9.7,0.8,32.4
3528118476,7.8,0.1,17.7
433503874,5.0,0.2,7.5
1236487392,5.4,0.2,4.7
3729392879,6.8,0.0,1.9
3919508577,5.3,0.1,6.3
902279127,6.0,0.5,2.1
3655067841,8.2,0.0,17.4
1245788955,8.1,0.2,11.7
2281514457,9.6,0.0,23.2
3009164472,8.5,0.1,12.1
1197948853,9.9,0.0,35.8
2865699474,10.7,0.0,16.0
3984295647,8.6,0.0,6.5
866218738,9.1,0.0,9.4
2055683163,8.3,0.0,7.3
3491225521,9.9,0.0,9.8
2223208758,9.6,0.0,8.2
1497139691,7.4,0.1,12.3
2417946541,7.4,0.4,31.6
4059624907,7.2,1.8,27.1
1656304138,8.4,0.5,34.9
2722703111,7.1,2.1,31.3
2910937438,8.0,0.5,30.6
2750005369,11.4,0.0,13.6
2968855558,8.0,0.0,16.6
3455411882,12.2,0.0,24.5
4256489688,9.9,0.0,19.1
949900092,9.4,0.0,16.2
3732108917,12.0,0.0,9.4
1430255244,11.2,0.0,12.8
2440692857,17.3,0.0,14.7
764413443,16.9,0.0,11.6
3175135480,17.0,0.1,15.3
543450539,16.7,0.0,15.2
2545795607,8.6,0.1,9.3
2438801722,11.0,0.2,21.5
163149818,12.4,0.0,8.7
3496232840,9.8,0.1,18.8
1437031772,12.3,0.0,6.9
3978043443,11.8,0.3,7.3
3856057628,12.8,0.0,9.4
21552187,12.1,0.3,10.5
218230896,11.9,0.0,20.7
3882360981,13.6,0.0,17.1
2526446621,10.1,0.0,14.9
3057284557,13.0,0.0,18.7
2986726643,14.7,0.0,13.2
1079426547,10.7,0.0,12.2
1472956402,20.0,0.0,12.2
73583136,19.5,0.0,14.9
2209077374,20.1,0.0,7.6
763648300,17.5,0.0,9.2
986007009,19.5,0.0,14.5
3315168978,22.2,0.0,9.3
3223727083,15.1,0.0,12.3
4110742256,14.3,0.0,15.1
844470617,16.7,0.0,15.3
2560102546,17.9,0.0,14.7
2631354492,17.9,0.0,14.2
1018980628,14.1,0.0,19.7
2010308255,22.8,0.0,7.6
3966025406,21.0,0.0,13.6
3477775329,18.7,0.0,11.8
4062786514,20.7,0.0,9.8
795046775,16.8,0.0,15.6
3153223872,18.5,0.0,14.2
2962124209,16.0,0.0,14.6
3099199861,18.0,0.0,14.1
851037773,19.8,0.0,22.5
2571818212,21.1,0.0,20.8
1338399662,18.9,0.0,18.7
1659888961,15.7,0.1,49.1
3698039437,16.6,0.0,32.6
246962451,15.6,0.1,31.3
1500753050,15.9,0.0,29.0
2641677171,17.4,0.0,24.5
2130911907,18.7,0.0,19.2
4133425808,21.7,0.0,18.0
4110853903,18.7,0.0,3.7
1913521641,16.7,0.0,7.9
3520354473,20.2,0.0,4.4
1314987346,20.1,0.0,10.5
3846238336,16.1,0.3,14.5
2974632636,15.3,0.6,17.0
1936204402,17.7,0.2,24.6
2797204462,17.8,0.1,25.9
725883508,17.0,0.1,34.6
3068525032,18.0,0.0,24.7
3766531739,13.9,0.0,22.1
60624620,12.8,0.0,16.1
2025194263,11.9,0.1,24.0
1975800559,11.0,0.5,13.2
2914511960,13.9,0.4,19.7
2685777644,13.2,1.0,20.7
3146227359,12.5,0.0,16.7
3728605961,13.6,0.0,2.8
1482236071,14.0,0.0,3.9
3802420442,11.7,1.1,14.7
1121722316,14.4,0.0,20.1
4194723652,15.3,0.0,23.5
155964512,11.5,1.3,15.8
955189893,11.5,1.1,18.5
1097640792,14.0,0.0,10.0
2622488087,11.1,0.1,36.2
4101857164,12.0,0.1,42.6
1824735049,12.4,0.0,41.4
313540006,14.0,0.0,30.8
3259114455,13.4,0.0,17.8
822420365,13.2,0.0,23.4
2300334228,13.6,0.0,12.5
984523700,13.0,0.0,15.7
1074124394,13.2,0.0,11.7
96024959,13.1,0.0,13.5
305871275,12.9,0.0,18.5
4188707476,11.8,0.2,27.3
4024388879,7.4,0.0,27.3
3350750494,8.0,0.0,24.6
946187253,7.5,0.0,23.0
2820360247,8.6,0.0,24.1
743317181,5.4,0.4,13.9
4235212710,8.7,0.2,22.4
1138691185,7.8,0.2,12.0
199105968,9.3,0.0,19.8
4054841814,9.3,1.7,17.0
1736225938,7.9,0.1,13.5
90149596,7.8,0.1,10.8
1519294322,9.4,0.0,29.0
1074213883,10.0,0.0,29.4
83489797,9.3,0.0,28.2
1587743334,12.4,0.2,13.9
884954262,11.9,0.1,11.3
4055604044,11.5,0.2,23.6
2836682546,9.9,2.0,12.2
697619240,11.9,0.0,19.5
3450943852,11.9,0.2,12.5
1866572333,5.5,0.0,11.4
161373898,7.6,0.0,12.6
4144629643,6.0,0.0,7.2
855815685,6.0,0.0,5.4
3117467364,5.3,0.0,4.7
1990382363,7.0,0.6,22.3
2239204317,3.0,0.0,3.7
1919861816,3.9,0.0,13.1
244857370,4.1,0.0,10.5
1012748166,4.8,0.0,15.9
3007651790,3.7,0.0,9.4
1265093701,3.7,0.0,1.8
665845676,2.9,0.0,8.3
197626161,7.2,0.1,28.6
2170939042,7.7,0.0,11.3
1286957501,5.9,0.1,15.6
3988736553,7.3,0.0,14.0
3113989153,7.6,0.0,21.7
4001017586,7.8,0.0,0.8
924661477,8.2,0.0,2.6
2430075993,8.6,0.2,4.2
1324641096,8.4,0.1,5.4
2977581747,8.5,0.4,8.4
1286044561,7.6,1.3,13.2
2568873329,8.6,0.1,29.5
2328250000,8.8,0.2,35.4
1269837393,8.3,0.5,35.5
2918908716,11.3,0.9,35.7
2037071144,7.0,0.0,5.7
2999838718,9.5,0.3,24.2
4044218465,6.3,0.0,9.2
2579537809,7.3,0.0,24.9
4008361022,6.7,0.0,16.4
1667292495,7.0,0.0,15.3
1888785177,8.8,0.1,15.8
3616404095,8.1,0.0,15.3
861701547,5.9,0.0,12.3
2603294015,6.2,0.0,14.0
2566502639,4.7,0.0,10.9
398136289,5.8,0.0,11.3
634702171,5.1,0.0,9.6
2973374045,6.6,0.0,15.9
2678348018,0.6,0.0,8.5
53523449,2.6,0.0,8.3
4016317769,0.8,0.0,5.8
1739769722,0.7,0.0,0.6
2920842001,0.5,0.0,0.9
2090068742,0.7,0.0,12.8
3650809408,-1.3,0.0,18.7
2733857068,0.0,0.0,15.3
1129295071,0.0,0.0,16.3
103025252,1.5,0.0,16.8
991255135,0.3,0.0,13.4
3964125314,3.3,0.3,20.7
2444790300,2.1,1.4,6.9
1574051485,3.3,0.0,17.6
880329603,1.7,0.0,17.7
73563925,2.5,0.2,13.1
1698576865,3.9,0.2,11.5
2531250514,5.4,0.3,45.3
3854715412,5.8,0.0,20.8
690178632,6.1,0.0,20.8
2268073914,7.7,0.0,16.9
3172827341,4.9,0.6,34.9
2991616215,6.4,0.1,28.1
2721331002,6.9,0.0,27.7
2988150974,6.0,0.1,22.9
2910517052,6.7,0.0,19.6
1945875613,7.7,0.0,16.2
1597667219,7.0,0.3,14.2
58157337,6.9,0.2,16.1
1126686961,6.0,0.0,22.0
578775086,8.0,0.1,0.6
3198028985,8.0,0.0,3.4
3456887323,4.3,0.0,25.1
2917580744,4.4,0.1,12.1
342586541,3.2,0.2,13.8
894186892,3.9,0.1,16.7
4070750005,6.2,0.1,17.8
2123332004,4.4,0.6,23.9
1483228838,3.8,0.4,24.8
2672219290,4.9,0.2,29.2
3509912283,4.1,0.3,22.3
3200565467,3.6,0.0,10.4
1757213922,4.2,0.0,12.8
595510932,3.0,0.0,8.9
1728611033,4.8,1.8,8.7
3592512027,2.8,1.2,11.3
1487086421,4.1,1.5,10.1
112565946,6.4,0.0,10.8
1956745654,9.2,0.0,7.2
559436354,10.7,0.0,16.2
4229197210,8.8,0.7,18.2
888454093,9.9,0.1,23.9
2437980961,9.3,0.0,26.2
1893685592,11.2,0.0,23.8
464191972,5.3,0.0,4.7
2631347952,4.7,1.0,6.4
224894664,5.4,0.4,4.6
4106240051,4.7,0.8,8.6
889036535,4.7,0.0,6.4
858950816,10.7,0.1,19.9
1016543506,9.5,0.0,9.7
2915470973,7.3,0.0,20.0
2614508890,9.8,0.0,16.4
1163056039,8.5,0.0,11.8
3353110587,7.1,0.1,17.3
3357090188,8.0,0.0,19.0
4284108491,8.0,0.1,20.0
3725464647,6.3,0.2,21.3
2155286935,7.8,0.0,30.1
4191223322,12.7,0.0,12.5
187976154,14.2,0.0,7.2
732085627,10.8,0.0,8.4
884385356,13.3,0.0,10.5
2503576552,12.9,0.0,10.9
2559639794,11.6,0.0,18.0
456009202,5.0,0.5,18.6
1308496399,4.8,0.4,20.8
409993205,4.3,0.7,20.4
1212923940,4.0,1.0,21.9
1041680296,6.4,0.2,26.5
841133308,6.6,0.1,24.8
713409165,7.9,0.1,33.5
674916985,9.8,0.0,23.9
286857310,8.5,0.0,25.4
4080174967,9.0,0.0,31.5
115880118,9.8,0.0,30.4
1757983641,9.0,0.1,30.0
2282205075,9.6,0.0,14.3
2169207083,15.3,0.0,7.0
1482054494,15.1,0.0,9.1
3078238840,12.8,0.0,6.8
2963177837,15.7,0.0,4.3
329154329,14.2,0.0,8.7
644676137,16.5,0.2,5.7
1961499705,14.9,0.2,5.6
2866299065,14.3,0.2,9.3
2233663161,13.0,0.1,11.4
3649816425,8.9,0.0,15.8
1855434096,13.6,0.0,18.5
2008988423,9.8,0.1,16.0
2437635183,7.8,1.3,12.2
1625797436,9.6,0.0,9.8
2444356903,11.8,0.1,7.8
423701405,10.6,0.2,11.4
2189924551,12.7,0.0,17.1
249196745,11.6,0.1,23.9
524409766,11.5,0.1,24.1
3350443857,11.5,0.0,27.4
1372569170,8.4,1.1,15.1
189439781,11.1,0.3,13.5
3403060912,11.6,0.1,12.5
1336141613,11.6,0.0,11.1
995463984,12.1,0.0,9.7
747655499,11.3,0.2,5.8
2262583641,11.3,0.1,21.3
790467071,11.7,0.2,19.8
2553006665,12.0,0.1,16.1
311780921,16.1,0.1,20.0
97500897,17.4,0.0,22.5
3003420980,16.6,0.1,25.4
3991634008,17.0,0.0,26.2
171877471,18.5,0.0,27.9
2391854600,21.0,0.0,12.6
371234527,23.1,0.0,12.3
4001846590,22.8,0.0,10.5
3965176165,25.7,0.0,5.6
3907970280,21.3,0.0,14.5
3378963933,16.9,0.0,26.8
4046294249,18.5,0.0,26.3
754129917,18.8,0.0,21.2
1849860999,16.4,0.0,23.7
3960633756,16.0,0.0,26.2
2507518388,16.0,0.0,6.1
1374362354,18.6,0.0,6.8
3450667669,17.3,0.0,13.0
387876808,18.5,0.0,4.4
1422690603,18.5,0.0,4.4
1281016490,18.0,0.0,25.9
60791228,18.0,0.0,24.1
2765235291,17.5,0.0,22.4
3251718750,18.0,1.3,20.2
3604884232,17.9,0.0,29.7
4217379399,12.7,0.0,16.5
539874591,13.1,0.0,16.1
4098795461,13.6,0.0,17.1
753772470,13.6,0.0,16.3
1909844449,14.2,0.0,18.0
2302808063,13.2,0.0,31.5
1942015772,15.6,0.0,15.5
729794686,12.5,0.4,25.1
2872098372,13.4,0.1,27.2
3374408501,13.4,0.1,27.2
3945770655,15.2,0.2,10.7
3910998232,12.7,0.6,14.7
284040882,11.3,0.0,23.2
1943512181,13.7,0.0,23.4
3672066576,12.3,0.2,20.0
1194418115,13.3,0.0,20.7
3684853488,13.2,0.0,24.5
3376040855,11.0,0.0,19.8
57827978,11.4,0.0,23.2
1682633873,10.5,0.0,26.8
732432945,10.1,0.9,16.5
4225455002,9.5,0.1,25.6
1165253598,11.5,0.0,10.3
1800810238,10.0,0.1,24.6
3594719982,13.8,0.0,9.1
2261082260,13.8,0.1,17.9
2001035877,14.5,0.1,7.2
3063707527,12.8,0.1,6.2
538086308,13.7,0.8,11.5
16530604,14.5,0.1,19.8
2083406470,13.2,0.0,25.5
2397928792,13.8,0.0,21.9
2435533368,12.2,0.0,15.7
2981816085,12.0,1.0,16.2
3493615735,12.9,0.0,20.2
2074582279,10.7,0.0,17.4
2537327418,12.1,0.1,17.9
3239406660,10.1,0.0,15.3
657564645,11.6,0.1,14.4
851073579,10.9,0.5,14.0
1202738403,15.7,0.0,27.9
3498825374,13.6,0.0,15.2
3150817450,13.9,0.0,12.5
407942496,13.5,0.2,13.3
3514298913,14.1,0.0,11.3
3755992599,8.4,0.8,34.2
785781189,7.7,0.0,17.9
579025179,9.2,0.0,10.4
1492742916,9.0,0.0,11.3
2073516178,8.6,0.1,14.9
4063721585,6.8,0.1,13.0
41911961,6.8,0.0,9.1
1881926837,6.6,0.5,14.8
401424203,6.7,0.2,3.2
1025582416,6.0,0.0,6.8
3750301384,3.8,0.1,14.5
728920204,3.7,0.0,20.9
165490723,5.8,0.1,27.0
219711810,6.2,0.3,22.6
1718552088,5.7,0.0,20.5
230660753,5.9,0.0,19.7
155095475,6.0,0.9,27.4
3324198041,1.0,0.0,12.7
1831938351,3.9,0.0,11.8
1041221728,2.4,0.0,14.8
1873422348,4.3,0.0,11.0
1131935679,8.0,0.0,24.2
2485158903,7.9,0.0,21.0
215477786,8.0,0.0,32.8
1697024545,7.8,0.0,21.6
2084504146,8.0,0.0,18.7
1766354017,6.0,0.0,39.3
934188221,5.6,0.0,18.4
3424075707,4.2,1.9,30.2
3188868948,4.6,0.0,14.1
2049671186,5.4,0.0,9.5
1407399982,5.5,0.0,12.7
575901154,7.0,0.0,11.4
4217563571,6.9,0.0,10.9
97415379,6.7,0.0,11.9
1455097536,10.0,0.1,20.4
423623044,9.5,0.0,24.0
2918041927,9.3,0.3,23.3
980542256,9.5,0.7,25.1
4083232209,9.1,0.5,26.1
1945432474,9.4,0.0,21.3
3473202674,8.9,0.0,17.7
738717326,8.8,0.0,27.2
753175306,9.1,0.0,29.2
3467620489,9.4,0.6,23.4
3124128284,6.4,0.0,3.9
977728726,6.5,0.0,2.3
3193743246,10.6,0.1,20.1
3186497172,8.2,0.0,18.8
954589963,5.4,0.0,20.0
575206364,5.0,0.0,15.1
3078981442,5.1,0.0,13.8
2279604776,5.9,0.0,11.5
2780079458,6.4,0.0,15.0
3654622861,5.6,0.0,4.2
946017815,5.0,0.0,3.4
2317929283,6.2,0.0,16.6
3646470003,6.0,0.0,2.0
1513894345,6.0,0.0,2.0
2015472680,3.5,0.1,16.3
2921834184,5.4,0.0,14.8
3449629838,6.4,0.0,14.2
693738723,11.5,0.1,9.0
4077274831,11.4,2.3,9.4
3925298200,11.0,1.1,13.3
2592197281,11.0,1.1,13.3
995871550,10.7,0.2,6.6
3172749260,11.9,0.2,15.6
944735977,10.5,0.3,19.7
3934204638,9.4,0.1,8.3
2514863523,10.3,0.2,13.0
4147329058,7.4,0.3,22.5
93149202,5.4,0.1,14.2
170275471,5.9,0.0,15.7
1730013065,7.9,0.0,11.3
3851434922,6.7,0.0,16.3
2917742809,11.1,0.0,14.6
3540276515,12.6,0.0,8.4
2424287659,8.5,0.0,17.4
752368938,13.8,0.0,16.7
3556346877,13.5,0.0,12.1
585242254,13.4,0.0,14.1
3390078841,10.2,0.0,16.9
18024850,10.3,0.0,13.2
213342838,9.9,0.0,20.3
2945091522,10.8,0.1,12.8
1909225283,9.3,0.0,15.9
1423500664,10.4,0.0,12.3
2455960139,13.2,0.0,10.7
3809027920,10.3,0.0,13.8
2653279568,14.2,0.0,19.8
3771815502,14.7,0.0,30.9
2956023023,10.2,0.0,28.3
3015191738,9.8,0.0,24.2
129491847,8.5,0.0,19.1
2550095411,13.9,0.0,21.9
889851157,13.1,0.2,9.6
3864041350,13.8,0.0,3.9
1541448658,9.4,0.0,17.1
4250750321,10.0,0.0,15.5
3717281213,8.9,0.0,15.0
1114459608,8.1,1.9,18.8
3211215860,14.8,0.0,10.2
1248194065,15.1,3.5,9.4
4198849752,11.9,0.0,15.6
1784765040,14.5,0.0,12.1
1163938297,14.1,0.2,15.7
3299154780,13.1,0.2,9.0
1622756966,14.5,3.2,8.3
2817470593,14.3,0.2,4.9
535695326,18.6,0.9,18.6
636409372,17.4,0.0,29.5
2800521066,17.2,6.1,7.6
2374574126,18.7,0.4,22.1
1735307745,19.4,0.1,11.5
4020502941,19.2,0.0,25.9
1199275406,17.8,0.0,7.2
2488672447,15.6,0.0,13.9
437874821,18.5,0.0,2.9
1172916663,17.9,0.0,9.2
1781304086,18.0,0.0,7.3
2402805642,18.3,0.0,13.3
3721222934,19.1,0.0,21.6
1475934020,19.7,0.0,23.0
2611524943,19.0,0.0,14.3
894426780,18.8,0.0,10.6
2843903083,13.3,0.8,18.2
1188456753,14.2,0.0,19.6
3160125250,14.7,0.0,13.3
2284117983,13.8,0.0,17.4
664070339,13.9,0.0,18.8
2215593929,13.1,1.0,15.6
1457616454,12.8,0.0,13.1
1049499312,11.9,0.0,5.9
2919549596,13.0,0.0,8.7
543790032,12.7,0.0,13.4
125707288,13.2,0.0,9.8
759503374,14.6,0.1,15.1
1813258324,13.7,0.0,7.4
2529102297,14.2,0.2,11.6
1342115383,14.5,0.5,12.1
2910038404,11.4,1.5,18.2
2849945260,7.9,0.2,13.5
3631607544,11.8,1.1,16.2
439217675,10.5,1.0,24.1
3331339152,7.9,0.1,35.1
4134842746,9.0,0.0,18.1
3428836537,10.1,0.0,16.8
1040008644,9.2,0.8,31.1
401220635,11.9,0.0,18.2
3868395984,12.2,0.0,21.7
2225539219,10.8,0.0,18.9
3044662575,10.8,0.1,25.6
1589471856,8.1,0.0,21.3
1326297124,8.5,0.0,25.1
944847081,8.5,0.0,21.8
3020939181,10.5,0.0,14.2
2067592229,9.5,0.1,14.0
2582365734,10.1,0.0,20.0
823112755,8.5,0.0,12.4
1469263493,9.0,0.1,14.3
3948655055,5.1,0.0,8.1
544028551,5.4,0.0,0.8
14942697,6.8,0.0,7.7
3860935546,5.2,0.0,3.2
482973179,5.2,0.0,3.2
1173873975,7.6,0.1,7.0
303934450,4.1,0.0,8.5
2067659005,-1.1,0.0,5.7
4139445696,1.2,0.0,8.2
3366120081,7.7,0.4,18.9
1839153229,6.6,1.9,22.2
3876796404,7.9,1.0,25.1
4067104559,7.0,1.1,18.8
166109045,7.0,2.0,23.2
1497148647,6.8,0.1,21.3
1777844311,4.7,0.0,8.4
581325033,11.0,0.0,40.0
2889366868,10.0,0.1,27.3
2518099010,10.4,0.1,27.7
3825983318,10.6,1.6,26.0
2450667505,11.0,0.1,28.6
1276947131,7.5,0.1,22.2
2211038262,7.8,0.1,19.5
1657707232,9.9,1.1,29.7
3573376790,5.7,0.6,0.0
2136993694,10.2,0.8,29.5
1136831627,3.2,0.0,14.6
2778509328,7.8,0.1,33.2
1657733055,3.6,0.2,18.1
434336592,3.7,2.3,23.3
1331351743,3.7,0.5,35.7
1530996610,7.2,0.1,7.8
4025853873,6.8,0.0,4.7
2377240198,6.7,0.0,4.9
1304817583,5.7,0.1,8.5
3949287110,7.2,0.0,8.2
1053137319,5.9,0.0,8.6
2687233067,0.9,0.0,2.0
1395732007,7.3,0.0,15.5
3685283514,2.3,0.0,8.1
302250766,1.5,0.0,4.8
2600972363,2.8,0.0,16.0
963594884,5.3,0.0,21.3
3914909585,6.6,0.0,10.8
4251342633,5.3,0.0,13.7
3769664730,11.9,0.3,46.2
3496519944,8.5,0.0,22.8
74687703,8.5,0.0,26.5
945934943,8.3,0.1,25.9
4073099322,8.6,0.0,21.1
1934650203,9.2,0.0,27.5
332931233,7.9,0.0,37.6
1985979449,8.2,0.0,28.9
217971062,6.4,0.1,21.4
1654673455,5.0,0.0,10.2
436680253,10.6,0.0,12.8
4288789195,10.3,0.3,16.7
3976372392,10.8,0.0,6.6
2546961145,10.2,0.0,10.8
3955694528,10.6,0.4,14.4
1237180643,5.9,0.1,16.9
3727504861,6.9,0.1,8.2
2889688837,6.3,0.1,15.3
2289216301,6.4,0.0,7.5
1071177582,6.5,0.0,2.8
1478198650,8.0,0.0,32.8
175440514,9.1,0.0,23.4
1304850379,7.8,0.2,26.1
3940002092,7.9,0.1,24.4
4265421656,8.8,0.1,27.8
284143153,5.6,0.1,19.3
3842585448,6.7,0.0,10.0
3331146688,7.2,0.0,11.9
3382598104,7.4,0.1,8.7
2503564879,7.1,0.1,10.0
412590372,11.1,0.0,16.2
1891617582,8.9,0.2,22.1
1405274324,5.7,0.2,27.8
1406814183,6.7,0.0,21.2
2430524804,6.7,0.0,30.6
4012539653,6.8,0.0,30.7
3599415970,9.2,0.0,10.2
123759443,7.1,0.3,6.1
2896260537,9.5,0.0,18.9
1213201626,9.4,0.0,16.7
2954867687,9.8,0.0,18.4
3576588631,9.8,0.0,18.4
3817070641,9.0,0.0,30.0
2918095591,7.5,0.5,34.2
2129230650,8.4,0.1,28.1
2504264645,8.4,0.0,30.3
1172617074,8.2,0.1,8.0
3379600073,8.1,0.1,16.4
1991522236,8.3,0.8,8.2
1263633695,11.0,0.1,13.9
519748794,10.3,1.1,15.1
2463945955,6.9,0.1,27.8
3313998914,14.1,0.0,41.3
3625084458,15.0,0.0,38.8
125399816,15.1,0.1,29.2
2394938257,14.2,0.0,40.6
1120066402,14.2,0.0,41.8
1606533123,8.6,0.1,41.0
3580702538,8.8,0.2,21.1
2596316371,12.9,0.0,26.3
1660211254,9.3,0.1,34.8
1531691787,8.6,0.1,42.6
3723216611,9.6,0.0,37.0
3387929879,10.2,0.6,31.9
2769936598,9.5,0.0,18.4
3705932884,6.8,0.0,5.1
4204656158,7.4,0.0,15.6
1142629884,11.6,0.0,6.6
3082912373,11.8,0.0,6.8
29715555,9.1,0.1,5.2
3744328638,7.6,0.0,17.2
3267222260,10.2,0.0,11.8
265813541,10.3,0.0,2.1
2789398178,9.6,0.1,9.0
271702951,13.8,0.0,16.8
2954513451,14.2,0.0,21.4
2306842244,13.8,0.0,19.5
2023615838,16.1,0.0,23.5
1138164228,12.2,2.7,20.8
4229700240,19.6,0.1,21.2
3643698502,16.0,0.1,20.3
1409455782,16.2,0.1,18.1
484174773,17.2,0.0,19.8
291902616,15.6,0.1,18.4
1546939228,15.8,0.0,26.2
3561249250,16.7,0.1,36.4
4136893059,17.9,0.0,31.0
1851120135,16.3,0.4,29.7
3740884046,18.2,0.0,33.6
2683455563,15.4,0.0,27.2
4262414522,14.5,0.1,25.9
4147651128,13.7,0.0,31.1
487034612,14.7,0.1,27.6
2957550817,14.5,0.1,25.0
794374761,14.7,0.0,26.4
1819789639,17.5,0.0,15.4
2565221673,20.1,0.0,9.0
2138438973,19.2,0.0,9.1
3438963460,20.1,0.0,9.4
309255581,15.7,0.0,22.5
3273341405,12.3,0.1,16.5
4146287946,16.1,0.5,23.8
3362516333,15.1,0.3,37.2
1275951787,16.3,0.2,25.0
731413533,16.0,0.4,24.2
3504278040,15.8,0.0,23.3
3204185498,14.7,0.0,20.6
4063468258,14.7,0.0,20.6
1589584277,13.8,0.0,18.3
966763660,11.5,0.0,18.7
4066440355,11.7,0.1,13.2
3670863712,10.8,0.4,14.2
2879880192,11.3,0.1,15.0
3483660394,11.6,0.0,12.3
3131742115,14.6,0.0,16.5
3249170330,14.8,0.0,16.6
465961673,15.1,0.1,18.8
1856386038,14.8,0.0,15.9
82742268,14.8,0.0,15.9
48310741,12.2,0.1,21.1
3154110482,7.8,0.6,21.1
1385208032,13.1,0.0,29.8
657795719,12.4,0.0,22.3
3885729912,13.2,0.0,13.8
1611052538,12.8,0.0,14.6
3174070748,13.3,0.0,15.4
3724332683,12.9,0.0,27.5
3977535437,12.9,0.0,28.3
2045942078,13.1,0.0,26.2
1043336777,13.2,0.0,30.3
1534927202,12.8,0.1,28.3
2211485706,14.1,0.0,18.7
1449343146,13.1,0.0,14.1
807786558,14.2,0.0,17.1
2052809564,14.1,0.1,8.7
1841453706,11.9,0.1,12.5
1669060845,12.5,0.0,13.6
2477203633,12.0,0.0,15.4
3961187273,12.2,0.0,15.9
342936163,10.7,0.0,13.5
1252807237,8.4,0.1,7.8
1130770822,8.7,0.0,8.1
2516984538,8.6,0.0,7.3
3094921385,8.6,0.0,7.3
1924513689,9.6,0.0,27.5
619189889,8.3,0.0,19.3
4141737937,7.7,0.1,19.0
1723510121,8.4,0.0,19.3
489703663,8.4,0.0,21.7
4270243285,3.0,0.0,10.7
1218592464,8.7,0.1,9.8
3125449683,6.1,0.1,28.6
3615070113,6.1,0.0,28.4
1179182178,6.3,0.0,27.3
3105571333,6.4,0.0,26.0
637044815,6.4,0.0,26.0
542175225,3.1,0.0,10.9
23373453,4.5,0.0,13.2
447726967,8.8,0.0,20.2
2484996844,4.9,0.4,15.2
512972382,4.9,0.0,18.9
44971352,9.2,0.3,19.3
2305282187,8.1,0.0,20.3
663792088,6.2,0.0,31.0
4261199106,6.5,0.1,31.1
4216626445,6.2,0.1,35.9
200268345,7.1,0.0,33.9
1388765314,9.5,0.0,8.0
1000055300,9.3,0.0,29.5
2654725338,9.4,0.0,18.8
4037932179,9.1,0.2,19.4
2192772392,9.9,0.0,22.8
17818526,9.5,1.1,34.4
4070209746,4.0,0.0,18.9
2890350103,2.3,0.0,8.1
2275722976,2.3,0.0,8.1
82728503,-2.4,0.0,1.8
1341021433,-0.6,0.0,4.8
627578673,9.6,0.0,18.3
2956169696,9.3,0.0,18.1
4240449206,3.0,0.0,16.5
3130649430,5.8,0.0,23.7
3508063601,3.7,0.0,20.5
4250513618,3.5,0.0,12.8
3944543924,4.2,0.0,23.4
2791205278,6.9,0.0,10.8
1736353515,5.3,0.0,3.1
124981266,7.0,0.0,16.6
2133727610,6.6,0.0,14.1
3679921003,7.0,0.0,16.9
1410464400,7.5,0.0,14.2
1037584323,3.0,0.0,11.4
1727225336,2.5,0.0,11.2
3026890283,2.1,0.0,9.5
381548562,3.9,0.0,17.6
2749448152,3.0,0.0,12.8
374703900,3.8,0.0,13.8
1458838656,3.9,0.0,13.6
2747496262,10.8,1.0,33.5
1564181635,8.9,0.1,30.8
2189730085,10.3,0.0,28.3
2305528684,9.3,1.1,22.8
4115457182,10.1,0.0,31.2
784576843,7.4,0.0,17.7
854481834,7.5,0.1,18.9
4204255234,7.0,0.3,23.4
831759372,8.3,0.0,18.0
2959783790,7.0,0.0,19.4
3835160498,8.0,0.1,17.0
1156296634,7.5,0.1,16.4
731984708,8.2,0.0,20.0
1710080399,9.0,0.0,31.8
552059657,8.6,0.0,30.7
1474023122,9.7,0.0,28.8
3144129573,16.5,0.1,8.5
418322911,14.7,0.5,11.4
2438259486,15.8,0.1,12.4
406686703,8.1,0.0,16.4
1250460570,7.7,0.0,10.2
2762228654,8.8,0.0,6.7
3589613344,8.3,0.0,7.3
2496544849,8.9,0.0,6.4
2516392289,8.9,0.0,6.4
2577480387,16.4,0.0,17.4
3532826580,9.5,5.0,15.7
3679274379,14.8,0.0,11.4
678167439,13.2,0.0,15.8
1109564447,13.9,0.0,14.7
3527097992,14.2,0.0,16.2
322578445,8.2,2.2,45.8
836696760,6.9,1.6,28.1
3624468230,7.3,2.2,33.7
490395918,13.2,0.0,16.5
748161555,15.4,0.0,11.1
3698791592,9.4,0.0,20.3
2424468178,8.8,0.0,20.8
3444630856,8.9,0.0,22.0
878227665,8.0,0.0,20.9
4188250013,8.2,0.0,19.4
234459126,10.4,0.0,12.2
2334740784,15.6,0.0,13.1
2327684108,17.3,0.0,14.7
1167148169,17.3,0.0,14.7
2439666565,16.4,0.0,7.9
50104587,8.2,0.1,18.4
1760815784,10.6,0.0,22.3
3907886476,9.8,0.0,22.5
2524124360,9.6,0.0,22.7
2489509096,11.7,0.0,21.0
1767908224,14.3,0.0,12.6
3400062436,10.8,0.0,11.9
3278182893,12.9,0.0,6.0
3357408099,12.8,0.0,9.4
2744517264,11.5,0.0,6.9
3563531447,13.7,0.0,16.8
48932315,13.8,0.0,18.3
2398351550,13.4,0.1,19.0
3487653014,14.3,0.0,17.6
4153095550,14.2,0.0,16.7
898030433,17.7,0.1,17.1
351885415,18.0,0.0,13.9
3076115292,17.8,0.0,14.3
4097626470,20.0,0.0,15.8
3227800310,19.9,0.0,13.3
941239354,16.7,0.2,28.1
579876683,15.0,0.1,36.0
1895259913,17.3,0.0,32.8
1713280639,15.9,0.0,29.0
1907800122,15.9,0.0,29.0
277308192,14.4,0.0,11.4
2013450069,17.8,0.0,3.3
200372693,19.5,0.1,5.6
1176427326,19.2,0.0,10.4
2753894664,17.4,0.0,2.2
542438341,17.2,0.0,19.2
464481628,16.0,1.0,23.7
611982338,16.7,0.3,10.9
263744139,15.8,0.5,13.7
291098970,17.6,0.0,13.6
789462997,18.4,0.0,21.7
1690207339,18.1,0.0,17.3
3387679020,14.3,0.1,20.8
4290625262,14.5,0.1,19.4
3110079084,12.4,0.2,27.6
3447101799,11.0,0.5,13.2
3162244226,13.9,0.0,17.9
2817640802,16.8,0.0,16.9
762485892,13.6,0.0,17.7
1816963151,13.3,0.0,21.2
2901760890,12.2,0.0,17.2
12408750,13.4,0.0,4.2
176985120,14.4,0.0,1.1
445854005,13.2,1.2,31.2
75402529,14.7,0.1,14.8
1878390523,11.8,2.7,17.3
3754627529,11.7,1.1,14.7
3523122524,15.3,0.0,22.6
2546294685,15.1,0.0,11.2
3440692233,11.8,0.0,28.1
3761229182,12.0,0.0,36.0
3972002747,12.2,0.0,26.8
2211620288,8.9,1.4,33.0
860072778,11.7,0.1,32.4
1983823930,17.8,0.0,16.0
1328910298,15.1,0.0,9.8
2419324494,16.9,0.0,13.2
1526308301,17.5,0.0,10.9
3928627298,11.8,0.0,2.4
2797350031,11.8,0.0,13.5
3234004212,12.5,0.0,22.2
552350309,13.2,0.0,11.7
1218956788,13.2,0.0,11.7
477748733,11.5,0.5,16.8
2879488684,11.8,0.5,18.4
3664189743,8.1,0.0,20.9
3003245232,8.2,0.0,21.4
1724193982,8.3,0.0,19.5
2293703713,8.5,0.0,30.1
1018111241,7.1,0.0,22.8
1485149199,12.5,5.2,44.8
3743299511,10.8,0.0,29.6
3558869086,9.4,1.0,22.8
1296928871,10.1,0.0,30.4
3066517037,10.2,0.0,26.2
1855031655,14.2,0.0,11.3
1010121239,13.3,0.1,8.7
3225683045,11.9,0.5,15.3
1641174375,12.1,0.3,12.3
1233647532,11.4,0.1,0.9
4287579541,9.8,0.0,30.4
1312327805,8.7,0.0,20.4
3568783276,6.1,0.0,9.1
3303886446,8.4,0.0,13.1
212585073,4.5,0.0,5.2
747773302,6.8,0.0,16.0
492539932,6.4,0.0,6.0
143646713,6.0,0.0,5.4
1277866980,3.3,0.0,1.8
2748763821,7.4,0.0,24.3
3279828397,9.6,0.2,18.8
2566316344,7.7,0.0,4.4
2924387574,8.3,0.0,2.1
1439472983,7.4,0.0,0.6
839571634,9.2,0.0,27.7
4017847070,9.4,0.0,34.2
1573897473,8.3,2.1,34.8
3722434178,8.6,0.9,30.9
3146477164,9.3,0.1,32.3
2602161918,6.7,0.0,15.0
1810736511,7.0,0.0,10.4
1095898238,7.0,0.0,12.7
533951839,6.8,0.0,8.7
2498883949,7.0,0.0,7.5
1321726209,6.6,0.0,19.3
2300316143,5.6,0.0,14.4
2153650885,5.8,0.0,11.3
4085074793,6.4,0.0,14.2
648606983,3.6,0.0,6.1
347725161,0.3,0.0,14.3
2895620819,0.7,0.0,12.8
2323092976,-0.8,0.0,17.3
1395655794,-2.2,0.0,1.5
1473270364,4.9,0.0,25.4
3474412425,2.5,0.0,10.9
2826120865,5.8,0.3,33.8
2978231138,7.1,0.0,25.6
3086662251,7.2,0.0,23.3
135337735,5.9,0.0,30.8
3676996532,5.1,0.1,23.0
305178600,4.5,0.3,23.9
375092316,7.6,0.0,18.9
3132266045,7.0,0.0,18.9
3808916448,6.7,0.0,17.6
3807432736,7.1,0.1,15.5
1426042322,4.4,0.0,23.9
2632277293,3.9,0.0,13.7
1648625895,4.9,0.0,15.9
392868719,4.8,0.0,11.9
1887796106,3.9,0.0,8.2
3444285627,9.3,0.1,28.2
3338489358,9.5,0.0,5.5
3577097982,8.7,0.3,24.1
4071734987,9.2,0.8,16.1
3577909884,9.2,0.8,16.1
2396886220,11.9,0.0,22.1
3723097720,11.2,0.0,16.8
2633747878,4.6,0.1,6.3
3460609769,5.8,0.3,7.3
1206674129,5.2,0.1,4.8
1003939976,7.5,0.0,9.9
3812790500,6.0,0.0,5.8
1015738752,10.2,0.0,10.2
2279324175,10.2,0.0,9.4
1072503938,9.9,0.0,13.2
3422064444,9.2,0.0,16.8
3131267950,9.5,0.0,23.9
99412963,9.3,0.0,38.6
1959548232,7.3,0.0,23.6
1234017184,7.1,0.1,20.2
2260339051,8.1,0.1,21.5
4095421613,7.1,0.1,17.3
3419290683,8.4,0.0,18.8
4016375715,14.4,0.0,11.8
3200135172,13.0,0.0,16.0
1870324272,7.6,0.0,11.8
2405278897,12.7,0.0,10.3
3419789300,10.0,0.5,7.5
2502287991,9.7,0.5,26.3
2926174591,7.5,0.2,23.4
2796843868,9.3,0.0,32.0
1653297682,7.5,0.0,28.2
1120206633,8.1,0.0,28.9
119001914,4.3,1.3,20.7
2330041958,7.6,0.0,37.7
3834550435,3.8,1.1,20.7
2228659911,6.2,0.2,10.3
4136414253,14.3,0.0,18.5
156895701,9.3,0.0,18.4
2515983725,8.8,0.0,42.0
2431430243,9.8,0.0,23.9
706414862,9.1,0.0,27.3
211042258,9.5,0.0,23.4
2937303908,10.2,0.6,15.5
1289739549,10.3,0.6,14.4
3866136215,11.6,0.0,23.1
1751480428,13.2,0.0,23.5
1016911082,11.7,0.0,24.7
1894902517,10.4,0.1,25.3
1027198601,10.2,0.0,20.7
717637325,17.4,0.0,1.5
4259073689,14.1,0.0,12.0
969537970,9.4,0.0,10.6
2636675825,15.1,0.0,9.1
2785812900,11.0,0.0,13.4
253580334,13.3,0.0,2.5
717062072,15.6,0.2,3.5
3216284514,17.4,0.7,3.6
3064513267,15.4,0.0,9.1
2912524176,15.0,0.0,2.2
117852375,16.6,0.0,27.4
2234872474,18.1,0.1,27.6
915520628,16.6,0.0,23.8
2125784678,18.0,0.0,28.4
4041591261,16.8,0.0,19.0
2929710055,26.0,0.0,7.6
2773820196,25.2,0.0,4.9
3063695307,25.3,0.0,9.7
1777656905,25.4,0.0,6.4
3979163614,27.0,0.0,7.3
772480547,16.6,0.0,27.0
2235391878,18.2,0.0,27.9
1521626869,16.3,0.0,27.6
2601694536,18.7,0.0,25.9
1956205774,19.1,0.0,18.4
3487357630,19.4,0.0,6.0
1926106342,20.0,0.0,9.5
206377683,18.5,0.0,5.6
3429666775,17.6,0.0,12.7
2651434610,16.3,0.0,7.7
3903688710,19.2,3.8,19.8
1829155374,18.3,0.2,22.7
4262302744,18.3,0.0,26.4
3013905513,18.2,0.0,23.2
3295449375,17.0,2.4,19.3
561970014,13.3,0.0,16.3
1672230375,14.3,0.0,16.9
3962844491,14.2,0.0,16.8
3914046759,10.5,0.7,21.4
965930388,13.6,0.0,16.3
932463760,13.1,0.2,26.0
3130648344,12.9,0.1,26.8
3560957151,12.1,1.0,23.7
3273810796,14.9,0.0,25.7
2547689840,13.3,0.5,23.9
1341669722,15.2,0.2,20.1
1933035516,11.9,0.3,23.1
3048846321,12.3,0.0,21.9
3675278669,13.2,0.0,19.1
737885879,12.9,0.0,19.4
3396047916,13.1,0.0,23.0
1621763068,14.1,0.0,18.9
2079501133,10.9,1.0,20.6
1098987621,10.7,0.0,22.4
1558856793,10.9,0.0,22.9
1087812260,9.7,0.0,23.9
2626804795,10.9,0.0,23.6
158325952,10.4,0.6,16.8
592217893,12.5,0.0,15.5
2595440844,11.8,0.0,16.6
341980819,13.4,2.9,10.9
831730079,13.7,0.6,13.8
745672433,14.9,0.1,15.0
3210820985,14.2,0.0,8.8
2817109255,14.3,0.0,6.2
1743355869,11.9,3.0,17.1
4279667256,13.0,0.1,18.0
2899864528,13.0,0.0,17.7
3408514542,13.1,0.0,13.6
3158734356,12.5,0.0,19.2
2341684942,11.9,0.1,14.2
1401847097,11.3,0.2,14.7
4197685469,11.8,1.1,15.6
788528783,10.2,0.2,13.0
3570231542,10.4,0.1,17.2
369231109,13.7,0.0,12.7
2425867793,14.3,0.0,9.3
1504582469,14.2,0.0,9.7
3302374183,13.6,0.0,11.9
2901757101,13.1,0.0,11.9
2771378308,8.6,0.0,10.8
3385684668,8.7,0.0,12.3
460817424,8.6,0.0,12.1
34033858,8.7,0.0,30.1
2185295452,7.7,0.1,10.9
2823844716,5.5,0.0,7.6
2553190713,6.3,0.0,6.0
2132399340,5.5,0.1,7.0
815842831,5.4,0.0,6.3
2182039791,7.0,0.0,14.1
3273560965,3.8,0.0,21.9
2580726051,3.5,0.0,3.5
3507728760,5.5,0.0,19.6
1437156983,5.3,0.0,19.6
3559451668,6.0,0.2,26.0
3984046009,7.1,0.1,13.4
106951867,8.6,0.0,22.7
60832408,3.6,0.1,5.2
2730493622,5.2,0.3,7.9
1897195967,3.9,0.0,12.0
973749757,3.6,0.0,15.2
2968513370,7.5,0.0,17.7
1280064007,7.5,0.0,17.4
4284723634,8.4,0.0,21.2
1373251574,8.2,0.0,17.6
1057298221,8.1,0.3,28.2
4189237889,4.6,0.1,26.5
2299309754,4.6,0.2,26.8
509268710,3.9,0.2,29.8
1760055263,3.5,0.7,26.5
146052829,5.3,0.0,26.7
2467426022,4.9,0.0,29.0
4105899492,6.5,0.0,11.1
3193053657,6.4,0.0,9.5
695936602,6.7,0.0,13.8
432764513,7.0,0.0,8.7
4252530704,6.5,0.0,10.1
2917893293,9.2,0.4,24.5
2737805178,9.8,0.2,24.2
1458051464,10.1,0.0,22.5
2588904954,8.8,0.1,23.1
1750528065,9.4,0.0,20.1
1988449576,8.9,0.0,13.5
1846435789,8.9,0.1,19.5
1919868886,5.9,0.0,7.8
4060316686,5.4,0.0,10.6
2505081155,5.2,0.0,11.0
42595972,4.6,0.0,7.9
3539296126,5.4,0.0,2.9
2963359791,5.2,0.0,13.5
1087676217,6.1,0.0,12.0
702567938,5.1,0.1,20.2
1246450983,4.9,0.0,21.3
1532584107,5.5,0.0,15.6
3023856311,6.7,0.0,4.4
833180667,6.3,0.0,2.6
1461045260,5.9,0.0,4.4
2788060116,7.3,0.0,11.3
184791666,6.6,0.0,3.8
427228170,3.7,0.0,13.6
1095913670,5.6,0.0,11.2
1465163773,5.7,0.0,12.2
4009077647,4.7,0.1,10.5
1807438765,11.0,3.3,10.9
1086259898,12.0,0.2,8.4
2777035311,12.6,0.1,8.8
3646520069,10.9,0.2,9.0
744938892,11.6,0.1,14.3
2362973529,9.7,0.1,11.5
2486208805,9.7,0.3,16.3
3536202152,11.1,0.0,17.6
1425815453,7.4,0.0,15.7
3969231674,7.8,0.0,11.3
2805204304,7.3,0.0,12.1
3739422797,7.6,0.0,11.0
495608913,7.1,0.0,13.7
1561828104,6.3,0.2,16.8
348534781,8.6,0.0,13.0
330126151,13.7,0.0,12.0
1380614401,11.2,0.0,18.9
3582906716,12.7,0.0,11.6
2323740900,11.0,0.0,9.2
978082724,8.5,0.0,21.9
1985964819,11.0,0.0,18.2
2933027793,4.4,5.6,8.7
999346647,12.6,0.0,8.4
2523103988,11.7,0.0,11.2
1806083281,12.9,0.0,9.8
4237146013,11.1,0.0,8.7
2722761055,9.4,0.0,11.0
1358289859,12.3,0.0,21.4
4042568085,10.4,0.0,26.0
931188020,12.4,0.0,22.3
3400461555,7.5,0.9,24.8
1374832369,10.2,0.0,19.6
1596798671,9.4,0.2,15.0
2384399105,9.8,0.0,14.0
1599134039,7.1,0.0,15.7
1113379709,6.0,0.0,13.7
2799292942,6.2,0.0,7.9
738861659,14.8,0.1,14.2
2401413853,13.8,0.1,11.7
2130612589,13.7,0.1,12.2
3390434043,9.8,0.1,23.1
629111344,16.0,0.0,4.7
3714407875,13.8,0.4,9.0
512511742,14.9,0.1,6.2
2047971219,13.3,1.4,15.8
2623742950,13.1,1.8,8.4
3716140521,14.5,1.4,4.6
1428306764,17.8,3.2,19.6
2991420201,18.3,0.5,27.3
291469875,17.0,0.1,26.4
2654898950,20.6,0.1,21.2
681838249,18.2,0.3,19.5
3953056434,20.3,0.0,32.6
247560213,18.2,0.3,26.9
2085262690,19.6,0.0,30.8
895781651,18.7,0.3,30.5
3617785736,17.6,0.1,21.7
1705953447,17.4,0.0,9.7
3968682759,15.0,0.2,9.4
643935162,17.7,0.1,8.3
4206023630,18.0,0.1,6.9
13166645,18.7,0.0,2.9
3682479082,19.8,0.0,14.5
810628286,19.5,0.0,3.1
2842978275,18.5,0.0,17.9
1242461972,19.8,0.2,8.4
1364443331,19.2,0.0,14.1
1320424994,15.1,0.0,21.1
2580409448,14.2,0.1,16.6
1645152841,13.5,0.0,14.8
1550021799,13.1,0.0,17.0
1794018440,14.7,0.1,15.7
2592279086,13.0,0.0,15.6
4158610934,12.6,0.0,5.9
233533417,12.0,0.0,15.6
3383971093,12.6,0.0,14.0
2702176265,10.4,0.0,6.0
1027835558,15.0,0.0,32.0
215969264,15.1,0.1,8.2
2226384686,14.3,0.2,11.0
2940475554,13.5,0.1,8.7
3132944461,14.0,0.1,7.6
2559939729,9.2,1.3,15.9
3120499823,10.8,1.2,20.2
120658584,9.8,0.7,18.9
1726585839,16.7,0.2,14.8
2200139471,10.5,0.8,19.3
3085641049,9.4,0.0,18.4
2251047644,11.2,0.0,14.4
2154200911,9.5,0.0,16.9
2645049382,8.9,0.0,15.1
1368104391,12.1,0.0,16.6
792533641,11.4,0.0,20.1
3686134044,10.1,0.0,22.0
3310514361,11.7,0.0,16.5
2873543607,10.1,1.6,32.4
1607279283,9.7,0.0,16.1
1990695083,9.2,0.0,6.9
2004554932,9.5,0.0,10.9
4260935153,10.0,0.0,14.1
2022055348,8.5,0.0,11.1
828805911,6.8,0.0,4.4
703403001,6.2,0.0,3.0
4137568943,5.8,0.0,1.6
236858845,6.7,0.0,3.7
293295780,8.9,0.0,11.5
1397750985,7.9,0.1,18.5
926264301,9.1,1.2,18.0
932929203,11.3,0.0,4.7
2667977349,12.1,0.6,15.2
50565835,4.4,0.0,6.0
1466609831,4.3,0.0,14.7
3722151478,1.7,0.0,5.1
1957023330,7.1,1.8,20.3
1255599697,9.2,1.9,21.1
2583975463,7.1,1.6,18.8
3292133235,6.4,2.1,20.6
1658917233,8.2,1.0,27.0
502642124,11.2,0.0,30.5
3504115456,10.0,0.1,25.7
2721647092,9.1,0.2,26.0
2809922957,10.4,0.0,23.7
2725367703,9.6,0.1,20.6
4007642431,10.5,0.7,25.3
2960622586,10.2,0.3,23.3
2558456368,9.9,1.2,29.9
4114542542,9.8,0.8,21.4
952590785,4.6,1.6,16.4
2555460591,3.4,1.2,30.8
2110520124,2.4,0.5,22.7
1285951470,5.6,0.1,27.1
2461018742,6.1,2.0,21.4
582507533,1.4,0.0,6.2
957158730,1.7,0.0,0.8
4202623663,4.5,0.0,11.8
1083888315,1.3,0.0,6.6
1657478334,2.2,0.0,10.7
3930045128,5.5,0.0,10.9
2434793268,4.2,0.0,10.9
3669572638,5.7,0.0,13.5
1249049700,6.4,0.0,10.9
1163648109,5.5,0.0,16.2
3954804273,9.1,0.0,25.6
3893340426,9.0,0.1,23.4
3699908880,8.9,0.0,27.7
2403777931,8.7,0.0,21.2
1195777844,8.1,0.0,22.1
3845313664,8.8,0.0,23.2
147662933,8.7,0.0,36.5
2619058904,8.8,0.0,21.1
1710229299,7.3,0.0,25.7
2797999441,5.9,0.0,22.3
3424229035,5.0,0.0,8.3
3180718751,5.2,0.0,12.1
1002493819,3.7,0.0,11.0
310205552,5.4,0.0,17.5
2799835049,7.3,0.3,20.3
3727638131,6.0,0.1,19.7
235254056,10.8,0.0,9.4
1205276152,11.1,0.6,12.3
3543946982,11.4,0.0,14.0
600715949,10.3,0.2,14.2
1461125291,7.6,0.0,16.3
1878115836,10.0,0.1,19.8
3933957740,6.5,0.0,5.2
3876941138,6.5,0.0,7.0
4062010904,6.1,0.0,6.5
3398315246,6.2,0.0,4.9
2153728458,6.6,0.1,9.0
898792980,7.7,0.1,18.9
1285196961,5.5,1.0,13.0
3221673607,6.7,0.0,10.2
210945846,6.4,0.0,10.1
573242973,5.7,0.0,12.9
3250574660,6.7,0.1,13.4
4079620377,7.0,0.0,28.7
3997507336,7.3,0.0,29.6
2781477054,7.3,0.1,24.9
2465053703,5.5,0.6,27.1
2932076633,6.8,0.0,27.2
1950824207,6.4,0.0,24.7
349113115,10.1,0.0,12.5
2544639742,9.6,0.0,19.8
322892408,8.1,0.2,13.5
75596280,6.2,0.0,14.1
458317670,9.0,0.0,13.3
3475042786,11.4,0.0,19.9
4291179307,9.0,0.0,26.8
54625686,8.5,0.2,31.6
1668584719,8.4,0.1,32.1
392239497,8.3,0.1,27.9
3991681205,8.4,0.3,25.3
282170042,11.4,0.1,11.5
2857104875,8.8,0.0,23.1
1152670919,10.7,0.1,15.3
3087852602,10.1,0.1,13.7
1515102822,9.3,1.3,15.0
2535222254,14.5,0.0,45.7
2435306091,13.1,0.1,44.6
1689293760,14.4,0.0,37.9
2573754935,14.0,0.0,42.8
3067995641,10.3,0.9,30.1
2861941365,11.3,2.9,41.2
2820950237,9.2,0.6,27.4
966623686,10.4,3.1,30.1
4000366165,9.3,0.3,33.2
2581025832,10.7,0.3,13.5
4043354879,9.8,0.0,6.2
2697130596,11.1,0.0,5.4
3012501150,8.1,0.0,8.4
2211950775,11.5,0.0,6.4
698684597,8.6,0.0,12.7
58560092,10.7,0.1,10.8
2306951382,11.2,0.1,8.3
1135320643,9.4,0.0,14.4
3575072810,8.6,0.1,10.4
3932557761,10.9,0.1,7.5
3976534952,10.5,0.0,5.4
3503451739,13.7,0.0,3.3
598571169,14.6,0.0,4.1
4134686721,10.7,0.1,8.9
1079012010,13.6,0.0,4.0
3247954296,17.3,0.1,18.3
918050043,16.6,0.1,12.3
720255479,17.8,0.0,17.6
359172440,18.0,0.0,18.6
3362365425,17.4,0.1,18.3
888330571,18.9,0.1,24.3
1637129835,18.6,0.0,33.4
2446406217,16.0,0.6,28.1
2920247971,16.7,0.1,29.7
1152556863,19.5,0.0,22.1
4023534127,16.7,0.0,23.3
1918706514,17.4,0.1,25.6
4273014892,18.0,0.0,19.3
103521339,15.4,0.0,24.5
1686553360,15.9,0.2,21.8
885329762,15.4,0.2,18.9
354908026,14.0,0.1,25.7
796330387,14.3,0.1,24.9
1094005806,15.5,0.1,26.2
633469417,16.3,0.0,23.7
2306134147,14.4,0.0,20.4
3818849296,14.4,0.0,21.4
800715351,18.9,0.0,10.4
272839569,20.0,0.0,3.3
2160479853,17.7,0.0,14.4
3520764772,16.9,0.4,22.4
3500297907,15.3,0.0,30.7
1155036700,15.4,0.5,25.2
2313529666,16.2,0.1,27.0
3543336010,15.0,0.0,25.2
933725028,14.9,0.1,16.2
3836918963,13.2,0.0,22.5
468934708,15.1,0.0,20.7
1660487761,14.5,0.0,15.1
1725629275,15.0,0.1,16.2
3176854720,9.8,0.0,13.4
2847382318,10.5,0.0,12.7
3246987968,11.2,0.0,12.3
2378154126,10.8,0.9,13.0
1590515464,11.2,0.0,7.9
519921138,15.4,0.0,13.9
987481261,15.5,0.0,14.3
1756006976,14.3,0.0,16.7
710966960,14.6,0.0,18.0
3365557915,14.7,0.0,19.2
2688837117,13.2,0.0,16.9
1753311128,12.7,0.0,17.7
4249715925,12.8,0.0,17.2
1442773320,11.8,0.0,14.6
3158977582,13.3,0.0,13.6
1005312801,13.5,0.0,25.5
2664759935,11.6,0.2,26.7
730649434,13.4,0.0,31.9
3147715661,13.6,0.0,25.5
1696400402,12.8,0.3,28.0
1210547823,11.8,0.0,11.5
2828251408,12.6,0.0,12.3
1964127014,12.6,0.0,21.3
1340044030,12.6,0.0,21.4
2957195179,12.0,0.1,15.0
1259600865,9.0,0.0,4.0
3101728947,10.0,0.1,18.8
1471307865,6.9,0.0,2.4
1049156697,9.9,0.2,10.4
4016633436,8.2,0.0,4.5
1621384687,9.8,0.0,18.9
2832828304,8.0,0.0,22.7
1067557844,8.1,0.1,23.8
1911190622,5.6,0.0,16.4
158479094,8.6,0.0,19.4
1290982073,4.5,3.6,38.4
1106931875,2.6,0.0,3.1
1654287311,3.4,0.0,14.6
494567365,6.0,0.3,40.4
2696060169,5.0,0.1,35.7
2560985755,5.6,0.2,41.8
4017773660,6.6,0.1,28.0
682564977,5.8,0.1,32.8
3054284382,4.5,0.0,15.0
4024974587,5.4,0.0,17.4
3913877072,6.0,0.0,12.9
2738657321,5.4,0.0,14.8
251509763,5.2,0.0,12.3
1586001265,8.3,0.4,19.9
80152480,7.4,0.6,30.6
3331184203,7.8,0.0,34.2
1543121794,5.5,0.1,32.9
1103510319,7.6,0.0,37.9
3728975895,7.0,0.2,30.2
4101507319,9.7,0.0,20.0
1548711681,10.0,0.0,20.1
395591074,9.1,0.7,17.3
1102435741,8.0,0.0,16.4
2687403877,8.8,0.0,14.8
4186650440,1.6,0.0,17.2
2476074171,2.5,0.0,13.9
3341216587,1.2,0.0,15.5
1441822946,1.6,0.0,1.7
3125547624,2.6,0.0,8.1
2595492084,-0.0,0.1,4.4
3237271018,0.2,0.1,2.6
1121813140,6.2,0.0,10.8
1646151431,6.5,0.1,6.2
2382107414,4.5,0.0,18.0
2472471436,5.0,0.0,13.5
3697295602,4.6,0.0,18.0
2494120524,5.3,0.0,19.5
474579519,5.7,0.0,30.2
1435002182,7.7,0.0,21.6
745573863,6.0,0.0,17.4
1781531713,5.2,0.0,17.5
2149464838,6.1,0.0,22.0
3478522289,5.6,0.0,15.3
1648099762,4.9,0.4,10.8
3162824533,4.2,0.4,7.6
1011280435,4.1,0.2,10.5
2572600962,5.6,0.0,22.6
4019710709,3.3,0.0,9.3
3930925745,4.8,0.1,16.5
1608995188,3.4,0.0,15.4
199815472,3.9,0.0,9.6
2034164127,9.8,0.0,28.0
505793337,11.3,0.0,27.1
599622817,9.1,0.0,28.9
2171806302,11.1,0.0,28.7
3151592564,9.9,0.0,27.0
1849839868,9.5,0.0,22.6
4015104641,8.3,0.1,14.6
2448052840,9.2,0.0,18.7
1196487340,8.9,0.1,13.7
2954790001,9.8,0.0,19.1
146554334,8.8,0.0,14.8
619429917,8.3,0.0,29.8
2946229304,14.4,0.0,10.5
1111087298,16.9,0.0,16.5
3849844907,10.9,0.0,13.3
3328116366,15.3,0.1,11.7
3103175101,14.1,0.1,8.8
587481786,6.8,0.0,17.8
250984095,6.8,0.1,15.1
3435570113,9.1,0.0,4.9
17140464,9.6,0.0,12.4
868880236,8.8,0.0,11.0
2639019152,9.1,0.0,2.7
3834710452,9.6,0.0,4.9
1798812676,13.1,0.1,16.1
3215726062,14.4,0.1,17.8
1504338024,13.9,0.2,9.7
1486442644,8.6,0.1,11.2
2231669362,8.6,0.5,17.9
1321677001,7.7,1.1,25.2
10372475,8.2,0.7,36.4
2589731571,8.4,0.3,33.1
366017191,7.5,1.5,29.0
3338245477,7.8,1.1,25.2
2699694856,11.7,0.0,22.6
95200728,8.3,0.0,15.8
2589048638,8.2,0.0,19.3
1982205987,8.9,0.0,16.6
1873964666,9.6,0.0,19.9
4186805764,17.8,0.0,16.1
1425569363,15.7,0.0,15.0
3051826591,18.0,0.0,17.2
1269825899,16.2,0.0,13.0
160539931,12.8,0.0,9.3
253844172,11.1,0.0,23.4
4213161991,9.1,0.0,13.6
4140546562,9.2,0.2,22.0
2189010917,9.4,0.0,15.3
2945809857,10.4,0.0,22.0
2174099314,12.9,0.0,4.3
1167664776,9.8,0.1,18.8
2959737778,11.4,0.3,9.7
4040861593,15.1,0.0,18.1
1035647208,12.9,0.0,15.9
3484219720,14.7,0.0,16.9
2814912532,11.4,0.0,26.3
3596259222,12.1,0.0,18.4
4219265769,10.3,0.0,24.2
2998358274,14.0,0.0,14.2
3200467637,16.0,0.0,16.6
262282724,18.0,0.0,14.1
1354328377,18.2,0.0,15.7
833703835,18.1,0.0,3.0
3305021838,19.8,0.0,14.3
2070602181,18.1,0.0,39.5
561929682,16.0,0.1,30.6
3095597175,18.6,0.2,33.6
1778737861,17.6,0.0,25.4
1413357346,16.9,0.1,31.4
2532313516,17.6,0.0,12.7
1394786286,21.4,0.0,3.8
3714266809,20.7,0.0,4.0
117121562,20.8,0.0,8.2
2835393586,18.3,0.0,3.9
1470264974,17.0,0.0,11.0
873644943,15.4,0.0,14.3
296484316,14.9,0.0,18.9
3219445575,18.4,0.0,3.9
3049682283,20.0,0.0,14.1
1783820912,18.3,0.0,20.7
1796215818,16.4,0.2,20.0
3047143115,16.6,0.3,11.6
481032220,15.3,0.6,17.0
2831806278,13.9,0.1,18.7
2291510719,13.8,0.1,20.3
2571589583,12.3,0.1,17.1
3321404925,13.9,0.0,25.1
2160616759,13.9,0.0,22.1
1005645421,12.8,0.9,12.2
1680497930,12.8,0.1,15.6
3729159250,11.6,0.2,16.1
1580423143,13.5,0.5,10.3
3661689040,12.9,0.9,12.2
2344111617,14.0,0.0,33.4
752268966,11.5,1.1,18.5
2514033195,13.9,0.3,16.7
3512108663,13.8,0.0,30.4
2553334580,14.1,0.0,32.2
4186602531,11.9,0.0,38.7
3335620234,11.6,0.0,30.3
1579528897,10.8,0.0,36.0
2135499870,12.3,0.0,34.1
967306022,12.3,0.0,34.2
3538648006,12.3,0.0,15.2
855757329,13.3,0.0,9.0
129318765,11.8,0.1,21.4
795068308,13.1,0.0,9.0
4073375190,12.1,0.0,15.6
1329385619,11.7,0.2,22.9
3272188871,8.1,0.2,15.5
3576151135,8.5,0.0,24.0
3476272700,7.2,0.0,25.7
2662491479,8.0,0.0,28.2
1827893495,7.1,0.0,35.5
4278664608,10.2,0.0,27.4
1106954565,10.5,0.0,16.6
3592795218,10.2,0.0,30.7
1351770141,9.5,0.0,20.2
3413081174,10.3,0.0,25.4
53196938,12.1,0.1,15.5
1792393664,10.7,0.3,3.1
3206585507,12.7,0.0,9.4
350252699,12.2,0.1,13.8
2842122703,13.3,0.4,9.3
548103310,8.0,0.0,9.5
2671072044,7.4,0.0,18.6
3594839532,7.4,0.0,7.3
308836162,8.5,0.0,16.8
893002531,6.4,0.0,7.1
85420182,4.7,0.0,5.9
1476834935,5.3,0.0,7.3
1644937296,5.4,0.0,11.2
399363023,6.2,0.0,9.1
299939502,3.6,0.0,5.6
4088287234,7.7,0.0,4.8
3870857623,7.2,0.0,4.0
2118832833,8.8,0.0,5.1
3877154827,7.8,0.0,4.8
1333791361,9.1,0.4,29.5
4280631915,9.1,0.0,33.2
3180116040,7.4,2.3,29.9
1728059854,9.6,0.0,34.5
1623682660,8.9,0.0,33.1
2756305077,6.6,0.0,11.2
4063242871,6.7,0.0,16.4
2881821631,6.0,0.0,8.9
76946711,7.1,0.0,14.7
4103660201,7.5,0.0,10.3
1055925840,5.8,0.0,7.9
4241721304,6.5,0.0,11.9
2582569923,6.7,0.0,16.8
1456264895,6.5,0.0,15.3
4257445372,5.4,0.0,13.3
4021336607,-1.5,0.0,15.7
4029915936,0.6,0.0,14.6
80099017,3.6,0.0,26.5
3363034953,2.5,0.1,9.0
4193692473,2.0,0.0,7.3
2358684201,7.4,0.4,19.9
250133143,8.6,0.0,19.5
2016639081,8.1,0.0,25.6
2985404073,5.4,0.1,28.6
619948655,6.9,0.0,27.7
2857907521,5.4,0.0,12.8
2793105344,5.1,0.0,27.0
1007938457,7.2,0.0,18.0
1474184231,6.7,0.0,27.9
4216873022,5.8,0.1,20.7
3495014115,7.1,0.3,21.6
1390076653,7.3,0.0,18.0
1810160862,6.1,0.8,24.0
2697275619,5.3,0.4,13.0
132260481,5.9,0.3,28.2
184742573,3.8,0.0,12.1
995528568,3.0,0.0,11.3
2540886082,4.2,0.0,9.6
3953847520,4.6,0.0,9.6
1627988252,4.2,0.0,11.6
2660285216,3.7,0.0,20.5
3766280068,3.3,0.0,6.5
2332818001,10.1,0.3,18.9
1992702907,6.4,0.0,10.8
1371124737,5.6,0.0,6.6
1010703555,9.6,0.0,7.2
2310509778,6.5,0.0,12.7
47013260,6.0,0.0,9.0
3632483964,4.7,0.0,6.4
3497425517,5.0,0.1,7.9
301292744,5.5,0.1,8.0
1184054123,6.0,0.2,5.4
797092482,10.5,0.0,10.4
2008640631,10.0,0.0,5.2
2200248856,10.0,0.0,14.0
4258080488,8.6,0.0,23.0
3727123624,9.2,0.0,16.0
2795613349,10.6,0.0,21.7
2380628004,7.6,0.0,13.4
372638465,10.4,0.0,27.0
125150046,7.3,0.2,20.2
3133290775,7.5,0.0,18.4
239734788,6.8,0.1,22.2
1175644812,7.8,0.0,15.5
4004087584,8.6,0.0,17.6
4108007915,12.4,0.0,28.3
835584600,13.1,0.0,10.8
1762581775,10.0,0.0,7.6
3183368857,10.3,0.0,12.0
1823620288,12.7,0.0,8.4
105205573,13.2,0.0,10.8
3658901905,8.2,0.0,27.2
1102704371,8.3,0.0,30.1
608932079,7.6,0.0,29.2
2840710345,7.3,0.0,26.0
1117339913,5.4,0.4,23.3
2826504186,2.2,1.4,21.0
4237811126,5.0,1.0,21.3
4055011390,4.0,1.1,21.3
2196819904,10.6,0.0,16.6
1512527980,8.9,0.0,28.4
985604703,9.6,0.0,26.8
1433954541,8.4,0.0,26.9
2182260143,8.6,0.1,31.7
4214560919,10.0,0.0,24.8
2323323579,9.6,0.0,19.6
1173930670,12.5,0.0,24.5
933858491,12.5,0.0,9.8
1715665455,10.3,0.2,21.7
858155222,13.5,0.8,10.6
2581832885,11.9,0.2,20.0
179755653,10.3,0.0,12.6
2090203581,15.1,0.0,10.2
3992203027,10.5,0.0,14.0
3157537217,17.0,0.0,4.5
1662915511,11.7,0.0,14.4
3221841600,13.5,0.5,6.0
3715490510,11.5,0.8,13.4
838867285,11.3,0.0,15.8
762250884,12.7,0.0,12.1
2705275754,11.9,0.0,15.6
629444833,16.6,0.0,27.4
3922831719,15.9,0.0,19.1
1532662131,18.4,0.0,25.3
160631804,16.8,0.0,22.0
1459046178,16.9,0.1,24.7
3080999073,25.8,0.0,5.1
517558029,24.6,0.0,5.2
548564895,22.7,0.0,9.4
2496247495,25.4,0.0,6.2
1705774635,24.2,0.0,4.6
1639817450,14.3,0.9,27.6
3378281815,18.0,0.0,25.3
2521666354,17.6,0.0,27.6
642495016,17.0,0.0,24.0
199963460,17.6,0.0,27.4
3940985723,18.3,0.0,6.4
2986264515,18.6,0.1,10.0
2900677021,17.7,0.0,5.4
3435835023,17.9,0.6,4.7
3870446450,17.2,0.0,8.4
3950844682,17.0,3.2,13.2
1484097149,18.0,0.0,25.9
3131926099,20.0,0.1,20.9
3851828483,19.8,0.0,25.9
1635799916,18.5,0.0,22.8
3969093742,13.3,0.0,16.3
4272701017,14.2,0.0,16.7
4224327667,13.2,0.0,16.9
528359438,14.4,0.0,16.9
2527052066,13.4,0.0,15.1
848393558,17.8,0.0,16.6
3224290048,16.9,0.0,11.6
3466179247,14.6,0.0,10.9
2719811213,12.8,0.1,26.4
2184952323,13.4,0.1,26.1
182593052,14.1,0.0,25.0
1069273020,14.2,0.0,24.7
3989459259,14.2,0.0,23.2
905766617,12.3,0.0,21.9
1026372396,13.4,0.0,20.7
2146196378,13.3,0.0,19.1
468505421,12.7,0.0,19.0
2949009288,12.9,0.3,18.4
3723228331,12.2,0.6,20.9
3855651281,13.3,0.0,13.7
559894978,10.8,1.6,20.9
3479496780,10.7,0.0,33.7
3517268149,8.9,0.2,18.7
3700462329,10.9,0.0,20.0
2464387303,10.8,0.0,22.4
1934502246,11.9,3.0,17.1
648763175,13.2,0.0,17.6
659115089,12.6,0.0,18.6
382543930,12.4,0.2,17.4
3748257852,12.7,0.4,29.4
3914313840,10.9,0.2,14.6
2086633770,11.3,0.6,14.9
1002591738,12.1,0.1,15.9
1074730063,8.8,0.0,6.1
568702416,11.7,0.3,12.3
4172380134,14.1,0.0,13.0
686974676,15.1,0.0,9.4
3754680346,14.2,0.0,11.6
2144913824,13.5,0.0,10.4
4011397971,12.2,0.0,24.5
1877011460,8.6,0.0,10.8
1885118709,8.3,0.0,8.3
1313540239,8.5,0.0,13.1
3248024779,8.9,0.1,8.8
3017218869,7.8,0.1,10.7
404522356,11.6,0.7,39.9
52453150,5.8,0.0,6.9
1510904067,6.7,0.0,10.7
2408750348,7.0,0.0,13.1
1313967782,6.1,0.0,7.9
1740452214,5.7,0.0,12.8
1562321104,2.6,1.5,15.6
2788683767,3.4,0.0,12.5
764165912,5.7,0.0,18.7
1716140045,5.7,0.0,15.5
3657483037,3.9,0.0,15.4
4279032016,7.9,1.4,17.1
1131200020,4.0,0.1,8.4
1485214023,2.1,0.1,3.6
224727565,0.4,0.0,15.0
1108610309,8.6,0.0,22.8
2967482549,7.9,0.0,21.6
681545154,6.9,0.1,11.8
3413835798,8.3,0.0,13.6
71786323,4.9,0.0,29.0
3262388551,5.0,0.0,9.7
1057050663,4.3,0.0,20.7
68241099,5.4,0.2,34.1
2397870074,4.2,0.0,5.1
3624784107,4.2,0.0,13.8
1321302667,6.5,0.0,11.1
743469723,7.3,0.0,9.4
22952155,6.4,0.0,10.0
3299497101,6.9,0.0,11.7
1645010639,6.0,0.0,11.2
1459189570,9.8,0.0,24.7
1970924130,9.9,0.0,22.7
1005164935,11.3,0.0,26.2
3579292792,9.2,0.0,20.9
1288797332,9.9,0.2,24.2
899576945,8.9,0.1,19.5
3214063686,9.1,0.0,19.5
64533634,10.6,0.0,19.5
3867596234,9.6,0.0,12.5
1396006842,10.4,0.0,11.6
4220519328,10.5,0.2,23.5
3275168063,5.1,0.0,8.6
892469790,6.6,0.0,1.9
1299599255,5.5,0.0,10.5
2794415762,10.4,0.2,20.4
1534795642,5.2,0.0,13.5
2614686234,4.6,0.1,21.3
3900946902,5.5,0.0,10.7
1305423618,5.0,0.0,16.3
2101491403,6.1,0.0,12.3
1833221394,5.7,0.1,18.3
833230706,6.3,0.0,11.2
2933264986,6.2,0.0,3.2
826562998,6.2,0.0,5.2
3472501818,5.9,0.0,8.0
2382176537,6.2,0.0,3.3
2464438915,5.1,0.0,10.6
3399131882,6.7,0.0,9.4
17522125,4.6,0.0,14.9
134770443,4.3,0.0,13.0
2308982822,13.0,0.1,14.8
1350404105,9.4,0.3,15.5
3647475793,11.3,0.1,10.5
771067957,8.0,2.2,26.6
656361306,11.3,0.1,18.6
1522890160,11.9,0.1,17.1
2688308004,10.0,0.2,17.9
3433578280,7.9,0.0,11.3
1179905384,8.4,2.3,11.1
544352499,6.6,0.1,12.9
1716448346,6.3,0.2,12.1
2684185608,10.6,2.1,16.3
4245791250,5.9,0.1,16.1
2361056905,7.5,0.0,10.9
2918734426,6.3,0.0,16.8
3510192049,7.9,0.0,12.3
4292082944,5.7,0.0,16.2
3693966512,10.3,0.0,8.6
2825339191,13.7,0.0,12.0
2314678044,13.8,0.1,7.4
3590488229,11.3,0.0,18.9
1952268448,12.1,0.0,14.1
1218158975,11.9,0.0,20.5
2005293199,11.2,0.1,10.2
4264808003,13.1,0.0,9.4
146119896,12.0,0.0,4.2
2563613655,11.0,0.0,14.4
4120213487,11.5,0.0,12.0
2601799132,12.8,0.0,10.5
1764573124,13.4,0.0,19.1
3308399340,10.4,0.0,26.0
653209772,13.4,0.0,19.7
2015275965,12.1,0.0,22.2
1653072296,13.0,0.0,21.1
1924486482,9.2,0.9,7.4
2460618463,12.8,0.6,12.9
4199745188,6.2,0.0,13.7
3037906283,7.5,0.0,7.4
2541844945,6.8,0.0,11.9
3497194070,12.6,0.0,15.3
3276544562,14.7,0.2,7.3
962537082,15.6,0.1,6.3
2250615024,13.6,0.1,10.9
2149095862,11.0,0.0,12.3
1764803507,14.9,0.1,14.2
864728988,14.1,0.2,10.5
2744363788,13.4,1.2,11.5
1602401505,14.5,0.0,14.8
2089603184,14.2,0.1,15.0
564728937,15.3,0.3,10.0
1475345272,18.6,0.4,22.8
2000934465,18.7,0.1,24.7
2751583990,17.2,3.2,12.8
2675511149,17.3,0.0,28.3
1026799607,18.3,0.0,26.1
206412515,19.9,0.0,30.6
755657904,18.3,0.0,22.7
948936796,17.9,0.0,23.7
872346994,19.6,0.0,30.2
930476004,20.3,0.0,32.6
2322496372,16.0,0.1,5.8
1499713645,17.1,0.1,5.9
1610051825,16.3,0.1,5.6
1292826768,18.8,0.0,2.9
3788128123,16.0,0.2,18.8
2098840115,20.4,0.0,10.4
287089452,19.4,0.0,14.2
1993882035,19.0,0.0,13.9
3627961042,19.5,0.0,3.1
3256878862,19.1,0.0,12.7
2983097375,13.9,0.0,18.6
3554895362,13.3,0.0,10.9
2895016126,14.6,0.0,14.0
3686584002,13.9,0.0,16.0
3402342480,14.6,0.0,13.6
3941601031,12.5,0.3,12.0
2535227665,12.2,0.0,12.9
3699682025,12.2,0.0,12.2
1782249128,12.6,0.0,5.9
3221125085,12.9,0.0,20.5
2029619315,14.1,0.3,11.2
1830349015,13.8,0.0,8.8
3956878619,13.4,0.0,14.8
1675381813,14.4,0.2,6.9
3768187362,15.2,0.1,8.2
2380171904,11.4,0.5,10.9
2781197025,9.0,0.6,17.5
3449391013,16.9,0.9,13.8
1028131683,8.1,0.0,19.8
2043137523,7.7,0.0,21.7
67965599,8.6,0.0,22.7
2221056816,11.4,0.0,10.8
3770003875,8.7,0.1,9.5
3600502250,8.5,0.1,8.6
3771731837,8.5,0.0,11.8
789495675,9.3,0.0,6.6
1126696662,9.9,0.0,12.8
1399195658,8.3,0.0,6.4
3872950577,8.0,0.5,12.1
1607152296,8.2,0.0,6.9
1774238803,8.2,0.0,14.3
1584271037,6.9,0.0,4.4
2769473795,7.5,0.1,11.4
1449808383,12.2,0.0,13.5
756952145,6.9,2.2,7.8
1751160975,6.8,7.4,5.7
252537093,11.3,0.0,4.7
946022912,12.9,0.0,25.5
445669341,6.9,0.0,8.8
1105990671,7.0,0.0,12.8
3128520594,-2.3,0.0,4.9
4266270904,-0.1,0.0,2.6
3599153904,6.5,1.2,13.6
2407224271,6.9,2.1,20.4
431438408,7.0,2.0,20.6
480957355,7.3,2.3,19.8
2409222277,7.1,1.6,18.8
1240834791,12.7,0.4,36.1
3244601687,10.4,0.1,30.1
2793876357,12.2,0.0,22.5
179862125,10.5,0.1,26.0
399779825,10.9,0.0,20.4
2273788120,7.5,0.0,18.4
3865710799,9.9,0.5,26.3
743586760,1.4,2.4,14.8
2256063200,10.4,0.3,30.5
553947912,10.6,0.7,25.3
598067569,2.6,0.4,24.1
2730998135,4.7,0.0,25.1
930423045,2.8,0.7,23.0
2841458030,1.8,0.0,5.8
209109392,3.2,0.0,5.4
2573447909,5.6,0.0,16.1
4282895123,4.6,0.0,12.8
2807177728,1.5,0.0,6.2
2342091537,2.0,0.0,8.1
1284077740,5.1,0.0,12.6
705708458,5.2,0.0,13.4
2758019042,4.4,0.0,16.9
2045202536,5.5,0.0,16.2
1540735777,6.9,0.0,19.3
1367748353,7.9,0.0,25.5
2196775008,8.6,0.0,20.2
3465473472,10.4,0.0,24.5
2096611594,8.6,0.0,25.2
4168070277,9.1,0.0,24.8
3024736156,9.5,0.0,27.2
2853265028,8.1,0.0,23.5
3944909347,6.0,0.0,17.3
96773023,7.0,0.0,19.1
2010872702,8.3,0.0,34.2
3741133588,7.6,0.0,27.2
2496633012,7.3,0.0,31.5
2497645028,7.7,0.0,25.9
3970216,8.4,0.0,28.2
196929401,6.4,0.0,26.7
890590307,4.2,0.0,9.8
1624879943,4.9,0.0,9.0
2739297701,5.5,0.1,5.9
439318557,8.1,0.0,10.5
1655708920,7.0,0.1,18.2
3879167770,11.0,0.0,19.8
3622696329,10.0,0.5,12.8
3742915276,10.3,0.0,15.3
3004650220,8.2,0.0,8.6
1105217211,9.3,2.3,26.8
2988876973,10.2,0.0,19.0
2624356203,11.9,0.1,10.0
432811560,6.0,0.0,4.1
3472576139,6.5,0.0,5.2
717758814,7.1,0.1,1.9
698229286,6.6,0.1,3.7
449542816,7.1,0.0,4.0
781562857,5.3,0.5,11.4
2526619990,7.0,0.1,8.6
1031366863,7.1,0.0,8.3
3888596441,5.5,1.0,13.0
1321383316,7.1,0.1,10.7
2213154957,10.5,0.0,17.0
3791380601,8.1,0.2,17.3
1604613398,6.7,0.1,28.2
1207161895,7.0,0.0,24.3
3775623465,5.6,0.1,26.5
934190145,5.9,0.3,25.5
263249199,7.4,0.0,29.6
178934946,9.7,0.0,17.0
1169723070,6.7,0.0,14.2
1800692529,7.1,0.0,14.0
2242692548,10.1,0.0,12.5
1410867678,7.2,0.3,27.0
2473945059,8.1,0.0,26.8
874719914,7.9,0.1,28.0
1643998775,9.2,0.1,27.9
350751475,6.9,1.1,28.0
1290064452,9.1,0.0,26.8
1398372750,10.1,0.9,12.2
2553332947,10.5,0.1,10.3
1761628423,9.7,0.0,19.4
3348431612,11.9,0.1,16.1
2506015059,9.8,0.1,25.8
1668510883,14.2,0.0,48.4
1283563651,13.9,0.1,43.5
2622168202,16.4,0.1,34.3
4034005989,15.0,0.1,36.4
694279363,15.0,0.0,37.8
1591700480,9.3,0.2,35.0
2427404219,10.3,0.4,30.1
2036904524,14.2,0.0,30.1
1450156420,10.6,1.2,33.5
2648631255,10.4,0.9,30.1
871308361,10.3,0.0,7.6
2222100429,11.9,0.0,7.4
13244485,8.5,0.0,5.9
1002292093,7.6,0.0,9.2
880741138,10.6,0.0,12.5
2010044388,10.7,0.0,3.4
2813228313,10.1,0.0,3.0
1205084242,8.6,0.0,14.4
2059210457,9.4,0.0,14.4
3611573273,10.8,0.1,10.8
3744069768,13.1,0.0,8.8
1272691685,12.1,0.0,5.1
1596742380,12.5,0.0,7.4
611581015,11.0,0.0,5.8
3003337203,12.8,0.0,6.3
1700706910,17.9,0.0,18.9
1466337991,18.4,0.0,19.0
422740968,17.6,0.2,9.1
3145554358,17.2,0.0,17.4
489318263,16.3,0.1,15.2
1453160245,16.4,0.4,28.1
1174991616,18.3,0.0,31.0
3487871386,19.2,0.0,24.2
3521403065,18.4,0.0,32.1
3644133085,17.0,0.2,27.9
1796061037,15.6,0.1,22.7
4107838439,17.1,0.0,24.2
1476547173,17.8,0.0,23.1
3352886436,18.1,0.0,14.8
1836017525,15.1,0.1,23.3
921844726,15.8,0.0,23.7
2040935056,15.6,0.1,25.2
1329423505,14.7,0.1,23.6
3217744625,14.7,0.1,20.6
2039938074,18.7,0.0,8.7
1633617219,15.8,0.0,19.8
1512243854,18.4,0.0,11.0
1656136403,15.1,0.0,16.3
984206178,17.4,0.0,9.1
1439461626,15.6,0.3,24.8
3347036276,17.7,0.0,24.5
1989781579,17.1,0.0,27.8
1954943388,16.8,0.0,27.2
68008479,14.4,0.1,29.2
201249385,21.8,0.0,10.7
4096198700,14.9,0.0,20.0
1002233430,13.4,0.0,18.0
3077864730,14.6,0.0,16.2
866333509,14.9,0.0,14.3
1119015138,11.7,0.2,13.6
1886335017,10.3,0.0,13.8
1465716020,10.3,0.0,12.4
691068006,12.0,0.2,12.5
64053551,11.7,0.0,13.0
3464274577,14.5,0.0,17.9
2345851897,15.0,0.0,13.9
3170940392,16.1,0.0,14.0
4222152308,13.8,0.0,22.0
272498223,14.4,0.0,14.8
190367793,8.0,0.3,23.3
106725832,13.6,0.0,15.0
3685438756,13.0,0.0,14.5
1302144207,14.0,0.0,15.1
3824008384,12.4,0.0,13.0
838484890,12.9,0.0,14.3
3548573800,11.9,0.0,11.3
1968165942,12.6,0.0,17.4
131913546,13.0,0.0,15.8
1262134766,14.1,0.0,12.4
158311790,12.5,0.0,15.9
2608423478,8.9,0.0,6.2
850122043,8.7,0.0,1.4
349822655,8.6,0.0,4.5
2027108318,8.7,0.0,0.6
2779089693,7.2,0.0,4.4
821555211,8.1,0.1,22.0
1179339836,6.3,0.1,28.7
3041272483,6.1,0.0,21.3
411829849,8.2,0.0,22.0
605148223,8.5,0.1,29.7
138806111,12.7,0.0,24.4
647695016,3.5,0.0,13.0
620922610,6.1,0.0,26.6
374533639,5.9,0.2,32.6
2819789875,5.7,0.0,25.2
3360529096,1.9,0.0,2.4
4248021381,6.1,0.0,20.5
2887560687,3.3,0.0,16.6
3137146550,4.4,0.0,16.2
1597194591,5.8,0.0,18.8
3518622069,7.0,0.0,20.4
3920556561,9.2,0.0,11.3
1775404973,8.6,0.1,17.9
297848077,6.9,0.0,29.6
2169473152,6.8,0.0,37.4
3898096742,7.2,0.0,38.8
921379505,7.8,0.0,39.0
2096314122,6.0,0.0,29.7
754527450,8.5,0.0,16.3
3038620818,9.8,0.0,19.2
377146571,10.3,0.0,22.0
2626478707,8.9,0.0,15.8
1011829660,1.8,0.0,6.7
3724414213,2.8,0.0,13.5
3360154813,2.8,0.0,13.7
405981088,1.1,0.0,14.3
2825691744,0.6,0.0,0.4
47230995,1.6,0.0,2.1
4020792553,0.9,0.0,2.0
829819430,9.2,0.0,15.0
357347418,9.5,0.0,14.8
2921672568,7.9,0.0,17.8
2234202576,7.4,0.0,25.2
2478105158,7.0,0.0,11.9
474754345,4.0,0.0,12.1
142661538,4.1,0.0,23.0
457225662,3.9,0.0,25.2
488102044,4.5,0.0,22.8
385068797,3.5,0.0,13.9
1984948054,6.1,0.1,12.6
2661972707,5.9,0.0,21.1
2945137277,6.4,0.0,14.7
1935730202,7.7,0.0,8.8
1091198006,5.5,0.0,33.5
2390135510,8.1,0.0,30.9
2471297105,10.0,0.1,14.6
3133052835,7.6,0.2,17.6
241882869,4.6,0.0,12.4
738242498,3.1,0.0,9.2
3508659752,3.3,0.2,7.3
2990941764,4.7,0.2,10.8
4111262787,3.0,0.0,9.9
2924050951,3.9,0.0,13.6
4230541397,2.6,0.0,11.0
3766782338,5.2,0.0,17.7
3067913843,2.3,0.0,8.1
360404363,5.4,0.0,7.7
803935380,10.3,0.1,28.5
985298804,9.1,0.7,19.8
1569740322,10.3,0.0,28.5
367840182,11.8,0.0,28.8
3849922966,10.3,0.0,21.8
1068171510,8.3,0.0,25.0
2457007954,8.4,0.0,19.6
3437201634,9.2,0.0,18.2
4108417220,10.1,0.0,15.7
3745603031,8.4,0.0,19.6
4125044923,7.8,0.0,13.0
3665179684,8.2,0.0,26.8
1448120682,16.1,0.1,6.8
1082715464,16.0,0.1,10.3
2483034725,15.8,0.0,2.3
1242884809,13.8,0.0,10.6
3106622950,15.1,0.0,23.3
4178141133,7.4,0.2,21.2
2918054315,8.5,0.0,9.2
2868023580,8.8,0.0,5.7
3577452852,9.5,0.0,17.3
2798997275,9.8,0.0,11.4
675209105,9.6,0.0,12.7
150628633,13.5,0.5,9.6
2126243294,15.5,0.1,7.6
4023248272,15.5,0.1,7.6
442870300,14.3,0.0,9.6
744492291,13.2,0.3,16.6
3785188076,8.0,0.4,39.6
3391847591,8.2,0.4,29.9
3863410671,8.3,0.4,29.8
3266371675,7.2,1.4,23.9
2129377351,7.7,1.8,31.8
37859058,8.2,0.0,20.1
3610501860,9.9,0.0,18.1
816896671,8.6,0.0,16.2
1318065770,8.7,0.0,14.7
2410157814,8.2,0.0,20.1
1608657296,17.7,0.0,18.0
1350876325,16.5,0.0,15.1
3211956202,18.9,0.0,13.0
1993821145,12.1,0.0,18.2
495005368,17.1,0.0,15.2
3814365682,9.3,0.0,19.1
3448683464,9.9,0.0,15.0
525910439,9.1,0.0,15.9
2456401639,9.3,0.0,22.2
1605521518,10.9,0.9,23.4
1386910642,14.0,0.0,5.7
1052178224,12.3,0.0,6.9
621801877,14.9,0.1,13.5
3173938148,10.3,0.1,24.7
199430831,11.4,0.1,4.2
3599727311,14.3,0.0,13.1
801190832,12.5,0.0,19.4
39516236,10.9,0.0,22.0
703940482,13.6,0.0,17.1
2627876352,13.0,0.0,19.8
1741338755,17.9,0.0,18.7
730526223,17.7,0.0,14.3
1942983126,18.0,0.0,13.7
2076497327,20.1,0.0,14.7
3550835518,19.7,0.0,13.4
426527429,15.4,0.2,31.4
2969391135,17.5,0.0,36.6
955805782,18.1,0.0,36.0
2030258794,15.5,0.1,29.4
2922303984,16.8,0.5,26.6
495729475,20.5,0.1,0.6
2539481651,19.8,0.0,4.8
2846314363,20.9,0.0,4.9
3972478045,19.1,0.0,11.1
3713421255,19.8,0.0,8.0
1768646162,19.8,0.0,10.5
870473967,17.4,0.0,17.4
4229982802,16.7,0.0,7.9
2620445592,17.1,0.0,2.6
2434309401,20.0,0.0,14.1
147224791,15.4,0.5,15.5
2225098851,15.0,0.7,17.2
3382922074,15.7,0.6,16.0
3229147224,17.0,0.1,16.3
577399578,15.5,0.5,13.6
1479499709,13.7,0.2,26.1
588215652,13.9,0.4,19.7
3518159897,16.0,0.0,4.2
1830789405,13.1,0.6,13.1
797327466,13.7,0.0,30.3
3486424213,14.0,0.1,14.2
1907193589,14.4,0.0,15.7
47212444,12.9,0.0,17.1
1297713068,12.4,0.1,19.9
1522708719,13.7,0.0,14.6
2440951147,14.3,0.0,19.2
495653333,11.2,1.9,18.0
9898843,15.3,0.0,23.5
4182744804,16.1,0.0,22.3
3020281285,12.9,0.8,13.9
1863486475,12.2,0.0,34.8
4120509979,9.6,0.8,46.2
11153339,12.4,0.0,41.4
663301074,11.4,0.1,31.3
692333615,12.0,0.1,45.4
3334853382,13.0,0.0,14.4
2513218536,13.0,0.0,15.7
3280552953,13.2,0.0,14.2
4182795279,13.6,0.0,12.5
43146933,11.7,0.0,10.4
1578408526,9.3,0.0,24.6
4049333756,10.3,0.0,23.1
3299736429,10.0,0.0,29.4
39631612,9.6,0.0,24.0
543912934,9.7,0.0,27.4
1200716240,11.8,4.4,11.4
1551838589,11.7,1.9,13.7
1050445796,11.9,0.1,15.0
4043475965,13.8,0.1,9.7
4003785837,12.7,0.0,6.5
3503976585,9.1,0.0,24.0
2467585697,7.7,0.0,8.4
4212324451,8.8,0.0,18.5
2071087705,8.2,0.0,15.5
1621006986,8.7,0.0,22.2
2591587339,4.2,0.0,1.7
3455784854,5.2,0.0,3.8
646564060,5.5,0.0,6.7
2669306783,7.6,0.0,12.6
674664598,4.5,0.0,1.8
2186932916,8.7,0.0,11.6
3409410704,8.2,0.0,2.6
4088210348,8.6,0.4,12.4
2326464406,7.9,0.0,0.0
3523499586,9.0,0.0,10.4
2011668800,9.9,0.0,38.5
2408701065,7.8,1.7,34.7
2780448578,9.7,0.0,37.5
1433361539,8.9,0.8,30.9
1456983902,7.6,0.7,26.1
3871676587,7.0,0.0,14.9
3384433422,6.9,0.0,14.5
286439359,6.3,0.0,6.4
625981344,7.2,0.0,11.9
3941203518,7.7,0.0,32.1
2751032402,6.5,0.0,16.2
3862434276,4.6,0.0,8.6
415479258,5.0,0.0,11.2
1505672070,5.9,0.0,12.3
1830243892,6.0,0.0,14.4
1003252464,0.3,0.0,11.1
3600168420,0.0,0.0,16.3
3096552831,2.5,0.0,29.3
41299736,3.3,0.0,17.6
3447443394,0.2,0.0,7.1
713096832,5.0,0.0,5.4
1199669420,6.8,0.0,22.9
729316153,6.6,0.0,23.5
4061368138,7.1,0.0,26.0
4061187559,6.4,0.0,23.6
641889416,4.0,0.5,22.0
1516829399,3.8,0.4,34.8
1749408220,8.2,0.0,21.6
533901128,6.4,0.3,17.0
3531429487,7.2,0.2,15.1
1190318604,5.3,0.1,19.9
620401075,6.5,0.1,16.6
64949099,7.8,0.0,7.8
1184536576,5.4,0.4,15.6
3252006703,7.9,0.0,17.6
1146483954,7.6,0.0,24.7
3727624727,5.6,0.0,20.0
3072082670,4.1,0.0,10.8
1953133775,3.0,0.0,8.9
3252874824,3.9,0.0,9.5
4129092053,3.1,0.0,6.1
1122794670,8.7,0.9,14.3
2203559518,9.1,0.7,18.9
2112884851,6.6,0.0,13.9
65876154,9.5,0.0,10.0
324559973,9.5,0.2,21.5
545615985,10.7,0.0,23.5
3608569253,12.8,0.0,14.8
2980318151,11.3,0.0,20.3
4266723892,5.6,0.0,5.2
2466092376,5.4,0.4,4.6
2871818487,5.4,0.4,4.6
1759804890,4.8,0.1,3.4
1653440486,6.7,0.0,13.0
43675744,10.1,0.0,6.7
398570648,8.5,0.0,9.3
3641777731,9.4,0.0,20.0
3181685230,9.8,0.0,14.2
1375603215,9.2,0.0,14.7
3238921073,10.3,0.0,17.3
3981474762,8.8,0.2,28.7
644239032,9.4,0.0,27.6
1985048704,7.4,0.2,21.0
810316367,8.5,0.1,22.0
3698590836,8.0,0.0,19.0
2677387893,6.2,0.6,17.7
3825454569,7.7,0.0,16.9
1639374504,11.5,0.0,37.8
21248308,12.3,0.0,10.8
114350964,11.7,0.0,12.0
3651188893,13.0,0.0,11.8
1490185783,14.2,0.0,7.2
2240113747,13.2,0.0,15.9
3740035786,9.9,0.0,29.0
1723497315,9.5,0.3,12.5
2066697816,7.0,0.1,28.7
3937271593,7.8,0.1,33.9
318700942,7.5,0.0,35.8
2605344635,7.9,0.0,29.4
1343386680,6.8,0.0,27.2
3633792379,3.1,1.3,21.5
3043095985,4.9,0.4,20.5
1704789627,5.0,0.5,18.6
1103791835,3.6,1.3,17.0
947472784,8.8,0.2,39.8
622495389,8.9,0.0,28.4
3044806886,9.0,0.0,31.5
1586602085,10.3,0.0,26.7
1988168755,9.1,0.0,24.2
2504650610,9.0,0.0,31.5
2997204993,12.5,0.0,24.9
623857476,11.4,0.0,23.9
2692609866,11.5,0.0,23.2
2725714857,11.6,0.0,23.7
845440041,10.1,0.1,30.2
428690593,15.2,0.0,7.4
4097872011,14.9,0.0,7.2
2480015281,11.1,0.1,5.6
3060994734,10.4,0.0,18.0
1809959373,16.3,0.0,6.8
2024877501,13.5,0.1,19.6
3807990484,15.6,0.0,9.6
1242626578,15.4,0.2,11.5
1176839444,10.3,0.0,19.0
385677259,13.5,1.3,3.7
263357075,25.3,0.7,10.5
3412569439,19.8,0.0,8.9
959333815,21.4,0.0,9.0
2067066914,20.5,0.0,10.7
302774100,21.8,0.0,13.0
3326980957,21.2,0.0,9.4
100941569,20.7,0.0,8.1
1977275141,25.9,0.0,12.0
1419866376,25.3,0.0,7.2
1129936295,29.8,0.0,11.6
1743923601,20.8,2.1,14.2
2016999923,29.1,0.0,13.7
2409240268,31.4,0.0,6.1
1862998721,24.8,0.0,14.8
2452645272,28.9,0.0,8.9
2703033016,30.5,0.0,13.3
3990882594,31.6,0.0,4.8
3618171541,29.7,0.0,10.1
1497823340,25.4,0.0,13.4
1702803421,20.7,0.0,8.6
4031096637,22.6,0.1,10.1
520637940,23.1,0.0,12.5
2799080064,21.4,0.4,10.2
1981460830,19.6,1.1,8.7
152597567,21.0,0.4,13.0
2100967839,27.0,0.0,7.4
1932103579,23.8,0.0,12.8
283420951,27.5,0.0,6.9
3210727312,23.0,0.0,10.4
3570483821,19.6,0.6,4.0
3910095518,23.7,0.0,1.6
540026175,22.0,0.2,17.6
961084802,21.0,0.1,6.9
1602439265,21.8,0.2,4.6
2379725913,23.1,0.0,12.4
2492219564,20.9,0.0,18.9
3828484178,24.5,0.0,13.8
3288825859,23.4,0.0,9.4
648340361,23.5,0.0,10.8
4245219237,21.2,0.2,13.6
543132255,21.0,0.0,20.4
4157145258,23.0,0.0,16.9
474621534,21.5,0.0,5.8
528207899,23.6,0.0,8.1
620213547,27.3,0.0,8.2
26953953,18.5,0.5,11.1
4033901116,14.6,1.0,16.3
1596692177,19.5,0.0,18.2
2554217846,21.3,0.1,8.5
125531446,18.1,0.1,24.3
424490503,17.0,0.1,13.5
1741666393,17.0,1.7,14.7
2063154289,20.3,0.0,7.4
1720716594,21.1,0.0,5.4
571712668,16.3,0.2,15.4
1823617949,11.5,0.1,20.8
936553558,11.9,1.4,23.2
443693834,13.9,0.8,21.4
2767538362,12.0,0.8,24.3
535431299,12.4,1.2,23.4
525039208,14.3,0.1,24.1
1549474785,11.1,1.1,20.3
3766491062,14.4,0.0,28.4
1569141328,12.9,0.2,7.9
3860804219,14.3,0.2,21.9
1842710330,17.8,0.0,20.2
4233993795,12.0,0.4,21.5
974893623,12.3,0.0,24.9
1006442844,15.5,0.0,25.2
1457858255,15.6,0.4,23.7
1579607464,15.1,0.1,19.8
4206576294,16.9,0.1,17.6
2396334075,18.3,0.0,3.8
1411260587,14.5,0.2,9.4
741665006,15.3,0.0,20.1
2295297709,15.7,0.1,16.9
3343150160,15.5,0.0,8.7
2545575071,15.3,0.0,20.3
1379890806,16.5,0.0,15.9
2011691908,15.4,0.0,8.0
2333944278,16.7,0.0,14.8
1707706178,15.8,0.4,17.3
1897399207,17.8,0.1,15.8
217592970,18.5,0.0,17.4
2242424161,17.3,0.0,20.9
3987008890,18.3,0.0,14.7
2790004,18.3,0.0,14.8
2555850719,19.6,0.0,7.8
1961008818,20.0,0.0,14.8
1089847469,23.2,0.0,7.1
3923872547,18.1,0.1,14.1
3918680609,15.4,0.1,9.4
11965324,15.5,0.0,14.8
1699555744,20.0,0.0,9.5
3507643056,18.2,0.0,6.9
4226611896,17.2,0.0,12.5
854980201,17.3,0.0,17.2
1064371990,19.4,0.0,23.8
3939239118,18.1,0.0,11.9
429402976,22.1,0.0,12.1
3365867942,22.7,0.0,5.0
1466280150,20.7,0.0,9.0
3333944851,24.2,0.0,3.1
4193140386,19.9,0.0,4.2
1031504504,18.8,0.0,8.4
136727745,20.6,0.0,5.9
2535668115,21.7,0.0,6.9
493419674,22.2,0.0,11.7
2267341725,11.3,1.0,9.2
1080186675,8.2,1.6,10.5
973085743,10.6,0.2,17.1
1969667699,11.5,0.0,14.1
1854018972,10.4,0.1,10.5
1212345555,11.6,0.0,10.8
596394673,11.7,0.1,18.6
2617515440,12.1,0.0,22.2
4067073041,10.5,0.0,5.7
3993823275,16.4,0.0,14.4
2721001212,14.9,0.0,2.7
2366321187,14.7,0.0,22.0
3678505607,17.0,0.0,10.2
2837427782,15.2,0.0,19.7
3049430716,14.7,0.1,18.6
628220180,15.1,0.0,14.6
642395467,14.8,0.0,28.3
309697616,14.8,0.1,19.4
2657546100,14.8,0.0,5.8
2855514718,8.2,0.0,5.4
3723898689,12.0,0.0,3.5
2083783028,10.0,0.0,6.3
3580472159,13.3,0.0,13.2
3683218903,12.1,0.0,5.2
2365813388,15.5,0.0,2.1
4179617742,11.4,0.0,4.7
2216823330,5.8,0.0,6.6
625606292,2.2,0.0,4.6
4138528187,1.1,0.1,20.1
1360686715,0.5,0.0,22.7
1973159747,0.2,0.1,18.5
1854265771,3.1,0.0,25.3
4200685247,1.9,0.0,14.8
3239523363,0.8,0.0,16.0
462047654,1.3,0.0,14.2
2635519165,1.3,0.0,15.7
3489604179,2.9,0.0,13.0
1180545198,1.9,0.0,14.6
3714750377,2.0,0.0,7.9
365502390,3.7,0.0,15.4
4110561513,1.6,0.0,5.1
1664470767,1.1,0.0,9.0
4080203861,3.8,0.0,9.2
393642777,0.3,0.0,2.9
3705059464,-0.5,0.0,10.2
1319104863,0.8,0.1,10.3
3224978126,3.5,0.0,17.1
1607483581,1.8,0.0,8.0
3688131450,1.9,0.0,11.5
2281569275,3.1,0.0,10.9
2913579025,2.7,0.0,7.7
3935217874,-0.2,0.1,7.5
1550391470,1.2,0.0,20.0
4158279639,2.8,0.0,12.4
2335320770,5.8,0.0,31.7
1696969214,8.1,0.0,5.4
3931076637,8.1,0.0,4.8
1471121295,7.1,0.0,7.4
1327800820,8.1,0.0,6.6
2439578659,3.7,0.0,15.8
3300392340,8.2,0.0,6.4
1116638574,4.6,0.5,10.1
365759192,1.9,0.0,6.0
2213476745,6.9,0.0,15.3
3268082660,6.6,0.0,10.5
1808893577,7.8,0.0,3.6
3587435004,6.5,0.0,13.0
1002048260,7.0,0.0,9.1
316347416,8.7,0.0,19.8
39216260,6.0,0.0,20.0
2999472992,7.8,0.0,12.6
4111740290,8.9,0.0,4.7
2155227378,11.0,0.0,24.5
2890103025,9.3,0.3,29.2
1856466541,9.1,0.6,27.2
1748797177,14.0,0.1,27.9
1368337078,10.2,0.4,34.9
2054840418,11.4,0.0,24.4
3390134144,6.9,0.0,23.8
1594980462,8.0,0.1,7.6
2751430932,9.4,0.4,18.6
3806216190,9.7,0.0,15.9
420726036,5.6,0.2,21.5
4143926801,1.9,0.2,23.9
4172600693,5.7,0.0,20.0
3161970039,2.1,0.6,19.1
3387824069,4.0,0.0,20.5
1411487946,5.9,0.1,23.8
542090995,2.8,0.0,27.2
1138041144,-0.5,0.1,17.8
4262449424,2.3,0.0,7.9
3736984241,4.7,0.0,12.6
1890433128,5.6,0.1,18.1
1030402278,5.8,0.1,13.0
2155656096,6.1,0.0,17.7
461702516,5.8,0.0,21.9
3870130467,3.4,0.0,10.5
3353931693,4.9,0.3,12.1
3422501911,4.0,0.1,18.3
921034057,10.5,4.0,13.9
1858283712,3.6,0.0,15.6
797143005,4.6,0.0,4.0
3630496522,3.4,0.0,26.6
3218709859,3.1,0.0,21.5
2058191162,5.4,0.0,6.8
3721876913,12.5,0.1,18.4
2785873222,2.9,0.0,13.2
3585786099,3.7,0.1,14.4
546091235,16.4,0.0,12.9
2326153356,16.5,0.0,1.6
42743071,16.7,0.0,8.8
1149816167,17.7,0.0,0.0
4137410106,18.6,0.0,9.3
2801104840,16.6,0.0,8.2
1125484125,15.0,0.0,15.0
566695868,10.8,4.1,12.7
1131402871,12.8,1.7,11.9
528148421,12.5,1.3,27.7
2421282101,8.8,0.1,24.6
1682954017,11.4,0.1,12.0
1098401342,10.2,1.0,18.9
1276002551,7.6,0.3,18.9
2079546334,10.0,2.0,13.7
2180575904,8.3,0.2,31.2
2597107197,7.2,0.0,19.4
1410460150,9.3,0.0,16.2
1867160166,5.1,0.1,11.2
311902279,8.7,0.0,9.7
2039614489,10.8,0.1,10.8
454682972,9.9,0.1,11.6
3665130097,11.5,0.0,12.2
1809793292,11.2,0.0,15.2
3268749286,14.3,0.0,12.5
806908406,13.7,0.0,12.6
897135213,13.0,0.0,12.7
2310968798,14.1,0.1,7.3
1578236304,9.5,0.2,16.7
826064005,10.7,0.0,23.1
3173039740,9.2,1.3,13.6
410488935,11.8,0.0,14.5
1726432959,10.4,0.7,14.3
789285872,12.3,0.0,12.4
818814310,10.4,0.2,16.2
2889499512,10.8,0.4,15.5
141043920,16.5,0.0,11.3
678800928,20.2,0.0,17.1
3530017464,20.6,0.0,15.8
2021705371,21.1,0.0,7.1
3117166680,20.3,0.1,15.3
677407035,20.3,0.1,19.2
1850051746,16.3,0.1,16.8
3577600895,17.7,0.0,18.4
747995526,16.8,0.0,18.7
2085222031,15.3,0.8,14.2
3168284486,14.2,0.1,10.9
854495617,12.3,0.1,10.9
2605068978,12.8,0.1,19.7
512827010,14.9,0.0,13.7
2186220636,12.8,0.0,21.7
2767954904,13.8,0.1,8.4
1169740999,14.9,0.0,16.4
2404264218,12.8,0.0,4.4
1126133717,17.1,0.1,5.0
1316127660,22.4,0.0,15.3
1465736151,17.8,0.0,5.1
391365410,20.3,0.0,6.1
1484460890,10.1,0.0,13.7
3536109553,19.5,0.0,1.1
3865146050,19.8,0.0,5.6
561896586,17.1,0.0,5.4
2124475285,17.4,1.8,7.9
4145338751,18.8,0.0,14.8
507164005,12.8,0.4,10.7
2050730315,20.0,0.0,11.4
2475001342,17.3,0.0,6.9
4269419644,22.0,0.0,22.0
1655291749,21.9,0.0,16.3
656496045,20.1,0.0,13.3
3379744361,14.3,1.0,2.3
3906983325,18.8,0.0,7.6
1777914286,16.9,0.0,14.0
2906365625,17.6,0.0,21.8
1721776800,20.9,0.0,16.9
2629404318,17.8,0.0,22.7
1499387667,17.3,0.0,18.9
4282666391,21.8,0.0,16.1
1591407679,24.5,0.0,11.4
3658365115,24.5,0.0,9.6
2004872128,23.2,0.0,11.3
986935509,20.0,0.0,14.0
2677834806,19.6,0.0,13.2
1169697363,22.5,0.0,9.3
4087613894,21.7,0.0,8.0
2698379609,20.9,0.0,10.5
2208599376,19.0,0.0,10.6
1571612678,22.4,0.0,13.3
4101132803,19.7,0.0,7.5
867919675,19.5,0.0,5.9
1695255529,25.9,0.0,9.1
2636035657,31.4,0.0,3.6
1644023639,31.3,0.0,11.7
2106852000,25.8,5.2,8.3
1739834284,32.7,0.0,7.2
4267552983,31.1,0.0,12.1
1019735599,28.7,0.1,18.3
1986738049,28.7,0.0,10.1
1759127424,30.2,0.0,1.5
3188365451,26.8,0.1,13.0
487824953,21.0,0.1,18.6
852510600,21.9,0.0,9.5
3652109781,21.7,0.0,16.0
1815911271,18.2,0.4,13.2
871865882,18.9,1.6,4.1
199526046,21.1,0.0,16.1
2673621969,19.8,0.1,9.0
4015024522,16.0,2.3,9.5
3176698689,17.2,2.1,5.5
1375590062,24.7,0.0,5.0
2914526658,25.5,0.0,3.3
1202499831,23.4,0.0,5.5
1752992283,26.1,0.0,4.9
2376482310,20.4,0.0,6.9
1027009754,23.4,0.0,2.9
2491643636,23.2,0.0,7.3
3103785878,20.4,0.0,17.3
2367816251,23.1,0.0,9.9
3415651586,25.7,0.0,5.2
2383129340,25.6,0.0,5.4
1832535260,25.9,0.0,2.2
1613176901,25.1,0.0,6.1
3259584358,24.2,0.0,9.7
4184606293,24.7,0.0,1.6
2027263070,25.3,0.0,7.3
4128635502,27.6,0.0,11.6
2016687769,18.7,0.0,14.5
88678348,14.1,0.0,10.5
4015200938,13.9,0.0,12.0
423274811,15.6,0.1,22.6
2510721137,16.0,0.0,19.0
3083274042,17.9,0.0,22.8
348858982,17.1,0.2,19.4
4085112669,19.4,0.0,12.6
1239561122,19.4,0.0,6.4
3031019403,25.7,0.0,22.8
2549442591,18.2,0.0,8.5
822524368,18.8,0.0,2.5
3076739221,17.9,0.1,7.7
335983465,20.1,0.0,1.5
2346097534,18.6,0.0,16.1
2854935535,19.8,0.0,11.6
1296237250,21.7,0.0,7.4
3680608037,22.1,0.0,4.6
3299439025,19.0,0.0,20.0
1111012529,18.0,0.0,13.1
3208778091,20.4,0.0,26.6
2348878877,17.9,0.0,27.5
2238349664,19.2,0.0,5.9
2197917317,18.9,0.0,21.3
4186423685,18.8,0.0,3.7
1973847569,19.9,0.0,14.9
4015964754,22.1,0.0,5.0
1498798102,13.2,0.1,16.8
3902399052,17.1,0.0,19.3
501210071,16.7,0.0,14.4
4235717057,17.3,0.0,14.3
4277425341,17.1,0.0,22.9
2590923243,17.0,0.2,18.1
2453298007,17.4,0.1,21.6
1510954462,14.7,0.0,12.7
33168661,14.5,0.0,16.0
2126186543,11.8,0.4,13.0
3881567597,14.4,0.0,16.6
1584426875,14.8,0.0,14.5
4077948515,13.8,0.0,19.1
2614676696,14.9,0.0,14.8
1577309479,12.3,0.2,11.0
2137336180,13.1,0.0,18.6
2987200003,13.9,1.0,16.6
3289055664,14.6,0.6,20.4
1538465464,10.6,0.0,20.7
1096974713,9.5,0.6,29.9
2665108875,8.7,1.5,25.7
2382886905,10.3,0.0,20.6
3383541360,10.7,0.0,22.7
4126962639,11.1,0.0,24.7
804354168,10.1,0.8,23.1
3013268078,11.7,3.9,12.8
3388211365,8.1,2.0,28.0
3664354686,8.1,0.6,22.6
3463964960,6.7,0.7,21.8
1617842353,7.7,0.1,23.8
894649167,8.9,0.0,17.8
1300264390,8.5,0.1,20.9
1469298892,8.3,0.2,21.9
1571222201,10.0,0.1,8.7
2996901855,9.4,0.0,10.8
3053946185,8.5,0.0,14.3
4075429225,4.8,0.5,25.9
3266624188,5.0,0.1,21.9
764655142,3.7,0.0,11.8
3378242721,1.9,0.3,11.7
800422855,6.1,0.0,14.5
1119154056,4.0,0.2,14.1
4225601343,5.5,0.1,18.7
3442991713,1.0,0.2,14.5
2380846934,4.4,0.4,17.2
1148652993,1.7,0.0,14.7
4290045452,-1.0,0.0,12.4
497284064,-0.6,0.0,8.8
4155964753,-3.5,0.0,11.4
3101777017,-1.7,0.0,16.6
643286839,0.6,0.0,7.2
1446822809,2.1,0.0,15.0
679877322,-3.7,0.0,5.9
1229538411,3.9,0.4,3.3
3518684510,7.3,0.0,19.1
1349516882,4.0,0.0,11.9
213470505,4.2,0.0,13.1
2204107232,7.4,0.0,18.6
1112884824,6.3,0.0,12.6
2233315353,7.8,0.1,26.7
2455418772,10.0,0.2,18.9
3481812643,11.2,0.0,22.8
1371868453,8.2,0.0,12.6
1674834340,5.8,0.0,4.4
2556674866,8.3,0.0,18.6
130198651,6.4,0.0,10.3
3916693137,7.8,0.0,8.9
2948564768,7.3,0.0,21.7
1185120711,5.0,0.0,0.7
2181491480,9.2,0.0,11.5
3241377969,7.5,0.0,2.3
2343425294,7.5,0.4,18.2
3386994787,6.6,1.0,23.7
3629035482,3.4,0.0,13.9
4096930213,6.2,0.7,32.9
3687863687,7.0,0.0,18.8
583212257,3.0,0.0,22.7
2414681432,6.3,0.0,24.7
238357818,5.7,0.0,22.7
3423824681,5.7,0.3,25.6
4259452901,-3.2,0.0,5.9
1797644122,-2.6,0.0,14.0
498653094,2.1,0.0,16.5
245712436,-1.7,0.0,5.8
952852770,1.4,0.0,15.1
643140218,1.5,0.0,22.1
1641496446,0.8,0.0,15.2
3401442149,0.3,0.0,21.9
2331354515,-0.5,0.1,21.6
1035262353,0.7,0.0,16.1
499606715,-4.0,0.0,4.3
3813507232,-1.7,0.0,7.9
1826799312,-1.8,0.0,7.7
382081418,-1.4,0.0,6.1
3748967445,-0.4,0.0,17.4
4233465863,5.4,0.0,6.5
3296917405,3.4,0.0,21.5
2060580229,12.8,0.0,39.0
1483099988,11.6,0.1,23.1
1461439395,5.7,0.0,1.6
960811910,6.4,0.0,5.0
2527434649,6.9,0.0,5.4
1135843534,7.4,0.0,15.6
2883194460,7.1,0.0,18.1
3049537991,7.3,0.0,4.7
2282710087,6.4,0.0,12.8
4239925751,11.6,0.0,10.1
550350486,8.1,0.0,19.8
2084186794,11.0,0.0,18.6
135603349,9.3,0.3,25.1
993543896,9.6,0.0,21.9
3832962616,10.3,0.0,12.3
3986862194,10.3,0.0,21.1
3583001277,9.9,0.0,18.9
1225515289,7.8,0.3,27.7
4287989435,9.9,0.0,29.2
2295027532,11.3,0.2,29.8
2241190224,12.9,0.1,22.4
186691131,12.0,0.0,9.7
1813917904,13.3,0.0,11.9
3339438260,12.7,0.0,13.4
507823583,12.3,0.0,6.2
1705194772,12.2,0.0,10.2
957081044,12.9,0.0,14.8
1342656959,9.3,0.3,17.7
2105788001,8.9,0.1,21.4
1841984250,14.6,0.8,10.6
3746570440,13.0,0.0,5.4
362821113,10.9,0.0,12.5
997673129,12.9,0.0,8.7
964304810,14.0,0.0,5.4
1728436890,9.5,0.0,18.0
756817702,12.1,0.0,18.7
2162428547,12.5,0.0,15.1
2770127047,8.2,1.3,24.3
2175820529,7.2,1.3,21.1
3460798446,7.3,0.0,25.7
3565900314,8.9,0.2,15.0
3844443647,10.1,0.0,21.1
3888162501,7.1,0.4,15.7
3276203539,8.3,0.1,3.6
490060967,8.7,0.1,14.4
2846805360,9.0,0.1,17.9
4174312636,10.4,0.0,7.7
2567100267,9.2,0.0,14.3
1818485177,12.6,0.0,19.9
66521558,14.1,0.0,3.8
34897398,10.8,0.0,12.3
859534090,12.4,0.0,8.3
305755785,10.4,0.0,10.0
2635200835,13.8,0.0,7.6
2230442603,15.7,0.0,3.2
4069574831,15.8,0.0,12.9
54631945,9.6,0.0,13.9
3839941613,13.9,0.0,9.0
3728433952,15.0,0.0,7.3
311225968,13.3,0.0,18.2
1261554643,11.2,0.0,10.2
1488008133,9.4,0.0,21.3
1920134372,13.2,0.0,21.4
3309135366,13.5,0.0,12.7
54762768,15.5,0.0,8.2
169591725,16.7,0.0,22.3
588502323,12.9,0.0,17.2
3314458039,10.7,0.1,28.2
702117833,13.1,0.0,18.1
3947095889,9.8,0.5,20.5
2737576349,9.7,0.0,24.5
4146719739,12.1,0.2,24.5
1589458309,12.5,0.1,4.0
2645087997,12.6,0.0,9.0
4278585860,15.8,0.0,8.1
1974463693,17.1,0.0,27.4
1239720914,16.8,0.4,31.5
2127686040,22.6,0.0,6.4
3779436952,19.2,0.2,13.2
2029969418,21.7,0.0,13.1
1876667168,17.8,0.0,11.4
576323326,19.3,0.0,12.8
303819909,16.9,0.0,17.0
2826391108,19.6,0.0,20.0
1360643118,24.2,0.0,23.4
1972140941,25.7,0.0,14.9
761165379,23.1,0.0,13.4
1337643925,23.6,0.0,15.9
2493219939,21.6,0.0,11.6
1900133901,24.4,0.0,22.3
247549082,22.5,0.0,3.8
311573002,22.0,0.0,15.6
3160245001,18.5,0.0,3.4
2838111141,22.9,0.0,3.6
3225907619,22.3,0.0,21.6
1941893273,21.4,0.0,10.1
698236663,22.9,0.0,19.1
1547291739,21.2,0.0,19.7
2719079976,23.5,0.0,2.5
1871258123,21.0,0.0,9.8
2695350932,16.0,0.0,15.4
1945620274,8.2,1.1,21.9
3231641046,7.8,0.3,15.0
3948449684,6.2,0.1,20.7
1177964390,9.2,0.1,10.4
3204320464,7.8,0.3,14.3
2635748675,8.2,0.1,17.5
582549524,9.5,0.0,15.4
2837012469,8.8,0.3,15.5
3898583868,4.4,1.7,11.7
1541812021,8.7,0.1,7.9
948343352,18.9,0.0,11.8
1822908942,18.0,0.0,5.4
1569780747,20.1,0.0,6.8
3165578829,19.0,0.0,13.7
2635052522,14.7,0.2,18.3
696494498,16.6,0.0,32.4
1148301508,14.5,0.5,17.1
3561274060,15.7,0.0,21.5
3492438268,13.6,0.0,16.5
2742948414,15.4,0.1,13.5
887448739,18.3,0.0,9.7
2141085812,17.5,0.0,8.6
2713203628,17.8,0.0,4.7
2725545168,17.1,0.1,17.9
801611100,19.1,0.1,20.0
2951101285,16.8,0.0,16.4
959255180,14.8,0.0,8.5
3021961507,19.1,0.0,8.4
1454472009,22.9,0.0,7.4
1521470874,22.6,0.0,3.2
4099845071,22.4,0.0,9.1
2180715731,20.1,0.1,8.9
207785024,22.4,0.0,10.7
1278703494,24.4,0.0,9.8
2619701525,21.4,0.0,10.6
2544048957,23.9,0.0,11.1
1302491220,17.9,0.7,11.1
74885638,17.1,0.0,9.5
1424183309,17.2,0.1,13.6
2403192262,17.3,0.1,11.5
288826614,19.7,0.0,10.6
2055120963,18.8,0.1,12.5
3807776503,19.3,0.0,14.2
3376037114,20.8,0.0,15.3
273576751,19.9,0.0,8.0
4155064838,22.6,0.0,30.8
708931436,29.5,0.0,9.0
1777966609,32.1,0.0,18.2
446721532,32.6,0.0,10.8
2008143953,30.9,0.0,20.2
1850080465,32.2,0.0,16.7
1957866829,28.4,0.0,20.4
1974693043,21.1,0.0,17.3
529535755,20.0,0.0,19.6
93393678,28.0,0.0,13.8
2155738621,23.7,0.0,18.5
2869592873,29.0,0.0,14.0
784870387,18.5,0.0,10.5
4279358696,30.4,0.0,9.2
3566586400,21.1,0.0,12.6
939825289,28.8,0.0,9.4
3279490596,27.0,0.0,10.1
1634685954,27.0,0.0,5.9
2376943971,13.8,0.1,14.8
4109736881,13.5,0.0,13.1
333559888,13.9,0.1,16.3
1345347835,15.6,0.0,11.9
503977942,15.4,0.0,31.8
3076162623,15.4,0.0,21.9
2248867465,15.8,0.0,17.2
2474710481,12.5,0.0,14.8
2172815784,17.5,0.0,12.1
613488624,20.7,0.0,11.9
3791035863,23.6,0.0,1.8
723877161,20.8,0.0,5.0
1171574471,22.8,0.0,15.6
3105158183,22.5,0.0,13.3
2661726667,22.9,0.0,5.8
2492266488,24.0,0.0,5.9
2071748780,23.3,0.0,3.1
3408418812,22.5,0.0,9.8
906425655,15.9,0.0,34.7
1423208977,12.6,0.1,8.4
1934071326,14.7,0.0,17.5
1604853640,13.0,0.0,15.9
2462125956,14.1,0.0,17.2
986740738,11.2,0.2,17.9
3262137288,12.7,0.0,14.4
2069654223,14.1,0.0,10.1
2019946149,14.3,0.0,13.5
2703155568,9.9,0.2,13.7
2635985849,14.6,0.0,7.6
1742486526,15.1,0.0,7.5
2833228501,13.9,0.0,10.2
1773097645,14.2,0.0,8.6
2518220678,13.6,0.0,5.0
1835443294,10.1,0.0,10.1
1575706416,15.1,0.0,13.0
1906628607,14.6,0.0,3.3
101575739,20.2,0.0,3.8
102979994,17.3,0.0,8.5
2923036442,17.4,0.0,7.6
2960848329,16.8,0.2,14.3
3850990371,17.6,0.0,13.9
974390712,16.9,0.0,16.6
2067488551,16.7,0.0,10.2
2944813772,16.5,0.0,16.8
2856864701,19.1,0.0,9.0
3817919469,16.9,0.0,4.2
3197945910,12.6,0.0,12.5
1378819013,17.8,0.0,4.9
1073464969,16.2,0.0,11.5
1817844619,16.7,0.0,9.0
1026257988,17.9,0.0,8.7
3080030080,16.0,0.1,10.3
3910959890,15.1,0.0,22.5
1551638089,14.5,0.0,2.4
1028645544,12.0,0.1,7.9
3416297955,8.7,0.0,7.2
3525009578,12.9,0.0,9.9
479941421,11.2,0.0,12.5
1963401222,8.8,0.0,4.9
3247792858,9.2,0.0,3.9
878127631,10.4,0.0,12.4
1111883247,10.9,0.0,3.0
3658323156,12.2,0.0,8.6
1906326106,5.8,0.0,19.4
3866484372,9.8,0.0,8.5
633824916,8.5,0.0,3.3
4062800193,6.0,0.0,11.3
3772625947,7.3,0.0,9.4
3845934459,7.2,0.0,5.4
3801984054,5.3,0.0,3.1
487393683,6.7,0.0,3.6
307401704,8.1,0.0,2.9
3540386157,-1.3,0.2,20.3
864797576,4.6,0.0,16.7
1262669279,5.4,0.0,12.3
4214868153,5.2,0.0,14.0
1780531665,6.1,0.0,11.0
17958074,4.9,0.0,17.7
4156327437,5.5,0.0,12.4
2356060911,13.7,0.0,27.0
3470090598,17.3,0.0,27.4
1308908232,6.2,0.0,7.1
3714705388,4.3,0.0,8.8
2717670003,1.8,0.0,3.1
256183571,4.7,0.0,8.0
2674852169,4.7,0.0,8.6
1305895191,4.9,0.0,8.0
4050176713,7.9,0.0,11.2
1841044283,-0.4,0.0,8.5
1003573325,0.5,0.0,7.7
933938394,7.6,0.0,29.2
1831669995,5.4,0.0,7.4
117961993,9.5,0.0,19.1
2760378944,5.0,0.6,10.4
3204967576,4.4,0.2,19.4
2738340672,9.8,0.0,15.7
1467475379,10.4,0.0,24.5
4218818190,4.4,0.0,11.1
2894703418,6.2,0.0,9.3
4204323471,0.9,0.0,1.5
3750379175,2.9,0.0,15.9
2411144219,2.2,0.0,13.2
1191592339,2.6,0.0,13.5
12834683,0.9,0.0,18.6
2082439794,2.2,0.0,17.1
2397969875,2.1,0.0,21.2
2480923364,6.6,0.0,20.2
3233153992,4.9,0.0,21.6
857444428,2.5,0.1,16.2
3449010326,6.3,0.0,19.4
1815228058,5.6,0.0,21.7
1540542030,6.8,0.3,28.7
703846141,6.7,0.0,19.5
2181302359,7.5,0.5,22.8
1228556381,8.6,0.1,16.1
4207837322,3.3,1.4,22.4
3266581180,5.1,0.1,20.4
447653506,1.0,0.0,15.8
2536583402,1.4,0.0,9.5
694457978,-1.3,0.0,9.8
3868403444,1.4,0.0,7.5
2756631657,3.0,0.0,8.4
4239157356,1.7,0.0,20.5
1874174436,-0.5,0.0,12.1
1926885441,-0.8,0.0,14.8
2044560925,0.7,0.0,12.0
3824126122,3.4,0.0,22.3
198665044,0.8,0.0,2.3
2030000788,1.6,0.0,3.8
3876094156,1.7,0.0,20.8
3867094592,4.0,0.0,6.1
637562428,0.2,0.1,7.6
1500204717,1.7,0.0,1.6
1454537005,4.2,0.0,9.4
3658479061,6.1,0.0,7.5
1397124973,0.6,0.0,7.2
3608351202,-0.3,0.0,6.1
1373618028,1.4,0.0,5.5
3005538638,-2.6,0.0,8.9
2079805246,1.6,0.0,2.2
1485145295,2.1,0.0,7.0
3522586014,3.8,0.0,2.3
3796788623,4.5,0.0,9.1
2355159327,2.2,0.0,5.9
1567449614,7.9,0.0,21.8
3434912806,10.8,0.0,5.2
3550498865,8.0,0.1,9.2
1917701793,16.0,0.0,11.1
2950079700,15.2,0.0,17.3
573078714,14.4,0.0,17.5
1237522481,8.0,0.1,9.4
4181849327,6.2,0.0,18.7
232300532,3.3,0.1,7.1
3235827862,6.4,0.0,13.5
1301597570,2.5,0.0,13.0
1787796442,5.1,0.0,7.7
530177805,2.7,0.0,14.2
3674297421,3.6,0.0,3.6
3646323182,5.3,0.0,9.0
698460847,3.8,0.0,7.6
56040150,4.3,0.0,6.0
3535764570,5.4,0.0,6.9
2273614728,2.5,0.0,9.5
1605785452,7.6,0.0,6.8
1403789516,4.7,0.0,4.0
3368533318,7.0,0.0,12.6
2345697298,6.3,0.0,8.5
1225722995,4.9,0.0,14.3
4085281970,7.0,0.0,12.9
17630376,3.4,0.0,19.9
512365338,3.2,0.0,4.6
1183465052,-1.1,0.0,8.7
325369929,2.1,0.0,5.7
207010346,1.7,0.0,5.2
642408321,1.7,0.0,8.0
3233806161,-0.3,0.0,6.1
681022345,2.4,0.0,8.7
3395331194,1.5,0.0,13.2
2562701487,2.3,0.0,12.6
2401783184,-2.5,0.1,12.5
761167638,14.7,0.0,5.1
2927515409,11.0,0.0,11.7
1527029357,13.9,0.0,12.8
1257718365,14.0,0.0,14.4
3238236677,14.1,0.0,6.1
1210441049,14.5,0.0,14.7
3610112849,11.6,0.0,9.0
4208813045,10.3,0.0,8.2
3282619730,12.2,0.0,6.7
3714744973,5.8,0.1,12.5
3610862556,6.1,0.0,8.6
3989112915,4.4,0.0,14.7
1623397208,5.2,0.1,8.8
1883196367,5.6,0.0,11.2
582070924,7.1,0.0,10.9
574245125,6.9,0.0,11.8
2742891987,7.1,0.0,13.1
690462834,6.9,0.0,10.1
2228579174,17.2,0.0,6.3
2625285091,14.6,0.0,5.8
3481618920,18.9,0.0,10.3
3805929321,17.1,0.0,8.1
2186259536,18.5,0.0,7.1
1230971212,15.9,0.0,10.1
3701771616,14.8,0.0,4.9
2980992088,16.1,0.0,5.0
1728432770,17.2,0.0,7.5
3957979081,5.9,0.2,6.9
1813361891,5.8,0.1,23.9
2025893130,9.2,0.0,22.0
3904654301,6.9,0.1,8.9
2929988976,6.7,0.0,12.6
1788296925,7.4,0.0,19.4
4074175659,8.4,0.0,9.9
3747330327,5.2,0.0,10.4
992742563,6.2,0.2,6.4
123867787,15.7,0.0,4.5
2541433793,8.8,0.4,12.0
1158321930,12.5,0.0,15.1
1988621783,12.4,0.0,16.2
1241389936,12.4,0.0,13.7
1864545624,12.7,0.0,14.3
1521727283,12.2,0.0,14.2
1012552113,14.7,0.0,15.6
290802729,11.7,0.3,26.7
3676747608,17.4,0.0,13.4
460689647,16.1,0.0,15.8
4284566752,19.3,0.0,6.0
730045099,17.9,0.0,11.7
1240641094,20.2,0.0,12.3
3739209974,11.9,0.0,14.5
3841408940,11.7,0.0,16.1
4247906464,9.4,0.0,6.5
3362660424,7.5,0.0,17.5
1186593511,14.7,0.0,21.9
2135050470,23.9,0.0,10.2
2062613369,20.7,0.0,11.9
189108170,17.0,0.0,4.9
2697013088,23.0,0.0,14.9
427912368,22.0,0.0,16.9
3276730145,18.8,0.0,14.6
3542474457,17.7,0.0,9.6
1171125473,20.0,0.1,20.0
3892498325,17.1,0.0,7.5
2951489715,17.2,0.0,7.8
2013311247,16.4,0.0,3.1
2879158475,10.4,0.0,5.9
3413801772,12.3,0.0,10.5
1302574314,9.1,1.2,10.5
2141830682,23.1,0.0,12.4
685470916,18.8,0.0,7.0
2043103775,13.1,0.0,5.5
1048554639,13.1,0.1,10.8
145963712,13.5,0.2,20.4
2711376243,15.0,2.0,13.4
3478372687,15.7,0.0,9.7
2597834132,19.0,0.0,5.7
3621674033,15.8,0.0,14.0
1106739695,18.4,0.0,14.6
4014750274,19.1,0.0,2.7
2613205107,16.4,0.0,9.8
1329623655,24.1,0.0,11.4
3318742165,18.8,0.0,8.0
3493436173,16.0,5.7,3.2
1229058426,17.2,0.0,9.8
3007880484,17.7,0.0,8.4
1885937132,18.4,0.0,3.1
922864228,9.9,0.8,12.3
2949749289,14.1,0.2,16.7
4289258322,14.0,0.0,9.7
4223206974,17.2,0.0,5.4
2361992836,21.4,0.0,11.9
3138988089,16.8,0.0,8.7
2027742483,17.3,0.0,8.5
4137952853,17.7,0.0,6.3
3150101608,16.3,0.0,10.2
253484027,24.6,0.0,11.6
2721515534,25.2,0.0,13.5
1290586670,23.3,0.0,12.9
3361302168,16.3,0.0,14.3
2473141831,17.8,0.0,12.0
2304376107,20.8,0.0,11.6
3825445512,15.2,0.0,15.4
765550282,17.6,0.0,13.3
4098366437,18.5,0.0,10.0
1386734692,17.3,0.0,13.7
2602298705,16.9,0.0,23.9
1918517430,17.6,0.1,14.2
3430547040,19.4,0.0,10.4
2311476444,18.8,0.2,14.3
1693028211,19.9,0.0,8.8
3039555926,15.5,0.0,14.4
1944576847,18.6,0.0,11.2
1342089388,17.5,0.1,18.4
992922091,18.7,0.1,17.3
3889395335,22.0,0.0,5.3
1964377925,19.6,0.0,7.5
147686753,22.1,0.0,8.7
2577679856,20.0,0.0,14.4
2113235820,21.5,0.1,10.1
1573860542,20.2,0.1,4.5
1567457089,21.1,0.1,15.5
80032786,18.6,0.1,9.9
682999669,25.5,0.0,12.3
3153657075,22.6,0.0,14.7
4244379180,22.1,0.0,13.2
4061867766,16.8,0.2,18.7
1803865027,20.0,0.0,12.9
527842341,17.9,0.1,8.7
1547804738,18.6,0.1,10.5
786942346,20.5,0.0,14.8
2316023599,18.4,0.2,18.2
2647945879,20.3,0.0,3.5
4023374254,17.4,0.0,11.8
2776090350,17.9,0.0,12.9
1510622574,26.1,0.0,4.3
2709864169,28.9,0.0,1.8
3241399749,26.7,0.0,10.8
3311967237,28.6,0.0,4.9
72021626,27.1,0.0,9.8
2716064296,29.0,0.0,11.7
144575127,19.3,0.1,12.7
697910380,16.2,0.0,12.0
505212545,16.6,0.0,17.7
262148738,15.2,0.0,9.1
1995961623,13.4,0.0,8.5
172756528,16.4,0.0,3.1
2768238221,17.1,0.0,13.0
3314517385,17.0,0.1,10.5
3949208497,16.6,0.0,7.8
3682924067,15.7,0.0,7.6
2391181043,17.8,0.0,5.3
3638780427,17.7,0.0,8.6
261416773,14.0,0.0,10.5
396345214,19.3,0.0,23.2
1581063323,11.8,0.2,23.8
1007912208,14.3,0.1,23.7
2793547498,11.6,1.4,29.4
3261017010,12.6,1.1,19.8
344250103,12.4,0.1,23.9
3693282620,12.8,0.3,19.6
980921737,13.2,0.0,24.5
2877556827,12.1,0.0,19.3
261893716,13.1,0.0,7.8
3936678050,11.2,0.0,8.2
856083209,14.1,0.0,8.2
1043182845,9.7,0.0,5.1
3916066656,10.1,0.0,2.8
2042156590,11.6,0.0,7.3
970244867,16.3,0.0,2.5
2062063271,10.3,0.0,16.5
2748556031,11.5,0.0,31.7
573746325,10.3,0.9,25.1
2250374871,10.9,0.8,21.9
2402048445,9.6,1.4,22.5
3481835743,11.6,0.0,29.2
4230598821,10.4,2.6,29.4
3524006031,10.4,0.6,21.1
3940269346,9.1,0.0,25.3
3951297883,9.2,0.3,22.8
1709968487,11.9,0.0,3.6
83728876,11.8,0.0,9.2
1349816906,12.5,0.5,7.6
298415246,16.1,0.0,11.4
1903880996,14.4,0.0,17.0
2823773399,15.1,0.0,8.9
2515265260,16.9,0.0,8.5
3594650185,14.6,0.0,10.7
1013832304,13.3,0.0,15.0
2884102609,11.2,0.0,3.9
3123887331,7.8,0.1,1.8
2842481873,5.9,0.0,4.0
3565599882,10.9,0.0,4.1
1022614062,8.1,0.0,5.4
2019786318,12.0,0.0,3.5
3785063657,10.8,0.1,1.3
3634851107,9.3,0.3,7.1
256127592,9.0,0.0,6.0
1395471903,3.6,0.0,9.2
3223038975,-1.4,0.0,1.8
2157063519,-2.4,0.0,4.9
184821706,3.7,0.0,10.6
1767271676,-0.3,0.0,3.3
1851661545,3.0,0.0,12.4
870239146,4.5,0.0,6.8
3604824895,1.0,0.0,9.3
2575493090,1.7,0.0,14.6
452073085,9.6,0.2,11.5
279468222,3.8,0.0,8.8
2954786850,8.2,0.0,6.0
3115389041,7.4,0.0,8.1
236488855,10.0,0.0,12.9
4205999424,10.5,0.0,11.9
2544937030,8.4,0.0,14.4
842381815,7.1,0.2,7.4
1113705759,8.3,0.3,14.1
734518488,4.6,0.0,4.5
1282753750,4.4,0.2,12.6
3398090448,9.7,1.7,15.0
1580228319,5.2,0.0,13.7
2618912206,10.5,0.0,15.7
1839979885,5.7,0.0,13.8
2556213808,5.5,0.0,15.2
1747719727,9.7,0.0,11.0
1808195233,11.2,0.0,10.8
2622914256,6.2,0.0,3.0
2639833968,5.7,0.0,6.0
601339640,5.2,0.0,3.4
407854754,8.3,0.0,9.9
3559099653,9.3,0.0,14.3
1785871537,8.2,0.0,6.1
1698788982,4.8,0.0,3.7
4275723659,3.5,0.0,3.5
4033268786,7.9,0.0,18.3
3358227978,11.6,0.1,14.9
1274763072,7.0,0.0,5.5
4053065056,8.1,0.1,7.3
2020925242,5.0,0.0,3.8
212377922,10.0,0.4,7.6
316244777,7.2,0.0,5.2
1935090456,7.9,0.0,3.6
2238332614,9.2,0.0,12.4
2711478008,-0.5,0.0,13.6
241768843,5.9,0.3,27.7
1456679540,1.2,0.1,19.8
1357949324,-0.3,0.3,14.5
1113896483,-4.2,0.0,4.9
3149197544,-1.1,0.1,9.9
263206748,-1.7,0.0,9.4
2463709686,-3.2,0.0,5.3
1631384156,10.4,0.0,8.2
2292520406,10.2,0.0,16.7
157324169,8.1,0.0,9.6
1438439111,5.5,0.0,13.7
528828882,9.3,0.1,5.5
4192014944,10.7,0.0,14.0
3397614379,6.6,0.1,15.5
2385214754,9.3,0.0,5.0
3838417166,11.5,0.0,9.1
3930985738,12.2,0.0,4.3
1473395796,10.2,0.0,10.2
3846170681,1.8,0.0,14.9
1857012071,3.5,0.0,12.3
3306479573,3.9,0.0,14.2
2364624913,5.3,0.0,10.9
4282343203,3.8,0.0,7.9
2885628157,2.1,0.0,7.1
4235258460,-3.1,0.0,20.6
82124102,1.1,0.0,6.5
2896371499,2.5,0.0,5.0
3491604899,1.2,0.0,6.0
1069019964,5.6,0.0,9.5
1278306167,2.5,0.0,6.6
2953887947,-2.2,0.0,13.1
3176228297,1.0,0.0,7.3
678526029,4.3,0.0,3.8
3281440638,-0.1,0.0,13.4
3402105494,0.7,0.0,17.6
430930367,4.7,0.0,14.5
1778181747,2.2,0.0,5.3
3280018569,3.6,0.0,8.7
2369320544,4.5,0.0,12.1
1979719812,-0.6,0.0,14.3
2453241038,0.2,0.0,18.5
3037723002,-2.4,0.0,19.3
2789302967,7.0,0.0,5.3
3859052310,7.8,0.0,10.4
4160752091,1.7,0.0,8.1
2795655599,12.0,0.0,5.7
3815715194,4.9,0.0,3.8
15439253,9.9,0.0,5.6
1443026708,1.2,0.4,9.2
675680621,14.5,0.0,13.6
1812393393,6.8,0.1,15.1
2398178992,6.2,0.0,14.2
1414134846,5.9,0.0,7.9
4044789322,14.9,0.0,4.2
1917076553,5.5,0.1,5.1
3534559070,6.2,0.0,5.0
821095078,11.8,0.0,8.9
4269040286,7.6,0.0,11.3
1789896643,6.9,0.0,6.2
3117997851,5.7,0.1,38.4
37431294,7.1,0.0,6.4
3613241222,12.8,0.0,23.3
2535672455,15.2,0.0,8.9
1942046204,19.1,0.0,7.2
3209695820,14.6,0.1,19.4
1447261714,11.9,0.2,26.3
744981190,13.8,0.1,20.5
2123023594,20.4,0.0,8.3
509525315,18.2,0.0,33.1
630722239,15.6,0.0,27.8
2305250374,15.7,0.2,13.2
4266846793,14.8,0.0,23.7
1807043966,16.8,0.1,6.6
657197335,13.8,3.9,5.8
1304390187,15.4,0.7,11.2
3862441614,14.4,0.0,11.3
2053190161,11.6,0.3,12.7
3543083253,10.6,0.1,14.3
3539763985,10.4,1.5,15.6
135837358,15.1,0.0,14.1
640463407,13.1,0.1,24.1
183781954,11.7,0.2,17.9
1181716601,6.6,0.0,19.3
3094244396,12.1,0.0,19.5
1777404924,11.9,0.3,16.4
3649781411,8.3,0.1,18.3
857794951,12.5,0.0,19.9
1645802539,17.6,0.0,10.8
315903197,9.3,0.0,21.9
3761307957,10.5,0.0,16.4
2518129985,16.0,0.0,11.6
2260905592,17.2,0.0,15.6
4057903350,15.9,0.0,5.4
2656590948,17.3,0.0,10.1
2475485317,20.9,0.0,1.8
575933754,15.0,0.0,8.9
245403439,15.1,0.0,8.4
796269418,18.5,0.0,9.1
1278837042,14.4,0.0,14.9
3909021941,15.4,0.0,30.6
2981769321,13.5,0.1,23.2
3016107246,10.7,0.0,18.5
956132080,13.0,0.0,17.1
3760217023,9.4,0.0,16.6
2490476143,13.5,0.0,8.8
2898614823,12.1,0.0,18.4
791393787,10.7,0.0,15.0
57938026,17.8,0.0,11.2
2198031933,19.2,0.0,28.6
851304332,13.7,0.0,7.9
501338604,14.3,0.1,16.7
3213612095,10.2,0.0,4.8
305185964,12.5,0.6,26.0
3372694994,19.6,0.0,12.3
751627536,13.2,0.0,29.3
3045687111,13.5,0.2,29.1
1800638825,17.9,0.0,12.6
2713556321,17.9,0.0,10.9
2089656591,18.4,1.2,19.8
3988733100,18.4,0.1,13.8
1674602437,13.6,0.0,8.8
2469582965,18.4,0.4,5.1
3127814623,17.7,0.0,13.2
3714569781,17.1,0.1,6.9
2619465125,16.0,0.0,12.5
3584992399,17.0,0.0,8.8
3927306740,18.5,0.1,7.7
1564161263,20.2,0.0,9.8
2159612019,19.5,0.0,19.9
335388517,19.4,0.0,8.9
3884900814,19.9,0.0,5.0
4076623388,17.4,0.7,10.1
1339530051,19.6,0.0,10.1
1233626374,21.6,0.0,3.5
951618951,18.5,0.2,11.6
641938143,15.8,0.0,19.5
208250146,17.8,0.1,16.7
713009550,16.7,0.8,9.7
1028010919,18.2,0.1,10.9
4063209091,13.4,0.2,13.0
2397928216,17.6,0.0,12.3
4173816645,20.4,0.0,15.2
3321684311,14.1,2.0,15.3
2999126542,15.9,0.0,11.5
219119609,17.1,0.7,5.2
3037209500,19.6,0.0,12.7
1244705760,18.9,0.2,21.5
3815045185,16.0,0.2,5.8
1125377230,18.3,0.0,21.4
2883076852,18.0,0.0,18.7
377518352,19.8,0.0,19.0
2913790682,19.1,0.0,22.7
2183018811,17.4,0.4,4.3
1237249312,17.1,0.0,22.1
3989495902,23.4,0.0,14.3
3742535326,20.6,0.0,11.9
1764425139,21.8,0.0,13.1
1795020767,19.7,0.1,18.9
2059175702,21.3,0.0,15.8
253635380,25.8,0.0,12.1
1176019602,23.9,0.0,8.1
706406972,20.7,0.0,15.3
1059485158,20.8,0.0,13.8
1467074892,26.0,0.0,8.6
2298631362,22.8,0.0,9.0
2927236306,27.6,0.0,12.2
3989337766,24.6,0.0,8.7
4264422189,24.0,0.0,22.1
4119846456,27.5,0.0,6.4
950134198,21.5,0.0,3.3
2327872435,24.1,0.0,14.3
4021468555,18.8,0.0,21.2
2354930942,21.4,0.0,17.9
1622044056,23.8,0.0,9.1
3065150187,23.7,0.0,16.6
3821351026,22.5,0.0,7.4
2360764394,23.6,0.0,14.5
2636116696,22.7,0.0,14.1
280901615,24.0,0.0,15.5
3949467592,28.2,0.0,7.3
2071117903,24.6,0.0,10.5
2289368097,24.5,0.2,15.4
2128674781,19.3,0.2,22.5
3816679397,27.8,0.0,6.4
4179755090,27.0,0.0,13.0
3988937739,22.7,0.0,14.7
724070192,22.1,0.0,16.8
1722673475,25.6,0.0,1.3
3564182395,29.1,0.0,9.0
830912528,34.2,0.0,3.3
4026257406,32.4,0.0,2.4
2929780926,25.4,0.0,0.7
2188298740,21.3,0.0,17.1
3195037661,21.8,0.0,12.0
4063208193,28.2,0.0,1.5
349108832,32.6,0.0,7.7
889477382,25.9,0.0,2.3
1489137905,21.6,0.0,17.1
3638739352,29.0,0.0,13.1
2762359430,20.3,0.0,15.6
330943382,19.5,0.1,21.1
2961640012,19.8,0.0,13.5
4163089101,22.2,0.1,17.0
894684368,18.8,0.2,8.6
685445438,19.7,0.2,21.4
3076344891,24.3,0.1,10.5
804824736,19.8,0.7,17.4
624484888,19.9,0.0,14.1
892199799,24.8,0.0,9.2
1982943096,30.3,0.0,26.6
1898722702,27.5,0.1,12.6
1554561543,24.8,0.0,7.9
3536691820,25.4,0.0,7.3
1927923552,27.5,0.0,8.8
921273050,29.7,0.0,3.9
997413428,25.7,0.0,8.5
255160324,22.8,0.0,6.1
3595145432,25.3,0.3,12.1
1140200376,20.6,0.0,11.2
2694625163,28.0,0.0,14.9
44025050,25.3,0.0,12.5
3941031945,28.4,0.0,15.0
2793612416,29.9,0.0,30.3
3339551544,29.2,0.0,25.2
147124436,25.6,0.0,24.4
302307861,17.9,0.0,8.6
1610133387,17.0,0.0,22.3
2208582309,18.6,0.0,10.8
4292433983,18.8,0.0,19.2
3734997359,18.9,0.0,20.5
981667396,23.7,0.0,14.0
607416893,19.6,0.0,12.8
3278987203,22.5,0.0,14.0
524955105,26.1,0.0,21.0
622586748,22.4,0.0,8.1
2495208987,25.1,0.0,7.6
772866254,23.6,0.0,8.3
3992659143,24.5,0.0,13.7
2436450306,26.2,0.0,9.5
2237831004,32.2,0.0,11.2
3301260627,22.4,0.0,10.1
2833472252,26.0,0.0,10.7
2697974973,18.7,0.0,1.1
4218529677,19.9,0.0,14.7
2165245159,21.4,0.0,10.7
3698928925,24.7,0.0,10.7
994273002,23.4,0.0,6.5
1629355838,23.6,0.0,0.5
1386032468,23.4,0.0,8.7
2151517286,25.3,0.0,6.9
550569008,16.3,0.1,15.8
2564787466,13.9,0.9,36.8
1205033893,22.7,0.0,18.7
529712676,16.4,0.1,16.9
148876909,14.9,0.1,17.7
596140688,17.3,0.0,10.7
2121974739,18.8,0.0,19.5
1532334017,18.1,0.0,8.7
3506716560,16.5,0.0,4.9
4195604987,14.2,0.0,16.9
3071788752,12.2,0.0,20.5
3031897999,13.3,0.0,30.5
4164952162,11.7,1.5,41.3
3179048646,13.3,0.1,29.2
3024651815,13.7,0.4,18.8
3467869155,20.2,0.7,29.3
3680801070,14.6,0.2,33.6
621585723,10.2,0.0,18.4
4266514041,11.9,0.3,40.6
3372351429,15.6,0.2,24.5
1231424353,13.6,0.0,20.8
3242241502,13.1,0.5,19.0
2971054843,12.7,1.0,25.4
3239291729,15.9,0.0,27.9
3758140541,18.2,0.0,27.5
997768173,18.3,0.0,22.3
2371342046,15.8,0.0,21.1
73493717,8.4,1.2,14.9
1199676541,10.6,0.0,14.4
1583838299,14.0,0.0,20.2
1918849663,8.7,0.0,13.5
3167527583,6.1,0.3,13.5
308621474,13.6,0.5,16.8
3725846291,8.7,0.1,16.6
619692153,9.0,0.1,24.0
3331194489,4.0,0.0,11.9
438728977,5.4,0.3,20.9
2243063392,13.8,0.0,3.7
3060877428,10.9,0.0,14.5
109165869,12.5,0.0,8.8
1252785622,7.7,0.0,8.7
565656942,6.9,0.0,11.5
3740420125,5.8,0.0,12.6
2551244095,10.7,0.0,1.5
1986312645,2.7,0.0,15.0
2887475604,2.5,0.0,11.5
2163721183,4.1,0.0,2.6
606902496,6.8,0.0,21.6
3495316712,11.2,0.3,29.5
3049135047,13.1,0.0,6.0
216925081,8.5,0.0,12.4
3840726759,1.5,0.1,22.5
4123546154,7.5,0.0,18.4
3161531219,10.2,0.0,26.8
1802941130,12.5,1.3,21.2
2406098738,14.1,0.0,11.7
1873677816,14.8,0.6,30.7
217565104,12.4,2.3,25.5
2694202309,17.7,0.0,4.1
1775871508,12.7,0.0,8.3
1095882039,9.8,0.0,24.5
934452001,11.0,0.0,23.3
2574220594,12.1,0.0,14.9
659055670,14.5,0.1,31.5
2027387386,15.6,0.0,2.9
3142328403,8.5,0.0,8.9
3663360566,9.7,0.0,15.0
2053951266,3.9,0.0,4.1
2263616227,8.7,0.0,10.4
1076811138,5.5,0.0,3.3
477123919,8.0,0.0,7.3
3856851478,14.5,0.0,8.4
2535438014,7.8,0.0,16.2
513435049,11.4,0.0,30.3
4273552129,5.2,0.0,16.6
2640972112,6.3,0.0,19.2
2827510543,14.4,0.0,25.2
1792894197,13.2,0.0,10.1
4247433974,9.2,0.0,22.1
4045499179,7.2,0.0,21.4
3840656962,6.3,0.1,15.5
816206240,8.2,0.0,24.9
3703357771,7.1,0.0,17.3
2466915753,10.5,0.0,9.6
878615338,1.6,0.0,10.2
3530623167,1.2,0.0,14.9
296192255,5.0,0.0,5.8
2391175148,-2.9,0.0,11.4
2532735458,4.6,0.0,1.8
2734867620,1.0,0.0,12.2
3054067709,0.8,0.0,14.3
3578837639,13.7,0.0,3.4
792265199,15.8,0.0,6.3
443583926,15.4,0.0,7.2
319823640,12.6,0.0,13.2
3174103151,15.4,0.0,11.4
3616325424,12.5,0.0,12.2
1719038898,8.6,0.0,14.0
1806757245,13.2,0.0,30.8
2256491263,7.9,0.0,9.3
3496071198,10.6,0.0,12.8
2612739691,10.4,0.0,11.7
882639610,10.0,0.0,5.9
1129497598,14.1,0.0,6.2
3016109038,10.0,0.0,28.1
100170222,7.9,0.0,24.0
2590936835,8.9,0.0,21.9
2379931640,10.3,0.1,16.8
507442238,7.4,0.0,7.3
3551063247,12.1,3.4,33.8
1008622841,11.7,0.2,14.1
3306185970,9.7,0.5,1.8
1310593604,9.2,0.1,33.6
614661648,9.2,0.0,22.9
3864175681,10.8,0.0,24.7
2392890815,11.0,0.1,29.1
1603031238,13.5,0.0,27.9
2670872460,14.3,0.0,8.3
2861965767,13.6,0.0,5.1
967511973,12.6,0.0,16.4
4242107984,13.8,0.0,9.5
3735913203,11.4,0.0,11.9
563620846,15.9,0.0,6.8
129914178,17.2,0.0,5.3
2322920374,14.1,0.1,19.2
3154729684,8.7,0.7,23.0
40565585,12.4,0.1,21.1
2977454936,7.8,0.1,25.5
3082872791,10.0,0.1,21.3
236125834,9.2,0.0,18.4
1334323611,8.7,0.1,22.0
2456643124,8.9,0.4,30.1
3659355472,12.6,0.0,20.0
4081573691,7.9,1.2,21.0
4159683026,8.8,0.1,20.9
1961059370,13.0,0.0,26.3
3003709033,13.5,0.0,12.7
3863648782,11.4,0.0,25.3
2512238907,13.6,0.2,22.3
1595318510,8.6,0.4,24.3
3596547527,9.3,0.0,17.7
3342077314,6.3,4.8,28.8
1992978548,10.0,0.1,15.0
822986297,9.5,0.1,13.5
3400607919,3.5,1.2,18.9
1560383298,11.7,0.1,24.0
859967797,10.1,0.5,10.5
2554651755,13.2,0.0,24.4
2222918272,8.8,0.3,6.8
321715637,8.6,0.0,6.8
2765819064,11.3,0.0,9.8
3341312123,12.4,0.0,15.5
4117758208,10.7,0.0,10.5
2543975677,12.7,0.0,23.6
805895765,19.1,0.0,5.2
2576647638,16.2,0.0,15.5
2080759167,11.8,0.1,8.5
2246422325,13.2,0.1,15.8
3830024730,16.6,0.0,6.0
3855750450,14.5,0.0,7.5
2715237332,11.7,0.9,12.0
2992274913,16.5,0.0,11.4
51131606,18.4,0.0,9.2
158141184,13.8,0.0,26.4
2412408056,12.4,0.5,13.9
1749041707,11.2,0.9,8.8
3599366853,10.3,0.1,23.5
3218197892,12.0,1.6,5.1
538335914,13.8,0.4,21.9
3092634844,14.4,0.2,4.7
294559124,16.7,0.0,8.2
264031643,14.4,0.1,25.9
785388508,17.4,0.1,29.3
123475836,21.7,0.0,34.4
2105485913,23.3,0.0,21.0
167278450,13.3,0.2,36.3
2581133113,18.4,0.0,10.3
4048760534,18.2,0.5,6.5
2421031035,20.1,0.0,26.2
2392177530,17.4,0.0,7.0
1445458151,14.9,0.8,12.4
111275133,18.5,0.0,3.1
3277476139,22.6,0.0,6.6
3812680913,22.2,0.0,14.3
770045146,12.2,0.0,10.2
3404664746,25.4,0.0,7.3
607225907,25.6,0.0,2.2
2898700766,15.6,0.0,18.2
1163928668,13.5,0.0,17.4
1538094575,7.9,0.0,24.7
1398483794,9.2,0.0,26.6
4152602534,9.7,0.0,23.2
2382798359,8.5,0.1,26.2
860405542,12.5,0.0,21.0
1358777987,14.3,0.0,17.8
3460284202,10.3,0.1,26.4
3303311807,11.6,0.6,14.0
3733625231,14.1,0.0,42.6
2184861894,14.1,0.0,17.7
4164303503,15.6,0.1,10.0
2441174145,15.0,0.1,10.9
769746747,13.1,0.0,22.5
4253307024,11.2,0.6,7.4
1616211165,13.3,0.1,13.6
2800168726,14.0,0.7,21.3
3737896317,14.7,0.6,18.9
263363916,11.4,2.6,7.9
343662581,17.6,0.0,18.2
2515800425,17.8,0.0,14.9
2906746359,14.8,0.0,23.7
2907686810,14.6,0.3,11.2
3942925246,16.2,0.0,8.1
3646787483,14.1,0.0,17.6
3087785419,13.9,0.0,21.5
982287724,14.9,0.1,17.3
4133514003,22.5,0.0,12.8
685937208,22.1,0.0,7.1
2764571694,21.1,0.0,10.5
1763004404,21.3,0.0,13.8
1393981871,21.0,0.0,7.1
3923901502,19.2,1.1,17.2
3370246526,24.3,0.0,8.2
1854651674,22.2,0.0,10.1
3363063447,25.2,0.0,3.6
1686256448,18.4,0.0,13.2
1431390894,18.4,0.2,6.0
2225794773,16.1,0.3,6.8
1557083614,18.5,0.0,6.8
2083098739,19.1,0.0,6.2
2918953921,18.5,0.1,10.5
441886808,20.4,0.0,2.6
1906370719,16.9,0.0,10.5
2081292790,20.2,0.0,11.8
1345673825,18.2,0.1,7.6
2897250650,18.0,0.1,15.3
2939295629,19.7,0.4,10.1
3112258269,18.3,0.0,10.5
1107718893,20.1,0.4,12.5
2582886197,27.6,0.0,12.9
2650997880,17.0,0.0,9.2
3396166780,20.5,0.0,11.7
2835615571,29.5,0.0,22.2
133576128,23.8,0.0,21.9
269617050,20.4,0.0,13.6
1709914489,23.7,0.0,17.2
3834190070,30.5,0.0,38.5
3557960850,24.6,0.9,29.2
4092192632,29.5,0.0,31.7
2474028018,19.2,0.1,20.1
2811338031,20.8,0.0,9.7
424710674,27.5,0.0,8.4
3454390431,20.8,0.0,7.2
2340575066,29.1,0.0,25.5
2548833212,30.9,0.0,6.4
14691380,21.6,0.1,11.5
3075048846,31.2,0.0,11.9
4148510352,30.5,0.1,11.1
729536511,32.3,0.0,8.4
3135640132,22.2,0.4,21.1
3441855409,22.9,0.1,4.3
2014744324,29.1,0.0,14.8
83502103,30.9,0.0,16.1
2050162259,11.8,0.0,26.2
1865031662,21.8,0.0,25.9
2645500576,15.7,0.0,16.5
1875550087,16.5,0.0,9.9
1948648987,18.6,0.0,2.7
536864986,18.6,0.0,12.3
374474403,15.0,0.0,11.7
2880527215,18.5,0.0,16.1
1289947592,17.8,0.0,6.0
2870798901,23.7,0.1,20.3
3442027265,24.2,0.0,14.2
804848573,19.9,0.1,10.7
3046981906,22.5,0.0,10.4
302424506,22.2,0.0,21.1
2700642213,17.9,1.0,10.4
2585556612,16.8,0.0,14.0
3813592483,22.4,0.1,19.2
3330056763,17.9,6.0,10.5
2468524256,15.7,0.0,31.7
531856535,14.9,0.3,29.1
4253129396,13.6,0.0,14.5
2700924130,13.6,0.0,12.5
4218937942,21.1,0.0,8.6
1013527207,20.5,0.0,7.9
2487577713,12.3,0.6,17.4
2973595166,12.6,1.0,20.5
3452115653,15.6,0.0,10.2
991452058,17.6,0.0,32.7
3302001848,13.2,0.0,5.6
2940763415,15.8,0.0,10.2
1836465960,16.5,0.0,20.2
51864190,15.6,0.0,25.3
1694769716,16.1,0.5,19.3
4044583486,14.3,0.0,17.6
991166437,15.1,0.0,10.3
3693318380,17.8,0.0,3.9
2731673515,18.8,0.0,10.4
474636153,15.6,0.3,12.7
734456837,17.6,0.0,1.2
2347136941,14.7,0.0,19.9
2653898790,17.7,0.4,33.6
2428341816,19.4,0.0,22.1
913664320,19.6,0.1,29.6
3595006145,22.4,0.0,1.0
1499445569,23.0,0.0,3.5
3798872648,15.9,0.0,14.5
3980496366,15.6,0.0,7.6
4180793396,20.0,0.0,9.5
438180499,18.4,0.1,13.5
1057104742,19.1,0.0,0.6
3964361470,19.4,0.0,10.3
3069517882,17.6,6.0,9.2
384543566,17.6,0.0,6.6
926001046,21.2,0.2,8.8
2438179032,20.4,0.0,7.6
246540378,11.7,0.0,10.6
3062772262,12.2,0.1,15.1
744835523,14.5,0.0,11.6
2689865031,14.6,0.0,6.0
4063665946,19.7,0.0,15.8
2217117264,11.5,0.0,2.7
410822572,11.5,0.0,15.7
1970103888,12.5,0.0,12.6
904743289,20.0,0.0,19.0
1980228833,10.1,0.0,1.8
4171404668,9.3,0.1,6.5
2563432057,13.7,0.0,3.0
2946701818,18.7,0.0,7.5
2480880478,12.3,0.0,5.9
870183158,21.0,0.0,8.3
2636988101,14.4,0.0,3.5
1123834748,11.2,0.0,10.8
282005088,15.2,0.0,15.9
737644192,3.4,0.0,17.2
3769213069,6.1,0.0,36.2
1471535464,9.4,0.0,14.0
2657242039,5.2,0.0,17.2
4009461860,17.7,0.0,34.5
4187107126,17.5,0.0,33.1
457833784,17.8,0.0,32.2
2083194794,12.9,0.1,5.7
3282108775,7.1,0.0,8.8
644939304,10.8,0.0,11.2
4128548606,15.6,0.0,22.4
3413938175,6.0,0.0,4.2
1181113127,14.6,0.0,2.5
4194029765,12.7,0.0,21.8
1347764199,9.6,0.0,7.9
2544165219,16.6,0.0,4.5
820992268,14.6,0.1,4.0
1934050434,9.1,0.0,18.5
1356736007,9.9,0.0,14.8
1508400836,13.1,0.0,6.2
1377004680,13.1,0.0,2.3
2905067183,9.5,0.4,32.9
3045002179,7.5,0.1,20.6
2470748861,8.9,0.0,24.8
2732876584,7.2,0.0,8.7
932884392,5.3,0.1,13.1
2845849384,11.0,0.0,14.9
2779438605,11.0,0.0,17.1
1214794766,3.7,0.0,6.0
2512148233,3.6,0.0,11.9
2861632820,11.6,0.0,21.7
2970518624,11.4,0.0,16.4
585091405,11.0,0.1,21.8
4178693858,10.8,0.0,9.8
253376797,9.7,0.0,9.6
980989199,13.0,0.0,4.8
3415955643,13.3,0.0,3.3
3142062825,8.0,0.0,10.1
3853273377,2.1,0.0,7.8
3801488140,0.4,0.0,6.2
182361064,12.5,0.3,22.1
1727474008,12.5,0.1,31.1
1590582731,7.6,0.1,22.2
1436860851,14.0,0.2,23.7
1272371314,5.9,0.0,8.7
1718521332,3.8,0.0,9.5
621232910,9.1,0.0,3.8
1446419459,1.7,0.0,8.7
160716238,6.4,0.0,2.7
1659147580,3.4,0.0,0.7
3296133198,7.6,0.0,23.7
2067743190,3.0,0.0,13.0
2418020269,3.9,0.0,6.9
3193590716,10.9,0.0,5.4
2701592801,1.1,0.0,3.8
449137143,0.0,0.0,11.0
1053380433,1.1,0.0,6.3
2453192573,-0.2,0.0,1.3
1138620971,9.9,0.0,3.8
2348639889,4.0,0.0,6.9
1336604766,-0.3,0.0,3.6
3014870404,12.7,0.0,10.1
2011554254,11.2,0.2,24.3
2884810773,12.9,0.1,7.4
3983580251,14.2,0.0,12.3
4186155547,9.5,0.4,1.2
3488641068,6.5,0.2,40.0
832819278,4.2,0.0,24.3
4121616259,9.5,2.7,37.8
2254656114,13.2,0.0,16.3
129065425,14.3,0.0,25.8
2496536328,13.5,0.0,9.8
113236375,7.2,0.1,11.7
2117424713,13.0,0.0,18.3
2050342007,5.9,0.0,5.5
2239873119,9.7,0.0,4.3
1592226241,3.8,0.0,3.4
967513428,4.6,0.0,6.1
3062902938,5.6,0.0,6.9
3833840521,13.9,0.0,8.3
1977802700,2.7,0.5,13.2
1205237198,4.7,0.1,14.9
2267919928,12.9,0.0,21.2
2497093859,8.6,0.0,16.1
1911529794,1.7,2.5,4.6
1562486336,6.9,0.0,3.1
1126251743,8.9,0.0,9.8
731364203,5.9,0.0,3.6
903522964,6.6,0.0,6.3
3675242235,9.3,0.0,17.1
2193268626,13.1,0.0,4.6
3193003244,12.9,0.0,9.2
218527965,13.3,0.0,10.5
379809958,12.8,0.0,3.4
1222350922,6.4,0.0,10.4
1996617279,2.7,0.0,12.3
682503147,4.7,0.0,12.0
2778314839,8.1,0.0,9.9
1771437429,15.1,0.0,18.8
2361177805,11.3,0.1,13.0
2692676039,11.2,0.2,17.4
2465660938,12.5,0.1,19.2
2344497231,13.7,0.0,23.6
2235904845,12.2,0.0,26.7
1092494877,15.3,0.0,8.1
4046414872,13.3,0.0,4.9
2328809835,13.6,0.0,1.5
3311044896,13.2,0.0,7.7
2424549498,4.8,0.0,13.1
1662972956,5.8,0.0,15.1
2541846701,7.2,0.0,17.2
2644382797,8.5,0.0,11.4
3174174613,9.6,0.0,15.3
1367307221,9.4,0.0,10.7
162980513,15.5,0.0,8.5
1910378343,14.5,0.0,11.1
3367591045,16.0,0.0,26.6
3089156032,15.1,0.0,16.2
581220253,18.3,0.0,18.1
469829593,15.1,0.0,25.0
1658751473,11.9,0.1,6.3
2246553663,14.9,0.0,15.7
2095166011,12.2,0.3,7.0
2240417385,17.0,0.0,10.4
2833223499,15.7,0.0,29.5
1788599637,13.2,0.0,10.9
3688428250,7.8,0.0,19.3
2569227349,7.5,0.0,17.3
696112035,6.1,0.0,19.7
2346321185,7.7,0.0,2.8
2137171567,7.6,0.0,21.8
1774761743,12.8,0.0,10.4
2302421262,7.1,0.0,13.2
2790324013,10.3,0.0,14.5
3608358717,14.9,0.0,0.6
2551159087,11.8,0.0,20.0
1066160793,6.1,0.5,27.1
1995769510,14.6,2.2,3.0
571603555,14.3,0.0,18.2
1314191077,15.2,0.1,14.1
948021603,11.6,0.0,16.3
11305340,12.2,0.0,22.2
2760020471,13.8,0.0,19.7
2799689870,18.7,0.0,14.0
2028605497,23.7,0.0,11.4
4239249319,20.6,0.0,16.9
3614230467,21.6,0.0,6.0
310807213,14.7,0.0,15.8
2448766778,26.1,0.0,15.0
1160170981,13.9,0.0,17.1
4217757083,20.5,0.0,9.7
4168559526,21.1,0.0,11.0
3768236525,19.2,0.0,3.8
1623005682,16.0,0.0,15.0
3371922665,22.5,0.0,15.7
1380350640,23.4,0.0,6.1
3471486921,14.4,0.1,5.9
3210202565,15.4,0.0,12.1
4215165158,14.1,0.0,15.7
582245402,16.0,0.0,15.8
3924226868,11.7,0.4,16.2
1041412099,16.6,0.1,11.4
2283902897,16.8,0.0,23.3
573270356,18.2,0.0,34.1
2985221389,14.8,0.2,8.3
1758614819,13.2,0.0,16.7
2633355169,16.8,0.0,11.2
3360218855,13.9,0.0,12.5
811395647,15.2,0.0,23.6
3897623817,15.4,0.0,12.0
1792885694,15.3,0.1,10.3
1838702565,16.2,0.0,18.0
2130305197,17.1,0.1,16.3
3942131102,15.9,0.0,7.1
3498309569,19.5,0.0,9.2
1897276129,20.4,0.0,7.0
2077770122,19.8,0.0,10.7
4019356525,19.1,0.0,7.6
1338046098,18.4,0.0,13.0
52534563,22.3,0.0,4.4
1201245743,25.3,0.1,10.5
2645341637,25.5,0.0,3.8
3488353153,23.3,0.0,13.6
3594315295,14.3,0.3,19.8
4289717193,11.9,0.1,18.4
1466347315,15.7,0.0,26.6
2802521146,20.6,0.1,3.6
3721872691,12.6,0.0,17.9
2488596928,22.6,0.0,16.3
514400680,21.5,0.0,13.5
805451162,14.9,0.4,13.0
3327885346,22.0,0.0,21.7
1171433698,19.1,0.0,9.8
2091592281,19.0,0.0,18.7
2158120574,21.3,0.0,15.9
2064917778,22.4,0.0,17.2
752373467,20.9,0.0,22.4
3063857950,17.4,0.0,14.4
1637820453,16.9,0.0,15.4
2821974781,20.6,0.0,12.1
275281325,21.1,0.0,12.1
483094791,19.7,0.0,11.0
3093746570,19.5,0.0,9.6
4179378804,16.3,0.0,10.7
2321662690,17.9,0.0,16.3
1531937750,19.0,0.0,8.7
752237257,31.4,0.0,14.1
3682608069,21.8,0.1,15.3
1668573796,32.9,0.0,9.7
4028924124,33.7,0.0,10.3
2574179725,29.0,0.0,11.8
833709296,29.0,0.0,12.5
4182892365,26.5,0.0,13.0
1359282849,24.7,0.0,13.0
1604452876,31.2,0.0,12.1
2611826838,20.9,0.0,8.8
3630692399,28.3,0.0,20.3
3937391052,27.6,0.0,8.1
3165027092,22.2,0.0,14.5
1629678831,25.2,0.0,11.7
3264367882,22.8,0.0,9.7
523087043,21.3,0.0,7.1
3007307660,30.0,0.0,5.9
1734064813,21.4,0.0,9.9
1825126131,17.6,0.1,20.5
1231880831,20.5,0.1,28.3
3973102290,21.7,0.0,19.4
1226150711,23.4,0.0,11.1
1264248956,22.0,0.0,15.7
3987491459,20.0,0.0,16.7
4224834760,24.8,0.0,15.1
1377370606,21.2,0.0,10.5
4054564061,26.3,0.0,12.3
723059035,24.8,0.0,15.9
4129611652,22.1,0.2,4.6
1025635088,19.9,0.0,22.1
4090197684,18.3,0.0,18.1
562399069,19.4,0.0,33.9
658629414,18.6,0.0,12.6
1554732508,17.7,0.0,14.9
442006294,19.0,0.1,6.7
2534985023,21.4,0.0,25.2
1038228947,29.2,0.0,18.6
4109616123,21.7,0.0,23.8
811077443,15.8,0.5,28.5
2942284347,20.6,0.0,16.5
4002956810,17.4,0.1,5.2
2217679162,13.8,1.5,7.1
3335449602,16.2,0.0,9.9
3813956766,25.6,0.0,10.1
2939405054,21.2,0.0,15.2
301620488,12.6,0.0,12.0
3590854666,17.2,0.1,17.9
312748680,21.5,0.0,8.6
2093215009,15.0,0.0,7.6
2842405800,21.8,0.0,11.1
2097118938,19.3,0.0,6.6
4092532818,18.2,0.0,5.8
2552165531,16.4,0.0,9.8
1378526403,19.0,0.0,6.8
3269460566,14.8,0.3,10.5
2600342369,12.4,0.2,23.7
2471013000,14.0,0.2,37.1
2842813256,13.4,0.1,19.8
105183062,14.3,0.0,14.4
2273350540,15.1,0.3,31.1
525991054,22.0,0.0,14.7
1141744963,13.2,0.1,19.9
3764132964,14.4,0.0,22.0
824872369,16.4,0.0,12.7
2689549402,20.5,0.0,10.6
3333239383,17.2,0.0,12.1
2957174147,20.3,0.0,8.6
3215655663,12.7,0.0,14.7
2091798726,17.2,0.4,35.3
524364704,15.3,1.0,23.1
1030103096,21.1,0.0,17.8
931383564,16.2,0.5,19.2
1095280598,12.4,0.0,19.9
4204727352,12.8,0.0,24.4
838382259,20.2,0.0,29.3
1203171101,12.6,0.2,17.9
1989777457,10.4,0.0,22.0
1019966048,12.7,0.0,19.6
3530228710,9.6,0.1,17.1
3873481541,12.3,0.0,19.2
1394670936,11.3,0.0,11.0
1764594330,12.9,0.1,12.1
11040258,13.0,0.3,8.4
2759871761,14.6,0.0,18.4
1433215014,17.9,0.0,6.9
1810881373,17.4,0.6,25.5
4001202495,13.6,0.4,4.9
40958884,13.8,0.0,8.5
4212175931,15.2,0.0,9.4
608063681,18.1,0.0,10.1
2604608148,13.3,0.0,14.5
2949951046,18.4,0.0,5.9
2102730039,13.8,3.0,14.4
2981110982,14.2,0.0,19.0
4041909510,12.0,0.0,21.8
4110697119,12.2,0.0,22.4
290367186,14.5,0.1,21.7
1736089791,15.7,0.0,20.2
3845253135,11.8,1.3,16.6
2449284224,14.6,0.1,13.1
3345936681,17.4,0.0,7.4
4147785754,14.0,0.0,14.0
331759050,15.9,0.0,10.1
2763501616,14.6,0.1,25.6
2111322385,14.4,0.1,12.2
981961921,11.7,0.0,10.6
875926909,11.1,0.0,6.6
233670790,12.5,0.0,11.1
373339488,7.3,0.1,13.8
4183710185,2.5,0.0,17.1
3988214475,4.8,0.6,22.1
2432285755,1.7,0.0,12.7
2635234406,3.8,1.7,24.1
2062874586,11.3,0.0,18.7
4218555907,13.0,1.6,22.9
1889756835,11.4,1.7,13.5
2837388572,3.4,0.1,24.6
3181971722,7.0,0.4,11.9
917455822,14.5,0.0,8.0
2698676365,11.5,0.0,15.8
4143004436,12.6,0.0,4.5
647743601,7.0,1.1,8.3
2155570560,9.4,0.0,10.6
921913543,8.9,0.1,14.8
3230309540,11.0,0.0,11.2
3844495760,7.8,0.4,14.7
524848533,11.4,0.8,43.5
1900665916,5.7,0.0,15.2
1933547997,13.0,0.1,23.8
1339453144,12.1,0.3,10.1
2441134077,12.3,0.0,16.2
1167523924,13.9,0.0,1.3
3585976865,13.0,0.9,22.7
3803696479,14.2,0.8,33.5
719086419,15.3,0.1,43.2
3726237029,11.7,0.3,6.9
3789241143,11.8,0.1,5.9
1387969437,6.7,0.0,2.3
577707189,9.5,0.0,2.5
3549253352,5.7,0.0,8.9
3285302824,6.6,0.0,9.6
2755857475,8.7,0.0,17.7
483987434,5.5,0.0,8.2
1993103332,14.0,0.0,7.2
2361605243,1.2,0.0,2.4
910050507,11.6,0.0,10.6
3567094926,11.4,0.0,4.5
1065076547,1.9,0.1,24.3
1397531923,7.3,0.0,15.6
1239812854,5.1,0.1,4.7
1260858259,4.3,0.0,14.8
2147745345,6.2,0.0,8.0
197906149,2.7,0.0,6.5
883343106,14.8,0.0,9.9
2443606270,10.8,0.0,13.3
2310615582,10.1,0.0,8.9
2782042612,12.3,0.0,7.5
2715816654,8.7,0.0,6.6
2104974653,0.3,0.0,3.0
3378774340,11.3,0.0,6.3
545009674,10.7,0.0,9.1
2644542047,6.5,0.0,1.2
825502175,8.6,0.0,18.7
1824516508,7.4,2.9,25.2
3855315421,9.5,0.0,24.2
157805077,11.1,0.0,28.7
1087051462,8.7,0.3,15.8
2237252066,7.2,0.4,1.8
910284465,0.7,0.0,8.7
466297384,7.5,0.8,11.6
3883998853,4.3,0.0,14.0
1855440220,6.6,0.0,13.5
205376800,7.7,0.0,9.2
1687948320,11.5,0.1,19.2
2260208014,13.3,0.0,10.0
2347774211,8.7,0.0,6.4
2691330839,11.5,0.0,17.3
3281534876,12.5,0.0,12.4
824521510,12.5,0.0,9.5
3996291803,8.4,0.0,6.1
799498890,10.7,0.1,16.8
2169799584,11.9,0.0,23.2
2457276921,11.5,0.0,22.2
2841771273,11.6,0.1,21.3
1945118689,10.9,0.3,14.7
1989721210,13.0,0.0,6.0
1300225061,12.3,0.0,5.4
440891760,11.8,0.1,9.2
1949363131,11.8,0.0,4.3
3009771979,7.7,1.0,11.8
81891402,13.2,0.0,7.2
3749680848,13.6,0.0,20.7
444237347,3.8,0.0,17.7
549827441,2.7,0.0,21.8
1312987450,5.0,0.3,24.7
1365885826,12.0,0.5,37.2
2946929578,3.2,0.0,19.7
1431192563,5.1,0.0,4.3
4251852819,11.6,0.4,30.2
508514218,11.4,0.0,26.0
2428874457,13.3,0.0,4.7
1123814271,14.6,0.0,16.1
605110258,10.9,0.0,20.9
1086324556,12.6,0.1,22.7
3152786086,12.8,0.1,22.4
646957006,14.2,0.0,5.6
1213838799,11.5,0.0,14.4
4167720410,18.8,0.0,11.7
318446446,12.4,0.1,12.5
1513815086,13.0,0.0,6.1
3230246573,10.2,0.0,21.9
2944440120,12.3,0.0,17.9
4057135364,10.4,0.0,15.8
1383884896,11.5,0.1,22.9
1651234454,12.5,0.0,13.0
590076520,14.2,0.0,12.9
4163670256,16.6,0.0,0.7
662996535,15.6,0.0,6.7
195272496,17.4,0.0,5.4
3110655990,16.8,0.0,20.4
437384312,12.1,0.0,1.8
3932457809,13.7,0.1,7.7
3342331080,12.1,0.0,1.6
3145001636,16.0,0.0,11.6
2453272488,17.2,0.0,7.3
959493501,14.7,0.0,8.8
1981713218,10.6,0.1,13.6
4236890435,10.1,0.2,11.8
874267485,12.3,0.6,1.6
2302797292,8.3,0.0,5.7
3285677136,11.2,0.0,22.0
1940899161,7.6,0.0,3.6
1086632115,11.3,0.0,17.4
2910814230,13.5,0.0,9.5
4216466582,17.3,0.0,3.7
309597093,15.7,0.0,11.8
1508879480,13.9,0.0,7.2
1800588682,9.6,0.9,5.0
3706005645,10.6,2.2,23.7
4148517680,14.5,0.0,12.0
3959282668,13.3,0.0,13.6
1201224898,14.0,0.0,16.7
2816243149,12.3,0.0,17.3
3911556603,14.4,0.0,9.6
10326363,13.8,0.0,34.1
2113077922,15.4,0.1,19.7
3144430136,15.4,0.0,14.2
1082200383,11.6,0.0,22.4
2178507543,13.4,0.0,12.9
1375062434,13.0,0.0,19.0
4275171369,18.2,0.0,8.0
4182665976,16.4,0.0,0.7
3266378459,23.4,0.0,18.4
61278524,16.2,0.8,11.3
1364709918,13.4,0.0,20.0
237907737,21.6,0.0,24.9
3615358646,7.3,0.8,12.6
1233185191,8.8,0.4,15.6
2849431481,19.0,0.0,11.8
3679216363,16.5,0.0,11.0
1975971770,18.5,0.0,14.9
1202320830,14.1,1.3,8.2
3015507834,20.4,0.0,9.7
984450441,14.9,0.0,14.1
2765321748,18.0,0.0,16.2
2748477242,16.9,0.0,14.4
1298674556,18.0,0.0,9.7
405110090,18.5,0.0,18.6
1996208237,23.2,0.0,14.1
2568623359,24.6,0.0,9.8
949558831,24.4,0.0,3.3
636628093,20.2,0.0,8.3
1094415016,19.4,0.0,11.6
3212551647,20.0,0.0,7.4
3295139266,22.1,0.0,7.0
1097068352,23.0,0.0,3.3
3323196228,18.5,0.0,13.1
1465104888,17.3,0.0,14.7
2981861254,25.6,0.0,14.2
1110815318,22.4,0.3,8.2
2147975415,20.6,0.0,8.3
1062461511,19.4,0.1,9.9
2944899511,18.6,0.0,19.1
4003022825,19.1,0.2,11.4
4266487629,25.4,0.0,9.2
1096550119,16.0,0.7,11.7
2445797664,18.3,0.0,7.7
823697988,17.7,2.4,7.8
3033903358,15.4,2.4,0.7
2046340570,13.4,1.5,27.4
1256778043,21.8,1.4,11.8
2722010505,18.8,0.3,20.5
745914466,17.0,0.7,6.0
3014536404,13.7,2.4,12.5
2056506966,20.2,0.2,3.0
913177897,12.2,0.3,32.2
3126206649,12.2,0.4,23.1
1951060645,14.0,0.0,17.8
434095738,15.1,0.3,14.1
1345130753,14.7,0.1,18.0
1420255344,17.5,0.0,0.6
1481374020,20.0,0.0,23.1
870550774,20.1,0.0,9.9
1045914250,14.5,0.7,10.5
3928221046,16.9,0.0,7.7
1554970626,36.5,0.0,7.5
3118891577,21.5,0.0,12.7
3973491042,31.9,0.0,19.2
3644772908,29.1,0.0,15.6
1061734034,28.3,0.0,18.8
2397741050,37.2,0.0,13.0
2773928325,35.9,0.0,22.1
278002963,25.1,0.0,14.8
2818199238,30.5,0.0,15.0
3587922304,31.2,0.0,13.5
1201948580,26.6,0.0,12.3
1525688050,37.6,0.0,9.1
2433199308,29.7,0.0,6.4
2322311966,30.4,0.0,13.3
825182802,29.0,0.0,11.2
364544678,25.1,0.0,12.1
2116335275,35.6,0.0,15.2
783944614,23.4,0.0,7.4
3462488365,31.7,0.0,15.7
2678715341,33.0,0.0,6.4
2444869531,33.3,0.0,6.4
2194785950,35.3,0.0,9.7
2845913904,31.6,0.0,10.2
3237717828,30.6,0.0,13.2
4258544142,32.3,0.0,17.8
4074726664,33.3,0.0,13.4
454497492,30.0,0.0,20.1
846105429,30.0,0.0,20.1
1651550905,26.7,0.0,13.0
2621082685,30.0,0.0,12.3
4153385630,21.5,0.1,15.9
3608014118,31.5,0.0,8.2
3025184789,26.6,0.0,12.3
76173704,21.2,0.1,8.8
3457846625,30.5,0.0,12.4
4071375002,28.6,0.0,16.8
1659621260,31.7,0.0,9.8
112899750,30.1,0.0,13.8
1977062234,29.6,0.0,16.1
4225640790,26.3,0.0,20.1
613853001,26.0,0.0,18.4
1729508968,32.3,0.0,9.3
2585147272,26.7,0.0,20.2
3430316997,25.8,0.0,13.2
1951557349,32.3,0.0,9.3
3306785080,33.6,0.0,7.4
4158635420,31.7,0.0,13.8
1000535639,34.0,0.0,7.3
943194606,36.5,0.0,7.1
3456804427,34.3,0.0,13.5
736827970,23.7,0.0,7.4
2688184653,25.4,0.0,18.4
1327923903,24.8,0.0,18.6
2075795143,26.6,0.0,15.2
2935847275,21.5,0.0,13.3
2825713339,24.2,0.0,2.1
3381610913,24.6,0.0,5.9
312666508,33.9,0.0,13.4
888929506,21.8,0.0,11.8
4023220105,27.9,0.1,8.2
3976931635,16.9,0.4,13.3
3054174043,27.4,0.0,21.5
4259191348,22.3,0.0,7.3
3446503466,27.9,0.0,12.8
220582095,24.2,0.0,13.1
3929232460,25.0,0.0,20.8
3145317617,24.7,0.0,7.3
2226081748,25.1,0.0,5.2
1181661479,26.5,0.0,7.1
1936963044,22.9,0.0,9.3
3963285984,24.0,0.0,7.2
975574202,28.7,0.0,14.9
2049185350,25.0,0.0,7.4
2844359734,30.4,0.0,11.9
1134805323,25.2,0.0,6.4
647751829,24.4,0.0,14.5
4028097221,26.6,0.4,9.2
2118250638,26.8,0.0,7.3
2807532558,20.7,0.1,5.4
3615204221,24.1,0.8,9.9
3063246007,25.3,0.0,8.2
1309565201,25.0,0.0,21.1
3097162185,25.1,0.0,10.9
3856626857,24.6,0.0,11.3
1802009099,27.1,0.0,5.9
42628686,18.5,1.8,20.8
1089632832,23.9,0.0,8.9
1575046739,23.8,0.0,11.1
1795789027,31.3,0.0,11.3
2428754479,23.8,0.0,1.3
2100545620,30.6,0.0,20.4
1299462276,27.6,0.0,7.5
1832352336,27.2,0.0,6.6
640046736,24.4,0.0,23.0
2181181610,21.9,0.0,30.3
655119382,29.3,0.0,13.4
654855200,27.2,0.0,10.0
300058272,23.4,0.0,10.0
4156875762,20.5,0.2,26.8
1881828653,22.8,0.2,8.9
1109608342,20.7,0.0,18.6
2201766489,18.4,0.0,24.5
3710429126,25.1,0.0,7.3
3103451651,20.7,0.0,18.6
3973202609,24.6,0.0,11.2
2262320292,21.7,0.9,9.7
943011009,25.6,0.0,17.5
4182537865,26.8,0.0,11.2
1875971062,24.6,0.0,11.2
313370270,18.6,0.0,16.9
2671469869,28.6,0.0,7.5
64800306,24.6,0.0,11.6
236326654,27.4,0.0,22.4
739035302,27.9,0.0,6.9
2808108333,22.7,0.0,8.4
1757665807,19.8,0.0,10.1
2990951773,19.0,0.0,4.2
876361102,16.8,0.4,11.1
2626611944,17.7,0.0,7.1
1177882024,23.5,0.0,9.2
3009410555,16.3,0.0,4.7
1814739534,15.0,0.0,3.0
1945779873,12.5,0.0,2.3
3017115103,16.7,0.0,7.0
2381162206,19.7,0.0,8.2
875048018,17.6,0.0,6.4
874202403,20.8,0.0,5.2
3204171127,21.5,0.0,3.1
1572342517,21.9,0.0,4.3
3443995091,16.7,0.0,6.1
1433274709,23.6,0.0,8.6
1447987685,21.2,0.0,12.8
2050666566,16.1,0.0,16.8
2686575107,22.9,0.0,9.5
2334556133,19.7,0.1,11.1
3557575546,23.2,0.0,14.5
3223740679,24.2,0.0,14.2
3539280367,16.1,0.0,4.2
149496487,21.1,0.0,6.2
3897363343,16.1,0.0,4.2
716326081,14.0,0.0,5.1
4194424070,14.5,0.0,3.8
1169246362,11.2,0.0,20.7
4185213100,13.5,0.0,18.4
3437987218,17.5,0.0,3.2
2437557798,16.6,0.2,31.4
3135731132,12.6,0.0,28.5
2003413523,18.6,0.0,12.2
3858302694,18.5,0.0,11.3
518410431,19.3,0.0,6.4
3368228623,16.5,0.0,9.2
2591208298,15.6,0.0,5.9
736842205,14.1,0.0,3.8
3356301435,16.4,0.0,17.7
2971874917,13.8,0.0,13.7
3646823646,20.2,0.0,25.1
3209730398,13.3,1.2,26.6
286410996,17.6,0.2,24.5
1528674996,13.3,1.2,26.6
2610290124,11.6,0.1,16.8
188145397,14.1,0.0,9.4
1389535144,8.6,0.0,8.7
1443364802,17.6,0.0,8.2
2258635182,10.6,0.0,11.2
2577038373,17.2,0.0,24.2
1247061565,9.4,0.0,17.3
2232169132,17.4,0.0,8.6
4289931287,15.5,0.0,20.3
3699912691,12.1,0.0,4.6
12563183,9.5,0.0,13.5
2578279942,11.0,0.0,20.7
3706252930,9.5,0.0,13.5
1786343812,15.4,0.1,5.0
2259153863,13.1,0.0,2.5
137924130,11.7,0.0,3.3
1291844909,11.7,0.0,2.9
239042251,7.8,0.1,14.9
4016213026,11.7,0.0,2.1
1991416389,15.3,0.0,17.7
3016637688,11.4,0.0,22.6
1343101308,7.5,0.0,28.1
2243360892,11.9,0.0,16.6
3866457021,9.1,0.0,22.5
3981922689,4.9,0.0,21.7
4252191868,3.5,0.0,17.0
121843681,11.1,0.0,4.3
1768126531,6.1,0.0,17.0
1194807993,12.8,0.0,9.8
2760960255,15.2,0.0,5.1
1943218158,11.1,0.0,1.9
4117666319,11.5,0.0,6.6
3116886337,21.5,0.0,5.2
1645715229,20.7,0.0,10.0
678643524,13.8,0.0,4.1
3790932691,17.4,0.0,11.1
1828531652,15.5,0.0,15.3
3207239712,16.9,0.0,4.3
374212417,10.1,0.1,15.2
3057608386,16.1,0.0,10.9
819865266,10.0,0.0,20.9
791265279,15.2,0.0,36.1
3577825554,15.3,0.0,23.5
3145577170,17.7,0.0,18.7
2969509239,12.5,0.0,16.1
2129183604,11.3,0.0,10.7
1415042330,15.5,0.0,16.4
4239317541,9.6,0.0,13.0
3614788108,13.4,0.0,9.2
3610768789,13.4,0.0,10.7
1489501827,12.5,0.0,8.0
3545832203,18.3,0.0,1.3
3249040988,19.5,0.0,1.1
3060383374,22.1,0.0,1.1
19808349,17.3,0.0,7.3
1054210654,13.6,0.0,5.7
2313058805,17.6,0.0,10.7
3932293238,17.9,0.0,9.5
3745612309,17.9,0.0,9.5
2111764666,17.1,0.0,10.5
2566355765,18.0,0.0,10.3
1556618171,14.0,0.0,9.7
2176541538,12.5,0.0,10.1
254007031,12.9,0.0,15.9
1690009168,9.2,0.2,9.1
3372103832,16.0,0.0,4.1
668074929,8.3,0.0,20.5
3010382284,14.3,0.0,6.6
2650200734,15.2,0.0,12.3
1641857586,15.7,0.0,9.4
3445745416,9.6,0.0,20.7
647131852,8.2,0.0,3.3
296038008,11.5,0.0,2.2
2712077352,15.4,0.0,13.6
1449282676,14.0,0.3,6.4
2220855028,11.3,0.0,2.9
47831826,5.5,0.0,3.2
1060799754,15.1,0.0,21.1
2858321219,9.8,0.0,4.8
2007531895,16.0,0.3,7.9
1655077722,8.7,0.0,7.2
3603701536,19.2,0.0,6.5
603502380,20.4,0.0,19.1
255469004,28.7,0.0,17.5
4141409433,14.9,1.2,16.9
3990466032,26.8,0.0,32.4
2747445059,21.2,0.0,15.9
3623017393,23.6,0.0,7.4
969120186,27.4,0.0,18.2
2461389154,22.6,0.0,10.0
2211438711,21.9,0.0,29.0
132951068,13.2,0.0,27.5
1949844926,18.5,0.0,8.2
2400360182,14.4,0.0,13.9
3724216349,16.0,0.0,13.8
828836173,14.4,0.0,13.9
364171563,22.5,0.0,12.8
1857081763,12.7,0.0,14.6
1437127939,13.8,0.1,14.8
4291226530,17.7,0.0,10.2
1041357580,17.1,0.0,14.9
864692451,25.9,0.0,14.5
3183647296,16.4,0.0,14.7
1711943207,11.9,0.4,16.6
2818585800,20.9,0.0,19.5
3241882895,26.3,0.0,12.3
3650944495,18.0,0.0,1.0
786602924,17.3,0.0,14.1
1594503767,21.9,0.0,12.8
1126722874,17.3,0.0,14.1
1740160,19.8,0.0,15.9
2997246147,27.7,0.0,4.8
2307606439,21.7,0.0,13.4
2803870444,17.1,0.0,21.3
1903393451,19.2,0.0,10.0
3703886064,25.3,0.0,4.3
697034185,25.2,0.0,15.0
477088350,29.2,0.0,2.5
511411632,19.9,0.0,13.4
839367821,26.7,0.0,10.6
3615196653,18.6,0.0,13.4
3780904576,18.4,0.0,25.4
1108693315,24.0,0.0,14.1
99553714,13.5,0.9,17.1
3862910489,27.7,0.0,9.9
1360175636,27.0,0.0,13.6
229495129,21.4,0.0,22.6
7689269,22.5,0.0,11.9
3804450062,22.3,0.0,10.4
1187770089,20.3,0.0,19.0
453329197,26.8,0.0,7.7
1235042123,19.5,0.0,21.0
1783838941,14.6,0.1,9.0
551260572,24.1,0.0,19.4
502348162,17.1,0.0,5.4
3300826145,15.6,0.0,14.8
3982620404,19.9,0.0,12.6
895089916,28.5,0.0,11.9
2216866992,20.3,0.0,24.3
2772506227,22.7,0.0,11.8
457721274,26.8,0.0,4.8
882099763,28.4,0.0,11.6
3276328583,22.0,0.0,9.5
1354346077,32.1,0.0,5.1
2835712467,28.4,0.0,15.3
850708548,28.3,0.0,16.6
1180828187,20.1,0.0,8.2
1416532972,28.4,0.0,15.3
2485132880,21.0,0.0,15.1
2099055213,21.8,0.0,11.2
1249967282,24.3,0.0,7.5
660266821,27.9,0.0,12.1
3476257828,37.1,0.0,14.8
2396678321,24.7,0.0,8.2
112598291,21.2,0.0,14.8
2809435144,23.6,0.0,15.9
315277563,25.0,0.0,16.1
3219006921,19.5,0.3,8.8
2335913263,21.2,0.0,11.5
3913491335,21.7,0.2,8.8
3244098292,30.6,0.0,3.1
2259246802,26.2,0.0,13.0
2836746937,21.1,0.0,23.4
2089289193,19.8,0.0,11.4
3570457897,23.3,0.0,20.9
1020843172,28.0,0.0,8.2
2801651749,28.4,0.0,8.6
1751841830,23.9,0.0,24.3
834745866,28.2,0.0,5.8
44267336,23.1,0.0,12.2
3285501272,24.3,0.0,22.2
3606639113,21.0,0.0,0.0
3076419344,15.2,0.2,17.8
3629233791,13.2,0.1,24.3
3901666399,19.1,0.6,14.6
2167361481,20.3,0.0,12.6
81309782,22.0,0.0,17.2
4278195006,23.4,0.1,8.2
411169168,18.0,0.0,11.5
4269692306,18.0,0.0,17.3
1272944121,31.9,0.0,5.7
4240361699,22.3,0.0,16.8
2596424599,22.8,0.0,20.3
889579932,16.8,0.7,13.0
912620017,19.6,0.0,2.2
4078339255,18.5,0.0,7.0
1892828679,20.2,0.1,5.7
3799625,19.5,0.6,17.3
474127592,19.5,0.6,17.3
985610748,21.9,0.0,16.6
408191816,18.3,0.4,5.8
386080980,26.4,0.0,11.8
1226163067,16.0,0.4,14.0
2945485592,20.9,0.3,23.7
2679831679,18.4,0.7,3.3
408727428,21.5,0.0,13.7
1076855746,25.0,0.0,15.5
979127767,23.8,0.0,1.1
819741291,21.7,0.4,9.5
331528694,22.2,0.4,14.0
2780512119,17.3,0.0,23.1
2036422437,21.3,0.0,6.9
4150264923,22.5,0.0,11.2
1192628614,22.7,0.0,0.4
3369691965,16.8,0.7,2.2
71535818,24.4,0.0,19.5
463812941,21.9,0.0,20.2
4233784155,17.0,0.2,3.3
3545044313,27.2,0.0,16.1
265461655,21.0,0.0,9.5
2204190076,16.8,0.7,2.2
802984369,23.3,3.9,9.7
3657921526,19.8,0.1,5.9
2110017233,24.0,0.0,4.9
3866849273,24.0,0.1,5.8
3538907035,24.7,0.0,9.4
1332801940,29.9,0.0,7.3
590932852,21.7,0.0,13.9
3921533361,23.3,0.9,15.0
2721345339,22.6,0.1,10.5
3738845788,23.9,0.0,0.7
1763437415,33.5,0.0,16.7
2504993403,41.7,0.0,2.6
1007515975,25.0,0.0,10.7
3032283814,31.5,0.0,15.0
2425443250,24.2,0.1,15.0
2539126088,26.5,0.0,16.9
2777209722,30.4,0.0,14.6
830601425,36.2,0.0,14.4
2298275567,26.6,0.0,13.1
1699534571,33.6,0.0,15.0
1042591061,31.7,0.0,12.3
1676562537,30.4,0.0,17.8
729858780,27.7,0.0,12.9
3362088513,33.9,0.0,9.8
4287564208,33.4,0.0,6.4
1868942605,36.5,0.0,15.2
2030994672,33.6,0.0,16.8
3787127595,40.9,0.0,2.2
3687911523,34.8,0.0,2.2
2054981566,38.8,0.0,12.1
1945835653,28.7,0.0,20.9
3423502557,24.9,0.0,15.8
2827336219,34.0,0.0,21.9
392659803,38.2,0.0,15.2
397801598,39.9,0.0,17.2
3194596964,28.9,0.0,19.9
1576423042,28.4,0.0,23.5
4111619556,18.4,0.8,18.4
568587851,26.0,0.0,3.2
1386455197,25.8,0.0,2.0
3596620017,25.7,0.0,22.5
2872298574,30.8,0.0,14.0
1474409396,20.0,1.2,6.9
998883181,21.4,2.5,11.3
154672083,18.7,0.4,11.0
2534454253,27.4,0.0,15.3
2890517192,26.1,0.0,20.4
3254528657,28.7,0.0,35.2
2928208957,21.5,0.0,4.3
4047779535,23.8,0.0,9.9
2089135579,27.7,0.0,14.1
658495678,25.9,0.0,11.3
4046708500,22.3,1.2,22.9
4260090032,26.5,0.0,15.7
3368952485,17.2,2.8,14.5
1760086237,27.3,0.0,11.4
1948723065,24.9,0.0,17.5
1450559459,17.1,0.6,15.6
3308896692,25.1,0.0,13.4
3543574392,16.9,0.0,17.0
804530073,21.5,0.1,7.6
1419593497,18.5,0.0,9.9
2542962765,22.7,0.2,18.4
1671288705,27.9,0.0,19.2
3030337246,28.0,0.0,1.1
442365160,24.0,0.0,1.8
2581565244,31.2,0.0,7.1
2248500434,25.4,0.0,17.3
1224503386,24.0,0.0,1.8
817604023,30.0,0.0,2.9
4146446572,25.7,0.0,6.2
2227246455,25.4,0.0,21.7
3404526247,26.3,0.0,5.1
2684819322,26.3,0.0,14.0
1287490630,29.4,0.0,8.2
2847830649,26.3,0.0,14.7
1246868974,24.0,0.0,17.2
1580197609,30.9,0.0,11.1
4138282390,26.6,0.0,8.5
2203317944,26.8,0.0,12.8
2084035788,28.9,0.0,4.1
3622467571,28.9,0.0,4.4
2896831690,31.3,0.0,4.4
1169850456,28.0,0.0,7.5
1279377062,29.6,0.0,13.4
2638891179,31.5,0.0,8.3
3261511523,29.8,0.0,3.5
3907398490,35.6,0.0,5.1
4124151653,29.0,0.0,8.4
647984941,26.5,0.0,5.8
1064053554,31.3,0.0,22.3
2464653311,28.6,0.0,4.8
164351092,27.2,0.0,6.6
1391455197,35.7,0.0,1.8
2882281022,26.4,0.0,11.8
1834218774,28.8,0.0,1.8
4274666299,28.9,0.0,6.9
1640534429,28.1,0.0,4.1
3049353128,31.0,0.0,9.4
2565129310,14.7,0.4,13.0
1090979233,19.0,0.0,12.6
140205227,15.7,0.0,7.1
715111310,20.5,0.0,2.3
3642728747,16.4,0.1,12.7
1022833998,23.3,0.0,15.3
2396430927,19.8,0.0,5.9
4290021955,20.8,0.0,11.3
3639922164,20.4,0.0,4.8
2830374081,26.0,0.0,16.2
3416305124,22.3,0.0,26.7
932145615,21.9,0.0,11.6
2858701588,23.3,0.0,22.7
1893723454,22.0,0.0,21.3
1845326818,21.0,0.0,16.3
2030424009,21.8,0.0,20.8
2617442828,16.2,0.0,25.6
3577600568,18.9,3.1,1.8
2384306123,16.2,0.0,25.6
4146042999,16.0,0.2,12.3
2723593144,22.5,0.8,17.1
597564269,14.7,0.3,24.5
2939367842,20.9,0.0,29.0
4132753131,16.4,0.0,41.1
2290124838,14.0,9.7,7.8
3729265586,13.9,0.0,31.1
824743221,23.0,0.0,26.0
2794575287,22.7,0.0,16.6
3932209249,13.5,0.1,21.3
2128006647,12.4,0.0,14.8
119316854,13.6,0.6,6.1
3237266220,17.6,0.0,24.0
4160019189,22.5,0.0,8.6
2849525122,19.7,0.0,5.8
1135741158,14.7,0.1,8.0
3459582171,17.6,0.0,24.0
2187223680,21.2,0.0,10.0
1517635643,21.4,0.0,4.7
2668178843,18.7,0.0,17.1
644968707,9.9,0.0,15.6
2005030607,15.2,0.0,3.1
470103796,18.5,0.0,10.8
3015672149,15.1,0.0,2.1
514572109,15.2,0.0,3.1
3129018178,17.3,0.0,10.4
2083204655,12.8,0.0,3.6
4082965326,18.6,0.0,9.4
3494061022,16.3,0.0,1.1
1941391622,13.6,0.0,2.1
1281969496,19.4,0.1,18.5
1422315423,22.5,2.7,7.6
573701499,10.8,0.0,13.5
303303407,9.7,0.8,11.2
2876929869,10.5,0.0,5.0
4008014041,7.6,0.1,12.4
3770831109,14.6,0.0,11.4
3718394524,16.2,0.0,11.2
3148182131,14.6,0.0,8.2
2075798426,13.4,0.0,8.0
3662673296,12.4,0.9,16.1
3013938189,12.0,0.0,22.1
1718146786,15.4,0.0,31.4
2608141117,17.3,0.0,5.8
4024893675,20.3,0.0,7.2
3985034153,16.6,0.0,15.1
3752833629,12.4,0.1,10.5
1707994324,20.0,0.0,16.0
2924446223,18.4,0.0,5.2
3096439874,22.4,0.0,3.7
961942087,12.9,0.0,7.1
3458476063,10.2,0.0,13.4
1905124004,14.9,0.0,2.2
3823520109,11.9,0.0,8.5
89786440,16.7,0.0,17.1
1964901187,15.5,0.0,8.8
339955998,17.8,0.0,11.5
909432417,14.7,0.0,0.4
2612277790,20.0,0.0,22.8
1689971115,9.9,0.0,4.5
72040386,15.1,0.0,3.8
494213511,9.9,0.0,4.7
871513730,9.9,0.0,4.7
331166594,11.1,0.0,6.2
876816106,12.6,0.0,9.1
3691502505,10.1,1.0,15.7
2519431411,17.7,0.0,12.2
4156139399,14.3,0.0,15.9
428802940,15.8,0.0,17.4
3051681151,9.4,0.1,11.8
3261419705,15.5,0.0,15.4
2112774849,11.7,0.0,4.9
1535516768,7.5,0.0,4.7
1860022944,15.4,0.0,34.1
1028127326,18.6,0.0,20.0
892282009,17.0,0.0,6.2
3355564321,14.9,0.0,12.3
2581223909,12.3,0.1,14.2
1788735113,15.0,0.0,1.8
945628935,10.5,0.0,12.6
2241324282,15.9,0.2,12.1
2388297830,22.3,0.0,8.1
1259706210,16.8,0.0,9.2
3942278453,28.7,0.0,23.7
4021104993,14.3,0.0,16.3
387906169,15.3,0.0,17.0
2715463173,14.5,0.0,7.0
1886879789,19.8,0.0,9.0
2730292333,18.4,0.0,18.0
780737884,2.2,0.0,22.2
1550000247,9.1,0.0,5.8
1151058803,13.2,0.0,6.6
1680106972,13.4,0.0,3.7
3580403674,11.9,0.0,8.3
3091863711,7.6,0.0,6.0
2761355325,10.6,0.0,3.1
3675356417,16.9,0.0,15.0
3982748892,13.3,0.0,6.8
1366972524,13.7,0.0,5.6
1855677745,23.9,0.0,4.3
3689411919,19.7,0.0,2.9
2853738173,25.6,0.0,23.2
1849275769,16.5,0.0,8.8
2257597546,21.0,0.0,3.7
64849381,18.2,0.0,18.1
3296194790,18.9,0.0,5.6
2012088447,18.2,0.0,5.0
2072725054,15.0,0.0,2.2
2411469206,14.3,0.0,2.5
595760677,15.1,0.0,12.4
1693742240,8.8,0.0,2.5
3408390289,15.7,0.0,6.5
3739823771,12.6,0.1,3.9
350460285,18.1,0.0,7.7
3481027188,15.2,0.0,6.3
1193756599,13.0,0.0,7.4
1051952304,21.3,0.0,10.0
820774619,18.9,0.0,8.4
1437798087,12.5,0.0,2.9
2343769326,17.4,0.0,4.4
3671401349,14.8,0.0,1.3
1486348173,13.9,0.0,2.6
4268425496,16.6,5.6,38.2
3895372201,7.9,0.1,16.4
2219631206,10.0,2.4,18.5
3948259087,10.6,0.1,22.7
2194157839,21.4,0.0,27.0
3188020412,8.9,0.0,20.3
1871754265,14.3,0.0,25.6
2370536190,11.4,2.1,9.2
2090106399,15.5,0.0,24.3
1212832957,23.6,0.0,9.2
4101551909,13.6,0.1,2.1
1606916662,15.1,0.0,4.3
1247013576,11.8,0.0,19.2
1854029306,18.0,0.0,2.8
486663617,18.8,0.0,6.1
3014830239,15.0,0.0,1.5
3812677276,15.9,0.0,7.8
4048694813,18.6,0.0,7.4
3256399552,19.3,0.0,8.2
1678378266,14.4,0.0,11.3
1617270301,9.3,0.3,16.3
3171670464,14.0,0.0,12.6
1459641781,6.3,0.3,17.1
3734871649,18.5,0.0,10.7
3516085282,17.3,0.1,27.9
4139791489,18.8,0.0,28.7
931698681,19.8,0.1,15.9
1123575538,13.4,0.0,37.5
485526423,14.5,0.1,11.3
171318773,12.3,0.5,20.9
2183391826,17.1,0.1,21.6
9736208,8.2,0.3,33.1
2494414553,8.4,0.2,31.7
2774994771,18.9,0.0,34.8
2570028080,16.6,0.0,19.3
3532809434,8.7,0.3,22.7
163637466,12.8,0.1,28.8
3839152284,8.3,0.5,14.3
475574974,10.4,0.0,11.8
110001637,14.6,0.2,14.4
3846093590,10.0,1.5,19.2
1926964245,12.3,1.2,27.7
1494386615,6.9,2.1,11.9
1882820533,11.5,2.1,33.7
439375541,10.5,0.1,28.1
2994417536,21.1,0.0,18.6
222498948,10.8,0.1,22.1
3475574493,17.2,0.0,23.6
4210390197,17.1,0.0,13.8
3378765009,18.2,0.0,9.4
132730020,20.5,0.0,11.5
3406308106,17.3,0.0,8.8
3968664441,17.3,0.0,8.9
3706454169,22.1,0.0,11.3
4274641879,25.3,0.0,4.1
45296866,25.0,0.0,10.5
3298232739,23.8,0.0,10.9
3105033046,20.3,0.0,4.0
2433747587,20.3,0.0,4.0
495069274,13.9,0.2,20.6
2407583328,11.6,0.1,17.4
1509890296,14.4,0.4,18.3
3890427061,16.3,0.0,18.2
42723480,15.2,0.0,19.7
380827220,12.5,0.1,21.7
1925600177,16.0,0.0,27.7
1490005645,6.1,2.9,7.3
1784668426,8.2,0.1,21.4
1636928957,21.3,0.0,14.5
1845097500,22.4,0.0,8.8
2099850698,24.9,0.0,13.0
1472798193,25.4,0.0,4.0
2850183762,25.4,0.0,4.0
1883205842,27.4,0.0,5.1
591084822,24.5,0.0,18.9
2883524949,27.3,0.0,8.8
4113462958,22.6,0.0,11.5
773429897,25.9,0.0,8.7
83010699,22.4,0.0,8.4
1117087301,12.4,0.0,21.9
2343044815,20.7,0.0,5.8
910961523,24.7,0.0,5.5
1599152380,23.3,0.0,10.8
12908699,19.9,0.0,15.2
873942647,22.1,0.0,5.1
1775245511,22.1,0.0,3.4
3077149438,22.5,0.0,15.9
2013529583,12.1,0.0,18.9
1944238632,22.1,0.0,3.6
2571436697,24.8,0.0,5.5
780474154,14.8,0.4,3.5
3472149259,22.2,0.0,24.2
2163928071,21.0,0.0,30.2
44911620,14.0,0.1,22.5
982400546,12.9,0.0,27.0
1273775214,17.8,0.0,19.8
905553241,16.0,0.0,8.4
2467537936,20.9,0.0,8.6
3956967210,20.1,0.0,8.6
1243247529,14.6,4.1,18.8
443481628,17.0,0.0,6.4
1478728631,24.8,0.0,17.1
1503756150,21.9,0.0,20.7
2076291943,21.8,0.0,6.7
793440848,20.7,0.0,12.5
3809795920,20.8,0.3,16.4
2389869345,16.3,0.2,12.2
1742924060,27.8,0.0,22.0
481243361,25.1,0.0,13.5
1299411617,19.8,0.1,26.1
1571144133,23.9,0.0,8.3
1898409388,22.0,0.0,10.5
2169081239,24.0,0.3,14.0
4052957142,27.5,0.0,9.7
1406455821,22.7,0.0,16.1
3978215867,21.8,0.0,16.4
2295809420,27.3,0.0,7.6
2148966088,22.6,0.0,16.2
2237287480,29.3,0.0,5.0
2314077312,21.7,0.0,16.8
1348675440,13.9,0.0,8.9
2965385757,19.4,0.0,21.7
36989766,14.6,5.1,12.3
1634140439,23.4,0.0,15.5
374624510,18.3,0.0,17.6
2875315313,13.9,0.2,16.6
1988753481,18.5,0.0,16.2
2448538729,21.2,0.0,18.5
2779113177,24.1,0.0,24.1
348604969,14.8,0.1,3.6
2056282396,13.7,0.1,5.2
1243092897,15.1,0.1,10.0
1326088123,20.8,0.0,15.0
2028853570,19.5,0.0,12.8
1667226105,24.2,0.0,14.6
1509480726,19.6,0.0,20.5
1891212513,21.3,0.0,13.8
1679180697,21.1,0.3,9.6
2271379585,22.6,0.0,16.5
743337332,24.0,0.0,13.5
4126308248,17.8,0.0,12.1
4160076300,23.4,0.0,7.5
582702769,25.4,0.0,9.1
4053140395,22.3,0.0,10.5
4239131049,28.2,0.0,24.3
30612768,28.2,0.0,24.3
2654557430,28.9,0.0,18.3
3263752804,18.2,0.1,15.0
1023235207,23.0,0.0,18.8
2021208433,32.2,0.0,4.3
1202362632,23.4,0.0,11.9
1822865533,36.2,0.0,2.5
2864501462,34.7,0.0,14.4
3338091586,27.9,0.0,19.1
3820966493,26.5,0.0,16.6
2958158651,31.8,0.0,22.8
2809064336,20.7,0.0,10.4
1801970880,28.4,0.0,11.6
2932350706,29.6,0.0,4.3
2859586669,30.0,0.0,13.6
1379913441,25.1,0.0,14.1
1351361119,34.3,0.0,3.5
1019091044,29.1,0.2,14.4
1182510085,30.1,0.0,18.1
1968167091,30.1,0.0,18.1
3262064967,34.8,0.0,11.8
2502748753,33.1,0.0,5.9
2976152060,33.1,0.0,6.0
2607288405,18.7,0.0,18.8
4236431439,33.1,0.0,5.9
1515753928,29.1,0.0,13.2
4097716472,29.4,0.0,12.8
1392603652,34.4,0.0,15.3
3525602465,25.4,0.0,16.5
3713303249,32.0,0.0,5.1
3156782707,34.9,0.0,13.6
3240583750,23.5,0.0,10.6
4001150473,31.5,0.0,9.8
3520613743,25.4,0.0,17.5
2118337976,29.2,0.0,17.1
1354103199,24.9,0.0,4.3
2296405825,29.2,0.0,17.1
336117972,22.6,0.0,11.7
1451253387,29.6,0.0,16.3
4193597182,23.8,0.0,2.4
2623643155,24.3,0.0,1.9
2029742572,33.2,0.0,6.6
2686534724,28.1,0.0,9.8
2051750644,28.2,0.0,10.1
572256246,34.5,0.0,3.1
2310019824,23.0,0.8,5.2
2410463263,24.2,0.0,11.2
1586438101,33.8,0.0,8.7
2480788939,19.4,0.0,12.8
3294247930,31.2,0.0,1.1
3308399361,27.2,0.0,5.1
2407677611,24.5,0.0,15.8
2658498147,29.0,0.0,3.3
1997333253,29.6,0.0,16.6
3004723624,24.8,0.0,6.9
2655302670,29.7,0.0,8.9
1313862381,23.9,0.2,3.6
1636175748,21.6,0.0,11.2
3649041670,21.1,0.0,12.1
160259260,19.6,0.1,13.9
3797086172,22.2,0.1,10.3
4245042990,21.9,0.1,16.8
355547854,23.9,0.0,14.6
3026766995,19.5,0.3,12.7
12741245,23.8,2.6,14.1
1830407944,23.7,0.0,15.6
2663483068,28.2,0.0,10.5
34026422,27.1,0.0,8.4
1719348231,27.6,0.0,14.8
1757078609,21.5,0.0,17.4
1810797528,24.6,0.0,25.2
2910597204,24.0,0.1,14.8
2103915597,28.1,0.0,24.6
2060142462,25.6,0.0,10.0
1788724174,20.1,0.0,22.8
2000880244,16.7,0.0,21.7
1439492833,20.1,0.0,10.2
2585812947,19.9,0.0,10.3
1859620804,16.7,0.1,8.5
865451010,14.8,0.0,15.3
367093178,20.4,0.0,13.3
1907633994,25.6,0.0,15.6
4073137507,29.8,0.0,8.7
507461560,23.0,0.0,5.4
992530581,25.4,0.0,12.2
3253255814,24.2,0.0,7.9
893195723,22.5,0.0,8.5
2212250412,25.8,0.0,14.1
2058891555,26.6,0.0,7.8
2466594249,21.5,0.0,20.3
3606766987,26.0,0.0,13.4
1587150364,23.1,0.0,6.5
1305750253,20.8,0.0,23.9
315836355,29.4,0.0,7.0
2230507766,25.1,0.0,14.1
3315624534,14.8,0.0,14.1
3284057767,18.6,0.0,8.4
2088131546,18.1,0.1,5.0
3663507047,21.2,0.0,4.3
3792785901,18.6,0.8,22.9
2159109193,23.9,0.1,9.0
1884851413,19.0,0.0,4.1
826700808,25.1,0.0,10.2
2741414746,23.4,0.0,5.2
993317612,22.9,0.0,10.4
2712693015,20.2,0.2,12.8
2613561102,9.3,0.0,9.9
4067467477,12.7,0.0,14.4
1912882904,21.2,0.9,23.3
3810195998,12.7,0.0,14.4
1481125570,12.8,0.0,14.9
2364382117,12.7,0.0,15.5
2524595906,16.9,0.0,10.8
946351680,16.0,0.1,3.4
3216734910,23.8,0.0,7.7
3013515257,18.2,0.0,15.1
2971919879,19.2,0.0,3.1
1228704086,18.3,0.0,14.3
1343599709,17.9,0.1,10.5
1761104782,18.3,1.5,4.8
499310089,23.2,0.0,17.8
2425936731,22.7,0.0,14.8
1586839424,18.0,0.0,4.8
2027634320,15.1,0.0,6.8
1048926852,15.9,0.0,3.1
1095583665,21.2,0.0,9.5
2752281092,17.3,0.0,1.1
540481137,22.0,0.0,9.8
1149182236,18.8,0.0,11.5
3145744640,17.4,0.0,3.7
956049870,15.4,0.1,8.7
3075089759,17.6,0.0,7.2
2026684526,15.2,0.0,9.5
301600175,18.1,0.0,5.5
4185567337,15.6,0.1,9.8
650043553,17.2,0.0,22.1
1058553807,25.1,0.0,5.4
3047519329,20.5,0.0,19.4
1224252794,16.2,0.0,27.0
3131254463,18.4,0.0,10.6
820120184,15.7,0.0,6.5
1406366653,18.4,0.0,19.8
38266841,19.5,0.0,9.1
2325643611,16.9,0.0,3.7
451123770,16.1,0.0,16.0
893491297,16.9,0.0,3.7
1501352648,15.0,0.0,3.3
3054007752,17.5,0.0,6.9
3611459058,11.6,0.0,3.3
3782706721,11.6,0.0,3.3
2477049885,19.8,0.0,4.0
847998583,18.0,0.0,1.2
845220187,17.2,0.0,3.6
2382213857,13.9,0.0,3.5
3967314169,16.7,0.4,11.9
3050795636,21.7,0.0,10.2
3826885366,17.1,0.0,1.1
2615941351,21.7,0.0,15.3
4175256684,15.7,0.0,0.9
4068901591,10.5,0.0,21.7
755220565,8.4,0.8,27.7
2058590055,3.9,3.0,26.2
726742006,10.1,0.0,6.3
4074182806,8.3,0.0,17.3
3315077338,7.5,0.0,4.2
2587369774,12.8,0.0,8.1
1054853676,15.4,0.0,15.0
3882269577,14.3,0.0,10.7
2667929881,6.8,0.0,2.3
3408334710,9.0,0.0,1.6
2638204806,8.3,0.0,13.9
1382273136,12.1,0.0,8.8
2769262483,14.6,0.0,7.9
979123857,12.7,0.0,5.5
1861914801,13.9,0.0,5.4
1555618215,14.5,0.0,4.3
171601627,12.4,0.0,9.0
502138428,8.4,0.0,0.6
427595106,14.0,0.0,2.1
3676489981,11.5,0.0,12.1
470730322,12.4,0.0,8.6
3772595702,18.6,0.0,9.5
314338901,10.4,0.0,4.8
2942991980,18.6,0.2,14.9
4200233627,11.4,0.0,5.7
777999187,14.5,0.0,12.4
2014311228,17.8,0.0,9.8
2456272327,11.2,0.0,7.3
3824391382,11.3,0.0,19.5
938832116,15.5,0.0,15.7
717148692,18.8,0.0,8.0
2133478794,17.0,0.0,3.1
1364655247,20.0,0.0,9.5
337976262,13.4,0.0,2.9
1104128188,5.9,0.0,10.0
3487092967,13.5,0.0,15.8
1109621212,12.7,0.0,6.3
3192951453,8.5,0.0,3.7
2814598988,13.8,0.0,8.4
4077945485,7.8,0.0,1.6
704483218,8.7,3.0,20.4
612427534,6.8,0.0,1.6
1457955611,8.6,0.0,6.6
2905227611,14.5,0.0,1.9
1128014431,11.7,0.0,7.5
2405595411,20.3,0.0,13.3
3739301115,17.8,0.0,14.4
2362752656,10.3,0.1,13.1
2763617977,15.2,0.1,12.8
1412159962,10.5,0.1,23.0
1146888781,10.2,0.0,10.3
4058022397,13.4,0.1,30.0
2911564428,15.9,0.0,20.4
1263985906,17.2,0.0,14.2
1651649913,13.6,0.0,31.3
884319693,8.6,0.0,2.5
934970560,10.8,0.0,3.7
2278290838,11.9,0.0,11.4
2680195510,10.8,0.0,5.0
3144379102,9.7,0.3,6.3
169448094,14.2,0.0,1.1
1577050672,14.1,0.0,5.1
884324708,8.1,0.0,2.8
3925574469,13.5,0.0,1.9
1342559675,16.6,0.0,16.6
1645303325,6.2,1.2,4.3
1102866264,11.2,0.0,5.5
2465938871,11.0,0.0,12.6
3517925373,18.5,0.0,14.9
1218085175,10.4,0.0,4.9
2325151775,13.9,0.0,19.8
3310680481,16.4,0.0,6.9
1719781682,12.7,0.7,16.9
123901437,16.0,0.0,8.9
4126164517,15.1,0.0,10.2
1581576305,15.8,0.0,3.2
4030208905,13.9,0.0,4.0
2494057061,15.3,0.0,12.5
2810018885,13.7,0.0,0.4
1422817360,17.5,0.0,11.2
1278709742,15.0,0.0,7.2
694739779,16.1,0.0,8.4
323911733,17.1,0.0,4.5
189149043,18.0,0.0,5.9
182908312,14.5,0.0,8.4
2317199721,13.3,5.8,25.4
3192218107,11.9,0.0,6.7
2888898198,12.5,0.1,2.5
3411416907,19.7,0.0,4.5
2017775668,20.0,0.0,11.2
3732775744,18.3,0.0,10.1
1068948321,13.4,0.0,3.9
4003543598,13.5,0.0,3.0
2085891310,17.0,0.0,5.1
2448398288,17.5,0.0,2.2
3125531636,13.6,0.0,10.6
2976648982,12.1,0.0,18.6
670868215,7.4,0.2,13.5
859876880,16.9,0.0,1.5
2812343643,7.4,0.2,13.5
410584806,3.2,0.9,13.0
2573411903,14.8,0.0,26.7
362655117,16.8,0.3,17.4
3873466976,6.8,0.0,5.1
735879800,11.5,1.3,17.5
2530647694,13.1,0.0,30.5
613160571,15.6,0.2,16.9
32434533,9.9,0.1,14.7
2479408518,9.9,0.1,12.5
1889018266,17.2,0.0,17.1
1592922907,13.2,0.2,15.8
2201481499,16.9,0.0,12.2
88699862,13.4,0.0,3.5
542966205,19.3,0.0,22.8
1632372460,6.4,0.0,1.9
2220402267,12.6,0.2,13.7
318786358,13.1,0.0,17.1
255988839,9.6,0.2,10.6
2801773975,6.3,1.5,18.6
3743671429,16.3,0.3,17.3
1620372300,7.9,0.1,4.7
825389541,7.8,1.1,17.1
40073380,7.8,1.1,17.1
1582482899,14.9,0.1,10.9
34649871,12.1,0.1,20.2
1333943067,16.3,0.0,15.8
2215109009,9.3,0.0,24.9
802560916,16.0,0.0,4.6
2482643717,16.1,0.0,10.1
1971483389,18.6,0.0,12.8
2181191470,14.5,0.0,13.2
2322637807,20.6,0.0,6.4
3918758884,19.4,0.0,16.3
452940066,25.4,0.0,6.0
2703935421,15.1,0.8,21.2
3241581298,18.5,0.0,10.2
1456278374,14.5,0.1,7.8
1475185950,20.2,0.0,9.0
2898575189,17.0,0.0,13.6
1898992450,21.2,0.0,8.2
3141545592,19.9,0.0,5.9
2383378889,15.9,0.0,3.6
198135705,23.4,0.0,11.2
4165851305,19.7,0.0,2.7
4224169525,18.3,0.2,16.3
1669222187,19.2,0.0,13.3
3729287850,16.8,0.2,4.9
3298781594,15.6,1.6,12.9
3809219730,16.5,0.3,5.5
4252392638,15.4,0.2,15.5
347167446,11.9,0.1,14.2
1764040292,21.4,0.4,7.3
130594003,13.8,0.3,9.9
2550607372,15.5,0.0,17.7
3549926289,18.2,0.0,10.2
210175173,11.3,0.2,17.1
1054404509,18.7,0.0,17.8
2471224175,20.5,0.0,16.9
3068428578,19.8,0.2,21.5
2005875287,12.3,0.0,12.2
3715489808,18.6,0.0,7.4
3901432258,18.3,0.1,17.3
1835630189,13.2,0.0,15.3
3056660010,18.9,0.0,3.7
410598874,15.8,10.5,11.9
2409535498,19.8,0.0,13.4
241446991,19.3,0.0,18.8
765658038,20.9,0.0,13.1
2966831166,16.3,0.0,12.2
1967593322,18.9,0.0,4.2
3359735478,22.6,0.0,2.3
2295557882,16.5,0.0,13.1
127255756,22.9,0.0,2.4
1033989333,29.2,0.0,5.9
1433600746,21.9,0.0,13.2
2556476095,17.2,0.0,5.2
1543635483,19.1,0.0,7.5
4078526653,23.6,0.0,13.2
484649286,21.1,0.0,13.9
3111610086,17.5,0.1,13.0
1995125820,15.9,0.1,16.4
1087159878,18.6,0.1,22.0
1745639130,19.5,0.0,9.3
488309545,18.8,0.1,9.3
3476121909,16.7,1.9,1.6
1825436368,23.4,0.6,14.1
2467399461,20.5,0.1,12.5
972100116,15.2,0.2,14.0
124481387,19.9,0.2,12.7
1571764091,22.7,0.2,17.1
3806735723,16.5,0.1,19.0
2552547165,16.1,0.0,11.9
480527710,19.5,0.2,15.3
811109422,16.6,1.2,12.4
3568046146,22.8,0.0,9.2
566474634,15.6,0.0,9.9
3034710773,18.6,0.1,5.2
2434245557,24.0,0.0,7.2
172610180,13.8,1.3,7.0
1369061801,21.8,0.1,10.9
2656635553,19.8,0.0,2.0
1440952403,18.5,0.0,11.6
3363376758,14.7,0.4,27.8
3716864927,21.5,0.1,5.4
2589551209,18.4,0.0,12.2
530497973,26.5,0.0,11.4
2642843906,23.4,0.0,19.2
2212597315,19.6,0.0,19.4
1626743174,22.2,0.1,15.1
2094038525,26.6,0.0,10.2
2784260771,24.1,0.0,8.0
2923141735,28.2,0.0,17.6
2720830,26.4,0.0,4.4
1879218642,24.7,0.0,14.0
3387030097,25.1,0.0,17.9
3484295438,24.6,1.1,12.0
2944355654,25.2,0.0,2.1
4038956407,21.7,0.0,16.6
3344627783,24.5,0.0,2.4
282043496,18.1,0.0,5.5
2827863221,24.6,0.0,2.3
3407473967,25.2,0.0,2.1
2728458391,26.0,0.0,4.5
39566096,27.3,0.0,13.3
4007811517,20.6,0.0,10.4
2529647847,35.5,0.0,9.1
2041824959,37.2,0.0,12.6
1040229427,38.6,0.0,6.6
418240677,36.3,0.0,7.5
1067489942,36.9,0.0,15.0
3640427133,24.8,0.0,12.5
3103949550,28.6,0.0,15.3
3959039244,31.2,0.0,10.4
717245490,43.5,0.0,10.9
3789413730,32.3,0.0,10.0
4229819809,33.1,0.0,8.7
3212352800,28.4,0.3,9.9
676207524,31.6,0.0,6.3
2598734652,29.3,0.0,10.3
2545809333,31.5,0.0,6.2
1619076507,26.2,0.0,6.7
2027452605,31.6,0.0,14.1
387242046,25.6,0.0,7.7
3090708174,26.4,0.0,12.3
1283817617,33.3,0.0,3.4
4026872665,22.2,0.2,13.6
407706892,33.6,0.0,12.6
1197031356,32.8,0.0,6.0
1388534215,27.4,0.0,14.6
1262326265,25.9,0.0,6.0
3143779511,28.1,0.0,2.3
2188436596,30.4,0.0,10.7
71145806,19.7,0.0,15.2
482003993,33.6,0.0,11.6
4073843726,28.1,0.0,13.1
2121056012,27.4,0.0,17.8
4093151267,35.9,0.0,5.9
2391951255,29.5,0.0,11.2
58766356,21.3,0.0,8.1
2142330217,23.4,0.0,5.3
149748546,29.2,0.0,9.3
2296461899,23.2,0.1,12.5
2877236994,28.1,0.0,11.9
2484342806,27.5,0.0,6.0
1396668013,23.8,0.0,11.8
2942968008,27.4,0.0,14.4
944087086,34.1,0.0,2.5
2609008800,28.0,0.0,15.8
1663175393,30.5,0.0,6.6
1537531856,29.7,0.0,13.1
1450089611,28.8,0.0,12.7
3577282918,28.2,0.0,11.6
3461665173,25.1,0.0,15.5
1006735868,29.0,0.0,11.0
3374085648,30.4,1.1,9.8
2580824342,23.0,0.0,6.6
3801741017,16.1,0.0,8.8
2599835721,21.6,0.0,10.1
3396767365,24.9,0.1,12.1
3569501874,29.0,0.0,11.6
3269648244,19.7,0.0,1.3
1488593768,19.7,0.0,2.1
2660564320,15.7,0.0,7.8
4255526192,16.6,0.0,13.1
2048216781,18.2,0.0,11.5
801190919,18.9,0.2,10.6
3197762756,26.2,0.0,15.9
1631501495,25.8,0.0,16.0
3702350890,25.3,0.1,15.0
3792875005,26.1,0.0,12.4
4265006117,20.3,0.3,6.0
2173112119,27.5,0.0,9.2
3170667110,22.2,0.0,10.9
2873219191,23.8,0.1,21.9
2904316928,22.1,0.4,19.2
1227562207,21.7,0.0,8.8
265528427,14.4,0.8,5.6
2873395844,27.0,0.0,5.6
3769794396,17.3,0.3,17.2
3436113030,28.3,0.0,3.6
1267975119,13.8,0.1,13.2
1119060242,31.0,0.0,2.3
3587961851,20.5,0.1,12.4
1522544871,17.5,0.1,13.0
1299102548,22.2,0.0,14.0
2383136082,21.4,0.0,4.6
1024685186,29.4,0.0,7.7
2043743465,20.1,0.3,7.4
1648582734,21.9,0.0,8.5
2015219010,23.0,0.0,3.3
956669895,22.8,0.0,8.3
1476687062,18.9,1.9,22.1
3048116369,23.3,0.0,9.1
558795870,22.3,0.0,10.7
1590432647,17.8,0.0,22.6
2273024923,18.4,0.0,6.3
122130799,20.5,0.0,7.2
3932527523,22.1,0.0,7.3
388692618,17.0,0.1,9.1
2549704657,28.9,0.0,12.0
2157563718,16.6,10.6,13.3
682500350,17.7,0.0,9.8
3985129472,12.0,0.1,21.7
883081301,17.7,0.0,9.8
2549383194,22.9,0.2,1.1
4030763492,15.5,0.0,8.6
983641880,21.2,0.0,6.6
1871310679,16.9,0.0,13.2
2441211676,16.5,0.2,3.6
2896247510,16.9,0.0,13.2
3565630341,26.1,0.0,3.8
3592252540,14.6,0.0,13.1
457185075,22.9,0.0,4.1
4171015850,23.1,0.0,4.3
2446142419,17.1,0.0,9.2
2200869099,21.4,0.0,12.8
1052404099,16.8,0.0,11.0
689922896,19.9,0.0,7.2
3452588927,14.0,0.0,4.8
2923569179,15.6,0.0,4.2
3617493183,17.8,0.0,6.7
4023755362,12.9,0.0,5.3
2188157850,19.4,0.0,10.6
2117500772,20.3,0.0,4.8
1887422755,17.0,0.0,14.9
1964024282,14.3,0.0,18.5
2804546483,7.9,0.0,10.0
398930401,14.0,0.0,11.4
1497484,7.3,0.0,13.8
2625814785,14.8,0.0,7.1
2326059645,15.2,0.0,9.3
2932093242,14.3,0.0,4.1
3333545825,12.8,0.0,10.1
3802682598,20.1,0.0,10.9
221602648,18.6,0.0,21.8
1338062511,11.6,0.0,2.9
1468620836,16.6,0.0,16.5
1589650983,16.6,0.0,9.8
3688853598,18.0,0.0,7.3
516479302,9.9,0.0,5.6
2576920749,11.9,0.0,5.0
3606764040,14.5,0.0,5.5
1835337600,14.2,0.0,10.8
564695827,14.7,0.0,9.6
1443990438,9.2,0.0,2.4
1873516221,15.4,0.0,8.1
3551204189,10.9,0.2,5.7
2311566555,15.0,0.0,7.9
3816186052,22.8,0.0,6.0
2682136462,15.5,0.0,19.5
1802175618,15.6,0.0,2.2
3271454428,16.4,0.0,4.4
3296648939,22.3,0.0,7.3
66537426,23.2,0.0,9.3
1063606461,18.6,0.0,10.1
3090265590,12.4,0.0,7.9
285947964,12.7,0.0,9.6
1784920626,16.1,0.0,13.9
97225861,13.0,0.0,6.0
1025006603,17.6,0.0,13.1
366892165,16.8,0.0,12.7
2363335436,13.3,0.0,6.1
2187457238,17.8,0.0,13.9
3555126786,15.7,0.0,3.5
162417586,9.8,0.0,10.8
3248853706,10.3,0.0,3.4
2126287560,15.1,0.0,4.8
3707650423,12.6,0.0,10.9
264547504,16.0,0.0,4.5
2730213592,12.0,0.0,16.2
395775533,9.9,0.1,8.0
1013592223,15.3,0.0,20.5
2692138496,14.0,0.0,14.1
4089757680,13.6,0.0,11.6
2839251582,10.3,0.5,8.1
2721127322,9.4,2.8,5.0
2680382373,9.1,0.0,7.3
2926125486,17.1,0.0,10.4
1066842254,6.8,0.0,12.1
2093849033,16.0,0.0,2.3
3609597799,11.2,0.0,10.7
803265086,13.3,1.4,20.5
3481955031,11.2,0.0,3.7
3267480494,1.5,0.0,20.5
3669561845,10.2,0.0,18.3
550566907,4.6,0.0,12.3
1105163126,12.2,0.0,17.2
2437447494,10.0,0.0,14.3
3412915025,14.8,0.0,6.6
1432372704,11.4,0.0,3.3
1708841182,15.2,0.0,14.5
3877270442,8.1,0.0,3.2
251404438,14.9,0.0,5.5
3703201032,13.4,0.0,2.5
3004676300,13.5,0.0,2.5
3705031818,4.6,0.1,7.0
1910348849,12.5,1.8,13.0
2587789854,6.4,0.5,5.5
2850984856,11.3,0.0,6.4
829445613,7.5,0.0,10.1
3099661512,7.3,0.0,9.2
593551051,12.8,0.0,10.0
1879875108,12.8,0.2,9.6
1657354734,14.9,0.0,17.1
2713462244,15.9,0.0,17.2
869870316,6.1,0.0,19.4
4078350604,11.5,0.0,30.7
3992039999,10.6,0.0,8.3
890946224,11.7,0.0,26.7
1930181438,10.3,0.2,24.4
1461676602,12.7,0.0,19.0
4093602261,8.9,2.1,5.8
2651255660,10.3,0.0,22.9
4207451242,13.4,0.0,7.9
4157900971,15.7,0.0,14.0
3734873567,11.3,0.0,24.2
715115705,6.6,0.1,7.9
379816579,16.5,0.0,31.7
1351099644,16.6,0.0,35.3
2840930189,8.1,0.0,10.6
3454643443,16.1,0.1,20.2
296153341,8.7,0.0,11.1
1168463092,13.8,0.0,12.0
487203619,16.0,0.0,22.2
581690830,9.7,2.6,18.4
3663949131,14.5,0.0,18.3
3036627698,15.2,0.0,16.7
1663995280,9.4,0.1,22.0
681958865,12.0,0.1,18.0
2153450303,13.2,0.0,14.3
687862625,9.3,0.0,18.5
113125591,17.9,0.0,20.7
2363710138,17.9,0.0,3.7
4125822523,17.1,0.0,28.6
3752026474,17.6,0.1,11.8
3535361314,9.3,0.0,19.4
832379990,14.5,0.0,16.6
175822598,9.1,0.0,18.4
2659365116,14.0,0.0,16.6
3964495500,12.2,0.0,16.6
2790745333,17.7,0.0,17.4
4056696474,13.7,0.0,19.0
556573226,19.3,0.0,2.8
2454254778,22.0,0.0,17.3
1485166748,14.2,0.0,9.6
2522997134,15.1,0.0,8.1
171578882,19.3,0.0,5.1
4277513538,13.9,0.0,4.0
3016709763,14.8,0.0,2.4
2622830713,15.8,0.0,1.0
3325565139,17.7,0.0,10.0
3982178007,17.2,0.0,7.5
1555250523,18.0,0.0,7.8
1910084913,15.8,0.0,2.9
4158127238,15.8,0.0,10.9
3668345608,15.4,0.0,11.4
3655965007,14.2,0.3,11.5
3623045985,17.4,0.0,11.5
1903522280,11.5,0.0,8.5
3896495769,16.4,0.0,10.2
1964389261,15.3,0.0,9.8
1406055045,19.7,0.0,13.3
1441381334,16.7,0.0,8.7
2897333052,14.0,0.0,5.8
649383117,16.5,0.0,8.4
1203598873,13.7,0.0,27.7
2282564361,13.7,0.1,8.1
3009286797,12.6,0.3,13.1
3695639901,9.0,0.5,9.3
1534149929,13.8,0.0,10.7
1646654545,13.0,1.1,10.4
845394212,11.7,0.1,0.4
2708009561,16.7,0.2,5.0
1052014338,14.8,0.0,6.0
1393449920,14.8,2.3,11.7
2580421476,16.7,0.0,20.7
491204260,7.3,1.1,10.1
910512355,12.5,0.0,22.0
546771276,8.3,1.4,18.2
1026830457,12.5,0.0,22.0
1980099679,13.9,0.0,28.0
2359338905,16.3,0.0,5.3
1765425625,19.1,0.0,5.7
2422457348,11.0,0.2,17.5
1533609745,16.3,0.0,1.3
3876113979,15.3,0.0,11.7
4141578634,13.6,0.0,5.8
2523647793,15.5,0.0,15.2
3698271154,15.1,0.0,7.1
1648519390,14.5,0.0,6.1
2464063710,19.0,0.0,2.1
2137715912,16.1,0.0,16.5
2366523699,19.6,0.0,5.2
1440316107,16.3,0.0,16.8
4009911804,16.4,0.0,6.9
3911373281,20.9,0.0,13.0
1255484996,23.0,0.0,5.0
3165612800,19.8,0.0,11.2
125206432,25.7,0.0,7.4
257739723,22.5,0.0,3.6
3917016898,25.0,0.0,3.7
181081087,21.4,0.0,11.0
1524431273,17.4,0.0,4.6
159537097,22.6,0.0,2.7
2331503162,23.7,0.0,9.4
2919197186,27.3,0.0,9.0
1291770526,12.6,0.9,24.3
2512106049,25.8,0.0,8.4
3631733855,22.3,0.0,13.8
1826236989,21.2,0.0,4.2
3620590737,7.0,0.0,20.0
4209274503,15.4,1.9,14.7
1142860274,14.0,0.3,17.0
335963168,13.1,0.0,13.2
1434920409,19.1,0.0,5.5
341949104,29.7,0.0,4.6
1473716478,24.8,0.0,9.1
3213915087,23.5,0.0,6.2
2689738174,26.4,0.0,5.2
2169380705,25.1,0.0,11.4
4028442796,18.9,0.0,16.0
3265841199,19.8,0.0,12.7
1157654508,20.0,0.0,22.1
1838001938,25.5,0.0,6.5
2388020160,19.3,0.0,6.8
1798918745,22.1,0.0,3.8
447552367,19.0,0.0,12.1
1920178860,22.5,0.0,6.4
3442007227,20.2,0.0,11.8
3057548104,22.4,0.0,5.6
1489956489,24.9,0.0,6.3
3393584680,16.6,1.3,7.7
4224767533,21.2,0.0,11.4
1827208541,23.5,0.0,12.7
2192903884,21.8,0.0,11.1
1964029470,20.3,0.0,12.9
3545141735,19.0,0.3,15.3
629154866,20.2,0.0,12.2
348766574,16.3,0.0,20.6
2946016559,16.3,0.7,15.3
1363002139,16.9,0.3,13.5
2454884982,18.9,0.1,16.5
39294269,23.5,0.2,15.0
3317696520,18.7,0.7,14.0
3873551588,23.0,0.0,12.4
2592359802,19.5,0.1,11.1
101923135,18.7,0.1,3.9
4169254901,17.9,0.2,23.3
1897202993,15.1,0.4,6.9
3357549540,21.2,0.0,5.0
990833841,22.2,0.0,14.4
1414801124,17.9,0.1,11.8
3089224891,13.9,1.8,3.0
4159793327,21.2,0.2,17.0
916963369,16.7,0.1,14.3
2370152042,15.2,4.2,5.6
2027881369,21.3,0.2,14.4
764309790,14.5,0.8,14.9
915269779,18.2,0.1,10.2
2415963441,21.5,0.1,15.4
4129283423,13.9,0.0,11.3
2790411679,19.3,0.1,9.9
2123867401,23.4,0.0,14.8
883295569,15.0,0.6,8.4
1285036798,20.4,0.0,12.5
2066543092,16.2,0.2,12.0
2291038652,22.0,0.0,6.6
3964150505,20.6,0.6,9.5
1997659983,21.5,0.0,13.5
2980266488,16.0,0.1,8.9
3218344522,14.2,0.3,7.9
2783852442,25.1,0.0,15.8
652719049,15.6,0.2,13.6
325641115,22.0,0.0,6.6
2385957533,19.8,0.2,9.4
1110447355,26.1,0.0,8.4
3884855529,34.7,0.0,5.8
45658657,28.7,0.0,8.3
1153088422,24.8,0.0,11.5
3598302373,30.6,0.0,9.3
1543283423,27.9,0.0,7.2
2707846671,28.2,0.0,6.7
2801575675,30.7,0.0,8.0
3674567957,27.5,0.0,12.2
4068734956,29.1,0.0,12.7
1659873306,15.6,1.0,4.6
1011791835,16.3,0.0,18.4
1705054235,26.2,0.0,13.4
777936354,19.2,0.0,6.6
3961855701,15.7,1.3,16.5
1210098040,18.8,0.0,10.2
3270563066,23.3,0.1,27.1
2674863525,21.1,0.0,8.8
1506870571,23.6,0.0,8.1
518350455,22.4,0.2,24.2
3641884838,21.1,0.0,5.6
2607515545,23.2,0.1,4.6
2619281638,17.4,0.0,11.8
3812447080,12.5,1.2,17.4
3301534162,25.0,0.0,24.0
1195185387,18.2,0.2,5.7
4230788628,14.1,0.1,15.4
2021128181,12.7,0.8,23.6
1647504303,19.1,0.2,9.3
97533385,13.5,0.0,26.9
1174400305,15.1,0.0,22.7
1437433329,11.7,2.6,14.4
1921126321,16.3,0.0,11.5
227233851,22.2,0.0,3.8
1419675071,21.2,0.1,3.9
1984415615,14.6,0.1,14.9
687772421,21.8,0.0,15.8
425324781,16.1,0.0,8.1
7163834,20.5,0.1,8.6
809222665,15.3,0.1,19.8
2123338663,20.9,0.0,3.2
2774335199,14.3,0.0,16.4
2389114826,16.4,1.8,5.4
3071173086,21.6,0.0,7.8
2677900541,14.4,0.1,17.9
3743962615,14.2,0.0,3.0
225135499,19.5,0.2,9.6
1714269783,13.0,0.0,6.6
2794635410,12.8,0.0,4.7
4104923743,11.4,0.0,10.9
464391929,18.0,0.0,4.8
1729720466,11.1,0.0,6.5
3098733558,9.5,0.0,7.7
621664093,11.3,0.0,4.4
683019312,11.9,0.0,1.7
1639021681,11.1,0.0,9.3
872486438,12.7,0.0,4.0
3239345648,10.2,0.0,11.9
509487209,17.8,0.0,6.3
268497764,8.5,0.0,2.4
1539774259,7.8,0.1,6.8
3775898530,11.4,0.0,10.9
4238907685,15.8,0.0,7.7
2964102717,5.4,0.0,11.4
3627976518,11.2,0.0,7.6
389444315,6.6,0.0,9.8
2391085408,3.8,0.0,3.0
3583774653,9.9,0.0,12.8
143567173,8.1,0.0,11.4
3915289372,2.3,0.0,13.9
4173084463,8.1,0.0,6.5
2212593193,6.1,0.0,12.9
3613008850,7.4,0.0,5.6
2052470019,4.7,0.0,11.2
312529726,3.7,0.0,8.3
1289332386,3.1,0.0,6.6
687307273,9.5,0.0,3.6
2272719902,6.7,0.0,11.1
3259501661,10.9,0.0,2.7
4195366694,11.7,0.0,7.0
552716505,5.2,0.0,3.0
920550516,4.9,0.0,5.6
2238104623,8.7,0.0,25.1
3006615045,6.2,0.8,14.4
2467756860,-0.9,0.0,5.8
1699657719,10.7,0.1,17.4
3051838809,8.5,0.0,17.3
290651950,4.3,0.0,2.4
2202739377,9.3,0.1,12.7
2947435752,6.3,0.5,24.2
1369419519,5.2,0.1,20.0
2605532925,13.5,0.0,4.5
471976543,10.0,0.0,27.5
4117396510,1.7,0.5,3.2
959894208,1.7,0.1,9.6
599592257,0.8,0.3,7.4
4234320499,14.1,0.0,9.8
18098204,9.3,0.0,1.2
3269407615,5.1,0.0,15.6
1944083806,2.0,0.0,3.8
1362246195,9.8,0.0,1.8
3334474829,4.0,0.0,5.2
2528836453,11.0,1.6,26.7
1960340712,10.3,0.0,2.0
4047001989,11.1,0.0,2.7
2136436980,16.9,0.0,8.6
818748692,3.5,0.1,21.7
876390624,11.9,0.0,4.3
1028315657,3.8,0.0,3.4
3304299114,11.4,0.0,7.8
1503197938,2.0,0.5,16.4
1619912134,9.4,0.1,12.7
1403626234,11.4,0.0,17.3
806048202,16.5,0.0,8.4
1134719641,14.6,0.0,5.8
327158640,16.8,0.0,4.4
3141832252,12.2,0.0,10.1
160793557,15.6,0.0,15.2
4170910526,9.7,0.0,24.7
3904378250,14.3,0.0,5.2
2315013451,9.9,1.3,15.4
1472956487,12.3,0.0,27.9
3927136046,11.0,0.2,35.6
1872129876,16.0,0.0,4.2
2110320635,11.1,0.0,25.4
4239779852,25.9,0.0,9.1
2301152286,15.1,0.0,8.2
1399251744,26.5,0.0,6.1
123557060,20.9,0.0,9.6
842852317,13.2,1.4,24.1
564620508,17.9,0.0,7.2
4193805077,24.6,0.0,6.8
624340247,22.5,0.0,2.9
1715840572,17.7,0.0,22.8
2711021115,21.4,0.0,14.3
3519311031,18.2,0.2,13.8
3516866460,15.6,0.0,2.4
1298422796,21.6,0.0,11.9
1517432467,13.8,0.4,11.5
4075825684,20.8,0.0,4.8
3088882018,25.0,0.2,22.9
3588746841,16.5,2.2,18.3
1959805702,18.2,0.6,12.2
2844817892,14.9,0.5,19.6
150201577,21.1,0.5,24.0
4004372391,16.8,0.3,16.3
761782951,13.4,0.1,15.1
3753029801,14.3,0.0,16.7
2144609051,18.7,0.0,12.8
1554385438,20.5,2.2,5.4
3532880185,14.8,0.0,10.0
1285704769,13.8,0.0,16.6
1904535730,16.6,0.0,15.9
2175285907,18.9,0.0,14.7
440961959,23.5,0.0,18.2
4084783529,7.3,0.0,11.2
211467745,18.7,0.0,7.8
2459491932,11.8,0.0,14.6
2184514433,19.8,0.0,5.6
804329012,7.5,0.0,10.9
2342934782,17.7,0.1,3.3
4133655581,18.2,0.0,10.5
3009636963,4.9,0.0,5.5
1446567768,4.7,0.0,3.2
3267713729,19.3,0.0,5.2
508567277,13.5,0.0,4.5
1197499918,13.1,0.0,6.5
2028488681,3.1,0.0,7.5
3587899016,0.6,0.0,2.5
600443595,12.4,0.0,5.2
3081520858,2.0,0.0,3.4
3985823335,5.0,0.0,11.6
695984135,2.5,0.0,7.0
4209942142,7.4,0.4,18.9
1549375146,14.6,0.0,12.4
4009480386,4.2,0.0,21.3
1588725863,13.3,0.3,0.4
3393638019,10.5,0.0,10.8
1130111472,14.8,0.0,29.1
3616789591,9.9,0.1,8.4
3538443734,12.8,0.3,28.3
2042462629,11.4,0.0,7.9
1388151494,12.9,0.1,9.2
4111120528,12.2,0.1,12.9
165783178,11.4,2.5,23.2
1188525092,17.5,0.0,6.3
2781446108,16.5,0.0,2.1
231675415,12.3,0.0,18.8
2630757667,19.7,0.0,4.7
1038180688,8.6,0.0,18.0
1159106172,6.7,0.5,14.6
3333725100,15.7,0.0,14.2
3278485865,6.9,0.1,20.8
3450316351,12.9,0.0,12.3
3347105427,9.3,0.0,18.4
1831025299,21.0,0.0,10.2
2626262412,22.0,0.0,5.1
2493740854,26.1,0.0,5.8
270940545,19.7,0.0,13.3
3189559907,12.9,0.2,14.4
937502292,24.1,0.0,12.8
3803146942,25.1,0.0,3.8
2270614773,17.1,0.0,10.2
3530745032,23.0,0.0,9.1
2051269307,10.1,0.1,15.6
4205253870,15.4,0.0,14.5
1092729052,15.3,2.7,14.2
747269982,14.5,0.0,14.0
3311545979,25.4,0.0,8.7
2884402147,11.9,0.0,11.3
4065234062,23.4,0.0,7.0
1481957685,13.4,0.0,11.2
3966157468,4.8,0.0,20.6
2726580453,14.4,0.1,9.6
3839741980,11.6,0.0,9.6
1009616153,6.1,0.0,20.5
2897592242,17.1,0.1,8.8
834496526,10.8,0.0,21.2
289049531,5.2,0.0,20.5
1556410234,16.8,0.0,11.6
734180324,1.7,0.0,9.7
909224965,11.2,0.0,11.1
794782344,8.6,0.0,18.0
2489701773,16.5,0.1,6.7
1860214976,22.1,0.1,8.1
585102520,24.8,0.0,14.4
2123818521,17.0,0.0,19.9
2704635419,24.5,0.0,2.8
3307879467,20.6,0.0,15.7
4078172140,16.8,0.0,6.2
2321123191,33.4,0.0,5.6
404102155,24.0,0.0,5.6
2532139421,28.4,0.0,5.4
2186407371,18.2,0.0,18.1
2813219915,32.8,0.0,8.9
2423925848,20.1,0.0,20.4
3639134098,21.0,0.0,11.8
24188141,17.0,0.0,13.3
774969013,19.1,0.0,19.4
2338825576,20.9,0.1,20.0
1032414140,23.3,0.0,10.3
370540754,18.2,0.1,3.3
990524032,22.7,0.0,5.9
437591820,20.6,0.0,8.7
1576510014,18.2,0.0,2.7
1646882971,19.6,0.0,3.1
3547146173,15.5,0.0,7.3
435113190,21.7,0.1,14.2
865398176,20.4,0.0,1.8
102681467,16.1,0.0,3.9
2258422205,17.2,0.0,8.1
3377468480,24.3,0.0,13.4
2789217762,20.5,0.6,10.1
1134750588,25.0,0.0,15.6
1774812101,15.4,0.0,18.6
2726464201,28.5,0.0,6.7
2055721817,15.1,0.0,15.6
89006686,13.9,0.1,12.6
1798184765,25.2,0.0,19.0
954744638,15.3,0.3,12.2
3662835154,17.1,0.0,6.1
2409382116,20.3,0.0,10.3
1686146334,15.2,0.0,14.7
537729636,14.6,0.1,8.6
1390522578,21.3,0.0,19.0
751507817,19.0,0.0,17.0
3332005807,16.5,0.0,2.4
1809623824,16.4,0.0,2.7
3723592421,15.4,0.0,13.7
3772097958,15.6,0.0,9.4
3860009542,15.2,0.0,18.5
2955115706,13.7,0.0,2.4
902609578,16.5,0.0,16.1
1838944804,16.8,0.0,15.9
1994572462,16.8,0.0,17.5
3789630252,4.8,0.1,6.9
1204433001,6.0,0.0,7.8
932559705,11.0,0.0,30.4
1427516164,15.2,4.7,39.3
4254489176,6.6,0.0,13.0
2060732375,6.3,0.0,16.4
582664683,8.4,0.1,11.6
779291175,5.3,0.0,10.1
595447113,5.8,0.0,3.5
319454231,10.3,0.0,11.4
1100690295,12.6,0.0,4.5
1570668595,17.0,0.0,9.4
459159237,14.4,0.1,21.3
1969020874,14.7,0.0,5.0
1549684513,11.5,0.0,4.3
696822616,10.3,0.0,2.8
2470706828,18.0,0.0,5.2
512827985,12.7,0.1,17.4
844108595,12.9,0.5,6.2
4212973172,12.4,0.1,9.0
3395276972,9.8,0.0,1.8
872931926,9.9,0.4,7.2
